dataset	plasmid_shorter	plasmid_longer	jaccard	jaccard_bin	weight	AF_shorter	AF_min	ANI_aln	bb_AF_shorter	same_lineage	related_backbone
E3	CP137381.1	NZ_CP133864.1	0.0	[0, 0.01)	55.266666666666666	0.0	0.0		0.0	False	False
E3	NZ_CP133864.1	CP137435.1	0.0	[0, 0.01)	55.266666666666666	0.024218405988551298	0.004726594151300121	99.93483116883118	0.024218405988551298	False	False
E3	NZ_CP137412.1	NZ_CP133864.1	0.0	[0, 0.01)	55.266666666666666	0.0	0.0		0.0	False	False
E3	NZ_CP141859.1	CP141850.1	0.0	[0, 0.01)	55.266666666666666	0.0	0.0		0.0	False	False
E3	NZ_CP141859.1	NZ_CP140294.1	0.0	[0, 0.01)	55.266666666666666	0.0	0.0		0.0	False	False
E3	NZ_CP141859.1	CP133745.1	0.0	[0, 0.01)	55.266666666666666	0.0	0.0		0.0	False	False
E3	NZ_CP141859.1	CP137357.1	0.0	[0, 0.01)	55.266666666666666	0.0	0.0		0.0	False	False
E3	NZ_CP141563.1	NZ_CP137394.1	0.0	[0, 0.01)	55.266666666666666	0.0	0.0		0.0	False	False
E3	CP137384.1	NZ_CP141563.1	0.0	[0, 0.01)	55.266666666666666	0.0	0.0		0.0	False	False
E3	NZ_CP141563.1	CP137358.1	0.0	[0, 0.01)	55.266666666666666	0.0	0.0		0.0	False	False
E3	CP133750.1	NZ_CP133853.1	0.0	[0, 0.01)	55.266666666666666	0.0	0.0		0.0	False	False
E3	CP133750.1	CP141856.1	0.0	[0, 0.01)	55.266666666666666	0.0	0.0		0.0	False	False
E3	CP133750.1	NZ_CP141849.1	0.0	[0, 0.01)	55.266666666666666	0.0	0.0		0.0	False	False
E3	CP133750.1	CP141849.1	0.0	[0, 0.01)	55.266666666666666	0.0	0.0		0.0	False	False
E3	CP133750.1	NZ_CP141561.1	0.0	[0, 0.01)	55.266666666666666	0.0	0.0		0.0	False	False
E3	CP137432.1	CP133750.1	0.0	[0, 0.01)	55.266666666666666	0.21790256779457642	0.18100179604869288	92.29044603524228	0.21790256779457642	False	False
E3	CP133750.1	CP137356.1	0.0	[0, 0.01)	55.266666666666666	0.0	0.0		0.0	False	False
E3	CP137368.1	CP138475.1	0.0	[0, 0.01)	55.266666666666666	0.0	0.0		0.0	False	False
E3	NZ_CP140291.1	CP138475.1	0.0091116173120728	[0, 0.01)	55.266666666666666	0.017132400392507005	0.005771455146015431	99.69	0.017132400392507005	False	False
E3	NZ_CP141856.1	CP140295.1	0.0023094688221709	[0, 0.01)	55.266666666666666	0.03728233005078288	0.022173177607732582	93.47740732132479	0.03728233005078288	False	False
E3	CP137383.1	NZ_CP141856.1	0.0	[0, 0.01)	55.266666666666666	0.035916530913040104	0.012546677433865732	91.06227504317789	0.035916530913040104	False	False
E3	NZ_CP137381.1	NZ_CP141856.1	0.0049751243781094	[0, 0.01)	55.266666666666666	0.045871559633027525	0.013408414674463853	91.76037942122186	0.045871559633027525	False	False
E3	NZ_CP141856.1	NZ_CP141854.1	0.006276150627615	[0, 0.01)	55.266666666666666	0.04839277875031841	0.02592249664032137	95.85756258396776	0.04839277875031841	False	False
E3	CP133861.1	CP133747.1	0.0	[0, 0.01)	55.266666666666666	0.0	0.0		0.0	False	False
E3	CP137367.1	CP133861.1	0.0	[0, 0.01)	55.266666666666666	0.0	0.0		0.0	False	False
E3	CP133861.1	NZ_CP138477.1	0.0	[0, 0.01)	55.266666666666666	0.0	0.0		0.0	False	False
E3	CP133861.1	NZ_CP140291.1	0.0	[0, 0.01)	55.266666666666666	0.0	0.0		0.0	False	False
E3	CP133861.1	NZ_CP141853.1	0.0	[0, 0.01)	55.266666666666666	0.0	0.0		0.0	False	False
E3	CP137365.1	CP133861.1	0.0	[0, 0.01)	55.266666666666666	0.0	0.0		0.0	False	False
E3	NZ_CP141572.1	CP133861.1	0.0	[0, 0.01)	55.266666666666666	0.0	0.0		0.0	False	False
E3	CP137408.1	NZ_CP133746.1	0.0	[0, 0.01)	55.266666666666666	0.12039427364468434	0.0281849536538047	84.688	0.12039427364468434	False	False
E3	NZ_CP133746.1	CP133855.1	0.0	[0, 0.01)	55.266666666666666	0.0	0.0		0.0	False	False
E3	NZ_CP133746.1	CP133853.1	0.0	[0, 0.01)	55.266666666666666	0.0	0.0		0.0	False	False
E3	NZ_CP133746.1	NZ_CP141561.1	0.0	[0, 0.01)	55.266666666666666	0.0	0.0		0.0	False	False
E3	NZ_CP133740.1	NZ_CP133746.1	0.0	[0, 0.01)	55.266666666666666	0.08309373202990224	0.015628368182798016	94.483	0.08309373202990224	False	False
E3	NZ_CP133746.1	NZ_CP140290.1	0.0	[0, 0.01)	55.266666666666666	0.0	0.0		0.0	False	False
E3	NZ_CP133746.1	CP137392.1	0.0	[0, 0.01)	55.266666666666666	0.0	0.0		0.0	False	False
E3	NZ_CP133746.1	NZ_CP141566.1	0.0	[0, 0.01)	55.266666666666666	0.0	0.0		0.0	False	False
E3	NZ_CP133746.1	NZ_CP137393.1	0.0	[0, 0.01)	55.266666666666666	0.0	0.0		0.0	False	False
E3	NZ_CP141541.1	CP137363.1	0.0	[0, 0.01)	55.266666666666666	0.012052163269149287	0.0023376220174773773	98.698	0.012052163269149287	False	False
E3	CP141573.1	NZ_CP137375.1	0.0	[0, 0.01)	55.266666666666666	0.016852560449401612	0.0004501291675002392	100.0	0.016852560449401612	False	False
E3	CP137402.1	NZ_CP137375.1	0.0	[0, 0.01)	55.266666666666666	0.0	0.0		0.0	False	False
E3	NZ_CP137416.1	NZ_CP137375.1	0.0	[0, 0.01)	55.266666666666666	0.0	0.0		0.0	False	False
E3	CP137380.1	NZ_CP133742.1	0.0	[0, 0.01)	55.266666666666666	0.016301940285283954	0.007457544684472905	100.0	0.016301940285283954	False	False
E3	CP137380.1	CP137418.1	0.0	[0, 0.01)	55.266666666666666	0.0	0.0		0.0	False	False
E3	CP137380.1	CP141545.1	0.0	[0, 0.01)	55.266666666666666	0.0	0.0		0.0	False	False
E3	NZ_CP137415.1	CP137380.1	0.0	[0, 0.01)	55.266666666666666	0.0	0.0		0.0	False	False
E3	NZ_CP137421.1	CP137380.1	0.0	[0, 0.01)	55.266666666666666	0.0	0.0		0.0	False	False
E3	NZ_CP137412.1	CP137380.1	0.0	[0, 0.01)	55.266666666666666	0.0	0.0		0.0	False	False
E3	CP137405.1	CP140295.1	0.0	[0, 0.01)	55.266666666666666	0.0	0.0		0.0	False	False
E3	NZ_CP137389.1	CP140295.1	0.0	[0, 0.01)	55.266666666666666	0.0	0.0		0.0	False	False
E3	CP137432.1	NZ_CP140296.1	0.0	[0, 0.01)	55.266666666666666	0.0	0.0		0.0	False	False
E3	NZ_CP137384.1	NZ_CP140296.1	0.0	[0, 0.01)	55.266666666666666	0.0	0.0		0.0	False	False
E3	NZ_CP137390.1	NZ_CP140296.1	0.0	[0, 0.01)	55.266666666666666	0.0	0.0		0.0	False	False
E3	NZ_CP140296.1	CP137429.1	0.0	[0, 0.01)	55.266666666666666	0.0	0.0		0.0	False	False
E3	CP141853.1	CP137370.1	0.0	[0, 0.01)	55.266666666666666	0.0	0.0		0.0	False	False
E3	NZ_CP133747.1	NZ_CP133858.1	0.0	[0, 0.01)	55.266666666666666	0.02106448599326858	0.013820086984265588	99.81755771567437	0.02106448599326858	False	False
E3	NZ_CP137432.1	NZ_CP133858.1	0.0	[0, 0.01)	55.266666666666666	0.0	0.0		0.0	False	False
E3	CP137398.1	CP137408.1	0.0	[0, 0.01)	55.266666666666666	0.0	0.0		0.0	False	False
E3	CP137408.1	NZ_CP137433.1	0.0	[0, 0.01)	55.266666666666666	0.0	0.0		0.0	False	False
E3	NZ_CP137404.1	NZ_CP137364.1	0.0	[0, 0.01)	55.266666666666666	0.0	0.0		0.0	False	False
E3	NZ_CP133747.1	NZ_CP137364.1	0.0	[0, 0.01)	55.266666666666666	0.0	0.0		0.0	False	False
E3	NZ_CP137364.1	CP133853.1	0.0	[0, 0.01)	55.266666666666666	0.0	0.0		0.0	False	False
E3	NZ_CP137364.1	NZ_CP133857.1	0.0049261083743842	[0, 0.01)	55.266666666666666	0.014777932329827857	0.005564934241694302	99.70020083932853	0.014777932329827857	False	False
E3	NZ_CP137364.1	NZ_CP133748.1	0.0	[0, 0.01)	55.266666666666666	0.0	0.0		0.0	False	False
E3	NZ_CP137364.1	NZ_CP141538.1	0.0	[0, 0.01)	55.266666666666666	0.0	0.0		0.0	False	False
E3	CP141567.1	NZ_CP137401.1	0.0	[0, 0.01)	55.266666666666666	0.0	0.0		0.0	False	False
E3	CP137397.1	NZ_CP137401.1	0.0	[0, 0.01)	55.266666666666666	0.15625635808748728	0.016345990124297632	100.0	0.15625635808748728	False	False
E3	CP141556.1	NZ_CP137401.1	0.0	[0, 0.01)	55.266666666666666	0.0	0.0		0.0	False	False
E3	CP137395.1	CP137381.1	0.0	[0, 0.01)	55.266666666666666	0.0	0.0		0.0	False	False
E3	CP137390.1	CP137381.1	0.0	[0, 0.01)	55.266666666666666	0.0	0.0		0.0	False	False
E3	CP137381.1	CP133858.1	0.0054644808743169	[0, 0.01)	55.266666666666666	0.07953536549274934	0.036027942435895285	90.07832377428306	0.07953536549274934	False	False
E3	CP137429.1	CP137381.1	0.0	[0, 0.01)	55.266666666666666	0.0	0.0		0.0	False	False
E3	NZ_CP141552.1	NZ_CP137407.1	0.0	[0, 0.01)	55.266666666666666	0.033707865168539325	0.0015530979427079426	100.0	0.033707865168539325	False	False
E3	NZ_CP133866.1	NZ_CP141853.1	0.0	[0, 0.01)	55.266666666666666	0.0	0.0		0.0	False	False
E3	NZ_CP133866.1	NZ_CP133851.1	0.0	[0, 0.01)	55.266666666666666	0.0	0.0		0.0	False	False
E3	CP133851.1	NZ_CP141544.1	0.0	[0, 0.01)	55.266666666666666	0.053817967676503306	0.03195477767633404	99.81781762917933	0.053817967676503306	False	False
E3	NZ_CP141544.1	CP141561.1	0.0	[0, 0.01)	55.266666666666666	0.021290234853046874	0.0076982778511945965	99.72757220708446	0.021290234853046874	False	False
E3	CP137368.1	NZ_CP137374.1	0.0	[0, 0.01)	55.266666666666666	0.0	0.0		0.0	False	False
E3	CP141860.1	CP141558.1	0.0	[0, 0.01)	55.266666666666666	0.0	0.0		0.0	False	False
E3	NZ_CP140291.1	CP141558.1	0.0	[0, 0.01)	55.266666666666666	0.0	0.0		0.0	False	False
E3	NZ_CP137367.1	CP141558.1	0.0	[0, 0.01)	55.266666666666666	0.0	0.0		0.0	False	False
E3	NZ_CP141552.1	NZ_CP137371.1	0.0	[0, 0.01)	55.266666666666666	0.0	0.0		0.0	False	False
E3	NZ_CP133850.1	NZ_CP141552.1	0.0	[0, 0.01)	55.266666666666666	0.0	0.0		0.0	False	False
E3	NZ_CP141552.1	CP137357.1	0.0	[0, 0.01)	55.266666666666666	0.0	0.0		0.0	False	False
E3	NZ_CP141567.1	CP137433.1	0.0	[0, 0.01)	55.266666666666666	0.0	0.0		0.0	False	False
E3	NZ_CP141567.1	CP137431.1	0.0	[0, 0.01)	55.266666666666666	0.0	0.0		0.0	False	False
E3	NZ_CP141567.1	CP137364.1	0.0	[0, 0.01)	55.266666666666666	0.0	0.0		0.0	False	False
E3	NZ_CP137416.1	NZ_CP141567.1	0.0	[0, 0.01)	55.266666666666666	0.0	0.0		0.0	False	False
E3	NZ_CP137429.1	NZ_CP137404.1	0.0	[0, 0.01)	55.266666666666666	0.0	0.0		0.0	False	False
E3	NZ_CP137429.1	NZ_CP133857.1	0.0	[0, 0.01)	55.266666666666666	0.0	0.0		0.0	False	False
E3	CP133740.1	NZ_CP137429.1	0.0	[0, 0.01)	55.266666666666666	0.0	0.0		0.0	False	False
E3	NZ_CP137429.1	CP141540.1	0.0	[0, 0.01)	55.266666666666666	0.0	0.0		0.0	False	False
E3	NZ_CP137432.1	NZ_CP137429.1	0.0	[0, 0.01)	55.266666666666666	0.0	0.0		0.0	False	False
E3	NZ_CP133874.1	CP137355.1	0.0	[0, 0.01)	55.266666666666666	0.0	0.0		0.0	False	False
E3	NZ_CP141850.1	CP137355.1	0.0	[0, 0.01)	55.266666666666666	0.05197797450473493	0.045220572849721107	92.38674828767125	0.05197797450473493	False	False
E3	NZ_CP137412.1	CP137355.1	0.0	[0, 0.01)	55.266666666666666	0.0	0.0		0.0	False	False
E3	CP137369.1	CP137355.1	0.0	[0, 0.01)	55.266666666666666	0.0	0.0		0.0	False	False
E3	CP137419.1	NZ_CP137371.1	0.0	[0, 0.01)	55.266666666666666	0.0	0.0		0.0	False	False
E3	CP137419.1	NZ_CP133845.1	0.0	[0, 0.01)	55.266666666666666	0.016853932584269662	0.0009038354058963253	100.0	0.016853932584269662	False	False
E3	CP137419.1	NZ_CP141558.1	0.0	[0, 0.01)	55.266666666666666	0.0	0.0		0.0	False	False
E3	CP137419.1	NZ_CP133851.1	0.0	[0, 0.01)	55.266666666666666	0.0	0.0		0.0	False	False
E3	NZ_CP133740.1	CP137419.1	0.0	[0, 0.01)	55.266666666666666	0.0	0.0		0.0	False	False
E3	NZ_CP137390.1	CP137419.1	0.0	[0, 0.01)	55.266666666666666	0.0	0.0		0.0	False	False
E3	NZ_CP137395.1	CP137360.1	0.0	[0, 0.01)	55.266666666666666	0.0	0.0		0.0	False	False
E3	CP133741.1	CP137360.1	0.0078947368421052	[0, 0.01)	55.266666666666666	0.08941644207427796	0.013661575294107392	96.72622215136055	0.08941644207427796	False	False
E3	NZ_CP137409.1	CP137421.1	0.0	[0, 0.01)	55.266666666666666	0.0	0.0		0.0	False	False
E3	CP137421.1	NZ_CP137415.1	0.0	[0, 0.01)	55.266666666666666	0.0	0.0		0.0	False	False
E3	NZ_CP137419.1	CP137421.1	0.0	[0, 0.01)	55.266666666666666	0.0	0.0		0.0	False	False
E3	CP137421.1	NZ_CP141566.1	0.0	[0, 0.01)	55.266666666666666	0.0	0.0		0.0	False	False
E3	NZ_CP133865.1	CP141857.1	0.0	[0, 0.01)	55.266666666666666	0.0	0.0		0.0	False	False
E3	CP133855.1	CP137433.1	0.0	[0, 0.01)	55.266666666666666	0.0	0.0		0.0	False	False
E3	CP141855.1	CP133855.1	0.0	[0, 0.01)	55.266666666666666	0.0	0.0		0.0	False	False
E3	CP133855.1	CP137428.1	0.0	[0, 0.01)	55.266666666666666	0.0	0.0		0.0	False	False
E3	CP137414.1	CP133855.1	0.0	[0, 0.01)	55.266666666666666	0.05207475095498464	0.028930068249041065	86.23401747503566	0.05207475095498464	False	False
E3	NZ_CP137395.1	CP133855.1	0.0	[0, 0.01)	55.266666666666666	0.0	0.0		0.0	False	False
E3	CP137430.1	CP133855.1	0.0	[0, 0.01)	55.266666666666666	0.0	0.0		0.0	False	False
E3	NZ_CP137361.1	CP133855.1	0.0	[0, 0.01)	55.266666666666666	0.0	0.0		0.0	False	False
E3	NZ_CP137416.1	NZ_CP137424.1	0.0	[0, 0.01)	55.266666666666666	0.0	0.0		0.0	False	False
E3	NZ_CP133849.1	NZ_CP137424.1	0.0	[0, 0.01)	55.266666666666666	0.012078130406064229	0.00233763624797207	98.698	0.012078130406064229	False	False
E3	NZ_CP141549.1	NZ_CP137410.1	0.0	[0, 0.01)	55.266666666666666	0.0	0.0		0.0	False	False
E3	NZ_CP138473.1	CP137353.1	0.0	[0, 0.01)	55.266666666666666	0.0	0.0		0.0	False	False
E3	NZ_CP138473.1	NZ_CP137382.1	0.0	[0, 0.01)	55.266666666666666	0.0	0.0		0.0	False	False
E3	NZ_CP138473.1	NZ_CP133846.1	0.0	[0, 0.01)	55.266666666666666	0.0	0.0		0.0	False	False
E3	NZ_CP138473.1	CP133866.1	0.0	[0, 0.01)	55.266666666666666	0.08435325173986082	0.07370184254606366	96.16507528409092	0.08435325173986082	False	False
E3	NZ_CP138473.1	NZ_CP137363.1	0.0	[0, 0.01)	55.266666666666666	0.0	0.0		0.0	False	False
E3	NZ_CP138473.1	CP137399.1	0.0	[0, 0.01)	55.266666666666666	0.0	0.0		0.0	False	False
E3	NZ_CP138473.1	CP137375.1	0.0	[0, 0.01)	55.266666666666666	0.0	0.0		0.0	False	False
E3	CP141573.1	NZ_CP137370.1	0.0	[0, 0.01)	55.266666666666666	0.016852560449401612	0.0012814798306217963	100.0	0.016852560449401612	False	False
E3	CP141573.1	CP133853.1	0.0	[0, 0.01)	55.266666666666666	0.016852560449401612	0.0014587635041331632	100.0	0.016852560449401612	False	False
E3	CP141573.1	CP137393.1	0.0	[0, 0.01)	55.266666666666666	0.0	0.0		0.0	False	False
E3	CP137384.1	CP141573.1	0.0	[0, 0.01)	55.266666666666666	0.0	0.0		0.0	False	False
E3	CP141573.1	CP137371.1	0.0	[0, 0.01)	55.266666666666666	0.0	0.0		0.0	False	False
E3	CP141573.1	NZ_CP137365.1	0.0	[0, 0.01)	55.266666666666666	0.016852560449401612	0.003828866322623606	100.0	0.016852560449401612	False	False
E3	CP141573.1	CP140294.1	0.0	[0, 0.01)	55.266666666666666	0.0	0.0		0.0	False	False
E3	CP141573.1	NZ_CP133862.1	0.0	[0, 0.01)	55.266666666666666	0.0	0.0		0.0	False	False
E3	CP141573.1	NZ_CP137413.1	0.0	[0, 0.01)	55.266666666666666	0.0	0.0		0.0	False	False
E3	NZ_CP137397.1	NZ_CP133853.1	0.0	[0, 0.01)	55.266666666666666	0.1574771108850458	0.0054474598487678026	87.484	0.1574771108850458	False	False
E3	CP141859.1	NZ_CP133853.1	0.0	[0, 0.01)	55.266666666666666	0.0	0.0		0.0	False	False
E3	CP141849.1	CP141856.1	0.0047169811320754	[0, 0.01)	55.266666666666666	0.021495966522935925	0.007327476410620505	96.52625868440502	0.021495966522935925	False	False
E3	NZ_CP137402.1	CP141856.1	0.0	[0, 0.01)	55.266666666666666	0.0	0.0		0.0	False	False
E3	CP137384.1	CP141856.1	0.0	[0, 0.01)	55.266666666666666	0.0	0.0		0.0	False	False
E3	CP141856.1	NZ_CP137372.1	0.0041666666666666	[0, 0.01)	55.266666666666666	0.04762317693796034	0.024914038205871764	93.8374934621944	0.04762317693796034	False	False
E3	NZ_CP137384.1	CP141856.1	0.0	[0, 0.01)	55.266666666666666	0.0	0.0		0.0	False	False
E3	NZ_CP137380.1	CP141856.1	0.0076045627376425	[0, 0.01)	55.266666666666666	0.004757685833259502	0.002910395586171014	97.579	0.004757685833259502	False	False
E3	NZ_CP141573.1	NZ_CP137399.1	0.0	[0, 0.01)	55.266666666666666	0.0	0.0		0.0	False	False
E3	NZ_CP133873.1	NZ_CP137399.1	0.0	[0, 0.01)	55.266666666666666	0.0	0.0		0.0	False	False
E3	NZ_CP133750.1	NZ_CP137399.1	0.0	[0, 0.01)	55.266666666666666	0.0	0.0		0.0	False	False
E3	NZ_CP137383.1	NZ_CP137399.1	0.0	[0, 0.01)	55.266666666666666	0.0	0.0		0.0	False	False
E3	NZ_CP137422.1	NZ_CP137399.1	0.0	[0, 0.01)	55.266666666666666	0.0	0.0		0.0	False	False
E3	NZ_CP133869.1	NZ_CP137404.1	0.0	[0, 0.01)	55.266666666666666	0.0	0.0		0.0	False	False
E3	NZ_CP133865.1	NZ_CP137404.1	0.0	[0, 0.01)	55.266666666666666	0.0	0.0		0.0	False	False
E3	NZ_CP133851.1	NZ_CP137404.1	0.0091743119266055	[0, 0.01)	55.266666666666666	0.1274618857554145	0.042308450735084685	94.27394657464212	0.1274618857554145	False	False
E3	NZ_CP141577.1	CP137362.1	0.0	[0, 0.01)	55.266666666666666	0.0	0.0		0.0	False	False
E3	CP137362.1	NZ_CP141558.1	0.008	[0, 0.01)	55.266666666666666	0.07534246575342465	0.013531120219320866	99.76614705882353	0.07534246575342465	False	False
E3	CP137362.1	NZ_CP137358.1	0.0	[0, 0.01)	55.266666666666666	0.0	0.0		0.0	False	False
E3	CP137402.1	NZ_CP137418.1	0.0	[0, 0.01)	55.266666666666666	0.0	0.0		0.0	False	False
E3	CP137432.1	NZ_CP137418.1	0.0	[0, 0.01)	55.266666666666666	0.0	0.0		0.0	False	False
E3	CP137394.1	NZ_CP137418.1	0.0	[0, 0.01)	55.266666666666666	0.0	0.0		0.0	False	False
E3	CP141855.1	NZ_CP141849.1	0.0	[0, 0.01)	55.266666666666666	0.0	0.0		0.0	False	False
E3	NZ_CP141849.1	NZ_CP137386.1	0.0052493438320209	[0, 0.01)	55.266666666666666	0.07091600502792407	0.013685470505186913	97.04110580587313	0.07091600502792407	False	False
E3	NZ_CP141849.1	CP141538.1	0.0072463768115942	[0, 0.01)	55.266666666666666	0.09979474613756782	0.017359955629506377	95.60373908888182	0.09979474613756782	False	False
E3	CP137361.1	NZ_CP137402.1	0.0	[0, 0.01)	55.266666666666666	0.08447324214062875	0.04343534057255676	94.05100000000002	0.08447324214062875	False	False
E3	CP137361.1	NZ_CP137415.1	0.0	[0, 0.01)	55.266666666666666	0.0	0.0		0.0	False	False
E3	CP137361.1	NZ_CP141556.1	0.0	[0, 0.01)	55.266666666666666	0.08471322294216463	0.050241958440079705	96.88400000000001	0.08471322294216463	False	False
E3	CP137361.1	NZ_CP141860.1	0.0	[0, 0.01)	55.266666666666666	0.0	0.0		0.0	False	False
E3	CP140296.1	NZ_CP141555.1	0.0	[0, 0.01)	55.266666666666666	0.016853932584269662	0.0008389737770032019	100.0	0.016853932584269662	False	False
E3	CP137398.1	CP140296.1	0.0	[0, 0.01)	55.266666666666666	0.0	0.0		0.0	False	False
E3	CP140296.1	CP137386.1	0.0	[0, 0.01)	55.266666666666666	0.016853932584269662	0.0006353201154011417	100.0	0.016853932584269662	False	False
E3	CP140296.1	NZ_CP141561.1	0.0	[0, 0.01)	55.266666666666666	0.013108614232209739	0.001125724554080227	98.137	0.013108614232209739	False	False
E3	CP133747.1	CP137353.1	0.0	[0, 0.01)	55.266666666666666	0.0	0.0		0.0	False	False
E3	CP133747.1	NZ_CP137376.1	0.0	[0, 0.01)	55.266666666666666	0.020335035384753203	0.010269037140438293	98.17477029578353	0.020335035384753203	False	False
E3	CP133747.1	NZ_CP141858.1	0.0	[0, 0.01)	55.266666666666666	0.030931265276871296	0.014567524726218532	97.5589602813405	0.030931265276871296	False	False
E3	NZ_CP133747.1	NZ_CP140291.1	0.0	[0, 0.01)	55.266666666666666	0.0	0.0		0.0	False	False
E3	NZ_CP133747.1	CP137376.1	0.0	[0, 0.01)	55.266666666666666	0.020335035384753203	0.010269037140438293	98.17477029578353	0.020335035384753203	False	False
E3	CP138476.1	CP133857.1	0.0	[0, 0.01)	55.266666666666666	0.26344643246781585	0.03225193004463958	91.77850216897336	0.26344643246781585	False	False
E3	CP138476.1	NZ_CP137377.1	0.0	[0, 0.01)	55.266666666666666	0.08206960506218634	0.043746917698935336	98.21075281643473	0.08206960506218634	False	False
E3	NZ_CP137390.1	CP138476.1	0.0	[0, 0.01)	55.266666666666666	0.0	0.0		0.0	False	False
E3	CP138476.1	NZ_CP133870.1	0.0	[0, 0.01)	55.266666666666666	0.0	0.0		0.0	False	False
E3	CP138476.1	CP141564.1	0.0	[0, 0.01)	55.266666666666666	0.02081060440759328	0.012487804878048781	94.401	0.02081060440759328	False	False
E3	NZ_CP133874.1	CP137367.1	0.0	[0, 0.01)	55.266666666666666	0.0742591435908113	0.059177964278028836	83.75	0.0742591435908113	False	False
E3	CP137367.1	NZ_CP141850.1	0.0	[0, 0.01)	55.266666666666666	0.0	0.0		0.0	False	False
E3	CP137367.1	CP133873.1	0.0	[0, 0.01)	55.266666666666666	0.0	0.0		0.0	False	False
E3	NZ_CP133850.1	CP137367.1	0.0	[0, 0.01)	55.266666666666666	0.07621402877697842	0.019743920809124165	78.049	0.07621402877697842	False	False
E3	NZ_CP137397.1	CP140291.1	0.0	[0, 0.01)	55.266666666666666	0.0	0.0		0.0	False	False
E3	CP133746.1	CP140291.1	0.0	[0, 0.01)	55.266666666666666	0.0	0.0		0.0	False	False
E3	NZ_CP137398.1	CP140291.1	0.0	[0, 0.01)	55.266666666666666	0.0	0.0		0.0	False	False
E3	CP140291.1	CP133743.1	0.0063291139240506	[0, 0.01)	55.266666666666666	0.008902129615714424	0.005080987711686777	99.40402085402185	0.008902129615714424	False	False
E3	NZ_CP137397.1	CP141860.1	0.0	[0, 0.01)	55.266666666666666	0.0	0.0		0.0	False	False
E3	NZ_CP137397.1	NZ_CP137376.1	0.0	[0, 0.01)	55.266666666666666	0.15666327568667346	0.004976185398450274	92.987	0.15666327568667346	False	False
E3	NZ_CP137397.1	CP141566.1	0.0	[0, 0.01)	55.266666666666666	0.15645981688708036	0.0031167799488507632	88.31200000000001	0.15645981688708036	False	False
E3	NZ_CP137397.1	CP141538.1	0.0	[0, 0.01)	55.266666666666666	0.15686673448626653	0.0021381031613976705	88.212	0.15686673448626653	False	False
E3	NZ_CP141556.1	NZ_CP141577.1	0.0	[0, 0.01)	55.266666666666666	0.1542840876743524	0.11106337271750806	87.226	0.1542840876743524	False	False
E3	NZ_CP141577.1	CP137365.1	0.0	[0, 0.01)	55.266666666666666	0.0	0.0		0.0	False	False
E3	CP137383.1	NZ_CP133745.1	0.0	[0, 0.01)	55.266666666666666	0.01196183383756109	0.006785538266563402	100.0	0.01196183383756109	False	False
E3	CP137383.1	NZ_CP137400.1	0.0	[0, 0.01)	55.266666666666666	0.02389263827476534	0.004371150407311742	99.41575974025976	0.02389263827476534	False	False
E3	CP137383.1	CP141580.1	0.0	[0, 0.01)	55.266666666666666	0.03583895741214801	0.009350226156315354	95.06959515570934	0.03583895741214801	False	False
E3	CP137383.1	CP138474.1	0.0	[0, 0.01)	55.266666666666666	0.0	0.0		0.0	False	False
E3	CP133746.1	CP137353.1	0.0	[0, 0.01)	55.266666666666666	0.0	0.0		0.0	False	False
E3	CP137353.1	NZ_CP133845.1	0.005813953488372	[0, 0.01)	55.266666666666666	0.019357822919477314	0.010963916445438033	99.96006770211072	0.019357822919477314	False	False
E3	NZ_CP133869.1	CP137353.1	0.0	[0, 0.01)	55.266666666666666	0.0	0.0		0.0	False	False
E3	CP141572.1	CP137353.1	0.0	[0, 0.01)	55.266666666666666	0.0	0.0		0.0	False	False
E3	NZ_CP141556.1	CP137353.1	0.0	[0, 0.01)	55.266666666666666	0.0	0.0		0.0	False	False
E3	CP141541.1	NZ_CP140295.1	0.0	[0, 0.01)	55.266666666666666	0.012052163269149287	0.002477648006443818	99.87	0.012052163269149287	False	False
E3	CP137415.1	CP141541.1	0.0	[0, 0.01)	55.266666666666666	0.03880960227128698	0.024104326538298575	92.77330078124999	0.03880960227128698	False	False
E3	CP137404.1	CP133870.1	0.0	[0, 0.01)	55.266666666666666	0.004173878749370084	0.003973607656309288	78.149	0.004173878749370084	False	False
E3	CP137404.1	NZ_CP137376.1	0.0084033613445378	[0, 0.01)	55.266666666666666	0.10347056374750772	0.061103679145905636	95.85674199344679	0.10347056374750772	False	False
E3	NZ_CP137421.1	CP137404.1	0.0	[0, 0.01)	55.266666666666666	0.00928	0.0012707872307793431	94.828	0.00928	False	False
E3	NZ_CP137368.1	CP137433.1	0.0	[0, 0.01)	55.266666666666666	0.0	0.0		0.0	False	False
E3	CP137433.1	CP133845.1	0.0	[0, 0.01)	55.266666666666666	0.0	0.0		0.0	False	False
E3	NZ_CP141556.1	CP137433.1	0.0	[0, 0.01)	55.266666666666666	0.0	0.0		0.0	False	False
E3	CP141853.1	CP137433.1	0.0	[0, 0.01)	55.266666666666666	0.0	0.0		0.0	False	False
E3	NZ_CP137358.1	CP141576.1	0.0	[0, 0.01)	55.266666666666666	0.0	0.0		0.0	False	False
E3	NZ_CP137381.1	CP141576.1	0.0034482758620689	[0, 0.01)	55.266666666666666	0.03658626812666469	0.00869530709161379	91.67069409389197	0.03658626812666469	False	False
E3	NZ_CP137398.1	CP141576.1	0.0	[0, 0.01)	55.266666666666666	0.0	0.0		0.0	False	False
E3	CP137410.1	CP141576.1	0.0	[0, 0.01)	55.266666666666666	0.0	0.0		0.0	False	False
E3	NZ_CP140294.1	CP137382.1	0.0098522167487684	[0, 0.01)	55.266666666666666	0.04219631584493213	0.01322373123659757	92.11402583276683	0.04219631584493213	False	False
E3	CP133857.1	CP137382.1	0.0083612040133779	[0, 0.01)	55.266666666666666	0.08423468809010656	0.07581645953592302	89.22549777339901	0.08423468809010656	False	False
E3	CP133845.1	CP137382.1	0.0078277886497064	[0, 0.01)	55.266666666666666	0.09750069861673885	0.06703467662976556	95.66612683930407	0.09750069861673885	False	False
E3	CP133865.1	CP137382.1	0.0	[0, 0.01)	55.266666666666666	0.0	0.0		0.0	False	False
E3	CP141849.1	CP137377.1	0.0	[0, 0.01)	55.266666666666666	0.049149548918837216	0.044820283716747414	99.12625113268608	0.049149548918837216	False	False
E3	CP133746.1	CP141849.1	0.0	[0, 0.01)	55.266666666666666	0.0	0.0		0.0	False	False
E3	CP141849.1	NZ_CP137394.1	0.0	[0, 0.01)	55.266666666666666	0.0	0.0		0.0	False	False
E3	NZ_CP137367.1	CP141849.1	0.0	[0, 0.01)	55.266666666666666	0.0	0.0		0.0	False	False
E3	NZ_CP141556.1	CP137431.1	0.0	[0, 0.01)	55.266666666666666	0.0	0.0		0.0	False	False
E3	NZ_CP141564.1	CP141571.1	0.0	[0, 0.01)	55.266666666666666	0.012520325203252032	0.00779013182521777	90.779	0.012520325203252032	False	False
E3	CP141571.1	NZ_CP137353.1	0.0	[0, 0.01)	55.266666666666666	0.0	0.0		0.0	False	False
E3	CP141571.1	NZ_CP133743.1	0.0069204152249134	[0, 0.01)	55.266666666666666	0.025656849751626316	0.01279338158419742	94.11539897999215	0.025656849751626316	False	False
E3	CP141549.1	CP141571.1	0.0	[0, 0.01)	55.266666666666666	0.0	0.0		0.0	False	False
E3	CP137377.1	CP137386.1	0.0	[0, 0.01)	55.266666666666666	0.06647616837341533	0.014062979559265852	92.86792737551642	0.06647616837341533	False	False
E3	CP137377.1	CP141545.1	0.0	[0, 0.01)	55.266666666666666	0.02304835949058629	0.007750878563061304	99.37071365638768	0.02304835949058629	False	False
E3	CP137377.1	CP137352.1	0.0	[0, 0.01)	55.266666666666666	0.06649067331960198	0.0131209399666179	92.86947782608695	0.06649067331960198	False	False
E3	NZ_CP137354.1	CP141850.1	0.0	[0, 0.01)	55.266666666666666	0.0	0.0		0.0	False	False
E3	CP133865.1	CP141850.1	0.0	[0, 0.01)	55.266666666666666	0.0	0.0		0.0	False	False
E3	CP141855.1	CP137429.1	0.0	[0, 0.01)	55.266666666666666	0.11206896551724138	0.058102001291155586	76.727	0.11206896551724138	False	False
E3	NZ_CP141555.1	NZ_CP141562.1	0.0017985611510791	[0, 0.01)	55.266666666666666	0.027714505735013984	0.018865481156561177	93.48142000875018	0.027714505735013984	False	False
E3	NZ_CP133862.1	NZ_CP141562.1	0.0052083333333333	[0, 0.01)	55.266666666666666	0.05241671786131864	0.007287746116416578	88.25089384208538	0.05241671786131864	False	False
E3	NZ_CP133874.1	NZ_CP137382.1	0.0	[0, 0.01)	55.266666666666666	0.0	0.0		0.0	False	False
E3	NZ_CP137395.1	NZ_CP133874.1	0.0	[0, 0.01)	55.266666666666666	0.12814974802015838	0.07745159275452843	79.159	0.12814974802015838	False	False
E3	NZ_CP133874.1	NZ_CP133845.1	0.0	[0, 0.01)	55.266666666666666	0.0	0.0		0.0	False	False
E3	NZ_CP133874.1	NZ_CP141576.1	0.0	[0, 0.01)	55.266666666666666	0.0	0.0		0.0	False	False
E3	NZ_CP133874.1	NZ_CP137413.1	0.0	[0, 0.01)	55.266666666666666	0.0	0.0		0.0	False	False
E3	CP137409.1	CP137371.1	0.0	[0, 0.01)	55.266666666666666	0.0	0.0		0.0	False	False
E3	CP137409.1	CP137372.1	0.0	[0, 0.01)	55.266666666666666	0.027855153203342618	0.0009637925804979406	100.0	0.027855153203342618	False	False
E3	CP137409.1	NZ_CP141561.1	0.0	[0, 0.01)	55.266666666666666	0.013190234310994593	0.001125724554080227	98.137	0.013190234310994593	False	False
E3	CP137409.1	NZ_CP137380.1	0.0	[0, 0.01)	55.266666666666666	0.0	0.0		0.0	False	False
E3	NZ_CP140294.1	NZ_CP137382.1	0.0098522167487684	[0, 0.01)	55.266666666666666	0.04219631584493213	0.01322373123659757	92.11402583276683	0.04219631584493213	False	False
E3	CP137397.1	NZ_CP137382.1	0.0	[0, 0.01)	55.266666666666666	0.15645981688708036	0.002309572864170686	87.792	0.15645981688708036	False	False
E3	NZ_CP133872.1	NZ_CP137382.1	0.0	[0, 0.01)	55.266666666666666	0.0	0.0		0.0	False	False
E3	CP138473.1	NZ_CP137385.1	0.0	[0, 0.01)	55.266666666666666	0.0	0.0		0.0	False	False
E3	CP141851.1	NZ_CP137385.1	0.0	[0, 0.01)	55.266666666666666	0.0	0.0		0.0	False	False
E3	NZ_CP137385.1	NZ_CP133743.1	0.0086206896551724	[0, 0.01)	55.266666666666666	0.05197552315479338	0.01041956028748491	95.93209007263923	0.05197552315479338	False	False
E3	NZ_CP137398.1	NZ_CP137385.1	0.0	[0, 0.01)	55.266666666666666	0.0	0.0		0.0	False	False
E3	NZ_CP137385.1	CP141561.1	0.0055865921787709	[0, 0.01)	55.266666666666666	0.1837274306867115	0.050965256364538976	92.27092407660739	0.1837274306867115	False	False
E3	CP137364.1	CP137407.1	0.0	[0, 0.01)	55.266666666666666	0.0	0.0		0.0	False	False
E3	CP137364.1	NZ_CP137372.1	0.0	[0, 0.01)	55.266666666666666	0.0	0.0		0.0	False	False
E3	CP137364.1	CP133845.1	0.0	[0, 0.01)	55.266666666666666	0.0	0.0		0.0	False	False
E3	CP137369.1	CP137364.1	0.0	[0, 0.01)	55.266666666666666	0.0	0.0		0.0	False	False
E3	CP141567.1	CP137400.1	0.0	[0, 0.01)	55.266666666666666	0.0	0.0		0.0	False	False
E3	CP141567.1	CP133846.1	0.0	[0, 0.01)	55.266666666666666	0.0	0.0		0.0	False	False
E3	CP141567.1	NZ_CP137356.1	0.0	[0, 0.01)	55.266666666666666	0.0	0.0		0.0	False	False
E3	NZ_CP137389.1	NZ_CP137370.1	0.0	[0, 0.01)	55.266666666666666	0.0	0.0		0.0	False	False
E3	NZ_CP137371.1	NZ_CP133845.1	0.0	[0, 0.01)	55.266666666666666	0.0	0.0		0.0	False	False
E3	CP141564.1	NZ_CP137371.1	0.0	[0, 0.01)	55.266666666666666	0.0	0.0		0.0	False	False
E3	NZ_CP137371.1	CP133748.1	0.0	[0, 0.01)	55.266666666666666	0.0	0.0		0.0	False	False
E3	NZ_CP137416.1	CP133746.1	0.0	[0, 0.01)	55.266666666666666	0.03671412573988162	0.025220952791549903	87.18499999999999	0.03671412573988162	False	False
E3	CP133746.1	NZ_CP137435.1	0.0	[0, 0.01)	55.266666666666666	0.0	0.0		0.0	False	False
E3	CP133746.1	CP137376.1	0.0	[0, 0.01)	55.266666666666666	0.0	0.0		0.0	False	False
E3	CP137405.1	NZ_CP138474.1	0.0	[0, 0.01)	55.266666666666666	0.0	0.0		0.0	False	False
E3	NZ_CP133750.1	CP137428.1	0.0	[0, 0.01)	55.266666666666666	0.015565755338255837	0.0013820965341271529	89.172	0.015565755338255837	False	False
E3	NZ_CP137383.1	CP137428.1	0.0	[0, 0.01)	55.266666666666666	0.0	0.0		0.0	False	False
E3	NZ_CP141564.1	NZ_CP137428.1	0.0	[0, 0.01)	55.266666666666666	0.0	0.0		0.0	False	False
E3	NZ_CP137428.1	NZ_CP141854.1	0.0044642857142857	[0, 0.01)	55.266666666666666	0.02870508186264087	0.009401295108946469	99.938	0.02870508186264087	False	False
E3	CP137432.1	CP137414.1	0.0	[0, 0.01)	55.266666666666666	0.0	0.0		0.0	False	False
E3	NZ_CP137395.1	CP141562.1	0.0	[0, 0.01)	55.266666666666666	0.0	0.0		0.0	False	False
E3	NZ_CP137431.1	CP141562.1	0.0	[0, 0.01)	55.266666666666666	0.028611171721579752	0.0028875455311926554	89.905	0.028611171721579752	False	False
E3	NZ_CP133867.1	CP141562.1	0.0	[0, 0.01)	55.266666666666666	0.010622445075414325	0.0028875455311926554	89.77298106060606	0.010622445075414325	False	False
E3	CP141851.1	CP137407.1	0.0	[0, 0.01)	55.266666666666666	0.0	0.0		0.0	False	False
E3	NZ_CP133850.1	CP137407.1	0.0	[0, 0.01)	55.266666666666666	0.0	0.0		0.0	False	False
E3	CP137432.1	CP137407.1	0.0	[0, 0.01)	55.266666666666666	0.0	0.0		0.0	False	False
E3	NZ_CP137413.1	CP137407.1	0.0	[0, 0.01)	55.266666666666666	0.0	0.0		0.0	False	False
E3	NZ_CP137432.1	NZ_CP133855.1	0.0	[0, 0.01)	55.266666666666666	0.0	0.0		0.0	False	False
E3	CP141552.1	NZ_CP141555.1	0.0	[0, 0.01)	55.266666666666666	0.033707865168539325	0.0008389737770032019	100.0	0.033707865168539325	False	False
E3	NZ_CP137412.1	NZ_CP141555.1	0.0	[0, 0.01)	55.266666666666666	0.0	0.0		0.0	False	False
E3	NZ_CP141555.1	CP133748.1	0.0081466395112016	[0, 0.01)	55.266666666666666	0.09478377173428444	0.07488800446059488	96.11725124941267	0.09478377173428444	False	False
E3	NZ_CP137395.1	NZ_CP140291.1	0.0	[0, 0.01)	55.266666666666666	0.0	0.0		0.0	False	False
E3	NZ_CP137395.1	CP141580.1	0.0	[0, 0.01)	55.266666666666666	0.0	0.0		0.0	False	False
E3	NZ_CP137395.1	NZ_CP137356.1	0.0	[0, 0.01)	55.266666666666666	0.0	0.0		0.0	False	False
E3	NZ_CP137395.1	NZ_CP141858.1	0.0	[0, 0.01)	55.266666666666666	0.0	0.0		0.0	False	False
E3	NZ_CP137412.1	NZ_CP141850.1	0.0	[0, 0.01)	55.266666666666666	0.0	0.0		0.0	False	False
E3	CP137413.1	NZ_CP141850.1	0.0	[0, 0.01)	55.266666666666666	0.0	0.0		0.0	False	False
E3	NZ_CP141564.1	CP137400.1	0.0	[0, 0.01)	55.266666666666666	0.012487804878048781	0.0021798983849450767	98.698	0.012487804878048781	False	False
E3	CP133858.1	CP137400.1	0.0043763676148796	[0, 0.01)	55.266666666666666	0.07810951957145976	0.02647668246714541	93.04886675221901	0.07810951957145976	False	False
E3	CP137405.1	NZ_CP141573.1	0.0	[0, 0.01)	55.266666666666666	0.0	0.0		0.0	False	False
E3	NZ_CP141855.1	NZ_CP141573.1	0.0	[0, 0.01)	55.266666666666666	0.0	0.0		0.0	False	False
E3	CP141577.1	NZ_CP141573.1	0.0	[0, 0.01)	55.266666666666666	0.0	0.0		0.0	False	False
E3	NZ_CP141573.1	CP133857.1	0.0	[0, 0.01)	55.266666666666666	0.0	0.0		0.0	False	False
E3	NZ_CP141573.1	CP140294.1	0.0	[0, 0.01)	55.266666666666666	0.0	0.0		0.0	False	False
E3	NZ_CP141573.1	NZ_CP137422.1	0.0	[0, 0.01)	55.266666666666666	0.0	0.0		0.0	False	False
E3	NZ_CP141573.1	CP133872.1	0.0	[0, 0.01)	55.266666666666666	0.0	0.0		0.0	False	False
E3	NZ_CP137354.1	CP137385.1	0.0	[0, 0.01)	55.266666666666666	0.0	0.0		0.0	False	False
E3	NZ_CP137354.1	CP137418.1	0.0	[0, 0.01)	55.266666666666666	0.0	0.0		0.0	False	False
E3	NZ_CP137354.1	NZ_CP133748.1	0.0	[0, 0.01)	55.266666666666666	0.0	0.0		0.0	False	False
E3	NZ_CP137398.1	NZ_CP137354.1	0.0	[0, 0.01)	55.266666666666666	0.0	0.0		0.0	False	False
E3	NZ_CP137354.1	NZ_CP140290.1	0.0	[0, 0.01)	55.266666666666666	0.0	0.0		0.0	False	False
E3	NZ_CP137354.1	CP133743.1	0.0	[0, 0.01)	55.266666666666666	0.0	0.0		0.0	False	False
E3	NZ_CP137354.1	CP137429.1	0.0	[0, 0.01)	55.266666666666666	0.0	0.0		0.0	False	False
E3	NZ_CP137354.1	CP137425.1	0.0	[0, 0.01)	55.266666666666666	0.0	0.0		0.0	False	False
E3	CP138473.1	NZ_CP137392.1	0.0	[0, 0.01)	55.266666666666666	0.0	0.0		0.0	False	False
E3	CP138473.1	NZ_CP141564.1	0.0	[0, 0.01)	55.266666666666666	0.0	0.0		0.0	False	False
E3	CP138473.1	NZ_CP133869.1	0.0	[0, 0.01)	55.266666666666666	0.0	0.0		0.0	False	False
E3	CP138473.1	CP137410.1	0.0	[0, 0.01)	55.266666666666666	0.0	0.0		0.0	False	False
E3	CP138473.1	NZ_CP141860.1	0.0	[0, 0.01)	55.266666666666666	0.0	0.0		0.0	False	False
E3	CP133745.1	NZ_CP141540.1	0.0033222591362126	[0, 0.01)	55.266666666666666	0.02551397592058016	0.013557372142616634	94.38319986216402	0.02551397592058016	False	False
E3	CP133846.1	CP141555.1	0.0	[0, 0.01)	55.266666666666666	0.02423337002673376	0.006233534632999635	98.44401037613488	0.02423337002673376	False	False
E3	CP141555.1	NZ_CP137363.1	0.0096153846153846	[0, 0.01)	55.266666666666666	0.08349612937218823	0.06266835900760641	97.04600902168113	0.08349612937218823	False	False
E3	CP133874.1	CP137389.1	0.0	[0, 0.01)	55.266666666666666	0.0	0.0		0.0	False	False
E3	CP133874.1	CP137394.1	0.0	[0, 0.01)	55.266666666666666	0.0	0.0		0.0	False	False
E3	CP133874.1	CP137392.1	0.0	[0, 0.01)	55.266666666666666	0.0	0.0		0.0	False	False
E3	CP133874.1	CP137365.1	0.0	[0, 0.01)	55.266666666666666	0.0	0.0		0.0	False	False
E3	NZ_CP137402.1	NZ_CP137392.1	0.0	[0, 0.01)	55.266666666666666	0.0	0.0		0.0	False	False
E3	NZ_CP137430.1	NZ_CP137392.1	0.0	[0, 0.01)	55.266666666666666	0.0	0.0		0.0	False	False
E3	NZ_CP137432.1	NZ_CP137392.1	0.0	[0, 0.01)	55.266666666666666	0.0	0.0		0.0	False	False
E3	NZ_CP137415.1	NZ_CP133873.1	0.0	[0, 0.01)	55.266666666666666	0.03880960227128698	0.024155501037931685	92.77330078124999	0.03880960227128698	False	False
E3	NZ_CP133873.1	CP141858.1	0.0	[0, 0.01)	55.266666666666666	0.012313644083789394	0.0047252541933617415	92.219	0.012313644083789394	False	False
E3	CP137395.1	CP137401.1	0.0	[0, 0.01)	55.266666666666666	0.0	0.0		0.0	False	False
E3	CP137401.1	CP141548.1	0.0	[0, 0.01)	55.266666666666666	0.03814064362336114	0.009162578209332426	91.03046518105849	0.03814064362336114	False	False
E3	NZ_CP133861.1	NZ_CP133846.1	0.0	[0, 0.01)	55.266666666666666	0.0	0.0		0.0	False	False
E3	NZ_CP133861.1	CP137389.1	0.0	[0, 0.01)	55.266666666666666	0.0	0.0		0.0	False	False
E3	CP137432.1	NZ_CP133861.1	0.0	[0, 0.01)	55.266666666666666	0.0	0.0		0.0	False	False
E3	NZ_CP137432.1	NZ_CP133861.1	0.0	[0, 0.01)	55.266666666666666	0.0	0.0		0.0	False	False
E3	NZ_CP133861.1	NZ_CP141858.1	0.0	[0, 0.01)	55.266666666666666	0.0	0.0		0.0	False	False
E3	NZ_CP137402.1	NZ_CP137409.1	0.0	[0, 0.01)	55.266666666666666	0.0	0.0		0.0	False	False
E3	NZ_CP137409.1	NZ_CP141853.1	0.0	[0, 0.01)	55.266666666666666	0.0	0.0		0.0	False	False
E3	NZ_CP137409.1	NZ_CP137365.1	0.0	[0, 0.01)	55.266666666666666	0.013927576601671309	0.003144479588628082	100.0	0.013927576601671309	False	False
E3	NZ_CP137409.1	CP141858.1	0.0	[0, 0.01)	55.266666666666666	0.0	0.0		0.0	False	False
E3	CP137405.1	NZ_CP133742.1	0.0	[0, 0.01)	55.266666666666666	0.0	0.0		0.0	False	False
E3	NZ_CP137412.1	NZ_CP133742.1	0.0	[0, 0.01)	55.266666666666666	0.0	0.0		0.0	False	False
E3	CP133740.1	NZ_CP141564.1	0.0	[0, 0.01)	55.266666666666666	0.0	0.0		0.0	False	False
E3	NZ_CP137393.1	NZ_CP141564.1	0.0	[0, 0.01)	55.266666666666666	0.020810036819855448	0.012487804878048781	94.401	0.020810036819855448	False	False
E3	NZ_CP138477.1	CP137411.1	0.0	[0, 0.01)	55.266666666666666	0.0	0.0		0.0	False	False
E3	NZ_CP140291.1	CP137411.1	0.0	[0, 0.01)	55.266666666666666	0.0	0.0		0.0	False	False
E3	NZ_CP133849.1	CP137411.1	0.0	[0, 0.01)	55.266666666666666	0.0	0.0		0.0	False	False
E3	CP137402.1	NZ_CP141855.1	0.0	[0, 0.01)	55.266666666666666	0.14067127344521224	0.125552608311229	88.0	0.14067127344521224	False	False
E3	CP137402.1	NZ_CP133872.1	0.0	[0, 0.01)	55.266666666666666	0.0	0.0		0.0	False	False
E3	NZ_CP133740.1	CP137402.1	0.0	[0, 0.01)	55.266666666666666	0.13197239792984475	0.05811944718657453	86.653	0.13197239792984475	False	False
E3	CP137402.1	CP141858.1	0.0	[0, 0.01)	55.266666666666666	0.0	0.0		0.0	False	False
E3	NZ_CP137430.1	NZ_CP137352.1	0.0	[0, 0.01)	55.266666666666666	0.0	0.0		0.0	False	False
E3	CP133865.1	NZ_CP137352.1	0.0	[0, 0.01)	55.266666666666666	0.0	0.0		0.0	False	False
E3	NZ_CP137368.1	CP137435.1	0.0	[0, 0.01)	55.266666666666666	0.0	0.0		0.0	False	False
E3	NZ_CP137368.1	NZ_CP133851.1	0.0	[0, 0.01)	55.266666666666666	0.0	0.0		0.0	False	False
E3	NZ_CP141860.1	NZ_CP137368.1	0.0	[0, 0.01)	55.266666666666666	0.0	0.0		0.0	False	False
E3	NZ_CP137390.1	NZ_CP133845.1	0.0	[0, 0.01)	55.266666666666666	0.0	0.0		0.0	False	False
E3	CP141549.1	NZ_CP133845.1	0.0	[0, 0.01)	55.266666666666666	0.05880067600380738	0.013216955428252061	99.93407069705981	0.05880067600380738	False	False
E3	CP137387.1	CP133857.1	0.0	[0, 0.01)	55.266666666666666	0.2635555313113681	0.03226527521068681	91.76241385361826	0.2635555313113681	False	False
E3	CP137387.1	NZ_CP137358.1	0.0	[0, 0.01)	55.266666666666666	0.0	0.0		0.0	False	False
E3	CP133740.1	NZ_CP137394.1	0.0	[0, 0.01)	55.266666666666666	0.0	0.0		0.0	False	False
E3	NZ_CP137405.1	NZ_CP137394.1	0.0	[0, 0.01)	55.266666666666666	0.0	0.0		0.0	False	False
E3	NZ_CP137394.1	CP137363.1	0.0	[0, 0.01)	55.266666666666666	0.0	0.0		0.0	False	False
E3	NZ_CP137394.1	NZ_CP137360.1	0.0	[0, 0.01)	55.266666666666666	0.0	0.0		0.0	False	False
E3	NZ_CP137394.1	CP133748.1	0.0	[0, 0.01)	55.266666666666666	0.0	0.0		0.0	False	False
E3	NZ_CP137431.1	CP138477.1	0.0	[0, 0.01)	55.266666666666666	0.08146956142264893	0.04579639254050749	98.46436615487318	0.08146956142264893	False	False
E3	CP137390.1	NZ_CP137431.1	0.0	[0, 0.01)	55.266666666666666	0.0	0.0		0.0	False	False
E3	NZ_CP133865.1	NZ_CP137431.1	0.0	[0, 0.01)	55.266666666666666	0.0	0.0		0.0	False	False
E3	CP133850.1	NZ_CP137431.1	0.0	[0, 0.01)	55.266666666666666	0.0	0.0		0.0	False	False
E3	NZ_CP137431.1	CP137394.1	0.0	[0, 0.01)	55.266666666666666	0.0	0.0		0.0	False	False
E3	CP137371.1	NZ_CP133863.1	0.0078125	[0, 0.01)	55.266666666666666	0.00503238267371909	0.004362519201228879	97.887	0.00503238267371909	False	False
E3	CP141572.1	NZ_CP133863.1	0.0	[0, 0.01)	55.266666666666666	0.0	0.0		0.0	False	False
E3	NZ_CP141572.1	NZ_CP133863.1	0.0	[0, 0.01)	55.266666666666666	0.0	0.0		0.0	False	False
E3	CP141851.1	NZ_CP137386.1	0.0	[0, 0.01)	55.266666666666666	0.0	0.0		0.0	False	False
E3	CP133740.1	NZ_CP137386.1	0.0	[0, 0.01)	55.266666666666666	0.0	0.0		0.0	False	False
E3	CP137429.1	NZ_CP137386.1	0.0	[0, 0.01)	55.266666666666666	0.0	0.0		0.0	False	False
E3	CP133866.1	CP137424.1	0.0	[0, 0.01)	55.266666666666666	0.0	0.0		0.0	False	False
E3	CP137432.1	CP137424.1	0.0	[0, 0.01)	55.266666666666666	0.0	0.0		0.0	False	False
E3	NZ_CP137402.1	CP137365.1	0.0	[0, 0.01)	55.266666666666666	0.0	0.0		0.0	False	False
E3	NZ_CP141579.1	NZ_CP137365.1	0.0	[0, 0.01)	55.266666666666666	0.03144233342253144	0.030427464254665852	99.81746322188451	0.03144233342253144	False	False
E3	NZ_CP141579.1	CP133743.1	0.0	[0, 0.01)	55.266666666666666	0.02022248556902022	0.005338572575798135	92.918	0.02022248556902022	False	False
E3	CP141859.1	NZ_CP141579.1	0.0	[0, 0.01)	55.266666666666666	0.0	0.0		0.0	False	False
E3	CP133866.1	NZ_CP141580.1	0.0	[0, 0.01)	55.266666666666666	0.0	0.0		0.0	False	False
E3	CP133740.1	NZ_CP141580.1	0.0	[0, 0.01)	55.266666666666666	0.0	0.0		0.0	False	False
E3	NZ_CP141553.1	NZ_CP141580.1	0.0	[0, 0.01)	55.266666666666666	0.0	0.0		0.0	False	False
E3	CP133850.1	NZ_CP141580.1	0.0	[0, 0.01)	55.266666666666666	0.0	0.0		0.0	False	False
E3	NZ_CP133849.1	NZ_CP141580.1	0.0	[0, 0.01)	55.266666666666666	0.02423489447362627	0.006233484104210236	98.44401037613488	0.02423489447362627	False	False
E3	NZ_CP137430.1	CP133870.1	0.0	[0, 0.01)	55.266666666666666	0.0	0.0		0.0	False	False
E3	NZ_CP137405.1	CP133870.1	0.0	[0, 0.01)	55.266666666666666	0.0	0.0		0.0	False	False
E3	NZ_CP133849.1	CP133870.1	0.0061728395061728	[0, 0.01)	55.266666666666666	0.021498443053502344	0.014334499768118385	89.93439022611233	0.021498443053502344	False	False
E3	CP133870.1	NZ_CP141540.1	0.0	[0, 0.01)	55.266666666666666	0.0	0.0		0.0	False	False
E3	NZ_CP137362.1	CP133846.1	0.0	[0, 0.01)	55.266666666666666	0.038552578565672846	0.02415474131152697	92.83821614583333	0.038552578565672846	False	False
E3	NZ_CP137362.1	CP138474.1	0.0	[0, 0.01)	55.266666666666666	0.0	0.0		0.0	False	False
E3	NZ_CP137362.1	NZ_CP137377.1	0.0	[0, 0.01)	55.266666666666666	0.07577054794520548	0.043746917698935336	98.21075281643473	0.07577054794520548	False	False
E3	NZ_CP137390.1	NZ_CP137362.1	0.0	[0, 0.01)	55.266666666666666	0.0	0.0		0.0	False	False
E3	CP137405.1	CP137420.1	0.0	[0, 0.01)	55.266666666666666	0.04007679385649148	0.0023111086360282345	88.988	0.04007679385649148	False	False
E3	CP137405.1	NZ_CP137410.1	0.0	[0, 0.01)	55.266666666666666	0.0	0.0		0.0	False	False
E3	CP133849.1	CP140290.1	0.0	[0, 0.01)	55.266666666666666	0.024203441009027143	0.0062361036726877326	94.67205328135154	0.024203441009027143	False	False
E3	NZ_CP133740.1	CP140290.1	0.0	[0, 0.01)	55.266666666666666	0.0	0.0		0.0	False	False
E3	CP137397.1	CP141859.1	0.0	[0, 0.01)	55.266666666666666	0.0	0.0		0.0	False	False
E3	CP137397.1	NZ_CP141858.1	0.0	[0, 0.01)	55.266666666666666	0.1570701932858596	0.00464690176413508	88.486	0.1570701932858596	False	False
E3	CP137395.1	CP137429.1	0.0	[0, 0.01)	55.266666666666666	0.0	0.0		0.0	False	False
E3	NZ_CP137405.1	CP133853.1	0.0	[0, 0.01)	55.266666666666666	0.0	0.0		0.0	False	False
E3	NZ_CP133862.1	CP133853.1	0.0	[0, 0.01)	55.266666666666666	0.07253126176651276	0.025898337573378623	96.19557717391305	0.07253126176651276	False	False
E3	NZ_CP141855.1	CP133741.1	0.0	[0, 0.01)	55.266666666666666	0.0	0.0		0.0	False	False
E3	CP133741.1	NZ_CP141571.1	0.0068027210884353	[0, 0.01)	55.266666666666666	0.02576600340233576	0.013647906275608794	95.18152409191994	0.02576600340233576	False	False
E3	CP137369.1	CP133741.1	0.0	[0, 0.01)	55.266666666666666	0.0	0.0		0.0	False	False
E3	CP137393.1	CP138474.1	0.0	[0, 0.01)	55.266666666666666	0.0	0.0		0.0	False	False
E3	NZ_CP137390.1	CP137393.1	0.0	[0, 0.01)	55.266666666666666	0.0	0.0		0.0	False	False
E3	CP137393.1	CP137376.1	0.0	[0, 0.01)	55.266666666666666	0.15128869494067912	0.03587377291791879	92.65665118790497	0.15128869494067912	False	False
E3	NZ_CP137430.1	CP141556.1	0.0	[0, 0.01)	55.266666666666666	0.08471322294216463	0.050241958440079705	96.88400000000001	0.08471322294216463	False	False
E3	NZ_CP138477.1	CP137420.1	0.0	[0, 0.01)	55.266666666666666	0.02366248853561602	0.010775892074011166	97.02827390180877	0.02366248853561602	False	False
E3	NZ_CP138477.1	CP133845.1	0.0	[0, 0.01)	55.266666666666666	0.09712626108223785	0.027730718178007544	94.64698021978022	0.09712626108223785	False	False
E3	NZ_CP138477.1	CP138474.1	0.0	[0, 0.01)	55.266666666666666	0.0	0.0		0.0	False	False
E3	NZ_CP138477.1	CP133858.1	0.0	[0, 0.01)	55.266666666666666	0.014292265362274533	0.007850413930916357	99.89297647058824	0.014292265362274533	False	False
E3	CP141549.1	NZ_CP138477.1	0.0	[0, 0.01)	55.266666666666666	0.02327162532294722	0.018312442678080097	99.91661101836395	0.02327162532294722	False	False
E3	CP137398.1	NZ_CP137381.1	0.0	[0, 0.01)	55.266666666666666	0.0	0.0		0.0	False	False
E3	CP137398.1	NZ_CP137432.1	0.0	[0, 0.01)	55.266666666666666	0.0	0.0		0.0	False	False
E3	NZ_CP137433.1	CP141548.1	0.0064724919093851	[0, 0.01)	55.266666666666666	0.0050323380880659165	0.002905831615243338	98.239	0.0050323380880659165	False	False
E3	CP137390.1	CP141548.1	0.0	[0, 0.01)	55.266666666666666	0.0	0.0		0.0	False	False
E3	CP138474.1	CP141548.1	0.0064724919093851	[0, 0.01)	55.266666666666666	0.00503238267371909	0.002905831615243338	98.239	0.00503238267371909	False	False
E3	NZ_CP141855.1	NZ_CP140291.1	0.0	[0, 0.01)	55.266666666666666	0.0	0.0		0.0	False	False
E3	NZ_CP141855.1	NZ_CP137353.1	0.0	[0, 0.01)	55.266666666666666	0.0	0.0		0.0	False	False
E3	NZ_CP141855.1	NZ_CP137357.1	0.0	[0, 0.01)	55.266666666666666	0.0	0.0		0.0	False	False
E3	CP141552.1	CP137384.1	0.0	[0, 0.01)	55.266666666666666	0.0	0.0		0.0	False	False
E3	CP137384.1	CP133864.1	0.0	[0, 0.01)	55.266666666666666	0.0	0.0		0.0	False	False
E3	CP137384.1	CP141854.1	0.0	[0, 0.01)	55.266666666666666	0.0	0.0		0.0	False	False
E3	CP137384.1	NZ_CP137353.1	0.0	[0, 0.01)	55.266666666666666	0.0	0.0		0.0	False	False
E3	CP137384.1	CP133865.1	0.0	[0, 0.01)	55.266666666666666	0.1257499400047996	0.10665451230628988	87.95523809523809	0.1257499400047996	False	False
E3	CP137384.1	CP141551.1	0.0	[0, 0.01)	55.266666666666666	0.0	0.0		0.0	False	False
E3	CP137384.1	NZ_CP137414.1	0.0	[0, 0.01)	55.266666666666666	0.0	0.0		0.0	False	False
E3	CP137384.1	CP137363.1	0.0	[0, 0.01)	55.266666666666666	0.0	0.0		0.0	False	False
E3	NZ_CP141851.1	NZ_CP137435.1	0.0	[0, 0.01)	55.266666666666666	0.0	0.0		0.0	False	False
E3	NZ_CP141851.1	CP141540.1	0.0	[0, 0.01)	55.266666666666666	0.0	0.0		0.0	False	False
E3	NZ_CP141851.1	CP133748.1	0.0	[0, 0.01)	55.266666666666666	0.0	0.0		0.0	False	False
E3	CP133863.1	NZ_CP137372.1	0.0042283298097251	[0, 0.01)	55.266666666666666	0.06810291858678956	0.025118135458212506	93.09238393058372	0.06810291858678956	False	False
E3	NZ_CP133869.1	NZ_CP137413.1	0.0	[0, 0.01)	55.266666666666666	0.0	0.0		0.0	False	False
E3	CP141851.1	NZ_CP133846.1	0.0	[0, 0.01)	55.266666666666666	0.0	0.0		0.0	False	False
E3	NZ_CP137405.1	NZ_CP133846.1	0.0	[0, 0.01)	55.266666666666666	0.0	0.0		0.0	False	False
E3	NZ_CP137367.1	NZ_CP137425.1	0.0	[0, 0.01)	55.266666666666666	0.0	0.0		0.0	False	False
E3	CP141577.1	CP133849.1	0.0	[0, 0.01)	55.266666666666666	0.0	0.0		0.0	False	False
E3	CP141577.1	NZ_CP141561.1	0.0	[0, 0.01)	55.266666666666666	0.0	0.0		0.0	False	False
E3	CP141577.1	NZ_CP133867.1	0.0	[0, 0.01)	55.266666666666666	0.0	0.0		0.0	False	False
E3	NZ_CP140291.1	CP133863.1	0.0077519379844961	[0, 0.01)	55.266666666666666	0.005021260796152724	0.004362519201228879	98.063	0.005021260796152724	False	False
E3	CP133850.1	CP133863.1	0.0	[0, 0.01)	55.266666666666666	0.0	0.0		0.0	False	False
E3	CP133873.1	NZ_CP137389.1	0.0	[0, 0.01)	55.266666666666666	0.0	0.0		0.0	False	False
E3	CP137385.1	CP137399.1	0.0	[0, 0.01)	55.266666666666666	0.0	0.0		0.0	False	False
E3	NZ_CP137355.1	CP137418.1	0.0084210526315789	[0, 0.01)	55.266666666666666	0.061338323299595265	0.030685893581955174	97.2339026005649	0.061338323299595265	False	False
E3	CP133846.1	CP137418.1	0.0	[0, 0.01)	55.266666666666666	0.02424909576977512	0.004612306063298068	99.93524902723735	0.02424909576977512	False	False
E3	CP141851.1	CP141545.1	0.0	[0, 0.01)	55.266666666666666	0.0	0.0		0.0	False	False
E3	CP141851.1	NZ_CP141576.1	0.0	[0, 0.01)	55.266666666666666	0.0	0.0		0.0	False	False
E3	CP141851.1	NZ_CP137432.1	0.0	[0, 0.01)	55.266666666666666	0.14830902885510394	0.05771538276937845	84.016	0.14830902885510394	False	False
E3	NZ_CP137367.1	NZ_CP133857.1	0.0	[0, 0.01)	55.266666666666666	0.0	0.0		0.0	False	False
E3	CP137394.1	NZ_CP133857.1	0.0049382716049382	[0, 0.01)	55.266666666666666	0.014778194189724371	0.005564934241694302	99.70020083932853	0.014778194189724371	False	False
E3	CP137369.1	NZ_CP133857.1	0.0	[0, 0.01)	55.266666666666666	0.0	0.0		0.0	False	False
E3	NZ_CP137416.1	NZ_CP137411.1	0.0	[0, 0.01)	55.266666666666666	0.0	0.0		0.0	False	False
E3	NZ_CP137416.1	CP137413.1	0.0	[0, 0.01)	55.266666666666666	0.0	0.0		0.0	False	False
E3	NZ_CP141571.1	CP133857.1	0.0	[0, 0.01)	55.266666666666666	0.026243638902097265	0.00865434018162771	93.41302195685671	0.026243638902097265	False	False
E3	CP137413.1	NZ_CP141558.1	0.0	[0, 0.01)	55.266666666666666	0.0	0.0		0.0	False	False
E3	CP133740.1	NZ_CP137355.1	0.0	[0, 0.01)	55.266666666666666	0.0	0.0		0.0	False	False
E3	NZ_CP141853.1	NZ_CP137355.1	0.0	[0, 0.01)	55.266666666666666	0.0	0.0		0.0	False	False
E3	NZ_CP141553.1	NZ_CP137355.1	0.0	[0, 0.01)	55.266666666666666	0.0	0.0		0.0	False	False
E3	NZ_CP137380.1	NZ_CP137355.1	0.0070422535211267	[0, 0.01)	55.266666666666666	0.014928679011251883	0.010073594031171347	100.0	0.014928679011251883	False	False
E3	CP133846.1	CP137386.1	0.0	[0, 0.01)	55.266666666666666	0.02426482151281648	0.004738812841446198	99.87033160621763	0.02426482151281648	False	False
E3	NZ_CP137369.1	CP137435.1	0.0	[0, 0.01)	55.266666666666666	0.0	0.0		0.0	False	False
E3	CP137422.1	NZ_CP137376.1	0.0084033613445378	[0, 0.01)	55.266666666666666	0.10346489642555895	0.061103679145905636	95.85674199344679	0.10346489642555895	False	False
E3	CP137412.1	NZ_CP137415.1	0.0	[0, 0.01)	55.266666666666666	0.0	0.0		0.0	False	False
E3	NZ_CP137415.1	NZ_CP141551.1	0.0	[0, 0.01)	55.266666666666666	0.13333671322466983	0.0492611299043264	94.07944933586337	0.13333671322466983	False	False
E3	NZ_CP137427.1	NZ_CP137433.1	0.0	[0, 0.01)	55.266666666666666	0.0	0.0		0.0	False	False
E3	NZ_CP137427.1	NZ_CP141854.1	0.0082191780821917	[0, 0.01)	55.266666666666666	0.14653370602603813	0.016901432979127905	97.27039227467812	0.14653370602603813	False	False
E3	NZ_CP137427.1	CP141853.1	0.0	[0, 0.01)	55.266666666666666	0.0	0.0		0.0	False	False
E3	NZ_CP137427.1	NZ_CP137413.1	0.0	[0, 0.01)	55.266666666666666	0.0	0.0		0.0	False	False
E3	CP133866.1	NZ_CP141853.1	0.0	[0, 0.01)	55.266666666666666	0.0	0.0		0.0	False	False
E3	CP133866.1	NZ_CP137363.1	0.0	[0, 0.01)	55.266666666666666	0.0	0.0		0.0	False	False
E3	CP133866.1	NZ_CP133851.1	0.0	[0, 0.01)	55.266666666666666	0.0	0.0		0.0	False	False
E3	CP137412.1	CP141566.1	0.0	[0, 0.01)	55.266666666666666	0.0	0.0		0.0	False	False
E3	CP137413.1	CP141566.1	0.0	[0, 0.01)	55.266666666666666	0.01666533769236903	0.007623749133664871	100.0	0.01666533769236903	False	False
E3	CP137429.1	CP141566.1	0.0	[0, 0.01)	55.266666666666666	0.0	0.0		0.0	False	False
E3	NZ_CP138476.1	CP137394.1	0.0	[0, 0.01)	55.266666666666666	0.0	0.0		0.0	False	False
E3	CP133740.1	CP133850.1	0.0	[0, 0.01)	55.266666666666666	0.18775158136860265	0.14973021582733814	80.707	0.18775158136860265	False	False
E3	CP133849.1	CP137376.1	0.0	[0, 0.01)	55.266666666666666	0.02418771427672758	0.009939445640021456	93.56734957764783	0.02418771427672758	False	False
E3	CP137429.1	NZ_CP140295.1	0.0	[0, 0.01)	55.266666666666666	0.0	0.0		0.0	False	False
E3	CP138477.1	NZ_CP137410.1	0.0	[0, 0.01)	55.266666666666666	0.0	0.0		0.0	False	False
E3	CP138477.1	NZ_CP137389.1	0.0	[0, 0.01)	55.266666666666666	0.0	0.0		0.0	False	False
E3	CP137425.1	CP138477.1	0.0	[0, 0.01)	55.266666666666666	0.04463228765907073	0.03699174564353409	86.69967282430213	0.04463228765907073	False	False
E3	NZ_CP141857.1	CP137371.1	0.0	[0, 0.01)	55.266666666666666	0.0	0.0		0.0	False	False
E3	NZ_CP137398.1	CP137371.1	0.0	[0, 0.01)	55.266666666666666	0.0	0.0		0.0	False	False
E3	NZ_CP133867.1	CP137371.1	0.0	[0, 0.01)	55.266666666666666	0.0	0.0		0.0	False	False
E3	CP137371.1	CP141538.1	0.0	[0, 0.01)	55.266666666666666	0.0	0.0		0.0	False	False
E3	CP137416.1	NZ_CP137353.1	0.0	[0, 0.01)	55.266666666666666	0.0	0.0		0.0	False	False
E3	NZ_CP133865.1	CP133864.1	0.0	[0, 0.01)	55.266666666666666	0.0	0.0		0.0	False	False
E3	NZ_CP137381.1	CP133864.1	0.0	[0, 0.01)	55.266666666666666	0.0	0.0		0.0	False	False
E3	CP141579.1	CP133864.1	0.0	[0, 0.01)	55.266666666666666	0.0056003669865056	0.004623513870541612	91.497	0.0056003669865056	False	False
E3	CP133864.1	CP137399.1	0.0	[0, 0.01)	55.266666666666666	0.0	0.0		0.0	False	False
E3	CP137412.1	NZ_CP137367.1	0.0	[0, 0.01)	55.266666666666666	0.0	0.0		0.0	False	False
E3	CP137412.1	NZ_CP137381.1	0.0	[0, 0.01)	55.266666666666666	0.0	0.0		0.0	False	False
E3	CP137412.1	NZ_CP137413.1	0.0	[0, 0.01)	55.266666666666666	0.0	0.0		0.0	False	False
E3	CP137389.1	CP141854.1	0.0044642857142857	[0, 0.01)	55.266666666666666	0.0287060991600808	0.009401295108946469	99.938	0.0287060991600808	False	False
E3	NZ_CP137361.1	CP137389.1	0.0	[0, 0.01)	55.266666666666666	0.0	0.0		0.0	False	False
E3	CP141579.1	CP137389.1	0.0	[0, 0.01)	55.266666666666666	0.0	0.0		0.0	False	False
E3	CP141579.1	CP133846.1	0.0	[0, 0.01)	55.266666666666666	0.005657708628005658	0.0046705456832835356	91.246	0.005657708628005658	False	False
E3	CP137427.1	CP133846.1	0.0	[0, 0.01)	55.266666666666666	0.03855354939437435	0.02415474131152697	92.83821614583333	0.03855354939437435	False	False
E3	NZ_CP133740.1	NZ_CP137433.1	0.0	[0, 0.01)	55.266666666666666	0.0	0.0		0.0	False	False
E3	NZ_CP137432.1	NZ_CP137433.1	0.0	[0, 0.01)	55.266666666666666	0.0	0.0		0.0	False	False
E3	CP137394.1	CP137420.1	0.0	[0, 0.01)	55.266666666666666	0.006724609946043644	0.005186072089882635	94.335	0.006724609946043644	False	False
E3	CP141553.1	CP137420.1	0.0	[0, 0.01)	55.266666666666666	0.025444071051368217	0.0018307878652874267	92.481	0.025444071051368217	False	False
E3	NZ_CP137410.1	CP137372.1	0.0	[0, 0.01)	55.266666666666666	0.0018192195191553114	0.0005782755482987644	92.157	0.0018192195191553114	False	False
E3	NZ_CP137377.1	CP137372.1	0.0	[0, 0.01)	55.266666666666666	0.06644715848104203	0.012985687680179606	92.90844985860343	0.06644715848104203	False	False
E3	NZ_CP137405.1	NZ_CP133745.1	0.0	[0, 0.01)	55.266666666666666	0.0	0.0		0.0	False	False
E3	NZ_CP137405.1	NZ_CP141548.1	0.0	[0, 0.01)	55.266666666666666	0.0	0.0		0.0	False	False
E3	CP133850.1	NZ_CP137405.1	0.0	[0, 0.01)	55.266666666666666	0.18794964028776978	0.10067194624430045	83.547	0.18794964028776978	False	False
E3	NZ_CP141556.1	NZ_CP137405.1	0.0	[0, 0.01)	55.266666666666666	0.10048391688015941	0.08471322294216463	96.88400000000001	0.10048391688015941	False	False
E3	CP141563.1	NZ_CP141571.1	0.0	[0, 0.01)	55.266666666666666	0.019535013437452464	0.015600497759072468	90.5377796500324	0.019535013437452464	False	False
E3	NZ_CP137419.1	NZ_CP141571.1	0.0	[0, 0.01)	55.266666666666666	0.0	0.0		0.0	False	False
E3	CP137430.1	NZ_CP133745.1	0.0	[0, 0.01)	55.266666666666666	0.0	0.0		0.0	False	False
E3	NZ_CP133740.1	CP137415.1	0.0	[0, 0.01)	55.266666666666666	0.0	0.0		0.0	False	False
E3	CP137415.1	CP137410.1	0.0	[0, 0.01)	55.266666666666666	0.0	0.0		0.0	False	False
E3	NZ_CP133872.1	NZ_CP141561.1	0.0	[0, 0.01)	55.266666666666666	0.0	0.0		0.0	False	False
E3	NZ_CP133872.1	CP137357.1	0.0	[0, 0.01)	55.266666666666666	0.0	0.0		0.0	False	False
E3	NZ_CP137367.1	CP133845.1	0.0	[0, 0.01)	55.266666666666666	0.0	0.0		0.0	False	False
E3	NZ_CP137419.1	NZ_CP137367.1	0.0	[0, 0.01)	55.266666666666666	0.0	0.0		0.0	False	False
E3	NZ_CP141860.1	NZ_CP141548.1	0.0	[0, 0.01)	55.266666666666666	0.0	0.0		0.0	False	False
E3	CP137430.1	NZ_CP137393.1	0.0	[0, 0.01)	55.266666666666666	0.0	0.0		0.0	False	False
E3	NZ_CP141553.1	CP137422.1	0.0	[0, 0.01)	55.266666666666666	0.0	0.0		0.0	False	False
E3	CP137356.1	CP141580.1	0.0	[0, 0.01)	55.266666666666666	0.08808706247230838	0.025772903393155328	94.60745524376863	0.08808706247230838	False	False
E3	NZ_CP141556.1	CP141580.1	0.0	[0, 0.01)	55.266666666666666	0.0	0.0		0.0	False	False
E3	CP133851.1	NZ_CP141538.1	0.0	[0, 0.01)	55.266666666666666	0.05447228947196231	0.00461730449251248	99.51993577430972	0.05447228947196231	False	False
E3	NZ_CP137380.1	NZ_CP141538.1	0.0	[0, 0.01)	55.266666666666666	0.0	0.0		0.0	False	False
E3	NZ_CP141551.1	NZ_CP137363.1	0.0098765432098765	[0, 0.01)	55.266666666666666	0.10576571680238388	0.03437034872572206	95.68571249226414	0.10576571680238388	False	False
E3	CP141556.1	CP138474.1	0.0	[0, 0.01)	55.266666666666666	0.0	0.0		0.0	False	False
E3	CP141556.1	NZ_CP137387.1	0.0	[0, 0.01)	55.266666666666666	0.0	0.0		0.0	False	False
E3	CP137357.1	NZ_CP137353.1	0.0	[0, 0.01)	55.266666666666666	0.004227580187650011	0.0011949273407084763	100.0	0.004227580187650011	False	False
E3	CP137390.1	NZ_CP137419.1	0.0	[0, 0.01)	55.266666666666666	0.0	0.0		0.0	False	False
E3	CP133865.1	NZ_CP133750.1	0.0	[0, 0.01)	55.266666666666666	0.0	0.0		0.0	False	False
E3	NZ_CP133750.1	NZ_CP137374.1	0.0	[0, 0.01)	55.266666666666666	0.0	0.0		0.0	False	False
E3	NZ_CP133750.1	CP141858.1	0.0	[0, 0.01)	55.266666666666666	0.0	0.0		0.0	False	False
E3	CP137432.1	NZ_CP141561.1	0.0	[0, 0.01)	55.266666666666666	0.0	0.0		0.0	False	False
E3	NZ_CP137384.1	NZ_CP141561.1	0.0	[0, 0.01)	55.266666666666666	0.0	0.0		0.0	False	False
E3	CP133851.1	NZ_CP141561.1	0.0	[0, 0.01)	55.266666666666666	0.026859909703592227	0.0057404960180115925	99.878	0.026859909703592227	False	False
E3	NZ_CP133741.1	NZ_CP141561.1	0.0	[0, 0.01)	55.266666666666666	0.015826595561672114	0.005789440563841168	99.879	0.015826595561672114	False	False
E3	CP137413.1	NZ_CP141561.1	0.0	[0, 0.01)	55.266666666666666	0.0	0.0		0.0	False	False
E3	NZ_CP141561.1	NZ_CP141858.1	0.0033557046979865	[0, 0.01)	55.266666666666666	0.044308798131716766	0.03815763303338416	90.92330570438071	0.044308798131716766	False	False
E3	CP137432.1	NZ_CP137358.1	0.0	[0, 0.01)	55.266666666666666	0.0	0.0		0.0	False	False
E3	CP133872.1	NZ_CP137358.1	0.0	[0, 0.01)	55.266666666666666	0.0	0.0		0.0	False	False
E3	NZ_CP137358.1	CP141538.1	0.0	[0, 0.01)	55.266666666666666	0.0	0.0		0.0	False	False
E3	NZ_CP133850.1	CP137432.1	0.0	[0, 0.01)	55.266666666666666	0.18794964028776978	0.10067194624430045	83.547	0.18794964028776978	False	False
E3	NZ_CP133865.1	CP141540.1	0.0	[0, 0.01)	55.266666666666666	0.0	0.0		0.0	False	False
E3	NZ_CP133865.1	CP133743.1	0.0	[0, 0.01)	55.266666666666666	0.0	0.0		0.0	False	False
E3	NZ_CP133865.1	NZ_CP137393.1	0.0	[0, 0.01)	55.266666666666666	0.0	0.0		0.0	False	False
E3	NZ_CP137384.1	NZ_CP141857.1	0.0	[0, 0.01)	55.266666666666666	0.0	0.0		0.0	False	False
E3	NZ_CP141857.1	NZ_CP141854.1	0.0049504950495049	[0, 0.01)	55.266666666666666	0.1042011661401873	0.021745755775309336	95.11823636121115	0.1042011661401873	False	False
E3	NZ_CP133740.1	NZ_CP137374.1	0.0	[0, 0.01)	55.266666666666666	0.0	0.0		0.0	False	False
E3	NZ_CP133740.1	CP141859.1	0.0	[0, 0.01)	55.266666666666666	0.0	0.0		0.0	False	False
E3	NZ_CP133740.1	CP133742.1	0.0	[0, 0.01)	55.266666666666666	0.0	0.0		0.0	False	False
E3	NZ_CP137365.1	CP138474.1	0.0	[0, 0.01)	55.266666666666666	0.0	0.0		0.0	False	False
E3	CP137432.1	CP133851.1	0.0	[0, 0.01)	55.266666666666666	0.0	0.0		0.0	False	False
E3	CP137394.1	NZ_CP133743.1	0.0	[0, 0.01)	55.266666666666666	0.0	0.0		0.0	False	False
E3	NZ_CP141572.1	NZ_CP133743.1	0.0	[0, 0.01)	55.266666666666666	0.0	0.0		0.0	False	False
E3	CP133850.1	CP137357.1	0.0	[0, 0.01)	55.266666666666666	0.0	0.0		0.0	False	False
E3	CP133850.1	NZ_CP133849.1	0.0	[0, 0.01)	55.266666666666666	0.0	0.0		0.0	False	False
E3	CP133850.1	CP141859.1	0.0	[0, 0.01)	55.266666666666666	0.0	0.0		0.0	False	False
E3	CP138474.1	CP133743.1	0.0	[0, 0.01)	55.266666666666666	0.0	0.0		0.0	False	False
E3	NZ_CP137377.1	CP137410.1	0.0	[0, 0.01)	55.266666666666666	0.0	0.0		0.0	False	False
E3	NZ_CP137377.1	CP133748.1	0.0	[0, 0.01)	55.266666666666666	0.034304197731426414	0.00757532060525658	92.9568409953606	0.034304197731426414	False	False
E3	NZ_CP141860.1	CP137422.1	0.0	[0, 0.01)	55.266666666666666	0.0	0.0		0.0	False	False
E3	CP137422.1	NZ_CP137413.1	0.0	[0, 0.01)	55.266666666666666	0.0	0.0		0.0	False	False
E3	NZ_CP137357.1	NZ_CP133849.1	0.0	[0, 0.01)	55.266666666666666	0.04175758236962688	0.024156260812128457	92.83821614583333	0.04175758236962688	False	False
E3	CP141859.1	NZ_CP137357.1	0.0	[0, 0.01)	55.266666666666666	0.0	0.0		0.0	False	False
E3	NZ_CP137357.1	CP141538.1	0.0026109660574412	[0, 0.01)	55.266666666666666	0.2114881082260528	0.02151136993899057	89.46471546179572	0.2114881082260528	False	False
E3	NZ_CP137369.1	NZ_CP137374.1	0.0	[0, 0.01)	55.266666666666666	0.0	0.0		0.0	False	False
E3	NZ_CP137369.1	NZ_CP133867.1	0.0	[0, 0.01)	55.266666666666666	0.0	0.0		0.0	False	False
E3	NZ_CP137369.1	NZ_CP137413.1	0.0	[0, 0.01)	55.266666666666666	0.0	0.0		0.0	False	False
E3	NZ_CP137384.1	NZ_CP137414.1	0.0	[0, 0.01)	55.266666666666666	0.0	0.0		0.0	False	False
E3	NZ_CP137390.1	CP133742.1	0.0	[0, 0.01)	55.266666666666666	0.0	0.0		0.0	False	False
E3	CP133858.1	CP137352.1	0.0065502183406113	[0, 0.01)	55.266666666666666	0.07897432452855535	0.02700056400287441	94.70851412847922	0.07897432452855535	False	False
E3	NZ_CP137389.1	CP133858.1	0.0	[0, 0.01)	55.266666666666666	0.0	0.0		0.0	False	False
E3	NZ_CP137432.1	NZ_CP137374.1	0.0	[0, 0.01)	55.266666666666666	0.0	0.0		0.0	False	False
E3	NZ_CP137398.1	CP137399.1	0.0	[0, 0.01)	55.266666666666666	0.0	0.0		0.0	False	False
E3	NZ_CP137422.1	NZ_CP137411.1	0.0	[0, 0.01)	55.266666666666666	0.0	0.0		0.0	False	False
E3	NZ_CP137389.1	NZ_CP137411.1	0.0	[0, 0.01)	55.266666666666666	0.0	0.0		0.0	False	False
E3	NZ_CP141572.1	CP137352.1	0.0	[0, 0.01)	55.266666666666666	0.0	0.0		0.0	False	False
E3	CP141564.1	NZ_CP138475.1	0.0	[0, 0.01)	55.266666666666666	0.012650406504065041	0.002319314103099176	99.486	0.012650406504065041	False	False
E3	CP133862.1	CP137394.1	0.0	[0, 0.01)	55.266666666666666	0.0	0.0		0.0	False	False
E3	CP133872.1	NZ_CP141854.1	0.0	[0, 0.01)	55.266666666666666	0.0	0.0		0.0	False	False
E3	CP141549.1	NZ_CP141854.1	0.0053050397877984	[0, 0.01)	55.266666666666666	0.10831601235455234	0.01618450803565468	98.09930638221587	0.10831601235455234	False	False
E3	CP133851.1	NZ_CP137383.1	0.0	[0, 0.01)	55.266666666666666	0.0	0.0		0.0	False	False
E3	CP133851.1	CP137363.1	0.0	[0, 0.01)	55.266666666666666	0.05391611594582216	0.005016147245836872	99.75741747572816	0.05391611594582216	False	False
E3	CP141553.1	CP133851.1	0.0	[0, 0.01)	55.266666666666666	0.0	0.0		0.0	False	False
E3	NZ_CP141556.1	NZ_CP137387.1	0.0	[0, 0.01)	55.266666666666666	0.0	0.0		0.0	False	False
E3	NZ_CP141556.1	NZ_CP133870.1	0.0	[0, 0.01)	55.266666666666666	0.0	0.0		0.0	False	False
E3	NZ_CP137361.1	CP141579.1	0.0	[0, 0.01)	55.266666666666666	0.0	0.0		0.0	False	False
E3	NZ_CP137383.1	NZ_CP141858.1	0.0	[0, 0.01)	55.266666666666666	0.012148010239702118	0.0047252541933617415	92.219	0.012148010239702118	False	False
E3	CP137369.1	CP137358.1	0.0	[0, 0.01)	55.266666666666666	0.0	0.0		0.0	False	False
E3	CP141553.1	CP137358.1	0.0	[0, 0.01)	55.266666666666666	0.0	0.0		0.0	False	False
E3	CP133872.1	NZ_CP137389.1	0.0	[0, 0.01)	55.266666666666666	0.0	0.0		0.0	False	False
E3	CP137399.1	CP133743.1	0.0	[0, 0.01)	55.266666666666666	0.0	0.0		0.0	False	False
E3	NZ_CP133862.1	CP133743.1	0.0080971659919028	[0, 0.01)	55.266666666666666	0.04127940389607816	0.01051047259246539	96.54525143953934	0.04127940389607816	False	False
E3	CP137413.1	NZ_CP141858.1	0.0	[0, 0.01)	55.266666666666666	0.0	0.0		0.0	False	False
E3	CP141553.1	CP137413.1	0.0	[0, 0.01)	55.266666666666666	0.0	0.0		0.0	False	False
E3	NZ_CP141572.1	NZ_CP137387.1	0.0	[0, 0.01)	55.266666666666666	0.0	0.0		0.0	False	False
E3	CP137410.1	CP133748.1	0.0	[0, 0.01)	55.266666666666666	0.0	0.0		0.0	False	False
E3	NZ_CP133870.1	CP141853.1	0.0	[0, 0.01)	55.266666666666666	0.0	0.0		0.0	False	False
E3	CP137429.1	CP141853.1	0.0	[0, 0.01)	55.266666666666666	0.0	0.0		0.0	False	False
E3	NZ_CP137356.1	CP133742.1	0.0	[0, 0.01)	55.266666666666666	0.08808706247230838	0.02577311230900174	94.60745524376863	0.08808706247230838	False	False
E3	CP141549.1	NZ_CP133864.1	0.0172413793103448	[0.01, 0.05)	9.28	0.023368752306765866	0.018918663898848838	95.598	0.023368752306765866	False	False
E3	NZ_CP141563.1	NZ_CP137375.1	0.01707779886148	[0.01, 0.05)	9.28	0.12738958470665787	0.021854097262692773	99.87052895522388	0.12738958470665787	False	False
E3	CP140296.1	NZ_CP141563.1	0.0222222222222222	[0.01, 0.05)	9.28	0.09794821690278456	0.015250240859996957	95.515	0.09794821690278456	False	False
E3	CP137374.1	NZ_CP141563.1	0.0252100840336134	[0.01, 0.05)	9.28	0.13160412994208007	0.06631256021499923	97.66763314853756	0.13160412994208007	False	False
E3	NZ_CP141563.1	CP141555.1	0.0301003344481605	[0.01, 0.05)	9.28	0.1477232391866538	0.04722571231710777	99.60536058682224	0.1477232391866538	False	False
E3	NZ_CP137431.1	NZ_CP141563.1	0.017094017094017	[0.01, 0.05)	9.28	0.12704560331660483	0.05911211399016277	97.4477308599614	0.12704560331660483	False	False
E3	NZ_CP141563.1	CP137386.1	0.0227272727272727	[0.01, 0.05)	9.28	0.12745296891638355	0.030860597876127924	99.85079562406764	0.12745296891638355	False	False
E3	NZ_CP141563.1	NZ_CP140290.1	0.0294117647058823	[0.01, 0.05)	9.28	0.14769788550276355	0.04727185679276823	99.10750098687033	0.14769788550276355	False	False
E3	CP137357.1	NZ_CP141563.1	0.017094017094017	[0.01, 0.05)	9.28	0.12696377918394064	0.05907408346432737	97.46753605150215	0.12696377918394064	False	False
E3	NZ_CP141563.1	NZ_CP141566.1	0.0301003344481605	[0.01, 0.05)	9.28	0.1477232391866538	0.047225903724329124	99.60536058682224	0.1477232391866538	False	False
E3	NZ_CP141563.1	NZ_CP141540.1	0.0185185185185185	[0.01, 0.05)	9.28	0.09872724506870849	0.03642111564218639	98.96114599101989	0.09872724506870849	False	False
E3	CP138476.1	CP138475.1	0.0289017341040462	[0.01, 0.05)	9.28	0.38042766746672485	0.0416373522853293	95.43580254685935	0.38042766746672485	False	False
E3	NZ_CP133855.1	CP138475.1	0.0239234449760765	[0.01, 0.05)	9.28	0.0815121395499535	0.023297480354395966	99.97443262955854	0.0815121395499535	False	False
E3	NZ_CP133845.1	CP138475.1	0.0193423597678916	[0.01, 0.05)	9.28	0.11187910437334078	0.0763197433848869	96.14585188219235	0.11187910437334078	False	False
E3	NZ_CP137355.1	CP138475.1	0.020703933747412	[0.01, 0.05)	9.28	0.09216890158965499	0.046025566115357554	96.02403632713849	0.09216890158965499	False	False
E3	NZ_CP141857.1	CP138475.1	0.0179487179487179	[0.01, 0.05)	9.28	0.12749613837825802	0.027327959361324095	94.34208852065845	0.12749613837825802	False	False
E3	NZ_CP140290.1	CP138475.1	0.0317757009345794	[0.01, 0.05)	9.28	0.11543486375513251	0.08482786992761832	96.38609696905843	0.11543486375513251	False	False
E3	CP141858.1	CP138475.1	0.0148619957537154	[0.01, 0.05)	9.28	0.07772560979284823	0.03842072000095396	93.96170606929694	0.07772560979284823	False	False
E3	CP133867.1	CP138475.1	0.0317848410757946	[0.01, 0.05)	9.28	0.19363056042207857	0.05736277888410584	97.09205140720738	0.19363056042207857	False	False
E3	NZ_CP141858.1	CP138475.1	0.0148619957537154	[0.01, 0.05)	9.28	0.07772560979284823	0.03842072000095396	93.96170606929694	0.07772560979284823	False	False
E3	NZ_CP137420.1	NZ_CP141856.1	0.0328467153284671	[0.01, 0.05)	9.28	0.18169351358124383	0.14179100433036512	95.06867824427479	0.18169351358124383	False	False
E3	NZ_CP141552.1	NZ_CP141541.1	0.0266666666666666	[0.01, 0.05)	9.28	0.19589643380556912	0.018878583870815875	95.51503322259137	0.19589643380556912	False	False
E3	NZ_CP141549.1	NZ_CP141541.1	0.0172413793103448	[0.01, 0.05)	9.28	0.023368752306765866	0.018878583870815875	95.598	0.023368752306765866	False	False
E3	NZ_CP137407.1	NZ_CP137375.1	0.0264084507042253	[0.01, 0.05)	9.28	0.1829729445836647	0.05301956213522141	96.93695917280918	0.1829729445836647	False	False
E3	CP141857.1	NZ_CP137375.1	0.0135922330097087	[0.01, 0.05)	9.28	0.12742655960813237	0.01992310837022798	94.36064430628272	0.12742655960813237	False	False
E3	NZ_CP137404.1	NZ_CP137375.1	0.0251450676982591	[0.01, 0.05)	9.28	0.19751977388751343	0.039202553776301025	97.2942154025283	0.19751977388751343	False	False
E3	NZ_CP141555.1	NZ_CP137375.1	0.0197869101978691	[0.01, 0.05)	9.28	0.1203339683054351	0.06452938669357294	96.67395256690794	0.1203339683054351	False	False
E3	CP141555.1	NZ_CP137375.1	0.0197869101978691	[0.01, 0.05)	9.28	0.1203339683054351	0.06452938669357294	96.67395256690794	0.1203339683054351	False	False
E3	CP137387.1	NZ_CP137375.1	0.0212314225053078	[0.01, 0.05)	9.28	0.3805640410211652	0.03034783894508859	95.45254210827845	0.3805640410211652	False	False
E3	NZ_CP137362.1	NZ_CP137375.1	0.0276008492569002	[0.01, 0.05)	9.28	0.4529865028203062	0.039124270442822726	96.44990222222222	0.4529865028203062	False	False
E3	NZ_CP141551.1	NZ_CP137375.1	0.0183823529411764	[0.01, 0.05)	9.28	0.1549425115023848	0.035966842659197855	97.20420113519714	0.1549425115023848	False	False
E3	NZ_CP137381.1	NZ_CP137375.1	0.0392561983471074	[0.01, 0.05)	9.28	0.42495930748742233	0.04995563944436229	99.6342553737708	0.42495930748742233	False	False
E3	NZ_CP137422.1	NZ_CP137375.1	0.0251450676982591	[0.01, 0.05)	9.28	0.19750895527293044	0.039202553776301025	97.2941088378798	0.19750895527293044	False	False
E3	NZ_CP133867.1	NZ_CP137375.1	0.0243445692883895	[0.01, 0.05)	9.28	0.19358021708048895	0.04183809267007054	97.09190683907148	0.19358021708048895	False	False
E3	NZ_CP137414.1	NZ_CP137375.1	0.0392561983471074	[0.01, 0.05)	9.28	0.43021122013332336	0.04995346490732123	99.63443229483946	0.43021122013332336	False	False
E3	CP137427.1	NZ_CP137375.1	0.0276008492569002	[0.01, 0.05)	9.28	0.45297272795950744	0.03912209590578166	96.44970331685093	0.45297272795950744	False	False
E3	CP141544.1	NZ_CP137375.1	0.0164271047227926	[0.01, 0.05)	9.28	0.24005905320616175	0.026870754216427324	98.38257295373666	0.24005905320616175	False	False
E3	CP141555.1	CP140295.1	0.0119760479041916	[0.01, 0.05)	9.28	0.10080249665626394	0.08009665726943214	96.39292408419024	0.10080249665626394	False	False
E3	NZ_CP137431.1	CP140295.1	0.0258064516129032	[0.01, 0.05)	9.28	0.3390246563386428	0.04007732581554571	94.19486582624057	0.3390246563386428	False	False
E3	NZ_CP137427.1	CP140295.1	0.0255591054313099	[0.01, 0.05)	9.28	0.31542897433960365	0.040396294804671766	93.15690416633475	0.31542897433960365	False	False
E3	CP137357.1	CP140295.1	0.0258064516129032	[0.01, 0.05)	9.28	0.34344315950250925	0.04059605316149819	94.12638937772495	0.34344315950250925	False	False
E3	NZ_CP133867.1	CP140295.1	0.0267379679144385	[0.01, 0.05)	9.28	0.15776596387361808	0.05043576318968989	93.91803298379408	0.15776596387361808	False	False
E3	CP133742.1	CP140295.1	0.0119760479041916	[0.01, 0.05)	9.28	0.0984314838082114	0.07820861860652437	96.3021261928266	0.0984314838082114	False	False
E3	NZ_CP140296.1	CP141544.1	0.0408163265306122	[0.01, 0.05)	9.28	0.25370460836997233	0.06052953631577925	99.93626829268293	0.25370460836997233	False	False
E3	CP137370.1	NZ_CP137382.1	0.010593220338983	[0.01, 0.05)	9.28	0.07961889904167595	0.038595995939476574	95.03131627979194	0.07961889904167595	False	False
E3	CP137422.1	CP137370.1	0.0292887029288702	[0.01, 0.05)	9.28	0.16369253015215748	0.09242750662407449	92.94540811009419	0.16369253015215748	False	False
E3	CP137370.1	NZ_CP141540.1	0.0231884057971014	[0.01, 0.05)	9.28	0.09183319713740931	0.0693348048935613	96.6829928681962	0.09183319713740931	False	False
E3	NZ_CP133858.1	CP141850.1	0.0156862745098039	[0.01, 0.05)	9.28	0.07358398683481386	0.060117533309104375	98.99637457240593	0.07358398683481386	False	False
E3	NZ_CP133858.1	NZ_CP141854.1	0.0153508771929824	[0.01, 0.05)	9.28	0.08126647747309029	0.028070368940605526	98.01090064928373	0.08126647747309029	False	False
E3	NZ_CP141544.1	NZ_CP137364.1	0.0124223602484472	[0.01, 0.05)	9.28	0.06305483789506401	0.028714195851901728	99.96961194949185	0.06305483789506401	False	False
E3	NZ_CP137401.1	NZ_CP141849.1	0.0204081632653061	[0.01, 0.05)	9.28	0.06414949770134513	0.048035768269980426	98.84146640185371	0.06414949770134513	False	False
E3	NZ_CP137401.1	CP141849.1	0.0204081632653061	[0.01, 0.05)	9.28	0.06414949770134513	0.048035768269980426	98.84146640185371	0.06414949770134513	False	False
E3	NZ_CP137401.1	NZ_CP137370.1	0.0256410256410256	[0.01, 0.05)	9.28	0.20847522560871787	0.06065052125894559	93.23958368967624	0.20847522560871787	False	False
E3	NZ_CP137401.1	CP133853.1	0.0168539325842696	[0.01, 0.05)	9.28	0.19904648390941598	0.06594738585351759	96.35834856898761	0.19904648390941598	False	False
E3	NZ_CP137401.1	NZ_CP137376.1	0.0374331550802139	[0.01, 0.05)	9.28	0.14687978886429423	0.044591791232866086	96.40687351492322	0.14687978886429423	False	False
E3	NZ_CP137401.1	CP141545.1	0.0203252032520325	[0.01, 0.05)	9.28	0.09916141665247744	0.022720616946505272	97.72580004290926	0.09916141665247744	False	False
E3	NZ_CP137401.1	CP133748.1	0.0231788079470198	[0.01, 0.05)	9.28	0.2375063851523923	0.03578730140419014	98.19287511182681	0.2375063851523923	False	False
E3	CP137381.1	NZ_CP137420.1	0.0327868852459016	[0.01, 0.05)	9.28	0.09627478543947914	0.03623289292327398	99.28961720099826	0.09627478543947914	False	False
E3	CP137381.1	CP137353.1	0.0260416666666666	[0.01, 0.05)	9.28	0.06000295945546019	0.024993254442431483	99.66112322858903	0.06000295945546019	False	False
E3	CP137381.1	NZ_CP133857.1	0.0147058823529411	[0.01, 0.05)	9.28	0.09830941106836343	0.017749070842813963	99.86838293874483	0.09830941106836343	False	False
E3	CP137381.1	NZ_CP137363.1	0.0112994350282485	[0.01, 0.05)	9.28	0.16312148564664103	0.026833952742292392	99.20647154840172	0.16312148564664103	False	False
E3	CP137381.1	CP133867.1	0.0201342281879194	[0.01, 0.05)	9.28	0.16415729505770937	0.0892486759701162	96.11482432432432	0.16415729505770937	False	False
E3	NZ_CP137407.1	CP137355.1	0.0167785234899328	[0.01, 0.05)	9.28	0.152308638825948	0.12125976720133438	85.89382040876195	0.152308638825948	False	False
E3	CP137353.1	NZ_CP137407.1	0.0183823529411764	[0.01, 0.05)	9.28	0.03022009790694985	0.02940382047088129	96.91420709002806	0.03022009790694985	False	False
E3	CP133741.1	NZ_CP137407.1	0.0106382978723404	[0.01, 0.05)	9.28	0.05531662748246268	0.021713359643462733	98.2032401520387	0.05531662748246268	False	False
E3	NZ_CP137407.1	CP137386.1	0.0226244343891402	[0.01, 0.05)	9.28	0.14399543824372382	0.05890368915352035	96.4212475031211	0.14399543824372382	False	False
E3	NZ_CP137365.1	NZ_CP137407.1	0.0444444444444444	[0.01, 0.05)	9.28	0.24606477627952575	0.09988595609309585	97.0217223555889	0.24606477627952575	False	False
E3	CP141563.1	NZ_CP137407.1	0.0137614678899082	[0.01, 0.05)	9.28	0.09164089042137823	0.05414834711363875	97.84294662610618	0.09164089042137823	False	False
E3	CP140294.1	NZ_CP137407.1	0.0220264317180616	[0.01, 0.05)	9.28	0.11226806395064803	0.0880839123062379	82.5360025310048	0.11226806395064803	False	False
E3	NZ_CP133862.1	NZ_CP137407.1	0.0337078651685393	[0.01, 0.05)	9.28	0.32855076197459426	0.12442040185471406	96.68185030408861	0.32855076197459426	False	False
E3	NZ_CP137407.1	NZ_CP137360.1	0.0336322869955156	[0.01, 0.05)	9.28	0.20041716060683362	0.07766062229608603	97.19770660987186	0.20041716060683362	False	False
E3	NZ_CP137407.1	CP141858.1	0.0176678445229682	[0.01, 0.05)	9.28	0.1413019012319743	0.1134663717400869	87.36609218098306	0.1413019012319743	False	False
E3	NZ_CP141552.1	NZ_CP141544.1	0.0408163265306122	[0.01, 0.05)	9.28	0.5065950170981924	0.06052953631577925	99.96799743260591	0.5065950170981924	False	True
E3	NZ_CP141544.1	NZ_CP137428.1	0.0124223602484472	[0.01, 0.05)	9.28	0.06305483789506401	0.02871394145580835	99.96961194949185	0.06305483789506401	False	False
E3	CP141552.1	NZ_CP141544.1	0.0408163265306122	[0.01, 0.05)	9.28	0.5065950170981924	0.06052953631577925	99.96799743260591	0.5065950170981924	False	True
E3	NZ_CP141544.1	NZ_CP137376.1	0.0353535353535353	[0.01, 0.05)	9.28	0.10423667903416928	0.03463942043596554	99.98131121878494	0.10423667903416928	False	False
E3	NZ_CP141544.1	CP133864.1	0.0172413793103448	[0.01, 0.05)	9.28	0.023368752306765866	0.018918663898848838	95.598	0.023368752306765866	False	False
E3	NZ_CP141544.1	NZ_CP137377.1	0.0169491525423728	[0.01, 0.05)	9.28	0.046640377629713084	0.034826375794145804	97.75191174021649	0.046640377629713084	False	False
E3	NZ_CP141544.1	CP137356.1	0.0165289256198347	[0.01, 0.05)	9.28	0.046640377629713084	0.03324379707576429	97.75191174021649	0.046640377629713084	False	False
E3	NZ_CP141544.1	CP137352.1	0.0161725067385444	[0.01, 0.05)	9.28	0.17673225975640552	0.026050061696761134	97.80237494505494	0.17673225975640552	False	False
E3	NZ_CP141544.1	CP137413.1	0.0124223602484472	[0.01, 0.05)	9.28	0.06305483789506401	0.02871470465761192	99.96961194949185	0.06305483789506401	False	False
E3	CP137404.1	CP141558.1	0.0170648464163822	[0.01, 0.05)	9.28	0.08372954142109068	0.0345719895406386	99.6204196206671	0.08372954142109068	False	False
E3	CP141558.1	NZ_CP141555.1	0.0209790209790209	[0.01, 0.05)	9.28	0.044972539652380045	0.04028695334981559	99.57746469523235	0.044972539652380045	False	False
E3	CP141558.1	CP140290.1	0.0206422018348623	[0.01, 0.05)	9.28	0.04498611148810655	0.040341951084927864	99.56750427350427	0.04498611148810655	False	False
E3	CP141579.1	CP141558.1	0.0419847328244274	[0.01, 0.05)	9.28	0.15023510073015023	0.03555820960343096	100.0	0.15023510073015023	False	False
E3	CP137376.1	CP141558.1	0.010752688172043	[0.01, 0.05)	9.28	0.03804519927360618	0.026632465640635886	99.15070788043478	0.03804519927360618	False	False
E3	CP141858.1	CP141558.1	0.0136612021857923	[0.01, 0.05)	9.28	0.02629628067045571	0.019801308324964035	99.97688919351154	0.02629628067045571	False	False
E3	NZ_CP141552.1	CP137383.1	0.0266666666666666	[0.01, 0.05)	9.28	0.19589643380556912	0.018664184314638118	95.51503322259137	0.19589643380556912	False	False
E3	NZ_CP141552.1	NZ_CP141564.1	0.027027027027027	[0.01, 0.05)	9.28	0.19589643380556912	0.019560975609756098	95.51503322259137	0.19589643380556912	False	False
E3	NZ_CP141552.1	CP133864.1	0.0266666666666666	[0.01, 0.05)	9.28	0.19589643380556912	0.018918663898848838	95.51503322259137	0.19589643380556912	False	False
E3	CP137355.1	CP137360.1	0.0205761316872428	[0.01, 0.05)	9.28	0.09218085837782256	0.044863544048556414	96.01808190352862	0.09218085837782256	False	False
E3	CP141857.1	CP137355.1	0.0168067226890756	[0.01, 0.05)	9.28	0.21881131629117323	0.09393850623845422	95.88102183156695	0.21881131629117323	False	False
E3	CP137431.1	CP137355.1	0.0151515151515151	[0.01, 0.05)	9.28	0.3912011782675104	0.08559266809749565	96.65573453177257	0.3912011782675104	False	False
E3	CP137355.1	NZ_CP137392.1	0.0205761316872428	[0.01, 0.05)	9.28	0.09219879356007389	0.04501232855152635	96.01238645779387	0.09219879356007389	False	False
E3	CP137355.1	NZ_CP141558.1	0.0131233595800524	[0.01, 0.05)	9.28	0.04046177115903126	0.030618061398984826	99.24636297828334	0.04046177115903126	False	False
E3	NZ_CP137427.1	CP137355.1	0.0303030303030303	[0.01, 0.05)	9.28	0.37584044723124577	0.08907209345425632	97.00046986741661	0.37584044723124577	False	False
E3	CP133858.1	CP137355.1	0.0101351351351351	[0.01, 0.05)	9.28	0.053508757199711175	0.03795084564384315	88.83867265064005	0.053508757199711175	False	False
E3	CP137355.1	CP137352.1	0.0204081632653061	[0.01, 0.05)	9.28	0.09209716086064962	0.044172590605487144	96.80513706175878	0.09209716086064962	False	False
E3	CP137355.1	CP141540.1	0.02	[0.01, 0.05)	9.28	0.09347816989400308	0.0730947659845112	97.42477417087355	0.09347816989400308	False	False
E3	CP137355.1	NZ_CP138475.1	0.020703933747412	[0.01, 0.05)	9.28	0.09216890158965499	0.046025566115357554	96.02403632713849	0.09216890158965499	False	False
E3	CP133851.1	CP137355.1	0.0153846153846153	[0.01, 0.05)	9.28	0.08947850552901918	0.01635090781914162	99.85388665447898	0.08947850552901918	False	False
E3	NZ_CP133867.1	CP137355.1	0.0190839694656488	[0.01, 0.05)	9.28	0.11726977989891058	0.06958252874112955	93.84060615938921	0.11726977989891058	False	False
E3	CP137419.1	NZ_CP137377.1	0.0259740259740259	[0.01, 0.05)	9.28	0.1152092493079303	0.02052449885410925	96.11581638418077	0.1152092493079303	False	False
E3	NZ_CP141849.1	CP137360.1	0.0129198966408268	[0.01, 0.05)	9.28	0.11193495521010677	0.020425536860394507	98.06819034090908	0.11193495521010677	False	False
E3	CP137431.1	CP137360.1	0.0286532951289398	[0.01, 0.05)	9.28	0.38083678813004584	0.04062444614253712	95.49764525119703	0.38083678813004584	False	False
E3	NZ_CP141555.1	CP137360.1	0.0242990654205607	[0.01, 0.05)	9.28	0.1289628338669801	0.09241465873663841	96.48722366975359	0.1289628338669801	False	False
E3	NZ_CP133742.1	CP137360.1	0.0242990654205607	[0.01, 0.05)	9.28	0.12898715194747296	0.09244080807259056	96.4817773837173	0.12898715194747296	False	False
E3	NZ_CP137376.1	CP137360.1	0.0167364016736401	[0.01, 0.05)	9.28	0.07383495867181088	0.03318931828681173	97.9084159446924	0.07383495867181088	False	False
E3	CP141566.1	CP137360.1	0.0242990654205607	[0.01, 0.05)	9.28	0.13255434099761276	0.09499182106881053	96.57328776495024	0.13255434099761276	False	False
E3	NZ_CP140290.1	CP137360.1	0.0315985130111524	[0.01, 0.05)	9.28	0.13163169255238003	0.09430031640696503	96.44443416961677	0.13163169255238003	False	False
E3	CP141858.1	CP137360.1	0.0147679324894514	[0.01, 0.05)	9.28	0.0912926342689417	0.043983183071501	94.13932147571276	0.0912926342689417	False	False
E3	CP141857.1	CP141576.1	0.0163934426229508	[0.01, 0.05)	9.28	0.14429245348659217	0.04570768423512604	89.9257839892235	0.14429245348659217	False	False
E3	CP141857.1	NZ_CP141555.1	0.03886925795053	[0.01, 0.05)	9.28	0.26910285133799977	0.0784947108174928	95.39495616749174	0.26910285133799977	False	False
E3	CP141857.1	CP141580.1	0.03886925795053	[0.01, 0.05)	9.28	0.26918634586215057	0.07851433944522802	95.38082786885246	0.26918634586215057	False	False
E3	CP133855.1	NZ_CP137382.1	0.0246305418719211	[0.01, 0.05)	9.28	0.0724923964506318	0.020876256149350375	99.95687282405409	0.0724923964506318	False	False
E3	CP133855.1	NZ_CP137392.1	0.0237529691211401	[0.01, 0.05)	9.28	0.0815121395499535	0.022774302985083327	99.97442935756335	0.0815121395499535	False	False
E3	CP133855.1	CP133863.1	0.012396694214876	[0.01, 0.05)	9.28	0.08849381787017005	0.06502304147465438	85.23141019644528	0.08849381787017005	False	False
E3	CP133855.1	CP137420.1	0.0170212765957446	[0.01, 0.05)	9.28	0.0857136884791856	0.05695629777103318	85.67432329098608	0.0857136884791856	False	False
E3	NZ_CP137422.1	CP133855.1	0.0109289617486338	[0.01, 0.05)	9.28	0.10299385454664958	0.09829743203837833	85.08274976313295	0.10299385454664958	False	False
E3	CP133855.1	CP141561.1	0.0121951219512195	[0.01, 0.05)	9.28	0.0850656883955727	0.05695047511169844	92.87650269277846	0.0850656883955727	False	False
E3	CP137407.1	NZ_CP137424.1	0.0305164319248826	[0.01, 0.05)	9.28	0.14305757716720938	0.058020862185994275	97.99742222804718	0.14305757716720938	False	False
E3	CP137385.1	NZ_CP137424.1	0.0240963855421686	[0.01, 0.05)	9.28	0.19493339376998817	0.023622910052749007	97.24286781757277	0.19493339376998817	False	False
E3	NZ_CP137427.1	NZ_CP137424.1	0.0240963855421686	[0.01, 0.05)	9.28	0.19493339376998817	0.023622910052749007	97.22996882246842	0.19493339376998817	False	False
E3	NZ_CP137381.1	NZ_CP137424.1	0.0112676056338028	[0.01, 0.05)	9.28	0.16312148564664103	0.026834116096512723	99.20647154840172	0.16312148564664103	False	False
E3	NZ_CP137357.1	NZ_CP137424.1	0.0243161094224924	[0.01, 0.05)	9.28	0.20837879118481345	0.023318530332960975	97.22002310101801	0.20837879118481345	False	False
E3	CP141573.1	NZ_CP141549.1	0.0408163265306122	[0.01, 0.05)	9.28	0.2536839534315721	0.06052953631577925	99.93626829268293	0.2536839534315721	False	False
E3	CP140296.1	NZ_CP141549.1	0.0408163265306122	[0.01, 0.05)	9.28	0.25370460836997233	0.06052953631577925	99.93626829268293	0.25370460836997233	False	False
E3	NZ_CP141549.1	CP133864.1	0.0172413793103448	[0.01, 0.05)	9.28	0.023368752306765866	0.018918663898848838	95.598	0.023368752306765866	False	False
E3	NZ_CP141549.1	NZ_CP137353.1	0.0106951871657754	[0.01, 0.05)	9.28	0.06305483789506401	0.024985545233781752	99.96961194949185	0.06305483789506401	False	False
E3	NZ_CP141549.1	NZ_CP137377.1	0.0169491525423728	[0.01, 0.05)	9.28	0.046640377629713084	0.034826375794145804	97.75191174021649	0.046640377629713084	False	False
E3	NZ_CP141549.1	CP137394.1	0.0125	[0.01, 0.05)	9.28	0.06305483789506401	0.02871470465761192	99.96961194949185	0.06305483789506401	False	False
E3	CP137401.1	NZ_CP141545.1	0.0203252032520325	[0.01, 0.05)	9.28	0.09916141665247744	0.022720616946505272	97.72580004290926	0.09916141665247744	False	False
E3	NZ_CP137362.1	NZ_CP141545.1	0.0244897959183673	[0.01, 0.05)	9.28	0.26311946011281223	0.05102010933229208	95.93756060026762	0.26311946011281223	False	False
E3	NZ_CP141545.1	CP137386.1	0.0171428571428571	[0.01, 0.05)	9.28	0.06784459195626709	0.04270149162114051	96.03413420504346	0.06784459195626709	False	False
E3	CP137415.1	NZ_CP141545.1	0.0246913580246913	[0.01, 0.05)	9.28	0.257218180435499	0.04955095665755564	96.0332773622047	0.257218180435499	False	False
E3	NZ_CP141545.1	NZ_CP137363.1	0.0136452241715399	[0.01, 0.05)	9.28	0.05206462319406482	0.03249538106587042	97.08851713162329	0.05206462319406482	False	False
E3	CP137357.1	NZ_CP141545.1	0.0333333333333333	[0.01, 0.05)	9.28	0.2849661793584988	0.05101522842639594	96.30996759392025	0.2849661793584988	False	False
E3	CP137365.1	NZ_CP141545.1	0.0188679245283018	[0.01, 0.05)	9.28	0.07887094685829495	0.02079754002342835	96.6961783036551	0.07887094685829495	False	False
E3	NZ_CP133862.1	NZ_CP141545.1	0.023076923076923	[0.01, 0.05)	9.28	0.21761360258417392	0.05369484576337368	95.04045744390955	0.21761360258417392	False	False
E3	NZ_CP137414.1	NZ_CP141545.1	0.0188679245283018	[0.01, 0.05)	9.28	0.0798442064264849	0.02079754002342835	96.6961783036551	0.0798442064264849	False	False
E3	NZ_CP141545.1	NZ_CP137360.1	0.0168539325842696	[0.01, 0.05)	9.28	0.07540511518937915	0.044927464647550534	95.34645003877972	0.07540511518937915	False	False
E3	CP141858.1	NZ_CP141545.1	0.0306406685236768	[0.01, 0.05)	9.28	0.12037343973191415	0.09757907067551738	93.9487095535046	0.12037343973191415	False	False
E3	NZ_CP141545.1	CP141538.1	0.0364963503649635	[0.01, 0.05)	9.28	0.13650917610308475	0.07757071547420966	96.43053996783992	0.13650917610308475	False	False
E3	CP141573.1	NZ_CP133747.1	0.0232558139534883	[0.01, 0.05)	9.28	0.09794024261173981	0.015395247053403463	95.515	0.09794024261173981	False	False
E3	CP141573.1	NZ_CP141564.1	0.027027027027027	[0.01, 0.05)	9.28	0.09794024261173981	0.019560975609756098	95.515	0.09794024261173981	False	False
E3	CP141573.1	NZ_CP137377.1	0.0259740259740259	[0.01, 0.05)	9.28	0.1151998697386632	0.02052449885410925	96.11581638418077	0.1151998697386632	False	False
E3	CP141573.1	CP141549.1	0.0408163265306122	[0.01, 0.05)	9.28	0.2536839534315721	0.06052953631577925	99.93626829268293	0.2536839534315721	False	False
E3	CP137401.1	NZ_CP133853.1	0.0168539325842696	[0.01, 0.05)	9.28	0.19904648390941598	0.06594738585351759	96.35834856898761	0.19904648390941598	False	False
E3	NZ_CP133853.1	CP137424.1	0.0344036697247706	[0.01, 0.05)	9.28	0.17832855300526423	0.0771298209942868	95.44067379215144	0.17832855300526423	False	False
E3	NZ_CP141579.1	NZ_CP133853.1	0.0253807106598984	[0.01, 0.05)	9.28	0.10734355288810735	0.03964031261231422	99.46723031810912	0.10734355288810735	False	False
E3	NZ_CP137362.1	NZ_CP133853.1	0.0168539325842696	[0.01, 0.05)	9.28	0.18528404512489927	0.05188124114699685	95.22134790848787	0.18528404512489927	False	False
E3	NZ_CP133853.1	CP141854.1	0.0345572354211663	[0.01, 0.05)	9.28	0.14787069858563365	0.06085444682129412	99.39022140168657	0.14787069858563365	False	False
E3	NZ_CP133853.1	CP137352.1	0.0483516483516483	[0.01, 0.05)	9.28	0.23805329067448433	0.09679090953336636	96.28416270545111	0.23805329067448433	False	False
E3	NZ_CP133853.1	NZ_CP137360.1	0.048780487804878	[0.01, 0.05)	9.28	0.2438742503576437	0.10067784889751494	96.3604905263158	0.2438742503576437	False	False
E3	NZ_CP133853.1	CP137375.1	0.0383944153577661	[0.01, 0.05)	9.28	0.23529784850001056	0.07268172606052171	95.41694723790744	0.23529784850001056	False	False
E3	CP133867.1	NZ_CP133853.1	0.0295358649789029	[0.01, 0.05)	9.28	0.1481604542983145	0.1037836237940536	96.71595386076808	0.1481604542983145	False	False
E3	NZ_CP137415.1	CP141856.1	0.0111731843575419	[0.01, 0.05)	9.28	0.10628913280438033	0.022752031044219585	93.80804381995713	0.10628913280438033	False	False
E3	NZ_CP137404.1	NZ_CP137392.1	0.0329113924050632	[0.01, 0.05)	9.28	0.21565040205078767	0.05737876924332422	97.46633389185075	0.21565040205078767	False	False
E3	NZ_CP137404.1	CP141548.1	0.0110294117647058	[0.01, 0.05)	9.28	0.0804868429701365	0.03759675447257622	95.98967359978249	0.0804868429701365	False	False
E3	NZ_CP137425.1	NZ_CP137404.1	0.0150375939849624	[0.01, 0.05)	9.28	0.12457457827759692	0.07376043469687342	96.39396349606767	0.12457457827759692	False	False
E3	NZ_CP137404.1	CP133857.1	0.0219780219780219	[0.01, 0.05)	9.28	0.19106724217260795	0.05819826913196367	95.41223264604811	0.19106724217260795	False	False
E3	NZ_CP137404.1	NZ_CP140295.1	0.0485714285714285	[0.01, 0.05)	9.28	0.24603974496614886	0.07233507853403141	97.8373780536644	0.24603974496614886	False	False
E3	NZ_CP137404.1	NZ_CP141548.1	0.0110294117647058	[0.01, 0.05)	9.28	0.0804868429701365	0.03759675447257622	95.98967359978249	0.0804868429701365	False	False
E3	CP137362.1	CP137382.1	0.023598820058997	[0.01, 0.05)	9.28	0.20366639806607575	0.024360137192832816	97.36322067520946	0.20366639806607575	False	False
E3	CP137362.1	CP141571.1	0.040983606557377	[0.01, 0.05)	9.28	0.11364323126510878	0.04572908551946015	94.97903008184032	0.11364323126510878	False	False
E3	CP137362.1	CP137400.1	0.0224719101123595	[0.01, 0.05)	9.28	0.22293009669621272	0.02516249893559649	96.56077548488949	0.22293009669621272	False	False
E3	CP137362.1	CP133853.1	0.0168539325842696	[0.01, 0.05)	9.28	0.18528404512489927	0.05188124114699685	95.22134790848787	0.18528404512489927	False	False
E3	CP137362.1	NZ_CP140295.1	0.0255591054313099	[0.01, 0.05)	9.28	0.31542103142626915	0.040396294804671766	93.15690416633475	0.31542103142626915	False	False
E3	NZ_CP133747.1	NZ_CP137418.1	0.0102827763496143	[0.01, 0.05)	9.28	0.13872358940888907	0.03245065400824951	99.45595134537412	0.13872358940888907	False	False
E3	CP137414.1	NZ_CP137418.1	0.0111111111111111	[0.01, 0.05)	9.28	0.16245974084338252	0.02593300490842688	98.12170077197834	0.16245974084338252	False	False
E3	CP137407.1	NZ_CP137418.1	0.0301624129930394	[0.01, 0.05)	9.28	0.16071187407151755	0.06405482123575106	97.98018583823118	0.16071187407151755	False	False
E3	NZ_CP137418.1	CP141854.1	0.0174050632911392	[0.01, 0.05)	9.28	0.09980767102472758	0.09678196483874994	93.12520334628027	0.09980767102472758	False	False
E3	NZ_CP141857.1	NZ_CP137418.1	0.0159151193633952	[0.01, 0.05)	9.28	0.14746524540432224	0.03171184752469917	92.33363803969524	0.14746524540432224	False	False
E3	NZ_CP137422.1	NZ_CP137418.1	0.02088772845953	[0.01, 0.05)	9.28	0.20312859443294226	0.055488255369807046	95.88438960619754	0.20312859443294226	False	False
E3	NZ_CP141849.1	CP133747.1	0.0277777777777777	[0.01, 0.05)	9.28	0.07643717481582842	0.06147860918083976	99.39647295047857	0.07643717481582842	False	False
E3	NZ_CP141849.1	NZ_CP137355.1	0.0218340611353711	[0.01, 0.05)	9.28	0.10501360403506818	0.0394932713174587	98.56201120024217	0.10501360403506818	False	False
E3	NZ_CP141849.1	CP141854.1	0.0153061224489795	[0.01, 0.05)	9.28	0.1338764339925854	0.02438125313836071	97.33905951532431	0.1338764339925854	False	False
E3	NZ_CP141849.1	CP141561.1	0.0294117647058823	[0.01, 0.05)	9.28	0.08445639548759726	0.03712094197274488	99.94348125824074	0.08445639548759726	False	False
E3	CP140296.1	NZ_CP141564.1	0.027027027027027	[0.01, 0.05)	9.28	0.09794821690278456	0.019560975609756098	95.515	0.09794821690278456	False	False
E3	CP140296.1	CP133864.1	0.0266666666666666	[0.01, 0.05)	9.28	0.09794821690278456	0.018918663898848838	95.515	0.09794821690278456	False	False
E3	CP140296.1	CP141544.1	0.0408163265306122	[0.01, 0.05)	9.28	0.25370460836997233	0.06052953631577925	99.93626829268293	0.25370460836997233	False	False
E3	CP137401.1	CP133747.1	0.0350877192982456	[0.01, 0.05)	9.28	0.13183211305976503	0.07930535826262781	98.20901516618264	0.13183211305976503	False	False
E3	CP133747.1	CP137418.1	0.0102827763496143	[0.01, 0.05)	9.28	0.13872358940888907	0.03245065400824951	99.45595134537412	0.13872358940888907	False	False
E3	CP133747.1	NZ_CP137435.1	0.0100755667506297	[0.01, 0.05)	9.28	0.08423234921488079	0.02019237852039188	99.6808286235187	0.08423234921488079	False	False
E3	NZ_CP137365.1	CP133747.1	0.0148148148148148	[0.01, 0.05)	9.28	0.07948134583726393	0.054990337978781945	99.90684617174773	0.07948134583726393	False	False
E3	CP137365.1	CP133747.1	0.0148148148148148	[0.01, 0.05)	9.28	0.07948134583726393	0.054990337978781945	99.90684617174773	0.07948134583726393	False	False
E3	CP141579.1	CP133747.1	0.0145985401459854	[0.01, 0.05)	9.28	0.06485339653656486	0.04344710203350354	99.14564035346096	0.06485339653656486	False	False
E3	NZ_CP137393.1	CP133747.1	0.0176991150442477	[0.01, 0.05)	9.28	0.08501295513432429	0.03994062016099103	98.14265898174831	0.08501295513432429	False	False
E3	CP141849.1	NZ_CP133747.1	0.0277777777777777	[0.01, 0.05)	9.28	0.07643717481582842	0.06147860918083976	99.39647295047857	0.07643717481582842	False	False
E3	CP137401.1	NZ_CP133747.1	0.0350877192982456	[0.01, 0.05)	9.28	0.13183211305976503	0.07930535826262781	98.20901516618264	0.13183211305976503	False	False
E3	NZ_CP133747.1	NZ_CP137435.1	0.0100755667506297	[0.01, 0.05)	9.28	0.08423234921488079	0.02019237852039188	99.6808286235187	0.08423234921488079	False	False
E3	CP137365.1	NZ_CP133747.1	0.0148148148148148	[0.01, 0.05)	9.28	0.07948134583726393	0.054990337978781945	99.90684617174773	0.07948134583726393	False	False
E3	NZ_CP133747.1	CP137363.1	0.010443864229765	[0.01, 0.05)	9.28	0.13863400775521173	0.03301586721819936	99.43785345622119	0.13863400775521173	False	False
E3	NZ_CP137393.1	NZ_CP133747.1	0.0176991150442477	[0.01, 0.05)	9.28	0.08501295513432429	0.03994062016099103	98.14265898174831	0.08501295513432429	False	False
E3	NZ_CP133747.1	CP133748.1	0.0113314447592068	[0.01, 0.05)	9.28	0.1313011095327677	0.032903296097620376	99.46423522539187	0.1313011095327677	False	False
E3	CP138476.1	NZ_CP140294.1	0.04	[0.01, 0.05)	9.28	0.12309077023783548	0.043297922274482	95.02297765980977	0.12309077023783548	False	False
E3	CP138476.1	CP137400.1	0.0226628895184136	[0.01, 0.05)	9.28	0.23870826969234127	0.02487581959070137	96.55538587886392	0.23870826969234127	False	False
E3	CP138476.1	CP137420.1	0.0308641975308641	[0.01, 0.05)	9.28	0.2771110626227362	0.07062107564007963	92.3634899262899	0.2771110626227362	False	False
E3	CP138476.1	CP137372.1	0.0280898876404494	[0.01, 0.05)	9.28	0.38059131573205324	0.039611875058465355	95.43088037182697	0.38059131573205324	False	False
E3	CP138476.1	CP133845.1	0.0129310344827586	[0.01, 0.05)	9.28	0.33190595679685797	0.05324769456476177	94.9360727630285	0.33190595679685797	False	False
E3	CP138476.1	NZ_CP137435.1	0.0294117647058823	[0.01, 0.05)	9.28	0.38059131573205324	0.04288616888059518	95.43053654176202	0.38059131573205324	False	False
E3	CP138476.1	CP141563.1	0.017094017094017	[0.01, 0.05)	9.28	0.12704560331660483	0.05911211399016277	97.4477308599614	0.12704560331660483	False	False
E3	CP138476.1	CP137352.1	0.0283286118980169	[0.01, 0.05)	9.28	0.38045494217761294	0.03994686348553776	96.10278658929724	0.38045494217761294	False	False
E3	CP133851.1	CP138476.1	0.0338983050847457	[0.01, 0.05)	9.28	0.1266112674213178	0.10495308749727253	94.7615393548387	0.1266112674213178	False	False
E3	CP138476.1	NZ_CP137360.1	0.0286532951289398	[0.01, 0.05)	9.28	0.3805640410211652	0.040595391324812526	95.52311721375956	0.3805640410211652	False	False
E3	CP138476.1	CP133748.1	0.0337837837837837	[0.01, 0.05)	9.28	0.35648047130700417	0.04189177930309614	98.21826739562626	0.35648047130700417	False	False
E3	CP137404.1	CP140291.1	0.0204081632653061	[0.01, 0.05)	9.28	0.020978944370193466	0.016937914939134893	99.896	0.020978944370193466	False	False
E3	NZ_CP137427.1	CP140291.1	0.0266666666666666	[0.01, 0.05)	9.28	0.04822341416735917	0.016937914939134893	99.635	0.04822341416735917	False	False
E3	CP140291.1	NZ_CP140290.1	0.0116618075801749	[0.01, 0.05)	9.28	0.017105879648865355	0.007846860444357888	99.793	0.017105879648865355	False	False
E3	CP137427.1	CP140291.1	0.0266666666666666	[0.01, 0.05)	9.28	0.04822341416735917	0.016937914939134893	99.635	0.04822341416735917	False	False
E3	CP137414.1	NZ_CP137420.1	0.0327868852459016	[0.01, 0.05)	9.28	0.09746460939255487	0.03623289292327398	99.28961720099826	0.09746460939255487	False	False
E3	NZ_CP137420.1	CP141562.1	0.0328947368421052	[0.01, 0.05)	9.28	0.1316914252300667	0.052072254765276715	95.87167696125013	0.1316914252300667	False	False
E3	NZ_CP137420.1	CP137411.1	0.0451612903225806	[0.01, 0.05)	9.28	0.0968786111072438	0.069371544893927	96.76233749730775	0.0968786111072438	False	False
E3	CP137387.1	NZ_CP137420.1	0.0308641975308641	[0.01, 0.05)	9.28	0.2772201614662885	0.07064892032244142	92.3473960707269	0.2772201614662885	False	False
E3	NZ_CP133863.1	NZ_CP137420.1	0.0337078651685393	[0.01, 0.05)	9.28	0.12066820276497696	0.10908154315229648	93.0810425923575	0.12066820276497696	False	False
E3	CP133863.1	NZ_CP137420.1	0.0337078651685393	[0.01, 0.05)	9.28	0.12066820276497696	0.10908154315229648	93.0810425923575	0.12066820276497696	False	False
E3	NZ_CP137420.1	NZ_CP133748.1	0.0487179487179487	[0.01, 0.05)	9.28	0.18054492043382014	0.08318753084283453	95.67487039600152	0.18054492043382014	False	False
E3	NZ_CP137420.1	CP141580.1	0.0379008746355685	[0.01, 0.05)	9.28	0.19524691272084313	0.11408329685650828	93.97457855167032	0.19524691272084313	False	False
E3	NZ_CP137353.1	NZ_CP137420.1	0.0183150183150183	[0.01, 0.05)	9.28	0.03051304783563967	0.027447895638130507	98.86316801414856	0.03051304783563967	False	False
E3	NZ_CP141857.1	NZ_CP137420.1	0.0452261306532663	[0.01, 0.05)	9.28	0.1944587467471925	0.09731716485444192	93.53252676338171	0.1944587467471925	False	False
E3	NZ_CP137420.1	NZ_CP141566.1	0.0379008746355685	[0.01, 0.05)	9.28	0.19523299037966224	0.1140684718861585	93.9873498634316	0.19523299037966224	False	False
E3	NZ_CP137420.1	CP141858.1	0.0321428571428571	[0.01, 0.05)	9.28	0.11972517298508917	0.10376875184580242	95.14467132664309	0.11972517298508917	False	False
E3	NZ_CP137409.1	CP137383.1	0.027027027027027	[0.01, 0.05)	9.28	0.09855808618712109	0.018664184314638118	95.598	0.09855808618712109	False	False
E3	CP137353.1	NZ_CP133857.1	0.0163934426229508	[0.01, 0.05)	9.28	0.03873877346490383	0.01676152855531905	99.82103781094528	0.03873877346490383	False	False
E3	CP141549.1	CP141541.1	0.0172413793103448	[0.01, 0.05)	9.28	0.023368752306765866	0.018878583870815875	95.598	0.023368752306765866	False	False
E3	CP137414.1	CP137404.1	0.0150375939849624	[0.01, 0.05)	9.28	0.12611414875290242	0.07376043469687342	96.39396349606767	0.12611414875290242	False	False
E3	CP137404.1	CP133745.1	0.0209424083769633	[0.01, 0.05)	9.28	0.09703994215727088	0.07811729916214884	89.42002250335871	0.09703994215727088	False	False
E3	CP137404.1	CP137418.1	0.02088772845953	[0.01, 0.05)	9.28	0.20313972086501172	0.055488255369807046	95.88436625780074	0.20313972086501172	False	False
E3	CP137404.1	NZ_CP140295.1	0.0485714285714285	[0.01, 0.05)	9.28	0.24603974496614886	0.07233507853403141	97.8373780536644	0.24603974496614886	False	False
E3	CP137404.1	CP141854.1	0.0122249388753056	[0.01, 0.05)	9.28	0.11778883021844394	0.031222516667779303	99.2006798959011	0.11778883021844394	False	False
E3	CP137404.1	NZ_CP141854.1	0.0122249388753056	[0.01, 0.05)	9.28	0.11778883021844394	0.031222516667779303	99.2006798959011	0.11778883021844394	False	False
E3	CP140290.1	CP137382.1	0.0188679245283018	[0.01, 0.05)	9.28	0.09376470779168086	0.06946137997729471	96.93706868843962	0.09376470779168086	False	False
E3	CP137385.1	CP137382.1	0.023598820058997	[0.01, 0.05)	9.28	0.20367152678099268	0.024360137192832816	97.37544430754065	0.20367152678099268	False	False
E3	CP137382.1	NZ_CP141854.1	0.0173501577287066	[0.01, 0.05)	9.28	0.09452430007027829	0.09125554746072151	92.39270064924781	0.09452430007027829	False	False
E3	CP141849.1	NZ_CP133845.1	0.0387596899224806	[0.01, 0.05)	9.28	0.16687616350299925	0.04581179265055191	99.2188799047619	0.16687616350299925	False	False
E3	CP141849.1	NZ_CP137372.1	0.0126903553299492	[0.01, 0.05)	9.28	0.11177584368884151	0.019902316787282475	98.10785474462939	0.11177584368884151	False	False
E3	CP137374.1	NZ_CP137372.1	0.0365168539325842	[0.01, 0.05)	9.28	0.45318559556786703	0.0510696680301497	96.89885493981251	0.45318559556786703	False	False
E3	CP137374.1	CP137372.1	0.0365168539325842	[0.01, 0.05)	9.28	0.45318559556786703	0.0510696680301497	96.89885493981251	0.45318559556786703	False	False
E3	CP137374.1	NZ_CP133745.1	0.0205479452054794	[0.01, 0.05)	9.28	0.1582724754469907	0.05528761529254383	94.67330720305296	0.1582724754469907	False	False
E3	CP137374.1	NZ_CP137360.1	0.0372492836676217	[0.01, 0.05)	9.28	0.45323596071518507	0.05234806509441363	96.96583941646328	0.45323596071518507	False	False
E3	CP137431.1	NZ_CP133855.1	0.0149253731343283	[0.01, 0.05)	9.28	0.13288239144665068	0.05098297432038378	98.09392088542734	0.13288239144665068	False	False
E3	CP137431.1	NZ_CP141571.1	0.042016806722689	[0.01, 0.05)	9.28	0.12309077023783548	0.04572908551946015	95.00070382658706	0.12309077023783548	False	False
E3	CP137431.1	NZ_CP133745.1	0.0138888888888888	[0.01, 0.05)	9.28	0.13899192668557714	0.04482327677251285	93.45091647058824	0.13899192668557714	False	False
E3	CP137431.1	NZ_CP137435.1	0.0294117647058823	[0.01, 0.05)	9.28	0.3807822387082697	0.04290765339946473	95.41129247373313	0.3807822387082697	False	False
E3	CP133851.1	CP137431.1	0.0338983050847457	[0.01, 0.05)	9.28	0.12670941569063665	0.10503491162993672	94.73965239814336	0.12670941569063665	False	False
E3	CP137431.1	CP137363.1	0.024390243902439	[0.01, 0.05)	9.28	0.20393301331005892	0.02282225245709033	97.41280157354313	0.20393301331005892	False	False
E3	CP137431.1	CP137375.1	0.0212314225053078	[0.01, 0.05)	9.28	0.3805640410211652	0.03034783894508859	95.45254024634777	0.3805640410211652	False	False
E3	CP141571.1	CP141850.1	0.0424528301886792	[0.01, 0.05)	9.28	0.18991734366621815	0.1285940575049201	94.79793473404254	0.18991734366621815	False	False
E3	CP137415.1	CP141571.1	0.0416666666666666	[0.01, 0.05)	9.28	0.11440087201196482	0.04572908551946015	96.17350320725504	0.11440087201196482	False	False
E3	CP141571.1	CP137363.1	0.010204081632653	[0.01, 0.05)	9.28	0.04371579171008569	0.013149123848310247	91.28895124768947	0.04371579171008569	False	False
E3	NZ_CP141573.1	CP137377.1	0.0259740259740259	[0.01, 0.05)	9.28	0.1151998697386632	0.02052449885410925	96.11581638418077	0.1151998697386632	False	False
E3	NZ_CP140294.1	CP141850.1	0.0460829493087557	[0.01, 0.05)	9.28	0.20277221652792812	0.14505146368056174	95.28198145789099	0.20277221652792812	False	False
E3	NZ_CP137393.1	CP141850.1	0.0125786163522012	[0.01, 0.05)	9.28	0.1579435428883131	0.03985435195534557	93.89813905122035	0.1579435428883131	False	False
E3	CP141548.1	NZ_CP141562.1	0.0153256704980842	[0.01, 0.05)	9.28	0.09927405368626227	0.05349949578164866	93.20502715909676	0.09927405368626227	False	False
E3	NZ_CP133874.1	NZ_CP133870.1	0.0103092783505154	[0.01, 0.05)	9.28	0.02963425636754806	0.004500611324254816	98.83191588785046	0.02963425636754806	False	False
E3	CP137409.1	NZ_CP137377.1	0.0263157894736842	[0.01, 0.05)	9.28	0.11289529739472391	0.019987815845203215	96.08416751269036	0.11289529739472391	False	False
E3	CP137409.1	NZ_CP133849.1	0.027027027027027	[0.01, 0.05)	9.28	0.09855808618712109	0.018919258956374044	95.598	0.09855808618712109	False	False
E3	NZ_CP133742.1	NZ_CP137382.1	0.0113851992409867	[0.01, 0.05)	9.28	0.09116037774085033	0.06754224205765222	96.73681481974782	0.09116037774085033	False	False
E3	CP137387.1	NZ_CP137382.1	0.0238095238095238	[0.01, 0.05)	9.28	0.21767946759764348	0.024038779200028833	97.40307753777	0.21767946759764348	False	False
E3	NZ_CP137362.1	NZ_CP137382.1	0.023598820058997	[0.01, 0.05)	9.28	0.20366639806607575	0.024360137192832816	97.36322067520946	0.20366639806607575	False	False
E3	CP133853.1	NZ_CP137382.1	0.0338600451467268	[0.01, 0.05)	9.28	0.18405789952149737	0.07852247403607619	95.59669653300715	0.18405789952149737	False	False
E3	NZ_CP141571.1	NZ_CP137382.1	0.01	[0.01, 0.05)	9.28	0.044565624272836724	0.01322373123659757	92.09129571719919	0.044565624272836724	False	False
E3	NZ_CP137382.1	NZ_CP141538.1	0.0137404580152671	[0.01, 0.05)	9.28	0.07858554429634614	0.07265668330560178	90.45128855211182	0.07858554429634614	False	False
E3	NZ_CP137374.1	NZ_CP137382.1	0.0175953079178885	[0.01, 0.05)	9.28	0.20390329891714934	0.024387167304377077	96.35687089230768	0.20390329891714934	False	False
E3	NZ_CP137385.1	CP137424.1	0.0240963855421686	[0.01, 0.05)	9.28	0.19493339376998817	0.023622910052749007	97.24286781757277	0.19493339376998817	False	False
E3	NZ_CP137385.1	CP140290.1	0.0395256916996047	[0.01, 0.05)	9.28	0.3549394374354713	0.05722852459548501	96.81810800085043	0.3549394374354713	False	False
E3	NZ_CP137385.1	NZ_CP137355.1	0.0303030303030303	[0.01, 0.05)	9.28	0.37584044723124577	0.08907209345425632	97.00711457077809	0.37584044723124577	False	False
E3	NZ_CP133851.1	NZ_CP137385.1	0.032258064516129	[0.01, 0.05)	9.28	0.1266112674213178	0.09690010324595201	94.7615393548387	0.1266112674213178	False	False
E3	NZ_CP137385.1	NZ_CP140290.1	0.0395256916996047	[0.01, 0.05)	9.28	0.3549394374354713	0.05722852459548501	96.81810800085043	0.3549394374354713	False	False
E3	CP133851.1	NZ_CP137385.1	0.032258064516129	[0.01, 0.05)	9.28	0.1266112674213178	0.09690010324595201	94.7615393548387	0.1266112674213178	False	False
E3	NZ_CP133855.1	NZ_CP137370.1	0.0267175572519083	[0.01, 0.05)	9.28	0.12654814536105102	0.07513062427258996	89.2897269968837	0.12654814536105102	False	False
E3	CP133745.1	NZ_CP137370.1	0.0108695652173913	[0.01, 0.05)	9.28	0.05122157290713229	0.03606715697199316	90.22010018774536	0.05122157290713229	False	False
E3	NZ_CP137370.1	NZ_CP137352.1	0.0184804928131416	[0.01, 0.05)	9.28	0.08647203030978381	0.03992682277426429	96.65092693573781	0.08647203030978381	False	False
E3	NZ_CP137370.1	CP140290.1	0.0261096605744125	[0.01, 0.05)	9.28	0.08885545898026398	0.05823068309070549	97.77971671190923	0.08885545898026398	False	False
E3	NZ_CP137370.1	CP141854.1	0.0121951219512195	[0.01, 0.05)	9.28	0.05943713939033752	0.027870094361254705	97.92841203414531	0.05943713939033752	False	False
E3	NZ_CP140294.1	CP141548.1	0.0103806228373702	[0.01, 0.05)	9.28	0.12491258992461181	0.06670622963232022	90.56443469949531	0.12491258992461181	False	False
E3	NZ_CP140294.1	NZ_CP140291.1	0.0187793427230046	[0.01, 0.05)	9.28	0.018526146389125708	0.017105879648865355	99.793	0.018526146389125708	False	False
E3	NZ_CP140294.1	NZ_CP137363.1	0.0100502512562814	[0.01, 0.05)	9.28	0.04139166419204353	0.013149123848310247	91.31212777264325	0.04139166419204353	False	False
E3	CP137357.1	NZ_CP140294.1	0.04	[0.01, 0.05)	9.28	0.12309077023783548	0.043297922274482	95.00079053306791	0.12309077023783548	False	False
E3	NZ_CP137387.1	NZ_CP140294.1	0.04	[0.01, 0.05)	9.28	0.12309077023783548	0.043297922274482	95.02297765980977	0.12309077023783548	False	False
E3	NZ_CP133862.1	NZ_CP140294.1	0.0349650349650349	[0.01, 0.05)	9.28	0.07794138047204772	0.03783778605845219	96.55898507085021	0.07794138047204772	False	False
E3	CP137414.1	CP137407.1	0.0444444444444444	[0.01, 0.05)	9.28	0.24910119092202831	0.09988595609309585	97.0217223555889	0.24910119092202831	False	False
E3	CP137414.1	CP141545.1	0.0188679245283018	[0.01, 0.05)	9.28	0.0798442064264849	0.02079754002342835	96.6961783036551	0.0798442064264849	False	False
E3	CP137414.1	NZ_CP137400.1	0.0464480874316939	[0.01, 0.05)	9.28	0.3748221107033181	0.056805086429564874	99.63003266733267	0.3748221107033181	False	False
E3	CP137414.1	NZ_CP137435.1	0.0478873239436619	[0.01, 0.05)	9.28	0.3748408358924425	0.061427308665013385	99.63061355576644	0.3748408358924425	False	False
E3	CP137414.1	CP137375.1	0.0392561983471074	[0.01, 0.05)	9.28	0.43021122013332336	0.04995346490732123	99.63443229483946	0.43021122013332336	False	False
E3	CP137407.1	CP137424.1	0.0305164319248826	[0.01, 0.05)	9.28	0.14305757716720938	0.058020862185994275	97.99742222804718	0.14305757716720938	False	False
E3	NZ_CP137425.1	CP137407.1	0.0444444444444444	[0.01, 0.05)	9.28	0.24606022491861498	0.09988595609309585	97.0217223555889	0.24606022491861498	False	False
E3	CP137407.1	CP137386.1	0.0226244343891402	[0.01, 0.05)	9.28	0.14399543824372382	0.05890368915352035	96.4212475031211	0.14399543824372382	False	False
E3	CP137407.1	NZ_CP140295.1	0.0169491525423728	[0.01, 0.05)	9.28	0.12341501478069057	0.053032621828433345	95.20230891005035	0.12341501478069057	False	False
E3	CP137365.1	CP137407.1	0.0444444444444444	[0.01, 0.05)	9.28	0.24606477627952575	0.09988595609309585	97.0217223555889	0.24606477627952575	False	False
E3	NZ_CP137422.1	CP137407.1	0.048780487804878	[0.01, 0.05)	9.28	0.22503751903337824	0.15235365615762067	96.39868312201708	0.22503751903337824	False	False
E3	NZ_CP137414.1	CP137407.1	0.0444444444444444	[0.01, 0.05)	9.28	0.24910119092202831	0.09988595609309585	97.0217223555889	0.24910119092202831	False	False
E3	CP137407.1	CP137375.1	0.0264084507042253	[0.01, 0.05)	9.28	0.1829729445836647	0.05301956213522141	96.93695917280918	0.1829729445836647	False	False
E3	NZ_CP133855.1	CP137400.1	0.0236406619385342	[0.01, 0.05)	9.28	0.07248194483637999	0.01973262183872158	99.95687902761796	0.07248194483637999	False	False
E3	NZ_CP133855.1	NZ_CP137386.1	0.0242718446601941	[0.01, 0.05)	9.28	0.0815121395499535	0.023936529372045916	99.97442935756335	0.0815121395499535	False	False
E3	NZ_CP133855.1	CP133853.1	0.0288065843621399	[0.01, 0.05)	9.28	0.1313767911453924	0.08849831925074524	96.40937392755005	0.1313767911453924	False	False
E3	CP137385.1	NZ_CP133855.1	0.0296296296296296	[0.01, 0.05)	9.28	0.12268640930724485	0.05098297432038378	98.83180180364829	0.12268640930724485	False	False
E3	NZ_CP133855.1	NZ_CP133857.1	0.0102301790281329	[0.01, 0.05)	9.28	0.08998839870818048	0.028722133625147632	85.33485277202668	0.08998839870818048	False	False
E3	NZ_CP133855.1	NZ_CP137400.1	0.0236406619385342	[0.01, 0.05)	9.28	0.07248194483637999	0.01973262183872158	99.95687902761796	0.07248194483637999	False	False
E3	NZ_CP133855.1	NZ_CP141561.1	0.0121951219512195	[0.01, 0.05)	9.28	0.0850656883955727	0.05695047511169844	92.87650269277846	0.0850656883955727	False	False
E3	NZ_CP133855.1	NZ_CP137435.1	0.0242718446601941	[0.01, 0.05)	9.28	0.0815121395499535	0.023982861492376065	99.97442935756335	0.0815121395499535	False	False
E3	NZ_CP133862.1	NZ_CP133855.1	0.0131578947368421	[0.01, 0.05)	9.28	0.05493351301004736	0.028992777934551992	97.33532409074542	0.05493351301004736	False	False
E3	NZ_CP133855.1	CP137363.1	0.0251256281407035	[0.01, 0.05)	9.28	0.0724923964506318	0.021157305525371418	99.94249705078404	0.0724923964506318	False	False
E3	CP137427.1	NZ_CP133855.1	0.0296296296296296	[0.01, 0.05)	9.28	0.12268640930724485	0.05098297432038378	98.81122012707522	0.12268640930724485	False	False
E3	NZ_CP137362.1	NZ_CP141555.1	0.024	[0.01, 0.05)	9.28	0.3548801369863014	0.057240708466745026	95.60508386411892	0.3548801369863014	False	False
E3	NZ_CP137365.1	NZ_CP141555.1	0.0338345864661654	[0.01, 0.05)	9.28	0.23267299261972144	0.050982855753252544	99.44372642034168	0.23267299261972144	False	False
E3	NZ_CP141555.1	NZ_CP138475.1	0.0244360902255639	[0.01, 0.05)	9.28	0.11279941636606818	0.08290802637698096	96.43360411578796	0.11279941636606818	False	False
E3	CP133862.1	NZ_CP141555.1	0.0149812734082397	[0.01, 0.05)	9.28	0.29991478567606666	0.061540955700563366	95.19455657955368	0.29991478567606666	False	False
E3	NZ_CP133862.1	NZ_CP141555.1	0.0149812734082397	[0.01, 0.05)	9.28	0.29991478567606666	0.061540955700563366	95.19455657955368	0.29991478567606666	False	False
E3	NZ_CP137387.1	NZ_CP141850.1	0.0125786163522012	[0.01, 0.05)	9.28	0.1579751254636701	0.03986120920791875	93.89919401959101	0.1579751254636701	False	False
E3	NZ_CP141561.1	CP137400.1	0.0193548387096774	[0.01, 0.05)	9.28	0.07352169991399744	0.02983452073458034	94.81817955774888	0.07352169991399744	False	False
E3	NZ_CP141857.1	CP137400.1	0.0151515151515151	[0.01, 0.05)	9.28	0.12227773061883358	0.02495813346200789	91.12348803990479	0.12227773061883358	False	False
E3	CP137365.1	CP137400.1	0.0464480874316939	[0.01, 0.05)	9.28	0.3702347261528217	0.056805086429564874	99.64516139667316	0.3702347261528217	False	False
E3	NZ_CP141566.1	CP137400.1	0.0110294117647058	[0.01, 0.05)	9.28	0.09440317109054874	0.06606965456558145	96.4913460152698	0.09440317109054874	False	False
E3	CP137425.1	CP137400.1	0.0464480874316939	[0.01, 0.05)	9.28	0.3702463746670613	0.05680792483892027	99.64517797202797	0.3702463746670613	False	False
E3	CP133742.1	CP137400.1	0.0110294117647058	[0.01, 0.05)	9.28	0.09437036436590605	0.06605830092815985	96.49448558311165	0.09437036436590605	False	False
E3	NZ_CP141573.1	CP141563.1	0.0222222222222222	[0.01, 0.05)	9.28	0.09794024261173981	0.015250240859996957	95.515	0.09794024261173981	False	False
E3	NZ_CP141573.1	NZ_CP137377.1	0.0259740259740259	[0.01, 0.05)	9.28	0.1151998697386632	0.02052449885410925	96.11581638418077	0.1151998697386632	False	False
E3	NZ_CP141573.1	NZ_CP137356.1	0.025	[0.01, 0.05)	9.28	0.1151998697386632	0.019591825431989368	96.11581638418077	0.1151998697386632	False	False
E3	NZ_CP141573.1	CP141549.1	0.0408163265306122	[0.01, 0.05)	9.28	0.2536839534315721	0.06052953631577925	99.93626829268293	0.2536839534315721	False	False
E3	CP133745.1	CP133863.1	0.0119047619047619	[0.01, 0.05)	9.28	0.07518658029993663	0.06543010752688172	89.24629383665386	0.07518658029993663	False	False
E3	CP133745.1	CP141854.1	0.0136054421768707	[0.01, 0.05)	9.28	0.0888192635358727	0.029240088585219735	95.15855861386137	0.0888192635358727	False	False
E3	CP141563.1	CP133745.1	0.0360824742268041	[0.01, 0.05)	9.28	0.08208255159474671	0.056968598183482363	98.39396185917234	0.08208255159474671	False	False
E3	NZ_CP137425.1	CP141555.1	0.0338345864661654	[0.01, 0.05)	9.28	0.23266868896123113	0.050982855753252544	99.44372642034168	0.23266868896123113	False	False
E3	CP141555.1	CP133857.1	0.0138613861386138	[0.01, 0.05)	9.28	0.1126980910306813	0.09283564760754535	93.67418546824541	0.1126980910306813	False	False
E3	NZ_CP137427.1	CP141555.1	0.024	[0.01, 0.05)	9.28	0.3548387096774194	0.05723665545332955	95.61152328708948	0.3548387096774194	False	False
E3	CP141555.1	CP137372.1	0.0239852398523985	[0.01, 0.05)	9.28	0.11619584160823572	0.08125054922003667	96.50879310825408	0.11619584160823572	False	False
E3	NZ_CP137365.1	CP141555.1	0.0338345864661654	[0.01, 0.05)	9.28	0.23267299261972144	0.050982855753252544	99.44372642034168	0.23267299261972144	False	False
E3	CP137425.1	CP141555.1	0.0338345864661654	[0.01, 0.05)	9.28	0.23266868896123113	0.050982855753252544	99.44372642034168	0.23266868896123113	False	False
E3	CP137385.1	NZ_CP137392.1	0.0372492836676217	[0.01, 0.05)	9.28	0.4531238195965853	0.052476494144666666	96.44139998889692	0.4531238195965853	False	False
E3	NZ_CP141548.1	NZ_CP137392.1	0.0136186770428015	[0.01, 0.05)	9.28	0.11158291084519796	0.06362756699095906	94.04193044114956	0.11158291084519796	False	False
E3	NZ_CP141561.1	NZ_CP137392.1	0.0216450216450216	[0.01, 0.05)	9.28	0.09188289667806375	0.03828845896020472	95.85663737266232	0.09188289667806375	False	False
E3	NZ_CP140290.1	NZ_CP137392.1	0.0315985130111524	[0.01, 0.05)	9.28	0.1274607656977782	0.09156062557926704	96.72341172541037	0.1274607656977782	False	False
E3	CP141544.1	NZ_CP133873.1	0.0172413793103448	[0.01, 0.05)	9.28	0.023368752306765866	0.018918663898848838	95.598	0.023368752306765866	False	False
E3	CP137401.1	NZ_CP141580.1	0.024	[0.01, 0.05)	9.28	0.251128043589307	0.04791838918340548	97.15022788770507	0.251128043589307	False	False
E3	CP137401.1	NZ_CP140295.1	0.0456026058631921	[0.01, 0.05)	9.28	0.3554188659969351	0.053834877164720095	97.48310993543758	0.3554188659969351	False	False
E3	CP137401.1	NZ_CP137400.1	0.034090909090909	[0.01, 0.05)	9.28	0.2755193257279074	0.036780108427237376	98.85818970837833	0.2755193257279074	False	False
E3	CP137401.1	NZ_CP141551.1	0.0144927536231884	[0.01, 0.05)	9.28	0.18265792610250298	0.08054012013081327	94.0758120571495	0.18265792610250298	False	False
E3	NZ_CP137409.1	CP133849.1	0.027027027027027	[0.01, 0.05)	9.28	0.09855808618712109	0.018919258956374044	95.598	0.09855808618712109	False	False
E3	CP137393.1	NZ_CP133742.1	0.0201612903225806	[0.01, 0.05)	9.28	0.39378153552434203	0.05863494508166822	95.70250925797984	0.39378153552434203	False	False
E3	NZ_CP133742.1	CP137418.1	0.0114285714285714	[0.01, 0.05)	9.28	0.10207108985530743	0.07527151886050316	97.3574537555053	0.10207108985530743	False	False
E3	NZ_CP133742.1	CP141854.1	0.0127970749542961	[0.01, 0.05)	9.28	0.12002999229927451	0.08593230719217942	93.74600316914467	0.12002999229927451	False	False
E3	NZ_CP137414.1	NZ_CP133742.1	0.0338345864661654	[0.01, 0.05)	9.28	0.23552542880683094	0.05097880273983707	99.4516839637635	0.23552542880683094	False	False
E3	NZ_CP137355.1	NZ_CP137352.1	0.0204081632653061	[0.01, 0.05)	9.28	0.09209716086064962	0.044172590605487144	96.80513706175878	0.09209716086064962	False	False
E3	NZ_CP137376.1	NZ_CP137352.1	0.0165975103734439	[0.01, 0.05)	9.28	0.07382203351493179	0.03269785192204736	98.94966083150987	0.07382203351493179	False	False
E3	NZ_CP137427.1	NZ_CP137352.1	0.036827195467422	[0.01, 0.05)	9.28	0.4531238195965853	0.05152753164285162	96.9337751055321	0.4531238195965853	False	False
E3	CP141566.1	NZ_CP137352.1	0.0241187384044526	[0.01, 0.05)	9.28	0.12073975900684557	0.08522455616981926	97.15853787573808	0.12073975900684557	False	False
E3	NZ_CP137374.1	NZ_CP137352.1	0.036827195467422	[0.01, 0.05)	9.28	0.453135230420549	0.05152753164285162	97.4169972783826	0.453135230420549	False	False
E3	CP137357.1	NZ_CP137352.1	0.0283286118980169	[0.01, 0.05)	9.28	0.3807276892864936	0.03997549307307129	96.06972997351279	0.3807276892864936	False	False
E3	NZ_CP137431.1	NZ_CP133845.1	0.0129310344827586	[0.01, 0.05)	9.28	0.33201505564041023	0.053265159983233196	94.94587401703801	0.33201505564041023	False	False
E3	NZ_CP141579.1	NZ_CP133845.1	0.036	[0.01, 0.05)	9.28	0.14083107152414084	0.03221059801592846	99.05093073064931	0.14083107152414084	False	False
E3	NZ_CP137362.1	NZ_CP133845.1	0.0127659574468085	[0.01, 0.05)	9.28	0.2815269943593876	0.04892936984770155	94.49830566205975	0.2815269943593876	False	False
E3	NZ_CP137365.1	NZ_CP133845.1	0.028	[0.01, 0.05)	9.28	0.192220187558959	0.0453795235433841	99.32670891431869	0.192220187558959	False	False
E3	NZ_CP137374.1	NZ_CP133845.1	0.0214592274678111	[0.01, 0.05)	9.28	0.2815411735079325	0.04892936984770155	95.27402238074009	0.2815411735079325	False	False
E3	CP141579.1	NZ_CP133845.1	0.036	[0.01, 0.05)	9.28	0.14083107152414084	0.03221059801592846	99.05093073064931	0.14083107152414084	False	False
E3	NZ_CP137387.1	NZ_CP133845.1	0.0129310344827586	[0.01, 0.05)	9.28	0.3319605062186341	0.053256427273997486	94.9286651646731	0.3319605062186341	False	False
E3	NZ_CP133862.1	NZ_CP133845.1	0.0160642570281124	[0.01, 0.05)	9.28	0.29993460296070235	0.06630309487215313	95.18170504212745	0.29993460296070235	False	False
E3	NZ_CP133845.1	CP137375.1	0.0155763239875389	[0.01, 0.05)	9.28	0.11185727260025151	0.055674671862360504	96.14561543262855	0.11185727260025151	False	False
E3	CP137387.1	CP137424.1	0.0243161094224924	[0.01, 0.05)	9.28	0.20837879118481345	0.023318530332960975	97.23295614722004	0.20837879118481345	False	False
E3	CP137387.1	CP133853.1	0.0113636363636363	[0.01, 0.05)	9.28	0.1578933013310059	0.04078195361554887	95.4568711065221	0.1578933013310059	False	False
E3	CP137387.1	NZ_CP141561.1	0.0114285714285714	[0.01, 0.05)	9.28	0.17870390573859918	0.04581209489648229	91.94301675296984	0.17870390573859918	False	False
E3	CP137387.1	NZ_CP138475.1	0.0289017341040462	[0.01, 0.05)	9.28	0.3807004145756055	0.041667163520587636	95.4103518015442	0.3807004145756055	False	False
E3	CP137387.1	CP137392.1	0.0286532951289398	[0.01, 0.05)	9.28	0.3807822387082697	0.04072210920240392	95.42913648068671	0.3807822387082697	False	False
E3	CP137387.1	NZ_CP141858.1	0.0449438202247191	[0.01, 0.05)	9.28	0.4575605498581715	0.10106860659245286	96.04370851456831	0.4575605498581715	False	False
E3	NZ_CP137431.1	CP137418.1	0.0239520958083832	[0.01, 0.05)	9.28	0.2387628191141174	0.02626202803875294	97.85958738472046	0.2387628191141174	False	False
E3	NZ_CP137431.1	NZ_CP137355.1	0.0151515151515151	[0.01, 0.05)	9.28	0.3912011782675104	0.08559266809749565	96.65573453177257	0.3912011782675104	False	False
E3	NZ_CP137431.1	NZ_CP141571.1	0.042016806722689	[0.01, 0.05)	9.28	0.12309077023783548	0.04572908551946015	95.00070382658706	0.12309077023783548	False	False
E3	NZ_CP137431.1	CP141540.1	0.0138248847926267	[0.01, 0.05)	9.28	0.26685577132882393	0.04572748699913951	94.59460071392148	0.26685577132882393	False	False
E3	NZ_CP137431.1	NZ_CP138475.1	0.0289017341040462	[0.01, 0.05)	9.28	0.3807004145756055	0.041667163520587636	95.41034994280812	0.3807004145756055	False	False
E3	NZ_CP137431.1	CP137375.1	0.0212314225053078	[0.01, 0.05)	9.28	0.3805640410211652	0.03034783894508859	95.45254024634777	0.3805640410211652	False	False
E3	NZ_CP133863.1	NZ_CP133857.1	0.0384615384615384	[0.01, 0.05)	9.28	0.14751920122887865	0.06403344298611435	95.78164689074757	0.14751920122887865	False	False
E3	NZ_CP137362.1	NZ_CP137386.1	0.038235294117647	[0.01, 0.05)	9.28	0.45311240934730057	0.05528512675710515	96.42149212161563	0.45311240934730057	False	False
E3	CP133853.1	NZ_CP137386.1	0.0380313199105145	[0.01, 0.05)	9.28	0.18687676619615085	0.08146215701921307	95.36930874934116	0.18687676619615085	False	False
E3	NZ_CP141548.1	NZ_CP137386.1	0.0138613861386138	[0.01, 0.05)	9.28	0.09798996260276566	0.05882082131238107	94.2506626531144	0.09798996260276566	False	False
E3	NZ_CP141551.1	NZ_CP137386.1	0.0192771084337349	[0.01, 0.05)	9.28	0.1312630602434476	0.043026824627094715	97.21386874732791	0.1312630602434476	False	False
E3	NZ_CP137381.1	NZ_CP137386.1	0.0478873239436619	[0.01, 0.05)	9.28	0.37026487126368746	0.06142962371861764	99.63045322411467	0.37026487126368746	False	False
E3	CP141551.1	NZ_CP137386.1	0.0192771084337349	[0.01, 0.05)	9.28	0.1312630602434476	0.043026824627094715	97.21386874732791	0.1312630602434476	False	False
E3	NZ_CP137414.1	NZ_CP137386.1	0.0478873239436619	[0.01, 0.05)	9.28	0.3748408358924425	0.06142655453931619	99.63061355576644	0.3748408358924425	False	False
E3	CP137425.1	NZ_CP137386.1	0.0478873239436619	[0.01, 0.05)	9.28	0.37026487126368746	0.06142962371861764	99.6253454872384	0.37026487126368746	False	False
E3	CP141549.1	NZ_CP137386.1	0.0167597765363128	[0.01, 0.05)	9.28	0.1761106470599662	0.02782824872629059	98.00388364398367	0.1761106470599662	False	False
E3	CP137427.1	NZ_CP137386.1	0.038235294117647	[0.01, 0.05)	9.28	0.45309863765707237	0.055282057577803696	96.42129190478833	0.45309863765707237	False	False
E3	NZ_CP137362.1	CP137424.1	0.0240963855421686	[0.01, 0.05)	9.28	0.1949284850926672	0.023622910052749007	97.22996882246842	0.1949284850926672	False	False
E3	NZ_CP137427.1	CP137424.1	0.0240963855421686	[0.01, 0.05)	9.28	0.19493339376998817	0.023622910052749007	97.22996882246842	0.19493339376998817	False	False
E3	NZ_CP137374.1	CP137424.1	0.0179640718562874	[0.01, 0.05)	9.28	0.1953160412994208	0.02367161080791509	96.14294445872974	0.1953160412994208	False	False
E3	NZ_CP137414.1	CP137424.1	0.0112676056338028	[0.01, 0.05)	9.28	0.16511871769904876	0.02683107229931484	99.20638158938895	0.16511871769904876	False	False
E3	NZ_CP137415.1	NZ_CP141580.1	0.0241935483870967	[0.01, 0.05)	9.28	0.34992015006717536	0.05610946289901594	96.00719790613721	0.34992015006717536	False	False
E3	NZ_CP138476.1	NZ_CP141580.1	0.0201612903225806	[0.01, 0.05)	9.28	0.3937104516692123	0.058630416808520984	95.7227755666114	0.3937104516692123	False	False
E3	CP137415.1	NZ_CP141580.1	0.0241935483870967	[0.01, 0.05)	9.28	0.34992015006717536	0.05610946289901594	96.00719790613721	0.34992015006717536	False	False
E3	NZ_CP137414.1	NZ_CP141580.1	0.0338345864661654	[0.01, 0.05)	9.28	0.23552542880683094	0.05097838950764392	99.4516839637635	0.23552542880683094	False	False
E3	NZ_CP137362.1	CP133853.1	0.0168539325842696	[0.01, 0.05)	9.28	0.18528404512489927	0.05188124114699685	95.22134790848787	0.18528404512489927	False	False
E3	NZ_CP137362.1	CP133863.1	0.0173410404624277	[0.01, 0.05)	9.28	0.22620366639806608	0.06898617511520737	91.72107956439605	0.22620366639806608	False	False
E3	NZ_CP137362.1	CP141566.1	0.024	[0.01, 0.05)	9.28	0.3548801369863014	0.057240940465044646	95.59801946213732	0.3548801369863014	False	False
E3	NZ_CP137362.1	CP133845.1	0.0127659574468085	[0.01, 0.05)	9.28	0.2815269943593876	0.04892936984770155	94.49830566205975	0.2815269943593876	False	False
E3	NZ_CP137362.1	CP133858.1	0.0122699386503067	[0.01, 0.05)	9.28	0.11739524576954069	0.039109334855837855	89.72619584760274	0.11739524576954069	False	False
E3	CP133851.1	NZ_CP137362.1	0.032258064516129	[0.01, 0.05)	9.28	0.12670941569063665	0.09699838839645447	94.71516679556586	0.12670941569063665	False	False
E3	NZ_CP137362.1	CP137392.1	0.0372492836676217	[0.01, 0.05)	9.28	0.4531879532634972	0.05248523779823145	96.43072357904086	0.4531879532634972	False	False
E3	NZ_CP137362.1	CP137425.1	0.0113636363636363	[0.01, 0.05)	9.28	0.09040088638195004	0.06638428529150636	94.34709384572544	0.09040088638195004	False	False
E3	NZ_CP137427.1	CP140290.1	0.0395256916996047	[0.01, 0.05)	9.28	0.3549142554959583	0.05722446727364201	96.81070588235296	0.3549142554959583	False	False
E3	CP140290.1	NZ_CP140295.1	0.0198412698412698	[0.01, 0.05)	9.28	0.10455718389405522	0.08304792589609343	96.7326302081315	0.10455718389405522	False	False
E3	NZ_CP133851.1	CP140290.1	0.0118110236220472	[0.01, 0.05)	9.28	0.1260223778054047	0.015661262313971795	99.81832823834198	0.1260223778054047	False	False
E3	NZ_CP137357.1	CP140290.1	0.0358565737051792	[0.01, 0.05)	9.28	0.39376500109098844	0.05860395670026129	96.89259889273357	0.39376500109098844	False	False
E3	NZ_CP137374.1	CP140290.1	0.047808764940239	[0.01, 0.05)	9.28	0.354948375723999	0.05722852459548501	97.42745092481044	0.354948375723999	False	False
E3	CP137357.1	CP140290.1	0.0358565737051792	[0.01, 0.05)	9.28	0.39376500109098844	0.05860395670026129	96.89259889273357	0.39376500109098844	False	False
E3	CP140290.1	NZ_CP137360.1	0.0315985130111524	[0.01, 0.05)	9.28	0.13163169255238003	0.09430031640696503	96.44443416961677	0.13163169255238003	False	False
E3	CP140290.1	CP133748.1	0.0161943319838056	[0.01, 0.05)	9.28	0.09479121021795933	0.07488159555991361	96.76271690044477	0.09479121021795933	False	False
E3	CP140290.1	CP141538.1	0.0412926391382405	[0.01, 0.05)	9.28	0.14856695392505315	0.10154187465335551	96.70643300319227	0.14856695392505315	False	False
E3	CP133853.1	CP133857.1	0.0210280373831775	[0.01, 0.05)	9.28	0.12533385952177928	0.05937264374411979	97.42038038358007	0.12533385952177928	False	False
E3	CP133853.1	CP137372.1	0.0480349344978165	[0.01, 0.05)	9.28	0.23808852650791748	0.09588035365518337	96.28049183088605	0.23808852650791748	False	False
E3	CP133853.1	NZ_CP133748.1	0.024390243902439	[0.01, 0.05)	9.28	0.15543230844039155	0.07070619676606872	94.24945480891144	0.15543230844039155	False	False
E3	CP133853.1	CP141854.1	0.0345572354211663	[0.01, 0.05)	9.28	0.14787069858563365	0.06085444682129412	99.39022140168657	0.14787069858563365	False	False
E3	CP133853.1	NZ_CP141854.1	0.0345572354211663	[0.01, 0.05)	9.28	0.14787069858563365	0.06085444682129412	99.39022140168657	0.14787069858563365	False	False
E3	CP133853.1	CP137375.1	0.0383944153577661	[0.01, 0.05)	9.28	0.23529784850001056	0.07268172606052171	95.41694723790744	0.23529784850001056	False	False
E3	CP133741.1	NZ_CP137355.1	0.0135135135135135	[0.01, 0.05)	9.28	0.08383508228682837	0.026263085210050875	98.54302890962896	0.08383508228682837	False	False
E3	CP137393.1	CP137418.1	0.0239520958083832	[0.01, 0.05)	9.28	0.2388926769398609	0.026271001396852744	97.81505428473882	0.2388926769398609	False	False
E3	CP137393.1	CP137435.1	0.0294117647058823	[0.01, 0.05)	9.28	0.38077185326605756	0.04289537653153928	95.40982941302639	0.38077185326605756	False	False
E3	CP137393.1	NZ_CP137363.1	0.024390243902439	[0.01, 0.05)	9.28	0.2083731078685395	0.023315344601401965	97.23272418744288	0.2083731078685395	False	False
E3	NZ_CP133851.1	CP137393.1	0.0338983050847457	[0.01, 0.05)	9.28	0.12670941569063665	0.10505932087822174	94.71516679556586	0.12670941569063665	False	False
E3	CP137393.1	CP137363.1	0.024390243902439	[0.01, 0.05)	9.28	0.2083731078685395	0.023315344601401965	97.23272418744288	0.2083731078685395	False	False
E3	CP141548.1	CP137372.1	0.0134357005758157	[0.01, 0.05)	9.28	0.11415620891292225	0.06331266848653383	93.99705918139121	0.11415620891292225	False	False
E3	CP141548.1	NZ_CP137400.1	0.011605415860735	[0.01, 0.05)	9.28	0.10679954366165478	0.05928017938747126	93.007643150947	0.10679954366165478	False	False
E3	CP141548.1	CP137352.1	0.0135135135135135	[0.01, 0.05)	9.28	0.1249149481503461	0.06994780826192637	94.40974330348016	0.1249149481503461	False	False
E3	CP141854.1	NZ_CP137372.1	0.0293209876543209	[0.01, 0.05)	9.28	0.10469716451831061	0.10236894546918274	93.37232081411723	0.10469716451831061	False	False
E3	CP141561.1	NZ_CP137372.1	0.0235042735042735	[0.01, 0.05)	9.28	0.10096560596843776	0.040952680618981614	95.5069038501417	0.10096560596843776	False	False
E3	NZ_CP137393.1	NZ_CP137372.1	0.0280898876404494	[0.01, 0.05)	9.28	0.38077185326605756	0.039620379110646226	95.41017464969974	0.38077185326605756	False	False
E3	NZ_CP137425.1	CP133857.1	0.0147058823529411	[0.01, 0.05)	9.28	0.09830941106836343	0.017749070842813963	99.8871822623074	0.09830941106836343	False	False
E3	CP137427.1	NZ_CP137425.1	0.0113636363636363	[0.01, 0.05)	9.28	0.09040316285160283	0.06638428529150636	94.34709384572544	0.09040316285160283	False	False
E3	CP133863.1	NZ_CP133857.1	0.0384615384615384	[0.01, 0.05)	9.28	0.14751920122887865	0.06403344298611435	95.78164689074757	0.14751920122887865	False	False
E3	NZ_CP137427.1	CP133863.1	0.0173410404624277	[0.01, 0.05)	9.28	0.22620936264511093	0.06898617511520737	91.72107956439605	0.22620936264511093	False	False
E3	CP133862.1	CP133863.1	0.0105820105820105	[0.01, 0.05)	9.28	0.12619646855987793	0.04891705069124424	95.9658679956051	0.12619646855987793	False	False
E3	CP141552.1	CP133873.1	0.0266666666666666	[0.01, 0.05)	9.28	0.19589643380556912	0.018918663898848838	95.51503322259137	0.19589643380556912	False	False
E3	NZ_CP137419.1	CP133873.1	0.0266666666666666	[0.01, 0.05)	9.28	0.09794821690278456	0.018918663898848838	95.515	0.09794821690278456	False	False
E3	CP137385.1	CP141545.1	0.0244897959183673	[0.01, 0.05)	9.28	0.2631260859711415	0.05102010933229208	95.94701529344293	0.2631260859711415	False	False
E3	CP137385.1	CP137425.1	0.0113636363636363	[0.01, 0.05)	9.28	0.09040316285160283	0.06638428529150636	94.34709384572544	0.09040316285160283	False	False
E3	CP141545.1	CP137418.1	0.0154440154440154	[0.01, 0.05)	9.28	0.07188110113237017	0.044068161628126094	96.60834432234431	0.07188110113237017	False	False
E3	CP137422.1	CP137418.1	0.02088772845953	[0.01, 0.05)	9.28	0.20312859443294226	0.055488255369807046	95.88438960619754	0.20312859443294226	False	False
E3	CP133862.1	CP137418.1	0.0227272727272727	[0.01, 0.05)	9.28	0.21935752363211192	0.03321039832736605	97.5591958930019	0.21935752363211192	False	False
E3	CP141552.1	CP141549.1	0.0408163265306122	[0.01, 0.05)	9.28	0.5065950170981924	0.06052953631577925	99.96799743260591	0.5065950170981924	False	True
E3	CP141551.1	NZ_CP133857.1	0.0153846153846153	[0.01, 0.05)	9.28	0.11933431412052438	0.042507690151934716	99.53712026359143	0.11933431412052438	False	False
E3	CP137376.1	NZ_CP133857.1	0.0135135135135135	[0.01, 0.05)	9.28	0.04812682163929765	0.02484536288842774	98.26855838926174	0.04812682163929765	False	False
E3	NZ_CP133857.1	CP141538.1	0.0370967741935483	[0.01, 0.05)	9.28	0.24923432109804025	0.20732945091514143	87.48184489165325	0.24923432109804025	False	False
E3	CP137420.1	CP133857.1	0.0492610837438423	[0.01, 0.05)	9.28	0.14634468932295655	0.07025562665563466	96.53885425753842	0.14634468932295655	False	False
E3	CP141580.1	CP133857.1	0.0138613861386138	[0.01, 0.05)	9.28	0.11271744240714622	0.09283564760754535	93.67420620739144	0.11271744240714622	False	False
E3	CP137365.1	CP133857.1	0.0147058823529411	[0.01, 0.05)	9.28	0.09831122949151916	0.017749070842813963	99.8871822623074	0.09831122949151916	False	False
E3	CP141579.1	CP133857.1	0.0175953079178885	[0.01, 0.05)	9.28	0.14715776596964716	0.025699453515450367	99.01472812135356	0.14715776596964716	False	False
E3	CP137425.1	CP133857.1	0.0147058823529411	[0.01, 0.05)	9.28	0.09830941106836343	0.017749070842813963	99.8871822623074	0.09830941106836343	False	False
E3	CP141858.1	CP133857.1	0.0113636363636363	[0.01, 0.05)	9.28	0.0978441027742787	0.0541880467347715	95.16674511130243	0.0978441027742787	False	False
E3	CP133857.1	CP141538.1	0.0370967741935483	[0.01, 0.05)	9.28	0.24923432109804025	0.20732945091514143	87.48184489165325	0.24923432109804025	False	False
E3	CP137376.1	NZ_CP141558.1	0.010752688172043	[0.01, 0.05)	9.28	0.03804519927360618	0.026632465640635886	99.15070788043478	0.03804519927360618	False	False
E3	NZ_CP137355.1	CP141545.1	0.0349462365591397	[0.01, 0.05)	9.28	0.17073695663870772	0.1394474814525576	95.51706439327768	0.17073695663870772	False	False
E3	NZ_CP137427.1	NZ_CP137355.1	0.0303030303030303	[0.01, 0.05)	9.28	0.37584044723124577	0.08907209345425632	97.00046986741661	0.37584044723124577	False	False
E3	CP137420.1	NZ_CP137355.1	0.0375426621160409	[0.01, 0.05)	9.28	0.14585740738162528	0.1252294208729651	95.07837071799513	0.14585740738162528	False	False
E3	CP141579.1	NZ_CP137355.1	0.0135135135135135	[0.01, 0.05)	9.28	0.08385259375358385	0.026269063604134658	98.54333227127901	0.08385259375358385	False	False
E3	NZ_CP137387.1	NZ_CP137355.1	0.0151515151515151	[0.01, 0.05)	9.28	0.3912011782675104	0.08559266809749565	96.65579452341137	0.3912011782675104	False	False
E3	NZ_CP137355.1	CP137375.1	0.0198019801980198	[0.01, 0.05)	9.28	0.10224847401491012	0.037247644976384525	96.42211474931418	0.10224847401491012	False	False
E3	CP141545.1	CP137386.1	0.0171428571428571	[0.01, 0.05)	9.28	0.06784459195626709	0.04270149162114051	96.03413420504346	0.06784459195626709	False	False
E3	NZ_CP137427.1	CP137386.1	0.038235294117647	[0.01, 0.05)	9.28	0.45309863765707237	0.055282057577803696	96.42129190478833	0.45309863765707237	False	False
E3	CP141563.1	CP137386.1	0.0227272727272727	[0.01, 0.05)	9.28	0.12745296891638355	0.030860597876127924	99.85079562406764	0.12745296891638355	False	False
E3	CP137422.1	CP137386.1	0.0283505154639175	[0.01, 0.05)	9.28	0.16787713475084076	0.04703210361549322	97.26680001304548	0.16787713475084076	False	False
E3	NZ_CP137381.1	CP137386.1	0.0478873239436619	[0.01, 0.05)	9.28	0.37026487126368746	0.06142962371861764	99.63045322411467	0.37026487126368746	False	False
E3	CP141551.1	CP137386.1	0.0192771084337349	[0.01, 0.05)	9.28	0.1312630602434476	0.043026824627094715	97.21386874732791	0.1312630602434476	False	False
E3	CP137376.1	CP137386.1	0.0148936170212765	[0.01, 0.05)	9.28	0.05727783270969451	0.02719906696949236	97.32647208121828	0.05727783270969451	False	False
E3	CP133867.1	CP137386.1	0.0271604938271604	[0.01, 0.05)	9.28	0.16175315652751768	0.04934012645018722	96.9609961469144	0.16175315652751768	False	False
E3	CP141544.1	CP137386.1	0.0167597765363128	[0.01, 0.05)	9.28	0.17706249150138892	0.027978638512061876	97.80640364154877	0.17706249150138892	False	False
E3	NZ_CP138476.1	CP137435.1	0.0294117647058823	[0.01, 0.05)	9.28	0.38059131573205324	0.04288616888059518	95.43053654176202	0.38059131573205324	False	False
E3	CP141561.1	CP137435.1	0.0175824175824175	[0.01, 0.05)	9.28	0.07403212160622015	0.03249073096471628	94.86922606809392	0.07403212160622015	False	False
E3	CP137376.1	CP137435.1	0.0148936170212765	[0.01, 0.05)	9.28	0.05727783270969451	0.02719940088884524	97.32647208121828	0.05727783270969451	False	False
E3	NZ_CP141858.1	CP137435.1	0.0150537634408602	[0.01, 0.05)	9.28	0.07753274227475183	0.03946706116335601	94.01607499222878	0.07753274227475183	False	False
E3	NZ_CP137376.1	NZ_CP137400.1	0.0145530145530145	[0.01, 0.05)	9.28	0.06751455695793508	0.029652862535834917	97.84709444072338	0.06751455695793508	False	False
E3	NZ_CP133851.1	NZ_CP137376.1	0.010752688172043	[0.01, 0.05)	9.28	0.06065563043904992	0.011981620426917932	99.83802588996764	0.06065563043904992	False	False
E3	NZ_CP137376.1	CP137375.1	0.0167224080267558	[0.01, 0.05)	9.28	0.08471794076400602	0.028510355145389545	98.1929280213496	0.08471794076400602	False	False
E3	NZ_CP140291.1	NZ_CP140290.1	0.0116618075801749	[0.01, 0.05)	9.28	0.017105879648865355	0.007846860444357888	99.793	0.017105879648865355	False	False
E3	NZ_CP133862.1	NZ_CP140291.1	0.0242424242424242	[0.01, 0.05)	9.28	0.03822754206218664	0.017061678409462603	99.689	0.03822754206218664	False	False
E3	NZ_CP140291.1	NZ_CP141858.1	0.0111111111111111	[0.01, 0.05)	9.28	0.016929074691254344	0.011535888426140782	99.739	0.016929074691254344	False	False
E3	CP141545.1	NZ_CP141538.1	0.0364963503649635	[0.01, 0.05)	9.28	0.13650917610308475	0.07757071547420966	96.43053996783992	0.13650917610308475	False	False
E3	NZ_CP133867.1	CP141545.1	0.022801302931596	[0.01, 0.05)	9.28	0.09106103626734328	0.04415755564232721	96.38659226519337	0.09106103626734328	False	False
E3	CP137376.1	CP141545.1	0.0359116022099447	[0.01, 0.05)	9.28	0.15745426110109412	0.11896720031237798	95.7776465457226	0.15745426110109412	False	False
E3	CP137427.1	CP141545.1	0.0244897959183673	[0.01, 0.05)	9.28	0.2630001762735766	0.05100058570870754	95.94516419623217	0.2630001762735766	False	False
E3	CP141545.1	CP141538.1	0.0364963503649635	[0.01, 0.05)	9.28	0.13650917610308475	0.07757071547420966	96.43053996783992	0.13650917610308475	False	False
E3	NZ_CP137415.1	CP137420.1	0.037037037037037	[0.01, 0.05)	9.28	0.2736191031458339	0.07504838013560361	92.99919550541014	0.2736191031458339	False	False
E3	NZ_CP137415.1	NZ_CP137400.1	0.0168539325842696	[0.01, 0.05)	9.28	0.20824355496970773	0.02334875535749766	94.96918228217278	0.20824355496970773	False	False
E3	NZ_CP137415.1	CP133845.1	0.0128755364806866	[0.01, 0.05)	9.28	0.2760272757230855	0.04769805784546598	94.97844626360559	0.2760272757230855	False	False
E3	NZ_CP137415.1	NZ_CP138475.1	0.0317919075144508	[0.01, 0.05)	9.28	0.44008720119648154	0.05180894575547632	96.1302080506038	0.44008720119648154	False	False
E3	NZ_CP137415.1	NZ_CP137414.1	0.0116279069767441	[0.01, 0.05)	9.28	0.09100357423508834	0.06720470376750805	94.34709384572544	0.09100357423508834	False	False
E3	NZ_CP137415.1	CP137425.1	0.0116279069767441	[0.01, 0.05)	9.28	0.09100357423508834	0.06638428529150636	94.34709384572544	0.09100357423508834	False	False
E3	NZ_CP137415.1	NZ_CP141858.1	0.0446927374301676	[0.01, 0.05)	9.28	0.41818550533600346	0.09938704291904989	96.20073285264178	0.41818550533600346	False	False
E3	NZ_CP137427.1	CP137425.1	0.0113636363636363	[0.01, 0.05)	9.28	0.09040316285160283	0.06638428529150636	94.34709384572544	0.09040316285160283	False	False
E3	NZ_CP137427.1	NZ_CP137360.1	0.0372492836676217	[0.01, 0.05)	9.28	0.4531238195965853	0.05233644316732379	96.4880242454505	0.4531238195965853	False	False
E3	CP141566.1	CP137372.1	0.0239852398523985	[0.01, 0.05)	9.28	0.11617199437439459	0.08123637579973524	96.51522295790356	0.11617199437439459	False	False
E3	CP141566.1	CP141854.1	0.0127970749542961	[0.01, 0.05)	9.28	0.12004263787394266	0.08595552743326358	93.7384063963873	0.12004263787394266	False	False
E3	CP141566.1	CP137375.1	0.0197869101978691	[0.01, 0.05)	9.28	0.12034661511212708	0.06453808484173719	96.67111918947123	0.12034661511212708	False	False
E3	CP137427.1	CP141566.1	0.024	[0.01, 0.05)	9.28	0.3548387096774194	0.05723688743520219	95.60445788505098	0.3548387096774194	False	False
E3	NZ_CP137393.1	CP141566.1	0.0201612903225806	[0.01, 0.05)	9.28	0.3936997136233465	0.058623023641323074	95.7016861999862	0.3936997136233465	False	False
E3	NZ_CP138476.1	CP137420.1	0.0308641975308641	[0.01, 0.05)	9.28	0.2771110626227362	0.07062107564007963	92.3634899262899	0.2771110626227362	False	False
E3	NZ_CP138476.1	NZ_CP133748.1	0.0337837837837837	[0.01, 0.05)	9.28	0.35648047130700417	0.04189177930309614	98.21826739562626	0.35648047130700417	False	False
E3	CP133851.1	NZ_CP138476.1	0.0338983050847457	[0.01, 0.05)	9.28	0.1266112674213178	0.10495308749727253	94.7615393548387	0.1266112674213178	False	False
E3	NZ_CP138476.1	CP141561.1	0.0114285714285714	[0.01, 0.05)	9.28	0.17859480689504692	0.04578412658457967	91.96789788142051	0.17859480689504692	False	False
E3	NZ_CP138476.1	CP137375.1	0.0212314225053078	[0.01, 0.05)	9.28	0.38029129391228456	0.03032609357467795	95.47806686254837	0.38029129391228456	False	False
E3	NZ_CP141561.1	NZ_CP140295.1	0.0311004784688995	[0.01, 0.05)	9.28	0.09435110020346947	0.043595650422875554	99.09146820766561	0.09435110020346947	False	False
E3	NZ_CP137387.1	NZ_CP140295.1	0.0258064516129032	[0.01, 0.05)	9.28	0.34344315950250925	0.04059927507047926	94.13469031388713	0.34344315950250925	False	False
E3	NZ_CP133867.1	NZ_CP140295.1	0.0267379679144385	[0.01, 0.05)	9.28	0.15776596387361808	0.05043576318968989	93.91803298379408	0.15776596387361808	False	False
E3	NZ_CP137414.1	NZ_CP140295.1	0.0149253731343283	[0.01, 0.05)	9.28	0.16809602276983	0.02891341119613371	99.22053207126949	0.16809602276983	False	False
E3	CP141544.1	NZ_CP137433.1	0.0124223602484472	[0.01, 0.05)	9.28	0.06305483789506401	0.02871445025250288	99.96961194949185	0.06305483789506401	False	False
E3	NZ_CP141561.1	CP137372.1	0.0235042735042735	[0.01, 0.05)	9.28	0.10096560596843776	0.040952680618981614	95.5069038501417	0.10096560596843776	False	False
E3	NZ_CP141854.1	CP137372.1	0.0293209876543209	[0.01, 0.05)	9.28	0.10469716451831061	0.10236894546918274	93.37232081411723	0.10469716451831061	False	False
E3	CP137427.1	CP137372.1	0.0365168539325842	[0.01, 0.05)	9.28	0.4531741834756113	0.0510696680301497	96.41625600488157	0.4531741834756113	False	False
E3	CP133742.1	CP137372.1	0.0239852398523985	[0.01, 0.05)	9.28	0.1161998946216512	0.08125621858815725	96.50564536808001	0.1161998946216512	False	False
E3	NZ_CP141571.1	NZ_CP141540.1	0.0144927536231884	[0.01, 0.05)	9.28	0.11974545491334743	0.05518818511728834	93.26924814439946	0.11974545491334743	False	False
E3	NZ_CP141571.1	CP133867.1	0.027027027027027	[0.01, 0.05)	9.28	0.07419847637161964	0.07390402545359351	92.94861924857065	0.07419847637161964	False	False
E3	NZ_CP137393.1	NZ_CP133745.1	0.0138888888888888	[0.01, 0.05)	9.28	0.13898813582435565	0.04482327677251285	93.45091647058824	0.13898813582435565	False	False
E3	CP137415.1	CP133845.1	0.0128755364806866	[0.01, 0.05)	9.28	0.2760272757230855	0.04769805784546598	94.97844626360559	0.2760272757230855	False	False
E3	NZ_CP133851.1	CP137415.1	0.0333333333333333	[0.01, 0.05)	9.28	0.1266112674213178	0.09754366397120333	94.7615393548387	0.1266112674213178	False	False
E3	CP137415.1	CP137365.1	0.0116279069767441	[0.01, 0.05)	9.28	0.09100357423508834	0.0663855131975658	94.34709384572544	0.09100357423508834	False	False
E3	CP137415.1	CP137425.1	0.0116279069767441	[0.01, 0.05)	9.28	0.09100357423508834	0.06638428529150636	94.34709384572544	0.09100357423508834	False	False
E3	CP137415.1	NZ_CP141858.1	0.0446927374301676	[0.01, 0.05)	9.28	0.41818550533600346	0.09938704291904989	96.20073285264178	0.41818550533600346	False	False
E3	NZ_CP137365.1	NZ_CP137400.1	0.0464480874316939	[0.01, 0.05)	9.28	0.3702347261528217	0.056805086429564874	99.64516139667316	0.3702347261528217	False	False
E3	CP133862.1	NZ_CP137400.1	0.0215633423180593	[0.01, 0.05)	9.28	0.21761360258417392	0.03126224064034515	96.55953612926653	0.21761360258417392	False	False
E3	NZ_CP133862.1	NZ_CP137400.1	0.0215633423180593	[0.01, 0.05)	9.28	0.21761360258417392	0.03126224064034515	96.55953612926653	0.21761360258417392	False	False
E3	CP141561.1	NZ_CP137400.1	0.0193548387096774	[0.01, 0.05)	9.28	0.07352169991399744	0.02983452073458034	94.81817955774888	0.07352169991399744	False	False
E3	CP137427.1	NZ_CP137400.1	0.0224719101123595	[0.01, 0.05)	9.28	0.2229105285689104	0.025159660526241096	96.56038423367544	0.2229105285689104	False	False
E3	CP140294.1	NZ_CP141548.1	0.0103806228373702	[0.01, 0.05)	9.28	0.12491258992461181	0.06670622963232022	90.56443469949531	0.12491258992461181	False	False
E3	CP137422.1	NZ_CP133748.1	0.0230547550432276	[0.01, 0.05)	9.28	0.19920689692946422	0.05836265405395013	97.66372848916917	0.19920689692946422	False	False
E3	NZ_CP137374.1	NZ_CP133748.1	0.0265780730897009	[0.01, 0.05)	9.28	0.3296147066230169	0.04195266385956817	97.50306016645034	0.3296147066230169	False	False
E3	NZ_CP140290.1	NZ_CP133748.1	0.0161943319838056	[0.01, 0.05)	9.28	0.09479121021795933	0.07488159555991361	96.76271690044477	0.09479121021795933	False	False
E3	NZ_CP133867.1	NZ_CP133748.1	0.0191780821917808	[0.01, 0.05)	9.28	0.15611470226947785	0.04969141143219703	96.97933640345228	0.15611470226947785	False	False
E3	NZ_CP141551.1	CP141580.1	0.0155763239875389	[0.01, 0.05)	9.28	0.18218278249950803	0.07877373020118995	91.27172040315155	0.18218278249950803	False	False
E3	CP137422.1	CP141854.1	0.0122249388753056	[0.01, 0.05)	9.28	0.11778237865194387	0.031222516667779303	99.2006798959011	0.11778237865194387	False	False
E3	CP141540.1	CP141854.1	0.0195694716242661	[0.01, 0.05)	9.28	0.13567660593363015	0.08416756886978378	93.83399062210164	0.13567660593363015	False	False
E3	CP137365.1	CP141854.1	0.0375335120643431	[0.01, 0.05)	9.28	0.34409855168969533	0.05395803521930066	97.90420990971624	0.34409855168969533	False	False
E3	NZ_CP141566.1	CP141854.1	0.0127970749542961	[0.01, 0.05)	9.28	0.12004263787394266	0.08595552743326358	93.7384063963873	0.12004263787394266	False	False
E3	CP137363.1	CP141854.1	0.0175718849840255	[0.01, 0.05)	9.28	0.09005932324625082	0.08575235032377723	92.3378736774715	0.09005932324625082	False	False
E3	NZ_CP141566.1	NZ_CP141538.1	0.0437158469945355	[0.01, 0.05)	9.28	0.1547852096834989	0.1058957293399889	96.82652767894515	0.1547852096834989	False	False
E3	NZ_CP137374.1	NZ_CP137363.1	0.018018018018018	[0.01, 0.05)	9.28	0.1953160412994208	0.023668422926958442	96.15525523980969	0.1953160412994208	False	False
E3	NZ_CP140290.1	NZ_CP137363.1	0.017208413001912	[0.01, 0.05)	9.28	0.08608014022104289	0.06461028979816703	97.24618042741479	0.08608014022104289	False	False
E3	NZ_CP137387.1	NZ_CP137363.1	0.024390243902439	[0.01, 0.05)	9.28	0.20837879118481345	0.023315344601401965	97.24565892181178	0.20837879118481345	False	False
E3	NZ_CP141858.1	NZ_CP137363.1	0.0110375275938189	[0.01, 0.05)	9.28	0.07215053309787424	0.03642794310568913	93.79850762690673	0.07215053309787424	False	False
E3	NZ_CP137363.1	CP141538.1	0.0107858243451463	[0.01, 0.05)	9.28	0.07934826611148144	0.07239046034387132	89.87157477223346	0.07934826611148144	False	False
E3	NZ_CP137365.1	NZ_CP137353.1	0.0260416666666666	[0.01, 0.05)	9.28	0.06000406932652646	0.024993254442431483	99.66112322858903	0.06000406932652646	False	False
E3	CP141544.1	NZ_CP137353.1	0.0106951871657754	[0.01, 0.05)	9.28	0.06305483789506401	0.024985545233781752	99.96961194949185	0.06305483789506401	False	False
E3	NZ_CP133862.1	CP133845.1	0.0160642570281124	[0.01, 0.05)	9.28	0.29993460296070235	0.06630309487215313	95.18170504212745	0.29993460296070235	False	False
E3	CP133845.1	NZ_CP137360.1	0.0192307692307692	[0.01, 0.05)	9.28	0.12724430627357833	0.08459310180517582	96.17943105044756	0.12724430627357833	False	False
E3	CP133845.1	CP137375.1	0.0155763239875389	[0.01, 0.05)	9.28	0.11185727260025151	0.055674671862360504	96.14561543262855	0.11185727260025151	False	False
E3	NZ_CP141561.1	NZ_CP137435.1	0.0175824175824175	[0.01, 0.05)	9.28	0.07403212160622015	0.03249073096471628	94.86922606809392	0.07403212160622015	False	False
E3	CP141551.1	NZ_CP141561.1	0.0460251046025104	[0.01, 0.05)	9.28	0.0866216254205047	0.06460680049503913	99.9459663565556	0.0866216254205047	False	False
E3	CP137365.1	NZ_CP141561.1	0.0418848167539267	[0.01, 0.05)	9.28	0.14274087638495828	0.053943881582167404	99.87028710178708	0.14274087638495828	False	False
E3	NZ_CP141561.1	CP137375.1	0.0171232876712328	[0.01, 0.05)	9.28	0.09188289667806375	0.028564718571416146	95.8490396837464	0.09188289667806375	False	False
E3	NZ_CP141551.1	NZ_CP141566.1	0.0155763239875389	[0.01, 0.05)	9.28	0.1825201233168099	0.07890843800282901	91.22749760008169	0.1825201233168099	False	False
E3	NZ_CP137365.1	NZ_CP137435.1	0.0478873239436619	[0.01, 0.05)	9.28	0.3702532230915783	0.061427308665013385	99.62532867132867	0.3702532230915783	False	False
E3	CP141563.1	NZ_CP137435.1	0.0227272727272727	[0.01, 0.05)	9.28	0.12741493839054815	0.030848699879686695	99.86067038105662	0.12741493839054815	False	False
E3	CP133742.1	NZ_CP137435.1	0.0208333333333333	[0.01, 0.05)	9.28	0.10189681027844202	0.07712328430770742	96.31882408364474	0.10189681027844202	False	False
E3	NZ_CP133741.1	NZ_CP141857.1	0.0238095238095238	[0.01, 0.05)	9.28	0.06472083643939829	0.046464702689915253	94.69808011782033	0.06472083643939829	False	False
E3	NZ_CP141857.1	NZ_CP141566.1	0.03886925795053	[0.01, 0.05)	9.28	0.26910285133799977	0.07849097592905577	95.38463051773928	0.26910285133799977	False	False
E3	NZ_CP141857.1	NZ_CP141540.1	0.0116279069767441	[0.01, 0.05)	9.28	0.13816952171553415	0.046424295708780726	95.21611145728642	0.13816952171553415	False	False
E3	NZ_CP141857.1	CP133748.1	0.0205882352941176	[0.01, 0.05)	9.28	0.14880115779073488	0.03425557414136753	94.63765788490284	0.14880115779073488	False	False
E3	CP133862.1	NZ_CP137365.1	0.0297029702970297	[0.01, 0.05)	9.28	0.11529696201026535	0.10765218356362022	95.6728540521978	0.11529696201026535	False	False
E3	CP137427.1	NZ_CP137365.1	0.0113636363636363	[0.01, 0.05)	9.28	0.09040316285160283	0.0663855131975658	94.34709384572544	0.09040316285160283	False	False
E3	CP133851.1	CP141563.1	0.0265486725663716	[0.01, 0.05)	9.28	0.1259569456258588	0.04885654885654886	99.87004151530877	0.1259569456258588	False	False
E3	NZ_CP137393.1	CP141563.1	0.017094017094017	[0.01, 0.05)	9.28	0.12706941224601118	0.05911211399016277	97.42690930531732	0.12706941224601118	False	False
E3	CP141563.1	NZ_CP141858.1	0.0211864406779661	[0.01, 0.05)	9.28	0.0851883778713047	0.04051423302012452	98.34893024985129	0.0851883778713047	False	False
E3	CP141563.1	CP133742.1	0.0301003344481605	[0.01, 0.05)	9.28	0.1477232391866538	0.04722571231710777	99.60536058682224	0.1477232391866538	False	False
E3	NZ_CP137419.1	CP137356.1	0.025	[0.01, 0.05)	9.28	0.1152092493079303	0.019591825431989368	96.11581638418077	0.1152092493079303	False	False
E3	CP137422.1	CP137352.1	0.0325814536340852	[0.01, 0.05)	9.28	0.20645875097220853	0.05395245770694181	97.39538948708429	0.20645875097220853	False	False
E3	CP137422.1	CP141538.1	0.0212264150943396	[0.01, 0.05)	9.28	0.19874680951285506	0.05034664448141986	93.98719813135476	0.19874680951285506	False	False
E3	NZ_CP137381.1	NZ_CP141854.1	0.0375335120643431	[0.01, 0.05)	9.28	0.3440921870375851	0.05395803521930066	97.90950091358556	0.3440921870375851	False	False
E3	NZ_CP137381.1	NZ_CP141566.1	0.0338345864661654	[0.01, 0.05)	9.28	0.2327241787511098	0.05099522147781574	99.44385899269146	0.2327241787511098	False	False
E3	NZ_CP137381.1	CP137363.1	0.0112994350282485	[0.01, 0.05)	9.28	0.16312148564664103	0.026833952742292392	99.20647154840172	0.16312148564664103	False	False
E3	CP141551.1	CP137392.1	0.0236966824644549	[0.01, 0.05)	9.28	0.16921390218990415	0.05265136721596241	97.65020390335602	0.16921390218990415	False	False
E3	NZ_CP133867.1	CP141551.1	0.015	[0.01, 0.05)	9.28	0.11710868120582371	0.10894234283197617	94.66472053525476	0.11710868120582371	False	False
E3	CP141551.1	CP141858.1	0.0401606425702811	[0.01, 0.05)	9.28	0.2036601478677249	0.13110169542602626	92.9518210521492	0.2036601478677249	False	False
E3	NZ_CP137357.1	NZ_CP141566.1	0.0201612903225806	[0.01, 0.05)	9.28	0.3936831769583242	0.058623023641323074	95.70829184519698	0.3936831769583242	False	False
E3	NZ_CP137374.1	CP141540.1	0.0136363636363636	[0.01, 0.05)	9.28	0.26962981616721227	0.050062666018182496	94.81926108833396	0.26962981616721227	False	False
E3	NZ_CP137374.1	CP137365.1	0.0113636363636363	[0.01, 0.05)	9.28	0.09040543943591035	0.0663855131975658	94.34709384572544	0.09040543943591035	False	False
E3	CP141561.1	CP137352.1	0.0214592274678111	[0.01, 0.05)	9.28	0.09188289667806375	0.037610689142801516	95.85663737266232	0.09188289667806375	False	False
E3	NZ_CP141858.1	CP137352.1	0.0146443514644351	[0.01, 0.05)	9.28	0.0953247708191445	0.04525478901425467	94.85458887484195	0.0953247708191445	False	False
E3	NZ_CP137422.1	CP141540.1	0.0346153846153846	[0.01, 0.05)	9.28	0.2292549870189622	0.0978665494406824	97.44254119948472	0.2292549870189622	False	False
E3	CP137376.1	CP141540.1	0.0205882352941176	[0.01, 0.05)	9.28	0.0873094347182639	0.06315705787721201	98.74980727972184	0.0873094347182639	False	False
E3	CP137425.1	CP141540.1	0.043103448275862	[0.01, 0.05)	9.28	0.2905260432080497	0.07350630401436642	99.25612374411803	0.2905260432080497	False	False
E3	CP141544.1	CP141540.1	0.0218340611353711	[0.01, 0.05)	9.28	0.17607179626643873	0.04237438736952374	97.4095997574956	0.17607179626643873	False	False
E3	CP137427.1	CP140294.1	0.0390625	[0.01, 0.05)	9.28	0.11364609302208456	0.043297922274482	95.00079053306791	0.11364609302208456	False	False
E3	CP137427.1	NZ_CP140290.1	0.0395256916996047	[0.01, 0.05)	9.28	0.3549142554959583	0.05722446727364201	96.81070588235296	0.3549142554959583	False	False
E3	NZ_CP137393.1	NZ_CP140290.1	0.0358565737051792	[0.01, 0.05)	9.28	0.39378153552434203	0.05861207134394729	96.87942849235453	0.39378153552434203	False	False
E3	NZ_CP141566.1	NZ_CP138475.1	0.0244360902255639	[0.01, 0.05)	9.28	0.1128120326349963	0.0829199508710843	96.43052614191326	0.1128120326349963	False	False
E3	CP137376.1	NZ_CP138475.1	0.0168421052631578	[0.01, 0.05)	9.28	0.07382203351493179	0.034047411788554874	97.91679536105033	0.07382203351493179	False	False
E3	CP133851.1	CP137427.1	0.032258064516129	[0.01, 0.05)	9.28	0.12670941569063665	0.09697564906449095	94.73965239814336	0.12670941569063665	False	False
E3	CP137357.1	CP137375.1	0.0212314225053078	[0.01, 0.05)	9.28	0.3805640410211652	0.03034783894508859	95.44546405041537	0.3805640410211652	False	False
E3	CP137427.1	CP137365.1	0.0113636363636363	[0.01, 0.05)	9.28	0.09040316285160283	0.0663855131975658	94.34709384572544	0.09040316285160283	False	False
E3	NZ_CP137419.1	CP141544.1	0.0408163265306122	[0.01, 0.05)	9.28	0.2532975085490962	0.06052953631577925	99.96765853658536	0.2532975085490962	False	False
E3	NZ_CP137414.1	NZ_CP137422.1	0.0150375939849624	[0.01, 0.05)	9.28	0.12611414875290242	0.07375639466736775	96.39396349606767	0.12611414875290242	False	False
E3	NZ_CP133741.1	CP141858.1	0.0294117647058823	[0.01, 0.05)	9.28	0.1309899267924384	0.04122543199310499	99.40158155821418	0.1309899267924384	False	False
E3	CP137427.1	NZ_CP141566.1	0.024	[0.01, 0.05)	9.28	0.3548387096774194	0.05723688743520219	95.60445788505098	0.3548387096774194	False	False
E3	NZ_CP141566.1	CP141538.1	0.0437158469945355	[0.01, 0.05)	9.28	0.1547852096834989	0.1058957293399889	96.82652767894515	0.1547852096834989	False	False
E3	CP141579.1	CP141858.1	0.0294117647058823	[0.01, 0.05)	9.28	0.13100653694713102	0.0412314591030455	99.38705441283734	0.13100653694713102	False	False
E3	NZ_CP137387.1	CP141858.1	0.0449438202247191	[0.01, 0.05)	9.28	0.4575605498581715	0.10106860659245286	96.04370851456831	0.4575605498581715	False	False
E3	NZ_CP133867.1	NZ_CP137360.1	0.0315533980582524	[0.01, 0.05)	9.28	0.1936406290903965	0.05593052411985693	97.092180487045	0.1936406290903965	False	False
E3	NZ_CP133867.1	CP141858.1	0.0456431535269709	[0.01, 0.05)	9.28	0.13383273928190256	0.07992550492113526	96.35160500977885	0.13383273928190256	False	False
E3	NZ_CP137414.1	CP141561.1	0.0418848167539267	[0.01, 0.05)	9.28	0.14450228447307317	0.053943881582167404	99.90933605283604	0.14450228447307317	False	False
E3	CP137425.1	CP133867.1	0.0201342281879194	[0.01, 0.05)	9.28	0.16415729505770937	0.0892486759701162	96.11482432432432	0.16415729505770937	False	False
E3	CP133867.1	NZ_CP137360.1	0.0315533980582524	[0.01, 0.05)	9.28	0.1936406290903965	0.05593052411985693	97.092180487045	0.1936406290903965	False	False
E3	CP137427.1	NZ_CP137360.1	0.0372492836676217	[0.01, 0.05)	9.28	0.4531238195965853	0.05233644316732379	96.4880242454505	0.4531238195965853	False	False
E3	NZ_CP137393.1	CP133748.1	0.0337837837837837	[0.01, 0.05)	9.28	0.35647074867039413	0.04189177930309614	98.21052982107356	0.35647074867039413	False	False
E3	NZ_CP137401.1	NZ_CP141563.1	0.079646017699115	[0.05, 0.15)	2.3666666666666667	0.19004341903626767	0.11319152172810709	98.85774479283315	0.19004341903626767	False	False
E3	CP137381.1	NZ_CP141563.1	0.0601503759398496	[0.05, 0.15)	2.3666666666666667	0.14775081385025154	0.1012626134577354	99.93743665498246	0.14775081385025154	False	False
E3	CP137414.1	NZ_CP141563.1	0.0601503759398496	[0.05, 0.15)	2.3666666666666667	0.14959553591491273	0.1012626134577354	99.91254600075102	0.14959553591491273	False	False
E3	CP133741.1	NZ_CP141563.1	0.0514705882352941	[0.05, 0.15)	2.3666666666666667	0.13500391842039872	0.089549211500431	99.49027512029438	0.13500391842039872	False	False
E3	NZ_CP137381.1	NZ_CP141563.1	0.0601503759398496	[0.05, 0.15)	2.3666666666666667	0.14775081385025154	0.1012626134577354	99.93743665498246	0.14775081385025154	False	False
E3	CP137365.1	NZ_CP141563.1	0.0601503759398496	[0.05, 0.15)	2.3666666666666667	0.1477535467880066	0.1012626134577354	99.93743665498246	0.1477535467880066	False	False
E3	NZ_CP137414.1	NZ_CP141563.1	0.0601503759398496	[0.05, 0.15)	2.3666666666666667	0.14959553591491273	0.1012626134577354	99.91254600075102	0.14959553591491273	False	False
E3	CP137425.1	NZ_CP141563.1	0.0601503759398496	[0.05, 0.15)	2.3666666666666667	0.14775081385025154	0.1012626134577354	99.93743665498246	0.14775081385025154	False	False
E3	CP141549.1	NZ_CP141563.1	0.064	[0.05, 0.15)	2.3666666666666667	0.1663590978845743	0.10856447441813295	99.38120163455925	0.1663590978845743	False	False
E3	NZ_CP137401.1	CP138475.1	0.0558823529411764	[0.05, 0.15)	2.3666666666666667	0.4865698961348544	0.06818723840641061	98.92894501267594	0.4865698961348544	False	False
E3	NZ_CP137420.1	CP138475.1	0.072429906542056	[0.05, 0.15)	2.3666666666666667	0.25222409400364765	0.10810746354085927	95.39151481114416	0.25222409400364765	False	False
E3	NZ_CP137425.1	CP138475.1	0.0529247910863509	[0.05, 0.15)	2.3666666666666667	0.42495930748742233	0.06848833188251989	99.64316900182752	0.42495930748742233	False	False
E3	NZ_CP137365.1	CP138475.1	0.0529247910863509	[0.05, 0.15)	2.3666666666666667	0.4249486709949503	0.06848535075899405	99.64315512814935	0.4249486709949503	False	False
E3	CP141540.1	CP138475.1	0.1277533039647577	[0.05, 0.15)	2.3666666666666667	0.3484557970743387	0.22204004245119902	97.92531642431149	0.3484557970743387	False	False
E3	NZ_CP141856.1	CP141576.1	0.0845070422535211	[0.05, 0.15)	2.3666666666666667	0.22112502777612175	0.17996463673282215	95.55175985417533	0.22112502777612175	False	False
E3	NZ_CP141856.1	NZ_CP141576.1	0.0845070422535211	[0.05, 0.15)	2.3666666666666667	0.22112502777612175	0.17996463673282215	95.55175985417533	0.22112502777612175	False	False
E3	NZ_CP133866.1	NZ_CP133746.1	0.0555555555555555	[0.05, 0.15)	2.3666666666666667	0.05517169179229481	0.02775382625565855	88.555	0.05517169179229481	False	False
E3	CP141556.1	NZ_CP133746.1	0.0625	[0.05, 0.15)	2.3666666666666667	0.11898662112154854	0.044406122009053674	87.13135064935065	0.11898662112154854	False	False
E3	NZ_CP137399.1	NZ_CP137375.1	0.127789046653144	[0.05, 0.15)	2.3666666666666667	0.8134866711050717	0.19399262397035671	98.27997468567203	0.8134866711050717	False	True
E3	NZ_CP137420.1	NZ_CP137375.1	0.0560578661844484	[0.05, 0.15)	2.3666666666666667	0.2574101660935303	0.0805383283898858	95.35825111865871	0.2574101660935303	False	False
E3	CP141540.1	NZ_CP137375.1	0.1001727115716753	[0.05, 0.15)	2.3666666666666667	0.3745042837367653	0.1740521193038002	98.02340760185058	0.3745042837367653	False	False
E3	NZ_CP141540.1	NZ_CP137375.1	0.1001727115716753	[0.05, 0.15)	2.3666666666666667	0.3745042837367653	0.1740521193038002	98.02340760185058	0.3745042837367653	False	False
E3	CP137420.1	CP140295.1	0.0963541666666666	[0.05, 0.15)	2.3666666666666667	0.28714132568532724	0.13317116391461942	96.39950577545794	0.28714132568532724	False	False
E3	CP137361.1	CP137408.1	0.1	[0.05, 0.15)	2.3666666666666667	0.29349652027837775	0.2867871391692091	94.12250530612246	0.29349652027837775	False	False
E3	CP137408.1	NZ_CP137397.1	0.1	[0.05, 0.15)	2.3666666666666667	0.2928889931940859	0.2541200406917599	94.32412629896085	0.2928889931940859	False	False
E3	CP137408.1	NZ_CP141577.1	0.1333333333333333	[0.05, 0.15)	2.3666666666666667	0.32996949072987564	0.1510204081632653	92.70496033994336	0.32996949072987564	False	False
E3	CP137408.1	NZ_CP137395.1	0.1	[0.05, 0.15)	2.3666666666666667	0.3074395681764844	0.15730741540676746	94.44034501142423	0.3074395681764844	False	False
E3	CP137354.1	CP137408.1	0.1	[0.05, 0.15)	2.3666666666666667	0.3146148308135349	0.3074395681764844	94.44034501142423	0.3146148308135349	False	False
E3	CP137408.1	NZ_CP137368.1	0.1	[0.05, 0.15)	2.3666666666666667	0.3074395681764844	0.10488	94.44034501142423	0.3074395681764844	False	False
E3	CP137408.1	CP137405.1	0.1	[0.05, 0.15)	2.3666666666666667	0.30603144801689747	0.15658747300215983	94.56731905126243	0.30603144801689747	False	False
E3	CP137408.1	CP137384.1	0.1	[0.05, 0.15)	2.3666666666666667	0.3074395681764844	0.15730741540676746	94.44034501142423	0.3074395681764844	False	False
E3	CP137408.1	NZ_CP137416.1	0.1	[0.05, 0.15)	2.3666666666666667	0.3074395681764844	0.10486322188449848	94.44034501142423	0.3074395681764844	False	False
E3	CP137430.1	CP137408.1	0.1	[0.05, 0.15)	2.3666666666666667	0.3146148308135349	0.3074395681764844	94.44034501142423	0.3146148308135349	False	False
E3	CP137408.1	NZ_CP137421.1	0.1	[0.05, 0.15)	2.3666666666666667	0.3074395681764844	0.10488	94.44034501142423	0.3074395681764844	False	False
E3	NZ_CP133740.1	CP137408.1	0.1111111111111111	[0.05, 0.15)	2.3666666666666667	0.4298447383553767	0.3536728467495893	93.32439722405816	0.4298447383553767	False	False
E3	CP137408.1	CP137432.1	0.1	[0.05, 0.15)	2.3666666666666667	0.3074395681764844	0.15730741540676746	94.44034501142423	0.3074395681764844	False	False
E3	CP137408.1	NZ_CP137369.1	0.1	[0.05, 0.15)	2.3666666666666667	0.3074395681764844	0.15730741540676746	94.44034501142423	0.3074395681764844	False	False
E3	NZ_CP137401.1	CP137381.1	0.1125	[0.05, 0.15)	2.3666666666666667	0.3177038991997276	0.27624667061260727	97.69803138383297	0.3177038991997276	False	False
E3	NZ_CP137401.1	NZ_CP137407.1	0.0696202531645569	[0.05, 0.15)	2.3666666666666667	0.41539673080197514	0.1459461892828739	99.17308526193719	0.41539673080197514	False	False
E3	NZ_CP137401.1	CP141857.1	0.0588235294117647	[0.05, 0.15)	2.3666666666666667	0.1603311765707475	0.1048552065793685	98.52686425159236	0.1603311765707475	False	False
E3	NZ_CP137401.1	NZ_CP141549.1	0.08	[0.05, 0.15)	2.3666666666666667	0.16854673931551167	0.15382971697196915	99.97491678242201	0.16854673931551167	False	False
E3	NZ_CP137401.1	CP137414.1	0.1125	[0.05, 0.15)	2.3666666666666667	0.3176826153584199	0.27966069957306566	97.68474478051391	0.3176826153584199	False	False
E3	NZ_CP137401.1	CP137407.1	0.0696202531645569	[0.05, 0.15)	2.3666666666666667	0.41539673080197514	0.1459461892828739	99.17308526193719	0.41539673080197514	False	False
E3	NZ_CP137401.1	NZ_CP137392.1	0.0553935860058309	[0.05, 0.15)	2.3666666666666667	0.4866337476587775	0.06667327298269339	98.92924885275991	0.4866337476587775	False	False
E3	NZ_CP137401.1	NZ_CP137352.1	0.0547550432276657	[0.05, 0.15)	2.3666666666666667	0.48620807083262385	0.06543578526664166	98.93260557280959	0.48620807083262385	False	False
E3	NZ_CP137401.1	NZ_CP137386.1	0.0568862275449101	[0.05, 0.15)	2.3666666666666667	0.4865698961348544	0.07020133816217543	98.9336219075094	0.4865698961348544	False	False
E3	NZ_CP137401.1	NZ_CP137372.1	0.0542857142857142	[0.05, 0.15)	2.3666666666666667	0.48665503150008516	0.06485190193127024	98.92529567801424	0.48665503150008516	False	False
E3	NZ_CP137401.1	NZ_CP137425.1	0.1125	[0.05, 0.15)	2.3666666666666667	0.3177038991997276	0.27624667061260727	97.69803138383297	0.3177038991997276	False	False
E3	NZ_CP137401.1	CP137386.1	0.0568862275449101	[0.05, 0.15)	2.3666666666666667	0.4865698961348544	0.07020133816217543	98.9336219075094	0.4865698961348544	False	False
E3	NZ_CP137401.1	CP137420.1	0.0559006211180124	[0.05, 0.15)	2.3666666666666667	0.20417588966456665	0.06679243181533406	92.62295839385763	0.20417588966456665	False	False
E3	NZ_CP137401.1	CP137372.1	0.0542857142857142	[0.05, 0.15)	2.3666666666666667	0.48665503150008516	0.06485190193127024	98.92529567801424	0.48665503150008516	False	False
E3	NZ_CP137401.1	NZ_CP133745.1	0.0642857142857142	[0.05, 0.15)	2.3666666666666667	0.2821386003745956	0.11664789129057242	98.17461297134237	0.2821386003745956	False	False
E3	NZ_CP137401.1	NZ_CP141857.1	0.0588235294117647	[0.05, 0.15)	2.3666666666666667	0.1603311765707475	0.1048552065793685	98.52686425159236	0.1603311765707475	False	False
E3	NZ_CP137401.1	NZ_CP137365.1	0.1125	[0.05, 0.15)	2.3666666666666667	0.3176826153584199	0.2762332833915987	97.69787733386869	0.3176826153584199	False	False
E3	NZ_CP137401.1	CP137352.1	0.0547550432276657	[0.05, 0.15)	2.3666666666666667	0.48620807083262385	0.06543578526664166	98.93260557280959	0.48620807083262385	False	False
E3	NZ_CP137401.1	NZ_CP138475.1	0.0558823529411764	[0.05, 0.15)	2.3666666666666667	0.4865698961348544	0.06818723840641061	98.92894501267594	0.4865698961348544	False	False
E3	NZ_CP137401.1	CP137425.1	0.1125	[0.05, 0.15)	2.3666666666666667	0.3177038991997276	0.27624667061260727	97.69803138383297	0.3177038991997276	False	False
E3	NZ_CP137401.1	CP141544.1	0.08	[0.05, 0.15)	2.3666666666666667	0.16854673931551167	0.15382971697196915	99.97491678242201	0.16854673931551167	False	False
E3	NZ_CP141544.1	CP137381.1	0.0638297872340425	[0.05, 0.15)	2.3666666666666667	0.15099360904446474	0.14382953536549276	99.92286509773663	0.15099360904446474	False	False
E3	CP137381.1	CP137360.1	0.0524861878453038	[0.05, 0.15)	2.3666666666666667	0.42495930748742233	0.06675344372227081	99.63890275844066	0.42495930748742233	False	False
E3	CP137381.1	NZ_CP133853.1	0.0526315789473684	[0.05, 0.15)	2.3666666666666667	0.28077833678603137	0.10684914130273923	97.2572490791897	0.28077833678603137	False	False
E3	CP137401.1	CP137381.1	0.1125	[0.05, 0.15)	2.3666666666666667	0.3177038991997276	0.27624667061260727	97.69803138383297	0.3177038991997276	False	False
E3	CP137381.1	CP137372.1	0.051490514905149	[0.05, 0.15)	2.3666666666666667	0.42471885173128143	0.06510418881263588	99.65155404170115	0.42471885173128143	False	False
E3	CP137381.1	CP141563.1	0.0601503759398496	[0.05, 0.15)	2.3666666666666667	0.14775081385025154	0.1012626134577354	99.93743665498246	0.14775081385025154	False	False
E3	CP137381.1	NZ_CP137360.1	0.0524861878453038	[0.05, 0.15)	2.3666666666666667	0.42495930748742233	0.06675344372227081	99.63890275844066	0.42495930748742233	False	False
E3	CP137381.1	CP141858.1	0.0612244897959183	[0.05, 0.15)	2.3666666666666667	0.26932894347440073	0.08781499183326603	97.43643519089728	0.26932894347440073	False	False
E3	CP141549.1	CP137381.1	0.0638297872340425	[0.05, 0.15)	2.3666666666666667	0.15099360904446474	0.14382953536549276	99.92286509773663	0.15099360904446474	False	False
E3	CP141544.1	CP137381.1	0.0638297872340425	[0.05, 0.15)	2.3666666666666667	0.15099360904446474	0.14382953536549276	99.92286509773663	0.15099360904446474	False	False
E3	CP137381.1	NZ_CP141858.1	0.0612244897959183	[0.05, 0.15)	2.3666666666666667	0.26932894347440073	0.08781499183326603	97.43643519089728	0.26932894347440073	False	False
E3	CP141857.1	NZ_CP137407.1	0.0837696335078534	[0.05, 0.15)	2.3666666666666667	0.20374055468195545	0.10983478639276122	95.60374829607416	0.20374055468195545	False	False
E3	CP137362.1	NZ_CP137407.1	0.0903225806451612	[0.05, 0.15)	2.3666666666666667	0.48985193392425463	0.14612625860956469	97.76834307992203	0.48985193392425463	False	False
E3	CP138476.1	NZ_CP137407.1	0.0849673202614379	[0.05, 0.15)	2.3666666666666667	0.49762710015273837	0.13706276916612897	98.17754648426812	0.49762710015273837	False	False
E3	CP137431.1	NZ_CP137407.1	0.0849673202614379	[0.05, 0.15)	2.3666666666666667	0.5097097970761509	0.1403865488212962	97.69849698328794	0.5097097970761509	False	True
E3	NZ_CP137385.1	NZ_CP137407.1	0.0903225806451612	[0.05, 0.15)	2.3666666666666667	0.4897131777089471	0.146081241277892	97.7779204638752	0.4897131777089471	False	False
E3	NZ_CP137407.1	CP141555.1	0.0502958579881656	[0.05, 0.15)	2.3666666666666667	0.28342912021128136	0.15310258176954566	93.33176168261248	0.28342912021128136	False	False
E3	CP137401.1	NZ_CP137407.1	0.0696202531645569	[0.05, 0.15)	2.3666666666666667	0.41539673080197514	0.1459461892828739	99.17308526193719	0.41539673080197514	False	False
E3	CP137387.1	NZ_CP137407.1	0.0849673202614379	[0.05, 0.15)	2.3666666666666667	0.5097097970761509	0.1403865488212962	97.69883330663677	0.5097097970761509	False	True
E3	CP133870.1	NZ_CP137407.1	0.1029411764705882	[0.05, 0.15)	2.3666666666666667	0.497881445254859	0.35370867784096877	93.83153008178184	0.497881445254859	False	False
E3	NZ_CP137407.1	CP140290.1	0.0584795321637426	[0.05, 0.15)	2.3666666666666667	0.26260110142404824	0.14189265949332164	93.52104523328303	0.26260110142404824	False	False
E3	CP137393.1	NZ_CP137407.1	0.0849673202614379	[0.05, 0.15)	2.3666666666666667	0.5096958952679668	0.14032652571239929	97.70290379787406	0.5096958952679668	False	True
E3	CP137385.1	NZ_CP137407.1	0.0903225806451612	[0.05, 0.15)	2.3666666666666667	0.4897131777089471	0.146081241277892	97.7779204638752	0.4897131777089471	False	False
E3	NZ_CP137407.1	CP141566.1	0.0502958579881656	[0.05, 0.15)	2.3666666666666667	0.2834966462087904	0.153107255328721	93.33071517786563	0.2834966462087904	False	False
E3	NZ_CP137407.1	CP137420.1	0.0590551181102362	[0.05, 0.15)	2.3666666666666667	0.10199426779310035	0.09449092959472065	94.31224717451933	0.10199426779310035	False	False
E3	CP137415.1	NZ_CP137407.1	0.0915032679738562	[0.05, 0.15)	2.3666666666666667	0.4943598063322264	0.14644137993127354	97.75263528869777	0.4943598063322264	False	False
E3	NZ_CP141857.1	NZ_CP137407.1	0.0837696335078534	[0.05, 0.15)	2.3666666666666667	0.20374055468195545	0.10983478639276122	95.60374829607416	0.20374055468195545	False	False
E3	NZ_CP137407.1	NZ_CP140290.1	0.0584795321637426	[0.05, 0.15)	2.3666666666666667	0.26260110142404824	0.14189265949332164	93.52104523328303	0.26260110142404824	False	False
E3	NZ_CP137407.1	NZ_CP141566.1	0.0502958579881656	[0.05, 0.15)	2.3666666666666667	0.2834966462087904	0.153107255328721	93.33071517786563	0.2834966462087904	False	False
E3	NZ_CP137387.1	NZ_CP137407.1	0.0849673202614379	[0.05, 0.15)	2.3666666666666667	0.5097097970761509	0.1403865488212962	97.69883330663677	0.5097097970761509	False	True
E3	NZ_CP137407.1	NZ_CP141540.1	0.0662251655629139	[0.05, 0.15)	2.3666666666666667	0.1948049999249711	0.12140371880728797	99.2687235328074	0.1948049999249711	False	False
E3	CP133867.1	NZ_CP137407.1	0.0642201834862385	[0.05, 0.15)	2.3666666666666667	0.2144424978352363	0.15846100748788283	98.53063390366374	0.2144424978352363	False	False
E3	CP137427.1	NZ_CP137407.1	0.0903225806451612	[0.05, 0.15)	2.3666666666666667	0.48983908740651205	0.14611875572095256	97.76822284922794	0.48983908740651205	False	False
E3	NZ_CP133866.1	NZ_CP141567.1	0.0526315789473684	[0.05, 0.15)	2.3666666666666667	0.05496231155778895	0.029267767794695216	79.496	0.05496231155778895	False	False
E3	NZ_CP133866.1	NZ_CP137429.1	0.0526315789473684	[0.05, 0.15)	2.3666666666666667	0.054334170854271356	0.028943404346890467	79.636	0.054334170854271356	False	False
E3	NZ_CP133866.1	CP137367.1	0.0526315789473684	[0.05, 0.15)	2.3666666666666667	0.05496231155778895	0.029266193242952442	79.496	0.05496231155778895	False	False
E3	CP137402.1	NZ_CP133866.1	0.1111111111111111	[0.05, 0.15)	2.3666666666666667	0.5512092793682132	0.47016331658291455	84.50500618921308	0.5512092793682132	False	True
E3	NZ_CP133866.1	NZ_CP137367.1	0.0526315789473684	[0.05, 0.15)	2.3666666666666667	0.05496231155778895	0.029266193242952442	79.496	0.05496231155778895	False	False
E3	CP141556.1	NZ_CP133866.1	0.1111111111111111	[0.05, 0.15)	2.3666666666666667	0.7554796470253344	0.5556951423785594	84.74873575418995	0.7554796470253344	False	True
E3	NZ_CP133866.1	NZ_CP133865.1	0.1	[0.05, 0.15)	2.3666666666666667	0.6652010050251256	0.6390154968094804	91.87940948208418	0.6652010050251256	False	True
E3	NZ_CP133866.1	CP141572.1	0.0526315789473684	[0.05, 0.15)	2.3666666666666667	0.054124790619765495	0.027590813338128756	79.38	0.054124790619765495	False	False
E3	NZ_CP133866.1	CP133865.1	0.1	[0.05, 0.15)	2.3666666666666667	0.6652010050251256	0.6390154968094804	91.87940948208418	0.6652010050251256	False	True
E3	NZ_CP141556.1	NZ_CP133866.1	0.1111111111111111	[0.05, 0.15)	2.3666666666666667	0.7554796470253344	0.5556951423785594	84.74873575418995	0.7554796470253344	False	True
E3	NZ_CP141544.1	CP137414.1	0.0638297872340425	[0.05, 0.15)	2.3666666666666667	0.15099360904446474	0.14562579582053778	99.89724289571815	0.15099360904446474	False	False
E3	NZ_CP141544.1	NZ_CP137425.1	0.0638297872340425	[0.05, 0.15)	2.3666666666666667	0.15099360904446474	0.14382953536549276	99.92289686213992	0.15099360904446474	False	False
E3	NZ_CP141544.1	NZ_CP137365.1	0.0638297872340425	[0.05, 0.15)	2.3666666666666667	0.15099360904446474	0.1438321957715998	99.92289686213992	0.15099360904446474	False	False
E3	NZ_CP141544.1	CP141563.1	0.064	[0.05, 0.15)	2.3666666666666667	0.1663590978845743	0.10856447441813295	99.38120163455925	0.1663590978845743	False	False
E3	NZ_CP137408.1	CP137368.1	0.1	[0.05, 0.15)	2.3666666666666667	0.3074395681764844	0.10488	94.44034501142423	0.3074395681764844	False	False
E3	CP141558.1	CP141576.1	0.0887290167865707	[0.05, 0.15)	2.3666666666666667	0.20755860771061227	0.20243927174598414	97.33875879703177	0.20755860771061227	False	False
E3	CP141558.1	NZ_CP141576.1	0.0887290167865707	[0.05, 0.15)	2.3666666666666667	0.20755860771061227	0.20243927174598414	97.33875879703177	0.20755860771061227	False	False
E3	CP141540.1	CP141558.1	0.0945945945945946	[0.05, 0.15)	2.3666666666666667	0.23960866474615586	0.2315536132750649	98.67765366462535	0.23960866474615586	False	False
E3	NZ_CP141567.1	NZ_CP141572.1	0.12	[0.05, 0.15)	2.3666666666666667	0.6747726905901974	0.6444021990443406	93.22099348327107	0.6747726905901974	False	True
E3	CP137353.1	CP137355.1	0.0947368421052631	[0.05, 0.15)	2.3666666666666667	0.14281309023628724	0.11074377200796322	99.98363724696355	0.14281309023628724	False	False
E3	CP137355.1	CP141555.1	0.1239193083573487	[0.05, 0.15)	2.3666666666666667	0.363181462195625	0.24624488307056297	97.02891632824189	0.363181462195625	False	False
E3	CP137355.1	CP141580.1	0.1239193083573487	[0.05, 0.15)	2.3666666666666667	0.3631575486192899	0.24623072807742813	97.03193093922651	0.3631575486192899	False	False
E3	NZ_CP137353.1	CP137355.1	0.0947368421052631	[0.05, 0.15)	2.3666666666666667	0.14281309023628724	0.11074377200796322	99.98363724696355	0.14281309023628724	False	False
E3	CP137355.1	CP133845.1	0.1137724550898203	[0.05, 0.15)	2.3666666666666667	0.3392260371019137	0.24779935727260025	96.83534516140386	0.3392260371019137	False	False
E3	NZ_CP141551.1	CP137355.1	0.0916334661354581	[0.05, 0.15)	2.3666666666666667	0.3596896464480823	0.22939098099468522	92.97848794727419	0.3596896464480823	False	False
E3	CP137355.1	NZ_CP141566.1	0.1239193083573487	[0.05, 0.15)	2.3666666666666667	0.363181462195625	0.24624182807858014	97.0304761427162	0.363181462195625	False	False
E3	CP137414.1	CP137360.1	0.0524861878453038	[0.05, 0.15)	2.3666666666666667	0.43021122013332336	0.06675053824049834	99.63904242081449	0.43021122013332336	False	False
E3	CP137401.1	CP137360.1	0.0553935860058309	[0.05, 0.15)	2.3666666666666667	0.4865698961348544	0.06645708458147988	98.93335553807152	0.4865698961348544	False	False
E3	NZ_CP137425.1	CP137360.1	0.0524861878453038	[0.05, 0.15)	2.3666666666666667	0.42495930748742233	0.06675344372227081	99.63880651757744	0.42495930748742233	False	False
E3	NZ_CP137365.1	CP137360.1	0.0524861878453038	[0.05, 0.15)	2.3666666666666667	0.4249486709949503	0.06675053824049834	99.63879245529304	0.4249486709949503	False	False
E3	NZ_CP137381.1	CP137360.1	0.0524861878453038	[0.05, 0.15)	2.3666666666666667	0.42495930748742233	0.06675344372227081	99.63890275844066	0.42495930748742233	False	False
E3	NZ_CP141540.1	CP137360.1	0.1269146608315098	[0.05, 0.15)	2.3666666666666667	0.39415990123087286	0.2448071777021707	98.10085598009597	0.39415990123087286	False	False
E3	CP141857.1	NZ_CP137404.1	0.0921985815602836	[0.05, 0.15)	2.3666666666666667	0.23036139213203266	0.18143774238075414	97.2112653467737	0.23036139213203266	False	False
E3	CP141857.1	CP137404.1	0.0921985815602836	[0.05, 0.15)	2.3666666666666667	0.23036139213203266	0.18143774238075414	97.2112653467737	0.23036139213203266	False	False
E3	CP141857.1	CP137407.1	0.0837696335078534	[0.05, 0.15)	2.3666666666666667	0.20374055468195545	0.10983478639276122	95.60374829607416	0.20374055468195545	False	False
E3	CP141857.1	CP140290.1	0.0561403508771929	[0.05, 0.15)	2.3666666666666667	0.27208082269937794	0.07936121524903841	96.57408056363914	0.27208082269937794	False	False
E3	CP141857.1	CP141545.1	0.0509090909090909	[0.05, 0.15)	2.3666666666666667	0.23114067435744007	0.08107672784068723	95.03545029450655	0.23114067435744007	False	False
E3	CP141857.1	CP137422.1	0.0921985815602836	[0.05, 0.15)	2.3666666666666667	0.23036139213203266	0.18142780461621041	97.2112653467737	0.23036139213203266	False	False
E3	CP141857.1	NZ_CP140290.1	0.0561403508771929	[0.05, 0.15)	2.3666666666666667	0.27208082269937794	0.07936121524903841	96.57408056363914	0.27208082269937794	False	False
E3	CP141857.1	NZ_CP137422.1	0.0921985815602836	[0.05, 0.15)	2.3666666666666667	0.23036139213203266	0.18142780461621041	97.2112653467737	0.23036139213203266	False	False
E3	CP133862.1	CP141857.1	0.0695652173913043	[0.05, 0.15)	2.3666666666666667	0.2987455658825628	0.20989131796106372	96.30385737943826	0.2987455658825628	False	False
E3	CP141857.1	NZ_CP141858.1	0.0809523809523809	[0.05, 0.15)	2.3666666666666667	0.3391686728545386	0.14797760325946105	96.5957709096832	0.3391686728545386	False	False
E3	CP141540.1	NZ_CP137424.1	0.1103603603603603	[0.05, 0.15)	2.3666666666666667	0.32687810991806654	0.21263662844671985	98.37656423447372	0.32687810991806654	False	False
E3	NZ_CP141540.1	NZ_CP137424.1	0.1103603603603603	[0.05, 0.15)	2.3666666666666667	0.32687810991806654	0.21263662844671985	98.37656423447372	0.32687810991806654	False	False
E3	CP137401.1	NZ_CP141549.1	0.08	[0.05, 0.15)	2.3666666666666667	0.16854673931551167	0.15382971697196915	99.97491678242201	0.16854673931551167	False	False
E3	NZ_CP141571.1	NZ_CP141545.1	0.1159420289855072	[0.05, 0.15)	2.3666666666666667	0.3948180447780824	0.19050663803201875	97.36606892933017	0.3948180447780824	False	False
E3	NZ_CP141545.1	NZ_CP141576.1	0.0534883720930232	[0.05, 0.15)	2.3666666666666667	0.18678250683326825	0.16885298669688564	95.31788142622395	0.18678250683326825	False	False
E3	NZ_CP141857.1	NZ_CP141545.1	0.0509090909090909	[0.05, 0.15)	2.3666666666666667	0.23114067435744007	0.08107672784068723	95.03545029450655	0.23114067435744007	False	False
E3	NZ_CP141545.1	CP141540.1	0.1160220994475138	[0.05, 0.15)	2.3666666666666667	0.2647500976181179	0.2536711062890493	97.23787068378115	0.2647500976181179	False	False
E3	NZ_CP138473.1	CP141577.1	0.0769230769230769	[0.05, 0.15)	2.3666666666666667	0.4782817374610031	0.4279269602577873	92.361	0.4782817374610031	False	False
E3	NZ_CP137408.1	NZ_CP138473.1	0.1	[0.05, 0.15)	2.3666666666666667	0.3074395681764844	0.15730741540676746	94.44034501142423	0.3074395681764844	False	False
E3	NZ_CP133853.1	NZ_CP141555.1	0.0545977011494252	[0.05, 0.15)	2.3666666666666667	0.23542469750036998	0.13536659506342966	94.81308289536553	0.23542469750036998	False	False
E3	NZ_CP133853.1	NZ_CP133742.1	0.0545977011494252	[0.05, 0.15)	2.3666666666666667	0.23548812200054967	0.13539901917075345	94.80827433126345	0.23548812200054967	False	False
E3	NZ_CP137365.1	NZ_CP133853.1	0.0526315789473684	[0.05, 0.15)	2.3666666666666667	0.2807835303257311	0.10684914130273923	97.25063818731914	0.2807835303257311	False	False
E3	NZ_CP133853.1	CP141540.1	0.0603174603174603	[0.05, 0.15)	2.3666666666666667	0.20701756858654977	0.13726663923079802	96.90741086616316	0.20701756858654977	False	False
E3	NZ_CP133853.1	NZ_CP140290.1	0.0535211267605633	[0.05, 0.15)	2.3666666666666667	0.21337411293789332	0.12282730415307463	94.67587308908804	0.21337411293789332	False	False
E3	CP137365.1	NZ_CP133853.1	0.0526315789473684	[0.05, 0.15)	2.3666666666666667	0.2807835303257311	0.10684914130273923	97.25063818731914	0.2807835303257311	False	False
E3	NZ_CP133870.1	NZ_CP133853.1	0.1023255813953488	[0.05, 0.15)	2.3666666666666667	0.4845904127492727	0.32372569608388946	93.53270441779263	0.4845904127492727	False	False
E3	CP137425.1	NZ_CP133853.1	0.0526315789473684	[0.05, 0.15)	2.3666666666666667	0.28077833678603137	0.10684914130273923	97.25063818731914	0.28077833678603137	False	False
E3	NZ_CP137385.1	NZ_CP137404.1	0.1485148514851485	[0.05, 0.15)	2.3666666666666667	0.5201077787011156	0.22888411735062772	97.018690733884	0.5201077787011156	False	True
E3	NZ_CP137404.1	NZ_CP133845.1	0.0676691729323308	[0.05, 0.15)	2.3666666666666667	0.2652768344251879	0.10588846583764147	98.53275213287722	0.2652768344251879	False	False
E3	CP137385.1	NZ_CP137404.1	0.1485148514851485	[0.05, 0.15)	2.3666666666666667	0.5201077787011156	0.22888411735062772	97.018690733884	0.5201077787011156	False	True
E3	NZ_CP137427.1	NZ_CP137404.1	0.1485148514851485	[0.05, 0.15)	2.3666666666666667	0.5201833245196545	0.22891698253763063	97.00966519531066	0.5201833245196545	False	True
E3	NZ_CP137404.1	CP141566.1	0.0633802816901408	[0.05, 0.15)	2.3666666666666667	0.2653096996121908	0.09831029185867896	98.5330222524416	0.2653096996121908	False	False
E3	NZ_CP137404.1	CP141580.1	0.0633802816901408	[0.05, 0.15)	2.3666666666666667	0.2653863850485309	0.09830504352901123	98.52927342012029	0.2653863850485309	False	False
E3	NZ_CP141857.1	NZ_CP137404.1	0.0921985815602836	[0.05, 0.15)	2.3666666666666667	0.23036139213203266	0.18143774238075414	97.2112653467737	0.23036139213203266	False	False
E3	CP137427.1	NZ_CP137404.1	0.1485148514851485	[0.05, 0.15)	2.3666666666666667	0.5201833245196545	0.22891698253763063	97.00966519531066	0.5201833245196545	False	True
E3	NZ_CP137404.1	CP133742.1	0.0633802816901408	[0.05, 0.15)	2.3666666666666667	0.2652877894875222	0.09828557532525432	98.53691913946587	0.2652877894875222	False	False
E3	CP137362.1	CP141849.1	0.0526315789473684	[0.05, 0.15)	2.3666666666666667	0.17490934730056407	0.11121895336441312	96.31372596085156	0.17490934730056407	False	False
E3	CP137362.1	CP137407.1	0.0903225806451612	[0.05, 0.15)	2.3666666666666667	0.48985193392425463	0.14612625860956469	97.76834307992203	0.48985193392425463	False	False
E3	CP137362.1	CP133741.1	0.0581395348837209	[0.05, 0.15)	2.3666666666666667	0.17485898468976632	0.13357034998184147	96.31424114285714	0.17485898468976632	False	False
E3	CP137362.1	NZ_CP133862.1	0.1486486486486486	[0.05, 0.15)	2.3666666666666667	0.40997683319903305	0.32226868274509024	97.14076986318179	0.40997683319903305	False	False
E3	NZ_CP137420.1	NZ_CP137418.1	0.0671462829736211	[0.05, 0.15)	2.3666666666666667	0.2578626421819093	0.11088677715861607	95.40237386271872	0.2578626421819093	False	False
E3	CP138476.1	NZ_CP141849.1	0.0543478260869565	[0.05, 0.15)	2.3666666666666667	0.18942286711760856	0.11121895336441312	96.32752329236925	0.18942286711760856	False	False
E3	CP137374.1	NZ_CP141849.1	0.0526315789473684	[0.05, 0.15)	2.3666666666666667	0.1748677914882901	0.11120304221228659	96.32683950264398	0.1748677914882901	False	False
E3	NZ_CP137385.1	NZ_CP141849.1	0.0526315789473684	[0.05, 0.15)	2.3666666666666667	0.17488856991765506	0.11121895336441312	96.32752329236925	0.17488856991765506	False	False
E3	NZ_CP141849.1	NZ_CP141555.1	0.0592592592592592	[0.05, 0.15)	2.3666666666666667	0.2402743082626613	0.06120455558707899	99.25194665784248	0.2402743082626613	False	False
E3	CP137387.1	NZ_CP141849.1	0.0543478260869565	[0.05, 0.15)	2.3666666666666667	0.18942286711760856	0.11121895336441312	96.32752329236925	0.18942286711760856	False	False
E3	NZ_CP141849.1	NZ_CP141580.1	0.0592592592592592	[0.05, 0.15)	2.3666666666666667	0.24032204171904087	0.06121621840701652	99.24545689141799	0.24032204171904087	False	False
E3	NZ_CP137362.1	NZ_CP141849.1	0.0526315789473684	[0.05, 0.15)	2.3666666666666667	0.17490934730056407	0.11121895336441312	96.31372596085156	0.17490934730056407	False	False
E3	NZ_CP141849.1	CP140290.1	0.0577617328519855	[0.05, 0.15)	2.3666666666666667	0.24032204171904087	0.06128178911663989	99.24545689141799	0.24032204171904087	False	False
E3	CP137385.1	NZ_CP141849.1	0.0526315789473684	[0.05, 0.15)	2.3666666666666667	0.17488856991765506	0.11121895336441312	96.32752329236925	0.17488856991765506	False	False
E3	NZ_CP137415.1	NZ_CP141849.1	0.053763440860215	[0.05, 0.15)	2.3666666666666667	0.17605008998960683	0.11121895336441312	96.32752329236925	0.17605008998960683	False	False
E3	NZ_CP137427.1	NZ_CP141849.1	0.0526315789473684	[0.05, 0.15)	2.3666666666666667	0.17488856991765506	0.11121895336441312	96.32752329236925	0.17488856991765506	False	False
E3	NZ_CP141849.1	CP141580.1	0.0592592592592592	[0.05, 0.15)	2.3666666666666667	0.24032204171904087	0.06121621840701652	99.24545689141799	0.24032204171904087	False	False
E3	NZ_CP141849.1	CP137422.1	0.0895522388059701	[0.05, 0.15)	2.3666666666666667	0.2034240799376283	0.13970225771468006	98.18865539854788	0.2034240799376283	False	False
E3	NZ_CP137357.1	NZ_CP141849.1	0.0543478260869565	[0.05, 0.15)	2.3666666666666667	0.1893955924067205	0.11120304221228659	96.32701586394171	0.1893955924067205	False	False
E3	NZ_CP141849.1	NZ_CP140290.1	0.0577617328519855	[0.05, 0.15)	2.3666666666666667	0.24032204171904087	0.06128178911663989	99.24545689141799	0.24032204171904087	False	False
E3	CP137357.1	NZ_CP141849.1	0.0543478260869565	[0.05, 0.15)	2.3666666666666667	0.1893955924067205	0.11120304221228659	96.32701586394171	0.1893955924067205	False	False
E3	NZ_CP137387.1	NZ_CP141849.1	0.0543478260869565	[0.05, 0.15)	2.3666666666666667	0.18942286711760856	0.11121895336441312	96.32752329236925	0.18942286711760856	False	False
E3	CP137427.1	NZ_CP141849.1	0.0526315789473684	[0.05, 0.15)	2.3666666666666667	0.17488856991765506	0.11121895336441312	96.32752329236925	0.17488856991765506	False	False
E3	NZ_CP137393.1	NZ_CP141849.1	0.0543478260869565	[0.05, 0.15)	2.3666666666666667	0.18944497477158054	0.11121895336441312	96.31372596085156	0.18944497477158054	False	False
E3	NZ_CP141849.1	CP133742.1	0.0592592592592592	[0.05, 0.15)	2.3666666666666667	0.24035386402329392	0.06123697969440279	99.23247420293691	0.24035386402329392	False	False
E3	CP137361.1	CP141577.1	0.0769230769230769	[0.05, 0.15)	2.3666666666666667	0.4782817374610031	0.21396348012889366	92.36134498252622	0.4782817374610031	False	False
E3	CP138476.1	NZ_CP141579.1	0.0602409638554216	[0.05, 0.15)	2.3666666666666667	0.18947741653938469	0.1337015940976337	96.30157603884051	0.18947741653938469	False	False
E3	CP138476.1	NZ_CP133741.1	0.0602409638554216	[0.05, 0.15)	2.3666666666666667	0.18936831769583243	0.13357034998184147	96.3280365766538	0.18936831769583243	False	False
E3	CP138476.1	CP133862.1	0.1232876712328767	[0.05, 0.15)	2.3666666666666667	0.44405956796857954	0.32226868274509024	96.91997134793546	0.44405956796857954	False	False
E3	CP138476.1	NZ_CP133862.1	0.1232876712328767	[0.05, 0.15)	2.3666666666666667	0.44405956796857954	0.32226868274509024	96.91997134793546	0.44405956796857954	False	False
E3	NZ_CP141556.1	CP137367.1	0.0588235294117647	[0.05, 0.15)	2.3666666666666667	0.0950754341019072	0.03604476006025393	83.578	0.0950754341019072	False	False
E3	NZ_CP137408.1	NZ_CP137397.1	0.1	[0.05, 0.15)	2.3666666666666667	0.2928889931940859	0.2541200406917599	94.32412629896085	0.2928889931940859	False	False
E3	NZ_CP137420.1	NZ_CP137382.1	0.0668257756563245	[0.05, 0.15)	2.3666666666666667	0.2379188884402801	0.1027024104852806	95.35661532848846	0.2379188884402801	False	False
E3	NZ_CP137420.1	NZ_CP137392.1	0.0719257540603248	[0.05, 0.15)	2.3666666666666667	0.25237027858604705	0.1057632335196703	95.37494532948136	0.25237027858604705	False	False
E3	NZ_CP137420.1	CP137418.1	0.0671462829736211	[0.05, 0.15)	2.3666666666666667	0.2578626421819093	0.11088677715861607	95.40237386271872	0.2578626421819093	False	False
E3	NZ_CP137420.1	NZ_CP141558.1	0.0666666666666666	[0.05, 0.15)	2.3666666666666667	0.15055619753017668	0.0977896003546773	97.68981124665004	0.15055619753017668	False	False
E3	NZ_CP137420.1	CP141545.1	0.0572289156626506	[0.05, 0.15)	2.3666666666666667	0.2251451404068108	0.1581169465052714	95.36075439731388	0.2251451404068108	False	False
E3	NZ_CP137420.1	CP137352.1	0.0712643678160919	[0.05, 0.15)	2.3666666666666667	0.2669400086318515	0.10988035695369737	95.58532588449533	0.2669400086318515	False	False
E3	NZ_CP137420.1	CP141540.1	0.1099656357388316	[0.05, 0.15)	2.3666666666666667	0.34299775850306985	0.2305501515208201	96.56583223990606	0.34299775850306985	False	False
E3	NZ_CP137420.1	NZ_CP140290.1	0.0521739130434782	[0.05, 0.15)	2.3666666666666667	0.20273017110557312	0.11847379781553792	94.60767722081651	0.20273017110557312	False	False
E3	NZ_CP137420.1	NZ_CP138475.1	0.072429906542056	[0.05, 0.15)	2.3666666666666667	0.25222409400364765	0.10810746354085927	95.39151481114416	0.25222409400364765	False	False
E3	CP133862.1	NZ_CP137420.1	0.0511363636363636	[0.05, 0.15)	2.3666666666666667	0.17391648996254533	0.061042504907625264	97.36205605457647	0.17391648996254533	False	False
E3	NZ_CP133862.1	NZ_CP137420.1	0.0511363636363636	[0.05, 0.15)	2.3666666666666667	0.17391648996254533	0.061042504907625264	97.36205605457647	0.17391648996254533	False	False
E3	NZ_CP137420.1	CP137363.1	0.0629539951573849	[0.05, 0.15)	2.3666666666666667	0.23049828059086416	0.10083429973306061	95.25605430722892	0.23049828059086416	False	False
E3	NZ_CP137395.1	NZ_CP141577.1	0.0769230769230769	[0.05, 0.15)	2.3666666666666667	0.46088312934965203	0.4122448979591837	93.69465334717178	0.46088312934965203	False	False
E3	NZ_CP137354.1	NZ_CP141577.1	0.0769230769230769	[0.05, 0.15)	2.3666666666666667	0.4782817374610031	0.21396348012889366	92.361	0.4782817374610031	False	False
E3	CP137405.1	NZ_CP141577.1	0.0769230769230769	[0.05, 0.15)	2.3666666666666667	0.4782817374610031	0.4279269602577873	92.361	0.4782817374610031	False	False
E3	CP137397.1	NZ_CP141577.1	0.0769230769230769	[0.05, 0.15)	2.3666666666666667	0.348118006103764	0.18356605800214823	95.91352539404554	0.348118006103764	False	False
E3	NZ_CP137430.1	NZ_CP141577.1	0.0769230769230769	[0.05, 0.15)	2.3666666666666667	0.4782817374610031	0.21396348012889366	92.361	0.4782817374610031	False	False
E3	CP137384.1	NZ_CP141577.1	0.0769230769230769	[0.05, 0.15)	2.3666666666666667	0.4782817374610031	0.4279269602577873	92.361	0.4782817374610031	False	False
E3	NZ_CP141577.1	CP137416.1	0.0769230769230769	[0.05, 0.15)	2.3666666666666667	0.4279269602577873	0.3188289873620221	92.358	0.4279269602577873	False	False
E3	CP137430.1	NZ_CP141577.1	0.0769230769230769	[0.05, 0.15)	2.3666666666666667	0.4782817374610031	0.21396348012889366	92.361	0.4782817374610031	False	False
E3	NZ_CP137408.1	NZ_CP141577.1	0.1333333333333333	[0.05, 0.15)	2.3666666666666667	0.32996949072987564	0.1510204081632653	92.70496033994336	0.32996949072987564	False	False
E3	CP137390.1	NZ_CP141577.1	0.0769230769230769	[0.05, 0.15)	2.3666666666666667	0.4782817374610031	0.21396348012889366	92.361	0.4782817374610031	False	False
E3	NZ_CP137390.1	NZ_CP141577.1	0.0769230769230769	[0.05, 0.15)	2.3666666666666667	0.4782817374610031	0.21396348012889366	92.361	0.4782817374610031	False	False
E3	NZ_CP137432.1	NZ_CP141577.1	0.0769230769230769	[0.05, 0.15)	2.3666666666666667	0.4782817374610031	0.4279269602577873	92.361	0.4782817374610031	False	False
E3	CP137369.1	NZ_CP141577.1	0.0769230769230769	[0.05, 0.15)	2.3666666666666667	0.4782817374610031	0.4279269602577873	92.361	0.4782817374610031	False	False
E3	CP137353.1	NZ_CP137355.1	0.0947368421052631	[0.05, 0.15)	2.3666666666666667	0.14281309023628724	0.11074377200796322	99.98363724696355	0.14281309023628724	False	False
E3	CP137353.1	NZ_CP137376.1	0.0981818181818181	[0.05, 0.15)	2.3666666666666667	0.14281309023628724	0.11971280301414658	99.98363724696355	0.14281309023628724	False	False
E3	CP137353.1	CP137376.1	0.0981818181818181	[0.05, 0.15)	2.3666666666666667	0.14281309023628724	0.11971280301414658	99.98363724696355	0.14281309023628724	False	False
E3	CP137404.1	NZ_CP141555.1	0.0633802816901408	[0.05, 0.15)	2.3666666666666667	0.2653096996121908	0.09830989340574717	98.53710850125685	0.2653096996121908	False	False
E3	NZ_CP141579.1	CP137404.1	0.0873015873015873	[0.05, 0.15)	2.3666666666666667	0.18494590771818495	0.10570539646370587	97.75231467161562	0.18494590771818495	False	False
E3	CP133741.1	CP137404.1	0.0873015873015873	[0.05, 0.15)	2.3666666666666667	0.18592426935795248	0.1062312394557525	97.75592150835128	0.18592426935795248	False	False
E3	NZ_CP137427.1	CP137404.1	0.1485148514851485	[0.05, 0.15)	2.3666666666666667	0.5201833245196545	0.22891698253763063	97.00966519531066	0.5201833245196545	False	True
E3	CP137404.1	CP137420.1	0.0693069306930693	[0.05, 0.15)	2.3666666666666667	0.20571416051357333	0.13045929803555767	92.79139830013278	0.20571416051357333	False	False
E3	CP137404.1	CP133845.1	0.0676691729323308	[0.05, 0.15)	2.3666666666666667	0.2652768344251879	0.10588846583764147	98.53275213287722	0.2652768344251879	False	False
E3	NZ_CP133741.1	CP137404.1	0.0873015873015873	[0.05, 0.15)	2.3666666666666667	0.18592426935795248	0.1062312394557525	97.75592150835128	0.18592426935795248	False	False
E3	CP137404.1	NZ_CP141566.1	0.0633802816901408	[0.05, 0.15)	2.3666666666666667	0.2653096996121908	0.09831029185867896	98.5330222524416	0.2653096996121908	False	False
E3	NZ_CP133862.1	CP137404.1	0.0564516129032258	[0.05, 0.15)	2.3666666666666667	0.33433740908820675	0.18494336232773165	97.19994240217844	0.33433740908820675	False	False
E3	CP137404.1	CP133742.1	0.0633802816901408	[0.05, 0.15)	2.3666666666666667	0.2652877894875222	0.09828557532525432	98.53691913946587	0.2652877894875222	False	False
E3	CP141850.1	CP141576.1	0.0608695652173913	[0.05, 0.15)	2.3666666666666667	0.24530449630051224	0.15779424928016791	95.26309596875434	0.24530449630051224	False	False
E3	CP141576.1	NZ_CP141555.1	0.0528735632183908	[0.05, 0.15)	2.3666666666666667	0.17017580217735429	0.15642605277023466	95.07937873496311	0.17017580217735429	False	False
E3	NZ_CP141850.1	CP141576.1	0.0608695652173913	[0.05, 0.15)	2.3666666666666667	0.24530449630051224	0.15779424928016791	95.26309596875434	0.24530449630051224	False	False
E3	CP141576.1	CP141555.1	0.0528735632183908	[0.05, 0.15)	2.3666666666666667	0.17017580217735429	0.15642605277023466	95.07937873496311	0.17017580217735429	False	False
E3	CP141576.1	NZ_CP133742.1	0.0528735632183908	[0.05, 0.15)	2.3666666666666667	0.17016257402254958	0.15640984071657277	95.07642616164749	0.17016257402254958	False	False
E3	CP141576.1	NZ_CP133845.1	0.0551558752997601	[0.05, 0.15)	2.3666666666666667	0.16420108559057098	0.16261614503283497	95.59686512214085	0.16420108559057098	False	False
E3	CP141576.1	NZ_CP141580.1	0.0528735632183908	[0.05, 0.15)	2.3666666666666667	0.17016257402254958	0.15641262584504645	95.07399298890122	0.17016257402254958	False	False
E3	CP141576.1	CP140290.1	0.0520361990950226	[0.05, 0.15)	2.3666666666666667	0.16682026024189886	0.1534560267458656	94.95827379758195	0.16682026024189886	False	False
E3	CP133863.1	CP141576.1	0.0617977528089887	[0.05, 0.15)	2.3666666666666667	0.2518509984639017	0.14459696017002588	95.67688320233961	0.2518509984639017	False	False
E3	NZ_CP141558.1	CP141576.1	0.0887290167865707	[0.05, 0.15)	2.3666666666666667	0.20755860771061227	0.20243927174598414	97.33875879703177	0.20755860771061227	False	False
E3	CP141545.1	CP141576.1	0.0534883720930232	[0.05, 0.15)	2.3666666666666667	0.18678250683326825	0.16885298669688564	95.31788142622395	0.18678250683326825	False	False
E3	CP137420.1	CP141576.1	0.0659025787965616	[0.05, 0.15)	2.3666666666666667	0.26114831470060007	0.1655194916861047	95.2033869981388	0.26114831470060007	False	False
E3	NZ_CP141548.1	CP141576.1	0.0911392405063291	[0.05, 0.15)	2.3666666666666667	0.270948334518517	0.23340638214375478	96.2463039779693	0.270948334518517	False	False
E3	CP141576.1	CP141580.1	0.0528735632183908	[0.05, 0.15)	2.3666666666666667	0.17016257402254958	0.15641262584504645	95.07399298890122	0.17016257402254958	False	False
E3	NZ_CP137411.1	CP141576.1	0.0923076923076923	[0.05, 0.15)	2.3666666666666667	0.23882391681800946	0.211174263302012	97.06302768101129	0.23882391681800946	False	False
E3	CP141576.1	NZ_CP140290.1	0.0520361990950226	[0.05, 0.15)	2.3666666666666667	0.16682026024189886	0.1534560267458656	94.95827379758195	0.16682026024189886	False	False
E3	CP133743.1	CP141576.1	0.0738916256157635	[0.05, 0.15)	2.3666666666666667	0.1934714863656796	0.16897204009012784	96.06689275853086	0.1934714863656796	False	False
E3	CP137420.1	CP137382.1	0.0668257756563245	[0.05, 0.15)	2.3666666666666667	0.2379188884402801	0.1027024104852806	95.35661532848846	0.2379188884402801	False	False
E3	CP137374.1	CP141849.1	0.0526315789473684	[0.05, 0.15)	2.3666666666666667	0.1748677914882901	0.11120304221228659	96.32683950264398	0.1748677914882901	False	False
E3	CP137431.1	CP141849.1	0.0543478260869565	[0.05, 0.15)	2.3666666666666667	0.18942286711760856	0.11121895336441312	96.32752829379824	0.18942286711760856	False	False
E3	CP141849.1	CP141555.1	0.0592592592592592	[0.05, 0.15)	2.3666666666666667	0.2402743082626613	0.06120455558707899	99.25194665784248	0.2402743082626613	False	False
E3	CP141849.1	NZ_CP133742.1	0.0592592592592592	[0.05, 0.15)	2.3666666666666667	0.24035386402329392	0.06123697969440279	99.23247420293691	0.24035386402329392	False	False
E3	NZ_CP137431.1	CP141849.1	0.0543478260869565	[0.05, 0.15)	2.3666666666666667	0.18942286711760856	0.11121895336441312	96.32752829379824	0.18942286711760856	False	False
E3	CP141849.1	NZ_CP141580.1	0.0592592592592592	[0.05, 0.15)	2.3666666666666667	0.24032204171904087	0.06121621840701652	99.24545689141799	0.24032204171904087	False	False
E3	NZ_CP137362.1	CP141849.1	0.0526315789473684	[0.05, 0.15)	2.3666666666666667	0.17490934730056407	0.11121895336441312	96.31372596085156	0.17490934730056407	False	False
E3	CP141849.1	CP140290.1	0.0577617328519855	[0.05, 0.15)	2.3666666666666667	0.24032204171904087	0.06128178911663989	99.24545689141799	0.24032204171904087	False	False
E3	CP137385.1	CP141849.1	0.0526315789473684	[0.05, 0.15)	2.3666666666666667	0.17488856991765506	0.11121895336441312	96.32752329236925	0.17488856991765506	False	False
E3	CP137415.1	CP141849.1	0.053763440860215	[0.05, 0.15)	2.3666666666666667	0.17605008998960683	0.11121895336441312	96.32752329236925	0.17605008998960683	False	False
E3	CP141849.1	CP141580.1	0.0592592592592592	[0.05, 0.15)	2.3666666666666667	0.24032204171904087	0.06121621840701652	99.24545689141799	0.24032204171904087	False	False
E3	CP137357.1	CP141849.1	0.0543478260869565	[0.05, 0.15)	2.3666666666666667	0.1893955924067205	0.11120304221228659	96.32701586394171	0.1893955924067205	False	False
E3	CP141849.1	NZ_CP137422.1	0.0895522388059701	[0.05, 0.15)	2.3666666666666667	0.2034240799376283	0.13970225771468006	98.18865539854788	0.2034240799376283	False	False
E3	CP141849.1	NZ_CP141566.1	0.0592592592592592	[0.05, 0.15)	2.3666666666666667	0.2402743082626613	0.06120480365096928	99.25194665784248	0.2402743082626613	False	False
E3	CP141849.1	CP133742.1	0.0592592592592592	[0.05, 0.15)	2.3666666666666667	0.24035386402329392	0.06123697969440279	99.23247420293691	0.24035386402329392	False	False
E3	CP137374.1	NZ_CP141579.1	0.0581395348837209	[0.05, 0.15)	2.3666666666666667	0.17491815663560817	0.1336824802171337	96.30088903170524	0.17491815663560817	False	False
E3	CP137374.1	CP133741.1	0.0581395348837209	[0.05, 0.15)	2.3666666666666667	0.17481742634097205	0.13355123573599403	96.327352957988	0.17481742634097205	False	False
E3	CP137374.1	NZ_CP133741.1	0.0581395348837209	[0.05, 0.15)	2.3666666666666667	0.17481742634097205	0.13355123573599403	96.327352957988	0.17481742634097205	False	False
E3	CP137374.1	CP141579.1	0.0581395348837209	[0.05, 0.15)	2.3666666666666667	0.17491815663560817	0.1336824802171337	96.30088903170524	0.17491815663560817	False	False
E3	CP137374.1	CP133862.1	0.1184210526315789	[0.05, 0.15)	2.3666666666666667	0.4097960211533619	0.322110144468005	96.94318065189368	0.4097960211533619	False	False
E3	CP137431.1	CP133741.1	0.0602409638554216	[0.05, 0.15)	2.3666666666666667	0.18936831769583243	0.13357034998184147	96.3280415773682	0.18936831769583243	False	False
E3	CP137431.1	CP141579.1	0.0602409638554216	[0.05, 0.15)	2.3666666666666667	0.18947741653938469	0.1337015940976337	96.30158103669856	0.18947741653938469	False	False
E3	CP137431.1	CP133862.1	0.1232876712328767	[0.05, 0.15)	2.3666666666666667	0.44405956796857954	0.32226868274509024	96.91995889318362	0.44405956796857954	False	False
E3	NZ_CP141857.1	CP141571.1	0.064516129032258	[0.05, 0.15)	2.3666666666666667	0.10079180640403	0.07327782442863935	97.72281242236025	0.10079180640403	False	False
E3	CP141850.1	NZ_CP141576.1	0.0608695652173913	[0.05, 0.15)	2.3666666666666667	0.24530449630051224	0.15779424928016791	95.26309596875434	0.24530449630051224	False	False
E3	CP141850.1	CP141538.1	0.0548245614035087	[0.05, 0.15)	2.3666666666666667	0.22740020983192874	0.09191070438158624	97.64839193874168	0.22740020983192874	False	False
E3	NZ_CP141576.1	NZ_CP141562.1	0.075046904315197	[0.05, 0.15)	2.3666666666666667	0.2320306540440674	0.14487598432790175	97.21785798659245	0.2320306540440674	False	False
E3	NZ_CP141540.1	NZ_CP141562.1	0.0522088353413654	[0.05, 0.15)	2.3666666666666667	0.21842380934565453	0.1285977219249569	96.54733011929707	0.21842380934565453	False	False
E3	CP137420.1	NZ_CP137382.1	0.0668257756563245	[0.05, 0.15)	2.3666666666666667	0.2379188884402801	0.1027024104852806	95.35661532848846	0.2379188884402801	False	False
E3	CP141540.1	NZ_CP137382.1	0.1135857461024498	[0.05, 0.15)	2.3666666666666667	0.3405477197051891	0.21853544848961742	98.38690945751321	0.3405477197051891	False	False
E3	NZ_CP137385.1	NZ_CP141579.1	0.0581395348837209	[0.05, 0.15)	2.3666666666666667	0.17493893379668102	0.1337015940976337	96.30157603884051	0.17493893379668102	False	False
E3	NZ_CP137385.1	NZ_CP133741.1	0.0581395348837209	[0.05, 0.15)	2.3666666666666667	0.1748382060386291	0.13357034998184147	96.3280365766538	0.1748382060386291	False	False
E3	NZ_CP137385.1	CP141579.1	0.0581395348837209	[0.05, 0.15)	2.3666666666666667	0.17493893379668102	0.1337015940976337	96.30157603884051	0.17493893379668102	False	False
E3	NZ_CP137385.1	NZ_CP133862.1	0.1486486486486486	[0.05, 0.15)	2.3666666666666667	0.4099871572108484	0.32226868274509024	97.14691925885023	0.4099871572108484	False	False
E3	NZ_CP137385.1	NZ_CP141858.1	0.0558659217877094	[0.05, 0.15)	2.3666666666666667	0.4224522172697741	0.10106860659245286	96.26384817970565	0.4224522172697741	False	False
E3	CP141556.1	CP141567.1	0.0588235294117647	[0.05, 0.15)	2.3666666666666667	0.0950754341019072	0.03604669930596654	83.578	0.0950754341019072	False	False
E3	CP141567.1	CP141572.1	0.12	[0.05, 0.15)	2.3666666666666667	0.6747726905901974	0.6444021990443406	93.22099348327107	0.6747726905901974	False	True
E3	CP133746.1	CP141572.1	0.125	[0.05, 0.15)	2.3666666666666667	0.674283250700582	0.6445563376663412	92.42988339026135	0.674283250700582	False	True
E3	CP133746.1	NZ_CP141572.1	0.125	[0.05, 0.15)	2.3666666666666667	0.674283250700582	0.6445563376663412	92.42988339026135	0.674283250700582	False	True
E3	NZ_CP141857.1	NZ_CP140294.1	0.06875	[0.05, 0.15)	2.3666666666666667	0.13409220578617054	0.09230503960993554	97.23082752540967	0.13409220578617054	False	False
E3	CP137414.1	NZ_CP137392.1	0.0524861878453038	[0.05, 0.15)	2.3666666666666667	0.42996779267470603	0.06693849714082528	99.6563281535649	0.42996779267470603	False	False
E3	CP137414.1	NZ_CP137352.1	0.0519125683060109	[0.05, 0.15)	2.3666666666666667	0.42987416672908396	0.06571921818322364	99.64306767113743	0.42987416672908396	False	False
E3	CP137414.1	CP133853.1	0.0526315789473684	[0.05, 0.15)	2.3666666666666667	0.28424837090854616	0.10684914130273923	97.27047086293082	0.28424837090854616	False	False
E3	CP137414.1	NZ_CP137372.1	0.051490514905149	[0.05, 0.15)	2.3666666666666667	0.42996779267470603	0.0651013541285756	99.66032626675955	0.42996779267470603	False	False
E3	CP137414.1	CP137372.1	0.051490514905149	[0.05, 0.15)	2.3666666666666667	0.42996779267470603	0.0651013541285756	99.66032626675955	0.42996779267470603	False	False
E3	CP137414.1	CP141563.1	0.0601503759398496	[0.05, 0.15)	2.3666666666666667	0.14959553591491273	0.1012626134577354	99.91254600075102	0.14959553591491273	False	False
E3	CP137414.1	CP137352.1	0.0519125683060109	[0.05, 0.15)	2.3666666666666667	0.42987416672908396	0.06571921818322364	99.64306767113743	0.42987416672908396	False	False
E3	CP137414.1	CP137392.1	0.0524861878453038	[0.05, 0.15)	2.3666666666666667	0.42996779267470603	0.06693849714082528	99.6563281535649	0.42996779267470603	False	False
E3	NZ_CP141576.1	CP141562.1	0.075046904315197	[0.05, 0.15)	2.3666666666666667	0.2320306540440674	0.14487598432790175	97.21785798659245	0.2320306540440674	False	False
E3	NZ_CP141540.1	CP141562.1	0.0522088353413654	[0.05, 0.15)	2.3666666666666667	0.21842380934565453	0.1285977219249569	96.54733011929707	0.21842380934565453	False	False
E3	CP137407.1	CP141555.1	0.0502958579881656	[0.05, 0.15)	2.3666666666666667	0.28342912021128136	0.15310258176954566	93.33176168261248	0.28342912021128136	False	False
E3	NZ_CP137431.1	CP137407.1	0.0849673202614379	[0.05, 0.15)	2.3666666666666667	0.5097097970761509	0.1403865488212962	97.69849698328794	0.5097097970761509	False	True
E3	NZ_CP137427.1	CP137407.1	0.0903225806451612	[0.05, 0.15)	2.3666666666666667	0.48983908740651205	0.14611875572095256	97.76822284922794	0.48983908740651205	False	False
E3	CP137407.1	CP137420.1	0.0590551181102362	[0.05, 0.15)	2.3666666666666667	0.10199426779310035	0.09449092959472065	94.31224717451933	0.10199426779310035	False	False
E3	NZ_CP137357.1	CP137407.1	0.0849673202614379	[0.05, 0.15)	2.3666666666666667	0.5097097970761509	0.14037904593268408	97.69308201623238	0.5097097970761509	False	True
E3	CP137407.1	NZ_CP140290.1	0.0584795321637426	[0.05, 0.15)	2.3666666666666667	0.26260110142404824	0.14189265949332164	93.52104523328303	0.26260110142404824	False	False
E3	CP137407.1	NZ_CP141566.1	0.0502958579881656	[0.05, 0.15)	2.3666666666666667	0.2834966462087904	0.153107255328721	93.33071517786563	0.2834966462087904	False	False
E3	NZ_CP133867.1	CP137407.1	0.0642201834862385	[0.05, 0.15)	2.3666666666666667	0.2144424978352363	0.15846100748788283	98.53063390366374	0.2144424978352363	False	False
E3	CP137407.1	NZ_CP141540.1	0.0662251655629139	[0.05, 0.15)	2.3666666666666667	0.1948049999249711	0.12140371880728797	99.2687235328074	0.1948049999249711	False	False
E3	NZ_CP133863.1	NZ_CP141555.1	0.0678466076696165	[0.05, 0.15)	2.3666666666666667	0.3028648233486943	0.15996433348194383	95.54154777327938	0.3028648233486943	False	False
E3	NZ_CP141579.1	NZ_CP141555.1	0.053231939163498	[0.05, 0.15)	2.3666666666666667	0.2070797813372071	0.04391440035666518	99.30771163606165	0.2070797813372071	False	False
E3	CP133741.1	NZ_CP141555.1	0.053231939163498	[0.05, 0.15)	2.3666666666666667	0.2093774490127492	0.04440076196652211	99.30620835995254	0.2093774490127492	False	False
E3	CP141548.1	NZ_CP141555.1	0.149584487534626	[0.05, 0.15)	2.3666666666666667	0.3519688543963493	0.2792404652859401	97.04908628315377	0.3519688543963493	False	False
E3	NZ_CP141576.1	NZ_CP141555.1	0.0528735632183908	[0.05, 0.15)	2.3666666666666667	0.17017580217735429	0.15642605277023466	95.07937873496311	0.17017580217735429	False	False
E3	NZ_CP133745.1	NZ_CP141555.1	0.1241610738255033	[0.05, 0.15)	2.3666666666666667	0.43591142716327536	0.20072143638795445	95.68743840557806	0.43591142716327536	False	False
E3	NZ_CP141548.1	NZ_CP141555.1	0.149584487534626	[0.05, 0.15)	2.3666666666666667	0.3519688543963493	0.2792404652859401	97.04908628315377	0.3519688543963493	False	False
E3	NZ_CP137422.1	NZ_CP141555.1	0.0633802816901408	[0.05, 0.15)	2.3666666666666667	0.26529516798667935	0.09830989340574717	98.53705662010137	0.26529516798667935	False	False
E3	NZ_CP133867.1	NZ_CP141555.1	0.074074074074074	[0.05, 0.15)	2.3666666666666667	0.2504077810668761	0.10089166295140437	97.98934398202032	0.2504077810668761	False	False
E3	CP137376.1	NZ_CP141555.1	0.1242603550295858	[0.05, 0.15)	2.3666666666666667	0.36883227670175844	0.23134600575527905	97.19478972420549	0.36883227670175844	False	False
E3	NZ_CP137395.1	CP141577.1	0.0769230769230769	[0.05, 0.15)	2.3666666666666667	0.46088312934965203	0.4122448979591837	93.69465334717178	0.46088312934965203	False	False
E3	CP133863.1	NZ_CP141850.1	0.0975609756097561	[0.05, 0.15)	2.3666666666666667	0.2906989247311828	0.25967044044133275	95.92411893274276	0.2906989247311828	False	False
E3	NZ_CP141850.1	NZ_CP141538.1	0.0548245614035087	[0.05, 0.15)	2.3666666666666667	0.22740020983192874	0.09191070438158624	97.64839193874168	0.22740020983192874	False	False
E3	CP137420.1	CP137400.1	0.0642201834862385	[0.05, 0.15)	2.3666666666666667	0.2431258440419341	0.09923362947404275	95.13892447121286	0.2431258440419341	False	False
E3	NZ_CP137354.1	NZ_CP137408.1	0.1	[0.05, 0.15)	2.3666666666666667	0.3146148308135349	0.3074395681764844	94.44034501142423	0.3146148308135349	False	False
E3	CP138473.1	CP141577.1	0.0769230769230769	[0.05, 0.15)	2.3666666666666667	0.4782817374610031	0.4279269602577873	92.361	0.4782817374610031	False	False
E3	CP133745.1	NZ_CP133742.1	0.1241610738255033	[0.05, 0.15)	2.3666666666666667	0.43620185876223333	0.20090787500506627	95.67031144272595	0.43620185876223333	False	False
E3	CP133745.1	CP140290.1	0.1176470588235294	[0.05, 0.15)	2.3666666666666667	0.4588643244384989	0.2114716717788922	96.27849591082338	0.4588643244384989	False	False
E3	CP133745.1	CP141566.1	0.1241610738255033	[0.05, 0.15)	2.3666666666666667	0.43591142716327536	0.20071819688808368	95.68751799605012	0.43591142716327536	False	False
E3	CP133745.1	CP141580.1	0.1241610738255033	[0.05, 0.15)	2.3666666666666667	0.43620185876223333	0.20084950472577534	95.67031144272595	0.43620185876223333	False	False
E3	CP141551.1	CP133745.1	0.1116751269035533	[0.05, 0.15)	2.3666666666666667	0.3085075480007871	0.28947229458565094	93.8219787903543	0.3085075480007871	False	False
E3	CP133745.1	NZ_CP140290.1	0.1176470588235294	[0.05, 0.15)	2.3666666666666667	0.4588643244384989	0.2114716717788922	96.27849591082338	0.4588643244384989	False	False
E3	CP141579.1	CP133745.1	0.0691823899371069	[0.05, 0.15)	2.3666666666666667	0.16835505944416834	0.0774044216010702	99.48935958243503	0.16835505944416834	False	False
E3	CP133867.1	CP133745.1	0.1459459459459459	[0.05, 0.15)	2.3666666666666667	0.3190760989951469	0.27894634936281065	99.21133354362502	0.3190760989951469	False	False
E3	NZ_CP141579.1	CP141555.1	0.053231939163498	[0.05, 0.15)	2.3666666666666667	0.2070797813372071	0.04391440035666518	99.30771163606165	0.2070797813372071	False	False
E3	CP133853.1	CP141555.1	0.0545977011494252	[0.05, 0.15)	2.3666666666666667	0.23542469750036998	0.13536659506342966	94.81308289536553	0.23542469750036998	False	False
E3	CP133741.1	CP141555.1	0.053231939163498	[0.05, 0.15)	2.3666666666666667	0.2093774490127492	0.04440076196652211	99.30620835995254	0.2093774490127492	False	False
E3	NZ_CP141576.1	CP141555.1	0.0528735632183908	[0.05, 0.15)	2.3666666666666667	0.17017580217735429	0.15642605277023466	95.07937873496311	0.17017580217735429	False	False
E3	NZ_CP133745.1	CP141555.1	0.1241610738255033	[0.05, 0.15)	2.3666666666666667	0.43591142716327536	0.20072143638795445	95.68743840557806	0.43591142716327536	False	False
E3	NZ_CP137422.1	CP141555.1	0.0633802816901408	[0.05, 0.15)	2.3666666666666667	0.26529516798667935	0.09830989340574717	98.53705662010137	0.26529516798667935	False	False
E3	CP141579.1	CP141555.1	0.053231939163498	[0.05, 0.15)	2.3666666666666667	0.2070797813372071	0.04391440035666518	99.30771163606165	0.2070797813372071	False	False
E3	CP141858.1	CP141555.1	0.1363636363636363	[0.05, 0.15)	2.3666666666666667	0.4073120897798297	0.2739999189397317	96.96482476283359	0.4073120897798297	False	False
E3	NZ_CP141858.1	CP141555.1	0.1363636363636363	[0.05, 0.15)	2.3666666666666667	0.4073120897798297	0.2739999189397317	96.96482476283359	0.4073120897798297	False	False
E3	CP137401.1	CP137386.1	0.0568862275449101	[0.05, 0.15)	2.3666666666666667	0.4865698961348544	0.07020133816217543	98.9336219075094	0.4865698961348544	False	False
E3	CP137401.1	NZ_CP133745.1	0.0642857142857142	[0.05, 0.15)	2.3666666666666667	0.2821386003745956	0.11664789129057242	98.17461297134237	0.2821386003745956	False	False
E3	CP137401.1	NZ_CP137365.1	0.1125	[0.05, 0.15)	2.3666666666666667	0.3176826153584199	0.2762332833915987	97.69787733386869	0.3176826153584199	False	False
E3	CP137401.1	CP141563.1	0.079646017699115	[0.05, 0.15)	2.3666666666666667	0.19004341903626767	0.11319152172810709	98.85774479283315	0.19004341903626767	False	False
E3	CP137401.1	CP137392.1	0.0553935860058309	[0.05, 0.15)	2.3666666666666667	0.4866337476587775	0.06667327298269339	98.92924885275991	0.4866337476587775	False	False
E3	CP137401.1	CP137365.1	0.1125	[0.05, 0.15)	2.3666666666666667	0.3176826153584199	0.2762332833915987	97.69787733386869	0.3176826153584199	False	False
E3	CP137401.1	CP133862.1	0.0625	[0.05, 0.15)	2.3666666666666667	0.2754554742039843	0.2561185866312598	96.75615060240965	0.2754554742039843	False	False
E3	CP137401.1	CP137425.1	0.1125	[0.05, 0.15)	2.3666666666666667	0.3177038991997276	0.27624667061260727	97.69803138383297	0.3177038991997276	False	False
E3	CP137401.1	NZ_CP137360.1	0.0553935860058309	[0.05, 0.15)	2.3666666666666667	0.4865698961348544	0.06645708458147988	98.93335553807152	0.4865698961348544	False	False
E3	CP137401.1	CP141549.1	0.08	[0.05, 0.15)	2.3666666666666667	0.16854673931551167	0.15382971697196915	99.97491678242201	0.16854673931551167	False	False
E3	CP137401.1	CP141544.1	0.08	[0.05, 0.15)	2.3666666666666667	0.16854673931551167	0.15382971697196915	99.97491678242201	0.16854673931551167	False	False
E3	CP141548.1	NZ_CP133742.1	0.149584487534626	[0.05, 0.15)	2.3666666666666667	0.35194839079342505	0.2792120941920318	97.04729890508304	0.35194839079342505	False	False
E3	CP133863.1	NZ_CP133742.1	0.0678466076696165	[0.05, 0.15)	2.3666666666666667	0.30186635944700463	0.15943338872451668	95.64066977275614	0.30186635944700463	False	False
E3	NZ_CP137355.1	NZ_CP133742.1	0.1239193083573487	[0.05, 0.15)	2.3666666666666667	0.36320537577196016	0.2462570421108094	97.02894446088587	0.36320537577196016	False	False
E3	NZ_CP137376.1	NZ_CP133742.1	0.1242603550295858	[0.05, 0.15)	2.3666666666666667	0.3688775147508353	0.23137032383577188	97.19328795408413	0.3688775147508353	False	False
E3	NZ_CP133745.1	NZ_CP133742.1	0.1241610738255033	[0.05, 0.15)	2.3666666666666667	0.43620185876223333	0.20090787500506627	95.67031144272595	0.43620185876223333	False	False
E3	CP137422.1	NZ_CP133742.1	0.0633802816901408	[0.05, 0.15)	2.3666666666666667	0.26527325906207894	0.09828557532525432	98.5368672518958	0.26527325906207894	False	False
E3	NZ_CP133741.1	NZ_CP133742.1	0.053231939163498	[0.05, 0.15)	2.3666666666666667	0.2093774490127492	0.04440076196652211	99.30620835995254	0.2093774490127492	False	False
E3	CP137376.1	NZ_CP133742.1	0.1242603550295858	[0.05, 0.15)	2.3666666666666667	0.3688775147508353	0.23137032383577188	97.19328795408413	0.3688775147508353	False	False
E3	CP141858.1	NZ_CP133742.1	0.1363636363636363	[0.05, 0.15)	2.3666666666666667	0.4070890867120307	0.27384995744335916	96.97944662605713	0.4070890867120307	False	False
E3	NZ_CP141858.1	NZ_CP133742.1	0.1363636363636363	[0.05, 0.15)	2.3666666666666667	0.4070890867120307	0.27384995744335916	96.97944662605713	0.4070890867120307	False	False
E3	CP137411.1	NZ_CP141576.1	0.0923076923076923	[0.05, 0.15)	2.3666666666666667	0.23882391681800946	0.211174263302012	97.06302768101129	0.23882391681800946	False	False
E3	NZ_CP137425.1	NZ_CP137352.1	0.0519125683060109	[0.05, 0.15)	2.3666666666666667	0.42462636874815035	0.06572208114197699	99.64308230273473	0.42462636874815035	False	False
E3	CP137420.1	NZ_CP137352.1	0.0712643678160919	[0.05, 0.15)	2.3666666666666667	0.2669400086318515	0.10988035695369737	95.58532588449533	0.2669400086318515	False	False
E3	NZ_CP137365.1	NZ_CP137352.1	0.0519125683060109	[0.05, 0.15)	2.3666666666666667	0.4246157260973309	0.06571921818322364	99.64306675956975	0.4246157260973309	False	False
E3	CP141540.1	NZ_CP137352.1	0.1258134490238611	[0.05, 0.15)	2.3666666666666667	0.3929954356691234	0.24042268723034507	98.03191749955434	0.3929954356691234	False	False
E3	NZ_CP137414.1	NZ_CP137352.1	0.0519125683060109	[0.05, 0.15)	2.3666666666666667	0.42987416672908396	0.06571921818322364	99.64306767113743	0.42987416672908396	False	False
E3	CP141577.1	NZ_CP137368.1	0.0769230769230769	[0.05, 0.15)	2.3666666666666667	0.4279269602577873	0.31888	92.358	0.4279269602577873	False	False
E3	CP133863.1	NZ_CP133845.1	0.0716510903426791	[0.05, 0.15)	2.3666666666666667	0.3018125960061444	0.1717068953472125	95.64486159433173	0.3018125960061444	False	False
E3	NZ_CP137355.1	NZ_CP133845.1	0.1137724550898203	[0.05, 0.15)	2.3666666666666667	0.3392260371019137	0.24779935727260025	96.83534516140386	0.3392260371019137	False	False
E3	CP137422.1	NZ_CP133845.1	0.0676691729323308	[0.05, 0.15)	2.3666666666666667	0.26526230459977873	0.10588846583764147	98.5327002431686	0.26526230459977873	False	False
E3	CP141540.1	NZ_CP133845.1	0.130057803468208	[0.05, 0.15)	2.3666666666666667	0.33659601930487487	0.3143862651949141	97.99488676888919	0.33659601930487487	False	False
E3	NZ_CP141858.1	NZ_CP133845.1	0.1261829652996845	[0.05, 0.15)	2.3666666666666667	0.3856687379834496	0.27949035908900377	96.80709189931494	0.3856687379834496	False	False
E3	CP137387.1	NZ_CP141579.1	0.0602409638554216	[0.05, 0.15)	2.3666666666666667	0.18947741653938469	0.1337015940976337	96.30157603884051	0.18947741653938469	False	False
E3	CP137387.1	CP133741.1	0.0602409638554216	[0.05, 0.15)	2.3666666666666667	0.18936831769583243	0.13357034998184147	96.3280365766538	0.18936831769583243	False	False
E3	CP137387.1	NZ_CP133741.1	0.0602409638554216	[0.05, 0.15)	2.3666666666666667	0.18936831769583243	0.13357034998184147	96.3280365766538	0.18936831769583243	False	False
E3	CP137387.1	CP133862.1	0.1232876712328767	[0.05, 0.15)	2.3666666666666667	0.4466233907920576	0.32405223836229957	97.03536832794485	0.4466233907920576	False	False
E3	NZ_CP137431.1	NZ_CP133741.1	0.0602409638554216	[0.05, 0.15)	2.3666666666666667	0.18936831769583243	0.13357034998184147	96.3280415773682	0.18936831769583243	False	False
E3	NZ_CP137431.1	CP133862.1	0.1232876712328767	[0.05, 0.15)	2.3666666666666667	0.44405956796857954	0.32226868274509024	96.91995889318362	0.44405956796857954	False	False
E3	NZ_CP137431.1	NZ_CP133862.1	0.1232876712328767	[0.05, 0.15)	2.3666666666666667	0.44405956796857954	0.32226868274509024	96.91995889318362	0.44405956796857954	False	False
E3	NZ_CP133863.1	NZ_CP141538.1	0.0579399141630901	[0.05, 0.15)	2.3666666666666667	0.27323348694316435	0.09861064891846921	96.6768897215673	0.27323348694316435	False	False
E3	NZ_CP133863.1	NZ_CP140290.1	0.063400576368876	[0.05, 0.15)	2.3666666666666667	0.2834715821812596	0.1498328383400685	96.27270466839774	0.2834715821812596	False	False
E3	NZ_CP133863.1	NZ_CP141566.1	0.0678466076696165	[0.05, 0.15)	2.3666666666666667	0.30281874039938556	0.1599406636431064	95.54363853317813	0.30281874039938556	False	False
E3	NZ_CP133863.1	NZ_CP141540.1	0.0647249190938511	[0.05, 0.15)	2.3666666666666667	0.2889247311827957	0.17585300609824536	94.99802065687808	0.2889247311827957	False	False
E3	NZ_CP133863.1	CP141538.1	0.0579399141630901	[0.05, 0.15)	2.3666666666666667	0.27323348694316435	0.09861064891846921	96.6768897215673	0.27323348694316435	False	False
E3	NZ_CP133863.1	CP133742.1	0.0678466076696165	[0.05, 0.15)	2.3666666666666667	0.30186635944700463	0.15943338872451668	95.64066977275614	0.30186635944700463	False	False
E3	CP137420.1	NZ_CP137386.1	0.058411214953271	[0.05, 0.15)	2.3666666666666667	0.20330098709398972	0.08972438769872935	94.49749634762428	0.20330098709398972	False	False
E3	CP141540.1	NZ_CP137386.1	0.112087912087912	[0.05, 0.15)	2.3666666666666667	0.32840734782446035	0.2154164876312074	97.81449950943453	0.32840734782446035	False	False
E3	NZ_CP141540.1	NZ_CP137386.1	0.112087912087912	[0.05, 0.15)	2.3666666666666667	0.32840734782446035	0.2154164876312074	97.81449950943453	0.32840734782446035	False	False
E3	CP137420.1	CP137424.1	0.0628019323671497	[0.05, 0.15)	2.3666666666666667	0.23049828059086416	0.10083795736857645	95.25317680190356	0.23049828059086416	False	False
E3	CP141540.1	CP137424.1	0.1103603603603603	[0.05, 0.15)	2.3666666666666667	0.32687810991806654	0.21263662844671985	98.37656423447372	0.32687810991806654	False	False
E3	NZ_CP141579.1	NZ_CP141580.1	0.053231939163498	[0.05, 0.15)	2.3666666666666667	0.2070797813372071	0.04391404438824311	99.30771163606165	0.2070797813372071	False	False
E3	CP137393.1	NZ_CP141579.1	0.0602409638554216	[0.05, 0.15)	2.3666666666666667	0.18949952270557752	0.1337015940976337	96.28779226156483	0.18949952270557752	False	False
E3	NZ_CP137415.1	NZ_CP141579.1	0.0595238095238095	[0.05, 0.15)	2.3666666666666667	0.17610078835965423	0.1337015940976337	96.30157603884051	0.17610078835965423	False	False
E3	NZ_CP138476.1	NZ_CP141579.1	0.0602409638554216	[0.05, 0.15)	2.3666666666666667	0.18947741653938469	0.1337015940976337	96.30157603884051	0.18947741653938469	False	False
E3	NZ_CP141579.1	CP141580.1	0.053231939163498	[0.05, 0.15)	2.3666666666666667	0.2070797813372071	0.04391404438824311	99.30771163606165	0.2070797813372071	False	False
E3	NZ_CP141579.1	CP141563.1	0.0514705882352941	[0.05, 0.15)	2.3666666666666667	0.13513513513513514	0.08963794939404696	99.44839431641454	0.13513513513513514	False	False
E3	NZ_CP141579.1	CP137422.1	0.0873015873015873	[0.05, 0.15)	2.3666666666666667	0.18494590771818495	0.10569960673480343	97.75231467161562	0.18494590771818495	False	False
E3	CP137357.1	NZ_CP141579.1	0.0602409638554216	[0.05, 0.15)	2.3666666666666667	0.18947741653938469	0.1337015940976337	96.30157603884051	0.18947741653938469	False	False
E3	NZ_CP141579.1	NZ_CP137422.1	0.0873015873015873	[0.05, 0.15)	2.3666666666666667	0.18494590771818495	0.10569960673480343	97.75231467161562	0.18494590771818495	False	False
E3	NZ_CP141579.1	NZ_CP141566.1	0.053231939163498	[0.05, 0.15)	2.3666666666666667	0.2070797813372071	0.04391457834304034	99.30771163606165	0.2070797813372071	False	False
E3	CP133741.1	NZ_CP141580.1	0.053231939163498	[0.05, 0.15)	2.3666666666666667	0.2093774490127492	0.044400402055671744	99.30620835995254	0.2093774490127492	False	False
E3	CP141548.1	NZ_CP141580.1	0.149584487534626	[0.05, 0.15)	2.3666666666666667	0.35194839079342505	0.2792179368707748	97.04454468726888	0.35194839079342505	False	False
E3	NZ_CP137355.1	NZ_CP141580.1	0.1239193083573487	[0.05, 0.15)	2.3666666666666667	0.3631575486192899	0.24623072807742813	97.03193093922651	0.3631575486192899	False	False
E3	NZ_CP137376.1	NZ_CP141580.1	0.1242603550295858	[0.05, 0.15)	2.3666666666666667	0.36882581412331894	0.23134413047355024	97.1964837072556	0.36882581412331894	False	False
E3	NZ_CP141576.1	NZ_CP141580.1	0.0528735632183908	[0.05, 0.15)	2.3666666666666667	0.17016257402254958	0.15641262584504645	95.07399298890122	0.17016257402254958	False	False
E3	NZ_CP133741.1	NZ_CP141580.1	0.053231939163498	[0.05, 0.15)	2.3666666666666667	0.2093774490127492	0.044400402055671744	99.30620835995254	0.2093774490127492	False	False
E3	NZ_CP133867.1	NZ_CP141580.1	0.074074074074074	[0.05, 0.15)	2.3666666666666667	0.25049839908173743	0.10091111003031629	97.9819710330993	0.25049839908173743	False	False
E3	CP137376.1	NZ_CP141580.1	0.1242603550295858	[0.05, 0.15)	2.3666666666666667	0.36882581412331894	0.23134413047355024	97.1964837072556	0.36882581412331894	False	False
E3	CP133867.1	NZ_CP141580.1	0.074074074074074	[0.05, 0.15)	2.3666666666666667	0.25049839908173743	0.10091111003031629	97.9819710330993	0.25049839908173743	False	False
E3	NZ_CP141858.1	NZ_CP141580.1	0.1363636363636363	[0.05, 0.15)	2.3666666666666667	0.4070890867120307	0.27384773762625036	96.97944662605713	0.4070890867120307	False	False
E3	NZ_CP137362.1	CP137422.1	0.1485148514851485	[0.05, 0.15)	2.3666666666666667	0.5201702256244963	0.2289044442253552	97.00966519531066	0.5201702256244963	False	True
E3	NZ_CP137362.1	NZ_CP133741.1	0.0581395348837209	[0.05, 0.15)	2.3666666666666667	0.17485898468976632	0.13357034998184147	96.31424114285714	0.17485898468976632	False	False
E3	NZ_CP137362.1	NZ_CP141858.1	0.0558659217877094	[0.05, 0.15)	2.3666666666666667	0.4224667606768735	0.10106860659245286	96.2521286939943	0.4224667606768735	False	False
E3	CP137405.1	CP141577.1	0.0769230769230769	[0.05, 0.15)	2.3666666666666667	0.4782817374610031	0.4279269602577873	92.361	0.4782817374610031	False	False
E3	CP141548.1	CP140290.1	0.1498637602179836	[0.05, 0.15)	2.3666666666666667	0.34699108298502573	0.27552866903614265	97.00189526723847	0.34699108298502573	False	False
E3	CP133863.1	CP140290.1	0.063400576368876	[0.05, 0.15)	2.3666666666666667	0.2834715821812596	0.1498328383400685	96.27270466839774	0.2834715821812596	False	False
E3	CP137420.1	CP140290.1	0.0521739130434782	[0.05, 0.15)	2.3666666666666667	0.20273017110557312	0.11847379781553792	94.60767722081651	0.20273017110557312	False	False
E3	NZ_CP141576.1	CP140290.1	0.0520361990950226	[0.05, 0.15)	2.3666666666666667	0.16682026024189886	0.1534560267458656	94.95827379758195	0.16682026024189886	False	False
E3	NZ_CP141548.1	CP140290.1	0.1498637602179836	[0.05, 0.15)	2.3666666666666667	0.34699108298502573	0.27552866903614265	97.00189526723847	0.34699108298502573	False	False
E3	NZ_CP141857.1	CP140290.1	0.0561403508771929	[0.05, 0.15)	2.3666666666666667	0.27208082269937794	0.07936121524903841	96.57408056363914	0.27208082269937794	False	False
E3	CP137422.1	CP140290.1	0.0729166666666666	[0.05, 0.15)	2.3666666666666667	0.2519745418296143	0.09336303292922407	99.22697663713738	0.2519745418296143	False	False
E3	CP141579.1	CP140290.1	0.0518518518518518	[0.05, 0.15)	2.3666666666666667	0.2070797813372071	0.04396108216888196	99.30771163606165	0.2070797813372071	False	False
E3	CP133867.1	CP140290.1	0.0866666666666666	[0.05, 0.15)	2.3666666666666667	0.25046819307678364	0.10088530762614213	98.69036769372917	0.25046819307678364	False	False
E3	CP137395.1	CP141577.1	0.0769230769230769	[0.05, 0.15)	2.3666666666666667	0.46088312934965203	0.4122448979591837	93.69465334717178	0.46088312934965203	False	False
E3	NZ_CP137408.1	CP137395.1	0.1	[0.05, 0.15)	2.3666666666666667	0.3074395681764844	0.15730741540676746	94.44034501142423	0.3074395681764844	False	False
E3	CP133853.1	CP141566.1	0.0545977011494252	[0.05, 0.15)	2.3666666666666667	0.23542469750036998	0.13536309067843666	94.81590897960405	0.23542469750036998	False	False
E3	CP133853.1	CP141580.1	0.0545977011494252	[0.05, 0.15)	2.3666666666666667	0.23548812200054967	0.13539792163156786	94.80827433126345	0.23548812200054967	False	False
E3	NZ_CP137381.1	CP133853.1	0.0526315789473684	[0.05, 0.15)	2.3666666666666667	0.28077833678603137	0.10684914130273923	97.2572490791897	0.28077833678603137	False	False
E3	CP133853.1	NZ_CP140290.1	0.0535211267605633	[0.05, 0.15)	2.3666666666666667	0.21337411293789332	0.12282730415307463	94.67587308908804	0.21337411293789332	False	False
E3	CP133853.1	NZ_CP141566.1	0.0545977011494252	[0.05, 0.15)	2.3666666666666667	0.23542469750036998	0.13536309067843666	94.81590897960405	0.23542469750036998	False	False
E3	CP133853.1	NZ_CP141540.1	0.0603174603174603	[0.05, 0.15)	2.3666666666666667	0.20701756858654977	0.13726663923079802	96.90741086616316	0.20701756858654977	False	False
E3	CP137425.1	CP133853.1	0.0526315789473684	[0.05, 0.15)	2.3666666666666667	0.28077833678603137	0.10684914130273923	97.25063818731914	0.28077833678603137	False	False
E3	CP137393.1	CP133741.1	0.0602409638554216	[0.05, 0.15)	2.3666666666666667	0.18939042683758353	0.13357034998184147	96.31424114285714	0.18939042683758353	False	False
E3	CP137385.1	CP133741.1	0.0581395348837209	[0.05, 0.15)	2.3666666666666667	0.1748382060386291	0.13357034998184147	96.3280365766538	0.1748382060386291	False	False
E3	CP133741.1	CP141566.1	0.053231939163498	[0.05, 0.15)	2.3666666666666667	0.2093774490127492	0.044400941924135386	99.30620835995254	0.2093774490127492	False	False
E3	NZ_CP138476.1	CP133741.1	0.0602409638554216	[0.05, 0.15)	2.3666666666666667	0.18936831769583243	0.13357034998184147	96.3280365766538	0.18936831769583243	False	False
E3	CP133741.1	CP141563.1	0.0514705882352941	[0.05, 0.15)	2.3666666666666667	0.13500391842039872	0.089549211500431	99.49027512029438	0.13500391842039872	False	False
E3	NZ_CP137387.1	CP133741.1	0.0602409638554216	[0.05, 0.15)	2.3666666666666667	0.18936831769583243	0.13357034998184147	96.3280365766538	0.18936831769583243	False	False
E3	CP137427.1	CP133741.1	0.0581395348837209	[0.05, 0.15)	2.3666666666666667	0.1748382060386291	0.13357034998184147	96.3280365766538	0.1748382060386291	False	False
E3	CP133741.1	CP133742.1	0.053231939163498	[0.05, 0.15)	2.3666666666666667	0.2093774490127492	0.04440076196652211	99.30620835995254	0.2093774490127492	False	False
E3	CP137393.1	CP141579.1	0.0602409638554216	[0.05, 0.15)	2.3666666666666667	0.18949952270557752	0.1337015940976337	96.28779226156483	0.18949952270557752	False	False
E3	CP137393.1	CP133862.1	0.1232876712328767	[0.05, 0.15)	2.3666666666666667	0.4440201827355789	0.3222488654604546	96.91354926984907	0.4440201827355789	False	False
E3	CP141548.1	NZ_CP141576.1	0.0911392405063291	[0.05, 0.15)	2.3666666666666667	0.270948334518517	0.23340638214375478	96.2463039779693	0.270948334518517	False	False
E3	CP141548.1	CP141580.1	0.149584487534626	[0.05, 0.15)	2.3666666666666667	0.35194839079342505	0.2792179368707748	97.04454468726888	0.35194839079342505	False	False
E3	CP141548.1	CP133742.1	0.149584487534626	[0.05, 0.15)	2.3666666666666667	0.35194839079342505	0.2792120941920318	97.04729890508304	0.35194839079342505	False	False
E3	CP137384.1	CP141577.1	0.0769230769230769	[0.05, 0.15)	2.3666666666666667	0.4782817374610031	0.4279269602577873	92.361	0.4782817374610031	False	False
E3	NZ_CP137381.1	NZ_CP137372.1	0.051490514905149	[0.05, 0.15)	2.3666666666666667	0.42471885173128143	0.06510418881263588	99.65155404170115	0.42471885173128143	False	False
E3	CP141540.1	NZ_CP137372.1	0.125	[0.05, 0.15)	2.3666666666666667	0.38435313704216395	0.23282110592363928	98.04372981543808	0.38435313704216395	False	False
E3	NZ_CP137414.1	NZ_CP137372.1	0.051490514905149	[0.05, 0.15)	2.3666666666666667	0.42996779267470603	0.0651013541285756	99.66032626675955	0.42996779267470603	False	False
E3	NZ_CP137425.1	NZ_CP137360.1	0.0524861878453038	[0.05, 0.15)	2.3666666666666667	0.42495930748742233	0.06675344372227081	99.63880651757744	0.42495930748742233	False	False
E3	CP141549.1	NZ_CP137425.1	0.0638297872340425	[0.05, 0.15)	2.3666666666666667	0.15099360904446474	0.14382953536549276	99.92289686213992	0.15099360904446474	False	False
E3	CP133740.1	CP141577.1	0.0833333333333333	[0.05, 0.15)	2.3666666666666667	0.527889591719379	0.19849624060150375	91.012	0.527889591719379	False	True
E3	CP137412.1	CP141577.1	0.0769230769230769	[0.05, 0.15)	2.3666666666666667	0.44348452123830095	0.19828141783029002	95.13782333873583	0.44348452123830095	False	False
E3	NZ_CP137405.1	CP141577.1	0.0769230769230769	[0.05, 0.15)	2.3666666666666667	0.4782817374610031	0.4279269602577873	92.361	0.4782817374610031	False	False
E3	CP137390.1	CP141577.1	0.0769230769230769	[0.05, 0.15)	2.3666666666666667	0.4782817374610031	0.21396348012889366	92.361	0.4782817374610031	False	False
E3	NZ_CP137369.1	CP141577.1	0.0769230769230769	[0.05, 0.15)	2.3666666666666667	0.4782817374610031	0.4279269602577873	92.361	0.4782817374610031	False	False
E3	NZ_CP137384.1	CP141577.1	0.0769230769230769	[0.05, 0.15)	2.3666666666666667	0.4782817374610031	0.4279269602577873	92.361	0.4782817374610031	False	False
E3	CP133863.1	CP141545.1	0.0818181818181818	[0.05, 0.15)	2.3666666666666667	0.3217818740399386	0.20471983600156188	95.45796576923993	0.3217818740399386	False	False
E3	CP133863.1	CP133845.1	0.0716510903426791	[0.05, 0.15)	2.3666666666666667	0.3018125960061444	0.1717068953472125	95.64486159433173	0.3018125960061444	False	False
E3	CP133863.1	NZ_CP141566.1	0.0678466076696165	[0.05, 0.15)	2.3666666666666667	0.30281874039938556	0.1599406636431064	95.54363853317813	0.30281874039938556	False	False
E3	CP133863.1	CP141538.1	0.0579399141630901	[0.05, 0.15)	2.3666666666666667	0.27323348694316435	0.09861064891846921	96.6768897215673	0.27323348694316435	False	False
E3	CP137385.1	CP137422.1	0.1485148514851485	[0.05, 0.15)	2.3666666666666667	0.5201077787011156	0.22887158083845455	97.018690733884	0.5201077787011156	False	True
E3	CP137385.1	NZ_CP133741.1	0.0581395348837209	[0.05, 0.15)	2.3666666666666667	0.1748382060386291	0.13357034998184147	96.3280365766538	0.1748382060386291	False	False
E3	CP137385.1	CP133862.1	0.1486486486486486	[0.05, 0.15)	2.3666666666666667	0.4099871572108484	0.32226868274509024	97.14691925885023	0.4099871572108484	False	False
E3	CP137420.1	CP137418.1	0.0671462829736211	[0.05, 0.15)	2.3666666666666667	0.2578626421819093	0.11088677715861607	95.40237386271872	0.2578626421819093	False	False
E3	NZ_CP141540.1	CP137418.1	0.116591928251121	[0.05, 0.15)	2.3666666666666667	0.3455329417486625	0.22087920962661856	98.37884497958302	0.3455329417486625	False	False
E3	NZ_CP137408.1	NZ_CP137416.1	0.1	[0.05, 0.15)	2.3666666666666667	0.3074395681764844	0.10486322188449848	94.44034501142423	0.3074395681764844	False	False
E3	CP137420.1	NZ_CP141558.1	0.0666666666666666	[0.05, 0.15)	2.3666666666666667	0.15055619753017668	0.0977896003546773	97.68981124665004	0.15055619753017668	False	False
E3	NZ_CP141558.1	NZ_CP141576.1	0.0887290167865707	[0.05, 0.15)	2.3666666666666667	0.20755860771061227	0.20243927174598414	97.33875879703177	0.20755860771061227	False	False
E3	NZ_CP137355.1	CP141566.1	0.1239193083573487	[0.05, 0.15)	2.3666666666666667	0.363181462195625	0.24624182807858014	97.0304761427162	0.363181462195625	False	False
E3	NZ_CP141540.1	CP137435.1	0.112087912087912	[0.05, 0.15)	2.3666666666666667	0.32907609712297503	0.21583347656345914	97.78486116077764	0.32907609712297503	False	False
E3	NZ_CP137376.1	CP133845.1	0.1172839506172839	[0.05, 0.15)	2.3666666666666667	0.34865610681349646	0.23561286153416236	97.04398587612451	0.34865610681349646	False	False
E3	NZ_CP141551.1	NZ_CP137376.1	0.0954356846473029	[0.05, 0.15)	2.3666666666666667	0.34675824845151193	0.23905077647879952	93.87985958535272	0.34675824845151193	False	False
E3	CP141551.1	NZ_CP137376.1	0.0954356846473029	[0.05, 0.15)	2.3666666666666667	0.34675824845151193	0.23905077647879952	93.87985958535272	0.34675824845151193	False	False
E3	NZ_CP137376.1	CP133742.1	0.1242603550295858	[0.05, 0.15)	2.3666666666666667	0.3688775147508353	0.23137032383577188	97.19328795408413	0.3688775147508353	False	False
E3	NZ_CP141571.1	CP141545.1	0.1159420289855072	[0.05, 0.15)	2.3666666666666667	0.3948180447780824	0.19050663803201875	97.36606892933017	0.3948180447780824	False	False
E3	CP141545.1	NZ_CP141576.1	0.0534883720930232	[0.05, 0.15)	2.3666666666666667	0.18678250683326825	0.16885298669688564	95.31788142622395	0.18678250683326825	False	False
E3	NZ_CP141857.1	CP141545.1	0.0509090909090909	[0.05, 0.15)	2.3666666666666667	0.23114067435744007	0.08107672784068723	95.03545029450655	0.23114067435744007	False	False
E3	CP140294.1	CP141545.1	0.1376811594202898	[0.05, 0.15)	2.3666666666666667	0.4122498634965946	0.2100693088637251	97.59006196457176	0.4122498634965946	False	False
E3	NZ_CP137415.1	NZ_CP133741.1	0.0595238095238095	[0.05, 0.15)	2.3666666666666667	0.17599939161955944	0.13357034998184147	96.3280365766538	0.17599939161955944	False	False
E3	NZ_CP137415.1	CP133862.1	0.1216216216216216	[0.05, 0.15)	2.3666666666666667	0.39775406220690007	0.31051703295614436	96.72102489494462	0.39775406220690007	False	False
E3	NZ_CP137427.1	CP137422.1	0.1485148514851485	[0.05, 0.15)	2.3666666666666667	0.5201833245196545	0.2289044442253552	97.00966519531066	0.5201833245196545	False	True
E3	NZ_CP137427.1	NZ_CP133741.1	0.0581395348837209	[0.05, 0.15)	2.3666666666666667	0.1748382060386291	0.13357034998184147	96.3280365766538	0.1748382060386291	False	False
E3	CP133866.1	CP141572.1	0.0526315789473684	[0.05, 0.15)	2.3666666666666667	0.054124790619765495	0.027590813338128756	79.38	0.054124790619765495	False	False
E3	NZ_CP141576.1	CP141566.1	0.0528735632183908	[0.05, 0.15)	2.3666666666666667	0.17017580217735429	0.15642263373985224	95.07679376536021	0.17017580217735429	False	False
E3	NZ_CP133745.1	CP141566.1	0.1241610738255033	[0.05, 0.15)	2.3666666666666667	0.43591142716327536	0.20071819688808368	95.68751799605012	0.43591142716327536	False	False
E3	NZ_CP133741.1	CP141566.1	0.053231939163498	[0.05, 0.15)	2.3666666666666667	0.2093774490127492	0.044400941924135386	99.30620835995254	0.2093774490127492	False	False
E3	CP141579.1	CP141566.1	0.053231939163498	[0.05, 0.15)	2.3666666666666667	0.2070797813372071	0.04391457834304034	99.30771163606165	0.2070797813372071	False	False
E3	CP137376.1	CP141566.1	0.1242603550295858	[0.05, 0.15)	2.3666666666666667	0.36883227670175844	0.23134289037770184	97.19653296116756	0.36883227670175844	False	False
E3	CP141858.1	CP141566.1	0.1363636363636363	[0.05, 0.15)	2.3666666666666667	0.4073120897798297	0.2739888703800526	96.96317244691384	0.4073120897798297	False	False
E3	NZ_CP141858.1	CP141566.1	0.1363636363636363	[0.05, 0.15)	2.3666666666666667	0.4073120897798297	0.2739888703800526	96.96317244691384	0.4073120897798297	False	False
E3	NZ_CP138476.1	NZ_CP133741.1	0.0602409638554216	[0.05, 0.15)	2.3666666666666667	0.18936831769583243	0.13357034998184147	96.3280365766538	0.18936831769583243	False	False
E3	NZ_CP138476.1	CP141579.1	0.0602409638554216	[0.05, 0.15)	2.3666666666666667	0.18947741653938469	0.1337015940976337	96.30157603884051	0.18947741653938469	False	False
E3	NZ_CP138476.1	CP133862.1	0.1232876712328767	[0.05, 0.15)	2.3666666666666667	0.44405956796857954	0.32226868274509024	96.91997134793546	0.44405956796857954	False	False
E3	CP137420.1	NZ_CP140295.1	0.0963541666666666	[0.05, 0.15)	2.3666666666666667	0.28714132568532724	0.13317116391461942	96.39950577545794	0.28714132568532724	False	False
E3	NZ_CP141540.1	NZ_CP140295.1	0.0871559633027523	[0.05, 0.15)	2.3666666666666667	0.26715365333532864	0.18404510672573499	97.32046931824138	0.26715365333532864	False	False
E3	NZ_CP137408.1	CP137416.1	0.1	[0.05, 0.15)	2.3666666666666667	0.3074395681764844	0.10486322188449848	94.44034501142423	0.3074395681764844	False	False
E3	CP137420.1	NZ_CP137363.1	0.0629539951573849	[0.05, 0.15)	2.3666666666666667	0.23049828059086416	0.10083429973306061	95.25605430722892	0.23049828059086416	False	False
E3	CP137420.1	NZ_CP133743.1	0.050314465408805	[0.05, 0.15)	2.3666666666666667	0.10994472830551186	0.07980585172203057	97.30761578814308	0.10994472830551186	False	False
E3	CP137422.1	CP137420.1	0.0693069306930693	[0.05, 0.15)	2.3666666666666667	0.2057028930734935	0.13045929803555767	92.79139830013278	0.2057028930734935	False	False
E3	CP137420.1	CP137392.1	0.0719257540603248	[0.05, 0.15)	2.3666666666666667	0.25237027858604705	0.1057632335196703	95.37494532948136	0.25237027858604705	False	False
E3	CP137420.1	NZ_CP137360.1	0.0719257540603248	[0.05, 0.15)	2.3666666666666667	0.2592131092764559	0.10827858921427057	95.48066389841408	0.2592131092764559	False	False
E3	CP141540.1	CP137372.1	0.125	[0.05, 0.15)	2.3666666666666667	0.38435313704216395	0.23282110592363928	98.04372981543808	0.38435313704216395	False	False
E3	CP137365.1	CP137372.1	0.051490514905149	[0.05, 0.15)	2.3666666666666667	0.4247082107911141	0.0651013541285756	99.65148215218528	0.4247082107911141	False	False
E3	NZ_CP137414.1	CP137372.1	0.051490514905149	[0.05, 0.15)	2.3666666666666667	0.42996779267470603	0.0651013541285756	99.66032626675955	0.42996779267470603	False	False
E3	CP137425.1	CP137372.1	0.051490514905149	[0.05, 0.15)	2.3666666666666667	0.42471885173128143	0.06510418881263588	99.65149532059375	0.42471885173128143	False	False
E3	NZ_CP141857.1	NZ_CP141571.1	0.064516129032258	[0.05, 0.15)	2.3666666666666667	0.10079180640403	0.07327782442863935	97.72281242236025	0.10079180640403	False	False
E3	NZ_CP133743.1	NZ_CP141576.1	0.0738916256157635	[0.05, 0.15)	2.3666666666666667	0.1934714863656796	0.16897204009012784	96.06689275853086	0.1934714863656796	False	False
E3	NZ_CP133745.1	CP141580.1	0.1241610738255033	[0.05, 0.15)	2.3666666666666667	0.43620185876223333	0.20084950472577534	95.67031144272595	0.43620185876223333	False	False
E3	NZ_CP133745.1	NZ_CP140290.1	0.1176470588235294	[0.05, 0.15)	2.3666666666666667	0.4588643244384989	0.2114716717788922	96.27849591082338	0.4588643244384989	False	False
E3	NZ_CP133741.1	NZ_CP133745.1	0.0691823899371069	[0.05, 0.15)	2.3666666666666667	0.16499417015501652	0.07584665211575019	99.73364462714218	0.16499417015501652	False	False
E3	NZ_CP133745.1	CP133742.1	0.1241610738255033	[0.05, 0.15)	2.3666666666666667	0.43620185876223333	0.20090787500506627	95.67031144272595	0.43620185876223333	False	False
E3	CP137415.1	CP133862.1	0.1216216216216216	[0.05, 0.15)	2.3666666666666667	0.39775406220690007	0.31051703295614436	96.72102489494462	0.39775406220690007	False	False
E3	CP141540.1	NZ_CP137400.1	0.1214750542299349	[0.05, 0.15)	2.3666666666666667	0.365417711100303	0.22159461837586217	98.46724691279115	0.365417711100303	False	False
E3	CP141556.1	NZ_CP137367.1	0.0588235294117647	[0.05, 0.15)	2.3666666666666667	0.0950754341019072	0.03604476006025393	83.578	0.0950754341019072	False	False
E3	CP137430.1	NZ_CP137408.1	0.1	[0.05, 0.15)	2.3666666666666667	0.3146148308135349	0.3074395681764844	94.44034501142423	0.3146148308135349	False	False
E3	NZ_CP137408.1	NZ_CP137421.1	0.1	[0.05, 0.15)	2.3666666666666667	0.3074395681764844	0.10488	94.44034501142423	0.3074395681764844	False	False
E3	NZ_CP137412.1	NZ_CP137408.1	0.1	[0.05, 0.15)	2.3666666666666667	0.3146148308135349	0.3074395681764844	94.44034501142423	0.3146148308135349	False	False
E3	NZ_CP133740.1	NZ_CP137408.1	0.1111111111111111	[0.05, 0.15)	2.3666666666666667	0.4298447383553767	0.3536728467495893	93.32439722405816	0.4298447383553767	False	False
E3	NZ_CP137390.1	NZ_CP137408.1	0.1	[0.05, 0.15)	2.3666666666666667	0.3146148308135349	0.3074395681764844	94.44034501142423	0.3146148308135349	False	False
E3	NZ_CP137408.1	NZ_CP137432.1	0.1	[0.05, 0.15)	2.3666666666666667	0.3074395681764844	0.15730741540676746	94.44034501142423	0.3074395681764844	False	False
E3	NZ_CP137361.1	NZ_CP137408.1	0.1	[0.05, 0.15)	2.3666666666666667	0.29349652027837775	0.2867871391692091	94.12250530612246	0.29349652027837775	False	False
E3	NZ_CP137408.1	CP137369.1	0.1	[0.05, 0.15)	2.3666666666666667	0.3074395681764844	0.15730741540676746	94.44034501142423	0.3074395681764844	False	False
E3	CP137422.1	CP141580.1	0.0633802816901408	[0.05, 0.15)	2.3666666666666667	0.2653718492227809	0.09830504352901123	98.529221553926	0.2653718492227809	False	False
E3	CP141579.1	CP141580.1	0.053231939163498	[0.05, 0.15)	2.3666666666666667	0.2070797813372071	0.04391404438824311	99.30771163606165	0.2070797813372071	False	False
E3	CP137376.1	CP141580.1	0.1242603550295858	[0.05, 0.15)	2.3666666666666667	0.36882581412331894	0.23134413047355024	97.1964837072556	0.36882581412331894	False	False
E3	NZ_CP141540.1	NZ_CP141538.1	0.0650887573964497	[0.05, 0.15)	2.3666666666666667	0.2262383553443825	0.13416250693288964	94.72025111285139	0.2262383553443825	False	False
E3	NZ_CP141540.1	NZ_CP137363.1	0.110609480812641	[0.05, 0.15)	2.3666666666666667	0.32687810991806654	0.21264142156638938	98.37515777590423	0.32687810991806654	False	False
E3	CP141556.1	CP141572.1	0.0588235294117647	[0.05, 0.15)	2.3666666666666667	0.14332479362368347	0.053691619996917225	79.05677358490566	0.14332479362368347	False	False
E3	NZ_CP137353.1	CP137376.1	0.0981818181818181	[0.05, 0.15)	2.3666666666666667	0.14281309023628724	0.11971280301414658	99.98363724696355	0.14281309023628724	False	False
E3	NZ_CP133867.1	CP133845.1	0.0598591549295774	[0.05, 0.15)	2.3666666666666667	0.22092672023198212	0.09586768198966047	97.7253294663573	0.22092672023198212	False	False
E3	CP137376.1	CP133845.1	0.1172839506172839	[0.05, 0.15)	2.3666666666666667	0.34865610681349646	0.23561286153416236	97.04398587612451	0.34865610681349646	False	False
E3	NZ_CP141540.1	CP133845.1	0.130057803468208	[0.05, 0.15)	2.3666666666666667	0.33659601930487487	0.3143862651949141	97.99488676888919	0.33659601930487487	False	False
E3	CP133867.1	CP133845.1	0.0598591549295774	[0.05, 0.15)	2.3666666666666667	0.22092672023198212	0.09586768198966047	97.7253294663573	0.22092672023198212	False	False
E3	NZ_CP141551.1	CP137376.1	0.0954356846473029	[0.05, 0.15)	2.3666666666666667	0.34675824845151193	0.23905077647879952	93.87985958535272	0.34675824845151193	False	False
E3	NZ_CP141857.1	CP137422.1	0.0921985815602836	[0.05, 0.15)	2.3666666666666667	0.23036139213203266	0.18142780461621041	97.2112653467737	0.23036139213203266	False	False
E3	NZ_CP141857.1	NZ_CP137422.1	0.0921985815602836	[0.05, 0.15)	2.3666666666666667	0.23036139213203266	0.18142780461621041	97.2112653467737	0.23036139213203266	False	False
E3	NZ_CP133862.1	NZ_CP141857.1	0.0695652173913043	[0.05, 0.15)	2.3666666666666667	0.2987455658825628	0.20989131796106372	96.30385737943826	0.2987455658825628	False	False
E3	NZ_CP141857.1	CP133867.1	0.0891719745222929	[0.05, 0.15)	2.3666666666666667	0.1904370938339294	0.13805151130711452	98.56362014147159	0.1904370938339294	False	False
E3	NZ_CP141857.1	NZ_CP141858.1	0.0809523809523809	[0.05, 0.15)	2.3666666666666667	0.3391686728545386	0.14797760325946105	96.5957709096832	0.3391686728545386	False	False
E3	NZ_CP133851.1	NZ_CP133867.1	0.1043478260869565	[0.05, 0.15)	2.3666666666666667	0.4829876333180658	0.1485833383676675	96.9626016100663	0.4829876333180658	False	False
E3	NZ_CP133851.1	CP133867.1	0.1043478260869565	[0.05, 0.15)	2.3666666666666667	0.4829876333180658	0.1485833383676675	96.9626016100663	0.4829876333180658	False	False
E3	NZ_CP133851.1	NZ_CP141858.1	0.0958083832335329	[0.05, 0.15)	2.3666666666666667	0.48884381338742394	0.09013542916036331	99.93337924578765	0.48884381338742394	False	False
E3	NZ_CP137365.1	CP137352.1	0.0519125683060109	[0.05, 0.15)	2.3666666666666667	0.4246157260973309	0.06571921818322364	99.64306675956975	0.4246157260973309	False	False
E3	NZ_CP137365.1	CP137392.1	0.0524861878453038	[0.05, 0.15)	2.3666666666666667	0.4247082107911141	0.06693849714082528	99.65607948461238	0.4247082107911141	False	False
E3	NZ_CP137381.1	CP141563.1	0.0601503759398496	[0.05, 0.15)	2.3666666666666667	0.14775081385025154	0.1012626134577354	99.93743665498246	0.14775081385025154	False	False
E3	NZ_CP137414.1	CP141563.1	0.0601503759398496	[0.05, 0.15)	2.3666666666666667	0.14959553591491273	0.1012626134577354	99.91254600075102	0.14959553591491273	False	False
E3	CP137425.1	CP141563.1	0.0601503759398496	[0.05, 0.15)	2.3666666666666667	0.14775081385025154	0.1012626134577354	99.93743665498246	0.14775081385025154	False	False
E3	NZ_CP141556.1	CP141572.1	0.0588235294117647	[0.05, 0.15)	2.3666666666666667	0.14332479362368347	0.053691619996917225	79.05677358490566	0.14332479362368347	False	False
E3	CP137422.1	NZ_CP140290.1	0.0729166666666666	[0.05, 0.15)	2.3666666666666667	0.2519745418296143	0.09336303292922407	99.22697663713738	0.2519745418296143	False	False
E3	CP137422.1	NZ_CP141566.1	0.0633802816901408	[0.05, 0.15)	2.3666666666666667	0.26529516798667935	0.09831029185867896	98.53297037128611	0.26529516798667935	False	False
E3	CP137422.1	CP133742.1	0.0633802816901408	[0.05, 0.15)	2.3666666666666667	0.26527325906207894	0.09828557532525432	98.5368672518958	0.26527325906207894	False	False
E3	NZ_CP137381.1	CP137352.1	0.0519125683060109	[0.05, 0.15)	2.3666666666666667	0.42462636874815035	0.06572208114197699	99.64277987284446	0.42462636874815035	False	False
E3	NZ_CP137381.1	CP137392.1	0.0524861878453038	[0.05, 0.15)	2.3666666666666667	0.42471885173128143	0.06694141169201355	99.65618843039958	0.42471885173128143	False	False
E3	NZ_CP137381.1	NZ_CP141858.1	0.0612244897959183	[0.05, 0.15)	2.3666666666666667	0.26932894347440073	0.08781499183326603	97.43643519089728	0.26932894347440073	False	False
E3	CP141551.1	CP137376.1	0.0954356846473029	[0.05, 0.15)	2.3666666666666667	0.34675824845151193	0.23905077647879952	93.87985958535272	0.34675824845151193	False	False
E3	NZ_CP137357.1	CP141579.1	0.0602409638554216	[0.05, 0.15)	2.3666666666666667	0.18947741653938469	0.1337015940976337	96.30157603884051	0.18947741653938469	False	False
E3	NZ_CP137357.1	CP133862.1	0.1232876712328767	[0.05, 0.15)	2.3666666666666667	0.4439504691250273	0.3221894136065476	96.91296943847806	0.4439504691250273	False	False
E3	NZ_CP137357.1	NZ_CP133862.1	0.1232876712328767	[0.05, 0.15)	2.3666666666666667	0.4439504691250273	0.3221894136065476	96.91296943847806	0.4439504691250273	False	False
E3	NZ_CP137374.1	CP133862.1	0.1184210526315789	[0.05, 0.15)	2.3666666666666667	0.4097960211533619	0.322110144468005	96.94318065189368	0.4097960211533619	False	False
E3	NZ_CP137411.1	CP141540.1	0.0771428571428571	[0.05, 0.15)	2.3666666666666667	0.2216307102800008	0.20786411762505144	97.64296941916639	0.2216307102800008	False	False
E3	NZ_CP137411.1	NZ_CP141540.1	0.0771428571428571	[0.05, 0.15)	2.3666666666666667	0.2216307102800008	0.20786411762505144	97.64296941916639	0.2216307102800008	False	False
E3	CP141540.1	CP137352.1	0.1258134490238611	[0.05, 0.15)	2.3666666666666667	0.3929954356691234	0.24042268723034507	98.03191749955434	0.3929954356691234	False	False
E3	CP137365.1	CP137352.1	0.0519125683060109	[0.05, 0.15)	2.3666666666666667	0.4246157260973309	0.06571921818322364	99.64306675956975	0.4246157260973309	False	False
E3	CP137425.1	CP137352.1	0.0519125683060109	[0.05, 0.15)	2.3666666666666667	0.42462636874815035	0.06572208114197699	99.64308230273473	0.42462636874815035	False	False
E3	CP141540.1	CP137392.1	0.1269146608315098	[0.05, 0.15)	2.3666666666666667	0.3892588574207789	0.2424760861075003	98.08984664762912	0.3892588574207789	False	False
E3	CP141540.1	CP137375.1	0.1001727115716753	[0.05, 0.15)	2.3666666666666667	0.3745042837367653	0.1740521193038002	98.02340760185058	0.3745042837367653	False	False
E3	CP133867.1	NZ_CP140290.1	0.0866666666666666	[0.05, 0.15)	2.3666666666666667	0.25046819307678364	0.10088530762614213	98.69036769372917	0.25046819307678364	False	False
E3	CP137365.1	NZ_CP138475.1	0.0529247910863509	[0.05, 0.15)	2.3666666666666667	0.4249486709949503	0.06848535075899405	99.64315512814935	0.4249486709949503	False	False
E3	CP133851.1	CP141858.1	0.0958083832335329	[0.05, 0.15)	2.3666666666666667	0.48884381338742394	0.09013542916036331	99.93337924578765	0.48884381338742394	False	False
E3	CP137425.1	CP137392.1	0.0524861878453038	[0.05, 0.15)	2.3666666666666667	0.42471885173128143	0.06694141169201355	99.65609280055716	0.42471885173128143	False	False
E3	CP137357.1	CP141579.1	0.0602409638554216	[0.05, 0.15)	2.3666666666666667	0.18947741653938469	0.1337015940976337	96.30157603884051	0.18947741653938469	False	False
E3	CP137357.1	CP133862.1	0.1232876712328767	[0.05, 0.15)	2.3666666666666667	0.4439504691250273	0.3221894136065476	96.91296943847806	0.4439504691250273	False	False
E3	CP137357.1	NZ_CP133862.1	0.1232876712328767	[0.05, 0.15)	2.3666666666666667	0.4439504691250273	0.3221894136065476	96.91296943847806	0.4439504691250273	False	False
E3	CP137365.1	NZ_CP137360.1	0.0524861878453038	[0.05, 0.15)	2.3666666666666667	0.4249486709949503	0.06675053824049834	99.63879245529304	0.4249486709949503	False	False
E3	CP141549.1	CP137365.1	0.0638297872340425	[0.05, 0.15)	2.3666666666666667	0.15099360904446474	0.1438321957715998	99.92289686213992	0.15099360904446474	False	False
E3	CP141544.1	CP137365.1	0.0638297872340425	[0.05, 0.15)	2.3666666666666667	0.15099360904446474	0.1438321957715998	99.92289686213992	0.15099360904446474	False	False
E3	NZ_CP133741.1	NZ_CP137422.1	0.0873015873015873	[0.05, 0.15)	2.3666666666666667	0.18592426935795248	0.10622542092521389	97.75592150835128	0.18592426935795248	False	False
E3	CP141579.1	NZ_CP137422.1	0.0873015873015873	[0.05, 0.15)	2.3666666666666667	0.18494590771818495	0.10569960673480343	97.75231467161562	0.18494590771818495	False	False
E3	NZ_CP137422.1	CP133742.1	0.0633802816901408	[0.05, 0.15)	2.3666666666666667	0.26527325906207894	0.09828557532525432	98.5368672518958	0.26527325906207894	False	False
E3	CP141579.1	NZ_CP141566.1	0.053231939163498	[0.05, 0.15)	2.3666666666666667	0.2070797813372071	0.04391457834304034	99.30771163606165	0.2070797813372071	False	False
E3	CP137376.1	NZ_CP141566.1	0.1242603550295858	[0.05, 0.15)	2.3666666666666667	0.36883227670175844	0.23134289037770184	97.19653296116756	0.36883227670175844	False	False
E3	CP133867.1	NZ_CP141566.1	0.074074074074074	[0.05, 0.15)	2.3666666666666667	0.2504581244084657	0.10091233701753746	97.98170347484151	0.2504581244084657	False	False
E3	NZ_CP141858.1	NZ_CP141566.1	0.1363636363636363	[0.05, 0.15)	2.3666666666666667	0.4073120897798297	0.2739888703800526	96.96317244691384	0.4073120897798297	False	False
E3	NZ_CP137393.1	CP141579.1	0.0602409638554216	[0.05, 0.15)	2.3666666666666667	0.18949952270557752	0.1337015940976337	96.28779226156483	0.18949952270557752	False	False
E3	CP141579.1	CP133742.1	0.053231939163498	[0.05, 0.15)	2.3666666666666667	0.2070797813372071	0.04391440035666518	99.30771163606165	0.2070797813372071	False	False
E3	CP133862.1	CP141858.1	0.0625	[0.05, 0.15)	2.3666666666666667	0.32635104338003607	0.09947142245821707	96.78957532255133	0.32635104338003607	False	False
E3	NZ_CP137393.1	CP133862.1	0.1232876712328767	[0.05, 0.15)	2.3666666666666667	0.4440201827355789	0.3222488654604546	96.91354926984907	0.4440201827355789	False	False
E3	CP133862.1	NZ_CP141858.1	0.0625	[0.05, 0.15)	2.3666666666666667	0.32635104338003607	0.09947142245821707	96.78957532255133	0.32635104338003607	False	False
E3	CP133743.1	NZ_CP141540.1	0.0661157024793388	[0.05, 0.15)	2.3666666666666667	0.199052491754759	0.18443918590295186	97.21910265437414	0.199052491754759	False	False
E3	NZ_CP133862.1	CP141858.1	0.0625	[0.05, 0.15)	2.3666666666666667	0.32635104338003607	0.09947142245821707	96.78957532255133	0.32635104338003607	False	False
E3	NZ_CP133867.1	CP133742.1	0.074074074074074	[0.05, 0.15)	2.3666666666666667	0.25049839908173743	0.10087950391115795	97.9819710330993	0.25049839908173743	False	False
E3	NZ_CP137414.1	NZ_CP137360.1	0.0524861878453038	[0.05, 0.15)	2.3666666666666667	0.43021122013332336	0.06675053824049834	99.63904242081449	0.43021122013332336	False	False
E3	NZ_CP141540.1	CP137363.1	0.110609480812641	[0.05, 0.15)	2.3666666666666667	0.32687810991806654	0.21264142156638938	98.37515777590423	0.32687810991806654	False	False
E3	CP137429.1	NZ_CP141572.1	0.12	[0.05, 0.15)	2.3666666666666667	0.6748977835162471	0.6445563376663412	93.21480033370413	0.6748977835162471	False	True
E3	CP137425.1	CP141858.1	0.0612244897959183	[0.05, 0.15)	2.3666666666666667	0.26932894347440073	0.08781499183326603	97.43643519089728	0.26932894347440073	False	False
E3	CP141544.1	CP137425.1	0.0638297872340425	[0.05, 0.15)	2.3666666666666667	0.15099360904446474	0.14382953536549276	99.92289686213992	0.15099360904446474	False	False
E3	CP137425.1	NZ_CP141858.1	0.0612244897959183	[0.05, 0.15)	2.3666666666666667	0.26932894347440073	0.08781499183326603	97.43643519089728	0.26932894347440073	False	False
E3	CP137427.1	CP141858.1	0.0558659217877094	[0.05, 0.15)	2.3666666666666667	0.42242703533026116	0.10106257948251234	96.25754480991537	0.42242703533026116	False	False
E3	CP141858.1	CP133742.1	0.1363636363636363	[0.05, 0.15)	2.3666666666666667	0.4070890867120307	0.27384995744335916	96.97944662605713	0.4070890867120307	False	False
E3	CP137402.1	NZ_CP141859.1	0.3	[0.15, 0.4)	1.68	0.5557749259624877	0.35866019571962765	97.91594589800444	0.5557749259624877	False	True
E3	NZ_CP137402.1	NZ_CP141859.1	0.3	[0.15, 0.4)	1.68	0.5557749259624877	0.35866019571962765	97.91594589800444	0.5557749259624877	False	True
E3	CP141576.1	CP138475.1	0.2329670329670329	[0.15, 0.4)	1.68	0.5257133282478427	0.35520981147374825	98.53318399349615	0.5257133282478427	False	True
E3	CP138475.1	NZ_CP141562.1	0.2110091743119266	[0.15, 0.4)	1.68	0.4858187953876057	0.44922824284037494	97.06382463448949	0.4858187953876057	False	False
E3	CP138475.1	CP141562.1	0.2110091743119266	[0.15, 0.4)	1.68	0.4858187953876057	0.44922824284037494	97.06382463448949	0.4858187953876057	False	False
E3	CP137411.1	CP138475.1	0.2825	[0.15, 0.4)	1.68	0.826596084379428	0.49356673543124935	97.00217744609282	0.826596084379428	False	True
E3	NZ_CP137411.1	CP138475.1	0.2825	[0.15, 0.4)	1.68	0.826596084379428	0.49356673543124935	97.00217744609282	0.826596084379428	False	True
E3	CP133743.1	CP138475.1	0.3375959079283887	[0.15, 0.4)	1.68	0.8502169268610507	0.5015293163687531	97.65690761179151	0.8502169268610507	False	True
E3	NZ_CP141856.1	NZ_CP141545.1	0.1741935483870967	[0.15, 0.4)	1.68	0.4282942480394123	0.38628465443186255	97.32703769655974	0.4282942480394123	False	False
E3	NZ_CP141856.1	NZ_CP141555.1	0.160377358490566	[0.15, 0.4)	1.68	0.44532846280167576	0.3333563004093544	98.0393260806181	0.44532846280167576	False	False
E3	NZ_CP141850.1	NZ_CP141856.1	0.2366071428571428	[0.15, 0.4)	1.68	0.4804054007721266	0.37948414999647717	98.59818645711513	0.4804054007721266	False	False
E3	NZ_CP141856.1	CP141555.1	0.160377358490566	[0.15, 0.4)	1.68	0.44532846280167576	0.3333563004093544	98.0393260806181	0.44532846280167576	False	False
E3	NZ_CP141856.1	NZ_CP133742.1	0.160377358490566	[0.15, 0.4)	1.68	0.44540975876776995	0.3333927775300936	98.03461172655054	0.44540975876776995	False	False
E3	NZ_CP141856.1	NZ_CP133845.1	0.17	[0.15, 0.4)	1.68	0.44540975876776995	0.3591675981556518	98.03090957899086	0.44540975876776995	False	False
E3	NZ_CP141856.1	NZ_CP141580.1	0.160377358490566	[0.15, 0.4)	1.68	0.44540975876776995	0.3333981810223238	98.03237060295405	0.44540975876776995	False	False
E3	NZ_CP141856.1	CP140290.1	0.1677018633540372	[0.15, 0.4)	1.68	0.46525681395689145	0.34857263417563333	97.71852641432643	0.46525681395689145	False	False
E3	NZ_CP141856.1	CP141548.1	0.2619926199261992	[0.15, 0.4)	1.68	0.4736302984645902	0.44696601507144357	97.34259590614535	0.4736302984645902	False	False
E3	CP133863.1	NZ_CP141856.1	0.1747967479674796	[0.15, 0.4)	1.68	0.38439324116743473	0.2712683796630011	97.51043019146685	0.38439324116743473	False	False
E3	NZ_CP141856.1	CP141566.1	0.160377358490566	[0.15, 0.4)	1.68	0.44531220360845697	0.33334143939301825	98.03673532091699	0.44531220360845697	False	False
E3	NZ_CP141856.1	NZ_CP141548.1	0.2619926199261992	[0.15, 0.4)	1.68	0.4736302984645902	0.44696601507144357	97.34259590614535	0.4736302984645902	False	False
E3	NZ_CP141856.1	CP141580.1	0.160377358490566	[0.15, 0.4)	1.68	0.44540975876776995	0.3333981810223238	98.03237060295405	0.44540975876776995	False	False
E3	NZ_CP141856.1	CP133845.1	0.17	[0.15, 0.4)	1.68	0.44540975876776995	0.3591675981556518	98.03090957899086	0.44540975876776995	False	False
E3	NZ_CP141856.1	CP141540.1	0.1748251748251748	[0.15, 0.4)	1.68	0.3581412490312231	0.30889670395450636	97.36444175777648	0.3581412490312231	False	False
E3	NZ_CP141856.1	NZ_CP140290.1	0.1677018633540372	[0.15, 0.4)	1.68	0.46525681395689145	0.34857263417563333	97.71852641432643	0.46525681395689145	False	False
E3	NZ_CP141856.1	CP133742.1	0.160377358490566	[0.15, 0.4)	1.68	0.44540975876776995	0.3333927775300936	98.03461172655054	0.44540975876776995	False	False
E3	CP137380.1	NZ_CP137375.1	0.2605790645879732	[0.15, 0.4)	1.68	1.0	0.24543782128784783	99.99530676884912	1.0	False	True
E3	CP140295.1	NZ_CP137375.1	0.3815789473684211	[0.15, 0.4)	1.68	0.7634023358840113	0.51496081484252	97.7774868067092	0.7634023358840113	False	True
E3	NZ_CP137364.1	NZ_CP137375.1	0.2605790645879732	[0.15, 0.4)	1.68	1.0	0.24543782128784783	99.9940155751648	1.0	False	True
E3	CP140291.1	NZ_CP137375.1	0.1784232365145228	[0.15, 0.4)	1.68	0.891538998753525	0.21940861290631225	98.21201794947993	0.891538998753525	False	True
E3	CP137353.1	NZ_CP137375.1	0.2542372881355932	[0.15, 0.4)	1.68	0.8955248043788305	0.25258552454182503	99.99127180771846	0.8955248043788305	False	True
E3	CP137433.1	NZ_CP137375.1	0.2605790645879732	[0.15, 0.4)	1.68	1.0	0.24543782128784783	99.99578068768771	1.0	False	True
E3	CP141576.1	NZ_CP137375.1	0.1909722222222222	[0.15, 0.4)	1.68	0.5549387315963297	0.27353283985839416	98.4414166216774	0.5549387315963297	False	True
E3	NZ_CP141562.1	NZ_CP137375.1	0.1786786786786786	[0.15, 0.4)	1.68	0.4770759744088522	0.37631885671540527	97.12377118531792	0.4770759744088522	False	False
E3	CP137364.1	NZ_CP137375.1	0.2605790645879732	[0.15, 0.4)	1.68	1.0	0.24543782128784783	99.9940155751648	1.0	False	True
E3	NZ_CP138474.1	NZ_CP137375.1	0.2605790645879732	[0.15, 0.4)	1.68	1.0	0.24543782128784783	99.99653254186231	1.0	False	True
E3	NZ_CP137428.1	NZ_CP137375.1	0.2605790645879732	[0.15, 0.4)	1.68	1.0	0.24543782128784783	99.99500345524133	1.0	False	True
E3	CP137411.1	NZ_CP137375.1	0.2292870905587668	[0.15, 0.4)	1.68	0.8801664438102461	0.3834382909878487	97.03936052442391	0.8801664438102461	False	True
E3	NZ_CP137394.1	NZ_CP137375.1	0.2583518930957684	[0.15, 0.4)	1.68	1.0	0.24543782128784783	99.99630155045628	1.0	False	True
E3	NZ_CP140291.1	NZ_CP137375.1	0.1784232365145228	[0.15, 0.4)	1.68	0.891538998753525	0.21940861290631225	98.21201794947993	0.891538998753525	False	True
E3	NZ_CP140295.1	NZ_CP137375.1	0.3815789473684211	[0.15, 0.4)	1.68	0.7634023358840113	0.51496081484252	97.7774868067092	0.7634023358840113	False	True
E3	CP137371.1	NZ_CP137375.1	0.2605790645879732	[0.15, 0.4)	1.68	1.0	0.24543782128784783	99.99720198458404	1.0	False	True
E3	NZ_CP141576.1	NZ_CP137375.1	0.1909722222222222	[0.15, 0.4)	1.68	0.5549387315963297	0.27353283985839416	98.4414166216774	0.5549387315963297	False	True
E3	NZ_CP137358.1	NZ_CP137375.1	0.2605790645879732	[0.15, 0.4)	1.68	1.0	0.24543782128784783	99.99518691414902	1.0	False	True
E3	NZ_CP133743.1	NZ_CP137375.1	0.2730844793713163	[0.15, 0.4)	1.68	0.90322385134828	0.3887724303495786	97.66105529740292	0.90322385134828	False	True
E3	CP138474.1	NZ_CP137375.1	0.2605790645879732	[0.15, 0.4)	1.68	1.0	0.24543782128784783	99.99653254186231	1.0	False	True
E3	NZ_CP137411.1	NZ_CP137375.1	0.2292870905587668	[0.15, 0.4)	1.68	0.8801664438102461	0.3834382909878487	97.03936052442391	0.8801664438102461	False	True
E3	CP137394.1	NZ_CP137375.1	0.2583518930957684	[0.15, 0.4)	1.68	1.0	0.24543782128784783	99.99630155045628	1.0	False	True
E3	CP137358.1	NZ_CP137375.1	0.2605790645879732	[0.15, 0.4)	1.68	1.0	0.24543782128784783	99.99518691414902	1.0	False	True
E3	CP133743.1	NZ_CP137375.1	0.2730844793713163	[0.15, 0.4)	1.68	0.90322385134828	0.3887724303495786	97.66105529740292	0.90322385134828	False	True
E3	CP137413.1	NZ_CP137375.1	0.2605790645879732	[0.15, 0.4)	1.68	1.0	0.24543782128784783	99.99382432887393	1.0	False	True
E3	NZ_CP137380.1	NZ_CP137375.1	0.2605790645879732	[0.15, 0.4)	1.68	1.0	0.24543782128784783	99.99530676884912	1.0	False	True
E3	NZ_CP137399.1	CP137380.1	0.391304347826087	[0.15, 0.4)	1.68	0.8134866711050717	0.7903871710817755	98.27995590443535	0.8134866711050717	False	True
E3	CP137380.1	CP137375.1	0.2605790645879732	[0.15, 0.4)	1.68	1.0	0.24543782128784783	99.99530676884912	1.0	False	True
E3	CP141576.1	CP140295.1	0.1859410430839002	[0.15, 0.4)	1.68	0.3973252670984924	0.2905839710028192	97.74958415238177	0.3973252670984924	False	False
E3	CP140295.1	NZ_CP141562.1	0.2341269841269841	[0.15, 0.4)	1.68	0.569807490938381	0.4869426734042729	96.96335157816266	0.569807490938381	False	True
E3	CP140295.1	CP137375.1	0.3815789473684211	[0.15, 0.4)	1.68	0.7634023358840113	0.51496081484252	97.7774868067092	0.7634023358840113	False	True
E3	CP133862.1	NZ_CP133858.1	0.1612903225806451	[0.15, 0.4)	1.68	0.46695467787003825	0.19768769626034827	98.77010267175574	0.46695467787003825	False	False
E3	NZ_CP133862.1	NZ_CP133858.1	0.1612903225806451	[0.15, 0.4)	1.68	0.46695467787003825	0.19768769626034827	98.77010267175574	0.46695467787003825	False	False
E3	NZ_CP137399.1	NZ_CP137364.1	0.391304347826087	[0.15, 0.4)	1.68	0.8134866711050717	0.7903978878542761	98.27888573509637	0.8134866711050717	False	True
E3	CP137399.1	NZ_CP137364.1	0.391304347826087	[0.15, 0.4)	1.68	0.8134866711050717	0.7903978878542761	98.27888573509637	0.8134866711050717	False	True
E3	NZ_CP137401.1	CP137404.1	0.1958762886597938	[0.15, 0.4)	1.68	0.4735441852545547	0.245470081724765	99.33947673343606	0.4735441852545547	False	False
E3	NZ_CP137385.1	NZ_CP137401.1	0.2068965517241379	[0.15, 0.4)	1.68	0.4829392359799552	0.4098203643793632	98.82921972291804	0.4829392359799552	False	False
E3	CP137387.1	NZ_CP137401.1	0.1551724137931034	[0.15, 0.4)	1.68	0.41231180449487237	0.32185424825472503	98.82316807722823	0.41231180449487237	False	False
E3	NZ_CP137431.1	NZ_CP137401.1	0.1551724137931034	[0.15, 0.4)	1.68	0.41299367226707395	0.3239187808615699	98.53129958132047	0.41299367226707395	False	False
E3	NZ_CP137362.1	NZ_CP137401.1	0.2068965517241379	[0.15, 0.4)	1.68	0.4829270749395649	0.4098203643793632	98.82921972291804	0.4829270749395649	False	False
E3	CP137393.1	NZ_CP137401.1	0.1551724137931034	[0.15, 0.4)	1.68	0.41298240829128596	0.3239187808615699	98.52483677938807	0.41298240829128596	False	False
E3	NZ_CP137401.1	CP137422.1	0.1958762886597938	[0.15, 0.4)	1.68	0.4735441852545547	0.24544568229868438	99.34391467817207	0.4735441852545547	False	False
E3	NZ_CP137387.1	NZ_CP137401.1	0.1551724137931034	[0.15, 0.4)	1.68	0.41231180449487237	0.32185424825472503	98.82316807722823	0.41231180449487237	False	False
E3	CP137427.1	NZ_CP137401.1	0.2068965517241379	[0.15, 0.4)	1.68	0.4829392359799552	0.4098203643793632	98.82921972291804	0.4829392359799552	False	False
E3	CP137381.1	CP137355.1	0.1861702127659574	[0.15, 0.4)	1.68	0.6013428529150636	0.19433965648147594	99.70184251314697	0.6013428529150636	False	True
E3	CP137381.1	CP133745.1	0.1586206896551724	[0.15, 0.4)	1.68	0.4828906481207458	0.22963458424276562	99.00793831367743	0.4828906481207458	False	False
E3	CP137381.1	NZ_CP137355.1	0.1861702127659574	[0.15, 0.4)	1.68	0.6013428529150636	0.19433965648147594	99.70184251314697	0.6013428529150636	False	True
E3	CP137381.1	NZ_CP133745.1	0.1586206896551724	[0.15, 0.4)	1.68	0.4828906481207458	0.22963458424276562	99.00793831367743	0.4828906481207458	False	False
E3	CP137381.1	NZ_CP141551.1	0.272	[0.15, 0.4)	1.68	0.6578869488014205	0.333348950963764	99.62101941229353	0.6578869488014205	False	True
E3	CP137381.1	CP141551.1	0.272	[0.15, 0.4)	1.68	0.6578869488014205	0.333348950963764	99.62101941229353	0.6578869488014205	False	True
E3	CP137381.1	CP137376.1	0.196629213483146	[0.15, 0.4)	1.68	0.6013243563184374	0.2100725747558761	99.70183441997787	0.6013243563184374	False	True
E3	NZ_CP137407.1	NZ_CP133853.1	0.2903225806451613	[0.15, 0.4)	1.68	0.5449573085637971	0.5114128864490032	97.89436141827586	0.5449573085637971	False	True
E3	NZ_CP137407.1	CP133853.1	0.2903225806451613	[0.15, 0.4)	1.68	0.5449573085637971	0.5114128864490032	97.89436141827586	0.5449573085637971	False	True
E3	NZ_CP141551.1	NZ_CP137407.1	0.1658536585365853	[0.15, 0.4)	1.68	0.5186708771798307	0.41516483846280816	95.15119210047389	0.5186708771798307	False	True
E3	CP141551.1	NZ_CP137407.1	0.1658536585365853	[0.15, 0.4)	1.68	0.5186708771798307	0.41516483846280816	95.15119210047389	0.5186708771798307	False	True
E3	CP133740.1	CP137368.1	0.1666666666666666	[0.15, 0.4)	1.68	0.46233467510063253	0.12968	94.52612546125462	0.46233467510063253	False	False
E3	NZ_CP133740.1	CP137368.1	0.1666666666666666	[0.15, 0.4)	1.68	0.46233467510063253	0.12968	94.52612546125462	0.46233467510063253	False	False
E3	CP141558.1	CP137382.1	0.381201044386423	[0.15, 0.4)	1.68	0.7921699555748577	0.5251470137733435	97.94207000216812	0.7921699555748577	False	True
E3	CP141558.1	CP141562.1	0.2800925925925926	[0.15, 0.4)	1.68	0.8340933561340174	0.5079931007499904	96.91576365398882	0.8340933561340174	False	True
E3	CP141558.1	CP137400.1	0.3684210526315789	[0.15, 0.4)	1.68	0.8554689974032554	0.5359143935738412	97.96160031913597	0.8554689974032554	False	True
E3	CP141558.1	NZ_CP137392.1	0.3465346534653465	[0.15, 0.4)	1.68	0.7662884648444215	0.4934510034799741	97.79542351019158	0.7662884648444215	False	True
E3	CP141558.1	NZ_CP137386.1	0.3442211055276382	[0.15, 0.4)	1.68	0.7946128860056277	0.5410287889018477	97.77684975056025	0.7946128860056277	False	True
E3	CP141558.1	NZ_CP137372.1	0.3672456575682382	[0.15, 0.4)	1.68	0.8748495788206979	0.5498578405943766	97.87587731807312	0.8748495788206979	False	True
E3	CP141558.1	CP137418.1	0.3617571059431524	[0.15, 0.4)	1.68	0.8208336726292265	0.5444345737505346	97.83530124475898	0.8208336726292265	False	True
E3	CP141558.1	CP137386.1	0.3442211055276382	[0.15, 0.4)	1.68	0.7946128860056277	0.5410287889018477	97.77684975056025	0.7946128860056277	False	True
E3	CP141558.1	CP137372.1	0.3672456575682382	[0.15, 0.4)	1.68	0.8748495788206979	0.5498578405943766	97.87587731807312	0.8748495788206979	False	True
E3	CP141558.1	NZ_CP137400.1	0.3684210526315789	[0.15, 0.4)	1.68	0.8554689974032554	0.5359143935738412	97.96160031913597	0.8554689974032554	False	True
E3	CP141558.1	NZ_CP137435.1	0.3442211055276382	[0.15, 0.4)	1.68	0.794725984636682	0.5411305767672552	97.77081713729198	0.794725984636682	False	True
E3	CP141558.1	CP137392.1	0.3465346534653465	[0.15, 0.4)	1.68	0.7662884648444215	0.4934510034799741	97.79542351019158	0.7662884648444215	False	True
E3	CP141558.1	CP137363.1	0.3967828418230563	[0.15, 0.4)	1.68	0.8724880794042869	0.5878480180435199	97.93148090090642	0.8724880794042869	False	True
E3	CP141558.1	NZ_CP137360.1	0.3465346534653465	[0.15, 0.4)	1.68	0.7661889380490938	0.49187191474154285	97.7999301096516	0.7661889380490938	False	True
E3	CP137414.1	CP137355.1	0.1861702127659574	[0.15, 0.4)	1.68	0.5964159988015879	0.1906988144844532	99.6866928043124	0.5964159988015879	False	True
E3	CP133745.1	CP137355.1	0.2690582959641255	[0.15, 0.4)	1.68	0.6333169048792509	0.43027697899790157	97.85168551511534	0.6333169048792509	False	True
E3	NZ_CP137425.1	CP137355.1	0.1861702127659574	[0.15, 0.4)	1.68	0.6013428529150636	0.19433965648147594	99.70184251314697	0.6013428529150636	False	True
E3	NZ_CP141571.1	CP137355.1	0.2428571428571428	[0.15, 0.4)	1.68	0.6826381230840829	0.4034459463498915	98.01466476179195	0.6826381230840829	False	True
E3	NZ_CP133745.1	CP137355.1	0.2690582959641255	[0.15, 0.4)	1.68	0.6333169048792509	0.43027697899790157	97.85168551511534	0.6333169048792509	False	True
E3	CP140294.1	CP137355.1	0.2654028436018957	[0.15, 0.4)	1.68	0.6852949910434608	0.427670399177373	98.13520426578017	0.6852949910434608	False	True
E3	NZ_CP137414.1	CP137355.1	0.1861702127659574	[0.15, 0.4)	1.68	0.5964159988015879	0.1906988144844532	99.6866928043124	0.5964159988015879	False	True
E3	CP137425.1	CP137355.1	0.1861702127659574	[0.15, 0.4)	1.68	0.6013428529150636	0.19433965648147594	99.70184251314697	0.6013428529150636	False	True
E3	NZ_CP141858.1	CP137355.1	0.2097378277153558	[0.15, 0.4)	1.68	0.3971323010903042	0.3937489911459984	98.03179058869918	0.3971323010903042	False	False
E3	CP137360.1	NZ_CP141562.1	0.2098540145985401	[0.15, 0.4)	1.68	0.4675908035690938	0.4434917258595132	97.09219995292894	0.4675908035690938	False	False
E3	CP137360.1	CP141562.1	0.2098540145985401	[0.15, 0.4)	1.68	0.4675908035690938	0.4434917258595132	97.09219995292894	0.4675908035690938	False	False
E3	CP137411.1	CP137360.1	0.2803970223325062	[0.15, 0.4)	1.68	0.8162083142075958	0.47514215069571764	97.04290344103481	0.8162083142075958	False	True
E3	NZ_CP141558.1	CP137360.1	0.3465346534653465	[0.15, 0.4)	1.68	0.7661889380490938	0.49187191474154285	97.7999301096516	0.7661889380490938	False	True
E3	NZ_CP141576.1	CP137360.1	0.2314410480349345	[0.15, 0.4)	1.68	0.5303696387390923	0.3492679638674287	98.54609911855846	0.5303696387390923	False	True
E3	NZ_CP133743.1	CP137360.1	0.3350253807106599	[0.15, 0.4)	1.68	0.8397317076866354	0.48290269250995854	97.71659172418765	0.8397317076866354	False	True
E3	NZ_CP137411.1	CP137360.1	0.2803970223325062	[0.15, 0.4)	1.68	0.8162083142075958	0.47514215069571764	97.04290344103481	0.8162083142075958	False	True
E3	CP133740.1	CP137421.1	0.1666666666666666	[0.15, 0.4)	1.68	0.46233467510063253	0.12968	94.52612546125462	0.46233467510063253	False	False
E3	NZ_CP133740.1	CP137421.1	0.1666666666666666	[0.15, 0.4)	1.68	0.46233467510063253	0.12968	94.52612546125462	0.46233467510063253	False	False
E3	CP137374.1	CP141857.1	0.1868131868131868	[0.15, 0.4)	1.68	0.4887685721480735	0.26566566009379217	99.23753219657944	0.4887685721480735	False	False
E3	CP137431.1	CP141857.1	0.1797752808988764	[0.15, 0.4)	1.68	0.5141555749509055	0.26225630035763486	98.61571100503846	0.5141555749509055	False	True
E3	NZ_CP137385.1	CP141857.1	0.1739130434782608	[0.15, 0.4)	1.68	0.48875626400745387	0.26566566009379217	98.80479698124871	0.48875626400745387	False	False
E3	CP137387.1	CP141857.1	0.1797752808988764	[0.15, 0.4)	1.68	0.6041075714597425	0.3038644048927791	98.68667021708715	0.6041075714597425	False	True
E3	NZ_CP137431.1	CP141857.1	0.1797752808988764	[0.15, 0.4)	1.68	0.5141555749509055	0.26225630035763486	98.61571100503846	0.5141555749509055	False	True
E3	CP137393.1	CP141857.1	0.1797752808988764	[0.15, 0.4)	1.68	0.5293331515068866	0.26565174433976707	98.79960275101745	0.5293331515068866	False	True
E3	NZ_CP137415.1	CP141857.1	0.1777777777777777	[0.15, 0.4)	1.68	0.48462571928312503	0.2616022599184537	98.64042260223826	0.48462571928312503	False	False
E3	NZ_CP138476.1	CP141857.1	0.1797752808988764	[0.15, 0.4)	1.68	0.5293748636264456	0.26566566009379217	98.80469426128167	0.5293748636264456	False	True
E3	CP137415.1	CP141857.1	0.1777777777777777	[0.15, 0.4)	1.68	0.48462571928312503	0.2616022599184537	98.64042260223826	0.48462571928312503	False	False
E3	CP137357.1	CP141857.1	0.1797752808988764	[0.15, 0.4)	1.68	0.5293748636264456	0.26566566009379217	98.79979708427776	0.5293748636264456	False	True
E3	NZ_CP137387.1	CP141857.1	0.1797752808988764	[0.15, 0.4)	1.68	0.6041075714597425	0.3038644048927791	98.68667021708715	0.6041075714597425	False	True
E3	CP137427.1	CP141857.1	0.1739130434782608	[0.15, 0.4)	1.68	0.4490443453954824	0.2480622312520004	98.41325707877766	0.4490443453954824	False	False
E3	CP141576.1	NZ_CP137424.1	0.2318181818181818	[0.15, 0.4)	1.68	0.5331740075576857	0.36788550452460456	98.25539432009785	0.5331740075576857	False	True
E3	NZ_CP137424.1	NZ_CP141562.1	0.2232824427480916	[0.15, 0.4)	1.68	0.5318305091968333	0.4824129741167913	96.98105992517907	0.5318305091968333	False	True
E3	NZ_CP137424.1	CP141562.1	0.2232824427480916	[0.15, 0.4)	1.68	0.5318305091968333	0.4824129741167913	96.98105992517907	0.5318305091968333	False	True
E3	NZ_CP141576.1	NZ_CP137424.1	0.2318181818181818	[0.15, 0.4)	1.68	0.5331740075576857	0.36788550452460456	98.25539432009785	0.5331740075576857	False	True
E3	NZ_CP137411.1	NZ_CP137424.1	0.320855614973262	[0.15, 0.4)	1.68	0.8815085716566547	0.5371236725239471	97.06871066523487	0.8815085716566547	False	True
E3	CP141856.1	NZ_CP141545.1	0.1741935483870967	[0.15, 0.4)	1.68	0.4282942480394123	0.38628465443186255	97.32703769655974	0.4282942480394123	False	False
E3	NZ_CP141545.1	NZ_CP141555.1	0.3446153846153846	[0.15, 0.4)	1.68	0.5940306520890277	0.49329631581080535	99.26057047481402	0.5940306520890277	False	True
E3	NZ_CP141850.1	NZ_CP141545.1	0.2147887323943662	[0.15, 0.4)	1.68	0.4994479911678587	0.3557887543928153	97.66442736917129	0.4994479911678587	False	False
E3	NZ_CP141545.1	CP141555.1	0.3446153846153846	[0.15, 0.4)	1.68	0.5940306520890277	0.49329631581080535	99.26057047481402	0.5940306520890277	False	True
E3	NZ_CP141545.1	NZ_CP133845.1	0.3648208469055374	[0.15, 0.4)	1.68	0.5939964857477548	0.5314595850216571	99.25677620115127	0.5939964857477548	False	True
E3	NZ_CP141545.1	NZ_CP141580.1	0.3446153846153846	[0.15, 0.4)	1.68	0.5940452948067161	0.49334500591735164	99.25595707188897	0.5940452948067161	False	True
E3	CP141548.1	NZ_CP141545.1	0.1747851002865329	[0.15, 0.4)	1.68	0.3705958489581468	0.3541097227645451	96.67366290324803	0.3705958489581468	False	False
E3	NZ_CP141545.1	CP141566.1	0.3446153846153846	[0.15, 0.4)	1.68	0.5925761421319797	0.49786202675810304	99.19015679141948	0.5925761421319797	False	True
E3	NZ_CP141545.1	CP141580.1	0.3446153846153846	[0.15, 0.4)	1.68	0.5940452948067161	0.49334500591735164	99.25595707188897	0.5940452948067161	False	True
E3	NZ_CP141545.1	CP133845.1	0.3648208469055374	[0.15, 0.4)	1.68	0.5939964857477548	0.5314595850216571	99.25677620115127	0.5939964857477548	False	True
E3	NZ_CP141545.1	NZ_CP141566.1	0.3446153846153846	[0.15, 0.4)	1.68	0.5925761421319797	0.49786202675810304	99.19015679141948	0.5925761421319797	False	True
E3	NZ_CP141545.1	CP133742.1	0.3446153846153846	[0.15, 0.4)	1.68	0.5940452948067161	0.4933408989583756	99.25734509742739	0.5940452948067161	False	True
E3	CP133740.1	NZ_CP138473.1	0.1666666666666666	[0.15, 0.4)	1.68	0.46233467510063253	0.19450443964482841	94.52612546125462	0.46233467510063253	False	False
E3	CP137407.1	NZ_CP133853.1	0.2903225806451613	[0.15, 0.4)	1.68	0.5449573085637971	0.5114128864490032	97.89436141827586	0.5449573085637971	False	True
E3	NZ_CP141551.1	NZ_CP133853.1	0.1895734597156398	[0.15, 0.4)	1.68	0.5373089573357572	0.4036264719769417	95.64326254826256	0.5373089573357572	False	True
E3	CP141551.1	NZ_CP133853.1	0.1895734597156398	[0.15, 0.4)	1.68	0.5373089573357572	0.4036264719769417	95.64326254826256	0.5373089573357572	False	True
E3	CP141856.1	NZ_CP141555.1	0.160377358490566	[0.15, 0.4)	1.68	0.44532846280167576	0.3333563004093544	98.0393260806181	0.44532846280167576	False	False
E3	CP141856.1	CP141555.1	0.160377358490566	[0.15, 0.4)	1.68	0.44532846280167576	0.3333563004093544	98.0393260806181	0.44532846280167576	False	False
E3	CP141856.1	NZ_CP133742.1	0.160377358490566	[0.15, 0.4)	1.68	0.44540975876776995	0.3333927775300936	98.03461172655054	0.44540975876776995	False	False
E3	CP141856.1	NZ_CP133845.1	0.17	[0.15, 0.4)	1.68	0.44540975876776995	0.3591675981556518	98.03090957899086	0.44540975876776995	False	False
E3	CP141856.1	NZ_CP141580.1	0.160377358490566	[0.15, 0.4)	1.68	0.44540975876776995	0.3333981810223238	98.03237060295405	0.44540975876776995	False	False
E3	CP141856.1	CP140290.1	0.1677018633540372	[0.15, 0.4)	1.68	0.46525681395689145	0.34857263417563333	97.71852641432643	0.46525681395689145	False	False
E3	CP133863.1	CP141856.1	0.1747967479674796	[0.15, 0.4)	1.68	0.38439324116743473	0.2712683796630011	97.51043019146685	0.38439324116743473	False	False
E3	CP141856.1	NZ_CP141548.1	0.2619926199261992	[0.15, 0.4)	1.68	0.4736302984645902	0.44696601507144357	97.34259590614535	0.4736302984645902	False	False
E3	CP141856.1	CP133845.1	0.17	[0.15, 0.4)	1.68	0.44540975876776995	0.3591675981556518	98.03090957899086	0.44540975876776995	False	False
E3	CP141856.1	CP133742.1	0.160377358490566	[0.15, 0.4)	1.68	0.44540975876776995	0.3333927775300936	98.03461172655054	0.44540975876776995	False	False
E3	NZ_CP137399.1	CP137353.1	0.3368983957219251	[0.15, 0.4)	1.68	0.8134866711050717	0.6877924681031492	98.27799991035813	0.8134866711050717	False	True
E3	NZ_CP137399.1	CP137433.1	0.391304347826087	[0.15, 0.4)	1.68	0.813495791115286	0.7903605918313104	98.27887862793878	0.813495791115286	False	True
E3	NZ_CP137399.1	CP137364.1	0.391304347826087	[0.15, 0.4)	1.68	0.8134866711050717	0.7903978878542761	98.27888573509637	0.8134866711050717	False	True
E3	NZ_CP137399.1	NZ_CP138474.1	0.391304347826087	[0.15, 0.4)	1.68	0.8134866711050717	0.7903941737766792	98.27973981935946	0.8134866711050717	False	True
E3	NZ_CP137399.1	CP137428.1	0.391304347826087	[0.15, 0.4)	1.68	0.8134866711050717	0.7903908852505493	98.27862972882117	0.8134866711050717	False	True
E3	NZ_CP137399.1	NZ_CP137428.1	0.391304347826087	[0.15, 0.4)	1.68	0.8134866711050717	0.7903908852505493	98.27862972882117	0.8134866711050717	False	True
E3	NZ_CP137399.1	NZ_CP137394.1	0.39375	[0.15, 0.4)	1.68	0.8134866711050717	0.7903941737766792	98.28107009345796	0.8134866711050717	False	True
E3	NZ_CP137399.1	NZ_CP137433.1	0.391304347826087	[0.15, 0.4)	1.68	0.813495791115286	0.7903605918313104	98.27887862793878	0.813495791115286	False	True
E3	NZ_CP137399.1	NZ_CP137353.1	0.3368983957219251	[0.15, 0.4)	1.68	0.8134866711050717	0.6877924681031492	98.27799991035813	0.8134866711050717	False	True
E3	NZ_CP137399.1	NZ_CP137358.1	0.391304347826087	[0.15, 0.4)	1.68	0.813495791115286	0.7903568770599284	98.27985889261183	0.813495791115286	False	True
E3	NZ_CP137399.1	CP138474.1	0.391304347826087	[0.15, 0.4)	1.68	0.8134866711050717	0.7903941737766792	98.27973981935946	0.8134866711050717	False	True
E3	NZ_CP137399.1	CP137358.1	0.391304347826087	[0.15, 0.4)	1.68	0.813495791115286	0.7903568770599284	98.27985889261183	0.813495791115286	False	True
E3	NZ_CP137399.1	NZ_CP137380.1	0.391304347826087	[0.15, 0.4)	1.68	0.8134866711050717	0.7903871710817755	98.27995590443535	0.8134866711050717	False	True
E3	NZ_CP137399.1	NZ_CP137389.1	0.391304347826087	[0.15, 0.4)	1.68	0.8134775510948572	0.7903834567813729	98.28325830382356	0.8134775510948572	False	True
E3	NZ_CP137399.1	NZ_CP137413.1	0.391304347826087	[0.15, 0.4)	1.68	0.8134866711050717	0.7903941737766792	98.27857233465564	0.8134866711050717	False	True
E3	CP138476.1	NZ_CP137404.1	0.1530612244897959	[0.15, 0.4)	1.68	0.5769965088370064	0.23429591814377423	96.90237814151907	0.5769965088370064	False	True
E3	CP137431.1	NZ_CP137404.1	0.1530612244897959	[0.15, 0.4)	1.68	0.5770510582587824	0.23431782826844286	96.89809509458458	0.5770510582587824	False	True
E3	CP137401.1	NZ_CP137404.1	0.1958762886597938	[0.15, 0.4)	1.68	0.4735441852545547	0.245470081724765	99.33947673343606	0.4735441852545547	False	False
E3	CP137387.1	NZ_CP137404.1	0.1530612244897959	[0.15, 0.4)	1.68	0.5763691904865809	0.2316776582458754	97.08940984690986	0.5763691904865809	False	True
E3	NZ_CP137431.1	NZ_CP137404.1	0.1530612244897959	[0.15, 0.4)	1.68	0.5770510582587824	0.23431782826844286	96.89809509458458	0.5770510582587824	False	True
E3	CP137393.1	NZ_CP137404.1	0.1530612244897959	[0.15, 0.4)	1.68	0.5770353197872631	0.23431782826844286	96.89344306379822	0.5770353197872631	False	True
E3	NZ_CP137415.1	NZ_CP137404.1	0.1515151515151515	[0.15, 0.4)	1.68	0.4389718370554387	0.18989505050283736	96.88076788699915	0.4389718370554387	False	False
E3	NZ_CP138476.1	NZ_CP137404.1	0.1530612244897959	[0.15, 0.4)	1.68	0.5769965088370064	0.23429591814377423	96.90237814151907	0.5769965088370064	False	True
E3	CP137415.1	NZ_CP137404.1	0.1515151515151515	[0.15, 0.4)	1.68	0.4389718370554387	0.18989505050283736	96.88076788699915	0.4389718370554387	False	False
E3	NZ_CP137357.1	NZ_CP137404.1	0.1530612244897959	[0.15, 0.4)	1.68	0.5769146847043422	0.23431782826844286	96.89737049575662	0.5769146847043422	False	True
E3	NZ_CP137387.1	NZ_CP137404.1	0.1530612244897959	[0.15, 0.4)	1.68	0.5763691904865809	0.2316776582458754	97.08940984690986	0.5763691904865809	False	True
E3	NZ_CP137404.1	NZ_CP133867.1	0.1854304635761589	[0.15, 0.4)	1.68	0.2829035297210841	0.2606174107412554	96.54951351351353	0.2829035297210841	False	False
E3	CP137362.1	NZ_CP133867.1	0.1565217391304348	[0.15, 0.4)	1.68	0.49745668815471394	0.20127267967538615	98.50397478949975	0.49745668815471394	False	False
E3	CP137362.1	CP133867.1	0.1565217391304348	[0.15, 0.4)	1.68	0.49745668815471394	0.20127267967538615	98.50397478949975	0.49745668815471394	False	False
E3	CP141576.1	NZ_CP137418.1	0.2488584474885844	[0.15, 0.4)	1.68	0.5571875179131263	0.3777544470467183	98.42157530899345	0.5571875179131263	False	True
E3	NZ_CP137418.1	NZ_CP141562.1	0.2165725047080979	[0.15, 0.4)	1.68	0.49023848194709907	0.45181821688552865	97.07578085340565	0.49023848194709907	False	False
E3	NZ_CP137418.1	CP141562.1	0.2165725047080979	[0.15, 0.4)	1.68	0.49023848194709907	0.45181821688552865	97.07578085340565	0.49023848194709907	False	False
E3	CP137411.1	NZ_CP137418.1	0.2927461139896373	[0.15, 0.4)	1.68	0.8340351647474404	0.49975622377162204	96.9420899549598	0.8340351647474404	False	True
E3	NZ_CP141576.1	NZ_CP137418.1	0.2488584474885844	[0.15, 0.4)	1.68	0.5571875179131263	0.3777544470467183	98.42157530899345	0.5571875179131263	False	True
E3	NZ_CP133743.1	NZ_CP137418.1	0.3501326259946949	[0.15, 0.4)	1.68	0.8557625774648598	0.5065670025693715	97.71802928520059	0.8557625774648598	False	True
E3	NZ_CP137411.1	NZ_CP137418.1	0.2927461139896373	[0.15, 0.4)	1.68	0.8340351647474404	0.49975622377162204	96.9420899549598	0.8340351647474404	False	True
E3	CP133743.1	NZ_CP137418.1	0.3501326259946949	[0.15, 0.4)	1.68	0.8557625774648598	0.5065670025693715	97.71802928520059	0.8557625774648598	False	True
E3	NZ_CP133851.1	NZ_CP141849.1	0.2051282051282051	[0.15, 0.4)	1.68	0.6018124713734214	0.2992251268914382	98.72810715989188	0.6018124713734214	False	True
E3	CP133740.1	CP137361.1	0.1666666666666666	[0.15, 0.4)	1.68	0.4370327774583094	0.36789056875449966	94.40807412223668	0.4370327774583094	False	False
E3	NZ_CP133740.1	CP137361.1	0.1666666666666666	[0.15, 0.4)	1.68	0.4370327774583094	0.36789056875449966	94.40807412223668	0.4370327774583094	False	False
E3	CP138476.1	CP137404.1	0.1530612244897959	[0.15, 0.4)	1.68	0.5769965088370064	0.23429591814377423	96.90237814151907	0.5769965088370064	False	True
E3	CP138476.1	CP137422.1	0.1530612244897959	[0.15, 0.4)	1.68	0.5769965088370064	0.23428308521476224	96.90237814151907	0.5769965088370064	False	True
E3	CP138476.1	CP133867.1	0.1504424778761062	[0.15, 0.4)	1.68	0.5063550076369191	0.18929096437705148	98.42097868421051	0.5063550076369191	False	True
E3	CP140291.1	CP137375.1	0.1784232365145228	[0.15, 0.4)	1.68	0.891538998753525	0.21940861290631225	98.21201794947993	0.891538998753525	False	True
E3	NZ_CP133740.1	NZ_CP137397.1	0.1666666666666666	[0.15, 0.4)	1.68	0.4470960322024152	0.3190233977619532	94.27827272727272	0.4470960322024152	False	False
E3	CP137399.1	CP137353.1	0.3368983957219251	[0.15, 0.4)	1.68	0.8134866711050717	0.6877924681031492	98.27799991035813	0.8134866711050717	False	True
E3	CP137431.1	CP137404.1	0.1530612244897959	[0.15, 0.4)	1.68	0.5770510582587824	0.23431782826844286	96.89809509458458	0.5770510582587824	False	True
E3	CP137401.1	CP137404.1	0.1958762886597938	[0.15, 0.4)	1.68	0.4735441852545547	0.245470081724765	99.33947673343606	0.4735441852545547	False	False
E3	CP137387.1	CP137404.1	0.1530612244897959	[0.15, 0.4)	1.68	0.5763691904865809	0.2316776582458754	97.08940984690986	0.5763691904865809	False	True
E3	NZ_CP137431.1	CP137404.1	0.1530612244897959	[0.15, 0.4)	1.68	0.5770510582587824	0.23431782826844286	96.89809509458458	0.5770510582587824	False	True
E3	CP137393.1	CP137404.1	0.1530612244897959	[0.15, 0.4)	1.68	0.5770353197872631	0.23431782826844286	96.89344306379822	0.5770353197872631	False	True
E3	NZ_CP138476.1	CP137404.1	0.1530612244897959	[0.15, 0.4)	1.68	0.5769965088370064	0.23429591814377423	96.90237814151907	0.5769965088370064	False	True
E3	CP137357.1	CP137404.1	0.1530612244897959	[0.15, 0.4)	1.68	0.5769146847043422	0.23431782826844286	96.89737049575662	0.5769146847043422	False	True
E3	CP137404.1	NZ_CP133867.1	0.1854304635761589	[0.15, 0.4)	1.68	0.2829035297210841	0.2606174107412554	96.54951351351353	0.2829035297210841	False	False
E3	CP137404.1	CP133867.1	0.1854304635761589	[0.15, 0.4)	1.68	0.2829035297210841	0.2606174107412554	96.54951351351353	0.2829035297210841	False	False
E3	NZ_CP137393.1	CP137404.1	0.1530612244897959	[0.15, 0.4)	1.68	0.5770353197872631	0.23431782826844286	96.89344306379822	0.5770353197872631	False	True
E3	CP137399.1	CP137433.1	0.391304347826087	[0.15, 0.4)	1.68	0.813495791115286	0.7903605918313104	98.27887862793878	0.813495791115286	False	True
E3	CP137433.1	CP137375.1	0.2605790645879732	[0.15, 0.4)	1.68	1.0	0.24543782128784783	99.99578068768771	1.0	False	True
E3	CP141576.1	NZ_CP137382.1	0.2534246575342466	[0.15, 0.4)	1.68	0.5569714580513164	0.37919041812579213	98.32826676741223	0.5569714580513164	False	True
E3	CP141576.1	NZ_CP137392.1	0.2314410480349345	[0.15, 0.4)	1.68	0.5257133282478427	0.3472979195933618	98.53341918154923	0.5257133282478427	False	True
E3	CP141576.1	NZ_CP137352.1	0.2401746724890829	[0.15, 0.4)	1.68	0.5642645807336335	0.36628980586276694	98.31690775046076	0.5642645807336335	False	True
E3	CP141576.1	CP137424.1	0.2318181818181818	[0.15, 0.4)	1.68	0.5331740075576857	0.36788550452460456	98.25539432009785	0.5331740075576857	False	True
E3	CP141576.1	NZ_CP137372.1	0.2386117136659436	[0.15, 0.4)	1.68	0.5514905925772414	0.35455377820864975	98.4317616034261	0.5514905925772414	False	True
E3	CP141576.1	CP137386.1	0.2360801781737193	[0.15, 0.4)	1.68	0.5257133282478427	0.36569885212694125	98.5347455286052	0.5257133282478427	False	True
E3	CP141576.1	NZ_CP140295.1	0.1859410430839002	[0.15, 0.4)	1.68	0.3973252670984924	0.2905839710028192	97.74958415238177	0.3973252670984924	False	False
E3	CP141576.1	CP137372.1	0.2386117136659436	[0.15, 0.4)	1.68	0.5514905925772414	0.35455377820864975	98.4317616034261	0.5514905925772414	False	True
E3	CP141576.1	NZ_CP137400.1	0.252212389380531	[0.15, 0.4)	1.68	0.5770782533544396	0.37132638869177714	98.3979641976157	0.5770782533544396	False	True
E3	CP141576.1	NZ_CP133748.1	0.185614849187935	[0.15, 0.4)	1.68	0.4224367143027219	0.3069639114802638	98.25125791817455	0.4224367143027219	False	False
E3	CP141576.1	NZ_CP137363.1	0.2323462414578587	[0.15, 0.4)	1.68	0.5331740075576857	0.367892396336508	98.25263911365307	0.5331740075576857	False	True
E3	CP141576.1	CP137392.1	0.2314410480349345	[0.15, 0.4)	1.68	0.5257133282478427	0.3472979195933618	98.53341918154923	0.5257133282478427	False	True
E3	CP141576.1	CP137363.1	0.2323462414578587	[0.15, 0.4)	1.68	0.5331740075576857	0.367892396336508	98.25263911365307	0.5331740075576857	False	True
E3	CP141576.1	NZ_CP137360.1	0.2314410480349345	[0.15, 0.4)	1.68	0.5303696387390923	0.3492679638674287	98.54609911855846	0.5303696387390923	False	True
E3	CP141576.1	CP133748.1	0.185614849187935	[0.15, 0.4)	1.68	0.4224367143027219	0.3069639114802638	98.25125791817455	0.4224367143027219	False	False
E3	CP137382.1	NZ_CP141562.1	0.2226415094339622	[0.15, 0.4)	1.68	0.5253542446285162	0.48276840672511556	97.04210523469918	0.5253542446285162	False	True
E3	CP137411.1	CP137382.1	0.3115183246073298	[0.15, 0.4)	1.68	0.8818228989961483	0.5305770628480126	97.0312474008363	0.8818228989961483	False	True
E3	NZ_CP141558.1	CP137382.1	0.381201044386423	[0.15, 0.4)	1.68	0.7921699555748577	0.5251470137733435	97.94207000216812	0.7921699555748577	False	True
E3	NZ_CP141576.1	CP137382.1	0.2534246575342466	[0.15, 0.4)	1.68	0.5569714580513164	0.37919041812579213	98.32826676741223	0.5569714580513164	False	True
E3	CP133851.1	CP141849.1	0.2051282051282051	[0.15, 0.4)	1.68	0.6018124713734214	0.2992251268914382	98.72810715989188	0.6018124713734214	False	True
E3	CP137374.1	CP137401.1	0.2068965517241379	[0.15, 0.4)	1.68	0.48292621505917904	0.4097990805380555	98.82408992842535	0.48292621505917904	False	False
E3	CP137374.1	NZ_CP141857.1	0.1868131868131868	[0.15, 0.4)	1.68	0.4887685721480735	0.26566566009379217	99.23753219657944	0.4887685721480735	False	False
E3	CP137374.1	NZ_CP133867.1	0.1565217391304348	[0.15, 0.4)	1.68	0.4974565600604382	0.20126261100706822	98.49898850859378	0.4974565600604382	False	False
E3	CP137374.1	CP133867.1	0.1565217391304348	[0.15, 0.4)	1.68	0.4974565600604382	0.20126261100706822	98.49898850859378	0.4974565600604382	False	False
E3	CP137431.1	CP137401.1	0.1551724137931034	[0.15, 0.4)	1.68	0.41299367226707395	0.3239187808615699	98.53129958132047	0.41299367226707395	False	False
E3	CP137431.1	NZ_CP141857.1	0.1797752808988764	[0.15, 0.4)	1.68	0.5141555749509055	0.26225630035763486	98.61571100503846	0.5141555749509055	False	True
E3	CP137431.1	CP133867.1	0.1504424778761062	[0.15, 0.4)	1.68	0.5115099279947632	0.19127449203568336	98.43196952648849	0.5115099279947632	False	True
E3	CP141571.1	NZ_CP141555.1	0.1722846441947565	[0.15, 0.4)	1.68	0.644517062412108	0.2583958172901552	96.69496715351343	0.644517062412108	False	True
E3	CP141571.1	CP133745.1	0.1704545454545454	[0.15, 0.4)	1.68	0.44493793187175623	0.3872509329014997	96.45535465644005	0.44493793187175623	False	False
E3	CP141571.1	CP141555.1	0.1722846441947565	[0.15, 0.4)	1.68	0.644517062412108	0.2583958172901552	96.69496715351343	0.644517062412108	False	True
E3	CP141571.1	NZ_CP141580.1	0.1722846441947565	[0.15, 0.4)	1.68	0.6445777647380189	0.25842209360763907	96.69221371378428	0.6445777647380189	False	True
E3	CP141571.1	CP140290.1	0.2403100775193798	[0.15, 0.4)	1.68	0.728083931082626	0.2913725108330493	98.37088422158047	0.728083931082626	False	True
E3	CP141571.1	NZ_CP137355.1	0.2428571428571428	[0.15, 0.4)	1.68	0.6826381230840829	0.4034459463498915	98.01466476179195	0.6826381230840829	False	True
E3	CP141571.1	CP141566.1	0.1722846441947565	[0.15, 0.4)	1.68	0.644517062412108	0.2583928115462714	96.69647505915906	0.644517062412108	False	True
E3	CP141571.1	NZ_CP140290.1	0.2403100775193798	[0.15, 0.4)	1.68	0.728083931082626	0.2913725108330493	98.37088422158047	0.728083931082626	False	True
E3	CP141571.1	NZ_CP141566.1	0.1722846441947565	[0.15, 0.4)	1.68	0.644517062412108	0.2583928115462714	96.69647505915906	0.644517062412108	False	True
E3	CP141571.1	CP137376.1	0.255	[0.15, 0.4)	1.68	0.6824863672693059	0.4360301673161558	98.01858815341329	0.6824863672693059	False	True
E3	CP141571.1	NZ_CP141858.1	0.1549295774647887	[0.15, 0.4)	1.68	0.40208208977874005	0.23950529481608274	96.55840836012864	0.40208208977874005	False	False
E3	CP141850.1	NZ_CP141555.1	0.2027491408934708	[0.15, 0.4)	1.68	0.535716000027429	0.3168362177278807	97.75428089528582	0.535716000027429	False	True
E3	CP141850.1	NZ_CP133742.1	0.2027491408934708	[0.15, 0.4)	1.68	0.5356199984914044	0.3167713695132331	97.75979667322987	0.5356199984914044	False	True
E3	CP141850.1	NZ_CP133845.1	0.2161172161172161	[0.15, 0.4)	1.68	0.5356199984914044	0.34126117786782173	97.75858116194033	0.5356199984914044	False	True
E3	CP141850.1	NZ_CP141580.1	0.2027491408934708	[0.15, 0.4)	1.68	0.5356199984914044	0.3167769077379505	97.7573500818247	0.5356199984914044	False	True
E3	CP141850.1	CP140290.1	0.2101694915254237	[0.15, 0.4)	1.68	0.540186928705145	0.31977376373403443	97.67108512526625	0.540186928705145	False	True
E3	CP141850.1	NZ_CP141548.1	0.1702898550724637	[0.15, 0.4)	1.68	0.4649697252298894	0.34643344980533997	95.41185245153599	0.4649697252298894	False	False
E3	CP141850.1	CP141580.1	0.2027491408934708	[0.15, 0.4)	1.68	0.5356199984914044	0.3167769077379505	97.7573500818247	0.5356199984914044	False	True
E3	CP141850.1	CP133845.1	0.2161172161172161	[0.15, 0.4)	1.68	0.5356199984914044	0.34126117786782173	97.75858116194033	0.5356199984914044	False	True
E3	CP141850.1	CP141540.1	0.1527272727272727	[0.15, 0.4)	1.68	0.41722953281538216	0.2845458116652325	96.82468580571052	0.41722953281538216	False	False
E3	CP141850.1	NZ_CP140290.1	0.2101694915254237	[0.15, 0.4)	1.68	0.540186928705145	0.31977376373403443	97.67108512526625	0.540186928705145	False	True
E3	CP141850.1	NZ_CP141566.1	0.2027491408934708	[0.15, 0.4)	1.68	0.535716000027429	0.3168375018745263	97.75007863789753	0.535716000027429	False	True
E3	CP141850.1	CP133742.1	0.2027491408934708	[0.15, 0.4)	1.68	0.5356199984914044	0.3167713695132331	97.75979667322987	0.5356199984914044	False	True
E3	NZ_CP137382.1	NZ_CP141562.1	0.2226415094339622	[0.15, 0.4)	1.68	0.5253542446285162	0.48276840672511556	97.04210523469918	0.5253542446285162	False	True
E3	CP137400.1	NZ_CP141562.1	0.2157221206581352	[0.15, 0.4)	1.68	0.4964974028554398	0.482743609101279	97.04662008514902	0.4964974028554398	False	False
E3	NZ_CP137392.1	NZ_CP141562.1	0.2098540145985401	[0.15, 0.4)	1.68	0.46901832086876943	0.4434917258595132	97.09196597046726	0.46901832086876943	False	False
E3	CP137411.1	NZ_CP141562.1	0.3888888888888889	[0.15, 0.4)	1.68	0.9280489751930868	0.5129278278934694	98.06026935293487	0.9280489751930868	False	True
E3	NZ_CP137386.1	NZ_CP141562.1	0.2111111111111111	[0.15, 0.4)	1.68	0.4861641397090418	0.4365511464768087	97.1324016499698	0.4861641397090418	False	False
E3	CP137418.1	NZ_CP141562.1	0.2165725047080979	[0.15, 0.4)	1.68	0.49023848194709907	0.45181821688552865	97.07578085340565	0.49023848194709907	False	False
E3	NZ_CP141558.1	NZ_CP141562.1	0.2800925925925926	[0.15, 0.4)	1.68	0.8340933561340174	0.5079931007499904	96.91576365398882	0.8340933561340174	False	True
E3	CP137386.1	NZ_CP141562.1	0.2111111111111111	[0.15, 0.4)	1.68	0.4861641397090418	0.4365511464768087	97.1324016499698	0.4861641397090418	False	False
E3	CP137372.1	NZ_CP141562.1	0.213768115942029	[0.15, 0.4)	1.68	0.4917383133062904	0.4780844111115397	97.05049315942199	0.4917383133062904	False	False
E3	NZ_CP137400.1	NZ_CP141562.1	0.2157221206581352	[0.15, 0.4)	1.68	0.4964974028554398	0.482743609101279	97.04662008514902	0.4964974028554398	False	False
E3	NZ_CP137435.1	NZ_CP141562.1	0.2111111111111111	[0.15, 0.4)	1.68	0.48617624671593784	0.4365511464768087	97.13116026278365	0.48617624671593784	False	False
E3	NZ_CP133743.1	NZ_CP141562.1	0.2953995157384987	[0.15, 0.4)	1.68	0.8782482208966984	0.4791424430619004	97.01808651246102	0.8782482208966984	False	True
E3	CP137352.1	NZ_CP141562.1	0.2171532846715328	[0.15, 0.4)	1.68	0.4966517697379534	0.4780844111115397	97.05126838391618	0.4966517697379534	False	False
E3	NZ_CP138475.1	NZ_CP141562.1	0.2110091743119266	[0.15, 0.4)	1.68	0.4858187953876057	0.44922824284037494	97.06382463448949	0.4858187953876057	False	False
E3	CP133743.1	NZ_CP141562.1	0.2953995157384987	[0.15, 0.4)	1.68	0.8782482208966984	0.4791424430619004	97.01808651246102	0.8782482208966984	False	True
E3	CP137363.1	NZ_CP141562.1	0.2237093690248566	[0.15, 0.4)	1.68	0.5318303154267834	0.4824129741167913	96.98040559328896	0.5318303154267834	False	True
E3	NZ_CP137360.1	NZ_CP141562.1	0.2098540145985401	[0.15, 0.4)	1.68	0.4675908035690938	0.4434917258595132	97.09219995292894	0.4675908035690938	False	False
E3	NZ_CP141562.1	CP137375.1	0.1786786786786786	[0.15, 0.4)	1.68	0.4770759744088522	0.37631885671540527	97.12377118531792	0.4770759744088522	False	False
E3	CP137411.1	NZ_CP137382.1	0.3115183246073298	[0.15, 0.4)	1.68	0.8818228989961483	0.5305770628480126	97.0312474008363	0.8818228989961483	False	True
E3	NZ_CP141558.1	NZ_CP137382.1	0.381201044386423	[0.15, 0.4)	1.68	0.7921699555748577	0.5251470137733435	97.94207000216812	0.7921699555748577	False	True
E3	NZ_CP133743.1	NZ_CP137382.1	0.3699731903485255	[0.15, 0.4)	1.68	0.9022137146262746	0.5363014398039416	97.77106493731615	0.9022137146262746	False	True
E3	NZ_CP137411.1	NZ_CP137382.1	0.3115183246073298	[0.15, 0.4)	1.68	0.8818228989961483	0.5305770628480126	97.0312474008363	0.8818228989961483	False	True
E3	NZ_CP137385.1	CP137401.1	0.2068965517241379	[0.15, 0.4)	1.68	0.4829392359799552	0.4098203643793632	98.82921972291804	0.4829392359799552	False	False
E3	NZ_CP137385.1	NZ_CP133867.1	0.1565217391304348	[0.15, 0.4)	1.68	0.49746921507894537	0.20127267967538615	98.50397478949975	0.49746921507894537	False	False
E3	NZ_CP137385.1	CP133867.1	0.1565217391304348	[0.15, 0.4)	1.68	0.49746921507894537	0.20127267967538615	98.50397478949975	0.49746921507894537	False	False
E3	CP137364.1	CP137375.1	0.2605790645879732	[0.15, 0.4)	1.68	1.0	0.24543782128784783	99.9940155751648	1.0	False	True
E3	CP137399.1	NZ_CP137371.1	0.391304347826087	[0.15, 0.4)	1.68	0.8134866711050717	0.7903941737766792	98.28102221026919	0.8134866711050717	False	True
E3	NZ_CP138474.1	CP137375.1	0.2605790645879732	[0.15, 0.4)	1.68	1.0	0.24543782128784783	99.99653254186231	1.0	False	True
E3	CP137399.1	NZ_CP137428.1	0.391304347826087	[0.15, 0.4)	1.68	0.8134866711050717	0.7903908852505493	98.27862972882117	0.8134866711050717	False	True
E3	NZ_CP140294.1	NZ_CP141555.1	0.1684981684981685	[0.15, 0.4)	1.68	0.6050405678541665	0.2561788189518907	97.01753568435203	0.6050405678541665	False	True
E3	NZ_CP140294.1	NZ_CP133742.1	0.1684981684981685	[0.15, 0.4)	1.68	0.6051267805312617	0.2562112430592145	97.01635441076485	0.6051267805312617	False	True
E3	NZ_CP140294.1	NZ_CP133845.1	0.1803921568627451	[0.15, 0.4)	1.68	0.6051267805312617	0.2760234735224256	97.01180585026486	0.6051267805312617	False	True
E3	NZ_CP140294.1	CP141566.1	0.1684981684981685	[0.15, 0.4)	1.68	0.6050405678541665	0.2561758042224465	97.01909578707658	0.6050405678541665	False	True
E3	NZ_CP140294.1	NZ_CP133745.1	0.1712707182320442	[0.15, 0.4)	1.68	0.41258513501863153	0.3791716538759417	96.52540915096307	0.41258513501863153	False	False
E3	NZ_CP140294.1	CP133845.1	0.1803921568627451	[0.15, 0.4)	1.68	0.6051267805312617	0.2760234735224256	97.01180585026486	0.6051267805312617	False	True
E3	NZ_CP140294.1	NZ_CP141566.1	0.1684981684981685	[0.15, 0.4)	1.68	0.6050405678541665	0.2561758042224465	97.01909578707658	0.6050405678541665	False	True
E3	NZ_CP140294.1	CP133742.1	0.1684981684981685	[0.15, 0.4)	1.68	0.6051267805312617	0.2562112430592145	97.01635441076485	0.6051267805312617	False	True
E3	CP137414.1	CP133745.1	0.1586206896551724	[0.15, 0.4)	1.68	0.47649988764886525	0.22430120397099204	98.96898043904349	0.47649988764886525	False	False
E3	CP137414.1	NZ_CP133745.1	0.1586206896551724	[0.15, 0.4)	1.68	0.47649988764886525	0.22430120397099204	98.96898043904349	0.47649988764886525	False	False
E3	NZ_CP137392.1	CP141562.1	0.2098540145985401	[0.15, 0.4)	1.68	0.46901832086876943	0.4434917258595132	97.09196597046726	0.46901832086876943	False	False
E3	NZ_CP137352.1	CP141562.1	0.2171532846715328	[0.15, 0.4)	1.68	0.4966517697379534	0.4780844111115397	97.05126838391618	0.4966517697379534	False	False
E3	NZ_CP137386.1	CP141562.1	0.2111111111111111	[0.15, 0.4)	1.68	0.4861641397090418	0.4365511464768087	97.1324016499698	0.4861641397090418	False	False
E3	CP137424.1	CP141562.1	0.2232824427480916	[0.15, 0.4)	1.68	0.5318305091968333	0.4824129741167913	96.98105992517907	0.5318305091968333	False	True
E3	CP137418.1	CP141562.1	0.2165725047080979	[0.15, 0.4)	1.68	0.49023848194709907	0.45181821688552865	97.07578085340565	0.49023848194709907	False	False
E3	NZ_CP141558.1	CP141562.1	0.2800925925925926	[0.15, 0.4)	1.68	0.8340933561340174	0.5079931007499904	96.91576365398882	0.8340933561340174	False	True
E3	CP137386.1	CP141562.1	0.2111111111111111	[0.15, 0.4)	1.68	0.4861641397090418	0.4365511464768087	97.1324016499698	0.4861641397090418	False	False
E3	CP137435.1	CP141562.1	0.2111111111111111	[0.15, 0.4)	1.68	0.48617624671593784	0.4365511464768087	97.13116026278365	0.48617624671593784	False	False
E3	NZ_CP140295.1	CP141562.1	0.2341269841269841	[0.15, 0.4)	1.68	0.569807490938381	0.4869426734042729	96.96335157816266	0.569807490938381	False	True
E3	NZ_CP137400.1	CP141562.1	0.2157221206581352	[0.15, 0.4)	1.68	0.4964974028554398	0.482743609101279	97.04662008514902	0.4964974028554398	False	False
E3	NZ_CP133748.1	CP141562.1	0.2151394422310757	[0.15, 0.4)	1.68	0.5134458736292964	0.44218296237924937	97.18243687251493	0.5134458736292964	False	True
E3	NZ_CP137363.1	CP141562.1	0.2237093690248566	[0.15, 0.4)	1.68	0.5318303154267834	0.4824129741167913	96.98040559328896	0.5318303154267834	False	True
E3	NZ_CP133743.1	CP141562.1	0.2953995157384987	[0.15, 0.4)	1.68	0.8782482208966984	0.4791424430619004	97.01808651246102	0.8782482208966984	False	True
E3	NZ_CP137411.1	CP141562.1	0.3888888888888889	[0.15, 0.4)	1.68	0.9280489751930868	0.5129278278934694	98.06026935293487	0.9280489751930868	False	True
E3	CP137352.1	CP141562.1	0.2171532846715328	[0.15, 0.4)	1.68	0.4966517697379534	0.4780844111115397	97.05126838391618	0.4966517697379534	False	False
E3	NZ_CP138475.1	CP141562.1	0.2110091743119266	[0.15, 0.4)	1.68	0.4858187953876057	0.44922824284037494	97.06382463448949	0.4858187953876057	False	False
E3	CP137363.1	CP141562.1	0.2237093690248566	[0.15, 0.4)	1.68	0.5318303154267834	0.4824129741167913	96.98040559328896	0.5318303154267834	False	True
E3	NZ_CP137360.1	CP141562.1	0.2098540145985401	[0.15, 0.4)	1.68	0.4675908035690938	0.4434917258595132	97.09219995292894	0.4675908035690938	False	False
E3	CP141551.1	CP137407.1	0.1658536585365853	[0.15, 0.4)	1.68	0.5186708771798307	0.41516483846280816	95.15119210047389	0.5186708771798307	False	True
E3	NZ_CP141850.1	NZ_CP141555.1	0.2027491408934708	[0.15, 0.4)	1.68	0.535716000027429	0.3168362177278807	97.75428089528582	0.535716000027429	False	True
E3	CP141545.1	NZ_CP141555.1	0.3446153846153846	[0.15, 0.4)	1.68	0.5940306520890277	0.49329631581080535	99.26057047481402	0.5940306520890277	False	True
E3	CP140294.1	NZ_CP141555.1	0.1684981684981685	[0.15, 0.4)	1.68	0.6050405678541665	0.2561788189518907	97.01753568435203	0.6050405678541665	False	True
E3	NZ_CP141540.1	NZ_CP141555.1	0.1553672316384181	[0.15, 0.4)	1.68	0.3581409704814995	0.31053378186681796	98.42688892367089	0.3581409704814995	False	False
E3	CP133740.1	NZ_CP137395.1	0.1666666666666666	[0.15, 0.4)	1.68	0.46233467510063253	0.19450443964482841	94.52612546125462	0.46233467510063253	False	False
E3	NZ_CP141850.1	CP141555.1	0.2027491408934708	[0.15, 0.4)	1.68	0.535716000027429	0.3168362177278807	97.75428089528582	0.535716000027429	False	True
E3	NZ_CP141850.1	NZ_CP133845.1	0.2161172161172161	[0.15, 0.4)	1.68	0.5356199984914044	0.34126117786782173	97.75858116194033	0.5356199984914044	False	True
E3	NZ_CP141850.1	NZ_CP141580.1	0.2027491408934708	[0.15, 0.4)	1.68	0.5356199984914044	0.3167769077379505	97.7573500818247	0.5356199984914044	False	True
E3	NZ_CP141850.1	CP140290.1	0.2101694915254237	[0.15, 0.4)	1.68	0.540186928705145	0.31977376373403443	97.67108512526625	0.540186928705145	False	True
E3	NZ_CP141850.1	CP141548.1	0.1702898550724637	[0.15, 0.4)	1.68	0.4649697252298894	0.34643344980533997	95.41185245153599	0.4649697252298894	False	False
E3	NZ_CP141850.1	CP141545.1	0.2147887323943662	[0.15, 0.4)	1.68	0.4994479911678587	0.3557887543928153	97.66442736917129	0.4994479911678587	False	False
E3	NZ_CP141850.1	NZ_CP141548.1	0.1702898550724637	[0.15, 0.4)	1.68	0.4649697252298894	0.34643344980533997	95.41185245153599	0.4649697252298894	False	False
E3	NZ_CP141850.1	CP133845.1	0.2161172161172161	[0.15, 0.4)	1.68	0.5356199984914044	0.34126117786782173	97.75858116194033	0.5356199984914044	False	True
E3	NZ_CP141850.1	CP141540.1	0.1527272727272727	[0.15, 0.4)	1.68	0.41722953281538216	0.2845458116652325	96.82468580571052	0.41722953281538216	False	False
E3	NZ_CP141850.1	NZ_CP140290.1	0.2101694915254237	[0.15, 0.4)	1.68	0.540186928705145	0.31977376373403443	97.67108512526625	0.540186928705145	False	True
E3	NZ_CP141850.1	NZ_CP141540.1	0.1527272727272727	[0.15, 0.4)	1.68	0.41722953281538216	0.2845458116652325	96.82468580571052	0.41722953281538216	False	False
E3	NZ_CP141850.1	CP133742.1	0.2027491408934708	[0.15, 0.4)	1.68	0.5356199984914044	0.3167713695132331	97.75979667322987	0.5356199984914044	False	True
E3	CP137411.1	CP137400.1	0.2982456140350877	[0.15, 0.4)	1.68	0.881473646396711	0.5012318696602424	97.06579510151944	0.881473646396711	False	True
E3	CP133740.1	NZ_CP137354.1	0.1666666666666666	[0.15, 0.4)	1.68	0.46233467510063253	0.38900887928965683	94.52612546125462	0.46233467510063253	False	False
E3	NZ_CP137425.1	CP133745.1	0.1586206896551724	[0.15, 0.4)	1.68	0.4828906481207458	0.22963458424276562	99.00793831367743	0.4828906481207458	False	False
E3	CP133745.1	NZ_CP137376.1	0.2757009345794392	[0.15, 0.4)	1.68	0.6319703583749912	0.4641036080575428	97.84825988448961	0.6319703583749912	False	True
E3	NZ_CP141571.1	CP133745.1	0.1704545454545454	[0.15, 0.4)	1.68	0.44493793187175623	0.3872509329014997	96.45535465644005	0.44493793187175623	False	False
E3	CP133745.1	CP137376.1	0.2757009345794392	[0.15, 0.4)	1.68	0.6319703583749912	0.4641036080575428	97.84825988448961	0.6319703583749912	False	True
E3	CP137425.1	CP133745.1	0.1586206896551724	[0.15, 0.4)	1.68	0.4828906481207458	0.22963458424276562	99.00793831367743	0.4828906481207458	False	False
E3	CP133745.1	CP141858.1	0.1652173913043478	[0.15, 0.4)	1.68	0.48952686052242483	0.33519771934159853	96.40204947935368	0.48952686052242483	False	False
E3	CP141545.1	CP141555.1	0.3446153846153846	[0.15, 0.4)	1.68	0.5940306520890277	0.49329631581080535	99.26057047481402	0.5940306520890277	False	True
E3	CP140294.1	CP141555.1	0.1684981684981685	[0.15, 0.4)	1.68	0.6050405678541665	0.2561788189518907	97.01753568435203	0.6050405678541665	False	True
E3	NZ_CP133740.1	CP137354.1	0.1666666666666666	[0.15, 0.4)	1.68	0.46233467510063253	0.38900887928965683	94.52612546125462	0.46233467510063253	False	False
E3	NZ_CP141576.1	NZ_CP137392.1	0.2314410480349345	[0.15, 0.4)	1.68	0.5257133282478427	0.3472979195933618	98.53341918154923	0.5257133282478427	False	True
E3	NZ_CP133743.1	NZ_CP137392.1	0.3350253807106599	[0.15, 0.4)	1.68	0.8391306763370422	0.4840486613466392	97.73649871641487	0.8391306763370422	False	True
E3	NZ_CP137411.1	NZ_CP137392.1	0.2803970223325062	[0.15, 0.4)	1.68	0.8165475881613348	0.4768030870926186	97.02945051257018	0.8165475881613348	False	True
E3	CP133743.1	NZ_CP137392.1	0.3350253807106599	[0.15, 0.4)	1.68	0.8391306763370422	0.4840486613466392	97.73649871641487	0.8391306763370422	False	True
E3	CP137387.1	CP137401.1	0.1551724137931034	[0.15, 0.4)	1.68	0.41231180449487237	0.32185424825472503	98.82316807722823	0.41231180449487237	False	False
E3	NZ_CP137362.1	CP137401.1	0.2068965517241379	[0.15, 0.4)	1.68	0.4829270749395649	0.4098203643793632	98.82921972291804	0.4829270749395649	False	False
E3	CP137393.1	CP137401.1	0.1551724137931034	[0.15, 0.4)	1.68	0.41298240829128596	0.3239187808615699	98.52483677938807	0.41298240829128596	False	False
E3	CP137385.1	CP137401.1	0.2068965517241379	[0.15, 0.4)	1.68	0.4829392359799552	0.4098203643793632	98.82921972291804	0.4829392359799552	False	False
E3	NZ_CP137415.1	CP137401.1	0.2142857142857142	[0.15, 0.4)	1.68	0.42345813582093333	0.3555465690447812	98.96448129526546	0.42345813582093333	False	False
E3	NZ_CP137427.1	CP137401.1	0.2068965517241379	[0.15, 0.4)	1.68	0.4829392359799552	0.4098203643793632	98.82921972291804	0.4829392359799552	False	False
E3	NZ_CP138476.1	CP137401.1	0.1551724137931034	[0.15, 0.4)	1.68	0.41299367226707395	0.3239187808615699	98.53129958132047	0.41299367226707395	False	False
E3	NZ_CP137357.1	CP137401.1	0.1551724137931034	[0.15, 0.4)	1.68	0.41299367226707395	0.3239187808615699	98.52483677938807	0.41299367226707395	False	False
E3	NZ_CP137374.1	CP137401.1	0.2068965517241379	[0.15, 0.4)	1.68	0.48292621505917904	0.4097990805380555	98.82408992842535	0.48292621505917904	False	False
E3	CP137357.1	CP137401.1	0.1551724137931034	[0.15, 0.4)	1.68	0.41299367226707395	0.3239187808615699	98.52483677938807	0.41299367226707395	False	False
E3	CP137401.1	NZ_CP133867.1	0.1666666666666666	[0.15, 0.4)	1.68	0.5422058573131279	0.25755653557260516	99.67195255910825	0.5422058573131279	False	True
E3	CP137427.1	CP137401.1	0.2068965517241379	[0.15, 0.4)	1.68	0.4829392359799552	0.4098203643793632	98.82921972291804	0.4829392359799552	False	False
E3	CP140294.1	NZ_CP133742.1	0.1684981684981685	[0.15, 0.4)	1.68	0.6051267805312617	0.2562112430592145	97.01635441076485	0.6051267805312617	False	True
E3	NZ_CP141540.1	NZ_CP133742.1	0.1553672316384181	[0.15, 0.4)	1.68	0.35818305959818925	0.31056620597414175	98.42204069016785	0.35818305959818925	False	False
E3	CP137411.1	NZ_CP137352.1	0.2967581047381546	[0.15, 0.4)	1.68	0.8798521164707526	0.504696683834876	97.03806234782515	0.8798521164707526	False	True
E3	CP137411.1	CP137424.1	0.320855614973262	[0.15, 0.4)	1.68	0.8815085716566547	0.5371236725239471	97.06871066523487	0.8815085716566547	False	True
E3	CP137411.1	CP137418.1	0.2927461139896373	[0.15, 0.4)	1.68	0.8340351647474404	0.49975622377162204	96.9420899549598	0.8340351647474404	False	True
E3	CP137411.1	CP137435.1	0.2835443037974683	[0.15, 0.4)	1.68	0.8043836190552218	0.4946319394995949	97.0656150772757	0.8043836190552218	False	True
E3	CP137411.1	NZ_CP137400.1	0.2982456140350877	[0.15, 0.4)	1.68	0.881473646396711	0.5012318696602424	97.06579510151944	0.881473646396711	False	True
E3	CP137411.1	NZ_CP133748.1	0.300561797752809	[0.15, 0.4)	1.68	0.7916309098529147	0.5083091397332615	97.17771416974496	0.7916309098529147	False	True
E3	CP137411.1	NZ_CP137363.1	0.3217158176943699	[0.15, 0.4)	1.68	0.8815085716566547	0.537123446531462	97.06773078205633	0.8815085716566547	False	True
E3	CP137411.1	CP137352.1	0.2967581047381546	[0.15, 0.4)	1.68	0.8798521164707526	0.504696683834876	97.03806234782515	0.8798521164707526	False	True
E3	CP137411.1	CP137392.1	0.2803970223325062	[0.15, 0.4)	1.68	0.8165475881613348	0.4768030870926186	97.02945051257018	0.8165475881613348	False	True
E3	CP137402.1	CP141859.1	0.3	[0.15, 0.4)	1.68	0.5557749259624877	0.35866019571962765	97.91594589800444	0.5557749259624877	False	True
E3	NZ_CP141576.1	NZ_CP137352.1	0.2401746724890829	[0.15, 0.4)	1.68	0.5642645807336335	0.36628980586276694	98.31690775046076	0.5642645807336335	False	True
E3	NZ_CP133743.1	NZ_CP137352.1	0.3554987212276215	[0.15, 0.4)	1.68	0.9031581924613497	0.5117996845019454	97.72799623014538	0.9031581924613497	False	True
E3	CP133743.1	NZ_CP137352.1	0.3554987212276215	[0.15, 0.4)	1.68	0.9031581924613497	0.5117996845019454	97.72799623014538	0.9031581924613497	False	True
E3	CP133740.1	NZ_CP137368.1	0.1666666666666666	[0.15, 0.4)	1.68	0.46233467510063253	0.12968	94.52612546125462	0.46233467510063253	False	False
E3	NZ_CP133740.1	NZ_CP137368.1	0.1666666666666666	[0.15, 0.4)	1.68	0.46233467510063253	0.12968	94.52612546125462	0.46233467510063253	False	False
E3	NZ_CP141548.1	NZ_CP133845.1	0.1574344023323615	[0.15, 0.4)	1.68	0.35194839079342505	0.30080253597876205	97.04714519614245	0.35194839079342505	False	False
E3	CP137387.1	NZ_CP141857.1	0.1797752808988764	[0.15, 0.4)	1.68	0.6041075714597425	0.3038644048927791	98.68667021708715	0.6041075714597425	False	True
E3	CP137387.1	NZ_CP137422.1	0.1530612244897959	[0.15, 0.4)	1.68	0.5763691904865809	0.23166496872501013	97.08940984690986	0.5763691904865809	False	True
E3	CP137387.1	NZ_CP133867.1	0.1504424778761062	[0.15, 0.4)	1.68	0.5056731398647174	0.1872268873718762	98.67707146698213	0.5056731398647174	False	True
E3	CP137387.1	CP133867.1	0.1504424778761062	[0.15, 0.4)	1.68	0.5056731398647174	0.1872268873718762	98.67707146698213	0.5056731398647174	False	True
E3	CP137399.1	NZ_CP137394.1	0.39375	[0.15, 0.4)	1.68	0.8134866711050717	0.7903941737766792	98.28107009345796	0.8134866711050717	False	True
E3	NZ_CP137394.1	CP137375.1	0.2583518930957684	[0.15, 0.4)	1.68	1.0	0.24543782128784783	99.99630155045628	1.0	False	True
E3	NZ_CP137431.1	NZ_CP141857.1	0.1797752808988764	[0.15, 0.4)	1.68	0.5141555749509055	0.26225630035763486	98.61571100503846	0.5141555749509055	False	True
E3	NZ_CP137431.1	NZ_CP137422.1	0.1530612244897959	[0.15, 0.4)	1.68	0.5770510582587824	0.23430499413936268	96.89809509458458	0.5770510582587824	False	True
E3	NZ_CP137431.1	CP133867.1	0.1504424778761062	[0.15, 0.4)	1.68	0.5115099279947632	0.19127449203568336	98.43196952648849	0.5115099279947632	False	True
E3	NZ_CP133863.1	CP141548.1	0.1591695501730103	[0.15, 0.4)	1.68	0.41463133640552996	0.27597726493715113	96.47587373737375	0.41463133640552996	False	False
E3	NZ_CP133863.1	NZ_CP141548.1	0.1591695501730103	[0.15, 0.4)	1.68	0.41463133640552996	0.27597726493715113	96.47587373737375	0.41463133640552996	False	False
E3	NZ_CP141558.1	NZ_CP137386.1	0.3442211055276382	[0.15, 0.4)	1.68	0.7946128860056277	0.5410287889018477	97.77684975056025	0.7946128860056277	False	True
E3	NZ_CP133743.1	NZ_CP137386.1	0.3393782383419689	[0.15, 0.4)	1.68	0.8270443904582485	0.5023632680621202	97.77354295788395	0.8270443904582485	False	True
E3	NZ_CP141576.1	CP137424.1	0.2318181818181818	[0.15, 0.4)	1.68	0.5331740075576857	0.36788550452460456	98.25539432009785	0.5331740075576857	False	True
E3	NZ_CP137411.1	CP137424.1	0.320855614973262	[0.15, 0.4)	1.68	0.8815085716566547	0.5371236725239471	97.06871066523487	0.8815085716566547	False	True
E3	CP133743.1	CP137424.1	0.3846153846153846	[0.15, 0.4)	1.68	0.9023702858181855	0.5432660552692695	97.74151826735465	0.9023702858181855	False	True
E3	NZ_CP133851.1	NZ_CP141579.1	0.2318840579710145	[0.15, 0.4)	1.68	0.5415494340116469	0.32571963760082573	98.90272211465118	0.5415494340116469	False	True
E3	CP133851.1	NZ_CP141579.1	0.2318840579710145	[0.15, 0.4)	1.68	0.5415494340116469	0.32571963760082573	98.90272211465118	0.5415494340116469	False	True
E3	NZ_CP141571.1	NZ_CP141580.1	0.1722846441947565	[0.15, 0.4)	1.68	0.6445777647380189	0.25842209360763907	96.69221371378428	0.6445777647380189	False	True
E3	CP141540.1	NZ_CP141580.1	0.1553672316384181	[0.15, 0.4)	1.68	0.35817370646114705	0.31057584747823547	98.42062187646722	0.35817370646114705	False	False
E3	CP140294.1	NZ_CP141580.1	0.1684981684981685	[0.15, 0.4)	1.68	0.6051267805312617	0.2562172721819626	97.01323650881494	0.6051267805312617	False	True
E3	NZ_CP141540.1	NZ_CP141580.1	0.1553672316384181	[0.15, 0.4)	1.68	0.35817370646114705	0.31057584747823547	98.42062187646722	0.35817370646114705	False	False
E3	CP133870.1	NZ_CP141551.1	0.1597633136094674	[0.15, 0.4)	1.68	0.5155360681310341	0.45777148907859105	93.69098521053597	0.5155360681310341	False	True
E3	CP133870.1	CP141551.1	0.1597633136094674	[0.15, 0.4)	1.68	0.5155360681310341	0.45777148907859105	93.69098521053597	0.5155360681310341	False	True
E3	NZ_CP137362.1	NZ_CP133867.1	0.1565217391304348	[0.15, 0.4)	1.68	0.49745668815471394	0.20127267967538615	98.50397478949975	0.49745668815471394	False	False
E3	NZ_CP137362.1	CP133867.1	0.1565217391304348	[0.15, 0.4)	1.68	0.49745668815471394	0.20127267967538615	98.50397478949975	0.49745668815471394	False	False
E3	CP141545.1	CP140290.1	0.3962264150943396	[0.15, 0.4)	1.68	0.6353377586880125	0.5338299495269163	99.08597168643121	0.6353377586880125	False	True
E3	CP140294.1	CP140290.1	0.2734375	[0.15, 0.4)	1.68	0.7344074794286973	0.31036077705827936	98.75129486896589	0.7344074794286973	False	True
E3	NZ_CP141540.1	CP140290.1	0.1555555555555555	[0.15, 0.4)	1.68	0.3593054360432489	0.3118295275654446	98.41211406873774	0.3593054360432489	False	False
E3	CP141858.1	CP140290.1	0.1540785498489426	[0.15, 0.4)	1.68	0.4015320913468783	0.27034341172079135	96.87980995983695	0.4015320913468783	False	False
E3	NZ_CP141858.1	CP140290.1	0.1540785498489426	[0.15, 0.4)	1.68	0.4015320913468783	0.27034341172079135	96.87980995983695	0.4015320913468783	False	False
E3	NZ_CP133740.1	CP137397.1	0.1666666666666666	[0.15, 0.4)	1.68	0.4470960322024152	0.3190233977619532	94.27827272727272	0.4470960322024152	False	False
E3	CP133740.1	CP137395.1	0.1666666666666666	[0.15, 0.4)	1.68	0.46233467510063253	0.19450443964482841	94.52612546125462	0.46233467510063253	False	False
E3	NZ_CP133740.1	CP137395.1	0.1666666666666666	[0.15, 0.4)	1.68	0.46233467510063253	0.19450443964482841	94.52612546125462	0.46233467510063253	False	False
E3	CP141551.1	CP133853.1	0.1895734597156398	[0.15, 0.4)	1.68	0.5373089573357572	0.4036264719769417	95.64326254826256	0.5373089573357572	False	True
E3	CP133851.1	CP133741.1	0.2318840579710145	[0.15, 0.4)	1.68	0.5415494340116469	0.32572586348605614	98.90272211465118	0.5415494340116469	False	True
E3	CP137393.1	NZ_CP137422.1	0.1530612244897959	[0.15, 0.4)	1.68	0.5770353197872631	0.23430499413936268	96.89344306379822	0.5770353197872631	False	True
E3	CP137393.1	NZ_CP133867.1	0.1504424778761062	[0.15, 0.4)	1.68	0.5063139233601527	0.18928089570873358	98.4154671824833	0.5063139233601527	False	True
E3	CP133740.1	NZ_CP137430.1	0.1666666666666666	[0.15, 0.4)	1.68	0.4631972397929845	0.3897288216942645	94.47498710865563	0.4631972397929845	False	False
E3	CP141548.1	CP141540.1	0.2204472843450479	[0.15, 0.4)	1.68	0.42868690175935825	0.39141007894047664	98.2234425629345	0.42868690175935825	False	False
E3	CP133740.1	CP137384.1	0.1666666666666666	[0.15, 0.4)	1.68	0.46233467510063253	0.19450443964482841	94.52612546125462	0.46233467510063253	False	False
E3	NZ_CP133740.1	CP137384.1	0.1666666666666666	[0.15, 0.4)	1.68	0.46233467510063253	0.19450443964482841	94.52612546125462	0.46233467510063253	False	False
E3	NZ_CP141558.1	NZ_CP137372.1	0.3672456575682382	[0.15, 0.4)	1.68	0.8748495788206979	0.5498578405943766	97.87587731807312	0.8748495788206979	False	True
E3	NZ_CP141576.1	NZ_CP137372.1	0.2386117136659436	[0.15, 0.4)	1.68	0.5514905925772414	0.35455377820864975	98.4317616034261	0.5514905925772414	False	True
E3	NZ_CP133743.1	NZ_CP137372.1	0.3493670886075949	[0.15, 0.4)	1.68	0.9025521104281464	0.5064078033182812	97.68563228168226	0.9025521104281464	False	True
E3	CP133743.1	NZ_CP137372.1	0.3493670886075949	[0.15, 0.4)	1.68	0.9025521104281464	0.5064078033182812	97.68563228168226	0.9025521104281464	False	True
E3	NZ_CP137425.1	NZ_CP137376.1	0.196629213483146	[0.15, 0.4)	1.68	0.6013243563184374	0.2100725747558761	99.70183441997787	0.6013243563184374	False	True
E3	NZ_CP137425.1	NZ_CP133745.1	0.1586206896551724	[0.15, 0.4)	1.68	0.4828906481207458	0.22963458424276562	99.00793831367743	0.4828906481207458	False	False
E3	CP137385.1	NZ_CP141857.1	0.1739130434782608	[0.15, 0.4)	1.68	0.48875626400745387	0.26566566009379217	98.80479698124871	0.48875626400745387	False	False
E3	CP137385.1	NZ_CP133867.1	0.1565217391304348	[0.15, 0.4)	1.68	0.49746921507894537	0.20127267967538615	98.50397478949975	0.49746921507894537	False	False
E3	CP137385.1	CP133867.1	0.1565217391304348	[0.15, 0.4)	1.68	0.49746921507894537	0.20127267967538615	98.50397478949975	0.49746921507894537	False	False
E3	NZ_CP141558.1	CP137418.1	0.3617571059431524	[0.15, 0.4)	1.68	0.8208336726292265	0.5444345737505346	97.83530124475898	0.8208336726292265	False	True
E3	NZ_CP141576.1	CP137418.1	0.2488584474885844	[0.15, 0.4)	1.68	0.5571875179131263	0.3777544470467183	98.42157530899345	0.5571875179131263	False	True
E3	NZ_CP133743.1	CP137418.1	0.3501326259946949	[0.15, 0.4)	1.68	0.8557625774648598	0.5065670025693715	97.71802928520059	0.8557625774648598	False	True
E3	NZ_CP137411.1	CP137418.1	0.2927461139896373	[0.15, 0.4)	1.68	0.8340351647474404	0.49975622377162204	96.9420899549598	0.8340351647474404	False	True
E3	CP133740.1	NZ_CP137416.1	0.1666666666666666	[0.15, 0.4)	1.68	0.46233467510063253	0.12965925451927693	94.52612546125462	0.46233467510063253	False	False
E3	NZ_CP133740.1	NZ_CP137416.1	0.1666666666666666	[0.15, 0.4)	1.68	0.46233467510063253	0.12965925451927693	94.52612546125462	0.46233467510063253	False	False
E3	NZ_CP141558.1	CP137372.1	0.3672456575682382	[0.15, 0.4)	1.68	0.8748495788206979	0.5498578405943766	97.87587731807312	0.8748495788206979	False	True
E3	NZ_CP141558.1	NZ_CP137363.1	0.3967828418230563	[0.15, 0.4)	1.68	0.8724880794042869	0.5878480180435199	97.93148090090642	0.8724880794042869	False	True
E3	NZ_CP141558.1	NZ_CP137435.1	0.3442211055276382	[0.15, 0.4)	1.68	0.794725984636682	0.5411305767672552	97.77081713729198	0.794725984636682	False	True
E3	NZ_CP141558.1	CP137352.1	0.3734335839598997	[0.15, 0.4)	1.68	0.8230865973598256	0.5206834455136005	97.88376890553272	0.8230865973598256	False	True
E3	NZ_CP141558.1	NZ_CP138475.1	0.3525	[0.15, 0.4)	1.68	0.8264297928937868	0.5462372258856918	97.82939885525093	0.8264297928937868	False	True
E3	NZ_CP141558.1	CP137392.1	0.3465346534653465	[0.15, 0.4)	1.68	0.7662884648444215	0.4934510034799741	97.79542351019158	0.7662884648444215	False	True
E3	NZ_CP141558.1	CP133748.1	0.3128342245989304	[0.15, 0.4)	1.68	0.7614297476543344	0.5385303108957721	97.44398340394223	0.7614297476543344	False	True
E3	NZ_CP141571.1	NZ_CP137355.1	0.2428571428571428	[0.15, 0.4)	1.68	0.6826381230840829	0.4034459463498915	98.01466476179195	0.6826381230840829	False	True
E3	NZ_CP137414.1	NZ_CP137355.1	0.1861702127659574	[0.15, 0.4)	1.68	0.5964159988015879	0.1906988144844532	99.6866928043124	0.5964159988015879	False	True
E3	CP137425.1	NZ_CP137355.1	0.1861702127659574	[0.15, 0.4)	1.68	0.6013428529150636	0.19433965648147594	99.70184251314697	0.6013428529150636	False	True
E3	CP141858.1	NZ_CP137355.1	0.2097378277153558	[0.15, 0.4)	1.68	0.3971323010903042	0.3937489911459984	98.03179058869918	0.3971323010903042	False	False
E3	NZ_CP137411.1	CP137386.1	0.2835443037974683	[0.15, 0.4)	1.68	0.8039844732272936	0.4943588484439261	97.08326651254748	0.8039844732272936	False	True
E3	CP133743.1	CP137386.1	0.3393782383419689	[0.15, 0.4)	1.68	0.8270443904582485	0.5023632680621202	97.77354295788395	0.8270443904582485	False	True
E3	CP133743.1	CP137435.1	0.3393782383419689	[0.15, 0.4)	1.68	0.8270645931926887	0.5024093353303705	97.77242317475616	0.8270645931926887	False	True
E3	NZ_CP133745.1	NZ_CP137376.1	0.2757009345794392	[0.15, 0.4)	1.68	0.6319703583749912	0.4641036080575428	97.84825988448961	0.6319703583749912	False	True
E3	NZ_CP137381.1	NZ_CP137376.1	0.196629213483146	[0.15, 0.4)	1.68	0.6013243563184374	0.2100725747558761	99.70183441997787	0.6013243563184374	False	True
E3	CP140294.1	NZ_CP137376.1	0.2786069651741293	[0.15, 0.4)	1.68	0.6851513032483021	0.46221653515319544	98.13897467063441	0.6851513032483021	False	True
E3	NZ_CP137414.1	NZ_CP137376.1	0.196629213483146	[0.15, 0.4)	1.68	0.5963972736124635	0.2061368644861927	99.68668408186292	0.5963972736124635	False	True
E3	CP137425.1	NZ_CP137376.1	0.196629213483146	[0.15, 0.4)	1.68	0.6013243563184374	0.2100725747558761	99.70183441997787	0.6013243563184374	False	True
E3	CP141545.1	CP141566.1	0.3446153846153846	[0.15, 0.4)	1.68	0.5925761421319797	0.49786202675810304	99.19015679141948	0.5925761421319797	False	True
E3	CP141545.1	CP141580.1	0.3446153846153846	[0.15, 0.4)	1.68	0.5940452948067161	0.49334500591735164	99.25595707188897	0.5940452948067161	False	True
E3	CP141545.1	CP133845.1	0.3648208469055374	[0.15, 0.4)	1.68	0.5939964857477548	0.5314595850216571	99.25677620115127	0.5939964857477548	False	True
E3	CP141545.1	NZ_CP140290.1	0.3962264150943396	[0.15, 0.4)	1.68	0.6353377586880125	0.5338299495269163	99.08597168643121	0.6353377586880125	False	True
E3	NZ_CP137415.1	NZ_CP141857.1	0.1777777777777777	[0.15, 0.4)	1.68	0.48462571928312503	0.2616022599184537	98.64042260223826	0.48462571928312503	False	False
E3	NZ_CP137415.1	CP137422.1	0.1515151515151515	[0.15, 0.4)	1.68	0.4389718370554387	0.1898846495119787	96.88076788699915	0.4389718370554387	False	False
E3	NZ_CP137415.1	NZ_CP137422.1	0.1515151515151515	[0.15, 0.4)	1.68	0.4389718370554387	0.1898846495119787	96.88076788699915	0.4389718370554387	False	False
E3	NZ_CP137415.1	CP133867.1	0.1592920353982301	[0.15, 0.4)	1.68	0.447007528707952	0.17805433053424355	98.44470398642918	0.447007528707952	False	False
E3	NZ_CP137427.1	CP133867.1	0.1565217391304348	[0.15, 0.4)	1.68	0.4974440331394324	0.20126261100706822	98.50390455198377	0.4974440331394324	False	False
E3	NZ_CP141571.1	CP141566.1	0.1722846441947565	[0.15, 0.4)	1.68	0.644517062412108	0.2583928115462714	96.69647505915906	0.644517062412108	False	True
E3	CP141540.1	CP141566.1	0.1553672316384181	[0.15, 0.4)	1.68	0.35815032361854165	0.31053909349934544	98.42703308986565	0.35815032361854165	False	False
E3	NZ_CP138476.1	NZ_CP141857.1	0.1797752808988764	[0.15, 0.4)	1.68	0.5293748636264456	0.26566566009379217	98.80469426128167	0.5293748636264456	False	True
E3	NZ_CP138476.1	NZ_CP133867.1	0.1504424778761062	[0.15, 0.4)	1.68	0.5063550076369191	0.18929096437705148	98.42097868421051	0.5063550076369191	False	True
E3	NZ_CP138476.1	CP133867.1	0.1504424778761062	[0.15, 0.4)	1.68	0.5063550076369191	0.18929096437705148	98.42097868421051	0.5063550076369191	False	True
E3	CP133740.1	CP137416.1	0.1666666666666666	[0.15, 0.4)	1.68	0.46233467510063253	0.12965925451927693	94.52612546125462	0.46233467510063253	False	False
E3	CP133740.1	NZ_CP137421.1	0.1666666666666666	[0.15, 0.4)	1.68	0.46233467510063253	0.12968	94.52612546125462	0.46233467510063253	False	False
E3	CP133740.1	NZ_CP137412.1	0.1666666666666666	[0.15, 0.4)	1.68	0.4631972397929845	0.3897288216942645	94.47498710865563	0.4631972397929845	False	False
E3	CP133740.1	CP137390.1	0.1666666666666666	[0.15, 0.4)	1.68	0.4631972397929845	0.3897288216942645	94.47498710865563	0.4631972397929845	False	False
E3	CP133740.1	NZ_CP137369.1	0.1666666666666666	[0.15, 0.4)	1.68	0.46233467510063253	0.19450443964482841	94.52612546125462	0.46233467510063253	False	False
E3	CP133740.1	NZ_CP137384.1	0.1666666666666666	[0.15, 0.4)	1.68	0.46233467510063253	0.19450443964482841	94.52612546125462	0.46233467510063253	False	False
E3	CP133740.1	NZ_CP137432.1	0.1666666666666666	[0.15, 0.4)	1.68	0.46233467510063253	0.19450443964482841	94.52612546125462	0.46233467510063253	False	False
E3	CP133740.1	NZ_CP137361.1	0.1666666666666666	[0.15, 0.4)	1.68	0.4370327774583094	0.36789056875449966	94.40807412223668	0.4370327774583094	False	False
E3	CP133740.1	CP137369.1	0.1666666666666666	[0.15, 0.4)	1.68	0.46233467510063253	0.19450443964482841	94.52612546125462	0.46233467510063253	False	False
E3	CP137399.1	CP137371.1	0.391304347826087	[0.15, 0.4)	1.68	0.8134866711050717	0.7903941737766792	98.28102221026919	0.8134866711050717	False	True
E3	CP137371.1	CP137375.1	0.2605790645879732	[0.15, 0.4)	1.68	1.0	0.24543782128784783	99.99720198458404	1.0	False	True
E3	NZ_CP133740.1	CP137412.1	0.1666666666666666	[0.15, 0.4)	1.68	0.4631972397929845	0.3897288216942645	94.47498710865563	0.4631972397929845	False	False
E3	NZ_CP137433.1	CP137375.1	0.2605790645879732	[0.15, 0.4)	1.68	1.0	0.24543782128784783	99.99578068768771	1.0	False	True
E3	NZ_CP141853.1	NZ_CP137410.1	0.3513513513513513	[0.15, 0.4)	1.68	0.7824131400684682	0.7653117642862238	95.18768875156809	0.7824131400684682	False	True
E3	NZ_CP141576.1	CP137372.1	0.2386117136659436	[0.15, 0.4)	1.68	0.5514905925772414	0.35455377820864975	98.4317616034261	0.5514905925772414	False	True
E3	NZ_CP133743.1	CP137372.1	0.3493670886075949	[0.15, 0.4)	1.68	0.9025521104281464	0.5064078033182812	97.68563228168226	0.9025521104281464	False	True
E3	CP133743.1	CP137372.1	0.3493670886075949	[0.15, 0.4)	1.68	0.9025521104281464	0.5064078033182812	97.68563228168226	0.9025521104281464	False	True
E3	CP141853.1	NZ_CP137410.1	0.3513513513513513	[0.15, 0.4)	1.68	0.7824131400684682	0.7653117642862238	95.18768875156809	0.7824131400684682	False	True
E3	NZ_CP141571.1	NZ_CP133745.1	0.1704545454545454	[0.15, 0.4)	1.68	0.44493793187175623	0.3872509329014997	96.45535465644005	0.44493793187175623	False	False
E3	NZ_CP141571.1	CP141580.1	0.1722846441947565	[0.15, 0.4)	1.68	0.6445777647380189	0.25842209360763907	96.69221371378428	0.6445777647380189	False	True
E3	NZ_CP141571.1	CP133845.1	0.1847389558232931	[0.15, 0.4)	1.68	0.6445777647380189	0.2783987704345396	96.69059596671836	0.6445777647380189	False	True
E3	NZ_CP141571.1	NZ_CP140290.1	0.2403100775193798	[0.15, 0.4)	1.68	0.728083931082626	0.2913725108330493	98.37088422158047	0.728083931082626	False	True
E3	NZ_CP141571.1	NZ_CP141566.1	0.1722846441947565	[0.15, 0.4)	1.68	0.644517062412108	0.2583928115462714	96.69647505915906	0.644517062412108	False	True
E3	NZ_CP141571.1	CP141858.1	0.1549295774647887	[0.15, 0.4)	1.68	0.40208208977874005	0.23950529481608274	96.55840836012864	0.40208208977874005	False	False
E3	NZ_CP141571.1	NZ_CP141858.1	0.1549295774647887	[0.15, 0.4)	1.68	0.40208208977874005	0.23950529481608274	96.55840836012864	0.40208208977874005	False	False
E3	NZ_CP141576.1	NZ_CP133748.1	0.185614849187935	[0.15, 0.4)	1.68	0.4224367143027219	0.3069639114802638	98.25125791817455	0.4224367143027219	False	False
E3	NZ_CP141576.1	NZ_CP137363.1	0.2323462414578587	[0.15, 0.4)	1.68	0.5331740075576857	0.367892396336508	98.25263911365307	0.5331740075576857	False	True
E3	NZ_CP141576.1	NZ_CP137435.1	0.2360801781737193	[0.15, 0.4)	1.68	0.5257133282478427	0.36570641098043066	98.53248738559024	0.5257133282478427	False	True
E3	NZ_CP141576.1	CP137352.1	0.2401746724890829	[0.15, 0.4)	1.68	0.5642645807336335	0.36628980586276694	98.31690775046076	0.5642645807336335	False	True
E3	CP141540.1	NZ_CP141576.1	0.1580381471389645	[0.15, 0.4)	1.68	0.3517013356279696	0.3317003911124437	97.07233836761779	0.3517013356279696	False	False
E3	NZ_CP141576.1	NZ_CP138475.1	0.2329670329670329	[0.15, 0.4)	1.68	0.5257133282478427	0.35520981147374825	98.53318399349615	0.5257133282478427	False	True
E3	NZ_CP141576.1	CP137363.1	0.2323462414578587	[0.15, 0.4)	1.68	0.5331740075576857	0.367892396336508	98.25263911365307	0.5331740075576857	False	True
E3	NZ_CP141540.1	NZ_CP141576.1	0.1580381471389645	[0.15, 0.4)	1.68	0.3517013356279696	0.3317003911124437	97.07233836761779	0.3517013356279696	False	False
E3	NZ_CP141576.1	NZ_CP137360.1	0.2314410480349345	[0.15, 0.4)	1.68	0.5303696387390923	0.3492679638674287	98.54609911855846	0.5303696387390923	False	True
E3	NZ_CP141576.1	CP133748.1	0.185614849187935	[0.15, 0.4)	1.68	0.4224367143027219	0.3069639114802638	98.25125791817455	0.4224367143027219	False	False
E3	NZ_CP137365.1	NZ_CP133745.1	0.1586206896551724	[0.15, 0.4)	1.68	0.48289958011949025	0.22963458424276562	99.00793831367743	0.48289958011949025	False	False
E3	CP140294.1	NZ_CP133745.1	0.1712707182320442	[0.15, 0.4)	1.68	0.41258513501863153	0.3791716538759417	96.52540915096307	0.41258513501863153	False	False
E3	CP137365.1	NZ_CP133745.1	0.1586206896551724	[0.15, 0.4)	1.68	0.48289958011949025	0.22963458424276562	99.00793831367743	0.48289958011949025	False	False
E3	NZ_CP133745.1	CP137376.1	0.2757009345794392	[0.15, 0.4)	1.68	0.6319703583749912	0.4641036080575428	97.84825988448961	0.6319703583749912	False	True
E3	NZ_CP133745.1	CP141858.1	0.1652173913043478	[0.15, 0.4)	1.68	0.48952686052242483	0.33519771934159853	96.40204947935368	0.48952686052242483	False	False
E3	CP137415.1	NZ_CP141857.1	0.1777777777777777	[0.15, 0.4)	1.68	0.48462571928312503	0.2616022599184537	98.64042260223826	0.48462571928312503	False	False
E3	CP137415.1	NZ_CP137422.1	0.1515151515151515	[0.15, 0.4)	1.68	0.4389718370554387	0.1898846495119787	96.88076788699915	0.4389718370554387	False	False
E3	CP137415.1	NZ_CP133867.1	0.1592920353982301	[0.15, 0.4)	1.68	0.447007528707952	0.17805433053424355	98.44470398642918	0.447007528707952	False	False
E3	CP137415.1	CP133867.1	0.1592920353982301	[0.15, 0.4)	1.68	0.447007528707952	0.17805433053424355	98.44470398642918	0.447007528707952	False	False
E3	NZ_CP133743.1	NZ_CP137400.1	0.3573264781491002	[0.15, 0.4)	1.68	0.9027743405069876	0.5071584683943118	97.75420385240817	0.9027743405069876	False	True
E3	NZ_CP137411.1	NZ_CP137400.1	0.2982456140350877	[0.15, 0.4)	1.68	0.881473646396711	0.5012318696602424	97.06579510151944	0.881473646396711	False	True
E3	NZ_CP141548.1	CP141540.1	0.2204472843450479	[0.15, 0.4)	1.68	0.42868690175935825	0.39141007894047664	98.2234425629345	0.42868690175935825	False	False
E3	NZ_CP141548.1	NZ_CP141540.1	0.2204472843450479	[0.15, 0.4)	1.68	0.42868690175935825	0.39141007894047664	98.2234425629345	0.42868690175935825	False	False
E3	NZ_CP137411.1	NZ_CP133748.1	0.300561797752809	[0.15, 0.4)	1.68	0.7916309098529147	0.5083091397332615	97.17771416974496	0.7916309098529147	False	True
E3	NZ_CP133740.1	CP137430.1	0.1666666666666666	[0.15, 0.4)	1.68	0.4631972397929845	0.3897288216942645	94.47498710865563	0.4631972397929845	False	False
E3	CP141556.1	NZ_CP141553.1	0.3333333333333333	[0.15, 0.4)	1.68	0.8265015656134358	0.557369179068651	95.75434429036125	0.8265015656134358	False	True
E3	NZ_CP141556.1	NZ_CP141553.1	0.3333333333333333	[0.15, 0.4)	1.68	0.8265015656134358	0.557369179068651	95.75434429036125	0.8265015656134358	False	True
E3	NZ_CP141540.1	CP141580.1	0.1553672316384181	[0.15, 0.4)	1.68	0.35817370646114705	0.31057584747823547	98.42062187646722	0.35817370646114705	False	False
E3	NZ_CP133743.1	NZ_CP137363.1	0.3856749311294766	[0.15, 0.4)	1.68	0.9023702858181855	0.5432627481060087	97.74208108123214	0.9023702858181855	False	True
E3	NZ_CP137411.1	NZ_CP137363.1	0.3217158176943699	[0.15, 0.4)	1.68	0.8815085716566547	0.537123446531462	97.06773078205633	0.8815085716566547	False	True
E3	NZ_CP137353.1	CP137375.1	0.2542372881355932	[0.15, 0.4)	1.68	0.8955248043788305	0.25258552454182503	99.99127180771846	0.8955248043788305	False	True
E3	CP137399.1	NZ_CP137358.1	0.391304347826087	[0.15, 0.4)	1.68	0.813495791115286	0.7903568770599284	98.27985889261183	0.813495791115286	False	True
E3	NZ_CP137358.1	CP137375.1	0.2605790645879732	[0.15, 0.4)	1.68	1.0	0.24543782128784783	99.99518691414902	1.0	False	True
E3	NZ_CP137365.1	NZ_CP141551.1	0.272	[0.15, 0.4)	1.68	0.6578991176960213	0.333348950963764	99.61538709405554	0.6578991176960213	False	True
E3	NZ_CP137381.1	NZ_CP141551.1	0.272	[0.15, 0.4)	1.68	0.6578869488014205	0.333348950963764	99.62101941229353	0.6578869488014205	False	True
E3	CP137365.1	NZ_CP141551.1	0.272	[0.15, 0.4)	1.68	0.6578991176960213	0.333348950963764	99.61538709405554	0.6578991176960213	False	True
E3	CP137425.1	NZ_CP141551.1	0.272	[0.15, 0.4)	1.68	0.6578869488014205	0.333348950963764	99.61538709405554	0.6578869488014205	False	True
E3	NZ_CP133743.1	NZ_CP137435.1	0.3393782383419689	[0.15, 0.4)	1.68	0.8270645931926887	0.5024093353303705	97.77242317475616	0.8270645931926887	False	True
E3	CP133743.1	NZ_CP137435.1	0.3393782383419689	[0.15, 0.4)	1.68	0.8270645931926887	0.5024093353303705	97.77242317475616	0.8270645931926887	False	True
E3	NZ_CP137387.1	NZ_CP141857.1	0.1797752808988764	[0.15, 0.4)	1.68	0.6041075714597425	0.3038644048927791	98.68667021708715	0.6041075714597425	False	True
E3	CP137427.1	NZ_CP141857.1	0.1739130434782608	[0.15, 0.4)	1.68	0.4490443453954824	0.2480622312520004	98.41325707877766	0.4490443453954824	False	False
E3	NZ_CP137393.1	NZ_CP141857.1	0.1797752808988764	[0.15, 0.4)	1.68	0.5293331515068866	0.26565174433976707	98.79960275101745	0.5293331515068866	False	True
E3	NZ_CP133851.1	NZ_CP133741.1	0.2318840579710145	[0.15, 0.4)	1.68	0.5415494340116469	0.32572586348605614	98.90272211465118	0.5415494340116469	False	True
E3	NZ_CP133851.1	CP141579.1	0.2318840579710145	[0.15, 0.4)	1.68	0.5415494340116469	0.32571963760082573	98.90272211465118	0.5415494340116469	False	True
E3	NZ_CP133740.1	CP137432.1	0.1666666666666666	[0.15, 0.4)	1.68	0.46233467510063253	0.19450443964482841	94.52612546125462	0.46233467510063253	False	False
E3	NZ_CP133740.1	NZ_CP137369.1	0.1666666666666666	[0.15, 0.4)	1.68	0.46233467510063253	0.19450443964482841	94.52612546125462	0.46233467510063253	False	False
E3	NZ_CP133740.1	NZ_CP137384.1	0.1666666666666666	[0.15, 0.4)	1.68	0.46233467510063253	0.19450443964482841	94.52612546125462	0.46233467510063253	False	False
E3	NZ_CP133740.1	NZ_CP137390.1	0.1666666666666666	[0.15, 0.4)	1.68	0.4631972397929845	0.3897288216942645	94.47498710865563	0.4631972397929845	False	False
E3	NZ_CP133740.1	NZ_CP137432.1	0.1666666666666666	[0.15, 0.4)	1.68	0.46233467510063253	0.19450443964482841	94.52612546125462	0.46233467510063253	False	False
E3	NZ_CP133740.1	CP137369.1	0.1666666666666666	[0.15, 0.4)	1.68	0.46233467510063253	0.19450443964482841	94.52612546125462	0.46233467510063253	False	False
E3	NZ_CP133743.1	NZ_CP138475.1	0.3375959079283887	[0.15, 0.4)	1.68	0.8502169268610507	0.5015293163687531	97.65690761179151	0.8502169268610507	False	True
E3	NZ_CP133743.1	CP137392.1	0.3350253807106599	[0.15, 0.4)	1.68	0.8391306763370422	0.4840486613466392	97.73649871641487	0.8391306763370422	False	True
E3	NZ_CP133743.1	CP137363.1	0.3856749311294766	[0.15, 0.4)	1.68	0.9023702858181855	0.5432627481060087	97.74208108123214	0.9023702858181855	False	True
E3	NZ_CP133743.1	CP137375.1	0.2730844793713163	[0.15, 0.4)	1.68	0.90322385134828	0.3887724303495786	97.66105529740292	0.90322385134828	False	True
E3	NZ_CP133743.1	CP133748.1	0.3553008595988539	[0.15, 0.4)	1.68	0.8423681645310693	0.5345343613210026	97.7815134202087	0.8423681645310693	False	True
E3	CP137399.1	CP138474.1	0.391304347826087	[0.15, 0.4)	1.68	0.8134866711050717	0.7903941737766792	98.27973981935946	0.8134866711050717	False	True
E3	NZ_CP137357.1	CP137422.1	0.1530612244897959	[0.15, 0.4)	1.68	0.5769146847043422	0.23430499413936268	96.89737049575662	0.5769146847043422	False	True
E3	CP137357.1	CP137422.1	0.1530612244897959	[0.15, 0.4)	1.68	0.5769146847043422	0.23430499413936268	96.89737049575662	0.5769146847043422	False	True
E3	CP137422.1	NZ_CP133867.1	0.1854304635761589	[0.15, 0.4)	1.68	0.28287707997852923	0.2606174107412554	96.5495947102595	0.28287707997852923	False	False
E3	CP137422.1	CP133867.1	0.1854304635761589	[0.15, 0.4)	1.68	0.28287707997852923	0.2606174107412554	96.5495947102595	0.28287707997852923	False	False
E3	NZ_CP137393.1	CP137422.1	0.1530612244897959	[0.15, 0.4)	1.68	0.5770353197872631	0.23430499413936268	96.89344306379822	0.5770353197872631	False	True
E3	NZ_CP137381.1	CP141551.1	0.272	[0.15, 0.4)	1.68	0.6578869488014205	0.333348950963764	99.62101941229353	0.6578869488014205	False	True
E3	NZ_CP137414.1	CP141551.1	0.272	[0.15, 0.4)	1.68	0.6536589019549097	0.32767038053918307	99.60862817947987	0.6536589019549097	False	True
E3	NZ_CP133870.1	CP141551.1	0.1597633136094674	[0.15, 0.4)	1.68	0.5155360681310341	0.45777148907859105	93.69098521053597	0.5155360681310341	False	True
E3	NZ_CP137357.1	CP133867.1	0.1504424778761062	[0.15, 0.4)	1.68	0.506327732926031	0.18928089570873358	98.41546949839464	0.506327732926031	False	True
E3	CP133862.1	CP133858.1	0.1612903225806451	[0.15, 0.4)	1.68	0.46695467787003825	0.19768769626034827	98.77010267175574	0.46695467787003825	False	False
E3	NZ_CP133862.1	CP133858.1	0.1612903225806451	[0.15, 0.4)	1.68	0.46695467787003825	0.19768769626034827	98.77010267175574	0.46695467787003825	False	False
E3	NZ_CP137374.1	NZ_CP137422.1	0.1717171717171717	[0.15, 0.4)	1.68	0.5201712415008813	0.22889348976305499	97.41777544142776	0.5201712415008813	False	True
E3	NZ_CP137411.1	CP137352.1	0.2967581047381546	[0.15, 0.4)	1.68	0.8798521164707526	0.504696683834876	97.03806234782515	0.8798521164707526	False	True
E3	NZ_CP137411.1	CP137392.1	0.2803970223325062	[0.15, 0.4)	1.68	0.8165475881613348	0.4768030870926186	97.02945051257018	0.8165475881613348	False	True
E3	NZ_CP137411.1	CP137363.1	0.3217158176943699	[0.15, 0.4)	1.68	0.8815085716566547	0.537123446531462	97.06773078205633	0.8815085716566547	False	True
E3	NZ_CP137411.1	NZ_CP137360.1	0.2803970223325062	[0.15, 0.4)	1.68	0.8162083142075958	0.47514215069571764	97.04290344103481	0.8162083142075958	False	True
E3	NZ_CP137411.1	CP137375.1	0.2292870905587668	[0.15, 0.4)	1.68	0.8801664438102461	0.3834382909878487	97.03936052442391	0.8801664438102461	False	True
E3	CP141540.1	NZ_CP141566.1	0.1553672316384181	[0.15, 0.4)	1.68	0.35815032361854165	0.31053909349934544	98.42703308986565	0.35815032361854165	False	False
E3	CP140294.1	CP137376.1	0.2786069651741293	[0.15, 0.4)	1.68	0.6851513032483021	0.46221653515319544	98.13897467063441	0.6851513032483021	False	True
E3	CP140294.1	NZ_CP141858.1	0.1559633027522936	[0.15, 0.4)	1.68	0.39857078539748836	0.25071571930543585	97.10282081132982	0.39857078539748836	False	False
E3	NZ_CP141858.1	NZ_CP140290.1	0.1540785498489426	[0.15, 0.4)	1.68	0.4015320913468783	0.27034341172079135	96.87980995983695	0.4015320913468783	False	False
E3	CP137394.1	CP137375.1	0.2583518930957684	[0.15, 0.4)	1.68	1.0	0.24543782128784783	99.99630155045628	1.0	False	True
E3	CP133851.1	NZ_CP133741.1	0.2318840579710145	[0.15, 0.4)	1.68	0.5415494340116469	0.32572586348605614	98.90272211465118	0.5415494340116469	False	True
E3	CP133851.1	CP141579.1	0.2318840579710145	[0.15, 0.4)	1.68	0.5415494340116469	0.32571963760082573	98.90272211465118	0.5415494340116469	False	True
E3	CP133743.1	CP137392.1	0.3350253807106599	[0.15, 0.4)	1.68	0.8391306763370422	0.4840486613466392	97.73649871641487	0.8391306763370422	False	True
E3	CP137357.1	NZ_CP137422.1	0.1530612244897959	[0.15, 0.4)	1.68	0.5769146847043422	0.23430499413936268	96.89737049575662	0.5769146847043422	False	True
E3	CP137357.1	NZ_CP133867.1	0.1504424778761062	[0.15, 0.4)	1.68	0.506327732926031	0.18928089570873358	98.41546949839464	0.506327732926031	False	True
E3	CP137357.1	CP133867.1	0.1504424778761062	[0.15, 0.4)	1.68	0.506327732926031	0.18928089570873358	98.41546949839464	0.506327732926031	False	True
E3	CP137365.1	CP137376.1	0.196629213483146	[0.15, 0.4)	1.68	0.6013354789782291	0.2100725747558761	99.70183441997787	0.6013354789782291	False	True
E3	CP137358.1	CP137375.1	0.2605790645879732	[0.15, 0.4)	1.68	1.0	0.24543782128784783	99.99518691414902	1.0	False	True
E3	NZ_CP137422.1	NZ_CP133867.1	0.1854304635761589	[0.15, 0.4)	1.68	0.28287707997852923	0.2606174107412554	96.5495947102595	0.28287707997852923	False	False
E3	NZ_CP137393.1	NZ_CP137422.1	0.1530612244897959	[0.15, 0.4)	1.68	0.5770353197872631	0.23430499413936268	96.89344306379822	0.5770353197872631	False	True
E3	NZ_CP141540.1	NZ_CP141566.1	0.1553672316384181	[0.15, 0.4)	1.68	0.35815032361854165	0.31053909349934544	98.42703308986565	0.35815032361854165	False	False
E3	CP133743.1	NZ_CP137360.1	0.3350253807106599	[0.15, 0.4)	1.68	0.8397317076866354	0.48290269250995854	97.71659172418765	0.8397317076866354	False	True
E3	CP133743.1	CP137375.1	0.2730844793713163	[0.15, 0.4)	1.68	0.90322385134828	0.3887724303495786	97.66105529740292	0.90322385134828	False	True
E3	CP137399.1	CP137413.1	0.391304347826087	[0.15, 0.4)	1.68	0.8134866711050717	0.7903941737766792	98.27857233465564	0.8134866711050717	False	True
E3	CP137413.1	CP137375.1	0.2605790645879732	[0.15, 0.4)	1.68	1.0	0.24543782128784783	99.99382432887393	1.0	False	True
E3	NZ_CP137387.1	CP133867.1	0.1504424778761062	[0.15, 0.4)	1.68	0.5056731398647174	0.1872268873718762	98.67707146698213	0.5056731398647174	False	True
E3	CP137399.1	NZ_CP137389.1	0.391304347826087	[0.15, 0.4)	1.68	0.8134775510948572	0.7903834567813729	98.28325830382356	0.8134775510948572	False	True
E3	NZ_CP137380.1	CP137375.1	0.2605790645879732	[0.15, 0.4)	1.68	1.0	0.24543782128784783	99.99530676884912	1.0	False	True
E3	NZ_CP137393.1	NZ_CP133867.1	0.1504424778761062	[0.15, 0.4)	1.68	0.5063139233601527	0.18928089570873358	98.4154671824833	0.5063139233601527	False	True
E3	NZ_CP137389.1	CP137375.1	0.2605790645879732	[0.15, 0.4)	1.68	1.0	0.24543782128784783	99.9985778025853	1.0	False	True
E3	CP137376.1	NZ_CP141858.1	0.1722846441947565	[0.15, 0.4)	1.68	0.3642115331174832	0.33969997046716127	97.74523432015602	0.3642115331174832	False	False
E3	CP137427.1	CP133867.1	0.1565217391304348	[0.15, 0.4)	1.68	0.4974440331394324	0.20126261100706822	98.50390455198377	0.4974440331394324	False	False
E3	NZ_CP133864.1	CP133747.1	0.55	[0.4, 0.8)	1.0	0.896081021576398	0.728861929076925	98.2061069273939	0.896081021576398	False	True
E3	NZ_CP133864.1	NZ_CP133747.1	0.55	[0.4, 0.8)	1.0	0.896081021576398	0.728861929076925	98.2061069273939	0.896081021576398	False	True
E3	NZ_CP141564.1	NZ_CP133864.1	0.5543478260869565	[0.4, 0.8)	1.0	0.9006666666666666	0.8732779769767881	97.98709101837233	0.9006666666666666	False	True
E3	NZ_CP133864.1	NZ_CP138477.1	0.5053763440860215	[0.4, 0.8)	1.0	0.8256117506447758	0.8003974319779884	97.82398499279049	0.8256117506447758	False	True
E3	NZ_CP133864.1	CP138477.1	0.5053763440860215	[0.4, 0.8)	1.0	0.8256117506447758	0.8003974319779884	97.82398499279049	0.8256117506447758	False	True
E3	NZ_CP133864.1	CP137356.1	0.7951807228915663	[0.4, 0.8)	1.0	0.9347203874944958	0.8227182100132919	99.2698577724696	0.9347203874944958	True	True
E3	NZ_CP133864.1	NZ_CP137356.1	0.7951807228915663	[0.4, 0.8)	1.0	0.9347203874944958	0.8227182100132919	99.2698577724696	0.9347203874944958	True	True
E3	CP141564.1	NZ_CP133864.1	0.5543478260869565	[0.4, 0.8)	1.0	0.9006666666666666	0.8732779769767881	97.98709101837233	0.9006666666666666	False	True
E3	CP133747.1	NZ_CP141563.1	0.504424778761062	[0.4, 0.8)	1.0	0.7694808103300445	0.7626514882612444	98.26254659313645	0.7694808103300445	False	True
E3	NZ_CP133747.1	NZ_CP141563.1	0.504424778761062	[0.4, 0.8)	1.0	0.7694808103300445	0.7626514882612444	98.26254659313645	0.7694808103300445	False	True
E3	CP137377.1	NZ_CP141563.1	0.6947368421052632	[0.4, 0.8)	1.0	0.8753444924719329	0.7653896861213935	99.27666443108618	0.8753444924719329	False	True
E3	NZ_CP141564.1	NZ_CP141563.1	0.4766355140186916	[0.4, 0.8)	1.0	0.9006991869918699	0.7040464479488869	97.98362899377501	0.9006991869918699	False	True
E3	NZ_CP138477.1	NZ_CP141563.1	0.4351851851851852	[0.4, 0.8)	1.0	0.8146132681137267	0.6774631103899397	97.85664676607641	0.8146132681137267	False	True
E3	NZ_CP133846.1	NZ_CP141563.1	0.7777777777777778	[0.4, 0.8)	1.0	1.0	0.8061710866588916	99.76421923107162	1.0	True	True
E3	CP138477.1	NZ_CP141563.1	0.4351851851851852	[0.4, 0.8)	1.0	0.8146132681137267	0.6774631103899397	97.85664676607641	0.8146132681137267	False	True
E3	CP133846.1	NZ_CP141563.1	0.7777777777777778	[0.4, 0.8)	1.0	1.0	0.8061710866588916	99.76421923107162	1.0	True	True
E3	NZ_CP137377.1	NZ_CP141563.1	0.6947368421052632	[0.4, 0.8)	1.0	0.8753444924719329	0.7653896861213935	99.27666443108618	0.8753444924719329	False	True
E3	CP137356.1	NZ_CP141563.1	0.673469387755102	[0.4, 0.8)	1.0	0.8355671245015507	0.7653896861213935	99.27797688244159	0.8355671245015507	False	True
E3	NZ_CP137356.1	NZ_CP141563.1	0.673469387755102	[0.4, 0.8)	1.0	0.8355671245015507	0.7653896861213935	99.27797688244159	0.8355671245015507	False	True
E3	CP141564.1	NZ_CP141563.1	0.4766355140186916	[0.4, 0.8)	1.0	0.9006991869918699	0.7040464479488869	97.98362899377501	0.9006991869918699	False	True
E3	CP138475.1	NZ_CP137375.1	0.7101769911504425	[0.4, 0.8)	1.0	0.9956237106640751	0.7300507971852792	99.84591545781886	0.9956237106640751	False	True
E3	CP140295.1	CP138475.1	0.4769975786924939	[0.4, 0.8)	1.0	0.7218139347563431	0.6675361610283683	97.78369744769466	0.7218139347563431	False	True
E3	NZ_CP140295.1	CP138475.1	0.4769975786924939	[0.4, 0.8)	1.0	0.7218139347563431	0.6675361610283683	97.78369744769466	0.7218139347563431	False	True
E3	NZ_CP133748.1	CP138475.1	0.6205962059620597	[0.4, 0.8)	1.0	0.8067139643536944	0.7498360382060791	99.68953792265351	0.8067139643536944	False	True
E3	CP138475.1	CP137375.1	0.7101769911504425	[0.4, 0.8)	1.0	0.9956237106640751	0.7300507971852792	99.84591545781886	0.9956237106640751	False	True
E3	CP133748.1	CP138475.1	0.6205962059620597	[0.4, 0.8)	1.0	0.8067139643536944	0.7498360382060791	99.68953792265351	0.8067139643536944	False	True
E3	NZ_CP141541.1	CP133747.1	0.55	[0.4, 0.8)	1.0	0.8963011785383613	0.728861929076925	98.2032122861042	0.8963011785383613	False	True
E3	NZ_CP141541.1	NZ_CP133747.1	0.55	[0.4, 0.8)	1.0	0.8963011785383613	0.728861929076925	98.2032122861042	0.8963011785383613	False	True
E3	NZ_CP141564.1	NZ_CP141541.1	0.5543478260869565	[0.4, 0.8)	1.0	0.8488455284552846	0.8193901730929178	98.03598114543856	0.8488455284552846	False	True
E3	NZ_CP141541.1	NZ_CP138477.1	0.5053763440860215	[0.4, 0.8)	1.0	0.7718092368532555	0.751681442983797	97.86661508138096	0.7718092368532555	False	True
E3	NZ_CP141541.1	CP138477.1	0.5053763440860215	[0.4, 0.8)	1.0	0.7718092368532555	0.751681442983797	97.86661508138096	0.7718092368532555	False	True
E3	NZ_CP141541.1	CP137356.1	0.7951807228915663	[0.4, 0.8)	1.0	0.9348272994052383	0.8227182100132919	99.26648819214824	0.9348272994052383	True	True
E3	NZ_CP141541.1	NZ_CP137356.1	0.7951807228915663	[0.4, 0.8)	1.0	0.9348272994052383	0.8227182100132919	99.26648819214824	0.9348272994052383	True	True
E3	CP141564.1	NZ_CP141541.1	0.5543478260869565	[0.4, 0.8)	1.0	0.8488455284552846	0.8193901730929178	98.03598114543856	0.8488455284552846	False	True
E3	CP137360.1	NZ_CP137375.1	0.7017543859649122	[0.4, 0.8)	1.0	0.9336039305357418	0.7010881383353484	99.88819909184546	0.9336039305357418	False	True
E3	NZ_CP137424.1	NZ_CP137375.1	0.625	[0.4, 0.8)	1.0	0.944158496607688	0.6743217618968922	99.747879581336	0.944158496607688	False	True
E3	NZ_CP137418.1	NZ_CP137375.1	0.628755364806867	[0.4, 0.8)	1.0	0.8625072160754719	0.6270016613462994	99.82942673138601	0.8625072160754719	False	True
E3	CP137382.1	NZ_CP137375.1	0.6400862068965517	[0.4, 0.8)	1.0	0.9409061694727927	0.6818108674663165	99.6967413565852	0.9409061694727927	False	True
E3	NZ_CP137382.1	NZ_CP137375.1	0.6400862068965517	[0.4, 0.8)	1.0	0.9409061694727927	0.6818108674663165	99.6967413565852	0.9409061694727927	False	True
E3	CP137400.1	NZ_CP137375.1	0.6659528907922913	[0.4, 0.8)	1.0	0.9165592801793875	0.7021471378743466	99.76468626503933	0.9165592801793875	False	True
E3	NZ_CP137392.1	NZ_CP137375.1	0.7017543859649122	[0.4, 0.8)	1.0	0.9165097666610319	0.6819826558925605	99.82930414572184	0.9165097666610319	False	True
E3	NZ_CP137352.1	NZ_CP137375.1	0.7371937639198218	[0.4, 0.8)	1.0	0.9576940585016992	0.7297333147772839	99.88439207370533	0.9576940585016992	False	True
E3	NZ_CP137386.1	NZ_CP137375.1	0.6820175438596491	[0.4, 0.8)	1.0	0.9800902338714628	0.6980089938852019	99.81136260995345	0.9800902338714628	False	True
E3	CP137424.1	NZ_CP137375.1	0.625	[0.4, 0.8)	1.0	0.944158496607688	0.6743217618968922	99.747879581336	0.944158496607688	False	True
E3	NZ_CP137372.1	NZ_CP137375.1	0.7284768211920529	[0.4, 0.8)	1.0	0.962182479951697	0.7376616768290031	99.8219321329721	0.962182479951697	False	True
E3	CP137418.1	NZ_CP137375.1	0.628755364806867	[0.4, 0.8)	1.0	0.8625072160754719	0.6270016613462994	99.82942673138601	0.8625072160754719	False	True
E3	CP137386.1	NZ_CP137375.1	0.6820175438596491	[0.4, 0.8)	1.0	0.9800902338714628	0.6980089938852019	99.81136260995345	0.9800902338714628	False	True
E3	CP137435.1	NZ_CP137375.1	0.6820175438596491	[0.4, 0.8)	1.0	0.9800899894418936	0.6980089938852019	99.80848514753562	0.9800899894418936	False	True
E3	CP137372.1	NZ_CP137375.1	0.7284768211920529	[0.4, 0.8)	1.0	0.962182479951697	0.7376616768290031	99.8219321329721	0.962182479951697	False	True
E3	NZ_CP137400.1	NZ_CP137375.1	0.6659528907922913	[0.4, 0.8)	1.0	0.9165592801793875	0.7021471378743466	99.76468626503933	0.9165592801793875	False	True
E3	NZ_CP133748.1	NZ_CP137375.1	0.4876543209876543	[0.4, 0.8)	1.0	0.840934289541315	0.5706398357789627	99.4725156179784	0.840934289541315	False	True
E3	NZ_CP137363.1	NZ_CP137375.1	0.6263498920086393	[0.4, 0.8)	1.0	0.9441557927673732	0.6743217618968922	99.7481658954491	0.9441557927673732	False	True
E3	NZ_CP137435.1	NZ_CP137375.1	0.6820175438596491	[0.4, 0.8)	1.0	0.9800899894418936	0.6980089938852019	99.80848514753562	0.9800899894418936	False	True
E3	CP137352.1	NZ_CP137375.1	0.7371937639198218	[0.4, 0.8)	1.0	0.9576940585016992	0.7297333147772839	99.88439207370533	0.9576940585016992	False	True
E3	NZ_CP138475.1	NZ_CP137375.1	0.7101769911504425	[0.4, 0.8)	1.0	0.9956237106640751	0.7300507971852792	99.84591545781886	0.9956237106640751	False	True
E3	CP137392.1	NZ_CP137375.1	0.7017543859649122	[0.4, 0.8)	1.0	0.9165097666610319	0.6819826558925605	99.82930414572184	0.9165097666610319	False	True
E3	CP137363.1	NZ_CP137375.1	0.6263498920086393	[0.4, 0.8)	1.0	0.9441557927673732	0.6743217618968922	99.7481658954491	0.9441557927673732	False	True
E3	NZ_CP137360.1	NZ_CP137375.1	0.7017543859649122	[0.4, 0.8)	1.0	0.9336039305357418	0.7010881383353484	99.88819909184546	0.9336039305357418	False	True
E3	CP133748.1	NZ_CP137375.1	0.4876543209876543	[0.4, 0.8)	1.0	0.840934289541315	0.5706398357789627	99.4725156179784	0.840934289541315	False	True
E3	CP137380.1	CP140291.1	0.5324675324675324	[0.4, 0.8)	1.0	0.8777974661114557	0.8756707538079368	98.18118930888035	0.8777974661114557	False	True
E3	CP137380.1	NZ_CP140291.1	0.5324675324675324	[0.4, 0.8)	1.0	0.8777974661114557	0.8756707538079368	98.18118930888035	0.8777974661114557	False	True
E3	CP141558.1	CP140295.1	0.466472303206997	[0.4, 0.8)	1.0	0.7876143427159957	0.561356423681031	98.26966381218955	0.7876143427159957	False	True
E3	CP140295.1	CP137360.1	0.4735576923076923	[0.4, 0.8)	1.0	0.7255094643576319	0.6539396880093673	97.83369415918698	0.7255094643576319	False	True
E3	CP140295.1	NZ_CP137424.1	0.535064935064935	[0.4, 0.8)	1.0	0.7616625050342328	0.7195384385929134	97.8226660306713	0.7616625050342328	False	True
E3	CP140295.1	NZ_CP137418.1	0.5012594458438288	[0.4, 0.8)	1.0	0.7303004430124849	0.6782811831671767	97.72707982394367	0.7303004430124849	False	True
E3	CP140295.1	CP137382.1	0.5177664974619289	[0.4, 0.8)	1.0	0.7619009262988321	0.7104474384464293	97.77453054343515	0.7619009262988321	False	True
E3	CP140295.1	NZ_CP137382.1	0.5177664974619289	[0.4, 0.8)	1.0	0.7619009262988321	0.7104474384464293	97.77453054343515	0.7619009262988321	False	True
E3	CP140295.1	CP137400.1	0.5	[0.4, 0.8)	1.0	0.7921449859041482	0.6979818909483125	97.84315270060196	0.7921449859041482	False	True
E3	CP140295.1	NZ_CP137392.1	0.4735576923076923	[0.4, 0.8)	1.0	0.7251904953685059	0.6556486916579716	97.85026530974079	0.7251904953685059	False	True
E3	CP137411.1	CP140295.1	0.4053254437869822	[0.4, 0.8)	1.0	0.8826411479434011	0.5697978252114377	97.88451269680043	0.8826411479434011	False	True
E3	CP140295.1	NZ_CP137352.1	0.4903381642512077	[0.4, 0.8)	1.0	0.7653097060008055	0.679720804262373	97.75597069310922	0.7653097060008055	False	True
E3	CP140295.1	NZ_CP137386.1	0.473170731707317	[0.4, 0.8)	1.0	0.698529198550141	0.6651740224663925	97.84698996847894	0.698529198550141	False	True
E3	CP140295.1	CP137424.1	0.535064935064935	[0.4, 0.8)	1.0	0.7616625050342328	0.7195384385929134	97.8226660306713	0.7616625050342328	False	True
E3	CP140295.1	NZ_CP137372.1	0.486810551558753	[0.4, 0.8)	1.0	0.7631091421667338	0.6711483021659821	97.77883379527054	0.7631091421667338	False	True
E3	CP140295.1	CP137418.1	0.5012594458438288	[0.4, 0.8)	1.0	0.7303004430124849	0.6782811831671767	97.72707982394367	0.7303004430124849	False	True
E3	NZ_CP141558.1	CP140295.1	0.466472303206997	[0.4, 0.8)	1.0	0.7876143427159957	0.561356423681031	98.26966381218955	0.7876143427159957	False	True
E3	CP140295.1	CP137386.1	0.473170731707317	[0.4, 0.8)	1.0	0.698529198550141	0.6651740224663925	97.84698996847894	0.698529198550141	False	True
E3	CP140295.1	CP137435.1	0.473170731707317	[0.4, 0.8)	1.0	0.6989995972613774	0.6656149483143861	97.83776249183767	0.6989995972613774	False	True
E3	CP140295.1	CP137372.1	0.486810551558753	[0.4, 0.8)	1.0	0.7631091421667338	0.6711483021659821	97.77883379527054	0.7631091421667338	False	True
E3	CP140295.1	NZ_CP137400.1	0.5	[0.4, 0.8)	1.0	0.7921449859041482	0.6979818909483125	97.84315270060196	0.7921449859041482	False	True
E3	CP140295.1	NZ_CP133748.1	0.4395886889460154	[0.4, 0.8)	1.0	0.6735271848570278	0.6702236065447694	97.89732531569456	0.6735271848570278	False	True
E3	CP140295.1	NZ_CP137363.1	0.5364583333333334	[0.4, 0.8)	1.0	0.7616625050342328	0.719527970804075	97.82342339919882	0.7616625050342328	False	True
E3	CP140295.1	NZ_CP137435.1	0.473170731707317	[0.4, 0.8)	1.0	0.6989995972613774	0.6656149483143861	97.83776249183767	0.6989995972613774	False	True
E3	NZ_CP133743.1	CP140295.1	0.4098837209302325	[0.4, 0.8)	1.0	0.8735056289868833	0.557602899718083	97.99275823731787	0.8735056289868833	False	True
E3	NZ_CP137411.1	CP140295.1	0.4053254437869822	[0.4, 0.8)	1.0	0.8826411479434011	0.5697978252114377	97.88451269680043	0.8826411479434011	False	True
E3	CP140295.1	CP137352.1	0.4903381642512077	[0.4, 0.8)	1.0	0.7653097060008055	0.679720804262373	97.75597069310922	0.7653097060008055	False	True
E3	CP140295.1	NZ_CP138475.1	0.4769975786924939	[0.4, 0.8)	1.0	0.7218139347563431	0.6675361610283683	97.78369744769466	0.7218139347563431	False	True
E3	CP140295.1	CP137392.1	0.4735576923076923	[0.4, 0.8)	1.0	0.7251904953685059	0.6556486916579716	97.85026530974079	0.7251904953685059	False	True
E3	CP133743.1	CP140295.1	0.4098837209302325	[0.4, 0.8)	1.0	0.8735056289868833	0.557602899718083	97.99275823731787	0.8735056289868833	False	True
E3	CP140295.1	CP137363.1	0.5364583333333334	[0.4, 0.8)	1.0	0.7616625050342328	0.719527970804075	97.82342339919882	0.7616625050342328	False	True
E3	CP140295.1	NZ_CP137360.1	0.4735576923076923	[0.4, 0.8)	1.0	0.7255094643576319	0.6539396880093673	97.83369415918698	0.7255094643576319	False	True
E3	CP140295.1	CP133748.1	0.4395886889460154	[0.4, 0.8)	1.0	0.6735271848570278	0.6702236065447694	97.89732531569456	0.6735271848570278	False	True
E3	NZ_CP141561.1	CP137370.1	0.5656565656565656	[0.4, 0.8)	1.0	0.8615428719261077	0.7629386127826066	99.42402131128922	0.8615428719261077	False	True
E3	CP141561.1	CP137370.1	0.5656565656565656	[0.4, 0.8)	1.0	0.8615428719261077	0.7629386127826066	99.42402131128922	0.8615428719261077	False	True
E3	NZ_CP137364.1	CP140291.1	0.5324675324675324	[0.4, 0.8)	1.0	0.8778074084574425	0.8756707538079368	98.18114171147268	0.8778074084574425	False	True
E3	NZ_CP137364.1	NZ_CP140291.1	0.5324675324675324	[0.4, 0.8)	1.0	0.8778074084574425	0.8756707538079368	98.18114171147268	0.8778074084574425	False	True
E3	CP137411.1	CP141558.1	0.5205992509363296	[0.4, 0.8)	1.0	0.9479912986209512	0.8601874722908354	97.75048052527907	0.9479912986209512	False	True
E3	CP141558.1	NZ_CP140295.1	0.466472303206997	[0.4, 0.8)	1.0	0.7876143427159957	0.561356423681031	98.26966381218955	0.7876143427159957	False	True
E3	NZ_CP133743.1	CP141558.1	0.6186770428015564	[0.4, 0.8)	1.0	0.9400534362325941	0.8420238321435357	98.53423958601736	0.9400534362325941	False	True
E3	NZ_CP137411.1	CP141558.1	0.5205992509363296	[0.4, 0.8)	1.0	0.9479912986209512	0.8601874722908354	97.75048052527907	0.9479912986209512	False	True
E3	CP133743.1	CP141558.1	0.6186770428015564	[0.4, 0.8)	1.0	0.9400534362325941	0.8420238321435357	98.53423958601736	0.9400534362325941	False	True
E3	NZ_CP140295.1	CP137360.1	0.4735576923076923	[0.4, 0.8)	1.0	0.7255094643576319	0.6539396880093673	97.83369415918698	0.7255094643576319	False	True
E3	NZ_CP133748.1	CP137360.1	0.6331521739130435	[0.4, 0.8)	1.0	0.8214384136689034	0.7443350369141459	99.7523427008139	0.8214384136689034	False	True
E3	CP137360.1	CP137375.1	0.7017543859649122	[0.4, 0.8)	1.0	0.9336039305357418	0.7010881383353484	99.88819909184546	0.9336039305357418	False	True
E3	CP133748.1	CP137360.1	0.6331521739130435	[0.4, 0.8)	1.0	0.8214384136689034	0.7443350369141459	99.7523427008139	0.8214384136689034	False	True
E3	NZ_CP140295.1	NZ_CP137424.1	0.535064935064935	[0.4, 0.8)	1.0	0.7616625050342328	0.7195384385929134	97.8226660306713	0.7616625050342328	False	True
E3	NZ_CP133748.1	NZ_CP137424.1	0.7029411764705882	[0.4, 0.8)	1.0	0.8633974864291528	0.8197280671583413	99.65674514634244	0.8633974864291528	True	True
E3	NZ_CP137424.1	CP137375.1	0.625	[0.4, 0.8)	1.0	0.944158496607688	0.6743217618968922	99.747879581336	0.944158496607688	False	True
E3	CP133748.1	NZ_CP137424.1	0.7029411764705882	[0.4, 0.8)	1.0	0.8633974864291528	0.8197280671583413	99.65674514634244	0.8633974864291528	True	True
E3	NZ_CP137399.1	CP140291.1	0.4037267080745341	[0.4, 0.8)	1.0	0.816532754516685	0.7913789902668871	97.89746400151785	0.816532754516685	False	True
E3	NZ_CP137399.1	NZ_CP140291.1	0.4037267080745341	[0.4, 0.8)	1.0	0.816532754516685	0.7913789902668871	97.89746400151785	0.816532754516685	False	True
E3	NZ_CP140295.1	NZ_CP137418.1	0.5012594458438288	[0.4, 0.8)	1.0	0.7303004430124849	0.6782811831671767	97.72707982394367	0.7303004430124849	False	True
E3	NZ_CP133748.1	NZ_CP137418.1	0.7026239067055393	[0.4, 0.8)	1.0	0.8705209795363801	0.81493346254969	99.67871089066776	0.8705209795363801	True	True
E3	NZ_CP137418.1	CP137375.1	0.628755364806867	[0.4, 0.8)	1.0	0.8625072160754719	0.6270016613462994	99.82942673138601	0.8625072160754719	False	True
E3	CP133748.1	NZ_CP137418.1	0.7026239067055393	[0.4, 0.8)	1.0	0.8705209795363801	0.81493346254969	99.67871089066776	0.8705209795363801	True	True
E3	NZ_CP141849.1	NZ_CP133867.1	0.417391304347826	[0.4, 0.8)	1.0	0.7612054288851056	0.48128234559697136	98.53159397585328	0.7612054288851056	False	True
E3	NZ_CP141849.1	CP133867.1	0.417391304347826	[0.4, 0.8)	1.0	0.7612054288851056	0.48128234559697136	98.53159397585328	0.7612054288851056	False	True
E3	CP137383.1	CP133747.1	0.55	[0.4, 0.8)	1.0	0.9189977503684741	0.7574128818417988	98.20995422024231	0.9189977503684741	False	True
E3	CP141541.1	CP133747.1	0.55	[0.4, 0.8)	1.0	0.8963011785383613	0.728861929076925	98.2032122861042	0.8963011785383613	False	True
E3	CP137377.1	CP133747.1	0.5392156862745098	[0.4, 0.8)	1.0	0.7998317426242348	0.7056474833954006	97.84265968738111	0.7998317426242348	False	True
E3	NZ_CP133873.1	CP133747.1	0.55	[0.4, 0.8)	1.0	0.9311662577844877	0.7574128818417988	98.26967352588667	0.9311662577844877	False	True
E3	NZ_CP141564.1	CP133747.1	0.54	[0.4, 0.8)	1.0	0.9932032520325204	0.7831868033426754	97.6850653968254	0.9932032520325204	False	True
E3	NZ_CP138477.1	CP133747.1	0.4803921568627451	[0.4, 0.8)	1.0	0.8860745949250993	0.7433357648353617	96.95939840937916	0.8860745949250993	False	True
E3	NZ_CP133846.1	CP133747.1	0.5757575757575758	[0.4, 0.8)	1.0	0.8960842899827017	0.728861929076925	98.39524673365952	0.8960842899827017	False	True
E3	CP133873.1	CP133747.1	0.55	[0.4, 0.8)	1.0	0.9311662577844877	0.7574128818417988	98.26967352588667	0.9311662577844877	False	True
E3	CP133849.1	CP133747.1	0.55	[0.4, 0.8)	1.0	0.9311640927248136	0.7574128818417988	98.26631244091828	0.9311640927248136	False	True
E3	CP138477.1	CP133747.1	0.4803921568627451	[0.4, 0.8)	1.0	0.8860745949250993	0.7433357648353617	96.95939840937916	0.8860745949250993	False	True
E3	CP133864.1	CP133747.1	0.55	[0.4, 0.8)	1.0	0.896081021576398	0.728861929076925	98.2061069273939	0.896081021576398	False	True
E3	CP133846.1	CP133747.1	0.5757575757575758	[0.4, 0.8)	1.0	0.8960842899827017	0.728861929076925	98.39524673365952	0.8960842899827017	False	True
E3	CP133747.1	CP141563.1	0.504424778761062	[0.4, 0.8)	1.0	0.7694808103300445	0.7626514882612444	98.26254659313645	0.7694808103300445	False	True
E3	NZ_CP137377.1	CP133747.1	0.5392156862745098	[0.4, 0.8)	1.0	0.7998317426242348	0.7056474833954006	97.84265968738111	0.7998317426242348	False	True
E3	CP137356.1	CP133747.1	0.5238095238095238	[0.4, 0.8)	1.0	0.763458130261409	0.7056218886372071	97.84634791428932	0.763458130261409	False	True
E3	NZ_CP137383.1	CP133747.1	0.55	[0.4, 0.8)	1.0	0.9189977503684741	0.7574128818417988	98.20995422024231	0.9189977503684741	False	True
E3	NZ_CP133849.1	CP133747.1	0.55	[0.4, 0.8)	1.0	0.9311640927248136	0.7574128818417988	98.26631244091828	0.9311640927248136	False	True
E3	NZ_CP137356.1	CP133747.1	0.5238095238095238	[0.4, 0.8)	1.0	0.763458130261409	0.7056218886372071	97.84634791428932	0.763458130261409	False	True
E3	CP141564.1	CP133747.1	0.54	[0.4, 0.8)	1.0	0.9932032520325204	0.7831868033426754	97.6850653968254	0.9932032520325204	False	True
E3	CP137383.1	NZ_CP133747.1	0.55	[0.4, 0.8)	1.0	0.9189977503684741	0.7574128818417988	98.20995422024231	0.9189977503684741	False	True
E3	CP141541.1	NZ_CP133747.1	0.55	[0.4, 0.8)	1.0	0.8963011785383613	0.728861929076925	98.2032122861042	0.8963011785383613	False	True
E3	CP137377.1	NZ_CP133747.1	0.5392156862745098	[0.4, 0.8)	1.0	0.7998317426242348	0.7056474833954006	97.84265968738111	0.7998317426242348	False	True
E3	NZ_CP133873.1	NZ_CP133747.1	0.55	[0.4, 0.8)	1.0	0.9311662577844877	0.7574128818417988	98.26967352588667	0.9311662577844877	False	True
E3	NZ_CP141564.1	NZ_CP133747.1	0.54	[0.4, 0.8)	1.0	0.9932032520325204	0.7831868033426754	97.6850653968254	0.9932032520325204	False	True
E3	NZ_CP138477.1	NZ_CP133747.1	0.4803921568627451	[0.4, 0.8)	1.0	0.8860745949250993	0.7433357648353617	96.95939840937916	0.8860745949250993	False	True
E3	NZ_CP133846.1	NZ_CP133747.1	0.5757575757575758	[0.4, 0.8)	1.0	0.8960842899827017	0.728861929076925	98.39524673365952	0.8960842899827017	False	True
E3	CP133873.1	NZ_CP133747.1	0.55	[0.4, 0.8)	1.0	0.9311662577844877	0.7574128818417988	98.26967352588667	0.9311662577844877	False	True
E3	CP133849.1	NZ_CP133747.1	0.55	[0.4, 0.8)	1.0	0.9311640927248136	0.7574128818417988	98.26631244091828	0.9311640927248136	False	True
E3	CP138477.1	NZ_CP133747.1	0.4803921568627451	[0.4, 0.8)	1.0	0.8860745949250993	0.7433357648353617	96.95939840937916	0.8860745949250993	False	True
E3	CP133864.1	NZ_CP133747.1	0.55	[0.4, 0.8)	1.0	0.896081021576398	0.728861929076925	98.2061069273939	0.896081021576398	False	True
E3	CP133846.1	NZ_CP133747.1	0.5757575757575758	[0.4, 0.8)	1.0	0.8960842899827017	0.728861929076925	98.39524673365952	0.8960842899827017	False	True
E3	NZ_CP133747.1	CP141563.1	0.504424778761062	[0.4, 0.8)	1.0	0.7694808103300445	0.7626514882612444	98.26254659313645	0.7694808103300445	False	True
E3	NZ_CP137377.1	NZ_CP133747.1	0.5392156862745098	[0.4, 0.8)	1.0	0.7998317426242348	0.7056474833954006	97.84265968738111	0.7998317426242348	False	True
E3	CP137356.1	NZ_CP133747.1	0.5238095238095238	[0.4, 0.8)	1.0	0.763458130261409	0.7056218886372071	97.84634791428932	0.763458130261409	False	True
E3	NZ_CP137383.1	NZ_CP133747.1	0.55	[0.4, 0.8)	1.0	0.9189977503684741	0.7574128818417988	98.20995422024231	0.9189977503684741	False	True
E3	NZ_CP133849.1	NZ_CP133747.1	0.55	[0.4, 0.8)	1.0	0.9311640927248136	0.7574128818417988	98.26631244091828	0.9311640927248136	False	True
E3	NZ_CP137356.1	NZ_CP133747.1	0.5238095238095238	[0.4, 0.8)	1.0	0.763458130261409	0.7056218886372071	97.84634791428932	0.763458130261409	False	True
E3	CP141564.1	NZ_CP133747.1	0.54	[0.4, 0.8)	1.0	0.9932032520325204	0.7831868033426754	97.6850653968254	0.9932032520325204	False	True
E3	CP140291.1	CP137353.1	0.4555555555555555	[0.4, 0.8)	1.0	0.8756707538079368	0.7638515206414062	98.17913813765344	0.8756707538079368	False	True
E3	CP137433.1	CP140291.1	0.5324675324675324	[0.4, 0.8)	1.0	0.8778063258616107	0.8756707538079368	98.1802814284273	0.8778063258616107	False	True
E3	CP137364.1	CP140291.1	0.5324675324675324	[0.4, 0.8)	1.0	0.8778074084574425	0.8756707538079368	98.18114171147268	0.8778074084574425	False	True
E3	NZ_CP137371.1	CP140291.1	0.5324675324675324	[0.4, 0.8)	1.0	0.8778052432465956	0.8756707538079368	98.18216243480717	0.8778052432465956	False	True
E3	NZ_CP138474.1	CP140291.1	0.5324675324675324	[0.4, 0.8)	1.0	0.8778052432465956	0.8756707538079368	98.18121278334291	0.8778052432465956	False	True
E3	CP137428.1	CP140291.1	0.5324675324675324	[0.4, 0.8)	1.0	0.8777996314409242	0.8756707538079368	98.18120316550826	0.8777996314409242	False	True
E3	NZ_CP137428.1	CP140291.1	0.5324675324675324	[0.4, 0.8)	1.0	0.8777996314409242	0.8756707538079368	98.18120316550826	0.8777996314409242	False	True
E3	NZ_CP137394.1	CP140291.1	0.525974025974026	[0.4, 0.8)	1.0	0.8778052432465956	0.8756707538079368	98.18123456304411	0.8778052432465956	False	True
E3	CP137371.1	CP140291.1	0.5324675324675324	[0.4, 0.8)	1.0	0.8778052432465956	0.8756707538079368	98.18216243480717	0.8778052432465956	False	True
E3	CP137389.1	CP140291.1	0.5324675324675324	[0.4, 0.8)	1.0	0.8777953007052486	0.8756619135600562	98.18402362625721	0.8777953007052486	False	True
E3	NZ_CP137433.1	CP140291.1	0.5324675324675324	[0.4, 0.8)	1.0	0.8778063258616107	0.8756707538079368	98.1802814284273	0.8778063258616107	False	True
E3	CP140291.1	NZ_CP137353.1	0.4555555555555555	[0.4, 0.8)	1.0	0.8756707538079368	0.7638515206414062	98.17913813765344	0.8756707538079368	False	True
E3	NZ_CP137358.1	CP140291.1	0.5324675324675324	[0.4, 0.8)	1.0	0.8778041606123967	0.8756707538079368	98.18109546146941	0.8778041606123967	False	True
E3	CP138474.1	CP140291.1	0.5324675324675324	[0.4, 0.8)	1.0	0.8778052432465956	0.8756707538079368	98.18121278334291	0.8778052432465956	False	True
E3	CP137394.1	CP140291.1	0.525974025974026	[0.4, 0.8)	1.0	0.8778052432465956	0.8756707538079368	98.18123456304411	0.8778052432465956	False	True
E3	CP137358.1	CP140291.1	0.5324675324675324	[0.4, 0.8)	1.0	0.8778041606123967	0.8756707538079368	98.18109546146941	0.8778041606123967	False	True
E3	CP137413.1	CP140291.1	0.5324675324675324	[0.4, 0.8)	1.0	0.8778052432465956	0.8756707538079368	98.18006747773104	0.8778052432465956	False	True
E3	CP137399.1	CP140291.1	0.4037267080745341	[0.4, 0.8)	1.0	0.816532754516685	0.7913789902668871	97.89746400151785	0.816532754516685	False	True
E3	NZ_CP137380.1	CP140291.1	0.5324675324675324	[0.4, 0.8)	1.0	0.8777974661114557	0.8756707538079368	98.18118930888035	0.8777974661114557	False	True
E3	NZ_CP137389.1	CP140291.1	0.5324675324675324	[0.4, 0.8)	1.0	0.8777953007052486	0.8756619135600562	98.18402362625721	0.8777953007052486	False	True
E3	NZ_CP137413.1	CP140291.1	0.5324675324675324	[0.4, 0.8)	1.0	0.8778052432465956	0.8756707538079368	98.18006747773104	0.8778052432465956	False	True
E3	NZ_CP141564.1	CP137383.1	0.5543478260869565	[0.4, 0.8)	1.0	0.9369268292682927	0.896408346908696	98.00242547649849	0.9369268292682927	False	True
E3	CP137383.1	NZ_CP138477.1	0.5053763440860215	[0.4, 0.8)	1.0	0.8156388177798464	0.8014674411494955	97.88888254467587	0.8156388177798464	False	True
E3	CP137383.1	CP138477.1	0.5053763440860215	[0.4, 0.8)	1.0	0.8156388177798464	0.8014674411494955	97.88888254467587	0.8156388177798464	False	True
E3	CP137383.1	CP137356.1	0.7951807228915663	[0.4, 0.8)	1.0	0.887487394306105	0.7917174346477626	99.17863259528514	0.887487394306105	False	True
E3	CP137383.1	NZ_CP137356.1	0.7951807228915663	[0.4, 0.8)	1.0	0.887487394306105	0.7917174346477626	99.17863259528514	0.887487394306105	False	True
E3	CP141564.1	CP137383.1	0.5543478260869565	[0.4, 0.8)	1.0	0.9369268292682927	0.896408346908696	98.00242547649849	0.9369268292682927	False	True
E3	NZ_CP140291.1	CP137353.1	0.4555555555555555	[0.4, 0.8)	1.0	0.8756707538079368	0.7638515206414062	98.17913813765344	0.8756707538079368	False	True
E3	NZ_CP141564.1	CP141541.1	0.5543478260869565	[0.4, 0.8)	1.0	0.8488455284552846	0.8193901730929178	98.03598114543856	0.8488455284552846	False	True
E3	CP141541.1	NZ_CP138477.1	0.5053763440860215	[0.4, 0.8)	1.0	0.7718092368532555	0.751681442983797	97.86661508138096	0.7718092368532555	False	True
E3	CP141541.1	CP138477.1	0.5053763440860215	[0.4, 0.8)	1.0	0.7718092368532555	0.751681442983797	97.86661508138096	0.7718092368532555	False	True
E3	CP141541.1	CP137356.1	0.7951807228915663	[0.4, 0.8)	1.0	0.9348272994052383	0.8227182100132919	99.26648819214824	0.9348272994052383	True	True
E3	CP141541.1	NZ_CP137356.1	0.7951807228915663	[0.4, 0.8)	1.0	0.9348272994052383	0.8227182100132919	99.26648819214824	0.9348272994052383	True	True
E3	CP141564.1	CP141541.1	0.5543478260869565	[0.4, 0.8)	1.0	0.8488455284552846	0.8193901730929178	98.03598114543856	0.8488455284552846	False	True
E3	CP137433.1	NZ_CP140291.1	0.5324675324675324	[0.4, 0.8)	1.0	0.8778063258616107	0.8756707538079368	98.1802814284273	0.8778063258616107	False	True
E3	NZ_CP140295.1	CP137382.1	0.5177664974619289	[0.4, 0.8)	1.0	0.7619009262988321	0.7104474384464293	97.77453054343515	0.7619009262988321	False	True
E3	NZ_CP133748.1	CP137382.1	0.7286135693215339	[0.4, 0.8)	1.0	0.8788076881172573	0.8236014920621573	99.71128968426119	0.8788076881172573	True	True
E3	CP137382.1	CP137375.1	0.6400862068965517	[0.4, 0.8)	1.0	0.9409061694727927	0.6818108674663165	99.6967413565852	0.9409061694727927	False	True
E3	CP133748.1	CP137382.1	0.7286135693215339	[0.4, 0.8)	1.0	0.8788076881172573	0.8236014920621573	99.71128968426119	0.8788076881172573	True	True
E3	CP141849.1	NZ_CP133867.1	0.417391304347826	[0.4, 0.8)	1.0	0.7612054288851056	0.48128234559697136	98.53159397585328	0.7612054288851056	False	True
E3	CP141849.1	CP133867.1	0.417391304347826	[0.4, 0.8)	1.0	0.7612054288851056	0.48128234559697136	98.53159397585328	0.7612054288851056	False	True
E3	NZ_CP141564.1	CP137377.1	0.6292134831460674	[0.4, 0.8)	1.0	0.8665365853658537	0.774738185721331	98.69254988438013	0.8665365853658537	False	True
E3	NZ_CP138477.1	CP137377.1	0.632183908045977	[0.4, 0.8)	1.0	0.945888107612351	0.8993501784108381	98.84378816039101	0.945888107612351	False	True
E3	NZ_CP133846.1	CP137377.1	0.7710843373493976	[0.4, 0.8)	1.0	0.9347224406353201	0.8618839024107221	99.02406735298075	0.9347224406353201	True	True
E3	CP138477.1	CP137377.1	0.632183908045977	[0.4, 0.8)	1.0	0.945888107612351	0.8993501784108381	98.84378816039101	0.945888107612351	False	True
E3	CP133846.1	CP137377.1	0.7710843373493976	[0.4, 0.8)	1.0	0.9347224406353201	0.8618839024107221	99.02406735298075	0.9347224406353201	True	True
E3	CP137377.1	CP141563.1	0.6947368421052632	[0.4, 0.8)	1.0	0.8753444924719329	0.7653896861213935	99.27666443108618	0.8753444924719329	False	True
E3	CP141564.1	CP137377.1	0.6292134831460674	[0.4, 0.8)	1.0	0.8665365853658537	0.774738185721331	98.69254988438013	0.8665365853658537	False	True
E3	NZ_CP140295.1	NZ_CP137382.1	0.5177664974619289	[0.4, 0.8)	1.0	0.7619009262988321	0.7104474384464293	97.77453054343515	0.7619009262988321	False	True
E3	NZ_CP133748.1	NZ_CP137382.1	0.7286135693215339	[0.4, 0.8)	1.0	0.8788076881172573	0.8236014920621573	99.71128968426119	0.8788076881172573	True	True
E3	NZ_CP137382.1	CP137375.1	0.6400862068965517	[0.4, 0.8)	1.0	0.9409061694727927	0.6818108674663165	99.6967413565852	0.9409061694727927	False	True
E3	CP133748.1	NZ_CP137382.1	0.7286135693215339	[0.4, 0.8)	1.0	0.8788076881172573	0.8236014920621573	99.71128968426119	0.8788076881172573	True	True
E3	CP137364.1	NZ_CP140291.1	0.5324675324675324	[0.4, 0.8)	1.0	0.8778074084574425	0.8756707538079368	98.18114171147268	0.8778074084574425	False	True
E3	NZ_CP141561.1	NZ_CP137370.1	0.5656565656565656	[0.4, 0.8)	1.0	0.8615428719261077	0.7629386127826066	99.42402131128922	0.8615428719261077	False	True
E3	CP141561.1	NZ_CP137370.1	0.5656565656565656	[0.4, 0.8)	1.0	0.8615428719261077	0.7629386127826066	99.42402131128922	0.8615428719261077	False	True
E3	NZ_CP137371.1	NZ_CP140291.1	0.5324675324675324	[0.4, 0.8)	1.0	0.8778052432465956	0.8756707538079368	98.18216243480717	0.8778052432465956	False	True
E3	NZ_CP138474.1	NZ_CP140291.1	0.5324675324675324	[0.4, 0.8)	1.0	0.8778052432465956	0.8756707538079368	98.18121278334291	0.8778052432465956	False	True
E3	CP137428.1	NZ_CP140291.1	0.5324675324675324	[0.4, 0.8)	1.0	0.8777996314409242	0.8756707538079368	98.18120316550826	0.8777996314409242	False	True
E3	NZ_CP137428.1	NZ_CP140291.1	0.5324675324675324	[0.4, 0.8)	1.0	0.8777996314409242	0.8756707538079368	98.18120316550826	0.8777996314409242	False	True
E3	CP140290.1	NZ_CP141555.1	0.7607843137254902	[0.4, 0.8)	1.0	0.8272067773504066	0.8264459125359704	99.10702634959549	0.8272067773504066	True	True
E3	NZ_CP140290.1	NZ_CP141555.1	0.7607843137254902	[0.4, 0.8)	1.0	0.8272067773504066	0.8264459125359704	99.10702634959549	0.8272067773504066	True	True
E3	NZ_CP140295.1	CP137400.1	0.5	[0.4, 0.8)	1.0	0.7921449859041482	0.6979818909483125	97.84315270060196	0.7921449859041482	False	True
E3	NZ_CP133748.1	CP137400.1	0.7082152974504249	[0.4, 0.8)	1.0	0.904145276960643	0.8008543612159745	99.73036244321766	0.904145276960643	True	True
E3	CP137400.1	CP137375.1	0.6659528907922913	[0.4, 0.8)	1.0	0.9165592801793875	0.7021471378743466	99.76468626503933	0.9165592801793875	False	True
E3	CP133748.1	CP137400.1	0.7082152974504249	[0.4, 0.8)	1.0	0.904145276960643	0.8008543612159745	99.73036244321766	0.904145276960643	True	True
E3	CP140290.1	CP141555.1	0.7607843137254902	[0.4, 0.8)	1.0	0.8272067773504066	0.8264459125359704	99.10702634959549	0.8272067773504066	True	True
E3	NZ_CP140290.1	CP141555.1	0.7607843137254902	[0.4, 0.8)	1.0	0.8272067773504066	0.8264459125359704	99.10702634959549	0.8272067773504066	True	True
E3	NZ_CP140295.1	NZ_CP137392.1	0.4735576923076923	[0.4, 0.8)	1.0	0.7251904953685059	0.6556486916579716	97.85026530974079	0.7251904953685059	False	True
E3	NZ_CP133748.1	NZ_CP137392.1	0.6331521739130435	[0.4, 0.8)	1.0	0.8214544359206065	0.7465972614877036	99.75296906030377	0.8214544359206065	False	True
E3	NZ_CP137392.1	CP137375.1	0.7017543859649122	[0.4, 0.8)	1.0	0.9165097666610319	0.6819826558925605	99.82930414572184	0.9165097666610319	False	True
E3	CP133748.1	NZ_CP137392.1	0.6331521739130435	[0.4, 0.8)	1.0	0.8214544359206065	0.7465972614877036	99.75296906030377	0.8214544359206065	False	True
E3	NZ_CP141564.1	NZ_CP133873.1	0.5543478260869565	[0.4, 0.8)	1.0	0.9369756097560976	0.9083632131848777	98.0640285901617	0.9369756097560976	False	True
E3	NZ_CP133873.1	NZ_CP138477.1	0.5053763440860215	[0.4, 0.8)	1.0	0.8256432031200855	0.8004280036686029	97.82229195598559	0.8256432031200855	False	True
E3	NZ_CP133873.1	CP138477.1	0.5053763440860215	[0.4, 0.8)	1.0	0.8256432031200855	0.8004280036686029	97.82229195598559	0.8256432031200855	False	True
E3	NZ_CP133873.1	CP137356.1	0.7951807228915663	[0.4, 0.8)	1.0	0.899666603761716	0.7918282011519716	99.24336712797931	0.899666603761716	False	True
E3	NZ_CP133873.1	NZ_CP137356.1	0.7951807228915663	[0.4, 0.8)	1.0	0.899666603761716	0.7918282011519716	99.24336712797931	0.899666603761716	False	True
E3	CP141564.1	NZ_CP133873.1	0.5543478260869565	[0.4, 0.8)	1.0	0.9369756097560976	0.9083632131848777	98.0640285901617	0.9369756097560976	False	True
E3	CP140290.1	NZ_CP133742.1	0.7607843137254902	[0.4, 0.8)	1.0	0.8305175519742928	0.8297450654561667	99.1115934472183	0.8305175519742928	True	True
E3	NZ_CP140290.1	NZ_CP133742.1	0.7607843137254902	[0.4, 0.8)	1.0	0.8305175519742928	0.8297450654561667	99.1115934472183	0.8305175519742928	True	True
E3	NZ_CP141564.1	NZ_CP133846.1	0.5652173913043478	[0.4, 0.8)	1.0	0.900650406504065	0.8732662368296902	97.81819054112245	0.900650406504065	False	True
E3	NZ_CP141564.1	CP133873.1	0.5543478260869565	[0.4, 0.8)	1.0	0.9369756097560976	0.9083632131848777	98.0640285901617	0.9369756097560976	False	True
E3	NZ_CP141564.1	CP133849.1	0.5543478260869565	[0.4, 0.8)	1.0	0.9369756097560976	0.9083603308904475	98.05727951275063	0.9369756097560976	False	True
E3	NZ_CP141564.1	CP133864.1	0.5543478260869565	[0.4, 0.8)	1.0	0.9006666666666666	0.8732779769767881	97.98709101837233	0.9006666666666666	False	True
E3	NZ_CP141564.1	CP133846.1	0.5652173913043478	[0.4, 0.8)	1.0	0.900650406504065	0.8732662368296902	97.81819054112245	0.900650406504065	False	True
E3	NZ_CP141564.1	CP141563.1	0.4766355140186916	[0.4, 0.8)	1.0	0.9006991869918699	0.7040464479488869	97.98362899377501	0.9006991869918699	False	True
E3	NZ_CP141564.1	NZ_CP137377.1	0.6292134831460674	[0.4, 0.8)	1.0	0.8665365853658537	0.774738185721331	98.69254988438013	0.8665365853658537	False	True
E3	NZ_CP141564.1	CP137356.1	0.6086956521739131	[0.4, 0.8)	1.0	0.8665853658536585	0.7395741027913159	98.69270552147239	0.8665853658536585	False	True
E3	NZ_CP141564.1	NZ_CP137383.1	0.5543478260869565	[0.4, 0.8)	1.0	0.9369268292682927	0.896408346908696	98.00242547649849	0.9369268292682927	False	True
E3	NZ_CP141564.1	NZ_CP133849.1	0.5543478260869565	[0.4, 0.8)	1.0	0.9369756097560976	0.9083603308904475	98.05727951275063	0.9369756097560976	False	True
E3	NZ_CP141564.1	NZ_CP137356.1	0.6086956521739131	[0.4, 0.8)	1.0	0.8665853658536585	0.7395741027913159	98.69270552147239	0.8665853658536585	False	True
E3	CP137411.1	NZ_CP141558.1	0.5205992509363296	[0.4, 0.8)	1.0	0.9479912986209512	0.8601874722908354	97.75048052527907	0.9479912986209512	False	True
E3	CP137411.1	NZ_CP140295.1	0.4053254437869822	[0.4, 0.8)	1.0	0.8826411479434011	0.5697978252114377	97.88451269680043	0.8826411479434011	False	True
E3	NZ_CP133743.1	CP137411.1	0.5215686274509804	[0.4, 0.8)	1.0	0.8896072083356482	0.8788841878380266	97.64185120124293	0.8896072083356482	False	True
E3	CP133743.1	CP137411.1	0.5215686274509804	[0.4, 0.8)	1.0	0.8896072083356482	0.8788841878380266	97.64185120124293	0.8896072083356482	False	True
E3	NZ_CP140295.1	NZ_CP137352.1	0.4903381642512077	[0.4, 0.8)	1.0	0.7653097060008055	0.679720804262373	97.75597069310922	0.7653097060008055	False	True
E3	NZ_CP133748.1	NZ_CP137352.1	0.6440217391304348	[0.4, 0.8)	1.0	0.8438695660533349	0.7535565105113531	99.63062293899738	0.8438695660533349	False	True
E3	NZ_CP137352.1	CP137375.1	0.7371937639198218	[0.4, 0.8)	1.0	0.9576940585016992	0.7297333147772839	99.88439207370533	0.9576940585016992	False	True
E3	CP133748.1	NZ_CP137352.1	0.6440217391304348	[0.4, 0.8)	1.0	0.8438695660533349	0.7535565105113531	99.63062293899738	0.8438695660533349	False	True
E3	NZ_CP133845.1	CP140290.1	0.6901960784313725	[0.4, 0.8)	1.0	0.8261230264077127	0.7675357450054369	99.03787671471751	0.8261230264077127	False	True
E3	NZ_CP133845.1	NZ_CP140290.1	0.6901960784313725	[0.4, 0.8)	1.0	0.8261230264077127	0.7675357450054369	99.03787671471751	0.8261230264077127	False	True
E3	NZ_CP137394.1	NZ_CP140291.1	0.525974025974026	[0.4, 0.8)	1.0	0.8778052432465956	0.8756707538079368	98.18123456304411	0.8778052432465956	False	True
E3	NZ_CP140295.1	NZ_CP137386.1	0.473170731707317	[0.4, 0.8)	1.0	0.698529198550141	0.6651740224663925	97.84698996847894	0.698529198550141	False	True
E3	NZ_CP133748.1	NZ_CP137386.1	0.6444444444444445	[0.4, 0.8)	1.0	0.8039741593124531	0.7694647351298263	99.66715529106115	0.8039741593124531	False	True
E3	NZ_CP137386.1	CP137375.1	0.6820175438596491	[0.4, 0.8)	1.0	0.9800902338714628	0.6980089938852019	99.81136260995345	0.9800902338714628	False	True
E3	CP133748.1	NZ_CP137386.1	0.6444444444444445	[0.4, 0.8)	1.0	0.8039741593124531	0.7694647351298263	99.66715529106115	0.8039741593124531	False	True
E3	NZ_CP140295.1	CP137424.1	0.535064935064935	[0.4, 0.8)	1.0	0.7616625050342328	0.7195384385929134	97.8226660306713	0.7616625050342328	False	True
E3	NZ_CP133748.1	CP137424.1	0.7029411764705882	[0.4, 0.8)	1.0	0.8633974864291528	0.8197280671583413	99.65674514634244	0.8633974864291528	True	True
E3	CP137424.1	CP137375.1	0.625	[0.4, 0.8)	1.0	0.944158496607688	0.6743217618968922	99.747879581336	0.944158496607688	False	True
E3	CP133748.1	CP137424.1	0.7029411764705882	[0.4, 0.8)	1.0	0.8633974864291528	0.8197280671583413	99.65674514634244	0.8633974864291528	True	True
E3	NZ_CP141579.1	NZ_CP133867.1	0.4392523364485981	[0.4, 0.8)	1.0	0.8942428991933943	0.4707001751948287	98.50093930592632	0.8942428991933943	False	True
E3	NZ_CP141579.1	CP133867.1	0.4392523364485981	[0.4, 0.8)	1.0	0.8942428991933943	0.4707001751948287	98.50093930592632	0.8942428991933943	False	True
E3	CP140290.1	NZ_CP141580.1	0.7607843137254902	[0.4, 0.8)	1.0	0.8271905480630346	0.8264230014752849	99.1071569574448	0.8271905480630346	True	True
E3	NZ_CP140290.1	NZ_CP141580.1	0.7607843137254902	[0.4, 0.8)	1.0	0.8271905480630346	0.8264230014752849	99.1071569574448	0.8271905480630346	True	True
E3	CP140290.1	CP141566.1	0.7607843137254902	[0.4, 0.8)	1.0	0.9067059415421069	0.9058805409984234	99.17355726037694	0.9067059415421069	True	True
E3	CP140290.1	CP141580.1	0.7607843137254902	[0.4, 0.8)	1.0	0.8271905480630346	0.8264230014752849	99.1071569574448	0.8271905480630346	True	True
E3	CP133845.1	CP140290.1	0.6901960784313725	[0.4, 0.8)	1.0	0.8261230264077127	0.7675357450054369	99.03787671471751	0.8261230264077127	False	True
E3	CP140290.1	NZ_CP141566.1	0.7607843137254902	[0.4, 0.8)	1.0	0.9067059415421069	0.9058805409984234	99.17355726037694	0.9067059415421069	True	True
E3	CP140290.1	CP133742.1	0.7607843137254902	[0.4, 0.8)	1.0	0.8305175519742928	0.8297450654561667	99.1115934472183	0.8305175519742928	True	True
E3	CP133741.1	NZ_CP133867.1	0.4392523364485981	[0.4, 0.8)	1.0	0.8942408777261693	0.4706901065265108	98.5008760464719	0.8942408777261693	False	True
E3	CP133741.1	CP133867.1	0.4392523364485981	[0.4, 0.8)	1.0	0.8942408777261693	0.4706901065265108	98.5008760464719	0.8942408777261693	False	True
E3	NZ_CP133846.1	NZ_CP138477.1	0.5161290322580645	[0.4, 0.8)	1.0	0.825648686900456	0.8004280036686029	97.64392697918841	0.825648686900456	False	True
E3	CP133873.1	NZ_CP138477.1	0.5053763440860215	[0.4, 0.8)	1.0	0.8256432031200855	0.8004280036686029	97.82229195598559	0.8256432031200855	False	True
E3	CP133849.1	NZ_CP138477.1	0.5053763440860215	[0.4, 0.8)	1.0	0.8256377189947472	0.8004280036686029	97.81642725427331	0.8256377189947472	False	True
E3	CP133864.1	NZ_CP138477.1	0.5053763440860215	[0.4, 0.8)	1.0	0.8256117506447758	0.8003974319779884	97.82398499279049	0.8256117506447758	False	True
E3	CP133846.1	NZ_CP138477.1	0.5161290322580645	[0.4, 0.8)	1.0	0.825648686900456	0.8004280036686029	97.64392697918841	0.825648686900456	False	True
E3	NZ_CP138477.1	CP141563.1	0.4351851851851852	[0.4, 0.8)	1.0	0.8146132681137267	0.6774631103899397	97.85664676607641	0.8146132681137267	False	True
E3	NZ_CP138477.1	NZ_CP137377.1	0.632183908045977	[0.4, 0.8)	1.0	0.945888107612351	0.8993501784108381	98.84378816039101	0.945888107612351	False	True
E3	NZ_CP138477.1	CP137356.1	0.6111111111111112	[0.4, 0.8)	1.0	0.9459798226841944	0.8724939078422685	98.86116613671238	0.9459798226841944	False	True
E3	NZ_CP137383.1	NZ_CP138477.1	0.5053763440860215	[0.4, 0.8)	1.0	0.8156388177798464	0.8014674411494955	97.88888254467587	0.8156388177798464	False	True
E3	NZ_CP133849.1	NZ_CP138477.1	0.5053763440860215	[0.4, 0.8)	1.0	0.8256377189947472	0.8004280036686029	97.81642725427331	0.8256377189947472	False	True
E3	NZ_CP138477.1	NZ_CP137356.1	0.6111111111111112	[0.4, 0.8)	1.0	0.9459798226841944	0.8724939078422685	98.86116613671238	0.9459798226841944	False	True
E3	NZ_CP140295.1	NZ_CP137372.1	0.486810551558753	[0.4, 0.8)	1.0	0.7631091421667338	0.6711483021659821	97.77883379527054	0.7631091421667338	False	True
E3	NZ_CP133748.1	NZ_CP137372.1	0.6344086021505376	[0.4, 0.8)	1.0	0.8438887927553786	0.7460208122503706	99.62496877645141	0.8438887927553786	False	True
E3	NZ_CP137372.1	CP137375.1	0.7284768211920529	[0.4, 0.8)	1.0	0.962182479951697	0.7376616768290031	99.8219321329721	0.962182479951697	False	True
E3	CP133748.1	NZ_CP137372.1	0.6344086021505376	[0.4, 0.8)	1.0	0.8438887927553786	0.7460208122503706	99.62496877645141	0.8438887927553786	False	True
E3	NZ_CP133846.1	CP138477.1	0.5161290322580645	[0.4, 0.8)	1.0	0.825648686900456	0.8004280036686029	97.64392697918841	0.825648686900456	False	True
E3	NZ_CP133846.1	CP141563.1	0.7777777777777778	[0.4, 0.8)	1.0	1.0	0.8061710866588916	99.76421923107162	1.0	True	True
E3	NZ_CP133846.1	NZ_CP137377.1	0.7710843373493976	[0.4, 0.8)	1.0	0.9347224406353201	0.8618839024107221	99.02406735298075	0.9347224406353201	True	True
E3	NZ_CP133846.1	CP137356.1	0.7441860465116279	[0.4, 0.8)	1.0	0.9347224406353201	0.8227182100132919	99.0262556519984	0.9347224406353201	True	True
E3	NZ_CP133846.1	NZ_CP137356.1	0.7441860465116279	[0.4, 0.8)	1.0	0.9347224406353201	0.8227182100132919	99.0262556519984	0.9347224406353201	True	True
E3	CP141564.1	NZ_CP133846.1	0.5652173913043478	[0.4, 0.8)	1.0	0.900650406504065	0.8732662368296902	97.81819054112245	0.900650406504065	False	True
E3	CP133873.1	CP138477.1	0.5053763440860215	[0.4, 0.8)	1.0	0.8256432031200855	0.8004280036686029	97.82229195598559	0.8256432031200855	False	True
E3	CP133873.1	CP137356.1	0.7951807228915663	[0.4, 0.8)	1.0	0.899666603761716	0.7918282011519716	99.24336712797931	0.899666603761716	False	True
E3	CP133873.1	NZ_CP137356.1	0.7951807228915663	[0.4, 0.8)	1.0	0.899666603761716	0.7918282011519716	99.24336712797931	0.899666603761716	False	True
E3	CP141564.1	CP133873.1	0.5543478260869565	[0.4, 0.8)	1.0	0.9369756097560976	0.9083632131848777	98.0640285901617	0.9369756097560976	False	True
E3	NZ_CP140295.1	CP137418.1	0.5012594458438288	[0.4, 0.8)	1.0	0.7303004430124849	0.6782811831671767	97.72707982394367	0.7303004430124849	False	True
E3	NZ_CP133748.1	CP137418.1	0.7026239067055393	[0.4, 0.8)	1.0	0.8705209795363801	0.81493346254969	99.67871089066776	0.8705209795363801	True	True
E3	CP137418.1	CP137375.1	0.628755364806867	[0.4, 0.8)	1.0	0.8625072160754719	0.6270016613462994	99.82942673138601	0.8625072160754719	False	True
E3	CP133748.1	CP137418.1	0.7026239067055393	[0.4, 0.8)	1.0	0.8705209795363801	0.81493346254969	99.67871089066776	0.8705209795363801	True	True
E3	NZ_CP133857.1	CP141854.1	0.4279176201372998	[0.4, 0.8)	1.0	0.707844288602561	0.6157485480092997	99.86232816336538	0.707844288602561	False	True
E3	NZ_CP133857.1	NZ_CP141854.1	0.4279176201372998	[0.4, 0.8)	1.0	0.707844288602561	0.6157485480092997	99.86232816336538	0.707844288602561	False	True
E3	CP133857.1	CP141854.1	0.4279176201372998	[0.4, 0.8)	1.0	0.707844288602561	0.6157485480092997	99.86232816336538	0.707844288602561	False	True
E3	CP133857.1	NZ_CP141854.1	0.4279176201372998	[0.4, 0.8)	1.0	0.707844288602561	0.6157485480092997	99.86232816336538	0.707844288602561	False	True
E3	NZ_CP141558.1	NZ_CP140295.1	0.466472303206997	[0.4, 0.8)	1.0	0.7876143427159957	0.561356423681031	98.26966381218955	0.7876143427159957	False	True
E3	NZ_CP133743.1	NZ_CP141558.1	0.6186770428015564	[0.4, 0.8)	1.0	0.9400534362325941	0.8420238321435357	98.53423958601736	0.9400534362325941	False	True
E3	NZ_CP137411.1	NZ_CP141558.1	0.5205992509363296	[0.4, 0.8)	1.0	0.9479912986209512	0.8601874722908354	97.75048052527907	0.9479912986209512	False	True
E3	CP133743.1	NZ_CP141558.1	0.6186770428015564	[0.4, 0.8)	1.0	0.9400534362325941	0.8420238321435357	98.53423958601736	0.9400534362325941	False	True
E3	NZ_CP140295.1	CP137386.1	0.473170731707317	[0.4, 0.8)	1.0	0.698529198550141	0.6651740224663925	97.84698996847894	0.698529198550141	False	True
E3	NZ_CP133748.1	CP137386.1	0.6444444444444445	[0.4, 0.8)	1.0	0.8039741593124531	0.7694647351298263	99.66715529106115	0.8039741593124531	False	True
E3	CP137386.1	CP137375.1	0.6820175438596491	[0.4, 0.8)	1.0	0.9800902338714628	0.6980089938852019	99.81136260995345	0.9800902338714628	False	True
E3	CP133748.1	CP137386.1	0.6444444444444445	[0.4, 0.8)	1.0	0.8039741593124531	0.7694647351298263	99.66715529106115	0.8039741593124531	False	True
E3	NZ_CP140295.1	CP137435.1	0.473170731707317	[0.4, 0.8)	1.0	0.6989995972613774	0.6656149483143861	97.83776249183767	0.6989995972613774	False	True
E3	NZ_CP133748.1	CP137435.1	0.6444444444444445	[0.4, 0.8)	1.0	0.8039933860144969	0.7694803201807155	99.66443219852731	0.8039933860144969	False	True
E3	CP137435.1	CP137375.1	0.6820175438596491	[0.4, 0.8)	1.0	0.9800899894418936	0.6980089938852019	99.80848514753562	0.9800899894418936	False	True
E3	CP133748.1	CP137435.1	0.6444444444444445	[0.4, 0.8)	1.0	0.8039933860144969	0.7694803201807155	99.66443219852731	0.8039933860144969	False	True
E3	CP137371.1	NZ_CP140291.1	0.5324675324675324	[0.4, 0.8)	1.0	0.8778052432465956	0.8756707538079368	98.18216243480717	0.8778052432465956	False	True
E3	CP137389.1	NZ_CP140291.1	0.5324675324675324	[0.4, 0.8)	1.0	0.8777953007052486	0.8756619135600562	98.18402362625721	0.8777953007052486	False	True
E3	NZ_CP137433.1	NZ_CP140291.1	0.5324675324675324	[0.4, 0.8)	1.0	0.8778063258616107	0.8756707538079368	98.1802814284273	0.8778063258616107	False	True
E3	NZ_CP140291.1	NZ_CP137353.1	0.4555555555555555	[0.4, 0.8)	1.0	0.8756707538079368	0.7638515206414062	98.17913813765344	0.8756707538079368	False	True
E3	NZ_CP137358.1	NZ_CP140291.1	0.5324675324675324	[0.4, 0.8)	1.0	0.8778041606123967	0.8756707538079368	98.18109546146941	0.8778041606123967	False	True
E3	CP138474.1	NZ_CP140291.1	0.5324675324675324	[0.4, 0.8)	1.0	0.8778052432465956	0.8756707538079368	98.18121278334291	0.8778052432465956	False	True
E3	CP137394.1	NZ_CP140291.1	0.525974025974026	[0.4, 0.8)	1.0	0.8778052432465956	0.8756707538079368	98.18123456304411	0.8778052432465956	False	True
E3	CP137358.1	NZ_CP140291.1	0.5324675324675324	[0.4, 0.8)	1.0	0.8778041606123967	0.8756707538079368	98.18109546146941	0.8778041606123967	False	True
E3	CP137413.1	NZ_CP140291.1	0.5324675324675324	[0.4, 0.8)	1.0	0.8778052432465956	0.8756707538079368	98.18006747773104	0.8778052432465956	False	True
E3	CP137399.1	NZ_CP140291.1	0.4037267080745341	[0.4, 0.8)	1.0	0.816532754516685	0.7913789902668871	97.89746400151785	0.816532754516685	False	True
E3	NZ_CP137380.1	NZ_CP140291.1	0.5324675324675324	[0.4, 0.8)	1.0	0.8777974661114557	0.8756707538079368	98.18118930888035	0.8777974661114557	False	True
E3	NZ_CP137389.1	NZ_CP140291.1	0.5324675324675324	[0.4, 0.8)	1.0	0.8777953007052486	0.8756619135600562	98.18402362625721	0.8777953007052486	False	True
E3	NZ_CP137413.1	NZ_CP140291.1	0.5324675324675324	[0.4, 0.8)	1.0	0.8778052432465956	0.8756707538079368	98.18006747773104	0.8778052432465956	False	True
E3	NZ_CP140290.1	CP141566.1	0.7607843137254902	[0.4, 0.8)	1.0	0.9067059415421069	0.9058805409984234	99.17355726037694	0.9067059415421069	True	True
E3	CP133849.1	CP138477.1	0.5053763440860215	[0.4, 0.8)	1.0	0.8256377189947472	0.8004280036686029	97.81642725427331	0.8256377189947472	False	True
E3	CP133849.1	CP137356.1	0.7951807228915663	[0.4, 0.8)	1.0	0.8996634479287894	0.7918282011519716	99.23634302538922	0.8996634479287894	False	True
E3	CP133849.1	NZ_CP137356.1	0.7951807228915663	[0.4, 0.8)	1.0	0.8996634479287894	0.7918282011519716	99.23634302538922	0.8996634479287894	False	True
E3	CP141564.1	CP133849.1	0.5543478260869565	[0.4, 0.8)	1.0	0.9369756097560976	0.9083603308904475	98.05727951275063	0.9369756097560976	False	True
E3	NZ_CP140295.1	CP137372.1	0.486810551558753	[0.4, 0.8)	1.0	0.7631091421667338	0.6711483021659821	97.77883379527054	0.7631091421667338	False	True
E3	NZ_CP140295.1	NZ_CP137400.1	0.5	[0.4, 0.8)	1.0	0.7921449859041482	0.6979818909483125	97.84315270060196	0.7921449859041482	False	True
E3	NZ_CP140295.1	NZ_CP133748.1	0.4395886889460154	[0.4, 0.8)	1.0	0.6735271848570278	0.6702236065447694	97.89732531569456	0.6735271848570278	False	True
E3	NZ_CP140295.1	NZ_CP137363.1	0.5364583333333334	[0.4, 0.8)	1.0	0.7616625050342328	0.719527970804075	97.82342339919882	0.7616625050342328	False	True
E3	NZ_CP140295.1	NZ_CP137435.1	0.473170731707317	[0.4, 0.8)	1.0	0.6989995972613774	0.6656149483143861	97.83776249183767	0.6989995972613774	False	True
E3	NZ_CP133743.1	NZ_CP140295.1	0.4098837209302325	[0.4, 0.8)	1.0	0.8735056289868833	0.557602899718083	97.99275823731787	0.8735056289868833	False	True
E3	NZ_CP137411.1	NZ_CP140295.1	0.4053254437869822	[0.4, 0.8)	1.0	0.8826411479434011	0.5697978252114377	97.88451269680043	0.8826411479434011	False	True
E3	NZ_CP140295.1	CP137352.1	0.4903381642512077	[0.4, 0.8)	1.0	0.7653097060008055	0.679720804262373	97.75597069310922	0.7653097060008055	False	True
E3	NZ_CP140295.1	NZ_CP138475.1	0.4769975786924939	[0.4, 0.8)	1.0	0.7218139347563431	0.6675361610283683	97.78369744769466	0.7218139347563431	False	True
E3	NZ_CP140295.1	CP137392.1	0.4735576923076923	[0.4, 0.8)	1.0	0.7251904953685059	0.6556486916579716	97.85026530974079	0.7251904953685059	False	True
E3	CP133743.1	NZ_CP140295.1	0.4098837209302325	[0.4, 0.8)	1.0	0.8735056289868833	0.557602899718083	97.99275823731787	0.8735056289868833	False	True
E3	NZ_CP140295.1	CP137363.1	0.5364583333333334	[0.4, 0.8)	1.0	0.7616625050342328	0.719527970804075	97.82342339919882	0.7616625050342328	False	True
E3	NZ_CP140295.1	NZ_CP137360.1	0.4735576923076923	[0.4, 0.8)	1.0	0.7255094643576319	0.6539396880093673	97.83369415918698	0.7255094643576319	False	True
E3	NZ_CP140295.1	CP133748.1	0.4395886889460154	[0.4, 0.8)	1.0	0.6735271848570278	0.6702236065447694	97.89732531569456	0.6735271848570278	False	True
E3	CP133864.1	CP138477.1	0.5053763440860215	[0.4, 0.8)	1.0	0.8256117506447758	0.8003974319779884	97.82398499279049	0.8256117506447758	False	True
E3	CP133846.1	CP138477.1	0.5161290322580645	[0.4, 0.8)	1.0	0.825648686900456	0.8004280036686029	97.64392697918841	0.825648686900456	False	True
E3	CP138477.1	CP141563.1	0.4351851851851852	[0.4, 0.8)	1.0	0.8146132681137267	0.6774631103899397	97.85664676607641	0.8146132681137267	False	True
E3	CP138477.1	NZ_CP137377.1	0.632183908045977	[0.4, 0.8)	1.0	0.945888107612351	0.8993501784108381	98.84378816039101	0.945888107612351	False	True
E3	CP138477.1	CP137356.1	0.6111111111111112	[0.4, 0.8)	1.0	0.9459798226841944	0.8724939078422685	98.86116613671238	0.9459798226841944	False	True
E3	NZ_CP137383.1	CP138477.1	0.5053763440860215	[0.4, 0.8)	1.0	0.8156388177798464	0.8014674411494955	97.88888254467587	0.8156388177798464	False	True
E3	NZ_CP133849.1	CP138477.1	0.5053763440860215	[0.4, 0.8)	1.0	0.8256377189947472	0.8004280036686029	97.81642725427331	0.8256377189947472	False	True
E3	CP138477.1	NZ_CP137356.1	0.6111111111111112	[0.4, 0.8)	1.0	0.9459798226841944	0.8724939078422685	98.86116613671238	0.9459798226841944	False	True
E3	CP133864.1	CP137356.1	0.7951807228915663	[0.4, 0.8)	1.0	0.9347203874944958	0.8227182100132919	99.2698577724696	0.9347203874944958	True	True
E3	CP133864.1	NZ_CP137356.1	0.7951807228915663	[0.4, 0.8)	1.0	0.9347203874944958	0.8227182100132919	99.2698577724696	0.9347203874944958	True	True
E3	CP141564.1	CP133864.1	0.5543478260869565	[0.4, 0.8)	1.0	0.9006666666666666	0.8732779769767881	97.98709101837233	0.9006666666666666	False	True
E3	CP133846.1	CP141563.1	0.7777777777777778	[0.4, 0.8)	1.0	1.0	0.8061710866588916	99.76421923107162	1.0	True	True
E3	CP133846.1	NZ_CP137377.1	0.7710843373493976	[0.4, 0.8)	1.0	0.9347224406353201	0.8618839024107221	99.02406735298075	0.9347224406353201	True	True
E3	CP133846.1	CP137356.1	0.7441860465116279	[0.4, 0.8)	1.0	0.9347224406353201	0.8227182100132919	99.0262556519984	0.9347224406353201	True	True
E3	CP133846.1	NZ_CP137356.1	0.7441860465116279	[0.4, 0.8)	1.0	0.9347224406353201	0.8227182100132919	99.0262556519984	0.9347224406353201	True	True
E3	CP141564.1	CP133846.1	0.5652173913043478	[0.4, 0.8)	1.0	0.900650406504065	0.8732662368296902	97.81819054112245	0.900650406504065	False	True
E3	NZ_CP133748.1	CP137372.1	0.6344086021505376	[0.4, 0.8)	1.0	0.8438887927553786	0.7460208122503706	99.62496877645141	0.8438887927553786	False	True
E3	CP137372.1	CP137375.1	0.7284768211920529	[0.4, 0.8)	1.0	0.962182479951697	0.7376616768290031	99.8219321329721	0.962182479951697	False	True
E3	CP133748.1	CP137372.1	0.6344086021505376	[0.4, 0.8)	1.0	0.8438887927553786	0.7460208122503706	99.62496877645141	0.8438887927553786	False	True
E3	NZ_CP133748.1	NZ_CP137400.1	0.7082152974504249	[0.4, 0.8)	1.0	0.904145276960643	0.8008543612159745	99.73036244321766	0.904145276960643	True	True
E3	NZ_CP137400.1	CP137375.1	0.6659528907922913	[0.4, 0.8)	1.0	0.9165592801793875	0.7021471378743466	99.76468626503933	0.9165592801793875	False	True
E3	CP133748.1	NZ_CP137400.1	0.7082152974504249	[0.4, 0.8)	1.0	0.904145276960643	0.8008543612159745	99.73036244321766	0.904145276960643	True	True
E3	NZ_CP133748.1	NZ_CP137363.1	0.7	[0.4, 0.8)	1.0	0.8633974864291528	0.8197261207954002	99.65489493620638	0.8633974864291528	True	True
E3	NZ_CP133748.1	NZ_CP137435.1	0.6444444444444445	[0.4, 0.8)	1.0	0.8039933860144969	0.7694803201807155	99.66443219852731	0.8039933860144969	False	True
E3	NZ_CP133748.1	CP137352.1	0.6440217391304348	[0.4, 0.8)	1.0	0.8438695660533349	0.7535565105113531	99.63062293899738	0.8438695660533349	False	True
E3	NZ_CP133748.1	NZ_CP138475.1	0.6205962059620597	[0.4, 0.8)	1.0	0.8067139643536944	0.7498360382060791	99.68953792265351	0.8067139643536944	False	True
E3	NZ_CP133748.1	CP137392.1	0.6331521739130435	[0.4, 0.8)	1.0	0.8214544359206065	0.7465972614877036	99.75296906030377	0.8214544359206065	False	True
E3	NZ_CP133748.1	CP137363.1	0.7	[0.4, 0.8)	1.0	0.8633974864291528	0.8197261207954002	99.65489493620638	0.8633974864291528	True	True
E3	NZ_CP133748.1	NZ_CP137360.1	0.6331521739130435	[0.4, 0.8)	1.0	0.8214384136689034	0.7443350369141459	99.7523427008139	0.8214384136689034	False	True
E3	NZ_CP133748.1	CP137375.1	0.4876543209876543	[0.4, 0.8)	1.0	0.840934289541315	0.5706398357789627	99.4725156179784	0.840934289541315	False	True
E3	NZ_CP140290.1	CP141580.1	0.7607843137254902	[0.4, 0.8)	1.0	0.8271905480630346	0.8264230014752849	99.1071569574448	0.8271905480630346	True	True
E3	NZ_CP137363.1	CP137375.1	0.6263498920086393	[0.4, 0.8)	1.0	0.9441557927673732	0.6743217618968922	99.7481658954491	0.9441557927673732	False	True
E3	CP133748.1	NZ_CP137363.1	0.7	[0.4, 0.8)	1.0	0.8633974864291528	0.8197261207954002	99.65489493620638	0.8633974864291528	True	True
E3	CP133845.1	NZ_CP140290.1	0.6901960784313725	[0.4, 0.8)	1.0	0.8261230264077127	0.7675357450054369	99.03787671471751	0.8261230264077127	False	True
E3	NZ_CP137435.1	CP137375.1	0.6820175438596491	[0.4, 0.8)	1.0	0.9800899894418936	0.6980089938852019	99.80848514753562	0.9800899894418936	False	True
E3	CP133748.1	NZ_CP137435.1	0.6444444444444445	[0.4, 0.8)	1.0	0.8039933860144969	0.7694803201807155	99.66443219852731	0.8039933860144969	False	True
E3	NZ_CP137377.1	CP141563.1	0.6947368421052632	[0.4, 0.8)	1.0	0.8753444924719329	0.7653896861213935	99.27666443108618	0.8753444924719329	False	True
E3	CP137356.1	CP141563.1	0.673469387755102	[0.4, 0.8)	1.0	0.8355671245015507	0.7653896861213935	99.27797688244159	0.8355671245015507	False	True
E3	NZ_CP137356.1	CP141563.1	0.673469387755102	[0.4, 0.8)	1.0	0.8355671245015507	0.7653896861213935	99.27797688244159	0.8355671245015507	False	True
E3	CP141564.1	CP141563.1	0.4766355140186916	[0.4, 0.8)	1.0	0.9006991869918699	0.7040464479488869	97.98362899377501	0.9006991869918699	False	True
E3	NZ_CP133743.1	NZ_CP137411.1	0.5215686274509804	[0.4, 0.8)	1.0	0.8896072083356482	0.8788841878380266	97.64185120124293	0.8896072083356482	False	True
E3	CP141564.1	NZ_CP137377.1	0.6292134831460674	[0.4, 0.8)	1.0	0.8665365853658537	0.774738185721331	98.69254988438013	0.8665365853658537	False	True
E3	NZ_CP137383.1	CP137356.1	0.7951807228915663	[0.4, 0.8)	1.0	0.887487394306105	0.7917174346477626	99.17863259528514	0.887487394306105	False	True
E3	NZ_CP133849.1	CP137356.1	0.7951807228915663	[0.4, 0.8)	1.0	0.8996634479287894	0.7918282011519716	99.23634302538922	0.8996634479287894	False	True
E3	CP141564.1	CP137356.1	0.6086956521739131	[0.4, 0.8)	1.0	0.8665853658536585	0.7395741027913159	98.69270552147239	0.8665853658536585	False	True
E3	CP133743.1	NZ_CP137411.1	0.5215686274509804	[0.4, 0.8)	1.0	0.8896072083356482	0.8788841878380266	97.64185120124293	0.8896072083356482	False	True
E3	CP137352.1	CP137375.1	0.7371937639198218	[0.4, 0.8)	1.0	0.9576940585016992	0.7297333147772839	99.88439207370533	0.9576940585016992	False	True
E3	CP133748.1	CP137352.1	0.6440217391304348	[0.4, 0.8)	1.0	0.8438695660533349	0.7535565105113531	99.63062293899738	0.8438695660533349	False	True
E3	NZ_CP140290.1	NZ_CP141566.1	0.7607843137254902	[0.4, 0.8)	1.0	0.9067059415421069	0.9058805409984234	99.17355726037694	0.9067059415421069	True	True
E3	NZ_CP140290.1	CP133742.1	0.7607843137254902	[0.4, 0.8)	1.0	0.8305175519742928	0.8297450654561667	99.1115934472183	0.8305175519742928	True	True
E3	NZ_CP138475.1	CP137375.1	0.7101769911504425	[0.4, 0.8)	1.0	0.9956237106640751	0.7300507971852792	99.84591545781886	0.9956237106640751	False	True
E3	CP133748.1	NZ_CP138475.1	0.6205962059620597	[0.4, 0.8)	1.0	0.8067139643536944	0.7498360382060791	99.68953792265351	0.8067139643536944	False	True
E3	CP137392.1	CP137375.1	0.7017543859649122	[0.4, 0.8)	1.0	0.9165097666610319	0.6819826558925605	99.82930414572184	0.9165097666610319	False	True
E3	CP133748.1	CP137392.1	0.6331521739130435	[0.4, 0.8)	1.0	0.8214544359206065	0.7465972614877036	99.75296906030377	0.8214544359206065	False	True
E3	NZ_CP137383.1	NZ_CP137356.1	0.7951807228915663	[0.4, 0.8)	1.0	0.887487394306105	0.7917174346477626	99.17863259528514	0.887487394306105	False	True
E3	CP141564.1	NZ_CP137383.1	0.5543478260869565	[0.4, 0.8)	1.0	0.9369268292682927	0.896408346908696	98.00242547649849	0.9369268292682927	False	True
E3	NZ_CP133741.1	NZ_CP133867.1	0.4392523364485981	[0.4, 0.8)	1.0	0.8942408777261693	0.4706901065265108	98.5008760464719	0.8942408777261693	False	True
E3	NZ_CP133741.1	CP133867.1	0.4392523364485981	[0.4, 0.8)	1.0	0.8942408777261693	0.4706901065265108	98.5008760464719	0.8942408777261693	False	True
E3	CP141579.1	NZ_CP133867.1	0.4392523364485981	[0.4, 0.8)	1.0	0.8942428991933943	0.4707001751948287	98.50093930592632	0.8942428991933943	False	True
E3	CP141579.1	CP133867.1	0.4392523364485981	[0.4, 0.8)	1.0	0.8942428991933943	0.4707001751948287	98.50093930592632	0.8942428991933943	False	True
E3	NZ_CP133849.1	NZ_CP137356.1	0.7951807228915663	[0.4, 0.8)	1.0	0.8996634479287894	0.7918282011519716	99.23634302538922	0.8996634479287894	False	True
E3	CP141564.1	NZ_CP133849.1	0.5543478260869565	[0.4, 0.8)	1.0	0.9369756097560976	0.9083603308904475	98.05727951275063	0.9369756097560976	False	True
E3	CP137363.1	CP137375.1	0.6263498920086393	[0.4, 0.8)	1.0	0.9441557927673732	0.6743217618968922	99.7481658954491	0.9441557927673732	False	True
E3	CP133748.1	CP137363.1	0.7	[0.4, 0.8)	1.0	0.8633974864291528	0.8197261207954002	99.65489493620638	0.8633974864291528	True	True
E3	NZ_CP137360.1	CP137375.1	0.7017543859649122	[0.4, 0.8)	1.0	0.9336039305357418	0.7010881383353484	99.88819909184546	0.9336039305357418	False	True
E3	CP133748.1	NZ_CP137360.1	0.6331521739130435	[0.4, 0.8)	1.0	0.8214384136689034	0.7443350369141459	99.7523427008139	0.8214384136689034	False	True
E3	CP141564.1	NZ_CP137356.1	0.6086956521739131	[0.4, 0.8)	1.0	0.8665853658536585	0.7395741027913159	98.69270552147239	0.8665853658536585	False	True
E3	CP133748.1	CP137375.1	0.4876543209876543	[0.4, 0.8)	1.0	0.840934289541315	0.5706398357789627	99.4725156179784	0.840934289541315	False	True
E3	NZ_CP133849.1	NZ_CP133864.1	1.0	[0.8, 1)	2.4916666666666667	0.9528512565659107	0.9528512565659107	99.98820888749546	0.9528512565659107	True	True
E3	NZ_CP141859.1	CP141859.1	1.0	[0.8, 1)	2.4916666666666667	1.0	1.0	100.0	1.0	True	True
E3	NZ_CP141541.1	NZ_CP141563.1	0.8275862068965517	[0.8, 1)	2.4916666666666667	1.0	0.8061710866588916	99.98434193760983	1.0	True	True
E3	CP133873.1	NZ_CP141563.1	0.8275862068965517	[0.8, 1)	2.4916666666666667	0.9528527395105995	0.7681659145073779	99.99191815991816	0.9528527395105995	False	True
E3	CP133849.1	NZ_CP141563.1	0.8275862068965517	[0.8, 1)	2.4916666666666667	0.9738936243827258	0.7850514679782973	99.98909790243665	0.9738936243827258	False	True
E3	CP133864.1	NZ_CP141563.1	0.8275862068965517	[0.8, 1)	2.4916666666666667	1.0	0.8061710866588916	99.99217051923138	1.0	True	True
E3	CP133750.1	NZ_CP133750.1	1.0	[0.8, 1)	2.4916666666666667	1.0	1.0	100.0	1.0	True	True
E3	NZ_CP137424.1	CP138475.1	0.8179190751445087	[0.8, 1)	2.4916666666666667	0.9168525919455038	0.8977921799167671	99.94628426256521	0.9168525919455038	True	True
E3	NZ_CP137418.1	CP138475.1	0.8702064896755162	[0.8, 1)	2.4916666666666667	0.9236815893611866	0.9200373236665434	99.96488716547664	0.9236815893611866	True	True
E3	CP138475.1	CP137400.1	0.8710601719197708	[0.8, 1)	2.4916666666666667	0.9471834344927916	0.9047429820328687	99.90908332941201	0.9471834344927916	True	True
E3	NZ_CP137386.1	CP138475.1	0.9573170731707316	[0.8, 1)	2.4916666666666667	0.984558958934381	0.9560552581056748	99.92748514025729	0.984558958934381	True	True
E3	CP137418.1	CP138475.1	0.8702064896755162	[0.8, 1)	2.4916666666666667	0.9236815893611866	0.9200373236665434	99.96488716547664	0.9236815893611866	True	True
E3	NZ_CP137363.1	CP138475.1	0.8202898550724638	[0.8, 1)	2.4916666666666667	0.9168500543314493	0.8977921799167671	99.94647934666432	0.9168500543314493	True	True
E3	CP138475.1	CP137352.1	0.9610778443113772	[0.8, 1)	2.4916666666666667	0.9955700504406101	0.9563083864650762	99.98032135380426	0.9955700504406101	True	True
E3	CP137363.1	CP138475.1	0.8202898550724638	[0.8, 1)	2.4916666666666667	0.9168500543314493	0.8977921799167671	99.94647934666432	0.9168500543314493	True	True
E3	CP133861.1	NZ_CP133861.1	1.0	[0.8, 1)	2.4916666666666667	1.0	1.0	100.0	1.0	True	True
E3	NZ_CP133746.1	CP137367.1	0.9285714285714286	[0.8, 1)	2.4916666666666667	1.0	1.0	99.31171490025274	1.0	True	True
E3	NZ_CP133746.1	CP141567.1	0.9285714285714286	[0.8, 1)	2.4916666666666667	1.0	1.0	99.26307990106464	1.0	True	True
E3	NZ_CP133746.1	CP137429.1	0.9285714285714286	[0.8, 1)	2.4916666666666667	1.0	1.0	99.3009295085493	1.0	True	True
E3	NZ_CP141541.1	CP137383.1	1.0	[0.8, 1)	2.4916666666666667	0.9649890934199583	0.9522612675510046	99.7773272706586	0.9649890934199583	True	True
E3	NZ_CP141541.1	CP137377.1	0.825	[0.8, 1)	2.4916666666666667	0.9348272994052383	0.8618839024107221	99.26469133419495	0.9348272994052383	True	True
E3	NZ_CP133846.1	NZ_CP141541.1	0.9333333333333332	[0.8, 1)	2.4916666666666667	1.0	1.0	99.75839040236018	1.0	True	True
E3	CP133873.1	NZ_CP141541.1	1.0	[0.8, 1)	2.4916666666666667	0.9528527395105995	0.9528527395105995	99.98668090886638	0.9528527395105995	True	True
E3	CP133849.1	NZ_CP141541.1	1.0	[0.8, 1)	2.4916666666666667	0.9528512565659107	0.9528512565659107	99.98159625263436	0.9528512565659107	True	True
E3	CP133846.1	NZ_CP141541.1	0.9333333333333332	[0.8, 1)	2.4916666666666667	1.0	1.0	99.75839040236018	1.0	True	True
E3	CP137380.1	NZ_CP137364.1	1.0	[0.8, 1)	2.4916666666666667	1.0	1.0	99.99247005041065	1.0	True	True
E3	CP137380.1	CP137353.1	0.8181818181818182	[0.8, 1)	2.4916666666666667	1.0	0.8701769263385114	99.99561560473438	1.0	True	True
E3	CP137380.1	CP137364.1	1.0	[0.8, 1)	2.4916666666666667	1.0	1.0	99.99247005041065	1.0	True	True
E3	CP137371.1	CP137380.1	1.0	[0.8, 1)	2.4916666666666667	1.0	1.0	99.99469462483721	1.0	True	True
E3	CP137380.1	NZ_CP137433.1	1.0	[0.8, 1)	2.4916666666666667	1.0	1.0	99.99311883372316	1.0	True	True
E3	CP137394.1	CP137380.1	0.9914529914529916	[0.8, 1)	2.4916666666666667	1.0	1.0	99.99390600774336	1.0	True	True
E3	CP137358.1	CP137380.1	1.0	[0.8, 1)	2.4916666666666667	1.0	1.0	99.99300567018987	1.0	True	True
E3	CP137413.1	CP137380.1	1.0	[0.8, 1)	2.4916666666666667	1.0	1.0	99.9925001727636	1.0	True	True
E3	NZ_CP137389.1	CP137380.1	1.0	[0.8, 1)	2.4916666666666667	1.0	1.0	99.9953652697794	1.0	True	True
E3	NZ_CP137413.1	CP137380.1	1.0	[0.8, 1)	2.4916666666666667	1.0	1.0	99.9925001727636	1.0	True	True
E3	NZ_CP141552.1	NZ_CP140296.1	1.0	[0.8, 1)	2.4916666666666667	1.0	0.5	99.984	1.0	False	True
E3	NZ_CP140296.1	CP137419.1	1.0	[0.8, 1)	2.4916666666666667	1.0	1.0	99.9839872170656	1.0	True	True
E3	NZ_CP140296.1	CP141573.1	1.0	[0.8, 1)	2.4916666666666667	1.0	1.0	99.99179207034112	1.0	True	True
E3	NZ_CP140296.1	CP140296.1	1.0	[0.8, 1)	2.4916666666666667	1.0	1.0	100.0	1.0	True	True
E3	NZ_CP140296.1	NZ_CP141573.1	1.0	[0.8, 1)	2.4916666666666667	1.0	1.0	99.99179207034112	1.0	True	True
E3	CP141552.1	NZ_CP140296.1	1.0	[0.8, 1)	2.4916666666666667	1.0	0.5	99.984	1.0	False	True
E3	CP137370.1	NZ_CP137370.1	1.0	[0.8, 1)	2.4916666666666667	1.0	1.0	100.0	1.0	True	True
E3	CP137408.1	NZ_CP137408.1	1.0	[0.8, 1)	2.4916666666666667	1.0	1.0	100.0	1.0	True	True
E3	NZ_CP137364.1	CP137353.1	0.8181818181818182	[0.8, 1)	2.4916666666666667	1.0	0.8701769263385114	99.99168202838462	1.0	True	True
E3	CP137433.1	NZ_CP137364.1	1.0	[0.8, 1)	2.4916666666666667	1.0	1.0	99.99258839580767	1.0	True	True
E3	NZ_CP137364.1	CP137364.1	1.0	[0.8, 1)	2.4916666666666667	1.0	1.0	100.0	1.0	True	True
E3	NZ_CP138474.1	NZ_CP137364.1	1.0	[0.8, 1)	2.4916666666666667	1.0	1.0	99.9940698756113	1.0	True	True
E3	NZ_CP137364.1	NZ_CP137428.1	1.0	[0.8, 1)	2.4916666666666667	1.0	1.0	99.99415249612403	1.0	True	True
E3	NZ_CP137394.1	NZ_CP137364.1	0.9914529914529916	[0.8, 1)	2.4916666666666667	1.0	1.0	99.9936100893047	1.0	True	True
E3	CP137371.1	NZ_CP137364.1	1.0	[0.8, 1)	2.4916666666666667	1.0	1.0	99.99479308420158	1.0	True	True
E3	CP138474.1	NZ_CP137364.1	1.0	[0.8, 1)	2.4916666666666667	1.0	1.0	99.9940698756113	1.0	True	True
E3	CP137394.1	NZ_CP137364.1	0.9914529914529916	[0.8, 1)	2.4916666666666667	1.0	1.0	99.9936100893047	1.0	True	True
E3	CP137358.1	NZ_CP137364.1	1.0	[0.8, 1)	2.4916666666666667	1.0	1.0	99.99327361967538	1.0	True	True
E3	CP137413.1	NZ_CP137364.1	1.0	[0.8, 1)	2.4916666666666667	1.0	1.0	99.99277454107306	1.0	True	True
E3	NZ_CP137380.1	NZ_CP137364.1	1.0	[0.8, 1)	2.4916666666666667	1.0	1.0	99.99247005041065	1.0	True	True
E3	NZ_CP137389.1	NZ_CP137364.1	1.0	[0.8, 1)	2.4916666666666667	1.0	1.0	99.99542736398189	1.0	True	True
E3	NZ_CP137401.1	CP137401.1	1.0	[0.8, 1)	2.4916666666666667	1.0	1.0	100.0	1.0	True	True
E3	CP137381.1	NZ_CP137381.1	1.0	[0.8, 1)	2.4916666666666667	1.0	1.0	100.0	1.0	True	True
E3	NZ_CP141544.1	CP141549.1	1.0	[0.8, 1)	2.4916666666666667	1.0	1.0	100.0	1.0	True	True
E3	NZ_CP141544.1	CP141544.1	1.0	[0.8, 1)	2.4916666666666667	1.0	1.0	100.0	1.0	True	True
E3	CP137361.1	CP137368.1	1.0	[0.8, 1)	2.4916666666666667	1.0	0.33336	100.0	1.0	False	True
E3	NZ_CP137397.1	CP137368.1	1.0	[0.8, 1)	2.4916666666666667	0.841912512716175	0.33104	99.87931851135814	0.841912512716175	False	True
E3	NZ_CP137395.1	CP137368.1	1.0	[0.8, 1)	2.4916666666666667	1.0	0.66664	99.988	1.0	False	True
E3	CP138473.1	CP137368.1	1.0	[0.8, 1)	2.4916666666666667	1.0	0.66664	99.988	1.0	False	True
E3	CP137368.1	NZ_CP137368.1	1.0	[0.8, 1)	2.4916666666666667	1.0	1.0	100.0	1.0	True	True
E3	CP137395.1	CP137368.1	1.0	[0.8, 1)	2.4916666666666667	1.0	0.66664	99.988	1.0	False	True
E3	CP137368.1	CP137416.1	1.0	[0.8, 1)	2.4916666666666667	1.0	1.0	99.98363829787235	1.0	True	True
E3	CP137412.1	CP137368.1	1.0	[0.8, 1)	2.4916666666666667	1.0	0.33336	100.0	1.0	False	True
E3	CP137430.1	CP137368.1	1.0	[0.8, 1)	2.4916666666666667	1.0	0.33336	100.0	1.0	False	True
E3	NZ_CP137369.1	CP137368.1	1.0	[0.8, 1)	2.4916666666666667	1.0	0.66664	99.988	1.0	False	True
E3	NZ_CP137432.1	CP137368.1	1.0	[0.8, 1)	2.4916666666666667	1.0	0.66664	99.988	1.0	False	True
E3	CP137369.1	CP137368.1	1.0	[0.8, 1)	2.4916666666666667	1.0	0.66664	99.988	1.0	False	True
E3	CP141558.1	NZ_CP141558.1	1.0	[0.8, 1)	2.4916666666666667	1.0	1.0	100.0	1.0	True	True
E3	NZ_CP141552.1	CP141573.1	1.0	[0.8, 1)	2.4916666666666667	1.0	0.4999592933322478	99.984	1.0	False	True
E3	NZ_CP141552.1	CP140296.1	1.0	[0.8, 1)	2.4916666666666667	1.0	0.5	99.984	1.0	False	True
E3	NZ_CP141552.1	CP137409.1	0.8	[0.8, 1)	2.4916666666666667	0.9938120827226836	0.5	99.98367966573817	0.9938120827226836	False	True
E3	NZ_CP141552.1	NZ_CP141573.1	1.0	[0.8, 1)	2.4916666666666667	1.0	0.4999592933322478	99.984	1.0	False	True
E3	NZ_CP141552.1	CP141552.1	1.0	[0.8, 1)	2.4916666666666667	1.0	1.0	100.0	1.0	True	True
E3	NZ_CP141552.1	NZ_CP137419.1	1.0	[0.8, 1)	2.4916666666666667	1.0	0.5	100.0	1.0	False	True
E3	NZ_CP141567.1	CP137367.1	0.8666666666666667	[0.8, 1)	2.4916666666666667	1.0	1.0	99.90882360535801	1.0	True	True
E3	NZ_CP141567.1	NZ_CP137367.1	0.8666666666666667	[0.8, 1)	2.4916666666666667	1.0	1.0	99.90882360535801	1.0	True	True
E3	NZ_CP141567.1	CP137429.1	0.8666666666666667	[0.8, 1)	2.4916666666666667	1.0	1.0	99.89752931683702	1.0	True	True
E3	CP133746.1	NZ_CP137429.1	0.9285714285714286	[0.8, 1)	2.4916666666666667	1.0	1.0	99.3009295085493	1.0	True	True
E3	NZ_CP137429.1	NZ_CP137367.1	1.0	[0.8, 1)	2.4916666666666667	0.9975790832795352	0.9975790832795352	99.989	0.9975790832795352	True	True
E3	NZ_CP137429.1	CP137429.1	1.0	[0.8, 1)	2.4916666666666667	1.0	1.0	100.0	1.0	True	True
E3	CP137355.1	NZ_CP137355.1	1.0	[0.8, 1)	2.4916666666666667	1.0	1.0	100.0	1.0	True	True
E3	CP137419.1	CP141573.1	1.0	[0.8, 1)	2.4916666666666667	1.0	1.0	99.97584694292925	1.0	True	True
E3	CP137409.1	CP137419.1	0.8	[0.8, 1)	2.4916666666666667	1.0	0.9938120827226836	99.98377887923971	1.0	True	True
E3	CP137419.1	NZ_CP141573.1	1.0	[0.8, 1)	2.4916666666666667	1.0	1.0	99.97584694292925	1.0	True	True
E3	CP137419.1	NZ_CP137419.1	1.0	[0.8, 1)	2.4916666666666667	1.0	1.0	100.0	1.0	True	True
E3	CP137382.1	CP137360.1	0.846820809248555	[0.8, 1)	2.4916666666666667	0.8950661036394544	0.8631053208087699	99.94536231660386	0.8950661036394544	True	True
E3	CP137360.1	CP137400.1	0.8796561604584527	[0.8, 1)	2.4916666666666667	0.9353675579716251	0.9165819874542307	99.91759851806438	0.9353675579716251	True	True
E3	NZ_CP137392.1	CP137360.1	1.0	[0.8, 1)	2.4916666666666667	1.0	0.9969318112482821	99.99572835184948	1.0	True	True
E3	CP137360.1	NZ_CP137352.1	0.9467455621301776	[0.8, 1)	2.4916666666666667	0.9722671764818683	0.9557787390957059	99.94984533587498	0.9722671764818683	True	True
E3	CP137424.1	CP137360.1	0.8265895953757225	[0.8, 1)	2.4916666666666667	0.9294691313307177	0.887165615366512	99.95098344575689	0.9294691313307177	True	True
E3	CP137360.1	NZ_CP137372.1	0.9498525073746312	[0.8, 1)	2.4916666666666667	0.9614500678429994	0.9356753493039434	99.99636368031717	0.9614500678429994	True	True
E3	CP137418.1	CP137360.1	0.8790560471976401	[0.8, 1)	2.4916666666666667	0.9254942076973466	0.8985521984327831	99.93001654161094	0.9254942076973466	True	True
E3	CP137435.1	CP137360.1	0.9724770642201837	[0.8, 1)	2.4916666666666667	1.0	0.948880953695337	99.95381019327866	1.0	True	True
E3	CP137360.1	CP137372.1	0.9498525073746312	[0.8, 1)	2.4916666666666667	0.9614500678429994	0.9356753493039434	99.99636368031717	0.9614500678429994	True	True
E3	NZ_CP138475.1	CP137360.1	0.9847560975609756	[0.8, 1)	2.4916666666666667	0.9639403298315069	0.9395834120234646	99.97071470449993	0.9639403298315069	True	True
E3	CP138473.1	CP137421.1	1.0	[0.8, 1)	2.4916666666666667	1.0	0.66672	99.988	1.0	False	True
E3	CP137421.1	NZ_CP137368.1	1.0	[0.8, 1)	2.4916666666666667	1.0	1.0	99.97600391968642	1.0	True	True
E3	CP137405.1	CP137421.1	1.0	[0.8, 1)	2.4916666666666667	1.0	0.66664	99.976	1.0	False	True
E3	CP137397.1	CP137421.1	1.0	[0.8, 1)	2.4916666666666667	0.841912512716175	0.33104	99.87931851135814	0.841912512716175	False	True
E3	CP137384.1	CP137421.1	1.0	[0.8, 1)	2.4916666666666667	1.0	0.66672	100.0	1.0	False	True
E3	CP137421.1	NZ_CP137416.1	1.0	[0.8, 1)	2.4916666666666667	1.0	1.0	99.976320268757	1.0	True	True
E3	CP137421.1	CP137416.1	1.0	[0.8, 1)	2.4916666666666667	1.0	1.0	99.976320268757	1.0	True	True
E3	NZ_CP137369.1	CP137421.1	1.0	[0.8, 1)	2.4916666666666667	1.0	0.66672	100.0	1.0	False	True
E3	NZ_CP137384.1	CP137421.1	1.0	[0.8, 1)	2.4916666666666667	1.0	0.66672	100.0	1.0	False	True
E3	NZ_CP137432.1	CP137421.1	1.0	[0.8, 1)	2.4916666666666667	1.0	0.66672	100.0	1.0	False	True
E3	CP141857.1	NZ_CP141857.1	1.0	[0.8, 1)	2.4916666666666667	1.0	1.0	100.0	1.0	True	True
E3	CP133855.1	NZ_CP133855.1	1.0	[0.8, 1)	2.4916666666666667	1.0	1.0	100.0	1.0	True	True
E3	NZ_CP137424.1	CP137382.1	0.9587301587301588	[0.8, 1)	2.4916666666666667	0.9860472336449168	0.9743514274902241	99.86801822644871	0.9860472336449168	True	True
E3	NZ_CP137424.1	NZ_CP137352.1	0.838150289017341	[0.8, 1)	2.4916666666666667	0.9491472802150138	0.8928079613157013	99.92097653864026	0.9491472802150138	True	True
E3	NZ_CP137424.1	CP137424.1	1.0	[0.8, 1)	2.4916666666666667	1.0	1.0	100.0	1.0	True	True
E3	CP137386.1	NZ_CP137424.1	0.8057971014492754	[0.8, 1)	2.4916666666666667	0.8971364557117427	0.8921673966706947	99.90112135235192	0.8971364557117427	True	True
E3	CP137435.1	NZ_CP137424.1	0.8057971014492754	[0.8, 1)	2.4916666666666667	0.8971351928695951	0.8921673966706947	99.89816164266102	0.8971351928695951	True	True
E3	NZ_CP137424.1	CP137372.1	0.8414985590778098	[0.8, 1)	2.4916666666666667	0.948252403838837	0.8830579437768763	99.75644878222462	0.948252403838837	True	True
E3	NZ_CP137424.1	CP137392.1	0.8265895953757225	[0.8, 1)	2.4916666666666667	0.9294599999391241	0.8898911706586303	99.94893637982273	0.9294599999391241	True	True
E3	NZ_CP141549.1	CP141549.1	1.0	[0.8, 1)	2.4916666666666667	1.0	1.0	100.0	1.0	True	True
E3	NZ_CP141549.1	CP141544.1	1.0	[0.8, 1)	2.4916666666666667	1.0	1.0	100.0	1.0	True	True
E3	CP137361.1	NZ_CP138473.1	1.0	[0.8, 1)	2.4916666666666667	1.0	0.5	100.0	1.0	False	True
E3	NZ_CP138473.1	NZ_CP137395.1	1.0	[0.8, 1)	2.4916666666666667	1.0	1.0	100.0	1.0	True	True
E3	NZ_CP137354.1	NZ_CP138473.1	1.0	[0.8, 1)	2.4916666666666667	1.0	0.5	100.0	1.0	False	True
E3	NZ_CP138473.1	CP137395.1	1.0	[0.8, 1)	2.4916666666666667	1.0	1.0	100.0	1.0	True	True
E3	NZ_CP137430.1	NZ_CP138473.1	1.0	[0.8, 1)	2.4916666666666667	1.0	0.5	100.0	1.0	False	True
E3	CP137430.1	NZ_CP138473.1	1.0	[0.8, 1)	2.4916666666666667	1.0	0.5	100.0	1.0	False	True
E3	NZ_CP138473.1	CP137369.1	1.0	[0.8, 1)	2.4916666666666667	1.0	1.0	100.0	1.0	True	True
E3	NZ_CP137409.1	CP141573.1	0.8	[0.8, 1)	2.4916666666666667	1.0	0.9938125865016689	99.95875104448267	1.0	True	True
E3	NZ_CP137419.1	CP141573.1	1.0	[0.8, 1)	2.4916666666666667	1.0	1.0	99.97584694292925	1.0	True	True
E3	NZ_CP133853.1	CP133853.1	1.0	[0.8, 1)	2.4916666666666667	1.0	1.0	100.0	1.0	True	True
E3	NZ_CP137404.1	CP137422.1	1.0	[0.8, 1)	2.4916666666666667	0.9999890449376657	0.9999890449376657	99.98947410969558	0.9999890449376657	True	True
E3	CP137431.1	CP137362.1	0.8108108108108109	[0.8, 1)	2.4916666666666667	1.0	0.9363668412570507	99.88979236251177	1.0	True	True
E3	CP137362.1	NZ_CP137362.1	1.0	[0.8, 1)	2.4916666666666667	1.0	1.0	100.0	1.0	True	True
E3	CP137393.1	CP137362.1	0.8108108108108109	[0.8, 1)	2.4916666666666667	0.8804036547115778	0.8128525382755842	99.87914721189591	0.8804036547115778	True	True
E3	NZ_CP137415.1	CP137362.1	0.9428571428571428	[0.8, 1)	2.4916666666666667	0.9732059114299475	0.9666095890410958	99.99499130095064	0.9732059114299475	True	True
E3	NZ_CP138476.1	CP137362.1	0.8108108108108109	[0.8, 1)	2.4916666666666667	1.0	0.9363668412570507	99.88995172784725	1.0	True	True
E3	CP137415.1	CP137362.1	0.9428571428571428	[0.8, 1)	2.4916666666666667	0.9732059114299475	0.9666095890410958	99.99499130095064	0.9732059114299475	True	True
E3	NZ_CP137374.1	CP137362.1	0.8918918918918919	[0.8, 1)	2.4916666666666667	1.0	0.9999748186946011	99.77581889149101	1.0	True	True
E3	CP137357.1	CP137362.1	0.8108108108108109	[0.8, 1)	2.4916666666666667	0.945068732271438	0.8725574133763094	99.88443141612075	0.945068732271438	True	True
E3	NZ_CP137387.1	CP137362.1	0.8108108108108109	[0.8, 1)	2.4916666666666667	1.0	0.9363668412570507	99.88963746134193	1.0	True	True
E3	CP137427.1	CP137362.1	1.0	[0.8, 1)	2.4916666666666667	1.0	1.0	99.9977365028203	1.0	True	True
E3	CP137382.1	NZ_CP137418.1	0.9376947040498442	[0.8, 1)	2.4916666666666667	0.9089295475159328	0.9052174095111614	99.9521796378182	0.9089295475159328	True	True
E3	NZ_CP137418.1	CP137400.1	0.9131736526946108	[0.8, 1)	2.4916666666666667	0.9809166584410884	0.9308960858334989	99.92347064404595	0.9809166584410884	True	True
E3	NZ_CP137418.1	NZ_CP137352.1	0.8419540229885057	[0.8, 1)	2.4916666666666667	0.9328314235036178	0.8925159395228593	99.9592406347171	0.9328314235036178	True	True
E3	NZ_CP137386.1	NZ_CP137418.1	0.8579881656804734	[0.8, 1)	2.4916666666666667	0.9016143883125652	0.8790122127403738	99.89959090739315	0.9016143883125652	True	True
E3	NZ_CP137418.1	CP137418.1	1.0	[0.8, 1)	2.4916666666666667	1.0	1.0	100.0	1.0	True	True
E3	CP137435.1	NZ_CP137418.1	0.8579881656804734	[0.8, 1)	2.4916666666666667	0.9016131804454047	0.8790122127403738	99.90089791136813	0.9016131804454047	True	True
E3	NZ_CP137418.1	NZ_CP137400.1	0.9131736526946108	[0.8, 1)	2.4916666666666667	0.9809166584410884	0.9308960858334989	99.92347064404595	0.9809166584410884	True	True
E3	NZ_CP137363.1	NZ_CP137418.1	0.912772585669782	[0.8, 1)	2.4916666666666667	0.9597916837879217	0.945956455284261	99.95634318402394	0.9597916837879217	True	True
E3	NZ_CP137418.1	CP137352.1	0.8419540229885057	[0.8, 1)	2.4916666666666667	0.9328314235036178	0.8925159395228593	99.9592406347171	0.9328314235036178	True	True
E3	NZ_CP141849.1	CP141849.1	1.0	[0.8, 1)	2.4916666666666667	1.0	1.0	100.0	1.0	True	True
E3	CP137361.1	NZ_CP137354.1	1.0	[0.8, 1)	2.4916666666666667	1.0	1.0	100.0	1.0	True	True
E3	CP137361.1	CP137405.1	1.0	[0.8, 1)	2.4916666666666667	1.0	0.5	100.0	1.0	False	True
E3	CP137361.1	CP137416.1	1.0	[0.8, 1)	2.4916666666666667	1.0	0.33330667093265076	100.0	1.0	False	True
E3	CP137361.1	CP137412.1	1.0	[0.8, 1)	2.4916666666666667	1.0	1.0	100.0	1.0	True	True
E3	CP137361.1	NZ_CP137421.1	1.0	[0.8, 1)	2.4916666666666667	1.0	0.33336	100.0	1.0	False	True
E3	CP137361.1	NZ_CP137412.1	1.0	[0.8, 1)	2.4916666666666667	1.0	1.0	100.0	1.0	True	True
E3	CP137361.1	CP137432.1	1.0	[0.8, 1)	2.4916666666666667	1.0	0.5	100.0	1.0	False	True
E3	CP137361.1	NZ_CP137384.1	1.0	[0.8, 1)	2.4916666666666667	1.0	0.5	100.0	1.0	False	True
E3	CP137361.1	NZ_CP137432.1	1.0	[0.8, 1)	2.4916666666666667	1.0	0.5	100.0	1.0	False	True
E3	CP137409.1	CP140296.1	0.8	[0.8, 1)	2.4916666666666667	1.0	0.9938120827226836	99.9670834835327	1.0	True	True
E3	CP140296.1	NZ_CP141573.1	1.0	[0.8, 1)	2.4916666666666667	1.0	1.0	99.99179207034112	1.0	True	True
E3	CP141552.1	CP140296.1	1.0	[0.8, 1)	2.4916666666666667	1.0	0.5	99.984	1.0	False	True
E3	CP140296.1	NZ_CP137419.1	1.0	[0.8, 1)	2.4916666666666667	1.0	1.0	99.9839872170656	1.0	True	True
E3	CP138476.1	NZ_CP137385.1	0.8108108108108109	[0.8, 1)	2.4916666666666667	1.0	0.9363652388506963	99.89538489672978	1.0	True	True
E3	CP138476.1	CP137387.1	1.0	[0.8, 1)	2.4916666666666667	1.0	1.0	100.0	1.0	True	True
E3	CP138476.1	NZ_CP137431.1	1.0	[0.8, 1)	2.4916666666666667	1.0	1.0	100.0	1.0	True	True
E3	CP138476.1	NZ_CP137362.1	0.8108108108108109	[0.8, 1)	2.4916666666666667	1.0	0.9363668412570507	99.88995172784725	1.0	True	True
E3	CP138476.1	NZ_CP137427.1	0.8108108108108109	[0.8, 1)	2.4916666666666667	0.8732271437922758	0.806224975447609	99.8749503998001	0.8732271437922758	True	True
E3	CP138476.1	NZ_CP137374.1	0.8108108108108109	[0.8, 1)	2.4916666666666667	0.9730253109317041	0.8983883152858222	99.75044305536089	0.9730253109317041	True	True
E3	CP138476.1	CP137357.1	1.0	[0.8, 1)	2.4916666666666667	1.0	1.0	99.9970813877373	1.0	True	True
E3	CP138476.1	NZ_CP137393.1	1.0	[0.8, 1)	2.4916666666666667	1.0	1.0	99.99465986635757	1.0	True	True
E3	CP141567.1	CP137367.1	0.8666666666666667	[0.8, 1)	2.4916666666666667	1.0	1.0	99.90882360535801	1.0	True	True
E3	CP133746.1	CP137367.1	0.9285714285714286	[0.8, 1)	2.4916666666666667	1.0	1.0	99.31171490025274	1.0	True	True
E3	CP137367.1	CP137429.1	1.0	[0.8, 1)	2.4916666666666667	0.9975790832795352	0.9975790832795352	99.989	0.9975790832795352	True	True
E3	NZ_CP137397.1	NZ_CP137395.1	1.0	[0.8, 1)	2.4916666666666667	0.841912512716175	0.4965202783777298	99.87931851135814	0.841912512716175	False	True
E3	NZ_CP137354.1	NZ_CP137397.1	1.0	[0.8, 1)	2.4916666666666667	0.9906407487401008	0.8398779247202441	99.8786434108527	0.9906407487401008	True	True
E3	NZ_CP137397.1	CP138473.1	1.0	[0.8, 1)	2.4916666666666667	0.841912512716175	0.4954403647708183	99.87931851135814	0.841912512716175	False	True
E3	NZ_CP137397.1	CP137395.1	1.0	[0.8, 1)	2.4916666666666667	0.841912512716175	0.4965202783777298	99.87931851135814	0.841912512716175	False	True
E3	NZ_CP137430.1	NZ_CP137397.1	1.0	[0.8, 1)	2.4916666666666667	0.9908807295416366	0.841912512716175	99.87901353310778	0.9908807295416366	True	True
E3	NZ_CP137397.1	CP137384.1	1.0	[0.8, 1)	2.4916666666666667	0.841912512716175	0.4965202783777298	99.87931851135814	0.841912512716175	False	True
E3	NZ_CP137397.1	NZ_CP137405.1	1.0	[0.8, 1)	2.4916666666666667	0.841912512716175	0.4965202783777298	99.87931851135814	0.841912512716175	False	True
E3	CP137430.1	NZ_CP137397.1	1.0	[0.8, 1)	2.4916666666666667	0.9908807295416366	0.841912512716175	99.87901353310778	0.9908807295416366	True	True
E3	NZ_CP137397.1	NZ_CP137369.1	1.0	[0.8, 1)	2.4916666666666667	0.841912512716175	0.4965202783777298	99.87931851135814	0.841912512716175	False	True
E3	NZ_CP137397.1	NZ_CP137384.1	1.0	[0.8, 1)	2.4916666666666667	0.841912512716175	0.4965202783777298	99.87931851135814	0.841912512716175	False	True
E3	NZ_CP137390.1	NZ_CP137397.1	1.0	[0.8, 1)	2.4916666666666667	0.9908807295416366	0.841912512716175	99.87920492991785	0.9908807295416366	True	True
E3	NZ_CP133873.1	CP137383.1	1.0	[0.8, 1)	2.4916666666666667	1.0	0.9868590489488791	99.93548607901397	1.0	True	True
E3	NZ_CP133846.1	CP137383.1	0.9333333333333332	[0.8, 1)	2.4916666666666667	0.9649158672747288	0.9522612675510046	99.55184964978011	0.9649158672747288	True	True
E3	CP133849.1	CP137383.1	1.0	[0.8, 1)	2.4916666666666667	1.0	0.9868590489488791	99.93262699261122	1.0	True	True
E3	CP133846.1	CP137383.1	0.9333333333333332	[0.8, 1)	2.4916666666666667	0.9649158672747288	0.9522612675510046	99.55184964978011	0.9649158672747288	True	True
E3	CP137383.1	NZ_CP137383.1	1.0	[0.8, 1)	2.4916666666666667	1.0	1.0	100.0	1.0	True	True
E3	CP137371.1	CP137353.1	0.8181818181818182	[0.8, 1)	2.4916666666666667	1.0	0.8701769263385114	99.997	1.0	True	True
E3	CP137353.1	NZ_CP137353.1	1.0	[0.8, 1)	2.4916666666666667	1.0	1.0	100.0	1.0	True	True
E3	CP138474.1	CP137353.1	0.8181818181818182	[0.8, 1)	2.4916666666666667	1.0	0.8701769263385114	99.9964165227021	1.0	True	True
E3	NZ_CP133846.1	CP141541.1	0.9333333333333332	[0.8, 1)	2.4916666666666667	1.0	1.0	99.75839040236018	1.0	True	True
E3	CP133864.1	CP141541.1	1.0	[0.8, 1)	2.4916666666666667	1.0	1.0	99.98565441049541	1.0	True	True
E3	CP141541.1	CP141563.1	0.8275862068965517	[0.8, 1)	2.4916666666666667	1.0	0.8061710866588916	99.98434193760983	1.0	True	True
E3	CP141541.1	NZ_CP137383.1	1.0	[0.8, 1)	2.4916666666666667	0.9649890934199583	0.9522612675510046	99.7773272706586	0.9649890934199583	True	True
E3	CP137404.1	CP137422.1	1.0	[0.8, 1)	2.4916666666666667	0.9999890449376657	0.9999890449376657	99.98947410969558	0.9999890449376657	True	True
E3	CP137404.1	NZ_CP137422.1	1.0	[0.8, 1)	2.4916666666666667	0.9999890449376657	0.9999890449376657	99.98947410969558	0.9999890449376657	True	True
E3	CP137433.1	CP137364.1	1.0	[0.8, 1)	2.4916666666666667	1.0	1.0	99.99258839580767	1.0	True	True
E3	NZ_CP137371.1	CP137433.1	1.0	[0.8, 1)	2.4916666666666667	1.0	1.0	99.99651748456203	1.0	True	True
E3	CP137433.1	CP137428.1	1.0	[0.8, 1)	2.4916666666666667	1.0	1.0	99.9921658043482	1.0	True	True
E3	NZ_CP137394.1	CP137433.1	0.9914529914529916	[0.8, 1)	2.4916666666666667	1.0	1.0	99.99748868609906	1.0	True	True
E3	CP137433.1	NZ_CP137353.1	0.8181818181818182	[0.8, 1)	2.4916666666666667	1.0	0.8701769263385114	99.99418122380999	1.0	True	True
E3	CP137433.1	NZ_CP137380.1	1.0	[0.8, 1)	2.4916666666666667	1.0	1.0	99.99311883372316	1.0	True	True
E3	CP141576.1	NZ_CP141576.1	1.0	[0.8, 1)	2.4916666666666667	1.0	1.0	100.0	1.0	True	True
E3	NZ_CP137386.1	CP137382.1	0.8260869565217391	[0.8, 1)	2.4916666666666667	0.9077558160947763	0.8897051315165094	99.82092799210504	0.9077558160947763	True	True
E3	CP137382.1	NZ_CP137372.1	0.861671469740634	[0.8, 1)	2.4916666666666667	0.9534121010806038	0.9007803885217973	99.8023434063872	0.9534121010806038	True	True
E3	CP137382.1	CP137372.1	0.861671469740634	[0.8, 1)	2.4916666666666667	0.9534121010806038	0.9007803885217973	99.8023434063872	0.9534121010806038	True	True
E3	NZ_CP137363.1	CP137382.1	0.9555555555555556	[0.8, 1)	2.4916666666666667	0.986047318583182	0.9743514274902241	99.86653816512359	0.986047318583182	True	True
E3	CP137382.1	CP137352.1	0.8583815028901735	[0.8, 1)	2.4916666666666667	0.9147199980778588	0.8716134776646273	99.90881543668222	0.9147199980778588	True	True
E3	CP137382.1	NZ_CP138475.1	0.838150289017341	[0.8, 1)	2.4916666666666667	0.9164349084880556	0.9080383014750599	99.81615112776574	0.9164349084880556	True	True
E3	CP137382.1	CP137392.1	0.846820809248555	[0.8, 1)	2.4916666666666667	0.8950570936022729	0.8657470286150636	99.94507812295541	0.8950570936022729	True	True
E3	CP137363.1	CP137382.1	0.9555555555555556	[0.8, 1)	2.4916666666666667	0.986047318583182	0.9743514274902241	99.86653816512359	0.986047318583182	True	True
E3	NZ_CP141579.1	CP141849.1	0.8615384615384616	[0.8, 1)	2.4916666666666667	0.9989105088114989	0.8315327212843482	99.99618759686956	0.9989105088114989	True	True
E3	CP137374.1	NZ_CP137385.1	0.8918918918918919	[0.8, 1)	2.4916666666666667	1.0	0.999974818060487	99.78055033996475	1.0	True	True
E3	CP137415.1	CP137374.1	0.9428571428571428	[0.8, 1)	2.4916666666666667	0.9731805622449238	0.966607907328129	99.99498622144662	0.9731805622449238	True	True
E3	NZ_CP137357.1	CP137374.1	0.8108108108108109	[0.8, 1)	2.4916666666666667	0.9730253109317041	0.8983883152858222	99.75289401541696	0.9730253109317041	True	True
E3	CP137357.1	CP137374.1	0.8108108108108109	[0.8, 1)	2.4916666666666667	0.9730253109317041	0.8983883152858222	99.75289401541696	0.9730253109317041	True	True
E3	NZ_CP137387.1	CP137374.1	0.8108108108108109	[0.8, 1)	2.4916666666666667	0.9730253109317041	0.8983883152858222	99.7505389208129	0.9730253109317041	True	True
E3	CP137431.1	CP137393.1	1.0	[0.8, 1)	2.4916666666666667	1.0	1.0	99.99431403245603	1.0	True	True
E3	CP137431.1	CP137385.1	0.8108108108108109	[0.8, 1)	2.4916666666666667	1.0	0.9363652388506963	99.89515810563682	1.0	True	True
E3	CP137431.1	NZ_CP137415.1	0.8571428571428571	[0.8, 1)	2.4916666666666667	0.9637519092297622	0.9091231716900302	99.99728574615213	0.9637519092297622	True	True
E3	CP137431.1	NZ_CP137427.1	0.8108108108108109	[0.8, 1)	2.4916666666666667	0.8732271437922758	0.806224975447609	99.87482758620689	0.8732271437922758	True	True
E3	CP137431.1	NZ_CP137357.1	1.0	[0.8, 1)	2.4916666666666667	1.0	1.0	99.99735102552913	1.0	True	True
E3	CP137431.1	NZ_CP137387.1	1.0	[0.8, 1)	2.4916666666666667	1.0	1.0	100.0	1.0	True	True
E3	CP137431.1	NZ_CP137393.1	1.0	[0.8, 1)	2.4916666666666667	1.0	1.0	99.99431403245603	1.0	True	True
E3	CP141571.1	CP140294.1	0.9	[0.8, 1)	2.4916666666666667	0.990702427081331	0.9381567729637045	99.89904024091464	0.990702427081331	True	True
E3	CP133873.1	CP137377.1	0.825	[0.8, 1)	2.4916666666666667	0.899666603761716	0.8295233674683067	99.24140927518	0.899666603761716	True	True
E3	CP133864.1	CP137377.1	0.825	[0.8, 1)	2.4916666666666667	0.9347203874944958	0.8618839024107221	99.26842124917997	0.9347203874944958	True	True
E3	CP137377.1	NZ_CP137377.1	1.0	[0.8, 1)	2.4916666666666667	1.0	1.0	100.0	1.0	True	True
E3	NZ_CP133849.1	CP137377.1	0.825	[0.8, 1)	2.4916666666666667	0.8996634479287894	0.8295233674683067	99.2344967411627	0.8996634479287894	True	True
E3	CP137377.1	NZ_CP137356.1	0.961038961038961	[0.8, 1)	2.4916666666666667	1.0	0.9685284669915818	99.99575142599821	1.0	True	True
E3	CP141855.1	NZ_CP141855.1	1.0	[0.8, 1)	2.4916666666666667	1.0	1.0	100.0	1.0	True	True
E3	CP141552.1	CP137409.1	0.8	[0.8, 1)	2.4916666666666667	0.9938120827226836	0.5	99.98367966573817	0.9938120827226836	False	True
E3	CP137409.1	NZ_CP137419.1	0.8	[0.8, 1)	2.4916666666666667	1.0	0.9938120827226836	99.98377887923971	1.0	True	True
E3	NZ_CP137382.1	NZ_CP137392.1	0.846820809248555	[0.8, 1)	2.4916666666666667	0.8950570936022729	0.8657470286150636	99.94507812295541	0.8950570936022729	True	True
E3	CP137424.1	NZ_CP137382.1	0.9587301587301588	[0.8, 1)	2.4916666666666667	0.9860472336449168	0.9743514274902241	99.86801822644871	0.9860472336449168	True	True
E3	NZ_CP137382.1	CP137372.1	0.861671469740634	[0.8, 1)	2.4916666666666667	0.9534121010806038	0.9007803885217973	99.8023434063872	0.9534121010806038	True	True
E3	NZ_CP137382.1	NZ_CP137400.1	0.9483282674772036	[0.8, 1)	2.4916666666666667	0.988653359842865	0.934412875024836	99.97865317169337	0.988653359842865	True	True
E3	NZ_CP137363.1	NZ_CP137382.1	0.9555555555555556	[0.8, 1)	2.4916666666666667	0.986047318583182	0.9743514274902241	99.86653816512359	0.986047318583182	True	True
E3	NZ_CP137382.1	NZ_CP138475.1	0.838150289017341	[0.8, 1)	2.4916666666666667	0.9164349084880556	0.9080383014750599	99.81615112776574	0.9164349084880556	True	True
E3	NZ_CP137382.1	CP137392.1	0.846820809248555	[0.8, 1)	2.4916666666666667	0.8950570936022729	0.8657470286150636	99.94507812295541	0.8950570936022729	True	True
E3	NZ_CP138476.1	NZ_CP137385.1	0.8108108108108109	[0.8, 1)	2.4916666666666667	1.0	0.9363652388506963	99.89538489672978	1.0	True	True
E3	NZ_CP137357.1	NZ_CP137385.1	0.8108108108108109	[0.8, 1)	2.4916666666666667	0.945068732271438	0.8725542041248017	99.8901565945166	0.945068732271438	True	True
E3	NZ_CP137387.1	NZ_CP137385.1	0.8108108108108109	[0.8, 1)	2.4916666666666667	1.0	0.9363652388506963	99.895174026463	1.0	True	True
E3	NZ_CP137385.1	CP137427.1	1.0	[0.8, 1)	2.4916666666666667	1.0	1.0	99.99763944499004	1.0	True	True
E3	NZ_CP138474.1	CP137364.1	1.0	[0.8, 1)	2.4916666666666667	1.0	1.0	99.9940698756113	1.0	True	True
E3	CP138474.1	CP137364.1	1.0	[0.8, 1)	2.4916666666666667	1.0	1.0	99.9940698756113	1.0	True	True
E3	CP137394.1	CP137364.1	0.9914529914529916	[0.8, 1)	2.4916666666666667	1.0	1.0	99.9936100893047	1.0	True	True
E3	CP137358.1	CP137364.1	1.0	[0.8, 1)	2.4916666666666667	1.0	1.0	99.99327361967538	1.0	True	True
E3	CP137413.1	CP137364.1	1.0	[0.8, 1)	2.4916666666666667	1.0	1.0	99.99277454107306	1.0	True	True
E3	NZ_CP137380.1	CP137364.1	1.0	[0.8, 1)	2.4916666666666667	1.0	1.0	99.99247005041065	1.0	True	True
E3	NZ_CP137389.1	CP137364.1	1.0	[0.8, 1)	2.4916666666666667	1.0	1.0	99.99542736398189	1.0	True	True
E3	CP141567.1	NZ_CP137367.1	0.8666666666666667	[0.8, 1)	2.4916666666666667	1.0	1.0	99.90882360535801	1.0	True	True
E3	NZ_CP137371.1	NZ_CP137394.1	0.9914529914529916	[0.8, 1)	2.4916666666666667	1.0	1.0	99.99770268450429	1.0	True	True
E3	CP137389.1	NZ_CP137371.1	1.0	[0.8, 1)	2.4916666666666667	1.0	1.0	99.99931138753776	1.0	True	True
E3	NZ_CP137358.1	NZ_CP137371.1	1.0	[0.8, 1)	2.4916666666666667	1.0	1.0	99.99825736030266	1.0	True	True
E3	CP137358.1	NZ_CP137371.1	1.0	[0.8, 1)	2.4916666666666667	1.0	1.0	99.99825736030266	1.0	True	True
E3	NZ_CP137371.1	CP137413.1	1.0	[0.8, 1)	2.4916666666666667	1.0	1.0	99.99488327279171	1.0	True	True
E3	CP133746.1	CP137429.1	0.9285714285714286	[0.8, 1)	2.4916666666666667	1.0	1.0	99.3009295085493	1.0	True	True
E3	CP137389.1	NZ_CP138474.1	1.0	[0.8, 1)	2.4916666666666667	1.0	1.0	99.998	1.0	True	True
E3	NZ_CP138474.1	CP138474.1	1.0	[0.8, 1)	2.4916666666666667	1.0	1.0	100.0	1.0	True	True
E3	CP137358.1	NZ_CP138474.1	1.0	[0.8, 1)	2.4916666666666667	1.0	1.0	99.99726279137761	1.0	True	True
E3	NZ_CP138474.1	CP137413.1	1.0	[0.8, 1)	2.4916666666666667	1.0	1.0	99.99364589350581	1.0	True	True
E3	NZ_CP137394.1	CP137428.1	0.9914529914529916	[0.8, 1)	2.4916666666666667	1.0	1.0	99.99297050667565	1.0	True	True
E3	CP137371.1	CP137428.1	1.0	[0.8, 1)	2.4916666666666667	1.0	1.0	99.99573212134099	1.0	True	True
E3	CP137389.1	CP137428.1	1.0	[0.8, 1)	2.4916666666666667	1.0	1.0	99.99472990644269	1.0	True	True
E3	NZ_CP137358.1	CP137428.1	1.0	[0.8, 1)	2.4916666666666667	1.0	1.0	99.994	1.0	True	True
E3	CP137413.1	CP137428.1	1.0	[0.8, 1)	2.4916666666666667	1.0	1.0	99.99248635191765	1.0	True	True
E3	NZ_CP137413.1	CP137428.1	1.0	[0.8, 1)	2.4916666666666667	1.0	1.0	99.99248635191765	1.0	True	True
E3	NZ_CP137433.1	NZ_CP137428.1	1.0	[0.8, 1)	2.4916666666666667	1.0	1.0	99.9921658043482	1.0	True	True
E3	CP138474.1	NZ_CP137428.1	1.0	[0.8, 1)	2.4916666666666667	1.0	1.0	99.99459727833298	1.0	True	True
E3	CP137358.1	NZ_CP137428.1	1.0	[0.8, 1)	2.4916666666666667	1.0	1.0	99.994	1.0	True	True
E3	CP137413.1	NZ_CP137428.1	1.0	[0.8, 1)	2.4916666666666667	1.0	1.0	99.99248635191765	1.0	True	True
E3	NZ_CP137413.1	NZ_CP137428.1	1.0	[0.8, 1)	2.4916666666666667	1.0	1.0	99.99248635191765	1.0	True	True
E3	NZ_CP140294.1	CP140294.1	1.0	[0.8, 1)	2.4916666666666667	1.0	1.0	100.0	1.0	True	True
E3	CP137414.1	NZ_CP137425.1	1.0	[0.8, 1)	2.4916666666666667	1.0	0.9887170760580053	99.97943054905996	1.0	True	True
E3	NZ_CP133845.1	NZ_CP141555.1	0.918552036199095	[0.8, 1)	2.4916666666666667	0.9999912672907643	0.9282251854253638	99.99491450677658	0.9999912672907643	True	True
E3	NZ_CP141555.1	NZ_CP141580.1	1.0	[0.8, 1)	2.4916666666666667	1.0	0.9999918940388762	99.9964937867808	1.0	True	True
E3	NZ_CP141555.1	CP133742.1	1.0	[0.8, 1)	2.4916666666666667	1.0	0.999991893973169	99.99735962793338	1.0	True	True
E3	NZ_CP137395.1	CP138473.1	1.0	[0.8, 1)	2.4916666666666667	1.0	1.0	100.0	1.0	True	True
E3	NZ_CP137395.1	NZ_CP137368.1	1.0	[0.8, 1)	2.4916666666666667	1.0	0.66664	99.988	1.0	False	True
E3	CP137397.1	NZ_CP137395.1	1.0	[0.8, 1)	2.4916666666666667	0.841912512716175	0.4965202783777298	99.87931851135814	0.841912512716175	False	True
E3	NZ_CP137395.1	CP137384.1	1.0	[0.8, 1)	2.4916666666666667	1.0	1.0	100.0	1.0	True	True
E3	NZ_CP137395.1	NZ_CP137416.1	1.0	[0.8, 1)	2.4916666666666667	1.0	0.6666133418653015	100.0	1.0	False	True
E3	CP137412.1	NZ_CP137395.1	1.0	[0.8, 1)	2.4916666666666667	1.0	0.5	100.0	1.0	False	True
E3	NZ_CP137395.1	NZ_CP137405.1	1.0	[0.8, 1)	2.4916666666666667	1.0	1.0	100.0	1.0	True	True
E3	CP137430.1	NZ_CP137395.1	1.0	[0.8, 1)	2.4916666666666667	1.0	0.5	100.0	1.0	False	True
E3	NZ_CP137395.1	NZ_CP137421.1	1.0	[0.8, 1)	2.4916666666666667	1.0	0.66664	99.976	1.0	False	True
E3	NZ_CP137395.1	NZ_CP137384.1	1.0	[0.8, 1)	2.4916666666666667	1.0	1.0	100.0	1.0	True	True
E3	NZ_CP137392.1	CP137400.1	0.8796561604584527	[0.8, 1)	2.4916666666666667	0.9382435748719055	0.9165819874542307	99.91770676121321	0.9382435748719055	True	True
E3	NZ_CP137352.1	CP137400.1	0.8911174785100286	[0.8, 1)	2.4916666666666667	0.9431817205809516	0.9354886321705317	99.89421173861737	0.9431817205809516	True	True
E3	NZ_CP137386.1	CP137400.1	0.8591954022988506	[0.8, 1)	2.4916666666666667	0.9480480019642747	0.8794669467230564	99.87082890630283	0.9480480019642747	True	True
E3	CP137424.1	CP137400.1	0.9154078549848944	[0.8, 1)	2.4916666666666667	0.9895567318140727	0.9254974312395333	99.98484111768367	0.9895567318140727	True	True
E3	CP137352.1	CP137400.1	0.8911174785100286	[0.8, 1)	2.4916666666666667	0.9431817205809516	0.9354886321705317	99.89421173861737	0.9431817205809516	True	True
E3	NZ_CP138475.1	CP137400.1	0.8710601719197708	[0.8, 1)	2.4916666666666667	0.9471834344927916	0.9047429820328687	99.90908332941201	0.9471834344927916	True	True
E3	CP137363.1	CP137400.1	0.9123867069486404	[0.8, 1)	2.4916666666666667	0.9895567953880665	0.9254974312395333	99.98338577452049	0.9895567953880665	True	True
E3	CP141552.1	NZ_CP141573.1	1.0	[0.8, 1)	2.4916666666666667	1.0	0.4999592933322478	99.984	1.0	False	True
E3	NZ_CP137354.1	CP137384.1	1.0	[0.8, 1)	2.4916666666666667	1.0	0.5	100.0	1.0	False	True
E3	NZ_CP137354.1	CP137416.1	1.0	[0.8, 1)	2.4916666666666667	1.0	0.33330667093265076	100.0	1.0	False	True
E3	NZ_CP137354.1	CP137412.1	1.0	[0.8, 1)	2.4916666666666667	1.0	1.0	100.0	1.0	True	True
E3	NZ_CP137354.1	NZ_CP137405.1	1.0	[0.8, 1)	2.4916666666666667	1.0	0.5	100.0	1.0	False	True
E3	NZ_CP137354.1	CP137430.1	1.0	[0.8, 1)	2.4916666666666667	1.0	1.0	100.0	1.0	True	True
E3	NZ_CP137354.1	NZ_CP137421.1	1.0	[0.8, 1)	2.4916666666666667	1.0	0.33336	100.0	1.0	False	True
E3	NZ_CP137354.1	CP137390.1	1.0	[0.8, 1)	2.4916666666666667	1.0	1.0	100.0	1.0	True	True
E3	NZ_CP137354.1	CP137432.1	1.0	[0.8, 1)	2.4916666666666667	1.0	0.5	100.0	1.0	False	True
E3	NZ_CP137354.1	NZ_CP137384.1	1.0	[0.8, 1)	2.4916666666666667	1.0	0.5	100.0	1.0	False	True
E3	NZ_CP137354.1	NZ_CP137390.1	1.0	[0.8, 1)	2.4916666666666667	1.0	1.0	100.0	1.0	True	True
E3	NZ_CP137354.1	NZ_CP137361.1	1.0	[0.8, 1)	2.4916666666666667	1.0	1.0	100.0	1.0	True	True
E3	NZ_CP137354.1	CP137369.1	1.0	[0.8, 1)	2.4916666666666667	1.0	0.5	100.0	1.0	False	True
E3	CP137354.1	CP138473.1	1.0	[0.8, 1)	2.4916666666666667	1.0	0.5	100.0	1.0	False	True
E3	CP138473.1	NZ_CP137368.1	1.0	[0.8, 1)	2.4916666666666667	1.0	0.66664	99.988	1.0	False	True
E3	CP138473.1	CP137405.1	1.0	[0.8, 1)	2.4916666666666667	1.0	1.0	100.0	1.0	True	True
E3	CP138473.1	NZ_CP137405.1	1.0	[0.8, 1)	2.4916666666666667	1.0	1.0	100.0	1.0	True	True
E3	CP137430.1	CP138473.1	1.0	[0.8, 1)	2.4916666666666667	1.0	0.5	100.0	1.0	False	True
E3	NZ_CP137412.1	CP138473.1	1.0	[0.8, 1)	2.4916666666666667	1.0	0.5	100.0	1.0	False	True
E3	CP137390.1	CP138473.1	1.0	[0.8, 1)	2.4916666666666667	1.0	0.5	100.0	1.0	False	True
E3	CP138473.1	CP137369.1	1.0	[0.8, 1)	2.4916666666666667	1.0	1.0	100.0	1.0	True	True
E3	CP133745.1	NZ_CP133745.1	1.0	[0.8, 1)	2.4916666666666667	1.0	1.0	100.0	1.0	True	True
E3	CP133845.1	CP141555.1	0.918552036199095	[0.8, 1)	2.4916666666666667	0.9999912672907643	0.9282251854253638	99.99491450677658	0.9999912672907643	True	True
E3	CP141555.1	CP133742.1	1.0	[0.8, 1)	2.4916666666666667	1.0	0.999991893973169	99.99735962793338	1.0	True	True
E3	CP137354.1	CP137405.1	1.0	[0.8, 1)	2.4916666666666667	1.0	0.5	100.0	1.0	False	True
E3	CP137354.1	CP137397.1	1.0	[0.8, 1)	2.4916666666666667	0.9906407487401008	0.8398779247202441	99.8786434108527	0.9906407487401008	True	True
E3	CP137354.1	CP137395.1	1.0	[0.8, 1)	2.4916666666666667	1.0	0.5	100.0	1.0	False	True
E3	CP137354.1	NZ_CP137430.1	1.0	[0.8, 1)	2.4916666666666667	1.0	1.0	100.0	1.0	True	True
E3	CP137354.1	CP137384.1	1.0	[0.8, 1)	2.4916666666666667	1.0	0.5	100.0	1.0	False	True
E3	CP137354.1	CP137416.1	1.0	[0.8, 1)	2.4916666666666667	1.0	0.33330667093265076	100.0	1.0	False	True
E3	CP137354.1	NZ_CP137405.1	1.0	[0.8, 1)	2.4916666666666667	1.0	0.5	100.0	1.0	False	True
E3	CP137354.1	CP137430.1	1.0	[0.8, 1)	2.4916666666666667	1.0	1.0	100.0	1.0	True	True
E3	CP137354.1	NZ_CP137369.1	1.0	[0.8, 1)	2.4916666666666667	1.0	0.5	100.0	1.0	False	True
E3	NZ_CP137392.1	NZ_CP137372.1	0.9498525073746312	[0.8, 1)	2.4916666666666667	0.9644220736448794	0.9356753493039434	99.99550942067744	0.9644220736448794	True	True
E3	CP137435.1	NZ_CP137392.1	0.9724770642201837	[0.8, 1)	2.4916666666666667	1.0	0.9518195543068323	99.95241532419506	1.0	True	True
E3	NZ_CP137435.1	NZ_CP137392.1	0.9724770642201837	[0.8, 1)	2.4916666666666667	1.0	0.9518195543068323	99.95241532419506	1.0	True	True
E3	NZ_CP137392.1	CP137352.1	0.9467455621301776	[0.8, 1)	2.4916666666666667	0.9721951816639756	0.9527525916934114	99.984650279055	0.9721951816639756	True	True
E3	NZ_CP137392.1	NZ_CP137360.1	1.0	[0.8, 1)	2.4916666666666667	1.0	0.9969318112482821	99.99572835184948	1.0	True	True
E3	NZ_CP133873.1	CP133873.1	1.0	[0.8, 1)	2.4916666666666667	1.0	1.0	100.0	1.0	True	True
E3	NZ_CP133873.1	NZ_CP137377.1	0.825	[0.8, 1)	2.4916666666666667	0.899666603761716	0.8295233674683067	99.24140927518	0.899666603761716	True	True
E3	NZ_CP137409.1	NZ_CP137419.1	0.8	[0.8, 1)	2.4916666666666667	1.0	0.9938120827226836	99.98377887923971	1.0	True	True
E3	NZ_CP133742.1	NZ_CP141580.1	1.0	[0.8, 1)	2.4916666666666667	1.0	1.0	99.99922733167973	1.0	True	True
E3	CP141566.1	NZ_CP133742.1	1.0	[0.8, 1)	2.4916666666666667	0.9205646681176514	0.9205646681176514	99.99438675307749	0.9205646681176514	True	True
E3	CP133845.1	NZ_CP133742.1	0.918552036199095	[0.8, 1)	2.4916666666666667	1.0	0.9282251854253638	99.99464502128589	1.0	True	True
E3	NZ_CP141564.1	NZ_CP138477.1	0.8783783783783784	[0.8, 1)	2.4916666666666667	0.9144715447154471	0.8596759400794864	99.79364965514789	0.9144715447154471	True	True
E3	NZ_CP141564.1	CP141564.1	1.0	[0.8, 1)	2.4916666666666667	1.0	1.0	100.0	1.0	True	True
E3	CP137411.1	NZ_CP137411.1	1.0	[0.8, 1)	2.4916666666666667	1.0	1.0	100.0	1.0	True	True
E3	CP137402.1	NZ_CP137402.1	1.0	[0.8, 1)	2.4916666666666667	1.0	1.0	100.0	1.0	True	True
E3	NZ_CP137386.1	NZ_CP137352.1	0.9201183431952664	[0.8, 1)	2.4916666666666667	0.9800042968510221	0.9141198262756628	99.92286706532171	0.9800042968510221	True	True
E3	CP137424.1	NZ_CP137352.1	0.838150289017341	[0.8, 1)	2.4916666666666667	0.9491472802150138	0.8928079613157013	99.92097653864026	0.9491472802150138	True	True
E3	NZ_CP137352.1	NZ_CP137372.1	0.9850746268656716	[0.8, 1)	2.4916666666666667	0.9938990348966042	0.9840152165840357	99.9864793987102	0.9938990348966042	True	True
E3	CP137386.1	NZ_CP137352.1	0.9201183431952664	[0.8, 1)	2.4916666666666667	0.9800042968510221	0.9141198262756628	99.92286706532171	0.9800042968510221	True	True
E3	NZ_CP137352.1	NZ_CP137400.1	0.8911174785100286	[0.8, 1)	2.4916666666666667	0.9431817205809516	0.9354886321705317	99.89421173861737	0.9431817205809516	True	True
E3	NZ_CP137363.1	NZ_CP137352.1	0.8405797101449275	[0.8, 1)	2.4916666666666667	0.9491445460051927	0.8928079613157013	99.92178927010293	0.9491445460051927	True	True
E3	NZ_CP137435.1	NZ_CP137352.1	0.9201183431952664	[0.8, 1)	2.4916666666666667	0.9800040513664154	0.9141198262756628	99.91978895067689	0.9800040513664154	True	True
E3	NZ_CP137352.1	CP137352.1	1.0	[0.8, 1)	2.4916666666666667	1.0	1.0	100.0	1.0	True	True
E3	NZ_CP138475.1	NZ_CP137352.1	0.9610778443113772	[0.8, 1)	2.4916666666666667	0.9955700504406101	0.9563083864650762	99.98032135380426	0.9955700504406101	True	True
E3	CP137392.1	NZ_CP137352.1	0.9467455621301776	[0.8, 1)	2.4916666666666667	0.9721951816639756	0.9527525916934114	99.984650279055	0.9721951816639756	True	True
E3	NZ_CP137360.1	NZ_CP137352.1	0.9467455621301776	[0.8, 1)	2.4916666666666667	0.9722671764818683	0.9557787390957059	99.94984533587498	0.9722671764818683	True	True
E3	CP137405.1	NZ_CP137368.1	1.0	[0.8, 1)	2.4916666666666667	1.0	0.66664	99.988	1.0	False	True
E3	CP137397.1	NZ_CP137368.1	1.0	[0.8, 1)	2.4916666666666667	0.841912512716175	0.33104	99.87931851135814	0.841912512716175	False	True
E3	CP137395.1	NZ_CP137368.1	1.0	[0.8, 1)	2.4916666666666667	1.0	0.66664	99.988	1.0	False	True
E3	CP137430.1	NZ_CP137368.1	1.0	[0.8, 1)	2.4916666666666667	1.0	0.33336	100.0	1.0	False	True
E3	NZ_CP137368.1	NZ_CP137421.1	1.0	[0.8, 1)	2.4916666666666667	1.0	1.0	99.97600391968642	1.0	True	True
E3	NZ_CP137412.1	NZ_CP137368.1	1.0	[0.8, 1)	2.4916666666666667	1.0	0.33336	100.0	1.0	False	True
E3	CP137390.1	NZ_CP137368.1	1.0	[0.8, 1)	2.4916666666666667	1.0	0.33336	100.0	1.0	False	True
E3	NZ_CP137384.1	NZ_CP137368.1	1.0	[0.8, 1)	2.4916666666666667	1.0	0.66664	99.988	1.0	False	True
E3	NZ_CP137390.1	NZ_CP137368.1	1.0	[0.8, 1)	2.4916666666666667	1.0	0.33336	100.0	1.0	False	True
E3	NZ_CP137361.1	NZ_CP137368.1	1.0	[0.8, 1)	2.4916666666666667	1.0	0.33336	100.0	1.0	False	True
E3	NZ_CP133845.1	NZ_CP141566.1	0.918552036199095	[0.8, 1)	2.4916666666666667	0.9144238158446276	0.8487895626375497	99.991646678795	0.9144238158446276	True	True
E3	NZ_CP133845.1	CP133742.1	0.918552036199095	[0.8, 1)	2.4916666666666667	1.0	0.9282251854253638	99.99464502128589	1.0	True	True
E3	CP137387.1	NZ_CP137431.1	1.0	[0.8, 1)	2.4916666666666667	1.0	1.0	100.0	1.0	True	True
E3	CP137387.1	NZ_CP137427.1	0.8108108108108109	[0.8, 1)	2.4916666666666667	0.8732271437922758	0.806224975447609	99.87495802098951	0.8732271437922758	True	True
E3	CP137387.1	NZ_CP138476.1	1.0	[0.8, 1)	2.4916666666666667	1.0	1.0	100.0	1.0	True	True
E3	CP137387.1	CP137415.1	0.8571428571428571	[0.8, 1)	2.4916666666666667	0.9637519092297622	0.9091231716900302	99.99723221057327	0.9637519092297622	True	True
E3	CP137387.1	NZ_CP137357.1	1.0	[0.8, 1)	2.4916666666666667	1.0	1.0	99.9973251691032	1.0	True	True
E3	CP137387.1	CP137357.1	1.0	[0.8, 1)	2.4916666666666667	1.0	1.0	99.9973251691032	1.0	True	True
E3	CP137387.1	NZ_CP137387.1	1.0	[0.8, 1)	2.4916666666666667	1.0	1.0	100.0	1.0	True	True
E3	CP137387.1	CP137427.1	0.8108108108108109	[0.8, 1)	2.4916666666666667	0.8732271437922758	0.806224975447609	99.87495802098951	0.8732271437922758	True	True
E3	NZ_CP137394.1	CP137371.1	0.9914529914529916	[0.8, 1)	2.4916666666666667	1.0	1.0	99.99770268450429	1.0	True	True
E3	NZ_CP137394.1	NZ_CP137433.1	0.9914529914529916	[0.8, 1)	2.4916666666666667	1.0	1.0	99.99748868609906	1.0	True	True
E3	NZ_CP137394.1	NZ_CP137353.1	0.8111888111888111	[0.8, 1)	2.4916666666666667	1.0	0.8701769263385114	99.99504327757894	1.0	True	True
E3	NZ_CP137394.1	CP138474.1	0.9914529914529916	[0.8, 1)	2.4916666666666667	1.0	1.0	99.99645977673428	1.0	True	True
E3	CP137358.1	NZ_CP137394.1	0.9914529914529916	[0.8, 1)	2.4916666666666667	1.0	1.0	99.99580435899706	1.0	True	True
E3	NZ_CP137394.1	CP137413.1	0.9914529914529916	[0.8, 1)	2.4916666666666667	1.0	1.0	99.99582058846983	1.0	True	True
E3	NZ_CP137431.1	CP137393.1	1.0	[0.8, 1)	2.4916666666666667	1.0	1.0	99.99431403245603	1.0	True	True
E3	NZ_CP137431.1	NZ_CP138476.1	1.0	[0.8, 1)	2.4916666666666667	1.0	1.0	100.0	1.0	True	True
E3	NZ_CP137431.1	CP137415.1	0.8571428571428571	[0.8, 1)	2.4916666666666667	0.9637519092297622	0.9091231716900302	99.99728574615213	0.9637519092297622	True	True
E3	NZ_CP137431.1	NZ_CP137393.1	1.0	[0.8, 1)	2.4916666666666667	1.0	1.0	99.99431403245603	1.0	True	True
E3	NZ_CP137386.1	NZ_CP137400.1	0.8591954022988506	[0.8, 1)	2.4916666666666667	0.9480480019642747	0.8794669467230564	99.87082890630283	0.9480480019642747	True	True
E3	NZ_CP137435.1	NZ_CP137386.1	1.0	[0.8, 1)	2.4916666666666667	1.0	1.0	99.99354721370543	1.0	True	True
E3	NZ_CP137386.1	NZ_CP138475.1	0.9573170731707316	[0.8, 1)	2.4916666666666667	0.984558958934381	0.9560552581056748	99.92748514025729	0.984558958934381	True	True
E3	NZ_CP137386.1	CP137392.1	0.9724770642201837	[0.8, 1)	2.4916666666666667	1.0	0.9518195543068323	99.95463876476953	1.0	True	True
E3	CP137386.1	CP137424.1	0.8057971014492754	[0.8, 1)	2.4916666666666667	0.8971364557117427	0.8921673966706947	99.90112135235192	0.8971364557117427	True	True
E3	CP137424.1	CP137372.1	0.8414985590778098	[0.8, 1)	2.4916666666666667	0.948252403838837	0.8830579437768763	99.75644878222462	0.948252403838837	True	True
E3	CP137424.1	NZ_CP137363.1	0.99672131147541	[0.8, 1)	2.4916666666666667	1.0	1.0	99.997	1.0	True	True
E3	CP137424.1	NZ_CP137360.1	0.8265895953757225	[0.8, 1)	2.4916666666666667	0.9294691313307177	0.887165615366512	99.95098344575689	0.9294691313307177	True	True
E3	CP133741.1	NZ_CP141579.1	1.0	[0.8, 1)	2.4916666666666667	1.0	0.9999808861195	100.0	1.0	True	True
E3	CP141566.1	NZ_CP141580.1	1.0	[0.8, 1)	2.4916666666666667	0.9205646681176514	0.9205646681176514	99.99368504935413	0.9205646681176514	True	True
E3	NZ_CP141580.1	CP141580.1	1.0	[0.8, 1)	2.4916666666666667	1.0	1.0	100.0	1.0	True	True
E3	CP133870.1	NZ_CP133870.1	1.0	[0.8, 1)	2.4916666666666667	1.0	1.0	100.0	1.0	True	True
E3	CP137393.1	NZ_CP137362.1	0.8108108108108109	[0.8, 1)	2.4916666666666667	0.8804036547115778	0.8128525382755842	99.87914721189591	0.8804036547115778	True	True
E3	CP137385.1	NZ_CP137362.1	1.0	[0.8, 1)	2.4916666666666667	1.0	1.0	99.9949720235697	1.0	True	True
E3	CP137415.1	NZ_CP137362.1	0.9428571428571428	[0.8, 1)	2.4916666666666667	0.9732059114299475	0.9666095890410958	99.99499130095064	0.9732059114299475	True	True
E3	NZ_CP137357.1	NZ_CP137362.1	0.8108108108108109	[0.8, 1)	2.4916666666666667	0.945068732271438	0.8725574133763094	99.88443141612075	0.945068732271438	True	True
E3	NZ_CP137374.1	NZ_CP137362.1	0.8918918918918919	[0.8, 1)	2.4916666666666667	1.0	0.9999748186946011	99.77581889149101	1.0	True	True
E3	CP137427.1	NZ_CP137362.1	1.0	[0.8, 1)	2.4916666666666667	1.0	1.0	99.9977365028203	1.0	True	True
E3	CP137405.1	CP137384.1	1.0	[0.8, 1)	2.4916666666666667	1.0	1.0	100.0	1.0	True	True
E3	CP137405.1	CP137416.1	1.0	[0.8, 1)	2.4916666666666667	1.0	0.6666133418653015	100.0	1.0	False	True
E3	CP137405.1	NZ_CP137405.1	1.0	[0.8, 1)	2.4916666666666667	1.0	1.0	100.0	1.0	True	True
E3	CP137430.1	CP137405.1	1.0	[0.8, 1)	2.4916666666666667	1.0	0.5	100.0	1.0	False	True
E3	CP137405.1	NZ_CP137421.1	1.0	[0.8, 1)	2.4916666666666667	1.0	0.66664	99.976	1.0	False	True
E3	CP137405.1	CP137432.1	1.0	[0.8, 1)	2.4916666666666667	1.0	1.0	100.0	1.0	True	True
E3	CP137405.1	NZ_CP137384.1	1.0	[0.8, 1)	2.4916666666666667	1.0	1.0	100.0	1.0	True	True
E3	NZ_CP137361.1	CP137405.1	1.0	[0.8, 1)	2.4916666666666667	1.0	0.5	100.0	1.0	False	True
E3	CP137405.1	CP137369.1	1.0	[0.8, 1)	2.4916666666666667	1.0	1.0	100.0	1.0	True	True
E3	CP137397.1	CP137395.1	1.0	[0.8, 1)	2.4916666666666667	0.841912512716175	0.4965202783777298	99.87931851135814	0.841912512716175	False	True
E3	NZ_CP137430.1	CP137397.1	1.0	[0.8, 1)	2.4916666666666667	0.9908807295416366	0.841912512716175	99.87901353310778	0.9908807295416366	True	True
E3	CP137397.1	CP137384.1	1.0	[0.8, 1)	2.4916666666666667	0.841912512716175	0.4965202783777298	99.87931851135814	0.841912512716175	False	True
E3	CP137397.1	CP137416.1	1.0	[0.8, 1)	2.4916666666666667	0.841912512716175	0.33026715725483924	99.87931851135814	0.841912512716175	False	True
E3	CP137412.1	CP137397.1	1.0	[0.8, 1)	2.4916666666666667	0.9908807295416366	0.841912512716175	99.87931851135814	0.9908807295416366	True	True
E3	CP137397.1	NZ_CP137405.1	1.0	[0.8, 1)	2.4916666666666667	0.841912512716175	0.4965202783777298	99.87931851135814	0.841912512716175	False	True
E3	NZ_CP137412.1	CP137397.1	1.0	[0.8, 1)	2.4916666666666667	0.9908807295416366	0.841912512716175	99.87931851135814	0.9908807295416366	True	True
E3	CP137397.1	NZ_CP137369.1	1.0	[0.8, 1)	2.4916666666666667	0.841912512716175	0.4965202783777298	99.87931851135814	0.841912512716175	False	True
E3	NZ_CP137361.1	CP137397.1	1.0	[0.8, 1)	2.4916666666666667	0.982481401487881	0.834791454730417	99.87795637338533	0.982481401487881	True	True
E3	CP137397.1	CP137369.1	1.0	[0.8, 1)	2.4916666666666667	0.841912512716175	0.4965202783777298	99.87931851135814	0.841912512716175	False	True
E3	NZ_CP137430.1	CP137395.1	1.0	[0.8, 1)	2.4916666666666667	1.0	0.5	100.0	1.0	False	True
E3	CP137395.1	NZ_CP137416.1	1.0	[0.8, 1)	2.4916666666666667	1.0	0.6666133418653015	100.0	1.0	False	True
E3	CP137395.1	CP137416.1	1.0	[0.8, 1)	2.4916666666666667	1.0	0.6666133418653015	100.0	1.0	False	True
E3	CP137395.1	NZ_CP137421.1	1.0	[0.8, 1)	2.4916666666666667	1.0	0.66664	99.976	1.0	False	True
E3	CP137395.1	NZ_CP137369.1	1.0	[0.8, 1)	2.4916666666666667	1.0	1.0	100.0	1.0	True	True
E3	NZ_CP137390.1	CP137395.1	1.0	[0.8, 1)	2.4916666666666667	1.0	0.5	100.0	1.0	False	True
E3	CP137395.1	NZ_CP137432.1	1.0	[0.8, 1)	2.4916666666666667	1.0	1.0	100.0	1.0	True	True
E3	CP133741.1	NZ_CP133741.1	1.0	[0.8, 1)	2.4916666666666667	1.0	1.0	100.0	1.0	True	True
E3	CP133741.1	CP141579.1	1.0	[0.8, 1)	2.4916666666666667	1.0	0.9999808861195	100.0	1.0	True	True
E3	CP137393.1	NZ_CP137415.1	0.8571428571428571	[0.8, 1)	2.4916666666666667	0.8441565525705714	0.7847854191487744	99.99675897932816	0.8441565525705714	False	True
E3	CP137393.1	NZ_CP137393.1	1.0	[0.8, 1)	2.4916666666666667	1.0	1.0	100.0	1.0	True	True
E3	NZ_CP137430.1	CP137416.1	1.0	[0.8, 1)	2.4916666666666667	1.0	0.33330667093265076	100.0	1.0	False	True
E3	NZ_CP137430.1	NZ_CP137369.1	1.0	[0.8, 1)	2.4916666666666667	1.0	0.5	100.0	1.0	False	True
E3	NZ_CP137430.1	CP137369.1	1.0	[0.8, 1)	2.4916666666666667	1.0	0.5	100.0	1.0	False	True
E3	CP141564.1	NZ_CP138477.1	0.8783783783783784	[0.8, 1)	2.4916666666666667	0.9144715447154471	0.8596759400794864	99.79364965514789	0.9144715447154471	True	True
E3	CP141548.1	NZ_CP141548.1	1.0	[0.8, 1)	2.4916666666666667	1.0	1.0	100.0	1.0	True	True
E3	CP137430.1	CP137384.1	1.0	[0.8, 1)	2.4916666666666667	1.0	0.5	100.0	1.0	False	True
E3	NZ_CP137412.1	CP137384.1	1.0	[0.8, 1)	2.4916666666666667	1.0	0.5	100.0	1.0	False	True
E3	CP137384.1	CP137432.1	1.0	[0.8, 1)	2.4916666666666667	1.0	1.0	100.0	1.0	True	True
E3	NZ_CP137390.1	CP137384.1	1.0	[0.8, 1)	2.4916666666666667	1.0	0.5	100.0	1.0	False	True
E3	CP137384.1	NZ_CP137432.1	1.0	[0.8, 1)	2.4916666666666667	1.0	1.0	100.0	1.0	True	True
E3	CP137384.1	CP137369.1	1.0	[0.8, 1)	2.4916666666666667	0.9997600191984641	0.9997600191984641	100.0	0.9997600191984641	True	True
E3	CP137386.1	NZ_CP137372.1	0.9233038348082596	[0.8, 1)	2.4916666666666667	0.9845773740101896	0.9092192429692748	99.93198464061338	0.9845773740101896	True	True
E3	NZ_CP137400.1	NZ_CP137372.1	0.8942857142857142	[0.8, 1)	2.4916666666666667	0.9396894780165196	0.9380026249174398	99.8917935261554	0.9396894780165196	True	True
E3	CP133864.1	NZ_CP133846.1	0.9333333333333332	[0.8, 1)	2.4916666666666667	1.0	1.0	99.76539982701684	1.0	True	True
E3	NZ_CP133849.1	NZ_CP133846.1	0.9333333333333332	[0.8, 1)	2.4916666666666667	0.9528512565659107	0.9528512565659107	99.74929734501592	0.9528512565659107	True	True
E3	NZ_CP137425.1	NZ_CP137381.1	1.0	[0.8, 1)	2.4916666666666667	1.0	1.0	99.99301385395087	1.0	True	True
E3	NZ_CP137414.1	NZ_CP137425.1	1.0	[0.8, 1)	2.4916666666666667	1.0	0.9887170760580053	99.97943054905996	1.0	True	True
E3	CP133849.1	CP133873.1	1.0	[0.8, 1)	2.4916666666666667	1.0	1.0	99.9874325208366	1.0	True	True
E3	CP133873.1	CP133846.1	0.9333333333333332	[0.8, 1)	2.4916666666666667	0.9528527395105995	0.9528527395105995	99.75438965710703	0.9528527395105995	True	True
E3	CP133873.1	NZ_CP137377.1	0.825	[0.8, 1)	2.4916666666666667	0.899666603761716	0.8295233674683067	99.24140927518	0.899666603761716	True	True
E3	CP133873.1	NZ_CP137383.1	1.0	[0.8, 1)	2.4916666666666667	1.0	0.9868590489488791	99.93548607901397	1.0	True	True
E3	NZ_CP133849.1	CP133873.1	1.0	[0.8, 1)	2.4916666666666667	1.0	1.0	99.9874325208366	1.0	True	True
E3	CP137415.1	CP137385.1	0.9428571428571428	[0.8, 1)	2.4916666666666667	0.9731805622449238	0.9665332023872478	100.0	0.9731805622449238	True	True
E3	CP137386.1	CP137418.1	0.8579881656804734	[0.8, 1)	2.4916666666666667	0.9016143883125652	0.8790122127403738	99.89959090739315	0.9016143883125652	True	True
E3	CP137418.1	NZ_CP137400.1	0.9131736526946108	[0.8, 1)	2.4916666666666667	0.9809166584410884	0.9308960858334989	99.92347064404595	0.9809166584410884	True	True
E3	NZ_CP137435.1	CP137418.1	0.8579881656804734	[0.8, 1)	2.4916666666666667	0.9016131804454047	0.8790122127403738	99.90089791136813	0.9016131804454047	True	True
E3	CP137418.1	NZ_CP138475.1	0.8702064896755162	[0.8, 1)	2.4916666666666667	0.9236815893611866	0.9200373236665434	99.96488716547664	0.9236815893611866	True	True
E3	CP137418.1	CP137392.1	0.8790560471976401	[0.8, 1)	2.4916666666666667	0.9223325945268498	0.8982501034665672	99.96980421213055	0.9223325945268498	True	True
E3	CP137363.1	CP137418.1	0.912772585669782	[0.8, 1)	2.4916666666666667	0.9597916837879217	0.945956455284261	99.95634318402394	0.9597916837879217	True	True
E3	CP137418.1	NZ_CP137360.1	0.8790560471976401	[0.8, 1)	2.4916666666666667	0.9254942076973466	0.8985521984327831	99.93001654161094	0.9254942076973466	True	True
E3	NZ_CP137421.1	NZ_CP137416.1	1.0	[0.8, 1)	2.4916666666666667	1.0	1.0	99.976320268757	1.0	True	True
E3	NZ_CP137412.1	NZ_CP137416.1	1.0	[0.8, 1)	2.4916666666666667	1.0	0.33330667093265076	100.0	1.0	False	True
E3	CP137390.1	NZ_CP137416.1	1.0	[0.8, 1)	2.4916666666666667	1.0	0.33330667093265076	100.0	1.0	False	True
E3	CP137432.1	NZ_CP137416.1	1.0	[0.8, 1)	2.4916666666666667	1.0	0.6666933290673492	99.988	1.0	False	True
E3	NZ_CP137369.1	NZ_CP137416.1	1.0	[0.8, 1)	2.4916666666666667	1.0	0.6666933290673492	99.988	1.0	False	True
E3	NZ_CP137432.1	NZ_CP137416.1	1.0	[0.8, 1)	2.4916666666666667	1.0	0.6666933290673492	99.988	1.0	False	True
E3	NZ_CP137361.1	NZ_CP137416.1	1.0	[0.8, 1)	2.4916666666666667	1.0	0.33330667093265076	100.0	1.0	False	True
E3	CP137386.1	CP137372.1	0.9233038348082596	[0.8, 1)	2.4916666666666667	0.9845773740101896	0.9092192429692748	99.93198464061338	0.9845773740101896	True	True
E3	CP137386.1	NZ_CP137400.1	0.8591954022988506	[0.8, 1)	2.4916666666666667	0.9480480019642747	0.8794669467230564	99.87082890630283	0.9480480019642747	True	True
E3	CP137386.1	NZ_CP138475.1	0.9573170731707316	[0.8, 1)	2.4916666666666667	0.984558958934381	0.9560552581056748	99.92748514025729	0.984558958934381	True	True
E3	CP137386.1	CP137392.1	0.9724770642201837	[0.8, 1)	2.4916666666666667	1.0	0.9518195543068323	99.95463876476953	1.0	True	True
E3	CP137386.1	NZ_CP137360.1	0.9724770642201837	[0.8, 1)	2.4916666666666667	1.0	0.948880953695337	99.95551708456094	1.0	True	True
E3	CP137435.1	CP137372.1	0.9233038348082596	[0.8, 1)	2.4916666666666667	0.9845771846686473	0.9092192429692748	99.93074114641516	0.9845771846686473	True	True
E3	CP137435.1	NZ_CP137400.1	0.8591954022988506	[0.8, 1)	2.4916666666666667	0.9480473641564564	0.8794669467230564	99.86836377749364	0.9480473641564564	True	True
E3	CP137435.1	NZ_CP137363.1	0.8081395348837209	[0.8, 1)	2.4916666666666667	0.8971351928695951	0.8921650093291816	99.89727141695391	0.8971351928695951	True	True
E3	CP137435.1	CP137352.1	0.9201183431952664	[0.8, 1)	2.4916666666666667	0.9800040513664154	0.9141198262756628	99.91978895067689	0.9800040513664154	True	True
E3	NZ_CP137376.1	CP137376.1	1.0	[0.8, 1)	2.4916666666666667	1.0	1.0	100.0	1.0	True	True
E3	NZ_CP137415.1	NZ_CP137427.1	0.9428571428571428	[0.8, 1)	2.4916666666666667	0.9732059114299475	0.9666087482057868	99.99738537271449	0.9732059114299475	True	True
E3	NZ_CP137415.1	CP137415.1	1.0	[0.8, 1)	2.4916666666666667	1.0	1.0	100.0	1.0	True	True
E3	NZ_CP137415.1	NZ_CP137374.1	0.9428571428571428	[0.8, 1)	2.4916666666666667	0.9731805622449238	0.966607907328129	99.99498622144662	0.9731805622449238	True	True
E3	CP137357.1	NZ_CP137427.1	0.8108108108108109	[0.8, 1)	2.4916666666666667	0.945068732271438	0.8725542041248017	99.88727411255411	0.945068732271438	True	True
E3	NZ_CP137427.1	CP137427.1	1.0	[0.8, 1)	2.4916666666666667	1.0	1.0	100.0	1.0	True	True
E3	CP133845.1	CP141566.1	0.918552036199095	[0.8, 1)	2.4916666666666667	0.9144238158446276	0.8487895626375497	99.991646678795	0.9144238158446276	True	True
E3	NZ_CP138476.1	NZ_CP137387.1	1.0	[0.8, 1)	2.4916666666666667	1.0	1.0	100.0	1.0	True	True
E3	NZ_CP138476.1	NZ_CP137393.1	1.0	[0.8, 1)	2.4916666666666667	1.0	1.0	99.99465986635757	1.0	True	True
E3	CP133849.1	CP133864.1	1.0	[0.8, 1)	2.4916666666666667	0.9528512565659107	0.9528512565659107	99.98820888749546	0.9528512565659107	True	True
E3	CP133849.1	CP133846.1	0.9333333333333332	[0.8, 1)	2.4916666666666667	0.9528512565659107	0.9528512565659107	99.74929734501592	0.9528512565659107	True	True
E3	CP133849.1	NZ_CP137377.1	0.825	[0.8, 1)	2.4916666666666667	0.8996634479287894	0.8295233674683067	99.2344967411627	0.8996634479287894	True	True
E3	CP133849.1	NZ_CP137383.1	1.0	[0.8, 1)	2.4916666666666667	1.0	0.9868590489488791	99.93262699261122	1.0	True	True
E3	CP133849.1	NZ_CP133849.1	1.0	[0.8, 1)	2.4916666666666667	1.0	1.0	100.0	1.0	True	True
E3	CP137371.1	CP138474.1	1.0	[0.8, 1)	2.4916666666666667	1.0	1.0	99.9992162772772	1.0	True	True
E3	CP137371.1	NZ_CP137380.1	1.0	[0.8, 1)	2.4916666666666667	1.0	1.0	99.99469462483721	1.0	True	True
E3	CP137430.1	CP137416.1	1.0	[0.8, 1)	2.4916666666666667	1.0	0.33330667093265076	100.0	1.0	False	True
E3	CP137390.1	CP137416.1	1.0	[0.8, 1)	2.4916666666666667	1.0	0.33330667093265076	100.0	1.0	False	True
E3	NZ_CP137369.1	CP137416.1	1.0	[0.8, 1)	2.4916666666666667	1.0	0.6666933290673492	99.988	1.0	False	True
E3	NZ_CP137361.1	CP137416.1	1.0	[0.8, 1)	2.4916666666666667	1.0	0.33330667093265076	100.0	1.0	False	True
E3	CP133864.1	CP141563.1	0.8275862068965517	[0.8, 1)	2.4916666666666667	1.0	0.8061710866588916	99.99217051923138	1.0	True	True
E3	CP133864.1	NZ_CP137383.1	1.0	[0.8, 1)	2.4916666666666667	0.9649147637919104	0.9522612675510046	99.78512839224632	0.9649147637919104	True	True
E3	CP137412.1	NZ_CP137421.1	1.0	[0.8, 1)	2.4916666666666667	1.0	0.33336	100.0	1.0	False	True
E3	CP137412.1	NZ_CP137369.1	1.0	[0.8, 1)	2.4916666666666667	1.0	0.5	100.0	1.0	False	True
E3	CP137412.1	NZ_CP137432.1	1.0	[0.8, 1)	2.4916666666666667	1.0	0.5	100.0	1.0	False	True
E3	CP137412.1	NZ_CP137361.1	1.0	[0.8, 1)	2.4916666666666667	1.0	1.0	100.0	1.0	True	True
E3	CP137389.1	NZ_CP137358.1	1.0	[0.8, 1)	2.4916666666666667	1.0	1.0	99.9974400676891	1.0	True	True
E3	CP137389.1	CP137394.1	0.9914529914529916	[0.8, 1)	2.4916666666666667	1.0	1.0	99.99809286872392	1.0	True	True
E3	CP137389.1	CP137358.1	1.0	[0.8, 1)	2.4916666666666667	1.0	1.0	99.9974400676891	1.0	True	True
E3	NZ_CP133849.1	CP133846.1	0.9333333333333332	[0.8, 1)	2.4916666666666667	0.9528512565659107	0.9528512565659107	99.74929734501592	0.9528512565659107	True	True
E3	NZ_CP141853.1	CP141853.1	1.0	[0.8, 1)	2.4916666666666667	1.0	1.0	100.0	1.0	True	True
E3	NZ_CP137400.1	CP137372.1	0.8942857142857142	[0.8, 1)	2.4916666666666667	0.9396894780165196	0.9380026249174398	99.8917935261554	0.9396894780165196	True	True
E3	NZ_CP137363.1	CP137372.1	0.8439306358381503	[0.8, 1)	2.4916666666666667	0.9482496750766272	0.8830579437768763	99.75625177541555	0.9482496750766272	True	True
E3	CP137363.1	CP137372.1	0.8439306358381503	[0.8, 1)	2.4916666666666667	0.9482496750766272	0.8830579437768763	99.75625177541555	0.9482496750766272	True	True
E3	NZ_CP137360.1	CP137372.1	0.9498525073746312	[0.8, 1)	2.4916666666666667	0.9614500678429994	0.9356753493039434	99.99636368031717	0.9614500678429994	True	True
E3	NZ_CP137412.1	NZ_CP137405.1	1.0	[0.8, 1)	2.4916666666666667	1.0	0.5	100.0	1.0	False	True
E3	CP137390.1	NZ_CP137405.1	1.0	[0.8, 1)	2.4916666666666667	1.0	0.5	100.0	1.0	False	True
E3	NZ_CP137405.1	CP137432.1	1.0	[0.8, 1)	2.4916666666666667	1.0	1.0	100.0	1.0	True	True
E3	NZ_CP137405.1	NZ_CP137384.1	1.0	[0.8, 1)	2.4916666666666667	1.0	1.0	100.0	1.0	True	True
E3	NZ_CP137390.1	NZ_CP137405.1	1.0	[0.8, 1)	2.4916666666666667	1.0	0.5	100.0	1.0	False	True
E3	NZ_CP137405.1	CP137369.1	1.0	[0.8, 1)	2.4916666666666667	1.0	1.0	100.0	1.0	True	True
E3	NZ_CP137410.1	CP137410.1	1.0	[0.8, 1)	2.4916666666666667	1.0	1.0	100.0	1.0	True	True
E3	NZ_CP137357.1	CP137415.1	0.8571428571428571	[0.8, 1)	2.4916666666666667	0.9088206415012001	0.8448883368399706	100.0	0.9088206415012001	True	True
E3	CP137415.1	NZ_CP137374.1	0.9428571428571428	[0.8, 1)	2.4916666666666667	0.9731805622449238	0.966607907328129	99.99498622144662	0.9731805622449238	True	True
E3	CP137357.1	CP137415.1	0.8571428571428571	[0.8, 1)	2.4916666666666667	0.9088206415012001	0.8448883368399706	100.0	0.9088206415012001	True	True
E3	NZ_CP137363.1	NZ_CP137400.1	0.9123867069486404	[0.8, 1)	2.4916666666666667	0.9895567953880665	0.9254974312395333	99.98338577452049	0.9895567953880665	True	True
E3	NZ_CP138475.1	NZ_CP137400.1	0.8710601719197708	[0.8, 1)	2.4916666666666667	0.9471834344927916	0.9047429820328687	99.90908332941201	0.9471834344927916	True	True
E3	NZ_CP137360.1	NZ_CP137400.1	0.8796561604584527	[0.8, 1)	2.4916666666666667	0.9353675579716251	0.9165819874542307	99.91759851806438	0.9353675579716251	True	True
E3	CP137430.1	CP137390.1	1.0	[0.8, 1)	2.4916666666666667	1.0	1.0	100.0	1.0	True	True
E3	CP137430.1	CP137432.1	1.0	[0.8, 1)	2.4916666666666667	1.0	0.5	100.0	1.0	False	True
E3	CP137430.1	CP137369.1	1.0	[0.8, 1)	2.4916666666666667	1.0	0.5	100.0	1.0	False	True
E3	CP133742.1	CP141580.1	1.0	[0.8, 1)	2.4916666666666667	1.0	1.0	99.99922733167973	1.0	True	True
E3	NZ_CP137369.1	NZ_CP137421.1	1.0	[0.8, 1)	2.4916666666666667	1.0	0.66672	100.0	1.0	False	True
E3	NZ_CP137384.1	NZ_CP137421.1	1.0	[0.8, 1)	2.4916666666666667	1.0	0.66672	100.0	1.0	False	True
E3	NZ_CP137432.1	NZ_CP137421.1	1.0	[0.8, 1)	2.4916666666666667	1.0	0.66672	100.0	1.0	False	True
E3	NZ_CP137361.1	NZ_CP137421.1	1.0	[0.8, 1)	2.4916666666666667	1.0	0.33336	100.0	1.0	False	True
E3	NZ_CP137412.1	CP137432.1	1.0	[0.8, 1)	2.4916666666666667	1.0	0.5	100.0	1.0	False	True
E3	NZ_CP137412.1	NZ_CP137384.1	1.0	[0.8, 1)	2.4916666666666667	1.0	0.5	100.0	1.0	False	True
E3	NZ_CP137412.1	NZ_CP137390.1	1.0	[0.8, 1)	2.4916666666666667	1.0	1.0	100.0	1.0	True	True
E3	NZ_CP137435.1	NZ_CP137363.1	0.8081395348837209	[0.8, 1)	2.4916666666666667	0.8971351928695951	0.8921650093291816	99.89727141695391	0.8971351928695951	True	True
E3	NZ_CP137363.1	NZ_CP138475.1	0.8202898550724638	[0.8, 1)	2.4916666666666667	0.9168500543314493	0.8977921799167671	99.94647934666432	0.9168500543314493	True	True
E3	NZ_CP137363.1	CP137363.1	1.0	[0.8, 1)	2.4916666666666667	1.0	1.0	100.0	1.0	True	True
E3	CP138474.1	NZ_CP137353.1	0.8181818181818182	[0.8, 1)	2.4916666666666667	1.0	0.8701769263385114	99.9964165227021	1.0	True	True
E3	CP137413.1	NZ_CP137353.1	0.8181818181818182	[0.8, 1)	2.4916666666666667	1.0	0.8701769263385114	99.99206360962472	1.0	True	True
E3	NZ_CP137380.1	NZ_CP137353.1	0.8181818181818182	[0.8, 1)	2.4916666666666667	1.0	0.8701769263385114	99.99561560473438	1.0	True	True
E3	CP137390.1	CP137432.1	1.0	[0.8, 1)	2.4916666666666667	1.0	0.5	100.0	1.0	False	True
E3	CP137390.1	NZ_CP137390.1	1.0	[0.8, 1)	2.4916666666666667	1.0	1.0	100.0	1.0	True	True
E3	CP137390.1	NZ_CP137361.1	1.0	[0.8, 1)	2.4916666666666667	1.0	1.0	100.0	1.0	True	True
E3	CP133845.1	NZ_CP141566.1	0.918552036199095	[0.8, 1)	2.4916666666666667	0.9144238158446276	0.8487895626375497	99.991646678795	0.9144238158446276	True	True
E3	NZ_CP141561.1	CP141561.1	1.0	[0.8, 1)	2.4916666666666667	1.0	1.0	100.0	1.0	True	True
E3	NZ_CP137358.1	CP138474.1	1.0	[0.8, 1)	2.4916666666666667	1.0	1.0	99.99726279137761	1.0	True	True
E3	NZ_CP137358.1	CP137358.1	1.0	[0.8, 1)	2.4916666666666667	1.0	1.0	100.0	1.0	True	True
E3	NZ_CP137358.1	CP137413.1	1.0	[0.8, 1)	2.4916666666666667	1.0	1.0	99.99299627890494	1.0	True	True
E3	NZ_CP137358.1	NZ_CP137389.1	1.0	[0.8, 1)	2.4916666666666667	1.0	1.0	99.9974400676891	1.0	True	True
E3	NZ_CP137435.1	CP137352.1	0.9201183431952664	[0.8, 1)	2.4916666666666667	0.9800040513664154	0.9141198262756628	99.91978895067689	0.9800040513664154	True	True
E3	NZ_CP137435.1	NZ_CP138475.1	0.9573170731707316	[0.8, 1)	2.4916666666666667	0.9845587693667591	0.9560552581056748	99.9249272203896	0.9845587693667591	True	True
E3	NZ_CP137435.1	NZ_CP137360.1	0.9724770642201837	[0.8, 1)	2.4916666666666667	1.0	0.948880953695337	99.95381019327866	1.0	True	True
E3	NZ_CP133851.1	CP133851.1	1.0	[0.8, 1)	2.4916666666666667	1.0	1.0	100.0	1.0	True	True
E3	NZ_CP137365.1	NZ_CP137381.1	1.0	[0.8, 1)	2.4916666666666667	1.0	0.9999815034033738	99.99301385420713	1.0	True	True
E3	NZ_CP137365.1	CP137365.1	1.0	[0.8, 1)	2.4916666666666667	1.0	1.0	100.0	1.0	True	True
E3	NZ_CP137365.1	CP137425.1	1.0	[0.8, 1)	2.4916666666666667	1.0	0.9999815034033738	100.0	1.0	True	True
E3	CP137432.1	NZ_CP137369.1	1.0	[0.8, 1)	2.4916666666666667	1.0	1.0	100.0	1.0	True	True
E3	CP137432.1	NZ_CP137384.1	1.0	[0.8, 1)	2.4916666666666667	1.0	1.0	100.0	1.0	True	True
E3	CP137358.1	CP138474.1	1.0	[0.8, 1)	2.4916666666666667	1.0	1.0	99.99726279137761	1.0	True	True
E3	CP138474.1	NZ_CP137380.1	1.0	[0.8, 1)	2.4916666666666667	1.0	1.0	99.99353124363212	1.0	True	True
E3	NZ_CP137389.1	CP138474.1	1.0	[0.8, 1)	2.4916666666666667	1.0	1.0	99.998	1.0	True	True
E3	NZ_CP137377.1	CP137356.1	0.961038961038961	[0.8, 1)	2.4916666666666667	1.0	0.9685284669915818	99.99575142599821	1.0	True	True
E3	CP137356.1	NZ_CP137356.1	1.0	[0.8, 1)	2.4916666666666667	1.0	1.0	100.0	1.0	True	True
E3	NZ_CP137381.1	CP137425.1	1.0	[0.8, 1)	2.4916666666666667	1.0	1.0	99.99301385395087	1.0	True	True
E3	NZ_CP137357.1	NZ_CP137374.1	0.8108108108108109	[0.8, 1)	2.4916666666666667	0.9730253109317041	0.8983883152858222	99.75289401541696	0.9730253109317041	True	True
E3	NZ_CP137357.1	NZ_CP137387.1	1.0	[0.8, 1)	2.4916666666666667	1.0	1.0	99.9973251691032	1.0	True	True
E3	NZ_CP137357.1	CP137427.1	0.8108108108108109	[0.8, 1)	2.4916666666666667	0.945068732271438	0.8725542041248017	99.88727411255411	0.945068732271438	True	True
E3	NZ_CP137384.1	NZ_CP137432.1	1.0	[0.8, 1)	2.4916666666666667	1.0	1.0	100.0	1.0	True	True
E3	NZ_CP137361.1	NZ_CP137384.1	1.0	[0.8, 1)	2.4916666666666667	1.0	0.5	100.0	1.0	False	True
E3	NZ_CP137390.1	NZ_CP137361.1	1.0	[0.8, 1)	2.4916666666666667	1.0	1.0	100.0	1.0	True	True
E3	NZ_CP137390.1	CP137369.1	1.0	[0.8, 1)	2.4916666666666667	1.0	0.5	100.0	1.0	False	True
E3	CP137357.1	NZ_CP137374.1	0.8108108108108109	[0.8, 1)	2.4916666666666667	0.9730253109317041	0.8983883152858222	99.75289401541696	0.9730253109317041	True	True
E3	NZ_CP137393.1	NZ_CP137374.1	0.8108108108108109	[0.8, 1)	2.4916666666666667	0.9730260466384836	0.8983883152858222	99.75073385469223	0.9730260466384836	True	True
E3	CP141540.1	NZ_CP141540.1	1.0	[0.8, 1)	2.4916666666666667	1.0	1.0	100.0	1.0	True	True
E3	NZ_CP137361.1	NZ_CP137432.1	1.0	[0.8, 1)	2.4916666666666667	1.0	0.5	100.0	1.0	False	True
E3	NZ_CP137432.1	CP137369.1	1.0	[0.8, 1)	2.4916666666666667	1.0	1.0	100.0	1.0	True	True
E3	NZ_CP137389.1	CP137394.1	0.9914529914529916	[0.8, 1)	2.4916666666666667	1.0	1.0	99.99809286872392	1.0	True	True
E3	CP137394.1	NZ_CP137413.1	0.9914529914529916	[0.8, 1)	2.4916666666666667	1.0	1.0	99.99582058846983	1.0	True	True
E3	CP137363.1	CP137392.1	0.8289855072463768	[0.8, 1)	2.4916666666666667	0.9294573855767504	0.8898911706586303	99.94773806843101	0.9294573855767504	True	True
E3	CP137357.1	CP137427.1	0.8108108108108109	[0.8, 1)	2.4916666666666667	0.945068732271438	0.8725542041248017	99.88727411255411	0.945068732271438	True	True
E3	CP137357.1	NZ_CP137393.1	1.0	[0.8, 1)	2.4916666666666667	1.0	1.0	99.99719399972726	1.0	True	True
E3	NZ_CP137361.1	CP137369.1	1.0	[0.8, 1)	2.4916666666666667	1.0	0.5	100.0	1.0	False	True
E3	NZ_CP133849.1	NZ_CP137383.1	1.0	[0.8, 1)	2.4916666666666667	1.0	0.9868590489488791	99.93262699261122	1.0	True	True
E3	NZ_CP137414.1	CP137365.1	1.0	[0.8, 1)	2.4916666666666667	1.0	0.9887353642972088	99.97943054905996	1.0	True	True
E3	CP137365.1	CP137425.1	1.0	[0.8, 1)	2.4916666666666667	1.0	0.9999815034033738	100.0	1.0	True	True
E3	CP137358.1	CP137413.1	1.0	[0.8, 1)	2.4916666666666667	1.0	1.0	99.99299627890494	1.0	True	True
E3	CP137358.1	NZ_CP137413.1	1.0	[0.8, 1)	2.4916666666666667	1.0	1.0	99.99299627890494	1.0	True	True
E3	CP133862.1	NZ_CP133862.1	1.0	[0.8, 1)	2.4916666666666667	1.0	1.0	100.0	1.0	True	True
E3	NZ_CP137389.1	CP137413.1	1.0	[0.8, 1)	2.4916666666666667	1.0	1.0	99.99530429081501	1.0	True	True
E3	CP137413.1	NZ_CP137413.1	1.0	[0.8, 1)	2.4916666666666667	1.0	1.0	100.0	1.0	True	True
E3	NZ_CP137387.1	CP137427.1	0.8108108108108109	[0.8, 1)	2.4916666666666667	0.8732271437922758	0.806224975447609	99.87495802098951	0.8732271437922758	True	True
E3	NZ_CP137413.1	NZ_CP137380.1	1.0	[0.8, 1)	2.4916666666666667	1.0	1.0	99.9925001727636	1.0	True	True
