plasmid_id	inc_type	resolved_inc_type	length_bp	pLIN	bin_A	bin_B	bin_C	bin_D	bin_E	bin_F
CP014198.2	ColE	ColE	7057	3.6.7.16.19.26	3	6	7	16	19	26
NC_001371.1	ColE	ColE	6646	3.6.21.35.47.86	3	6	21	35	47	86
NC_013589.1	ColE	ColE	5159	3.6.21.45.61.115	3	6	21	45	61	115
NC_021666.1	ColE	ColE	14709	4.5.6.18.27.51	4	5	6	18	27	51
NZ_CP058329.1	ColE	ColE	13636	4.5.6.22.29.53	4	5	6	22	29	53
NZ_CP059482.1	ColE	ColE	12808	3.6.7.113.211.382	3	6	7	113	211	382
NZ_CP098356.1	ColE	ColE	15271	4.5.6.18.27.51	4	5	6	18	27	51
NZ_CP110940.1	ColE	ColE	13636	4.5.6.18.27.51	4	5	6	18	27	51
NZ_CP110946.1	ColE	ColE	13636	4.5.6.22.29.53	4	5	6	22	29	53
NZ_CP110951.1	ColE	ColE	13636	4.5.6.18.27.51	4	5	6	18	27	51
NZ_CP110956.1	ColE	ColE	13636	4.5.6.18.27.51	4	5	6	18	27	51
NZ_CP110961.1	ColE	ColE	13636	4.5.6.22.29.53	4	5	6	22	29	53
NZ_CP110966.1	ColE	ColE	13636	4.5.6.18.27.51	4	5	6	18	27	51
NZ_CP110971.1	ColE	ColE	13636	4.5.6.18.27.51	4	5	6	18	27	51
NZ_CP132199.1	ColE	ColE	9292	4.5.73.179.310.653	4	5	73	179	310	653
NZ_CP157099.1	ColE	ColE	16081	4.5.6.21.336.729	4	5	6	21	336	729
NZ_CP157107.1	ColE	ColE	9076	3.6.7.194.337.730	3	6	7	194	337	730
NZ_MN371150.1	ColE	ColE	6141	4.5.43.99.149.257	4	5	43	99	149	257
NZ_OP745647.1	ColE	ColE	16840	4.5.23.225.428.981	4	5	23	225	428	981
CP035911.1	ColRNAI	ColRNAI	9729	4.5.6.18.23.33	4	5	6	18	23	33
CP058802.1	ColRNAI	ColRNAI	9730	4.5.6.18.23.33	4	5	6	18	23	33
CP080656.1	ColRNAI	ColRNAI	13841	4.5.6.18.27.51	4	5	6	18	27	51
CP080660.1	ColRNAI	ColRNAI	13841	4.5.6.22.29.53	4	5	6	22	29	53
CP080664.1	ColRNAI	ColRNAI	13141	4.5.6.22.29.53	4	5	6	22	29	53
CP080669.1	ColRNAI	ColRNAI	13841	4.5.6.18.27.51	4	5	6	18	27	51
CP080673.1	ColRNAI	ColRNAI	13021	4.5.6.18.27.51	4	5	6	18	27	51
CP080677.1	ColRNAI	ColRNAI	13841	4.5.6.18.27.51	4	5	6	18	27	51
CP080682.1	ColRNAI	ColRNAI	17336	3.6.7.9.31.57	3	6	7	9	31	57
CP080687.1	ColRNAI	ColRNAI	13841	4.5.6.18.27.51	4	5	6	18	27	51
CP080692.1	ColRNAI	ColRNAI	13841	4.5.6.18.27.51	4	5	6	18	27	51
CP080696.1	ColRNAI	ColRNAI	13841	4.5.6.22.29.53	4	5	6	22	29	53
CP080701.1	ColRNAI	ColRNAI	13841	4.5.6.18.27.51	4	5	6	18	27	51
CP080706.1	ColRNAI	ColRNAI	13841	4.5.6.18.27.51	4	5	6	18	27	51
CP080710.1	ColRNAI	ColRNAI	13841	4.5.6.22.29.53	4	5	6	22	29	53
CP080715.1	ColRNAI	ColRNAI	13841	4.5.6.18.27.51	4	5	6	18	27	51
CP080721.1	ColRNAI	ColRNAI	13841	4.5.6.22.29.53	4	5	6	22	29	53
CP080725.1	ColRNAI	ColRNAI	13841	4.5.6.22.29.53	4	5	6	22	29	53
CP080729.1	ColRNAI	ColRNAI	13841	4.5.6.22.29.53	4	5	6	22	29	53
CP080733.1	ColRNAI	ColRNAI	13841	4.5.6.22.29.53	4	5	6	22	29	53
CP080737.1	ColRNAI	ColRNAI	13841	4.5.6.22.29.53	4	5	6	22	29	53
CP080743.1	ColRNAI	ColRNAI	13841	4.5.6.18.27.51	4	5	6	18	27	51
CP080749.1	ColRNAI	ColRNAI	13841	4.5.6.22.29.53	4	5	6	22	29	53
CP080756.1	ColRNAI	ColRNAI	11307	4.5.6.18.27.68	4	5	6	18	27	68
CP086676.1	ColRNAI	ColRNAI	9294	4.5.14.24.35.70	4	5	14	24	35	70
CP094372.1	ColRNAI	ColRNAI	9294	4.5.14.24.35.70	4	5	14	24	35	70
NZ_AP024752.1	ColRNAI	ColRNAI	13841	4.5.6.18.27.51	4	5	6	18	27	51
NZ_AP024755.1	ColRNAI	ColRNAI	13841	4.5.6.18.27.51	4	5	6	18	27	51
NZ_AP024759.1	ColRNAI	ColRNAI	23753	4.5.6.59.78.136	4	5	6	59	78	136
NZ_AP024762.1	ColRNAI	ColRNAI	13841	4.5.6.18.27.51	4	5	6	18	27	51
NZ_AP024765.1	ColRNAI	ColRNAI	12692	4.5.6.59.79.138	4	5	6	59	79	138
NZ_AP024768.1	ColRNAI	ColRNAI	13841	4.5.6.18.27.51	4	5	6	18	27	51
NZ_AP024771.1	ColRNAI	ColRNAI	13841	4.5.6.18.27.51	4	5	6	18	27	51
NZ_AP024774.1	ColRNAI	ColRNAI	13841	4.5.6.18.27.51	4	5	6	18	27	51
NZ_AP024777.1	ColRNAI	ColRNAI	23753	4.5.6.59.78.139	4	5	6	59	78	139
NZ_AP024780.1	ColRNAI	ColRNAI	23753	4.5.6.59.78.139	4	5	6	59	78	139
NZ_AP024783.1	ColRNAI	ColRNAI	13841	4.5.6.18.27.51	4	5	6	18	27	51
NZ_AP024787.1	ColRNAI	ColRNAI	13841	4.5.6.18.27.51	4	5	6	18	27	51
NZ_AP024791.1	ColRNAI	ColRNAI	13841	4.5.6.18.27.51	4	5	6	18	27	51
NZ_AP024794.1	ColRNAI	ColRNAI	13841	4.5.6.18.27.51	4	5	6	18	27	51
NZ_AP024797.1	ColRNAI	ColRNAI	13841	4.5.6.18.27.51	4	5	6	18	27	51
NZ_CP016920.1	ColRNAI	ColRNAI	6139	4.5.34.71.99.171	4	5	34	71	99	171
NZ_CP018108.1	ColRNAI	ColRNAI	5310	4.5.6.74.104.177	4	5	6	74	104	177
NZ_CP027041.1	ColRNAI	ColRNAI	4940	3.6.37.84.121.204	3	6	37	84	121	204
NZ_CP027052.1	ColRNAI	ColRNAI	13841	4.5.6.22.29.53	4	5	6	22	29	53
NZ_CP027058.1	ColRNAI	ColRNAI	13841	4.5.6.22.29.53	4	5	6	22	29	53
NZ_CP032493.1	ColRNAI	ColRNAI	4315	3.10.20.92.140.243	3	10	20	92	140	243
NZ_CP032498.1	ColRNAI	ColRNAI	6841	3.6.21.93.141.245	3	6	21	93	141	245
NZ_CP032499.1	ColRNAI	ColRNAI	5836	3.6.41.94.142.246	3	6	41	94	142	246
NZ_CP035550.1	ColRNAI	ColRNAI	4593	4.5.42.97.146.251	4	5	42	97	146	251
NZ_CP036196.1	ColRNAI	ColRNAI	9729	4.5.6.18.23.33	4	5	6	18	23	33
NZ_CP036197.1	ColRNAI	ColRNAI	6140	4.5.34.71.99.171	4	5	34	71	99	171
NZ_CP036323.1	ColRNAI	ColRNAI	6136	4.5.43.99.149.257	4	5	43	99	149	257
NZ_CP036331.1	ColRNAI	ColRNAI	10101	4.5.34.71.99.259	4	5	34	71	99	259
NZ_CP043221.1	ColRNAI	ColRNAI	1552	4.17.47.109.168.298	4	17	47	109	168	298
NZ_CP050165.1	ColRNAI	ColRNAI	6141	4.5.34.71.99.171	4	5	34	71	99	171
NZ_CP053769.1	ColRNAI	ColRNAI	9730	4.5.6.18.23.33	4	5	6	18	23	33
NZ_CP053774.1	ColRNAI	ColRNAI	11154	4.5.43.99.149.362	4	5	43	99	149	362
NZ_CP053775.1	ColRNAI	ColRNAI	9730	4.5.6.22.203.363	4	5	6	22	203	363
NZ_CP053776.1	ColRNAI	ColRNAI	8811	4.5.34.71.99.364	4	5	34	71	99	364
NZ_CP053777.1	ColRNAI	ColRNAI	8051	4.5.34.71.99.365	4	5	34	71	99	365
NZ_CP053778.1	ColRNAI	ColRNAI	6030	4.5.34.71.99.171	4	5	34	71	99	171
NZ_CP067052.1	ColRNAI	ColRNAI	2056	4.5.61.139.239.437	4	5	61	139	239	437
NZ_CP069207.1	ColRNAI	ColRNAI	9302	4.5.6.21.241.444	4	5	6	21	241	444
NZ_CP069212.1	ColRNAI	ColRNAI	2056	4.5.61.139.239.437	4	5	61	139	239	437
NZ_CP070526.1	ColRNAI	ColRNAI	10122	4.5.6.18.242.446	4	5	6	18	242	446
NZ_CP070563.1	ColRNAI	ColRNAI	13637	4.5.6.22.29.53	4	5	6	22	29	53
NZ_CP070583.1	ColRNAI	ColRNAI	9248	4.5.14.24.35.70	4	5	14	24	35	70
NZ_CP073312.1	ColRNAI	ColRNAI	8282	4.5.6.141.245.455	4	5	6	141	245	455
NZ_CP075730.1	ColRNAI	ColRNAI	1749	4.21.62.143.249.463	4	21	62	143	249	463
NZ_CP075736.1	ColRNAI	ColRNAI	1749	4.21.62.143.249.463	4	21	62	143	249	463
NZ_CP076308.1	ColRNAI	ColRNAI	51468	3.6.7.10.12.478	3	6	7	10	12	478
NZ_CP080314.1	ColRNAI	ColRNAI	11970	4.5.6.18.242.494	4	5	6	18	242	494
NZ_CP083934.1	ColRNAI	ColRNAI	9730	4.5.6.18.23.33	4	5	6	18	23	33
NZ_CP083935.1	ColRNAI	ColRNAI	6141	4.5.34.71.99.171	4	5	34	71	99	171
NZ_CP085761.1	ColRNAI	ColRNAI	3530	4.5.61.153.265.516	4	5	61	153	265	516
NZ_CP086669.1	ColRNAI	ColRNAI	9294	4.5.14.24.35.70	4	5	14	24	35	70
NZ_CP094995.1	ColRNAI	ColRNAI	9294	4.5.14.24.35.70	4	5	14	24	35	70
NZ_CP095560.1	ColRNAI	ColRNAI	6141	4.5.34.71.99.171	4	5	34	71	99	171
NZ_CP101121.1	ColRNAI	ColRNAI	6141	4.5.34.71.99.171	4	5	34	71	99	171
NZ_CP101894.1	ColRNAI	ColRNAI	9294	4.5.14.24.35.70	4	5	14	24	35	70
NZ_CP101900.1	ColRNAI	ColRNAI	9294	4.5.14.24.35.70	4	5	14	24	35	70
NZ_CP102395.1	ColRNAI	ColRNAI	11934	4.5.6.22.282.571	4	5	6	22	282	571
NZ_CP115152.1	ColRNAI	ColRNAI	9730	4.5.6.18.23.33	4	5	6	18	23	33
NZ_CP117036.1	ColRNAI	ColRNAI	6659	3.6.21.35.47.86	3	6	21	35	47	86
NZ_CP122468.1	ColRNAI	ColRNAI	1780	4.5.61.153.265.516	4	5	61	153	265	516
NZ_CP122477.1	ColRNAI	ColRNAI	1780	4.23.69.171.297.607	4	23	69	171	297	607
NZ_CP128264.1	ColRNAI	ColRNAI	2096	4.21.72.177.307.627	4	21	72	177	307	627
NZ_CP140480.1	ColRNAI	ColRNAI	2050	4.23.69.183.321.698	4	23	69	183	321	698
NZ_LC505458.1	ColRNAI	ColRNAI	9295	4.5.14.24.35.70	4	5	14	24	35	70
NZ_OV049810.1	ColRNAI	ColRNAI	2056	4.5.83.226.429.985	4	5	83	226	429	985
CP071789.1	IncA	IncA	240758	4.5.6.21.26.45	4	5	6	21	26	45
NC_021667.1	IncA	IncA	171925	3.6.7.48.65.119	3	6	7	48	65	119
NZ_CP011429.1	IncA	IncA	156323	3.6.7.48.65.156	3	6	7	48	65	156
NZ_CP012682.1	IncA	IncA	161461	3.6.7.9.90.157	3	6	7	9	90	157
NZ_CP032491.1	IncA	IncA	164229	3.6.7.48.65.242	3	6	7	48	65	242
NZ_CP032496.1	IncA	IncA	90607	4.5.6.21.26.244	4	5	6	21	26	244
NZ_CP035548.1	IncA	IncA	153015	3.6.7.48.65.156	3	6	7	48	65	156
NZ_CP050162.1	IncA	IncA	116808	3.6.7.48.65.325	3	6	7	48	65	325
NZ_CP050164.1	IncA	IncA	137593	3.6.13.17.22.144	3	6	13	17	22	144
NZ_CP058224.1	IncA	IncA	162608	3.6.7.83.120.368	3	6	7	83	120	368
NZ_CP059480.1	IncA	IncA	165722	3.6.7.83.120.381	3	6	7	83	120	381
NZ_CP104451.1	IncA	IncA	148888	3.6.7.83.120.368	3	6	7	83	120	368
NZ_CP150624.1	IncA	IncA	145395	3.6.13.17.22.717	3	6	13	17	22	717
NZ_MH594477.1	IncA	IncA	145294	3.6.13.17.22.717	3	6	13	17	22	717
CP035908.1	IncAC2	IncA/IncC	163186	3.6.13.17.22.31	3	6	13	17	22	31
NZ_CP027038.1	IncAC2	IncA/IncC	155161	3.6.7.83.120.203	3	6	7	83	120	203
NZ_CP027043.1	IncAC2	IncA/IncC	192771	4.5.6.21.26.205	4	5	6	21	26	205
NZ_CP027055.1	IncAC2	IncA/IncC	175636	3.6.7.48.123.210	3	6	7	48	123	210
NZ_CP030132.1	IncAC2	IncA/IncC	194181	3.6.7.83.120.229	3	6	7	83	120	229
NZ_CP031570.1	IncAC2	IncA/IncC	158968	4.5.6.21.26.236	4	5	6	21	26	236
NZ_CP031573.1	IncAC2	IncA/IncC	164095	3.6.13.17.22.144	3	6	13	17	22	144
NZ_CP031576.1	IncAC2	IncA/IncC	160309	3.6.13.17.22.144	3	6	13	17	22	144
NZ_CP031584.1	IncAC2	IncA/IncC	164082	3.6.13.17.22.144	3	6	13	17	22	144
NZ_CP031610.1	IncAC2	IncA/IncC	160292	3.6.13.17.22.144	3	6	13	17	22	144
NZ_CP036192.1	IncAC2	IncA/IncC	165052	3.6.7.48.65.253	3	6	7	48	65	253
NZ_CP043190.1	IncAC2	IncA/IncC	165649	3.6.7.48.65.297	3	6	7	48	65	297
NZ_CP043192.1	IncAC2	IncA/IncC	165649	3.6.7.48.65.297	3	6	7	48	65	297
NZ_CP043215.1	IncAC2	IncA/IncC	165649	3.6.7.48.65.297	3	6	7	48	65	297
NZ_AP026526.1	IncC	IncC	166530	3.6.13.17.22.144	3	6	13	17	22	144
NZ_CP040024.1	IncC	IncC	155920	3.6.13.17.22.31	3	6	13	17	22	31
NZ_CP040029.1	IncC	IncC	176345	3.6.7.48.65.274	3	6	7	48	65	274
NZ_CP040034.1	IncC	IncC	176345	3.6.7.48.65.119	3	6	7	48	65	119
NZ_CP040039.1	IncC	IncC	151220	3.6.13.17.22.31	3	6	13	17	22	31
NZ_CP070541.1	IncC	IncC	47716	3.6.7.48.65.447	3	6	7	48	65	447
NZ_CP070557.1	IncC	IncC	168105	3.6.7.48.65.449	3	6	7	48	65	449
NZ_CP070578.1	IncC	IncC	102009	3.6.7.48.123.450	3	6	7	48	123	450
NZ_CP070596.1	IncC	IncC	102008	3.6.7.48.123.450	3	6	7	48	123	450
NZ_CP085731.1	IncC	IncC	170174	3.6.7.9.10.512	3	6	7	9	10	512
NZ_CP091867.1	IncC	IncC	180872	3.6.7.48.273.538	3	6	7	48	273	538
NZ_CP091869.1	IncC	IncC	180031	3.6.7.9.10.539	3	6	7	9	10	539
NZ_CP135682.1	IncC	IncC	107043	3.6.7.48.65.119	3	6	7	48	65	119
NZ_MZ606383.1	IncC	IncC	138796	3.6.13.17.22.31	3	6	13	17	22	31
NZ_MZ606384.2	IncC	IncC	140133	3.6.7.83.120.203	3	6	7	83	120	203
NZ_OQ362291.1	IncC	IncC	114198	4.5.6.21.26.983	4	5	6	21	26	983
AP026477.1	IncF	IncF	155167	3.6.7.9.10.11	3	6	7	9	10	11
AP026480.1	IncF	IncF	117889	4.5.6.7.11.12	4	5	6	7	11	12
AP026519.1	IncF	IncF	149987	3.6.7.9.10.11	3	6	7	9	10	11
AP026531.1	IncF	IncF	168269	3.6.7.9.10.21	3	6	7	9	10	21
CP054243.1	IncF	IncF	134442	3.6.7.9.10.38	3	6	7	9	10	38
CP054247.1	IncF	IncF	132547	3.6.7.9.10.38	3	6	7	9	10	38
CP054250.1	IncF	IncF	174444	4.5.6.7.9.39	4	5	6	7	9	39
CP121348.1	IncF	IncF	147176	3.6.7.9.10.71	3	6	7	9	10	71
NZ_AP025658.1	IncF	IncF	171085	3.6.7.9.10.142	3	6	7	9	10	142
NZ_AP025663.1	IncF	IncF	170915	3.6.7.9.10.142	3	6	7	9	10	142
NZ_CP012683.1	IncF	IncF	112639	3.6.7.66.91.158	3	6	7	66	91	158
NZ_CP018886.1	IncF	IncF	217456	4.5.6.7.7.48	4	5	6	7	7	48
NZ_CP026494.1	IncF	IncF	201203	3.6.7.9.10.198	3	6	7	9	10	198
NZ_CP040026.1	IncF	IncF	109938	3.6.7.83.122.207	3	6	7	83	122	207
NZ_CP041629.1	IncF	IncF	98476	4.5.6.7.20.294	4	5	6	7	20	294
NZ_CP050155.1	IncF	IncF	130570	4.5.6.7.21.321	4	5	6	7	21	321
NZ_CP054165.1	IncF	IncF	68411	4.5.6.7.11.366	4	5	6	7	11	366
NZ_CP054166.1	IncF	IncF	165243	3.6.7.9.10.21	3	6	7	9	10	21
NZ_CP072859.1	IncF	IncF	116735	4.5.6.7.11.453	4	5	6	7	11	453
NZ_CP075717.1	IncF	IncF	162438	3.4.8.11.247.460	3	4	8	11	247	460
NZ_CP076260.1	IncF	IncF	89049	3.6.7.9.135.466	3	6	7	9	135	466
NZ_CP076263.1	IncF	IncF	77652	3.6.7.9.135.468	3	6	7	9	135	468
NZ_CP076265.1	IncF	IncF	145019	3.6.7.9.14.469	3	6	7	9	14	469
NZ_CP076269.1	IncF	IncF	88268	3.6.7.66.91.470	3	6	7	66	91	470
NZ_CP076271.1	IncF	IncF	127140	3.6.7.9.135.471	3	6	7	9	135	471
NZ_CP076273.1	IncF	IncF	88425	3.6.7.9.10.472	3	6	7	9	10	472
NZ_CP076275.1	IncF	IncF	153041	3.4.8.11.247.473	3	4	8	11	247	473
NZ_CP076277.1	IncF	IncF	149410	3.6.7.9.14.474	3	6	7	9	14	474
NZ_CP076280.1	IncF	IncF	149690	3.4.8.11.247.475	3	4	8	11	247	475
NZ_CP076283.1	IncF	IncF	77995	3.6.7.9.135.468	3	6	7	9	135	468
NZ_CP089990.1	IncF	IncF	190701	3.6.7.9.90.532	3	6	7	9	90	532
NZ_CP128908.1	IncF	IncF	101368	3.6.7.9.10.630	3	6	7	9	10	630
NZ_CP128913.1	IncF	IncF	179124	3.6.7.9.10.631	3	6	7	9	10	631
NZ_CP128917.1	IncF	IncF	137068	4.5.6.7.7.632	4	5	6	7	7	632
NZ_CP128928.1	IncF	IncF	66878	3.6.7.10.308.635	3	6	7	10	308	635
NZ_CP128952.1	IncF	IncF	168269	3.6.7.9.10.21	3	6	7	9	10	21
NZ_CP128964.1	IncF	IncF	127328	3.6.7.9.10.638	3	6	7	9	10	638
NZ_CP128971.1	IncF	IncF	126291	3.6.7.9.10.640	3	6	7	9	10	640
NZ_CP128980.1	IncF	IncF	138779	3.6.7.9.14.641	3	6	7	9	14	641
NZ_CP134354.1	IncF	IncF	192566	3.6.7.9.10.198	3	6	7	9	10	198
NZ_CP134363.1	IncF	IncF	131450	4.5.6.7.21.658	4	5	6	7	21	658
NZ_CP134364.1	IncF	IncF	115630	3.6.7.9.10.659	3	6	7	9	10	659
NZ_CP134367.1	IncF	IncF	194814	3.6.7.9.10.198	3	6	7	9	10	198
NZ_CP134371.1	IncF	IncF	146353	3.6.7.9.10.660	3	6	7	9	10	660
NZ_CP134385.1	IncF	IncF	162343	3.6.7.66.91.663	3	6	7	66	91	663
NZ_CP134390.1	IncF	IncF	142356	3.6.7.9.10.142	3	6	7	9	10	142
NZ_CP135644.1	IncF	IncF	92285	4.5.6.7.11.666	4	5	6	7	11	666
NZ_CP135647.1	IncF	IncF	147576	3.6.7.9.10.667	3	6	7	9	10	667
NZ_CP135654.1	IncF	IncF	97567	4.5.6.7.7.669	4	5	6	7	7	669
NZ_CP135657.1	IncF	IncF	160382	3.6.7.9.10.11	3	6	7	9	10	11
NZ_CP135659.1	IncF	IncF	229583	3.6.7.9.10.670	3	6	7	9	10	670
NZ_CP135668.1	IncF	IncF	37040	3.6.7.9.10.673	3	6	7	9	10	673
NZ_CP135681.1	IncF	IncF	119515	3.6.7.9.10.675	3	6	7	9	10	675
NZ_CP135686.1	IncF	IncF	123440	3.6.7.9.10.659	3	6	7	9	10	659
NZ_CP135692.1	IncF	IncF	160056	4.5.6.7.7.677	4	5	6	7	7	677
NZ_CP135698.1	IncF	IncF	160742	4.5.6.7.11.12	4	5	6	7	11	12
NZ_CP135710.1	IncF	IncF	98339	4.5.6.7.11.678	4	5	6	7	11	678
NZ_CP135713.1	IncF	IncF	123062	4.5.6.7.11.679	4	5	6	7	11	679
NZ_CP135720.1	IncF	IncF	114077	4.5.6.7.11.679	4	5	6	7	11	679
NZ_CP135723.1	IncF	IncF	93037	4.5.6.7.7.680	4	5	6	7	7	680
NZ_CP150625.1	IncF	IncF	110483	4.5.6.7.21.718	4	5	6	7	21	718
NZ_MF174860.1	IncF	IncF	162142	3.6.7.66.91.663	3	6	7	66	91	663
NZ_MH580300.1	IncF	IncF	110111	4.5.6.7.7.928	4	5	6	7	7	928
NZ_MW228449.1	IncF	IncF	149732	3.6.7.9.10.952	3	6	7	9	10	952
NZ_MW390520.1	IncF	IncF	66607	4.5.6.224.423.956	4	5	6	224	423	956
NZ_MW390526.1	IncF	IncF	129160	3.6.7.9.10.959	3	6	7	9	10	959
NZ_MW390528.1	IncF	IncF	61068	4.5.6.7.9.961	4	5	6	7	9	961
NZ_MW390534.1	IncF	IncF	147002	4.5.6.7.7.962	4	5	6	7	7	962
NZ_MW390538.1	IncF	IncF	141462	3.6.7.9.10.964	3	6	7	9	10	964
NZ_MW390539.1	IncF	IncF	133148	3.6.7.9.10.965	3	6	7	9	10	965
NZ_MW390540.1	IncF	IncF	109064	3.6.7.9.10.966	3	6	7	9	10	966
NZ_MW390541.1	IncF	IncF	126531	4.5.6.7.9.967	4	5	6	7	9	967
NZ_MW390548.1	IncF	IncF	38284	3.6.7.9.200.968	3	6	7	9	200	968
NZ_MW390551.1	IncF	IncF	38413	3.6.7.9.200.968	3	6	7	9	200	968
NZ_OP594535.1	IncF	IncF	165017	4.5.6.7.7.980	4	5	6	7	7	980
CP035180.1	IncFIB	IncFIB	282657	4.5.6.7.7.28	4	5	6	7	7	28
CP035907.1	IncFIB	IncFIB	164210	4.5.6.7.21.30	4	5	6	7	21	30
CP064824.1	IncFIB	IncFIB	183632	4.5.6.7.20.43	4	5	6	7	20	43
CP080653.1	IncFIB	IncFIB	202763	4.5.6.7.7.48	4	5	6	7	7	48
CP080654.1	IncFIB	IncFIB	113641	4.5.6.7.11.49	4	5	6	7	11	49
CP080658.1	IncFIB	IncFIB	206151	4.5.6.7.7.48	4	5	6	7	7	48
CP080662.1	IncFIB	IncFIB	206151	4.5.6.7.7.48	4	5	6	7	7	48
CP080666.1	IncFIB	IncFIB	144818	4.5.6.7.20.54	4	5	6	7	20	54
CP080667.1	IncFIB	IncFIB	123359	4.5.6.7.7.55	4	5	6	7	7	55
CP080671.1	IncFIB	IncFIB	206151	4.5.6.7.7.48	4	5	6	7	7	48
CP080675.1	IncFIB	IncFIB	206151	4.5.6.7.7.48	4	5	6	7	7	48
CP080679.1	IncFIB	IncFIB	206658	4.5.6.7.7.48	4	5	6	7	7	48
CP080681.1	IncFIB	IncFIB	36890	4.5.6.7.30.56	4	5	6	7	30	56
CP080685.1	IncFIB	IncFIB	206151	4.5.6.7.7.48	4	5	6	7	7	48
CP080689.1	IncFIB	IncFIB	206152	4.5.6.7.7.48	4	5	6	7	7	48
CP080690.1	IncFIB	IncFIB	109091	4.5.6.7.21.58	4	5	6	7	21	58
CP080694.1	IncFIB	IncFIB	206151	4.5.6.7.7.48	4	5	6	7	7	48
CP080698.1	IncFIB	IncFIB	206152	4.5.6.7.7.48	4	5	6	7	7	48
CP080699.1	IncFIB	IncFIB	109092	4.5.6.7.11.49	4	5	6	7	11	49
CP080703.1	IncFIB	IncFIB	149365	4.5.6.7.20.59	4	5	6	7	20	59
CP080704.1	IncFIB	IncFIB	119972	3.6.7.9.10.60	3	6	7	9	10	60
CP080708.1	IncFIB	IncFIB	206151	4.5.6.7.7.48	4	5	6	7	7	48
CP080713.1	IncFIB	IncFIB	206151	4.5.6.7.7.48	4	5	6	7	7	48
CP080717.1	IncFIB	IncFIB	206152	4.5.6.7.7.48	4	5	6	7	7	48
CP080718.1	IncFIB	IncFIB	51371	3.6.7.9.10.61	3	6	7	9	10	61
CP080720.1	IncFIB	IncFIB	36890	4.5.6.8.32.63	4	5	6	8	32	63
CP080723.1	IncFIB	IncFIB	206657	4.5.6.7.7.48	4	5	6	7	7	48
CP080727.1	IncFIB	IncFIB	206657	4.5.6.7.7.48	4	5	6	7	7	48
CP080731.1	IncFIB	IncFIB	206151	4.5.6.7.7.48	4	5	6	7	7	48
CP080735.1	IncFIB	IncFIB	206108	4.5.6.7.7.48	4	5	6	7	7	48
CP080739.1	IncFIB	IncFIB	206152	4.5.6.7.7.48	4	5	6	7	7	48
CP080741.1	IncFIB	IncFIB	36890	4.5.6.8.32.63	4	5	6	8	32	63
CP080746.1	IncFIB	IncFIB	206152	4.5.6.7.7.48	4	5	6	7	7	48
CP080748.1	IncFIB	IncFIB	33754	4.5.6.8.32.63	4	5	6	8	32	63
CP080750.1	IncFIB	IncFIB	8219	4.5.6.23.33.64	4	5	6	23	33	64
CP080752.1	IncFIB	IncFIB	202702	4.5.6.7.7.65	4	5	6	7	7	65
CP080753.1	IncFIB	IncFIB	71619	4.5.6.7.21.66	4	5	6	7	21	66
CP080755.1	IncFIB	IncFIB	21188	4.5.6.22.34.67	4	5	6	22	34	67
CP086674.1	IncFIB	IncFIB	173263	4.5.6.7.7.48	4	5	6	7	7	48
CP094369.1	IncFIB	IncFIB	172063	4.5.6.7.7.48	4	5	6	7	7	48
NZ_AP018351.1	IncFIB	IncFIB	112622	4.5.6.51.69.124	4	5	6	51	69	124
NZ_CP016810.1	IncFIB	IncFIB	307743	3.6.7.9.10.168	3	6	7	9	10	168
NZ_CP016922.1	IncFIB	IncFIB	103694	3.6.7.9.10.40	3	6	7	9	10	40
NZ_CP016924.1	IncFIB	IncFIB	111539	3.6.7.20.100.173	3	6	7	20	100	173
NZ_CP027037.1	IncFIB	IncFIB	187670	4.5.6.7.7.55	4	5	6	7	7	55
NZ_CP027044.1	IncFIB	IncFIB	168873	4.5.6.7.11.206	4	5	6	7	11	206
NZ_CP027045.1	IncFIB	IncFIB	108879	3.6.7.83.122.207	3	6	7	83	122	207
NZ_CP027054.1	IncFIB	IncFIB	197872	4.5.6.7.7.65	4	5	6	7	7	65
NZ_CP027056.1	IncFIB	IncFIB	95481	4.5.6.7.21.58	4	5	6	7	21	58
NZ_CP030268.1	IncFIB	IncFIB	111007	3.6.7.83.122.207	3	6	7	83	122	207
NZ_CP031569.1	IncFIB	IncFIB	140243	4.5.6.7.7.235	4	5	6	7	7	235
NZ_CP036193.1	IncFIB	IncFIB	164195	4.5.6.7.21.30	4	5	6	7	21	30
NZ_CP036194.1	IncFIB	IncFIB	108957	3.6.7.20.100.173	3	6	7	20	100	173
NZ_CP036321.1	IncFIB	IncFIB	127300	4.5.6.7.20.256	4	5	6	7	20	256
NZ_CP036328.1	IncFIB	IncFIB	130775	4.5.6.7.20.258	4	5	6	7	20	258
NZ_CP049202.1	IncFIB	IncFIB	167766	3.6.7.9.181.317	3	6	7	9	181	317
NZ_CP050167.1	IncFIB	IncFIB	150273	3.6.7.9.10.326	3	6	7	9	10	326
NZ_CP050168.1	IncFIB	IncFIB	117347	4.5.6.7.11.49	4	5	6	7	11	49
NZ_CP050365.1	IncFIB	IncFIB	115360	3.6.7.83.122.207	3	6	7	83	122	207
NZ_CP050647.1	IncFIB	IncFIB	107449	3.6.7.9.135.338	3	6	7	9	135	338
NZ_CP053722.1	IncFIB	IncFIB	121655	4.5.6.7.7.352	4	5	6	7	7	352
NZ_CP053729.1	IncFIB	IncFIB	92076	4.5.6.7.20.357	4	5	6	7	20	357
NZ_CP053732.1	IncFIB	IncFIB	156025	3.6.7.9.10.358	3	6	7	9	10	358
NZ_CP053738.1	IncFIB	IncFIB	75733	4.5.6.7.20.294	4	5	6	7	20	294
NZ_CP054172.1	IncFIB	IncFIB	32976	4.5.6.7.21.367	4	5	6	7	21	367
NZ_CP059416.1	IncFIB	IncFIB	119967	4.5.6.7.20.379	4	5	6	7	20	379
NZ_CP059424.1	IncFIB	IncFIB	119988	4.5.6.7.20.380	4	5	6	7	20	380
NZ_CP059483.1	IncFIB	IncFIB	85067	4.5.6.7.20.383	4	5	6	7	20	383
NZ_CP060425.1	IncFIB	IncFIB	47630	3.6.7.9.200.387	3	6	7	9	200	387
NZ_CP067047.1	IncFIB	IncFIB	150767	4.5.6.7.11.436	4	5	6	7	11	436
NZ_CP070546.1	IncFIB	IncFIB	109710	4.5.6.140.243.448	4	5	6	140	243	448
NZ_CP070582.1	IncFIB	IncFIB	208206	4.5.6.7.7.48	4	5	6	7	7	48
NZ_CP071253.1	IncFIB	IncFIB	190768	4.5.6.7.7.48	4	5	6	7	7	48
NZ_CP073314.1	IncFIB	IncFIB	35630	4.5.6.21.246.456	4	5	6	21	246	456
NZ_CP075723.1	IncFIB	IncFIB	106446	3.6.7.142.248.461	3	6	7	142	248	461
NZ_CP075732.1	IncFIB	IncFIB	115794	3.6.7.9.10.464	3	6	7	9	10	464
NZ_CP075739.1	IncFIB	IncFIB	116264	3.6.7.142.248.461	3	6	7	142	248	461
NZ_CP080109.1	IncFIB	IncFIB	139140	4.5.6.7.7.492	4	5	6	7	7	492
NZ_CP082122.1	IncFIB	IncFIB	108374	3.6.7.10.257.498	3	6	7	10	257	498
NZ_CP083933.1	IncFIB	IncFIB	421072	3.6.7.10.70.503	3	6	7	10	70	503
NZ_CP084243.1	IncFIB	IncFIB	113167	3.6.7.20.100.173	3	6	7	20	100	173
NZ_CP085732.1	IncFIB	IncFIB	227661	4.5.6.7.7.513	4	5	6	7	7	513
NZ_CP085742.1	IncFIB	IncFIB	107933	3.6.7.9.200.514	3	6	7	9	200	514
NZ_CP085751.1	IncFIB	IncFIB	35058	4.5.6.7.11.515	4	5	6	7	11	515
NZ_CP086667.1	IncFIB	IncFIB	171935	4.5.6.7.7.48	4	5	6	7	7	48
NZ_CP090307.1	IncFIB	IncFIB	48150	3.6.7.9.200.534	3	6	7	9	200	534
NZ_CP104452.1	IncFIB	IncFIB	138718	3.6.7.9.286.580	3	6	7	9	286	580
NZ_CP125081.1	IncFIB	IncFIB	154088	3.6.7.9.10.623	3	6	7	9	10	623
NZ_CP126779.1	IncFIB	IncFIB	111626	4.5.6.51.69.626	4	5	6	51	69	626
NZ_CP128940.1	IncFIB	IncFIB	152942	3.6.7.9.14.636	3	6	7	9	14	636
NZ_CP140474.1	IncFIB	IncFIB	150192	4.5.6.7.7.48	4	5	6	7	7	48
NZ_MG825372.1	IncFIB	IncFIB	190401	3.6.7.9.10.198	3	6	7	9	10	198
NZ_MG825378.1	IncFIB	IncFIB	193873	3.6.7.9.10.917	3	6	7	9	10	917
NZ_MG825383.1	IncFIB	IncFIB	192477	3.6.7.9.90.918	3	6	7	9	90	918
NZ_MH422552.1	IncFIB	IncFIB	88222	3.6.7.9.14.923	3	6	7	9	14	923
NZ_MN080489.1	IncFIB	IncFIB	123333	3.6.7.20.100.173	3	6	7	20	100	173
NZ_PP376101.1	IncFIB	IncFIB	105507	4.5.6.7.11.49	4	5	6	7	11	49
CP058800.1	IncFIBK	IncFIBK	102871	3.6.7.9.10.40	3	6	7	9	10	40
NZ_CP036188.1	IncFIBK	IncFIBK	251327	4.5.6.7.20.252	4	5	6	7	20	252
NZ_CP036337.1	IncFIBK	IncFIBK	225575	4.5.6.7.7.260	4	5	6	7	7	260
NZ_CP053767.1	IncFIBK	IncFIBK	211810	4.5.6.7.7.48	4	5	6	7	7	48
NZ_CP053773.1	IncFIBK	IncFIBK	105455	3.6.7.9.10.40	3	6	7	9	10	40
NZ_CP059470.1	IncFIBK	IncFIBK	211813	4.5.6.7.7.48	4	5	6	7	7	48
NZ_CP102492.1	IncFIBK	IncFIBK	112905	4.5.6.7.7.573	4	5	6	7	7	573
NZ_CP122462.1	IncFIBK	IncFIBK	175206	4.5.6.7.7.260	4	5	6	7	7	260
NZ_CP122473.1	IncFIBK	IncFIBK	93587	4.5.6.7.7.606	4	5	6	7	7	606
NZ_MT439326.1	IncFIBK	IncFIBK	199248	3.6.7.9.10.948	3	6	7	9	10	948
NZ_MT439327.1	IncFIBK	IncFIBK	189780	3.6.7.9.200.949	3	6	7	9	200	949
NZ_CP053724.1	IncFIC	IncFIC	99734	4.5.6.7.7.353	4	5	6	7	7	353
NZ_CP117035.1	IncFIC	IncFIC	133901	3.6.7.9.10.603	3	6	7	9	10	603
NZ_CP130074.1	IncFIC	IncFIC	144836	3.6.7.9.10.645	3	6	7	9	10	645
NZ_CP130077.1	IncFIC	IncFIC	144828	3.6.7.9.10.645	3	6	7	9	10	645
NZ_CP130084.1	IncFIC	IncFIC	144833	3.6.7.9.10.645	3	6	7	9	10	645
NZ_CP130092.1	IncFIC	IncFIC	143790	3.6.7.9.10.645	3	6	7	9	10	645
NZ_CP130097.1	IncFIC	IncFIC	144840	3.6.7.9.10.645	3	6	7	9	10	645
NZ_CP130104.1	IncFIC	IncFIC	144846	3.6.7.9.10.645	3	6	7	9	10	645
NZ_CP130107.1	IncFIC	IncFIC	144840	3.6.7.9.10.645	3	6	7	9	10	645
NZ_CP130110.1	IncFIC	IncFIC	144840	3.6.7.9.10.645	3	6	7	9	10	645
NZ_CP130113.1	IncFIC	IncFIC	144841	3.6.7.9.10.645	3	6	7	9	10	645
NZ_CP130116.1	IncFIC	IncFIC	144840	3.6.7.9.10.645	3	6	7	9	10	645
NZ_CP130127.1	IncFIC	IncFIC	144840	3.6.7.9.10.645	3	6	7	9	10	645
NZ_CP130275.1	IncFIC	IncFIC	146167	3.6.7.9.10.645	3	6	7	9	10	645
AP026473.1	IncFII	IncFII	74427	4.5.6.7.9.10	4	5	6	7	9	10
AP026497.1	IncFII	IncFII	93168	3.6.7.9.14.16	3	6	7	9	14	16
AP026515.1	IncFII	IncFII	170530	3.6.7.9.10.19	3	6	7	9	10	19
CP058801.1	IncFII	IncFII	97004	4.5.6.7.9.41	4	5	6	7	9	41
CP071790.1	IncFII	IncFII	99028	4.5.6.7.21.46	4	5	6	7	21	46
CP085735.1	IncFII	IncFII	163387	3.6.7.9.10.69	3	6	7	9	10	69
NZ_CP018107.1	IncFII	IncFII	61085	4.5.6.73.103.176	4	5	6	73	103	176
NZ_CP053725.1	IncFII	IncFII	74817	4.5.6.7.9.354	4	5	6	7	9	354
NZ_CP053734.1	IncFII	IncFII	70770	4.5.6.7.9.10	4	5	6	7	9	10
NZ_CP053737.1	IncFII	IncFII	87125	4.5.6.7.9.360	4	5	6	7	9	360
NZ_CP053768.1	IncFII	IncFII	97846	4.5.6.7.9.41	4	5	6	7	9	41
NZ_CP054171.1	IncFII	IncFII	92972	4.5.6.7.9.41	4	5	6	7	9	41
NZ_CP058942.1	IncFII	IncFII	99664	4.5.6.7.9.41	4	5	6	7	9	41
NZ_CP064010.1	IncFII	IncFII	42864	3.6.7.9.14.396	3	6	7	9	14	396
NZ_CP064016.1	IncFII	IncFII	87657	4.5.6.7.9.398	4	5	6	7	9	398
NZ_CP064022.1	IncFII	IncFII	89737	4.5.6.7.9.398	4	5	6	7	9	398
NZ_CP066837.1	IncFII	IncFII	132050	3.6.7.9.10.434	3	6	7	9	10	434
NZ_CP075718.1	IncFII	IncFII	81639	4.5.6.7.9.10	4	5	6	7	9	10
NZ_CP075725.1	IncFII	IncFII	83577	4.5.6.7.9.462	4	5	6	7	9	462
NZ_CP075741.1	IncFII	IncFII	77891	4.5.6.7.9.462	4	5	6	7	9	462
NZ_CP090306.1	IncFII	IncFII	85345	4.5.6.7.9.533	4	5	6	7	9	533
NZ_CP110199.1	IncFII	IncFII	77789	4.5.6.7.9.584	4	5	6	7	9	584
NZ_CP122472.1	IncFII	IncFII	103532	4.5.6.7.9.41	4	5	6	7	9	41
NZ_CP128879.1	IncFII	IncFII	66042	4.5.6.73.103.629	4	5	6	73	103	629
NZ_CP128880.1	IncFII	IncFII	65959	4.5.6.73.103.629	4	5	6	73	103	629
NZ_CP128920.1	IncFII	IncFII	63805	4.5.6.73.103.633	4	5	6	73	103	633
NZ_CP128933.1	IncFII	IncFII	93168	3.6.7.9.14.16	3	6	7	9	14	16
NZ_CP128960.1	IncFII	IncFII	74427	4.5.6.7.9.10	4	5	6	7	9	10
NZ_CP135651.1	IncFII	IncFII	73868	3.4.8.11.312.668	3	4	8	11	312	668
NZ_CP135667.1	IncFII	IncFII	76366	4.5.6.7.9.672	4	5	6	7	9	672
NZ_CP135673.1	IncFII	IncFII	72265	4.5.6.7.9.674	4	5	6	7	9	674
NZ_CP135687.1	IncFII	IncFII	70341	4.5.6.73.103.676	4	5	6	73	103	676
NZ_CP135693.1	IncFII	IncFII	72904	4.5.6.7.9.674	4	5	6	7	9	674
NZ_CP135716.1	IncFII	IncFII	72746	4.5.6.7.9.674	4	5	6	7	9	674
NZ_CP135721.1	IncFII	IncFII	70302	4.5.6.73.103.676	4	5	6	73	103	676
NZ_CP135724.1	IncFII	IncFII	70302	4.5.6.73.103.676	4	5	6	73	103	676
NZ_CP139786.1	IncFII	IncFII	74095	4.5.6.7.9.10	4	5	6	7	9	10
NZ_CP140475.1	IncFII	IncFII	74103	4.5.6.7.9.10	4	5	6	7	9	10
NZ_CP144927.1	IncFII	IncFII	101742	3.6.7.66.91.706	3	6	7	66	91	706
NZ_CP144931.1	IncFII	IncFII	94766	3.6.7.66.91.708	3	6	7	66	91	708
NZ_LR880737.1	IncFII	IncFII	69377	4.5.6.73.103.629	4	5	6	73	103	629
NZ_LT838198.1	IncFII	IncFII	60622	4.5.6.73.103.910	4	5	6	73	103	910
NZ_LT838203.1	IncFII	IncFII	60622	4.5.6.73.103.910	4	5	6	73	103	910
NZ_MG825371.1	IncFII	IncFII	92438	4.5.6.7.313.916	4	5	6	7	313	916
NZ_MN182746.1	IncFII	IncFII	133772	4.5.6.7.7.937	4	5	6	7	7	937
NZ_MN200129.1	IncFII	IncFII	114834	4.5.6.7.21.938	4	5	6	7	21	938
NZ_MN537908.1	IncFII	IncFII	83429	4.5.6.7.9.672	4	5	6	7	9	672
NZ_OV049815.1	IncFII	IncFII	84041	3.6.7.9.10.987	3	6	7	9	10	987
RefSeq_NC_002120.1	IncFII	IncFII	69673	3.4.8.11.431.999	3	4	8	11	431	999
RefSeq_NC_002638.1	IncFII	IncFII	49503	4.5.6.7.11.1000	4	5	6	7	11	1000
RefSeq_NC_003131.1	IncFII	IncFII	70305	3.4.8.11.431.1001	3	4	8	11	431	1001
RefSeq_NC_003277.2	IncFII	IncFII	93933	4.5.6.7.9.1002	4	5	6	7	9	1002
RefSeq_NC_004564.1	IncFII	IncFII	66591	3.4.8.11.431.1004	3	4	8	11	431	1004
RefSeq_NC_004836.1	IncFII	IncFII	70504	3.4.8.11.431.1005	3	4	8	11	431	1005
RefSeq_NC_004839.1	IncFII	IncFII	70559	3.4.8.11.431.1005	3	4	8	11	431	1005
RefSeq_NC_005017.1	IncFII	IncFII	67720	3.4.8.11.431.1004	3	4	8	11	431	1004
RefSeq_NC_005813.1	IncFII	IncFII	70159	3.4.8.11.431.1005	3	4	8	11	431	1005
RefSeq_NC_005814.1	IncFII	IncFII	21742	4.5.6.228.433.1006	4	5	6	228	433	1006
RefSeq_NC_006153.2	IncFII	IncFII	68525	3.4.8.11.431.1001	3	4	8	11	431	1001
RefSeq_NC_006671.1	IncFII	IncFII	101375	4.5.6.7.11.1007	4	5	6	7	11	1007
RefSeq_NC_006816.1	IncFII	IncFII	84514	4.5.6.7.21.1008	4	5	6	7	21	1008
RefSeq_NC_006855.1	IncFII	IncFII	49558	4.5.6.7.11.1000	4	5	6	7	11	1000
RefSeq_NC_007208.1	IncFII	IncFII	80156	4.5.6.22.434.1009	4	5	6	22	434	1009
RefSeq_NC_008122.1	IncFII	IncFII	70299	3.4.8.11.431.1005	3	4	8	11	431	1005
RefSeq_NC_008791.1	IncFII	IncFII	67721	3.4.8.11.431.1004	3	4	8	11	431	1004
RefSeq_NC_009377.1	IncFII	IncFII	71507	3.4.8.11.431.1005	3	4	8	11	431	1005
RefSeq_NC_009595.1	IncFII	IncFII	70305	3.4.8.11.431.1005	3	4	8	11	431	1005
RefSeq_NC_009649.1	IncFII	IncFII	175879	3.6.7.9.200.1013	3	6	7	9	200	1013
RefSeq_NC_009650.1	IncFII	IncFII	107576	4.5.6.7.21.58	4	5	6	7	21	58
RefSeq_NC_009779.1	IncFII	IncFII	31208	4.5.6.8.436.1014	4	5	6	8	436	1014
RefSeq_NC_009790.1	IncFII	IncFII	74224	3.6.7.9.14.1015	3	6	7	9	14	1015
RefSeq_NC_010157.1	IncFII	IncFII	68190	3.4.8.11.431.1001	3	4	8	11	431	1001
RefSeq_NC_010558.1	IncFII	IncFII	168113	4.5.6.7.7.1021	4	5	6	7	7	1021
RefSeq_NC_010726.1	IncFII	IncFII	41723	3.6.7.20.438.1022	3	6	7	20	438	1022
RefSeq_NC_011281.1	IncFII	IncFII	91096	3.6.7.9.200.1025	3	6	7	9	200	1025
RefSeq_NC_011350.1	IncFII	IncFII	94644	3.6.7.66.440.1026	3	6	7	66	440	1026
RefSeq_NC_011752.1	IncFII	IncFII	72482	3.4.8.11.247.1031	3	4	8	11	247	1031
RefSeq_NC_012124.1	IncFII	IncFII	55414	4.5.6.7.11.1000	4	5	6	7	11	1000
RefSeq_NC_013010.1	IncFII	IncFII	94601	3.6.7.66.440.1026	3	6	7	66	440	1026
RefSeq_NC_013122.1	IncFII	IncFII	117536	4.5.6.7.7.1032	4	5	6	7	7	1032
RefSeq_NC_013950.1	IncFII	IncFII	94219	4.5.6.7.9.1034	4	5	6	7	9	1034
RefSeq_NC_013951.1	IncFII	IncFII	147416	4.5.6.7.11.12	4	5	6	7	11	12
RefSeq_NC_014016.1	IncFII	IncFII	113637	4.5.6.7.21.58	4	5	6	7	21	58
RefSeq_NC_014017.1	IncFII	IncFII	68342	3.4.8.11.431.1001	3	4	8	11	431	1001
RefSeq_NC_014107.1	IncFII	IncFII	199562	4.5.6.7.7.235	4	5	6	7	7	235
RefSeq_NC_014233.1	IncFII	IncFII	55709	3.6.7.66.91.1037	3	6	7	66	91	1037
RefSeq_NC_014312.1	IncFII	IncFII	151188	3.6.7.66.91.1039	3	6	7	66	91	1039
RefSeq_NC_014384.1	IncFII	IncFII	118525	4.5.6.7.9.1041	4	5	6	7	9	1041
RefSeq_NC_015056.1	IncFII	IncFII	77072	3.4.8.11.431.1001	3	4	8	11	431	1001
RefSeq_NC_015154.1	IncFII	IncFII	95626	4.5.6.7.9.1043	4	5	6	7	9	1043
RefSeq_NC_015475.1	IncFII	IncFII	69704	3.4.8.11.431.999	3	4	8	11	431	999
RefSeq_NC_015963.1	IncFII	IncFII	166725	4.5.6.7.21.1047	4	5	6	7	21	1047
RefSeq_NC_016515.1	IncFII	IncFII	63653	3.6.7.9.14.1049	3	6	7	9	14	1049
RefSeq_NC_016846.1	IncFII	IncFII	111195	4.5.6.7.11.1050	4	5	6	7	11	1050
RefSeq_NC_016855.1	IncFII	IncFII	93832	4.5.6.7.9.1002	4	5	6	7	9	1002
RefSeq_NC_016858.1	IncFII	IncFII	93842	4.5.6.7.11.1051	4	5	6	7	11	1051
RefSeq_NC_016864.1	IncFII	IncFII	93277	4.5.6.7.9.1002	4	5	6	7	9	1002
RefSeq_NC_016966.1	IncFII	IncFII	220824	4.5.6.7.20.252	4	5	6	7	20	252
RefSeq_NC_017054.1	IncFII	IncFII	93877	4.5.6.7.9.1002	4	5	6	7	9	1002
RefSeq_NC_017153.1	IncFII	IncFII	68342	3.4.8.11.431.1001	3	4	8	11	431	1001
RefSeq_NC_017157.1	IncFII	IncFII	69665	3.4.8.11.431.1001	3	4	8	11	431	1001
RefSeq_NC_017263.1	IncFII	IncFII	68552	3.4.8.11.431.1001	3	4	8	11	431	1001
RefSeq_NC_017565.1	IncFII	IncFII	72460	3.4.8.11.431.1052	3	4	8	11	431	1052
RefSeq_NC_017720.1	IncFII	IncFII	93842	4.5.6.7.11.1051	4	5	6	7	11	1051
RefSeq_NC_018662.1	IncFII	IncFII	75573	3.4.8.11.247.1054	3	4	8	11	247	1054
RefSeq_NC_018666.1	IncFII	IncFII	74217	3.4.8.11.247.1054	3	4	8	11	247	1054
RefSeq_NC_019000.1	IncFII	IncFII	73564	3.4.8.11.247.1031	3	4	8	11	247	1031
RefSeq_NC_019002.1	IncFII	IncFII	59374	4.5.6.7.447.1056	4	5	6	7	447	1056
RefSeq_NC_019093.1	IncFII	IncFII	59260	4.5.6.7.7.1064	4	5	6	7	7	1064
RefSeq_NC_019105.1	IncFII	IncFII	88505	4.5.6.7.7.1066	4	5	6	7	7	1066
RefSeq_NC_019112.1	IncFII	IncFII	86686	4.5.6.22.434.1009	4	5	6	22	434	1009
RefSeq_NC_019120.1	IncFII	IncFII	59368	4.5.6.7.447.1068	4	5	6	7	447	1068
RefSeq_NC_019126.1	IncFII	IncFII	43577	3.6.7.10.70.1070	3	6	7	10	70	1070
RefSeq_NC_019152.1	IncFII	IncFII	21138	4.5.6.59.78.1071	4	5	6	59	78	1071
RefSeq_NC_019155.1	IncFII	IncFII	115300	4.5.6.7.11.49	4	5	6	7	11	49
RefSeq_NC_019165.1	IncFII	IncFII	107748	4.5.6.7.11.1073	4	5	6	7	11	1073
RefSeq_NC_019234.1	IncFII	IncFII	66845	3.4.8.11.431.1004	3	4	8	11	431	1004
RefSeq_NC_019342.1	IncFII	IncFII	130175	3.6.7.9.10.1077	3	6	7	9	10	1077
RefSeq_NC_019343.1	IncFII	IncFII	67727	3.6.21.98.449.1078	3	6	21	98	449	1078
RefSeq_NC_019389.1	IncFII	IncFII	127508	4.5.6.7.21.1079	4	5	6	7	21	1079
RefSeq_NC_019390.1	IncFII	IncFII	207819	4.5.6.7.21.1080	4	5	6	7	21	1080
RefSeq_NC_020087.1	IncFII	IncFII	133191	4.5.6.7.11.1083	4	5	6	7	11	1083
RefSeq_NC_020132.1	IncFII	IncFII	165295	4.5.6.7.7.55	4	5	6	7	7	55
RefSeq_NC_020306.1	IncFII	IncFII	24012	3.6.7.66.440.1086	3	6	7	66	440	1086
RefSeq_NC_021180.1	IncFII	IncFII	49441	3.6.7.20.435.1087	3	6	7	20	435	1087
RefSeq_NC_021198.1	IncFII	IncFII	250444	4.5.6.7.20.1088	4	5	6	7	20	1088
RefSeq_NC_021199.1	IncFII	IncFII	141545	4.5.6.7.21.1089	4	5	6	7	21	1089
RefSeq_NC_021501.1	IncFII	IncFII	110781	4.5.6.8.451.1090	4	5	6	8	451	1090
RefSeq_NC_021502.1	IncFII	IncFII	167203	4.5.6.7.21.1091	4	5	6	7	21	1091
RefSeq_NC_021654.1	IncFII	IncFII	245869	4.5.6.7.7.65	4	5	6	7	7	65
RefSeq_NC_021817.1	IncFII	IncFII	78193	3.6.7.9.10.1095	3	6	7	9	10	1095
RefSeq_NC_021871.1	IncFII	IncFII	89986	3.6.7.9.10.1096	3	6	7	9	10	1096
RefSeq_NC_022609.1	IncFII	IncFII	146695	4.5.6.7.21.1099	4	5	6	7	21	1099
RefSeq_NC_022651.1	IncFII	IncFII	110040	4.5.6.7.7.1100	4	5	6	7	7	1100
RefSeq_NC_022743.1	IncFII	IncFII	75569	3.4.8.11.247.1054	3	4	8	11	247	1054
RefSeq_NC_023332.1	IncFII	IncFII	213019	4.5.6.7.20.252	4	5	6	7	20	252
RefSeq_NC_023333.1	IncFII	IncFII	246176	4.5.6.7.7.65	4	5	6	7	7	65
RefSeq_NC_023334.1	IncFII	IncFII	203577	4.5.6.7.7.1103	4	5	6	7	7	1103
RefSeq_NC_023903.1	IncFII	IncFII	113640	4.5.6.7.21.58	4	5	6	7	21	58
RefSeq_NC_023904.1	IncFII	IncFII	113622	4.5.6.7.21.58	4	5	6	7	21	58
RefSeq_NC_023905.1	IncFII	IncFII	116047	4.5.6.7.21.58	4	5	6	7	21	58
RefSeq_NC_023906.1	IncFII	IncFII	113640	4.5.6.7.21.58	4	5	6	7	21	58
RefSeq_NC_024992.1	IncFII	IncFII	182204	4.5.6.7.7.1103	4	5	6	7	7	1103
RefSeq_NC_025131.1	IncFII	IncFII	139941	4.5.6.7.21.1109	4	5	6	7	21	1109
RefSeq_NC_025166.1	IncFII	IncFII	113639	4.5.6.7.21.58	4	5	6	7	21	58
RefSeq_NC_025167.1	IncFII	IncFII	99142	4.5.6.7.21.58	4	5	6	7	21	58
RefSeq_NC_025184.1	IncFII	IncFII	110786	4.5.6.8.32.1111	4	5	6	8	32	1111
RefSeq_NC_025185.1	IncFII	IncFII	73636	4.5.6.7.20.1112	4	5	6	7	20	1112
RefSeq_NC_025187.1	IncFII	IncFII	114464	4.5.6.7.21.58	4	5	6	7	21	58
RefSeq_NT_187135.1	IncFII	IncFII	81965	3.6.7.66.453.1115	3	6	7	66	453	1115
RefSeq_NZ_ABACVG020000004.1	IncFII	IncFII	23971	3.6.7.232.454.1116	3	6	7	232	454	1116
RefSeq_NZ_ABHK02000007.1	IncFII	IncFII	94707	3.6.7.66.440.1026	3	6	7	66	440	1026
RefSeq_NZ_ABHL02000008.1	IncFII	IncFII	94753	3.6.7.66.440.1026	3	6	7	66	440	1026
RefSeq_NZ_ABHM02000004.1	IncFII	IncFII	95362	3.6.7.9.181.1117	3	6	7	9	181	1117
RefSeq_NZ_ABLUVU020000002.1	IncFII	IncFII	112409	4.5.6.7.21.1118	4	5	6	7	21	1118
RefSeq_NZ_ACNR01000028.1	IncFII	IncFII	70132	3.4.8.11.431.1001	3	4	8	11	431	1001
RefSeq_NZ_ACNT01000035.1	IncFII	IncFII	70020	3.4.8.11.431.1001	3	4	8	11	431	1001
RefSeq_NZ_AELA02000028.1	IncFII	IncFII	3998	3.6.7.233.455.1119	3	6	7	233	455	1119
RefSeq_NZ_AJTU01000008.1	IncFII	IncFII	97711	4.5.6.7.11.1051	4	5	6	7	11	1051
RefSeq_NZ_AMRH02000026.1	IncFII	IncFII	195431	4.5.6.7.7.65	4	5	6	7	7	65
RefSeq_NZ_AP013065.1	IncFII	IncFII	58929	4.5.6.8.456.1122	4	5	6	8	456	1122
RefSeq_NZ_AP018137.1	IncFII	IncFII	93258	4.5.6.7.20.1124	4	5	6	7	20	1124
RefSeq_NZ_AP018140.1	IncFII	IncFII	81783	4.5.6.7.9.1125	4	5	6	7	9	1125
RefSeq_NZ_AP018456.1	IncFII	IncFII	159781	4.5.6.7.11.1127	4	5	6	7	11	1127
RefSeq_NZ_AP018457.1	IncFII	IncFII	86535	3.6.7.9.10.38	3	6	7	9	10	38
RefSeq_NZ_AP018574.1	IncFII	IncFII	74653	4.5.6.7.11.1130	4	5	6	7	11	1130
RefSeq_NZ_AP018582.1	IncFII	IncFII	75343	4.5.6.7.30.1131	4	5	6	7	30	1131
RefSeq_NZ_AP018584.1	IncFII	IncFII	105592	4.5.6.7.11.1132	4	5	6	7	11	1132
RefSeq_NZ_AP018673.1	IncFII	IncFII	134879	4.5.6.7.21.1133	4	5	6	7	21	1133
RefSeq_NZ_AP018800.1	IncFII	IncFII	81004	3.6.7.9.135.1138	3	6	7	9	135	1138
RefSeq_NZ_AP018805.1	IncFII	IncFII	78434	3.6.7.9.135.1138	3	6	7	9	135	1138
RefSeq_NZ_AP018811.1	IncFII	IncFII	75799	4.5.6.73.103.1139	4	5	6	73	103	1139
RefSeq_NZ_AP018830.1	IncFII	IncFII	209679	4.5.6.7.21.1140	4	5	6	7	21	1140
RefSeq_NZ_AP018939.1	IncFII	IncFII	123579	4.5.6.7.11.1141	4	5	6	7	11	1141
RefSeq_NZ_AP019191.1	IncFII	IncFII	110735	4.5.6.7.20.1142	4	5	6	7	20	1142
RefSeq_NZ_AP019401.1	IncFII	IncFII	181837	3.6.7.9.10.948	3	6	7	9	10	948
RefSeq_NZ_AP019526.1	IncFII	IncFII	105401	4.5.6.7.9.1144	4	5	6	7	9	1144
RefSeq_NZ_AP019534.1	IncFII	IncFII	101731	3.6.7.9.14.1145	3	6	7	9	14	1145
RefSeq_NZ_AP019539.1	IncFII	IncFII	151109	4.5.6.7.20.1146	4	5	6	7	20	1146
RefSeq_NZ_AP019631.1	IncFII	IncFII	125013	3.6.7.9.200.1147	3	6	7	9	200	1147
RefSeq_NZ_AP019633.1	IncFII	IncFII	130975	3.6.7.9.200.1148	3	6	7	9	200	1148
RefSeq_NZ_AP019672.1	IncFII	IncFII	86933	4.5.6.7.21.1149	4	5	6	7	21	1149
RefSeq_NZ_AP019690.1	IncFII	IncFII	89834	4.5.6.7.21.1151	4	5	6	7	21	1151
RefSeq_NZ_AP019763.1	IncFII	IncFII	78470	3.6.7.9.135.1138	3	6	7	9	135	1138
RefSeq_NZ_AP021910.1	IncFII	IncFII	139376	3.6.7.9.10.1153	3	6	7	9	10	1153
RefSeq_NZ_AP021930.1	IncFII	IncFII	140912	3.6.7.9.10.1154	3	6	7	9	10	1154
RefSeq_NZ_AP021955.1	IncFII	IncFII	91316	4.5.6.7.21.1155	4	5	6	7	21	1155
RefSeq_NZ_AP021964.1	IncFII	IncFII	105095	4.5.6.7.21.1156	4	5	6	7	21	1156
RefSeq_NZ_AP021987.1	IncFII	IncFII	80471	4.5.6.7.7.1157	4	5	6	7	7	1157
RefSeq_NZ_AP022008.1	IncFII	IncFII	104413	4.5.6.7.21.1158	4	5	6	7	21	1158
RefSeq_NZ_AP022070.1	IncFII	IncFII	117617	4.5.6.7.7.1159	4	5	6	7	7	1159
RefSeq_NZ_AP022079.1	IncFII	IncFII	224088	4.5.6.7.7.1160	4	5	6	7	7	1160
RefSeq_NZ_AP022096.1	IncFII	IncFII	158292	3.6.7.9.238.1162	3	6	7	9	238	1162
RefSeq_NZ_AP022114.1	IncFII	IncFII	120877	3.6.7.9.10.1163	3	6	7	9	10	1163
RefSeq_NZ_AP022115.1	IncFII	IncFII	107360	3.6.7.9.200.1164	3	6	7	9	200	1164
RefSeq_NZ_AP022116.1	IncFII	IncFII	82271	4.5.6.7.21.1165	4	5	6	7	21	1165
RefSeq_NZ_AP022121.1	IncFII	IncFII	158291	3.6.7.9.238.1162	3	6	7	9	238	1162
RefSeq_NZ_AP022140.1	IncFII	IncFII	85044	4.5.6.7.21.1166	4	5	6	7	21	1166
RefSeq_NZ_AP022146.1	IncFII	IncFII	122247	4.5.6.7.21.1167	4	5	6	7	21	1167
RefSeq_NZ_AP022162.1	IncFII	IncFII	147186	4.5.6.7.7.1168	4	5	6	7	7	1168
RefSeq_NZ_AP022172.1	IncFII	IncFII	187669	3.6.7.9.10.1169	3	6	7	9	10	1169
RefSeq_NZ_AP022185.1	IncFII	IncFII	118077	4.5.6.7.11.1170	4	5	6	7	11	1170
RefSeq_NZ_AP022271.1	IncFII	IncFII	86933	4.5.6.7.21.1149	4	5	6	7	21	1149
RefSeq_NZ_AP022327.1	IncFII	IncFII	139450	4.5.6.7.11.12	4	5	6	7	11	12
RefSeq_NZ_AP022357.1	IncFII	IncFII	67735	3.6.7.9.200.1175	3	6	7	9	200	1175
RefSeq_NZ_AP022361.1	IncFII	IncFII	148581	4.5.6.7.7.1178	4	5	6	7	7	1178
RefSeq_NZ_AP022363.1	IncFII	IncFII	151326	4.5.6.7.7.1178	4	5	6	7	7	1178
RefSeq_NZ_AP022364.1	IncFII	IncFII	120859	4.5.6.7.7.1179	4	5	6	7	7	1179
RefSeq_NZ_AP022365.1	IncFII	IncFII	148581	4.5.6.7.7.1178	4	5	6	7	7	1178
RefSeq_NZ_AP022366.1	IncFII	IncFII	136970	3.6.7.9.10.1180	3	6	7	9	10	1180
RefSeq_NZ_AP022368.1	IncFII	IncFII	149470	4.5.6.7.7.1178	4	5	6	7	7	1178
RefSeq_NZ_AP022369.1	IncFII	IncFII	149826	4.5.6.7.7.980	4	5	6	7	7	980
RefSeq_NZ_AP022370.1	IncFII	IncFII	96042	4.5.6.7.21.1182	4	5	6	7	21	1182
RefSeq_NZ_AP022479.1	IncFII	IncFII	91989	4.5.6.7.7.1183	4	5	6	7	7	1183
RefSeq_NZ_AP022483.1	IncFII	IncFII	157329	3.6.7.9.238.1184	3	6	7	9	238	1184
RefSeq_NZ_AP022537.1	IncFII	IncFII	151109	4.5.6.7.20.1146	4	5	6	7	20	1146
RefSeq_NZ_AP022550.1	IncFII	IncFII	88121	4.5.6.7.9.1188	4	5	6	7	9	1188
RefSeq_NZ_AP022651.1	IncFII	IncFII	102029	4.5.6.7.11.1189	4	5	6	7	11	1189
RefSeq_NZ_AP023150.1	IncFII	IncFII	86902	4.5.6.7.20.1191	4	5	6	7	20	1191
RefSeq_NZ_AP023225.1	IncFII	IncFII	108281	4.5.6.7.11.1192	4	5	6	7	11	1192
RefSeq_NZ_AP023238.1	IncFII	IncFII	93649	4.5.6.7.11.1192	4	5	6	7	11	1192
RefSeq_NZ_AP023295.1	IncFII	IncFII	60222	4.5.6.73.103.910	4	5	6	73	103	910
RefSeq_NZ_AP023340.1	IncFII	IncFII	160398	4.5.6.7.7.1193	4	5	6	7	7	1193
RefSeq_NZ_AP023455.1	IncFII	IncFII	185769	3.6.7.9.10.1195	3	6	7	9	10	1195
RefSeq_NZ_AP024174.1	IncFII	IncFII	252273	3.6.7.9.10.1196	3	6	7	9	10	1196
RefSeq_NZ_AP024177.1	IncFII	IncFII	69826	4.5.6.18.460.1197	4	5	6	18	460	1197
RefSeq_NZ_AP024282.1	IncFII	IncFII	139475	3.6.7.9.200.1198	3	6	7	9	200	1198
RefSeq_NZ_AP024519.1	IncFII	IncFII	100617	4.5.6.7.11.1199	4	5	6	7	11	1199
RefSeq_NZ_AP024569.1	IncFII	IncFII	220075	4.5.6.7.7.1200	4	5	6	7	7	1200
RefSeq_NZ_AP024571.1	IncFII	IncFII	220075	4.5.6.7.7.1200	4	5	6	7	7	1200
RefSeq_NZ_AP024573.1	IncFII	IncFII	220075	4.5.6.7.7.1200	4	5	6	7	7	1200
RefSeq_NZ_AP024577.1	IncFII	IncFII	220075	4.5.6.7.7.1200	4	5	6	7	7	1200
RefSeq_NZ_AP024580.1	IncFII	IncFII	220075	4.5.6.7.7.1200	4	5	6	7	7	1200
RefSeq_NZ_AP024593.1	IncFII	IncFII	163252	3.6.7.9.10.1202	3	6	7	9	10	1202
RefSeq_NZ_AP024606.1	IncFII	IncFII	74832	3.4.8.11.431.1005	3	4	8	11	431	1005
RefSeq_NZ_AP024923.1	IncFII	IncFII	67947	4.5.6.73.103.1206	4	5	6	73	103	1206
RefSeq_NZ_AP025012.1	IncFII	IncFII	139908	4.5.6.7.21.1207	4	5	6	7	21	1207
RefSeq_NZ_AP025168.1	IncFII	IncFII	113025	4.5.6.7.21.1208	4	5	6	7	21	1208
RefSeq_NZ_AP025658.1	IncFII	IncFII	171085	3.6.7.9.10.142	3	6	7	9	10	142
RefSeq_NZ_AP025663.1	IncFII	IncFII	170915	3.6.7.9.10.142	3	6	7	9	10	142
RefSeq_NZ_AP025679.1	IncFII	IncFII	68966	4.5.6.73.103.1211	4	5	6	73	103	1211
RefSeq_NZ_AP026088.1	IncFII	IncFII	92794	3.6.7.66.440.1026	3	6	7	66	440	1026
RefSeq_NZ_AP026091.1	IncFII	IncFII	95894	3.6.7.66.91.1212	3	6	7	66	91	1212
RefSeq_NZ_AP026384.1	IncFII	IncFII	119025	4.5.6.7.7.1213	4	5	6	7	7	1213
RefSeq_NZ_AP026395.1	IncFII	IncFII	129931	4.5.6.7.21.1214	4	5	6	7	21	1214
RefSeq_NZ_AP026396.1	IncFII	IncFII	82879	4.5.6.7.21.1165	4	5	6	7	21	1165
RefSeq_NZ_AP026411.1	IncFII	IncFII	82914	4.5.6.7.21.1165	4	5	6	7	21	1165
RefSeq_NZ_AP026412.1	IncFII	IncFII	77500	4.5.6.7.20.1215	4	5	6	7	20	1215
RefSeq_NZ_AP026424.1	IncFII	IncFII	79512	4.5.6.7.21.1216	4	5	6	7	21	1216
RefSeq_NZ_AP026425.1	IncFII	IncFII	77499	4.5.6.7.20.1215	4	5	6	7	20	1215
RefSeq_NZ_AP026426.1	IncFII	IncFII	57457	3.6.7.20.462.1217	3	6	7	20	462	1217
RefSeq_NZ_AP026789.1	IncFII	IncFII	165449	4.5.6.7.7.1218	4	5	6	7	7	1218
RefSeq_NZ_AP026795.1	IncFII	IncFII	165477	4.5.6.7.7.1218	4	5	6	7	7	1218
RefSeq_NZ_AP026887.1	IncFII	IncFII	100532	4.5.6.7.7.1219	4	5	6	7	7	1219
RefSeq_NZ_AP026905.1	IncFII	IncFII	82743	4.5.6.7.21.1220	4	5	6	7	21	1220
RefSeq_NZ_AP026951.1	IncFII	IncFII	52891	3.6.21.98.449.1221	3	6	21	98	449	1221
RefSeq_NZ_AP027199.1	IncFII	IncFII	49687	3.6.7.66.91.1223	3	6	7	66	91	1223
RefSeq_NZ_AP027264.1	IncFII	IncFII	106575	4.5.6.7.11.49	4	5	6	7	11	49
RefSeq_NZ_AP027403.1	IncFII	IncFII	98045	3.6.7.66.91.1224	3	6	7	66	91	1224
RefSeq_NZ_AP027407.1	IncFII	IncFII	77354	3.6.7.9.10.1226	3	6	7	9	10	1226
RefSeq_NZ_AP027415.1	IncFII	IncFII	104272	3.6.7.9.14.1227	3	6	7	9	14	1227
RefSeq_NZ_AP027421.1	IncFII	IncFII	138688	3.6.7.9.10.142	3	6	7	9	10	142
RefSeq_NZ_AP027928.1	IncFII	IncFII	109686	3.6.7.9.238.1232	3	6	7	9	238	1232
RefSeq_NZ_AP027958.1	IncFII	IncFII	81505	4.5.6.7.7.1234	4	5	6	7	7	1234
RefSeq_NZ_AP027961.1	IncFII	IncFII	88388	4.5.6.7.7.1235	4	5	6	7	7	1235
RefSeq_NZ_AP027972.1	IncFII	IncFII	169195	3.6.7.9.10.142	3	6	7	9	10	142
RefSeq_NZ_AP028096.1	IncFII	IncFII	75901	4.5.6.7.9.1239	4	5	6	7	9	1239
RefSeq_NZ_AP028421.1	IncFII	IncFII	98730	3.6.7.9.14.1240	3	6	7	9	14	1240
RefSeq_NZ_AP028423.1	IncFII	IncFII	108737	3.6.7.20.465.1241	3	6	7	20	465	1241
RefSeq_NZ_ASHT01000086.1	IncFII	IncFII	58877	3.4.8.11.431.1052	3	4	8	11	431	1052
RefSeq_NZ_AVCD01000003.1	IncFII	IncFII	98062	3.6.7.9.181.1117	3	6	7	9	181	1117
RefSeq_NZ_AWFJ01000153.1	IncFII	IncFII	5389	3.6.7.237.466.1242	3	6	7	237	466	1242
RefSeq_NZ_AXDG01000140.1	IncFII	IncFII	68551	3.4.8.11.431.1001	3	4	8	11	431	1001
RefSeq_NZ_AYLS01000005.1	IncFII	IncFII	51790	3.4.8.11.431.1243	3	4	8	11	431	1243
RefSeq_NZ_AYLS01000007.1	IncFII	IncFII	73255	4.5.6.7.21.1244	4	5	6	7	21	1244
RefSeq_NZ_BFCA01000002.1	IncFII	IncFII	207687	4.5.6.7.7.65	4	5	6	7	7	65
RefSeq_NZ_CM001063.1	IncFII	IncFII	49558	4.5.6.7.11.1000	4	5	6	7	11	1000
RefSeq_NZ_CM001154.1	IncFII	IncFII	87371	4.5.6.22.434.1009	4	5	6	22	434	1009
RefSeq_NZ_CM003367.1	IncFII	IncFII	71543	3.4.8.11.431.1005	3	4	8	11	431	1005
RefSeq_NZ_CM003368.1	IncFII	IncFII	137038	4.5.6.21.467.1245	4	5	6	21	467	1245
RefSeq_NZ_CM007785.1	IncFII	IncFII	23446	4.5.6.23.468.1247	4	5	6	23	468	1247
RefSeq_NZ_CM007788.1	IncFII	IncFII	32634	3.6.7.10.469.1248	3	6	7	10	469	1248
RefSeq_NZ_CM007791.1	IncFII	IncFII	32634	3.6.21.238.470.1249	3	6	21	238	470	1249
RefSeq_NZ_CM008879.1	IncFII	IncFII	119047	4.5.6.7.21.1253	4	5	6	7	21	1253
RefSeq_NZ_CM008885.1	IncFII	IncFII	87593	4.5.6.59.78.1254	4	5	6	59	78	1254
RefSeq_NZ_CM008891.1	IncFII	IncFII	120078	4.5.6.8.32.1111	4	5	6	8	32	1111
RefSeq_NZ_CM008895.1	IncFII	IncFII	119046	4.5.6.7.21.1253	4	5	6	7	21	1253
RefSeq_NZ_CM008904.1	IncFII	IncFII	106482	4.5.6.7.21.1253	4	5	6	7	21	1253
RefSeq_NZ_CM008911.1	IncFII	IncFII	110766	4.5.6.8.32.1111	4	5	6	8	32	1111
RefSeq_NZ_CM008917.1	IncFII	IncFII	120406	4.5.6.7.21.1253	4	5	6	7	21	1253
RefSeq_NZ_CM010664.1	IncFII	IncFII	201243	4.5.6.7.9.1256	4	5	6	7	9	1256
RefSeq_NZ_CM010665.1	IncFII	IncFII	158277	4.5.6.7.11.1257	4	5	6	7	11	1257
RefSeq_NZ_CM011641.1	IncFII	IncFII	103163	4.5.6.7.21.58	4	5	6	7	21	58
RefSeq_NZ_CM012199.1	IncFII	IncFII	135859	3.6.7.9.10.1258	3	6	7	9	10	1258
RefSeq_NZ_CM014762.1	IncFII	IncFII	95757	4.5.6.7.21.1259	4	5	6	7	21	1259
RefSeq_NZ_CM016732.1	IncFII	IncFII	226800	4.5.6.7.7.1103	4	5	6	7	7	1103
RefSeq_NZ_CM016896.1	IncFII	IncFII	71655	4.5.6.7.21.1260	4	5	6	7	21	1260
RefSeq_NZ_CM016898.1	IncFII	IncFII	35685	3.6.7.10.471.1261	3	6	7	10	471	1261
RefSeq_NZ_CM016899.1	IncFII	IncFII	35685	3.6.7.10.471.1261	3	6	7	10	471	1261
RefSeq_NZ_CM016900.1	IncFII	IncFII	34774	3.6.7.10.471.1261	3	6	7	10	471	1261
RefSeq_NZ_CM017020.1	IncFII	IncFII	101827	4.5.6.7.7.1262	4	5	6	7	7	1262
RefSeq_NZ_CM017025.1	IncFII	IncFII	161166	3.6.7.9.10.675	3	6	7	9	10	675
RefSeq_NZ_CM017041.1	IncFII	IncFII	102059	3.6.7.9.10.1263	3	6	7	9	10	1263
RefSeq_NZ_CM017057.1	IncFII	IncFII	85559	4.5.6.7.11.1264	4	5	6	7	11	1264
RefSeq_NZ_CM017060.1	IncFII	IncFII	94529	4.5.6.7.11.1265	4	5	6	7	11	1265
RefSeq_NZ_CM017061.1	IncFII	IncFII	103764	4.5.6.7.11.12	4	5	6	7	11	12
RefSeq_NZ_CM017069.1	IncFII	IncFII	119649	4.5.6.7.11.1266	4	5	6	7	11	1266
RefSeq_NZ_CM017076.1	IncFII	IncFII	115686	3.6.7.9.10.11	3	6	7	9	10	11
RefSeq_NZ_CM017081.1	IncFII	IncFII	101085	4.5.6.7.21.1267	4	5	6	7	21	1267
RefSeq_NZ_CM017086.1	IncFII	IncFII	116044	4.5.6.7.9.1041	4	5	6	7	9	1041
RefSeq_NZ_CM017095.1	IncFII	IncFII	160576	4.5.6.7.11.12	4	5	6	7	11	12
RefSeq_NZ_CM017099.1	IncFII	IncFII	116130	3.6.7.9.10.11	3	6	7	9	10	11
RefSeq_NZ_CM017107.1	IncFII	IncFII	151438	3.6.7.9.10.1268	3	6	7	9	10	1268
RefSeq_NZ_CM017115.1	IncFII	IncFII	76359	4.5.6.7.9.1270	4	5	6	7	9	1270
RefSeq_NZ_CM017116.1	IncFII	IncFII	107809	3.6.7.9.10.1271	3	6	7	9	10	1271
RefSeq_NZ_CM017127.1	IncFII	IncFII	153061	4.5.6.7.11.12	4	5	6	7	11	12
RefSeq_NZ_CM017129.1	IncFII	IncFII	75285	4.5.6.73.103.1272	4	5	6	73	103	1272
RefSeq_NZ_CM017133.1	IncFII	IncFII	89746	3.6.7.9.10.1273	3	6	7	9	10	1273
RefSeq_NZ_CM017140.1	IncFII	IncFII	144957	3.6.7.9.10.1274	3	6	7	9	10	1274
RefSeq_NZ_CM017144.1	IncFII	IncFII	112658	4.5.6.7.9.1041	4	5	6	7	9	1041
RefSeq_NZ_CM017151.1	IncFII	IncFII	102778	4.5.6.7.9.1275	4	5	6	7	9	1275
RefSeq_NZ_CM017152.1	IncFII	IncFII	136116	3.6.7.9.10.1276	3	6	7	9	10	1276
RefSeq_NZ_CM017155.1	IncFII	IncFII	69985	4.5.6.73.103.1272	4	5	6	73	103	1272
RefSeq_NZ_CM017167.1	IncFII	IncFII	97489	4.5.6.7.9.1278	4	5	6	7	9	1278
RefSeq_NZ_CM017170.1	IncFII	IncFII	140012	4.5.6.7.7.1279	4	5	6	7	7	1279
RefSeq_NZ_CM017199.1	IncFII	IncFII	115221	3.6.7.9.10.1274	3	6	7	9	10	1274
RefSeq_NZ_CM017210.1	IncFII	IncFII	87430	3.6.7.9.14.1281	3	6	7	9	14	1281
RefSeq_NZ_CM017241.1	IncFII	IncFII	73822	4.5.6.73.103.1272	4	5	6	73	103	1272
RefSeq_NZ_CM017249.1	IncFII	IncFII	110924	3.6.7.9.10.1284	3	6	7	9	10	1284
RefSeq_NZ_CM017263.1	IncFII	IncFII	80674	4.5.6.7.11.1285	4	5	6	7	11	1285
RefSeq_NZ_CM017265.1	IncFII	IncFII	80684	4.5.6.7.11.1285	4	5	6	7	11	1285
RefSeq_NZ_CP006663.1	IncFII	IncFII	117755	3.6.7.9.10.1291	3	6	7	9	10	1291
RefSeq_NZ_CP006747.1	IncFII	IncFII	71523	3.4.8.11.431.1001	3	4	8	11	431	1001
RefSeq_NZ_CP006749.1	IncFII	IncFII	140938	4.5.6.7.21.1292	4	5	6	7	21	1292
RefSeq_NZ_CP006750.1	IncFII	IncFII	71523	3.4.8.11.431.1001	3	4	8	11	431	1001
RefSeq_NZ_CP006753.1	IncFII	IncFII	71522	3.4.8.11.431.1001	3	4	8	11	431	1001
RefSeq_NZ_CP006756.1	IncFII	IncFII	137012	4.5.6.21.467.1245	4	5	6	21	467	1245
RefSeq_NZ_CP006757.1	IncFII	IncFII	71507	3.4.8.11.431.1005	3	4	8	11	431	1005
RefSeq_NZ_CP006761.1	IncFII	IncFII	71523	3.4.8.11.431.1001	3	4	8	11	431	1001
RefSeq_NZ_CP006779.1	IncFII	IncFII	137017	4.5.6.21.467.1245	4	5	6	21	467	1245
RefSeq_NZ_CP006780.1	IncFII	IncFII	71522	3.4.8.11.431.1001	3	4	8	11	431	1001
RefSeq_NZ_CP006791.1	IncFII	IncFII	70508	3.4.8.11.431.1005	3	4	8	11	431	1005
RefSeq_NZ_CP006795.1	IncFII	IncFII	70507	3.4.8.11.431.1005	3	4	8	11	431	1005
RefSeq_NZ_CP006922.1	IncFII	IncFII	86232	4.5.6.59.472.1293	4	5	6	59	472	1293
RefSeq_NZ_CP007231.1	IncFII	IncFII	60687	3.6.7.239.473.1294	3	6	7	239	473	1294
RefSeq_NZ_CP007449.1	IncFII	IncFII	78924	3.6.7.9.10.1295	3	6	7	9	10	1295
RefSeq_NZ_CP007450.1	IncFII	IncFII	49188	3.6.7.66.474.1296	3	6	7	66	474	1296
RefSeq_NZ_CP007489.1	IncFII	IncFII	93965	4.5.6.7.9.1002	4	5	6	7	9	1002
RefSeq_NZ_CP007508.1	IncFII	IncFII	59372	4.5.6.7.447.1068	4	5	6	7	447	1068
RefSeq_NZ_CP007529.1	IncFII	IncFII	59369	4.5.6.7.447.1068	4	5	6	7	447	1068
RefSeq_NZ_CP007582.1	IncFII	IncFII	91739	4.5.6.7.9.1002	4	5	6	7	9	1002
RefSeq_NZ_CP007729.1	IncFII	IncFII	243824	4.5.6.7.20.1297	4	5	6	7	20	1297
RefSeq_NZ_CP007730.1	IncFII	IncFII	113639	4.5.6.7.21.58	4	5	6	7	21	58
RefSeq_NZ_CP007734.1	IncFII	IncFII	338850	4.5.6.7.7.48	4	5	6	7	7	48
RefSeq_NZ_CP007736.1	IncFII	IncFII	113440	3.6.7.9.10.1299	3	6	7	9	10	1299
RefSeq_NZ_CP008715.1	IncFII	IncFII	120653	3.6.7.9.10.1300	3	6	7	9	10	1300
RefSeq_NZ_CP008745.1	IncFII	IncFII	93833	4.5.6.7.9.1002	4	5	6	7	9	1002
RefSeq_NZ_CP008800.1	IncFII	IncFII	194877	4.5.6.7.7.65	4	5	6	7	7	65
RefSeq_NZ_CP008806.1	IncFII	IncFII	94645	3.6.7.66.440.1026	3	6	7	66	440	1026
RefSeq_NZ_CP008829.1	IncFII	IncFII	243824	4.5.6.7.20.1297	4	5	6	7	20	1297
RefSeq_NZ_CP008830.1	IncFII	IncFII	113639	4.5.6.7.21.58	4	5	6	7	21	58
RefSeq_NZ_CP008833.1	IncFII	IncFII	113639	4.5.6.7.21.58	4	5	6	7	21	58
RefSeq_NZ_CP008842.1	IncFII	IncFII	204468	4.5.6.7.7.1302	4	5	6	7	7	1302
RefSeq_NZ_CP008898.1	IncFII	IncFII	62247	4.5.6.8.32.1303	4	5	6	8	32	1303
RefSeq_NZ_CP008907.1	IncFII	IncFII	111227	4.5.6.7.7.1305	4	5	6	7	7	1305
RefSeq_NZ_CP008927.1	IncFII	IncFII	59372	4.5.6.7.447.1068	4	5	6	7	447	1068
RefSeq_NZ_CP008930.1	IncFII	IncFII	187571	4.5.6.7.7.55	4	5	6	7	7	55
RefSeq_NZ_CP009053.1	IncFII	IncFII	78111	3.4.8.11.247.1031	3	4	8	11	247	1031
RefSeq_NZ_CP009115.1	IncFII	IncFII	118061	4.5.6.7.11.1308	4	5	6	7	11	1308
RefSeq_NZ_CP009167.1	IncFII	IncFII	108501	3.6.7.66.91.1309	3	6	7	66	91	1309
RefSeq_NZ_CP009231.1	IncFII	IncFII	155456	4.5.6.7.7.1310	4	5	6	7	7	1310
RefSeq_NZ_CP009232.1	IncFII	IncFII	172280	4.5.6.7.7.1310	4	5	6	7	7	1310
RefSeq_NZ_CP009233.1	IncFII	IncFII	154789	4.5.6.7.9.39	4	5	6	7	9	39
RefSeq_NZ_CP009275.1	IncFII	IncFII	162706	3.6.7.9.200.1311	3	6	7	9	200	1311
RefSeq_NZ_CP009366.1	IncFII	IncFII	66663	3.4.8.11.431.1312	3	4	8	11	431	1312
RefSeq_NZ_CP009466.1	IncFII	IncFII	113105	4.5.6.7.11.1313	4	5	6	7	11	1313
RefSeq_NZ_CP009491.1	IncFII	IncFII	70288	3.4.8.11.431.1001	3	4	8	11	431	1001
RefSeq_NZ_CP009703.1	IncFII	IncFII	68549	3.4.8.11.431.1005	3	4	8	11	431	1005
RefSeq_NZ_CP009711.1	IncFII	IncFII	68525	3.4.8.11.431.1005	3	4	8	11	431	1005
RefSeq_NZ_CP009713.1	IncFII	IncFII	71507	3.4.8.11.431.1005	3	4	8	11	431	1005
RefSeq_NZ_CP009721.1	IncFII	IncFII	70305	3.4.8.11.431.1001	3	4	8	11	431	1001
RefSeq_NZ_CP009758.1	IncFII	IncFII	68394	3.4.8.11.431.1005	3	4	8	11	431	1005
RefSeq_NZ_CP009773.1	IncFII	IncFII	75618	4.5.6.7.20.1112	4	5	6	7	20	1112
RefSeq_NZ_CP009776.1	IncFII	IncFII	115320	3.6.7.9.10.1315	3	6	7	9	10	1315
RefSeq_NZ_CP009777.1	IncFII	IncFII	212192	4.5.6.7.7.65	4	5	6	7	7	65
RefSeq_NZ_CP009779.1	IncFII	IncFII	69812	3.4.8.11.431.1005	3	4	8	11	431	1005
RefSeq_NZ_CP009783.1	IncFII	IncFII	70305	3.4.8.11.431.1001	3	4	8	11	431	1001
RefSeq_NZ_CP009835.1	IncFII	IncFII	71004	3.4.8.11.431.1001	3	4	8	11	431	1001
RefSeq_NZ_CP009837.1	IncFII	IncFII	69701	3.4.8.11.431.1316	3	4	8	11	431	1316
RefSeq_NZ_CP009842.1	IncFII	IncFII	70305	3.4.8.11.431.1005	3	4	8	11	431	1005
RefSeq_NZ_CP009845.1	IncFII	IncFII	69199	3.4.8.11.431.1004	3	4	8	11	431	1004
RefSeq_NZ_CP009860.1	IncFII	IncFII	121385	3.6.7.9.10.1180	3	6	7	9	10	1180
RefSeq_NZ_CP009875.1	IncFII	IncFII	113639	4.5.6.7.21.58	4	5	6	7	21	58
RefSeq_NZ_CP009879.1	IncFII	IncFII	178563	3.6.7.9.10.948	3	6	7	9	10	948
RefSeq_NZ_CP009905.1	IncFII	IncFII	70290	3.4.8.11.431.1001	3	4	8	11	431	1001
RefSeq_NZ_CP009937.1	IncFII	IncFII	68190	3.4.8.11.431.1005	3	4	8	11	431	1005
RefSeq_NZ_CP009972.1	IncFII	IncFII	70305	3.4.8.11.431.1005	3	4	8	11	431	1005
RefSeq_NZ_CP009990.1	IncFII	IncFII	68552	3.4.8.11.431.1001	3	4	8	11	431	1001
RefSeq_NZ_CP009995.1	IncFII	IncFII	77073	3.4.8.11.431.1001	3	4	8	11	431	1001
RefSeq_NZ_CP010022.1	IncFII	IncFII	70169	3.4.8.11.431.1001	3	4	8	11	431	1001
RefSeq_NZ_CP010069.1	IncFII	IncFII	74956	3.4.8.11.431.1005	3	4	8	11	431	1005
RefSeq_NZ_CP010120.1	IncFII	IncFII	63684	3.6.7.9.14.1320	3	6	7	9	14	1320
RefSeq_NZ_CP010241.1	IncFII	IncFII	62376	3.6.7.9.135.1325	3	6	7	9	135	1325
RefSeq_NZ_CP010246.1	IncFII	IncFII	71525	3.4.8.11.431.1001	3	4	8	11	431	1001
RefSeq_NZ_CP010305.1	IncFII	IncFII	94730	3.6.7.66.440.1026	3	6	7	66	440	1026
RefSeq_NZ_CP010345.1	IncFII	IncFII	100061	3.6.7.66.91.1309	3	6	7	66	91	1309
RefSeq_NZ_CP010363.1	IncFII	IncFII	139941	4.5.6.7.21.1109	4	5	6	7	21	1109
RefSeq_NZ_CP010390.1	IncFII	IncFII	198371	3.6.7.9.10.1328	3	6	7	9	10	1328
RefSeq_NZ_CP010393.1	IncFII	IncFII	207543	4.5.6.7.7.65	4	5	6	7	7	65
RefSeq_NZ_CP010882.1	IncFII	IncFII	122966	3.6.7.9.135.1329	3	6	7	9	135	1329
RefSeq_NZ_CP011287.1	IncFII	IncFII	69433	3.4.8.11.431.999	3	4	8	11	431	999
RefSeq_NZ_CP011332.1	IncFII	IncFII	75079	3.4.8.11.247.1054	3	4	8	11	247	1054
RefSeq_NZ_CP011395.1	IncFII	IncFII	59336	4.5.6.7.447.1056	4	5	6	7	447	1056
RefSeq_NZ_CP011493.1	IncFII	IncFII	140232	4.5.6.7.11.1266	4	5	6	7	11	1266
RefSeq_NZ_CP011577.1	IncFII	IncFII	130719	3.6.7.9.10.1331	3	6	7	9	10	1331
RefSeq_NZ_CP011590.1	IncFII	IncFII	96842	4.5.6.7.20.1333	4	5	6	7	20	1333
RefSeq_NZ_CP011595.1	IncFII	IncFII	113105	4.5.6.7.11.1313	4	5	6	7	11	1313
RefSeq_NZ_CP011615.1	IncFII	IncFII	113105	4.5.6.7.11.1313	4	5	6	7	11	1313
RefSeq_NZ_CP011621.1	IncFII	IncFII	77808	4.5.6.7.21.1334	4	5	6	7	21	1334
RefSeq_NZ_CP011623.1	IncFII	IncFII	250396	4.5.6.7.7.1160	4	5	6	7	7	1160
RefSeq_NZ_CP011641.1	IncFII	IncFII	199444	3.6.7.9.10.1335	3	6	7	9	10	1335
RefSeq_NZ_CP011840.1	IncFII	IncFII	59372	4.5.6.7.447.1056	4	5	6	7	447	1056
RefSeq_NZ_CP011843.1	IncFII	IncFII	59372	4.5.6.7.447.1056	4	5	6	7	447	1056
RefSeq_NZ_CP011916.1	IncFII	IncFII	110961	3.6.7.9.10.71	3	6	7	9	10	71
RefSeq_NZ_CP011943.1	IncFII	IncFII	59372	4.5.6.7.447.1056	4	5	6	7	447	1056
RefSeq_NZ_CP011977.1	IncFII	IncFII	218836	4.5.6.7.7.65	4	5	6	7	7	65
RefSeq_NZ_CP011981.1	IncFII	IncFII	130552	4.5.6.7.21.1337	4	5	6	7	21	1337
RefSeq_NZ_CP011986.1	IncFII	IncFII	113639	4.5.6.7.21.58	4	5	6	7	21	58
RefSeq_NZ_CP012169.1	IncFII	IncFII	210894	4.5.6.7.7.1339	4	5	6	7	7	1339
RefSeq_NZ_CP012197.1	IncFII	IncFII	185134	4.5.6.7.7.1021	4	5	6	7	7	1021
RefSeq_NZ_CP012345.2	IncFII	IncFII	49584	4.5.6.7.11.1000	4	5	6	7	11	1000
RefSeq_NZ_CP012348.1	IncFII	IncFII	86650	4.5.6.22.434.1009	4	5	6	22	434	1009
RefSeq_NZ_CP012397.1	IncFII	IncFII	116939	4.5.6.7.7.1340	4	5	6	7	7	1340
RefSeq_NZ_CP012564.1	IncFII	IncFII	88800	4.5.6.7.7.1341	4	5	6	7	7	1341
RefSeq_NZ_CP012566.1	IncFII	IncFII	127690	4.5.6.7.21.1342	4	5	6	7	21	1342
RefSeq_NZ_CP012567.1	IncFII	IncFII	196706	4.5.6.7.7.1103	4	5	6	7	7	1103
RefSeq_NZ_CP012569.1	IncFII	IncFII	83730	4.5.6.7.7.1341	4	5	6	7	7	1341
RefSeq_NZ_CP012571.1	IncFII	IncFII	126863	4.5.6.7.21.1342	4	5	6	7	21	1342
RefSeq_NZ_CP012572.1	IncFII	IncFII	163420	4.5.6.7.7.1103	4	5	6	7	7	1103
RefSeq_NZ_CP012834.1	IncFII	IncFII	53952	3.4.8.241.477.1344	3	4	8	241	477	1344
RefSeq_NZ_CP012884.1	IncFII	IncFII	194742	4.5.6.7.7.1345	4	5	6	7	7	1345
RefSeq_NZ_CP012988.3	IncFII	IncFII	190072	4.5.6.7.7.1346	4	5	6	7	7	1346
RefSeq_NZ_CP012993.2	IncFII	IncFII	190072	4.5.6.7.7.1346	4	5	6	7	7	1346
RefSeq_NZ_CP013098.1	IncFII	IncFII	59373	4.5.6.7.447.1068	4	5	6	7	447	1068
RefSeq_NZ_CP013186.1	IncFII	IncFII	77339	3.4.8.11.247.1031	3	4	8	11	247	1031
RefSeq_NZ_CP013191.1	IncFII	IncFII	106519	3.6.7.66.91.1347	3	6	7	66	91	1347
RefSeq_NZ_CP013323.1	IncFII	IncFII	257944	4.5.6.7.7.1160	4	5	6	7	7	1160
RefSeq_NZ_CP013326.1	IncFII	IncFII	77808	4.5.6.7.21.1334	4	5	6	7	21	1334
RefSeq_NZ_CP013339.1	IncFII	IncFII	152010	4.5.6.7.7.1348	4	5	6	7	7	1348
RefSeq_NZ_CP013657.1	IncFII	IncFII	143748	4.5.6.7.9.1349	4	5	6	7	9	1349
RefSeq_NZ_CP013832.1	IncFII	IncFII	145221	4.5.6.7.7.1350	4	5	6	7	7	1350
RefSeq_NZ_CP013833.1	IncFII	IncFII	126302	4.5.6.7.7.1351	4	5	6	7	7	1351
RefSeq_NZ_CP013834.1	IncFII	IncFII	62183	3.6.7.9.135.1352	3	6	7	9	135	1352
RefSeq_NZ_CP013972.1	IncFII	IncFII	48472	3.6.7.9.478.1353	3	6	7	9	478	1353
RefSeq_NZ_CP013973.1	IncFII	IncFII	39613	4.5.6.242.479.1354	4	5	6	242	479	1354
RefSeq_NZ_CP013986.1	IncFII	IncFII	163254	3.6.7.9.10.1202	3	6	7	9	10	1202
RefSeq_NZ_CP014005.1	IncFII	IncFII	101030	4.5.6.7.9.1034	4	5	6	7	9	1034
RefSeq_NZ_CP014050.2	IncFII	IncFII	93933	4.5.6.7.9.1002	4	5	6	7	9	1002
RefSeq_NZ_CP014073.1	IncFII	IncFII	151998	4.5.6.7.7.1355	4	5	6	7	7	1355
RefSeq_NZ_CP014077.2	IncFII	IncFII	41775	3.6.7.9.135.1356	3	6	7	9	135	1356
RefSeq_NZ_CP014121.1	IncFII	IncFII	200203	4.5.6.7.7.65	4	5	6	7	7	65
RefSeq_NZ_CP014321.1	IncFII	IncFII	107507	4.5.6.7.7.1100	4	5	6	7	7	1100
RefSeq_NZ_CP014357.1	IncFII	IncFII	93837	4.5.6.7.9.1002	4	5	6	7	9	1002
RefSeq_NZ_CP014359.1	IncFII	IncFII	94075	4.5.6.7.9.1002	4	5	6	7	9	1002
RefSeq_NZ_CP014498.1	IncFII	IncFII	209768	4.5.6.7.11.1357	4	5	6	7	11	1357
RefSeq_NZ_CP014537.1	IncFII	IncFII	93844	4.5.6.7.9.1002	4	5	6	7	9	1002
RefSeq_NZ_CP014650.1	IncFII	IncFII	113639	4.5.6.7.21.58	4	5	6	7	21	58
RefSeq_NZ_CP014669.1	IncFII	IncFII	113852	4.5.6.7.21.58	4	5	6	7	21	58
RefSeq_NZ_CP014697.2	IncFII	IncFII	152001	4.5.6.7.7.1355	4	5	6	7	7	1355
RefSeq_NZ_CP014765.1	IncFII	IncFII	106559	4.5.6.7.21.58	4	5	6	7	21	58
RefSeq_NZ_CP014962.1	IncFII	IncFII	93850	4.5.6.7.9.1002	4	5	6	7	9	1002
RefSeq_NZ_CP014968.1	IncFII	IncFII	94016	4.5.6.7.9.1002	4	5	6	7	9	1002
RefSeq_NZ_CP014970.1	IncFII	IncFII	94014	4.5.6.7.9.1002	4	5	6	7	9	1002
RefSeq_NZ_CP014973.1	IncFII	IncFII	93960	4.5.6.7.9.1002	4	5	6	7	9	1002
RefSeq_NZ_CP014976.1	IncFII	IncFII	94019	4.5.6.7.9.1002	4	5	6	7	9	1002
RefSeq_NZ_CP014980.1	IncFII	IncFII	94034	4.5.6.7.9.1002	4	5	6	7	9	1002
RefSeq_NZ_CP014997.1	IncFII	IncFII	81966	3.6.7.9.14.1359	3	6	7	9	14	1359
RefSeq_NZ_CP015070.1	IncFII	IncFII	111851	3.6.7.9.10.630	3	6	7	9	10	630
RefSeq_NZ_CP015077.1	IncFII	IncFII	133735	4.5.6.7.11.1360	4	5	6	7	11	1360
RefSeq_NZ_CP015086.1	IncFII	IncFII	130920	4.5.6.7.7.1362	4	5	6	7	7	1362
RefSeq_NZ_CP015132.1	IncFII	IncFII	224457	4.5.6.7.7.48	4	5	6	7	7	48
RefSeq_NZ_CP015135.1	IncFII	IncFII	158741	3.6.7.9.10.1363	3	6	7	9	10	1363
RefSeq_NZ_CP015158.1	IncFII	IncFII	93829	4.5.6.7.9.1002	4	5	6	7	9	1002
RefSeq_NZ_CP015239.1	IncFII	IncFII	125977	3.6.7.9.480.1364	3	6	7	9	480	1364
RefSeq_NZ_CP015383.1	IncFII	IncFII	182846	3.6.7.9.200.1013	3	6	7	9	200	1013
RefSeq_NZ_CP015386.1	IncFII	IncFII	199497	4.5.6.7.7.48	4	5	6	7	7	48
RefSeq_NZ_CP015387.1	IncFII	IncFII	139933	4.5.6.7.21.1109	4	5	6	7	21	1109
RefSeq_NZ_CP015393.1	IncFII	IncFII	202696	4.5.6.7.7.48	4	5	6	7	7	48
RefSeq_NZ_CP015395.1	IncFII	IncFII	116419	4.5.6.7.11.49	4	5	6	7	11	49
RefSeq_NZ_CP015396.1	IncFII	IncFII	110092	3.6.7.20.202.1366	3	6	7	20	202	1366
RefSeq_NZ_CP015502.1	IncFII	IncFII	140874	4.5.6.7.7.1367	4	5	6	7	7	1367
RefSeq_NZ_CP015525.1	IncFII	IncFII	59372	4.5.6.7.447.1056	4	5	6	7	447	1056
RefSeq_NZ_CP015527.1	IncFII	IncFII	59371	4.5.6.7.447.1056	4	5	6	7	447	1056
RefSeq_NZ_CP015754.1	IncFII	IncFII	165275	4.5.6.7.11.1370	4	5	6	7	11	1370
RefSeq_NZ_CP015816.1	IncFII	IncFII	95910	3.6.7.9.181.1117	3	6	7	9	181	1117
RefSeq_NZ_CP015823.1	IncFII	IncFII	205221	4.5.6.7.7.48	4	5	6	7	7	48
RefSeq_NZ_CP015824.1	IncFII	IncFII	103147	4.5.6.7.21.58	4	5	6	7	21	58
RefSeq_NZ_CP015844.2	IncFII	IncFII	95598	3.6.7.9.181.1117	3	6	7	9	181	1117
RefSeq_NZ_CP015847.2	IncFII	IncFII	95599	3.6.7.9.181.1117	3	6	7	9	181	1117
RefSeq_NZ_CP016011.1	IncFII	IncFII	67730	3.4.8.11.247.1371	3	4	8	11	247	1371
RefSeq_NZ_CP016160.1	IncFII	IncFII	165276	4.5.6.7.11.1370	4	5	6	7	11	1370
RefSeq_NZ_CP016274.1	IncFII	IncFII	70304	3.4.8.11.431.1001	3	4	8	11	431	1001
RefSeq_NZ_CP016390.1	IncFII	IncFII	93855	4.5.6.7.9.1002	4	5	6	7	9	1002
RefSeq_NZ_CP016402.1	IncFII	IncFII	57009	4.5.6.7.482.1372	4	5	6	7	482	1372
RefSeq_NZ_CP016626.1	IncFII	IncFII	95598	3.6.7.66.91.1212	3	6	7	66	91	1212
RefSeq_NZ_CP016763.1	IncFII	IncFII	127005	4.5.6.7.20.1374	4	5	6	7	20	1374
RefSeq_NZ_CP016810.1	IncFII	IncFII	307743	3.6.7.9.10.168	3	6	7	9	10	168
RefSeq_NZ_CP016812.1	IncFII	IncFII	65887	4.5.6.7.21.169	4	5	6	7	21	169
RefSeq_NZ_CP016933.1	IncFII	IncFII	74497	3.4.8.11.431.1316	3	4	8	11	431	1316
RefSeq_NZ_CP016936.1	IncFII	IncFII	88902	3.4.8.11.431.999	3	4	8	11	431	999
RefSeq_NZ_CP016939.1	IncFII	IncFII	73034	3.4.8.11.431.1316	3	4	8	11	431	1316
RefSeq_NZ_CP016943.1	IncFII	IncFII	73026	3.4.8.11.431.1316	3	4	8	11	431	1316
RefSeq_NZ_CP016946.1	IncFII	IncFII	73029	3.4.8.11.431.1316	3	4	8	11	431	1316
RefSeq_NZ_CP017178.1	IncFII	IncFII	59371	4.5.6.7.447.1068	4	5	6	7	447	1068
RefSeq_NZ_CP017185.1	IncFII	IncFII	151583	3.6.7.9.200.1377	3	6	7	9	200	1377
RefSeq_NZ_CP017187.1	IncFII	IncFII	131604	3.6.7.9.10.1378	3	6	7	9	10	1378
RefSeq_NZ_CP017281.1	IncFII	IncFII	92219	4.5.6.7.21.1381	4	5	6	7	21	1381
RefSeq_NZ_CP017283.1	IncFII	IncFII	108867	4.5.6.243.484.1382	4	5	6	243	484	1382
RefSeq_NZ_CP017285.1	IncFII	IncFII	108857	4.5.6.243.484.1382	4	5	6	243	484	1382
RefSeq_NZ_CP017286.1	IncFII	IncFII	92231	4.5.6.7.21.1381	4	5	6	7	21	1381
RefSeq_NZ_CP017473.1	IncFII	IncFII	169226	3.6.7.9.14.1383	3	6	7	9	14	1383
RefSeq_NZ_CP017585.1	IncFII	IncFII	25681	3.6.7.9.485.1384	3	6	7	9	485	1384
RefSeq_NZ_CP017586.1	IncFII	IncFII	34447	3.6.21.98.147.1385	3	6	21	98	147	1385
RefSeq_NZ_CP017590.1	IncFII	IncFII	132938	4.5.6.7.11.1387	4	5	6	7	11	1387
RefSeq_NZ_CP017620.1	IncFII	IncFII	93595	4.5.6.7.9.1002	4	5	6	7	9	1002
RefSeq_NZ_CP017729.1	IncFII	IncFII	93826	4.5.6.7.9.1002	4	5	6	7	9	1002
RefSeq_NZ_CP017779.1	IncFII	IncFII	173923	4.5.6.7.7.1391	4	5	6	7	7	1391
RefSeq_NZ_CP017848.1	IncFII	IncFII	137665	3.6.7.9.14.1392	3	6	7	9	14	1392
RefSeq_NZ_CP017850.1	IncFII	IncFII	108965	4.5.6.243.484.1382	4	5	6	243	484	1382
RefSeq_NZ_CP017851.1	IncFII	IncFII	92232	4.5.6.7.21.1381	4	5	6	7	21	1381
RefSeq_NZ_CP017929.1	IncFII	IncFII	113105	4.5.6.7.11.1313	4	5	6	7	11	1313
RefSeq_NZ_CP017981.1	IncFII	IncFII	91451	4.5.6.7.11.1393	4	5	6	7	11	1393
RefSeq_NZ_CP017991.1	IncFII	IncFII	144025	4.5.6.7.7.1394	4	5	6	7	7	1394
RefSeq_NZ_CP017992.1	IncFII	IncFII	79045	3.6.7.9.10.1395	3	6	7	9	10	1395
RefSeq_NZ_CP018340.1	IncFII	IncFII	81939	4.5.6.7.9.1397	4	5	6	7	9	1397
RefSeq_NZ_CP018341.1	IncFII	IncFII	81641	4.5.6.7.30.1398	4	5	6	7	30	1398
RefSeq_NZ_CP018355.1	IncFII	IncFII	207543	4.5.6.7.7.65	4	5	6	7	7	65
RefSeq_NZ_CP018365.1	IncFII	IncFII	260772	4.5.6.7.7.65	4	5	6	7	7	65
RefSeq_NZ_CP018366.1	IncFII	IncFII	94434	4.5.6.8.32.1399	4	5	6	8	32	1399
RefSeq_NZ_CP018424.1	IncFII	IncFII	208225	4.5.6.7.7.65	4	5	6	7	7	65
RefSeq_NZ_CP018430.1	IncFII	IncFII	208225	4.5.6.7.7.65	4	5	6	7	7	65
RefSeq_NZ_CP018434.1	IncFII	IncFII	208225	4.5.6.7.7.65	4	5	6	7	7	65
RefSeq_NZ_CP018441.1	IncFII	IncFII	180027	4.5.6.7.7.1400	4	5	6	7	7	1400
RefSeq_NZ_CP018634.1	IncFII	IncFII	92831	4.5.6.7.11.1402	4	5	6	7	11	1402
RefSeq_NZ_CP018636.1	IncFII	IncFII	59373	4.5.6.7.447.1068	4	5	6	7	447	1068
RefSeq_NZ_CP018639.1	IncFII	IncFII	59335	4.5.6.7.447.1068	4	5	6	7	447	1068
RefSeq_NZ_CP018641.1	IncFII	IncFII	59371	4.5.6.7.447.1056	4	5	6	7	447	1056
RefSeq_NZ_CP018650.1	IncFII	IncFII	59372	4.5.6.7.447.1068	4	5	6	7	447	1068
RefSeq_NZ_CP018653.1	IncFII	IncFII	59334	4.5.6.7.447.1056	4	5	6	7	447	1056
RefSeq_NZ_CP018656.1	IncFII	IncFII	244210	3.6.7.10.70.1406	3	6	7	10	70	1406
RefSeq_NZ_CP018658.1	IncFII	IncFII	94039	4.5.6.7.11.1051	4	5	6	7	11	1051
RefSeq_NZ_CP018660.1	IncFII	IncFII	59370	4.5.6.7.447.1056	4	5	6	7	447	1056
RefSeq_NZ_CP018663.1	IncFII	IncFII	59356	4.5.6.7.447.1068	4	5	6	7	447	1068
RefSeq_NZ_CP018670.1	IncFII	IncFII	183432	4.5.6.7.7.1408	4	5	6	7	7	1408
RefSeq_NZ_CP018693.1	IncFII	IncFII	180027	4.5.6.7.7.55	4	5	6	7	7	55
RefSeq_NZ_CP018815.1	IncFII	IncFII	139942	4.5.6.7.11.1409	4	5	6	7	11	1409
RefSeq_NZ_CP018818.1	IncFII	IncFII	117755	3.6.7.9.200.1410	3	6	7	9	200	1410
RefSeq_NZ_CP018886.1	IncFII	IncFII	217456	4.5.6.7.7.48	4	5	6	7	7	48
RefSeq_NZ_CP018922.1	IncFII	IncFII	21738	3.6.7.232.454.1412	3	6	7	232	454	1412
RefSeq_NZ_CP018947.1	IncFII	IncFII	143972	4.5.6.7.7.1021	4	5	6	7	7	1021
RefSeq_NZ_CP018954.1	IncFII	IncFII	97654	4.5.6.7.11.1414	4	5	6	7	11	1414
RefSeq_NZ_CP018955.1	IncFII	IncFII	101186	3.6.7.9.10.1415	3	6	7	9	10	1415
RefSeq_NZ_CP018969.1	IncFII	IncFII	82364	3.6.7.9.10.1416	3	6	7	9	10	1416
RefSeq_NZ_CP018978.1	IncFII	IncFII	117844	4.5.6.7.9.1275	4	5	6	7	9	1275
RefSeq_NZ_CP018989.1	IncFII	IncFII	85865	4.5.6.7.20.1417	4	5	6	7	20	1417
RefSeq_NZ_CP018992.1	IncFII	IncFII	110226	4.5.6.7.21.58	4	5	6	7	21	58
RefSeq_NZ_CP019001.1	IncFII	IncFII	272202	3.6.7.48.65.1418	3	6	7	48	65	1418
RefSeq_NZ_CP019009.1	IncFII	IncFII	130905	4.5.6.7.7.677	4	5	6	7	7	677
RefSeq_NZ_CP019014.1	IncFII	IncFII	142829	4.5.6.7.21.1420	4	5	6	7	21	1420
RefSeq_NZ_CP019028.1	IncFII	IncFII	147346	3.6.7.9.286.1421	3	6	7	9	286	1421
RefSeq_NZ_CP019175.1	IncFII	IncFII	94727	3.6.7.9.10.1422	3	6	7	9	10	1422
RefSeq_NZ_CP019187.1	IncFII	IncFII	100629	4.5.6.7.7.1423	4	5	6	7	7	1423
RefSeq_NZ_CP019191.1	IncFII	IncFII	28662	3.6.7.232.454.1424	3	6	7	232	454	1424
RefSeq_NZ_CP019276.1	IncFII	IncFII	91701	4.5.6.22.434.1429	4	5	6	22	434	1429
RefSeq_NZ_CP019456.1	IncFII	IncFII	159821	3.6.7.9.14.1432	3	6	7	9	14	1432
RefSeq_NZ_CP019773.1	IncFII	IncFII	208528	4.5.6.7.7.48	4	5	6	7	7	48
RefSeq_NZ_CP019774.1	IncFII	IncFII	114073	4.5.6.7.21.58	4	5	6	7	21	58
RefSeq_NZ_CP019840.1	IncFII	IncFII	85262	4.5.6.7.20.1433	4	5	6	7	20	1433
RefSeq_NZ_CP019890.1	IncFII	IncFII	124759	4.5.6.7.7.1434	4	5	6	7	7	1434
RefSeq_NZ_CP019904.1	IncFII	IncFII	108340	4.5.6.7.21.1435	4	5	6	7	21	1435
RefSeq_NZ_CP020050.1	IncFII	IncFII	113431	4.5.6.7.7.1438	4	5	6	7	7	1438
RefSeq_NZ_CP020062.1	IncFII	IncFII	152697	3.6.7.9.10.1441	3	6	7	9	10	1441
RefSeq_NZ_CP020064.1	IncFII	IncFII	83376	4.5.6.7.11.1442	4	5	6	7	11	1442
RefSeq_NZ_CP020065.1	IncFII	IncFII	74540	4.5.6.7.21.1443	4	5	6	7	21	1443
RefSeq_NZ_CP020069.1	IncFII	IncFII	213013	4.5.6.7.7.1103	4	5	6	7	7	1103
RefSeq_NZ_CP020072.1	IncFII	IncFII	209424	4.5.6.7.7.48	4	5	6	7	7	48
RefSeq_NZ_CP020109.1	IncFII	IncFII	169952	4.5.6.7.7.65	4	5	6	7	7	65
RefSeq_NZ_CP020338.1	IncFII	IncFII	95633	4.5.6.7.11.1447	4	5	6	7	11	1447
RefSeq_NZ_CP020496.1	IncFII	IncFII	120668	3.6.7.9.10.1449	3	6	7	9	10	1449
RefSeq_NZ_CP020499.1	IncFII	IncFII	178294	4.5.6.7.7.55	4	5	6	7	7	55
RefSeq_NZ_CP020506.1	IncFII	IncFII	219979	3.6.7.9.200.1450	3	6	7	9	200	1450
RefSeq_NZ_CP020508.1	IncFII	IncFII	224208	3.6.7.9.10.1451	3	6	7	9	10	1451
RefSeq_NZ_CP020515.1	IncFII	IncFII	158757	3.6.7.9.10.21	3	6	7	9	10	21
RefSeq_NZ_CP020519.1	IncFII	IncFII	120667	3.6.7.9.10.1449	3	6	7	9	10	1449
RefSeq_NZ_CP020523.1	IncFII	IncFII	113880	4.5.6.7.21.1452	4	5	6	7	21	1452
RefSeq_NZ_CP020824.1	IncFII	IncFII	59372	4.5.6.7.447.1056	4	5	6	7	447	1056
RefSeq_NZ_CP020826.1	IncFII	IncFII	59363	4.5.6.7.447.1056	4	5	6	7	447	1056
RefSeq_NZ_CP020838.1	IncFII	IncFII	232540	4.5.6.7.20.1454	4	5	6	7	20	1454
RefSeq_NZ_CP020842.1	IncFII	IncFII	180210	4.5.6.7.7.1455	4	5	6	7	7	1455
RefSeq_NZ_CP020843.1	IncFII	IncFII	97202	3.6.7.9.10.1456	3	6	7	9	10	1456
RefSeq_NZ_CP020851.1	IncFII	IncFII	161100	4.5.6.7.7.1457	4	5	6	7	7	1457
RefSeq_NZ_CP020855.1	IncFII	IncFII	221428	4.5.6.7.7.65	4	5	6	7	7	65
RefSeq_NZ_CP020902.1	IncFII	IncFII	338512	3.6.7.10.70.1458	3	6	7	10	70	1458
RefSeq_NZ_CP020903.1	IncFII	IncFII	200365	4.5.6.7.7.1103	4	5	6	7	7	1103
RefSeq_NZ_CP020904.1	IncFII	IncFII	120533	4.5.6.7.21.1118	4	5	6	7	21	1118
RefSeq_NZ_CP020905.1	IncFII	IncFII	41111	3.4.8.241.487.1459	3	4	8	241	487	1459
RefSeq_NZ_CP020923.1	IncFII	IncFII	116677	4.5.6.7.11.1051	4	5	6	7	11	1051
RefSeq_NZ_CP021204.1	IncFII	IncFII	92438	3.6.7.66.91.1461	3	6	7	66	91	1461
RefSeq_NZ_CP021536.1	IncFII	IncFII	244955	3.6.7.9.90.1462	3	6	7	9	90	1462
RefSeq_NZ_CP021538.1	IncFII	IncFII	64372	3.6.7.9.10.1463	3	6	7	9	10	1463
RefSeq_NZ_CP021541.1	IncFII	IncFII	111531	4.5.6.7.21.1464	4	5	6	7	21	1464
RefSeq_NZ_CP021544.1	IncFII	IncFII	208223	4.5.6.7.7.48	4	5	6	7	7	48
RefSeq_NZ_CP021545.1	IncFII	IncFII	125536	4.5.6.7.21.1465	4	5	6	7	21	1465
RefSeq_NZ_CP021686.1	IncFII	IncFII	183376	3.6.7.9.10.948	3	6	7	9	10	948
RefSeq_NZ_CP021687.1	IncFII	IncFII	96814	4.5.6.7.20.1466	4	5	6	7	20	1466
RefSeq_NZ_CP021690.1	IncFII	IncFII	163045	3.6.7.9.10.1467	3	6	7	9	10	1467
RefSeq_NZ_CP021710.1	IncFII	IncFII	214114	4.5.6.7.7.48	4	5	6	7	7	48
RefSeq_NZ_CP021713.1	IncFII	IncFII	208224	4.5.6.7.7.48	4	5	6	7	7	48
RefSeq_NZ_CP021720.1	IncFII	IncFII	216378	3.6.7.9.10.1468	3	6	7	9	10	1468
RefSeq_NZ_CP021752.1	IncFII	IncFII	209550	4.5.6.7.7.48	4	5	6	7	7	48
RefSeq_NZ_CP021753.1	IncFII	IncFII	116187	4.5.6.7.21.1465	4	5	6	7	21	1465
RefSeq_NZ_CP021758.1	IncFII	IncFII	121057	4.5.6.7.7.1471	4	5	6	7	7	1471
RefSeq_NZ_CP021834.1	IncFII	IncFII	212837	4.5.6.7.7.48	4	5	6	7	7	48
RefSeq_NZ_CP021857.1	IncFII	IncFII	106331	4.5.6.7.21.1472	4	5	6	7	21	1472
RefSeq_NZ_CP021871.1	IncFII	IncFII	134899	4.5.6.7.11.1127	4	5	6	7	11	1127
RefSeq_NZ_CP021881.1	IncFII	IncFII	101165	4.5.6.7.20.1473	4	5	6	7	20	1473
RefSeq_NZ_CP021937.1	IncFII	IncFII	151110	4.5.6.7.21.1474	4	5	6	7	21	1474
RefSeq_NZ_CP021938.1	IncFII	IncFII	75318	4.5.6.224.423.1475	4	5	6	224	423	1475
RefSeq_NZ_CP021946.1	IncFII	IncFII	120345	4.5.6.7.21.1476	4	5	6	7	21	1476
RefSeq_NZ_CP021951.1	IncFII	IncFII	181589	3.6.7.9.200.949	3	6	7	9	200	949
RefSeq_NZ_CP021959.1	IncFII	IncFII	89382	4.5.6.7.21.1477	4	5	6	7	21	1477
RefSeq_NZ_CP022004.1	IncFII	IncFII	59371	4.5.6.7.447.1056	4	5	6	7	447	1056
RefSeq_NZ_CP022035.1	IncFII	IncFII	136771	3.6.7.9.14.1478	3	6	7	9	14	1478
RefSeq_NZ_CP022071.1	IncFII	IncFII	93862	4.5.6.7.11.1051	4	5	6	7	11	1051
RefSeq_NZ_CP022087.2	IncFII	IncFII	75559	3.4.8.11.247.1054	3	4	8	11	247	1054
RefSeq_NZ_CP022119.1	IncFII	IncFII	30030	3.6.49.244.488.1481	3	6	49	244	488	1481
RefSeq_NZ_CP022125.1	IncFII	IncFII	187721	3.6.7.9.10.948	3	6	7	9	10	948
RefSeq_NZ_CP022137.1	IncFII	IncFII	66457	3.6.7.9.10.1482	3	6	7	9	10	1482
RefSeq_NZ_CP022145.1	IncFII	IncFII	197670	4.5.6.7.7.48	4	5	6	7	7	48
RefSeq_NZ_CP022149.1	IncFII	IncFII	111184	3.6.7.9.200.1483	3	6	7	9	200	1483
RefSeq_NZ_CP022156.1	IncFII	IncFII	113793	4.5.6.7.21.1484	4	5	6	7	21	1484
RefSeq_NZ_CP022166.1	IncFII	IncFII	173624	3.6.7.9.238.1162	3	6	7	9	238	1162
RefSeq_NZ_CP022275.1	IncFII	IncFII	144825	4.5.6.7.20.1486	4	5	6	7	20	1486
RefSeq_NZ_CP022280.1	IncFII	IncFII	191691	3.4.8.11.247.1488	3	4	8	11	247	1488
RefSeq_NZ_CP022349.1	IncFII	IncFII	126877	4.5.6.7.21.1490	4	5	6	7	21	1490
RefSeq_NZ_CP022350.1	IncFII	IncFII	106140	4.5.6.8.32.1111	4	5	6	8	32	1111
RefSeq_NZ_CP022442.1	IncFII	IncFII	95324	3.6.7.9.10.1491	3	6	7	9	10	1491
RefSeq_NZ_CP022492.1	IncFII	IncFII	131583	3.6.7.9.10.1494	3	6	7	9	10	1494
RefSeq_NZ_CP022534.1	IncFII	IncFII	126208	4.5.6.7.11.1496	4	5	6	7	11	1496
RefSeq_NZ_CP022574.1	IncFII	IncFII	170415	4.5.6.7.7.48	4	5	6	7	7	48
RefSeq_NZ_CP022692.2	IncFII	IncFII	207351	4.5.6.7.7.48	4	5	6	7	7	48
RefSeq_NZ_CP022693.2	IncFII	IncFII	113222	4.5.6.7.11.49	4	5	6	7	11	49
RefSeq_NZ_CP022697.1	IncFII	IncFII	149207	4.5.6.7.7.1497	4	5	6	7	7	1497
RefSeq_NZ_CP022698.1	IncFII	IncFII	107249	4.5.6.7.21.1498	4	5	6	7	21	1498
RefSeq_NZ_CP022825.1	IncFII	IncFII	97896	4.5.6.7.9.1499	4	5	6	7	9	1499
RefSeq_NZ_CP022913.1	IncFII	IncFII	63392	3.6.7.10.308.1500	3	6	7	10	308	1500
RefSeq_NZ_CP022917.1	IncFII	IncFII	246577	4.5.6.7.7.1501	4	5	6	7	7	1501
RefSeq_NZ_CP022920.1	IncFII	IncFII	246577	4.5.6.7.7.1502	4	5	6	7	7	1502
RefSeq_NZ_CP022923.1	IncFII	IncFII	246577	4.5.6.7.7.1501	4	5	6	7	7	1501
RefSeq_NZ_CP022926.1	IncFII	IncFII	258210	4.5.6.7.7.1501	4	5	6	7	7	1501
RefSeq_NZ_CP022965.1	IncFII	IncFII	86369	4.5.6.22.434.1009	4	5	6	22	434	1009
RefSeq_NZ_CP023062.1	IncFII	IncFII	77306	3.6.7.66.440.1504	3	6	7	66	440	1504
RefSeq_NZ_CP023145.1	IncFII	IncFII	87173	3.6.7.9.200.1505	3	6	7	9	200	1505
RefSeq_NZ_CP023186.1	IncFII	IncFII	126846	4.5.6.7.11.1506	4	5	6	7	11	1506
RefSeq_NZ_CP023187.1	IncFII	IncFII	106579	4.5.6.8.32.1111	4	5	6	8	32	1111
RefSeq_NZ_CP023259.1	IncFII	IncFII	107423	3.6.7.9.10.1507	3	6	7	9	10	1507
RefSeq_NZ_CP023361.1	IncFII	IncFII	80602	4.5.6.7.9.1509	4	5	6	7	9	1509
RefSeq_NZ_CP023367.1	IncFII	IncFII	111523	3.6.7.66.91.1510	3	6	7	66	91	1510
RefSeq_NZ_CP023369.1	IncFII	IncFII	66332	4.5.6.73.103.1511	4	5	6	73	103	1511
RefSeq_NZ_CP023372.1	IncFII	IncFII	109207	4.5.6.7.9.967	4	5	6	7	9	967
RefSeq_NZ_CP023378.1	IncFII	IncFII	123289	3.6.7.66.91.1512	3	6	7	66	91	1512
RefSeq_NZ_CP023418.1	IncFII	IncFII	138885	4.5.6.21.246.1514	4	5	6	21	246	1514
RefSeq_NZ_CP023437.1	IncFII	IncFII	60923	4.5.6.7.9.1516	4	5	6	7	9	1516
RefSeq_NZ_CP023442.1	IncFII	IncFII	186410	4.5.6.7.20.1518	4	5	6	7	20	1518
RefSeq_NZ_CP023443.1	IncFII	IncFII	117859	4.5.6.7.21.58	4	5	6	7	21	58
RefSeq_NZ_CP023469.1	IncFII	IncFII	94044	4.5.6.73.491.1519	4	5	6	73	491	1519
RefSeq_NZ_CP023488.1	IncFII	IncFII	223434	3.6.7.9.10.1521	3	6	7	9	10	1521
RefSeq_NZ_CP023489.1	IncFII	IncFII	124323	4.5.6.7.21.1522	4	5	6	7	21	1522
RefSeq_NZ_CP023503.1	IncFII	IncFII	135191	4.5.6.7.7.1523	4	5	6	7	7	1523
RefSeq_NZ_CP023552.1	IncFII	IncFII	77422	3.6.7.66.440.1504	3	6	7	66	440	1504
RefSeq_NZ_CP023554.1	IncFII	IncFII	212326	4.5.6.7.20.1524	4	5	6	7	20	1524
RefSeq_NZ_CP023555.1	IncFII	IncFII	169145	4.5.6.7.20.1525	4	5	6	7	20	1525
RefSeq_NZ_CP023707.1	IncFII	IncFII	81404	4.5.6.246.493.1526	4	5	6	246	493	1526
RefSeq_NZ_CP023816.1	IncFII	IncFII	145883	3.6.7.9.10.1528	3	6	7	9	10	1528
RefSeq_NZ_CP023827.1	IncFII	IncFII	125877	4.5.6.7.11.1127	4	5	6	7	11	1127
RefSeq_NZ_CP023835.1	IncFII	IncFII	152425	4.5.6.7.9.967	4	5	6	7	9	967
RefSeq_NZ_CP023840.1	IncFII	IncFII	112141	3.6.7.66.91.1529	3	6	7	66	91	1529
RefSeq_NZ_CP023845.1	IncFII	IncFII	181324	4.5.6.7.7.1530	4	5	6	7	7	1530
RefSeq_NZ_CP023850.1	IncFII	IncFII	138672	4.5.6.7.11.1531	4	5	6	7	11	1531
RefSeq_NZ_CP023854.1	IncFII	IncFII	135053	4.5.6.7.9.1532	4	5	6	7	9	1532
RefSeq_NZ_CP023879.1	IncFII	IncFII	196943	4.5.6.7.7.1535	4	5	6	7	7	1535
RefSeq_NZ_CP023883.1	IncFII	IncFII	64704	4.5.6.7.20.1536	4	5	6	7	20	1536
RefSeq_NZ_CP023890.1	IncFII	IncFII	89860	4.5.6.7.21.1537	4	5	6	7	21	1537
RefSeq_NZ_CP023893.1	IncFII	IncFII	231294	4.5.6.7.7.1538	4	5	6	7	7	1538
RefSeq_NZ_CP023910.1	IncFII	IncFII	100207	4.5.6.7.20.1540	4	5	6	7	20	1540
RefSeq_NZ_CP023914.1	IncFII	IncFII	106853	4.5.6.59.494.1541	4	5	6	59	494	1541
RefSeq_NZ_CP023916.1	IncFII	IncFII	130348	3.6.7.66.91.1542	3	6	7	66	91	1542
RefSeq_NZ_CP023922.1	IncFII	IncFII	129106	4.5.6.7.21.1118	4	5	6	7	21	1118
RefSeq_NZ_CP023923.1	IncFII	IncFII	140557	3.6.7.9.200.1543	3	6	7	9	200	1543
RefSeq_NZ_CP023928.1	IncFII	IncFII	113639	4.5.6.7.11.49	4	5	6	7	11	49
RefSeq_NZ_CP023942.1	IncFII	IncFII	187926	4.5.6.7.11.1544	4	5	6	7	11	1544
RefSeq_NZ_CP023943.1	IncFII	IncFII	196733	4.5.6.7.7.55	4	5	6	7	7	55
RefSeq_NZ_CP023947.1	IncFII	IncFII	153385	4.5.6.7.7.1545	4	5	6	7	7	1545
RefSeq_NZ_CP023948.1	IncFII	IncFII	219350	3.6.7.48.65.1546	3	6	7	48	65	1546
RefSeq_NZ_CP023953.1	IncFII	IncFII	197671	4.5.6.7.7.65	4	5	6	7	7	65
RefSeq_NZ_CP023985.1	IncFII	IncFII	72224	4.5.6.7.21.1548	4	5	6	7	21	1548
RefSeq_NZ_CP024039.1	IncFII	IncFII	125285	3.6.7.9.10.1549	3	6	7	9	10	1549
RefSeq_NZ_CP024040.1	IncFII	IncFII	122082	4.5.6.7.7.1550	4	5	6	7	7	1550
RefSeq_NZ_CP024150.1	IncFII	IncFII	108710	3.6.7.9.14.1552	3	6	7	9	14	1552
RefSeq_NZ_CP024167.1	IncFII	IncFII	92392	3.6.7.9.14.1554	3	6	7	9	14	1554
RefSeq_NZ_CP024193.1	IncFII	IncFII	147945	4.5.6.7.7.1400	4	5	6	7	7	1400
RefSeq_NZ_CP024225.1	IncFII	IncFII	27947	4.5.6.7.11.1555	4	5	6	7	11	1555
RefSeq_NZ_CP024235.1	IncFII	IncFII	62188	3.6.7.10.308.1556	3	6	7	10	308	1556
RefSeq_NZ_CP024255.1	IncFII	IncFII	95515	3.6.7.66.495.1557	3	6	7	66	495	1557
RefSeq_NZ_CP024259.1	IncFII	IncFII	94817	3.6.7.10.308.1558	3	6	7	10	308	1558
RefSeq_NZ_CP024286.1	IncFII	IncFII	113727	3.6.7.9.181.1560	3	6	7	9	181	1560
RefSeq_NZ_CP024431.1	IncFII	IncFII	114815	4.5.6.7.20.1088	4	5	6	7	20	1088
RefSeq_NZ_CP024459.1	IncFII	IncFII	211313	3.6.7.9.10.1562	3	6	7	9	10	1562
RefSeq_NZ_CP024461.1	IncFII	IncFII	77269	4.5.6.7.21.1563	4	5	6	7	21	1563
RefSeq_NZ_CP024523.1	IncFII	IncFII	147932	4.5.6.7.7.1400	4	5	6	7	7	1400
RefSeq_NZ_CP024530.1	IncFII	IncFII	147932	4.5.6.7.7.1400	4	5	6	7	7	1400
RefSeq_NZ_CP024537.1	IncFII	IncFII	147932	4.5.6.7.7.1400	4	5	6	7	7	1400
RefSeq_NZ_CP024543.1	IncFII	IncFII	110374	4.5.6.7.7.1565	4	5	6	7	7	1565
RefSeq_NZ_CP024544.1	IncFII	IncFII	71587	4.5.6.18.460.1197	4	5	6	18	460	1197
RefSeq_NZ_CP024546.1	IncFII	IncFII	110374	4.5.6.7.7.1565	4	5	6	7	7	1565
RefSeq_NZ_CP024547.1	IncFII	IncFII	71587	4.5.6.18.460.1197	4	5	6	18	460	1197
RefSeq_NZ_CP024551.1	IncFII	IncFII	147932	4.5.6.7.7.1400	4	5	6	7	7	1400
RefSeq_NZ_CP024558.1	IncFII	IncFII	147945	4.5.6.7.7.1400	4	5	6	7	7	1400
RefSeq_NZ_CP024565.1	IncFII	IncFII	147932	4.5.6.7.7.1400	4	5	6	7	7	1400
RefSeq_NZ_CP024572.1	IncFII	IncFII	147932	4.5.6.7.7.1400	4	5	6	7	7	1400
RefSeq_NZ_CP024674.1	IncFII	IncFII	57161	3.6.7.9.286.1568	3	6	7	9	286	1568
RefSeq_NZ_CP024678.1	IncFII	IncFII	51504	4.5.6.7.7.1569	4	5	6	7	7	1569
RefSeq_NZ_CP024682.1	IncFII	IncFII	71274	4.5.6.21.498.1570	4	5	6	21	498	1570
RefSeq_NZ_CP024718.1	IncFII	IncFII	111779	4.5.6.7.11.1571	4	5	6	7	11	1571
RefSeq_NZ_CP024721.1	IncFII	IncFII	111776	4.5.6.7.11.1571	4	5	6	7	11	1571
RefSeq_NZ_CP024805.1	IncFII	IncFII	111310	4.5.6.7.11.1192	4	5	6	7	11	1192
RefSeq_NZ_CP024816.1	IncFII	IncFII	176274	3.6.7.9.10.1572	3	6	7	9	10	1572
RefSeq_NZ_CP024831.1	IncFII	IncFII	216181	3.6.7.9.10.1573	3	6	7	9	10	1573
RefSeq_NZ_CP024835.1	IncFII	IncFII	112150	4.5.6.7.7.1367	4	5	6	7	7	1367
RefSeq_NZ_CP024839.1	IncFII	IncFII	130922	4.5.6.7.7.1574	4	5	6	7	7	1574
RefSeq_NZ_CP024863.1	IncFII	IncFII	139059	3.6.7.9.10.1575	3	6	7	9	10	1575
RefSeq_NZ_CP024876.1	IncFII	IncFII	129299	4.5.6.7.11.1576	4	5	6	7	11	1576
RefSeq_NZ_CP024882.1	IncFII	IncFII	115736	3.6.7.9.14.1578	3	6	7	9	14	1578
RefSeq_NZ_CP024917.1	IncFII	IncFII	126018	4.5.6.7.21.1579	4	5	6	7	21	1579
RefSeq_NZ_CP024977.1	IncFII	IncFII	62669	4.5.6.7.9.1580	4	5	6	7	9	1580
RefSeq_NZ_CP025006.1	IncFII	IncFII	167373	4.5.6.7.7.48	4	5	6	7	7	48
RefSeq_NZ_CP025009.1	IncFII	IncFII	176049	4.5.6.7.7.48	4	5	6	7	7	48
RefSeq_NZ_CP025010.1	IncFII	IncFII	118202	4.5.6.7.11.49	4	5	6	7	11	49
RefSeq_NZ_CP025038.1	IncFII	IncFII	199686	4.5.6.7.7.65	4	5	6	7	7	65
RefSeq_NZ_CP025039.1	IncFII	IncFII	146689	4.5.6.7.21.1109	4	5	6	7	21	1109
RefSeq_NZ_CP025040.1	IncFII	IncFII	83541	4.5.6.7.21.1472	4	5	6	7	21	1472
RefSeq_NZ_CP025457.1	IncFII	IncFII	223274	4.5.6.7.7.1582	4	5	6	7	7	1582
RefSeq_NZ_CP025458.1	IncFII	IncFII	128563	4.5.6.7.21.1583	4	5	6	7	21	1583
RefSeq_NZ_CP025463.1	IncFII	IncFII	161580	4.5.6.7.11.1544	4	5	6	7	11	1544
RefSeq_NZ_CP025468.1	IncFII	IncFII	129684	4.5.6.7.11.1584	4	5	6	7	11	1584
RefSeq_NZ_CP025553.1	IncFII	IncFII	59331	4.5.6.7.447.1068	4	5	6	7	447	1068
RefSeq_NZ_CP025556.1	IncFII	IncFII	93832	4.5.6.7.9.1002	4	5	6	7	9	1002
RefSeq_NZ_CP025557.1	IncFII	IncFII	59373	4.5.6.7.447.1056	4	5	6	7	447	1056
RefSeq_NZ_CP025577.1	IncFII	IncFII	215872	4.5.6.7.7.1582	4	5	6	7	7	1582
RefSeq_NZ_CP025708.1	IncFII	IncFII	184098	3.6.7.9.10.1586	3	6	7	9	10	1586
RefSeq_NZ_CP025737.1	IncFII	IncFII	99333	4.5.6.7.7.1587	4	5	6	7	7	1587
RefSeq_NZ_CP025885.1	IncFII	IncFII	68971	3.6.7.9.10.1589	3	6	7	9	10	1589
RefSeq_NZ_CP025919.1	IncFII	IncFII	50268	4.5.6.73.103.1590	4	5	6	73	103	1590
RefSeq_NZ_CP025949.1	IncFII	IncFII	73313	4.5.6.73.103.1591	4	5	6	73	103	1591
RefSeq_NZ_CP025966.2	IncFII	IncFII	130691	4.5.6.7.11.1083	4	5	6	7	11	1083
RefSeq_NZ_CP026016.1	IncFII	IncFII	109205	3.6.7.66.91.1593	3	6	7	66	91	1593
RefSeq_NZ_CP026048.1	IncFII	IncFII	127313	4.5.6.7.11.1576	4	5	6	7	11	1576
RefSeq_NZ_CP026049.1	IncFII	IncFII	206855	4.5.6.7.7.1302	4	5	6	7	7	1302
RefSeq_NZ_CP026054.1	IncFII	IncFII	59363	4.5.6.7.447.1056	4	5	6	7	447	1056
RefSeq_NZ_CP026131.1	IncFII	IncFII	164510	4.5.6.7.11.1544	4	5	6	7	11	1544
RefSeq_NZ_CP026135.1	IncFII	IncFII	161567	4.5.6.7.7.55	4	5	6	7	7	55
RefSeq_NZ_CP026139.1	IncFII	IncFII	86594	3.6.7.9.10.1595	3	6	7	9	10	1595
RefSeq_NZ_CP026141.1	IncFII	IncFII	164501	4.5.6.7.11.1544	4	5	6	7	11	1544
RefSeq_NZ_CP026151.1	IncFII	IncFII	146984	3.6.7.9.10.60	3	6	7	9	10	60
RefSeq_NZ_CP026152.1	IncFII	IncFII	83260	4.5.6.7.21.1596	4	5	6	7	21	1596
RefSeq_NZ_CP026161.1	IncFII	IncFII	165465	4.5.6.7.11.1370	4	5	6	7	11	1370
RefSeq_NZ_CP026163.1	IncFII	IncFII	120075	3.6.7.9.10.1597	3	6	7	9	10	1597
RefSeq_NZ_CP026174.1	IncFII	IncFII	93680	4.5.6.7.11.1598	4	5	6	7	11	1598
RefSeq_NZ_CP026180.1	IncFII	IncFII	97198	3.6.7.9.10.1600	3	6	7	9	10	1600
RefSeq_NZ_CP026181.1	IncFII	IncFII	94405	4.5.6.7.21.1601	4	5	6	7	21	1601
RefSeq_NZ_CP026212.1	IncFII	IncFII	126940	3.6.7.9.10.1605	3	6	7	9	10	1605
RefSeq_NZ_CP026241.1	IncFII	IncFII	200651	4.5.6.7.20.1608	4	5	6	7	20	1608
RefSeq_NZ_CP026371.1	IncFII	IncFII	133085	4.5.6.7.21.1609	4	5	6	7	21	1609
RefSeq_NZ_CP026384.1	IncFII	IncFII	36870	3.6.7.20.438.1610	3	6	7	20	438	1610
RefSeq_NZ_CP026388.1	IncFII	IncFII	32921	3.6.7.20.202.1611	3	6	7	20	202	1611
RefSeq_NZ_CP026394.1	IncFII	IncFII	63725	4.5.6.7.7.1612	4	5	6	7	7	1612
RefSeq_NZ_CP026396.1	IncFII	IncFII	144072	3.6.7.9.10.1613	3	6	7	9	10	1613
RefSeq_NZ_CP026397.1	IncFII	IncFII	220406	4.5.6.7.7.1614	4	5	6	7	7	1614
RefSeq_NZ_CP026474.1	IncFII	IncFII	107229	4.5.6.7.20.1142	4	5	6	7	20	1142
RefSeq_NZ_CP026576.2	IncFII	IncFII	70688	4.5.6.73.103.1591	4	5	6	73	103	1591
RefSeq_NZ_CP026584.1	IncFII	IncFII	156099	4.5.6.7.7.1617	4	5	6	7	7	1617
RefSeq_NZ_CP026588.1	IncFII	IncFII	126149	4.5.6.7.21.1579	4	5	6	7	21	1579
RefSeq_NZ_CP026699.1	IncFII	IncFII	42930	3.6.13.19.499.1619	3	6	13	19	499	1619
RefSeq_NZ_CP026701.1	IncFII	IncFII	93832	4.5.6.7.9.1002	4	5	6	7	9	1002
RefSeq_NZ_CP026714.1	IncFII	IncFII	59333	4.5.6.7.447.1056	4	5	6	7	447	1056
RefSeq_NZ_CP026724.1	IncFII	IncFII	129627	3.6.7.9.14.1620	3	6	7	9	14	1620
RefSeq_NZ_CP026752.1	IncFII	IncFII	211813	4.5.6.7.7.65	4	5	6	7	7	65
RefSeq_NZ_CP026930.2	IncFII	IncFII	129230	3.6.7.9.10.1623	3	6	7	9	10	1623
RefSeq_NZ_CP027037.1	IncFII	IncFII	187670	4.5.6.7.7.55	4	5	6	7	7	55
RefSeq_NZ_CP027044.1	IncFII	IncFII	168873	4.5.6.7.11.206	4	5	6	7	11	206
RefSeq_NZ_CP027049.1	IncFII	IncFII	170467	4.5.6.7.7.65	4	5	6	7	7	65
RefSeq_NZ_CP027054.1	IncFII	IncFII	197872	4.5.6.7.7.65	4	5	6	7	7	65
RefSeq_NZ_CP027067.1	IncFII	IncFII	120074	4.5.6.7.21.1624	4	5	6	7	21	1624
RefSeq_NZ_CP027106.1	IncFII	IncFII	106432	3.6.7.9.14.1625	3	6	7	9	14	1625
RefSeq_NZ_CP027119.1	IncFII	IncFII	86731	3.6.7.9.200.1626	3	6	7	9	200	1626
RefSeq_NZ_CP027145.1	IncFII	IncFII	101548	4.5.6.7.21.1630	4	5	6	7	21	1630
RefSeq_NZ_CP027152.1	IncFII	IncFII	208849	4.5.6.7.7.65	4	5	6	7	7	65
RefSeq_NZ_CP027158.1	IncFII	IncFII	113639	4.5.6.7.11.49	4	5	6	7	11	49
RefSeq_NZ_CP027161.1	IncFII	IncFII	207543	4.5.6.7.7.48	4	5	6	7	7	48
RefSeq_NZ_CP027332.1	IncFII	IncFII	20839	4.5.6.22.501.1632	4	5	6	22	501	1632
RefSeq_NZ_CP027367.1	IncFII	IncFII	125561	3.6.7.9.480.1633	3	6	7	9	480	1633
RefSeq_NZ_CP027385.1	IncFII	IncFII	118259	4.5.6.7.11.1634	4	5	6	7	11	1634
RefSeq_NZ_CP027409.1	IncFII	IncFII	220137	4.5.6.7.7.1635	4	5	6	7	7	1635
RefSeq_NZ_CP027413.1	IncFII	IncFII	93832	4.5.6.7.11.1051	4	5	6	7	11	1051
RefSeq_NZ_CP027425.1	IncFII	IncFII	195881	4.5.6.7.7.48	4	5	6	7	7	48
RefSeq_NZ_CP027537.1	IncFII	IncFII	100279	3.6.7.9.10.630	3	6	7	9	10	630
RefSeq_NZ_CP027551.1	IncFII	IncFII	162810	3.6.7.9.14.1636	3	6	7	9	14	1636
RefSeq_NZ_CP027802.1	IncFII	IncFII	128932	3.6.7.9.10.1638	3	6	7	9	10	1638
RefSeq_NZ_CP027803.1	IncFII	IncFII	346781	3.6.7.9.10.1639	3	6	7	9	10	1639
RefSeq_NZ_CP027865.1	IncFII	IncFII	111037	4.5.6.7.11.1640	4	5	6	7	11	1640
RefSeq_NZ_CP027866.1	IncFII	IncFII	134794	3.6.7.9.10.1638	3	6	7	9	10	1638
RefSeq_NZ_CP028118.1	IncFII	IncFII	78469	3.6.7.9.135.1641	3	6	7	9	135	1641
RefSeq_NZ_CP028152.1	IncFII	IncFII	56636	4.5.6.7.447.1056	4	5	6	7	447	1056
RefSeq_NZ_CP028156.1	IncFII	IncFII	56636	4.5.6.7.447.1056	4	5	6	7	447	1056
RefSeq_NZ_CP028177.1	IncFII	IncFII	116768	4.5.6.7.11.1308	4	5	6	7	11	1308
RefSeq_NZ_CP028178.1	IncFII	IncFII	100222	4.5.6.7.7.1643	4	5	6	7	7	1643
RefSeq_NZ_CP028200.2	IncFII	IncFII	95983	4.5.6.7.9.1002	4	5	6	7	9	1002
RefSeq_NZ_CP028319.1	IncFII	IncFII	94045	4.5.6.7.11.1051	4	5	6	7	11	1051
RefSeq_NZ_CP028352.1	IncFII	IncFII	93831	4.5.6.243.502.1645	4	5	6	243	502	1645
RefSeq_NZ_CP028389.3	IncFII	IncFII	166034	4.5.6.7.21.1646	4	5	6	7	21	1646
RefSeq_NZ_CP028431.1	IncFII	IncFII	76698	3.6.7.66.91.1647	3	6	7	66	91	1647
RefSeq_NZ_CP028434.1	IncFII	IncFII	78526	3.6.7.66.91.1647	3	6	7	66	91	1647
RefSeq_NZ_CP028479.1	IncFII	IncFII	129864	3.6.7.66.91.1648	3	6	7	66	91	1648
RefSeq_NZ_CP028480.1	IncFII	IncFII	77910	4.5.6.7.21.1149	4	5	6	7	21	1149
RefSeq_NZ_CP028521.1	IncFII	IncFII	126628	3.6.7.9.10.1650	3	6	7	9	10	1650
RefSeq_NZ_CP028541.2	IncFII	IncFII	177516	4.5.6.7.21.1651	4	5	6	7	21	1651
RefSeq_NZ_CP028543.1	IncFII	IncFII	159355	4.5.6.7.7.48	4	5	6	7	7	48
RefSeq_NZ_CP028547.2	IncFII	IncFII	73791	4.5.6.7.30.1652	4	5	6	7	30	1652
RefSeq_NZ_CP028553.2	IncFII	IncFII	117244	4.5.6.7.11.1640	4	5	6	7	11	1640
RefSeq_NZ_CP028554.1	IncFII	IncFII	89738	4.5.6.7.21.1653	4	5	6	7	21	1653
RefSeq_NZ_CP028576.1	IncFII	IncFII	112422	3.6.7.9.10.1654	3	6	7	9	10	1654
RefSeq_NZ_CP028582.2	IncFII	IncFII	149258	4.5.6.7.20.1656	4	5	6	7	20	1656
RefSeq_NZ_CP028595.1	IncFII	IncFII	95624	3.6.7.66.91.1212	3	6	7	66	91	1212
RefSeq_NZ_CP028597.1	IncFII	IncFII	94610	3.6.7.66.440.1026	3	6	7	66	440	1026
RefSeq_NZ_CP028599.1	IncFII	IncFII	94607	3.6.7.66.440.1026	3	6	7	66	440	1026
RefSeq_NZ_CP028602.1	IncFII	IncFII	94611	3.6.7.66.440.1026	3	6	7	66	440	1026
RefSeq_NZ_CP028606.1	IncFII	IncFII	95648	3.6.7.66.91.1212	3	6	7	66	91	1212
RefSeq_NZ_CP028610.1	IncFII	IncFII	67786	4.5.6.73.103.1657	4	5	6	73	103	1657
RefSeq_NZ_CP028616.1	IncFII	IncFII	94495	3.6.7.66.440.1026	3	6	7	66	440	1026
RefSeq_NZ_CP028619.1	IncFII	IncFII	94487	3.6.7.66.440.1026	3	6	7	66	440	1026
RefSeq_NZ_CP028622.1	IncFII	IncFII	93171	3.6.7.66.440.1026	3	6	7	66	440	1026
RefSeq_NZ_CP028625.1	IncFII	IncFII	94493	3.6.7.66.440.1026	3	6	7	66	440	1026
RefSeq_NZ_CP028628.1	IncFII	IncFII	94492	3.6.7.9.181.1117	3	6	7	9	181	1117
RefSeq_NZ_CP028631.1	IncFII	IncFII	94492	3.6.7.66.440.1026	3	6	7	66	440	1026
RefSeq_NZ_CP028634.1	IncFII	IncFII	93186	3.6.7.66.440.1026	3	6	7	66	440	1026
RefSeq_NZ_CP028637.1	IncFII	IncFII	93181	3.6.7.66.440.1026	3	6	7	66	440	1026
RefSeq_NZ_CP028640.1	IncFII	IncFII	93179	3.6.7.66.440.1026	3	6	7	66	440	1026
RefSeq_NZ_CP028643.1	IncFII	IncFII	93185	3.6.7.66.440.1026	3	6	7	66	440	1026
RefSeq_NZ_CP028646.1	IncFII	IncFII	93179	3.6.7.66.440.1026	3	6	7	66	440	1026
RefSeq_NZ_CP028649.1	IncFII	IncFII	93179	3.6.7.66.440.1026	3	6	7	66	440	1026
RefSeq_NZ_CP028658.1	IncFII	IncFII	94491	3.6.7.66.440.1026	3	6	7	66	440	1026
RefSeq_NZ_CP028661.1	IncFII	IncFII	94493	3.6.7.66.440.1026	3	6	7	66	440	1026
RefSeq_NZ_CP028664.1	IncFII	IncFII	93176	3.6.7.66.440.1026	3	6	7	66	440	1026
RefSeq_NZ_CP028667.1	IncFII	IncFII	93175	3.6.7.66.440.1026	3	6	7	66	440	1026
RefSeq_NZ_CP028670.1	IncFII	IncFII	94491	3.6.7.66.440.1026	3	6	7	66	440	1026
RefSeq_NZ_CP028673.1	IncFII	IncFII	93184	3.6.7.66.440.1026	3	6	7	66	440	1026
RefSeq_NZ_CP028676.1	IncFII	IncFII	93174	3.6.7.66.440.1026	3	6	7	66	440	1026
RefSeq_NZ_CP028679.1	IncFII	IncFII	93182	3.6.7.66.440.1026	3	6	7	66	440	1026
RefSeq_NZ_CP028682.1	IncFII	IncFII	93180	3.6.7.66.440.1026	3	6	7	66	440	1026
RefSeq_NZ_CP028717.1	IncFII	IncFII	134869	4.5.6.7.7.1658	4	5	6	7	7	1658
RefSeq_NZ_CP028784.1	IncFII	IncFII	182097	4.5.6.7.7.1400	4	5	6	7	7	1400
RefSeq_NZ_CP028790.2	IncFII	IncFII	104810	4.5.6.7.7.1659	4	5	6	7	7	1659
RefSeq_NZ_CP028796.1	IncFII	IncFII	112467	4.5.6.7.21.1624	4	5	6	7	21	1624
RefSeq_NZ_CP028804.2	IncFII	IncFII	323935	4.5.6.7.21.1660	4	5	6	7	21	1660
RefSeq_NZ_CP028805.1	IncFII	IncFII	131028	4.5.6.7.21.1661	4	5	6	7	21	1661
RefSeq_NZ_CP028817.1	IncFII	IncFII	231030	4.5.6.7.7.65	4	5	6	7	7	65
RefSeq_NZ_CP028853.1	IncFII	IncFII	94396	4.5.6.7.20.1662	4	5	6	7	20	1662
RefSeq_NZ_CP028954.1	IncFII	IncFII	214704	3.6.7.9.10.948	3	6	7	9	10	948
RefSeq_NZ_CP028955.1	IncFII	IncFII	134346	4.5.6.7.20.1663	4	5	6	7	20	1663
RefSeq_NZ_CP028993.1	IncFII	IncFII	49476	4.5.6.7.30.1665	4	5	6	7	30	1665
RefSeq_NZ_CP028995.1	IncFII	IncFII	152176	3.6.7.9.10.1331	3	6	7	9	10	1331
RefSeq_NZ_CP029000.1	IncFII	IncFII	125913	4.5.6.7.7.1667	4	5	6	7	7	1667
RefSeq_NZ_CP029058.1	IncFII	IncFII	253947	3.6.7.9.10.1668	3	6	7	9	10	1668
RefSeq_NZ_CP029101.1	IncFII	IncFII	208035	4.5.6.7.7.48	4	5	6	7	7	48
RefSeq_NZ_CP029102.1	IncFII	IncFII	135655	4.5.6.7.20.1669	4	5	6	7	20	1669
RefSeq_NZ_CP029136.1	IncFII	IncFII	190416	4.5.6.7.7.55	4	5	6	7	7	55
RefSeq_NZ_CP029143.1	IncFII	IncFII	134879	4.5.6.7.7.1671	4	5	6	7	7	1671
RefSeq_NZ_CP029214.1	IncFII	IncFII	95649	4.5.6.7.7.1672	4	5	6	7	7	1672
RefSeq_NZ_CP029223.1	IncFII	IncFII	87095	4.5.6.7.30.1398	4	5	6	7	30	1398
RefSeq_NZ_CP029225.1	IncFII	IncFII	145851	4.5.6.7.9.1673	4	5	6	7	9	1673
RefSeq_NZ_CP029381.1	IncFII	IncFII	146790	4.5.6.7.9.1673	4	5	6	7	9	1673
RefSeq_NZ_CP029382.1	IncFII	IncFII	85185	4.5.6.7.30.1398	4	5	6	7	30	1398
RefSeq_NZ_CP029387.1	IncFII	IncFII	226524	4.5.6.7.7.48	4	5	6	7	7	48
RefSeq_NZ_CP029448.1	IncFII	IncFII	204825	3.6.7.9.200.1676	3	6	7	9	200	1676
RefSeq_NZ_CP029580.1	IncFII	IncFII	178078	4.5.6.7.7.1677	4	5	6	7	7	1677
RefSeq_NZ_CP029583.1	IncFII	IncFII	112141	3.6.7.9.10.1678	3	6	7	9	10	1678
RefSeq_NZ_CP029588.1	IncFII	IncFII	216772	4.5.6.7.7.260	4	5	6	7	7	260
RefSeq_NZ_CP029591.1	IncFII	IncFII	219996	4.5.6.7.20.252	4	5	6	7	20	252
RefSeq_NZ_CP029594.1	IncFII	IncFII	94034	4.5.6.7.11.1051	4	5	6	7	11	1051
RefSeq_NZ_CP029596.1	IncFII	IncFII	94001	4.5.6.7.11.1051	4	5	6	7	11	1051
RefSeq_NZ_CP029598.1	IncFII	IncFII	151998	4.5.6.7.7.1355	4	5	6	7	7	1355
RefSeq_NZ_CP029691.1	IncFII	IncFII	78329	3.6.7.66.91.1647	3	6	7	66	91	1647
RefSeq_NZ_CP029723.1	IncFII	IncFII	183663	4.5.6.7.20.1663	4	5	6	7	20	1663
RefSeq_NZ_CP029724.1	IncFII	IncFII	178561	3.6.7.9.10.1331	3	6	7	9	10	1331
RefSeq_NZ_CP029731.1	IncFII	IncFII	108148	4.5.6.8.32.1111	4	5	6	8	32	1111
RefSeq_NZ_CP029740.1	IncFII	IncFII	103250	4.5.6.7.11.1679	4	5	6	7	11	1679
RefSeq_NZ_CP029838.1	IncFII	IncFII	93798	4.5.6.7.11.1051	4	5	6	7	11	1051
RefSeq_NZ_CP029998.1	IncFII	IncFII	61198	4.5.6.73.503.1682	4	5	6	73	503	1682
RefSeq_NZ_CP030006.1	IncFII	IncFII	67730	3.6.21.98.449.1078	3	6	21	98	449	1078
RefSeq_NZ_CP030066.1	IncFII	IncFII	165742	3.6.7.9.10.1683	3	6	7	9	10	1683
RefSeq_NZ_CP030067.1	IncFII	IncFII	97903	4.5.6.7.21.1684	4	5	6	7	21	1684
RefSeq_NZ_CP030071.1	IncFII	IncFII	185511	3.6.7.9.10.1685	3	6	7	9	10	1685
RefSeq_NZ_CP030112.1	IncFII	IncFII	88421	3.6.7.66.91.1686	3	6	7	66	91	1686
RefSeq_NZ_CP030133.1	IncFII	IncFII	39248	4.5.6.7.30.1687	4	5	6	7	30	1687
RefSeq_NZ_CP030176.1	IncFII	IncFII	148530	4.5.6.18.504.1688	4	5	6	18	504	1688
RefSeq_NZ_CP030177.1	IncFII	IncFII	131435	4.5.6.73.103.1689	4	5	6	73	103	1689
RefSeq_NZ_CP030197.1	IncFII	IncFII	141502	4.5.6.73.103.1689	4	5	6	73	103	1689
RefSeq_NZ_CP030205.1	IncFII	IncFII	33467	3.6.7.248.505.1690	3	6	7	248	505	1690
RefSeq_NZ_CP030210.1	IncFII	IncFII	92624	4.5.6.7.21.1691	4	5	6	7	21	1691
RefSeq_NZ_CP030237.1	IncFII	IncFII	32829	3.6.7.9.135.1692	3	6	7	9	135	1692
RefSeq_NZ_CP030297.1	IncFII	IncFII	185726	4.5.6.7.7.48	4	5	6	7	7	48
RefSeq_NZ_CP030298.1	IncFII	IncFII	70438	4.5.6.73.103.1272	4	5	6	73	103	1272
RefSeq_NZ_CP030301.1	IncFII	IncFII	148021	4.5.6.7.30.1694	4	5	6	7	30	1694
RefSeq_NZ_CP030303.1	IncFII	IncFII	229479	3.6.7.9.14.1695	3	6	7	9	14	1695
RefSeq_NZ_CP030305.1	IncFII	IncFII	110786	4.5.6.8.32.1111	4	5	6	8	32	1111
RefSeq_NZ_CP030308.1	IncFII	IncFII	79463	4.5.6.7.20.1696	4	5	6	7	20	1696
RefSeq_NZ_CP030309.1	IncFII	IncFII	65112	4.5.6.7.21.1548	4	5	6	7	21	1548
RefSeq_NZ_CP030342.1	IncFII	IncFII	113639	4.5.6.7.11.49	4	5	6	7	11	49
RefSeq_NZ_CP030343.1	IncFII	IncFII	207546	4.5.6.7.7.65	4	5	6	7	7	65
RefSeq_NZ_CP030719.1	IncFII	IncFII	176719	4.5.6.7.7.1400	4	5	6	7	7	1400
RefSeq_NZ_CP030726.1	IncFII	IncFII	176719	4.5.6.7.7.1400	4	5	6	7	7	1400
RefSeq_NZ_CP030735.1	IncFII	IncFII	176719	4.5.6.7.7.1400	4	5	6	7	7	1400
RefSeq_NZ_CP030743.1	IncFII	IncFII	176721	4.5.6.7.7.1400	4	5	6	7	7	1400
RefSeq_NZ_CP030780.2	IncFII	IncFII	80632	4.5.6.7.11.1698	4	5	6	7	11	1698
RefSeq_NZ_CP030785.2	IncFII	IncFII	81130	3.6.7.9.10.1699	3	6	7	9	10	1699
RefSeq_NZ_CP030796.1	IncFII	IncFII	59371	4.5.6.7.447.1056	4	5	6	7	447	1056
RefSeq_NZ_CP030876.1	IncFII	IncFII	190163	4.5.6.7.7.1700	4	5	6	7	7	1700
RefSeq_NZ_CP030981.1	IncFII	IncFII	72411	3.4.8.11.431.1052	3	4	8	11	431	1052
RefSeq_NZ_CP031137.1	IncFII	IncFII	77958	3.6.7.9.200.1702	3	6	7	9	200	1702
RefSeq_NZ_CP031261.1	IncFII	IncFII	66154	4.5.6.7.11.1705	4	5	6	7	11	1705
RefSeq_NZ_CP031262.1	IncFII	IncFII	95314	4.5.6.7.9.1034	4	5	6	7	9	1034
RefSeq_NZ_CP031569.1	IncFII	IncFII	140243	4.5.6.7.7.235	4	5	6	7	7	235
RefSeq_NZ_CP031581.1	IncFII	IncFII	71335	3.6.7.9.14.1706	3	6	7	9	14	1706
RefSeq_NZ_CP031583.1	IncFII	IncFII	198719	4.5.6.7.7.48	4	5	6	7	7	48
RefSeq_NZ_CP031614.1	IncFII	IncFII	196414	3.6.7.9.200.949	3	6	7	9	200	949
RefSeq_NZ_CP031720.1	IncFII	IncFII	154957	4.5.6.7.11.1707	4	5	6	7	11	1707
RefSeq_NZ_CP031723.1	IncFII	IncFII	88009	3.6.7.9.10.1708	3	6	7	9	10	1708
RefSeq_NZ_CP031793.1	IncFII	IncFII	141675	3.6.7.9.10.1710	3	6	7	9	10	1710
RefSeq_NZ_CP031801.1	IncFII	IncFII	161308	3.6.7.9.10.1711	3	6	7	9	10	1711
RefSeq_NZ_CP031804.1	IncFII	IncFII	70656	4.5.6.73.103.1712	4	5	6	73	103	1712
RefSeq_NZ_CP031851.1	IncFII	IncFII	134208	4.5.6.7.7.1714	4	5	6	7	7	1714
RefSeq_NZ_CP031852.1	IncFII	IncFII	70498	4.5.6.73.103.1211	4	5	6	73	103	1211
RefSeq_NZ_CP031883.1	IncFII	IncFII	110966	4.5.6.7.7.1715	4	5	6	7	7	1715
RefSeq_NZ_CP031884.1	IncFII	IncFII	105259	3.6.7.9.10.1716	3	6	7	9	10	1716
RefSeq_NZ_CP031937.1	IncFII	IncFII	87094	4.5.6.7.30.1398	4	5	6	7	30	1398
RefSeq_NZ_CP031939.1	IncFII	IncFII	171030	4.5.6.7.7.1717	4	5	6	7	7	1717
RefSeq_NZ_CP032166.1	IncFII	IncFII	99048	4.5.6.7.20.1721	4	5	6	7	20	1721
RefSeq_NZ_CP032180.1	IncFII	IncFII	137578	3.6.7.66.91.1722	3	6	7	66	91	1722
RefSeq_NZ_CP032181.1	IncFII	IncFII	81323	4.5.6.7.11.1723	4	5	6	7	11	1723
RefSeq_NZ_CP032186.1	IncFII	IncFII	202373	4.5.6.7.7.1103	4	5	6	7	7	1103
RefSeq_NZ_CP032188.1	IncFII	IncFII	93870	4.5.6.7.7.1341	4	5	6	7	7	1341
RefSeq_NZ_CP032189.1	IncFII	IncFII	127285	4.5.6.7.11.1724	4	5	6	7	11	1724
RefSeq_NZ_CP032195.1	IncFII	IncFII	143515	3.6.7.9.200.1725	3	6	7	9	200	1725
RefSeq_NZ_CP032198.1	IncFII	IncFII	58029	4.5.6.18.460.1726	4	5	6	18	460	1726
RefSeq_NZ_CP032209.1	IncFII	IncFII	161618	4.5.6.7.7.1400	4	5	6	7	7	1400
RefSeq_NZ_CP032243.1	IncFII	IncFII	84855	4.5.6.7.30.1398	4	5	6	7	30	1398
RefSeq_NZ_CP032357.1	IncFII	IncFII	185478	3.6.7.9.10.1729	3	6	7	9	10	1729
RefSeq_NZ_CP032388.1	IncFII	IncFII	124532	3.6.7.48.65.1730	3	6	7	48	65	1730
RefSeq_NZ_CP032395.1	IncFII	IncFII	164900	3.6.7.9.90.1733	3	6	7	9	90	1733
RefSeq_NZ_CP032488.1	IncFII	IncFII	60496	3.6.7.113.509.1736	3	6	7	113	509	1736
RefSeq_NZ_CP032567.1	IncFII	IncFII	66625	3.4.8.11.431.1001	3	4	8	11	431	1001
RefSeq_NZ_CP032790.1	IncFII	IncFII	93284	3.6.7.66.440.1026	3	6	7	66	440	1026
RefSeq_NZ_CP032792.1	IncFII	IncFII	90310	3.6.7.66.440.1026	3	6	7	66	440	1026
RefSeq_NZ_CP032794.1	IncFII	IncFII	92653	3.6.7.66.440.1026	3	6	7	66	440	1026
RefSeq_NZ_CP032804.1	IncFII	IncFII	91253	3.6.7.66.440.1026	3	6	7	66	440	1026
RefSeq_NZ_CP032809.1	IncFII	IncFII	92771	3.6.7.66.440.1026	3	6	7	66	440	1026
RefSeq_NZ_CP032832.1	IncFII	IncFII	399913	4.5.6.7.482.1737	4	5	6	7	482	1737
RefSeq_NZ_CP032893.1	IncFII	IncFII	156442	4.5.6.7.11.1738	4	5	6	7	11	1738
RefSeq_NZ_CP033089.1	IncFII	IncFII	59373	4.5.6.7.447.1056	4	5	6	7	447	1056
RefSeq_NZ_CP033342.1	IncFII	IncFII	56636	4.5.6.7.447.1056	4	5	6	7	447	1056
RefSeq_NZ_CP033394.2	IncFII	IncFII	82631	4.5.6.7.21.1746	4	5	6	7	21	1746
RefSeq_NZ_CP033400.1	IncFII	IncFII	91652	3.6.7.9.10.1747	3	6	7	9	10	1747
RefSeq_NZ_CP033402.1	IncFII	IncFII	208288	4.5.6.7.7.48	4	5	6	7	7	48
RefSeq_NZ_CP033404.1	IncFII	IncFII	154986	4.5.6.7.7.1617	4	5	6	7	7	1617
RefSeq_NZ_CP033627.1	IncFII	IncFII	184083	4.5.6.7.7.48	4	5	6	7	7	48
RefSeq_NZ_CP033628.1	IncFII	IncFII	110020	4.5.6.7.20.1748	4	5	6	7	20	1748
RefSeq_NZ_CP033689.1	IncFII	IncFII	68554	3.4.8.11.431.1005	3	4	8	11	431	1005
RefSeq_NZ_CP033695.1	IncFII	IncFII	70174	3.4.8.11.431.1005	3	4	8	11	431	1005
RefSeq_NZ_CP033697.1	IncFII	IncFII	70300	3.4.8.11.431.1005	3	4	8	11	431	1005
RefSeq_NZ_CP033708.1	IncFII	IncFII	69970	3.4.8.11.431.1749	3	4	8	11	431	1749
RefSeq_NZ_CP033710.1	IncFII	IncFII	69815	3.4.8.11.431.1001	3	4	8	11	431	1001
RefSeq_NZ_CP033712.1	IncFII	IncFII	70035	3.4.8.11.431.1750	3	4	8	11	431	1750
RefSeq_NZ_CP033714.1	IncFII	IncFII	70312	3.4.8.11.431.1005	3	4	8	11	431	1005
RefSeq_NZ_CP033716.1	IncFII	IncFII	66641	3.4.8.11.431.1005	3	4	8	11	431	1005
RefSeq_NZ_CP033743.1	IncFII	IncFII	127175	3.6.7.9.10.1751	3	6	7	9	10	1751
RefSeq_NZ_CP033755.1	IncFII	IncFII	103852	4.5.6.7.21.1752	4	5	6	7	21	1752
RefSeq_NZ_CP033761.1	IncFII	IncFII	111938	4.5.6.7.11.1266	4	5	6	7	11	1266
RefSeq_NZ_CP033774.1	IncFII	IncFII	184336	4.5.6.7.7.48	4	5	6	7	7	48
RefSeq_NZ_CP033775.1	IncFII	IncFII	74543	4.5.6.7.21.1149	4	5	6	7	21	1149
RefSeq_NZ_CP033776.1	IncFII	IncFII	73896	3.6.7.9.200.1753	3	6	7	9	200	1753
RefSeq_NZ_CP033798.1	IncFII	IncFII	103835	3.6.7.9.200.1754	3	6	7	9	200	1754
RefSeq_NZ_CP033799.1	IncFII	IncFII	130817	4.5.6.7.21.1755	4	5	6	7	21	1755
RefSeq_NZ_CP033823.1	IncFII	IncFII	186836	4.5.6.7.7.1756	4	5	6	7	7	1756
RefSeq_NZ_CP033847.1	IncFII	IncFII	143865	3.6.7.9.238.1757	3	6	7	9	238	1757
RefSeq_NZ_CP033881.1	IncFII	IncFII	61890	4.5.6.224.423.1758	4	5	6	224	423	1758
RefSeq_NZ_CP033947.1	IncFII	IncFII	142764	4.5.6.7.7.1550	4	5	6	7	7	1550
RefSeq_NZ_CP033948.1	IncFII	IncFII	70586	4.5.6.7.21.1759	4	5	6	7	21	1759
RefSeq_NZ_CP033956.1	IncFII	IncFII	133772	4.5.6.7.7.937	4	5	6	7	7	937
RefSeq_NZ_CP033957.1	IncFII	IncFII	87095	4.5.6.7.21.1149	4	5	6	7	21	1149
RefSeq_NZ_CP033962.1	IncFII	IncFII	136159	4.5.6.7.21.1760	4	5	6	7	21	1760
RefSeq_NZ_CP034085.1	IncFII	IncFII	113569	3.6.7.9.10.1761	3	6	7	9	10	1761
RefSeq_NZ_CP034108.1	IncFII	IncFII	87297	3.6.7.9.10.1740	3	6	7	9	10	1740
RefSeq_NZ_CP034125.1	IncFII	IncFII	109179	4.5.6.7.21.1762	4	5	6	7	21	1762
RefSeq_NZ_CP034126.1	IncFII	IncFII	85665	4.5.6.7.30.1398	4	5	6	7	30	1398
RefSeq_NZ_CP034131.1	IncFII	IncFII	136368	4.5.6.7.21.1079	4	5	6	7	21	1079
RefSeq_NZ_CP034132.1	IncFII	IncFII	81935	4.5.6.7.20.1763	4	5	6	7	20	1763
RefSeq_NZ_CP034137.1	IncFII	IncFII	150833	4.5.6.7.21.1079	4	5	6	7	21	1079
RefSeq_NZ_CP034140.1	IncFII	IncFII	84121	4.5.6.7.20.1764	4	5	6	7	20	1764
RefSeq_NZ_CP034178.1	IncFII	IncFII	81814	3.6.7.9.10.1095	3	6	7	9	10	1095
RefSeq_NZ_CP034231.1	IncFII	IncFII	95924	4.5.6.7.9.1002	4	5	6	7	9	1002
RefSeq_NZ_CP034282.1	IncFII	IncFII	193222	4.5.6.7.7.1103	4	5	6	7	7	1103
RefSeq_NZ_CP034319.1	IncFII	IncFII	143593	4.5.6.7.21.1661	4	5	6	7	21	1661
RefSeq_NZ_CP034322.1	IncFII	IncFII	150094	4.5.6.7.21.1661	4	5	6	7	21	1661
RefSeq_NZ_CP034361.1	IncFII	IncFII	142041	4.5.6.7.21.1661	4	5	6	7	21	1661
RefSeq_NZ_CP034396.1	IncFII	IncFII	134635	3.6.7.9.10.1765	3	6	7	9	10	1765
RefSeq_NZ_CP034401.1	IncFII	IncFII	134611	3.6.7.9.10.1765	3	6	7	9	10	1765
RefSeq_NZ_CP034417.1	IncFII	IncFII	128299	4.5.6.7.21.1651	4	5	6	7	21	1651
RefSeq_NZ_CP034480.1	IncFII	IncFII	93832	4.5.6.7.11.1051	4	5	6	7	11	1051
RefSeq_NZ_CP034679.1	IncFII	IncFII	83909	3.6.7.9.14.1767	3	6	7	9	14	1767
RefSeq_NZ_CP034720.1	IncFII	IncFII	93964	4.5.6.7.11.1051	4	5	6	7	11	1051
RefSeq_NZ_CP034756.1	IncFII	IncFII	108486	4.5.6.7.30.1768	4	5	6	7	30	1768
RefSeq_NZ_CP034768.1	IncFII	IncFII	125786	4.5.6.7.21.1770	4	5	6	7	21	1770
RefSeq_NZ_CP034777.1	IncFII	IncFII	109503	4.5.6.7.21.1771	4	5	6	7	21	1771
RefSeq_NZ_CP034800.1	IncFII	IncFII	94606	3.6.7.66.440.1026	3	6	7	66	440	1026
RefSeq_NZ_CP034802.1	IncFII	IncFII	94586	3.6.7.66.440.1026	3	6	7	66	440	1026
RefSeq_NZ_CP034956.1	IncFII	IncFII	98397	3.6.7.9.10.1747	3	6	7	9	10	1747
RefSeq_NZ_CP035035.1	IncFII	IncFII	125402	4.5.6.243.502.1773	4	5	6	243	502	1773
RefSeq_NZ_CP035124.1	IncFII	IncFII	227349	4.5.6.7.7.1774	4	5	6	7	7	1774
RefSeq_NZ_CP035200.1	IncFII	IncFII	40255	3.6.7.20.202.1775	3	6	7	20	202	1775
RefSeq_NZ_CP035204.1	IncFII	IncFII	141746	4.5.6.7.7.1776	4	5	6	7	7	1776
RefSeq_NZ_CP035205.1	IncFII	IncFII	58460	4.5.6.7.11.1705	4	5	6	7	11	1705
RefSeq_NZ_CP035208.1	IncFII	IncFII	59814	4.5.6.7.21.1777	4	5	6	7	21	1777
RefSeq_NZ_CP035211.1	IncFII	IncFII	132160	3.6.7.9.10.1778	3	6	7	9	10	1778
RefSeq_NZ_CP035213.1	IncFII	IncFII	73685	4.5.6.7.21.1260	4	5	6	7	21	1260
RefSeq_NZ_CP035216.1	IncFII	IncFII	231662	4.5.6.7.7.260	4	5	6	7	7	260
RefSeq_NZ_CP035277.1	IncFII	IncFII	206820	4.5.6.7.20.1779	4	5	6	7	20	1779
RefSeq_NZ_CP035302.1	IncFII	IncFII	93876	4.5.6.7.11.1051	4	5	6	7	11	1051
RefSeq_NZ_CP035367.1	IncFII	IncFII	97494	3.6.7.66.91.1212	3	6	7	66	91	1212
RefSeq_NZ_CP035384.1	IncFII	IncFII	357837	3.6.7.9.200.1784	3	6	7	9	200	1784
RefSeq_NZ_CP035386.1	IncFII	IncFII	119994	4.5.6.7.20.1785	4	5	6	7	20	1785
RefSeq_NZ_CP035468.1	IncFII	IncFII	151747	4.5.6.7.11.12	4	5	6	7	11	12
RefSeq_NZ_CP035478.1	IncFII	IncFII	149312	4.5.6.7.11.12	4	5	6	7	11	12
RefSeq_NZ_CP035517.1	IncFII	IncFII	149317	4.5.6.7.11.12	4	5	6	7	11	12
RefSeq_NZ_CP035536.1	IncFII	IncFII	185957	3.6.7.9.200.949	3	6	7	9	200	949
RefSeq_NZ_CP035537.1	IncFII	IncFII	108500	4.5.6.8.32.1788	4	5	6	8	32	1788
RefSeq_NZ_CP035546.1	IncFII	IncFII	94581	3.6.7.66.440.1026	3	6	7	66	440	1026
RefSeq_NZ_CP035835.1	IncFII	IncFII	72087	4.5.6.224.423.1789	4	5	6	224	423	1789
RefSeq_NZ_CP035849.1	IncFII	IncFII	61784	3.6.7.10.308.1556	3	6	7	10	308	1556
RefSeq_NZ_CP035867.1	IncFII	IncFII	100141	3.6.7.9.10.1790	3	6	7	9	10	1790
RefSeq_NZ_CP035872.1	IncFII	IncFII	95521	3.6.7.66.495.1557	3	6	7	66	495	1557
RefSeq_NZ_CP035873.1	IncFII	IncFII	53738	3.6.7.66.91.1791	3	6	7	66	91	1791
RefSeq_NZ_CP035878.1	IncFII	IncFII	62180	3.6.7.10.308.1556	3	6	7	10	308	1556
RefSeq_NZ_CP036176.1	IncFII	IncFII	117221	3.6.7.9.200.1792	3	6	7	9	200	1792
RefSeq_NZ_CP036188.1	IncFII	IncFII	251327	4.5.6.7.20.252	4	5	6	7	20	252
RefSeq_NZ_CP036193.1	IncFII	IncFII	164195	4.5.6.7.21.30	4	5	6	7	21	30
RefSeq_NZ_CP036301.1	IncFII	IncFII	154724	4.5.6.7.7.1617	4	5	6	7	7	1617
RefSeq_NZ_CP036302.1	IncFII	IncFII	205652	4.5.6.7.7.260	4	5	6	7	7	260
RefSeq_NZ_CP036306.1	IncFII	IncFII	149519	4.5.6.7.11.1794	4	5	6	7	11	1794
RefSeq_NZ_CP036307.1	IncFII	IncFII	229483	3.6.7.9.10.1795	3	6	7	9	10	1795
RefSeq_NZ_CP036321.1	IncFII	IncFII	127300	4.5.6.7.20.256	4	5	6	7	20	256
RefSeq_NZ_CP036328.1	IncFII	IncFII	130775	4.5.6.7.20.258	4	5	6	7	20	258
RefSeq_NZ_CP036329.1	IncFII	IncFII	71246	4.5.6.7.21.1759	4	5	6	7	21	1759
RefSeq_NZ_CP036337.1	IncFII	IncFII	225575	4.5.6.7.7.260	4	5	6	7	7	260
RefSeq_NZ_CP036366.1	IncFII	IncFII	82649	4.5.6.7.21.1746	4	5	6	7	21	1746
RefSeq_NZ_CP036372.1	IncFII	IncFII	172770	4.5.6.7.21.1651	4	5	6	7	21	1651
RefSeq_NZ_CP036439.1	IncFII	IncFII	115291	4.5.6.7.7.1798	4	5	6	7	7	1798
RefSeq_NZ_CP036446.1	IncFII	IncFII	96395	4.5.6.7.20.1799	4	5	6	7	20	1799
RefSeq_NZ_CP037744.1	IncFII	IncFII	121239	4.5.6.7.11.49	4	5	6	7	11	49
RefSeq_NZ_CP037863.1	IncFII	IncFII	143364	3.6.7.9.10.1800	3	6	7	9	10	1800
RefSeq_NZ_CP037873.1	IncFII	IncFII	93844	4.5.6.7.9.1002	4	5	6	7	9	1002
RefSeq_NZ_CP037876.1	IncFII	IncFII	96545	4.5.6.7.11.1051	4	5	6	7	11	1051
RefSeq_NZ_CP037912.1	IncFII	IncFII	149304	3.6.7.66.91.1801	3	6	7	66	91	1801
RefSeq_NZ_CP037929.1	IncFII	IncFII	271781	4.5.6.7.20.1454	4	5	6	7	20	1454
RefSeq_NZ_CP037964.1	IncFII	IncFII	131811	4.5.6.7.20.1802	4	5	6	7	20	1802
RefSeq_NZ_CP037966.1	IncFII	IncFII	179816	4.5.6.7.7.1400	4	5	6	7	7	1400
RefSeq_NZ_CP038275.1	IncFII	IncFII	101716	4.5.6.7.11.1805	4	5	6	7	11	1805
RefSeq_NZ_CP038276.1	IncFII	IncFII	107717	3.6.7.9.10.1806	3	6	7	9	10	1806
RefSeq_NZ_CP038283.1	IncFII	IncFII	93247	3.6.7.66.440.1026	3	6	7	66	440	1026
RefSeq_NZ_CP038286.1	IncFII	IncFII	100480	3.6.7.66.91.1212	3	6	7	66	91	1212
RefSeq_NZ_CP038289.1	IncFII	IncFII	96920	3.6.7.66.91.1212	3	6	7	66	91	1212
RefSeq_NZ_CP038291.1	IncFII	IncFII	98061	3.6.7.66.91.1212	3	6	7	66	91	1212
RefSeq_NZ_CP038293.1	IncFII	IncFII	95611	3.6.7.66.91.1212	3	6	7	66	91	1212
RefSeq_NZ_CP038299.1	IncFII	IncFII	70894	4.5.6.7.11.1808	4	5	6	7	11	1808
RefSeq_NZ_CP038301.1	IncFII	IncFII	94294	3.6.7.66.440.1026	3	6	7	66	440	1026
RefSeq_NZ_CP038304.1	IncFII	IncFII	96937	3.6.7.66.91.1212	3	6	7	66	91	1212
RefSeq_NZ_CP038308.1	IncFII	IncFII	93167	3.6.7.9.181.1117	3	6	7	9	181	1117
RefSeq_NZ_CP038312.1	IncFII	IncFII	93182	3.6.7.66.440.1026	3	6	7	66	440	1026
RefSeq_NZ_CP038335.1	IncFII	IncFII	94694	3.6.7.66.91.1212	3	6	7	66	91	1212
RefSeq_NZ_CP038354.1	IncFII	IncFII	91510	3.6.7.66.440.1026	3	6	7	66	440	1026
RefSeq_NZ_CP038356.1	IncFII	IncFII	98062	3.6.7.66.91.1212	3	6	7	66	91	1212
RefSeq_NZ_CP038362.1	IncFII	IncFII	95928	3.6.7.66.91.1212	3	6	7	66	91	1212
RefSeq_NZ_CP038368.1	IncFII	IncFII	93665	3.6.7.66.440.1026	3	6	7	66	440	1026
RefSeq_NZ_CP038371.1	IncFII	IncFII	92990	3.6.7.66.440.1026	3	6	7	66	440	1026
RefSeq_NZ_CP038379.1	IncFII	IncFII	93180	3.6.7.66.440.1026	3	6	7	66	440	1026
RefSeq_NZ_CP038404.1	IncFII	IncFII	95604	3.6.7.66.91.1212	3	6	7	66	91	1212
RefSeq_NZ_CP038420.1	IncFII	IncFII	98042	3.6.7.66.91.1212	3	6	7	66	91	1212
RefSeq_NZ_CP038424.1	IncFII	IncFII	96931	3.6.7.66.91.1212	3	6	7	66	91	1212
RefSeq_NZ_CP038426.1	IncFII	IncFII	92986	3.6.7.66.440.1026	3	6	7	66	440	1026
RefSeq_NZ_CP038792.1	IncFII	IncFII	129920	3.6.7.9.14.1809	3	6	7	9	14	1809
RefSeq_NZ_CP038848.1	IncFII	IncFII	93862	4.5.6.7.9.1002	4	5	6	7	9	1002
RefSeq_NZ_CP039312.1	IncFII	IncFII	145588	4.5.6.7.11.1810	4	5	6	7	11	1810
RefSeq_NZ_CP039313.1	IncFII	IncFII	75587	3.6.7.9.200.1811	3	6	7	9	200	1811
RefSeq_NZ_CP039320.1	IncFII	IncFII	145582	4.5.6.7.11.1810	4	5	6	7	11	1810
RefSeq_NZ_CP039321.1	IncFII	IncFII	76414	3.6.7.9.200.1811	3	6	7	9	200	1811
RefSeq_NZ_CP039385.1	IncFII	IncFII	157531	4.5.6.7.21.1812	4	5	6	7	21	1812
RefSeq_NZ_CP039387.1	IncFII	IncFII	95623	4.5.6.7.7.1813	4	5	6	7	7	1813
RefSeq_NZ_CP039405.1	IncFII	IncFII	85191	3.6.7.9.181.1814	3	6	7	9	181	1814
RefSeq_NZ_CP039454.1	IncFII	IncFII	151140	4.5.6.7.20.1815	4	5	6	7	20	1815
RefSeq_NZ_CP039464.1	IncFII	IncFII	81940	3.6.7.66.91.1816	3	6	7	66	91	1816
RefSeq_NZ_CP039466.1	IncFII	IncFII	81938	3.6.7.66.91.1816	3	6	7	66	91	1816
RefSeq_NZ_CP039468.1	IncFII	IncFII	81934	3.6.7.66.91.1816	3	6	7	66	91	1816
RefSeq_NZ_CP039470.1	IncFII	IncFII	81940	3.6.7.66.91.1816	3	6	7	66	91	1816
RefSeq_NZ_CP039472.1	IncFII	IncFII	81911	3.6.7.66.91.1816	3	6	7	66	91	1816
RefSeq_NZ_CP039474.1	IncFII	IncFII	81900	3.6.7.9.10.1095	3	6	7	9	10	1095
RefSeq_NZ_CP039479.1	IncFII	IncFII	81940	3.6.7.66.91.1816	3	6	7	66	91	1816
RefSeq_NZ_CP039481.1	IncFII	IncFII	81938	3.6.7.66.91.1816	3	6	7	66	91	1816
RefSeq_NZ_CP039483.1	IncFII	IncFII	81939	3.6.7.66.91.1816	3	6	7	66	91	1816
RefSeq_NZ_CP039485.1	IncFII	IncFII	81929	3.6.7.9.10.1095	3	6	7	9	10	1095
RefSeq_NZ_CP039488.1	IncFII	IncFII	81815	3.6.7.66.91.1816	3	6	7	66	91	1816
RefSeq_NZ_CP039492.1	IncFII	IncFII	81941	3.6.7.66.91.1816	3	6	7	66	91	1816
RefSeq_NZ_CP039494.1	IncFII	IncFII	81941	3.6.7.66.91.1816	3	6	7	66	91	1816
RefSeq_NZ_CP039497.1	IncFII	IncFII	81942	3.6.7.66.91.1816	3	6	7	66	91	1816
RefSeq_NZ_CP039501.1	IncFII	IncFII	81815	3.6.7.66.91.1816	3	6	7	66	91	1816
RefSeq_NZ_CP039525.1	IncFII	IncFII	88581	4.5.6.7.21.1477	4	5	6	7	21	1477
RefSeq_NZ_CP039560.1	IncFII	IncFII	93838	4.5.6.7.9.1002	4	5	6	7	9	1002
RefSeq_NZ_CP039566.1	IncFII	IncFII	93838	4.5.6.7.9.1002	4	5	6	7	9	1002
RefSeq_NZ_CP039568.1	IncFII	IncFII	93837	4.5.6.7.9.1002	4	5	6	7	9	1002
RefSeq_NZ_CP039580.1	IncFII	IncFII	125502	4.5.6.7.21.1817	4	5	6	7	21	1817
RefSeq_NZ_CP039583.1	IncFII	IncFII	94000	4.5.6.7.9.1002	4	5	6	7	9	1002
RefSeq_NZ_CP039592.1	IncFII	IncFII	93998	4.5.6.7.9.1002	4	5	6	7	9	1002
RefSeq_NZ_CP039596.1	IncFII	IncFII	93838	4.5.6.7.9.1002	4	5	6	7	9	1002
RefSeq_NZ_CP039715.1	IncFII	IncFII	93838	4.5.6.7.9.1002	4	5	6	7	9	1002
RefSeq_NZ_CP039718.1	IncFII	IncFII	93838	4.5.6.7.9.1002	4	5	6	7	9	1002
RefSeq_NZ_CP039758.1	IncFII	IncFII	63507	4.5.6.7.447.1819	4	5	6	7	447	1819
RefSeq_NZ_CP039794.1	IncFII	IncFII	141814	4.5.6.7.21.1820	4	5	6	7	21	1820
RefSeq_NZ_CP039796.1	IncFII	IncFII	169144	4.5.6.7.7.260	4	5	6	7	7	260
RefSeq_NZ_CP039798.1	IncFII	IncFII	97466	4.5.6.7.21.1821	4	5	6	7	21	1821
RefSeq_NZ_CP039799.1	IncFII	IncFII	60383	3.6.7.9.10.1822	3	6	7	9	10	1822
RefSeq_NZ_CP039801.1	IncFII	IncFII	35466	3.6.7.20.438.1824	3	6	7	20	438	1824
RefSeq_NZ_CP039803.1	IncFII	IncFII	214331	4.5.6.7.7.1103	4	5	6	7	7	1103
RefSeq_NZ_CP039805.1	IncFII	IncFII	97386	4.5.6.7.21.1821	4	5	6	7	21	1821
RefSeq_NZ_CP039807.1	IncFII	IncFII	35466	3.6.7.10.70.1825	3	6	7	10	70	1825
RefSeq_NZ_CP039809.1	IncFII	IncFII	205652	4.5.6.7.7.260	4	5	6	7	7	260
RefSeq_NZ_CP039810.1	IncFII	IncFII	153556	4.5.6.7.7.1617	4	5	6	7	7	1617
RefSeq_NZ_CP039814.1	IncFII	IncFII	148657	4.5.6.7.7.260	4	5	6	7	7	260
RefSeq_NZ_CP039815.1	IncFII	IncFII	97386	4.5.6.7.21.1821	4	5	6	7	21	1821
RefSeq_NZ_CP039816.1	IncFII	IncFII	60391	3.6.7.9.10.1822	3	6	7	9	10	1822
RefSeq_NZ_CP039818.1	IncFII	IncFII	35466	3.6.7.20.438.1824	3	6	7	20	438	1824
RefSeq_NZ_CP039820.1	IncFII	IncFII	172001	4.5.6.7.9.1673	4	5	6	7	9	1673
RefSeq_NZ_CP039855.1	IncFII	IncFII	93897	4.5.6.7.9.1002	4	5	6	7	9	1002
RefSeq_NZ_CP039969.1	IncFII	IncFII	168369	4.5.6.7.7.48	4	5	6	7	7	48
RefSeq_NZ_CP039971.1	IncFII	IncFII	113987	4.5.6.7.21.1472	4	5	6	7	21	1472
RefSeq_NZ_CP039975.1	IncFII	IncFII	282961	4.5.6.7.7.1827	4	5	6	7	7	1827
RefSeq_NZ_CP040025.1	IncFII	IncFII	150325	3.6.7.9.10.1331	3	6	7	9	10	1331
RefSeq_NZ_CP040030.1	IncFII	IncFII	148625	3.6.7.9.10.1331	3	6	7	9	10	1331
RefSeq_NZ_CP040035.1	IncFII	IncFII	148625	3.6.7.9.10.1331	3	6	7	9	10	1331
RefSeq_NZ_CP040070.1	IncFII	IncFII	82718	3.6.7.9.10.1828	3	6	7	9	10	1828
RefSeq_NZ_CP040108.1	IncFII	IncFII	93190	3.6.7.66.440.1026	3	6	7	66	440	1026
RefSeq_NZ_CP040124.1	IncFII	IncFII	72060	4.5.6.7.9.1830	4	5	6	7	9	1830
RefSeq_NZ_CP040180.1	IncFII	IncFII	131019	3.6.7.9.10.1831	3	6	7	9	10	1831
RefSeq_NZ_CP040185.1	IncFII	IncFII	120082	4.5.6.7.21.1490	4	5	6	7	21	1490
RefSeq_NZ_CP040186.1	IncFII	IncFII	110998	3.6.7.9.286.1832	3	6	7	9	286	1832
RefSeq_NZ_CP040265.1	IncFII	IncFII	73952	4.5.6.73.103.1833	4	5	6	73	103	1833
RefSeq_NZ_CP040306.1	IncFII	IncFII	95621	3.6.7.66.91.1212	3	6	7	66	91	1212
RefSeq_NZ_CP040308.1	IncFII	IncFII	95642	3.6.7.66.91.1212	3	6	7	66	91	1212
RefSeq_NZ_CP040310.1	IncFII	IncFII	93175	3.6.7.66.440.1026	3	6	7	66	440	1026
RefSeq_NZ_CP040315.1	IncFII	IncFII	95631	3.6.7.66.91.1212	3	6	7	66	91	1212
RefSeq_NZ_CP040317.1	IncFII	IncFII	93331	3.6.7.66.440.1026	3	6	7	66	440	1026
RefSeq_NZ_CP040322.1	IncFII	IncFII	93911	4.5.6.7.9.1002	4	5	6	7	9	1002
RefSeq_NZ_CP040398.1	IncFII	IncFII	98470	4.5.6.7.20.1142	4	5	6	7	20	1142
RefSeq_NZ_CP040541.1	IncFII	IncFII	177585	4.5.6.7.7.1834	4	5	6	7	7	1834
RefSeq_NZ_CP040547.1	IncFII	IncFII	177587	4.5.6.7.7.1835	4	5	6	7	7	1835
RefSeq_NZ_CP040565.1	IncFII	IncFII	93869	4.5.6.7.9.1002	4	5	6	7	9	1002
RefSeq_NZ_CP040569.1	IncFII	IncFII	94033	4.5.6.7.11.1051	4	5	6	7	11	1051
RefSeq_NZ_CP040598.1	IncFII	IncFII	106597	4.5.6.59.494.1541	4	5	6	59	494	1541
RefSeq_NZ_CP040645.1	IncFII	IncFII	59372	4.5.6.7.447.1056	4	5	6	7	447	1056
RefSeq_NZ_CP040647.1	IncFII	IncFII	59372	4.5.6.7.447.1068	4	5	6	7	447	1068
RefSeq_NZ_CP040658.1	IncFII	IncFII	139734	4.5.6.7.7.1836	4	5	6	7	7	1836
RefSeq_NZ_CP040659.1	IncFII	IncFII	87036	4.5.6.7.11.1837	4	5	6	7	11	1837
RefSeq_NZ_CP040661.1	IncFII	IncFII	139734	4.5.6.7.7.1836	4	5	6	7	7	1836
RefSeq_NZ_CP040662.1	IncFII	IncFII	87036	4.5.6.7.11.1837	4	5	6	7	11	1837
RefSeq_NZ_CP040702.1	IncFII	IncFII	104768	3.6.7.9.14.1838	3	6	7	9	14	1838
RefSeq_NZ_CP040713.1	IncFII	IncFII	59897	4.5.6.7.21.1839	4	5	6	7	21	1839
RefSeq_NZ_CP040807.1	IncFII	IncFII	90871	4.5.6.7.11.1840	4	5	6	7	11	1840
RefSeq_NZ_CP040808.1	IncFII	IncFII	80801	3.6.7.9.135.1841	3	6	7	9	135	1841
RefSeq_NZ_CP040835.1	IncFII	IncFII	167468	4.5.6.7.21.1842	4	5	6	7	21	1842
RefSeq_NZ_CP040862.1	IncFII	IncFII	263991	4.5.6.7.7.48	4	5	6	7	7	48
RefSeq_NZ_CP040901.1	IncFII	IncFII	93930	4.5.6.7.9.1002	4	5	6	7	9	1002
RefSeq_NZ_CP040922.1	IncFII	IncFII	143714	4.5.6.7.7.1845	4	5	6	7	7	1845
RefSeq_NZ_CP041006.1	IncFII	IncFII	93933	4.5.6.7.11.1051	4	5	6	7	11	1051
RefSeq_NZ_CP041050.1	IncFII	IncFII	85170	4.5.6.7.20.1847	4	5	6	7	20	1847
RefSeq_NZ_CP041094.1	IncFII	IncFII	168755	3.6.7.9.10.1848	3	6	7	9	10	1848
RefSeq_NZ_CP041095.1	IncFII	IncFII	70501	4.5.6.7.7.1849	4	5	6	7	7	1849
RefSeq_NZ_CP041100.1	IncFII	IncFII	194739	4.5.6.7.7.48	4	5	6	7	7	48
RefSeq_NZ_CP041104.1	IncFII	IncFII	36884	3.6.7.10.471.1261	3	6	7	10	471	1261
RefSeq_NZ_CP041178.1	IncFII	IncFII	59372	4.5.6.7.447.1068	4	5	6	7	447	1068
RefSeq_NZ_CP041249.1	IncFII	IncFII	92370	4.5.6.7.21.1854	4	5	6	7	21	1854
RefSeq_NZ_CP041338.1	IncFII	IncFII	161372	3.6.7.9.10.1268	3	6	7	9	10	1268
RefSeq_NZ_CP041375.1	IncFII	IncFII	134972	4.5.6.7.7.937	4	5	6	7	7	937
RefSeq_NZ_CP041376.1	IncFII	IncFII	87095	4.5.6.7.30.1398	4	5	6	7	30	1398
RefSeq_NZ_CP041420.1	IncFII	IncFII	65701	4.5.6.7.11.1856	4	5	6	7	11	1856
RefSeq_NZ_CP041421.1	IncFII	IncFII	82344	3.6.7.66.91.1857	3	6	7	66	91	1857
RefSeq_NZ_CP041430.1	IncFII	IncFII	80039	3.6.7.9.10.1858	3	6	7	9	10	1858
RefSeq_NZ_CP041432.1	IncFII	IncFII	80029	3.6.7.9.10.1858	3	6	7	9	10	1858
RefSeq_NZ_CP041434.1	IncFII	IncFII	80039	3.6.7.9.10.1858	3	6	7	9	10	1858
RefSeq_NZ_CP041436.1	IncFII	IncFII	88727	3.6.7.9.135.1859	3	6	7	9	135	1859
RefSeq_NZ_CP041514.1	IncFII	IncFII	203764	4.5.6.7.7.1863	4	5	6	7	7	1863
RefSeq_NZ_CP041524.1	IncFII	IncFII	78313	3.6.7.9.10.1864	3	6	7	9	10	1864
RefSeq_NZ_CP041534.1	IncFII	IncFII	88800	3.6.7.9.10.1867	3	6	7	9	10	1867
RefSeq_NZ_CP041542.1	IncFII	IncFII	109813	4.5.6.7.9.1041	4	5	6	7	9	1041
RefSeq_NZ_CP041547.1	IncFII	IncFII	124090	4.5.6.7.11.1360	4	5	6	7	11	1360
RefSeq_NZ_CP041557.1	IncFII	IncFII	122484	4.5.6.7.11.1360	4	5	6	7	11	1360
RefSeq_NZ_CP041560.1	IncFII	IncFII	122483	4.5.6.7.11.1360	4	5	6	7	11	1360
RefSeq_NZ_CP041619.1	IncFII	IncFII	90682	4.5.6.7.11.1872	4	5	6	7	11	1872
RefSeq_NZ_CP041640.1	IncFII	IncFII	222330	4.5.6.7.7.1103	4	5	6	7	7	1103
RefSeq_NZ_CP041642.1	IncFII	IncFII	121851	4.5.6.7.21.1874	4	5	6	7	21	1874
RefSeq_NZ_CP041928.1	IncFII	IncFII	202623	4.5.6.7.7.1103	4	5	6	7	7	1103
RefSeq_NZ_CP041949.1	IncFII	IncFII	174723	4.5.6.7.7.260	4	5	6	7	7	260
RefSeq_NZ_CP041972.1	IncFII	IncFII	83299	4.5.6.7.447.1056	4	5	6	7	447	1056
RefSeq_NZ_CP041974.1	IncFII	IncFII	113858	4.5.6.7.9.1002	4	5	6	7	9	1002
RefSeq_NZ_CP042245.1	IncFII	IncFII	285922	3.6.7.9.10.142	3	6	7	9	10	142
RefSeq_NZ_CP042480.1	IncFII	IncFII	176400	4.5.6.7.21.1875	4	5	6	7	21	1875
RefSeq_NZ_CP042513.1	IncFII	IncFII	186249	4.5.6.7.7.1876	4	5	6	7	7	1876
RefSeq_NZ_CP042519.1	IncFII	IncFII	176400	4.5.6.7.20.1877	4	5	6	7	20	1877
RefSeq_NZ_CP042521.1	IncFII	IncFII	169226	4.5.6.7.7.1193	4	5	6	7	7	1193
RefSeq_NZ_CP042541.1	IncFII	IncFII	155361	4.5.6.7.7.1879	4	5	6	7	7	1879
RefSeq_NZ_CP042546.1	IncFII	IncFII	195216	4.5.6.7.7.1302	4	5	6	7	7	1302
RefSeq_NZ_CP042547.1	IncFII	IncFII	173103	4.5.6.7.21.1880	4	5	6	7	21	1880
RefSeq_NZ_CP042553.1	IncFII	IncFII	173758	4.5.6.7.21.1875	4	5	6	7	21	1875
RefSeq_NZ_CP042567.1	IncFII	IncFII	150626	4.5.6.7.7.1879	4	5	6	7	7	1879
RefSeq_NZ_CP042881.1	IncFII	IncFII	66300	3.6.7.9.10.1884	3	6	7	9	10	1884
RefSeq_NZ_CP042883.1	IncFII	IncFII	194856	4.5.6.7.7.260	4	5	6	7	7	260
RefSeq_NZ_CP042897.1	IncFII	IncFII	167754	3.6.7.9.238.1162	3	6	7	9	238	1162
RefSeq_NZ_CP042972.1	IncFII	IncFII	129967	4.5.6.7.9.1885	4	5	6	7	9	1885
RefSeq_NZ_CP043049.1	IncFII	IncFII	212420	4.5.6.7.7.65	4	5	6	7	7	65
RefSeq_NZ_CP043219.1	IncFII	IncFII	94175	4.5.6.7.9.1887	4	5	6	7	9	1887
RefSeq_NZ_CP043261.1	IncFII	IncFII	102034	3.4.8.11.247.1888	3	4	8	11	247	1888
RefSeq_NZ_CP043289.1	IncFII	IncFII	72276	4.5.6.73.103.1712	4	5	6	73	103	1712
RefSeq_NZ_CP043345.1	IncFII	IncFII	128614	4.5.6.7.21.1889	4	5	6	7	21	1889
RefSeq_NZ_CP043349.1	IncFII	IncFII	141339	4.5.6.7.21.1890	4	5	6	7	21	1890
RefSeq_NZ_CP043350.1	IncFII	IncFII	180572	4.5.6.7.7.1193	4	5	6	7	7	1193
RefSeq_NZ_CP043351.1	IncFII	IncFII	106448	4.5.6.7.7.1658	4	5	6	7	7	1658
RefSeq_NZ_CP043358.1	IncFII	IncFII	154719	4.5.6.7.7.1617	4	5	6	7	7	1617
RefSeq_NZ_CP043359.1	IncFII	IncFII	205652	4.5.6.7.7.260	4	5	6	7	7	260
RefSeq_NZ_CP043363.1	IncFII	IncFII	131027	4.5.6.7.21.1661	4	5	6	7	21	1661
RefSeq_NZ_CP043364.1	IncFII	IncFII	127885	4.5.6.7.7.1892	4	5	6	7	7	1892
RefSeq_NZ_CP043380.1	IncFII	IncFII	159323	4.5.6.7.7.1893	4	5	6	7	7	1893
RefSeq_NZ_CP043383.1	IncFII	IncFII	85718	4.5.6.7.21.1894	4	5	6	7	21	1894
RefSeq_NZ_CP043407.1	IncFII	IncFII	122112	4.5.6.7.11.1360	4	5	6	7	11	1360
RefSeq_NZ_CP043434.1	IncFII	IncFII	59372	4.5.6.7.447.1068	4	5	6	7	447	1068
RefSeq_NZ_CP043512.1	IncFII	IncFII	142503	4.5.6.7.21.1895	4	5	6	7	21	1895
RefSeq_NZ_CP043583.1	IncFII	IncFII	103693	3.6.7.9.10.1491	3	6	7	9	10	1491
RefSeq_NZ_CP043587.1	IncFII	IncFII	163125	4.5.6.7.11.1370	4	5	6	7	11	1370
RefSeq_NZ_CP043589.1	IncFII	IncFII	99510	4.5.6.7.21.1253	4	5	6	7	21	1253
RefSeq_NZ_CP043774.1	IncFII	IncFII	55361	4.5.6.7.11.1000	4	5	6	7	11	1000
RefSeq_NZ_CP043860.1	IncFII	IncFII	213248	4.5.6.7.7.65	4	5	6	7	7	65
RefSeq_NZ_CP043905.1	IncFII	IncFII	93830	4.5.6.7.11.1051	4	5	6	7	11	1051
RefSeq_NZ_CP043936.1	IncFII	IncFII	82768	4.5.6.7.7.1899	4	5	6	7	7	1899
RefSeq_NZ_CP043970.1	IncFII	IncFII	208462	4.5.6.7.7.48	4	5	6	7	7	48
RefSeq_NZ_CP043971.1	IncFII	IncFII	113639	4.5.6.7.11.49	4	5	6	7	11	49
RefSeq_NZ_CP044035.1	IncFII	IncFII	114306	4.5.6.8.451.1090	4	5	6	8	451	1090
RefSeq_NZ_CP044038.1	IncFII	IncFII	77529	4.5.6.7.9.1900	4	5	6	7	9	1900
RefSeq_NZ_CP044043.1	IncFII	IncFII	72634	4.5.6.7.11.1901	4	5	6	7	11	1901
RefSeq_NZ_CP044045.1	IncFII	IncFII	138560	4.5.6.7.7.1902	4	5	6	7	7	1902
RefSeq_NZ_CP044049.1	IncFII	IncFII	213613	3.6.7.9.14.1903	3	6	7	9	14	1903
RefSeq_NZ_CP044100.1	IncFII	IncFII	116365	4.5.6.7.21.1484	4	5	6	7	21	1484
RefSeq_NZ_CP044149.1	IncFII	IncFII	74819	3.6.7.9.10.1904	3	6	7	9	10	1904
RefSeq_NZ_CP044156.1	IncFII	IncFII	79831	3.6.7.9.10.1906	3	6	7	9	10	1906
RefSeq_NZ_CP044259.1	IncFII	IncFII	144422	4.5.6.7.21.1908	4	5	6	7	21	1908
RefSeq_NZ_CP044404.1	IncFII	IncFII	114329	3.6.7.9.10.1909	3	6	7	9	10	1909
RefSeq_NZ_CP044440.1	IncFII	IncFII	83958	4.5.6.7.9.1911	4	5	6	7	9	1911
RefSeq_NZ_CP044528.1	IncFII	IncFII	133593	4.5.6.7.7.1912	4	5	6	7	7	1912
RefSeq_NZ_CP044529.1	IncFII	IncFII	100742	4.5.6.7.11.1913	4	5	6	7	11	1913
RefSeq_NZ_CP044959.1	IncFII	IncFII	93838	4.5.6.7.11.1051	4	5	6	7	11	1051
RefSeq_NZ_CP044969.1	IncFII	IncFII	93724	4.5.6.7.9.1002	4	5	6	7	9	1002
RefSeq_NZ_CP045053.1	IncFII	IncFII	26060	3.6.7.251.516.1914	3	6	7	251	516	1914
RefSeq_NZ_CP045057.1	IncFII	IncFII	26057	3.6.7.251.516.1914	3	6	7	251	516	1914
RefSeq_NZ_CP045060.1	IncFII	IncFII	26056	3.6.7.251.516.1914	3	6	7	251	516	1914
RefSeq_NZ_CP045147.1	IncFII	IncFII	70303	3.4.8.11.431.1005	3	4	8	11	431	1005
RefSeq_NZ_CP045151.1	IncFII	IncFII	68343	3.4.8.11.431.1005	3	4	8	11	431	1005
RefSeq_NZ_CP045156.1	IncFII	IncFII	68554	3.4.8.11.431.1005	3	4	8	11	431	1005
RefSeq_NZ_CP045160.1	IncFII	IncFII	70503	3.4.8.11.431.1005	3	4	8	11	431	1005
RefSeq_NZ_CP045219.1	IncFII	IncFII	30054	3.6.7.10.471.1915	3	6	7	10	471	1915
RefSeq_NZ_CP045251.1	IncFII	IncFII	99017	4.5.6.59.517.1916	4	5	6	59	517	1916
RefSeq_NZ_CP045260.1	IncFII	IncFII	68252	3.4.8.11.431.1005	3	4	8	11	431	1005
RefSeq_NZ_CP045264.1	IncFII	IncFII	129252	4.5.6.7.21.1583	4	5	6	7	21	1583
RefSeq_NZ_CP045279.1	IncFII	IncFII	82182	3.6.7.9.10.1918	3	6	7	9	10	1918
RefSeq_NZ_CP045313.1	IncFII	IncFII	109848	4.5.6.7.7.1305	4	5	6	7	7	1305
RefSeq_NZ_CP045463.1	IncFII	IncFII	48530	3.6.21.252.518.1919	3	6	21	252	518	1919
RefSeq_NZ_CP045512.1	IncFII	IncFII	48530	3.6.21.252.518.1919	3	6	21	252	518	1919
RefSeq_NZ_CP045636.1	IncFII	IncFII	68539	3.4.8.11.431.1005	3	4	8	11	431	1005
RefSeq_NZ_CP045676.1	IncFII	IncFII	146858	3.6.7.9.200.1920	3	6	7	9	200	1920
RefSeq_NZ_CP045691.1	IncFII	IncFII	130329	4.5.6.7.21.1921	4	5	6	7	21	1921
RefSeq_NZ_CP045693.1	IncFII	IncFII	30122	3.6.7.10.471.1922	3	6	7	10	471	1922
RefSeq_NZ_CP045752.1	IncFII	IncFII	81815	3.6.7.66.91.1816	3	6	7	66	91	1816
RefSeq_NZ_CP045755.1	IncFII	IncFII	81815	3.6.7.9.10.1095	3	6	7	9	10	1095
RefSeq_NZ_CP045758.1	IncFII	IncFII	81815	3.6.7.66.91.1816	3	6	7	66	91	1816
RefSeq_NZ_CP045760.1	IncFII	IncFII	81815	3.6.7.9.10.1095	3	6	7	9	10	1095
RefSeq_NZ_CP045770.1	IncFII	IncFII	98844	4.5.6.7.21.1924	4	5	6	7	21	1924
RefSeq_NZ_CP045934.1	IncFII	IncFII	80987	4.5.6.7.9.1926	4	5	6	7	9	1926
RefSeq_NZ_CP045943.1	IncFII	IncFII	83548	4.5.6.7.9.1927	4	5	6	7	9	1927
RefSeq_NZ_CP045950.1	IncFII	IncFII	93865	4.5.6.7.11.1051	4	5	6	7	11	1051
RefSeq_NZ_CP045976.1	IncFII	IncFII	94640	3.6.7.9.181.1117	3	6	7	9	181	1117
RefSeq_NZ_CP045989.1	IncFII	IncFII	106446	4.5.6.7.7.1658	4	5	6	7	7	1658
RefSeq_NZ_CP045990.1	IncFII	IncFII	144645	3.6.7.9.10.1928	3	6	7	9	10	1928
RefSeq_NZ_CP045991.1	IncFII	IncFII	180568	4.5.6.7.7.1193	4	5	6	7	7	1193
RefSeq_NZ_CP046117.1	IncFII	IncFII	75044	4.5.6.7.9.1930	4	5	6	7	9	1930
RefSeq_NZ_CP046273.1	IncFII	IncFII	67220	3.6.7.9.10.1932	3	6	7	9	10	1932
RefSeq_NZ_CP046282.1	IncFII	IncFII	94642	4.5.6.7.11.1051	4	5	6	7	11	1051
RefSeq_NZ_CP046347.1	IncFII	IncFII	116365	4.5.6.7.21.1484	4	5	6	7	21	1484
RefSeq_NZ_CP046382.1	IncFII	IncFII	204070	3.6.7.9.10.1328	3	6	7	9	10	1328
RefSeq_NZ_CP046526.1	IncFII	IncFII	98304	3.6.7.66.440.1026	3	6	7	66	440	1026
RefSeq_NZ_CP046646.1	IncFII	IncFII	162487	4.5.6.7.7.1933	4	5	6	7	7	1933
RefSeq_NZ_CP046647.1	IncFII	IncFII	154760	4.5.6.7.21.1934	4	5	6	7	21	1934
RefSeq_NZ_CP046940.1	IncFII	IncFII	153682	3.6.7.9.90.1936	3	6	7	9	90	1936
RefSeq_NZ_CP046943.1	IncFII	IncFII	39437	4.5.6.18.460.1937	4	5	6	18	460	1937
RefSeq_NZ_CP046950.1	IncFII	IncFII	204047	3.6.7.9.10.1328	3	6	7	9	10	1328
RefSeq_NZ_CP046963.1	IncFII	IncFII	152833	4.5.6.7.7.1617	4	5	6	7	7	1617
RefSeq_NZ_CP047011.1	IncFII	IncFII	161471	3.6.7.9.10.1939	3	6	7	9	10	1939
RefSeq_NZ_CP047161.1	IncFII	IncFII	127240	4.5.6.7.21.1941	4	5	6	7	21	1941
RefSeq_NZ_CP047194.1	IncFII	IncFII	142228	4.5.6.7.11.1544	4	5	6	7	11	1544
RefSeq_NZ_CP047195.1	IncFII	IncFII	87117	4.5.6.7.30.1398	4	5	6	7	30	1398
RefSeq_NZ_CP047309.1	IncFII	IncFII	73749	4.5.6.7.7.1943	4	5	6	7	7	1943
RefSeq_NZ_CP047324.1	IncFII	IncFII	93832	4.5.6.7.9.1002	4	5	6	7	9	1002
RefSeq_NZ_CP047337.1	IncFII	IncFII	345655	4.5.6.7.7.1944	4	5	6	7	7	1944
RefSeq_NZ_CP047406.1	IncFII	IncFII	142890	4.5.6.7.7.1021	4	5	6	7	7	1021
RefSeq_NZ_CP047573.1	IncFII	IncFII	113013	4.5.6.7.20.1949	4	5	6	7	20	1949
RefSeq_NZ_CP047601.1	IncFII	IncFII	158248	3.6.7.9.14.1432	3	6	7	9	14	1432
RefSeq_NZ_CP047635.1	IncFII	IncFII	138314	3.6.7.9.10.1951	3	6	7	9	10	1951
RefSeq_NZ_CP047637.1	IncFII	IncFII	70729	4.5.6.7.9.674	4	5	6	7	9	674
RefSeq_NZ_CP047680.1	IncFII	IncFII	94056	4.5.6.7.11.1050	4	5	6	7	11	1050
RefSeq_NZ_CP047683.1	IncFII	IncFII	103175	4.5.6.7.11.1952	4	5	6	7	11	1952
RefSeq_NZ_CP047686.1	IncFII	IncFII	103167	4.5.6.7.11.1952	4	5	6	7	11	1952
RefSeq_NZ_CP047689.1	IncFII	IncFII	103167	4.5.6.7.11.1952	4	5	6	7	11	1952
RefSeq_NZ_CP047692.1	IncFII	IncFII	103167	4.5.6.7.11.1952	4	5	6	7	11	1952
RefSeq_NZ_CP047702.1	IncFII	IncFII	192765	3.6.7.9.10.1685	3	6	7	9	10	1685
RefSeq_NZ_CP047713.1	IncFII	IncFII	68886	4.5.6.73.103.1211	4	5	6	73	103	1211
RefSeq_NZ_CP047730.1	IncFII	IncFII	310659	3.4.8.11.13.17	3	4	8	11	13	17
RefSeq_NZ_CP047743.1	IncFII	IncFII	105247	4.5.6.7.21.1955	4	5	6	7	21	1955
RefSeq_NZ_CP047758.1	IncFII	IncFII	105247	4.5.6.7.21.1955	4	5	6	7	21	1955
RefSeq_NZ_CP047766.1	IncFII	IncFII	178304	4.5.6.7.7.1957	4	5	6	7	7	1957
RefSeq_NZ_CP047767.1	IncFII	IncFII	8951	4.5.87.253.519.1958	4	5	87	253	519	1958
RefSeq_NZ_CP047769.1	IncFII	IncFII	3371	4.5.88.254.520.1959	4	5	88	254	520	1959
RefSeq_NZ_CP047770.1	IncFII	IncFII	3193	4.5.89.255.521.1960	4	5	89	255	521	1960
RefSeq_NZ_CP047771.1	IncFII	IncFII	2656	4.5.61.256.522.1961	4	5	61	256	522	1961
RefSeq_NZ_CP047772.1	IncFII	IncFII	2592	4.5.90.257.523.1962	4	5	90	257	523	1962
RefSeq_NZ_CP048011.1	IncFII	IncFII	76937	3.6.7.9.10.1449	3	6	7	9	10	1449
RefSeq_NZ_CP048112.1	IncFII	IncFII	23848	3.6.7.232.454.1963	3	6	7	232	454	1963
RefSeq_NZ_CP048331.1	IncFII	IncFII	129675	4.5.6.7.11.1964	4	5	6	7	11	1964
RefSeq_NZ_CP048338.1	IncFII	IncFII	155486	4.5.6.7.7.1965	4	5	6	7	7	1965
RefSeq_NZ_CP048345.1	IncFII	IncFII	97111	3.6.7.9.10.1966	3	6	7	9	10	1966
RefSeq_NZ_CP048377.1	IncFII	IncFII	86996	3.6.7.9.10.1968	3	6	7	9	10	1968
RefSeq_NZ_CP048779.1	IncFII	IncFII	184553	3.6.7.9.10.1685	3	6	7	9	10	1685
RefSeq_NZ_CP048780.1	IncFII	IncFII	153286	4.5.6.7.21.1934	4	5	6	7	21	1934
RefSeq_NZ_CP048802.1	IncFII	IncFII	141806	3.6.7.9.10.1971	3	6	7	9	10	1971
RefSeq_NZ_CP048916.1	IncFII	IncFII	111334	4.5.6.7.11.1192	4	5	6	7	11	1192
RefSeq_NZ_CP049079.2	IncFII	IncFII	180962	4.5.6.7.7.1530	4	5	6	7	7	1530
RefSeq_NZ_CP049102.1	IncFII	IncFII	168051	3.6.7.9.10.142	3	6	7	9	10	142
RefSeq_NZ_CP049351.1	IncFII	IncFII	68949	3.6.7.9.10.1974	3	6	7	9	10	1974
RefSeq_NZ_CP049601.1	IncFII	IncFII	119990	4.5.6.7.21.58	4	5	6	7	21	58
RefSeq_NZ_CP049717.1	IncFII	IncFII	190737	4.5.6.7.7.48	4	5	6	7	7	48
RefSeq_NZ_CP049720.1	IncFII	IncFII	204699	4.5.6.7.7.28	4	5	6	7	7	28
RefSeq_NZ_CP049840.1	IncFII	IncFII	91528	4.5.6.7.11.1189	4	5	6	7	11	1189
RefSeq_NZ_CP049848.1	IncFII	IncFII	68488	4.5.6.73.103.633	4	5	6	73	103	633
RefSeq_NZ_CP049853.1	IncFII	IncFII	102591	4.5.6.7.11.1975	4	5	6	7	11	1975
RefSeq_NZ_CP050155.1	IncFII	IncFII	130570	4.5.6.7.21.321	4	5	6	7	21	321
RefSeq_NZ_CP050168.1	IncFII	IncFII	117347	4.5.6.7.11.49	4	5	6	7	11	49
RefSeq_NZ_CP050169.1	IncFII	IncFII	106903	4.5.6.7.11.1983	4	5	6	7	11	1983
RefSeq_NZ_CP050170.1	IncFII	IncFII	153935	4.5.6.7.11.1984	4	5	6	7	11	1984
RefSeq_NZ_CP050337.1	IncFII	IncFII	238333	4.5.6.7.7.1200	4	5	6	7	7	1200
RefSeq_NZ_CP050339.1	IncFII	IncFII	86253	4.5.6.7.21.1986	4	5	6	7	21	1986
RefSeq_NZ_CP050343.1	IncFII	IncFII	205940	3.6.7.9.10.1153	3	6	7	9	10	1153
RefSeq_NZ_CP050345.1	IncFII	IncFII	91097	4.5.6.7.21.1986	4	5	6	7	21	1986
RefSeq_NZ_CP050349.1	IncFII	IncFII	220761	3.6.7.9.10.1795	3	6	7	9	10	1795
RefSeq_NZ_CP050351.1	IncFII	IncFII	91502	4.5.6.7.11.1987	4	5	6	7	11	1987
RefSeq_NZ_CP050355.1	IncFII	IncFII	239469	4.5.6.7.7.1200	4	5	6	7	7	1200
RefSeq_NZ_CP050357.1	IncFII	IncFII	91097	4.5.6.7.21.1986	4	5	6	7	21	1986
RefSeq_NZ_CP050361.1	IncFII	IncFII	107451	4.5.6.7.7.1471	4	5	6	7	7	1471
RefSeq_NZ_CP050373.1	IncFII	IncFII	127925	4.5.6.7.7.1988	4	5	6	7	7	1988
RefSeq_NZ_CP050374.1	IncFII	IncFII	193462	4.5.6.7.20.1989	4	5	6	7	20	1989
RefSeq_NZ_CP050379.1	IncFII	IncFII	225540	4.5.6.7.7.1103	4	5	6	7	7	1103
RefSeq_NZ_CP050682.1	IncFII	IncFII	144371	3.6.7.9.10.1202	3	6	7	9	10	1202
RefSeq_NZ_CP050708.1	IncFII	IncFII	59371	4.5.6.7.447.1068	4	5	6	7	447	1068
RefSeq_NZ_CP050711.1	IncFII	IncFII	59372	4.5.6.7.447.1068	4	5	6	7	447	1068
RefSeq_NZ_CP050714.1	IncFII	IncFII	59372	4.5.6.7.447.1068	4	5	6	7	447	1068
RefSeq_NZ_CP050718.1	IncFII	IncFII	59371	4.5.6.7.447.1068	4	5	6	7	447	1068
RefSeq_NZ_CP050722.1	IncFII	IncFII	59372	4.5.6.7.447.1068	4	5	6	7	447	1068
RefSeq_NZ_CP050725.1	IncFII	IncFII	64336	4.5.6.7.11.1992	4	5	6	7	11	1992
RefSeq_NZ_CP050735.1	IncFII	IncFII	150326	3.6.7.9.10.1993	3	6	7	9	10	1993
RefSeq_NZ_CP050736.1	IncFII	IncFII	110163	4.5.6.7.9.1994	4	5	6	7	9	1994
RefSeq_NZ_CP050770.1	IncFII	IncFII	145548	4.5.6.7.7.1997	4	5	6	7	7	1997
RefSeq_NZ_CP050841.1	IncFII	IncFII	97812	3.6.7.66.91.1999	3	6	7	66	91	1999
RefSeq_NZ_CP050860.1	IncFII	IncFII	242628	3.6.7.9.200.2000	3	6	7	9	200	2000
RefSeq_NZ_CP051268.1	IncFII	IncFII	93798	4.5.6.7.9.1002	4	5	6	7	9	1002
RefSeq_NZ_CP051277.1	IncFII	IncFII	93100	4.5.6.7.11.1051	4	5	6	7	11	1051
RefSeq_NZ_CP051281.1	IncFII	IncFII	99722	4.5.6.7.9.1002	4	5	6	7	9	1002
RefSeq_NZ_CP051287.1	IncFII	IncFII	94272	4.5.6.7.11.1051	4	5	6	7	11	1051
RefSeq_NZ_CP051309.1	IncFII	IncFII	48529	3.6.21.252.518.1919	3	6	21	252	518	1919
RefSeq_NZ_CP051334.1	IncFII	IncFII	48514	3.6.21.252.518.1919	3	6	21	252	518	1919
RefSeq_NZ_CP051364.1	IncFII	IncFII	107602	4.5.6.7.9.1002	4	5	6	7	9	1002
RefSeq_NZ_CP051367.1	IncFII	IncFII	49582	4.5.6.7.11.1000	4	5	6	7	11	1000
RefSeq_NZ_CP051377.1	IncFII	IncFII	94046	4.5.6.7.9.1002	4	5	6	7	9	1002
RefSeq_NZ_CP051385.1	IncFII	IncFII	111658	4.5.6.8.32.2002	4	5	6	8	32	2002
RefSeq_NZ_CP051406.1	IncFII	IncFII	95919	4.5.6.7.9.1002	4	5	6	7	9	1002
RefSeq_NZ_CP051433.1	IncFII	IncFII	96595	3.6.7.66.91.2005	3	6	7	66	91	2005
RefSeq_NZ_CP051491.1	IncFII	IncFII	222864	4.5.6.7.7.1200	4	5	6	7	7	1200
RefSeq_NZ_CP051492.1	IncFII	IncFII	225763	4.5.6.7.11.1083	4	5	6	7	11	1083
RefSeq_NZ_CP051610.1	IncFII	IncFII	113351	4.5.6.7.7.2006	4	5	6	7	7	2006
RefSeq_NZ_CP051616.1	IncFII	IncFII	134872	4.5.6.7.11.1127	4	5	6	7	11	1127
RefSeq_NZ_CP051665.1	IncFII	IncFII	157396	4.5.6.7.7.677	4	5	6	7	7	677
RefSeq_NZ_CP051690.1	IncFII	IncFII	39292	4.5.6.7.11.2007	4	5	6	7	11	2007
RefSeq_NZ_CP051695.1	IncFII	IncFII	105394	4.5.6.7.11.679	4	5	6	7	11	679
RefSeq_NZ_CP051721.1	IncFII	IncFII	65217	3.6.7.9.10.2008	3	6	7	9	10	2008
RefSeq_NZ_CP052762.1	IncFII	IncFII	272742	4.5.6.7.7.1200	4	5	6	7	7	1200
RefSeq_NZ_CP053018.1	IncFII	IncFII	220791	3.6.7.9.200.2011	3	6	7	9	200	2011
RefSeq_NZ_CP053036.1	IncFII	IncFII	248660	4.5.6.7.7.48	4	5	6	7	7	48
RefSeq_NZ_CP053054.1	IncFII	IncFII	94046	4.5.6.7.9.1002	4	5	6	7	9	1002
RefSeq_NZ_CP053253.1	IncFII	IncFII	174260	3.6.7.9.10.2014	3	6	7	9	10	2014
RefSeq_NZ_CP053298.1	IncFII	IncFII	119964	3.6.7.9.238.2015	3	6	7	9	238	2015
RefSeq_NZ_CP053359.1	IncFII	IncFII	184664	3.6.7.9.10.1685	3	6	7	9	10	1685
RefSeq_NZ_CP053360.1	IncFII	IncFII	153286	4.5.6.7.21.1934	4	5	6	7	21	1934
RefSeq_NZ_CP053365.1	IncFII	IncFII	329160	3.6.7.48.65.2016	3	6	7	48	65	2016
RefSeq_NZ_CP053648.1	IncFII	IncFII	79223	3.6.7.9.10.1708	3	6	7	9	10	1708
RefSeq_NZ_CP053663.1	IncFII	IncFII	340412	3.6.7.9.90.2017	3	6	7	9	90	2017
RefSeq_NZ_CP053696.1	IncFII	IncFII	79223	3.6.7.9.10.1708	3	6	7	9	10	1708
RefSeq_NZ_CP053755.1	IncFII	IncFII	80217	3.6.7.9.10.1906	3	6	7	9	10	1906
RefSeq_NZ_CP053767.1	IncFII	IncFII	211810	4.5.6.7.7.48	4	5	6	7	7	48
RefSeq_NZ_CP053866.1	IncFII	IncFII	93842	4.5.6.7.11.1051	4	5	6	7	11	1051
RefSeq_NZ_CP053871.1	IncFII	IncFII	95180	4.5.6.7.11.1051	4	5	6	7	11	1051
RefSeq_NZ_CP054165.1	IncFII	IncFII	68411	4.5.6.7.11.366	4	5	6	7	11	366
RefSeq_NZ_CP054166.1	IncFII	IncFII	165243	3.6.7.9.10.21	3	6	7	9	10	21
RefSeq_NZ_CP054215.1	IncFII	IncFII	89178	4.5.6.7.11.1975	4	5	6	7	11	1975
RefSeq_NZ_CP054220.1	IncFII	IncFII	128954	3.6.7.9.10.1274	3	6	7	9	10	1274
RefSeq_NZ_CP054237.1	IncFII	IncFII	131660	4.5.6.7.11.2018	4	5	6	7	11	2018
RefSeq_NZ_CP054255.1	IncFII	IncFII	110148	3.6.7.9.10.2019	3	6	7	9	10	2019
RefSeq_NZ_CP054265.1	IncFII	IncFII	168717	4.5.6.7.7.2020	4	5	6	7	7	2020
RefSeq_NZ_CP054266.1	IncFII	IncFII	89626	4.5.6.7.21.1498	4	5	6	7	21	1498
RefSeq_NZ_CP054271.1	IncFII	IncFII	180641	4.5.6.7.7.1302	4	5	6	7	7	1302
RefSeq_NZ_CP054279.1	IncFII	IncFII	140764	4.5.6.7.20.2022	4	5	6	7	20	2022
RefSeq_NZ_CP054280.1	IncFII	IncFII	109094	4.5.6.7.7.2023	4	5	6	7	7	2023
RefSeq_NZ_CP054287.1	IncFII	IncFII	156980	3.6.7.9.10.2024	3	6	7	9	10	2024
RefSeq_NZ_CP054291.1	IncFII	IncFII	156883	3.6.7.9.10.2024	3	6	7	9	10	2024
RefSeq_NZ_CP054304.1	IncFII	IncFII	216803	4.5.6.7.7.48	4	5	6	7	7	48
RefSeq_NZ_CP054355.1	IncFII	IncFII	78886	3.6.7.9.10.2025	3	6	7	9	10	2025
RefSeq_NZ_CP054364.1	IncFII	IncFII	126498	3.6.7.9.14.2026	3	6	7	9	14	2026
RefSeq_NZ_CP054373.1	IncFII	IncFII	74727	3.6.7.9.10.2027	3	6	7	9	10	2027
RefSeq_NZ_CP054414.1	IncFII	IncFII	88052	4.5.6.7.11.1872	4	5	6	7	11	1872
RefSeq_NZ_CP054487.1	IncFII	IncFII	265010	4.5.6.7.7.48	4	5	6	7	7	48
RefSeq_NZ_CP054489.1	IncFII	IncFII	133378	3.6.7.9.286.2029	3	6	7	9	286	2029
RefSeq_NZ_CP054722.1	IncFII	IncFII	133772	4.5.6.7.7.937	4	5	6	7	7	937
RefSeq_NZ_CP054723.1	IncFII	IncFII	87095	4.5.6.7.21.1149	4	5	6	7	21	1149
RefSeq_NZ_CP054728.1	IncFII	IncFII	133772	4.5.6.7.7.937	4	5	6	7	7	937
RefSeq_NZ_CP054729.1	IncFII	IncFII	87095	4.5.6.7.21.1149	4	5	6	7	21	1149
RefSeq_NZ_CP054734.1	IncFII	IncFII	123177	4.5.6.7.21.2030	4	5	6	7	21	2030
RefSeq_NZ_CP054735.1	IncFII	IncFII	87095	4.5.6.7.30.1398	4	5	6	7	30	1398
RefSeq_NZ_CP054740.1	IncFII	IncFII	123177	4.5.6.7.21.2030	4	5	6	7	21	2030
RefSeq_NZ_CP054741.1	IncFII	IncFII	87095	4.5.6.7.30.1398	4	5	6	7	30	1398
RefSeq_NZ_CP054746.1	IncFII	IncFII	133772	4.5.6.7.7.937	4	5	6	7	7	937
RefSeq_NZ_CP054747.1	IncFII	IncFII	87095	4.5.6.7.21.1149	4	5	6	7	21	1149
RefSeq_NZ_CP054752.1	IncFII	IncFII	133772	4.5.6.7.7.937	4	5	6	7	7	937
RefSeq_NZ_CP054753.1	IncFII	IncFII	87095	4.5.6.7.21.1149	4	5	6	7	21	1149
RefSeq_NZ_CP054758.1	IncFII	IncFII	123177	4.5.6.7.21.2030	4	5	6	7	21	2030
RefSeq_NZ_CP054759.1	IncFII	IncFII	87095	4.5.6.7.21.1149	4	5	6	7	21	1149
RefSeq_NZ_CP054764.1	IncFII	IncFII	133772	4.5.6.7.7.937	4	5	6	7	7	937
RefSeq_NZ_CP054765.1	IncFII	IncFII	87095	4.5.6.7.30.1398	4	5	6	7	30	1398
RefSeq_NZ_CP054770.1	IncFII	IncFII	133772	4.5.6.7.7.937	4	5	6	7	7	937
RefSeq_NZ_CP054771.1	IncFII	IncFII	87095	4.5.6.7.21.1149	4	5	6	7	21	1149
RefSeq_NZ_CP054776.1	IncFII	IncFII	133772	4.5.6.7.7.937	4	5	6	7	7	937
RefSeq_NZ_CP054777.1	IncFII	IncFII	87095	4.5.6.7.30.1398	4	5	6	7	30	1398
RefSeq_NZ_CP054782.1	IncFII	IncFII	133771	4.5.6.7.7.937	4	5	6	7	7	937
RefSeq_NZ_CP054783.1	IncFII	IncFII	87095	4.5.6.7.21.1149	4	5	6	7	21	1149
RefSeq_NZ_CP054941.1	IncFII	IncFII	142890	4.5.6.7.7.1021	4	5	6	7	7	1021
RefSeq_NZ_CP054966.1	IncFII	IncFII	87961	4.5.6.7.11.2031	4	5	6	7	11	2031
RefSeq_NZ_CP054969.1	IncFII	IncFII	137932	4.5.6.7.11.1083	4	5	6	7	11	1083
RefSeq_NZ_CP054973.1	IncFII	IncFII	140582	4.5.6.7.7.1658	4	5	6	7	7	1658
RefSeq_NZ_CP054974.1	IncFII	IncFII	120564	3.6.7.9.10.2019	3	6	7	9	10	2019
RefSeq_NZ_CP054979.1	IncFII	IncFII	157162	3.6.7.9.10.142	3	6	7	9	10	142
RefSeq_NZ_CP054985.1	IncFII	IncFII	221140	3.6.7.9.10.2032	3	6	7	9	10	2032
RefSeq_NZ_CP054986.1	IncFII	IncFII	121235	4.5.6.7.7.1658	4	5	6	7	7	1658
RefSeq_NZ_CP054993.1	IncFII	IncFII	86160	4.5.6.7.9.2033	4	5	6	7	9	2033
RefSeq_NZ_CP054999.1	IncFII	IncFII	91712	4.5.6.7.11.2034	4	5	6	7	11	2034
RefSeq_NZ_CP055006.1	IncFII	IncFII	115763	4.5.6.7.21.2035	4	5	6	7	21	2035
RefSeq_NZ_CP055014.1	IncFII	IncFII	99172	4.5.6.7.21.2037	4	5	6	7	21	2037
RefSeq_NZ_CP055020.1	IncFII	IncFII	154739	4.5.6.7.7.2039	4	5	6	7	7	2039
RefSeq_NZ_CP055038.1	IncFII	IncFII	140589	4.5.6.7.11.1083	4	5	6	7	11	1083
RefSeq_NZ_CP055059.1	IncFII	IncFII	146309	4.5.6.7.11.1083	4	5	6	7	11	1083
RefSeq_NZ_CP055067.1	IncFII	IncFII	181158	4.5.6.7.7.2047	4	5	6	7	7	2047
RefSeq_NZ_CP055076.1	IncFII	IncFII	125787	4.5.6.7.11.679	4	5	6	7	11	679
RefSeq_NZ_CP055077.1	IncFII	IncFII	69050	4.5.6.73.103.1712	4	5	6	73	103	1712
RefSeq_NZ_CP055097.1	IncFII	IncFII	91928	4.5.6.7.20.1191	4	5	6	7	20	1191
RefSeq_NZ_CP055120.1	IncFII	IncFII	173773	4.5.6.7.7.1193	4	5	6	7	7	1193
RefSeq_NZ_CP055176.1	IncFII	IncFII	136415	4.5.6.7.21.2049	4	5	6	7	21	2049
RefSeq_NZ_CP055200.1	IncFII	IncFII	137403	3.6.7.9.10.1939	3	6	7	9	10	1939
RefSeq_NZ_CP055211.1	IncFII	IncFII	223722	4.5.6.7.7.48	4	5	6	7	7	48
RefSeq_NZ_CP055212.1	IncFII	IncFII	102776	4.5.6.7.9.2051	4	5	6	7	9	2051
RefSeq_NZ_CP055214.1	IncFII	IncFII	160169	4.5.6.7.11.2052	4	5	6	7	11	2052
RefSeq_NZ_CP055217.1	IncFII	IncFII	97587	4.5.6.7.21.2053	4	5	6	7	21	2053
RefSeq_NZ_CP055221.1	IncFII	IncFII	82001	4.5.6.7.21.1149	4	5	6	7	21	1149
RefSeq_NZ_CP055248.1	IncFII	IncFII	89672	4.5.6.7.9.2054	4	5	6	7	9	2054
RefSeq_NZ_CP055254.1	IncFII	IncFII	71937	4.5.6.7.9.1930	4	5	6	7	9	1930
RefSeq_NZ_CP055296.1	IncFII	IncFII	133766	4.5.6.7.7.937	4	5	6	7	7	937
RefSeq_NZ_CP055297.1	IncFII	IncFII	87095	4.5.6.7.21.1149	4	5	6	7	21	1149
RefSeq_NZ_CP055311.1	IncFII	IncFII	178153	3.6.7.9.10.2055	3	6	7	9	10	2055
RefSeq_NZ_CP055312.1	IncFII	IncFII	119319	4.5.6.7.21.2056	4	5	6	7	21	2056
RefSeq_NZ_CP055317.1	IncFII	IncFII	151589	4.5.6.7.7.2057	4	5	6	7	7	2057
RefSeq_NZ_CP055327.1	IncFII	IncFII	215915	3.6.7.9.10.2058	3	6	7	9	10	2058
RefSeq_NZ_CP055328.1	IncFII	IncFII	120646	4.5.6.7.21.2059	4	5	6	7	21	2059
RefSeq_NZ_CP055331.1	IncFII	IncFII	180534	4.5.6.7.7.2060	4	5	6	7	7	2060
RefSeq_NZ_CP055332.1	IncFII	IncFII	144822	4.5.6.7.21.2061	4	5	6	7	21	2061
RefSeq_NZ_CP055367.1	IncFII	IncFII	103996	4.5.6.7.21.2062	4	5	6	7	21	2062
RefSeq_NZ_CP055405.1	IncFII	IncFII	110576	4.5.6.7.7.2063	4	5	6	7	7	2063
RefSeq_NZ_CP055452.1	IncFII	IncFII	244871	4.5.6.7.7.2064	4	5	6	7	7	2064
RefSeq_NZ_CP055483.1	IncFII	IncFII	115642	3.6.7.9.200.2065	3	6	7	9	200	2065
RefSeq_NZ_CP055484.1	IncFII	IncFII	82064	4.5.6.7.21.2066	4	5	6	7	21	2066
RefSeq_NZ_CP055510.1	IncFII	IncFII	333723	4.5.6.7.7.65	4	5	6	7	7	65
RefSeq_NZ_CP055512.1	IncFII	IncFII	95633	4.5.6.7.21.2067	4	5	6	7	21	2067
RefSeq_NZ_CP055513.1	IncFII	IncFII	35237	3.6.7.9.28.2068	3	6	7	9	28	2068
RefSeq_NZ_CP055519.1	IncFII	IncFII	115594	4.5.6.7.7.2069	4	5	6	7	7	2069
RefSeq_NZ_CP055520.1	IncFII	IncFII	112388	4.5.6.7.21.2070	4	5	6	7	21	2070
RefSeq_NZ_CP055521.1	IncFII	IncFII	71963	4.5.6.73.503.2071	4	5	6	73	503	2071
RefSeq_NZ_CP055522.1	IncFII	IncFII	45242	4.5.6.59.472.2072	4	5	6	59	472	2072
RefSeq_NZ_CP055554.1	IncFII	IncFII	219500	4.5.6.7.7.2073	4	5	6	7	7	2073
RefSeq_NZ_CP055556.1	IncFII	IncFII	110973	4.5.6.7.21.2074	4	5	6	7	21	2074
RefSeq_NZ_CP055594.1	IncFII	IncFII	116760	4.5.6.7.21.2075	4	5	6	7	21	2075
RefSeq_NZ_CP055908.1	IncFII	IncFII	109959	3.6.7.9.200.2077	3	6	7	9	200	2077
RefSeq_NZ_CP055986.1	IncFII	IncFII	206301	3.6.7.9.10.2078	3	6	7	9	10	2078
RefSeq_NZ_CP055992.1	IncFII	IncFII	194765	4.5.6.7.7.2079	4	5	6	7	7	2079
RefSeq_NZ_CP055996.1	IncFII	IncFII	106314	3.6.7.9.14.2080	3	6	7	9	14	2080
RefSeq_NZ_CP056037.1	IncFII	IncFII	122881	3.6.7.9.10.2081	3	6	7	9	10	2081
RefSeq_NZ_CP056115.1	IncFII	IncFII	128537	4.5.6.7.21.1420	4	5	6	7	21	1420
RefSeq_NZ_CP056138.1	IncFII	IncFII	166165	4.5.6.7.21.2085	4	5	6	7	21	2085
RefSeq_NZ_CP056141.1	IncFII	IncFII	92475	4.5.6.7.21.2086	4	5	6	7	21	2086
RefSeq_NZ_CP056169.1	IncFII	IncFII	197969	4.5.6.7.20.2087	4	5	6	7	20	2087
RefSeq_NZ_CP056192.1	IncFII	IncFII	246880	4.5.6.7.7.48	4	5	6	7	7	48
RefSeq_NZ_CP056194.1	IncFII	IncFII	70240	4.5.6.7.21.2088	4	5	6	7	21	2088
RefSeq_NZ_CP056217.1	IncFII	IncFII	144961	4.5.6.7.7.2089	4	5	6	7	7	2089
RefSeq_NZ_CP056252.1	IncFII	IncFII	155385	4.5.6.7.21.2090	4	5	6	7	21	2090
RefSeq_NZ_CP056302.1	IncFII	IncFII	267374	4.5.6.7.20.2091	4	5	6	7	20	2091
RefSeq_NZ_CP056308.1	IncFII	IncFII	232875	4.5.6.7.7.1944	4	5	6	7	7	1944
RefSeq_NZ_CP056310.1	IncFII	IncFII	97542	4.5.6.7.21.2067	4	5	6	7	21	2067
RefSeq_NZ_CP056311.1	IncFII	IncFII	36438	3.6.7.9.28.2068	3	6	7	9	28	2068
RefSeq_NZ_CP056373.1	IncFII	IncFII	193688	3.6.7.9.10.2092	3	6	7	9	10	2092
RefSeq_NZ_CP056374.1	IncFII	IncFII	171701	4.5.6.7.11.2093	4	5	6	7	11	2093
RefSeq_NZ_CP056386.1	IncFII	IncFII	252882	4.5.6.7.7.48	4	5	6	7	7	48
RefSeq_NZ_CP056394.1	IncFII	IncFII	89835	4.5.6.7.21.2094	4	5	6	7	21	2094
RefSeq_NZ_CP056400.1	IncFII	IncFII	179403	4.5.6.7.7.2095	4	5	6	7	7	2095
RefSeq_NZ_CP056410.1	IncFII	IncFII	145381	4.5.6.7.20.2096	4	5	6	7	20	2096
RefSeq_NZ_CP056426.1	IncFII	IncFII	220501	4.5.6.7.7.1614	4	5	6	7	7	1614
RefSeq_NZ_CP056427.1	IncFII	IncFII	82555	4.5.6.7.20.2097	4	5	6	7	20	2097
RefSeq_NZ_CP056428.1	IncFII	IncFII	25549	3.6.7.10.471.2098	3	6	7	10	471	2098
RefSeq_NZ_CP056434.1	IncFII	IncFII	137885	4.5.6.7.21.2099	4	5	6	7	21	2099
RefSeq_NZ_CP056435.1	IncFII	IncFII	136301	4.5.6.7.11.2100	4	5	6	7	11	2100
RefSeq_NZ_CP056452.1	IncFII	IncFII	107190	4.5.6.7.7.2101	4	5	6	7	7	2101
RefSeq_NZ_CP056456.1	IncFII	IncFII	111966	4.5.6.7.7.1305	4	5	6	7	7	1305
RefSeq_NZ_CP056486.1	IncFII	IncFII	115642	3.6.7.9.200.2065	3	6	7	9	200	2065
RefSeq_NZ_CP056506.1	IncFII	IncFII	142000	3.6.7.9.14.2102	3	6	7	9	14	2102
RefSeq_NZ_CP056531.1	IncFII	IncFII	224837	4.5.6.7.7.1455	4	5	6	7	7	1455
RefSeq_NZ_CP056532.1	IncFII	IncFII	111220	4.5.6.7.21.2103	4	5	6	7	21	2103
RefSeq_NZ_CP056533.1	IncFII	IncFII	74689	4.5.6.7.21.1334	4	5	6	7	21	1334
RefSeq_NZ_CP056547.1	IncFII	IncFII	119062	4.5.6.7.21.2104	4	5	6	7	21	2104
RefSeq_NZ_CP056553.1	IncFII	IncFII	163659	4.5.6.7.7.1535	4	5	6	7	7	1535
RefSeq_NZ_CP056588.1	IncFII	IncFII	84673	4.5.6.7.21.2105	4	5	6	7	21	2105
RefSeq_NZ_CP056593.1	IncFII	IncFII	54483	3.6.7.9.10.2107	3	6	7	9	10	2107
RefSeq_NZ_CP056596.1	IncFII	IncFII	76228	3.6.7.9.200.2108	3	6	7	9	200	2108
RefSeq_NZ_CP056624.1	IncFII	IncFII	152768	4.5.6.7.21.2109	4	5	6	7	21	2109
RefSeq_NZ_CP056665.1	IncFII	IncFII	83283	4.5.6.7.7.2110	4	5	6	7	7	2110
RefSeq_NZ_CP056677.1	IncFII	IncFII	93159	4.5.6.7.7.1305	4	5	6	7	7	1305
RefSeq_NZ_CP056684.1	IncFII	IncFII	134986	4.5.6.7.7.2111	4	5	6	7	7	2111
RefSeq_NZ_CP056686.1	IncFII	IncFII	113484	4.5.6.7.21.2056	4	5	6	7	21	2056
RefSeq_NZ_CP056687.1	IncFII	IncFII	76134	3.6.7.9.14.2112	3	6	7	9	14	2112
RefSeq_NZ_CP056688.1	IncFII	IncFII	75825	4.5.6.7.21.1334	4	5	6	7	21	1334
RefSeq_NZ_CP056692.1	IncFII	IncFII	109281	4.5.6.7.7.1305	4	5	6	7	7	1305
RefSeq_NZ_CP056702.1	IncFII	IncFII	144021	4.5.6.7.11.2114	4	5	6	7	11	2114
RefSeq_NZ_CP056703.1	IncFII	IncFII	133995	4.5.6.7.7.2115	4	5	6	7	7	2115
RefSeq_NZ_CP056708.1	IncFII	IncFII	140774	4.5.6.7.30.2116	4	5	6	7	30	2116
RefSeq_NZ_CP056718.1	IncFII	IncFII	128953	3.6.7.66.91.2117	3	6	7	66	91	2117
RefSeq_NZ_CP056721.1	IncFII	IncFII	118204	4.5.6.7.7.1305	4	5	6	7	7	1305
RefSeq_NZ_CP056728.1	IncFII	IncFII	96235	4.5.6.7.7.2110	4	5	6	7	7	2110
RefSeq_NZ_CP056739.1	IncFII	IncFII	100493	4.5.6.7.21.2118	4	5	6	7	21	2118
RefSeq_NZ_CP056748.1	IncFII	IncFII	96779	4.5.6.7.21.2119	4	5	6	7	21	2119
RefSeq_NZ_CP056761.1	IncFII	IncFII	156264	4.5.6.7.7.2120	4	5	6	7	7	2120
RefSeq_NZ_CP056762.1	IncFII	IncFII	98663	4.5.6.7.21.2121	4	5	6	7	21	2121
RefSeq_NZ_CP056777.1	IncFII	IncFII	199561	4.5.6.7.7.235	4	5	6	7	7	235
RefSeq_NZ_CP056829.1	IncFII	IncFII	100873	4.5.6.7.21.1691	4	5	6	7	21	1691
RefSeq_NZ_CP056835.1	IncFII	IncFII	167459	4.5.6.7.20.2122	4	5	6	7	20	2122
RefSeq_NZ_CP056853.1	IncFII	IncFII	177615	3.6.7.9.14.2102	3	6	7	9	14	2102
RefSeq_NZ_CP056855.1	IncFII	IncFII	188591	4.5.6.7.7.2123	4	5	6	7	7	2123
RefSeq_NZ_CP056879.1	IncFII	IncFII	199477	4.5.6.7.7.48	4	5	6	7	7	48
RefSeq_NZ_CP056880.1	IncFII	IncFII	107020	4.5.6.7.21.2125	4	5	6	7	21	2125
RefSeq_NZ_CP056884.1	IncFII	IncFII	198658	4.5.6.7.7.48	4	5	6	7	7	48
RefSeq_NZ_CP056885.1	IncFII	IncFII	107020	4.5.6.7.21.2125	4	5	6	7	21	2125
RefSeq_NZ_CP057036.1	IncFII	IncFII	86316	4.5.6.7.21.2126	4	5	6	7	21	2126
RefSeq_NZ_CP057100.1	IncFII	IncFII	140023	3.6.7.9.10.1848	3	6	7	9	10	1848
RefSeq_NZ_CP057315.1	IncFII	IncFII	147224	3.6.7.9.10.1848	3	6	7	9	10	1848
RefSeq_NZ_CP057723.1	IncFII	IncFII	147522	3.6.7.9.10.1848	3	6	7	9	10	1848
RefSeq_NZ_CP058113.1	IncFII	IncFII	156264	4.5.6.7.7.2120	4	5	6	7	7	2120
RefSeq_NZ_CP058114.1	IncFII	IncFII	98663	4.5.6.7.21.2121	4	5	6	7	21	2121
RefSeq_NZ_CP058121.1	IncFII	IncFII	67562	4.5.6.18.460.2129	4	5	6	18	460	2129
RefSeq_NZ_CP058129.1	IncFII	IncFII	87112	4.5.6.7.7.2110	4	5	6	7	7	2110
RefSeq_NZ_CP058132.1	IncFII	IncFII	199458	4.5.6.7.7.2131	4	5	6	7	7	2131
RefSeq_NZ_CP058147.1	IncFII	IncFII	87112	4.5.6.7.7.2110	4	5	6	7	7	2110
RefSeq_NZ_CP058150.1	IncFII	IncFII	111966	4.5.6.7.7.1305	4	5	6	7	7	1305
RefSeq_NZ_CP058154.1	IncFII	IncFII	113845	4.5.6.7.21.2132	4	5	6	7	21	2132
RefSeq_NZ_CP058158.1	IncFII	IncFII	113610	4.5.6.7.7.1305	4	5	6	7	7	1305
RefSeq_NZ_CP058161.1	IncFII	IncFII	113845	4.5.6.7.21.2132	4	5	6	7	21	2132
RefSeq_NZ_CP058181.1	IncFII	IncFII	133995	4.5.6.7.7.1912	4	5	6	7	7	1912
RefSeq_NZ_CP058182.1	IncFII	IncFII	103340	4.5.6.7.21.2070	4	5	6	7	21	2070
RefSeq_NZ_CP058183.1	IncFII	IncFII	95921	4.5.6.7.21.2133	4	5	6	7	21	2133
RefSeq_NZ_CP058184.1	IncFII	IncFII	67313	4.5.6.18.460.2129	4	5	6	18	460	2129
RefSeq_NZ_CP058192.1	IncFII	IncFII	141272	4.5.6.7.7.1305	4	5	6	7	7	1305
RefSeq_NZ_CP058197.1	IncFII	IncFII	176631	4.5.6.7.7.2134	4	5	6	7	7	2134
RefSeq_NZ_CP058326.1	IncFII	IncFII	205144	4.5.6.7.7.48	4	5	6	7	7	48
RefSeq_NZ_CP058327.1	IncFII	IncFII	120302	4.5.6.7.21.2136	4	5	6	7	21	2136
RefSeq_NZ_CP058359.1	IncFII	IncFII	161606	3.6.7.9.10.1153	3	6	7	9	10	1153
RefSeq_NZ_CP058362.1	IncFII	IncFII	191595	3.6.7.9.10.1685	3	6	7	9	10	1685
RefSeq_NZ_CP058545.1	IncFII	IncFII	104999	4.5.6.7.21.2137	4	5	6	7	21	2137
RefSeq_NZ_CP058550.1	IncFII	IncFII	105000	4.5.6.7.21.2137	4	5	6	7	21	2137
RefSeq_NZ_CP058620.1	IncFII	IncFII	67321	3.6.7.9.10.2138	3	6	7	9	10	2138
RefSeq_NZ_CP058745.1	IncFII	IncFII	102695	4.5.6.7.9.2145	4	5	6	7	9	2145
RefSeq_NZ_CP058754.1	IncFII	IncFII	102698	3.6.7.66.91.2147	3	6	7	66	91	2147
RefSeq_NZ_CP058755.1	IncFII	IncFII	97014	4.5.6.7.20.2148	4	5	6	7	20	2148
RefSeq_NZ_CP058759.1	IncFII	IncFII	141426	4.5.6.7.7.1658	4	5	6	7	7	1658
RefSeq_NZ_CP058762.1	IncFII	IncFII	30500	3.6.7.20.438.1824	3	6	7	20	438	1824
RefSeq_NZ_CP058809.1	IncFII	IncFII	93853	4.5.6.7.11.1051	4	5	6	7	11	1051
RefSeq_NZ_CP058861.1	IncFII	IncFII	100885	4.5.6.7.7.2154	4	5	6	7	7	2154
RefSeq_NZ_CP058872.1	IncFII	IncFII	103039	4.5.6.7.11.1913	4	5	6	7	11	1913
RefSeq_NZ_CP058877.1	IncFII	IncFII	67224	4.5.6.73.103.1591	4	5	6	73	103	1591
RefSeq_NZ_CP058898.1	IncFII	IncFII	93277	4.5.6.7.21.2156	4	5	6	7	21	2156
RefSeq_NZ_CP058918.1	IncFII	IncFII	89795	3.6.7.9.10.2157	3	6	7	9	10	2157
RefSeq_NZ_CP058919.1	IncFII	IncFII	54931	4.5.6.7.9.2158	4	5	6	7	9	2158
RefSeq_NZ_CP058923.1	IncFII	IncFII	98451	4.5.6.7.21.2159	4	5	6	7	21	2159
RefSeq_NZ_CP058941.1	IncFII	IncFII	208077	4.5.6.7.7.48	4	5	6	7	7	48
RefSeq_NZ_CP058961.1	IncFII	IncFII	108036	4.5.6.7.21.2160	4	5	6	7	21	2160
RefSeq_NZ_CP058962.1	IncFII	IncFII	88061	3.6.7.66.91.2161	3	6	7	66	91	2161
RefSeq_NZ_CP059005.1	IncFII	IncFII	79323	3.6.7.9.10.2162	3	6	7	9	10	2162
RefSeq_NZ_CP059131.1	IncFII	IncFII	167739	4.5.6.7.11.1127	4	5	6	7	11	1127
RefSeq_NZ_CP059280.1	IncFII	IncFII	141169	4.5.6.7.9.2163	4	5	6	7	9	2163
RefSeq_NZ_CP059282.1	IncFII	IncFII	140350	4.5.6.7.9.2163	4	5	6	7	9	2163
RefSeq_NZ_CP059310.1	IncFII	IncFII	151753	3.6.7.9.10.2165	3	6	7	9	10	2165
RefSeq_NZ_CP059315.1	IncFII	IncFII	101059	4.5.6.7.11.49	4	5	6	7	11	49
RefSeq_NZ_CP059333.1	IncFII	IncFII	104838	4.5.6.7.7.2166	4	5	6	7	7	2166
RefSeq_NZ_CP059340.1	IncFII	IncFII	181199	4.5.6.21.498.2167	4	5	6	21	498	2167
RefSeq_NZ_CP059392.1	IncFII	IncFII	97925	4.5.6.7.9.2168	4	5	6	7	9	2168
RefSeq_NZ_CP059470.1	IncFII	IncFII	211813	4.5.6.7.7.48	4	5	6	7	7	48
RefSeq_NZ_CP059713.1	IncFII	IncFII	76436	4.5.6.7.30.2171	4	5	6	7	30	2171
RefSeq_NZ_CP059890.1	IncFII	IncFII	95050	4.5.6.7.11.1050	4	5	6	7	11	1050
RefSeq_NZ_CP060051.1	IncFII	IncFII	99260	3.6.7.66.91.1593	3	6	7	66	91	1593
RefSeq_NZ_CP060170.1	IncFII	IncFII	93813	4.5.6.7.11.1051	4	5	6	7	11	1051
RefSeq_NZ_CP060283.1	IncFII	IncFII	111136	4.5.6.7.21.1079	4	5	6	7	21	1079
RefSeq_NZ_CP060523.1	IncFII	IncFII	59372	4.5.6.7.447.1068	4	5	6	7	447	1068
RefSeq_NZ_CP060667.1	IncFII	IncFII	110273	4.5.6.7.7.2180	4	5	6	7	7	2180
RefSeq_NZ_CP060669.1	IncFII	IncFII	110273	4.5.6.7.7.2180	4	5	6	7	7	2180
RefSeq_NZ_CP060671.1	IncFII	IncFII	109445	3.6.7.9.10.2181	3	6	7	9	10	2181
RefSeq_NZ_CP060673.1	IncFII	IncFII	110273	4.5.6.7.7.2180	4	5	6	7	7	2180
RefSeq_NZ_CP060675.1	IncFII	IncFII	110273	4.5.6.7.7.2180	4	5	6	7	7	2180
RefSeq_NZ_CP060677.1	IncFII	IncFII	110273	4.5.6.7.7.2180	4	5	6	7	7	2180
RefSeq_NZ_CP060679.1	IncFII	IncFII	110273	3.6.7.9.10.2182	3	6	7	9	10	2182
RefSeq_NZ_CP060745.1	IncFII	IncFII	92237	4.5.6.7.21.2183	4	5	6	7	21	2183
RefSeq_NZ_CP060752.1	IncFII	IncFII	32368	3.6.7.20.438.2186	3	6	7	20	438	2186
RefSeq_NZ_CP060808.1	IncFII	IncFII	138721	4.5.6.7.21.1661	4	5	6	7	21	1661
RefSeq_NZ_CP060939.1	IncFII	IncFII	116611	4.5.6.7.21.2189	4	5	6	7	21	2189
RefSeq_NZ_CP060948.1	IncFII	IncFII	86240	4.5.6.7.9.1990	4	5	6	7	9	1990
RefSeq_NZ_CP060955.1	IncFII	IncFII	97755	4.5.6.7.11.1189	4	5	6	7	11	1189
RefSeq_NZ_CP061048.1	IncFII	IncFII	93278	4.5.6.7.11.1051	4	5	6	7	11	1051
RefSeq_NZ_CP061109.1	IncFII	IncFII	112598	4.5.6.7.11.2191	4	5	6	7	11	2191
RefSeq_NZ_CP061188.1	IncFII	IncFII	165427	3.6.7.9.10.142	3	6	7	9	10	142
RefSeq_NZ_CP061347.1	IncFII	IncFII	168960	4.5.6.7.9.1673	4	5	6	7	9	1673
RefSeq_NZ_CP061352.1	IncFII	IncFII	108694	4.5.6.7.21.321	4	5	6	7	21	321
RefSeq_NZ_CP061355.1	IncFII	IncFII	124452	4.5.6.7.11.1050	4	5	6	7	11	1050
RefSeq_NZ_CP061382.1	IncFII	IncFII	136387	4.5.6.7.21.2192	4	5	6	7	21	2192
RefSeq_NZ_CP061387.1	IncFII	IncFII	114416	4.5.6.7.11.49	4	5	6	7	11	49
RefSeq_NZ_CP061392.1	IncFII	IncFII	78616	4.5.6.7.21.2193	4	5	6	7	21	2193
RefSeq_NZ_CP061393.1	IncFII	IncFII	66476	4.5.6.73.503.2194	4	5	6	73	503	2194
RefSeq_NZ_CP061397.1	IncFII	IncFII	177258	4.5.6.7.11.2195	4	5	6	7	11	2195
RefSeq_NZ_CP061400.1	IncFII	IncFII	128320	4.5.6.7.11.2196	4	5	6	7	11	2196
RefSeq_NZ_CP061405.1	IncFII	IncFII	162789	4.5.6.7.7.55	4	5	6	7	7	55
RefSeq_NZ_CP061406.1	IncFII	IncFII	85405	4.5.6.7.21.2197	4	5	6	7	21	2197
RefSeq_NZ_CP061759.1	IncFII	IncFII	151454	4.5.6.7.20.2199	4	5	6	7	20	2199
RefSeq_NZ_CP061833.1	IncFII	IncFII	193300	3.6.7.9.10.948	3	6	7	9	10	948
RefSeq_NZ_CP061843.1	IncFII	IncFII	173471	4.5.6.7.11.1576	4	5	6	7	11	1576
RefSeq_NZ_CP061953.1	IncFII	IncFII	168138	4.5.6.7.7.48	4	5	6	7	7	48
RefSeq_NZ_CP061972.1	IncFII	IncFII	121732	4.5.6.7.21.1452	4	5	6	7	21	1452
RefSeq_NZ_CP061979.1	IncFII	IncFII	95882	4.5.6.7.9.1034	4	5	6	7	9	1034
RefSeq_NZ_CP062212.1	IncFII	IncFII	177038	3.6.7.9.10.142	3	6	7	9	10	142
RefSeq_NZ_CP062214.1	IncFII	IncFII	83974	4.5.6.7.9.2202	4	5	6	7	9	2202
RefSeq_NZ_CP062701.1	IncFII	IncFII	90792	3.6.7.66.440.1026	3	6	7	66	440	1026
RefSeq_NZ_CP062779.1	IncFII	IncFII	90783	3.6.7.66.440.1026	3	6	7	66	440	1026
RefSeq_NZ_CP062813.1	IncFII	IncFII	97371	3.6.7.66.91.2204	3	6	7	66	91	2204
RefSeq_NZ_CP062870.1	IncFII	IncFII	162467	3.6.7.9.10.142	3	6	7	9	10	142
RefSeq_NZ_CP062893.1	IncFII	IncFII	99946	3.6.7.9.10.2206	3	6	7	9	10	2206
RefSeq_NZ_CP062971.1	IncFII	IncFII	139547	4.5.6.7.9.2207	4	5	6	7	9	2207
RefSeq_NZ_CP062981.1	IncFII	IncFII	114588	3.6.7.9.10.2209	3	6	7	9	10	2209
RefSeq_NZ_CP063148.1	IncFII	IncFII	159093	4.5.6.7.21.2210	4	5	6	7	21	2210
RefSeq_NZ_CP063279.1	IncFII	IncFII	127014	4.5.6.7.21.321	4	5	6	7	21	321
RefSeq_NZ_CP063291.1	IncFII	IncFII	59372	4.5.6.7.447.1068	4	5	6	7	447	1068
RefSeq_NZ_CP063370.1	IncFII	IncFII	113611	3.6.7.9.10.2215	3	6	7	9	10	2215
RefSeq_NZ_CP063430.1	IncFII	IncFII	118887	4.5.6.7.11.1083	4	5	6	7	11	1083
RefSeq_NZ_CP063442.1	IncFII	IncFII	85271	3.6.7.66.91.2216	3	6	7	66	91	2216
RefSeq_NZ_CP063481.1	IncFII	IncFII	91066	4.5.6.7.11.2218	4	5	6	7	11	2218
RefSeq_NZ_CP063493.1	IncFII	IncFII	101982	3.6.7.9.10.2219	3	6	7	9	10	2219
RefSeq_NZ_CP063701.1	IncFII	IncFII	59372	4.5.6.7.447.1068	4	5	6	7	447	1068
RefSeq_NZ_CP063703.1	IncFII	IncFII	115352	4.5.6.7.20.2221	4	5	6	7	20	2221
RefSeq_NZ_CP063706.1	IncFII	IncFII	95694	4.5.6.7.7.2222	4	5	6	7	7	2222
RefSeq_NZ_CP063709.1	IncFII	IncFII	59372	4.5.6.7.447.1068	4	5	6	7	447	1068
RefSeq_NZ_CP063749.1	IncFII	IncFII	142252	4.5.6.7.21.1490	4	5	6	7	21	1490
RefSeq_NZ_CP063761.1	IncFII	IncFII	107554	4.5.6.7.9.1673	4	5	6	7	9	1673
RefSeq_NZ_CP063763.1	IncFII	IncFII	61413	4.5.6.7.11.1705	4	5	6	7	11	1705
RefSeq_NZ_CP063835.1	IncFII	IncFII	128675	4.5.6.7.9.1673	4	5	6	7	9	1673
RefSeq_NZ_CP063836.1	IncFII	IncFII	87095	4.5.6.7.21.1149	4	5	6	7	21	1149
RefSeq_NZ_CP063852.1	IncFII	IncFII	262508	4.5.6.7.7.1582	4	5	6	7	7	1582
RefSeq_NZ_CP063857.1	IncFII	IncFII	92970	4.5.6.7.20.2148	4	5	6	7	20	2148
RefSeq_NZ_CP063859.1	IncFII	IncFII	262519	4.5.6.7.7.1200	4	5	6	7	7	1200
RefSeq_NZ_CP063879.1	IncFII	IncFII	131081	3.6.7.9.10.2224	3	6	7	9	10	2224
RefSeq_NZ_CP063883.1	IncFII	IncFII	109675	3.6.7.9.10.2225	3	6	7	9	10	2225
RefSeq_NZ_CP063886.1	IncFII	IncFII	104834	4.5.6.7.11.2226	4	5	6	7	11	2226
RefSeq_NZ_CP063899.1	IncFII	IncFII	139497	3.6.7.9.286.2227	3	6	7	9	286	2227
RefSeq_NZ_CP063907.1	IncFII	IncFII	104836	4.5.6.7.11.2226	4	5	6	7	11	2226
RefSeq_NZ_CP063914.1	IncFII	IncFII	256775	4.5.6.7.20.2228	4	5	6	7	20	2228
RefSeq_NZ_CP063924.1	IncFII	IncFII	116734	3.6.7.9.10.1491	3	6	7	9	10	1491
RefSeq_NZ_CP063929.1	IncFII	IncFII	190929	4.5.6.7.11.2229	4	5	6	7	11	2229
RefSeq_NZ_CP063935.1	IncFII	IncFII	104836	4.5.6.7.21.2230	4	5	6	7	21	2230
RefSeq_NZ_CP063937.1	IncFII	IncFII	182144	4.5.6.7.7.2079	4	5	6	7	7	2079
RefSeq_NZ_CP063940.1	IncFII	IncFII	189015	4.5.6.7.11.2231	4	5	6	7	11	2231
RefSeq_NZ_CP063944.1	IncFII	IncFII	104835	4.5.6.7.11.2226	4	5	6	7	11	2226
RefSeq_NZ_CP064116.1	IncFII	IncFII	79219	3.6.7.9.200.2240	3	6	7	9	200	2240
RefSeq_NZ_CP064130.1	IncFII	IncFII	75711	4.5.6.7.30.1398	4	5	6	7	30	1398
RefSeq_NZ_CP064175.1	IncFII	IncFII	168672	3.6.7.9.10.948	3	6	7	9	10	948
RefSeq_NZ_CP064214.1	IncFII	IncFII	90714	3.6.7.9.10.2241	3	6	7	9	10	2241
RefSeq_NZ_CP064215.1	IncFII	IncFII	77551	4.5.6.7.30.1398	4	5	6	7	30	1398
RefSeq_NZ_CP064219.1	IncFII	IncFII	146760	4.5.6.7.30.2242	4	5	6	7	30	2242
RefSeq_NZ_CP064220.1	IncFII	IncFII	87179	3.6.7.9.10.2241	3	6	7	9	10	2241
RefSeq_NZ_CP064225.1	IncFII	IncFII	133575	4.5.6.7.30.2243	4	5	6	7	30	2243
RefSeq_NZ_CP064226.1	IncFII	IncFII	91913	3.6.7.9.10.2241	3	6	7	9	10	2241
RefSeq_NZ_CP064231.1	IncFII	IncFII	105085	4.5.6.7.11.1050	4	5	6	7	11	1050
RefSeq_NZ_CP064234.1	IncFII	IncFII	105085	4.5.6.7.11.1050	4	5	6	7	11	1050
RefSeq_NZ_CP064237.1	IncFII	IncFII	165027	3.6.7.9.10.2244	3	6	7	9	10	2244
RefSeq_NZ_CP064238.1	IncFII	IncFII	87095	4.5.6.7.30.1398	4	5	6	7	30	1398
RefSeq_NZ_CP064244.1	IncFII	IncFII	87095	4.5.6.7.21.1149	4	5	6	7	21	1149
RefSeq_NZ_CP064247.1	IncFII	IncFII	272092	4.5.6.7.7.1582	4	5	6	7	7	1582
RefSeq_NZ_CP064253.1	IncFII	IncFII	167834	4.5.6.7.11.1544	4	5	6	7	11	1544
RefSeq_NZ_CP064261.1	IncFII	IncFII	77551	4.5.6.7.21.2245	4	5	6	7	21	2245
RefSeq_NZ_CP064264.1	IncFII	IncFII	93946	4.5.6.7.11.1051	4	5	6	7	11	1051
RefSeq_NZ_CP064386.1	IncFII	IncFII	93933	4.5.6.7.11.1051	4	5	6	7	11	1051
RefSeq_NZ_CP064388.1	IncFII	IncFII	75554	3.4.8.11.247.1054	3	4	8	11	247	1054
RefSeq_NZ_CP064659.1	IncFII	IncFII	90483	3.6.7.9.10.1708	3	6	7	9	10	1708
RefSeq_NZ_CP064769.1	IncFII	IncFII	184047	4.5.6.7.7.260	4	5	6	7	7	260
RefSeq_NZ_CP064771.1	IncFII	IncFII	108776	4.5.6.7.11.2246	4	5	6	7	11	2246
RefSeq_NZ_CP065035.1	IncFII	IncFII	191744	4.5.6.7.7.2079	4	5	6	7	7	2079
RefSeq_NZ_CP065123.1	IncFII	IncFII	59372	4.5.6.7.447.1068	4	5	6	7	447	1068
RefSeq_NZ_CP065164.1	IncFII	IncFII	243621	4.5.6.7.7.48	4	5	6	7	7	48
RefSeq_NZ_CP065168.1	IncFII	IncFII	236645	4.5.6.7.7.48	4	5	6	7	7	48
RefSeq_NZ_CP065173.1	IncFII	IncFII	228345	4.5.6.7.7.2247	4	5	6	7	7	2247
RefSeq_NZ_CP065175.1	IncFII	IncFII	132740	4.5.6.7.21.2248	4	5	6	7	21	2248
RefSeq_NZ_CP065176.1	IncFII	IncFII	101966	4.5.6.7.21.2249	4	5	6	7	21	2249
RefSeq_NZ_CP065342.1	IncFII	IncFII	107590	4.5.6.8.32.1111	4	5	6	8	32	1111
RefSeq_NZ_CP065344.1	IncFII	IncFII	75824	4.5.6.7.20.2250	4	5	6	7	20	2250
RefSeq_NZ_CP065348.1	IncFII	IncFII	75829	4.5.6.7.20.2250	4	5	6	7	20	2250
RefSeq_NZ_CP065352.1	IncFII	IncFII	107589	4.5.6.8.32.1111	4	5	6	8	32	1111
RefSeq_NZ_CP065437.1	IncFII	IncFII	147528	4.5.6.7.21.2251	4	5	6	7	21	2251
RefSeq_NZ_CP065440.1	IncFII	IncFII	89034	4.5.6.7.30.2252	4	5	6	7	30	2252
RefSeq_NZ_CP065449.1	IncFII	IncFII	150314	3.6.7.9.10.1331	3	6	7	9	10	1331
RefSeq_NZ_CP065461.1	IncFII	IncFII	105090	4.5.6.7.30.2252	4	5	6	7	30	2252
RefSeq_NZ_CP065462.1	IncFII	IncFII	195964	4.5.6.7.7.260	4	5	6	7	7	260
RefSeq_NZ_CP065466.1	IncFII	IncFII	105091	4.5.6.7.30.2252	4	5	6	7	30	2252
RefSeq_NZ_CP065470.1	IncFII	IncFII	148255	4.5.6.7.11.2052	4	5	6	7	11	2052
RefSeq_NZ_CP065556.1	IncFII	IncFII	77979	4.5.6.8.32.2255	4	5	6	8	32	2255
RefSeq_NZ_CP065557.1	IncFII	IncFII	73746	4.5.6.8.451.2256	4	5	6	8	451	2256
RefSeq_NZ_CP065625.1	IncFII	IncFII	57741	3.6.7.260.537.2258	3	6	7	260	537	2258
RefSeq_NZ_CP065638.1	IncFII	IncFII	93933	4.5.6.7.11.1051	4	5	6	7	11	1051
RefSeq_NZ_CP065719.1	IncFII	IncFII	93933	4.5.6.7.9.1002	4	5	6	7	9	1002
RefSeq_NZ_CP065839.1	IncFII	IncFII	144959	4.5.6.7.7.2089	4	5	6	7	7	2089
RefSeq_NZ_CP065891.1	IncFII	IncFII	59043	4.5.6.7.447.1819	4	5	6	7	447	1819
RefSeq_NZ_CP065952.1	IncFII	IncFII	100684	4.5.6.7.21.2259	4	5	6	7	21	2259
RefSeq_NZ_CP066011.1	IncFII	IncFII	93851	4.5.6.7.11.1051	4	5	6	7	11	1051
RefSeq_NZ_CP066048.1	IncFII	IncFII	59372	4.5.6.7.447.1056	4	5	6	7	447	1056
RefSeq_NZ_CP066153.1	IncFII	IncFII	133625	4.5.6.7.7.937	4	5	6	7	7	937
RefSeq_NZ_CP066154.1	IncFII	IncFII	87095	4.5.6.7.21.1149	4	5	6	7	21	1149
RefSeq_NZ_CP066251.1	IncFII	IncFII	122076	4.5.6.7.21.2030	4	5	6	7	21	2030
RefSeq_NZ_CP066252.1	IncFII	IncFII	99066	4.5.6.7.30.1398	4	5	6	7	30	1398
RefSeq_NZ_CP066256.1	IncFII	IncFII	149407	4.5.6.7.11.2261	4	5	6	7	11	2261
RefSeq_NZ_CP066257.1	IncFII	IncFII	86962	4.5.6.7.30.1398	4	5	6	7	30	1398
RefSeq_NZ_CP066518.1	IncFII	IncFII	149181	4.5.6.7.11.1794	4	5	6	7	11	1794
RefSeq_NZ_CP066519.1	IncFII	IncFII	228076	3.6.7.9.10.1795	3	6	7	9	10	1795
RefSeq_NZ_CP066525.1	IncFII	IncFII	206852	4.5.6.7.7.260	4	5	6	7	7	260
RefSeq_NZ_CP066530.1	IncFII	IncFII	223344	3.6.7.9.10.1795	3	6	7	9	10	1795
RefSeq_NZ_CP066535.1	IncFII	IncFII	192589	4.5.6.7.7.1400	4	5	6	7	7	1400
RefSeq_NZ_CP066536.1	IncFII	IncFII	154728	4.5.6.7.7.1617	4	5	6	7	7	1617
RefSeq_NZ_CP066544.1	IncFII	IncFII	88050	4.5.6.7.30.2252	4	5	6	7	30	2252
RefSeq_NZ_CP066750.1	IncFII	IncFII	95598	3.6.7.9.181.1117	3	6	7	9	181	1117
RefSeq_NZ_CP066841.1	IncFII	IncFII	113350	3.6.7.9.10.71	3	6	7	9	10	71
RefSeq_NZ_CP066845.1	IncFII	IncFII	127534	3.6.7.9.10.2262	3	6	7	9	10	2262
RefSeq_NZ_CP066878.1	IncFII	IncFII	25403	4.5.23.37.538.2263	4	5	23	37	538	2263
RefSeq_NZ_CP066892.1	IncFII	IncFII	147717	4.5.6.7.20.2264	4	5	6	7	20	2264
RefSeq_NZ_CP066896.1	IncFII	IncFII	205681	4.5.6.7.7.260	4	5	6	7	7	260
RefSeq_NZ_CP066906.1	IncFII	IncFII	85781	4.5.6.7.30.2252	4	5	6	7	30	2252
RefSeq_NZ_CP066907.1	IncFII	IncFII	85185	4.5.6.7.30.1398	4	5	6	7	30	1398
RefSeq_NZ_CP066912.1	IncFII	IncFII	122553	4.5.6.7.11.2265	4	5	6	7	11	2265
RefSeq_NZ_CP067047.1	IncFII	IncFII	150767	4.5.6.7.11.436	4	5	6	7	11	436
RefSeq_NZ_CP067068.1	IncFII	IncFII	135126	4.5.6.7.7.2266	4	5	6	7	7	2266
RefSeq_NZ_CP067092.1	IncFII	IncFII	93939	4.5.6.7.9.1002	4	5	6	7	9	1002
RefSeq_NZ_CP067256.1	IncFII	IncFII	172022	3.6.7.9.10.60	3	6	7	9	10	60
RefSeq_NZ_CP067262.1	IncFII	IncFII	98282	3.6.7.9.14.2271	3	6	7	9	14	2271
RefSeq_NZ_CP067266.1	IncFII	IncFII	303836	3.6.7.10.70.2272	3	6	7	10	70	2272
RefSeq_NZ_CP067313.1	IncFII	IncFII	104584	4.5.6.7.20.2273	4	5	6	7	20	2273
RefSeq_NZ_CP067340.1	IncFII	IncFII	93832	4.5.6.7.11.1051	4	5	6	7	11	1051
RefSeq_NZ_CP067371.1	IncFII	IncFII	246731	4.5.6.7.7.48	4	5	6	7	7	48
RefSeq_NZ_CP067373.1	IncFII	IncFII	226169	3.6.7.9.10.1795	3	6	7	9	10	1795
RefSeq_NZ_CP067382.1	IncFII	IncFII	75780	4.5.6.7.7.2274	4	5	6	7	7	2274
RefSeq_NZ_CP067390.1	IncFII	IncFII	232127	4.5.6.7.11.2275	4	5	6	7	11	2275
RefSeq_NZ_CP067398.1	IncFII	IncFII	93938	4.5.6.7.9.1002	4	5	6	7	9	1002
RefSeq_NZ_CP067435.1	IncFII	IncFII	136676	4.5.6.7.482.2276	4	5	6	7	482	2276
RefSeq_NZ_CP067436.1	IncFII	IncFII	128998	4.5.6.22.34.2277	4	5	6	22	34	2277
RefSeq_NZ_CP067437.1	IncFII	IncFII	97484	4.5.6.7.21.2278	4	5	6	7	21	2278
RefSeq_NZ_CP068140.1	IncFII	IncFII	196709	4.5.6.7.7.2279	4	5	6	7	7	2279
RefSeq_NZ_CP068154.1	IncFII	IncFII	72354	3.6.7.9.135.2280	3	6	7	9	135	2280
RefSeq_NZ_CP068333.1	IncFII	IncFII	89255	4.5.6.7.11.2281	4	5	6	7	11	2281
RefSeq_NZ_CP068344.1	IncFII	IncFII	107688	4.5.6.7.21.2282	4	5	6	7	21	2282
RefSeq_NZ_CP068388.1	IncFII	IncFII	86412	4.5.6.22.434.1009	4	5	6	22	434	1009
RefSeq_NZ_CP068447.1	IncFII	IncFII	61574	4.5.6.7.21.2284	4	5	6	7	21	2284
RefSeq_NZ_CP068608.1	IncFII	IncFII	195414	4.5.6.7.7.48	4	5	6	7	7	48
RefSeq_NZ_CP068616.1	IncFII	IncFII	207249	4.5.6.7.7.48	4	5	6	7	7	48
RefSeq_NZ_CP068620.1	IncFII	IncFII	206602	4.5.6.7.7.48	4	5	6	7	7	48
RefSeq_NZ_CP068687.1	IncFII	IncFII	184751	4.5.6.7.11.2285	4	5	6	7	11	2285
RefSeq_NZ_CP068691.1	IncFII	IncFII	206263	4.5.6.7.7.260	4	5	6	7	7	260
RefSeq_NZ_CP068692.1	IncFII	IncFII	184748	4.5.6.7.11.2285	4	5	6	7	11	2285
RefSeq_NZ_CP068697.1	IncFII	IncFII	93874	4.5.6.7.9.1002	4	5	6	7	9	1002
RefSeq_NZ_CP068849.1	IncFII	IncFII	92336	4.5.6.7.9.2286	4	5	6	7	9	2286
RefSeq_NZ_CP068850.1	IncFII	IncFII	89242	4.5.6.7.11.2281	4	5	6	7	11	2281
RefSeq_NZ_CP068889.1	IncFII	IncFII	126092	4.5.6.7.7.2287	4	5	6	7	7	2287
RefSeq_NZ_CP068973.1	IncFII	IncFII	200198	4.5.6.7.7.2288	4	5	6	7	7	2288
RefSeq_NZ_CP069047.1	IncFII	IncFII	196778	4.5.6.7.7.48	4	5	6	7	7	48
RefSeq_NZ_CP069049.1	IncFII	IncFII	107863	4.5.6.7.21.1472	4	5	6	7	21	1472
RefSeq_NZ_CP069160.1	IncFII	IncFII	57699	4.5.6.7.482.2289	4	5	6	7	482	2289
RefSeq_NZ_CP069172.1	IncFII	IncFII	134972	4.5.6.7.11.2290	4	5	6	7	11	2290
RefSeq_NZ_CP069176.1	IncFII	IncFII	87095	4.5.6.7.21.1149	4	5	6	7	21	1149
RefSeq_NZ_CP069201.1	IncFII	IncFII	100426	4.5.6.7.21.2259	4	5	6	7	21	2259
RefSeq_NZ_CP069455.1	IncFII	IncFII	34826	4.5.6.7.20.2291	4	5	6	7	20	2291
RefSeq_NZ_CP069502.1	IncFII	IncFII	77233	4.5.6.224.423.2292	4	5	6	224	423	2292
RefSeq_NZ_CP069530.1	IncFII	IncFII	96693	3.6.7.9.14.2293	3	6	7	9	14	2293
RefSeq_NZ_CP069560.1	IncFII	IncFII	67959	4.5.6.7.11.2294	4	5	6	7	11	2294
RefSeq_NZ_CP069590.1	IncFII	IncFII	127965	4.5.6.7.7.2295	4	5	6	7	7	2295
RefSeq_NZ_CP069693.1	IncFII	IncFII	89956	3.6.7.9.10.2297	3	6	7	9	10	2297
RefSeq_NZ_CP069713.1	IncFII	IncFII	182585	3.6.7.9.10.1939	3	6	7	9	10	1939
RefSeq_NZ_CP069816.1	IncFII	IncFII	172460	4.5.6.7.7.2301	4	5	6	7	7	2301
RefSeq_NZ_CP069822.1	IncFII	IncFII	187940	3.6.7.9.10.948	3	6	7	9	10	948
RefSeq_NZ_CP069862.1	IncFII	IncFII	139085	4.5.6.7.7.2302	4	5	6	7	7	2302
RefSeq_NZ_CP069883.1	IncFII	IncFII	131034	4.5.6.7.9.1041	4	5	6	7	9	1041
RefSeq_NZ_CP069902.1	IncFII	IncFII	60872	4.5.6.7.11.2304	4	5	6	7	11	2304
RefSeq_NZ_CP069912.1	IncFII	IncFII	141778	4.5.6.7.21.2305	4	5	6	7	21	2305
RefSeq_NZ_CP069969.1	IncFII	IncFII	198770	4.5.6.7.7.2306	4	5	6	7	7	2306
RefSeq_NZ_CP069974.1	IncFII	IncFII	136429	3.6.7.9.10.1449	3	6	7	9	10	1449
RefSeq_NZ_CP069982.1	IncFII	IncFII	116491	4.5.6.7.21.2307	4	5	6	7	21	2307
RefSeq_NZ_CP070008.1	IncFII	IncFII	198318	4.5.6.7.11.2308	4	5	6	7	11	2308
RefSeq_NZ_CP070016.1	IncFII	IncFII	248897	3.6.7.9.90.2309	3	6	7	9	90	2309
RefSeq_NZ_CP070021.1	IncFII	IncFII	176321	3.6.7.9.200.1013	3	6	7	9	200	1013
RefSeq_NZ_CP070047.1	IncFII	IncFII	215306	4.5.6.7.7.65	4	5	6	7	7	65
RefSeq_NZ_CP070083.1	IncFII	IncFII	208838	4.5.6.7.7.65	4	5	6	7	7	65
RefSeq_NZ_CP070089.1	IncFII	IncFII	207010	4.5.6.7.11.2275	4	5	6	7	11	2275
RefSeq_NZ_CP070097.1	IncFII	IncFII	104896	4.5.6.7.21.2310	4	5	6	7	21	2310
RefSeq_NZ_CP070159.1	IncFII	IncFII	248395	3.6.7.9.90.2309	3	6	7	9	90	2309
RefSeq_NZ_CP070171.1	IncFII	IncFII	118581	4.5.6.7.11.1360	4	5	6	7	11	1360
RefSeq_NZ_CP070178.1	IncFII	IncFII	67308	4.5.6.7.21.2245	4	5	6	7	21	2245
RefSeq_NZ_CP070230.1	IncFII	IncFII	163194	3.6.7.9.14.1636	3	6	7	9	14	1636
RefSeq_NZ_CP070288.2	IncFII	IncFII	49739	3.6.7.66.440.2311	3	6	7	66	440	2311
RefSeq_NZ_CP070411.1	IncFII	IncFII	127801	4.5.6.7.7.1902	4	5	6	7	7	1902
RefSeq_NZ_CP070416.1	IncFII	IncFII	127805	4.5.6.7.7.1902	4	5	6	7	7	1902
RefSeq_NZ_CP070426.1	IncFII	IncFII	127805	4.5.6.7.7.1902	4	5	6	7	7	1902
RefSeq_NZ_CP070431.1	IncFII	IncFII	127805	4.5.6.7.7.1902	4	5	6	7	7	1902
RefSeq_NZ_CP070437.1	IncFII	IncFII	144870	4.5.6.7.21.30	4	5	6	7	21	30
RefSeq_NZ_CP070438.1	IncFII	IncFII	112495	4.5.6.7.20.2314	4	5	6	7	20	2314
RefSeq_NZ_CP070446.1	IncFII	IncFII	127805	4.5.6.7.7.1902	4	5	6	7	7	1902
RefSeq_NZ_CP070450.1	IncFII	IncFII	127805	4.5.6.7.7.1902	4	5	6	7	7	1902
RefSeq_NZ_CP070460.1	IncFII	IncFII	132760	4.5.6.7.7.1902	4	5	6	7	7	1902
RefSeq_NZ_CP070465.1	IncFII	IncFII	137142	3.6.7.9.10.2315	3	6	7	9	10	2315
RefSeq_NZ_CP070525.1	IncFII	IncFII	108537	4.5.6.7.20.1748	4	5	6	7	20	1748
RefSeq_NZ_CP070540.1	IncFII	IncFII	108505	3.6.7.9.10.2319	3	6	7	9	10	2319
RefSeq_NZ_CP070556.1	IncFII	IncFII	109858	3.6.7.9.10.2319	3	6	7	9	10	2319
RefSeq_NZ_CP070560.1	IncFII	IncFII	113456	4.5.6.7.11.49	4	5	6	7	11	49
RefSeq_NZ_CP070562.1	IncFII	IncFII	171286	4.5.6.7.7.48	4	5	6	7	7	48
RefSeq_NZ_CP070565.1	IncFII	IncFII	118664	4.5.6.7.20.2321	4	5	6	7	20	2321
RefSeq_NZ_CP070577.1	IncFII	IncFII	170806	4.5.6.7.7.65	4	5	6	7	7	65
RefSeq_NZ_CP070581.1	IncFII	IncFII	94665	4.5.6.7.21.1452	4	5	6	7	21	1452
RefSeq_NZ_CP070588.1	IncFII	IncFII	18779	3.6.7.9.540.2323	3	6	7	9	540	2323
RefSeq_NZ_CP070590.1	IncFII	IncFII	101334	4.5.6.7.11.2324	4	5	6	7	11	2324
RefSeq_NZ_CP070595.1	IncFII	IncFII	189174	4.5.6.7.7.65	4	5	6	7	7	65
RefSeq_NZ_CP070599.1	IncFII	IncFII	122733	4.5.6.7.11.2325	4	5	6	7	11	2325
RefSeq_NZ_CP070900.1	IncFII	IncFII	136763	4.5.6.7.7.1658	4	5	6	7	7	1658
RefSeq_NZ_CP070963.1	IncFII	IncFII	154497	4.5.6.7.11.1531	4	5	6	7	11	1531
RefSeq_NZ_CP070972.1	IncFII	IncFII	106126	4.5.6.7.11.1050	4	5	6	7	11	1050
RefSeq_NZ_CP071081.1	IncFII	IncFII	155851	3.6.7.9.10.1154	3	6	7	9	10	1154
RefSeq_NZ_CP071084.1	IncFII	IncFII	63577	4.5.6.18.460.2329	4	5	6	18	460	2329
RefSeq_NZ_CP071254.1	IncFII	IncFII	69776	4.5.6.18.460.1726	4	5	6	18	460	1726
RefSeq_NZ_CP071282.1	IncFII	IncFII	166565	3.6.7.9.200.2330	3	6	7	9	200	2330
RefSeq_NZ_CP071438.1	IncFII	IncFII	25037	3.6.7.9.543.2332	3	6	7	9	543	2332
RefSeq_NZ_CP071440.1	IncFII	IncFII	98697	4.5.6.7.11.1265	4	5	6	7	11	1265
RefSeq_NZ_CP071687.1	IncFII	IncFII	64327	4.5.6.7.11.1992	4	5	6	7	11	1992
RefSeq_NZ_CP071691.1	IncFII	IncFII	64327	4.5.6.7.11.1992	4	5	6	7	11	1992
RefSeq_NZ_CP071694.1	IncFII	IncFII	318041	3.6.7.10.70.2334	3	6	7	10	70	2334
RefSeq_NZ_CP071821.1	IncFII	IncFII	172589	3.6.7.9.14.2335	3	6	7	9	14	2335
RefSeq_NZ_CP071824.1	IncFII	IncFII	64683	4.5.6.7.21.1563	4	5	6	7	21	1563
RefSeq_NZ_CP071836.1	IncFII	IncFII	190061	4.5.6.7.7.2336	4	5	6	7	7	2336
RefSeq_NZ_CP071909.1	IncFII	IncFII	115434	4.5.6.7.7.2337	4	5	6	7	7	2337
RefSeq_NZ_CP071945.1	IncFII	IncFII	74868	3.4.8.11.431.1001	3	4	8	11	431	1001
RefSeq_NZ_CP072201.1	IncFII	IncFII	164334	3.6.7.9.10.623	3	6	7	9	10	623
RefSeq_NZ_CP072202.1	IncFII	IncFII	95083	3.6.7.66.91.2338	3	6	7	66	91	2338
RefSeq_NZ_CP072404.1	IncFII	IncFII	127805	4.5.6.7.7.1902	4	5	6	7	7	1902
RefSeq_NZ_CP072409.1	IncFII	IncFII	127805	4.5.6.7.7.1902	4	5	6	7	7	1902
RefSeq_NZ_CP072414.1	IncFII	IncFII	127805	4.5.6.7.7.1902	4	5	6	7	7	1902
RefSeq_NZ_CP072423.1	IncFII	IncFII	137142	3.6.7.9.10.2315	3	6	7	9	10	2315
RefSeq_NZ_CP072497.1	IncFII	IncFII	125104	3.6.7.9.10.2341	3	6	7	9	10	2341
RefSeq_NZ_CP072557.1	IncFII	IncFII	102746	4.5.6.7.11.2342	4	5	6	7	11	2342
RefSeq_NZ_CP072859.1	IncFII	IncFII	116735	4.5.6.7.11.453	4	5	6	7	11	453
RefSeq_NZ_CP072907.1	IncFII	IncFII	100944	4.5.6.7.21.2343	4	5	6	7	21	2343
RefSeq_NZ_CP072920.1	IncFII	IncFII	81589	3.6.7.9.10.2344	3	6	7	9	10	2344
RefSeq_NZ_CP072982.1	IncFII	IncFII	81323	4.5.6.7.11.2347	4	5	6	7	11	2347
RefSeq_NZ_CP073045.1	IncFII	IncFII	145482	4.5.6.7.11.1531	4	5	6	7	11	1531
RefSeq_NZ_CP073303.1	IncFII	IncFII	125619	4.5.6.7.21.1941	4	5	6	7	21	1941
RefSeq_NZ_CP073352.1	IncFII	IncFII	80922	4.5.6.7.30.2348	4	5	6	7	30	2348
RefSeq_NZ_CP073374.1	IncFII	IncFII	104361	4.5.6.7.11.1050	4	5	6	7	11	1050
RefSeq_NZ_CP073375.1	IncFII	IncFII	87045	4.5.6.7.21.1149	4	5	6	7	21	1149
RefSeq_NZ_CP073379.1	IncFII	IncFII	213917	4.5.6.7.7.1582	4	5	6	7	7	1582
RefSeq_NZ_CP073380.1	IncFII	IncFII	162093	4.5.6.7.11.2349	4	5	6	7	11	2349
RefSeq_NZ_CP073628.1	IncFII	IncFII	247177	4.5.6.7.7.48	4	5	6	7	7	48
RefSeq_NZ_CP073657.1	IncFII	IncFII	170592	4.5.6.7.7.2350	4	5	6	7	7	2350
RefSeq_NZ_CP073773.1	IncFII	IncFII	193176	4.5.6.7.7.1339	4	5	6	7	7	1339
RefSeq_NZ_CP073785.1	IncFII	IncFII	115132	4.5.6.7.11.1308	4	5	6	7	11	1308
RefSeq_NZ_CP073789.1	IncFII	IncFII	225831	3.6.7.9.10.1685	3	6	7	9	10	1685
RefSeq_NZ_CP073792.1	IncFII	IncFII	155175	3.6.7.9.10.1848	3	6	7	9	10	1848
RefSeq_NZ_CP073908.1	IncFII	IncFII	115662	4.5.6.7.9.2352	4	5	6	7	9	2352
RefSeq_NZ_CP073922.1	IncFII	IncFII	131732	4.5.6.7.11.1083	4	5	6	7	11	1083
RefSeq_NZ_CP074093.1	IncFII	IncFII	93933	4.5.6.7.9.1002	4	5	6	7	9	1002
RefSeq_NZ_CP074095.1	IncFII	IncFII	93933	4.5.6.7.9.1002	4	5	6	7	9	1002
RefSeq_NZ_CP074097.1	IncFII	IncFII	93933	4.5.6.7.9.1002	4	5	6	7	9	1002
RefSeq_NZ_CP074099.1	IncFII	IncFII	93933	4.5.6.7.9.1002	4	5	6	7	9	1002
RefSeq_NZ_CP074152.1	IncFII	IncFII	73531	3.6.7.66.545.2362	3	6	7	66	545	2362
RefSeq_NZ_CP074155.1	IncFII	IncFII	69715	3.6.7.66.545.2362	3	6	7	66	545	2362
RefSeq_NZ_CP074157.1	IncFII	IncFII	39849	4.5.6.7.546.2363	4	5	6	7	546	2363
RefSeq_NZ_CP074160.1	IncFII	IncFII	191037	4.5.6.7.21.2364	4	5	6	7	21	2364
RefSeq_NZ_CP074183.1	IncFII	IncFII	136413	4.5.6.7.21.2365	4	5	6	7	21	2365
RefSeq_NZ_CP074184.1	IncFII	IncFII	129579	4.5.6.21.498.2366	4	5	6	21	498	2366
RefSeq_NZ_CP074186.1	IncFII	IncFII	102491	4.5.6.7.11.2367	4	5	6	7	11	2367
RefSeq_NZ_CP074427.1	IncFII	IncFII	70795	4.5.6.7.447.1056	4	5	6	7	447	1056
RefSeq_NZ_CP074430.1	IncFII	IncFII	64327	4.5.6.7.447.1056	4	5	6	7	447	1056
RefSeq_NZ_CP074456.1	IncFII	IncFII	114258	4.5.6.7.11.2371	4	5	6	7	11	2371
RefSeq_NZ_CP074524.1	IncFII	IncFII	209959	4.5.6.7.7.48	4	5	6	7	7	48
RefSeq_NZ_CP074529.1	IncFII	IncFII	158574	3.6.7.9.10.1154	3	6	7	9	10	1154
RefSeq_NZ_CP074530.1	IncFII	IncFII	110787	4.5.6.8.32.1111	4	5	6	8	32	1111
RefSeq_NZ_CP074536.1	IncFII	IncFII	212193	4.5.6.7.7.48	4	5	6	7	7	48
RefSeq_NZ_CP074540.1	IncFII	IncFII	157575	4.5.6.7.11.2196	4	5	6	7	11	2196
RefSeq_NZ_CP074542.1	IncFII	IncFII	217630	4.5.6.7.7.48	4	5	6	7	7	48
RefSeq_NZ_CP074554.1	IncFII	IncFII	142024	4.5.6.7.21.1109	4	5	6	7	21	1109
RefSeq_NZ_CP074559.1	IncFII	IncFII	308362	4.5.6.7.7.48	4	5	6	7	7	48
RefSeq_NZ_CP074562.1	IncFII	IncFII	321083	4.5.6.7.20.2372	4	5	6	7	20	2372
RefSeq_NZ_CP074581.1	IncFII	IncFII	137142	3.6.7.9.10.2315	3	6	7	9	10	2315
RefSeq_NZ_CP074662.1	IncFII	IncFII	58711	3.6.7.9.135.2373	3	6	7	9	135	2373
RefSeq_NZ_CP074664.1	IncFII	IncFII	93960	4.5.6.7.11.1051	4	5	6	7	11	1051
RefSeq_NZ_CP074678.1	IncFII	IncFII	203030	4.5.6.7.7.2374	4	5	6	7	7	2374
RefSeq_NZ_CP074681.1	IncFII	IncFII	158291	3.6.7.9.10.142	3	6	7	9	10	142
RefSeq_NZ_CP074703.1	IncFII	IncFII	116496	4.5.6.7.11.2375	4	5	6	7	11	2375
RefSeq_NZ_CP075057.1	IncFII	IncFII	108031	3.6.7.9.10.1765	3	6	7	9	10	1765
RefSeq_NZ_CP075111.1	IncFII	IncFII	101510	3.6.7.66.91.2376	3	6	7	66	91	2376
RefSeq_NZ_CP075119.1	IncFII	IncFII	61453	4.5.6.7.447.1068	4	5	6	7	447	1068
RefSeq_NZ_CP075121.1	IncFII	IncFII	61453	4.5.6.7.447.1068	4	5	6	7	447	1068
RefSeq_NZ_CP075123.1	IncFII	IncFII	61453	4.5.6.7.447.1068	4	5	6	7	447	1068
RefSeq_NZ_CP075131.1	IncFII	IncFII	26158	3.6.7.232.454.2377	3	6	7	232	454	2377
RefSeq_NZ_CP075136.1	IncFII	IncFII	26158	3.6.7.20.438.2378	3	6	7	20	438	2378
RefSeq_NZ_CP075142.1	IncFII	IncFII	75400	4.5.6.18.460.2379	4	5	6	18	460	2379
RefSeq_NZ_CP075253.1	IncFII	IncFII	180602	3.6.7.9.10.1562	3	6	7	9	10	1562
RefSeq_NZ_CP075264.1	IncFII	IncFII	181365	3.6.7.9.10.1562	3	6	7	9	10	1562
RefSeq_NZ_CP075272.1	IncFII	IncFII	181602	3.6.7.9.10.1562	3	6	7	9	10	1562
RefSeq_NZ_CP075277.1	IncFII	IncFII	214082	3.6.7.9.10.2032	3	6	7	9	10	2032
RefSeq_NZ_CP075278.1	IncFII	IncFII	75411	4.5.6.7.20.2381	4	5	6	7	20	2381
RefSeq_NZ_CP075288.1	IncFII	IncFII	233263	3.6.7.9.10.948	3	6	7	9	10	948
RefSeq_NZ_CP075292.1	IncFII	IncFII	180623	3.6.7.9.10.1562	3	6	7	9	10	1562
RefSeq_NZ_CP075297.1	IncFII	IncFII	181601	3.6.7.9.10.1562	3	6	7	9	10	1562
RefSeq_NZ_CP075304.1	IncFII	IncFII	181344	3.6.7.9.10.1562	3	6	7	9	10	1562
RefSeq_NZ_CP075309.1	IncFII	IncFII	153680	3.6.7.9.10.1848	3	6	7	9	10	1848
RefSeq_NZ_CP075310.1	IncFII	IncFII	122086	4.5.6.7.21.658	4	5	6	7	21	658
RefSeq_NZ_CP075318.1	IncFII	IncFII	105939	4.5.6.7.11.1050	4	5	6	7	11	1050
RefSeq_NZ_CP075347.1	IncFII	IncFII	60421	4.5.6.21.246.2382	4	5	6	21	246	2382
RefSeq_NZ_CP075453.1	IncFII	IncFII	181365	3.6.7.9.10.1562	3	6	7	9	10	1562
RefSeq_NZ_CP075458.1	IncFII	IncFII	180315	3.6.7.9.10.1562	3	6	7	9	10	1562
RefSeq_NZ_CP075483.1	IncFII	IncFII	76891	4.5.6.7.9.1930	4	5	6	7	9	1930
RefSeq_NZ_CP075549.1	IncFII	IncFII	181365	3.6.7.9.10.1562	3	6	7	9	10	1562
RefSeq_NZ_CP075553.1	IncFII	IncFII	214082	3.6.7.9.10.2032	3	6	7	9	10	2032
RefSeq_NZ_CP075554.1	IncFII	IncFII	75824	4.5.6.7.11.2034	4	5	6	7	11	2034
RefSeq_NZ_CP075592.1	IncFII	IncFII	182204	3.6.7.9.10.948	3	6	7	9	10	948
RefSeq_NZ_CP075633.1	IncFII	IncFII	120601	3.6.7.66.91.2386	3	6	7	66	91	2386
RefSeq_NZ_CP075667.1	IncFII	IncFII	48758	3.6.7.9.10.2387	3	6	7	9	10	2387
RefSeq_NZ_CP075888.1	IncFII	IncFII	70940	4.5.6.7.11.2389	4	5	6	7	11	2389
RefSeq_NZ_CP075891.1	IncFII	IncFII	187495	3.6.7.9.10.948	3	6	7	9	10	948
RefSeq_NZ_CP075892.1	IncFII	IncFII	97674	4.5.6.7.20.1466	4	5	6	7	20	1466
RefSeq_NZ_CP076032.1	IncFII	IncFII	145073	4.5.6.7.7.1658	4	5	6	7	7	1658
RefSeq_NZ_CP076034.1	IncFII	IncFII	95351	4.5.6.7.9.1990	4	5	6	7	9	1990
RefSeq_NZ_CP076057.1	IncFII	IncFII	120656	4.5.6.7.11.1360	4	5	6	7	11	1360
RefSeq_NZ_CP076107.1	IncFII	IncFII	241766	4.5.6.7.7.2390	4	5	6	7	7	2390
RefSeq_NZ_CP076108.1	IncFII	IncFII	153275	4.5.6.7.7.2391	4	5	6	7	7	2391
RefSeq_NZ_CP076112.1	IncFII	IncFII	153283	4.5.6.7.7.2391	4	5	6	7	7	2391
RefSeq_NZ_CP076236.1	IncFII	IncFII	94567	3.6.7.66.440.1026	3	6	7	66	440	1026
RefSeq_NZ_CP076244.1	IncFII	IncFII	94595	3.6.7.9.181.1117	3	6	7	9	181	1117
RefSeq_NZ_CP076260.1	IncFII	IncFII	89049	3.6.7.9.135.466	3	6	7	9	135	466
RefSeq_NZ_CP076269.1	IncFII	IncFII	88268	3.6.7.66.91.470	3	6	7	66	91	470
RefSeq_NZ_CP076273.1	IncFII	IncFII	88425	3.6.7.9.10.472	3	6	7	9	10	472
RefSeq_NZ_CP076345.1	IncFII	IncFII	101018	4.5.6.7.11.1189	4	5	6	7	11	1189
RefSeq_NZ_CP076454.1	IncFII	IncFII	162330	3.6.7.9.10.623	3	6	7	9	10	623
RefSeq_NZ_CP076455.1	IncFII	IncFII	92566	3.6.7.66.91.2338	3	6	7	66	91	2338
RefSeq_NZ_CP076519.1	IncFII	IncFII	247566	3.6.7.9.10.2032	3	6	7	9	10	2032
RefSeq_NZ_CP076529.1	IncFII	IncFII	67321	3.6.7.9.10.2138	3	6	7	9	10	2138
RefSeq_NZ_CP076554.1	IncFII	IncFII	123686	4.5.6.7.21.1651	4	5	6	7	21	1651
RefSeq_NZ_CP076694.1	IncFII	IncFII	146805	3.6.7.9.10.2397	3	6	7	9	10	2397
RefSeq_NZ_CP076699.1	IncFII	IncFII	102381	4.5.6.7.11.2398	4	5	6	7	11	2398
RefSeq_NZ_CP077212.1	IncFII	IncFII	199566	4.5.6.7.7.235	4	5	6	7	7	235
RefSeq_NZ_CP077280.1	IncFII	IncFII	151573	3.6.7.9.10.2400	3	6	7	9	10	2400
RefSeq_NZ_CP077408.1	IncFII	IncFII	151584	3.6.7.9.14.2401	3	6	7	9	14	2401
RefSeq_NZ_CP077412.1	IncFII	IncFII	118412	4.5.6.7.11.2402	4	5	6	7	11	2402
RefSeq_NZ_CP077430.1	IncFII	IncFII	78159	4.5.6.7.482.2404	4	5	6	7	482	2404
RefSeq_NZ_CP077647.1	IncFII	IncFII	138757	3.6.7.66.440.2405	3	6	7	66	440	2405
RefSeq_NZ_CP077650.1	IncFII	IncFII	138757	3.6.7.66.440.2405	3	6	7	66	440	2405
RefSeq_NZ_CP077669.1	IncFII	IncFII	94048	4.5.6.7.11.1051	4	5	6	7	11	1051
RefSeq_NZ_CP077695.1	IncFII	IncFII	26031	3.6.7.10.471.2406	3	6	7	10	471	2406
RefSeq_NZ_CP077697.1	IncFII	IncFII	94857	3.6.7.9.10.1422	3	6	7	9	10	1422
RefSeq_NZ_CP077698.1	IncFII	IncFII	26030	3.6.7.20.438.2378	3	6	7	20	438	2378
RefSeq_NZ_CP077701.1	IncFII	IncFII	26022	3.6.7.20.438.2378	3	6	7	20	438	2378
RefSeq_NZ_CP077705.1	IncFII	IncFII	67728	3.4.8.11.247.1371	3	4	8	11	247	1371
RefSeq_NZ_CP077709.1	IncFII	IncFII	26031	3.6.7.20.438.2378	3	6	7	20	438	2378
RefSeq_NZ_CP077761.1	IncFII	IncFII	88418	4.5.6.18.460.2407	4	5	6	18	460	2407
RefSeq_NZ_CP077776.1	IncFII	IncFII	86980	4.5.6.7.21.1149	4	5	6	7	21	1149
RefSeq_NZ_CP077777.1	IncFII	IncFII	140828	4.5.6.7.9.1673	4	5	6	7	9	1673
RefSeq_NZ_CP078123.1	IncFII	IncFII	157394	4.5.6.7.11.2409	4	5	6	7	11	2409
RefSeq_NZ_CP078125.1	IncFII	IncFII	95399	4.5.6.7.21.1182	4	5	6	7	21	1182
RefSeq_NZ_CP079116.1	IncFII	IncFII	210997	3.6.7.48.65.2411	3	6	7	48	65	2411
RefSeq_NZ_CP079121.1	IncFII	IncFII	198536	4.5.6.7.7.260	4	5	6	7	7	260
RefSeq_NZ_CP079132.1	IncFII	IncFII	198536	4.5.6.7.7.260	4	5	6	7	7	260
RefSeq_NZ_CP079140.1	IncFII	IncFII	211813	4.5.6.7.7.48	4	5	6	7	7	48
RefSeq_NZ_CP079147.1	IncFII	IncFII	211813	4.5.6.7.7.48	4	5	6	7	7	48
RefSeq_NZ_CP079152.1	IncFII	IncFII	211813	4.5.6.7.7.48	4	5	6	7	7	48
RefSeq_NZ_CP079157.1	IncFII	IncFII	211813	4.5.6.7.7.48	4	5	6	7	7	48
RefSeq_NZ_CP079165.1	IncFII	IncFII	213013	4.5.6.7.7.48	4	5	6	7	7	48
RefSeq_NZ_CP079173.1	IncFII	IncFII	210501	3.6.7.48.65.2411	3	6	7	48	65	2411
RefSeq_NZ_CP079174.1	IncFII	IncFII	157028	4.5.6.7.21.2412	4	5	6	7	21	2412
RefSeq_NZ_CP079180.1	IncFII	IncFII	160795	4.5.6.7.7.1902	4	5	6	7	7	1902
RefSeq_NZ_CP079181.1	IncFII	IncFII	71307	4.5.6.7.21.1759	4	5	6	7	21	1759
RefSeq_NZ_CP079187.1	IncFII	IncFII	160795	4.5.6.7.7.1902	4	5	6	7	7	1902
RefSeq_NZ_CP079188.1	IncFII	IncFII	71264	4.5.6.7.21.1759	4	5	6	7	21	1759
RefSeq_NZ_CP079600.1	IncFII	IncFII	213013	4.5.6.7.7.48	4	5	6	7	7	48
RefSeq_NZ_CP079607.1	IncFII	IncFII	120325	4.5.6.7.11.2413	4	5	6	7	11	2413
RefSeq_NZ_CP079609.1	IncFII	IncFII	71307	4.5.6.7.21.1759	4	5	6	7	21	1759
RefSeq_NZ_CP079619.1	IncFII	IncFII	157028	4.5.6.7.21.2412	4	5	6	7	21	2412
RefSeq_NZ_CP079625.1	IncFII	IncFII	211805	4.5.6.7.7.48	4	5	6	7	7	48
RefSeq_NZ_CP079630.1	IncFII	IncFII	211805	4.5.6.7.7.48	4	5	6	7	7	48
RefSeq_NZ_CP079637.1	IncFII	IncFII	127803	4.5.6.7.7.1902	4	5	6	7	7	1902
RefSeq_NZ_CP079638.1	IncFII	IncFII	73277	4.5.6.7.20.2414	4	5	6	7	20	2414
RefSeq_NZ_CP079643.1	IncFII	IncFII	127803	4.5.6.7.7.1902	4	5	6	7	7	1902
RefSeq_NZ_CP079644.1	IncFII	IncFII	73277	4.5.6.7.20.2414	4	5	6	7	20	2414
RefSeq_NZ_CP079646.1	IncFII	IncFII	150711	3.6.7.48.65.2415	3	6	7	48	65	2415
RefSeq_NZ_CP079657.1	IncFII	IncFII	157028	4.5.6.7.21.2412	4	5	6	7	21	2412
RefSeq_NZ_CP079658.1	IncFII	IncFII	29628	3.6.7.66.91.2416	3	6	7	66	91	2416
RefSeq_NZ_CP079670.1	IncFII	IncFII	211813	4.5.6.7.7.48	4	5	6	7	7	48
RefSeq_NZ_CP079674.1	IncFII	IncFII	213013	4.5.6.7.7.48	4	5	6	7	7	48
RefSeq_NZ_CP079684.1	IncFII	IncFII	120317	4.5.6.7.11.2413	4	5	6	7	11	2413
RefSeq_NZ_CP079685.1	IncFII	IncFII	71306	4.5.6.7.21.1759	4	5	6	7	21	1759
RefSeq_NZ_CP079694.1	IncFII	IncFII	55146	4.5.6.7.7.2417	4	5	6	7	7	2417
RefSeq_NZ_CP079727.1	IncFII	IncFII	133750	3.6.7.9.200.1920	3	6	7	9	200	1920
RefSeq_NZ_CP079753.1	IncFII	IncFII	167012	4.5.6.7.7.2418	4	5	6	7	7	2418
RefSeq_NZ_CP079783.1	IncFII	IncFII	90695	3.6.7.66.91.2161	3	6	7	66	91	2161
RefSeq_NZ_CP079803.1	IncFII	IncFII	98922	4.5.6.7.9.2419	4	5	6	7	9	2419
RefSeq_NZ_CP079809.1	IncFII	IncFII	55140	4.5.6.7.7.2417	4	5	6	7	7	2417
RefSeq_NZ_CP079842.1	IncFII	IncFII	67286	4.5.6.59.472.2420	4	5	6	59	472	2420
RefSeq_NZ_CP079853.1	IncFII	IncFII	177356	3.6.7.9.10.1143	3	6	7	9	10	1143
RefSeq_NZ_CP079854.1	IncFII	IncFII	70873	3.6.7.9.200.2421	3	6	7	9	200	2421
RefSeq_NZ_CP079885.1	IncFII	IncFII	118628	3.6.7.66.91.2422	3	6	7	66	91	2422
RefSeq_NZ_CP080092.1	IncFII	IncFII	59372	4.5.6.7.447.1068	4	5	6	7	447	1068
RefSeq_NZ_CP080101.1	IncFII	IncFII	113444	4.5.6.59.472.2430	4	5	6	59	472	2430
RefSeq_NZ_CP080109.1	IncFII	IncFII	139140	4.5.6.7.7.492	4	5	6	7	7	492
RefSeq_NZ_CP080157.1	IncFII	IncFII	180318	3.6.7.9.10.2432	3	6	7	9	10	2432
RefSeq_NZ_CP080165.1	IncFII	IncFII	180290	3.6.7.9.10.2432	3	6	7	9	10	2432
RefSeq_NZ_CP080173.1	IncFII	IncFII	169561	3.6.7.9.10.142	3	6	7	9	10	142
RefSeq_NZ_CP080226.1	IncFII	IncFII	82610	4.5.6.7.9.2033	4	5	6	7	9	2033
RefSeq_NZ_CP080236.1	IncFII	IncFII	83443	3.6.7.66.91.2435	3	6	7	66	91	2435
RefSeq_NZ_CP080299.1	IncFII	IncFII	128928	4.5.6.7.7.937	4	5	6	7	7	937
RefSeq_NZ_CP080300.1	IncFII	IncFII	80673	4.5.6.7.30.1398	4	5	6	7	30	1398
RefSeq_NZ_CP080305.1	IncFII	IncFII	128928	4.5.6.7.7.937	4	5	6	7	7	937
RefSeq_NZ_CP080306.1	IncFII	IncFII	92645	4.5.6.7.30.2438	4	5	6	7	30	2438
RefSeq_NZ_CP080311.1	IncFII	IncFII	128928	4.5.6.7.7.937	4	5	6	7	7	937
RefSeq_NZ_CP080312.1	IncFII	IncFII	80673	4.5.6.7.30.1398	4	5	6	7	30	1398
RefSeq_NZ_CP080351.1	IncFII	IncFII	193800	3.6.7.9.200.949	3	6	7	9	200	949
RefSeq_NZ_CP080359.1	IncFII	IncFII	136344	4.5.6.7.21.1890	4	5	6	7	21	1890
RefSeq_NZ_CP080363.1	IncFII	IncFII	190150	4.5.6.7.7.260	4	5	6	7	7	260
RefSeq_NZ_CP080366.1	IncFII	IncFII	85191	4.5.6.7.21.1894	4	5	6	7	21	1894
RefSeq_NZ_CP080372.1	IncFII	IncFII	97614	3.6.7.9.10.1966	3	6	7	9	10	1966
RefSeq_NZ_CP080446.1	IncFII	IncFII	90943	4.5.6.7.20.2439	4	5	6	7	20	2439
RefSeq_NZ_CP080447.1	IncFII	IncFII	76526	4.5.6.7.9.1930	4	5	6	7	9	1930
RefSeq_NZ_CP081193.1	IncFII	IncFII	158111	3.6.7.9.10.675	3	6	7	9	10	675
RefSeq_NZ_CP081307.1	IncFII	IncFII	98473	3.6.7.9.10.1966	3	6	7	9	10	1966
RefSeq_NZ_CP081815.1	IncFII	IncFII	180897	4.5.6.7.20.2445	4	5	6	7	20	2445
RefSeq_NZ_CP081821.1	IncFII	IncFII	172862	4.5.6.7.11.1544	4	5	6	7	11	1544
RefSeq_NZ_CP081822.1	IncFII	IncFII	82468	4.5.6.7.21.1149	4	5	6	7	21	1149
RefSeq_NZ_CP082004.1	IncFII	IncFII	105913	4.5.6.7.11.1050	4	5	6	7	11	1050
RefSeq_NZ_CP082007.1	IncFII	IncFII	174262	4.5.6.7.7.260	4	5	6	7	7	260
RefSeq_NZ_CP082020.1	IncFII	IncFII	135837	4.5.6.7.21.2447	4	5	6	7	21	2447
RefSeq_NZ_CP082025.1	IncFII	IncFII	130597	4.5.6.7.30.2448	4	5	6	7	30	2448
RefSeq_NZ_CP082030.1	IncFII	IncFII	105927	4.5.6.7.11.1050	4	5	6	7	11	1050
RefSeq_NZ_CP082031.1	IncFII	IncFII	212588	4.5.6.7.7.48	4	5	6	7	7	48
RefSeq_NZ_CP082034.1	IncFII	IncFII	115559	4.5.6.7.21.1583	4	5	6	7	21	1583
RefSeq_NZ_CP082043.1	IncFII	IncFII	239197	4.5.6.7.7.48	4	5	6	7	7	48
RefSeq_NZ_CP082048.1	IncFII	IncFII	93061	4.5.6.7.7.2449	4	5	6	7	7	2449
RefSeq_NZ_CP082054.1	IncFII	IncFII	57922	4.5.6.7.11.2450	4	5	6	7	11	2450
RefSeq_NZ_CP082057.1	IncFII	IncFII	128293	4.5.6.7.9.2451	4	5	6	7	9	2451
RefSeq_NZ_CP082063.1	IncFII	IncFII	87055	3.6.7.9.10.2157	3	6	7	9	10	2157
RefSeq_NZ_CP082068.1	IncFII	IncFII	130247	3.6.7.9.10.2452	3	6	7	9	10	2452
RefSeq_NZ_CP082098.1	IncFII	IncFII	142105	3.6.7.9.10.142	3	6	7	9	10	142
RefSeq_NZ_CP082104.1	IncFII	IncFII	137906	4.5.6.7.7.2454	4	5	6	7	7	2454
RefSeq_NZ_CP082121.1	IncFII	IncFII	109135	3.6.7.9.10.1765	3	6	7	9	10	1765
RefSeq_NZ_CP082155.1	IncFII	IncFII	220228	4.5.6.7.7.48	4	5	6	7	7	48
RefSeq_NZ_CP082170.1	IncFII	IncFII	110781	4.5.6.8.32.1111	4	5	6	8	32	1111
RefSeq_NZ_CP082177.1	IncFII	IncFII	74646	4.5.6.7.11.2455	4	5	6	7	11	2455
RefSeq_NZ_CP082210.1	IncFII	IncFII	62120	4.5.6.7.21.1777	4	5	6	7	21	1777
RefSeq_NZ_CP082356.1	IncFII	IncFII	88468	4.5.6.7.9.2456	4	5	6	7	9	2456
RefSeq_NZ_CP082358.1	IncFII	IncFII	89947	4.5.6.7.9.2456	4	5	6	7	9	2456
RefSeq_NZ_CP082755.1	IncFII	IncFII	133772	4.5.6.7.7.937	4	5	6	7	7	937
RefSeq_NZ_CP082756.1	IncFII	IncFII	87095	4.5.6.7.30.1398	4	5	6	7	30	1398
RefSeq_NZ_CP082761.1	IncFII	IncFII	133771	4.5.6.7.7.937	4	5	6	7	7	937
RefSeq_NZ_CP082762.1	IncFII	IncFII	87095	4.5.6.7.21.1149	4	5	6	7	21	1149
RefSeq_NZ_CP082767.1	IncFII	IncFII	133376	4.5.6.7.7.937	4	5	6	7	7	937
RefSeq_NZ_CP082768.1	IncFII	IncFII	87095	4.5.6.7.21.1149	4	5	6	7	21	1149
RefSeq_NZ_CP082797.1	IncFII	IncFII	162135	3.6.7.9.14.2457	3	6	7	9	14	2457
RefSeq_NZ_CP082798.1	IncFII	IncFII	95203	3.6.7.66.91.2338	3	6	7	66	91	2338
RefSeq_NZ_CP082825.1	IncFII	IncFII	108070	4.5.6.7.20.2458	4	5	6	7	20	2458
RefSeq_NZ_CP082899.1	IncFII	IncFII	81641	4.5.6.7.21.1149	4	5	6	7	21	1149
RefSeq_NZ_CP082917.1	IncFII	IncFII	59361	4.5.6.7.447.1068	4	5	6	7	447	1068
RefSeq_NZ_CP082937.1	IncFII	IncFII	122148	4.5.6.7.11.1640	4	5	6	7	11	1640
RefSeq_NZ_CP082968.1	IncFII	IncFII	212483	4.5.6.7.7.260	4	5	6	7	7	260
RefSeq_NZ_CP082990.1	IncFII	IncFII	117446	4.5.6.7.11.1640	4	5	6	7	11	1640
RefSeq_NZ_CP083001.1	IncFII	IncFII	140975	4.5.6.7.20.2460	4	5	6	7	20	2460
RefSeq_NZ_CP083008.1	IncFII	IncFII	211349	4.5.6.7.7.1455	4	5	6	7	7	1455
RefSeq_NZ_CP083033.1	IncFII	IncFII	182759	4.5.6.7.7.260	4	5	6	7	7	260
RefSeq_NZ_CP083034.1	IncFII	IncFII	137856	4.5.6.7.20.1088	4	5	6	7	20	1088
RefSeq_NZ_CP083037.1	IncFII	IncFII	194848	3.6.7.9.10.1328	3	6	7	9	10	1328
RefSeq_NZ_CP083045.1	IncFII	IncFII	216901	4.5.6.7.7.48	4	5	6	7	7	48
RefSeq_NZ_CP083049.1	IncFII	IncFII	216901	4.5.6.7.7.48	4	5	6	7	7	48
RefSeq_NZ_CP083056.1	IncFII	IncFII	204868	4.5.6.7.7.2461	4	5	6	7	7	2461
RefSeq_NZ_CP083057.1	IncFII	IncFII	73277	4.5.6.7.7.2462	4	5	6	7	7	2462
RefSeq_NZ_CP083067.1	IncFII	IncFII	165099	4.5.6.7.7.2463	4	5	6	7	7	2463
RefSeq_NZ_CP083072.1	IncFII	IncFII	190458	3.6.7.9.10.948	3	6	7	9	10	948
RefSeq_NZ_CP083076.1	IncFII	IncFII	133444	4.5.6.7.21.2189	4	5	6	7	21	2189
RefSeq_NZ_CP083082.1	IncFII	IncFII	199606	4.5.6.7.7.1756	4	5	6	7	7	1756
RefSeq_NZ_CP083416.1	IncFII	IncFII	4884	3.6.91.262.549.2464	3	6	91	262	549	2464
RefSeq_NZ_CP083484.1	IncFII	IncFII	224105	3.6.7.9.14.2465	3	6	7	9	14	2465
RefSeq_NZ_CP083498.1	IncFII	IncFII	128175	4.5.6.7.9.967	4	5	6	7	9	967
RefSeq_NZ_CP083513.1	IncFII	IncFII	171115	3.6.7.9.238.1162	3	6	7	9	238	1162
RefSeq_NZ_CP083518.1	IncFII	IncFII	45999	3.6.7.9.10.2466	3	6	7	9	10	2466
RefSeq_NZ_CP083531.1	IncFII	IncFII	155994	3.6.7.9.10.638	3	6	7	9	10	638
RefSeq_NZ_CP083538.1	IncFII	IncFII	142075	3.6.7.9.10.142	3	6	7	9	10	142
RefSeq_NZ_CP083632.1	IncFII	IncFII	77601	4.5.6.7.21.2467	4	5	6	7	21	2467
RefSeq_NZ_CP083634.1	IncFII	IncFII	151102	4.5.6.7.21.2468	4	5	6	7	21	2468
RefSeq_NZ_CP083710.1	IncFII	IncFII	165418	4.5.6.7.7.492	4	5	6	7	7	492
RefSeq_NZ_CP083769.1	IncFII	IncFII	250893	4.5.6.7.7.1614	4	5	6	7	7	1614
RefSeq_NZ_CP083776.1	IncFII	IncFII	256803	4.5.6.7.7.1200	4	5	6	7	7	1200
RefSeq_NZ_CP083777.1	IncFII	IncFII	69339	4.5.6.73.503.2469	4	5	6	73	503	2469
RefSeq_NZ_CP083791.1	IncFII	IncFII	271926	4.5.6.7.7.1200	4	5	6	7	7	1200
RefSeq_NZ_CP083798.1	IncFII	IncFII	120982	4.5.6.7.21.2470	4	5	6	7	21	2470
RefSeq_NZ_CP083816.1	IncFII	IncFII	154756	4.5.6.7.20.2471	4	5	6	7	20	2471
RefSeq_NZ_CP083820.1	IncFII	IncFII	94721	4.5.6.7.30.2472	4	5	6	7	30	2472
RefSeq_NZ_CP083832.1	IncFII	IncFII	119051	4.5.6.7.20.2473	4	5	6	7	20	2473
RefSeq_NZ_CP083836.1	IncFII	IncFII	54930	4.5.6.243.484.2474	4	5	6	243	484	2474
RefSeq_NZ_CP083867.1	IncFII	IncFII	224320	4.5.6.59.550.2476	4	5	6	59	550	2476
RefSeq_NZ_CP083875.1	IncFII	IncFII	170625	4.5.6.7.11.2477	4	5	6	7	11	2477
RefSeq_NZ_CP083878.1	IncFII	IncFII	158041	4.5.6.7.7.2478	4	5	6	7	7	2478
RefSeq_NZ_CP083881.1	IncFII	IncFII	159955	4.5.6.7.7.2479	4	5	6	7	7	2479
RefSeq_NZ_CP084002.1	IncFII	IncFII	22421	3.6.7.232.454.2481	3	6	7	232	454	2481
RefSeq_NZ_CP084027.1	IncFII	IncFII	351436	3.6.7.9.14.2482	3	6	7	9	14	2482
RefSeq_NZ_CP084045.1	IncFII	IncFII	114409	4.5.6.7.11.2413	4	5	6	7	11	2413
RefSeq_NZ_CP084169.1	IncFII	IncFII	137142	3.6.7.9.10.2315	3	6	7	9	10	2315
RefSeq_NZ_CP084195.1	IncFII	IncFII	93861	4.5.6.7.11.1051	4	5	6	7	11	1051
RefSeq_NZ_CP084211.1	IncFII	IncFII	102745	4.5.6.7.21.2486	4	5	6	7	21	2486
RefSeq_NZ_CP084242.1	IncFII	IncFII	293653	3.6.7.9.14.2487	3	6	7	9	14	2487
RefSeq_NZ_CP084338.1	IncFII	IncFII	68335	3.4.8.11.431.1001	3	4	8	11	431	1001
RefSeq_NZ_CP084341.1	IncFII	IncFII	68337	3.4.8.11.431.1001	3	4	8	11	431	1001
RefSeq_NZ_CP084345.1	IncFII	IncFII	71623	3.4.8.11.431.1005	3	4	8	11	431	1005
RefSeq_NZ_CP084416.1	IncFII	IncFII	101530	4.5.6.7.21.2488	4	5	6	7	21	2488
RefSeq_NZ_CP084494.1	IncFII	IncFII	152725	4.5.6.7.21.1583	4	5	6	7	21	1583
RefSeq_NZ_CP084498.1	IncFII	IncFII	163933	4.5.6.7.21.1651	4	5	6	7	21	1651
RefSeq_NZ_CP084503.1	IncFII	IncFII	251955	4.5.6.7.7.1200	4	5	6	7	7	1200
RefSeq_NZ_CP084504.1	IncFII	IncFII	149924	3.6.7.9.10.2489	3	6	7	9	10	2489
RefSeq_NZ_CP084533.1	IncFII	IncFII	59372	4.5.6.7.447.1068	4	5	6	7	447	1068
RefSeq_NZ_CP084544.1	IncFII	IncFII	103463	4.5.6.8.451.1090	4	5	6	8	451	1090
RefSeq_NZ_CP084665.1	IncFII	IncFII	23963	3.6.7.20.438.2490	3	6	7	20	438	2490
RefSeq_NZ_CP084708.1	IncFII	IncFII	124300	4.5.6.7.20.2491	4	5	6	7	20	2491
RefSeq_NZ_CP084745.1	IncFII	IncFII	128928	4.5.6.7.7.937	4	5	6	7	7	937
RefSeq_NZ_CP084747.1	IncFII	IncFII	82121	4.5.6.7.30.1398	4	5	6	7	30	1398
RefSeq_NZ_CP084769.1	IncFII	IncFII	379802	4.5.6.7.7.1302	4	5	6	7	7	1302
RefSeq_NZ_CP084774.1	IncFII	IncFII	124980	3.6.7.9.10.2492	3	6	7	9	10	2492
RefSeq_NZ_CP084776.1	IncFII	IncFII	84354	4.5.6.7.20.2493	4	5	6	7	20	2493
RefSeq_NZ_CP084778.1	IncFII	IncFII	151441	3.6.7.9.10.2400	3	6	7	9	10	2400
RefSeq_NZ_CP084780.1	IncFII	IncFII	239503	4.5.6.7.7.48	4	5	6	7	7	48
RefSeq_NZ_CP084784.1	IncFII	IncFII	195396	4.5.6.7.7.48	4	5	6	7	7	48
RefSeq_NZ_CP084788.1	IncFII	IncFII	104756	4.5.6.7.21.2494	4	5	6	7	21	2494
RefSeq_NZ_CP084790.1	IncFII	IncFII	205084	3.6.7.9.10.2495	3	6	7	9	10	2495
RefSeq_NZ_CP084805.1	IncFII	IncFII	195131	4.5.6.7.7.1400	4	5	6	7	7	1400
RefSeq_NZ_CP084808.1	IncFII	IncFII	144916	4.5.6.7.21.2496	4	5	6	7	21	2496
RefSeq_NZ_CP084819.1	IncFII	IncFII	108548	4.5.6.7.21.2497	4	5	6	7	21	2497
RefSeq_NZ_CP084834.1	IncFII	IncFII	109813	4.5.6.7.11.2498	4	5	6	7	11	2498
RefSeq_NZ_CP084846.1	IncFII	IncFII	101892	4.5.6.7.21.2499	4	5	6	7	21	2499
RefSeq_NZ_CP084861.1	IncFII	IncFII	226445	4.5.6.7.7.2374	4	5	6	7	7	2374
RefSeq_NZ_CP084877.1	IncFII	IncFII	163751	4.5.6.7.11.2500	4	5	6	7	11	2500
RefSeq_NZ_CP084988.1	IncFII	IncFII	142244	4.5.6.7.21.1490	4	5	6	7	21	1490
RefSeq_NZ_CP085034.1	IncFII	IncFII	187807	4.5.6.7.7.48	4	5	6	7	7	48
RefSeq_NZ_CP085064.1	IncFII	IncFII	133958	3.6.7.9.10.2501	3	6	7	9	10	2501
RefSeq_NZ_CP085070.1	IncFII	IncFII	146039	3.6.7.9.10.2502	3	6	7	9	10	2502
RefSeq_NZ_CP085104.1	IncFII	IncFII	151942	4.5.6.7.7.2503	4	5	6	7	7	2503
RefSeq_NZ_CP085186.1	IncFII	IncFII	49706	4.5.6.7.9.2504	4	5	6	7	9	2504
RefSeq_NZ_CP085190.1	IncFII	IncFII	93120	4.5.6.7.11.1192	4	5	6	7	11	1192
RefSeq_NZ_CP085198.1	IncFII	IncFII	183890	4.5.6.7.7.2505	4	5	6	7	7	2505
RefSeq_NZ_CP085204.1	IncFII	IncFII	58626	4.5.6.22.434.2506	4	5	6	22	434	2506
RefSeq_NZ_CP085731.1	IncFII	IncFII	170174	3.6.7.9.10.512	3	6	7	9	10	512
RefSeq_NZ_CP085746.1	IncFII	IncFII	159360	4.5.6.7.7.2507	4	5	6	7	7	2507
RefSeq_NZ_CP085763.1	IncFII	IncFII	171616	4.5.6.7.7.2508	4	5	6	7	7	2508
RefSeq_NZ_CP085765.1	IncFII	IncFII	100320	4.5.6.7.11.2509	4	5	6	7	11	2509
RefSeq_NZ_CP085771.1	IncFII	IncFII	130196	4.5.6.7.20.2510	4	5	6	7	20	2510
RefSeq_NZ_CP085892.1	IncFII	IncFII	87106	4.5.6.7.30.1398	4	5	6	7	30	1398
RefSeq_NZ_CP086202.1	IncFII	IncFII	125002	4.5.6.7.21.2512	4	5	6	7	21	2512
RefSeq_NZ_CP086261.1	IncFII	IncFII	75544	3.4.8.11.247.1054	3	4	8	11	247	1054
RefSeq_NZ_CP086406.1	IncFII	IncFII	85263	4.5.6.7.7.2513	4	5	6	7	7	2513
RefSeq_NZ_CP086456.1	IncFII	IncFII	246787	4.5.6.7.7.48	4	5	6	7	7	48
RefSeq_NZ_CP086459.1	IncFII	IncFII	247089	4.5.6.7.7.48	4	5	6	7	7	48
RefSeq_NZ_CP086462.1	IncFII	IncFII	246787	4.5.6.7.7.48	4	5	6	7	7	48
RefSeq_NZ_CP086465.1	IncFII	IncFII	247089	4.5.6.7.7.48	4	5	6	7	7	48
RefSeq_NZ_CP086468.1	IncFII	IncFII	247089	4.5.6.7.7.48	4	5	6	7	7	48
RefSeq_NZ_CP086607.1	IncFII	IncFII	101785	3.6.7.9.135.2514	3	6	7	9	135	2514
RefSeq_NZ_CP086667.1	IncFII	IncFII	171935	4.5.6.7.7.48	4	5	6	7	7	48
RefSeq_NZ_CP086668.1	IncFII	IncFII	102252	4.5.6.7.11.49	4	5	6	7	11	49
RefSeq_NZ_CP086725.1	IncFII	IncFII	230544	3.6.7.9.10.1795	3	6	7	9	10	1795
RefSeq_NZ_CP087144.1	IncFII	IncFII	133114	4.5.6.7.7.937	4	5	6	7	7	937
RefSeq_NZ_CP087145.1	IncFII	IncFII	99065	4.5.6.7.21.2516	4	5	6	7	21	2516
RefSeq_NZ_CP087148.1	IncFII	IncFII	133129	4.5.6.7.7.937	4	5	6	7	7	937
RefSeq_NZ_CP087149.1	IncFII	IncFII	87095	4.5.6.7.21.1149	4	5	6	7	21	1149
RefSeq_NZ_CP087153.1	IncFII	IncFII	133129	4.5.6.7.7.937	4	5	6	7	7	937
RefSeq_NZ_CP087154.1	IncFII	IncFII	87095	4.5.6.7.30.1398	4	5	6	7	30	1398
RefSeq_NZ_CP087273.1	IncFII	IncFII	117755	3.6.7.9.10.1291	3	6	7	9	10	1291
RefSeq_NZ_CP087282.1	IncFII	IncFII	132089	3.6.7.9.200.2517	3	6	7	9	200	2517
RefSeq_NZ_CP087284.1	IncFII	IncFII	30678	4.5.6.8.554.2518	4	5	6	8	554	2518
RefSeq_NZ_CP087571.1	IncFII	IncFII	151915	3.6.7.9.200.2519	3	6	7	9	200	2519
RefSeq_NZ_CP087607.1	IncFII	IncFII	210574	4.5.6.7.7.1200	4	5	6	7	7	1200
RefSeq_NZ_CP087608.1	IncFII	IncFII	169136	4.5.6.7.7.1617	4	5	6	7	7	1617
RefSeq_NZ_CP087613.1	IncFII	IncFII	106447	4.5.6.7.11.1050	4	5	6	7	11	1050
RefSeq_NZ_CP087614.1	IncFII	IncFII	81442	3.6.7.20.462.2520	3	6	7	20	462	2520
RefSeq_NZ_CP087619.1	IncFII	IncFII	209653	4.5.6.7.7.48	4	5	6	7	7	48
RefSeq_NZ_CP087625.1	IncFII	IncFII	139857	4.5.6.7.21.2030	4	5	6	7	21	2030
RefSeq_NZ_CP087626.1	IncFII	IncFII	91826	4.5.6.7.21.1149	4	5	6	7	21	1149
RefSeq_NZ_CP087630.1	IncFII	IncFII	178812	4.5.6.7.7.1834	4	5	6	7	7	1834
RefSeq_NZ_CP087635.1	IncFII	IncFII	76107	4.5.6.7.21.1762	4	5	6	7	21	1762
RefSeq_NZ_CP087640.1	IncFII	IncFII	133772	4.5.6.7.7.937	4	5	6	7	7	937
RefSeq_NZ_CP087642.1	IncFII	IncFII	87095	4.5.6.7.30.1398	4	5	6	7	30	1398
RefSeq_NZ_CP087646.1	IncFII	IncFII	273290	4.5.6.7.7.1200	4	5	6	7	7	1200
RefSeq_NZ_CP087647.1	IncFII	IncFII	182556	4.5.6.7.21.1651	4	5	6	7	21	1651
RefSeq_NZ_CP087653.1	IncFII	IncFII	112393	4.5.6.7.21.1762	4	5	6	7	21	1762
RefSeq_NZ_CP087654.1	IncFII	IncFII	103339	4.5.6.7.11.2034	4	5	6	7	11	2034
RefSeq_NZ_CP087659.1	IncFII	IncFII	118186	4.5.6.7.20.2521	4	5	6	7	20	2521
RefSeq_NZ_CP087660.1	IncFII	IncFII	112390	4.5.6.7.21.1762	4	5	6	7	21	1762
RefSeq_NZ_CP087665.1	IncFII	IncFII	141469	4.5.6.7.11.1083	4	5	6	7	11	1083
RefSeq_NZ_CP087666.1	IncFII	IncFII	112224	4.5.6.7.21.1762	4	5	6	7	21	1762
RefSeq_NZ_CP087672.1	IncFII	IncFII	71532	3.6.7.9.200.2522	3	6	7	9	200	2522
RefSeq_NZ_CP087708.1	IncFII	IncFII	210296	3.6.7.9.200.1013	3	6	7	9	200	1013
RefSeq_NZ_CP088122.1	IncFII	IncFII	72636	4.5.6.7.21.1548	4	5	6	7	21	1548
RefSeq_NZ_CP088124.1	IncFII	IncFII	186056	4.5.6.7.7.2523	4	5	6	7	7	2523
RefSeq_NZ_CP088125.1	IncFII	IncFII	101184	3.6.7.66.91.2524	3	6	7	66	91	2524
RefSeq_NZ_CP088128.1	IncFII	IncFII	72637	4.5.6.7.21.1548	4	5	6	7	21	1548
RefSeq_NZ_CP088129.1	IncFII	IncFII	186040	4.5.6.7.7.2523	4	5	6	7	7	2523
RefSeq_NZ_CP088130.1	IncFII	IncFII	100928	4.5.6.7.9.2352	4	5	6	7	9	2352
RefSeq_NZ_CP088135.1	IncFII	IncFII	49556	4.5.6.7.11.1000	4	5	6	7	11	1000
RefSeq_NZ_CP088137.1	IncFII	IncFII	86811	4.5.6.18.460.2407	4	5	6	18	460	2407
RefSeq_NZ_CP088139.1	IncFII	IncFII	125931	4.5.6.7.21.2525	4	5	6	7	21	2525
RefSeq_NZ_CP088143.1	IncFII	IncFII	92906	4.5.6.7.11.1402	4	5	6	7	11	1402
RefSeq_NZ_CP088979.1	IncFII	IncFII	144296	4.5.6.7.7.2526	4	5	6	7	7	2526
RefSeq_NZ_CP088983.1	IncFII	IncFII	97945	3.6.7.20.202.2527	3	6	7	20	202	2527
RefSeq_NZ_CP088989.1	IncFII	IncFII	121561	4.5.6.7.21.2528	4	5	6	7	21	2528
RefSeq_NZ_CP088994.1	IncFII	IncFII	83442	4.5.6.7.30.1398	4	5	6	7	30	1398
RefSeq_NZ_CP088995.1	IncFII	IncFII	140550	4.5.6.7.9.1673	4	5	6	7	9	1673
RefSeq_NZ_CP089000.1	IncFII	IncFII	279210	4.5.6.7.7.2529	4	5	6	7	7	2529
RefSeq_NZ_CP089009.1	IncFII	IncFII	80050	4.5.6.7.9.1900	4	5	6	7	9	1900
RefSeq_NZ_CP089017.1	IncFII	IncFII	100026	4.5.6.7.11.2530	4	5	6	7	11	2530
RefSeq_NZ_CP089022.1	IncFII	IncFII	97945	3.6.7.20.202.2527	3	6	7	20	202	2527
RefSeq_NZ_CP089028.1	IncFII	IncFII	107790	4.5.6.7.21.2531	4	5	6	7	21	2531
RefSeq_NZ_CP089029.1	IncFII	IncFII	124933	4.5.6.7.21.321	4	5	6	7	21	321
RefSeq_NZ_CP089037.1	IncFII	IncFII	92418	3.6.7.66.440.1026	3	6	7	66	440	1026
RefSeq_NZ_CP089099.1	IncFII	IncFII	152520	3.6.7.9.10.1993	3	6	7	9	10	1993
RefSeq_NZ_CP089135.1	IncFII	IncFII	129210	4.5.6.7.11.2532	4	5	6	7	11	2532
RefSeq_NZ_CP089137.1	IncFII	IncFII	85891	4.5.6.7.9.2533	4	5	6	7	9	2533
RefSeq_NZ_CP089273.1	IncFII	IncFII	94596	3.6.7.66.440.1026	3	6	7	66	440	1026
RefSeq_NZ_CP089384.1	IncFII	IncFII	243534	4.5.6.7.7.48	4	5	6	7	7	48
RefSeq_NZ_CP089386.1	IncFII	IncFII	289376	4.5.6.7.7.2079	4	5	6	7	7	2079
RefSeq_NZ_CP089396.1	IncFII	IncFII	136868	4.5.6.7.7.2534	4	5	6	7	7	2534
RefSeq_NZ_CP089398.1	IncFII	IncFII	40630	3.6.7.20.438.2535	3	6	7	20	438	2535
RefSeq_NZ_CP089429.1	IncFII	IncFII	66743	4.5.6.7.21.2538	4	5	6	7	21	2538
RefSeq_NZ_CP089447.1	IncFII	IncFII	125150	4.5.6.7.21.1624	4	5	6	7	21	1624
RefSeq_NZ_CP089510.1	IncFII	IncFII	239834	3.6.7.9.10.2032	3	6	7	9	10	2032
RefSeq_NZ_CP089512.1	IncFII	IncFII	82475	3.6.7.20.462.2540	3	6	7	20	462	2540
RefSeq_NZ_CP089600.1	IncFII	IncFII	136701	3.6.7.9.14.2541	3	6	7	9	14	2541
RefSeq_NZ_CP089763.1	IncFII	IncFII	135709	4.5.6.7.21.1624	4	5	6	7	21	1624
RefSeq_NZ_CP089769.1	IncFII	IncFII	161792	3.6.7.9.14.2457	3	6	7	9	14	2457
RefSeq_NZ_CP089871.1	IncFII	IncFII	231344	4.5.6.7.7.2542	4	5	6	7	7	2542
RefSeq_NZ_CP089876.1	IncFII	IncFII	110438	4.5.6.7.21.2137	4	5	6	7	21	2137
RefSeq_NZ_CP089881.1	IncFII	IncFII	253878	4.5.6.7.7.1200	4	5	6	7	7	1200
RefSeq_NZ_CP089885.1	IncFII	IncFII	247180	4.5.6.7.7.48	4	5	6	7	7	48
RefSeq_NZ_CP089886.1	IncFII	IncFII	131492	4.5.6.7.21.1579	4	5	6	7	21	1579
RefSeq_NZ_CP089933.1	IncFII	IncFII	37808	3.6.7.66.91.2544	3	6	7	66	91	2544
RefSeq_NZ_CP089936.1	IncFII	IncFII	39626	3.6.7.66.555.2545	3	6	7	66	555	2545
RefSeq_NZ_CP089941.1	IncFII	IncFII	40835	4.5.6.242.479.2546	4	5	6	242	479	2546
RefSeq_NZ_CP089944.1	IncFII	IncFII	39625	3.6.7.66.555.2545	3	6	7	66	555	2545
RefSeq_NZ_CP089946.1	IncFII	IncFII	30315	3.6.7.66.555.2547	3	6	7	66	555	2547
RefSeq_NZ_CP089961.1	IncFII	IncFII	219770	4.5.6.7.7.48	4	5	6	7	7	48
RefSeq_NZ_CP090062.1	IncFII	IncFII	189603	4.5.6.7.7.2548	4	5	6	7	7	2548
RefSeq_NZ_CP090079.1	IncFII	IncFII	235644	4.5.6.7.7.48	4	5	6	7	7	48
RefSeq_NZ_CP090127.1	IncFII	IncFII	103807	3.6.7.9.10.2549	3	6	7	9	10	2549
RefSeq_NZ_CP090128.1	IncFII	IncFII	88164	4.5.6.8.451.2550	4	5	6	8	451	2550
RefSeq_NZ_CP090204.1	IncFII	IncFII	126203	4.5.6.7.11.2409	4	5	6	7	11	2409
RefSeq_NZ_CP090219.1	IncFII	IncFII	172001	4.5.6.7.9.1673	4	5	6	7	9	1673
RefSeq_NZ_CP090220.1	IncFII	IncFII	193044	3.6.7.9.10.948	3	6	7	9	10	948
RefSeq_NZ_CP090345.1	IncFII	IncFII	132507	4.5.6.7.11.2290	4	5	6	7	11	2290
RefSeq_NZ_CP090346.1	IncFII	IncFII	87091	4.5.6.7.30.1398	4	5	6	7	30	1398
RefSeq_NZ_CP090390.1	IncFII	IncFII	256194	4.5.6.7.7.48	4	5	6	7	7	48
RefSeq_NZ_CP090394.1	IncFII	IncFII	249955	4.5.6.7.7.260	4	5	6	7	7	260
RefSeq_NZ_CP090434.1	IncFII	IncFII	134873	4.5.6.7.7.937	4	5	6	7	7	937
RefSeq_NZ_CP090435.1	IncFII	IncFII	87095	4.5.6.7.21.1149	4	5	6	7	21	1149
RefSeq_NZ_CP090458.1	IncFII	IncFII	147204	4.5.6.7.9.967	4	5	6	7	9	967
RefSeq_NZ_CP090464.1	IncFII	IncFII	134477	4.5.6.7.11.2290	4	5	6	7	11	2290
RefSeq_NZ_CP090465.1	IncFII	IncFII	83551	4.5.6.7.21.1149	4	5	6	7	21	1149
RefSeq_NZ_CP090471.1	IncFII	IncFII	135574	4.5.6.7.21.2553	4	5	6	7	21	2553
RefSeq_NZ_CP090619.1	IncFII	IncFII	102938	3.6.7.66.91.2524	3	6	7	66	91	2524
RefSeq_NZ_CP090620.1	IncFII	IncFII	95171	4.5.6.7.9.2554	4	5	6	7	9	2554
RefSeq_NZ_CP090624.1	IncFII	IncFII	115240	4.5.6.7.20.2555	4	5	6	7	20	2555
RefSeq_NZ_CP090627.1	IncFII	IncFII	116335	4.5.6.7.11.49	4	5	6	7	11	49
RefSeq_NZ_CP090630.1	IncFII	IncFII	115240	4.5.6.7.20.2555	4	5	6	7	20	2555
RefSeq_NZ_CP090835.1	IncFII	IncFII	75446	4.5.6.7.20.2558	4	5	6	7	20	2558
RefSeq_NZ_CP090910.1	IncFII	IncFII	148434	4.5.6.7.7.2559	4	5	6	7	7	2559
RefSeq_NZ_CP090933.1	IncFII	IncFII	66743	4.5.6.7.21.2538	4	5	6	7	21	2538
RefSeq_NZ_CP091023.1	IncFII	IncFII	87231	3.6.7.9.10.2561	3	6	7	9	10	2561
RefSeq_NZ_CP091051.1	IncFII	IncFII	120990	4.5.6.7.21.658	4	5	6	7	21	658
RefSeq_NZ_CP091060.1	IncFII	IncFII	57896	3.6.7.9.10.2563	3	6	7	9	10	2563
RefSeq_NZ_CP091063.1	IncFII	IncFII	66070	3.6.7.9.200.2564	3	6	7	9	200	2564
RefSeq_NZ_CP091070.1	IncFII	IncFII	103130	4.5.6.7.21.2565	4	5	6	7	21	2565
RefSeq_NZ_CP091071.1	IncFII	IncFII	87095	4.5.6.7.21.1149	4	5	6	7	21	1149
RefSeq_NZ_CP091299.1	IncFII	IncFII	104427	4.5.6.7.9.2566	4	5	6	7	9	2566
RefSeq_NZ_CP091321.1	IncFII	IncFII	123729	4.5.6.21.498.2567	4	5	6	21	498	2567
RefSeq_NZ_CP091331.1	IncFII	IncFII	203312	4.5.6.7.7.260	4	5	6	7	7	260
RefSeq_NZ_CP091332.1	IncFII	IncFII	123020	4.5.6.7.11.2568	4	5	6	7	11	2568
RefSeq_NZ_CP091472.1	IncFII	IncFII	62120	4.5.6.7.11.1705	4	5	6	7	11	1705
RefSeq_NZ_CP091488.1	IncFII	IncFII	165214	4.5.6.7.7.2569	4	5	6	7	7	2569
RefSeq_NZ_CP091491.1	IncFII	IncFII	99483	4.5.6.7.20.2571	4	5	6	7	20	2571
RefSeq_NZ_CP091494.1	IncFII	IncFII	160020	4.5.6.7.7.2572	4	5	6	7	7	2572
RefSeq_NZ_CP091498.1	IncFII	IncFII	181169	4.5.6.7.7.2569	4	5	6	7	7	2569
RefSeq_NZ_CP091499.1	IncFII	IncFII	99480	4.5.6.7.21.1253	4	5	6	7	21	1253
RefSeq_NZ_CP091565.1	IncFII	IncFII	70486	4.5.6.73.103.1272	4	5	6	73	103	1272
RefSeq_NZ_CP091574.1	IncFII	IncFII	78621	4.5.6.73.103.1591	4	5	6	73	103	1591
RefSeq_NZ_CP091584.1	IncFII	IncFII	214248	4.5.6.7.7.1345	4	5	6	7	7	1345
RefSeq_NZ_CP091585.1	IncFII	IncFII	124386	3.6.7.9.10.2573	3	6	7	9	10	2573
RefSeq_NZ_CP091593.1	IncFII	IncFII	96023	4.5.6.7.11.2575	4	5	6	7	11	2575
RefSeq_NZ_CP091599.1	IncFII	IncFII	211798	4.5.6.7.7.48	4	5	6	7	7	48
RefSeq_NZ_CP091655.1	IncFII	IncFII	83291	4.5.6.224.423.2576	4	5	6	224	423	2576
RefSeq_NZ_CP091685.1	IncFII	IncFII	86532	3.6.7.9.10.2157	3	6	7	9	10	2157
RefSeq_NZ_CP091692.1	IncFII	IncFII	154958	4.5.6.7.7.2579	4	5	6	7	7	2579
RefSeq_NZ_CP091693.1	IncFII	IncFII	68938	3.6.7.9.10.2580	3	6	7	9	10	2580
RefSeq_NZ_CP091705.1	IncFII	IncFII	100940	3.6.7.9.10.2581	3	6	7	9	10	2581
RefSeq_NZ_CP091753.1	IncFII	IncFII	252919	4.5.6.7.7.1502	4	5	6	7	7	1502
RefSeq_NZ_CP091757.1	IncFII	IncFII	298935	4.5.6.7.7.260	4	5	6	7	7	260
RefSeq_NZ_CP091780.1	IncFII	IncFII	103776	4.5.6.7.21.2582	4	5	6	7	21	2582
RefSeq_NZ_CP091782.1	IncFII	IncFII	119234	4.5.6.7.21.2583	4	5	6	7	21	2583
RefSeq_NZ_CP091812.1	IncFII	IncFII	344532	4.5.6.7.20.2584	4	5	6	7	20	2584
RefSeq_NZ_CP091848.1	IncFII	IncFII	171032	4.5.6.7.7.48	4	5	6	7	7	48
RefSeq_NZ_CP091987.1	IncFII	IncFII	171032	4.5.6.7.7.48	4	5	6	7	7	48
RefSeq_NZ_CP092254.1	IncFII	IncFII	70864	4.5.6.7.9.2586	4	5	6	7	9	2586
RefSeq_NZ_CP092274.1	IncFII	IncFII	166543	4.5.6.7.21.1651	4	5	6	7	21	1651
RefSeq_NZ_CP092275.1	IncFII	IncFII	32126	3.6.7.10.70.2588	3	6	7	10	70	2588
RefSeq_NZ_CP092337.1	IncFII	IncFII	212639	3.6.7.9.10.1328	3	6	7	9	10	1328
RefSeq_NZ_CP092513.1	IncFII	IncFII	203351	4.5.6.7.7.1302	4	5	6	7	7	1302
RefSeq_NZ_CP092590.1	IncFII	IncFII	177059	3.6.7.9.10.948	3	6	7	9	10	948
RefSeq_NZ_CP092649.1	IncFII	IncFII	90810	4.5.6.7.7.2154	4	5	6	7	7	2154
RefSeq_NZ_CP092654.1	IncFII	IncFII	171047	4.5.6.7.7.48	4	5	6	7	7	48
RefSeq_NZ_CP092754.1	IncFII	IncFII	228673	4.5.6.7.20.1454	4	5	6	7	20	1454
RefSeq_NZ_CP092755.1	IncFII	IncFII	118840	4.5.6.7.11.49	4	5	6	7	11	49
RefSeq_NZ_CP092760.1	IncFII	IncFII	228671	4.5.6.7.20.1454	4	5	6	7	20	1454
RefSeq_NZ_CP092761.1	IncFII	IncFII	118949	4.5.6.7.11.49	4	5	6	7	11	49
RefSeq_NZ_CP092766.1	IncFII	IncFII	228809	4.5.6.7.20.1454	4	5	6	7	20	1454
RefSeq_NZ_CP092767.1	IncFII	IncFII	118949	4.5.6.7.11.49	4	5	6	7	11	49
RefSeq_NZ_CP092788.1	IncFII	IncFII	133775	4.5.6.7.7.937	4	5	6	7	7	937
RefSeq_NZ_CP092789.1	IncFII	IncFII	87095	4.5.6.7.21.1149	4	5	6	7	21	1149
RefSeq_NZ_CP092795.1	IncFII	IncFII	133775	4.5.6.7.7.937	4	5	6	7	7	937
RefSeq_NZ_CP092796.1	IncFII	IncFII	87095	4.5.6.7.21.1149	4	5	6	7	21	1149
RefSeq_NZ_CP092903.1	IncFII	IncFII	159322	4.5.6.7.20.2590	4	5	6	7	20	2590
RefSeq_NZ_CP093070.1	IncFII	IncFII	104757	3.6.7.9.181.2591	3	6	7	9	181	2591
RefSeq_NZ_CP093152.1	IncFII	IncFII	257343	3.6.7.9.10.1795	3	6	7	9	10	1795
RefSeq_NZ_CP093153.1	IncFII	IncFII	140105	4.5.6.7.9.2592	4	5	6	7	9	2592
RefSeq_NZ_CP093155.1	IncFII	IncFII	159417	4.5.6.7.20.2593	4	5	6	7	20	2593
RefSeq_NZ_CP093377.1	IncFII	IncFII	67194	4.5.6.59.472.2596	4	5	6	59	472	2596
RefSeq_NZ_CP093387.1	IncFII	IncFII	93849	4.5.6.7.11.1051	4	5	6	7	11	1051
RefSeq_NZ_CP093460.1	IncFII	IncFII	145622	3.6.7.9.10.1154	3	6	7	9	10	1154
RefSeq_NZ_CP093466.1	IncFII	IncFII	190540	4.5.6.7.7.48	4	5	6	7	7	48
RefSeq_NZ_CP093482.1	IncFII	IncFII	178685	3.6.7.9.10.948	3	6	7	9	10	948
RefSeq_NZ_CP093483.1	IncFII	IncFII	62617	4.5.6.7.30.2598	4	5	6	7	30	2598
RefSeq_NZ_CP093488.1	IncFII	IncFII	67142	4.5.6.7.11.2600	4	5	6	7	11	2600
RefSeq_NZ_CP093491.1	IncFII	IncFII	175202	3.6.7.9.10.948	3	6	7	9	10	948
RefSeq_NZ_CP093496.1	IncFII	IncFII	200019	4.5.6.7.7.48	4	5	6	7	7	48
RefSeq_NZ_CP093497.1	IncFII	IncFII	104727	4.5.6.7.21.2601	4	5	6	7	21	2601
RefSeq_NZ_CP093498.1	IncFII	IncFII	73875	4.5.6.7.21.2245	4	5	6	7	21	2245
RefSeq_NZ_CP093502.1	IncFII	IncFII	195694	3.6.7.9.10.948	3	6	7	9	10	948
RefSeq_NZ_CP093550.1	IncFII	IncFII	79537	4.5.6.7.9.2602	4	5	6	7	9	2602
RefSeq_NZ_CP093916.1	IncFII	IncFII	100852	3.6.7.66.91.2524	3	6	7	66	91	2524
RefSeq_NZ_CP093922.1	IncFII	IncFII	76841	4.5.6.7.9.2603	4	5	6	7	9	2603
RefSeq_NZ_CP094274.1	IncFII	IncFII	112047	4.5.6.7.9.2604	4	5	6	7	9	2604
RefSeq_NZ_CP094278.1	IncFII	IncFII	62120	4.5.6.7.11.1705	4	5	6	7	11	1705
RefSeq_NZ_CP094334.1	IncFII	IncFII	70455	4.5.6.22.434.1429	4	5	6	22	434	1429
RefSeq_NZ_CP094341.1	IncFII	IncFII	74517	4.5.6.7.9.674	4	5	6	7	9	674
RefSeq_NZ_CP094452.1	IncFII	IncFII	215609	4.5.6.7.7.1200	4	5	6	7	7	1200
RefSeq_NZ_CP094453.1	IncFII	IncFII	96608	4.5.6.7.11.2605	4	5	6	7	11	2605
RefSeq_NZ_CP094842.1	IncFII	IncFII	145699	3.6.7.9.10.2606	3	6	7	9	10	2606
RefSeq_NZ_CP094994.1	IncFII	IncFII	102252	4.5.6.7.11.49	4	5	6	7	11	49
RefSeq_NZ_CP095001.1	IncFII	IncFII	140266	4.5.6.7.21.2210	4	5	6	7	21	2210
RefSeq_NZ_CP095002.1	IncFII	IncFII	117403	4.5.6.7.21.2607	4	5	6	7	21	2607
RefSeq_NZ_CP095003.1	IncFII	IncFII	107094	4.5.6.7.20.2608	4	5	6	7	20	2608
RefSeq_NZ_CP095128.1	IncFII	IncFII	64118	3.6.7.9.10.2611	3	6	7	9	10	2611
RefSeq_NZ_CP095133.1	IncFII	IncFII	194916	3.6.7.9.10.948	3	6	7	9	10	948
RefSeq_NZ_CP095141.1	IncFII	IncFII	221581	4.5.6.7.7.48	4	5	6	7	7	48
RefSeq_NZ_CP095146.1	IncFII	IncFII	224675	4.5.6.7.20.1454	4	5	6	7	20	1454
RefSeq_NZ_CP095151.1	IncFII	IncFII	219384	4.5.6.7.7.48	4	5	6	7	7	48
RefSeq_NZ_CP095236.1	IncFII	IncFII	58972	4.5.6.7.7.2612	4	5	6	7	7	2612
RefSeq_NZ_CP095242.1	IncFII	IncFII	129649	4.5.6.7.7.937	4	5	6	7	7	937
RefSeq_NZ_CP095243.1	IncFII	IncFII	87095	4.5.6.7.30.1398	4	5	6	7	30	1398
RefSeq_NZ_CP095248.1	IncFII	IncFII	210914	3.6.7.9.10.2613	3	6	7	9	10	2613
RefSeq_NZ_CP095249.1	IncFII	IncFII	87095	4.5.6.7.21.1149	4	5	6	7	21	1149
RefSeq_NZ_CP095255.1	IncFII	IncFII	132724	3.6.7.9.10.2614	3	6	7	9	10	2614
RefSeq_NZ_CP095263.1	IncFII	IncFII	5535	4.5.92.263.557.2615	4	5	92	263	557	2615
RefSeq_NZ_CP095265.1	IncFII	IncFII	133771	4.5.6.7.7.937	4	5	6	7	7	937
RefSeq_NZ_CP095266.1	IncFII	IncFII	84876	4.5.6.7.30.1398	4	5	6	7	30	1398
RefSeq_NZ_CP095423.1	IncFII	IncFII	129505	4.5.6.7.11.1794	4	5	6	7	11	1794
RefSeq_NZ_CP095427.1	IncFII	IncFII	120647	4.5.6.7.30.2616	4	5	6	7	30	2616
RefSeq_NZ_CP095430.1	IncFII	IncFII	124551	4.5.6.7.21.1579	4	5	6	7	21	1579
RefSeq_NZ_CP095431.1	IncFII	IncFII	72069	4.5.6.8.451.2256	4	5	6	8	451	2256
RefSeq_NZ_CP095522.1	IncFII	IncFII	67887	3.6.7.9.10.2618	3	6	7	9	10	2618
RefSeq_NZ_CP095547.1	IncFII	IncFII	131082	3.6.7.9.10.1274	3	6	7	9	10	1274
RefSeq_NZ_CP095558.1	IncFII	IncFII	114673	4.5.6.7.7.2619	4	5	6	7	7	2619
RefSeq_NZ_CP095559.1	IncFII	IncFII	73277	4.5.6.7.20.2414	4	5	6	7	20	2414
RefSeq_NZ_CP095570.1	IncFII	IncFII	304659	3.6.7.48.65.1546	3	6	7	48	65	1546
RefSeq_NZ_CP095571.1	IncFII	IncFII	133339	4.5.6.7.20.258	4	5	6	7	20	258
RefSeq_NZ_CP095596.1	IncFII	IncFII	119165	4.5.6.7.21.1118	4	5	6	7	21	1118
RefSeq_NZ_CP095598.1	IncFII	IncFII	168536	4.5.6.7.11.436	4	5	6	7	11	436
RefSeq_NZ_CP095600.1	IncFII	IncFII	143287	4.5.6.7.21.2620	4	5	6	7	21	2620
RefSeq_NZ_CP095602.1	IncFII	IncFII	152803	4.5.6.7.7.2621	4	5	6	7	7	2621
RefSeq_NZ_CP095604.1	IncFII	IncFII	141563	4.5.6.7.21.2622	4	5	6	7	21	2622
RefSeq_NZ_CP095607.1	IncFII	IncFII	107568	4.5.6.7.11.2623	4	5	6	7	11	2623
RefSeq_NZ_CP095612.1	IncFII	IncFII	141335	4.5.6.7.21.2622	4	5	6	7	21	2622
RefSeq_NZ_CP095635.1	IncFII	IncFII	150905	4.5.6.7.7.48	4	5	6	7	7	48
RefSeq_NZ_CP095636.1	IncFII	IncFII	163353	4.5.6.7.11.436	4	5	6	7	11	436
RefSeq_NZ_CP095637.1	IncFII	IncFII	127798	4.5.6.7.11.2624	4	5	6	7	11	2624
RefSeq_NZ_CP095638.1	IncFII	IncFII	155093	3.6.7.9.10.2625	3	6	7	9	10	2625
RefSeq_NZ_CP095646.1	IncFII	IncFII	215581	3.6.7.9.10.2626	3	6	7	9	10	2626
RefSeq_NZ_CP095647.1	IncFII	IncFII	143314	4.5.6.7.21.2620	4	5	6	7	21	2620
RefSeq_NZ_CP095651.1	IncFII	IncFII	79189	4.5.6.7.21.2627	4	5	6	7	21	2627
RefSeq_NZ_CP095652.1	IncFII	IncFII	133085	4.5.6.7.20.258	4	5	6	7	20	258
RefSeq_NZ_CP095654.1	IncFII	IncFII	142834	4.5.6.7.21.1661	4	5	6	7	21	1661
RefSeq_NZ_CP095660.1	IncFII	IncFII	133308	4.5.6.7.9.1349	4	5	6	7	9	1349
RefSeq_NZ_CP095661.1	IncFII	IncFII	206012	4.5.6.7.7.260	4	5	6	7	7	260
RefSeq_NZ_CP095673.1	IncFII	IncFII	158245	4.5.6.7.20.2628	4	5	6	7	20	2628
RefSeq_NZ_CP095680.1	IncFII	IncFII	119162	4.5.6.7.21.1118	4	5	6	7	21	1118
RefSeq_NZ_CP095682.1	IncFII	IncFII	163355	4.5.6.7.11.436	4	5	6	7	11	436
RefSeq_NZ_CP095777.1	IncFII	IncFII	363560	3.6.7.48.65.2016	3	6	7	48	65	2016
RefSeq_NZ_CP095778.1	IncFII	IncFII	112243	4.5.6.7.20.2555	4	5	6	7	20	2555
RefSeq_NZ_CP095781.1	IncFII	IncFII	363634	4.5.6.7.20.2629	4	5	6	7	20	2629
RefSeq_NZ_CP095782.1	IncFII	IncFII	120290	4.5.6.7.11.49	4	5	6	7	11	49
RefSeq_NZ_CP095790.1	IncFII	IncFII	112938	3.6.7.9.238.1232	3	6	7	9	238	1232
RefSeq_NZ_CP095859.1	IncFII	IncFII	63122	3.6.7.9.14.2631	3	6	7	9	14	2631
RefSeq_NZ_CP096111.2	IncFII	IncFII	92396	4.5.6.7.11.2632	4	5	6	7	11	2632
RefSeq_NZ_CP096173.1	IncFII	IncFII	134174	4.5.6.7.20.258	4	5	6	7	20	258
RefSeq_NZ_CP096174.1	IncFII	IncFII	134174	4.5.6.7.20.258	4	5	6	7	20	258
RefSeq_NZ_CP096189.1	IncFII	IncFII	76094	4.5.6.7.20.2633	4	5	6	7	20	2633
RefSeq_NZ_CP096232.1	IncFII	IncFII	114748	4.5.6.7.11.2635	4	5	6	7	11	2635
RefSeq_NZ_CP096236.1	IncFII	IncFII	103167	4.5.6.7.11.1952	4	5	6	7	11	1952
RefSeq_NZ_CP096240.1	IncFII	IncFII	97079	4.5.6.7.11.1640	4	5	6	7	11	1640
RefSeq_NZ_CP096244.1	IncFII	IncFII	94000	4.5.6.7.11.1050	4	5	6	7	11	1050
RefSeq_NZ_CP096266.1	IncFII	IncFII	159894	4.5.6.7.21.2210	4	5	6	7	21	2210
RefSeq_NZ_CP096669.1	IncFII	IncFII	70300	3.4.8.11.431.1001	3	4	8	11	431	1001
RefSeq_NZ_CP096851.1	IncFII	IncFII	108996	4.5.6.8.451.1090	4	5	6	8	451	1090
RefSeq_NZ_CP097192.1	IncFII	IncFII	192753	4.5.6.7.7.1400	4	5	6	7	7	1400
RefSeq_NZ_CP097200.1	IncFII	IncFII	73029	4.5.6.22.434.2644	4	5	6	22	434	2644
RefSeq_NZ_CP097346.1	IncFII	IncFII	154302	3.6.7.9.286.2029	3	6	7	9	286	2029
RefSeq_NZ_CP097365.1	IncFII	IncFII	158302	3.6.7.9.10.142	3	6	7	9	10	142
RefSeq_NZ_CP097368.1	IncFII	IncFII	122671	4.5.6.7.11.1127	4	5	6	7	11	1127
RefSeq_NZ_CP097388.1	IncFII	IncFII	116556	4.5.6.7.21.2305	4	5	6	7	21	2305
RefSeq_NZ_CP097389.1	IncFII	IncFII	50463	3.6.7.9.200.2646	3	6	7	9	200	2646
RefSeq_NZ_CP097412.1	IncFII	IncFII	223898	4.5.6.7.7.48	4	5	6	7	7	48
RefSeq_NZ_CP097416.1	IncFII	IncFII	223898	4.5.6.7.7.48	4	5	6	7	7	48
RefSeq_NZ_CP097627.1	IncFII	IncFII	155793	4.5.6.7.11.1707	4	5	6	7	11	1707
RefSeq_NZ_CP097628.1	IncFII	IncFII	205645	4.5.6.7.7.260	4	5	6	7	7	260
RefSeq_NZ_CP097662.1	IncFII	IncFII	147322	4.5.6.7.30.1694	4	5	6	7	30	1694
RefSeq_NZ_CP097666.1	IncFII	IncFII	147295	4.5.6.7.11.2647	4	5	6	7	11	2647
RefSeq_NZ_CP097668.1	IncFII	IncFII	200049	4.5.6.7.7.2648	4	5	6	7	7	2648
RefSeq_NZ_CP097687.1	IncFII	IncFII	161025	4.5.6.7.7.1200	4	5	6	7	7	1200
RefSeq_NZ_CP097695.1	IncFII	IncFII	131777	4.5.6.7.21.2649	4	5	6	7	21	2649
RefSeq_NZ_CP097704.1	IncFII	IncFII	108673	4.5.6.7.21.2137	4	5	6	7	21	2137
RefSeq_NZ_CP097717.1	IncFII	IncFII	170336	3.6.7.9.238.1162	3	6	7	9	238	1162
RefSeq_NZ_CP098124.1	IncFII	IncFII	204730	3.6.7.9.10.1328	3	6	7	9	10	1328
RefSeq_NZ_CP098129.1	IncFII	IncFII	164435	3.6.7.9.200.949	3	6	7	9	200	949
RefSeq_NZ_CP098132.1	IncFII	IncFII	172552	3.6.7.9.10.948	3	6	7	9	10	948
RefSeq_NZ_CP098137.1	IncFII	IncFII	194864	3.6.7.9.10.948	3	6	7	9	10	948
RefSeq_NZ_CP098138.1	IncFII	IncFII	64337	4.5.6.22.34.2653	4	5	6	22	34	2653
RefSeq_NZ_CP098142.1	IncFII	IncFII	194865	3.6.7.9.10.948	3	6	7	9	10	948
RefSeq_NZ_CP098143.1	IncFII	IncFII	64337	4.5.6.18.460.2329	4	5	6	18	460	2329
RefSeq_NZ_CP098150.1	IncFII	IncFII	180492	3.6.7.9.10.948	3	6	7	9	10	948
RefSeq_NZ_CP098172.1	IncFII	IncFII	194787	3.6.7.9.10.1328	3	6	7	9	10	1328
RefSeq_NZ_CP098176.1	IncFII	IncFII	262875	4.5.6.7.7.1582	4	5	6	7	7	1582
RefSeq_NZ_CP098233.1	IncFII	IncFII	72766	3.4.8.11.247.2654	3	4	8	11	247	2654
RefSeq_NZ_CP098337.1	IncFII	IncFII	165212	4.5.6.7.11.1409	4	5	6	7	11	1409
RefSeq_NZ_CP098339.1	IncFII	IncFII	165212	4.5.6.7.11.1409	4	5	6	7	11	1409
RefSeq_NZ_CP098342.1	IncFII	IncFII	126542	4.5.6.7.21.2655	4	5	6	7	21	2655
RefSeq_NZ_CP098345.1	IncFII	IncFII	126321	4.5.6.7.21.2655	4	5	6	7	21	2655
RefSeq_NZ_CP098346.1	IncFII	IncFII	167851	4.5.6.7.7.48	4	5	6	7	7	48
RefSeq_NZ_CP098348.1	IncFII	IncFII	161666	4.5.6.7.11.1409	4	5	6	7	11	1409
RefSeq_NZ_CP098351.1	IncFII	IncFII	161666	4.5.6.7.11.1409	4	5	6	7	11	1409
RefSeq_NZ_CP098353.1	IncFII	IncFII	161666	4.5.6.7.11.1409	4	5	6	7	11	1409
RefSeq_NZ_CP098357.1	IncFII	IncFII	206884	4.5.6.7.7.48	4	5	6	7	7	48
RefSeq_NZ_CP098358.1	IncFII	IncFII	113639	4.5.6.7.11.49	4	5	6	7	11	49
RefSeq_NZ_CP098374.1	IncFII	IncFII	85508	4.5.6.7.482.2656	4	5	6	7	482	2656
RefSeq_NZ_CP098376.1	IncFII	IncFII	116699	4.5.6.7.21.1874	4	5	6	7	21	1874
RefSeq_NZ_CP098377.1	IncFII	IncFII	116699	4.5.6.7.11.1132	4	5	6	7	11	1132
RefSeq_NZ_CP098378.1	IncFII	IncFII	85510	4.5.6.7.21.1894	4	5	6	7	21	1894
RefSeq_NZ_CP098379.1	IncFII	IncFII	116699	4.5.6.7.11.1132	4	5	6	7	11	1132
RefSeq_NZ_CP098382.1	IncFII	IncFII	116666	4.5.6.7.11.1576	4	5	6	7	11	1576
RefSeq_NZ_CP098385.1	IncFII	IncFII	116332	4.5.6.7.11.1576	4	5	6	7	11	1576
RefSeq_NZ_CP098386.1	IncFII	IncFII	85367	4.5.6.7.20.2657	4	5	6	7	20	2657
RefSeq_NZ_CP098424.1	IncFII	IncFII	112610	4.5.6.7.20.1748	4	5	6	7	20	1748
RefSeq_NZ_CP098439.1	IncFII	IncFII	109442	3.6.7.66.91.2658	3	6	7	66	91	2658
RefSeq_NZ_CP098742.1	IncFII	IncFII	109442	3.6.7.9.10.2660	3	6	7	9	10	2660
RefSeq_NZ_CP098759.1	IncFII	IncFII	261525	4.5.6.7.7.1200	4	5	6	7	7	1200
RefSeq_NZ_CP099315.1	IncFII	IncFII	116191	4.5.6.7.21.2662	4	5	6	7	21	2662
RefSeq_NZ_CP099317.1	IncFII	IncFII	116192	4.5.6.7.21.2662	4	5	6	7	21	2662
RefSeq_NZ_CP099320.1	IncFII	IncFII	98378	4.5.6.7.21.2663	4	5	6	7	21	2663
RefSeq_NZ_CP099332.1	IncFII	IncFII	121001	3.6.7.9.238.1232	3	6	7	9	238	1232
RefSeq_NZ_CP099341.1	IncFII	IncFII	87118	3.6.7.9.135.2664	3	6	7	9	135	2664
RefSeq_NZ_CP099346.1	IncFII	IncFII	72595	4.5.6.73.103.2665	4	5	6	73	103	2665
RefSeq_NZ_CP099405.1	IncFII	IncFII	242862	4.5.6.7.7.1876	4	5	6	7	7	1876
RefSeq_NZ_CP099406.1	IncFII	IncFII	145825	4.5.6.7.21.2666	4	5	6	7	21	2666
RefSeq_NZ_CP099407.1	IncFII	IncFII	107501	4.5.6.7.21.2667	4	5	6	7	21	2667
RefSeq_NZ_CP099410.1	IncFII	IncFII	243028	4.5.6.7.7.1876	4	5	6	7	7	1876
RefSeq_NZ_CP099411.1	IncFII	IncFII	143887	4.5.6.7.21.2666	4	5	6	7	21	2666
RefSeq_NZ_CP099412.1	IncFII	IncFII	107501	4.5.6.7.21.2667	4	5	6	7	21	2667
RefSeq_NZ_CP099415.1	IncFII	IncFII	150096	4.5.6.7.9.1673	4	5	6	7	9	1673
RefSeq_NZ_CP099416.1	IncFII	IncFII	87095	4.5.6.7.21.1149	4	5	6	7	21	1149
RefSeq_NZ_CP099524.1	IncFII	IncFII	51874	4.5.6.7.21.2669	4	5	6	7	21	2669
RefSeq_NZ_CP099765.1	IncFII	IncFII	123529	3.6.7.9.10.2501	3	6	7	9	10	2501
RefSeq_NZ_CP099766.1	IncFII	IncFII	52174	3.6.7.66.91.2670	3	6	7	66	91	2670
RefSeq_NZ_CP099835.1	IncFII	IncFII	170537	4.5.6.7.7.1345	4	5	6	7	7	1345
RefSeq_NZ_CP099836.1	IncFII	IncFII	123534	4.5.6.7.21.1579	4	5	6	7	21	1579
RefSeq_NZ_CP099869.1	IncFII	IncFII	105541	3.6.7.9.10.2671	3	6	7	9	10	2671
RefSeq_NZ_CP099882.1	IncFII	IncFII	89091	3.6.7.66.91.2672	3	6	7	66	91	2672
RefSeq_NZ_CP099911.1	IncFII	IncFII	89096	3.6.7.9.181.2673	3	6	7	9	181	2673
RefSeq_NZ_CP100073.1	IncFII	IncFII	164564	4.5.6.7.11.1544	4	5	6	7	11	1544
RefSeq_NZ_CP100074.1	IncFII	IncFII	88196	4.5.6.7.21.1149	4	5	6	7	21	1149
RefSeq_NZ_CP100077.1	IncFII	IncFII	134731	4.5.6.7.7.2674	4	5	6	7	7	2674
RefSeq_NZ_CP100079.1	IncFII	IncFII	108814	4.5.6.7.11.1050	4	5	6	7	11	1050
RefSeq_NZ_CP100085.1	IncFII	IncFII	215633	4.5.6.7.7.260	4	5	6	7	7	260
RefSeq_NZ_CP100086.1	IncFII	IncFII	94061	4.5.6.7.11.1050	4	5	6	7	11	1050
RefSeq_NZ_CP100088.1	IncFII	IncFII	94350	4.5.6.7.11.1050	4	5	6	7	11	1050
RefSeq_NZ_CP100089.1	IncFII	IncFII	201702	4.5.6.7.7.260	4	5	6	7	7	260
RefSeq_NZ_CP100090.1	IncFII	IncFII	87072	4.5.6.7.21.1149	4	5	6	7	21	1149
RefSeq_NZ_CP100095.1	IncFII	IncFII	201928	4.5.6.7.7.260	4	5	6	7	7	260
RefSeq_NZ_CP100096.1	IncFII	IncFII	94061	4.5.6.7.11.1050	4	5	6	7	11	1050
RefSeq_NZ_CP100097.1	IncFII	IncFII	87095	4.5.6.7.21.1149	4	5	6	7	21	1149
RefSeq_NZ_CP100099.1	IncFII	IncFII	201929	4.5.6.7.7.260	4	5	6	7	7	260
RefSeq_NZ_CP100100.1	IncFII	IncFII	94059	4.5.6.7.11.1050	4	5	6	7	11	1050
RefSeq_NZ_CP100101.1	IncFII	IncFII	87095	4.5.6.7.30.1398	4	5	6	7	30	1398
RefSeq_NZ_CP100103.1	IncFII	IncFII	175328	4.5.6.7.7.260	4	5	6	7	7	260
RefSeq_NZ_CP100104.1	IncFII	IncFII	120171	4.5.6.7.11.2675	4	5	6	7	11	2675
RefSeq_NZ_CP100107.1	IncFII	IncFII	201929	4.5.6.7.7.260	4	5	6	7	7	260
RefSeq_NZ_CP100108.1	IncFII	IncFII	94061	4.5.6.7.11.1050	4	5	6	7	11	1050
RefSeq_NZ_CP100109.1	IncFII	IncFII	87095	4.5.6.7.30.1398	4	5	6	7	30	1398
RefSeq_NZ_CP100111.1	IncFII	IncFII	201929	4.5.6.7.7.260	4	5	6	7	7	260
RefSeq_NZ_CP100112.1	IncFII	IncFII	94061	4.5.6.7.11.1050	4	5	6	7	11	1050
RefSeq_NZ_CP100113.1	IncFII	IncFII	87095	4.5.6.7.30.1398	4	5	6	7	30	1398
RefSeq_NZ_CP100115.1	IncFII	IncFII	142065	4.5.6.7.7.2677	4	5	6	7	7	2677
RefSeq_NZ_CP100116.1	IncFII	IncFII	110202	3.6.7.9.10.2678	3	6	7	9	10	2678
RefSeq_NZ_CP100309.1	IncFII	IncFII	116484	4.5.6.7.11.49	4	5	6	7	11	49
RefSeq_NZ_CP100313.1	IncFII	IncFII	116484	4.5.6.7.11.49	4	5	6	7	11	49
RefSeq_NZ_CP100504.1	IncFII	IncFII	63428	4.5.6.73.103.2680	4	5	6	73	103	2680
RefSeq_NZ_CP100522.1	IncFII	IncFII	218782	4.5.6.7.7.2247	4	5	6	7	7	2247
RefSeq_NZ_CP100533.1	IncFII	IncFII	67280	3.6.7.9.14.2681	3	6	7	9	14	2681
RefSeq_NZ_CP100667.1	IncFII	IncFII	64325	4.5.6.7.11.1992	4	5	6	7	11	1992
RefSeq_NZ_CP100672.1	IncFII	IncFII	48530	3.6.21.252.518.1919	3	6	21	252	518	1919
RefSeq_NZ_CP100696.1	IncFII	IncFII	81966	3.6.7.66.453.1115	3	6	7	66	453	1115
RefSeq_NZ_CP100712.1	IncFII	IncFII	48530	3.6.21.252.518.1919	3	6	21	252	518	1919
RefSeq_NZ_CP100719.1	IncFII	IncFII	81966	3.6.7.66.453.1115	3	6	7	66	453	1115
RefSeq_NZ_CP100725.1	IncFII	IncFII	64326	4.5.6.7.447.1056	4	5	6	7	447	1056
RefSeq_NZ_CP100730.1	IncFII	IncFII	48530	3.6.21.252.518.1919	3	6	21	252	518	1919
RefSeq_NZ_CP101199.1	IncFII	IncFII	88826	3.6.7.9.10.2682	3	6	7	9	10	2682
RefSeq_NZ_CP101224.1	IncFII	IncFII	88826	3.6.7.9.10.2682	3	6	7	9	10	2682
RefSeq_NZ_CP101237.1	IncFII	IncFII	65831	4.5.6.73.103.2683	4	5	6	73	103	2683
RefSeq_NZ_CP101534.1	IncFII	IncFII	141697	4.5.6.7.7.1617	4	5	6	7	7	1617
RefSeq_NZ_CP101547.1	IncFII	IncFII	255261	4.5.6.7.7.1200	4	5	6	7	7	1200
RefSeq_NZ_CP101548.1	IncFII	IncFII	125346	4.5.6.7.21.1579	4	5	6	7	21	1579
RefSeq_NZ_CP101555.1	IncFII	IncFII	181183	4.5.6.7.7.48	4	5	6	7	7	48
RefSeq_NZ_CP101562.1	IncFII	IncFII	171463	3.6.7.9.10.2685	3	6	7	9	10	2685
RefSeq_NZ_CP101568.1	IncFII	IncFII	258415	4.5.6.7.7.1582	4	5	6	7	7	1582
RefSeq_NZ_CP101569.1	IncFII	IncFII	138059	4.5.6.7.30.2686	4	5	6	7	30	2686
RefSeq_NZ_CP101618.1	IncFII	IncFII	72929	3.6.7.9.200.2687	3	6	7	9	200	2687
RefSeq_NZ_CP101728.1	IncFII	IncFII	172348	3.6.7.9.10.142	3	6	7	9	10	142
RefSeq_NZ_CP101765.1	IncFII	IncFII	353327	4.5.6.7.7.2690	4	5	6	7	7	2690
RefSeq_NZ_CP101766.1	IncFII	IncFII	127176	4.5.6.7.7.937	4	5	6	7	7	937
RefSeq_NZ_CP101767.1	IncFII	IncFII	84876	4.5.6.7.30.1398	4	5	6	7	30	1398
RefSeq_NZ_CP101772.1	IncFII	IncFII	84876	4.5.6.7.30.1398	4	5	6	7	30	1398
RefSeq_NZ_CP101775.1	IncFII	IncFII	134477	4.5.6.7.7.937	4	5	6	7	7	937
RefSeq_NZ_CP101778.1	IncFII	IncFII	57405	4.5.6.7.11.2691	4	5	6	7	11	2691
RefSeq_NZ_CP101782.1	IncFII	IncFII	111949	4.5.6.7.21.1762	4	5	6	7	21	1762
RefSeq_NZ_CP101783.1	IncFII	IncFII	84876	4.5.6.7.30.1398	4	5	6	7	30	1398
RefSeq_NZ_CP101785.1	IncFII	IncFII	134477	4.5.6.7.7.937	4	5	6	7	7	937
RefSeq_NZ_CP101788.1	IncFII	IncFII	84876	4.5.6.7.30.1398	4	5	6	7	30	1398
RefSeq_NZ_CP101795.1	IncFII	IncFII	95527	4.5.6.7.9.1034	4	5	6	7	9	1034
RefSeq_NZ_CP101836.1	IncFII	IncFII	217547	4.5.6.7.7.260	4	5	6	7	7	260
RefSeq_NZ_CP101878.1	IncFII	IncFII	111444	3.6.7.9.10.1549	3	6	7	9	10	1549
RefSeq_NZ_CP101879.1	IncFII	IncFII	85336	4.5.6.7.11.2575	4	5	6	7	11	2575
RefSeq_NZ_CP101880.1	IncFII	IncFII	68908	4.5.6.7.9.2286	4	5	6	7	9	2286
RefSeq_NZ_CP101898.1	IncFII	IncFII	177516	3.6.7.9.10.1153	3	6	7	9	10	1153
RefSeq_NZ_CP102079.1	IncFII	IncFII	137567	3.6.7.9.200.2692	3	6	7	9	200	2692
RefSeq_NZ_CP102106.1	IncFII	IncFII	141565	4.5.6.7.11.1506	4	5	6	7	11	1506
RefSeq_NZ_CP102188.1	IncFII	IncFII	146760	4.5.6.7.30.2242	4	5	6	7	30	2242
RefSeq_NZ_CP102190.1	IncFII	IncFII	87177	3.6.7.9.10.2241	3	6	7	9	10	2241
RefSeq_NZ_CP102194.1	IncFII	IncFII	87095	4.5.6.7.21.1149	4	5	6	7	21	1149
RefSeq_NZ_CP102392.1	IncFII	IncFII	135425	4.5.6.7.21.2694	4	5	6	7	21	2694
RefSeq_NZ_CP102394.1	IncFII	IncFII	84876	4.5.6.7.30.1398	4	5	6	7	30	1398
RefSeq_NZ_CP102440.1	IncFII	IncFII	69760	3.6.7.20.462.2695	3	6	7	20	462	2695
RefSeq_NZ_CP102489.1	IncFII	IncFII	113589	4.5.6.73.103.2696	4	5	6	73	103	2696
RefSeq_NZ_CP102491.1	IncFII	IncFII	158043	4.5.6.7.7.572	4	5	6	7	7	572
RefSeq_NZ_CP102547.1	IncFII	IncFII	132031	4.5.6.7.7.1550	4	5	6	7	7	1550
RefSeq_NZ_CP102548.1	IncFII	IncFII	125297	3.6.7.9.10.1549	3	6	7	9	10	1549
RefSeq_NZ_CP102634.1	IncFII	IncFII	158524	4.5.6.7.7.1617	4	5	6	7	7	1617
RefSeq_NZ_CP102635.1	IncFII	IncFII	122890	4.5.6.7.21.1452	4	5	6	7	21	1452
RefSeq_NZ_CP102641.1	IncFII	IncFII	85155	4.5.6.7.30.1398	4	5	6	7	30	1398
RefSeq_NZ_CP102670.1	IncFII	IncFII	93832	4.5.6.7.9.1002	4	5	6	7	9	1002
RefSeq_NZ_CP102688.1	IncFII	IncFII	217547	4.5.6.7.7.260	4	5	6	7	7	260
RefSeq_NZ_CP102693.1	IncFII	IncFII	178593	4.5.6.7.7.2700	4	5	6	7	7	2700
RefSeq_NZ_CP102834.1	IncFII	IncFII	130974	3.6.7.9.10.2703	3	6	7	9	10	2703
RefSeq_NZ_CP102839.1	IncFII	IncFII	84881	4.5.6.7.21.1149	4	5	6	7	21	1149
RefSeq_NZ_CP102842.1	IncFII	IncFII	186106	3.6.7.9.14.2704	3	6	7	9	14	2704
RefSeq_NZ_CP102872.1	IncFII	IncFII	118931	3.6.7.9.286.2706	3	6	7	9	286	2706
RefSeq_NZ_CP102874.1	IncFII	IncFII	65073	3.6.7.9.10.2707	3	6	7	9	10	2707
RefSeq_NZ_CP102880.1	IncFII	IncFII	100448	3.6.7.66.91.2161	3	6	7	66	91	2161
RefSeq_NZ_CP102886.1	IncFII	IncFII	100448	3.6.7.66.91.2161	3	6	7	66	91	2161
RefSeq_NZ_CP102899.1	IncFII	IncFII	93612	4.5.6.7.20.2708	4	5	6	7	20	2708
RefSeq_NZ_CP102904.1	IncFII	IncFII	93612	4.5.6.7.20.2708	4	5	6	7	20	2708
RefSeq_NZ_CP102941.1	IncFII	IncFII	224137	3.6.7.9.200.2011	3	6	7	9	200	2011
RefSeq_NZ_CP102990.1	IncFII	IncFII	82102	4.5.6.7.7.2709	4	5	6	7	7	2709
RefSeq_NZ_CP102994.1	IncFII	IncFII	175819	4.5.6.7.11.436	4	5	6	7	11	436
RefSeq_NZ_CP103064.1	IncFII	IncFII	241400	4.5.6.7.7.1103	4	5	6	7	7	1103
RefSeq_NZ_CP103318.1	IncFII	IncFII	87095	4.5.6.7.30.1398	4	5	6	7	30	1398
RefSeq_NZ_CP103319.1	IncFII	IncFII	83447	4.5.6.7.21.2711	4	5	6	7	21	2711
RefSeq_NZ_CP103333.1	IncFII	IncFII	14096	3.6.7.66.561.2712	3	6	7	66	561	2712
RefSeq_NZ_CP103466.1	IncFII	IncFII	122603	4.5.6.7.9.2713	4	5	6	7	9	2713
RefSeq_NZ_CP103480.1	IncFII	IncFII	143132	4.5.6.7.9.2714	4	5	6	7	9	2714
RefSeq_NZ_CP103495.1	IncFII	IncFII	99163	4.5.6.7.7.2716	4	5	6	7	7	2716
RefSeq_NZ_CP103496.1	IncFII	IncFII	83861	4.5.6.7.21.2717	4	5	6	7	21	2717
RefSeq_NZ_CP103501.1	IncFII	IncFII	76999	3.6.7.20.462.2520	3	6	7	20	462	2520
RefSeq_NZ_CP103509.1	IncFII	IncFII	111292	3.6.7.9.10.1274	3	6	7	9	10	1274
RefSeq_NZ_CP103516.1	IncFII	IncFII	198645	4.5.6.7.7.2718	4	5	6	7	7	2718
RefSeq_NZ_CP103523.1	IncFII	IncFII	82867	3.6.7.9.14.2719	3	6	7	9	14	2719
RefSeq_NZ_CP103530.1	IncFII	IncFII	133836	4.5.6.7.7.2479	4	5	6	7	7	2479
RefSeq_NZ_CP103541.1	IncFII	IncFII	140210	4.5.6.7.7.2478	4	5	6	7	7	2478
RefSeq_NZ_CP103551.1	IncFII	IncFII	113639	4.5.6.7.11.49	4	5	6	7	11	49
RefSeq_NZ_CP103558.1	IncFII	IncFII	125598	4.5.6.7.7.2723	4	5	6	7	7	2723
RefSeq_NZ_CP103568.1	IncFII	IncFII	149523	4.5.6.7.7.1400	4	5	6	7	7	1400
RefSeq_NZ_CP103571.1	IncFII	IncFII	166880	4.5.6.7.7.1021	4	5	6	7	7	1021
RefSeq_NZ_CP103585.1	IncFII	IncFII	35950	3.6.7.186.562.2724	3	6	7	186	562	2724
RefSeq_NZ_CP103587.1	IncFII	IncFII	283924	3.6.7.9.10.2725	3	6	7	9	10	2725
RefSeq_NZ_CP103591.1	IncFII	IncFII	82743	4.5.6.7.21.1220	4	5	6	7	21	1220
RefSeq_NZ_CP103593.1	IncFII	IncFII	138020	4.5.6.7.7.2726	4	5	6	7	7	2726
RefSeq_NZ_CP103606.1	IncFII	IncFII	135203	3.6.7.9.200.2729	3	6	7	9	200	2729
RefSeq_NZ_CP103607.1	IncFII	IncFII	114874	4.5.6.7.11.49	4	5	6	7	11	49
RefSeq_NZ_CP103612.1	IncFII	IncFII	159348	4.5.6.7.7.2730	4	5	6	7	7	2730
RefSeq_NZ_CP103619.1	IncFII	IncFII	218258	4.5.6.7.7.260	4	5	6	7	7	260
RefSeq_NZ_CP103622.1	IncFII	IncFII	243762	4.5.6.7.7.48	4	5	6	7	7	48
RefSeq_NZ_CP103634.1	IncFII	IncFII	151676	4.5.6.7.9.1532	4	5	6	7	9	1532
RefSeq_NZ_CP103636.1	IncFII	IncFII	246341	4.5.6.7.7.2247	4	5	6	7	7	2247
RefSeq_NZ_CP103646.1	IncFII	IncFII	187551	4.5.6.7.21.2731	4	5	6	7	21	2731
RefSeq_NZ_CP103658.1	IncFII	IncFII	131479	4.5.6.7.7.1965	4	5	6	7	7	1965
RefSeq_NZ_CP103677.1	IncFII	IncFII	207376	3.6.7.9.10.1328	3	6	7	9	10	1328
RefSeq_NZ_CP103688.1	IncFII	IncFII	183966	3.6.7.9.10.948	3	6	7	9	10	948
RefSeq_NZ_CP103698.1	IncFII	IncFII	172383	4.5.6.7.7.1455	4	5	6	7	7	1455
RefSeq_NZ_CP103700.1	IncFII	IncFII	224357	4.5.6.7.7.48	4	5	6	7	7	48
RefSeq_NZ_CP103705.1	IncFII	IncFII	165827	4.5.6.7.7.1021	4	5	6	7	7	1021
RefSeq_NZ_CP103711.1	IncFII	IncFII	178234	3.6.7.83.120.203	3	6	7	83	120	203
RefSeq_NZ_CP103712.1	IncFII	IncFII	81007	4.5.6.73.103.2733	4	5	6	73	103	2733
RefSeq_NZ_CP103719.1	IncFII	IncFII	250715	3.6.7.9.14.2734	3	6	7	9	14	2734
RefSeq_NZ_CP103723.1	IncFII	IncFII	105371	4.5.6.7.21.2735	4	5	6	7	21	2735
RefSeq_NZ_CP103724.1	IncFII	IncFII	84525	4.5.6.7.21.1537	4	5	6	7	21	1537
RefSeq_NZ_CP103730.1	IncFII	IncFII	262225	4.5.6.7.7.65	4	5	6	7	7	65
RefSeq_NZ_CP103740.1	IncFII	IncFII	208091	4.5.6.7.7.1362	4	5	6	7	7	1362
RefSeq_NZ_CP103743.1	IncFII	IncFII	136642	4.5.6.7.9.39	4	5	6	7	9	39
RefSeq_NZ_CP103756.1	IncFII	IncFII	180962	4.5.6.7.7.1530	4	5	6	7	7	1530
RefSeq_NZ_CP103763.1	IncFII	IncFII	128773	3.6.7.9.10.1575	3	6	7	9	10	1575
RefSeq_NZ_CP103968.1	IncFII	IncFII	99483	4.5.6.7.21.1253	4	5	6	7	21	1253
RefSeq_NZ_CP104032.1	IncFII	IncFII	172348	3.6.7.9.10.142	3	6	7	9	10	142
RefSeq_NZ_CP104111.1	IncFII	IncFII	157887	4.5.6.7.7.2738	4	5	6	7	7	2738
RefSeq_NZ_CP104197.1	IncFII	IncFII	101251	3.6.7.66.91.2524	3	6	7	66	91	2524
RefSeq_NZ_CP104314.1	IncFII	IncFII	84878	4.5.6.7.30.1398	4	5	6	7	30	1398
RefSeq_NZ_CP104359.1	IncFII	IncFII	59372	4.5.6.7.447.1068	4	5	6	7	447	1068
RefSeq_NZ_CP104363.1	IncFII	IncFII	59372	4.5.6.7.447.1068	4	5	6	7	447	1068
RefSeq_NZ_CP104367.1	IncFII	IncFII	93844	4.5.6.7.11.1051	4	5	6	7	11	1051
RefSeq_NZ_CP104370.1	IncFII	IncFII	93862	4.5.6.7.11.1051	4	5	6	7	11	1051
RefSeq_NZ_CP104372.1	IncFII	IncFII	112409	4.5.6.7.21.1118	4	5	6	7	21	1118
RefSeq_NZ_CP104374.1	IncFII	IncFII	112409	4.5.6.7.21.1118	4	5	6	7	21	1118
RefSeq_NZ_CP104452.1	IncFII	IncFII	138718	3.6.7.9.286.580	3	6	7	9	286	580
RefSeq_NZ_CP104453.1	IncFII	IncFII	128787	4.5.6.7.21.2741	4	5	6	7	21	2741
RefSeq_NZ_CP104504.1	IncFII	IncFII	390109	3.4.8.11.13.2743	3	4	8	11	13	2743
RefSeq_NZ_CP104511.1	IncFII	IncFII	103229	3.6.7.66.91.2744	3	6	7	66	91	2744
RefSeq_NZ_CP104517.1	IncFII	IncFII	146375	3.6.7.9.10.638	3	6	7	9	10	638
RefSeq_NZ_CP104596.1	IncFII	IncFII	157264	3.6.7.9.10.1939	3	6	7	9	10	1939
RefSeq_NZ_CP104607.1	IncFII	IncFII	110502	4.5.6.7.21.2747	4	5	6	7	21	2747
RefSeq_NZ_CP104621.1	IncFII	IncFII	84082	4.5.6.7.9.2748	4	5	6	7	9	2748
RefSeq_NZ_CP104642.1	IncFII	IncFII	59573	4.5.6.7.447.1056	4	5	6	7	447	1056
RefSeq_NZ_CP104644.1	IncFII	IncFII	59329	4.5.6.7.447.1068	4	5	6	7	447	1068
RefSeq_NZ_CP104646.1	IncFII	IncFII	91480	3.6.7.66.440.1026	3	6	7	66	440	1026
RefSeq_NZ_CP104648.1	IncFII	IncFII	94647	3.6.7.9.181.1117	3	6	7	9	181	1117
RefSeq_NZ_CP104650.1	IncFII	IncFII	94645	3.6.7.66.440.1026	3	6	7	66	440	1026
RefSeq_NZ_CP104661.1	IncFII	IncFII	186135	4.5.6.7.7.1455	4	5	6	7	7	1455
RefSeq_NZ_CP104662.1	IncFII	IncFII	115456	4.5.6.7.21.1118	4	5	6	7	21	1118
RefSeq_NZ_CP104680.1	IncFII	IncFII	112409	4.5.6.7.21.1118	4	5	6	7	21	1118
RefSeq_NZ_CP104692.1	IncFII	IncFII	143089	4.5.6.7.7.235	4	5	6	7	7	235
RefSeq_NZ_CP104798.1	IncFII	IncFII	201292	4.5.6.7.7.260	4	5	6	7	7	260
RefSeq_NZ_CP104838.1	IncFII	IncFII	189847	4.5.6.7.7.2750	4	5	6	7	7	2750
RefSeq_NZ_CP104845.1	IncFII	IncFII	140749	4.5.6.7.7.2579	4	5	6	7	7	2579
RefSeq_NZ_CP104852.1	IncFII	IncFII	99713	4.5.6.7.11.1192	4	5	6	7	11	1192
RefSeq_NZ_CP104977.1	IncFII	IncFII	93864	3.6.7.9.200.2762	3	6	7	9	200	2762
RefSeq_NZ_CP106655.1	IncFII	IncFII	190782	4.5.6.7.7.1160	4	5	6	7	7	1160
RefSeq_NZ_CP106762.1	IncFII	IncFII	134861	4.5.6.7.11.2290	4	5	6	7	11	2290
RefSeq_NZ_CP106763.1	IncFII	IncFII	84876	4.5.6.7.30.1398	4	5	6	7	30	1398
RefSeq_NZ_CP106787.1	IncFII	IncFII	115363	4.5.6.7.11.2763	4	5	6	7	11	2763
RefSeq_NZ_CP106907.1	IncFII	IncFII	216864	4.5.6.7.11.2764	4	5	6	7	11	2764
RefSeq_NZ_CP106925.1	IncFII	IncFII	88935	3.6.7.10.308.2765	3	6	7	10	308	2765
RefSeq_NZ_CP107017.1	IncFII	IncFII	96126	4.5.6.7.21.2767	4	5	6	7	21	2767
RefSeq_NZ_CP107044.1	IncFII	IncFII	164378	4.5.6.7.7.2768	4	5	6	7	7	2768
RefSeq_NZ_CP107046.1	IncFII	IncFII	72739	4.5.6.7.7.1813	4	5	6	7	7	1813
RefSeq_NZ_CP107063.1	IncFII	IncFII	157125	4.5.6.7.11.2769	4	5	6	7	11	2769
RefSeq_NZ_CP107116.1	IncFII	IncFII	61312	4.5.6.73.103.2770	4	5	6	73	103	2770
RefSeq_NZ_CP107129.1	IncFII	IncFII	123735	4.5.6.7.9.1041	4	5	6	7	9	1041
RefSeq_NZ_CP107144.1	IncFII	IncFII	129206	4.5.6.7.7.2771	4	5	6	7	7	2771
RefSeq_NZ_CP107156.1	IncFII	IncFII	110062	3.6.7.9.10.2772	3	6	7	9	10	2772
RefSeq_NZ_CP107166.1	IncFII	IncFII	36037	3.6.7.9.286.2773	3	6	7	9	286	2773
RefSeq_NZ_CP107173.1	IncFII	IncFII	149268	3.6.7.9.10.1274	3	6	7	9	10	1274
RefSeq_NZ_CP107176.1	IncFII	IncFII	129206	4.5.6.7.7.2771	4	5	6	7	7	2771
RefSeq_NZ_CP107189.1	IncFII	IncFII	162472	4.5.6.7.7.2774	4	5	6	7	7	2774
RefSeq_NZ_CP107293.1	IncFII	IncFII	205511	4.5.6.7.11.1794	4	5	6	7	11	1794
RefSeq_NZ_CP107299.1	IncFII	IncFII	215446	4.5.6.7.21.2775	4	5	6	7	21	2775
RefSeq_NZ_CP107309.1	IncFII	IncFII	158295	4.5.6.7.11.1544	4	5	6	7	11	1544
RefSeq_NZ_CP107313.1	IncFII	IncFII	146891	4.5.6.7.11.1544	4	5	6	7	11	1544
RefSeq_NZ_CP107316.1	IncFII	IncFII	84699	4.5.6.7.21.1149	4	5	6	7	21	1149
RefSeq_NZ_CP107322.1	IncFII	IncFII	134594	4.5.6.7.11.2290	4	5	6	7	11	2290
RefSeq_NZ_CP107324.1	IncFII	IncFII	84876	4.5.6.7.21.1149	4	5	6	7	21	1149
RefSeq_NZ_CP107329.1	IncFII	IncFII	134594	4.5.6.7.11.2290	4	5	6	7	11	2290
RefSeq_NZ_CP107331.1	IncFII	IncFII	84876	4.5.6.7.21.1149	4	5	6	7	21	1149
RefSeq_NZ_CP107336.1	IncFII	IncFII	134594	4.5.6.7.11.2290	4	5	6	7	11	2290
RefSeq_NZ_CP107338.1	IncFII	IncFII	84876	4.5.6.7.21.1149	4	5	6	7	21	1149
RefSeq_NZ_CP107342.1	IncFII	IncFII	88043	4.5.6.7.21.2776	4	5	6	7	21	2776
RefSeq_NZ_CP107347.1	IncFII	IncFII	134594	4.5.6.7.11.2290	4	5	6	7	11	2290
RefSeq_NZ_CP107349.1	IncFII	IncFII	84876	4.5.6.7.21.1149	4	5	6	7	21	1149
RefSeq_NZ_CP107354.1	IncFII	IncFII	119995	4.5.6.7.20.2777	4	5	6	7	20	2777
RefSeq_NZ_CP107360.1	IncFII	IncFII	155508	4.5.6.7.11.1707	4	5	6	7	11	1707
RefSeq_NZ_CP107368.1	IncFII	IncFII	152729	4.5.6.7.11.1544	4	5	6	7	11	1544
RefSeq_NZ_CP107374.1	IncFII	IncFII	134594	4.5.6.7.11.2290	4	5	6	7	11	2290
RefSeq_NZ_CP107376.1	IncFII	IncFII	84876	4.5.6.7.21.1149	4	5	6	7	21	1149
RefSeq_NZ_CP107380.1	IncFII	IncFII	155820	4.5.6.7.11.1707	4	5	6	7	11	1707
RefSeq_NZ_CP107385.1	IncFII	IncFII	134592	4.5.6.7.11.2290	4	5	6	7	11	2290
RefSeq_NZ_CP107387.1	IncFII	IncFII	84876	4.5.6.7.21.1149	4	5	6	7	21	1149
RefSeq_NZ_CP107391.1	IncFII	IncFII	155492	4.5.6.7.11.1707	4	5	6	7	11	1707
RefSeq_NZ_CP107395.1	IncFII	IncFII	154664	4.5.6.7.11.1707	4	5	6	7	11	1707
RefSeq_NZ_CP107399.1	IncFII	IncFII	205642	4.5.6.7.7.1103	4	5	6	7	7	1103
RefSeq_NZ_CP107404.1	IncFII	IncFII	154719	4.5.6.7.11.1707	4	5	6	7	11	1707
RefSeq_NZ_CP107409.1	IncFII	IncFII	157273	4.5.6.7.11.1544	4	5	6	7	11	1544
RefSeq_NZ_CP107413.1	IncFII	IncFII	205642	4.5.6.7.7.1103	4	5	6	7	7	1103
RefSeq_NZ_CP107419.1	IncFII	IncFII	205645	4.5.6.7.7.1103	4	5	6	7	7	1103
RefSeq_NZ_CP107427.1	IncFII	IncFII	205639	4.5.6.7.7.1103	4	5	6	7	7	1103
RefSeq_NZ_CP107428.1	IncFII	IncFII	154725	4.5.6.7.11.1707	4	5	6	7	11	1707
RefSeq_NZ_CP107437.1	IncFII	IncFII	205638	4.5.6.7.7.1103	4	5	6	7	7	1103
RefSeq_NZ_CP107438.1	IncFII	IncFII	154719	4.5.6.7.11.1707	4	5	6	7	11	1707
RefSeq_NZ_CP107442.1	IncFII	IncFII	205639	4.5.6.7.7.1103	4	5	6	7	7	1103
RefSeq_NZ_CP107443.1	IncFII	IncFII	154725	4.5.6.7.11.1707	4	5	6	7	11	1707
RefSeq_NZ_CP107448.1	IncFII	IncFII	205652	4.5.6.7.7.1103	4	5	6	7	7	1103
RefSeq_NZ_CP107449.1	IncFII	IncFII	154720	4.5.6.7.11.1707	4	5	6	7	11	1707
RefSeq_NZ_CP107453.1	IncFII	IncFII	175839	3.6.7.9.200.1013	3	6	7	9	200	1013
RefSeq_NZ_CP107454.1	IncFII	IncFII	96034	4.5.6.7.21.2779	4	5	6	7	21	2779
RefSeq_NZ_CP107459.1	IncFII	IncFII	205641	4.5.6.7.7.1103	4	5	6	7	7	1103
RefSeq_NZ_CP107460.1	IncFII	IncFII	154719	4.5.6.7.11.1707	4	5	6	7	11	1707
RefSeq_NZ_CP107464.1	IncFII	IncFII	128751	4.5.6.7.21.1583	4	5	6	7	21	1583
RefSeq_NZ_CP107469.1	IncFII	IncFII	205641	4.5.6.7.7.1103	4	5	6	7	7	1103
RefSeq_NZ_CP107470.1	IncFII	IncFII	154719	4.5.6.7.11.1707	4	5	6	7	11	1707
RefSeq_NZ_CP107474.1	IncFII	IncFII	205965	4.5.6.7.7.1103	4	5	6	7	7	1103
RefSeq_NZ_CP107475.1	IncFII	IncFII	154725	4.5.6.7.11.1707	4	5	6	7	11	1707
RefSeq_NZ_CP107479.1	IncFII	IncFII	205545	4.5.6.7.7.1103	4	5	6	7	7	1103
RefSeq_NZ_CP107480.1	IncFII	IncFII	154726	4.5.6.7.11.1707	4	5	6	7	11	1707
RefSeq_NZ_CP107484.1	IncFII	IncFII	205636	4.5.6.7.7.1103	4	5	6	7	7	1103
RefSeq_NZ_CP107485.1	IncFII	IncFII	154720	4.5.6.7.11.1707	4	5	6	7	11	1707
RefSeq_NZ_CP107489.1	IncFII	IncFII	205638	4.5.6.7.7.1103	4	5	6	7	7	1103
RefSeq_NZ_CP107490.1	IncFII	IncFII	154725	4.5.6.7.11.1707	4	5	6	7	11	1707
RefSeq_NZ_CP107494.1	IncFII	IncFII	205641	4.5.6.7.7.1103	4	5	6	7	7	1103
RefSeq_NZ_CP107495.1	IncFII	IncFII	154725	4.5.6.7.11.1707	4	5	6	7	11	1707
RefSeq_NZ_CP107499.1	IncFII	IncFII	205642	4.5.6.7.7.1103	4	5	6	7	7	1103
RefSeq_NZ_CP107500.1	IncFII	IncFII	154725	4.5.6.7.11.1707	4	5	6	7	11	1707
RefSeq_NZ_CP107504.1	IncFII	IncFII	205642	4.5.6.7.7.1103	4	5	6	7	7	1103
RefSeq_NZ_CP107505.1	IncFII	IncFII	154719	4.5.6.7.11.1707	4	5	6	7	11	1707
RefSeq_NZ_CP107509.1	IncFII	IncFII	205645	4.5.6.7.7.1103	4	5	6	7	7	1103
RefSeq_NZ_CP107510.1	IncFII	IncFII	154726	4.5.6.7.11.1707	4	5	6	7	11	1707
RefSeq_NZ_CP107514.1	IncFII	IncFII	206705	4.5.6.7.7.1103	4	5	6	7	7	1103
RefSeq_NZ_CP107515.1	IncFII	IncFII	154719	4.5.6.7.11.1707	4	5	6	7	11	1707
RefSeq_NZ_CP107519.1	IncFII	IncFII	205640	4.5.6.7.7.1103	4	5	6	7	7	1103
RefSeq_NZ_CP107520.1	IncFII	IncFII	154725	4.5.6.7.11.1707	4	5	6	7	11	1707
RefSeq_NZ_CP109609.1	IncFII	IncFII	142244	4.5.6.7.21.1490	4	5	6	7	21	1490
RefSeq_NZ_CP109615.1	IncFII	IncFII	159149	4.5.6.7.21.2210	4	5	6	7	21	2210
RefSeq_NZ_CP109678.1	IncFII	IncFII	133661	4.5.6.7.20.2022	4	5	6	7	20	2022
RefSeq_NZ_CP109740.1	IncFII	IncFII	133721	4.5.6.7.21.2780	4	5	6	7	21	2780
RefSeq_NZ_CP109771.1	IncFII	IncFII	79225	4.5.6.7.482.2404	4	5	6	7	482	2404
RefSeq_NZ_CP109774.1	IncFII	IncFII	173418	4.5.6.7.7.2781	4	5	6	7	7	2781
RefSeq_NZ_CP109875.1	IncFII	IncFII	133748	4.5.6.7.7.1965	4	5	6	7	7	1965
RefSeq_NZ_CP109930.1	IncFII	IncFII	77976	4.5.6.73.103.2782	4	5	6	73	103	2782
RefSeq_NZ_CP109951.1	IncFII	IncFII	84876	4.5.6.7.21.1149	4	5	6	7	21	1149
RefSeq_NZ_CP109975.1	IncFII	IncFII	162625	4.5.6.7.21.2783	4	5	6	7	21	2783
RefSeq_NZ_CP109976.1	IncFII	IncFII	83551	4.5.6.7.30.1398	4	5	6	7	30	1398
RefSeq_NZ_CP109985.1	IncFII	IncFII	93565	4.5.6.7.11.1837	4	5	6	7	11	1837
RefSeq_NZ_CP109986.1	IncFII	IncFII	86272	4.5.6.8.32.2784	4	5	6	8	32	2784
RefSeq_NZ_CP109987.1	IncFII	IncFII	81442	3.6.7.20.462.2520	3	6	7	20	462	2520
RefSeq_NZ_CP110118.1	IncFII	IncFII	143596	4.5.6.7.11.2769	4	5	6	7	11	2769
RefSeq_NZ_CP110144.1	IncFII	IncFII	238814	4.5.6.7.7.48	4	5	6	7	7	48
RefSeq_NZ_CP110169.1	IncFII	IncFII	131266	4.5.6.7.7.1658	4	5	6	7	7	1658
RefSeq_NZ_CP110171.1	IncFII	IncFII	171542	4.5.6.7.7.2047	4	5	6	7	7	2047
RefSeq_NZ_CP110195.1	IncFII	IncFII	94216	4.5.6.7.9.1034	4	5	6	7	9	1034
RefSeq_NZ_CP110221.1	IncFII	IncFII	59372	4.5.6.7.447.1068	4	5	6	7	447	1068
RefSeq_NZ_CP110261.1	IncFII	IncFII	148447	3.6.7.9.10.2787	3	6	7	9	10	2787
RefSeq_NZ_CP110370.1	IncFII	IncFII	227378	4.5.6.7.7.2390	4	5	6	7	7	2390
RefSeq_NZ_CP110519.1	IncFII	IncFII	38030	3.6.7.20.438.2788	3	6	7	20	438	2788
RefSeq_NZ_CP110528.1	IncFII	IncFII	41699	3.6.7.186.489.2789	3	6	7	186	489	2789
RefSeq_NZ_CP110778.1	IncFII	IncFII	81813	4.5.6.7.20.2790	4	5	6	7	20	2790
RefSeq_NZ_CP110874.1	IncFII	IncFII	98748	4.5.6.7.21.2791	4	5	6	7	21	2791
RefSeq_NZ_CP110878.1	IncFII	IncFII	69675	4.5.6.7.9.2792	4	5	6	7	9	2792
RefSeq_NZ_CP110893.1	IncFII	IncFII	22675	3.6.7.10.471.2793	3	6	7	10	471	2793
RefSeq_NZ_CP110906.1	IncFII	IncFII	22675	3.6.7.10.471.2793	3	6	7	10	471	2793
RefSeq_NZ_CP110909.1	IncFII	IncFII	22675	3.6.7.10.471.2793	3	6	7	10	471	2793
RefSeq_NZ_CP110933.1	IncFII	IncFII	49544	4.5.6.7.11.1000	4	5	6	7	11	1000
RefSeq_NZ_CP110935.1	IncFII	IncFII	49544	4.5.6.7.447.1819	4	5	6	7	447	1819
RefSeq_NZ_CP110938.1	IncFII	IncFII	205140	4.5.6.7.7.48	4	5	6	7	7	48
RefSeq_NZ_CP110942.1	IncFII	IncFII	205144	4.5.6.7.7.48	4	5	6	7	7	48
RefSeq_NZ_CP110943.1	IncFII	IncFII	120296	4.5.6.7.11.49	4	5	6	7	11	49
RefSeq_NZ_CP110948.1	IncFII	IncFII	203817	4.5.6.7.7.48	4	5	6	7	7	48
RefSeq_NZ_CP110949.1	IncFII	IncFII	133656	4.5.6.7.21.2794	4	5	6	7	21	2794
RefSeq_NZ_CP110953.1	IncFII	IncFII	134385	4.5.6.7.20.1669	4	5	6	7	20	1669
RefSeq_NZ_CP110958.1	IncFII	IncFII	203817	4.5.6.7.7.48	4	5	6	7	7	48
RefSeq_NZ_CP110959.1	IncFII	IncFII	134385	4.5.6.7.20.1669	4	5	6	7	20	1669
RefSeq_NZ_CP110963.1	IncFII	IncFII	203817	4.5.6.7.7.48	4	5	6	7	7	48
RefSeq_NZ_CP110964.1	IncFII	IncFII	131583	4.5.6.7.20.2795	4	5	6	7	20	2795
RefSeq_NZ_CP110968.1	IncFII	IncFII	161141	4.5.6.7.7.1455	4	5	6	7	7	1455
RefSeq_NZ_CP110998.1	IncFII	IncFII	168068	4.5.6.7.7.2796	4	5	6	7	7	2796
RefSeq_NZ_CP111099.1	IncFII	IncFII	94602	3.6.7.9.181.1117	3	6	7	9	181	1117
RefSeq_NZ_CP112888.1	IncFII	IncFII	98913	4.5.6.7.21.1537	4	5	6	7	21	1537
RefSeq_NZ_CP112995.1	IncFII	IncFII	113048	4.5.6.7.9.1002	4	5	6	7	9	1002
RefSeq_NZ_CP113170.1	IncFII	IncFII	101224	3.6.7.66.91.2524	3	6	7	66	91	2524
RefSeq_NZ_CP113180.1	IncFII	IncFII	94951	4.5.6.7.7.2798	4	5	6	7	7	2798
RefSeq_NZ_CP113187.1	IncFII	IncFII	103507	3.6.7.66.91.2524	3	6	7	66	91	2524
RefSeq_NZ_CP113188.1	IncFII	IncFII	70383	4.5.6.73.103.1591	4	5	6	73	103	1591
RefSeq_NZ_CP113189.1	IncFII	IncFII	57862	4.5.6.7.20.2799	4	5	6	7	20	2799
RefSeq_NZ_CP113201.1	IncFII	IncFII	211625	3.6.7.9.10.948	3	6	7	9	10	948
RefSeq_NZ_CP113204.1	IncFII	IncFII	211765	3.6.7.9.10.948	3	6	7	9	10	948
RefSeq_NZ_CP113213.1	IncFII	IncFII	212905	3.6.7.9.10.948	3	6	7	9	10	948
RefSeq_NZ_CP113218.1	IncFII	IncFII	225748	3.6.7.9.10.2802	3	6	7	9	10	2802
RefSeq_NZ_CP113790.1	IncFII	IncFII	154584	3.6.7.9.10.2803	3	6	7	9	10	2803
RefSeq_NZ_CP113792.1	IncFII	IncFII	92624	4.5.6.7.21.2804	4	5	6	7	21	2804
RefSeq_NZ_CP113905.1	IncFII	IncFII	130876	4.5.6.7.21.1079	4	5	6	7	21	1079
RefSeq_NZ_CP114165.1	IncFII	IncFII	237760	4.5.6.7.7.2806	4	5	6	7	7	2806
RefSeq_NZ_CP114169.1	IncFII	IncFII	239010	4.5.6.7.7.2806	4	5	6	7	7	2806
RefSeq_NZ_CP114309.1	IncFII	IncFII	246621	4.5.6.7.7.260	4	5	6	7	7	260
RefSeq_NZ_CP114313.1	IncFII	IncFII	236560	4.5.6.7.7.2806	4	5	6	7	7	2806
RefSeq_NZ_CP114317.1	IncFII	IncFII	236561	4.5.6.7.7.2806	4	5	6	7	7	2806
RefSeq_NZ_CP114321.1	IncFII	IncFII	236561	4.5.6.7.7.2806	4	5	6	7	7	2806
RefSeq_NZ_CP114325.1	IncFII	IncFII	236560	4.5.6.7.7.2806	4	5	6	7	7	2806
RefSeq_NZ_CP114329.1	IncFII	IncFII	236560	4.5.6.7.7.2806	4	5	6	7	7	2806
RefSeq_NZ_CP114333.1	IncFII	IncFII	227788	4.5.6.7.7.2806	4	5	6	7	7	2806
RefSeq_NZ_CP114355.1	IncFII	IncFII	236560	4.5.6.7.7.2806	4	5	6	7	7	2806
RefSeq_NZ_CP114362.1	IncFII	IncFII	227788	4.5.6.7.7.2806	4	5	6	7	7	2806
RefSeq_NZ_CP114567.1	IncFII	IncFII	117198	4.5.6.7.21.2808	4	5	6	7	21	2808
RefSeq_NZ_CP114774.1	IncFII	IncFII	212569	4.5.6.7.7.1535	4	5	6	7	7	1535
RefSeq_NZ_CP114854.1	IncFII	IncFII	249122	4.5.6.7.7.48	4	5	6	7	7	48
RefSeq_NZ_CP114987.1	IncFII	IncFII	69933	4.5.6.7.9.1930	4	5	6	7	9	1930
RefSeq_NZ_CP115012.1	IncFII	IncFII	84227	4.5.6.7.21.1149	4	5	6	7	21	1149
RefSeq_NZ_CP115018.1	IncFII	IncFII	84227	4.5.6.7.20.2810	4	5	6	7	20	2810
RefSeq_NZ_CP115130.1	IncFII	IncFII	117275	4.5.6.7.20.2811	4	5	6	7	20	2811
RefSeq_NZ_CP115321.1	IncFII	IncFII	98809	4.5.6.7.11.1189	4	5	6	7	11	1189
RefSeq_NZ_CP115331.1	IncFII	IncFII	157054	4.5.6.7.11.1127	4	5	6	7	11	1127
RefSeq_NZ_CP115344.1	IncFII	IncFII	84550	3.6.7.9.10.2157	3	6	7	9	10	2157
RefSeq_NZ_CP115352.1	IncFII	IncFII	141537	3.6.7.9.10.142	3	6	7	9	10	142
RefSeq_NZ_CP115367.1	IncFII	IncFII	69932	4.5.6.7.9.1930	4	5	6	7	9	1930
RefSeq_NZ_CP115377.1	IncFII	IncFII	127633	4.5.6.7.7.2815	4	5	6	7	7	2815
RefSeq_NZ_CP115387.1	IncFII	IncFII	100876	4.5.6.7.11.1189	4	5	6	7	11	1189
RefSeq_NZ_CP115673.1	IncFII	IncFII	146783	3.6.7.9.286.2029	3	6	7	9	286	2029
RefSeq_NZ_CP115697.1	IncFII	IncFII	146783	3.6.7.9.286.2029	3	6	7	9	286	2029
RefSeq_NZ_CP115702.1	IncFII	IncFII	68167	4.5.6.7.21.2817	4	5	6	7	21	2817
RefSeq_NZ_CP115709.1	IncFII	IncFII	119165	4.5.6.7.21.1118	4	5	6	7	21	1118
RefSeq_NZ_CP115716.1	IncFII	IncFII	219411	3.6.7.9.10.2818	3	6	7	9	10	2818
RefSeq_NZ_CP115827.1	IncFII	IncFII	36165	4.5.6.73.103.2819	4	5	6	73	103	2819
RefSeq_NZ_CP115832.1	IncFII	IncFII	162142	3.6.7.9.10.623	3	6	7	9	10	623
RefSeq_NZ_CP115833.1	IncFII	IncFII	95204	3.6.7.66.91.2338	3	6	7	66	91	2338
RefSeq_NZ_CP115838.1	IncFII	IncFII	91820	4.5.6.7.7.2820	4	5	6	7	7	2820
RefSeq_NZ_CP115931.1	IncFII	IncFII	113594	4.5.6.7.21.58	4	5	6	7	21	58
RefSeq_NZ_CP115933.1	IncFII	IncFII	162490	4.5.6.7.21.2821	4	5	6	7	21	2821
RefSeq_NZ_CP116037.1	IncFII	IncFII	82743	4.5.6.7.21.1220	4	5	6	7	21	1220
RefSeq_NZ_CP116045.1	IncFII	IncFII	88676	3.6.7.9.135.1859	3	6	7	9	135	1859
RefSeq_NZ_CP116048.1	IncFII	IncFII	69262	4.5.6.73.103.1591	4	5	6	73	103	1591
RefSeq_NZ_CP116089.1	IncFII	IncFII	187674	3.6.7.9.10.142	3	6	7	9	10	142
RefSeq_NZ_CP116101.1	IncFII	IncFII	178682	3.6.7.9.10.142	3	6	7	9	10	142
RefSeq_NZ_CP116104.1	IncFII	IncFII	108072	4.5.6.7.11.1872	4	5	6	7	11	1872
RefSeq_NZ_CP116118.1	IncFII	IncFII	82761	4.5.6.7.11.1872	4	5	6	7	11	1872
RefSeq_NZ_CP116124.1	IncFII	IncFII	98478	4.5.6.7.11.2822	4	5	6	7	11	2822
RefSeq_NZ_CP116137.1	IncFII	IncFII	151807	3.6.7.9.10.2502	3	6	7	9	10	2502
RefSeq_NZ_CP116146.1	IncFII	IncFII	107932	3.6.7.9.10.2823	3	6	7	9	10	2823
RefSeq_NZ_CP116154.1	IncFII	IncFII	128466	3.6.7.9.10.1638	3	6	7	9	10	1638
RefSeq_NZ_CP116182.1	IncFII	IncFII	107932	3.6.7.9.10.2823	3	6	7	9	10	2823
RefSeq_NZ_CP116192.1	IncFII	IncFII	108072	4.5.6.7.11.1872	4	5	6	7	11	1872
RefSeq_NZ_CP116195.1	IncFII	IncFII	108065	4.5.6.7.11.1872	4	5	6	7	11	1872
RefSeq_NZ_CP116216.1	IncFII	IncFII	183276	3.6.7.9.10.2825	3	6	7	9	10	2825
RefSeq_NZ_CP116217.1	IncFII	IncFII	105902	4.5.6.7.7.2826	4	5	6	7	7	2826
RefSeq_NZ_CP116407.1	IncFII	IncFII	74423	4.5.6.73.103.2827	4	5	6	73	103	2827
RefSeq_NZ_CP116481.1	IncFII	IncFII	138420	4.5.6.7.11.2623	4	5	6	7	11	2623
RefSeq_NZ_CP116493.1	IncFII	IncFII	100630	4.5.6.8.32.2829	4	5	6	8	32	2829
RefSeq_NZ_CP116901.1	IncFII	IncFII	103554	4.5.6.7.20.1124	4	5	6	7	20	1124
RefSeq_NZ_CP116905.1	IncFII	IncFII	134875	4.5.6.7.11.2290	4	5	6	7	11	2290
RefSeq_NZ_CP116906.1	IncFII	IncFII	86599	4.5.6.7.30.1398	4	5	6	7	30	1398
RefSeq_NZ_CP117007.1	IncFII	IncFII	140278	3.6.7.66.91.2832	3	6	7	66	91	2832
RefSeq_NZ_CP117171.1	IncFII	IncFII	23984	3.6.7.20.438.2490	3	6	7	20	438	2490
RefSeq_NZ_CP117185.1	IncFII	IncFII	65644	4.5.6.73.103.629	4	5	6	73	103	629
RefSeq_NZ_CP117190.1	IncFII	IncFII	69007	4.5.6.73.103.1591	4	5	6	73	103	1591
RefSeq_NZ_CP117225.1	IncFII	IncFII	117755	3.6.7.9.200.1410	3	6	7	9	200	1410
RefSeq_NZ_CP117245.1	IncFII	IncFII	93832	4.5.6.7.9.1002	4	5	6	7	9	1002
RefSeq_NZ_CP117333.1	IncFII	IncFII	66452	4.5.6.73.103.2833	4	5	6	73	103	2833
RefSeq_NZ_CP117358.1	IncFII	IncFII	93864	4.5.6.7.11.1051	4	5	6	7	11	1051
RefSeq_NZ_CP117593.1	IncFII	IncFII	59212	4.5.6.73.103.176	4	5	6	73	103	176
RefSeq_NZ_CP117603.1	IncFII	IncFII	81187	3.6.7.66.91.2837	3	6	7	66	91	2837
RefSeq_NZ_CP117681.1	IncFII	IncFII	63626	4.5.6.73.103.2839	4	5	6	73	103	2839
RefSeq_NZ_CP117724.1	IncFII	IncFII	172688	4.5.6.7.7.2840	4	5	6	7	7	2840
RefSeq_NZ_CP117733.1	IncFII	IncFII	119611	4.5.6.7.21.2841	4	5	6	7	21	2841
RefSeq_NZ_CP117734.1	IncFII	IncFII	69985	4.5.6.18.460.2129	4	5	6	18	460	2129
RefSeq_NZ_CP117735.1	IncFII	IncFII	69503	4.5.6.7.21.2088	4	5	6	7	21	2088
RefSeq_NZ_CP117752.1	IncFII	IncFII	113105	4.5.6.7.7.2842	4	5	6	7	7	2842
RefSeq_NZ_CP117958.1	IncFII	IncFII	122293	3.6.7.9.10.2843	3	6	7	9	10	2843
RefSeq_NZ_CP117977.1	IncFII	IncFII	60499	4.5.6.7.11.1000	4	5	6	7	11	1000
RefSeq_NZ_CP118384.1	IncFII	IncFII	175563	4.5.6.7.20.2844	4	5	6	7	20	2844
RefSeq_NZ_CP118385.1	IncFII	IncFII	67458	4.5.6.7.9.2792	4	5	6	7	9	2792
RefSeq_NZ_CP118399.1	IncFII	IncFII	136334	4.5.6.7.7.1863	4	5	6	7	7	1863
RefSeq_NZ_CP118406.1	IncFII	IncFII	216722	4.5.6.7.7.28	4	5	6	7	7	28
RefSeq_NZ_CP118553.1	IncFII	IncFII	175470	4.5.6.7.20.2844	4	5	6	7	20	2844
RefSeq_NZ_CP118554.1	IncFII	IncFII	67458	4.5.6.7.9.2792	4	5	6	7	9	2792
RefSeq_NZ_CP118561.1	IncFII	IncFII	111328	4.5.6.7.11.2845	4	5	6	7	11	2845
RefSeq_NZ_CP118603.1	IncFII	IncFII	145194	3.6.7.9.10.964	3	6	7	9	10	964
RefSeq_NZ_CP118693.1	IncFII	IncFII	134960	4.5.6.7.9.1673	4	5	6	7	9	1673
RefSeq_NZ_CP118694.1	IncFII	IncFII	87095	4.5.6.7.30.1398	4	5	6	7	30	1398
RefSeq_NZ_CP118904.1	IncFII	IncFII	124316	4.5.6.7.21.1579	4	5	6	7	21	1579
RefSeq_NZ_CP118998.1	IncFII	IncFII	142349	3.6.7.9.238.1162	3	6	7	9	238	1162
RefSeq_NZ_CP119014.1	IncFII	IncFII	69455	4.5.6.7.482.2847	4	5	6	7	482	2847
RefSeq_NZ_CP119049.1	IncFII	IncFII	130724	4.5.6.7.21.2848	4	5	6	7	21	2848
RefSeq_NZ_CP119177.1	IncFII	IncFII	87095	4.5.6.7.21.1149	4	5	6	7	21	1149
RefSeq_NZ_CP119452.1	IncFII	IncFII	51197	3.6.7.66.91.1223	3	6	7	66	91	1223
RefSeq_NZ_CP120316.1	IncFII	IncFII	59373	4.5.6.7.447.1056	4	5	6	7	447	1056
RefSeq_NZ_CP120319.1	IncFII	IncFII	59372	4.5.6.7.447.1056	4	5	6	7	447	1056
RefSeq_NZ_CP120323.1	IncFII	IncFII	59372	4.5.6.7.447.1056	4	5	6	7	447	1056
RefSeq_NZ_CP120550.1	IncFII	IncFII	153456	3.6.7.9.10.675	3	6	7	9	10	675
RefSeq_NZ_CP120551.1	IncFII	IncFII	77638	4.5.6.73.103.1211	4	5	6	73	103	1211
RefSeq_NZ_CP120672.1	IncFII	IncFII	48530	3.4.8.241.477.1344	3	4	8	241	477	1344
RefSeq_NZ_CP120838.1	IncFII	IncFII	64327	4.5.6.7.447.1056	4	5	6	7	447	1056
RefSeq_NZ_CP120848.1	IncFII	IncFII	133718	4.5.6.7.20.2851	4	5	6	7	20	2851
RefSeq_NZ_CP120888.1	IncFII	IncFII	181994	4.5.6.7.7.65	4	5	6	7	7	65
RefSeq_NZ_CP121004.1	IncFII	IncFII	64327	4.5.6.7.11.1992	4	5	6	7	11	1992
RefSeq_NZ_CP121088.1	IncFII	IncFII	167740	3.6.7.9.10.142	3	6	7	9	10	142
RefSeq_NZ_CP121128.1	IncFII	IncFII	247179	4.5.6.7.7.48	4	5	6	7	7	48
RefSeq_NZ_CP121130.1	IncFII	IncFII	247178	4.5.6.7.7.65	4	5	6	7	7	65
RefSeq_NZ_CP121132.1	IncFII	IncFII	247177	4.5.6.7.7.65	4	5	6	7	7	65
RefSeq_NZ_CP121134.1	IncFII	IncFII	247179	4.5.6.7.7.65	4	5	6	7	7	65
RefSeq_NZ_CP121136.1	IncFII	IncFII	247177	4.5.6.7.7.48	4	5	6	7	7	48
RefSeq_NZ_CP121138.1	IncFII	IncFII	247159	4.5.6.7.7.48	4	5	6	7	7	48
RefSeq_NZ_CP121140.1	IncFII	IncFII	192395	4.5.6.7.7.2768	4	5	6	7	7	2768
RefSeq_NZ_CP121142.1	IncFII	IncFII	247179	4.5.6.7.7.48	4	5	6	7	7	48
RefSeq_NZ_CP121144.1	IncFII	IncFII	247179	4.5.6.7.7.48	4	5	6	7	7	48
RefSeq_NZ_CP121146.1	IncFII	IncFII	247173	4.5.6.7.7.48	4	5	6	7	7	48
RefSeq_NZ_CP121158.1	IncFII	IncFII	159910	3.6.7.9.10.2853	3	6	7	9	10	2853
RefSeq_NZ_CP121382.1	IncFII	IncFII	38472	3.6.7.20.202.2855	3	6	7	20	202	2855
RefSeq_NZ_CP121388.1	IncFII	IncFII	38472	3.6.7.10.471.2856	3	6	7	10	471	2856
RefSeq_NZ_CP121394.1	IncFII	IncFII	38472	3.6.7.20.202.2855	3	6	7	20	202	2855
RefSeq_NZ_CP122302.1	IncFII	IncFII	64327	4.5.6.7.447.1056	4	5	6	7	447	1056
RefSeq_NZ_CP122339.1	IncFII	IncFII	173435	4.5.6.7.7.65	4	5	6	7	7	65
RefSeq_NZ_CP122383.1	IncFII	IncFII	118111	4.5.6.7.21.1118	4	5	6	7	21	1118
RefSeq_NZ_CP122450.1	IncFII	IncFII	91257	3.6.7.66.91.2857	3	6	7	66	91	2857
RefSeq_NZ_CP122453.1	IncFII	IncFII	93344	3.6.7.66.91.2857	3	6	7	66	91	2857
RefSeq_NZ_CP122456.1	IncFII	IncFII	93344	3.6.7.66.91.2857	3	6	7	66	91	2857
RefSeq_NZ_CP122462.1	IncFII	IncFII	175206	4.5.6.7.7.260	4	5	6	7	7	260
RefSeq_NZ_CP122463.1	IncFII	IncFII	146163	4.5.6.7.21.2858	4	5	6	7	21	2858
RefSeq_NZ_CP122470.1	IncFII	IncFII	146164	4.5.6.7.21.2858	4	5	6	7	21	2858
RefSeq_NZ_CP122509.1	IncFII	IncFII	121553	4.5.6.7.7.2860	4	5	6	7	7	2860
RefSeq_NZ_CP122571.1	IncFII	IncFII	100026	4.5.6.7.11.2530	4	5	6	7	11	2530
RefSeq_NZ_CP122583.1	IncFII	IncFII	100034	4.5.6.7.11.2530	4	5	6	7	11	2530
RefSeq_NZ_CP122732.1	IncFII	IncFII	91044	3.6.7.66.91.2868	3	6	7	66	91	2868
RefSeq_NZ_CP123014.1	IncFII	IncFII	107858	4.5.6.7.11.1192	4	5	6	7	11	1192
RefSeq_NZ_CP123019.1	IncFII	IncFII	83900	3.6.7.9.10.1968	3	6	7	9	10	1968
RefSeq_NZ_CP123025.1	IncFII	IncFII	100602	4.5.6.7.11.1192	4	5	6	7	11	1192
RefSeq_NZ_CP123031.1	IncFII	IncFII	84132	3.6.7.9.10.1968	3	6	7	9	10	1968
RefSeq_NZ_CP123037.1	IncFII	IncFII	108280	4.5.6.7.11.1192	4	5	6	7	11	1192
RefSeq_NZ_CP123041.1	IncFII	IncFII	118619	4.5.6.7.21.1452	4	5	6	7	21	1452
RefSeq_NZ_CP123044.1	IncFII	IncFII	118619	4.5.6.7.21.1452	4	5	6	7	21	1452
RefSeq_NZ_CP123233.1	IncFII	IncFII	87114	4.5.6.7.21.1220	4	5	6	7	21	1220
RefSeq_NZ_CP123257.1	IncFII	IncFII	80091	4.5.6.7.9.2873	4	5	6	7	9	2873
RefSeq_NZ_CP123432.1	IncFII	IncFII	139452	4.5.6.7.11.1083	4	5	6	7	11	1083
RefSeq_NZ_CP124122.1	IncFII	IncFII	137276	3.6.7.9.286.2876	3	6	7	9	286	2876
RefSeq_NZ_CP124133.1	IncFII	IncFII	113642	3.6.7.9.10.2878	3	6	7	9	10	2878
RefSeq_NZ_CP124134.1	IncFII	IncFII	121082	4.5.6.7.20.1088	4	5	6	7	20	1088
RefSeq_NZ_CP124137.1	IncFII	IncFII	121085	4.5.6.7.7.1471	4	5	6	7	7	1471
RefSeq_NZ_CP124139.1	IncFII	IncFII	113645	3.6.7.9.10.2878	3	6	7	9	10	2878
RefSeq_NZ_CP124142.1	IncFII	IncFII	129646	4.5.6.7.20.1088	4	5	6	7	20	1088
RefSeq_NZ_CP124144.1	IncFII	IncFII	188907	4.5.6.7.7.1400	4	5	6	7	7	1400
RefSeq_NZ_CP124153.1	IncFII	IncFII	127519	4.5.6.7.21.321	4	5	6	7	21	321
RefSeq_NZ_CP124155.1	IncFII	IncFII	148909	4.5.6.7.7.2879	4	5	6	7	7	2879
RefSeq_NZ_CP124164.1	IncFII	IncFII	127528	4.5.6.7.11.2324	4	5	6	7	11	2324
RefSeq_NZ_CP124166.1	IncFII	IncFII	148904	4.5.6.7.7.2879	4	5	6	7	7	2879
RefSeq_NZ_CP124169.1	IncFII	IncFII	116310	4.5.6.7.20.2880	4	5	6	7	20	2880
RefSeq_NZ_CP124170.1	IncFII	IncFII	180636	3.6.7.9.200.949	3	6	7	9	200	949
RefSeq_NZ_CP124177.1	IncFII	IncFII	116381	4.5.6.7.20.2880	4	5	6	7	20	2880
RefSeq_NZ_CP124178.1	IncFII	IncFII	135012	3.6.7.9.10.2881	3	6	7	9	10	2881
RefSeq_NZ_CP124330.1	IncFII	IncFII	61165	4.5.6.73.103.2770	4	5	6	73	103	2770
RefSeq_NZ_CP124368.1	IncFII	IncFII	103076	4.5.6.7.7.2882	4	5	6	7	7	2882
RefSeq_NZ_CP124375.1	IncFII	IncFII	99789	4.5.6.7.21.1420	4	5	6	7	21	1420
RefSeq_NZ_CP124377.1	IncFII	IncFII	72619	4.5.6.73.103.1272	4	5	6	73	103	1272
RefSeq_NZ_CP124388.1	IncFII	IncFII	103452	3.6.7.9.10.1284	3	6	7	9	10	1284
RefSeq_NZ_CP124393.1	IncFII	IncFII	135338	4.5.6.7.11.1127	4	5	6	7	11	1127
RefSeq_NZ_CP124399.1	IncFII	IncFII	84202	4.5.6.7.7.2884	4	5	6	7	7	2884
RefSeq_NZ_CP124401.1	IncFII	IncFII	97703	3.6.7.9.10.1284	3	6	7	9	10	1284
RefSeq_NZ_CP124406.1	IncFII	IncFII	91501	4.5.6.7.7.2885	4	5	6	7	7	2885
RefSeq_NZ_CP124411.1	IncFII	IncFII	135326	4.5.6.7.11.1127	4	5	6	7	11	1127
RefSeq_NZ_CP124416.1	IncFII	IncFII	134299	4.5.6.7.7.677	4	5	6	7	7	677
RefSeq_NZ_CP124421.1	IncFII	IncFII	127206	4.5.6.7.11.1127	4	5	6	7	11	1127
RefSeq_NZ_CP124425.1	IncFII	IncFII	104594	4.5.6.7.11.2886	4	5	6	7	11	2886
RefSeq_NZ_CP124430.1	IncFII	IncFII	113044	3.6.7.9.10.1274	3	6	7	9	10	1274
RefSeq_NZ_CP124437.1	IncFII	IncFII	82979	4.5.6.7.7.2887	4	5	6	7	7	2887
RefSeq_NZ_CP124443.1	IncFII	IncFII	82934	4.5.6.7.7.2887	4	5	6	7	7	2887
RefSeq_NZ_CP124476.1	IncFII	IncFII	130369	4.5.6.7.11.1127	4	5	6	7	11	1127
RefSeq_NZ_CP124482.1	IncFII	IncFII	108535	4.5.6.7.7.2888	4	5	6	7	7	2888
RefSeq_NZ_CP124488.1	IncFII	IncFII	69343	3.6.7.9.10.1918	3	6	7	9	10	1918
RefSeq_NZ_CP124496.1	IncFII	IncFII	88152	3.6.7.9.10.2889	3	6	7	9	10	2889
RefSeq_NZ_CP124518.1	IncFII	IncFII	125500	4.5.6.7.11.1127	4	5	6	7	11	1127
RefSeq_NZ_CP124523.1	IncFII	IncFII	59372	4.5.6.7.447.1068	4	5	6	7	447	1068
RefSeq_NZ_CP124695.1	IncFII	IncFII	166857	3.6.7.9.10.1153	3	6	7	9	10	1153
RefSeq_NZ_CP124696.1	IncFII	IncFII	96675	4.5.6.7.9.1034	4	5	6	7	9	1034
RefSeq_NZ_CP124697.1	IncFII	IncFII	62484	3.6.7.9.14.2890	3	6	7	9	14	2890
RefSeq_NZ_CP124699.1	IncFII	IncFII	144264	3.6.7.9.10.2891	3	6	7	9	10	2891
RefSeq_NZ_CP124700.1	IncFII	IncFII	93119	4.5.6.7.9.1034	4	5	6	7	9	1034
RefSeq_NZ_CP124704.1	IncFII	IncFII	93640	4.5.6.7.9.1034	4	5	6	7	9	1034
RefSeq_NZ_CP124805.1	IncFII	IncFII	174299	4.5.6.7.20.2893	4	5	6	7	20	2893
RefSeq_NZ_CP124806.1	IncFII	IncFII	97591	4.5.6.7.21.2894	4	5	6	7	21	2894
RefSeq_NZ_CP124828.1	IncFII	IncFII	211945	4.5.6.7.7.48	4	5	6	7	7	48
RefSeq_NZ_CP124867.1	IncFII	IncFII	147040	4.5.6.7.21.2895	4	5	6	7	21	2895
RefSeq_NZ_CP124875.1	IncFII	IncFII	180663	4.5.6.7.7.2768	4	5	6	7	7	2768
RefSeq_NZ_CP125081.1	IncFII	IncFII	154088	3.6.7.9.10.623	3	6	7	9	10	623
RefSeq_NZ_CP125082.1	IncFII	IncFII	36823	4.5.6.18.460.2896	4	5	6	18	460	2896
RefSeq_NZ_CP125084.1	IncFII	IncFII	95433	3.6.7.20.202.2897	3	6	7	20	202	2897
RefSeq_NZ_CP125089.1	IncFII	IncFII	113626	4.5.6.7.11.1050	4	5	6	7	11	1050
RefSeq_NZ_CP125221.1	IncFII	IncFII	64327	4.5.6.7.447.1056	4	5	6	7	447	1056
RefSeq_NZ_CP125314.1	IncFII	IncFII	71751	4.5.6.224.423.2900	4	5	6	224	423	2900
RefSeq_NZ_CP125335.1	IncFII	IncFII	302246	3.6.7.9.10.2901	3	6	7	9	10	2901
RefSeq_NZ_CP125341.1	IncFII	IncFII	83551	4.5.6.7.21.1149	4	5	6	7	21	1149
RefSeq_NZ_CP125342.1	IncFII	IncFII	110599	4.5.6.7.11.1794	4	5	6	7	11	1794
RefSeq_NZ_CP125346.1	IncFII	IncFII	50524	4.5.6.7.482.2902	4	5	6	7	482	2902
RefSeq_NZ_CP125348.1	IncFII	IncFII	83551	4.5.6.7.21.1149	4	5	6	7	21	1149
RefSeq_NZ_CP125674.1	IncFII	IncFII	115297	4.5.6.7.21.2903	4	5	6	7	21	2903
RefSeq_NZ_CP125677.1	IncFII	IncFII	115296	4.5.6.7.21.2903	4	5	6	7	21	2903
RefSeq_NZ_CP125683.1	IncFII	IncFII	115295	4.5.6.7.21.2903	4	5	6	7	21	2903
RefSeq_NZ_CP125690.1	IncFII	IncFII	115296	4.5.6.7.21.2903	4	5	6	7	21	2903
RefSeq_NZ_CP125698.1	IncFII	IncFII	115295	4.5.6.7.21.2903	4	5	6	7	21	2903
RefSeq_NZ_CP125703.1	IncFII	IncFII	115304	4.5.6.7.21.2903	4	5	6	7	21	2903
RefSeq_NZ_CP125707.1	IncFII	IncFII	115299	4.5.6.7.21.2903	4	5	6	7	21	2903
RefSeq_NZ_CP125708.1	IncFII	IncFII	115297	4.5.6.7.21.2903	4	5	6	7	21	2903
RefSeq_NZ_CP125712.1	IncFII	IncFII	115296	4.5.6.7.21.2903	4	5	6	7	21	2903
RefSeq_NZ_CP125716.1	IncFII	IncFII	115295	3.6.7.9.10.2904	3	6	7	9	10	2904
RefSeq_NZ_CP125884.1	IncFII	IncFII	84082	4.5.6.7.9.2748	4	5	6	7	9	2748
RefSeq_NZ_CP125886.1	IncFII	IncFII	88320	4.5.6.7.9.2202	4	5	6	7	9	2202
RefSeq_NZ_CP125888.1	IncFII	IncFII	76852	4.5.6.7.9.1930	4	5	6	7	9	1930
RefSeq_NZ_CP125890.1	IncFII	IncFII	67643	4.5.6.73.103.1591	4	5	6	73	103	1591
RefSeq_NZ_CP125892.1	IncFII	IncFII	105034	3.6.7.66.91.2905	3	6	7	66	91	2905
RefSeq_NZ_CP126059.1	IncFII	IncFII	181271	3.6.7.9.10.948	3	6	7	9	10	948
RefSeq_NZ_CP126063.1	IncFII	IncFII	114870	4.5.6.7.11.49	4	5	6	7	11	49
RefSeq_NZ_CP126139.1	IncFII	IncFII	93855	4.5.6.7.9.1002	4	5	6	7	9	1002
RefSeq_NZ_CP126141.1	IncFII	IncFII	64327	4.5.6.7.447.1056	4	5	6	7	447	1056
RefSeq_NZ_CP126167.1	IncFII	IncFII	59372	4.5.6.7.447.1056	4	5	6	7	447	1056
RefSeq_NZ_CP126324.1	IncFII	IncFII	86649	4.5.6.18.460.2407	4	5	6	18	460	2407
RefSeq_NZ_CP126328.1	IncFII	IncFII	48318	3.6.7.20.438.2906	3	6	7	20	438	2906
RefSeq_NZ_CP126755.1	IncFII	IncFII	80070	3.6.7.9.200.2910	3	6	7	9	200	2910
RefSeq_NZ_CP126759.1	IncFII	IncFII	80070	3.6.7.9.200.2910	3	6	7	9	200	2910
RefSeq_NZ_CP126762.1	IncFII	IncFII	174893	4.5.6.7.7.1879	4	5	6	7	7	1879
RefSeq_NZ_CP126768.1	IncFII	IncFII	174866	3.6.7.9.10.2911	3	6	7	9	10	2911
RefSeq_NZ_CP126852.1	IncFII	IncFII	110786	4.5.6.8.32.1111	4	5	6	8	32	1111
RefSeq_NZ_CP126870.1	IncFII	IncFII	153892	4.5.6.7.7.1957	4	5	6	7	7	1957
RefSeq_NZ_CP126874.1	IncFII	IncFII	184852	4.5.6.7.7.1879	4	5	6	7	7	1879
RefSeq_NZ_CP126988.1	IncFII	IncFII	177756	4.5.6.7.11.436	4	5	6	7	11	436
RefSeq_NZ_CP127000.1	IncFII	IncFII	90338	4.5.6.7.7.2912	4	5	6	7	7	2912
RefSeq_NZ_CP127031.1	IncFII	IncFII	70582	3.6.7.9.14.2913	3	6	7	9	14	2913
RefSeq_NZ_CP127083.1	IncFII	IncFII	76772	4.5.6.7.9.2914	4	5	6	7	9	2914
RefSeq_NZ_CP127109.1	IncFII	IncFII	153892	4.5.6.7.7.1957	4	5	6	7	7	1957
RefSeq_NZ_CP127113.1	IncFII	IncFII	154720	4.5.6.7.7.2915	4	5	6	7	7	2915
RefSeq_NZ_CP127155.1	IncFII	IncFII	123027	4.5.6.7.21.1651	4	5	6	7	21	1651
RefSeq_NZ_CP127156.1	IncFII	IncFII	83572	4.5.6.7.21.1149	4	5	6	7	21	1149
RefSeq_NZ_CP127230.1	IncFII	IncFII	153000	4.5.6.7.7.1617	4	5	6	7	7	1617
RefSeq_NZ_CP127231.1	IncFII	IncFII	258228	3.6.7.9.10.1795	3	6	7	9	10	1795
RefSeq_NZ_CP127236.1	IncFII	IncFII	154719	4.5.6.7.11.1707	4	5	6	7	11	1707
RefSeq_NZ_CP127237.1	IncFII	IncFII	205645	4.5.6.7.7.260	4	5	6	7	7	260
RefSeq_NZ_CP127494.1	IncFII	IncFII	95129	4.5.6.7.7.2917	4	5	6	7	7	2917
RefSeq_NZ_CP127500.1	IncFII	IncFII	134238	4.5.6.7.21.2918	4	5	6	7	21	2918
RefSeq_NZ_CP127502.1	IncFII	IncFII	345497	3.6.7.9.14.2919	3	6	7	9	14	2919
RefSeq_NZ_CP127508.1	IncFII	IncFII	104310	3.6.7.9.10.2920	3	6	7	9	10	2920
RefSeq_NZ_CP127516.1	IncFII	IncFII	104310	4.5.6.7.21.2921	4	5	6	7	21	2921
RefSeq_NZ_CP127850.1	IncFII	IncFII	70343	3.6.7.20.202.2924	3	6	7	20	202	2924
RefSeq_NZ_CP127851.1	IncFII	IncFII	61762	4.5.6.73.103.1272	4	5	6	73	103	1272
RefSeq_NZ_CP128193.1	IncFII	IncFII	74021	4.5.6.7.21.2925	4	5	6	7	21	2925
RefSeq_NZ_CP128257.1	IncFII	IncFII	85979	3.6.7.66.91.2926	3	6	7	66	91	2926
RefSeq_NZ_CP128593.1	IncFII	IncFII	107850	3.6.7.9.10.2929	3	6	7	9	10	2929
RefSeq_NZ_CP128898.1	IncFII	IncFII	121712	3.6.7.9.10.1274	3	6	7	9	10	1274
RefSeq_NZ_CP128913.1	IncFII	IncFII	179124	3.6.7.9.10.631	3	6	7	9	10	631
RefSeq_NZ_CP128973.1	IncFII	IncFII	76859	4.5.6.73.103.2930	4	5	6	73	103	2930
RefSeq_NZ_CP129207.1	IncFII	IncFII	94032	4.5.6.7.11.1051	4	5	6	7	11	1051
RefSeq_NZ_CP129210.1	IncFII	IncFII	94026	4.5.6.7.11.1051	4	5	6	7	11	1051
RefSeq_NZ_CP129241.1	IncFII	IncFII	55593	3.6.7.66.91.2931	3	6	7	66	91	2931
RefSeq_NZ_CP129242.1	IncFII	IncFII	85984	3.6.7.9.28.2932	3	6	7	9	28	2932
RefSeq_NZ_CP129243.1	IncFII	IncFII	90429	4.5.6.7.20.2933	4	5	6	7	20	2933
RefSeq_NZ_CP129251.1	IncFII	IncFII	217745	3.6.7.9.10.2934	3	6	7	9	10	2934
RefSeq_NZ_CP129385.1	IncFII	IncFII	108036	4.5.6.7.7.2101	4	5	6	7	7	2101
RefSeq_NZ_CP129510.1	IncFII	IncFII	72778	4.5.6.7.21.2935	4	5	6	7	21	2935
RefSeq_NZ_CP129511.1	IncFII	IncFII	95675	4.5.6.7.21.2936	4	5	6	7	21	2936
RefSeq_NZ_CP129512.1	IncFII	IncFII	122379	3.6.7.9.10.2937	3	6	7	9	10	2937
RefSeq_NZ_CP129516.1	IncFII	IncFII	165059	4.5.6.7.7.2938	4	5	6	7	7	2938
RefSeq_NZ_CP129533.1	IncFII	IncFII	313674	4.5.6.7.7.1193	4	5	6	7	7	1193
RefSeq_NZ_CP129534.1	IncFII	IncFII	247221	3.6.7.9.10.1795	3	6	7	9	10	1795
RefSeq_NZ_CP129638.1	IncFII	IncFII	91528	4.5.6.7.7.2939	4	5	6	7	7	2939
RefSeq_NZ_CP129695.1	IncFII	IncFII	211876	4.5.6.7.7.2247	4	5	6	7	7	2247
RefSeq_NZ_CP129697.1	IncFII	IncFII	118285	4.5.6.7.7.1667	4	5	6	7	7	1667
RefSeq_NZ_CP129698.1	IncFII	IncFII	105092	4.5.6.7.11.1050	4	5	6	7	11	1050
RefSeq_NZ_CP129707.1	IncFII	IncFII	106832	4.5.6.7.20.2941	4	5	6	7	20	2941
RefSeq_NZ_CP129713.1	IncFII	IncFII	106834	4.5.6.7.20.2941	4	5	6	7	20	2941
RefSeq_NZ_CP129720.1	IncFII	IncFII	148618	3.6.7.9.200.1013	3	6	7	9	200	1013
RefSeq_NZ_CP129723.1	IncFII	IncFII	148625	3.6.7.9.200.1013	3	6	7	9	200	1013
RefSeq_NZ_CP129728.1	IncFII	IncFII	148625	3.6.7.9.200.1013	3	6	7	9	200	1013
RefSeq_NZ_CP129737.1	IncFII	IncFII	148627	3.6.7.9.10.1331	3	6	7	9	10	1331
RefSeq_NZ_CP129742.1	IncFII	IncFII	90134	4.5.6.7.20.2942	4	5	6	7	20	2942
RefSeq_NZ_CP129754.1	IncFII	IncFII	71813	4.5.6.7.11.2943	4	5	6	7	11	2943
RefSeq_NZ_CP129761.1	IncFII	IncFII	160139	3.6.7.9.10.1331	3	6	7	9	10	1331
RefSeq_NZ_CP129766.1	IncFII	IncFII	139661	3.6.7.9.10.1331	3	6	7	9	10	1331
RefSeq_NZ_CP129773.1	IncFII	IncFII	94403	4.5.6.7.30.2944	4	5	6	7	30	2944
RefSeq_NZ_CP129776.1	IncFII	IncFII	148642	3.6.7.9.200.1013	3	6	7	9	200	1013
RefSeq_NZ_CP129780.1	IncFII	IncFII	148623	3.6.7.9.200.1013	3	6	7	9	200	1013
RefSeq_NZ_CP129786.1	IncFII	IncFII	26615	4.5.6.7.575.2945	4	5	6	7	575	2945
RefSeq_NZ_CP129788.1	IncFII	IncFII	148651	3.6.7.9.200.1013	3	6	7	9	200	1013
RefSeq_NZ_CP129791.1	IncFII	IncFII	241161	4.5.6.7.7.48	4	5	6	7	7	48
RefSeq_NZ_CP129796.1	IncFII	IncFII	90172	4.5.6.7.11.2946	4	5	6	7	11	2946
RefSeq_NZ_CP129800.1	IncFII	IncFII	241164	4.5.6.7.7.48	4	5	6	7	7	48
RefSeq_NZ_CP129816.1	IncFII	IncFII	54512	4.5.6.7.20.2947	4	5	6	7	20	2947
RefSeq_NZ_CP129820.1	IncFII	IncFII	154479	4.5.6.7.20.2948	4	5	6	7	20	2948
RefSeq_NZ_CP129823.1	IncFII	IncFII	76523	4.5.6.7.7.2949	4	5	6	7	7	2949
RefSeq_NZ_CP129831.1	IncFII	IncFII	90802	4.5.6.7.21.2950	4	5	6	7	21	2950
RefSeq_NZ_CP129839.1	IncFII	IncFII	96125	4.5.6.7.21.2950	4	5	6	7	21	2950
RefSeq_NZ_CP129843.1	IncFII	IncFII	86968	4.5.6.7.30.2951	4	5	6	7	30	2951
RefSeq_NZ_CP129844.1	IncFII	IncFII	63932	4.5.6.7.482.2952	4	5	6	7	482	2952
RefSeq_NZ_CP129858.1	IncFII	IncFII	212501	4.5.6.7.7.260	4	5	6	7	7	260
RefSeq_NZ_CP129868.1	IncFII	IncFII	137053	4.5.6.7.7.2953	4	5	6	7	7	2953
RefSeq_NZ_CP129874.1	IncFII	IncFII	100026	4.5.6.7.30.2954	4	5	6	7	30	2954
RefSeq_NZ_CP129897.1	IncFII	IncFII	86283	4.5.6.7.11.2955	4	5	6	7	11	2955
RefSeq_NZ_CP129956.1	IncFII	IncFII	210967	4.5.6.7.7.2956	4	5	6	7	7	2956
RefSeq_NZ_CP129983.1	IncFII	IncFII	158804	3.6.7.9.10.2400	3	6	7	9	10	2400
RefSeq_NZ_CP130062.1	IncFII	IncFII	150284	4.5.6.7.7.2957	4	5	6	7	7	2957
RefSeq_NZ_CP130158.1	IncFII	IncFII	75276	4.5.6.224.423.2900	4	5	6	224	423	2900
RefSeq_NZ_CP130259.1	IncFII	IncFII	133771	4.5.6.7.7.937	4	5	6	7	7	937
RefSeq_NZ_CP130261.1	IncFII	IncFII	87935	4.5.6.7.30.1398	4	5	6	7	30	1398
RefSeq_NZ_CP130265.1	IncFII	IncFII	133772	4.5.6.7.7.937	4	5	6	7	7	937
RefSeq_NZ_CP130267.1	IncFII	IncFII	87935	4.5.6.7.30.1398	4	5	6	7	30	1398
RefSeq_NZ_CP130343.1	IncFII	IncFII	81198	4.5.6.7.7.2959	4	5	6	7	7	2959
RefSeq_NZ_CP130493.1	IncFII	IncFII	123920	4.5.6.7.7.2960	4	5	6	7	7	2960
RefSeq_NZ_CP130563.1	IncFII	IncFII	77135	4.5.6.7.11.2034	4	5	6	7	11	2034
RefSeq_NZ_CP130664.1	IncFII	IncFII	87083	4.5.6.7.30.1398	4	5	6	7	30	1398
RefSeq_NZ_CP130665.1	IncFII	IncFII	87036	4.5.6.7.20.1662	4	5	6	7	20	1662
RefSeq_NZ_CP130686.1	IncFII	IncFII	101767	4.5.6.8.32.2962	4	5	6	8	32	2962
RefSeq_NZ_CP130689.1	IncFII	IncFII	112364	4.5.6.7.11.2963	4	5	6	7	11	2963
RefSeq_NZ_CP130692.1	IncFII	IncFII	101768	4.5.6.7.30.2964	4	5	6	7	30	2964
RefSeq_NZ_CP130903.1	IncFII	IncFII	74956	3.4.8.11.431.1005	3	4	8	11	431	1005
RefSeq_NZ_CP130916.1	IncFII	IncFII	107722	4.5.6.7.20.2965	4	5	6	7	20	2965
RefSeq_NZ_CP131917.1	IncFII	IncFII	175191	4.5.6.7.11.2769	4	5	6	7	11	2769
RefSeq_NZ_CP131920.1	IncFII	IncFII	84970	4.5.6.7.21.2966	4	5	6	7	21	2966
RefSeq_NZ_CP131947.1	IncFII	IncFII	246740	4.5.6.7.7.48	4	5	6	7	7	48
RefSeq_NZ_CP131956.1	IncFII	IncFII	217359	4.5.6.7.21.2967	4	5	6	7	21	2967
RefSeq_NZ_CP131958.1	IncFII	IncFII	49884	4.5.6.7.20.2968	4	5	6	7	20	2968
RefSeq_NZ_CP131964.1	IncFII	IncFII	71866	3.6.7.9.200.2969	3	6	7	9	200	2969
RefSeq_NZ_CP132000.1	IncFII	IncFII	117297	4.5.6.7.30.2970	4	5	6	7	30	2970
RefSeq_NZ_CP132002.1	IncFII	IncFII	22055	3.6.7.232.454.2971	3	6	7	232	454	2971
RefSeq_NZ_CP132044.1	IncFII	IncFII	133859	4.5.6.7.7.937	4	5	6	7	7	937
RefSeq_NZ_CP132045.1	IncFII	IncFII	68033	4.5.6.7.11.2600	4	5	6	7	11	2600
RefSeq_NZ_CP132050.1	IncFII	IncFII	133859	4.5.6.7.7.937	4	5	6	7	7	937
RefSeq_NZ_CP132051.1	IncFII	IncFII	88161	4.5.6.7.21.1149	4	5	6	7	21	1149
RefSeq_NZ_CP132217.1	IncFII	IncFII	146089	3.6.7.9.10.2973	3	6	7	9	10	2973
RefSeq_NZ_CP132218.1	IncFII	IncFII	207447	3.6.7.9.10.1328	3	6	7	9	10	1328
RefSeq_NZ_CP132221.1	IncFII	IncFII	137567	3.6.7.9.200.2692	3	6	7	9	200	2692
RefSeq_NZ_CP132224.1	IncFII	IncFII	165182	4.5.6.7.7.2974	4	5	6	7	7	2974
RefSeq_NZ_CP132225.1	IncFII	IncFII	188350	3.6.7.9.10.2975	3	6	7	9	10	2975
RefSeq_NZ_CP132282.1	IncFII	IncFII	173376	4.5.6.7.11.2976	4	5	6	7	11	2976
RefSeq_NZ_CP132284.1	IncFII	IncFII	100108	4.5.6.7.7.2101	4	5	6	7	7	2101
RefSeq_NZ_CP132605.1	IncFII	IncFII	87856	4.5.6.7.9.2978	4	5	6	7	9	2978
RefSeq_NZ_CP132608.1	IncFII	IncFII	95199	3.6.7.66.91.2338	3	6	7	66	91	2338
RefSeq_NZ_CP132617.1	IncFII	IncFII	117218	4.5.6.7.11.1083	4	5	6	7	11	1083
RefSeq_NZ_CP132626.1	IncFII	IncFII	83199	4.5.6.7.21.2979	4	5	6	7	21	2979
RefSeq_NZ_CP132652.1	IncFII	IncFII	194364	3.6.7.9.10.2980	3	6	7	9	10	2980
RefSeq_NZ_CP132655.1	IncFII	IncFII	97507	4.5.6.7.21.2981	4	5	6	7	21	2981
RefSeq_NZ_CP132662.1	IncFII	IncFII	149780	3.6.7.9.10.2982	3	6	7	9	10	2982
RefSeq_NZ_CP132665.1	IncFII	IncFII	211312	3.6.7.9.10.1562	3	6	7	9	10	1562
RefSeq_NZ_CP132667.1	IncFII	IncFII	77269	4.5.6.7.7.2274	4	5	6	7	7	2274
RefSeq_NZ_CP132671.1	IncFII	IncFII	248266	3.6.7.9.10.2032	3	6	7	9	10	2032
RefSeq_NZ_CP132682.1	IncFII	IncFII	80140	4.5.6.7.9.1397	4	5	6	7	9	1397
RefSeq_NZ_CP132689.1	IncFII	IncFII	245291	3.6.7.9.10.2983	3	6	7	9	10	2983
RefSeq_NZ_CP132693.1	IncFII	IncFII	122442	4.5.6.7.21.1079	4	5	6	7	21	1079
RefSeq_NZ_CP132698.1	IncFII	IncFII	94223	4.5.6.7.21.2984	4	5	6	7	21	2984
RefSeq_NZ_CP132704.1	IncFII	IncFII	122441	4.5.6.7.21.1079	4	5	6	7	21	1079
RefSeq_NZ_CP132711.1	IncFII	IncFII	246211	4.5.6.7.7.48	4	5	6	7	7	48
RefSeq_NZ_CP132715.1	IncFII	IncFII	107139	4.5.6.7.21.2979	4	5	6	7	21	2979
RefSeq_NZ_CP132727.1	IncFII	IncFII	221089	4.5.6.7.7.260	4	5	6	7	7	260
RefSeq_NZ_CP132730.1	IncFII	IncFII	112510	4.5.6.7.9.2985	4	5	6	7	9	2985
RefSeq_NZ_CP132948.1	IncFII	IncFII	175543	3.6.7.9.10.2986	3	6	7	9	10	2986
RefSeq_NZ_CP132951.1	IncFII	IncFII	114295	4.5.6.7.11.1051	4	5	6	7	11	1051
RefSeq_NZ_CP132954.1	IncFII	IncFII	19540	3.6.7.66.576.2987	3	6	7	66	576	2987
RefSeq_NZ_CP133062.1	IncFII	IncFII	28071	3.6.41.261.577.2988	3	6	41	261	577	2988
RefSeq_NZ_CP133285.1	IncFII	IncFII	49548	4.5.6.7.447.1819	4	5	6	7	447	1819
RefSeq_NZ_CP133323.1	IncFII	IncFII	56636	3.6.7.9.10.2990	3	6	7	9	10	2990
RefSeq_NZ_CP133347.1	IncFII	IncFII	175080	4.5.6.7.7.2840	4	5	6	7	7	2840
RefSeq_NZ_CP133352.1	IncFII	IncFII	170093	4.5.6.7.7.2840	4	5	6	7	7	2840
RefSeq_NZ_CP133403.1	IncFII	IncFII	132750	4.5.6.7.7.937	4	5	6	7	7	937
RefSeq_NZ_CP133427.1	IncFII	IncFII	59372	4.5.6.7.447.1068	4	5	6	7	447	1068
RefSeq_NZ_CP133430.1	IncFII	IncFII	59372	4.5.6.7.447.1068	4	5	6	7	447	1068
RefSeq_NZ_CP133433.1	IncFII	IncFII	59372	4.5.6.7.447.1068	4	5	6	7	447	1068
RefSeq_NZ_CP133436.1	IncFII	IncFII	59372	4.5.6.7.447.1068	4	5	6	7	447	1068
RefSeq_NZ_CP133439.1	IncFII	IncFII	59372	4.5.6.7.447.1068	4	5	6	7	447	1068
RefSeq_NZ_CP133566.1	IncFII	IncFII	59363	4.5.6.7.447.1068	4	5	6	7	447	1068
RefSeq_NZ_CP133742.1	IncFII	IncFII	246730	4.5.6.7.7.48	4	5	6	7	7	48
RefSeq_NZ_CP133745.1	IncFII	IncFII	113624	4.5.6.7.11.49	4	5	6	7	11	49
RefSeq_NZ_CP133845.1	IncFII	IncFII	229024	4.5.6.7.7.48	4	5	6	7	7	48
RefSeq_NZ_CP133863.1	IncFII	IncFII	130200	4.5.6.7.20.2994	4	5	6	7	20	2994
RefSeq_NZ_CP133879.1	IncFII	IncFII	100034	4.5.6.7.11.2530	4	5	6	7	11	2530
RefSeq_NZ_CP134001.1	IncFII	IncFII	148625	3.6.7.9.10.1331	3	6	7	9	10	1331
RefSeq_NZ_CP134002.1	IncFII	IncFII	80202	4.5.6.7.9.1397	4	5	6	7	9	1397
RefSeq_NZ_CP134027.1	IncFII	IncFII	124191	4.5.6.7.7.1550	4	5	6	7	7	1550
RefSeq_NZ_CP134028.1	IncFII	IncFII	171417	4.5.6.7.7.55	4	5	6	7	7	55
RefSeq_NZ_CP134033.1	IncFII	IncFII	91158	4.5.6.7.20.2998	4	5	6	7	20	2998
RefSeq_NZ_CP134038.1	IncFII	IncFII	150908	3.6.7.9.10.1331	3	6	7	9	10	1331
RefSeq_NZ_CP134043.1	IncFII	IncFII	152188	3.6.7.9.10.1331	3	6	7	9	10	1331
RefSeq_NZ_CP134363.1	IncFII	IncFII	131450	4.5.6.7.21.658	4	5	6	7	21	658
RefSeq_NZ_CP134809.1	IncFII	IncFII	83258	4.5.6.8.32.2999	4	5	6	8	32	2999
RefSeq_NZ_CP134810.1	IncFII	IncFII	81641	4.5.6.7.30.1398	4	5	6	7	30	1398
RefSeq_NZ_CP135070.1	IncFII	IncFII	175117	3.6.7.9.10.1685	3	6	7	9	10	1685
RefSeq_NZ_CP135167.1	IncFII	IncFII	78154	4.5.6.7.482.2404	4	5	6	7	482	2404
RefSeq_NZ_CP135218.1	IncFII	IncFII	79420	4.5.6.7.11.1872	4	5	6	7	11	1872
RefSeq_NZ_CP135226.1	IncFII	IncFII	113567	4.5.6.7.11.1189	4	5	6	7	11	1189
RefSeq_NZ_CP135232.1	IncFII	IncFII	123970	4.5.6.7.7.1279	4	5	6	7	7	1279
RefSeq_NZ_CP135234.1	IncFII	IncFII	137178	4.5.6.7.11.12	4	5	6	7	11	12
RefSeq_NZ_CP135254.1	IncFII	IncFII	127537	4.5.6.7.21.1490	4	5	6	7	21	1490
RefSeq_NZ_CP135256.1	IncFII	IncFII	77383	4.5.6.59.472.3002	4	5	6	59	472	3002
RefSeq_NZ_CP135263.1	IncFII	IncFII	83357	3.6.7.66.91.3003	3	6	7	66	91	3003
RefSeq_NZ_CP135279.1	IncFII	IncFII	61235	4.5.6.7.482.3004	4	5	6	7	482	3004
RefSeq_NZ_CP135455.1	IncFII	IncFII	175879	4.5.6.7.7.2548	4	5	6	7	7	2548
RefSeq_NZ_CP135459.1	IncFII	IncFII	76262	4.5.6.7.9.3006	4	5	6	7	9	3006
RefSeq_NZ_CP135466.1	IncFII	IncFII	149637	3.6.7.9.14.2102	3	6	7	9	14	2102
RefSeq_NZ_CP135476.1	IncFII	IncFII	99166	4.5.6.7.20.3007	4	5	6	7	20	3007
RefSeq_NZ_CP135495.1	IncFII	IncFII	128121	4.5.6.7.7.3008	4	5	6	7	7	3008
RefSeq_NZ_CP135499.1	IncFII	IncFII	206338	4.5.6.7.7.3009	4	5	6	7	7	3009
RefSeq_NZ_CP135500.1	IncFII	IncFII	111340	4.5.6.8.32.1111	4	5	6	8	32	1111
RefSeq_NZ_CP135509.1	IncFII	IncFII	125751	4.5.6.7.7.3010	4	5	6	7	7	3010
RefSeq_NZ_CP135644.1	IncFII	IncFII	92285	4.5.6.7.11.666	4	5	6	7	11	666
RefSeq_NZ_CP135655.1	IncFII	IncFII	17078	4.5.6.73.580.3011	4	5	6	73	580	3011
RefSeq_NZ_CP135657.1	IncFII	IncFII	160382	3.6.7.9.10.11	3	6	7	9	10	11
RefSeq_NZ_CP135683.1	IncFII	IncFII	103178	3.6.7.66.91.2744	3	6	7	66	91	2744
RefSeq_NZ_CP135692.1	IncFII	IncFII	160056	4.5.6.7.7.677	4	5	6	7	7	677
RefSeq_NZ_CP135698.1	IncFII	IncFII	160742	4.5.6.7.11.12	4	5	6	7	11	12
RefSeq_NZ_CP135700.1	IncFII	IncFII	60932	4.5.6.73.103.2770	4	5	6	73	103	2770
RefSeq_NZ_CP135707.1	IncFII	IncFII	70737	4.5.6.7.9.674	4	5	6	7	9	674
RefSeq_NZ_CP135710.1	IncFII	IncFII	98339	4.5.6.7.11.678	4	5	6	7	11	678
RefSeq_NZ_CP135713.1	IncFII	IncFII	123062	4.5.6.7.11.679	4	5	6	7	11	679
RefSeq_NZ_CP135720.1	IncFII	IncFII	114077	4.5.6.7.11.679	4	5	6	7	11	679
RefSeq_NZ_CP135723.1	IncFII	IncFII	93037	4.5.6.7.7.680	4	5	6	7	7	680
RefSeq_NZ_CP136000.1	IncFII	IncFII	179140	3.6.7.9.14.2704	3	6	7	9	14	2704
RefSeq_NZ_CP136044.1	IncFII	IncFII	147590	3.6.7.9.10.3014	3	6	7	9	10	3014
RefSeq_NZ_CP136045.1	IncFII	IncFII	71307	4.5.6.7.21.1759	4	5	6	7	21	1759
RefSeq_NZ_CP136143.1	IncFII	IncFII	64327	4.5.6.7.11.1992	4	5	6	7	11	1992
RefSeq_NZ_CP136150.1	IncFII	IncFII	64327	4.5.6.7.11.1992	4	5	6	7	11	1992
RefSeq_NZ_CP136251.1	IncFII	IncFII	181365	3.6.7.9.10.1562	3	6	7	9	10	1562
RefSeq_NZ_CP136253.1	IncFII	IncFII	181365	3.6.7.9.10.1562	3	6	7	9	10	1562
RefSeq_NZ_CP136269.1	IncFII	IncFII	133771	4.5.6.7.7.937	4	5	6	7	7	937
RefSeq_NZ_CP136270.1	IncFII	IncFII	107188	4.5.6.7.21.3015	4	5	6	7	21	3015
RefSeq_NZ_CP136271.1	IncFII	IncFII	87095	4.5.6.7.21.1149	4	5	6	7	21	1149
RefSeq_NZ_CP136401.1	IncFII	IncFII	93924	4.5.6.7.11.1051	4	5	6	7	11	1051
RefSeq_NZ_CP136406.1	IncFII	IncFII	211397	4.5.6.7.7.65	4	5	6	7	7	65
RefSeq_NZ_CP136407.1	IncFII	IncFII	113639	4.5.6.7.11.49	4	5	6	7	11	49
RefSeq_NZ_CP136603.1	IncFII	IncFII	131226	4.5.6.7.11.3016	4	5	6	7	11	3016
RefSeq_NZ_CP136646.1	IncFII	IncFII	59372	4.5.6.7.447.1068	4	5	6	7	447	1068
RefSeq_NZ_CP136812.1	IncFII	IncFII	79918	4.5.6.7.11.2600	4	5	6	7	11	2600
RefSeq_NZ_CP136818.1	IncFII	IncFII	103175	4.5.6.7.11.1952	4	5	6	7	11	1952
RefSeq_NZ_CP136845.1	IncFII	IncFII	133771	4.5.6.7.7.937	4	5	6	7	7	937
RefSeq_NZ_CP136846.1	IncFII	IncFII	107188	4.5.6.7.21.3015	4	5	6	7	21	3015
RefSeq_NZ_CP136848.1	IncFII	IncFII	87095	4.5.6.7.30.1398	4	5	6	7	30	1398
RefSeq_NZ_CP136994.1	IncFII	IncFII	104880	3.6.7.9.181.2591	3	6	7	9	181	2591
RefSeq_NZ_CP137007.1	IncFII	IncFII	140062	4.5.6.59.494.3020	4	5	6	59	494	3020
RefSeq_NZ_CP137118.1	IncFII	IncFII	160841	4.5.6.7.11.3016	4	5	6	7	11	3016
RefSeq_NZ_CP137125.1	IncFII	IncFII	104735	4.5.6.7.21.1691	4	5	6	7	21	1691
RefSeq_NZ_CP137130.1	IncFII	IncFII	101872	4.5.6.7.21.1691	4	5	6	7	21	1691
RefSeq_NZ_CP137181.1	IncFII	IncFII	84695	3.6.7.66.91.3022	3	6	7	66	91	3022
RefSeq_NZ_CP137197.1	IncFII	IncFII	98831	4.5.6.8.32.1111	4	5	6	8	32	1111
RefSeq_NZ_CP137199.1	IncFII	IncFII	71155	4.5.6.7.30.1398	4	5	6	7	30	1398
RefSeq_NZ_CP137341.1	IncFII	IncFII	206718	4.5.6.7.7.260	4	5	6	7	7	260
RefSeq_NZ_CP137342.1	IncFII	IncFII	144470	4.5.6.7.7.1617	4	5	6	7	7	1617
RefSeq_NZ_CP137348.1	IncFII	IncFII	161544	3.6.7.9.14.3024	3	6	7	9	14	3024
RefSeq_NZ_CP137349.1	IncFII	IncFII	87871	4.5.6.7.30.1398	4	5	6	7	30	1398
RefSeq_NZ_CP137355.1	IncFII	IncFII	167269	4.5.6.7.21.30	4	5	6	7	21	30
RefSeq_NZ_CP137376.1	IncFII	IncFII	154737	4.5.6.7.21.30	4	5	6	7	21	30
RefSeq_NZ_CP137437.1	IncFII	IncFII	111591	3.6.7.9.286.3025	3	6	7	9	286	3025
RefSeq_NZ_CP137480.1	IncFII	IncFII	110795	4.5.6.8.32.1111	4	5	6	8	32	1111
RefSeq_NZ_CP137482.1	IncFII	IncFII	98834	4.5.6.8.32.1111	4	5	6	8	32	1111
RefSeq_NZ_CP137713.1	IncFII	IncFII	93910	4.5.6.7.9.1002	4	5	6	7	9	1002
RefSeq_NZ_CP137741.1	IncFII	IncFII	79082	4.5.6.7.9.2202	4	5	6	7	9	2202
RefSeq_NZ_CP138347.1	IncFII	IncFII	125072	4.5.6.7.21.1579	4	5	6	7	21	1579
RefSeq_NZ_CP138420.1	IncFII	IncFII	69846	4.5.6.224.423.3029	4	5	6	224	423	3029
RefSeq_NZ_CP138434.1	IncFII	IncFII	124323	4.5.6.7.11.3032	4	5	6	7	11	3032
RefSeq_NZ_CP138438.1	IncFII	IncFII	97656	4.5.6.7.20.3033	4	5	6	7	20	3033
RefSeq_NZ_CP138484.1	IncFII	IncFII	33994	4.5.6.7.21.3034	4	5	6	7	21	3034
RefSeq_NZ_CP138522.1	IncFII	IncFII	84876	4.5.6.7.30.1398	4	5	6	7	30	1398
RefSeq_NZ_CP138529.1	IncFII	IncFII	154719	4.5.6.7.11.1707	4	5	6	7	11	1707
RefSeq_NZ_CP138535.1	IncFII	IncFII	133059	4.5.6.7.11.1707	4	5	6	7	11	1707
RefSeq_NZ_CP138537.1	IncFII	IncFII	258248	3.6.7.9.10.1795	3	6	7	9	10	1795
RefSeq_NZ_CP138543.1	IncFII	IncFII	113081	4.5.6.7.20.2148	4	5	6	7	20	2148
RefSeq_NZ_CP138550.1	IncFII	IncFII	110221	4.5.6.7.7.2798	4	5	6	7	7	2798
RefSeq_NZ_CP138557.1	IncFII	IncFII	110222	4.5.6.7.7.2798	4	5	6	7	7	2798
RefSeq_NZ_CP138564.1	IncFII	IncFII	119995	4.5.6.7.20.2777	4	5	6	7	20	2777
RefSeq_NZ_CP138684.1	IncFII	IncFII	115736	4.5.6.7.11.1640	4	5	6	7	11	1640
RefSeq_NZ_CP138694.1	IncFII	IncFII	116885	3.6.7.9.10.1491	3	6	7	9	10	1491
RefSeq_NZ_CP138699.1	IncFII	IncFII	173814	3.6.7.9.10.948	3	6	7	9	10	948
RefSeq_NZ_CP138703.1	IncFII	IncFII	149489	3.6.7.9.10.2891	3	6	7	9	10	2891
RefSeq_NZ_CP138708.1	IncFII	IncFII	124240	4.5.6.7.11.1083	4	5	6	7	11	1083
RefSeq_NZ_CP138729.1	IncFII	IncFII	122555	4.5.6.7.7.1428	4	5	6	7	7	1428
RefSeq_NZ_CP138730.1	IncFII	IncFII	63639	4.5.6.7.7.3035	4	5	6	7	7	3035
RefSeq_NZ_CP138740.1	IncFII	IncFII	122555	4.5.6.7.7.1428	4	5	6	7	7	1428
RefSeq_NZ_CP138741.1	IncFII	IncFII	64170	4.5.6.7.7.3035	4	5	6	7	7	3035
RefSeq_NZ_CP138786.1	IncFII	IncFII	138897	4.5.6.7.11.1083	4	5	6	7	11	1083
RefSeq_NZ_CP138797.1	IncFII	IncFII	138897	4.5.6.7.11.1083	4	5	6	7	11	1083
RefSeq_NZ_CP138809.1	IncFII	IncFII	115728	4.5.6.7.11.1640	4	5	6	7	11	1640
RefSeq_NZ_CP138816.1	IncFII	IncFII	255905	3.6.7.9.10.3036	3	6	7	9	10	3036
RefSeq_NZ_CP138824.1	IncFII	IncFII	226033	3.6.7.9.200.3037	3	6	7	9	200	3037
RefSeq_NZ_CP138835.1	IncFII	IncFII	62861	4.5.6.7.21.3038	4	5	6	7	21	3038
RefSeq_NZ_CP139371.1	IncFII	IncFII	160253	4.5.6.7.9.1673	4	5	6	7	9	1673
RefSeq_NZ_CP139374.1	IncFII	IncFII	104335	4.5.6.7.11.1050	4	5	6	7	11	1050
RefSeq_NZ_CP139380.1	IncFII	IncFII	62120	4.5.6.7.21.1777	4	5	6	7	21	1777
RefSeq_NZ_CP139383.1	IncFII	IncFII	69988	4.5.6.7.21.1563	4	5	6	7	21	1563
RefSeq_NZ_CP139389.1	IncFII	IncFII	105069	4.5.6.7.11.1050	4	5	6	7	11	1050
RefSeq_NZ_CP139391.1	IncFII	IncFII	61717	4.5.6.7.21.1563	4	5	6	7	21	1563
RefSeq_NZ_CP139397.1	IncFII	IncFII	110952	4.5.6.7.11.1050	4	5	6	7	11	1050
RefSeq_NZ_CP139401.1	IncFII	IncFII	180926	4.5.6.7.7.48	4	5	6	7	7	48
RefSeq_NZ_CP139402.1	IncFII	IncFII	104961	4.5.6.7.11.1050	4	5	6	7	11	1050
RefSeq_NZ_CP139410.1	IncFII	IncFII	93450	4.5.6.7.9.3041	4	5	6	7	9	3041
RefSeq_NZ_CP139412.1	IncFII	IncFII	128919	4.5.6.7.11.1083	4	5	6	7	11	1083
RefSeq_NZ_CP139415.1	IncFII	IncFII	94042	4.5.6.7.11.1050	4	5	6	7	11	1050
RefSeq_NZ_CP139489.1	IncFII	IncFII	166057	4.5.6.7.7.1400	4	5	6	7	7	1400
RefSeq_NZ_CP139499.1	IncFII	IncFII	191880	3.6.7.9.10.1848	3	6	7	9	10	1848
RefSeq_NZ_CP139747.1	IncFII	IncFII	93924	4.5.6.7.11.1051	4	5	6	7	11	1051
RefSeq_NZ_CP139785.1	IncFII	IncFII	208561	4.5.6.7.7.65	4	5	6	7	7	65
RefSeq_NZ_CP139795.1	IncFII	IncFII	116100	4.5.6.7.11.49	4	5	6	7	11	49
RefSeq_NZ_CP139856.1	IncFII	IncFII	67017	4.5.6.7.11.3044	4	5	6	7	11	3044
RefSeq_NZ_CP139936.1	IncFII	IncFII	167501	3.6.7.9.10.948	3	6	7	9	10	948
RefSeq_NZ_CP140258.1	IncFII	IncFII	190653	3.6.7.9.10.3046	3	6	7	9	10	3046
RefSeq_NZ_CP140290.1	IncFII	IncFII	246468	4.5.6.7.7.48	4	5	6	7	7	48
RefSeq_NZ_CP140428.1	IncFII	IncFII	30680	3.6.7.20.438.1824	3	6	7	20	438	1824
RefSeq_NZ_CP140491.1	IncFII	IncFII	65010	4.5.6.59.472.3047	4	5	6	59	472	3047
RefSeq_NZ_CP140496.1	IncFII	IncFII	30680	3.6.7.10.471.3048	3	6	7	10	471	3048
RefSeq_NZ_CP140500.1	IncFII	IncFII	225324	4.5.6.7.7.260	4	5	6	7	7	260
RefSeq_NZ_CP140505.1	IncFII	IncFII	106301	4.5.6.7.11.3050	4	5	6	7	11	3050
RefSeq_NZ_CP140520.1	IncFII	IncFII	95924	3.6.7.66.91.1212	3	6	7	66	91	1212
RefSeq_NZ_CP140747.1	IncFII	IncFII	67705	3.4.8.11.247.1371	3	4	8	11	247	1371
RefSeq_NZ_CP140763.1	IncFII	IncFII	101185	3.6.7.66.91.2524	3	6	7	66	91	2524
RefSeq_NZ_CP140765.1	IncFII	IncFII	72637	4.5.6.7.7.1813	4	5	6	7	7	1813
RefSeq_NZ_CP140768.1	IncFII	IncFII	101185	3.6.7.66.91.2524	3	6	7	66	91	2524
RefSeq_NZ_CP140770.1	IncFII	IncFII	72637	4.5.6.7.7.1813	4	5	6	7	7	1813
RefSeq_NZ_CP140973.1	IncFII	IncFII	104454	4.5.6.7.21.1691	4	5	6	7	21	1691
RefSeq_NZ_CP141068.1	IncFII	IncFII	93804	4.5.6.8.32.2255	4	5	6	8	32	2255
RefSeq_NZ_CP141070.1	IncFII	IncFII	120635	4.5.6.7.11.3052	4	5	6	7	11	3052
RefSeq_NZ_CP141078.1	IncFII	IncFII	161809	3.6.7.9.10.3053	3	6	7	9	10	3053
RefSeq_NZ_CP141081.1	IncFII	IncFII	134237	4.5.6.7.9.3054	4	5	6	7	9	3054
RefSeq_NZ_CP141082.1	IncFII	IncFII	127487	3.6.7.66.91.3055	3	6	7	66	91	3055
RefSeq_NZ_CP141094.1	IncFII	IncFII	72337	4.5.6.7.21.3056	4	5	6	7	21	3056
RefSeq_NZ_CP141206.1	IncFII	IncFII	106723	4.5.6.7.11.1285	4	5	6	7	11	1285
RefSeq_NZ_CP141219.1	IncFII	IncFII	105948	4.5.6.7.11.1050	4	5	6	7	11	1050
RefSeq_NZ_CP141542.1	IncFII	IncFII	202151	4.5.6.7.7.2768	4	5	6	7	7	2768
RefSeq_NZ_CP141555.1	IncFII	IncFII	246730	4.5.6.7.7.65	4	5	6	7	7	65
RefSeq_NZ_CP141566.1	IncFII	IncFII	246729	4.5.6.7.7.65	4	5	6	7	7	65
RefSeq_NZ_CP141580.1	IncFII	IncFII	246732	4.5.6.7.7.48	4	5	6	7	7	48
RefSeq_NZ_CP141602.1	IncFII	IncFII	149114	4.5.6.7.11.2290	4	5	6	7	11	2290
RefSeq_NZ_CP141603.1	IncFII	IncFII	84876	4.5.6.7.21.1149	4	5	6	7	21	1149
RefSeq_NZ_CP141626.1	IncFII	IncFII	217359	4.5.6.7.21.2967	4	5	6	7	21	2967
RefSeq_NZ_CP141628.1	IncFII	IncFII	49884	4.5.6.7.20.2968	4	5	6	7	20	2968
RefSeq_NZ_CP141649.1	IncFII	IncFII	60255	4.5.6.243.484.3057	4	5	6	243	484	3057
RefSeq_NZ_CP141660.1	IncFII	IncFII	137021	4.5.6.7.7.3058	4	5	6	7	7	3058
RefSeq_NZ_CP141664.1	IncFII	IncFII	113656	4.5.6.7.21.658	4	5	6	7	21	658
RefSeq_NZ_CP141668.1	IncFII	IncFII	131177	4.5.6.7.7.3059	4	5	6	7	7	3059
RefSeq_NZ_CP141669.1	IncFII	IncFII	84876	4.5.6.7.21.1149	4	5	6	7	21	1149
RefSeq_NZ_CP141673.1	IncFII	IncFII	218412	4.5.6.7.7.1582	4	5	6	7	7	1582
RefSeq_NZ_CP141782.1	IncFII	IncFII	97707	4.5.6.7.11.3060	4	5	6	7	11	3060
RefSeq_NZ_CP141783.1	IncFII	IncFII	84876	4.5.6.7.21.1149	4	5	6	7	21	1149
RefSeq_NZ_CP141802.1	IncFII	IncFII	158371	4.5.6.7.9.1673	4	5	6	7	9	1673
RefSeq_NZ_CP141856.1	IncFII	IncFII	184511	4.5.6.7.7.3064	4	5	6	7	7	3064
RefSeq_NZ_CP141858.1	IncFII	IncFII	165917	4.5.6.7.20.3065	4	5	6	7	20	3065
RefSeq_NZ_CP141898.1	IncFII	IncFII	90373	4.5.6.7.21.3066	4	5	6	7	21	3066
RefSeq_NZ_CP141989.1	IncFII	IncFII	100141	4.5.6.7.20.2148	4	5	6	7	20	2148
RefSeq_NZ_CP142385.1	IncFII	IncFII	65090	4.5.6.224.423.1758	4	5	6	224	423	1758
RefSeq_NZ_CP142387.1	IncFII	IncFII	357849	3.6.7.9.10.1639	3	6	7	9	10	1639
RefSeq_NZ_CP142388.1	IncFII	IncFII	272090	4.5.6.7.7.1582	4	5	6	7	7	1582
RefSeq_NZ_CP142389.1	IncFII	IncFII	168024	4.5.6.7.11.1544	4	5	6	7	11	1544
RefSeq_NZ_CP142405.1	IncFII	IncFII	153360	3.6.7.9.14.2335	3	6	7	9	14	2335
RefSeq_NZ_CP142406.1	IncFII	IncFII	88431	3.4.8.11.247.3068	3	4	8	11	247	3068
RefSeq_NZ_CP142693.1	IncFII	IncFII	134670	4.5.6.7.7.937	4	5	6	7	7	937
RefSeq_NZ_CP142694.1	IncFII	IncFII	81332	4.5.6.7.21.1149	4	5	6	7	21	1149
RefSeq_NZ_CP142900.1	IncFII	IncFII	116874	4.5.6.7.11.49	4	5	6	7	11	49
RefSeq_NZ_CP142901.1	IncFII	IncFII	237182	4.5.6.7.7.1614	4	5	6	7	7	1614
RefSeq_NZ_CP142905.1	IncFII	IncFII	197775	4.5.6.7.20.3069	4	5	6	7	20	3069
RefSeq_NZ_CP142911.1	IncFII	IncFII	317768	4.5.6.7.7.48	4	5	6	7	7	48
RefSeq_NZ_CP142916.1	IncFII	IncFII	142988	3.6.7.9.10.1180	3	6	7	9	10	1180
RefSeq_NZ_CP142920.1	IncFII	IncFII	120124	4.5.6.7.11.3070	4	5	6	7	11	3070
RefSeq_NZ_CP142954.1	IncFII	IncFII	137130	4.5.6.7.7.3071	4	5	6	7	7	3071
RefSeq_NZ_CP142966.1	IncFII	IncFII	134096	4.5.6.7.7.3071	4	5	6	7	7	3071
RefSeq_NZ_CP142973.1	IncFII	IncFII	213635	3.6.7.9.10.2982	3	6	7	9	10	2982
RefSeq_NZ_CP142975.1	IncFII	IncFII	74099	3.6.7.20.462.2695	3	6	7	20	462	2695
RefSeq_NZ_CP142987.1	IncFII	IncFII	100033	4.5.6.7.11.2530	4	5	6	7	11	2530
RefSeq_NZ_CP142990.1	IncFII	IncFII	237759	4.5.6.7.7.65	4	5	6	7	7	65
RefSeq_NZ_CP142997.1	IncFII	IncFII	102074	4.5.6.7.11.2530	4	5	6	7	11	2530
RefSeq_NZ_CP143000.1	IncFII	IncFII	104872	4.5.6.7.11.2530	4	5	6	7	11	2530
RefSeq_NZ_CP143002.1	IncFII	IncFII	112415	4.5.6.7.21.2137	4	5	6	7	21	2137
RefSeq_NZ_CP143003.1	IncFII	IncFII	163044	4.5.6.7.7.2738	4	5	6	7	7	2738
RefSeq_NZ_CP143006.1	IncFII	IncFII	190019	3.6.7.9.14.2335	3	6	7	9	14	2335
RefSeq_NZ_CP143097.1	IncFII	IncFII	142342	4.5.6.7.7.3074	4	5	6	7	7	3074
RefSeq_NZ_CP143282.1	IncFII	IncFII	248177	4.5.6.7.20.3075	4	5	6	7	20	3075
RefSeq_NZ_CP143301.1	IncFII	IncFII	124624	4.5.6.7.20.3076	4	5	6	7	20	3076
RefSeq_NZ_CP143302.1	IncFII	IncFII	83020	4.5.6.7.30.1398	4	5	6	7	30	1398
RefSeq_NZ_CP143401.1	IncFII	IncFII	108107	4.5.6.8.446.3077	4	5	6	8	446	3077
RefSeq_NZ_CP143508.1	IncFII	IncFII	301425	4.5.6.7.7.1502	4	5	6	7	7	1502
RefSeq_NZ_CP143509.1	IncFII	IncFII	123343	4.5.6.7.21.1820	4	5	6	7	21	1820
RefSeq_NZ_CP143911.1	IncFII	IncFII	142684	4.5.6.7.21.2251	4	5	6	7	21	2251
RefSeq_NZ_CP143921.1	IncFII	IncFII	142685	4.5.6.7.21.2251	4	5	6	7	21	2251
RefSeq_NZ_CP144139.1	IncFII	IncFII	92096	4.5.6.7.9.3080	4	5	6	7	9	3080
RefSeq_NZ_CP144305.1	IncFII	IncFII	132750	4.5.6.7.7.937	4	5	6	7	7	937
RefSeq_NZ_CP144318.1	IncFII	IncFII	102107	4.5.6.7.21.3081	4	5	6	7	21	3081
RefSeq_NZ_FO834904.1	IncFII	IncFII	95087	3.6.7.66.91.2338	3	6	7	66	91	2338
RefSeq_NZ_FR997880.1	IncFII	IncFII	113640	4.5.6.7.11.49	4	5	6	7	11	49
RefSeq_NZ_HF969016.1	IncFII	IncFII	93046	4.5.6.7.11.1051	4	5	6	7	11	1051
RefSeq_NZ_HG941719.1	IncFII	IncFII	135602	4.5.6.7.7.1279	4	5	6	7	7	1279
RefSeq_NZ_HG969995.1	IncFII	IncFII	113642	4.5.6.7.21.58	4	5	6	7	21	58
RefSeq_NZ_HG969996.1	IncFII	IncFII	98184	4.5.6.7.21.3085	4	5	6	7	21	3085
RefSeq_NZ_HG969997.1	IncFII	IncFII	114173	4.5.6.7.21.58	4	5	6	7	21	58
RefSeq_NZ_HG969998.1	IncFII	IncFII	103164	4.5.6.7.21.58	4	5	6	7	21	58
RefSeq_NZ_HG970000.1	IncFII	IncFII	59372	4.5.6.7.447.1056	4	5	6	7	447	1056
RefSeq_NZ_HG970001.1	IncFII	IncFII	88350	4.5.6.22.434.1009	4	5	6	22	434	1009
RefSeq_NZ_JAAALI010000010.1	IncFII	IncFII	158410	3.6.7.9.14.1432	3	6	7	9	14	1432
RefSeq_NZ_JAAQFN010000035.1	IncFII	IncFII	23068	3.6.7.9.583.3088	3	6	7	9	583	3088
RefSeq_NZ_JAAUVL010000001.1	IncFII	IncFII	127621	4.5.6.7.7.3089	4	5	6	7	7	3089
RefSeq_NZ_JABENA010000003.1	IncFII	IncFII	248751	4.5.6.7.7.48	4	5	6	7	7	48
RefSeq_NZ_JABSUB010000002.1	IncFII	IncFII	76602	4.5.6.7.21.3091	4	5	6	7	21	3091
RefSeq_NZ_JABWHZ010000057.1	IncFII	IncFII	139873	3.6.7.9.200.3092	3	6	7	9	200	3092
RefSeq_NZ_JABXOW010000012.1	IncFII	IncFII	152896	4.5.6.7.20.3093	4	5	6	7	20	3093
RefSeq_NZ_JABXPA010000002.1	IncFII	IncFII	264400	4.5.6.7.7.1614	4	5	6	7	7	1614
RefSeq_NZ_JABXPA010000003.1	IncFII	IncFII	96966	4.5.6.7.21.3094	4	5	6	7	21	3094
RefSeq_NZ_JABXPC010000005.1	IncFII	IncFII	150104	3.6.7.9.10.1153	3	6	7	9	10	1153
RefSeq_NZ_JABXPE010000002.1	IncFII	IncFII	159015	4.5.6.7.7.2840	4	5	6	7	7	2840
RefSeq_NZ_JABXPR010000005.1	IncFII	IncFII	98395	4.5.6.7.7.3096	4	5	6	7	7	3096
RefSeq_NZ_JABXPS010000002.1	IncFII	IncFII	203026	4.5.6.7.20.2087	4	5	6	7	20	2087
RefSeq_NZ_JABXPS010000003.1	IncFII	IncFII	112331	4.5.6.7.21.3097	4	5	6	7	21	3097
RefSeq_NZ_JABXPX010000002.1	IncFII	IncFII	124225	4.5.6.7.21.3098	4	5	6	7	21	3098
RefSeq_NZ_JABXQG010000002.1	IncFII	IncFII	119060	4.5.6.7.21.2104	4	5	6	7	21	2104
RefSeq_NZ_JABXQN010000004.1	IncFII	IncFII	70794	4.5.6.73.103.3099	4	5	6	73	103	3099
RefSeq_NZ_JABXQO010000003.1	IncFII	IncFII	70794	4.5.6.73.103.3099	4	5	6	73	103	3099
RefSeq_NZ_JABXQS010000003.1	IncFII	IncFII	124557	4.5.6.7.21.3101	4	5	6	7	21	3101
RefSeq_NZ_JABXQY010000003.1	IncFII	IncFII	218948	4.5.6.7.7.2374	4	5	6	7	7	2374
RefSeq_NZ_JABXQY010000004.1	IncFII	IncFII	115072	4.5.6.7.21.2103	4	5	6	7	21	2103
RefSeq_NZ_JABXQY010000005.1	IncFII	IncFII	113294	4.5.6.7.21.3102	4	5	6	7	21	3102
RefSeq_NZ_JABXRA010000003.1	IncFII	IncFII	227625	4.5.6.7.7.48	4	5	6	7	7	48
RefSeq_NZ_JABXRL010000003.1	IncFII	IncFII	113845	4.5.6.7.21.2132	4	5	6	7	21	2132
RefSeq_NZ_JABXRN010000002.1	IncFII	IncFII	208049	4.5.6.7.11.3103	4	5	6	7	11	3103
RefSeq_NZ_JABXRN010000004.1	IncFII	IncFII	110640	4.5.6.7.21.3102	4	5	6	7	21	3102
RefSeq_NZ_JABXRP010000005.1	IncFII	IncFII	76046	4.5.6.7.21.2935	4	5	6	7	21	2935
RefSeq_NZ_JABXRQ010000003.1	IncFII	IncFII	120084	4.5.6.7.9.3104	4	5	6	7	9	3104
RefSeq_NZ_JABXRQ010000004.1	IncFII	IncFII	112301	4.5.6.8.32.3105	4	5	6	8	32	3105
RefSeq_NZ_JABXRS010000002.1	IncFII	IncFII	199484	4.5.6.7.7.48	4	5	6	7	7	48
RefSeq_NZ_JABXRS010000004.1	IncFII	IncFII	112301	4.5.6.8.32.3105	4	5	6	8	32	3105
RefSeq_NZ_JABXRW010000002.1	IncFII	IncFII	173875	4.5.6.7.20.2122	4	5	6	7	20	2122
RefSeq_NZ_JACEFN010000048.1	IncFII	IncFII	10445	3.6.7.268.584.3106	3	6	7	268	584	3106
RefSeq_NZ_JACEGM010000032.1	IncFII	IncFII	58347	4.5.6.7.447.1068	4	5	6	7	447	1068
RefSeq_NZ_JACGBK010000028.1	IncFII	IncFII	63047	4.5.6.224.423.3107	4	5	6	224	423	3107
RefSeq_NZ_JACGBN010000028.1	IncFII	IncFII	63047	4.5.6.224.423.3107	4	5	6	224	423	3107
RefSeq_NZ_JACGBZ010000013.1	IncFII	IncFII	59014	4.5.6.224.423.1758	4	5	6	224	423	1758
RefSeq_NZ_JACGCB010000011.1	IncFII	IncFII	112584	3.6.7.9.10.3108	3	6	7	9	10	3108
RefSeq_NZ_JACGFX010000010.1	IncFII	IncFII	44593	4.5.6.7.21.3109	4	5	6	7	21	3109
RefSeq_NZ_JACWMR010000036.1	IncFII	IncFII	17850	4.5.6.269.585.3111	4	5	6	269	585	3111
RefSeq_NZ_JACWMR010000052.1	IncFII	IncFII	3612	4.5.6.270.586.3112	4	5	6	270	586	3112
RefSeq_NZ_JACWMV010000021.1	IncFII	IncFII	46199	4.5.6.7.432.3113	4	5	6	7	432	3113
RefSeq_NZ_JACXCD010000018.1	IncFII	IncFII	80371	3.6.7.66.91.3114	3	6	7	66	91	3114
RefSeq_NZ_JACXCF010000027.1	IncFII	IncFII	27020	3.6.7.9.10.3115	3	6	7	9	10	3115
RefSeq_NZ_JACXCF010000031.1	IncFII	IncFII	17853	4.5.6.271.587.3116	4	5	6	271	587	3116
RefSeq_NZ_JACYGM010000010.1	IncFII	IncFII	76613	3.6.7.9.10.2162	3	6	7	9	10	2162
RefSeq_NZ_JACYGN010000002.1	IncFII	IncFII	76613	3.6.7.9.10.2162	3	6	7	9	10	2162
RefSeq_NZ_JACYGO010000002.1	IncFII	IncFII	147143	4.5.6.7.7.1876	4	5	6	7	7	1876
RefSeq_NZ_JACYGO010000004.1	IncFII	IncFII	106709	4.5.6.7.11.3117	4	5	6	7	11	3117
RefSeq_NZ_JACYGP010000002.1	IncFII	IncFII	147141	4.5.6.7.7.3118	4	5	6	7	7	3118
RefSeq_NZ_JACYGP010000009.1	IncFII	IncFII	102823	4.5.6.7.11.3117	4	5	6	7	11	3117
RefSeq_NZ_JACYGQ010000002.1	IncFII	IncFII	272695	4.5.6.7.7.1160	4	5	6	7	7	1160
RefSeq_NZ_JACYGQ010000006.1	IncFII	IncFII	125942	4.5.6.7.11.3119	4	5	6	7	11	3119
RefSeq_NZ_JACYGR010000003.1	IncFII	IncFII	117025	4.5.6.7.21.58	4	5	6	7	21	58
RefSeq_NZ_JACZEH010000071.1	IncFII	IncFII	42880	3.6.7.9.480.3120	3	6	7	9	480	3120
RefSeq_NZ_JADABR010000038.1	IncFII	IncFII	91246	3.6.7.9.200.3122	3	6	7	9	200	3122
RefSeq_NZ_JADABS010000043.1	IncFII	IncFII	91246	3.6.7.9.200.3122	3	6	7	9	200	3122
RefSeq_NZ_JADABT010000036.1	IncFII	IncFII	91246	3.6.7.9.200.3122	3	6	7	9	200	3122
RefSeq_NZ_JADAJC010000041.1	IncFII	IncFII	35810	3.6.7.9.589.3124	3	6	7	9	589	3124
RefSeq_NZ_JADAJD010000055.1	IncFII	IncFII	35810	3.6.7.9.589.3124	3	6	7	9	589	3124
RefSeq_NZ_JADAJE010000044.1	IncFII	IncFII	35810	3.6.7.9.589.3124	3	6	7	9	589	3124
RefSeq_NZ_JADAJF010000044.1	IncFII	IncFII	35810	3.6.7.9.589.3124	3	6	7	9	589	3124
RefSeq_NZ_JADAJG010000043.1	IncFII	IncFII	35810	3.6.7.9.589.3124	3	6	7	9	589	3124
RefSeq_NZ_JADAJK010000045.1	IncFII	IncFII	35810	3.6.7.9.589.3124	3	6	7	9	589	3124
RefSeq_NZ_JADAJY010000053.1	IncFII	IncFII	35810	3.6.7.9.589.3124	3	6	7	9	589	3124
RefSeq_NZ_JADPQD010000002.1	IncFII	IncFII	126629	4.5.6.7.21.1890	4	5	6	7	21	1890
RefSeq_NZ_JADWDF010000079.1	IncFII	IncFII	49645	4.5.6.7.11.1000	4	5	6	7	11	1000
RefSeq_NZ_JAENHY010000004.1	IncFII	IncFII	147185	4.5.6.7.9.1673	4	5	6	7	9	1673
RefSeq_NZ_JAENHY010000006.1	IncFII	IncFII	84379	4.5.6.7.30.3126	4	5	6	7	30	3126
RefSeq_NZ_JAFFIC010000003.1	IncFII	IncFII	383246	3.6.7.20.202.3128	3	6	7	20	202	3128
RefSeq_NZ_JAFIQE010000004.1	IncFII	IncFII	112215	4.5.6.7.11.3129	4	5	6	7	11	3129
RefSeq_NZ_JAFIQE010000007.1	IncFII	IncFII	234612	4.5.6.7.7.1302	4	5	6	7	7	1302
RefSeq_NZ_JAFIQE010000009.1	IncFII	IncFII	132939	4.5.6.7.11.3130	4	5	6	7	11	3130
RefSeq_NZ_JAFIQF010000003.1	IncFII	IncFII	141443	3.6.7.9.14.2102	3	6	7	9	14	2102
RefSeq_NZ_JAFMTP010000039.1	IncFII	IncFII	37980	3.6.7.9.181.3132	3	6	7	9	181	3132
RefSeq_NZ_JAGEVC010000002.1	IncFII	IncFII	123206	4.5.6.7.11.3133	4	5	6	7	11	3133
RefSeq_NZ_JAGJVE010000023.1	IncFII	IncFII	51920	4.5.6.18.460.3134	4	5	6	18	460	3134
RefSeq_NZ_JAGRZM010000019.1	IncFII	IncFII	47909	3.6.7.9.14.3135	3	6	7	9	14	3135
RefSeq_NZ_JAGSXX010000005.1	IncFII	IncFII	171570	3.6.7.9.10.2911	3	6	7	9	10	2911
RefSeq_NZ_JAGYXN010000026.1	IncFII	IncFII	54937	4.5.6.59.472.3136	4	5	6	59	472	3136
RefSeq_NZ_JAGYXN010000032.1	IncFII	IncFII	30807	3.6.7.10.471.3048	3	6	7	10	471	3048
RefSeq_NZ_JAHBNK010000002.1	IncFII	IncFII	253380	4.5.6.7.7.48	4	5	6	7	7	48
RefSeq_NZ_JAHBNM010000003.1	IncFII	IncFII	211805	4.5.6.7.7.48	4	5	6	7	7	48
RefSeq_NZ_JAHBNN010000002.1	IncFII	IncFII	272849	4.5.6.7.7.48	4	5	6	7	7	48
RefSeq_NZ_JAHBNN010000003.1	IncFII	IncFII	139182	4.5.6.7.21.2109	4	5	6	7	21	2109
RefSeq_NZ_JAHBNO010000003.1	IncFII	IncFII	190288	4.5.6.7.9.3137	4	5	6	7	9	3137
RefSeq_NZ_JAHBNO010000005.1	IncFII	IncFII	61780	4.5.6.7.21.3138	4	5	6	7	21	3138
RefSeq_NZ_JAHBNO010000007.1	IncFII	IncFII	37843	4.5.6.7.411.3139	4	5	6	7	411	3139
RefSeq_NZ_JAHBNP010000002.1	IncFII	IncFII	211957	4.5.6.7.21.3140	4	5	6	7	21	3140
RefSeq_NZ_JAHBNS010000002.1	IncFII	IncFII	313446	4.5.6.7.7.28	4	5	6	7	7	28
RefSeq_NZ_JAHBNS010000003.1	IncFII	IncFII	127726	4.5.6.7.21.2109	4	5	6	7	21	2109
RefSeq_NZ_JAHBNT010000002.1	IncFII	IncFII	270930	4.5.6.7.7.48	4	5	6	7	7	48
RefSeq_NZ_JAHBNT010000003.1	IncFII	IncFII	139182	4.5.6.7.21.2109	4	5	6	7	21	2109
RefSeq_NZ_JAHBNU010000004.1	IncFII	IncFII	173778	4.5.6.7.21.3141	4	5	6	7	21	3141
RefSeq_NZ_JAHBNU010000006.1	IncFII	IncFII	57558	4.5.6.7.21.3142	4	5	6	7	21	3142
RefSeq_NZ_JAHBNV010000002.1	IncFII	IncFII	159986	4.5.6.7.11.2196	4	5	6	7	11	2196
RefSeq_NZ_JAHBOD010000005.1	IncFII	IncFII	257426	4.5.6.7.7.65	4	5	6	7	7	65
RefSeq_NZ_JAHKSR010000002.1	IncFII	IncFII	163850	3.6.7.9.10.142	3	6	7	9	10	142
RefSeq_NZ_JAHLXX010000036.1	IncFII	IncFII	43707	4.5.6.8.591.3143	4	5	6	8	591	3143
RefSeq_NZ_JAHLYD010000021.1	IncFII	IncFII	47119	4.5.6.7.592.3144	4	5	6	7	592	3144
RefSeq_NZ_JAHNEL010000016.1	IncFII	IncFII	44912	4.5.6.18.460.3145	4	5	6	18	460	3145
RefSeq_NZ_JAHNEQ010000023.1	IncFII	IncFII	25768	3.6.7.9.583.3146	3	6	7	9	583	3146
RefSeq_NZ_JAHNES010000017.1	IncFII	IncFII	80289	3.6.7.9.10.3147	3	6	7	9	10	3147
RefSeq_NZ_JAHNES010000023.1	IncFII	IncFII	28767	3.6.7.10.471.3148	3	6	7	10	471	3148
RefSeq_NZ_JAHPLH010000023.1	IncFII	IncFII	27774	4.5.6.7.593.3149	4	5	6	7	593	3149
RefSeq_NZ_JAHPLH010000027.1	IncFII	IncFII	17850	4.5.6.271.587.3116	4	5	6	271	587	3116
RefSeq_NZ_JAHPLH010000041.1	IncFII	IncFII	3612	4.5.6.270.586.3112	4	5	6	270	586	3112
RefSeq_NZ_JAHPLI010000022.1	IncFII	IncFII	27707	4.5.6.7.593.3149	4	5	6	7	593	3149
RefSeq_NZ_JAHPLI010000029.1	IncFII	IncFII	17901	4.5.6.271.587.3116	4	5	6	271	587	3116
RefSeq_NZ_JAHPLL010000044.1	IncFII	IncFII	10711	3.6.7.274.594.3150	3	6	7	274	594	3150
RefSeq_NZ_JAHQJO010000025.1	IncFII	IncFII	68138	4.5.6.7.11.3151	4	5	6	7	11	3151
RefSeq_NZ_JAHQJP010000019.1	IncFII	IncFII	76218	4.5.6.7.21.3152	4	5	6	7	21	3152
RefSeq_NZ_JAHQJQ010000011.1	IncFII	IncFII	134017	3.6.7.9.10.1154	3	6	7	9	10	1154
RefSeq_NZ_JAHQXS010000196.1	IncFII	IncFII	199761	4.5.6.7.7.260	4	5	6	7	7	260
RefSeq_NZ_JAHQXU010000164.1	IncFII	IncFII	174632	4.5.6.7.7.65	4	5	6	7	7	65
RefSeq_NZ_JAHQXV010000118.1	IncFII	IncFII	210953	3.6.7.9.10.948	3	6	7	9	10	948
RefSeq_NZ_JAHQYA010000341.1	IncFII	IncFII	210953	3.6.7.9.10.948	3	6	7	9	10	948
RefSeq_NZ_JAHQYC010000118.1	IncFII	IncFII	234595	3.6.7.9.10.1521	3	6	7	9	10	1521
RefSeq_NZ_JAHQYE010000153.1	IncFII	IncFII	210953	3.6.7.9.10.948	3	6	7	9	10	948
RefSeq_NZ_JAHQYQ010000020.1	IncFII	IncFII	78696	4.5.6.7.20.3153	4	5	6	7	20	3153
RefSeq_NZ_JAHQYS010000023.1	IncFII	IncFII	76131	4.5.6.7.21.3154	4	5	6	7	21	3154
RefSeq_NZ_JAHQYU010000055.1	IncFII	IncFII	10711	3.6.7.274.594.3150	3	6	7	274	594	3150
RefSeq_NZ_JAHSUB010000027.1	IncFII	IncFII	67064	4.5.6.22.34.3155	4	5	6	22	34	3155
RefSeq_NZ_JAHSUC010000018.1	IncFII	IncFII	104302	3.6.7.9.10.2920	3	6	7	9	10	2920
RefSeq_NZ_JAHZMD010000023.1	IncFII	IncFII	58994	3.6.7.9.10.3156	3	6	7	9	10	3156
RefSeq_NZ_JAHZQX010000027.1	IncFII	IncFII	20399	3.6.7.9.595.3157	3	6	7	9	595	3157
RefSeq_NZ_JAIELB010000003.1	IncFII	IncFII	69155	3.6.7.9.10.3158	3	6	7	9	10	3158
RefSeq_NZ_JAIEWO010000024.1	IncFII	IncFII	15052	3.6.7.275.597.3161	3	6	7	275	597	3161
RefSeq_NZ_JAIEWP010000025.1	IncFII	IncFII	15053	4.5.6.73.598.3162	4	5	6	73	598	3162
RefSeq_NZ_JAIUIX010000042.1	IncFII	IncFII	10711	3.6.7.276.599.3164	3	6	7	276	599	3164
RefSeq_NZ_JAIUIZ010000022.1	IncFII	IncFII	91705	4.5.6.7.11.3165	4	5	6	7	11	3165
RefSeq_NZ_JAIUJA010000014.1	IncFII	IncFII	100614	4.5.6.7.9.3166	4	5	6	7	9	3166
RefSeq_NZ_JAIUJD010000019.1	IncFII	IncFII	91705	4.5.6.7.21.3167	4	5	6	7	21	3167
RefSeq_NZ_JAIZPO010000095.1	IncFII	IncFII	43737	4.5.6.7.9.3168	4	5	6	7	9	3168
RefSeq_NZ_JAIZPP010000102.1	IncFII	IncFII	20561	3.6.7.66.576.3169	3	6	7	66	576	3169
RefSeq_NZ_JAJAGC010000011.1	IncFII	IncFII	68762	4.5.6.7.21.3170	4	5	6	7	21	3170
RefSeq_NZ_JAJGZE010000017.1	IncFII	IncFII	95822	4.5.6.7.9.1002	4	5	6	7	9	1002
RefSeq_NZ_JAJIZO010000008.1	IncFII	IncFII	75544	3.4.8.11.247.1054	3	4	8	11	247	1054
RefSeq_NZ_JAJIZO010000009.1	IncFII	IncFII	51013	4.5.6.73.103.1590	4	5	6	73	103	1590
RefSeq_NZ_JAJPGK010000054.1	IncFII	IncFII	58535	4.5.6.7.11.3171	4	5	6	7	11	3171
RefSeq_NZ_JAJPGL010000069.1	IncFII	IncFII	29023	4.5.6.7.9.3172	4	5	6	7	9	3172
RefSeq_NZ_JAJQQO010000046.1	IncFII	IncFII	28667	4.5.6.7.21.3173	4	5	6	7	21	3173
RefSeq_NZ_JAJQQO010000119.1	IncFII	IncFII	81505	4.5.6.7.21.3174	4	5	6	7	21	3174
RefSeq_NZ_JAKJLH010000038.1	IncFII	IncFII	14270	4.5.6.22.600.3176	4	5	6	22	600	3176
RefSeq_NZ_JAKJLM010000039.1	IncFII	IncFII	30695	4.5.6.7.11.3177	4	5	6	7	11	3177
RefSeq_NZ_JAKJLN010000024.1	IncFII	IncFII	25421	3.6.7.9.10.3178	3	6	7	9	10	3178
RefSeq_NZ_JAKJLO010000026.1	IncFII	IncFII	29810	4.5.6.18.460.3179	4	5	6	18	460	3179
RefSeq_NZ_JAKJLP010000030.1	IncFII	IncFII	29870	4.5.6.18.460.3179	4	5	6	18	460	3179
RefSeq_NZ_JAKKDF010000014.1	IncFII	IncFII	100614	4.5.6.7.9.3166	4	5	6	7	9	3166
RefSeq_NZ_JAKRWQ010000002.1	IncFII	IncFII	148393	4.5.6.7.21.3182	4	5	6	7	21	3182
RefSeq_NZ_JAKVTB010000015.1	IncFII	IncFII	52611	3.6.7.66.91.3184	3	6	7	66	91	3184
RefSeq_NZ_JALEBJ010000025.1	IncFII	IncFII	73176	3.6.7.9.10.3186	3	6	7	9	10	3186
RefSeq_NZ_JALEBJ010000046.1	IncFII	IncFII	22547	3.6.7.66.602.3187	3	6	7	66	602	3187
RefSeq_NZ_JALEBL010000025.1	IncFII	IncFII	25558	4.5.6.73.503.3188	4	5	6	73	503	3188
RefSeq_NZ_JALIEF010000045.1	IncFII	IncFII	10711	3.6.7.274.594.3150	3	6	7	274	594	3150
RefSeq_NZ_JALIEG010000027.1	IncFII	IncFII	42501	3.6.7.9.10.3189	3	6	7	9	10	3189
RefSeq_NZ_JALIEH010000029.1	IncFII	IncFII	20997	3.6.7.10.603.3190	3	6	7	10	603	3190
RefSeq_NZ_JALIEH010000038.1	IncFII	IncFII	8138	4.5.6.278.604.3191	4	5	6	278	604	3191
RefSeq_NZ_JALJAY010000048.1	IncFII	IncFII	59365	4.5.6.7.447.1056	4	5	6	7	447	1056
RefSeq_NZ_JALJQH010000008.1	IncFII	IncFII	175550	3.6.7.66.91.3194	3	6	7	66	91	3194
RefSeq_NZ_JALJQN010000003.1	IncFII	IncFII	126166	4.5.6.7.9.1349	4	5	6	7	9	1349
RefSeq_NZ_JALJQO010000003.1	IncFII	IncFII	136332	3.6.7.9.10.1274	3	6	7	9	10	1274
RefSeq_NZ_JALJQO010000007.1	IncFII	IncFII	80303	3.6.7.9.10.1864	3	6	7	9	10	1864
RefSeq_NZ_JAMOLP010000006.1	IncFII	IncFII	200058	3.6.7.9.10.948	3	6	7	9	10	948
RefSeq_NZ_JAMOLQ010000002.1	IncFII	IncFII	255873	3.6.7.9.10.1795	3	6	7	9	10	1795
RefSeq_NZ_JAMOLS010000003.1	IncFII	IncFII	190821	3.6.7.9.10.142	3	6	7	9	10	142
RefSeq_NZ_JAMSHK010000049.1	IncFII	IncFII	13710	3.6.7.279.606.3196	3	6	7	279	606	3196
RefSeq_NZ_JAMSKU010000005.1	IncFII	IncFII	150096	4.5.6.7.9.1673	4	5	6	7	9	1673
RefSeq_NZ_JAMSKU010000006.1	IncFII	IncFII	87095	4.5.6.7.30.1398	4	5	6	7	30	1398
RefSeq_NZ_JAMYCU010000052.1	IncFII	IncFII	44900	3.6.7.9.286.3197	3	6	7	9	286	3197
RefSeq_NZ_JAMYCV010000048.1	IncFII	IncFII	44492	3.6.7.9.286.3197	3	6	7	9	286	3197
RefSeq_NZ_JAMYCW010000045.1	IncFII	IncFII	44492	3.6.7.9.286.3197	3	6	7	9	286	3197
RefSeq_NZ_JAMYCX010000078.1	IncFII	IncFII	44900	3.6.7.9.286.3198	3	6	7	9	286	3198
RefSeq_NZ_JAMYCY010000042.1	IncFII	IncFII	48242	3.6.7.9.286.3197	3	6	7	9	286	3197
RefSeq_NZ_JAMYCZ010000050.1	IncFII	IncFII	44492	3.6.7.9.286.3197	3	6	7	9	286	3197
RefSeq_NZ_JAMYDH010000391.1	IncFII	IncFII	29423	4.5.6.7.607.3199	4	5	6	7	607	3199
RefSeq_NZ_JAMYDH010000427.1	IncFII	IncFII	30554	3.6.7.9.589.3200	3	6	7	9	589	3200
RefSeq_NZ_JAMYDI010000084.1	IncFII	IncFII	27045	4.5.6.59.517.3201	4	5	6	59	517	3201
RefSeq_NZ_JANCTJ010000011.1	IncFII	IncFII	139495	3.6.7.9.10.1258	3	6	7	9	10	1258
RefSeq_NZ_JANFCT010000099.1	IncFII	IncFII	7857	4.5.6.280.608.3202	4	5	6	280	608	3202
RefSeq_NZ_JANHOY010000002.1	IncFII	IncFII	123551	4.5.6.7.20.2555	4	5	6	7	20	2555
RefSeq_NZ_JANPXL010000002.1	IncFII	IncFII	198567	3.6.7.9.200.3203	3	6	7	9	200	3203
RefSeq_NZ_JANPXL010000004.1	IncFII	IncFII	85665	4.5.6.7.21.1149	4	5	6	7	21	1149
RefSeq_NZ_JANPXM010000003.1	IncFII	IncFII	135691	4.5.6.7.21.2030	4	5	6	7	21	2030
RefSeq_NZ_JANPXN010000003.1	IncFII	IncFII	116229	4.5.6.7.7.3204	4	5	6	7	7	3204
RefSeq_NZ_JANPXO010000003.1	IncFII	IncFII	128020	4.5.6.7.7.937	4	5	6	7	7	937
RefSeq_NZ_JANPXO010000004.1	IncFII	IncFII	85665	4.5.6.7.30.1398	4	5	6	7	30	1398
RefSeq_NZ_JANPXP010000002.1	IncFII	IncFII	101046	4.5.6.7.11.1050	4	5	6	7	11	1050
RefSeq_NZ_JANPYK010000002.1	IncFII	IncFII	135131	4.5.6.7.7.3205	4	5	6	7	7	3205
RefSeq_NZ_JANPYK010000003.1	IncFII	IncFII	54799	4.5.6.7.11.3206	4	5	6	7	11	3206
RefSeq_NZ_JANTIB010000019.1	IncFII	IncFII	44914	3.6.7.9.10.3207	3	6	7	9	10	3207
RefSeq_NZ_JANVCW010000005.1	IncFII	IncFII	149911	4.5.6.7.11.3208	4	5	6	7	11	3208
RefSeq_NZ_JANVCW010000012.1	IncFII	IncFII	99155	4.5.6.7.30.1398	4	5	6	7	30	1398
RefSeq_NZ_JANVCX010000004.1	IncFII	IncFII	113705	4.5.6.7.21.2583	4	5	6	7	21	2583
RefSeq_NZ_JAOCPZ010000055.1	IncFII	IncFII	4659	4.5.6.282.610.3211	4	5	6	282	610	3211
RefSeq_NZ_JAODHS010000007.1	IncFII	IncFII	67262	4.5.6.73.103.1591	4	5	6	73	103	1591
RefSeq_NZ_JAOTNQ010000057.1	IncFII	IncFII	4720	3.6.7.283.611.3212	3	6	7	283	611	3212
RefSeq_NZ_JAOVSH010000006.1	IncFII	IncFII	80896	4.5.6.7.482.2952	4	5	6	7	482	2952
RefSeq_NZ_JAOVSH010000010.1	IncFII	IncFII	112567	4.5.6.7.21.3213	4	5	6	7	21	3213
RefSeq_NZ_JAOVSI010000007.1	IncFII	IncFII	95828	4.5.6.7.11.1837	4	5	6	7	11	1837
RefSeq_NZ_JAPHQK010000008.1	IncFII	IncFII	161344	4.5.6.7.21.3214	4	5	6	7	21	3214
RefSeq_NZ_JAPJBP010000003.1	IncFII	IncFII	89917	4.5.6.21.246.3215	4	5	6	21	246	3215
RefSeq_NZ_JAPJBP010000004.1	IncFII	IncFII	109814	3.6.7.9.200.3216	3	6	7	9	200	3216
RefSeq_NZ_JAPQEX020000002.1	IncFII	IncFII	118459	4.5.6.7.30.3217	4	5	6	7	30	3217
RefSeq_NZ_JAPQEX020000004.1	IncFII	IncFII	66761	4.5.6.7.20.3218	4	5	6	7	20	3218
RefSeq_NZ_JAPQEX020000007.1	IncFII	IncFII	44051	4.5.6.7.20.3219	4	5	6	7	20	3219
RefSeq_NZ_JAPQLD010000002.1	IncFII	IncFII	93924	4.5.6.7.9.1002	4	5	6	7	9	1002
RefSeq_NZ_JAPWIZ010000025.1	IncFII	IncFII	47821	3.6.7.9.14.3135	3	6	7	9	14	3135
RefSeq_NZ_JAPZBA010000025.1	IncFII	IncFII	54883	4.5.6.243.484.3222	4	5	6	243	484	3222
RefSeq_NZ_JAPZBA010000036.1	IncFII	IncFII	19616	3.4.8.11.613.3223	3	4	8	11	613	3223
RefSeq_NZ_JAPZDR010000002.1	IncFII	IncFII	166362	3.6.7.9.10.142	3	6	7	9	10	142
RefSeq_NZ_JAPZPX010000029.1	IncFII	IncFII	38891	4.5.6.243.484.3224	4	5	6	243	484	3224
RefSeq_NZ_JAQGEE010000002.1	IncFII	IncFII	191544	4.5.6.7.7.260	4	5	6	7	7	260
RefSeq_NZ_JAQHXX010000019.1	IncFII	IncFII	47929	3.6.7.66.91.2931	3	6	7	66	91	2931
RefSeq_NZ_JAQIIP010000001.1	IncFII	IncFII	115791	4.5.6.7.11.49	4	5	6	7	11	49
RefSeq_NZ_JAQLSH010000476.1	IncFII	IncFII	187649	3.6.7.9.10.1331	3	6	7	9	10	1331
RefSeq_NZ_JAQLSH010000478.1	IncFII	IncFII	144585	4.5.6.7.21.3226	4	5	6	7	21	3226
RefSeq_NZ_JAQMUK010000004.1	IncFII	IncFII	87036	3.6.7.9.10.3227	3	6	7	9	10	3227
RefSeq_NZ_JAQMUL010000005.1	IncFII	IncFII	86250	3.6.7.9.135.3228	3	6	7	9	135	3228
RefSeq_NZ_JAQMUU010000004.1	IncFII	IncFII	101631	3.6.7.66.91.3229	3	6	7	66	91	3229
RefSeq_NZ_JAQMUV010000008.1	IncFII	IncFII	99672	3.6.7.9.10.3230	3	6	7	9	10	3230
RefSeq_NZ_JAQMVF010000003.1	IncFII	IncFII	86642	3.6.7.9.10.1858	3	6	7	9	10	1858
RefSeq_NZ_JAQMVG010000002.1	IncFII	IncFII	89809	3.6.7.9.10.3227	3	6	7	9	10	3227
RefSeq_NZ_JAQMVH010000002.1	IncFII	IncFII	94370	3.6.7.9.10.3227	3	6	7	9	10	3227
RefSeq_NZ_JAQMVI010000003.1	IncFII	IncFII	116352	3.6.7.9.181.3232	3	6	7	9	181	3232
RefSeq_NZ_JAQSHN010000054.1	IncFII	IncFII	21580	4.5.6.243.615.3233	4	5	6	243	615	3233
RefSeq_NZ_JAQSHN010000076.1	IncFII	IncFII	9153	4.5.6.285.616.3234	4	5	6	285	616	3234
RefSeq_NZ_JARBGB020000029.1	IncFII	IncFII	63045	3.6.7.9.10.3235	3	6	7	9	10	3235
RefSeq_NZ_JARDAH010000026.1	IncFII	IncFII	47703	3.6.7.66.91.2931	3	6	7	66	91	2931
RefSeq_NZ_JARDRR010000013.1	IncFII	IncFII	101947	4.5.6.7.21.3236	4	5	6	7	21	3236
RefSeq_NZ_JARDVW010000003.1	IncFII	IncFII	69528	4.5.6.7.30.3238	4	5	6	7	30	3238
RefSeq_NZ_JARGDG010000097.1	IncFII	IncFII	14341	3.6.7.186.617.3239	3	6	7	186	617	3239
RefSeq_NZ_JARKNK010000038.1	IncFII	IncFII	97716	4.5.6.7.9.3240	4	5	6	7	9	3240
RefSeq_NZ_JARQZG010000021.1	IncFII	IncFII	55007	4.5.6.243.484.3222	4	5	6	243	484	3222
RefSeq_NZ_JARRAP010000080.1	IncFII	IncFII	79949	3.6.7.9.14.1359	3	6	7	9	14	1359
RefSeq_NZ_JARRAS010000102.1	IncFII	IncFII	42722	3.6.7.9.10.3242	3	6	7	9	10	3242
RefSeq_NZ_JARRAT010000084.1	IncFII	IncFII	42747	3.6.7.9.10.3242	3	6	7	9	10	3242
RefSeq_NZ_JARVRB010000001.1	IncFII	IncFII	247863	4.5.6.7.7.48	4	5	6	7	7	48
RefSeq_NZ_JARWAY010000074.1	IncFII	IncFII	91738	4.5.6.7.9.1002	4	5	6	7	9	1002
RefSeq_NZ_JASISG010000005.1	IncFII	IncFII	240731	4.5.6.7.7.65	4	5	6	7	7	65
RefSeq_NZ_JASUAW010000038.1	IncFII	IncFII	80102	4.5.6.7.9.2914	4	5	6	7	9	2914
RefSeq_NZ_JAUAMG010000007.1	IncFII	IncFII	75803	4.5.6.73.103.3244	4	5	6	73	103	3244
RefSeq_NZ_JAUAMI010000012.1	IncFII	IncFII	116595	4.5.6.7.7.3247	4	5	6	7	7	3247
RefSeq_NZ_JAUAML010000008.1	IncFII	IncFII	75790	4.5.6.73.103.3244	4	5	6	73	103	3244
RefSeq_NZ_JAUAMR010000009.1	IncFII	IncFII	102953	3.4.8.11.247.3251	3	4	8	11	247	3251
RefSeq_NZ_JAUANK010000005.1	IncFII	IncFII	65180	4.5.6.7.9.3253	4	5	6	7	9	3253
RefSeq_NZ_JAUDFB010000037.1	IncFII	IncFII	30757	3.6.7.20.438.1824	3	6	7	20	438	1824
RefSeq_NZ_JAUDFB010000045.1	IncFII	IncFII	16517	4.5.14.287.621.3257	4	5	14	287	621	3257
RefSeq_NZ_JAUISY010000031.1	IncFII	IncFII	61807	4.5.6.22.622.3258	4	5	6	22	622	3258
RefSeq_NZ_JAUISZ010000035.1	IncFII	IncFII	16055	4.5.73.288.623.3259	4	5	73	288	623	3259
RefSeq_NZ_JAUITB010000043.1	IncFII	IncFII	16080	4.5.14.287.621.3257	4	5	14	287	621	3257
RefSeq_NZ_JAULSG010000020.1	IncFII	IncFII	80971	4.5.6.7.9.3260	4	5	6	7	9	3260
RefSeq_NZ_JAVLSI010000030.1	IncFII	IncFII	55427	4.5.6.7.21.3261	4	5	6	7	21	3261
RefSeq_NZ_JAXQPQ010000014.1	IncFII	IncFII	53004	4.5.6.271.624.3262	4	5	6	271	624	3262
RefSeq_NZ_JAZBHI010000022.1	IncFII	IncFII	116052	4.5.6.7.21.3263	4	5	6	7	21	3263
RefSeq_NZ_JAZBHJ010000015.1	IncFII	IncFII	128635	4.5.6.7.11.3264	4	5	6	7	11	3264
RefSeq_NZ_JAZBHJ010000016.1	IncFII	IncFII	177956	4.5.6.7.11.3265	4	5	6	7	11	3265
RefSeq_NZ_JAZDCS010000008.1	IncFII	IncFII	117017	4.5.6.7.21.3266	4	5	6	7	21	3266
RefSeq_NZ_JAZDCS010000009.1	IncFII	IncFII	116030	4.5.6.7.21.3267	4	5	6	7	21	3267
RefSeq_NZ_JBAFZR010000002.1	IncFII	IncFII	247863	4.5.6.7.7.48	4	5	6	7	7	48
RefSeq_NZ_JDVF01000121.1	IncFII	IncFII	75463	3.6.7.9.10.3268	3	6	7	9	10	3268
RefSeq_NZ_JDVF01000123.1	IncFII	IncFII	43847	4.5.6.59.625.3269	4	5	6	59	625	3269
RefSeq_NZ_JNFE01000060.1	IncFII	IncFII	9314	4.5.6.8.626.3270	4	5	6	8	626	3270
RefSeq_NZ_JPGS01000080.1	IncFII	IncFII	22679	4.5.6.22.34.3271	4	5	6	22	34	3271
RefSeq_NZ_JPGT01000085.1	IncFII	IncFII	22676	4.5.6.18.460.3272	4	5	6	18	460	3272
RefSeq_NZ_JPIQ01000057.1	IncFII	IncFII	18583	4.5.6.224.627.3273	4	5	6	224	627	3273
RefSeq_NZ_JRKU01000058.1	IncFII	IncFII	4722	3.6.7.283.611.3212	3	6	7	283	611	3212
RefSeq_NZ_JRKV01000077.1	IncFII	IncFII	4722	3.6.7.283.611.3212	3	6	7	283	611	3212
RefSeq_NZ_JRQB01000006.1	IncFII	IncFII	66684	4.5.6.224.423.3276	4	5	6	224	423	3276
RefSeq_NZ_JYFY02000008.1	IncFII	IncFII	51002	4.5.6.243.484.3222	4	5	6	243	484	3222
RefSeq_NZ_JYFZ02000009.1	IncFII	IncFII	15278	4.5.6.7.629.3279	4	5	6	7	629	3279
RefSeq_NZ_JYJW01000228.1	IncFII	IncFII	7079	3.6.7.290.630.3280	3	6	7	290	630	3280
RefSeq_NZ_KC887916.1	IncFII	IncFII	110786	4.5.6.8.32.1111	4	5	6	8	32	1111
RefSeq_NZ_KC887917.1	IncFII	IncFII	99435	4.5.6.8.32.1111	4	5	6	8	32	1111
RefSeq_NZ_KJ187751.1	IncFII	IncFII	31466	4.5.6.7.20.3282	4	5	6	7	20	3282
RefSeq_NZ_KJ721789.1	IncFII	IncFII	169774	4.5.6.7.7.3284	4	5	6	7	7	3284
RefSeq_NZ_KJ721790.1	IncFII	IncFII	113637	4.5.6.7.21.58	4	5	6	7	21	58
RefSeq_NZ_KJ812998.1	IncFII	IncFII	110786	4.5.6.8.32.1111	4	5	6	8	32	1111
RefSeq_NZ_KJ958926.1	IncFII	IncFII	97649	4.5.6.7.20.1466	4	5	6	7	20	1466
RefSeq_NZ_KP008371.1	IncFII	IncFII	127970	3.6.7.9.10.3288	3	6	7	9	10	3288
RefSeq_NZ_KP125893.1	IncFII	IncFII	133031	3.6.7.9.200.3289	3	6	7	9	200	3289
RefSeq_NZ_KP345882.1	IncFII	IncFII	241963	3.6.7.48.123.3290	3	6	7	48	123	3290
RefSeq_NZ_KP453775.1	IncFII	IncFII	267645	3.6.7.9.14.3291	3	6	7	9	14	3291
RefSeq_NZ_KP868646.1	IncFII	IncFII	88214	4.5.6.7.21.1653	4	5	6	7	21	1653
RefSeq_NZ_KP868647.1	IncFII	IncFII	109353	4.5.6.7.21.3292	4	5	6	7	21	3292
RefSeq_NZ_KP900016.1	IncFII	IncFII	99276	4.5.6.7.21.1253	4	5	6	7	21	1253
RefSeq_NZ_KR351290.1	IncFII	IncFII	106844	4.5.6.8.32.1111	4	5	6	8	32	1111
RefSeq_NZ_KR822246.1	IncFII	IncFII	96124	4.5.6.7.20.3294	4	5	6	7	20	3294
RefSeq_NZ_KT203286.1	IncFII	IncFII	211813	4.5.6.7.7.48	4	5	6	7	7	48
RefSeq_NZ_KT307967.1	IncFII	IncFII	66624	3.4.8.11.431.1001	3	4	8	11	431	1001
RefSeq_NZ_KT317612.1	IncFII	IncFII	59363	4.5.6.7.447.1068	4	5	6	7	447	1068
RefSeq_NZ_KT754160.1	IncFII	IncFII	129841	4.5.6.7.7.3297	4	5	6	7	7	3297
RefSeq_NZ_KT754164.1	IncFII	IncFII	111227	4.5.6.7.11.3299	4	5	6	7	11	3299
RefSeq_NZ_KT852335.1	IncFII	IncFII	76980	4.5.6.7.20.1466	4	5	6	7	20	1466
RefSeq_NZ_KT852336.1	IncFII	IncFII	76365	4.5.6.7.20.1466	4	5	6	7	20	1466
RefSeq_NZ_KT896504.1	IncFII	IncFII	186474	3.6.7.9.10.948	3	6	7	9	10	948
RefSeq_NZ_KT988018.1	IncFII	IncFII	118324	4.5.6.7.11.1531	4	5	6	7	11	1531
RefSeq_NZ_KU295132.1	IncFII	IncFII	101915	4.5.6.7.21.3303	4	5	6	7	21	3303
RefSeq_NZ_KU295133.1	IncFII	IncFII	115706	4.5.6.7.21.58	4	5	6	7	21	58
RefSeq_NZ_KU318419.1	IncFII	IncFII	90351	4.5.6.8.451.2550	4	5	6	8	451	2550
RefSeq_NZ_KU665642.1	IncFII	IncFII	111926	4.5.6.7.21.58	4	5	6	7	21	58
RefSeq_NZ_KX236178.1	IncFII	IncFII	121348	4.5.6.7.21.3303	4	5	6	7	21	3303
RefSeq_NZ_KX608544.1	IncFII	IncFII	66924	4.5.6.73.103.1591	4	5	6	73	103	1591
RefSeq_NZ_KX636095.1	IncFII	IncFII	335317	3.6.7.9.90.3308	3	6	7	9	90	3308
RefSeq_NZ_KX683283.1	IncFII	IncFII	142708	4.5.6.7.21.3309	4	5	6	7	21	3309
RefSeq_NZ_KX777254.1	IncFII	IncFII	93807	4.5.6.7.9.1002	4	5	6	7	9	1002
RefSeq_NZ_KX786187.1	IncFII	IncFII	165469	4.5.6.7.21.3214	4	5	6	7	21	3214
RefSeq_NZ_KX807610.1	IncFII	IncFII	110983	4.5.6.7.11.3312	4	5	6	7	11	3312
RefSeq_NZ_KX839208.1	IncFII	IncFII	187349	4.5.6.7.20.3315	4	5	6	7	20	3315
RefSeq_NZ_KX858825.1	IncFII	IncFII	89970	3.6.7.9.14.3316	3	6	7	9	14	3316
RefSeq_NZ_KX912253.1	IncFII	IncFII	108672	3.6.7.9.10.3318	3	6	7	9	10	3318
RefSeq_NZ_KX928752.1	IncFII	IncFII	216976	3.6.7.9.10.3321	3	6	7	9	10	3321
RefSeq_NZ_KY093013.1	IncFII	IncFII	134521	4.5.6.7.21.3322	4	5	6	7	21	3322
RefSeq_NZ_KY093014.1	IncFII	IncFII	108772	4.5.6.7.21.3323	4	5	6	7	21	3323
RefSeq_NZ_KY174332.1	IncFII	IncFII	137060	4.5.6.7.21.1661	4	5	6	7	21	1661
RefSeq_NZ_KY271403.1	IncFII	IncFII	116499	4.5.6.7.11.49	4	5	6	7	11	49
RefSeq_NZ_KY271406.1	IncFII	IncFII	212319	4.5.6.7.7.48	4	5	6	7	7	48
RefSeq_NZ_KY271407.1	IncFII	IncFII	116325	3.6.7.9.200.3324	3	6	7	9	200	3324
RefSeq_NZ_KY399972.1	IncFII	IncFII	88213	4.5.6.7.21.1653	4	5	6	7	21	1653
RefSeq_NZ_KY399973.1	IncFII	IncFII	88213	4.5.6.7.21.1653	4	5	6	7	21	1653
RefSeq_NZ_KY399974.1	IncFII	IncFII	109361	4.5.6.7.21.3292	4	5	6	7	21	3292
RefSeq_NZ_KY399975.1	IncFII	IncFII	109325	4.5.6.7.21.3292	4	5	6	7	21	3292
RefSeq_NZ_KY401053.1	IncFII	IncFII	269755	3.4.8.11.13.3326	3	4	8	11	13	3326
RefSeq_NZ_KY454639.1	IncFII	IncFII	164992	4.5.6.7.11.1370	4	5	6	7	11	1370
RefSeq_NZ_KY495890.1	IncFII	IncFII	147442	3.6.7.9.10.1153	3	6	7	9	10	1153
RefSeq_NZ_KY680213.1	IncFII	IncFII	60083	4.5.6.8.591.3327	4	5	6	8	591	3327
RefSeq_NZ_KY706108.1	IncFII	IncFII	142630	3.6.7.66.91.2832	3	6	7	66	91	2832
RefSeq_NZ_KY798505.1	IncFII	IncFII	117903	4.5.6.7.21.58	4	5	6	7	21	58
RefSeq_NZ_KY798506.1	IncFII	IncFII	111742	4.5.6.7.21.1498	4	5	6	7	21	1498
RefSeq_NZ_KY798507.1	IncFII	IncFII	113639	4.5.6.7.21.58	4	5	6	7	21	58
RefSeq_NZ_KY865321.1	IncFII	IncFII	92545	4.5.6.7.9.2054	4	5	6	7	9	2054
RefSeq_NZ_KY865322.1	IncFII	IncFII	77822	4.5.6.7.9.2054	4	5	6	7	9	2054
RefSeq_NZ_KY940546.1	IncFII	IncFII	88127	4.5.6.7.21.1472	4	5	6	7	21	1472
RefSeq_NZ_LAZA01000098.1	IncFII	IncFII	46307	4.5.6.73.103.3329	4	5	6	73	103	3329
RefSeq_NZ_LBFJ01000081.1	IncFII	IncFII	70064	3.4.8.11.431.1001	3	4	8	11	431	1001
RefSeq_NZ_LC467982.1	IncFII	IncFII	108745	3.6.7.20.465.1241	3	6	7	20	465	1241
RefSeq_NZ_LC483178.1	IncFII	IncFII	93836	4.5.6.7.11.1192	4	5	6	7	11	1192
RefSeq_NZ_LC492469.1	IncFII	IncFII	149768	4.5.6.7.7.3330	4	5	6	7	7	3330
RefSeq_NZ_LC520268.1	IncFII	IncFII	83426	3.6.7.9.10.630	3	6	7	9	10	630
RefSeq_NZ_LC520269.1	IncFII	IncFII	126860	3.6.7.9.10.11	3	6	7	9	10	11
RefSeq_NZ_LC520270.1	IncFII	IncFII	135670	4.5.6.7.11.1127	4	5	6	7	11	1127
RefSeq_NZ_LC520271.1	IncFII	IncFII	120219	3.6.7.9.10.1284	3	6	7	9	10	1284
RefSeq_NZ_LC520272.1	IncFII	IncFII	126885	3.6.7.9.10.11	3	6	7	9	10	11
RefSeq_NZ_LC520273.1	IncFII	IncFII	126885	3.6.7.9.10.11	3	6	7	9	10	11
RefSeq_NZ_LC520274.1	IncFII	IncFII	108694	4.5.6.7.7.3331	4	5	6	7	7	3331
RefSeq_NZ_LC520275.1	IncFII	IncFII	83408	3.6.7.9.10.630	3	6	7	9	10	630
RefSeq_NZ_LC520276.1	IncFII	IncFII	97569	3.6.7.9.10.3332	3	6	7	9	10	3332
RefSeq_NZ_LC520277.1	IncFII	IncFII	95228	3.6.7.9.10.3333	3	6	7	9	10	3333
RefSeq_NZ_LC520278.1	IncFII	IncFII	103959	4.5.6.7.11.3334	4	5	6	7	11	3334
RefSeq_NZ_LC520281.1	IncFII	IncFII	135733	4.5.6.7.7.677	4	5	6	7	7	677
RefSeq_NZ_LC520283.1	IncFII	IncFII	130479	4.5.6.7.7.677	4	5	6	7	7	677
RefSeq_NZ_LC520284.1	IncFII	IncFII	124596	3.6.7.9.10.11	3	6	7	9	10	11
RefSeq_NZ_LC520285.1	IncFII	IncFII	134908	4.5.6.7.11.1127	4	5	6	7	11	1127
RefSeq_NZ_LC520286.1	IncFII	IncFII	117603	3.6.7.9.10.11	3	6	7	9	10	11
RefSeq_NZ_LC520287.1	IncFII	IncFII	135628	4.5.6.7.11.1127	4	5	6	7	11	1127
RefSeq_NZ_LC520288.1	IncFII	IncFII	102595	4.5.6.7.11.3335	4	5	6	7	11	3335
RefSeq_NZ_LC520289.1	IncFII	IncFII	98916	4.5.6.7.11.12	4	5	6	7	11	12
RefSeq_NZ_LIXX01000010.1	IncFII	IncFII	70381	3.4.8.11.431.1001	3	4	8	11	431	1001
RefSeq_NZ_LIXY01000017.1	IncFII	IncFII	70307	3.4.8.11.431.1001	3	4	8	11	431	1001
RefSeq_NZ_LIYO01000127.1	IncFII	IncFII	4118	4.5.6.291.631.3337	4	5	6	291	631	3337
RefSeq_NZ_LIYP01000072.1	IncFII	IncFII	25733	3.6.7.9.632.3338	3	6	7	9	632	3338
RefSeq_NZ_LIYP01000112.1	IncFII	IncFII	8862	3.6.21.292.633.3339	3	6	21	292	633	3339
RefSeq_NZ_LIYQ01000052.1	IncFII	IncFII	32949	4.5.6.243.484.3340	4	5	6	243	484	3340
RefSeq_NZ_LIYQ01000115.1	IncFII	IncFII	8862	3.6.49.293.634.3341	3	6	49	293	634	3341
RefSeq_NZ_LIYR01000128.1	IncFII	IncFII	8342	3.6.49.293.634.3342	3	6	49	293	634	3342
RefSeq_NZ_LIYT01000122.1	IncFII	IncFII	8873	3.6.21.292.633.3339	3	6	21	292	633	3339
RefSeq_NZ_LIYU01000110.1	IncFII	IncFII	8862	3.4.8.294.635.3343	3	4	8	294	635	3343
RefSeq_NZ_LIYV01000122.1	IncFII	IncFII	8872	3.4.8.294.635.3343	3	4	8	294	635	3343
RefSeq_NZ_LIYW01000173.1	IncFII	IncFII	4118	4.5.6.291.631.3337	4	5	6	291	631	3337
RefSeq_NZ_LIYX01000139.1	IncFII	IncFII	8862	3.6.49.293.634.3341	3	6	49	293	634	3341
RefSeq_NZ_LIYY01000127.1	IncFII	IncFII	8862	3.6.49.293.634.3341	3	6	49	293	634	3341
RefSeq_NZ_LIZA01000142.1	IncFII	IncFII	4074	4.5.6.291.631.3337	4	5	6	291	631	3337
RefSeq_NZ_LIZC01000137.1	IncFII	IncFII	3831	4.5.6.295.636.3344	4	5	6	295	636	3344
RefSeq_NZ_LIZD01000108.1	IncFII	IncFII	8497	3.4.8.294.635.3343	3	4	8	294	635	3343
RefSeq_NZ_LIZE01000056.1	IncFII	IncFII	32950	4.5.6.243.484.3340	4	5	6	243	484	3340
RefSeq_NZ_LIZE01000118.1	IncFII	IncFII	8862	3.6.49.293.634.3341	3	6	49	293	634	3341
RefSeq_NZ_LJAQ01000064.1	IncFII	IncFII	8220	4.5.6.280.608.3345	4	5	6	280	608	3345
RefSeq_NZ_LJCB01000027.1	IncFII	IncFII	49781	4.5.6.7.21.3346	4	5	6	7	21	3346
RefSeq_NZ_LJCC01000029.1	IncFII	IncFII	49781	4.5.6.7.21.3346	4	5	6	7	21	3346
RefSeq_NZ_LJCD01000013.1	IncFII	IncFII	151810	3.6.7.9.10.1153	3	6	7	9	10	1153
RefSeq_NZ_LJJU01000021.1	IncFII	IncFII	8963	4.5.6.296.637.3347	4	5	6	296	637	3347
RefSeq_NZ_LJJV01000020.1	IncFII	IncFII	8937	4.5.6.280.638.3348	4	5	6	280	638	3348
RefSeq_NZ_LJXE01000014.1	IncFII	IncFII	7988	4.5.6.296.637.3349	4	5	6	296	637	3349
RefSeq_NZ_LK391770.1	IncFII	IncFII	94893	4.5.6.7.11.3350	4	5	6	7	11	3350
RefSeq_NZ_LN824135.1	IncFII	IncFII	118323	4.5.6.7.20.3351	4	5	6	7	20	3351
RefSeq_NZ_LN879484.1	IncFII	IncFII	85310	4.5.6.7.21.3352	4	5	6	7	21	3352
RefSeq_NZ_LN890519.1	IncFII	IncFII	98756	3.6.7.20.202.3353	3	6	7	20	202	3353
RefSeq_NZ_LN890521.1	IncFII	IncFII	98776	3.6.7.20.202.3353	3	6	7	20	202	3353
RefSeq_NZ_LN890523.1	IncFII	IncFII	82119	3.6.7.9.14.1359	3	6	7	9	14	1359
RefSeq_NZ_LN999012.1	IncFII	IncFII	93844	4.5.6.7.9.1002	4	5	6	7	9	1002
RefSeq_NZ_LNAE01000014.1	IncFII	IncFII	17270	4.5.6.224.639.3354	4	5	6	224	639	3354
RefSeq_NZ_LQWX02000144.1	IncFII	IncFII	6317	3.6.7.283.642.3358	3	6	7	283	642	3358
RefSeq_NZ_LR025089.1	IncFII	IncFII	220174	4.5.6.7.20.252	4	5	6	7	20	252
RefSeq_NZ_LR025093.1	IncFII	IncFII	231732	4.5.6.7.7.260	4	5	6	7	7	260
RefSeq_NZ_LR025102.1	IncFII	IncFII	94720	4.5.6.7.20.3359	4	5	6	7	20	3359
RefSeq_NZ_LR130540.1	IncFII	IncFII	165705	4.5.6.7.7.3360	4	5	6	7	7	3360
RefSeq_NZ_LR130542.1	IncFII	IncFII	202379	4.5.6.7.7.48	4	5	6	7	7	48
RefSeq_NZ_LR130546.1	IncFII	IncFII	112588	4.5.6.7.7.1032	4	5	6	7	7	1032
RefSeq_NZ_LR130549.1	IncFII	IncFII	207198	4.5.6.7.7.48	4	5	6	7	7	48
RefSeq_NZ_LR130556.1	IncFII	IncFII	136397	3.6.7.9.10.1276	3	6	7	9	10	1276
RefSeq_NZ_LR213453.1	IncFII	IncFII	82887	3.6.7.9.10.1906	3	6	7	9	10	1906
RefSeq_NZ_LR213457.1	IncFII	IncFII	76615	4.5.6.7.11.3361	4	5	6	7	11	3361
RefSeq_NZ_LR595692.1	IncFII	IncFII	98473	4.5.6.7.20.1142	4	5	6	7	20	1142
RefSeq_NZ_LR595874.1	IncFII	IncFII	152153	4.5.6.7.7.1168	4	5	6	7	7	1168
RefSeq_NZ_LR595879.1	IncFII	IncFII	69882	4.5.6.7.20.3362	4	5	6	7	20	3362
RefSeq_NZ_LR595882.1	IncFII	IncFII	152153	4.5.6.7.7.1168	4	5	6	7	7	1168
RefSeq_NZ_LR595884.1	IncFII	IncFII	61991	4.5.6.7.20.3362	4	5	6	7	20	3362
RefSeq_NZ_LR697124.1	IncFII	IncFII	101540	4.5.6.8.32.1111	4	5	6	8	32	1111
RefSeq_NZ_LR697128.1	IncFII	IncFII	110787	4.5.6.8.32.1111	4	5	6	8	32	1111
RefSeq_NZ_LR697129.1	IncFII	IncFII	81712	3.6.7.9.10.3364	3	6	7	9	10	3364
RefSeq_NZ_LR792629.1	IncFII	IncFII	160760	3.6.7.9.10.3366	3	6	7	9	10	3366
RefSeq_NZ_LR792630.1	IncFII	IncFII	95086	3.6.7.66.91.2338	3	6	7	66	91	2338
RefSeq_NZ_LR878367.1	IncFII	IncFII	72593	3.6.7.9.10.1906	3	6	7	9	10	1906
RefSeq_NZ_LR881464.1	IncFII	IncFII	93927	4.5.6.7.11.1051	4	5	6	7	11	1051
RefSeq_NZ_LR882053.1	IncFII	IncFII	113096	4.5.6.7.11.3368	4	5	6	7	11	3368
RefSeq_NZ_LR882059.1	IncFII	IncFII	82142	3.6.7.66.91.3370	3	6	7	66	91	3370
RefSeq_NZ_LR882974.1	IncFII	IncFII	86517	3.6.7.9.14.3371	3	6	7	9	14	3371
RefSeq_NZ_LR882976.1	IncFII	IncFII	120141	3.6.7.66.440.3372	3	6	7	66	440	3372
RefSeq_NZ_LR882980.1	IncFII	IncFII	72255	4.5.6.73.103.3373	4	5	6	73	103	3373
RefSeq_NZ_LR882998.1	IncFII	IncFII	381858	3.6.7.66.91.3374	3	6	7	66	91	3374
RefSeq_NZ_LR883005.1	IncFII	IncFII	83375	4.5.6.73.103.3375	4	5	6	73	103	3375
RefSeq_NZ_LR883008.1	IncFII	IncFII	142377	3.6.7.66.440.3376	3	6	7	66	440	3376
RefSeq_NZ_LR883009.1	IncFII	IncFII	88759	4.5.6.7.9.3377	4	5	6	7	9	3377
RefSeq_NZ_LR883010.1	IncFII	IncFII	82464	3.6.7.66.91.3378	3	6	7	66	91	3378
RefSeq_NZ_LR883014.1	IncFII	IncFII	94840	3.6.7.10.308.2765	3	6	7	10	308	2765
RefSeq_NZ_LR883051.1	IncFII	IncFII	116803	3.6.7.66.91.1347	3	6	7	66	91	1347
RefSeq_NZ_LR883052.1	IncFII	IncFII	82909	3.6.7.9.14.3379	3	6	7	9	14	3379
RefSeq_NZ_LR890186.1	IncFII	IncFII	239736	4.5.6.7.7.48	4	5	6	7	7	48
RefSeq_NZ_LR890191.1	IncFII	IncFII	245649	4.5.6.7.7.48	4	5	6	7	7	48
RefSeq_NZ_LR890193.1	IncFII	IncFII	120029	4.5.6.7.21.3380	4	5	6	7	21	3380
RefSeq_NZ_LR890199.1	IncFII	IncFII	125802	3.6.7.9.10.631	3	6	7	9	10	631
RefSeq_NZ_LR890203.1	IncFII	IncFII	237123	4.5.6.7.7.48	4	5	6	7	7	48
RefSeq_NZ_LR890205.1	IncFII	IncFII	259454	4.5.6.7.7.2247	4	5	6	7	7	2247
RefSeq_NZ_LR890210.1	IncFII	IncFII	197166	3.6.7.9.10.3381	3	6	7	9	10	3381
RefSeq_NZ_LR890231.1	IncFII	IncFII	244844	4.5.6.7.7.48	4	5	6	7	7	48
RefSeq_NZ_LR890255.1	IncFII	IncFII	161308	3.6.7.9.10.1711	3	6	7	9	10	1711
RefSeq_NZ_LR890258.1	IncFII	IncFII	70656	4.5.6.73.103.1712	4	5	6	73	103	1712
RefSeq_NZ_LR890300.1	IncFII	IncFII	160467	4.5.6.7.11.1127	4	5	6	7	11	1127
RefSeq_NZ_LR890301.1	IncFII	IncFII	70656	4.5.6.73.103.1712	4	5	6	73	103	1712
RefSeq_NZ_LR890327.1	IncFII	IncFII	98336	4.5.6.7.20.3382	4	5	6	7	20	3382
RefSeq_NZ_LR890328.1	IncFII	IncFII	70656	4.5.6.73.103.1712	4	5	6	73	103	1712
RefSeq_NZ_LR890335.1	IncFII	IncFII	139312	4.5.6.7.7.3383	4	5	6	7	7	3383
RefSeq_NZ_LR890344.1	IncFII	IncFII	260491	4.5.6.7.7.48	4	5	6	7	7	48
RefSeq_NZ_LR890361.1	IncFII	IncFII	233670	4.5.6.7.7.1614	4	5	6	7	7	1614
RefSeq_NZ_LR890363.1	IncFII	IncFII	76738	3.6.7.20.462.3385	3	6	7	20	462	3385
RefSeq_NZ_LR890370.1	IncFII	IncFII	234772	4.5.6.7.7.48	4	5	6	7	7	48
RefSeq_NZ_LR890375.1	IncFII	IncFII	243634	4.5.6.7.7.48	4	5	6	7	7	48
RefSeq_NZ_LR890385.1	IncFII	IncFII	244759	4.5.6.7.7.48	4	5	6	7	7	48
RefSeq_NZ_LR890392.1	IncFII	IncFII	244845	4.5.6.7.7.48	4	5	6	7	7	48
RefSeq_NZ_LR890396.1	IncFII	IncFII	227214	4.5.6.7.7.65	4	5	6	7	7	65
RefSeq_NZ_LR890411.1	IncFII	IncFII	52208	3.6.7.9.10.3386	3	6	7	9	10	3386
RefSeq_NZ_LR890416.1	IncFII	IncFII	243620	4.5.6.7.7.48	4	5	6	7	7	48
RefSeq_NZ_LR890423.1	IncFII	IncFII	152399	3.6.7.9.10.1331	3	6	7	9	10	1331
RefSeq_NZ_LR890427.1	IncFII	IncFII	161308	3.6.7.9.10.1711	3	6	7	9	10	1711
RefSeq_NZ_LR890430.1	IncFII	IncFII	70656	4.5.6.73.103.1712	4	5	6	73	103	1712
RefSeq_NZ_LR890447.1	IncFII	IncFII	158730	3.6.7.9.10.1363	3	6	7	9	10	1363
RefSeq_NZ_LR890467.1	IncFII	IncFII	160530	4.5.6.7.11.1127	4	5	6	7	11	1127
RefSeq_NZ_LR890472.1	IncFII	IncFII	177028	3.6.7.9.10.1363	3	6	7	9	10	1363
RefSeq_NZ_LR890485.1	IncFII	IncFII	244845	4.5.6.7.7.48	4	5	6	7	7	48
RefSeq_NZ_LR890501.1	IncFII	IncFII	161308	3.6.7.9.10.1711	3	6	7	9	10	1711
RefSeq_NZ_LR890504.1	IncFII	IncFII	70656	4.5.6.73.103.1712	4	5	6	73	103	1712
RefSeq_NZ_LR890510.1	IncFII	IncFII	69018	4.5.6.73.103.1712	4	5	6	73	103	1712
RefSeq_NZ_LR890537.1	IncFII	IncFII	158162	4.5.6.7.7.1965	4	5	6	7	7	1965
RefSeq_NZ_LR890549.1	IncFII	IncFII	147932	4.5.6.7.7.1400	4	5	6	7	7	1400
RefSeq_NZ_LR890565.1	IncFII	IncFII	228690	4.5.6.7.7.48	4	5	6	7	7	48
RefSeq_NZ_LR890570.1	IncFII	IncFII	186641	3.6.7.9.10.1685	3	6	7	9	10	1685
RefSeq_NZ_LR890572.1	IncFII	IncFII	227807	4.5.6.7.7.48	4	5	6	7	7	48
RefSeq_NZ_LR890584.1	IncFII	IncFII	126908	3.6.7.9.10.2019	3	6	7	9	10	2019
RefSeq_NZ_LR890607.1	IncFII	IncFII	126618	4.5.6.7.11.1127	4	5	6	7	11	1127
RefSeq_NZ_LR890617.1	IncFII	IncFII	269043	4.5.6.7.7.1200	4	5	6	7	7	1200
RefSeq_NZ_LR890618.1	IncFII	IncFII	75695	4.5.6.7.21.3387	4	5	6	7	21	3387
RefSeq_NZ_LR890659.1	IncFII	IncFII	147079	4.5.6.7.11.3388	4	5	6	7	11	3388
RefSeq_NZ_LR890680.1	IncFII	IncFII	243460	4.5.6.7.7.48	4	5	6	7	7	48
RefSeq_NZ_LR890694.1	IncFII	IncFII	112822	3.6.7.9.10.630	3	6	7	9	10	630
RefSeq_NZ_LR890703.1	IncFII	IncFII	161308	3.6.7.9.10.1711	3	6	7	9	10	1711
RefSeq_NZ_LR890706.1	IncFII	IncFII	70656	4.5.6.73.103.1712	4	5	6	73	103	1712
RefSeq_NZ_LR890711.1	IncFII	IncFII	214404	3.6.7.9.10.1685	3	6	7	9	10	1685
RefSeq_NZ_LR890723.1	IncFII	IncFII	225937	4.5.6.7.7.48	4	5	6	7	7	48
RefSeq_NZ_LR890736.1	IncFII	IncFII	225088	4.5.6.7.7.48	4	5	6	7	7	48
RefSeq_NZ_LRXI01000066.1	IncFII	IncFII	17014	4.5.6.73.645.3391	4	5	6	73	645	3391
RefSeq_NZ_LRXJ01000025.1	IncFII	IncFII	7975	3.6.21.299.646.3392	3	6	21	299	646	3392
RefSeq_NZ_LS992176.1	IncFII	IncFII	159493	4.5.6.7.7.3394	4	5	6	7	7	3394
RefSeq_NZ_LS992182.1	IncFII	IncFII	133139	4.5.6.7.9.1349	4	5	6	7	9	1349
RefSeq_NZ_LS992186.1	IncFII	IncFII	164477	3.6.7.9.10.3396	3	6	7	9	10	3396
RefSeq_NZ_LS992191.1	IncFII	IncFII	133139	4.5.6.7.9.1349	4	5	6	7	9	1349
RefSeq_NZ_LS992194.1	IncFII	IncFII	86367	3.6.7.9.10.3397	3	6	7	9	10	3397
RefSeq_NZ_LS999207.1	IncFII	IncFII	150302	4.5.6.7.21.3399	4	5	6	7	21	3399
RefSeq_NZ_LT009688.1	IncFII	IncFII	166484	4.5.6.7.7.65	4	5	6	7	7	65
RefSeq_NZ_LT009689.1	IncFII	IncFII	106320	4.5.6.7.11.1073	4	5	6	7	11	1073
RefSeq_NZ_LT216438.1	IncFII	IncFII	117916	4.5.6.7.11.49	4	5	6	7	11	49
RefSeq_NZ_LT216439.1	IncFII	IncFII	214718	4.5.6.7.7.65	4	5	6	7	7	65
RefSeq_NZ_LT596222.1	IncFII	IncFII	69815	3.4.8.11.431.1005	3	4	8	11	431	1005
RefSeq_NZ_LT632321.1	IncFII	IncFII	161069	4.5.6.7.11.1531	4	5	6	7	11	1531
RefSeq_NZ_LT855377.1	IncFII	IncFII	93862	4.5.6.7.9.1002	4	5	6	7	9	1002
RefSeq_NZ_LT985213.1	IncFII	IncFII	129394	4.5.6.7.9.1041	4	5	6	7	9	1041
RefSeq_NZ_LT985221.1	IncFII	IncFII	128281	4.5.6.7.11.1360	4	5	6	7	11	1360
RefSeq_NZ_LT985229.1	IncFII	IncFII	217183	4.5.6.7.7.48	4	5	6	7	7	48
RefSeq_NZ_LT985271.1	IncFII	IncFII	130559	4.5.6.7.11.1360	4	5	6	7	11	1360
RefSeq_NZ_LT985275.1	IncFII	IncFII	91487	4.5.6.7.11.3408	4	5	6	7	11	3408
RefSeq_NZ_LT991956.1	IncFII	IncFII	183339	4.5.6.7.7.1339	4	5	6	7	7	1339
RefSeq_NZ_LT991960.1	IncFII	IncFII	65087	4.5.6.18.460.2129	4	5	6	18	460	2129
RefSeq_NZ_LT994840.1	IncFII	IncFII	218098	4.5.6.7.7.260	4	5	6	7	7	260
RefSeq_NZ_LTDW01000013.1	IncFII	IncFII	7763	4.5.6.296.637.3349	4	5	6	296	637	3349
RefSeq_NZ_LXQO01000018.1	IncFII	IncFII	58156	4.5.6.7.21.3411	4	5	6	7	21	3411
RefSeq_NZ_LXQO01000019.1	IncFII	IncFII	45408	3.6.7.66.91.3412	3	6	7	66	91	3412
RefSeq_NZ_LYMZ01000021.1	IncFII	IncFII	88051	4.5.6.7.11.3413	4	5	6	7	11	3413
RefSeq_NZ_LYPE01000039.1	IncFII	IncFII	20182	4.5.6.224.423.3414	4	5	6	224	423	3414
RefSeq_NZ_LZCY01000051.1	IncFII	IncFII	94582	4.5.6.7.21.3415	4	5	6	7	21	3415
RefSeq_NZ_LZCZ01000012.1	IncFII	IncFII	56682	4.5.6.7.482.3416	4	5	6	7	482	3416
RefSeq_NZ_MASZ01000052.1	IncFII	IncFII	65452	4.5.6.7.11.3417	4	5	6	7	11	3417
RefSeq_NZ_MATG01000004.1	IncFII	IncFII	20542	3.6.7.66.576.3418	3	6	7	66	576	3418
RefSeq_NZ_MATI01000008.1	IncFII	IncFII	67828	3.6.21.98.449.1078	3	6	21	98	449	1078
RefSeq_NZ_MATJ01000058.1	IncFII	IncFII	94170	4.5.6.7.11.1051	4	5	6	7	11	1051
RefSeq_NZ_MBNZ01000061.1	IncFII	IncFII	41881	3.6.7.9.181.3419	3	6	7	9	181	3419
RefSeq_NZ_MBOA01000046.1	IncFII	IncFII	46113	3.6.21.238.470.3420	3	6	21	238	470	3420
RefSeq_NZ_MBOP01000007.1	IncFII	IncFII	94170	4.5.6.7.11.1051	4	5	6	7	11	1051
RefSeq_NZ_MF042350.1	IncFII	IncFII	110432	4.5.6.8.451.1090	4	5	6	8	451	1090
RefSeq_NZ_MF042351.1	IncFII	IncFII	119046	4.5.6.7.20.2571	4	5	6	7	20	2571
RefSeq_NZ_MF042352.1	IncFII	IncFII	119047	4.5.6.7.20.2571	4	5	6	7	20	2571
RefSeq_NZ_MF042353.1	IncFII	IncFII	120406	4.5.6.7.30.3421	4	5	6	7	30	3421
RefSeq_NZ_MF042354.1	IncFII	IncFII	120078	4.5.6.8.451.1090	4	5	6	8	451	1090
RefSeq_NZ_MF042355.1	IncFII	IncFII	110781	4.5.6.8.451.1090	4	5	6	8	451	1090
RefSeq_NZ_MF042356.1	IncFII	IncFII	110766	4.5.6.8.451.1090	4	5	6	8	451	1090
RefSeq_NZ_MF042357.1	IncFII	IncFII	105614	4.5.6.8.451.1090	4	5	6	8	451	1090
RefSeq_NZ_MF042358.1	IncFII	IncFII	100393	4.5.6.8.451.1090	4	5	6	8	451	1090
RefSeq_NZ_MF042359.1	IncFII	IncFII	87593	4.5.6.59.494.1541	4	5	6	59	494	1541
RefSeq_NZ_MF133496.1	IncFII	IncFII	79372	4.5.6.7.21.1149	4	5	6	7	21	1149
RefSeq_NZ_MF156696.1	IncFII	IncFII	244622	4.5.6.7.7.1200	4	5	6	7	7	1200
RefSeq_NZ_MF156697.1	IncFII	IncFII	144939	4.5.6.7.7.1168	4	5	6	7	7	1168
RefSeq_NZ_MF156708.1	IncFII	IncFII	119405	4.5.6.7.21.3422	4	5	6	7	21	3422
RefSeq_NZ_MF156713.1	IncFII	IncFII	131441	4.5.6.7.7.3423	4	5	6	7	7	3423
RefSeq_NZ_MF156714.1	IncFII	IncFII	115817	3.6.7.9.10.3424	3	6	7	9	10	3424
RefSeq_NZ_MF156715.1	IncFII	IncFII	98473	3.6.7.9.10.1747	3	6	7	9	10	1747
RefSeq_NZ_MF190368.1	IncFII	IncFII	65112	4.5.6.7.21.1548	4	5	6	7	21	1548
RefSeq_NZ_MF190369.1	IncFII	IncFII	68973	4.5.6.59.472.2420	4	5	6	59	472	2420
RefSeq_NZ_MF437312.1	IncFII	IncFII	177585	4.5.6.7.7.1834	4	5	6	7	7	1834
RefSeq_NZ_MF788069.1	IncFII	IncFII	71286	4.5.6.8.32.3430	4	5	6	8	32	3430
RefSeq_NZ_MF788070.1	IncFII	IncFII	108756	4.5.6.7.21.3431	4	5	6	7	21	3431
RefSeq_NZ_MF918373.1	IncFII	IncFII	181928	4.5.6.7.7.65	4	5	6	7	7	65
RefSeq_NZ_MG288676.1	IncFII	IncFII	164731	3.6.7.9.200.1013	3	6	7	9	200	1013
RefSeq_NZ_MG288683.1	IncFII	IncFII	112063	4.5.6.7.9.2604	4	5	6	7	9	2604
RefSeq_NZ_MG288684.1	IncFII	IncFII	106790	4.5.6.7.20.3436	4	5	6	7	20	3436
RefSeq_NZ_MG462728.1	IncFII	IncFII	190059	3.6.7.9.10.3437	3	6	7	9	10	3437
RefSeq_NZ_MG462729.1	IncFII	IncFII	110787	4.5.6.8.32.1111	4	5	6	8	32	1111
RefSeq_NZ_MG702490.1	IncFII	IncFII	79613	3.6.7.9.14.3440	3	6	7	9	14	3440
RefSeq_NZ_MG702492.1	IncFII	IncFII	111890	4.5.6.7.20.1142	4	5	6	7	20	1142
RefSeq_NZ_MG736312.1	IncFII	IncFII	95983	3.6.7.9.10.3441	3	6	7	9	10	3441
RefSeq_NZ_MG878868.1	IncFII	IncFII	134950	4.5.6.7.21.1579	4	5	6	7	21	1579
RefSeq_NZ_MH192342.1	IncFII	IncFII	95734	4.5.6.7.21.1653	4	5	6	7	21	1653
RefSeq_NZ_MH255829.1	IncFII	IncFII	98684	4.5.6.7.9.3447	4	5	6	7	9	3447
RefSeq_NZ_MH316133.1	IncFII	IncFII	127734	4.5.6.7.9.3448	4	5	6	7	9	3448
RefSeq_NZ_MH316134.1	IncFII	IncFII	100935	4.5.6.7.9.3448	4	5	6	7	9	3448
RefSeq_NZ_MH316135.1	IncFII	IncFII	129455	4.5.6.7.9.3448	4	5	6	7	9	3448
RefSeq_NZ_MH316136.1	IncFII	IncFII	130794	4.5.6.7.9.3448	4	5	6	7	9	3448
RefSeq_NZ_MH341574.1	IncFII	IncFII	99493	4.5.6.7.7.3449	4	5	6	7	7	3449
RefSeq_NZ_MH454107.1	IncFII	IncFII	126384	4.5.6.7.7.3451	4	5	6	7	7	3451
RefSeq_NZ_MH464586.1	IncFII	IncFII	142993	4.5.6.7.11.1576	4	5	6	7	11	1576
RefSeq_NZ_MH523448.1	IncFII	IncFII	120614	3.6.7.9.200.1543	3	6	7	9	200	1543
RefSeq_NZ_MH569712.1	IncFII	IncFII	84849	3.6.7.20.462.3453	3	6	7	20	462	3453
RefSeq_NZ_MH643787.1	IncFII	IncFII	160209	4.5.6.7.11.3454	4	5	6	7	11	3454
RefSeq_NZ_MH643789.1	IncFII	IncFII	148749	4.5.6.7.11.1544	4	5	6	7	11	1544
RefSeq_NZ_MH643790.1	IncFII	IncFII	85185	4.5.6.7.21.1149	4	5	6	7	21	1149
RefSeq_NZ_MH643791.1	IncFII	IncFII	302845	3.6.7.9.10.3455	3	6	7	9	10	3455
RefSeq_NZ_MH643792.1	IncFII	IncFII	149033	4.5.6.7.9.1673	4	5	6	7	9	1673
RefSeq_NZ_MH909329.1	IncFII	IncFII	120182	3.6.7.9.200.2517	3	6	7	9	200	2517
RefSeq_NZ_MH909338.1	IncFII	IncFII	64018	4.5.6.7.20.3462	4	5	6	7	20	3462
RefSeq_NZ_MH909344.1	IncFII	IncFII	160312	4.5.6.7.7.3463	4	5	6	7	7	3463
RefSeq_NZ_MH909345.1	IncFII	IncFII	110786	4.5.6.8.32.1111	4	5	6	8	32	1111
RefSeq_NZ_MH917122.1	IncFII	IncFII	106201	4.5.6.7.21.3303	4	5	6	7	21	3303
RefSeq_NZ_MIDX01000005.1	IncFII	IncFII	12322	3.4.8.294.635.3464	3	4	8	294	635	3464
RefSeq_NZ_MIDX01000145.1	IncFII	IncFII	25982	3.6.7.9.632.3338	3	6	7	9	632	3338
RefSeq_NZ_MIDY01000144.1	IncFII	IncFII	25982	3.6.7.9.632.3338	3	6	7	9	632	3338
RefSeq_NZ_MIDY01000175.1	IncFII	IncFII	13639	3.4.8.294.635.3465	3	4	8	294	635	3465
RefSeq_NZ_MIDZ01000001.1	IncFII	IncFII	13639	3.4.8.294.635.3465	3	4	8	294	635	3465
RefSeq_NZ_MIDZ01000155.1	IncFII	IncFII	25991	3.6.7.9.632.3338	3	6	7	9	632	3338
RefSeq_NZ_MIEB01000124.1	IncFII	IncFII	33203	4.5.6.243.484.3340	4	5	6	243	484	3340
RefSeq_NZ_MIEB01000170.1	IncFII	IncFII	12040	3.4.8.294.635.3464	3	4	8	294	635	3464
RefSeq_NZ_MIEC01000117.1	IncFII	IncFII	48025	3.4.8.11.431.1243	3	4	8	11	431	1243
RefSeq_NZ_MIED01000098.1	IncFII	IncFII	48122	3.4.8.11.431.1243	3	4	8	11	431	1243
RefSeq_NZ_MIEE01000100.1	IncFII	IncFII	48122	3.4.8.11.431.1243	3	4	8	11	431	1243
RefSeq_NZ_MJDM01000045.1	IncFII	IncFII	205551	4.5.6.7.7.3468	4	5	6	7	7	3468
RefSeq_NZ_MK036886.1	IncFII	IncFII	136186	4.5.6.7.11.3472	4	5	6	7	11	3472
RefSeq_NZ_MK036887.1	IncFII	IncFII	92930	4.5.6.7.21.3473	4	5	6	7	21	3473
RefSeq_NZ_MK104259.1	IncFII	IncFII	131404	4.5.6.7.21.2895	4	5	6	7	21	2895
RefSeq_NZ_MK124610.1	IncFII	IncFII	171645	4.5.6.7.20.1779	4	5	6	7	20	1779
RefSeq_NZ_MK158080.1	IncFII	IncFII	95324	3.6.7.9.10.1491	3	6	7	9	10	1491
RefSeq_NZ_MK167987.1	IncFII	IncFII	156088	4.5.6.7.11.3476	4	5	6	7	11	3476
RefSeq_NZ_MK167989.1	IncFII	IncFII	153201	4.5.6.7.20.3477	4	5	6	7	20	3477
RefSeq_NZ_MK183753.1	IncFII	IncFII	105106	4.5.6.7.11.1050	4	5	6	7	11	1050
RefSeq_NZ_MK191023.1	IncFII	IncFII	105106	4.5.6.7.11.1050	4	5	6	7	11	1050
RefSeq_NZ_MK248692.1	IncFII	IncFII	64394	4.5.6.8.32.3478	4	5	6	8	32	3478
RefSeq_NZ_MK262711.1	IncFII	IncFII	91072	3.6.7.66.91.2161	3	6	7	66	91	2161
RefSeq_NZ_MK295818.1	IncFII	IncFII	129614	4.5.6.7.9.1349	4	5	6	7	9	1349
RefSeq_NZ_MK295820.1	IncFII	IncFII	112178	4.5.6.7.9.3479	4	5	6	7	9	3479
RefSeq_NZ_MK295821.1	IncFII	IncFII	129282	4.5.6.7.9.1041	4	5	6	7	9	1041
RefSeq_NZ_MK295822.1	IncFII	IncFII	102910	4.5.6.7.7.3480	4	5	6	7	7	3480
RefSeq_NZ_MK295823.1	IncFII	IncFII	141103	4.5.6.7.7.1279	4	5	6	7	7	1279
RefSeq_NZ_MK295825.1	IncFII	IncFII	144025	4.5.6.7.9.39	4	5	6	7	9	39
RefSeq_NZ_MK295826.1	IncFII	IncFII	99041	4.5.6.7.21.3481	4	5	6	7	21	3481
RefSeq_NZ_MK295830.1	IncFII	IncFII	135791	4.5.6.7.7.3482	4	5	6	7	7	3482
RefSeq_NZ_MK295831.1	IncFII	IncFII	133542	4.5.6.7.7.1279	4	5	6	7	7	1279
RefSeq_NZ_MK295833.1	IncFII	IncFII	128450	4.5.6.7.7.1279	4	5	6	7	7	1279
RefSeq_NZ_MK312242.1	IncFII	IncFII	119209	4.5.6.7.21.1624	4	5	6	7	21	1624
RefSeq_NZ_MK312244.1	IncFII	IncFII	118865	4.5.6.7.21.1624	4	5	6	7	21	1624
RefSeq_NZ_MK312245.1	IncFII	IncFII	119763	4.5.6.7.21.1624	4	5	6	7	21	1624
RefSeq_NZ_MK312246.1	IncFII	IncFII	120581	4.5.6.7.21.1624	4	5	6	7	21	1624
RefSeq_NZ_MK312247.1	IncFII	IncFII	118504	4.5.6.7.21.1624	4	5	6	7	21	1624
RefSeq_NZ_MK312248.1	IncFII	IncFII	120730	4.5.6.7.21.1624	4	5	6	7	21	1624
RefSeq_NZ_MK347425.1	IncFII	IncFII	121961	4.5.6.7.21.3483	4	5	6	7	21	3483
RefSeq_NZ_MK471334.1	IncFII	IncFII	111155	4.5.6.7.21.3491	4	5	6	7	21	3491
RefSeq_NZ_MK773536.1	IncFII	IncFII	134473	4.5.6.7.21.1079	4	5	6	7	21	1079
RefSeq_NZ_MK797990.1	IncFII	IncFII	166767	4.5.6.7.7.3495	4	5	6	7	7	3495
RefSeq_NZ_MK933278.1	IncFII	IncFII	110786	4.5.6.8.32.1111	4	5	6	8	32	1111
RefSeq_NZ_MN101857.1	IncFII	IncFII	92533	4.5.6.7.9.2054	4	5	6	7	9	2054
RefSeq_NZ_MN101858.1	IncFII	IncFII	284309	3.6.7.9.14.3499	3	6	7	9	14	3499
RefSeq_NZ_MN125607.1	IncFII	IncFII	58241	4.5.6.7.447.1056	4	5	6	7	447	1056
RefSeq_NZ_MN175388.1	IncFII	IncFII	86619	4.5.6.21.246.3501	4	5	6	21	246	3501
RefSeq_NZ_MN175502.1	IncFII	IncFII	196122	3.6.7.9.10.3502	3	6	7	9	10	3502
RefSeq_NZ_MN182747.1	IncFII	IncFII	68581	3.4.8.11.247.3504	3	4	8	11	247	3504
RefSeq_NZ_MN182748.1	IncFII	IncFII	83551	4.5.6.7.21.1149	4	5	6	7	21	1149
RefSeq_NZ_MN182750.1	IncFII	IncFII	265165	3.6.7.9.14.3505	3	6	7	9	14	3505
RefSeq_NZ_MN197360.1	IncFII	IncFII	130562	3.6.7.66.91.3506	3	6	7	66	91	3506
RefSeq_NZ_MN218686.1	IncFII	IncFII	153866	4.5.6.7.7.3507	4	5	6	7	7	3507
RefSeq_NZ_MN310380.1	IncFII	IncFII	164851	4.5.6.7.7.3510	4	5	6	7	7	3510
RefSeq_NZ_MN328348.1	IncFII	IncFII	119493	4.5.6.7.9.3511	4	5	6	7	9	3511
RefSeq_NZ_MN480461.1	IncFII	IncFII	175276	4.5.6.7.20.3512	4	5	6	7	20	3512
RefSeq_NZ_MN543570.1	IncFII	IncFII	140566	4.5.6.7.7.1658	4	5	6	7	7	1658
RefSeq_NZ_MN543573.1	IncFII	IncFII	216159	4.5.6.7.7.48	4	5	6	7	7	48
RefSeq_NZ_MN543577.1	IncFII	IncFII	216159	4.5.6.7.7.48	4	5	6	7	7	48
RefSeq_NZ_MN543580.1	IncFII	IncFII	125936	3.6.7.9.10.2703	3	6	7	9	10	2703
RefSeq_NZ_MN543583.1	IncFII	IncFII	125936	3.6.7.9.10.2703	3	6	7	9	10	2703
RefSeq_NZ_MN548433.1	IncFII	IncFII	99419	4.5.6.7.9.3514	4	5	6	7	9	3514
RefSeq_NZ_MN548434.1	IncFII	IncFII	124023	4.5.6.7.21.1253	4	5	6	7	21	1253
RefSeq_NZ_MN586817.1	IncFII	IncFII	91326	3.6.7.9.10.1491	3	6	7	9	10	1491
RefSeq_NZ_MN626601.1	IncFII	IncFII	91490	4.5.6.7.11.3408	4	5	6	7	11	3408
RefSeq_NZ_MN661403.1	IncFII	IncFII	119810	4.5.6.7.21.3516	4	5	6	7	21	3516
RefSeq_NZ_MN661404.1	IncFII	IncFII	107000	4.5.6.7.21.2921	4	5	6	7	21	2921
RefSeq_NZ_MN688131.1	IncFII	IncFII	103199	4.5.6.7.7.1438	4	5	6	7	7	1438
RefSeq_NZ_MN702385.1	IncFII	IncFII	68718	4.5.6.73.103.1591	4	5	6	73	103	1591
RefSeq_NZ_MN792917.1	IncFII	IncFII	103063	4.5.6.7.7.1438	4	5	6	7	7	1438
RefSeq_NZ_MN822124.1	IncFII	IncFII	118212	4.5.6.7.7.3423	4	5	6	7	7	3423
RefSeq_NZ_MN822125.1	IncFII	IncFII	71354	4.5.6.22.434.1429	4	5	6	22	434	1429
RefSeq_NZ_MN823985.1	IncFII	IncFII	108662	4.5.6.7.11.1050	4	5	6	7	11	1050
RefSeq_NZ_MN823989.1	IncFII	IncFII	145222	4.5.6.7.11.1127	4	5	6	7	11	1127
RefSeq_NZ_MN823993.1	IncFII	IncFII	70438	4.5.6.73.103.1272	4	5	6	73	103	1272
RefSeq_NZ_MN823994.1	IncFII	IncFII	32925	3.6.7.10.70.3519	3	6	7	10	70	3519
RefSeq_NZ_MN823996.1	IncFII	IncFII	64782	4.5.6.7.21.3520	4	5	6	7	21	3520
RefSeq_NZ_MN823997.1	IncFII	IncFII	194141	4.5.6.7.7.65	4	5	6	7	7	65
RefSeq_NZ_MN823998.1	IncFII	IncFII	173610	4.5.6.7.7.55	4	5	6	7	7	55
RefSeq_NZ_MN823999.1	IncFII	IncFII	183189	4.5.6.7.7.65	4	5	6	7	7	65
RefSeq_NZ_MN824000.1	IncFII	IncFII	187052	3.6.7.9.10.1685	3	6	7	9	10	1685
RefSeq_NZ_MN824001.1	IncFII	IncFII	79463	4.5.6.7.20.1696	4	5	6	7	20	1696
RefSeq_NZ_MN824002.1	IncFII	IncFII	229479	3.6.7.9.14.1695	3	6	7	9	14	1695
RefSeq_NZ_MN832595.1	IncFII	IncFII	120427	4.5.6.7.11.3521	4	5	6	7	11	3521
RefSeq_NZ_MN842292.1	IncFII	IncFII	142041	4.5.6.7.30.3522	4	5	6	7	30	3522
RefSeq_NZ_MN842293.1	IncFII	IncFII	185726	4.5.6.7.7.48	4	5	6	7	7	48
RefSeq_NZ_MN865122.1	IncFII	IncFII	89602	4.5.6.7.11.1840	4	5	6	7	11	1840
RefSeq_NZ_MN891675.1	IncFII	IncFII	201841	3.6.7.9.10.1328	3	6	7	9	10	1328
RefSeq_NZ_MN891677.1	IncFII	IncFII	142244	4.5.6.7.21.1490	4	5	6	7	21	1490
RefSeq_NZ_MN891679.1	IncFII	IncFII	142244	4.5.6.7.7.3528	4	5	6	7	7	3528
RefSeq_NZ_MN891681.1	IncFII	IncFII	115744	4.5.6.7.11.1794	4	5	6	7	11	1794
RefSeq_NZ_MN891683.1	IncFII	IncFII	119921	4.5.6.7.21.3303	4	5	6	7	21	3303
RefSeq_NZ_MN891684.1	IncFII	IncFII	115489	4.5.6.7.30.3530	4	5	6	7	30	3530
RefSeq_NZ_MN922301.1	IncFII	IncFII	271781	4.5.6.7.20.1454	4	5	6	7	20	1454
RefSeq_NZ_MNCK01000027.1	IncFII	IncFII	61712	4.5.6.7.21.1777	4	5	6	7	21	1777
RefSeq_NZ_MOLX01000059.1	IncFII	IncFII	8177	3.6.7.9.655.3534	3	6	7	9	655	3534
RefSeq_NZ_MSDR01000148.1	IncFII	IncFII	13452	4.5.6.301.656.3535	4	5	6	301	656	3535
RefSeq_NZ_MT035876.1	IncFII	IncFII	87095	4.5.6.7.21.1149	4	5	6	7	21	1149
RefSeq_NZ_MT039185.1	IncFII	IncFII	68570	3.6.7.9.10.3538	3	6	7	9	10	3538
RefSeq_NZ_MT039201.1	IncFII	IncFII	72229	3.6.7.66.91.3539	3	6	7	66	91	3539
RefSeq_NZ_MT039219.1	IncFII	IncFII	70304	4.5.6.7.21.3540	4	5	6	7	21	3540
RefSeq_NZ_MT039227.1	IncFII	IncFII	74532	4.5.6.7.21.3541	4	5	6	7	21	3541
RefSeq_NZ_MT066418.1	IncFII	IncFII	138959	4.5.6.7.11.2349	4	5	6	7	11	2349
RefSeq_NZ_MT074086.1	IncFII	IncFII	184801	3.6.7.9.200.3542	3	6	7	9	200	3542
RefSeq_NZ_MT074415.1	IncFII	IncFII	53736	3.6.7.66.91.2670	3	6	7	66	91	2670
RefSeq_NZ_MT077882.1	IncFII	IncFII	115678	3.6.7.9.10.1274	3	6	7	9	10	1274
RefSeq_NZ_MT090958.1	IncFII	IncFII	182326	3.6.7.9.14.3024	3	6	7	9	14	3024
RefSeq_NZ_MT090960.1	IncFII	IncFII	84699	4.5.6.7.21.1149	4	5	6	7	21	1149
RefSeq_NZ_MT108206.1	IncFII	IncFII	86625	4.5.6.7.11.3544	4	5	6	7	11	3544
RefSeq_NZ_MT108207.1	IncFII	IncFII	111536	4.5.6.7.30.2944	4	5	6	7	30	2944
RefSeq_NZ_MT108210.1	IncFII	IncFII	119434	4.5.6.7.11.3545	4	5	6	7	11	3545
RefSeq_NZ_MT108211.1	IncFII	IncFII	57875	4.5.6.7.11.3546	4	5	6	7	11	3546
RefSeq_NZ_MT108213.1	IncFII	IncFII	142242	4.5.6.7.7.3528	4	5	6	7	7	3528
RefSeq_NZ_MT129535.1	IncFII	IncFII	111828	4.5.6.7.21.58	4	5	6	7	21	58
RefSeq_NZ_MT230416.1	IncFII	IncFII	42617	4.5.6.224.423.3556	4	5	6	224	423	3556
RefSeq_NZ_MT265678.1	IncFII	IncFII	162118	4.5.6.7.20.3557	4	5	6	7	20	3557
RefSeq_NZ_MT269821.1	IncFII	IncFII	92603	4.5.6.7.30.3558	4	5	6	7	30	3558
RefSeq_NZ_MT269823.1	IncFII	IncFII	145558	4.5.6.7.11.3559	4	5	6	7	11	3559
RefSeq_NZ_MT269824.1	IncFII	IncFII	145558	4.5.6.7.11.3559	4	5	6	7	11	3559
RefSeq_NZ_MT269826.1	IncFII	IncFII	93952	4.5.6.7.11.1050	4	5	6	7	11	1050
RefSeq_NZ_MT269837.1	IncFII	IncFII	107032	4.5.6.7.11.1050	4	5	6	7	11	1050
RefSeq_NZ_MT269844.1	IncFII	IncFII	144867	4.5.6.7.20.3560	4	5	6	7	20	3560
RefSeq_NZ_MT269845.1	IncFII	IncFII	138950	4.5.6.7.11.1794	4	5	6	7	11	1794
RefSeq_NZ_MT269849.1	IncFII	IncFII	239793	3.6.7.9.10.2032	3	6	7	9	10	2032
RefSeq_NZ_MT269850.1	IncFII	IncFII	84774	4.5.6.7.9.3561	4	5	6	7	9	3561
RefSeq_NZ_MT269851.1	IncFII	IncFII	193981	3.6.7.9.10.3562	3	6	7	9	10	3562
RefSeq_NZ_MT316510.1	IncFII	IncFII	107661	3.6.7.9.10.3563	3	6	7	9	10	3563
RefSeq_NZ_MT415054.1	IncFII	IncFII	97682	4.5.6.7.20.1466	4	5	6	7	20	1466
RefSeq_NZ_MT415055.1	IncFII	IncFII	97658	4.5.6.7.20.1466	4	5	6	7	20	1466
RefSeq_NZ_MT415056.1	IncFII	IncFII	76840	4.5.6.7.20.1466	4	5	6	7	20	1466
RefSeq_NZ_MT439326.1	IncFII	IncFII	199248	3.6.7.9.10.948	3	6	7	9	10	948
RefSeq_NZ_MT439327.1	IncFII	IncFII	189780	3.6.7.9.200.949	3	6	7	9	200	949
RefSeq_NZ_MT550691.1	IncFII	IncFII	77551	4.5.6.7.21.2245	4	5	6	7	21	2245
RefSeq_NZ_MT560072.1	IncFII	IncFII	209317	4.5.6.7.7.48	4	5	6	7	7	48
RefSeq_NZ_MT560073.1	IncFII	IncFII	98806	4.5.6.7.20.2555	4	5	6	7	20	2555
RefSeq_NZ_MT560075.1	IncFII	IncFII	115525	4.5.6.7.11.49	4	5	6	7	11	49
RefSeq_NZ_MT560078.1	IncFII	IncFII	114360	4.5.6.7.11.49	4	5	6	7	11	49
RefSeq_NZ_MT571488.1	IncFII	IncFII	136244	4.5.6.7.21.3566	4	5	6	7	21	3566
RefSeq_NZ_MT635909.1	IncFII	IncFII	87565	4.5.6.7.21.3567	4	5	6	7	21	3567
RefSeq_NZ_MT647837.1	IncFII	IncFII	71723	3.6.7.9.200.3568	3	6	7	9	200	3568
RefSeq_NZ_MT648513.1	IncFII	IncFII	129869	4.5.6.7.21.1583	4	5	6	7	21	1583
RefSeq_NZ_MT809692.1	IncFII	IncFII	72483	4.5.6.7.20.3571	4	5	6	7	20	3571
RefSeq_NZ_MT809694.1	IncFII	IncFII	113130	4.5.6.7.11.49	4	5	6	7	11	49
RefSeq_NZ_MT809695.1	IncFII	IncFII	113648	4.5.6.7.11.49	4	5	6	7	11	49
RefSeq_NZ_MT809697.1	IncFII	IncFII	113652	4.5.6.7.11.49	4	5	6	7	11	49
RefSeq_NZ_MT809698.1	IncFII	IncFII	72432	4.5.6.7.20.3571	4	5	6	7	20	3571
RefSeq_NZ_MT809699.1	IncFII	IncFII	109606	4.5.6.7.21.58	4	5	6	7	21	58
RefSeq_NZ_MT809700.1	IncFII	IncFII	113531	4.5.6.7.11.49	4	5	6	7	11	49
RefSeq_NZ_MT809701.1	IncFII	IncFII	115662	4.5.6.7.11.49	4	5	6	7	11	49
RefSeq_NZ_MT810352.1	IncFII	IncFII	76854	4.5.6.7.20.3572	4	5	6	7	20	3572
RefSeq_NZ_MT810354.1	IncFII	IncFII	173280	4.5.6.7.21.1651	4	5	6	7	21	1651
RefSeq_NZ_MT810355.1	IncFII	IncFII	104465	4.5.6.7.9.3573	4	5	6	7	9	3573
RefSeq_NZ_MT810356.1	IncFII	IncFII	145209	4.5.6.7.21.1651	4	5	6	7	21	1651
RefSeq_NZ_MT810357.1	IncFII	IncFII	128588	4.5.6.7.21.1624	4	5	6	7	21	1624
RefSeq_NZ_MT810358.1	IncFII	IncFII	129274	4.5.6.7.21.1624	4	5	6	7	21	1624
RefSeq_NZ_MT810359.1	IncFII	IncFII	108236	4.5.6.7.7.1617	4	5	6	7	7	1617
RefSeq_NZ_MT810363.1	IncFII	IncFII	100883	4.5.6.7.21.2767	4	5	6	7	21	2767
RefSeq_NZ_MT810364.1	IncFII	IncFII	105915	4.5.6.7.11.1050	4	5	6	7	11	1050
RefSeq_NZ_MT810365.1	IncFII	IncFII	112814	4.5.6.59.494.3574	4	5	6	59	494	3574
RefSeq_NZ_MT810366.1	IncFII	IncFII	131621	4.5.6.7.30.3575	4	5	6	7	30	3575
RefSeq_NZ_MT810368.1	IncFII	IncFII	133110	4.5.6.7.7.3576	4	5	6	7	7	3576
RefSeq_NZ_MT810369.1	IncFII	IncFII	115305	4.5.6.7.9.2554	4	5	6	7	9	2554
RefSeq_NZ_MT810370.1	IncFII	IncFII	94490	4.5.6.7.21.1821	4	5	6	7	21	1821
RefSeq_NZ_MT810371.1	IncFII	IncFII	85182	4.5.6.7.20.3577	4	5	6	7	20	3577
RefSeq_NZ_MT810372.1	IncFII	IncFII	124760	4.5.6.7.21.1651	4	5	6	7	21	1651
RefSeq_NZ_MT810376.1	IncFII	IncFII	91216	4.5.6.7.11.3578	4	5	6	7	11	3578
RefSeq_NZ_MT813035.1	IncFII	IncFII	102569	4.5.6.7.21.2747	4	5	6	7	21	2747
RefSeq_NZ_MT813036.1	IncFII	IncFII	121996	4.5.6.7.21.3483	4	5	6	7	21	3483
RefSeq_NZ_MT815555.1	IncFII	IncFII	121336	3.6.7.9.200.3579	3	6	7	9	200	3579
RefSeq_NZ_MT840283.1	IncFII	IncFII	134805	3.6.7.9.10.1638	3	6	7	9	10	1638
RefSeq_NZ_MT875328.1	IncFII	IncFII	148760	4.5.6.7.11.1794	4	5	6	7	11	1794
RefSeq_NZ_MT920902.1	IncFII	IncFII	107449	4.5.6.7.21.3584	4	5	6	7	21	3584
RefSeq_NZ_MT920904.1	IncFII	IncFII	73507	4.5.6.7.21.3585	4	5	6	7	21	3585
RefSeq_NZ_MT920905.1	IncFII	IncFII	153841	4.5.6.7.21.1651	4	5	6	7	21	1651
RefSeq_NZ_MT955362.1	IncFII	IncFII	93504	4.5.6.7.11.1050	4	5	6	7	11	1050
RefSeq_NZ_MTZW01000104.1	IncFII	IncFII	12322	3.4.8.294.635.3464	3	4	8	294	635	3464
RefSeq_NZ_MTZX01000102.1	IncFII	IncFII	12322	3.4.8.294.635.3464	3	4	8	294	635	3464
RefSeq_NZ_MTZY01000103.1	IncFII	IncFII	12322	3.4.8.294.635.3464	3	4	8	294	635	3464
RefSeq_NZ_MTZZ01000068.1	IncFII	IncFII	25982	3.6.7.9.632.3338	3	6	7	9	632	3338
RefSeq_NZ_MTZZ01000103.1	IncFII	IncFII	12322	3.4.8.294.635.3464	3	4	8	294	635	3464
RefSeq_NZ_MUMM01000086.1	IncFII	IncFII	29536	3.6.7.9.10.3586	3	6	7	9	10	3586
RefSeq_NZ_MUMM01000102.1	IncFII	IncFII	29506	4.5.6.59.78.3587	4	5	6	59	78	3587
RefSeq_NZ_MUMN01000065.1	IncFII	IncFII	71702	4.5.6.7.21.3588	4	5	6	7	21	3588
RefSeq_NZ_MUMN01000080.1	IncFII	IncFII	29122	4.5.6.21.498.3589	4	5	6	21	498	3589
RefSeq_NZ_MUMO01000085.1	IncFII	IncFII	61708	4.5.6.7.11.3590	4	5	6	7	11	3590
RefSeq_NZ_MUMP01000098.1	IncFII	IncFII	21547	4.5.6.7.659.3591	4	5	6	7	659	3591
RefSeq_NZ_MUMP01000104.1	IncFII	IncFII	40813	4.5.6.22.622.3592	4	5	6	22	622	3592
RefSeq_NZ_MUMQ01000091.1	IncFII	IncFII	29017	4.5.6.7.21.3173	4	5	6	7	21	3173
RefSeq_NZ_MUMQ01000111.1	IncFII	IncFII	40163	4.5.6.21.246.3593	4	5	6	21	246	3593
RefSeq_NZ_MUMR01000089.1	IncFII	IncFII	30241	3.6.7.9.10.3586	3	6	7	9	10	3586
RefSeq_NZ_MUMR01000107.1	IncFII	IncFII	40872	4.5.6.21.246.3593	4	5	6	21	246	3593
RefSeq_NZ_MUMS01000022.1	IncFII	IncFII	92255	4.5.6.7.21.58	4	5	6	7	21	58
RefSeq_NZ_MUMT01000029.1	IncFII	IncFII	70687	4.5.6.7.20.3594	4	5	6	7	20	3594
RefSeq_NZ_MUMT01000037.1	IncFII	IncFII	66691	4.5.6.7.30.3595	4	5	6	7	30	3595
RefSeq_NZ_MUMU01000034.1	IncFII	IncFII	66858	4.5.6.7.30.3595	4	5	6	7	30	3595
RefSeq_NZ_MUMU01000038.1	IncFII	IncFII	30279	3.6.7.9.10.3586	3	6	7	9	10	3586
RefSeq_NZ_MUMV01000092.1	IncFII	IncFII	29019	3.6.7.9.10.3586	3	6	7	9	10	3586
RefSeq_NZ_MUMV01000108.1	IncFII	IncFII	65628	4.5.6.7.21.3596	4	5	6	7	21	3596
RefSeq_NZ_MUMW01000037.1	IncFII	IncFII	26894	4.5.6.7.11.3597	4	5	6	7	11	3597
RefSeq_NZ_MUMX01000054.1	IncFII	IncFII	7779	4.5.6.302.660.3598	4	5	6	302	660	3598
RefSeq_NZ_MUMX01000062.1	IncFII	IncFII	5712	4.5.6.303.661.3599	4	5	6	303	661	3599
RefSeq_NZ_MW057772.1	IncFII	IncFII	142829	4.5.6.7.21.1420	4	5	6	7	21	1420
RefSeq_NZ_MW191860.1	IncFII	IncFII	141603	4.5.6.7.11.1794	4	5	6	7	11	1794
RefSeq_NZ_MW218143.1	IncFII	IncFII	146878	4.5.6.7.9.1673	4	5	6	7	9	1673
RefSeq_NZ_MW245022.1	IncFII	IncFII	45103	4.5.6.7.21.3604	4	5	6	7	21	3604
RefSeq_NZ_MW298654.1	IncFII	IncFII	66894	4.5.6.73.103.1591	4	5	6	73	103	1591
RefSeq_NZ_MW298658.1	IncFII	IncFII	70625	4.5.6.73.103.1591	4	5	6	73	103	1591
RefSeq_NZ_MW363911.1	IncFII	IncFII	118156	4.5.6.7.21.3605	4	5	6	7	21	3605
RefSeq_NZ_MW363913.1	IncFII	IncFII	176549	4.5.6.7.20.3606	4	5	6	7	20	3606
RefSeq_NZ_MW363914.1	IncFII	IncFII	107192	4.5.6.7.21.58	4	5	6	7	21	58
RefSeq_NZ_MW363916.1	IncFII	IncFII	124439	4.5.6.7.21.3605	4	5	6	7	21	3605
RefSeq_NZ_MW363917.1	IncFII	IncFII	113614	4.5.6.7.21.58	4	5	6	7	21	58
RefSeq_NZ_MW405382.1	IncFII	IncFII	100030	3.6.7.9.14.1359	3	6	7	9	14	1359
RefSeq_NZ_MW465706.1	IncFII	IncFII	98788	4.5.6.7.21.3614	4	5	6	7	21	3614
RefSeq_NZ_MW478298.1	IncFII	IncFII	148977	4.5.6.7.11.2261	4	5	6	7	11	2261
RefSeq_NZ_MW581616.1	IncFII	IncFII	87679	4.5.6.7.20.1191	4	5	6	7	20	1191
RefSeq_NZ_MW598248.1	IncFII	IncFII	182593	4.5.6.7.7.1834	4	5	6	7	7	1834
RefSeq_NZ_MW645357.1	IncFII	IncFII	107523	3.6.7.9.10.2215	3	6	7	9	10	2215
RefSeq_NZ_MW646300.1	IncFII	IncFII	128593	4.5.6.7.9.1349	4	5	6	7	9	1349
RefSeq_NZ_MW646301.1	IncFII	IncFII	73044	4.5.6.7.11.3618	4	5	6	7	11	3618
RefSeq_NZ_MW650887.1	IncFII	IncFII	238655	4.5.6.7.7.1502	4	5	6	7	7	1502
RefSeq_NZ_MW650888.1	IncFII	IncFII	203550	4.5.6.7.7.48	4	5	6	7	7	48
RefSeq_NZ_MW650890.1	IncFII	IncFII	113657	4.5.6.7.11.49	4	5	6	7	11	49
RefSeq_NZ_MW650891.1	IncFII	IncFII	204515	4.5.6.7.7.1502	4	5	6	7	7	1502
RefSeq_NZ_MW940621.1	IncFII	IncFII	78159	4.5.6.7.482.2404	4	5	6	7	482	2404
RefSeq_NZ_MZ156797.1	IncFII	IncFII	185862	3.6.7.9.10.3366	3	6	7	9	10	3366
RefSeq_NZ_MZ156798.1	IncFII	IncFII	359625	3.6.7.9.10.2032	3	6	7	9	10	2032
RefSeq_NZ_MZ156800.1	IncFII	IncFII	175647	4.5.6.7.7.1434	4	5	6	7	7	1434
RefSeq_NZ_MZ342958.1	IncFII	IncFII	87232	4.5.6.7.9.1911	4	5	6	7	9	1911
RefSeq_NZ_MZ367886.1	IncFII	IncFII	170727	3.6.7.9.238.1162	3	6	7	9	238	1162
RefSeq_NZ_MZ398018.1	IncFII	IncFII	193645	4.5.6.7.7.1345	4	5	6	7	7	1345
RefSeq_NZ_MZ475695.1	IncFII	IncFII	143738	3.6.7.9.14.2335	3	6	7	9	14	2335
RefSeq_NZ_MZ475696.1	IncFII	IncFII	121721	3.6.7.9.10.3623	3	6	7	9	10	3623
RefSeq_NZ_MZ475698.1	IncFII	IncFII	114278	4.5.6.7.11.1050	4	5	6	7	11	1050
RefSeq_NZ_MZ475699.1	IncFII	IncFII	314729	4.5.6.7.7.2542	4	5	6	7	7	2542
RefSeq_NZ_MZ475702.1	IncFII	IncFII	110080	4.5.6.7.21.3303	4	5	6	7	21	3303
RefSeq_NZ_MZ475708.1	IncFII	IncFII	138695	3.6.7.9.10.1951	3	6	7	9	10	1951
RefSeq_NZ_MZ475710.1	IncFII	IncFII	112901	4.5.6.7.21.3303	4	5	6	7	21	3303
RefSeq_NZ_MZ513634.1	IncFII	IncFII	135152	4.5.6.7.11.3624	4	5	6	7	11	3624
RefSeq_NZ_MZ546615.1	IncFII	IncFII	126203	4.5.6.7.21.1651	4	5	6	7	21	1651
RefSeq_NZ_MZ606380.1	IncFII	IncFII	69171	4.5.6.7.20.3571	4	5	6	7	20	3571
RefSeq_NZ_MZ606382.1	IncFII	IncFII	69857	4.5.6.7.20.3571	4	5	6	7	20	3571
RefSeq_NZ_MZ634322.1	IncFII	IncFII	106909	4.5.6.7.7.1032	4	5	6	7	7	1032
RefSeq_NZ_MZ634323.1	IncFII	IncFII	126514	4.5.6.7.21.1420	4	5	6	7	21	1420
RefSeq_NZ_MZ634324.1	IncFII	IncFII	131080	4.5.6.7.9.1349	4	5	6	7	9	1349
RefSeq_NZ_MZ634325.1	IncFII	IncFII	144582	4.5.6.7.9.1349	4	5	6	7	9	1349
RefSeq_NZ_MZ634326.1	IncFII	IncFII	116543	4.5.6.7.7.3625	4	5	6	7	7	3625
RefSeq_NZ_MZ690484.1	IncFII	IncFII	204284	3.6.7.9.200.949	3	6	7	9	200	949
RefSeq_NZ_MZ709016.1	IncFII	IncFII	127668	4.5.6.7.21.1583	4	5	6	7	21	1583
RefSeq_NZ_MZ726784.1	IncFII	IncFII	81246	4.5.6.7.7.3627	4	5	6	7	7	3627
RefSeq_NZ_MZ726787.1	IncFII	IncFII	77047	4.5.6.7.21.3628	4	5	6	7	21	3628
RefSeq_NZ_MZ750393.1	IncFII	IncFII	106552	4.5.6.7.7.1438	4	5	6	7	7	1438
RefSeq_NZ_MZ750395.1	IncFII	IncFII	338262	3.6.7.10.70.1492	3	6	7	10	70	1492
RefSeq_NZ_MZ750396.1	IncFII	IncFII	106544	4.5.6.7.7.1438	4	5	6	7	7	1438
RefSeq_NZ_MZ750397.1	IncFII	IncFII	107304	4.5.6.7.7.1438	4	5	6	7	7	1438
RefSeq_NZ_MZ750398.1	IncFII	IncFII	103092	4.5.6.7.7.1438	4	5	6	7	7	1438
RefSeq_NZ_MZ753460.1	IncFII	IncFII	138583	3.6.7.9.10.3629	3	6	7	9	10	3629
RefSeq_NZ_MZ836802.1	IncFII	IncFII	157576	3.6.7.9.10.3632	3	6	7	9	10	3632
RefSeq_NZ_MZ855469.1	IncFII	IncFII	103126	4.5.6.7.7.1438	4	5	6	7	7	1438
RefSeq_NZ_MZ857202.1	IncFII	IncFII	86619	4.5.6.21.246.3501	4	5	6	21	246	3501
RefSeq_NZ_NBOH01000052.1	IncFII	IncFII	70039	4.5.6.7.21.3170	4	5	6	7	21	3170
RefSeq_NZ_NBOI01000039.1	IncFII	IncFII	70039	3.6.7.9.10.3235	3	6	7	9	10	3235
RefSeq_NZ_NBOP01000105.1	IncFII	IncFII	44421	3.6.7.9.10.3207	3	6	7	9	10	3207
RefSeq_NZ_NCTN01000003.1	IncFII	IncFII	330476	4.5.6.7.7.1501	4	5	6	7	7	1501
RefSeq_NZ_NHMW01000037.1	IncFII	IncFII	48122	3.4.8.11.431.1243	3	4	8	11	431	1243
RefSeq_NZ_NHMX01000036.1	IncFII	IncFII	48122	3.4.8.11.431.1243	3	4	8	11	431	1243
RefSeq_NZ_NHMY01000036.1	IncFII	IncFII	48122	3.4.8.11.431.1243	3	4	8	11	431	1243
RefSeq_NZ_NHMZ01000037.1	IncFII	IncFII	48161	3.4.8.11.431.1243	3	4	8	11	431	1243
RefSeq_NZ_NHNA01000035.1	IncFII	IncFII	48122	3.4.8.11.431.1243	3	4	8	11	431	1243
RefSeq_NZ_NHNB01000033.1	IncFII	IncFII	48500	3.4.8.11.431.1243	3	4	8	11	431	1243
RefSeq_NZ_NHNC01000035.1	IncFII	IncFII	48500	3.4.8.11.431.1243	3	4	8	11	431	1243
RefSeq_NZ_NHND01000034.1	IncFII	IncFII	48626	3.4.8.11.431.1243	3	4	8	11	431	1243
RefSeq_NZ_NHNE01000035.1	IncFII	IncFII	48838	3.4.8.11.431.1243	3	4	8	11	431	1243
RefSeq_NZ_NHYH01000039.1	IncFII	IncFII	48122	3.4.8.11.431.1243	3	4	8	11	431	1243
RefSeq_NZ_NHYI01000033.1	IncFII	IncFII	48122	3.4.8.11.431.1243	3	4	8	11	431	1243
RefSeq_NZ_NHYJ01000039.1	IncFII	IncFII	48122	3.4.8.11.431.1243	3	4	8	11	431	1243
RefSeq_NZ_NJBC01000001.1	IncFII	IncFII	75035	3.6.7.9.286.3634	3	6	7	9	286	3634
RefSeq_NZ_NNCC01000031.1	IncFII	IncFII	46440	3.6.7.9.10.3635	3	6	7	9	10	3635
RefSeq_NZ_NTCW01000077.1	IncFII	IncFII	65332	3.6.7.9.10.3235	3	6	7	9	10	3235
RefSeq_NZ_NTGK01000107.1	IncFII	IncFII	16976	3.6.7.304.662.3638	3	6	7	304	662	3638
RefSeq_NZ_NTHT01000079.1	IncFII	IncFII	63562	3.6.7.9.10.2344	3	6	7	9	10	2344
RefSeq_NZ_NTHV01000036.1	IncFII	IncFII	21999	4.5.6.18.460.3640	4	5	6	18	460	3640
RefSeq_NZ_NTHW02000076.1	IncFII	IncFII	57793	3.6.7.9.10.3235	3	6	7	9	10	3235
RefSeq_NZ_NXFM01000042.1	IncFII	IncFII	18330	3.6.7.305.663.3641	3	6	7	305	663	3641
RefSeq_NZ_NXFM01000043.1	IncFII	IncFII	18048	4.5.6.271.587.3116	4	5	6	271	587	3116
RefSeq_NZ_NXFM01000063.1	IncFII	IncFII	3808	4.5.6.270.586.3642	4	5	6	270	586	3642
RefSeq_NZ_OK264410.1	IncFII	IncFII	148393	4.5.6.7.21.3182	4	5	6	7	21	3182
RefSeq_NZ_OK605583.1	IncFII	IncFII	78319	4.5.6.7.9.2202	4	5	6	7	9	2202
RefSeq_NZ_OL348379.1	IncFII	IncFII	352485	3.4.8.11.13.3643	3	4	8	11	13	3643
RefSeq_NZ_OL348380.1	IncFII	IncFII	225165	3.6.7.48.65.3644	3	6	7	48	65	3644
RefSeq_NZ_OL348381.1	IncFII	IncFII	71532	3.6.7.9.200.2522	3	6	7	9	200	2522
RefSeq_NZ_OL744330.1	IncFII	IncFII	87294	4.5.6.7.21.3645	4	5	6	7	21	3645
RefSeq_NZ_OL804387.1	IncFII	IncFII	95192	3.6.7.66.91.2161	3	6	7	66	91	2161
RefSeq_NZ_OL804388.1	IncFII	IncFII	111364	3.6.7.66.91.2524	3	6	7	66	91	2524
RefSeq_NZ_OL804389.1	IncFII	IncFII	122033	4.5.6.7.21.3483	4	5	6	7	21	3483
RefSeq_NZ_OL804390.1	IncFII	IncFII	251130	3.6.7.9.90.3646	3	6	7	9	90	3646
RefSeq_NZ_OL804391.1	IncFII	IncFII	98364	3.6.7.9.10.3647	3	6	7	9	10	3647
RefSeq_NZ_OL804392.1	IncFII	IncFII	83674	4.5.6.7.20.3648	4	5	6	7	20	3648
RefSeq_NZ_OL804393.1	IncFII	IncFII	83452	4.5.6.7.20.3649	4	5	6	7	20	3649
RefSeq_NZ_OL828742.1	IncFII	IncFII	128222	4.5.6.7.21.1490	4	5	6	7	21	1490
RefSeq_NZ_OL828744.1	IncFII	IncFII	110786	4.5.6.8.32.1111	4	5	6	8	32	1111
RefSeq_NZ_OL891651.1	IncFII	IncFII	231223	3.6.7.9.10.2032	3	6	7	9	10	2032
RefSeq_NZ_OL891652.1	IncFII	IncFII	100658	4.5.6.7.7.3650	4	5	6	7	7	3650
RefSeq_NZ_OL891656.1	IncFII	IncFII	105404	4.5.6.7.7.3650	4	5	6	7	7	3650
RefSeq_NZ_OL964515.1	IncFII	IncFII	204092	3.6.7.9.200.2000	3	6	7	9	200	2000
RefSeq_NZ_OL988824.1	IncFII	IncFII	110709	4.5.6.8.32.1111	4	5	6	8	32	1111
RefSeq_NZ_OM048934.1	IncFII	IncFII	118931	4.5.6.7.21.3651	4	5	6	7	21	3651
RefSeq_NZ_OM144977.1	IncFII	IncFII	172743	4.5.6.7.9.1673	4	5	6	7	9	1673
RefSeq_NZ_OM146019.1	IncFII	IncFII	143038	4.5.6.7.21.2528	4	5	6	7	21	2528
RefSeq_NZ_OM311153.1	IncFII	IncFII	97856	3.6.7.66.91.2524	3	6	7	66	91	2524
RefSeq_NZ_OM489426.1	IncFII	IncFII	136308	4.5.6.7.21.3652	4	5	6	7	21	3652
RefSeq_NZ_OM489431.1	IncFII	IncFII	114467	4.5.6.7.20.1669	4	5	6	7	20	1669
RefSeq_NZ_OM791347.1	IncFII	IncFII	83447	4.5.6.7.21.2711	4	5	6	7	21	2711
RefSeq_NZ_OM928503.1	IncFII	IncFII	109901	4.5.6.7.11.2409	4	5	6	7	11	2409
RefSeq_NZ_OM975891.1	IncFII	IncFII	238515	3.6.7.9.10.2032	3	6	7	9	10	2032
RefSeq_NZ_OM975893.1	IncFII	IncFII	130295	4.5.6.7.7.3205	4	5	6	7	7	3205
RefSeq_NZ_ON002622.2	IncFII	IncFII	256078	4.5.6.7.7.1501	4	5	6	7	7	1501
RefSeq_NZ_ON002623.2	IncFII	IncFII	113639	4.5.6.7.11.49	4	5	6	7	11	49
RefSeq_NZ_ON081620.1	IncFII	IncFII	114524	4.5.6.7.21.58	4	5	6	7	21	58
RefSeq_NZ_ON081622.1	IncFII	IncFII	113640	4.5.6.7.21.58	4	5	6	7	21	58
RefSeq_NZ_ON111451.1	IncFII	IncFII	124154	4.5.6.7.20.3656	4	5	6	7	20	3656
RefSeq_NZ_ON209143.1	IncFII	IncFII	79773	4.5.6.7.21.3567	4	5	6	7	21	3567
RefSeq_NZ_ON209376.1	IncFII	IncFII	93814	4.5.6.7.11.1050	4	5	6	7	11	1050
RefSeq_NZ_ON324203.1	IncFII	IncFII	104002	4.5.6.7.21.2156	4	5	6	7	21	2156
RefSeq_NZ_ON843497.1	IncFII	IncFII	135720	4.5.6.7.21.1579	4	5	6	7	21	1579
RefSeq_NZ_ON882015.1	IncFII	IncFII	129910	4.5.6.7.21.3661	4	5	6	7	21	3661
RefSeq_NZ_OP006451.1	IncFII	IncFII	136951	4.5.6.7.7.1617	4	5	6	7	7	1617
RefSeq_NZ_OP038277.1	IncFII	IncFII	80134	4.5.6.7.9.1926	4	5	6	7	9	1926
RefSeq_NZ_OP038284.1	IncFII	IncFII	76702	4.5.6.7.9.2914	4	5	6	7	9	2914
RefSeq_NZ_OP038293.1	IncFII	IncFII	80145	4.5.6.7.9.1926	4	5	6	7	9	1926
RefSeq_NZ_OP038301.1	IncFII	IncFII	80127	4.5.6.7.9.1926	4	5	6	7	9	1926
RefSeq_NZ_OP066426.1	IncFII	IncFII	93973	3.6.7.9.10.1747	3	6	7	9	10	1747
RefSeq_NZ_OP156879.1	IncFII	IncFII	115804	3.6.7.9.10.1274	3	6	7	9	10	1274
RefSeq_NZ_OP242215.1	IncFII	IncFII	156112	3.6.7.9.10.1268	3	6	7	9	10	1268
RefSeq_NZ_OP242242.1	IncFII	IncFII	78662	4.5.6.7.9.3665	4	5	6	7	9	3665
RefSeq_NZ_OP242256.1	IncFII	IncFII	125325	4.5.6.7.11.2018	4	5	6	7	11	2018
RefSeq_NZ_OP242282.1	IncFII	IncFII	127536	4.5.6.7.9.1349	4	5	6	7	9	1349
RefSeq_NZ_OP242283.1	IncFII	IncFII	139721	3.6.7.9.10.3667	3	6	7	9	10	3667
RefSeq_NZ_OP378607.1	IncFII	IncFII	156672	3.6.7.9.10.11	3	6	7	9	10	11
RefSeq_NZ_OP378614.1	IncFII	IncFII	66871	4.5.6.73.103.3671	4	5	6	73	103	3671
RefSeq_NZ_OP378619.1	IncFII	IncFII	110830	4.5.6.7.9.1041	4	5	6	7	9	1041
RefSeq_NZ_OP378621.1	IncFII	IncFII	145392	4.5.6.7.11.3673	4	5	6	7	11	3673
RefSeq_NZ_OP378627.1	IncFII	IncFII	106796	4.5.6.7.11.1360	4	5	6	7	11	1360
RefSeq_NZ_OP378628.1	IncFII	IncFII	74826	4.5.6.73.103.1211	4	5	6	73	103	1211
RefSeq_NZ_OP378635.1	IncFII	IncFII	82117	3.6.7.20.202.3674	3	6	7	20	202	3674
RefSeq_NZ_OP378636.1	IncFII	IncFII	79388	4.5.6.7.30.1398	4	5	6	7	30	1398
RefSeq_NZ_OP378642.1	IncFII	IncFII	91209	4.5.6.7.21.1537	4	5	6	7	21	1537
RefSeq_NZ_OP378644.1	IncFII	IncFII	172081	4.5.6.7.7.3676	4	5	6	7	7	3676
RefSeq_NZ_OP378646.1	IncFII	IncFII	68922	4.5.6.7.21.3678	4	5	6	7	21	3678
RefSeq_NZ_OP378647.1	IncFII	IncFII	165220	4.5.6.7.11.1409	4	5	6	7	11	1409
RefSeq_NZ_OP378652.1	IncFII	IncFII	236466	4.5.6.7.7.48	4	5	6	7	7	48
RefSeq_NZ_OP378654.1	IncFII	IncFII	166588	4.5.6.7.7.48	4	5	6	7	7	48
RefSeq_NZ_OP378659.1	IncFII	IncFII	196742	3.6.7.9.10.1328	3	6	7	9	10	1328
RefSeq_NZ_OP378662.1	IncFII	IncFII	113637	4.5.6.7.11.49	4	5	6	7	11	49
RefSeq_NZ_OP378663.1	IncFII	IncFII	164670	3.6.7.9.10.1328	3	6	7	9	10	1328
RefSeq_NZ_OP378664.1	IncFII	IncFII	242282	4.5.6.7.7.48	4	5	6	7	7	48
RefSeq_NZ_OP389273.1	IncFII	IncFII	117708	4.5.6.7.21.1118	4	5	6	7	21	1118
RefSeq_NZ_OP776642.1	IncFII	IncFII	31834	4.5.6.59.78.3680	4	5	6	59	78	3680
RefSeq_NZ_OP905632.1	IncFII	IncFII	108575	4.5.6.7.9.1994	4	5	6	7	9	1994
RefSeq_NZ_OP927719.1	IncFII	IncFII	64327	4.5.6.7.11.1992	4	5	6	7	11	1992
RefSeq_NZ_OP927725.1	IncFII	IncFII	108892	4.5.6.7.9.3681	4	5	6	7	9	3681
RefSeq_NZ_OP927728.1	IncFII	IncFII	172985	4.5.6.7.7.3682	4	5	6	7	7	3682
RefSeq_NZ_OQ096263.1	IncFII	IncFII	113669	4.5.6.7.11.49	4	5	6	7	11	49
RefSeq_NZ_OQ111280.1	IncFII	IncFII	91364	4.5.6.7.7.3684	4	5	6	7	7	3684
RefSeq_NZ_OQ230386.1	IncFII	IncFII	76038	4.5.6.7.9.3665	4	5	6	7	9	3665
RefSeq_NZ_OQ230388.1	IncFII	IncFII	77935	4.5.6.7.11.3685	4	5	6	7	11	3685
RefSeq_NZ_OQ414671.1	IncFII	IncFII	95161	4.5.6.7.9.1990	4	5	6	7	9	1990
RefSeq_NZ_OQ420462.1	IncFII	IncFII	68926	4.5.6.7.9.3689	4	5	6	7	9	3689
RefSeq_NZ_OQ423476.1	IncFII	IncFII	95161	4.5.6.7.9.1990	4	5	6	7	9	1990
RefSeq_NZ_OQ423478.1	IncFII	IncFII	142849	4.5.6.7.11.3694	4	5	6	7	11	3694
RefSeq_NZ_OQ423480.1	IncFII	IncFII	70579	4.5.6.73.103.1591	4	5	6	73	103	1591
RefSeq_NZ_OQ534112.1	IncFII	IncFII	139264	3.6.7.9.10.675	3	6	7	9	10	675
RefSeq_NZ_OQ534113.1	IncFII	IncFII	152736	3.6.7.9.10.675	3	6	7	9	10	675
RefSeq_NZ_OQ534114.1	IncFII	IncFII	151858	3.6.7.9.10.675	3	6	7	9	10	675
RefSeq_NZ_OQ801413.1	IncFII	IncFII	302246	3.6.7.9.10.2901	3	6	7	9	10	2901
RefSeq_NZ_OQ821012.1	IncFII	IncFII	96933	4.5.6.7.21.3698	4	5	6	7	21	3698
RefSeq_NZ_OQ821040.1	IncFII	IncFII	148107	4.5.6.7.7.1455	4	5	6	7	7	1455
RefSeq_NZ_OQ821050.1	IncFII	IncFII	113639	4.5.6.7.11.49	4	5	6	7	11	49
RefSeq_NZ_OQ821062.1	IncFII	IncFII	177739	4.5.6.7.7.48	4	5	6	7	7	48
RefSeq_NZ_OQ821091.1	IncFII	IncFII	109504	4.5.6.7.21.1771	4	5	6	7	21	1771
RefSeq_NZ_OQ821095.1	IncFII	IncFII	182180	4.5.6.7.7.48	4	5	6	7	7	48
RefSeq_NZ_OQ821097.1	IncFII	IncFII	175879	4.5.6.7.7.2548	4	5	6	7	7	2548
RefSeq_NZ_OQ821100.1	IncFII	IncFII	113639	4.5.6.7.11.49	4	5	6	7	11	49
RefSeq_NZ_OQ821101.1	IncFII	IncFII	113639	4.5.6.7.11.49	4	5	6	7	11	49
RefSeq_NZ_OQ821102.1	IncFII	IncFII	113639	4.5.6.7.11.49	4	5	6	7	11	49
RefSeq_NZ_OQ821103.1	IncFII	IncFII	107005	4.5.6.7.11.49	4	5	6	7	11	49
RefSeq_NZ_OQ821104.1	IncFII	IncFII	113639	4.5.6.7.11.49	4	5	6	7	11	49
RefSeq_NZ_OQ821106.1	IncFII	IncFII	113639	4.5.6.7.11.49	4	5	6	7	11	49
RefSeq_NZ_OQ821107.1	IncFII	IncFII	179374	4.5.6.7.7.48	4	5	6	7	7	48
RefSeq_NZ_OQ821111.1	IncFII	IncFII	116451	4.5.6.7.11.49	4	5	6	7	11	49
RefSeq_NZ_OQ821115.1	IncFII	IncFII	116048	4.5.6.7.11.49	4	5	6	7	11	49
RefSeq_NZ_OQ821203.1	IncFII	IncFII	168037	4.5.6.7.9.1673	4	5	6	7	9	1673
RefSeq_NZ_OR041627.1	IncFII	IncFII	270446	4.5.6.7.21.3716	4	5	6	7	21	3716
RefSeq_NZ_OR041629.1	IncFII	IncFII	267313	3.6.7.9.90.3717	3	6	7	9	90	3717
RefSeq_NZ_OR060874.1	IncFII	IncFII	92706	3.6.7.9.10.3718	3	6	7	9	10	3718
RefSeq_NZ_OR095741.1	IncFII	IncFII	260017	3.6.7.9.200.3720	3	6	7	9	200	3720
RefSeq_NZ_OR805036.1	IncFII	IncFII	104146	4.5.6.7.11.1952	4	5	6	7	11	1952
RefSeq_NZ_OR805037.1	IncFII	IncFII	104149	4.5.6.7.11.1952	4	5	6	7	11	1952
RefSeq_NZ_OR805038.1	IncFII	IncFII	104191	4.5.6.7.11.1952	4	5	6	7	11	1952
RefSeq_NZ_OU342707.1	IncFII	IncFII	227556	4.5.6.7.7.48	4	5	6	7	7	48
RefSeq_NZ_OV049814.1	IncFII	IncFII	123022	4.5.6.7.20.1088	4	5	6	7	20	1088
RefSeq_NZ_OV408203.1	IncFII	IncFII	237007	4.5.6.7.7.65	4	5	6	7	7	65
RefSeq_NZ_OV408205.1	IncFII	IncFII	110489	4.5.6.7.11.49	4	5	6	7	11	49
RefSeq_NZ_OV753635.1	IncFII	IncFII	207699	4.5.6.7.7.3722	4	5	6	7	7	3722
RefSeq_NZ_OV753998.1	IncFII	IncFII	198008	4.5.6.7.7.3723	4	5	6	7	7	3723
RefSeq_NZ_OV753999.1	IncFII	IncFII	120732	4.5.6.7.21.3724	4	5	6	7	21	3724
RefSeq_NZ_OW848786.1	IncFII	IncFII	109001	4.5.6.7.11.3133	4	5	6	7	11	3133
RefSeq_NZ_OW849065.1	IncFII	IncFII	146311	4.5.6.7.7.1279	4	5	6	7	7	1279
RefSeq_NZ_OW849083.1	IncFII	IncFII	197744	4.5.6.7.7.3726	4	5	6	7	7	3726
RefSeq_NZ_OW849471.1	IncFII	IncFII	209598	4.5.6.7.7.260	4	5	6	7	7	260
RefSeq_NZ_OW849529.1	IncFII	IncFII	149443	4.5.6.7.7.3728	4	5	6	7	7	3728
RefSeq_NZ_OW967375.1	IncFII	IncFII	253358	4.5.6.7.7.48	4	5	6	7	7	48
RefSeq_NZ_OW967519.1	IncFII	IncFII	195319	4.5.6.7.7.1756	4	5	6	7	7	1756
RefSeq_NZ_OW967803.1	IncFII	IncFII	109109	4.5.6.7.11.1192	4	5	6	7	11	1192
RefSeq_NZ_OW967967.1	IncFII	IncFII	107837	3.6.7.9.10.1507	3	6	7	9	10	1507
RefSeq_NZ_OW967976.1	IncFII	IncFII	106879	3.6.7.9.10.3730	3	6	7	9	10	3730
RefSeq_NZ_OW968125.1	IncFII	IncFII	106836	3.6.7.9.10.3730	3	6	7	9	10	3730
RefSeq_NZ_OW968170.1	IncFII	IncFII	73942	4.5.6.73.103.1211	4	5	6	73	103	1211
RefSeq_NZ_OW968178.1	IncFII	IncFII	76491	4.5.6.7.9.3732	4	5	6	7	9	3732
RefSeq_NZ_OW968291.1	IncFII	IncFII	78039	4.5.6.7.11.3733	4	5	6	7	11	3733
RefSeq_NZ_OW968329.1	IncFII	IncFII	72965	4.5.6.73.103.3734	4	5	6	73	103	3734
RefSeq_NZ_OW968432.1	IncFII	IncFII	131788	4.5.6.7.7.2089	4	5	6	7	7	2089
RefSeq_NZ_OW969634.1	IncFII	IncFII	191161	3.6.7.9.10.2982	3	6	7	9	10	2982
RefSeq_NZ_OW969660.1	IncFII	IncFII	165787	4.5.6.7.7.1355	4	5	6	7	7	1355
RefSeq_NZ_OW969877.1	IncFII	IncFII	158488	4.5.6.7.11.3016	4	5	6	7	11	3016
RefSeq_NZ_OW970358.1	IncFII	IncFII	116273	4.5.6.7.20.1088	4	5	6	7	20	1088
RefSeq_NZ_OW970366.1	IncFII	IncFII	117442	4.5.6.7.20.1088	4	5	6	7	20	1088
RefSeq_NZ_OW970375.1	IncFII	IncFII	215903	4.5.6.7.7.3737	4	5	6	7	7	3737
RefSeq_NZ_OW970380.1	IncFII	IncFII	121082	4.5.6.7.20.1088	4	5	6	7	20	1088
RefSeq_NZ_OW970388.1	IncFII	IncFII	91795	4.5.6.7.11.3738	4	5	6	7	11	3738
RefSeq_NZ_OW970414.1	IncFII	IncFII	103689	4.5.6.7.20.3351	4	5	6	7	20	3351
RefSeq_NZ_OW970423.1	IncFII	IncFII	121066	4.5.6.7.20.1088	4	5	6	7	20	1088
RefSeq_NZ_OW970437.1	IncFII	IncFII	121034	4.5.6.7.20.1088	4	5	6	7	20	1088
RefSeq_NZ_OW970445.1	IncFII	IncFII	119298	4.5.6.7.21.1099	4	5	6	7	21	1099
RefSeq_NZ_OW970453.1	IncFII	IncFII	117649	4.5.6.7.20.3351	4	5	6	7	20	3351
RefSeq_NZ_OW970479.1	IncFII	IncFII	119845	4.5.6.7.20.1088	4	5	6	7	20	1088
RefSeq_NZ_OW970487.1	IncFII	IncFII	121034	4.5.6.7.20.1088	4	5	6	7	20	1088
RefSeq_NZ_OW970488.1	IncFII	IncFII	70767	4.5.6.7.9.3739	4	5	6	7	9	3739
RefSeq_NZ_OW970493.1	IncFII	IncFII	103689	4.5.6.7.20.3351	4	5	6	7	20	3351
RefSeq_NZ_OW970502.1	IncFII	IncFII	84622	4.5.6.7.9.3740	4	5	6	7	9	3740
RefSeq_NZ_OW970515.1	IncFII	IncFII	121074	4.5.6.7.20.1088	4	5	6	7	20	1088
RefSeq_NZ_OW970531.1	IncFII	IncFII	121074	4.5.6.7.20.1088	4	5	6	7	20	1088
RefSeq_NZ_OW970541.1	IncFII	IncFII	101467	4.5.6.7.20.3351	4	5	6	7	20	3351
RefSeq_NZ_OW970554.1	IncFII	IncFII	121066	4.5.6.7.20.1088	4	5	6	7	20	1088
RefSeq_NZ_OW970561.1	IncFII	IncFII	121082	4.5.6.7.20.1088	4	5	6	7	20	1088
RefSeq_NZ_OW993923.1	IncFII	IncFII	121082	4.5.6.7.20.1088	4	5	6	7	20	1088
RefSeq_NZ_OX030729.1	IncFII	IncFII	115409	3.6.7.9.10.1528	3	6	7	9	10	1528
RefSeq_NZ_OX337253.1	IncFII	IncFII	240519	4.5.6.7.7.48	4	5	6	7	7	48
RefSeq_NZ_OX637962.1	IncFII	IncFII	146919	4.5.6.7.11.12	4	5	6	7	11	12
RefSeq_NZ_OX637965.1	IncFII	IncFII	123938	3.6.7.9.10.3744	3	6	7	9	10	3744
RefSeq_NZ_OY754350.1	IncFII	IncFII	176757	3.6.7.9.10.142	3	6	7	9	10	142
RefSeq_NZ_OY754374.1	IncFII	IncFII	76451	3.6.7.66.91.3745	3	6	7	66	91	3745
RefSeq_NZ_OY754379.1	IncFII	IncFII	134861	3.6.7.9.10.966	3	6	7	9	10	966
RefSeq_NZ_OY754422.1	IncFII	IncFII	134888	3.6.7.9.10.966	3	6	7	9	10	966
RefSeq_NZ_OY754456.1	IncFII	IncFII	109347	3.6.7.9.10.3746	3	6	7	9	10	3746
RefSeq_NZ_OY757098.1	IncFII	IncFII	176585	3.6.7.9.10.142	3	6	7	9	10	142
RefSeq_NZ_OY757101.1	IncFII	IncFII	134888	3.6.7.9.10.966	3	6	7	9	10	966
RefSeq_NZ_OY757121.1	IncFII	IncFII	142327	3.6.7.9.10.3748	3	6	7	9	10	3748
RefSeq_NZ_OY839927.1	IncFII	IncFII	176585	3.6.7.9.10.142	3	6	7	9	10	142
RefSeq_NZ_OY899162.1	IncFII	IncFII	66945	4.5.6.7.20.3749	4	5	6	7	20	3749
RefSeq_NZ_OY978174.1	IncFII	IncFII	38852	4.5.6.7.21.3750	4	5	6	7	21	3750
RefSeq_NZ_OY978495.1	IncFII	IncFII	157553	3.6.7.9.200.3751	3	6	7	9	200	3751
RefSeq_NZ_PEHV01000011.1	IncFII	IncFII	32249	3.6.7.9.10.3752	3	6	7	9	10	3752
RefSeq_NZ_PELJ01000032.1	IncFII	IncFII	71278	4.5.6.7.21.3753	4	5	6	7	21	3753
RefSeq_NZ_PHFH01000006.1	IncFII	IncFII	26380	4.5.6.307.667.3754	4	5	6	307	667	3754
RefSeq_NZ_PHFH01000054.1	IncFII	IncFII	51084	3.6.7.66.91.3755	3	6	7	66	91	3755
RefSeq_NZ_PITM01000082.1	IncFII	IncFII	19215	3.6.7.9.668.3756	3	6	7	9	668	3756
RefSeq_NZ_PITN01000055.1	IncFII	IncFII	19161	3.6.7.9.668.3756	3	6	7	9	668	3756
RefSeq_NZ_PJOO01000050.1	IncFII	IncFII	10078	4.5.6.308.669.3757	4	5	6	308	669	3757
RefSeq_NZ_PJOO01000053.1	IncFII	IncFII	9651	4.5.6.271.670.3758	4	5	6	271	670	3758
RefSeq_NZ_PNXO01000019.1	IncFII	IncFII	83145	4.5.6.7.11.3759	4	5	6	7	11	3759
RefSeq_NZ_PNYF02000109.1	IncFII	IncFII	3381	4.5.99.309.671.3760	4	5	99	309	671	3760
RefSeq_NZ_PRDB01000031.1	IncFII	IncFII	118682	3.6.7.9.10.3763	3	6	7	9	10	3763
RefSeq_NZ_PRDB01000032.1	IncFII	IncFII	136210	4.5.6.7.21.3764	4	5	6	7	21	3764
RefSeq_NZ_PSNS01000027.1	IncFII	IncFII	18249	3.6.7.305.663.3641	3	6	7	305	663	3641
RefSeq_NZ_PVLW01000038.1	IncFII	IncFII	48250	3.4.8.11.431.1243	3	4	8	11	431	1243
RefSeq_NZ_PVLY01000041.1	IncFII	IncFII	48082	3.4.8.11.431.1243	3	4	8	11	431	1243
RefSeq_NZ_PVMA01000047.1	IncFII	IncFII	39540	3.4.8.11.431.3768	3	4	8	11	431	3768
RefSeq_NZ_PVMB01000107.1	IncFII	IncFII	8806	3.4.8.294.635.3343	3	4	8	294	635	3343
RefSeq_NZ_PVZZ01000005.1	IncFII	IncFII	65126	3.4.8.11.247.3769	3	4	8	11	247	3769
RefSeq_NZ_PYUS01000039.1	IncFII	IncFII	31480	4.5.6.73.673.3770	4	5	6	73	673	3770
RefSeq_NZ_PYUT01000045.1	IncFII	IncFII	91745	4.5.6.7.9.1002	4	5	6	7	9	1002
RefSeq_NZ_PYUU01000036.1	IncFII	IncFII	94111	4.5.6.7.9.1002	4	5	6	7	9	1002
RefSeq_NZ_PYUV01000036.1	IncFII	IncFII	91745	4.5.6.7.9.1002	4	5	6	7	9	1002
RefSeq_NZ_PYUW01000038.1	IncFII	IncFII	91755	4.5.6.7.9.1002	4	5	6	7	9	1002
RefSeq_NZ_PYUX01000029.1	IncFII	IncFII	93815	4.5.6.7.11.1051	4	5	6	7	11	1051
RefSeq_NZ_PYUY01000037.1	IncFII	IncFII	91751	4.5.6.7.9.1002	4	5	6	7	9	1002
RefSeq_NZ_PYUZ01000037.1	IncFII	IncFII	91755	4.5.6.7.9.1002	4	5	6	7	9	1002
RefSeq_NZ_PYVA01000040.1	IncFII	IncFII	91747	4.5.6.7.9.1002	4	5	6	7	9	1002
RefSeq_NZ_PYVB01000049.1	IncFII	IncFII	31394	4.5.6.73.673.3770	4	5	6	73	673	3770
RefSeq_NZ_PYVC01000042.1	IncFII	IncFII	31393	4.5.6.73.673.3770	4	5	6	73	673	3770
RefSeq_NZ_QBRV01000042.1	IncFII	IncFII	22597	3.6.7.9.583.3771	3	6	7	9	583	3771
RefSeq_NZ_QBRW01000025.1	IncFII	IncFII	64150	4.5.6.224.423.3772	4	5	6	224	423	3772
RefSeq_NZ_QBRX01000039.1	IncFII	IncFII	30858	3.6.7.66.91.3773	3	6	7	66	91	3773
RefSeq_NZ_QFXA01000068.1	IncFII	IncFII	7241	4.5.73.288.676.3776	4	5	73	288	676	3776
RefSeq_NZ_QHMJ01000041.1	IncFII	IncFII	13983	4.5.6.269.585.3778	4	5	6	269	585	3778
RefSeq_NZ_QHMJ01000051.1	IncFII	IncFII	7039	4.5.6.269.677.3779	4	5	6	269	677	3779
RefSeq_NZ_QHMK01000093.1	IncFII	IncFII	5287	3.6.91.262.549.3780	3	6	91	262	549	3780
RefSeq_NZ_QHMM01000044.1	IncFII	IncFII	16831	4.5.6.271.587.3781	4	5	6	271	587	3781
RefSeq_NZ_QQVX01000038.1	IncFII	IncFII	49096	3.6.7.66.495.3782	3	6	7	66	495	3782
RefSeq_NZ_QRAC01000114.1	IncFII	IncFII	38634	4.5.6.21.246.3593	4	5	6	21	246	3593
RefSeq_NZ_QRAD01000110.1	IncFII	IncFII	53311	4.5.6.7.20.3783	4	5	6	7	20	3783
RefSeq_NZ_QRAD01000125.1	IncFII	IncFII	27135	4.5.6.21.498.3589	4	5	6	21	498	3589
RefSeq_NZ_QRAH01000099.1	IncFII	IncFII	15038	4.5.6.269.585.3778	4	5	6	269	585	3778
RefSeq_NZ_QRAH01000112.1	IncFII	IncFII	40088	4.5.6.59.494.3784	4	5	6	59	494	3784
RefSeq_NZ_QTZR01000058.1	IncFII	IncFII	4440	4.5.6.310.678.3785	4	5	6	310	678	3785
RefSeq_NZ_QTZS01000051.1	IncFII	IncFII	8177	4.5.6.311.679.3786	4	5	6	311	679	3786
RefSeq_NZ_QTZT01000051.1	IncFII	IncFII	9426	4.5.6.303.680.3787	4	5	6	303	680	3787
RefSeq_NZ_QTZX01000097.1	IncFII	IncFII	15199	4.5.6.308.669.3788	4	5	6	308	669	3788
RefSeq_NZ_QURI01000003.1	IncFII	IncFII	133772	4.5.6.7.7.937	4	5	6	7	7	937
RefSeq_NZ_QWDG01000005.1	IncFII	IncFII	13339	4.5.6.269.585.3778	4	5	6	269	585	3778
RefSeq_NZ_QWDG01000009.1	IncFII	IncFII	63966	4.5.6.7.11.1705	4	5	6	7	11	1705
RefSeq_NZ_QXGQ01000060.1	IncFII	IncFII	50992	3.6.7.9.10.3635	3	6	7	9	10	3635
RefSeq_NZ_QXXP01000118.1	IncFII	IncFII	14561	4.5.6.313.682.3790	4	5	6	313	682	3790
RefSeq_NZ_RAZR01000058.1	IncFII	IncFII	19277	3.6.7.305.663.3791	3	6	7	305	663	3791
RefSeq_NZ_RRCW01000234.1	IncFII	IncFII	56924	3.6.7.9.10.3792	3	6	7	9	10	3792
RefSeq_NZ_RRDF01000193.1	IncFII	IncFII	11709	3.4.8.314.683.3793	3	4	8	314	683	3793
RefSeq_NZ_RRDI01000184.1	IncFII	IncFII	2494	4.5.100.315.684.3794	4	5	100	315	684	3794
RefSeq_NZ_RRDJ01000174.1	IncFII	IncFII	4121	3.6.7.237.466.3795	3	6	7	237	466	3795
RefSeq_NZ_RRDK01000169.1	IncFII	IncFII	4926	3.6.7.237.466.3796	3	6	7	237	466	3796
RefSeq_NZ_RRDR01000227.1	IncFII	IncFII	5055	3.6.101.316.685.3797	3	6	101	316	685	3797
RefSeq_NZ_RRDS01000240.1	IncFII	IncFII	5012	3.6.91.262.549.3798	3	6	91	262	549	3798
RefSeq_NZ_RREL01000126.1	IncFII	IncFII	11611	3.6.7.9.583.3799	3	6	7	9	583	3799
RefSeq_NZ_RREM01000140.1	IncFII	IncFII	14685	3.6.7.9.686.3800	3	6	7	9	686	3800
RefSeq_NZ_RREM01000141.1	IncFII	IncFII	86132	3.6.7.9.181.3801	3	6	7	9	181	3801
RefSeq_NZ_RREU01000235.1	IncFII	IncFII	10252	4.5.102.317.687.3802	4	5	102	317	687	3802
RefSeq_NZ_RREX01000195.1	IncFII	IncFII	24943	3.6.7.9.688.3803	3	6	7	9	688	3803
RefSeq_NZ_RRGG01000141.1	IncFII	IncFII	15718	4.5.6.7.593.3805	4	5	6	7	593	3805
RefSeq_NZ_RRGO01000100.1	IncFII	IncFII	114251	3.6.7.9.10.3806	3	6	7	9	10	3806
RefSeq_NZ_RRGQ01000071.1	IncFII	IncFII	9738	3.6.7.319.690.3807	3	6	7	319	690	3807
RefSeq_NZ_RRHB01000169.1	IncFII	IncFII	8577	3.6.7.320.691.3808	3	6	7	320	691	3808
RefSeq_NZ_RRHP01000081.1	IncFII	IncFII	85352	3.6.7.9.181.3810	3	6	7	9	181	3810
RefSeq_NZ_RRHR01000166.1	IncFII	IncFII	4713	3.6.7.237.466.3796	3	6	7	237	466	3796
RefSeq_NZ_RRHX01000176.1	IncFII	IncFII	4117	3.6.7.237.466.3795	3	6	7	237	466	3795
RefSeq_NZ_RRIB01000068.1	IncFII	IncFII	81369	3.6.7.9.10.3811	3	6	7	9	10	3811
RefSeq_NZ_RRJA01000140.1	IncFII	IncFII	3298	4.5.6.321.692.3812	4	5	6	321	692	3812
RefSeq_NZ_RRJB01000066.1	IncFII	IncFII	113828	3.6.7.9.181.3813	3	6	7	9	181	3813
RefSeq_NZ_RRJF01000067.1	IncFII	IncFII	80510	4.5.6.224.423.3814	4	5	6	224	423	3814
RefSeq_NZ_RRJI01000067.1	IncFII	IncFII	112779	3.6.7.9.181.3813	3	6	7	9	181	3813
RefSeq_NZ_RRKI01000118.1	IncFII	IncFII	45574	3.6.7.9.181.3419	3	6	7	9	181	3419
RefSeq_NZ_RRKM01000160.1	IncFII	IncFII	10555	3.6.7.268.584.3815	3	6	7	268	584	3815
RefSeq_NZ_RRKW01000080.1	IncFII	IncFII	66475	3.6.7.9.480.3816	3	6	7	9	480	3816
RefSeq_NZ_RRKY01000205.1	IncFII	IncFII	14884	4.5.6.224.693.3817	4	5	6	224	693	3817
RefSeq_NZ_RRKZ01000082.1	IncFII	IncFII	66475	3.6.7.9.480.3816	3	6	7	9	480	3816
RefSeq_NZ_RRLA01000083.1	IncFII	IncFII	83257	3.6.7.9.480.3816	3	6	7	9	480	3816
RefSeq_NZ_RRLH01000084.1	IncFII	IncFII	66475	3.6.7.9.480.3816	3	6	7	9	480	3816
RefSeq_NZ_RRLQ01000083.1	IncFII	IncFII	37675	3.6.7.9.10.3818	3	6	7	9	10	3818
RefSeq_NZ_RRMG01000203.1	IncFII	IncFII	44358	3.6.7.9.480.3819	3	6	7	9	480	3819
RefSeq_NZ_RRMO01000120.1	IncFII	IncFII	19017	4.5.6.224.639.3820	4	5	6	224	639	3820
RefSeq_NZ_RRMZ01000118.1	IncFII	IncFII	56454	4.5.6.224.423.3821	4	5	6	224	423	3821
RefSeq_NZ_RRNK01000051.1	IncFII	IncFII	23419	3.6.21.238.694.3822	3	6	21	238	694	3822
RefSeq_NZ_RRNS01000102.1	IncFII	IncFII	14433	3.6.7.9.695.3823	3	6	7	9	695	3823
RefSeq_NZ_RRNU01000074.1	IncFII	IncFII	19024	4.5.6.224.639.3820	4	5	6	224	639	3820
RefSeq_NZ_RRNU01000076.1	IncFII	IncFII	83162	3.6.7.9.181.3801	3	6	7	9	181	3801
RefSeq_NZ_RROB01000126.1	IncFII	IncFII	59511	3.6.7.9.181.3824	3	6	7	9	181	3824
RefSeq_NZ_RROC01000124.1	IncFII	IncFII	21219	4.5.6.73.645.3825	4	5	6	73	645	3825
RefSeq_NZ_RROE01000118.1	IncFII	IncFII	1871	4.5.103.322.696.3826	4	5	103	322	696	3826
RefSeq_NZ_RROZ01000128.1	IncFII	IncFII	61999	3.6.7.9.181.3829	3	6	7	9	181	3829
RefSeq_NZ_RRPC01000140.1	IncFII	IncFII	54056	3.6.7.9.480.3830	3	6	7	9	480	3830
RefSeq_NZ_RRRR01000117.1	IncFII	IncFII	14835	3.4.8.323.697.3831	3	4	8	323	697	3831
RefSeq_NZ_RRSA01000243.1	IncFII	IncFII	22537	3.6.49.324.698.3832	3	6	49	324	698	3832
RefSeq_NZ_RRSY01000090.1	IncFII	IncFII	52723	3.6.7.9.480.3833	3	6	7	9	480	3833
RefSeq_NZ_RSEZ01000005.1	IncFII	IncFII	146262	4.5.6.7.21.1661	4	5	6	7	21	1661
RefSeq_NZ_SBIL01000003.1	IncFII	IncFII	223494	4.5.6.7.7.48	4	5	6	7	7	48
RefSeq_NZ_SBIL01000004.1	IncFII	IncFII	135643	3.6.7.9.10.3834	3	6	7	9	10	3834
RefSeq_NZ_SCLK01000058.1	IncFII	IncFII	55368	4.5.6.7.11.1000	4	5	6	7	11	1000
RefSeq_NZ_SJZK01000009.1	IncFII	IncFII	75179	3.4.8.11.431.999	3	4	8	11	431	999
RefSeq_NZ_SJZK02000011.1	IncFII	IncFII	75179	3.4.8.11.431.1316	3	4	8	11	431	1316
RefSeq_NZ_SPTY01000002.1	IncFII	IncFII	230532	4.5.6.7.7.1200	4	5	6	7	7	1200
RefSeq_NZ_VKNL01000120.1	IncFII	IncFII	155869	4.5.6.7.21.3840	4	5	6	7	21	3840
RefSeq_NZ_VOOC01000099.1	IncFII	IncFII	42130	4.5.6.18.460.3841	4	5	6	18	460	3841
RefSeq_NZ_VOOE01000122.1	IncFII	IncFII	63931	4.5.6.7.9.1900	4	5	6	7	9	1900
RefSeq_NZ_VRSA01000003.1	IncFII	IncFII	255372	4.5.6.7.7.48	4	5	6	7	7	48
RefSeq_NZ_VTQB02000002.1	IncFII	IncFII	234223	3.6.7.9.90.3842	3	6	7	9	90	3842
RefSeq_NZ_VXIW01000004.1	IncFII	IncFII	181384	3.6.7.9.10.1328	3	6	7	9	10	1328
RefSeq_NZ_VXIW01000008.1	IncFII	IncFII	101574	4.5.6.8.451.1090	4	5	6	8	451	1090
RefSeq_NZ_VXIY01000008.1	IncFII	IncFII	237044	4.5.6.7.7.48	4	5	6	7	7	48
RefSeq_NZ_WACK01000002.1	IncFII	IncFII	70072	4.5.6.7.9.3846	4	5	6	7	9	3846
RefSeq_NZ_WIAP01000011.1	IncFII	IncFII	57173	4.5.6.7.447.1056	4	5	6	7	447	1056
RefSeq_NZ_WMHL01000058.1	IncFII	IncFII	7274	3.6.21.299.646.3847	3	6	21	299	646	3847
RefSeq_NZ_WMHM01000062.1	IncFII	IncFII	7274	3.6.21.299.646.3847	3	6	21	299	646	3847
RefSeq_NZ_WMHN01000059.1	IncFII	IncFII	7274	3.6.21.299.646.3847	3	6	21	299	646	3847
RefSeq_NZ_WMHR01000003.1	IncFII	IncFII	100435	4.5.6.7.21.1118	4	5	6	7	21	1118
RefSeq_NZ_WMHT01000002.1	IncFII	IncFII	198487	4.5.6.7.7.1455	4	5	6	7	7	1455
RefSeq_NZ_WUUG01000022.1	IncFII	IncFII	142890	4.5.6.7.7.1021	4	5	6	7	7	1021
RefSeq_NZ_WXYR01000001.1	IncFII	IncFII	52245	4.5.6.73.503.3848	4	5	6	73	503	3848
RefSeq_NZ_WXYS01000001.1	IncFII	IncFII	52445	4.5.6.73.503.3848	4	5	6	73	503	3848
RefSeq_NZ_WXYT01000032.1	IncFII	IncFII	31630	4.5.6.224.702.3849	4	5	6	224	702	3849
RefSeq_NZ_WXYU01000021.1	IncFII	IncFII	52160	4.5.6.224.423.3850	4	5	6	224	423	3850
CP069366.1	IncHI1	IncHI1	228289	3.6.7.9.14.44	3	6	7	9	14	44
NZ_CP016921.1	IncHI1	IncHI1	283369	3.4.8.11.13.172	3	4	8	11	13	172
NZ_CP031582.1	IncHI1	IncHI1	206229	3.6.7.9.14.238	3	6	7	9	14	238
NZ_CP043208.1	IncHI1	IncHI1	64997	3.4.8.70.98.167	3	4	8	70	98	167
NZ_CP043223.1	IncHI1	IncHI1	257405	3.4.8.11.13.15	3	4	8	11	13	15
NZ_CP053721.1	IncHI1	IncHI1	264177	3.6.7.10.70.351	3	6	7	10	70	351
NZ_CP059469.1	IncHI1	IncHI1	289419	3.4.8.11.13.172	3	4	8	11	13	172
NZ_CP063278.1	IncHI1	IncHI1	232362	3.6.7.9.14.44	3	6	7	9	14	44
NZ_CP064017.1	IncHI1	IncHI1	302729	3.6.7.10.70.351	3	6	7	10	70	351
NZ_CP064026.1	IncHI1	IncHI1	217496	3.6.7.20.202.400	3	6	7	20	202	400
NZ_CP067046.1	IncHI1	IncHI1	194435	3.6.7.9.14.44	3	6	7	9	14	44
NZ_CP080102.1	IncHI1	IncHI1	96771	4.5.6.7.20.491	4	5	6	7	20	491
NZ_CP128927.1	IncHI1	IncHI1	93747	3.6.7.9.14.634	3	6	7	9	14	634
NZ_CP128941.1	IncHI1	IncHI1	103767	3.6.7.10.70.637	3	6	7	10	70	637
NZ_CP145535.1	IncHI1	IncHI1	353748	4.5.6.7.20.711	4	5	6	7	20	711
NZ_MN182749.1	IncHI1	IncHI1	197416	3.6.7.9.14.44	3	6	7	9	14	44
AP026496.1	IncHI2	IncHI2	195290	3.4.8.11.13.15	3	4	8	11	13	15
AP026508.1	IncHI2	IncHI2	235972	3.4.8.11.13.17	3	4	8	11	13	17
CP052871.1	IncHI2	IncHI2	293138	3.4.8.11.13.35	3	4	8	11	13	35
CP061512.1	IncHI2	IncHI2	298499	3.4.8.11.13.17	3	4	8	11	13	17
CP071791.1	IncHI2	IncHI2	327948	3.4.8.11.13.47	3	4	8	11	13	47
CP101341.1	IncHI2	IncHI2	195413	3.4.8.11.13.17	3	4	8	11	13	17
NZ_AP018352.1	IncHI2	IncHI2	368940	3.6.7.10.70.125	3	6	7	10	70	125
NZ_AP025641.1	IncHI2	IncHI2	255859	3.6.7.10.70.141	3	6	7	10	70	141
NZ_AP025654.1	IncHI2	IncHI2	256525	3.6.7.10.70.141	3	6	7	10	70	141
NZ_CP026492.1	IncHI2	IncHI2	264344	3.4.8.11.13.47	3	4	8	11	13	47
NZ_CP031567.1	IncHI2	IncHI2	159840	3.4.8.11.13.234	3	4	8	11	13	234
NZ_CP031575.1	IncHI2	IncHI2	309444	3.6.7.10.70.237	3	6	7	10	70	237
NZ_CP050163.1	IncHI2	IncHI2	289268	3.4.8.11.13.35	3	4	8	11	13	35
NZ_CP064006.1	IncHI2	IncHI2	263699	3.4.8.11.13.15	3	4	8	11	13	15
NZ_CP070539.1	IncHI2	IncHI2	256303	3.4.8.11.13.234	3	4	8	11	13	234
NZ_CP070555.1	IncHI2	IncHI2	256277	3.4.8.11.13.234	3	4	8	11	13	234
NZ_CP080108.1	IncHI2	IncHI2	332184	3.4.8.11.13.35	3	4	8	11	13	35
NZ_CP085623.1	IncHI2	IncHI2	269592	3.4.8.11.13.17	3	4	8	11	13	17
NZ_CP085697.1	IncHI2	IncHI2	237710	3.4.8.11.13.17	3	4	8	11	13	17
NZ_CP085778.1	IncHI2	IncHI2	343120	3.4.8.11.13.35	3	4	8	11	13	35
NZ_CP092492.1	IncHI2	IncHI2	222126	3.4.8.11.13.15	3	4	8	11	13	15
NZ_CP112981.1	IncHI2	IncHI2	322721	3.4.8.11.13.35	3	4	8	11	13	35
NZ_CP117034.1	IncHI2	IncHI2	232119	3.4.8.11.13.15	3	4	8	11	13	15
NZ_CP128924.1	IncHI2	IncHI2	235972	3.4.8.11.13.17	3	4	8	11	13	17
NZ_CP128932.1	IncHI2	IncHI2	195290	3.4.8.11.13.15	3	4	8	11	13	15
NZ_CP150623.1	IncHI2	IncHI2	374462	3.6.7.10.70.716	3	6	7	10	70	716
NZ_KX518743.1	IncHI2	IncHI2	224736	3.4.8.11.13.234	3	4	8	11	13	234
NZ_LN794248.1	IncHI2	IncHI2	300375	3.4.8.11.13.17	3	4	8	11	13	17
NZ_MF174859.1	IncHI2	IncHI2	258114	3.4.8.11.13.234	3	4	8	11	13	234
NZ_MG662415.1	IncHI2	IncHI2	226105	3.4.8.11.13.15	3	4	8	11	13	15
NZ_MG825373.1	IncHI2	IncHI2	265799	3.4.8.11.13.47	3	4	8	11	13	47
NZ_MH105051.1	IncHI2	IncHI2	273923	3.4.8.11.13.47	3	4	8	11	13	47
NZ_MK293945.1	IncHI2	IncHI2	50273	3.6.7.20.202.935	3	6	7	20	202	935
NZ_MN540571.1	IncHI2	IncHI2	302597	3.4.8.11.13.17	3	4	8	11	13	17
NZ_MT499884.1	IncHI2	IncHI2	195826	3.4.8.11.13.17	3	4	8	11	13	17
NZ_OR395176.1	IncHI2	IncHI2	236725	3.4.8.11.13.15	3	4	8	11	13	15
NZ_CP082123.1	IncI	IncI	48592	3.6.7.66.91.499	3	6	7	66	91	499
NZ_CP128878.1	IncI	IncI	94317	3.6.7.9.238.628	3	6	7	9	238	628
NZ_CP128966.1	IncI	IncI	64098	3.4.8.70.98.639	3	4	8	70	98	639
NZ_CP128981.1	IncI	IncI	121438	4.5.6.7.7.7	4	5	6	7	7	7
NZ_CP135648.1	IncI	IncI	86199	3.6.7.9.238.511	3	6	7	9	238	511
NZ_CP135666.1	IncI	IncI	94265	4.5.6.7.313.671	4	5	6	7	313	671
NZ_MN242251.1	IncI	IncI	41143	3.6.7.9.181.939	3	6	7	9	181	939
NZ_MW390513.1	IncI	IncI	114035	3.6.7.9.238.465	3	6	7	9	238	465
NZ_MW390515.1	IncI	IncI	120106	3.6.7.9.238.954	3	6	7	9	238	954
NZ_MW390527.1	IncI	IncI	92862	3.6.7.9.238.960	3	6	7	9	238	960
NZ_MW390535.1	IncI	IncI	114071	3.6.7.9.238.963	3	6	7	9	238	963
AP026449.1	IncI1	IncI1	121438	4.5.6.7.7.7	4	5	6	7	7	7
NZ_CP016387.1	IncI1	IncI1	93202	3.6.7.66.97.166	3	6	7	66	97	166
NZ_CP030289.1	IncI1	IncI1	117908	3.6.7.9.135.230	3	6	7	9	135	230
NZ_CP030290.1	IncI1	IncI1	3587	9.15.39.90.136.231	9	15	39	90	136	231
NZ_CP030291.1	IncI1	IncI1	1526	4.5.40.91.137.232	4	5	40	91	137	232
NZ_CP066838.1	IncI1	IncI1	95616	3.6.7.9.238.435	3	6	7	9	238	435
NZ_CP075740.1	IncI1	IncI1	95375	3.6.7.9.238.465	3	6	7	9	238	465
NZ_CP076278.1	IncI1	IncI1	115220	3.6.7.9.14.467	3	6	7	9	14	467
NZ_CP085621.1	IncI1	IncI1	88542	3.6.7.9.238.511	3	6	7	9	238	511
NZ_CP085700.1	IncI1	IncI1	88502	3.6.7.9.238.511	3	6	7	9	238	511
NZ_CP128262.1	IncI1	IncI1	101492	3.6.7.9.238.435	3	6	7	9	238	435
NZ_CP134355.1	IncI1	IncI1	89476	3.6.7.9.238.435	3	6	7	9	238	435
NZ_CP134359.1	IncI1	IncI1	92646	3.6.7.9.238.657	3	6	7	9	238	657
NZ_CP134365.1	IncI1	IncI1	89484	3.6.7.9.238.657	3	6	7	9	238	657
NZ_CP134369.1	IncI1	IncI1	84532	3.6.7.9.238.657	3	6	7	9	238	657
NZ_CP134372.1	IncI1	IncI1	90769	3.6.7.9.238.435	3	6	7	9	238	435
NZ_CP134378.1	IncI1	IncI1	109106	3.6.7.9.238.661	3	6	7	9	238	661
NZ_CP134381.1	IncI1	IncI1	92123	3.6.7.9.238.511	3	6	7	9	238	511
NZ_CP134386.1	IncI1	IncI1	94712	3.6.7.9.238.435	3	6	7	9	238	435
NZ_CP134392.1	IncI1	IncI1	90263	3.6.7.9.238.435	3	6	7	9	238	435
NZ_CP138482.1	IncI1	IncI1	112179	3.6.7.9.238.692	3	6	7	9	238	692
NZ_LT838199.1	IncI1	IncI1	83831	3.6.7.9.135.911	3	6	7	9	135	911
NZ_LT838204.1	IncI1	IncI1	83831	3.6.7.9.135.911	3	6	7	9	135	911
NZ_MH422553.1	IncI1	IncI1	97743	3.6.7.9.238.924	3	6	7	9	238	924
NZ_MN125610.1	IncI1	IncI1	92122	3.6.7.9.135.911	3	6	7	9	135	911
NZ_MN540570.1	IncI1	IncI1	90249	3.6.7.9.238.657	3	6	7	9	238	657
NZ_OR797031.1	IncI1	IncI1	104242	3.6.7.9.238.511	3	6	7	9	238	511
NZ_CP016388.1	IncI2	IncI2	60496	3.4.8.70.98.167	3	4	8	70	98	167
NZ_CP043182.1	IncI2	IncI2	64997	3.4.8.70.98.296	3	4	8	70	98	296
NZ_CP043194.1	IncI2	IncI2	64997	3.4.8.70.98.167	3	4	8	70	98	167
NZ_CP043196.1	IncI2	IncI2	64786	3.4.8.70.98.296	3	4	8	70	98	296
NZ_CP043198.1	IncI2	IncI2	64997	3.4.8.70.98.167	3	4	8	70	98	167
NZ_CP043200.1	IncI2	IncI2	64997	3.4.8.70.98.167	3	4	8	70	98	167
NZ_CP043202.1	IncI2	IncI2	64997	3.4.8.70.98.167	3	4	8	70	98	167
NZ_CP043204.1	IncI2	IncI2	64415	3.4.8.70.98.167	3	4	8	70	98	167
NZ_CP043206.1	IncI2	IncI2	64997	3.4.8.70.98.167	3	4	8	70	98	167
NZ_CP043210.1	IncI2	IncI2	64997	3.4.8.70.98.167	3	4	8	70	98	167
NZ_CP043212.1	IncI2	IncI2	64997	3.4.8.70.98.167	3	4	8	70	98	167
NZ_CP043220.1	IncI2	IncI2	64997	3.4.8.70.98.167	3	4	8	70	98	167
NZ_CP075719.1	IncI2	IncI2	63918	3.4.8.70.98.167	3	4	8	70	98	167
NZ_CP076261.1	IncI2	IncI2	115220	3.6.7.9.14.467	3	6	7	9	14	467
NZ_CP076281.1	IncI2	IncI2	94001	3.6.7.66.250.476	3	6	7	66	250	476
NZ_CP076284.1	IncI2	IncI2	58159	3.4.8.144.251.477	3	4	8	144	251	477
NZ_CP128881.1	IncI2	IncI2	55925	3.4.8.70.98.167	3	4	8	70	98	167
NZ_CP128934.1	IncI2	IncI2	57074	3.4.8.70.98.167	3	4	8	70	98	167
NZ_CP134356.1	IncI2	IncI2	60879	3.4.8.70.98.167	3	4	8	70	98	167
NZ_CP144929.1	IncI2	IncI2	59620	3.4.8.144.251.707	3	4	8	144	251	707
NZ_KU761326.1	IncI2	IncI2	64964	3.4.8.70.98.296	3	4	8	70	98	296
NZ_KY829117.1	IncI2	IncI2	62098	3.6.49.222.414.903	3	6	49	222	414	903
NZ_LN623683.1	IncI2	IncI2	62139	3.4.8.70.98.167	3	4	8	70	98	167
NZ_MG825374.1	IncI2	IncI2	60960	3.6.49.222.414.903	3	6	49	222	414	903
NZ_MT499885.1	IncI2	IncI2	64163	3.4.8.70.98.950	3	4	8	70	98	950
AP026450.1	IncN	IncN	49245	4.5.6.8.8.8	4	5	6	8	8	8
AP026458.1	IncN	IncN	49620	4.5.6.8.8.9	4	5	6	8	8	9
AP026467.1	IncN	IncN	47664	4.5.6.8.8.9	4	5	6	8	8	9
AP026474.1	IncN	IncN	50698	4.5.6.8.8.8	4	5	6	8	8	8
AP026478.1	IncN	IncN	50585	4.5.6.8.8.8	4	5	6	8	8	8
AP026481.1	IncN	IncN	50698	4.5.6.8.8.8	4	5	6	8	8	8
AP026485.1	IncN	IncN	39121	4.5.6.8.8.13	4	5	6	8	8	13
AP026491.1	IncN	IncN	48260	4.5.6.8.8.9	4	5	6	8	8	9
AP026499.1	IncN	IncN	50698	4.5.6.8.8.8	4	5	6	8	8	8
AP026506.1	IncN	IncN	48249	4.5.6.8.8.9	4	5	6	8	8	9
AP026509.1	IncN	IncN	48260	4.5.6.8.8.9	4	5	6	8	8	9
AP026512.1	IncN	IncN	58542	4.5.6.8.8.18	4	5	6	8	8	18
AP026516.1	IncN	IncN	49681	4.5.6.8.8.9	4	5	6	8	8	9
AP026522.1	IncN	IncN	49498	4.5.6.8.8.20	4	5	6	8	8	20
AP026533.1	IncN	IncN	45363	4.5.6.8.8.8	4	5	6	8	8	8
CP052872.1	IncN	IncN	66249	4.5.6.8.8.36	4	5	6	8	8	36
CP053703.1	IncN	IncN	55277	4.5.6.8.8.37	4	5	6	8	8	37
CP064823.1	IncN	IncN	33629	3.6.7.20.25.42	3	6	7	20	25	42
LC720959.1	IncN	IncN	49758	4.5.6.8.8.9	4	5	6	8	8	9
LC720960.1	IncN	IncN	50134	4.5.6.8.8.9	4	5	6	8	8	9
LC771582.1	IncN	IncN	51776	4.5.6.8.8.8	4	5	6	8	8	8
LC771583.1	IncN	IncN	51787	4.5.6.8.8.8	4	5	6	8	8	8
LC771584.1	IncN	IncN	51117	4.5.6.8.8.9	4	5	6	8	8	9
LC771585.1	IncN	IncN	49458	4.5.6.8.8.8	4	5	6	8	8	8
LC771586.1	IncN	IncN	103545	4.5.6.8.8.82	4	5	6	8	8	82
LC771587.1	IncN	IncN	50951	4.5.6.8.8.8	4	5	6	8	8	8
NZ_AP024761.1	IncN	IncN	125298	4.5.6.7.20.137	4	5	6	7	20	137
NZ_AP024767.1	IncN	IncN	124880	4.5.6.7.20.137	4	5	6	7	20	137
NZ_CP053728.1	IncN	IncN	80920	3.6.7.9.200.356	3	6	7	9	200	356
NZ_CP128876.1	IncN	IncN	103545	4.5.6.8.8.82	4	5	6	8	8	82
NZ_MN086778.1	IncN	IncN	124991	4.5.6.7.20.936	4	5	6	7	20	936
NZ_ON777849.1	IncN	IncN	59162	4.5.6.8.426.976	4	5	6	8	426	976
NZ_ON777850.1	IncN	IncN	288712	3.6.7.9.14.977	3	6	7	9	14	977
RefSeq_NC_003292.1	IncN	IncN	50969	4.5.6.7.432.1003	4	5	6	7	432	1003
RefSeq_NC_007682.3	IncN	IncN	56634	3.6.7.20.435.1010	3	6	7	20	435	1010
RefSeq_NC_009131.1	IncN	IncN	65288	4.5.6.8.8.1011	4	5	6	8	8	1011
RefSeq_NC_009132.1	IncN	IncN	63946	4.5.6.8.32.1012	4	5	6	8	32	1012
RefSeq_NC_009980.1	IncN	IncN	61571	4.5.6.8.8.1016	4	5	6	8	8	1016
RefSeq_NC_011383.1	IncN	IncN	70655	4.5.6.8.32.1027	4	5	6	8	32	1027
RefSeq_NC_011385.1	IncN	IncN	75617	4.5.6.7.20.1028	4	5	6	7	20	1028
RefSeq_NC_011617.1	IncN	IncN	67850	4.5.6.8.8.1029	4	5	6	8	8	1029
RefSeq_NC_014208.1	IncN	IncN	54641	4.5.6.8.8.1035	4	5	6	8	8	1035
RefSeq_NC_014231.1	IncN	IncN	53207	4.5.6.8.8.1036	4	5	6	8	8	1036
RefSeq_NC_014304.1	IncN	IncN	102323	4.5.6.7.20.1038	4	5	6	7	20	1038
RefSeq_NC_014368.1	IncN	IncN	79307	4.5.6.8.8.1040	4	5	6	8	8	1040
RefSeq_NC_014385.1	IncN	IncN	144871	4.5.6.7.9.1042	4	5	6	7	9	1042
RefSeq_NC_015599.1	IncN	IncN	54205	4.5.6.7.20.1045	4	5	6	7	20	1045
RefSeq_NC_015872.1	IncN	IncN	35947	3.6.7.186.444.1046	3	6	7	186	444	1046
RefSeq_NC_018999.1	IncN	IncN	65840	4.5.6.8.446.1055	4	5	6	8	446	1055
RefSeq_NC_019033.1	IncN	IncN	42379	4.5.6.8.8.1058	4	5	6	8	8	1058
RefSeq_NC_019082.1	IncN	IncN	51556	4.5.6.8.8.1061	4	5	6	8	8	1061
RefSeq_NC_019087.1	IncN	IncN	44216	4.5.6.8.8.1062	4	5	6	8	8	1062
RefSeq_NC_019098.1	IncN	IncN	39510	4.5.6.8.8.1065	4	5	6	8	8	1065
RefSeq_NC_019124.1	IncN	IncN	40995	4.5.6.8.426.1069	4	5	6	8	426	1069
RefSeq_NC_019163.1	IncN	IncN	41187	4.5.6.8.426.1072	4	5	6	8	426	1072
RefSeq_NC_019310.1	IncN	IncN	65150	4.5.6.7.21.1076	4	5	6	7	21	1076
RefSeq_NC_019888.1	IncN	IncN	83712	4.5.6.7.21.1081	4	5	6	7	21	1081
RefSeq_NC_020086.1	IncN	IncN	80105	4.5.6.7.411.1082	4	5	6	7	411	1082
RefSeq_NC_020088.1	IncN	IncN	51160	4.5.6.7.432.1084	4	5	6	7	432	1084
RefSeq_NC_020122.1	IncN	IncN	34826	4.5.6.231.450.1085	4	5	6	231	450	1085
RefSeq_NC_021622.1	IncN	IncN	56171	4.5.6.7.21.1092	4	5	6	7	21	1092
RefSeq_NC_021660.2	IncN	IncN	54605	4.5.6.8.452.1093	4	5	6	8	452	1093
RefSeq_NC_021664.2	IncN	IncN	53081	4.5.6.8.8.1094	4	5	6	8	8	1094
RefSeq_NC_022374.1	IncN	IncN	54373	4.5.6.8.8.1097	4	5	6	8	8	1097
RefSeq_NC_022375.2	IncN	IncN	59400	4.5.6.7.411.1098	4	5	6	7	411	1098
RefSeq_NC_022885.1	IncN	IncN	145401	3.6.7.9.238.1101	3	6	7	9	238	1101
RefSeq_NC_023909.1	IncN	IncN	58228	4.5.6.8.8.1104	4	5	6	8	8	1104
RefSeq_NC_023910.1	IncN	IncN	53416	4.5.6.8.8.1097	4	5	6	8	8	1097
RefSeq_NC_024954.1	IncN	IncN	41190	4.5.6.8.426.1072	4	5	6	8	426	1072
RefSeq_NC_024967.1	IncN	IncN	72800	4.5.6.8.8.1106	4	5	6	8	8	1106
RefSeq_NC_024974.1	IncN	IncN	43265	4.5.6.8.8.1107	4	5	6	8	8	1107
RefSeq_NC_025019.1	IncN	IncN	65549	4.5.6.7.432.1108	4	5	6	7	432	1108
RefSeq_NC_025141.1	IncN	IncN	142875	4.5.6.7.21.1110	4	5	6	7	21	1110
RefSeq_NC_025183.1	IncN	IncN	64935	4.5.6.7.432.1108	4	5	6	7	432	1108
RefSeq_NC_025186.1	IncN	IncN	59228	4.5.6.7.21.1113	4	5	6	7	21	1113
RefSeq_NC_032101.1	IncN	IncN	58120	4.5.6.8.8.1114	4	5	6	8	8	1114
RefSeq_NZ_AMRH02000029.1	IncN	IncN	34327	4.5.6.231.450.1085	4	5	6	231	450	1085
RefSeq_NZ_AP018362.1	IncN	IncN	53198	4.5.6.8.8.20	4	5	6	8	8	20
RefSeq_NZ_AP018363.1	IncN	IncN	53989	4.5.6.8.8.1126	4	5	6	8	8	1126
RefSeq_NZ_AP018557.1	IncN	IncN	51787	4.5.6.8.8.8	4	5	6	8	8	8
RefSeq_NZ_AP018565.1	IncN	IncN	73129	4.5.6.8.451.1128	4	5	6	8	451	1128
RefSeq_NZ_AP018572.1	IncN	IncN	111544	4.5.6.7.11.1129	4	5	6	7	11	1129
RefSeq_NZ_AP018674.1	IncN	IncN	66250	4.5.6.7.21.1134	4	5	6	7	21	1134
RefSeq_NZ_AP018741.1	IncN	IncN	130480	4.5.6.7.20.1135	4	5	6	7	20	1135
RefSeq_NZ_AP018742.1	IncN	IncN	50951	4.5.6.8.8.8	4	5	6	8	8	8
RefSeq_NZ_AP018743.1	IncN	IncN	40793	4.5.6.8.8.1136	4	5	6	8	8	1136
RefSeq_NZ_AP018744.1	IncN	IncN	51983	4.5.6.8.8.8	4	5	6	8	8	8
RefSeq_NZ_AP018745.1	IncN	IncN	51983	4.5.6.8.8.8	4	5	6	8	8	8
RefSeq_NZ_AP018746.1	IncN	IncN	51998	4.5.6.8.8.8	4	5	6	8	8	8
RefSeq_NZ_AP018758.1	IncN	IncN	47417	4.5.6.8.8.1137	4	5	6	8	8	1137
RefSeq_NZ_AP019402.1	IncN	IncN	50925	4.5.6.8.8.8	4	5	6	8	8	8
RefSeq_NZ_AP019403.1	IncN	IncN	50899	4.5.6.8.8.8	4	5	6	8	8	8
RefSeq_NZ_AP019404.1	IncN	IncN	52715	4.5.6.8.8.20	4	5	6	8	8	20
RefSeq_NZ_AP019405.1	IncN	IncN	250392	3.6.7.9.10.1143	3	6	7	9	10	1143
RefSeq_NZ_AP019550.1	IncN	IncN	51559	4.5.6.8.8.9	4	5	6	8	8	9
RefSeq_NZ_AP022081.1	IncN	IncN	55445	4.5.6.8.8.1161	4	5	6	8	8	1161
RefSeq_NZ_AP022349.1	IncN	IncN	50206	4.5.6.8.8.9	4	5	6	8	8	9
RefSeq_NZ_AP022350.1	IncN	IncN	33752	4.5.6.8.8.1172	4	5	6	8	8	1172
RefSeq_NZ_AP022353.1	IncN	IncN	138443	4.5.6.7.9.1173	4	5	6	7	9	1173
RefSeq_NZ_AP022354.1	IncN	IncN	121480	4.5.6.7.9.1174	4	5	6	7	9	1174
RefSeq_NZ_AP022356.1	IncN	IncN	50764	4.5.6.8.8.8	4	5	6	8	8	8
RefSeq_NZ_AP022358.1	IncN	IncN	192008	3.6.7.9.200.1176	3	6	7	9	200	1176
RefSeq_NZ_AP022359.1	IncN	IncN	146404	3.6.7.9.200.1177	3	6	7	9	200	1177
RefSeq_NZ_AP022367.1	IncN	IncN	83281	4.5.6.7.20.1181	4	5	6	7	20	1181
RefSeq_NZ_AP022526.1	IncN	IncN	123467	4.5.6.7.9.1185	4	5	6	7	9	1185
RefSeq_NZ_AP022529.1	IncN	IncN	44402	3.6.7.20.202.1186	3	6	7	20	202	1186
RefSeq_NZ_AP024751.1	IncN	IncN	123779	4.5.6.7.20.137	4	5	6	7	20	137
RefSeq_NZ_AP024754.1	IncN	IncN	123514	4.5.6.7.20.137	4	5	6	7	20	137
RefSeq_NZ_AP024757.1	IncN	IncN	123816	4.5.6.7.20.137	4	5	6	7	20	137
RefSeq_NZ_AP024764.1	IncN	IncN	122843	4.5.6.7.20.137	4	5	6	7	20	137
RefSeq_NZ_AP024770.1	IncN	IncN	123805	4.5.6.7.20.137	4	5	6	7	20	137
RefSeq_NZ_AP024773.1	IncN	IncN	123760	4.5.6.7.20.137	4	5	6	7	20	137
RefSeq_NZ_AP024776.1	IncN	IncN	122429	4.5.6.7.20.137	4	5	6	7	20	137
RefSeq_NZ_AP024779.1	IncN	IncN	122441	4.5.6.7.20.137	4	5	6	7	20	137
RefSeq_NZ_AP024782.1	IncN	IncN	123767	4.5.6.7.20.137	4	5	6	7	20	137
RefSeq_NZ_AP024786.1	IncN	IncN	128491	4.5.6.7.30.1204	4	5	6	7	30	1204
RefSeq_NZ_AP024790.1	IncN	IncN	123780	4.5.6.7.20.137	4	5	6	7	20	137
RefSeq_NZ_AP024793.1	IncN	IncN	133170	4.5.6.7.30.1204	4	5	6	7	30	1204
RefSeq_NZ_AP024796.1	IncN	IncN	133781	4.5.6.7.21.1205	4	5	6	7	21	1205
RefSeq_NZ_AP025660.1	IncN	IncN	56167	4.5.6.7.432.1209	4	5	6	7	432	1209
RefSeq_NZ_AP025665.1	IncN	IncN	28365	4.5.6.8.461.1210	4	5	6	8	461	1210
RefSeq_NZ_AP026527.1	IncN	IncN	49694	4.5.6.8.8.9	4	5	6	8	8	9
RefSeq_NZ_AP026962.1	IncN	IncN	254266	3.4.8.11.13.17	3	4	8	11	13	17
RefSeq_NZ_AP027405.1	IncN	IncN	52834	4.5.6.7.432.1225	4	5	6	7	432	1225
RefSeq_NZ_AP027420.1	IncN	IncN	83405	4.5.6.7.9.1228	4	5	6	7	9	1228
RefSeq_NZ_CM004510.1	IncN	IncN	73152	4.5.6.7.432.1246	4	5	6	7	432	1246
RefSeq_NZ_CM008264.1	IncN	IncN	218800	3.6.7.10.70.1251	3	6	7	10	70	1251
RefSeq_NZ_CM008471.1	IncN	IncN	59399	4.5.6.8.8.1252	4	5	6	8	8	1252
RefSeq_NZ_CM017109.1	IncN	IncN	33740	4.5.6.8.426.1269	4	5	6	8	426	1269
RefSeq_NZ_CM017157.1	IncN	IncN	68539	4.5.6.8.8.1277	4	5	6	8	8	1277
RefSeq_NZ_CM017184.1	IncN	IncN	43405	4.5.6.8.8.1280	4	5	6	8	8	1280
RefSeq_NZ_CM017260.1	IncN	IncN	42792	4.5.6.8.8.1065	4	5	6	8	8	1065
RefSeq_NZ_CM018324.1	IncN	IncN	39033	4.5.6.8.8.1287	4	5	6	8	8	1287
RefSeq_NZ_CP007732.1	IncN	IncN	268334	4.5.6.21.26.1298	4	5	6	21	26	1298
RefSeq_NZ_CP008824.1	IncN	IncN	319976	4.5.6.7.21.1301	4	5	6	7	21	1301
RefSeq_NZ_CP008901.1	IncN	IncN	50333	4.5.6.8.8.1304	4	5	6	8	8	1304
RefSeq_NZ_CP008908.1	IncN	IncN	50333	4.5.6.8.8.1304	4	5	6	8	8	1304
RefSeq_NZ_CP009862.1	IncN	IncN	80186	4.5.6.8.8.1317	4	5	6	8	8	1317
RefSeq_NZ_CP009864.1	IncN	IncN	62589	4.5.6.8.8.1318	4	5	6	8	8	1318
RefSeq_NZ_CP009874.1	IncN	IncN	50051	4.5.6.8.8.1319	4	5	6	8	8	1319
RefSeq_NZ_CP010378.1	IncN	IncN	59134	4.5.6.8.452.1326	4	5	6	8	452	1326
RefSeq_NZ_CP010382.1	IncN	IncN	53129	4.5.6.8.426.1327	4	5	6	8	426	1327
RefSeq_NZ_CP011062.1	IncN	IncN	255368	3.4.8.11.13.17	3	4	8	11	13	17
RefSeq_NZ_CP011589.1	IncN	IncN	59138	4.5.6.8.8.1332	4	5	6	8	8	1332
RefSeq_NZ_CP011646.1	IncN	IncN	96702	4.5.6.7.20.1336	4	5	6	7	20	1336
RefSeq_NZ_CP012143.1	IncN	IncN	42002	4.5.6.8.426.1338	4	5	6	8	426	1338
RefSeq_NZ_CP014524.1	IncN	IncN	49467	4.5.6.8.8.1304	4	5	6	8	8	1304
RefSeq_NZ_CP015078.1	IncN	IncN	71170	3.6.7.9.28.1361	3	6	7	9	28	1361
RefSeq_NZ_CP015389.1	IncN	IncN	53300	4.5.6.7.432.1365	4	5	6	7	432	1365
RefSeq_NZ_CP015505.1	IncN	IncN	34611	4.5.6.228.481.1368	4	5	6	228	481	1368
RefSeq_NZ_CP015725.1	IncN	IncN	210106	3.6.7.10.70.1369	3	6	7	10	70	1369
RefSeq_NZ_CP017083.1	IncN	IncN	24225	4.5.6.8.483.1375	4	5	6	8	483	1375
RefSeq_NZ_CP017086.1	IncN	IncN	59035	4.5.6.7.21.1376	4	5	6	7	21	1376
RefSeq_NZ_CP017587.1	IncN	IncN	47481	3.6.7.9.14.1386	3	6	7	9	14	1386
RefSeq_NZ_CP017632.1	IncN	IncN	369298	3.6.7.10.70.1388	3	6	7	10	70	1388
RefSeq_NZ_CP017725.1	IncN	IncN	49762	4.5.6.8.8.1390	4	5	6	8	8	1390
RefSeq_NZ_CP018220.1	IncN	IncN	197365	3.6.7.9.90.1396	3	6	7	9	90	1396
RefSeq_NZ_CP018442.1	IncN	IncN	34374	4.5.6.8.452.1401	4	5	6	8	452	1401
RefSeq_NZ_CP018643.1	IncN	IncN	118824	4.5.6.7.7.1403	4	5	6	7	7	1403
RefSeq_NZ_CP018646.1	IncN	IncN	54796	4.5.6.8.8.1404	4	5	6	8	8	1404
RefSeq_NZ_CP018649.1	IncN	IncN	54541	4.5.6.7.432.1405	4	5	6	7	432	1405
RefSeq_NZ_CP018887.1	IncN	IncN	123208	4.5.6.7.21.1411	4	5	6	7	21	1411
RefSeq_NZ_CP018945.1	IncN	IncN	55436	4.5.6.8.8.1413	4	5	6	8	8	1413
RefSeq_NZ_CP018963.1	IncN	IncN	54644	4.5.6.8.452.1093	4	5	6	8	452	1093
RefSeq_NZ_CP018977.1	IncN	IncN	58431	4.5.6.8.8.1094	4	5	6	8	8	1094
RefSeq_NZ_CP018988.1	IncN	IncN	34532	4.5.6.231.450.1085	4	5	6	231	450	1085
RefSeq_NZ_CP019006.1	IncN	IncN	47531	4.5.6.7.432.1419	4	5	6	7	432	1419
RefSeq_NZ_CP019026.1	IncN	IncN	59373	4.5.6.8.8.1413	4	5	6	8	8	1413
RefSeq_NZ_CP019200.1	IncN	IncN	34175	4.5.6.231.450.1425	4	5	6	231	450	1425
RefSeq_NZ_CP019214.3	IncN	IncN	289260	3.4.8.11.13.17	3	4	8	11	13	17
RefSeq_NZ_CP019248.1	IncN	IncN	121975	3.6.7.9.14.1426	3	6	7	9	14	1426
RefSeq_NZ_CP019269.1	IncN	IncN	65009	3.6.7.9.14.1427	3	6	7	9	14	1427
RefSeq_NZ_CP019353.1	IncN	IncN	265134	3.4.8.11.13.17	3	4	8	11	13	17
RefSeq_NZ_CP019356.1	IncN	IncN	275899	3.4.8.11.13.47	3	4	8	11	13	47
RefSeq_NZ_CP019647.1	IncN	IncN	275801	3.4.8.11.13.17	3	4	8	11	13	17
RefSeq_NZ_CP019907.1	IncN	IncN	20225	4.5.6.231.486.1436	4	5	6	231	486	1436
RefSeq_NZ_CP019910.1	IncN	IncN	68786	4.5.6.224.423.1437	4	5	6	224	423	1437
RefSeq_NZ_CP020059.1	IncN	IncN	87982	4.5.6.7.20.1439	4	5	6	7	20	1439
RefSeq_NZ_CP020066.1	IncN	IncN	72663	4.5.6.7.432.1444	4	5	6	7	432	1444
RefSeq_NZ_CP020119.1	IncN	IncN	51515	4.5.6.7.411.1446	4	5	6	7	411	1446
RefSeq_NZ_CP021730.1	IncN	IncN	58890	4.5.6.8.8.1469	4	5	6	8	8	1469
RefSeq_NZ_CP021734.1	IncN	IncN	85195	4.5.6.7.20.1470	4	5	6	7	20	1470
RefSeq_NZ_CP022157.1	IncN	IncN	57232	3.6.7.9.200.1485	3	6	7	9	200	1485
RefSeq_NZ_CP022277.1	IncN	IncN	43109	3.6.7.186.489.1487	3	6	7	186	489	1487
RefSeq_NZ_CP022451.1	IncN	IncN	222470	3.6.7.10.70.1492	3	6	7	10	70	1492
RefSeq_NZ_CP023167.1	IncN	IncN	254041	3.6.7.10.70.351	3	6	7	10	70	351
RefSeq_NZ_CP023420.1	IncN	IncN	64940	4.5.6.8.8.1515	4	5	6	8	8	1515
RefSeq_NZ_CP023725.1	IncN	IncN	103454	4.5.6.7.482.1527	4	5	6	7	482	1527
RefSeq_NZ_CP023823.1	IncN	IncN	34371	4.5.6.228.481.1368	4	5	6	228	481	1368
RefSeq_NZ_CP023875.1	IncN	IncN	262185	4.5.6.7.7.1533	4	5	6	7	7	1533
RefSeq_NZ_CP023878.1	IncN	IncN	108606	4.5.6.7.20.1534	4	5	6	7	20	1534
RefSeq_NZ_CP023894.1	IncN	IncN	71267	4.5.6.7.20.1539	4	5	6	7	20	1539
RefSeq_NZ_CP023981.1	IncN	IncN	49735	4.5.6.8.8.1547	4	5	6	8	8	1547
RefSeq_NZ_CP024143.1	IncN	IncN	254423	3.4.8.11.13.17	3	4	8	11	13	17
RefSeq_NZ_CP024153.1	IncN	IncN	98181	4.5.6.7.20.1553	4	5	6	7	20	1553
RefSeq_NZ_CP024853.1	IncN	IncN	35812	4.5.6.231.450.1085	4	5	6	231	450	1085
RefSeq_NZ_CP024879.1	IncN	IncN	38383	4.5.6.8.426.1577	4	5	6	8	426	1577
RefSeq_NZ_CP025233.1	IncN	IncN	60586	4.5.6.8.8.1581	4	5	6	8	8	1581
RefSeq_NZ_CP025710.1	IncN	IncN	70372	4.5.6.8.8.1332	4	5	6	8	8	1332
RefSeq_NZ_CP025758.1	IncN	IncN	62588	4.5.6.8.8.1318	4	5	6	8	8	1318
RefSeq_NZ_CP025965.2	IncN	IncN	59730	4.5.6.7.432.1592	4	5	6	7	432	1592
RefSeq_NZ_CP026053.1	IncN	IncN	47793	4.5.6.8.426.1594	4	5	6	8	426	1594
RefSeq_NZ_CP026060.1	IncN	IncN	34615	4.5.6.228.481.1368	4	5	6	228	481	1368
RefSeq_NZ_CP026169.1	IncN	IncN	58627	4.5.6.8.8.1304	4	5	6	8	8	1304
RefSeq_NZ_CP026179.1	IncN	IncN	237571	3.6.7.9.10.1599	3	6	7	9	10	1599
RefSeq_NZ_CP026184.1	IncN	IncN	60046	4.5.6.7.432.1602	4	5	6	7	432	1602
RefSeq_NZ_CP026205.1	IncN	IncN	77775	4.5.6.8.426.1603	4	5	6	8	426	1603
RefSeq_NZ_CP026211.1	IncN	IncN	51267	4.5.6.7.20.1604	4	5	6	7	20	1604
RefSeq_NZ_CP026232.1	IncN	IncN	62590	4.5.6.8.8.1606	4	5	6	8	8	1606
RefSeq_NZ_CP026236.1	IncN	IncN	65291	4.5.6.8.8.1607	4	5	6	8	8	1607
RefSeq_NZ_CP026389.1	IncN	IncN	50333	4.5.6.8.8.1304	4	5	6	8	8	1304
RefSeq_NZ_CP026492.1	IncN	IncN	264344	3.4.8.11.13.47	3	4	8	11	13	47
RefSeq_NZ_CP026496.1	IncN	IncN	58110	4.5.6.8.8.1615	4	5	6	8	8	1615
RefSeq_NZ_CP026590.1	IncN	IncN	49215	4.5.6.8.8.1618	4	5	6	8	8	1618
RefSeq_NZ_CP026642.1	IncN	IncN	250778	3.4.8.11.13.47	3	4	8	11	13	47
RefSeq_NZ_CP026757.1	IncN	IncN	54418	4.5.6.8.8.1621	4	5	6	8	8	1621
RefSeq_NZ_CP027050.1	IncN	IncN	50979	4.5.6.7.432.1225	4	5	6	7	432	1225
RefSeq_NZ_CP027125.1	IncN	IncN	44160	4.5.6.8.8.1627	4	5	6	8	8	1627
RefSeq_NZ_CP027137.1	IncN	IncN	49534	3.6.7.20.438.1628	3	6	7	20	438	1628
RefSeq_NZ_CP027202.2	IncN	IncN	265538	3.6.7.10.70.1492	3	6	7	10	70	1492
RefSeq_NZ_CP027258.1	IncN	IncN	31467	4.5.86.247.500.1631	4	5	86	247	500	1631
RefSeq_NZ_CP028173.1	IncN	IncN	50905	4.5.6.8.8.1642	4	5	6	8	8	1642
RefSeq_NZ_CP028486.1	IncN	IncN	52864	4.5.6.8.426.1649	4	5	6	8	426	1649
RefSeq_NZ_CP028537.1	IncN	IncN	328828	3.6.7.10.70.1492	3	6	7	10	70	1492
RefSeq_NZ_CP028579.2	IncN	IncN	28726	4.5.6.8.8.1655	4	5	6	8	8	1655
RefSeq_NZ_CP028958.1	IncN	IncN	71304	4.5.6.7.21.1664	4	5	6	7	21	1664
RefSeq_NZ_CP028999.1	IncN	IncN	46504	4.5.6.8.426.1666	4	5	6	8	426	1666
RefSeq_NZ_CP029112.1	IncN	IncN	59626	4.5.6.8.8.1670	4	5	6	8	8	1670
RefSeq_NZ_CP029244.1	IncN	IncN	139629	3.6.7.9.14.1674	3	6	7	9	14	1674
RefSeq_NZ_CP029368.1	IncN	IncN	122194	4.5.6.7.7.1675	4	5	6	7	7	1675
RefSeq_NZ_CP029748.1	IncN	IncN	276880	3.6.7.9.14.1680	3	6	7	9	14	1680
RefSeq_NZ_CP029801.1	IncN	IncN	34063	4.5.6.231.450.1085	4	5	6	231	450	1085
RefSeq_NZ_CP030294.1	IncN	IncN	164198	4.5.6.7.21.1693	4	5	6	7	21	1693
RefSeq_NZ_CP030310.1	IncN	IncN	55833	4.5.6.8.8.1697	4	5	6	8	8	1697
RefSeq_NZ_CP030335.1	IncN	IncN	75281	4.5.6.7.20.1534	4	5	6	7	20	1534
RefSeq_NZ_CP031109.1	IncN	IncN	46827	4.5.6.8.8.1062	4	5	6	8	8	1062
RefSeq_NZ_CP031259.1	IncN	IncN	59149	4.5.6.8.426.1704	4	5	6	8	426	1704
RefSeq_NZ_CP031847.1	IncN	IncN	24225	4.5.6.8.506.1713	4	5	6	8	506	1713
RefSeq_NZ_CP032075.1	IncN	IncN	56401	4.5.6.8.8.1718	4	5	6	8	8	1718
RefSeq_NZ_CP032203.1	IncN	IncN	41865	4.5.6.8.426.1727	4	5	6	8	426	1727
RefSeq_NZ_CP032239.1	IncN	IncN	159756	4.5.6.7.20.1728	4	5	6	7	20	1728
RefSeq_NZ_CP032991.1	IncN	IncN	83867	3.6.7.9.10.1740	3	6	7	9	10	1740
RefSeq_NZ_CP032995.1	IncN	IncN	72717	4.5.6.7.7.1741	4	5	6	7	7	1741
RefSeq_NZ_CP033094.1	IncN	IncN	231859	3.6.7.20.202.1743	3	6	7	20	202	1743
RefSeq_NZ_CP033353.2	IncN	IncN	255327	3.6.7.10.70.1492	3	6	7	10	70	1492
RefSeq_NZ_CP033359.1	IncN	IncN	50864	4.5.6.7.432.1225	4	5	6	7	432	1225
RefSeq_NZ_CP033382.2	IncN	IncN	209798	3.4.8.11.13.17	3	4	8	11	13	17
RefSeq_NZ_CP033385.2	IncN	IncN	181814	3.4.8.11.13.15	3	4	8	11	13	15
RefSeq_NZ_CP033830.1	IncN	IncN	43953	4.5.6.8.426.1727	4	5	6	8	426	1727
RefSeq_NZ_CP034398.1	IncN	IncN	41185	4.5.6.8.426.1072	4	5	6	8	426	1072
RefSeq_NZ_CP034403.1	IncN	IncN	41191	4.5.6.8.8.1766	4	5	6	8	8	1766
RefSeq_NZ_CP034788.1	IncN	IncN	254365	3.4.8.11.13.47	3	4	8	11	13	47
RefSeq_NZ_CP035314.1	IncN	IncN	89963	4.5.6.7.9.1780	4	5	6	7	9	1780
RefSeq_NZ_CP035387.1	IncN	IncN	63369	4.5.6.8.8.1786	4	5	6	8	8	1786
RefSeq_NZ_CP035471.1	IncN	IncN	37447	3.6.7.186.444.1787	3	6	7	186	444	1787
RefSeq_NZ_CP036178.1	IncN	IncN	238258	3.4.8.11.13.17	3	4	8	11	13	17
RefSeq_NZ_CP036180.1	IncN	IncN	109593	4.5.6.7.9.1793	4	5	6	7	9	1793
RefSeq_NZ_CP036363.1	IncN	IncN	54110	4.5.6.7.432.1796	4	5	6	7	432	1796
RefSeq_NZ_CP036368.1	IncN	IncN	59798	4.5.6.7.21.1797	4	5	6	7	21	1797
RefSeq_NZ_CP038139.1	IncN	IncN	265575	3.4.8.11.13.47	3	4	8	11	13	47
RefSeq_NZ_CP038278.1	IncN	IncN	55184	4.5.6.8.426.1807	4	5	6	8	426	1807
RefSeq_NZ_CP039440.1	IncN	IncN	276733	3.4.8.11.13.17	3	4	8	11	13	17
RefSeq_NZ_CP039800.1	IncN	IncN	51995	3.6.7.20.202.1823	3	6	7	20	202	1823
RefSeq_NZ_CP039806.1	IncN	IncN	51995	3.6.7.20.202.1823	3	6	7	20	202	1823
RefSeq_NZ_CP039817.1	IncN	IncN	51995	3.6.7.20.202.1823	3	6	7	20	202	1823
RefSeq_NZ_CP039821.1	IncN	IncN	63046	4.5.6.7.21.1826	4	5	6	7	21	1826
RefSeq_NZ_CP040859.1	IncN	IncN	60832	4.5.6.7.20.1843	4	5	6	7	20	1843
RefSeq_NZ_CP040895.1	IncN	IncN	94635	4.5.6.7.20.1844	4	5	6	7	20	1844
RefSeq_NZ_CP041180.1	IncN	IncN	236217	3.6.7.10.70.1369	3	6	7	10	70	1369
RefSeq_NZ_CP041182.1	IncN	IncN	240209	3.6.7.10.70.1853	3	6	7	10	70	1853
RefSeq_NZ_CP041525.1	IncN	IncN	31500	4.5.6.235.514.1865	4	5	6	235	514	1865
RefSeq_NZ_CP041527.1	IncN	IncN	91974	4.5.6.73.103.1866	4	5	6	73	103	1866
RefSeq_NZ_CP041548.1	IncN	IncN	54244	4.5.6.8.8.1868	4	5	6	8	8	1868
RefSeq_NZ_CP041567.1	IncN	IncN	56521	4.5.6.8.515.1869	4	5	6	8	515	1869
RefSeq_NZ_CP041568.1	IncN	IncN	33943	4.5.6.8.515.1869	4	5	6	8	515	1869
RefSeq_NZ_CP041575.1	IncN	IncN	46057	4.5.6.8.426.1870	4	5	6	8	426	1870
RefSeq_NZ_CP041579.1	IncN	IncN	119184	4.5.6.7.11.1871	4	5	6	7	11	1871
RefSeq_NZ_CP041583.1	IncN	IncN	119791	4.5.6.7.11.1871	4	5	6	7	11	1871
RefSeq_NZ_CP041997.1	IncN	IncN	278067	3.6.7.9.14.1680	3	6	7	9	14	1680
RefSeq_NZ_CP042533.1	IncN	IncN	51987	4.5.6.7.432.1878	4	5	6	7	432	1878
RefSeq_NZ_CP042548.1	IncN	IncN	59124	4.5.6.8.426.1881	4	5	6	8	426	1881
RefSeq_NZ_CP042581.1	IncN	IncN	44630	4.5.6.8.8.1882	4	5	6	8	8	1882
RefSeq_NZ_CP042587.1	IncN	IncN	246716	3.4.8.11.13.17	3	4	8	11	13	17
RefSeq_NZ_CP043184.1	IncN	IncN	43125	4.5.6.8.8.1886	4	5	6	8	8	1886
RefSeq_NZ_CP043186.1	IncN	IncN	42591	4.5.6.8.8.1886	4	5	6	8	8	1886
RefSeq_NZ_CP043188.1	IncN	IncN	42596	4.5.6.8.8.1886	4	5	6	8	8	1886
RefSeq_NZ_CP043224.1	IncN	IncN	42407	4.5.6.8.8.1886	4	5	6	8	8	1886
RefSeq_NZ_CP043276.1	IncN	IncN	122305	4.5.6.7.7.1675	4	5	6	7	7	1675
RefSeq_NZ_CP043354.1	IncN	IncN	99284	4.5.6.7.30.1891	4	5	6	7	30	1891
RefSeq_NZ_CP043516.1	IncN	IncN	56515	4.5.6.8.8.1896	4	5	6	8	8	1896
RefSeq_NZ_CP043856.1	IncN	IncN	51628	4.5.6.8.8.1896	4	5	6	8	8	1896
RefSeq_NZ_CP044159.1	IncN	IncN	59694	4.5.6.8.8.1104	4	5	6	8	8	1104
RefSeq_NZ_CP044187.1	IncN	IncN	62424	4.5.6.7.432.1907	4	5	6	7	432	1907
RefSeq_NZ_CP045022.1	IncN	IncN	50635	4.5.6.8.8.1318	4	5	6	8	8	1318
RefSeq_NZ_CP045256.1	IncN	IncN	24983	4.5.6.8.8.1917	4	5	6	8	8	1917
RefSeq_NZ_CP045742.1	IncN	IncN	180783	3.6.7.48.273.1923	3	6	7	48	273	1923
RefSeq_NZ_CP046118.1	IncN	IncN	62663	4.5.6.7.432.1931	4	5	6	7	432	1931
RefSeq_NZ_CP046958.1	IncN	IncN	97576	4.5.6.7.21.1938	4	5	6	7	21	1938
RefSeq_NZ_CP047128.1	IncN	IncN	85943	3.6.7.48.65.1940	3	6	7	48	65	1940
RefSeq_NZ_CP047659.1	IncN	IncN	251000	3.4.8.11.13.17	3	4	8	11	13	17
RefSeq_NZ_CP047666.1	IncN	IncN	251000	3.4.8.11.13.17	3	4	8	11	13	17
RefSeq_NZ_CP047709.1	IncN	IncN	81960	4.5.6.7.21.1953	4	5	6	7	21	1953
RefSeq_NZ_CP047737.1	IncN	IncN	310486	3.6.7.20.202.1954	3	6	7	20	202	1954
RefSeq_NZ_CP047744.1	IncN	IncN	47939	4.5.6.8.8.1304	4	5	6	8	8	1304
RefSeq_NZ_CP047752.1	IncN	IncN	49295	4.5.6.8.8.1956	4	5	6	8	8	1956
RefSeq_NZ_CP047759.1	IncN	IncN	48330	4.5.6.8.8.1956	4	5	6	8	8	1956
RefSeq_NZ_CP047877.1	IncN	IncN	251000	3.4.8.11.13.17	3	4	8	11	13	17
RefSeq_NZ_CP047969.1	IncN	IncN	41439	4.5.6.8.426.1072	4	5	6	8	426	1072
RefSeq_NZ_CP048699.1	IncN	IncN	55421	4.5.6.8.8.8	4	5	6	8	8	8
RefSeq_NZ_CP048785.1	IncN	IncN	23411	4.5.6.8.8.1970	4	5	6	8	8	1970
RefSeq_NZ_CP048825.1	IncN	IncN	64916	4.5.6.7.432.1108	4	5	6	7	432	1108
RefSeq_NZ_CP049024.1	IncN	IncN	55421	4.5.6.8.8.8	4	5	6	8	8	8
RefSeq_NZ_CP049105.1	IncN	IncN	6063	4.5.6.8.525.1972	4	5	6	8	525	1972
RefSeq_NZ_CP049114.1	IncN	IncN	254290	3.4.8.11.13.47	3	4	8	11	13	47
RefSeq_NZ_CP050010.1	IncN	IncN	34341	4.5.6.8.515.1976	4	5	6	8	515	1976
RefSeq_NZ_CP050159.1	IncN	IncN	56780	4.5.6.7.432.1982	4	5	6	7	432	1982
RefSeq_NZ_CP050160.1	IncN	IncN	60074	4.5.6.7.432.1982	4	5	6	7	432	1982
RefSeq_NZ_CP050761.1	IncN	IncN	214820	3.6.7.10.70.1492	3	6	7	10	70	1492
RefSeq_NZ_CP050763.1	IncN	IncN	190597	3.4.8.11.13.15	3	4	8	11	13	15
RefSeq_NZ_CP050772.1	IncN	IncN	199036	3.4.8.11.13.17	3	4	8	11	13	17
RefSeq_NZ_CP050778.1	IncN	IncN	190811	3.4.8.11.13.234	3	4	8	11	13	234
RefSeq_NZ_CP050780.1	IncN	IncN	239058	3.4.8.11.13.35	3	4	8	11	13	35
RefSeq_NZ_CP050784.1	IncN	IncN	255307	3.6.7.10.70.1492	3	6	7	10	70	1492
RefSeq_NZ_CP050859.2	IncN	IncN	59764	4.5.6.7.432.1592	4	5	6	7	432	1592
RefSeq_NZ_CP052763.1	IncN	IncN	52578	4.5.6.8.8.2009	4	5	6	8	8	2009
RefSeq_NZ_CP053729.1	IncN	IncN	92076	4.5.6.7.20.357	4	5	6	7	20	357
RefSeq_NZ_CP053738.1	IncN	IncN	75733	4.5.6.7.20.294	4	5	6	7	20	294
RefSeq_NZ_CP054272.1	IncN	IncN	78869	4.5.6.7.20.2021	4	5	6	7	20	2021
RefSeq_NZ_CP054284.1	IncN	IncN	34051	4.5.6.228.481.1368	4	5	6	228	481	1368
RefSeq_NZ_CP055031.1	IncN	IncN	26517	4.5.6.8.527.2041	4	5	6	8	527	2041
RefSeq_NZ_CP055042.1	IncN	IncN	87472	4.5.6.7.20.2043	4	5	6	7	20	2043
RefSeq_NZ_CP055054.1	IncN	IncN	41542	3.6.7.258.528.2046	3	6	7	258	528	2046
RefSeq_NZ_CP055108.1	IncN	IncN	105546	4.5.6.7.20.294	4	5	6	7	20	294
RefSeq_NZ_CP055406.1	IncN	IncN	59186	4.5.6.7.432.1878	4	5	6	7	432	1878
RefSeq_NZ_CP056038.1	IncN	IncN	66150	4.5.6.8.8.2082	4	5	6	8	8	2082
RefSeq_NZ_CP056589.1	IncN	IncN	63589	4.5.6.7.20.2106	4	5	6	7	20	2106
RefSeq_NZ_CP056693.1	IncN	IncN	60264	4.5.6.7.432.2113	4	5	6	7	432	2113
RefSeq_NZ_CP056856.1	IncN	IncN	115230	4.5.6.7.21.2124	4	5	6	7	21	2124
RefSeq_NZ_CP057318.1	IncN	IncN	44303	4.5.6.8.8.2128	4	5	6	8	8	2128
RefSeq_NZ_CP057724.1	IncN	IncN	48464	4.5.6.8.8.8	4	5	6	8	8	8
RefSeq_NZ_CP058130.1	IncN	IncN	59001	4.5.6.7.432.2130	4	5	6	7	432	2130
RefSeq_NZ_CP058148.1	IncN	IncN	59112	4.5.6.7.432.2130	4	5	6	7	432	2130
RefSeq_NZ_CP058208.1	IncN	IncN	42916	4.5.6.8.8.2135	4	5	6	8	8	2135
RefSeq_NZ_CP058311.1	IncN	IncN	217263	3.4.8.11.13.234	3	4	8	11	13	234
RefSeq_NZ_CP058653.1	IncN	IncN	154098	3.6.7.9.14.2139	3	6	7	9	14	2139
RefSeq_NZ_CP058658.1	IncN	IncN	122305	4.5.6.7.7.1675	4	5	6	7	7	1675
RefSeq_NZ_CP058751.1	IncN	IncN	61568	4.5.6.8.8.2146	4	5	6	8	8	2146
RefSeq_NZ_CP058761.1	IncN	IncN	61568	4.5.6.7.432.2149	4	5	6	7	432	2149
RefSeq_NZ_CP058774.1	IncN	IncN	61566	4.5.6.7.432.2149	4	5	6	7	432	2149
RefSeq_NZ_CP058862.1	IncN	IncN	60679	4.5.6.7.411.2155	4	5	6	7	411	2155
RefSeq_NZ_CP058883.1	IncN	IncN	60680	4.5.6.7.411.2155	4	5	6	7	411	2155
RefSeq_NZ_CP059393.1	IncN	IncN	33201	4.5.6.231.450.2169	4	5	6	231	450	2169
RefSeq_NZ_CP059691.1	IncN	IncN	44070	4.5.6.8.8.2170	4	5	6	8	8	2170
RefSeq_NZ_CP059714.1	IncN	IncN	52787	4.5.6.7.411.2172	4	5	6	7	411	2172
RefSeq_NZ_CP059836.1	IncN	IncN	267184	3.4.8.11.13.17	3	4	8	11	13	17
RefSeq_NZ_CP059934.1	IncN	IncN	56201	4.5.6.7.432.2175	4	5	6	7	432	2175
RefSeq_NZ_CP060067.1	IncN	IncN	35863	4.5.6.8.426.2177	4	5	6	8	426	2177
RefSeq_NZ_CP060751.1	IncN	IncN	93922	3.6.7.9.90.2185	3	6	7	9	90	2185
RefSeq_NZ_CP060925.1	IncN	IncN	159110	3.6.7.9.10.2187	3	6	7	9	10	2187
RefSeq_NZ_CP060971.1	IncN	IncN	111472	4.5.6.7.9.1852	4	5	6	7	9	1852
RefSeq_NZ_CP061973.1	IncN	IncN	51982	4.5.6.8.426.2200	4	5	6	8	426	2200
RefSeq_NZ_CP062793.1	IncN	IncN	116956	4.5.6.7.11.2203	4	5	6	7	11	2203
RefSeq_NZ_CP062977.1	IncN	IncN	106721	3.6.7.9.135.2208	3	6	7	9	135	2208
RefSeq_NZ_CP063227.1	IncN	IncN	65061	4.5.6.8.436.2211	4	5	6	8	436	2211
RefSeq_NZ_CP063297.1	IncN	IncN	34894	4.5.6.231.450.1085	4	5	6	231	450	1085
RefSeq_NZ_CP063949.1	IncN	IncN	83704	4.5.6.8.426.2232	4	5	6	8	426	2232
RefSeq_NZ_CP064181.1	IncN	IncN	52790	4.5.6.8.426.1649	4	5	6	8	426	1649
RefSeq_NZ_CP064770.1	IncN	IncN	34606	4.5.6.231.450.1085	4	5	6	231	450	1085
RefSeq_NZ_CP065124.1	IncN	IncN	47133	4.5.6.8.8.8	4	5	6	8	8	8
RefSeq_NZ_CP065448.1	IncN	IncN	43961	4.5.6.8.426.2253	4	5	6	8	426	2253
RefSeq_NZ_CP065458.1	IncN	IncN	59242	4.5.6.7.21.2254	4	5	6	7	21	2254
RefSeq_NZ_CP065950.1	IncN	IncN	49502	4.5.6.8.8.1956	4	5	6	8	8	1956
RefSeq_NZ_CP065953.1	IncN	IncN	317010	3.4.8.11.13.2260	3	4	8	11	13	2260
RefSeq_NZ_CP066097.1	IncN	IncN	55421	4.5.6.8.8.8	4	5	6	8	8	8
RefSeq_NZ_CP066846.1	IncN	IncN	60935	4.5.6.7.21.1826	4	5	6	7	21	1826
RefSeq_NZ_CP067067.1	IncN	IncN	328379	3.6.7.10.70.125	3	6	7	10	70	125
RefSeq_NZ_CP067233.1	IncN	IncN	107006	3.6.7.9.238.2267	3	6	7	9	238	2267
RefSeq_NZ_CP067246.1	IncN	IncN	108766	4.5.6.7.9.1793	4	5	6	7	9	1793
RefSeq_NZ_CP067257.1	IncN	IncN	65548	4.5.6.8.32.2270	4	5	6	8	32	2270
RefSeq_NZ_CP067263.1	IncN	IncN	45201	4.5.6.8.8.1058	4	5	6	8	8	1058
RefSeq_NZ_CP067269.1	IncN	IncN	44683	4.5.6.8.8.1058	4	5	6	8	8	1058
RefSeq_NZ_CP067278.1	IncN	IncN	44769	4.5.6.8.8.1058	4	5	6	8	8	1058
RefSeq_NZ_CP067315.1	IncN	IncN	44683	4.5.6.8.8.1058	4	5	6	8	8	1058
RefSeq_NZ_CP068042.1	IncN	IncN	270816	3.4.8.11.13.17	3	4	8	11	13	17
RefSeq_NZ_CP069649.1	IncN	IncN	45893	4.5.6.8.8.2296	4	5	6	8	8	2296
RefSeq_NZ_CP069866.1	IncN	IncN	54563	4.5.6.8.452.2303	4	5	6	8	452	2303
RefSeq_NZ_CP070093.1	IncN	IncN	210510	4.5.6.7.7.65	4	5	6	7	7	65
RefSeq_NZ_CP070293.1	IncN	IncN	107432	4.5.6.7.9.2312	4	5	6	7	9	2312
RefSeq_NZ_CP070300.1	IncN	IncN	97847	3.6.7.9.10.2313	3	6	7	9	10	2313
RefSeq_NZ_CP070519.1	IncN	IncN	87618	4.5.6.7.20.2316	4	5	6	7	20	2316
RefSeq_NZ_CP070531.1	IncN	IncN	73624	4.5.6.8.8.2317	4	5	6	8	8	2317
RefSeq_NZ_CP070535.1	IncN	IncN	62326	4.5.6.8.483.2318	4	5	6	8	483	2318
RefSeq_NZ_CP070538.1	IncN	IncN	80085	4.5.6.8.8.2317	4	5	6	8	8	2317
RefSeq_NZ_CP070554.1	IncN	IncN	63379	4.5.6.8.8.2320	4	5	6	8	8	2320
RefSeq_NZ_CP070571.1	IncN	IncN	88945	4.5.6.7.20.2316	4	5	6	7	20	2316
RefSeq_NZ_CP070575.1	IncN	IncN	88945	4.5.6.7.20.2322	4	5	6	7	20	2322
RefSeq_NZ_CP070576.1	IncN	IncN	88945	4.5.6.7.20.2316	4	5	6	7	20	2316
RefSeq_NZ_CP070580.1	IncN	IncN	88945	4.5.6.7.20.2316	4	5	6	7	20	2316
RefSeq_NZ_CP070587.1	IncN	IncN	88947	4.5.6.7.20.2322	4	5	6	7	20	2322
RefSeq_NZ_CP070594.1	IncN	IncN	88946	4.5.6.7.20.2322	4	5	6	7	20	2322
RefSeq_NZ_CP070952.1	IncN	IncN	184652	3.4.8.11.13.2327	3	4	8	11	13	2327
RefSeq_NZ_CP071712.1	IncN	IncN	268215	3.4.8.11.13.17	3	4	8	11	13	17
RefSeq_NZ_CP071820.1	IncN	IncN	253649	3.4.8.11.13.172	3	4	8	11	13	172
RefSeq_NZ_CP072458.1	IncN	IncN	111105	4.5.6.7.20.2339	4	5	6	7	20	2339
RefSeq_NZ_CP072461.1	IncN	IncN	301103	3.6.7.10.70.2340	3	6	7	10	70	2340
RefSeq_NZ_CP072556.1	IncN	IncN	34607	4.5.6.231.450.1085	4	5	6	231	450	1085
RefSeq_NZ_CP072979.1	IncN	IncN	76592	4.5.6.8.452.2345	4	5	6	8	452	2345
RefSeq_NZ_CP072981.1	IncN	IncN	94462	3.6.7.20.202.2346	3	6	7	20	202	2346
RefSeq_NZ_CP073361.1	IncN	IncN	223103	3.6.7.10.70.1492	3	6	7	10	70	1492
RefSeq_NZ_CP073623.1	IncN	IncN	222008	3.4.8.11.13.234	3	4	8	11	13	234
RefSeq_NZ_CP073774.1	IncN	IncN	44286	4.5.6.8.8.2351	4	5	6	8	8	2351
RefSeq_NZ_CP073790.1	IncN	IncN	40128	4.5.6.8.8.1058	4	5	6	8	8	1058
RefSeq_NZ_CP073923.1	IncN	IncN	54314	4.5.6.8.426.1649	4	5	6	8	426	1649
RefSeq_NZ_CP073931.1	IncN	IncN	37766	4.5.6.8.8.2353	4	5	6	8	8	2353
RefSeq_NZ_CP073951.1	IncN	IncN	37766	4.5.6.8.8.2353	4	5	6	8	8	2353
RefSeq_NZ_CP073957.1	IncN	IncN	36963	4.5.6.8.8.2353	4	5	6	8	8	2353
RefSeq_NZ_CP073990.1	IncN	IncN	36593	4.5.6.8.8.2353	4	5	6	8	8	2353
RefSeq_NZ_CP074014.1	IncN	IncN	38883	4.5.6.8.8.2356	4	5	6	8	8	2356
RefSeq_NZ_CP074118.1	IncN	IncN	116047	4.5.6.7.20.2361	4	5	6	7	20	2361
RefSeq_NZ_CP074124.1	IncN	IncN	99826	4.5.6.7.9.1780	4	5	6	7	9	1780
RefSeq_NZ_CP074357.1	IncN	IncN	267429	3.4.8.11.13.47	3	4	8	11	13	47
RefSeq_NZ_CP074447.1	IncN	IncN	43178	4.5.6.8.8.2369	4	5	6	8	8	2369
RefSeq_NZ_CP074450.1	IncN	IncN	61376	4.5.6.8.8.2370	4	5	6	8	8	2370
RefSeq_NZ_CP075064.1	IncN	IncN	101266	4.5.6.7.9.1780	4	5	6	7	9	1780
RefSeq_NZ_CP075738.1	IncN	IncN	222848	3.4.8.11.13.2327	3	4	8	11	13	2327
RefSeq_NZ_CP076521.1	IncN	IncN	26021	4.5.6.8.506.2394	4	5	6	8	506	2394
RefSeq_NZ_CP077413.1	IncN	IncN	78021	4.5.6.8.8.2403	4	5	6	8	8	2403
RefSeq_NZ_CP077825.1	IncN	IncN	49579	4.5.6.8.426.1649	4	5	6	8	426	1649
RefSeq_NZ_CP078058.1	IncN	IncN	57232	4.5.6.8.8.1104	4	5	6	8	8	1104
RefSeq_NZ_CP078126.1	IncN	IncN	49863	4.5.6.8.8.2410	4	5	6	8	8	2410
RefSeq_NZ_CP079765.1	IncN	IncN	265589	3.4.8.11.13.47	3	4	8	11	13	47
RefSeq_NZ_CP079769.1	IncN	IncN	266941	3.4.8.11.13.47	3	4	8	11	13	47
RefSeq_NZ_CP080259.1	IncN	IncN	66696	4.5.6.8.426.2437	4	5	6	8	426	2437
RefSeq_NZ_CP081316.1	IncN	IncN	82438	4.5.6.7.20.2440	4	5	6	7	20	2440
RefSeq_NZ_CP081352.1	IncN	IncN	88159	4.5.6.7.21.2441	4	5	6	7	21	2441
RefSeq_NZ_CP081703.1	IncN	IncN	57913	4.5.6.8.8.1868	4	5	6	8	8	1868
RefSeq_NZ_CP081708.1	IncN	IncN	57912	4.5.6.8.8.1670	4	5	6	8	8	1670
RefSeq_NZ_CP081714.1	IncN	IncN	146662	4.5.6.7.20.2442	4	5	6	7	20	2442
RefSeq_NZ_CP081720.1	IncN	IncN	146658	4.5.6.7.20.2443	4	5	6	7	20	2443
RefSeq_NZ_CP081725.1	IncN	IncN	146661	4.5.6.7.20.2442	4	5	6	7	20	2442
RefSeq_NZ_CP081730.1	IncN	IncN	146661	4.5.6.7.20.2443	4	5	6	7	20	2443
RefSeq_NZ_CP081743.1	IncN	IncN	146653	4.5.6.7.20.2442	4	5	6	7	20	2442
RefSeq_NZ_CP081749.1	IncN	IncN	146661	4.5.6.7.20.2443	4	5	6	7	20	2443
RefSeq_NZ_CP081756.1	IncN	IncN	146660	4.5.6.7.20.2442	4	5	6	7	20	2442
RefSeq_NZ_CP081763.1	IncN	IncN	146661	4.5.6.7.20.2443	4	5	6	7	20	2443
RefSeq_NZ_CP081793.1	IncN	IncN	57913	4.5.6.8.8.1868	4	5	6	8	8	1868
RefSeq_NZ_CP081797.1	IncN	IncN	146661	4.5.6.7.20.2442	4	5	6	7	20	2442
RefSeq_NZ_CP081806.1	IncN	IncN	146641	4.5.6.7.20.2442	4	5	6	7	20	2442
RefSeq_NZ_CP082003.1	IncN	IncN	153399	4.5.6.7.20.2446	4	5	6	7	20	2446
RefSeq_NZ_CP082012.1	IncN	IncN	153214	4.5.6.7.20.2446	4	5	6	7	20	2446
RefSeq_NZ_CP082033.1	IncN	IncN	34073	4.5.6.231.450.1085	4	5	6	231	450	1085
RefSeq_NZ_CP082039.1	IncN	IncN	160747	4.5.6.7.20.2446	4	5	6	7	20	2446
RefSeq_NZ_CP082042.1	IncN	IncN	160563	4.5.6.7.20.2446	4	5	6	7	20	2446
RefSeq_NZ_CP082090.1	IncN	IncN	57134	4.5.6.8.8.2453	4	5	6	8	8	2453
RefSeq_NZ_CP082981.1	IncN	IncN	47362	4.5.6.8.8.2459	4	5	6	8	8	2459
RefSeq_NZ_CP083002.1	IncN	IncN	34058	4.5.6.231.450.1085	4	5	6	231	450	1085
RefSeq_NZ_CP083447.1	IncN	IncN	48038	4.5.6.8.8.1304	4	5	6	8	8	1304
RefSeq_NZ_CP083611.1	IncN	IncN	255611	3.6.7.9.14.44	3	6	7	9	14	44
RefSeq_NZ_CP083864.1	IncN	IncN	55862	3.6.7.20.202.2475	3	6	7	20	202	2475
RefSeq_NZ_CP083991.1	IncN	IncN	38572	4.5.6.8.551.2480	4	5	6	8	551	2480
RefSeq_NZ_CP084206.1	IncN	IncN	138128	4.5.6.7.11.2483	4	5	6	7	11	2483
RefSeq_NZ_CP084208.1	IncN	IncN	139530	4.5.6.7.21.2484	4	5	6	7	21	2484
RefSeq_NZ_CP084210.1	IncN	IncN	38567	4.5.6.8.552.2485	4	5	6	8	552	2485
RefSeq_NZ_CP085189.1	IncN	IncN	253380	3.4.8.11.13.17	3	4	8	11	13	17
RefSeq_NZ_CP085733.1	IncN	IncN	56199	4.5.6.8.8.1413	4	5	6	8	8	1413
RefSeq_NZ_CP085759.1	IncN	IncN	34050	4.5.6.231.450.1085	4	5	6	231	450	1085
RefSeq_NZ_CP086389.1	IncN	IncN	142329	3.4.8.11.13.2327	3	4	8	11	13	2327
RefSeq_NZ_CP089406.1	IncN	IncN	64736	4.5.6.8.8.2536	4	5	6	8	8	2536
RefSeq_NZ_CP089410.1	IncN	IncN	66593	4.5.6.8.8.2537	4	5	6	8	8	2537
RefSeq_NZ_CP089873.1	IncN	IncN	34997	4.5.6.231.450.2543	4	5	6	231	450	2543
RefSeq_NZ_CP090213.1	IncN	IncN	103545	4.5.6.7.20.2551	4	5	6	7	20	2551
RefSeq_NZ_CP090571.1	IncN	IncN	103545	4.5.6.7.20.2551	4	5	6	7	20	2551
RefSeq_NZ_CP090795.1	IncN	IncN	42568	4.5.6.8.8.2556	4	5	6	8	8	2556
RefSeq_NZ_CP090797.1	IncN	IncN	41269	4.5.6.8.452.2557	4	5	6	8	452	2557
RefSeq_NZ_CP090969.1	IncN	IncN	58229	4.5.6.7.432.2560	4	5	6	7	432	2560
RefSeq_NZ_CP091053.1	IncN	IncN	54244	4.5.6.8.452.2562	4	5	6	8	452	2562
RefSeq_NZ_CP091489.1	IncN	IncN	114676	4.5.6.7.20.2570	4	5	6	7	20	2570
RefSeq_NZ_CP091591.1	IncN	IncN	109037	4.5.6.7.20.2574	4	5	6	7	20	2574
RefSeq_NZ_CP091849.1	IncN	IncN	72015	4.5.6.7.411.2585	4	5	6	7	411	2585
RefSeq_NZ_CP092259.1	IncN	IncN	214299	3.6.7.10.70.1492	3	6	7	10	70	1492
RefSeq_NZ_CP092465.1	IncN	IncN	59165	4.5.6.7.432.1592	4	5	6	7	432	1592
RefSeq_NZ_CP092655.1	IncN	IncN	71683	4.5.6.7.21.2589	4	5	6	7	21	2589
RefSeq_NZ_CP093156.1	IncN	IncN	63489	4.5.6.7.432.1592	4	5	6	7	432	1592
RefSeq_NZ_CP093241.1	IncN	IncN	54584	4.5.6.7.432.2594	4	5	6	7	432	2594
RefSeq_NZ_CP093261.1	IncN	IncN	102837	2.14.33.86.556.2595	2	14	33	86	556	2595
RefSeq_NZ_CP093284.1	IncN	IncN	248308	3.4.8.11.13.15	3	4	8	11	13	15
RefSeq_NZ_CP093467.1	IncN	IncN	58125	4.5.6.8.8.2597	4	5	6	8	8	2597
RefSeq_NZ_CP093487.1	IncN	IncN	90276	4.5.6.7.20.2599	4	5	6	7	20	2599
RefSeq_NZ_CP093499.1	IncN	IncN	58118	4.5.6.8.8.2597	4	5	6	8	8	2597
RefSeq_NZ_CP095123.1	IncN	IncN	65895	4.5.6.8.8.2610	4	5	6	8	8	2610
RefSeq_NZ_CP095521.1	IncN	IncN	42897	4.5.6.8.8.1280	4	5	6	8	8	1280
RefSeq_NZ_CP096119.1	IncN	IncN	235522	3.4.8.11.13.17	3	4	8	11	13	17
RefSeq_NZ_CP096190.1	IncN	IncN	72333	3.6.7.9.200.2634	3	6	7	9	200	2634
RefSeq_NZ_CP096241.1	IncN	IncN	62344	4.5.6.7.411.2636	4	5	6	7	411	2636
RefSeq_NZ_CP096922.1	IncN	IncN	62214	4.5.6.7.432.2639	4	5	6	7	432	2639
RefSeq_NZ_CP096924.1	IncN	IncN	55933	4.5.6.8.8.1956	4	5	6	8	8	1956
RefSeq_NZ_CP097077.1	IncN	IncN	296587	3.6.7.9.10.2640	3	6	7	9	10	2640
RefSeq_NZ_CP097081.1	IncN	IncN	78167	4.5.6.8.451.2641	4	5	6	8	451	2641
RefSeq_NZ_CP097084.1	IncN	IncN	70024	4.5.6.8.8.2642	4	5	6	8	8	2642
RefSeq_NZ_CP097098.1	IncN	IncN	65305	4.5.6.7.432.1108	4	5	6	7	432	1108
RefSeq_NZ_CP097344.1	IncN	IncN	79326	4.5.6.8.8.2317	4	5	6	8	8	2317
RefSeq_NZ_CP098449.1	IncN	IncN	24225	4.5.6.8.483.1375	4	5	6	8	483	1375
RefSeq_NZ_CP098452.1	IncN	IncN	24225	4.5.6.8.483.1375	4	5	6	8	483	1375
RefSeq_NZ_CP098488.1	IncN	IncN	57389	4.5.6.7.432.2659	4	5	6	7	432	2659
RefSeq_NZ_CP098781.1	IncN	IncN	52492	4.5.6.8.8.899	4	5	6	8	8	899
RefSeq_NZ_CP098832.1	IncN	IncN	229976	3.6.7.10.70.2661	3	6	7	10	70	2661
RefSeq_NZ_CP099521.1	IncN	IncN	83665	4.5.6.7.21.2668	4	5	6	7	21	2668
RefSeq_NZ_CP099722.1	IncN	IncN	260179	3.6.7.10.70.1492	3	6	7	10	70	1492
RefSeq_NZ_CP099900.1	IncN	IncN	34480	4.5.6.231.450.1085	4	5	6	231	450	1085
RefSeq_NZ_CP100105.1	IncN	IncN	37693	4.5.6.8.452.2676	4	5	6	8	452	2676
RefSeq_NZ_CP100484.1	IncN	IncN	39753	3.6.7.186.444.2679	3	6	7	186	444	2679
RefSeq_NZ_CP101389.1	IncN	IncN	256591	3.4.8.11.13.17	3	4	8	11	13	17
RefSeq_NZ_CP101514.1	IncN	IncN	140492	3.6.7.9.14.2684	3	6	7	9	14	2684
RefSeq_NZ_CP102063.1	IncN	IncN	41190	4.5.6.8.426.1072	4	5	6	8	426	1072
RefSeq_NZ_CP102107.1	IncN	IncN	47285	3.6.7.186.444.2693	3	6	7	186	444	2693
RefSeq_NZ_CP102504.1	IncN	IncN	49302	4.5.6.7.20.2697	4	5	6	7	20	2697
RefSeq_NZ_CP102555.1	IncN	IncN	41190	4.5.6.8.426.1072	4	5	6	8	426	1072
RefSeq_NZ_CP102614.1	IncN	IncN	69184	4.5.6.7.432.2698	4	5	6	7	432	2698
RefSeq_NZ_CP102637.1	IncN	IncN	62699	4.5.6.7.20.2699	4	5	6	7	20	2699
RefSeq_NZ_CP102757.1	IncN	IncN	84242	4.5.6.264.560.2701	4	5	6	264	560	2701
RefSeq_NZ_CP103297.1	IncN	IncN	64018	4.5.6.7.21.2710	4	5	6	7	21	2710
RefSeq_NZ_CP103467.1	IncN	IncN	34630	4.5.6.231.450.1085	4	5	6	231	450	1085
RefSeq_NZ_CP103481.1	IncN	IncN	114140	4.5.6.7.9.2715	4	5	6	7	9	2715
RefSeq_NZ_CP103536.1	IncN	IncN	54676	4.5.6.8.8.2721	4	5	6	8	8	2721
RefSeq_NZ_CP103598.1	IncN	IncN	68086	3.6.7.9.200.2727	3	6	7	9	200	2727
RefSeq_NZ_CP103689.1	IncN	IncN	70661	3.6.7.9.200.2732	3	6	7	9	200	2732
RefSeq_NZ_CP103713.1	IncN	IncN	34612	4.5.6.231.450.1085	4	5	6	231	450	1085
RefSeq_NZ_CP103967.1	IncN	IncN	216988	3.6.7.10.70.1492	3	6	7	10	70	1492
RefSeq_NZ_CP103969.1	IncN	IncN	56163	4.5.6.8.8.2736	4	5	6	8	8	2736
RefSeq_NZ_CP104375.1	IncN	IncN	51640	4.5.6.7.432.1878	4	5	6	7	432	1878
RefSeq_NZ_CP104860.1	IncN	IncN	45301	4.5.6.7.432.2751	4	5	6	7	432	2751
RefSeq_NZ_CP104937.1	IncN	IncN	72961	4.5.6.8.452.2752	4	5	6	8	452	2752
RefSeq_NZ_CP104938.1	IncN	IncN	70547	4.5.6.8.426.2753	4	5	6	8	426	2753
RefSeq_NZ_CP104939.1	IncN	IncN	59478	4.5.6.8.8.2754	4	5	6	8	8	2754
RefSeq_NZ_CP104940.1	IncN	IncN	78023	4.5.6.8.8.2755	4	5	6	8	8	2755
RefSeq_NZ_CP104948.1	IncN	IncN	79326	4.5.6.8.8.2317	4	5	6	8	8	2317
RefSeq_NZ_CP104949.1	IncN	IncN	78022	4.5.6.8.8.2755	4	5	6	8	8	2755
RefSeq_NZ_CP104950.1	IncN	IncN	68577	4.5.6.8.8.2755	4	5	6	8	8	2755
RefSeq_NZ_CP104951.1	IncN	IncN	195038	3.6.7.9.200.2756	3	6	7	9	200	2756
RefSeq_NZ_CP104952.1	IncN	IncN	58917	4.5.6.8.8.2757	4	5	6	8	8	2757
RefSeq_NZ_CP104953.1	IncN	IncN	68687	4.5.6.8.8.2320	4	5	6	8	8	2320
RefSeq_NZ_CP104954.1	IncN	IncN	52197	4.5.6.8.452.2758	4	5	6	8	452	2758
RefSeq_NZ_CP104956.1	IncN	IncN	77972	4.5.6.8.8.2755	4	5	6	8	8	2755
RefSeq_NZ_CP104957.1	IncN	IncN	79348	4.5.6.8.8.2403	4	5	6	8	8	2403
RefSeq_NZ_CP104958.1	IncN	IncN	88627	4.5.6.8.452.2759	4	5	6	8	452	2759
RefSeq_NZ_CP104959.1	IncN	IncN	79803	4.5.6.7.432.2760	4	5	6	7	432	2760
RefSeq_NZ_CP104960.1	IncN	IncN	89053	4.5.6.7.432.2760	4	5	6	7	432	2760
RefSeq_NZ_CP104961.1	IncN	IncN	83074	4.5.6.7.432.2761	4	5	6	7	432	2761
RefSeq_NZ_CP106962.1	IncN	IncN	42504	4.5.6.8.8.2556	4	5	6	8	8	2556
RefSeq_NZ_CP107149.1	IncN	IncN	57907	4.5.6.7.432.1878	4	5	6	7	432	1878
RefSeq_NZ_CP107433.1	IncN	IncN	169677	4.5.6.7.20.2778	4	5	6	7	20	2778
RefSeq_NZ_CP107455.1	IncN	IncN	35571	4.5.6.231.450.1085	4	5	6	231	450	1085
RefSeq_NZ_CP110525.1	IncN	IncN	254400	3.4.8.11.13.15	3	4	8	11	13	15
RefSeq_NZ_CP110890.1	IncN	IncN	33719	4.5.6.8.426.1269	4	5	6	8	426	1269
RefSeq_NZ_CP110903.1	IncN	IncN	33742	4.5.6.8.426.1269	4	5	6	8	426	1269
RefSeq_NZ_CP110907.1	IncN	IncN	33719	4.5.6.8.426.1269	4	5	6	8	426	1269
RefSeq_NZ_CP111001.1	IncN	IncN	69242	4.5.6.7.21.2668	4	5	6	7	21	2668
RefSeq_NZ_CP111005.1	IncN	IncN	256283	3.6.7.9.14.977	3	6	7	9	14	977
RefSeq_NZ_CP111006.1	IncN	IncN	78164	4.5.6.7.20.2797	4	5	6	7	20	2797
RefSeq_NZ_CP111010.1	IncN	IncN	69242	4.5.6.7.21.2668	4	5	6	7	21	2668
RefSeq_NZ_CP114152.1	IncN	IncN	70898	4.5.6.8.8.2805	4	5	6	8	8	2805
RefSeq_NZ_CP114158.1	IncN	IncN	70696	4.5.6.8.8.2805	4	5	6	8	8	2805
RefSeq_NZ_CP114378.1	IncN	IncN	51591	4.5.6.8.8.2807	4	5	6	8	8	2807
RefSeq_NZ_CP115315.1	IncN	IncN	48816	4.5.6.8.8.2296	4	5	6	8	8	2296
RefSeq_NZ_CP115675.1	IncN	IncN	76541	4.5.6.8.8.2805	4	5	6	8	8	2805
RefSeq_NZ_CP115684.1	IncN	IncN	57856	4.5.6.8.8.2816	4	5	6	8	8	2816
RefSeq_NZ_CP115698.1	IncN	IncN	76537	4.5.6.8.8.2805	4	5	6	8	8	2805
RefSeq_NZ_CP115835.1	IncN	IncN	329489	3.6.7.10.70.1492	3	6	7	10	70	1492
RefSeq_NZ_CP116111.1	IncN	IncN	159559	3.6.7.9.10.952	3	6	7	9	10	952
RefSeq_NZ_CP116113.1	IncN	IncN	103125	4.5.6.7.9.1793	4	5	6	7	9	1793
RefSeq_NZ_CP116147.1	IncN	IncN	82763	4.5.6.7.9.1780	4	5	6	7	9	1780
RefSeq_NZ_CP116183.1	IncN	IncN	103383	4.5.6.7.9.1793	4	5	6	7	9	1793
RefSeq_NZ_CP116912.1	IncN	IncN	35192	4.5.6.228.481.2830	4	5	6	228	481	2830
RefSeq_NZ_CP116915.1	IncN	IncN	35192	4.5.6.231.450.2543	4	5	6	231	450	2543
RefSeq_NZ_CP117477.1	IncN	IncN	68426	4.5.6.7.21.2589	4	5	6	7	21	2589
RefSeq_NZ_CP118191.1	IncN	IncN	57893	4.5.6.8.8.1670	4	5	6	8	8	1670
RefSeq_NZ_CP118391.1	IncN	IncN	58429	4.5.6.7.432.2560	4	5	6	7	432	2560
RefSeq_NZ_CP118562.1	IncN	IncN	65317	4.5.6.8.8.1606	4	5	6	8	8	1606
RefSeq_NZ_CP118928.1	IncN	IncN	67839	4.5.6.7.20.2846	4	5	6	7	20	2846
RefSeq_NZ_CP119578.1	IncN	IncN	257019	3.4.8.11.13.47	3	4	8	11	13	47
RefSeq_NZ_CP119579.2	IncN	IncN	123652	3.6.7.9.14.2849	3	6	7	9	14	2849
RefSeq_NZ_CP121399.1	IncN	IncN	296406	3.4.8.11.13.17	3	4	8	11	13	17
RefSeq_NZ_CP121403.1	IncN	IncN	301273	3.4.8.11.13.17	3	4	8	11	13	17
RefSeq_NZ_CP121407.1	IncN	IncN	301273	3.4.8.11.13.17	3	4	8	11	13	17
RefSeq_NZ_CP121411.1	IncN	IncN	301273	3.4.8.11.13.17	3	4	8	11	13	17
RefSeq_NZ_CP121416.1	IncN	IncN	293619	3.4.8.11.13.47	3	4	8	11	13	47
RefSeq_NZ_CP122584.1	IncN	IncN	54892	4.5.6.7.432.1796	4	5	6	7	432	1796
RefSeq_NZ_CP122931.1	IncN	IncN	132912	3.6.7.9.10.2871	3	6	7	9	10	2871
RefSeq_NZ_CP123267.1	IncN	IncN	159725	3.6.7.9.10.964	3	6	7	9	10	964
RefSeq_NZ_CP124124.1	IncN	IncN	75314	4.5.6.8.8.2877	4	5	6	8	8	2877
RefSeq_NZ_CP124396.1	IncN	IncN	37893	4.5.6.8.8.2883	4	5	6	8	8	2883
RefSeq_NZ_CP124701.1	IncN	IncN	61402	4.5.6.8.8.2892	4	5	6	8	8	2892
RefSeq_NZ_CP124706.1	IncN	IncN	52716	4.5.6.8.8.2009	4	5	6	8	8	2009
RefSeq_NZ_CP124874.1	IncN	IncN	315303	3.6.7.10.70.125	3	6	7	10	70	125
RefSeq_NZ_CP125091.1	IncN	IncN	47362	4.5.6.7.482.2898	4	5	6	7	482	2898
RefSeq_NZ_CP125782.1	IncN	IncN	51539	4.5.6.8.8.1956	4	5	6	8	8	1956
RefSeq_NZ_CP126750.1	IncN	IncN	60748	4.5.6.7.20.2909	4	5	6	7	20	2909
RefSeq_NZ_CP127521.1	IncN	IncN	57229	4.5.6.8.8.2922	4	5	6	8	8	2922
RefSeq_NZ_CP127840.1	IncN	IncN	53326	4.5.6.7.21.2923	4	5	6	7	21	2923
RefSeq_NZ_CP128565.1	IncN	IncN	167277	4.5.6.7.20.2446	4	5	6	7	20	2446
RefSeq_NZ_CP128882.1	IncN	IncN	49458	4.5.6.8.8.8	4	5	6	8	8	8
RefSeq_NZ_CP128890.1	IncN	IncN	51117	4.5.6.8.8.9	4	5	6	8	8	9
RefSeq_NZ_CP128894.1	IncN	IncN	51787	4.5.6.8.8.8	4	5	6	8	8	8
RefSeq_NZ_CP128899.1	IncN	IncN	50951	4.5.6.8.8.8	4	5	6	8	8	8
RefSeq_NZ_CP128909.1	IncN	IncN	50134	4.5.6.8.8.9	4	5	6	8	8	9
RefSeq_NZ_CP128915.1	IncN	IncN	51776	4.5.6.8.8.8	4	5	6	8	8	8
RefSeq_NZ_CP128918.1	IncN	IncN	49758	4.5.6.8.8.9	4	5	6	8	8	9
RefSeq_NZ_CP128921.1	IncN	IncN	58542	4.5.6.8.8.18	4	5	6	8	8	18
RefSeq_NZ_CP128925.1	IncN	IncN	48260	4.5.6.8.8.9	4	5	6	8	8	9
RefSeq_NZ_CP128929.1	IncN	IncN	48249	4.5.6.8.8.9	4	5	6	8	8	9
RefSeq_NZ_CP128935.1	IncN	IncN	50698	4.5.6.8.8.8	4	5	6	8	8	8
RefSeq_NZ_CP128943.1	IncN	IncN	48260	4.5.6.8.8.9	4	5	6	8	8	9
RefSeq_NZ_CP128948.1	IncN	IncN	39121	4.5.6.8.8.13	4	5	6	8	8	13
RefSeq_NZ_CP128954.1	IncN	IncN	45363	4.5.6.8.8.8	4	5	6	8	8	8
RefSeq_NZ_CP128961.1	IncN	IncN	50698	4.5.6.8.8.8	4	5	6	8	8	8
RefSeq_NZ_CP128967.1	IncN	IncN	47664	4.5.6.8.8.9	4	5	6	8	8	9
RefSeq_NZ_CP128974.1	IncN	IncN	49620	4.5.6.8.8.9	4	5	6	8	8	9
RefSeq_NZ_CP128982.1	IncN	IncN	49245	4.5.6.8.8.8	4	5	6	8	8	8
RefSeq_NZ_CP129706.1	IncN	IncN	47198	4.5.6.8.574.2940	4	5	6	8	574	2940
RefSeq_NZ_CP129711.1	IncN	IncN	47198	4.5.6.8.574.2940	4	5	6	8	574	2940
RefSeq_NZ_CP132017.1	IncN	IncN	52526	4.5.6.8.8.2972	4	5	6	8	8	2972
RefSeq_NZ_CP132023.1	IncN	IncN	34369	4.5.6.228.481.1368	4	5	6	228	481	1368
RefSeq_NZ_CP132286.1	IncN	IncN	64968	4.5.6.8.451.2977	4	5	6	8	451	2977
RefSeq_NZ_CP132686.1	IncN	IncN	35067	4.5.6.228.481.1368	4	5	6	228	481	1368
RefSeq_NZ_CP132982.1	IncN	IncN	267517	3.4.8.11.13.17	3	4	8	11	13	17
RefSeq_NZ_CP133207.1	IncN	IncN	59353	4.5.6.7.432.1592	4	5	6	7	432	1592
RefSeq_NZ_CP133225.1	IncN	IncN	59761	4.5.6.7.432.1592	4	5	6	7	432	1592
RefSeq_NZ_CP133567.1	IncN	IncN	47645	4.5.6.8.8.1390	4	5	6	8	8	1390
RefSeq_NZ_CP133741.1	IncN	IncN	52317	4.5.6.8.8.2992	4	5	6	8	8	2992
RefSeq_NZ_CP133851.1	IncN	IncN	30566	4.5.6.8.578.2993	4	5	6	8	578	2993
RefSeq_NZ_CP133867.1	IncN	IncN	99318	4.5.6.7.20.2995	4	5	6	7	20	2995
RefSeq_NZ_CP135187.1	IncN	IncN	54404	4.5.6.8.8.1413	4	5	6	8	8	1413
RefSeq_NZ_CP135207.1	IncN	IncN	43860	4.5.6.8.426.3001	4	5	6	8	426	3001
RefSeq_NZ_CP135277.1	IncN	IncN	178751	3.6.7.9.10.1848	3	6	7	9	10	1848
RefSeq_NZ_CP135452.1	IncN	IncN	85586	4.5.6.8.8.3005	4	5	6	8	8	3005
RefSeq_NZ_CP135460.1	IncN	IncN	53262	4.5.6.8.8.1606	4	5	6	8	8	1606
RefSeq_NZ_CP135501.1	IncN	IncN	55403	4.5.6.8.8.8	4	5	6	8	8	8
RefSeq_NZ_CP135694.1	IncN	IncN	37161	4.5.6.8.552.3013	4	5	6	8	552	3013
RefSeq_NZ_CP136434.1	IncN	IncN	25002	4.5.6.8.8.1917	4	5	6	8	8	1917
RefSeq_NZ_CP136724.1	IncN	IncN	33719	4.5.6.8.426.1269	4	5	6	8	426	1269
RefSeq_NZ_CP136809.1	IncN	IncN	59633	4.5.6.8.8.3017	4	5	6	8	8	3017
RefSeq_NZ_CP136815.1	IncN	IncN	83415	4.5.6.7.21.2668	4	5	6	7	21	2668
RefSeq_NZ_CP136817.1	IncN	IncN	35255	4.5.6.231.450.1085	4	5	6	231	450	1085
RefSeq_NZ_CP136820.1	IncN	IncN	68199	4.5.6.7.20.3018	4	5	6	7	20	3018
RefSeq_NZ_CP136822.1	IncN	IncN	65581	4.5.6.7.20.3019	4	5	6	7	20	3019
RefSeq_NZ_CP136826.1	IncN	IncN	55120	4.5.6.7.411.2172	4	5	6	7	411	2172
RefSeq_NZ_CP136829.1	IncN	IncN	34990	4.5.6.228.481.1368	4	5	6	228	481	1368
RefSeq_NZ_CP136834.1	IncN	IncN	34990	4.5.6.228.481.1368	4	5	6	228	481	1368
RefSeq_NZ_CP137082.1	IncN	IncN	24225	4.5.6.8.8.3021	4	5	6	8	8	3021
RefSeq_NZ_CP137122.1	IncN	IncN	49204	4.5.6.8.8.2009	4	5	6	8	8	2009
RefSeq_NZ_CP137127.1	IncN	IncN	49205	4.5.6.8.8.2009	4	5	6	8	8	2009
RefSeq_NZ_CP137172.1	IncN	IncN	52865	4.5.6.8.8.2009	4	5	6	8	8	2009
RefSeq_NZ_CP137206.1	IncN	IncN	29569	4.5.6.8.452.3023	4	5	6	8	452	3023
RefSeq_NZ_CP137222.1	IncN	IncN	24225	4.5.6.8.483.1375	4	5	6	8	483	1375
RefSeq_NZ_CP137225.1	IncN	IncN	25002	4.5.6.8.8.1917	4	5	6	8	8	1917
RefSeq_NZ_CP137227.1	IncN	IncN	24225	4.5.6.8.483.1375	4	5	6	8	483	1375
RefSeq_NZ_CP137334.1	IncN	IncN	24118	4.5.6.8.8.1917	4	5	6	8	8	1917
RefSeq_NZ_CP138493.1	IncN	IncN	24225	4.5.6.8.483.1375	4	5	6	8	483	1375
RefSeq_NZ_CP138523.1	IncN	IncN	59765	4.5.6.7.432.1592	4	5	6	7	432	1592
RefSeq_NZ_CP138536.1	IncN	IncN	59933	4.5.6.7.432.1592	4	5	6	7	432	1592
RefSeq_NZ_CP139406.1	IncN	IncN	34073	4.5.6.231.450.1085	4	5	6	231	450	1085
RefSeq_NZ_CP139490.1	IncN	IncN	98536	4.5.6.7.9.1793	4	5	6	7	9	1793
RefSeq_NZ_CP140501.1	IncN	IncN	87356	4.5.6.7.20.3049	4	5	6	7	20	3049
RefSeq_NZ_CP141568.1	IncN	IncN	57006	4.5.6.8.8.1896	4	5	6	8	8	1896
RefSeq_NZ_CP141579.1	IncN	IncN	52318	4.5.6.8.8.2992	4	5	6	8	8	2992
RefSeq_NZ_CP141788.1	IncN	IncN	69429	4.5.6.7.21.3061	4	5	6	7	21	3061
RefSeq_NZ_CP141790.1	IncN	IncN	82724	4.5.6.7.21.3061	4	5	6	7	21	3061
RefSeq_NZ_CP141849.1	IncN	IncN	62849	4.5.6.8.426.3063	4	5	6	8	426	3063
RefSeq_NZ_CP141903.1	IncN	IncN	3293	3.6.93.267.581.3067	3	6	93	267	581	3067
RefSeq_NZ_CP142036.1	IncN	IncN	241206	3.4.8.11.13.17	3	4	8	11	13	17
RefSeq_NZ_CP142678.1	IncN	IncN	252870	3.4.8.11.13.17	3	4	8	11	13	17
RefSeq_NZ_CP142683.1	IncN	IncN	40779	4.5.6.8.8.2296	4	5	6	8	8	2296
RefSeq_NZ_CP142974.1	IncN	IncN	98838	3.6.7.9.200.3072	3	6	7	9	200	3072
RefSeq_NZ_CP143510.1	IncN	IncN	59154	4.5.6.8.8.3078	4	5	6	8	8	3078
RefSeq_NZ_EF219134.1	IncN	IncN	58107	4.5.6.8.8.3082	4	5	6	8	8	3082
RefSeq_NZ_EU880929.1	IncN	IncN	64476	4.5.6.8.8.3083	4	5	6	8	8	3083
RefSeq_NZ_JAAEWL010000015.1	IncN	IncN	65238	4.5.6.7.21.1076	4	5	6	7	21	1076
RefSeq_NZ_JAAEWM010000008.1	IncN	IncN	58109	4.5.6.7.582.3087	4	5	6	7	582	3087
RefSeq_NZ_JAAVWJ010000002.1	IncN	IncN	46054	4.5.6.8.426.3090	4	5	6	8	426	3090
RefSeq_NZ_JABSUB010000003.1	IncN	IncN	54609	4.5.6.8.452.1093	4	5	6	8	452	1093
RefSeq_NZ_JABWPS010000002.1	IncN	IncN	255621	3.4.8.11.13.2327	3	4	8	11	13	2327
RefSeq_NZ_JABXPA010000005.1	IncN	IncN	62709	4.5.6.8.452.3095	4	5	6	8	452	3095
RefSeq_NZ_JABXQP010000002.1	IncN	IncN	57082	3.6.7.186.489.3100	3	6	7	186	489	3100
RefSeq_NZ_JACWHM010000027.1	IncN	IncN	47459	3.6.7.20.438.3110	3	6	7	20	438	3110
RefSeq_NZ_JACYGB010000005.1	IncN	IncN	41881	4.5.6.8.426.1338	4	5	6	8	426	1338
RefSeq_NZ_JACZEH010000075.1	IncN	IncN	12374	3.6.7.272.588.3121	3	6	7	272	588	3121
RefSeq_NZ_JADPQD010000004.1	IncN	IncN	41185	4.5.6.8.426.1072	4	5	6	8	426	1072
RefSeq_NZ_JAEKPA010000277.1	IncN	IncN	36528	4.5.6.228.481.3125	4	5	6	228	481	3125
RefSeq_NZ_JAEQMI010000026.1	IncN	IncN	4722	3.6.94.273.590.3127	3	6	94	273	590	3127
RefSeq_NZ_JAESGZ010000002.1	IncN	IncN	259441	3.4.8.11.13.35	3	4	8	11	13	35
RefSeq_NZ_JAFHEJ010000575.1	IncN	IncN	73409	4.5.6.8.8.2403	4	5	6	8	8	2403
RefSeq_NZ_JAFHEM010000630.1	IncN	IncN	70752	4.5.6.8.8.2403	4	5	6	8	8	2403
RefSeq_NZ_JAFHHD010000079.1	IncN	IncN	78021	4.5.6.8.8.2403	4	5	6	8	8	2403
RefSeq_NZ_JAFHHG010000259.1	IncN	IncN	78021	4.5.6.8.8.2403	4	5	6	8	8	2403
RefSeq_NZ_JAFHHJ010000127.1	IncN	IncN	78021	4.5.6.8.8.2403	4	5	6	8	8	2403
RefSeq_NZ_JAFHHL010000264.1	IncN	IncN	78021	4.5.6.8.8.2403	4	5	6	8	8	2403
RefSeq_NZ_JAFHID010000069.1	IncN	IncN	78021	4.5.6.8.8.2403	4	5	6	8	8	2403
RefSeq_NZ_JAFHMR010000177.1	IncN	IncN	76675	4.5.6.8.8.2403	4	5	6	8	8	2403
RefSeq_NZ_JAFHMS010000378.1	IncN	IncN	75302	4.5.6.8.8.2403	4	5	6	8	8	2403
RefSeq_NZ_JAFHMW010000240.1	IncN	IncN	77725	4.5.6.8.8.2403	4	5	6	8	8	2403
RefSeq_NZ_JAFHMX010000099.1	IncN	IncN	78021	4.5.6.8.8.2403	4	5	6	8	8	2403
RefSeq_NZ_JAFHNL010000259.1	IncN	IncN	68717	4.5.6.8.8.2403	4	5	6	8	8	2403
RefSeq_NZ_JAFHOF010000434.1	IncN	IncN	61001	4.5.6.8.8.2754	4	5	6	8	8	2754
RefSeq_NZ_JAFHPF010000114.1	IncN	IncN	71340	4.5.6.8.8.2403	4	5	6	8	8	2403
RefSeq_NZ_JAFHUD010000191.1	IncN	IncN	78022	4.5.6.8.8.2403	4	5	6	8	8	2403
RefSeq_NZ_JAFHUN010000112.1	IncN	IncN	78021	4.5.6.8.8.2403	4	5	6	8	8	2403
RefSeq_NZ_JAFHUO010000184.1	IncN	IncN	78022	4.5.6.8.8.2403	4	5	6	8	8	2403
RefSeq_NZ_JAFHUU010000083.1	IncN	IncN	72259	4.5.6.8.8.2403	4	5	6	8	8	2403
RefSeq_NZ_JAFHVA010000115.1	IncN	IncN	78021	4.5.6.8.8.2403	4	5	6	8	8	2403
RefSeq_NZ_JAFHVK010000127.1	IncN	IncN	75038	4.5.6.8.8.2403	4	5	6	8	8	2403
RefSeq_NZ_JAFHVL010000271.1	IncN	IncN	76046	4.5.6.8.8.2403	4	5	6	8	8	2403
RefSeq_NZ_JAFHWL010000110.1	IncN	IncN	78021	4.5.6.8.8.2403	4	5	6	8	8	2403
RefSeq_NZ_JAFHXO010000153.1	IncN	IncN	77608	4.5.6.8.8.2403	4	5	6	8	8	2403
RefSeq_NZ_JAFHYB010000181.1	IncN	IncN	56687	4.5.6.8.8.2757	4	5	6	8	8	2757
RefSeq_NZ_JAFHYH010000055.1	IncN	IncN	78021	4.5.6.8.8.2403	4	5	6	8	8	2403
RefSeq_NZ_JAFHYL010000047.1	IncN	IncN	59769	4.5.6.8.8.2754	4	5	6	8	8	2754
RefSeq_NZ_JAFHYN010000134.1	IncN	IncN	77128	4.5.6.8.8.2403	4	5	6	8	8	2403
RefSeq_NZ_JAFHYQ010000112.1	IncN	IncN	78021	4.5.6.8.8.2403	4	5	6	8	8	2403
RefSeq_NZ_JAFHYX010000114.1	IncN	IncN	78021	4.5.6.8.8.2403	4	5	6	8	8	2403
RefSeq_NZ_JAFHZD010000135.1	IncN	IncN	70648	4.5.6.8.8.2403	4	5	6	8	8	2403
RefSeq_NZ_JAFHZH010000306.1	IncN	IncN	70131	4.5.6.8.8.2403	4	5	6	8	8	2403
RefSeq_NZ_JAFIAB010000074.1	IncN	IncN	71867	4.5.6.8.8.2403	4	5	6	8	8	2403
RefSeq_NZ_JAFIAF010000215.1	IncN	IncN	78021	4.5.6.8.8.2403	4	5	6	8	8	2403
RefSeq_NZ_JAFIAR010000155.1	IncN	IncN	57609	4.5.6.8.8.2754	4	5	6	8	8	2754
RefSeq_NZ_JAFIQE010000010.1	IncN	IncN	50582	4.5.6.8.506.3131	4	5	6	8	506	3131
RefSeq_NZ_JAFIQF010000007.1	IncN	IncN	74952	4.5.6.8.8.2317	4	5	6	8	8	2317
RefSeq_NZ_JAFIQG010000005.1	IncN	IncN	73624	4.5.6.8.8.2317	4	5	6	8	8	2317
RefSeq_NZ_JAFIQJ010000007.1	IncN	IncN	88945	4.5.6.7.20.2322	4	5	6	7	20	2322
RefSeq_NZ_JAFIQK010000005.1	IncN	IncN	88945	4.5.6.7.20.2322	4	5	6	7	20	2322
RefSeq_NZ_JAGTWT010000009.1	IncN	IncN	57529	4.5.6.8.8.2597	4	5	6	8	8	2597
RefSeq_NZ_JAHBNK010000004.1	IncN	IncN	58943	4.5.6.8.426.1327	4	5	6	8	426	1327
RefSeq_NZ_JAHBNO010000006.1	IncN	IncN	57913	4.5.6.8.8.1670	4	5	6	8	8	1670
RefSeq_NZ_JAIEUC010000004.1	IncN	IncN	43263	4.5.6.8.8.3159	4	5	6	8	8	3159
RefSeq_NZ_JAIEUD010000004.1	IncN	IncN	44091	4.5.6.8.8.3159	4	5	6	8	8	3159
RefSeq_NZ_JAIEUE010000004.1	IncN	IncN	43226	4.5.6.8.8.3159	4	5	6	8	8	3159
RefSeq_NZ_JAIEUF010000004.1	IncN	IncN	43263	4.5.6.8.8.3159	4	5	6	8	8	3159
RefSeq_NZ_JAIOUT010000011.1	IncN	IncN	3195	3.6.93.267.581.3163	3	6	93	267	581	3163
RefSeq_NZ_JAJHPW010000004.1	IncN	IncN	263009	3.4.8.11.13.17	3	4	8	11	13	17
RefSeq_NZ_JAJQQO010000141.1	IncN	IncN	52158	4.5.6.7.20.3175	4	5	6	7	20	3175
RefSeq_NZ_JAKYLS010000078.1	IncN	IncN	44768	4.5.6.8.8.3185	4	5	6	8	8	3185
RefSeq_NZ_JALJQH010000001.1	IncN	IncN	20648	4.5.6.235.605.3192	4	5	6	235	605	3192
RefSeq_NZ_JALJQH010000007.1	IncN	IncN	44207	4.5.6.7.432.3193	4	5	6	7	432	3193
RefSeq_NZ_JALJQN010000006.1	IncN	IncN	61991	4.5.6.8.8.3195	4	5	6	8	8	3195
RefSeq_NZ_JAMBPL010000019.1	IncN	IncN	41182	4.5.6.8.426.1072	4	5	6	8	426	1072
RefSeq_NZ_JAOAOE010000006.1	IncN	IncN	42965	4.5.6.8.8.3209	4	5	6	8	8	3209
RefSeq_NZ_JAOCPZ010000048.1	IncN	IncN	5519	4.5.95.281.609.3210	4	5	95	281	609	3210
RefSeq_NZ_JAPVEN010000034.1	IncN	IncN	52848	4.5.6.7.21.3220	4	5	6	7	21	3220
RefSeq_NZ_JAPZ01000354.1	IncN	IncN	7304	4.5.86.284.612.3221	4	5	86	284	612	3221
RefSeq_NZ_JAQIIS010000001.1	IncN	IncN	53267	4.5.6.8.452.1093	4	5	6	8	452	1093
RefSeq_NZ_JARDRT010000028.1	IncN	IncN	22077	4.5.6.8.8.3237	4	5	6	8	8	3237
RefSeq_NZ_JARVXA010000004.1	IncN	IncN	40254	4.5.6.8.8.3209	4	5	6	8	8	3209
RefSeq_NZ_JASBCL010000002.1	IncN	IncN	293619	3.4.8.11.13.3243	3	4	8	11	13	3243
RefSeq_NZ_JAUANN010000010.1	IncN	IncN	110597	4.5.6.7.432.1225	4	5	6	7	432	1225
RefSeq_NZ_JAUANO010000006.1	IncN	IncN	34316	4.5.6.8.452.3254	4	5	6	8	452	3254
RefSeq_NZ_JAUEQX010000002.1	IncN	IncN	53984	4.5.6.8.8.1094	4	5	6	8	8	1094
RefSeq_NZ_JBAFZO010000001.1	IncN	IncN	53237	4.5.6.8.452.1093	4	5	6	8	452	1093
RefSeq_NZ_JDWA01000031.1	IncN	IncN	52200	4.5.6.7.432.1878	4	5	6	7	432	1878
RefSeq_NZ_JQ349086.1	IncN	IncN	41187	4.5.6.8.426.1072	4	5	6	8	426	1072
RefSeq_NZ_JRKV01000055.1	IncN	IncN	20181	4.5.6.8.426.3274	4	5	6	8	426	3274
RefSeq_NZ_JRKW01000018.1	IncN	IncN	20169	4.5.6.8.8.3275	4	5	6	8	8	3275
RefSeq_NZ_JRQB01000057.1	IncN	IncN	4936	4.5.96.289.628.3277	4	5	96	289	628	3277
RefSeq_NZ_JTEP01000016.1	IncN	IncN	64490	4.5.6.7.20.3278	4	5	6	7	20	3278
RefSeq_NZ_KJ020575.1	IncN	IncN	99868	4.5.6.7.9.1780	4	5	6	7	9	1780
RefSeq_NZ_KJ440075.1	IncN	IncN	56072	4.5.6.8.8.2370	4	5	6	8	8	2370
RefSeq_NZ_KJ440076.1	IncN	IncN	56489	4.5.6.8.8.3283	4	5	6	8	8	3283
RefSeq_NZ_KM660724.1	IncN	IncN	57797	4.5.6.7.411.3285	4	5	6	7	411	3285
RefSeq_NZ_KM877517.1	IncN	IncN	133208	4.5.6.7.20.3286	4	5	6	7	20	3286
RefSeq_NZ_KM977631.1	IncN	IncN	50742	4.5.6.8.8.3287	4	5	6	8	8	3287
RefSeq_NZ_KP900017.1	IncN	IncN	41190	4.5.6.8.426.1072	4	5	6	8	426	1072
RefSeq_NZ_KR091915.1	IncN	IncN	56728	4.5.6.8.426.3293	4	5	6	8	426	3293
RefSeq_NZ_KT148595.1	IncN	IncN	53262	4.5.6.8.8.3295	4	5	6	8	8	3295
RefSeq_NZ_KT345947.1	IncN	IncN	42580	4.5.6.8.461.3296	4	5	6	8	461	3296
RefSeq_NZ_KT982613.1	IncN	IncN	50979	4.5.6.8.426.3300	4	5	6	8	426	3300
RefSeq_NZ_KT982614.1	IncN	IncN	54449	4.5.6.8.426.3300	4	5	6	8	426	3300
RefSeq_NZ_KT982615.1	IncN	IncN	54449	4.5.6.8.426.3300	4	5	6	8	426	3300
RefSeq_NZ_KT982616.1	IncN	IncN	54449	4.5.6.8.426.3300	4	5	6	8	426	3300
RefSeq_NZ_KT982617.1	IncN	IncN	54449	4.5.6.8.426.3300	4	5	6	8	426	3300
RefSeq_NZ_KT982618.1	IncN	IncN	51589	4.5.6.8.426.3300	4	5	6	8	426	3300
RefSeq_NZ_KT989376.1	IncN	IncN	54449	4.5.6.8.426.3300	4	5	6	8	426	3300
RefSeq_NZ_KT989598.1	IncN	IncN	54669	4.5.6.8.426.3300	4	5	6	8	426	3300
RefSeq_NZ_KU051707.1	IncN	IncN	51362	4.5.6.8.426.3300	4	5	6	8	426	3300
RefSeq_NZ_KU051708.1	IncN	IncN	51469	4.5.6.8.426.3300	4	5	6	8	426	3300
RefSeq_NZ_KU051709.1	IncN	IncN	51600	4.5.6.8.426.3300	4	5	6	8	426	3300
RefSeq_NZ_KU051710.1	IncN	IncN	50546	4.5.6.8.426.3300	4	5	6	8	426	3300
RefSeq_NZ_KU295131.1	IncN	IncN	107760	4.5.6.7.20.3302	4	5	6	7	20	3302
RefSeq_NZ_KU295134.1	IncN	IncN	87982	4.5.6.7.20.3304	4	5	6	7	20	3304
RefSeq_NZ_KU726588.1	IncN	IncN	54449	4.5.6.8.426.3300	4	5	6	8	426	3300
RefSeq_NZ_KU862632.1	IncN	IncN	51591	4.5.6.8.426.3300	4	5	6	8	426	3300
RefSeq_NZ_KU886034.1	IncN	IncN	51599	4.5.6.8.426.3300	4	5	6	8	426	3300
RefSeq_NZ_KX062091.1	IncN	IncN	52536	4.5.6.8.8.1094	4	5	6	8	8	1094
RefSeq_NZ_KX154765.1	IncN	IncN	50800	4.5.6.8.8.3306	4	5	6	8	8	3306
RefSeq_NZ_KX276657.1	IncN	IncN	225069	3.6.7.10.70.1251	3	6	7	10	70	1251
RefSeq_NZ_KX397572.1	IncN	IncN	55902	4.5.6.8.8.1094	4	5	6	8	8	1094
RefSeq_NZ_KX711879.1	IncN	IncN	51207	4.5.6.8.8.899	4	5	6	8	8	899
RefSeq_NZ_KX711880.1	IncN	IncN	46629	4.5.6.8.8.3310	4	5	6	8	8	3310
RefSeq_NZ_KX784502.1	IncN	IncN	42461	4.5.6.8.452.2557	4	5	6	8	452	2557
RefSeq_NZ_KX784503.1	IncN	IncN	43797	4.5.6.8.426.3311	4	5	6	8	426	3311
RefSeq_NZ_KX856066.1	IncN	IncN	238539	3.4.8.11.13.15	3	4	8	11	13	15
RefSeq_NZ_KX881941.1	IncN	IncN	49591	4.5.6.8.426.3317	4	5	6	8	426	3317
RefSeq_NZ_KX928750.1	IncN	IncN	65595	4.5.6.7.411.3319	4	5	6	7	411	3319
RefSeq_NZ_KX928751.1	IncN	IncN	68482	4.5.6.7.20.3320	4	5	6	7	20	3320
RefSeq_NZ_KY128483.1	IncN	IncN	68763	4.5.6.7.432.1907	4	5	6	7	432	1907
RefSeq_NZ_KY128484.1	IncN	IncN	69888	4.5.6.7.432.1907	4	5	6	7	432	1907
RefSeq_NZ_KY271413.1	IncN	IncN	54345	4.5.6.8.8.3325	4	5	6	8	8	3325
RefSeq_NZ_KY271414.1	IncN	IncN	52848	4.5.6.8.426.3317	4	5	6	8	426	3317
RefSeq_NZ_KY271415.1	IncN	IncN	55680	4.5.6.8.426.3317	4	5	6	8	426	3317
RefSeq_NZ_KY913900.1	IncN	IncN	61680	4.5.6.7.21.3328	4	5	6	7	21	3328
RefSeq_NZ_LC511657.1	IncN	IncN	231841	3.4.8.11.13.15	3	4	8	11	13	15
RefSeq_NZ_LC590858.1	IncN	IncN	53449	4.5.6.7.432.3336	4	5	6	7	432	3336
RefSeq_NZ_LC594662.1	IncN	IncN	53457	4.5.6.7.432.3336	4	5	6	7	432	3336
RefSeq_NZ_LN610760.1	IncN	IncN	54036	4.5.6.8.8.2754	4	5	6	8	8	2754
RefSeq_NZ_LN824136.1	IncN	IncN	34604	4.5.6.228.481.1368	4	5	6	228	481	1368
RefSeq_NZ_LR595886.1	IncN	IncN	164328	4.5.6.7.7.3363	4	5	6	7	7	3363
RefSeq_NZ_LR882943.1	IncN	IncN	257516	3.4.8.11.13.15	3	4	8	11	13	15
RefSeq_NZ_LR890351.1	IncN	IncN	59604	4.5.6.8.426.1881	4	5	6	8	426	1881
RefSeq_NZ_LR890355.1	IncN	IncN	102016	4.5.6.7.20.3384	4	5	6	7	20	3384
RefSeq_NZ_LR999863.1	IncN	IncN	72412	3.6.7.9.200.3389	3	6	7	9	200	3389
RefSeq_NZ_LRXG01000027.1	IncN	IncN	6510	4.5.6.298.644.3390	4	5	6	298	644	3390
RefSeq_NZ_LRXH01000047.1	IncN	IncN	6700	4.5.6.298.644.3390	4	5	6	298	644	3390
RefSeq_NZ_LS992177.1	IncN	IncN	71403	4.5.6.8.452.3395	4	5	6	8	452	3395
RefSeq_NZ_LS998788.1	IncN	IncN	18395	4.5.6.8.648.3398	4	5	6	8	648	3398
RefSeq_NZ_LT221037.1	IncN	IncN	60299	4.5.6.7.432.3401	4	5	6	7	432	3401
RefSeq_NZ_LT221038.1	IncN	IncN	76709	4.5.6.7.20.3402	4	5	6	7	20	3402
RefSeq_NZ_LT599827.1	IncN	IncN	88196	4.5.6.7.20.3403	4	5	6	7	20	3403
RefSeq_NZ_LT795508.1	IncN	IncN	39744	4.5.6.8.8.1065	4	5	6	8	8	1065
RefSeq_NZ_LT838197.1	IncN	IncN	54518	4.5.6.8.452.1093	4	5	6	8	452	1093
RefSeq_NZ_LT985223.1	IncN	IncN	42584	4.5.6.8.426.3404	4	5	6	8	426	3404
RefSeq_NZ_LT985242.1	IncN	IncN	44494	4.5.6.8.426.3405	4	5	6	8	426	3405
RefSeq_NZ_LT985245.1	IncN	IncN	42311	4.5.6.8.426.3405	4	5	6	8	426	3405
RefSeq_NZ_LT985250.1	IncN	IncN	211452	3.6.7.48.65.3406	3	6	7	48	65	3406
RefSeq_NZ_LT985251.1	IncN	IncN	41540	4.5.6.8.426.3405	4	5	6	8	426	3405
RefSeq_NZ_LT985259.1	IncN	IncN	42084	4.5.6.8.426.3405	4	5	6	8	426	3405
RefSeq_NZ_LT985266.1	IncN	IncN	54685	4.5.6.8.426.1649	4	5	6	8	426	1649
RefSeq_NZ_MF072962.1	IncN	IncN	51104	4.5.6.8.8.899	4	5	6	8	8	899
RefSeq_NZ_MF344557.1	IncN	IncN	56893	4.5.6.8.426.3300	4	5	6	8	426	3300
RefSeq_NZ_MF344559.1	IncN	IncN	42279	4.5.6.8.426.3425	4	5	6	8	426	3425
RefSeq_NZ_MF474175.1	IncN	IncN	192730	3.6.7.9.14.3426	3	6	7	9	14	3426
RefSeq_NZ_MF497781.1	IncN	IncN	81348	4.5.6.8.8.3427	4	5	6	8	8	3427
RefSeq_NZ_MF535908.1	IncN	IncN	67008	4.5.6.7.21.3428	4	5	6	7	21	3428
RefSeq_NZ_MF953243.1	IncN	IncN	41608	4.5.6.8.426.3405	4	5	6	8	426	3405
RefSeq_NZ_MG014721.1	IncN	IncN	238096	3.4.8.11.13.47	3	4	8	11	13	47
RefSeq_NZ_MG197488.1	IncN	IncN	104623	4.5.6.7.9.1780	4	5	6	7	9	1780
RefSeq_NZ_MG197490.1	IncN	IncN	104703	4.5.6.7.9.1780	4	5	6	7	9	1780
RefSeq_NZ_MG197493.1	IncN	IncN	55683	3.6.7.9.286.3432	3	6	7	9	286	3432
RefSeq_NZ_MG197494.1	IncN	IncN	96376	4.5.6.7.9.1991	4	5	6	7	9	1991
RefSeq_NZ_MG252036.1	IncN	IncN	82140	4.5.6.7.20.3434	4	5	6	7	20	3434
RefSeq_NZ_MG385063.1	IncN	IncN	395758	3.6.7.10.70.2334	3	6	7	10	70	2334
RefSeq_NZ_MG557999.1	IncN	IncN	81348	4.5.6.8.8.3427	4	5	6	8	8	3427
RefSeq_NZ_MG591702.1	IncN	IncN	164803	3.4.8.11.13.3438	3	4	8	11	13	3438
RefSeq_NZ_MG656414.1	IncN	IncN	350179	3.6.7.9.14.3439	3	6	7	9	14	3439
RefSeq_NZ_MG764553.1	IncN	IncN	153274	4.5.6.7.20.3442	4	5	6	7	20	3442
RefSeq_NZ_MG825373.1	IncN	IncN	265799	3.4.8.11.13.47	3	4	8	11	13	47
RefSeq_NZ_MG878866.1	IncN	IncN	130755	4.5.6.7.21.3444	4	5	6	7	21	3444
RefSeq_NZ_MG886286.1	IncN	IncN	52776	4.5.6.8.452.1093	4	5	6	8	452	1093
RefSeq_NZ_MG904997.1	IncN	IncN	49658	4.5.6.8.8.1642	4	5	6	8	8	1642
RefSeq_NZ_MH128095.1	IncN	IncN	36736	4.5.6.8.8.3445	4	5	6	8	8	3445
RefSeq_NZ_MH401970.1	IncN	IncN	50392	4.5.6.8.426.3450	4	5	6	8	426	3450
RefSeq_NZ_MH459020.1	IncN	IncN	253783	3.4.8.11.13.47	3	4	8	11	13	47
RefSeq_NZ_MH477636.1	IncN	IncN	163588	4.5.6.7.11.3452	4	5	6	7	11	3452
RefSeq_NZ_MH491004.1	IncN	IncN	253002	3.4.8.11.13.47	3	4	8	11	13	47
RefSeq_NZ_MH514861.1	IncN	IncN	60204	4.5.6.8.8.3306	4	5	6	8	8	3306
RefSeq_NZ_MH536949.1	IncN	IncN	49804	4.5.6.8.8.3306	4	5	6	8	8	3306
RefSeq_NZ_MH713705.1	IncN	IncN	45860	3.6.7.20.438.3456	3	6	7	20	438	3456
RefSeq_NZ_MH713706.1	IncN	IncN	62405	3.6.7.20.202.3457	3	6	7	20	202	3457
RefSeq_NZ_MH713707.1	IncN	IncN	66776	4.5.6.8.426.3458	4	5	6	8	426	3458
RefSeq_NZ_MH727565.1	IncN	IncN	51795	4.5.6.8.426.3300	4	5	6	8	426	3300
RefSeq_NZ_MH782635.1	IncN	IncN	62377	3.6.7.20.202.3457	3	6	7	20	202	3457
RefSeq_NZ_MH909328.1	IncN	IncN	50480	4.5.6.8.426.3300	4	5	6	8	426	3300
RefSeq_NZ_MH909334.1	IncN	IncN	53619	4.5.6.7.432.1982	4	5	6	7	432	1982
RefSeq_NZ_MH909336.1	IncN	IncN	50717	4.5.6.8.8.3461	4	5	6	8	8	3461
RefSeq_NZ_MH909337.1	IncN	IncN	51637	4.5.6.8.8.899	4	5	6	8	8	899
RefSeq_NZ_MH909339.1	IncN	IncN	51393	4.5.6.8.8.899	4	5	6	8	8	899
RefSeq_NZ_MH909341.1	IncN	IncN	51393	4.5.6.8.8.899	4	5	6	8	8	899
RefSeq_NZ_MH917123.1	IncN	IncN	65604	4.5.6.7.432.1108	4	5	6	7	432	1108
RefSeq_NZ_MIIL01000005.1	IncN	IncN	63179	4.5.6.8.8.3466	4	5	6	8	8	3466
RefSeq_NZ_MJAL01000041.1	IncN	IncN	2548	3.6.98.300.650.3467	3	6	98	300	650	3467
RefSeq_NZ_MK033499.1	IncN	IncN	125028	3.6.7.48.123.3469	3	6	7	48	123	3469
RefSeq_NZ_MK033500.1	IncN	IncN	57900	4.5.6.8.552.3470	4	5	6	8	552	3470
RefSeq_NZ_MK033501.1	IncN	IncN	83425	4.5.6.7.20.3471	4	5	6	7	20	3471
RefSeq_NZ_MK036890.1	IncN	IncN	56047	3.6.7.20.202.3474	3	6	7	20	202	3474
RefSeq_NZ_MK079574.1	IncN	IncN	114949	4.5.6.7.9.3475	4	5	6	7	9	3475
RefSeq_NZ_MK312240.2	IncN	IncN	26021	4.5.6.8.506.2394	4	5	6	8	506	2394
RefSeq_NZ_MK356560.1	IncN	IncN	49279	4.5.6.8.8.3484	4	5	6	8	8	3484
RefSeq_NZ_MK356561.1	IncN	IncN	58957	4.5.6.7.432.3485	4	5	6	7	432	3485
RefSeq_NZ_MK368725.1	IncN	IncN	41190	4.5.6.8.426.1072	4	5	6	8	426	1072
RefSeq_NZ_MK416152.1	IncN	IncN	75167	3.6.7.9.10.3487	3	6	7	9	10	3487
RefSeq_NZ_MK416183.1	IncN	IncN	39865	4.5.6.8.426.3488	4	5	6	8	426	3488
RefSeq_NZ_MK419152.1	IncN	IncN	187113	3.6.7.20.202.3489	3	6	7	20	202	3489
RefSeq_NZ_MK433206.1	IncN	IncN	112375	4.5.6.7.21.3490	4	5	6	7	21	3490
RefSeq_NZ_MK477611.1	IncN	IncN	263466	3.4.8.11.13.47	3	4	8	11	13	47
RefSeq_NZ_MK862125.1	IncN	IncN	55076	4.5.6.7.432.3496	4	5	6	7	432	3496
RefSeq_NZ_MK878892.1	IncN	IncN	134435	4.5.6.7.9.3497	4	5	6	7	9	3497
RefSeq_NZ_MK878894.1	IncN	IncN	59724	4.5.6.8.8.1097	4	5	6	8	8	1097
RefSeq_NZ_MN178639.1	IncN	IncN	54815	4.5.6.7.432.3503	4	5	6	7	432	3503
RefSeq_NZ_MN241904.1	IncN	IncN	62060	4.5.6.8.8.3508	4	5	6	8	8	3508
RefSeq_NZ_MN486052.1	IncN	IncN	55780	4.5.6.8.506.3513	4	5	6	8	506	3513
RefSeq_NZ_MN577015.1	IncN	IncN	239910	3.6.7.10.70.1853	3	6	7	10	70	1853
RefSeq_NZ_MN583554.1	IncN	IncN	69304	3.6.7.9.28.3515	3	6	7	9	28	3515
RefSeq_NZ_MN823990.1	IncN	IncN	61140	4.5.6.59.494.3518	4	5	6	59	494	3518
RefSeq_NZ_MN823991.1	IncN	IncN	93715	4.5.6.7.9.1780	4	5	6	7	9	1780
RefSeq_NZ_MN891676.1	IncN	IncN	69297	4.5.6.7.20.3527	4	5	6	7	20	3527
RefSeq_NZ_MN891682.1	IncN	IncN	137873	3.6.7.9.10.3529	3	6	7	9	10	3529
RefSeq_NZ_MN891686.1	IncN	IncN	118963	4.5.6.7.21.3531	4	5	6	7	21	3531
RefSeq_NZ_MN967025.1	IncN	IncN	60970	4.5.6.7.21.3532	4	5	6	7	21	3532
RefSeq_NZ_MOLX01000058.1	IncN	IncN	9316	4.5.6.8.654.3533	4	5	6	8	654	3533
RefSeq_NZ_MT010563.1	IncN	IncN	52445	3.6.7.9.657.3536	3	6	7	9	657	3536
RefSeq_NZ_MT039167.1	IncN	IncN	42148	3.6.7.20.658.3537	3	6	7	20	658	3537
RefSeq_NZ_MT077883.1	IncN	IncN	59150	4.5.6.8.8.3543	4	5	6	8	8	3543
RefSeq_NZ_MT180430.1	IncN	IncN	252609	3.6.7.10.70.1492	3	6	7	10	70	1492
RefSeq_NZ_MT199177.1	IncN	IncN	141007	4.5.6.7.20.3547	4	5	6	7	20	3547
RefSeq_NZ_MT230114.1	IncN	IncN	6309	4.5.6.298.644.3554	4	5	6	298	644	3554
RefSeq_NZ_MT230130.1	IncN	IncN	6514	4.5.6.8.654.3555	4	5	6	8	654	3555
RefSeq_NZ_MT230169.1	IncN	IncN	6553	4.5.6.298.644.3390	4	5	6	298	644	3390
RefSeq_NZ_MT657397.1	IncN	IncN	167286	3.6.7.9.10.3529	3	6	7	9	10	3529
RefSeq_NZ_MT756840.1	IncN	IncN	61170	3.6.7.9.200.3570	3	6	7	9	200	3570
RefSeq_NZ_MW013145.1	IncN	IncN	231347	3.4.8.11.13.3600	3	4	8	11	13	3600
RefSeq_NZ_MW025958.1	IncN	IncN	242443	3.6.7.10.70.1492	3	6	7	10	70	1492
RefSeq_NZ_MW025965.1	IncN	IncN	235653	3.6.7.10.70.1492	3	6	7	10	70	1492
RefSeq_NZ_MW191859.1	IncN	IncN	58134	4.5.6.8.8.3603	4	5	6	8	8	3603
RefSeq_NZ_MW298656.1	IncN	IncN	42578	4.5.6.8.8.1886	4	5	6	8	8	1886
RefSeq_NZ_MW349106.1	IncN	IncN	42407	4.5.6.8.8.1886	4	5	6	8	8	1886
RefSeq_NZ_MW390537.1	IncN	IncN	43277	4.5.6.8.8.3608	4	5	6	8	8	3608
RefSeq_NZ_MW574936.1	IncN	IncN	67066	4.5.6.7.21.3615	4	5	6	7	21	3615
RefSeq_NZ_MW574945.1	IncN	IncN	59328	4.5.6.7.432.3616	4	5	6	7	432	3616
RefSeq_NZ_MW574948.1	IncN	IncN	54920	4.5.6.7.432.2594	4	5	6	7	432	2594
RefSeq_NZ_MW574949.1	IncN	IncN	67069	4.5.6.7.21.3615	4	5	6	7	21	3615
RefSeq_NZ_MW590809.1	IncN	IncN	62892	4.5.6.8.8.3617	4	5	6	8	8	3617
RefSeq_NZ_MW800641.1	IncN	IncN	129471	3.6.7.9.135.3619	3	6	7	9	135	3619
RefSeq_NZ_MZ004973.1	IncN	IncN	42517	4.5.6.8.426.1072	4	5	6	8	426	1072
RefSeq_NZ_MZ152088.1	IncN	IncN	267429	3.4.8.11.13.47	3	4	8	11	13	47
RefSeq_NZ_MZ643942.1	IncN	IncN	48780	3.6.7.186.444.3626	3	6	7	186	444	3626
RefSeq_NZ_MZ779047.1	IncN	IncN	124524	4.5.6.7.20.3630	4	5	6	7	20	3630
RefSeq_NZ_MZ836798.1	IncN	IncN	74978	4.5.6.8.8.3631	4	5	6	8	8	3631
RefSeq_NZ_NBOP01000081.1	IncN	IncN	18221	4.5.6.8.426.3633	4	5	6	8	426	3633
RefSeq_NZ_NTCV01000077.1	IncN	IncN	25368	4.5.6.8.426.3636	4	5	6	8	426	3636
RefSeq_NZ_NTCW01000088.1	IncN	IncN	6604	4.5.6.298.644.3637	4	5	6	298	644	3637
RefSeq_NZ_NTHT01000084.1	IncN	IncN	96802	4.5.6.7.30.3639	4	5	6	7	30	3639
RefSeq_NZ_ON111447.1	IncN	IncN	183190	4.5.6.7.20.3653	4	5	6	7	20	3653
RefSeq_NZ_ON111448.1	IncN	IncN	184378	4.5.6.7.11.3654	4	5	6	7	11	3654
RefSeq_NZ_ON111450.1	IncN	IncN	93760	4.5.6.7.20.3655	4	5	6	7	20	3655
RefSeq_NZ_ON882014.1	IncN	IncN	52398	4.5.6.8.8.2009	4	5	6	8	8	2009
RefSeq_NZ_ON960334.1	IncN	IncN	244716	3.4.8.11.13.47	3	4	8	11	13	47
RefSeq_NZ_ON960335.1	IncN	IncN	267485	3.4.8.11.13.47	3	4	8	11	13	47
RefSeq_NZ_ON960336.1	IncN	IncN	240700	3.4.8.11.13.47	3	4	8	11	13	47
RefSeq_NZ_ON960337.1	IncN	IncN	293369	3.4.8.11.13.47	3	4	8	11	13	47
RefSeq_NZ_ON960338.1	IncN	IncN	292540	3.4.8.11.13.47	3	4	8	11	13	47
RefSeq_NZ_ON960339.1	IncN	IncN	227418	3.4.8.11.13.234	3	4	8	11	13	234
RefSeq_NZ_ON960340.1	IncN	IncN	242880	3.4.8.11.13.47	3	4	8	11	13	47
RefSeq_NZ_ON960341.1	IncN	IncN	281462	3.4.8.11.13.3243	3	4	8	11	13	3243
RefSeq_NZ_ON960342.1	IncN	IncN	265591	3.4.8.11.13.47	3	4	8	11	13	47
RefSeq_NZ_ON960343.1	IncN	IncN	241276	3.4.8.11.13.234	3	4	8	11	13	234
RefSeq_NZ_ON960344.1	IncN	IncN	234726	3.4.8.11.13.47	3	4	8	11	13	47
RefSeq_NZ_ON960345.1	IncN	IncN	234377	3.4.8.11.13.234	3	4	8	11	13	234
RefSeq_NZ_ON960347.1	IncN	IncN	254841	3.4.8.11.13.47	3	4	8	11	13	47
RefSeq_NZ_ON960348.1	IncN	IncN	258199	3.4.8.11.13.35	3	4	8	11	13	35
RefSeq_NZ_ON960349.1	IncN	IncN	257177	3.4.8.11.13.47	3	4	8	11	13	47
RefSeq_NZ_ON960350.1	IncN	IncN	242061	3.4.8.11.13.47	3	4	8	11	13	47
RefSeq_NZ_ON960351.1	IncN	IncN	207851	3.4.8.11.13.2702	3	4	8	11	13	2702
RefSeq_NZ_ON960352.1	IncN	IncN	262175	3.6.7.10.70.3662	3	6	7	10	70	3662
RefSeq_NZ_OP242251.1	IncN	IncN	52036	4.5.6.7.432.1878	4	5	6	7	432	1878
RefSeq_NZ_OP378605.1	IncN	IncN	52446	4.5.6.8.426.1327	4	5	6	8	426	1327
RefSeq_NZ_OP378618.1	IncN	IncN	205325	3.6.7.9.10.3672	3	6	7	9	10	3672
RefSeq_NZ_OP378637.1	IncN	IncN	59721	4.5.6.7.432.3675	4	5	6	7	432	3675
RefSeq_NZ_OP378645.1	IncN	IncN	83450	4.5.6.8.32.3677	4	5	6	8	32	3677
RefSeq_NZ_OP378658.1	IncN	IncN	165424	4.5.6.7.7.3679	4	5	6	7	7	3679
RefSeq_NZ_OP378665.1	IncN	IncN	54244	4.5.6.8.452.2562	4	5	6	8	452	2562
RefSeq_NZ_OP950836.1	IncN	IncN	254902	3.4.8.11.13.47	3	4	8	11	13	47
RefSeq_NZ_OQ111278.1	IncN	IncN	46561	4.5.6.8.452.3683	4	5	6	8	452	3683
RefSeq_NZ_OQ401024.1	IncN	IncN	76704	4.5.6.7.21.3687	4	5	6	7	21	3687
RefSeq_NZ_OQ423470.1	IncN	IncN	116909	4.5.6.7.9.3693	4	5	6	7	9	3693
RefSeq_NZ_OQ423474.1	IncN	IncN	106410	3.6.7.66.91.2905	3	6	7	66	91	2905
RefSeq_NZ_OQ423475.1	IncN	IncN	97962	3.6.7.9.10.2313	3	6	7	9	10	2313
RefSeq_NZ_OQ683452.1	IncN	IncN	42161	4.5.6.8.8.3695	4	5	6	8	8	3695
RefSeq_NZ_OQ683453.1	IncN	IncN	57533	4.5.6.7.21.3696	4	5	6	7	21	3696
RefSeq_NZ_OQ821014.1	IncN	IncN	69726	4.5.6.7.20.3699	4	5	6	7	20	3699
RefSeq_NZ_OQ821015.1	IncN	IncN	63842	4.5.6.7.20.3699	4	5	6	7	20	3699
RefSeq_NZ_OQ821016.1	IncN	IncN	77421	4.5.6.7.20.3700	4	5	6	7	20	3700
RefSeq_NZ_OQ821017.1	IncN	IncN	76768	4.5.6.7.20.3700	4	5	6	7	20	3700
RefSeq_NZ_OQ821018.1	IncN	IncN	73380	4.5.6.7.20.3700	4	5	6	7	20	3700
RefSeq_NZ_OQ821019.1	IncN	IncN	75553	4.5.6.7.20.3700	4	5	6	7	20	3700
RefSeq_NZ_OQ821020.1	IncN	IncN	76768	4.5.6.7.20.3700	4	5	6	7	20	3700
RefSeq_NZ_OQ821030.1	IncN	IncN	64156	4.5.6.8.8.1606	4	5	6	8	8	1606
RefSeq_NZ_OQ821032.1	IncN	IncN	57261	4.5.6.8.8.1606	4	5	6	8	8	1606
RefSeq_NZ_OQ821033.1	IncN	IncN	53256	4.5.6.8.8.1606	4	5	6	8	8	1606
RefSeq_NZ_OQ821035.1	IncN	IncN	65649	4.5.6.8.8.1606	4	5	6	8	8	1606
RefSeq_NZ_OQ821037.1	IncN	IncN	52713	4.5.6.8.8.1606	4	5	6	8	8	1606
RefSeq_NZ_OQ821041.1	IncN	IncN	66942	4.5.6.8.451.3701	4	5	6	8	451	3701
RefSeq_NZ_OQ821046.1	IncN	IncN	53258	4.5.6.8.8.1606	4	5	6	8	8	1606
RefSeq_NZ_OQ821052.1	IncN	IncN	73665	4.5.6.8.8.1277	4	5	6	8	8	1277
RefSeq_NZ_OQ821055.1	IncN	IncN	61996	4.5.6.8.8.3702	4	5	6	8	8	3702
RefSeq_NZ_OQ821060.1	IncN	IncN	69198	4.5.6.8.8.1277	4	5	6	8	8	1277
RefSeq_NZ_OQ821063.1	IncN	IncN	59359	4.5.6.8.8.3702	4	5	6	8	8	3702
RefSeq_NZ_OQ821073.1	IncN	IncN	67113	4.5.6.8.8.3702	4	5	6	8	8	3702
RefSeq_NZ_OQ821074.1	IncN	IncN	73851	4.5.6.8.8.1277	4	5	6	8	8	1277
RefSeq_NZ_OQ821081.1	IncN	IncN	68049	4.5.6.8.451.3704	4	5	6	8	451	3704
RefSeq_NZ_OQ821084.1	IncN	IncN	74182	4.5.6.8.452.3705	4	5	6	8	452	3705
RefSeq_NZ_OQ821092.1	IncN	IncN	62691	4.5.6.8.8.3702	4	5	6	8	8	3702
RefSeq_NZ_OQ821093.1	IncN	IncN	65638	4.5.6.8.8.3702	4	5	6	8	8	3702
RefSeq_NZ_OQ821098.1	IncN	IncN	60034	4.5.6.8.8.1277	4	5	6	8	8	1277
RefSeq_NZ_OQ821109.1	IncN	IncN	61533	4.5.6.8.8.1277	4	5	6	8	8	1277
RefSeq_NZ_OQ821110.1	IncN	IncN	73070	4.5.6.7.20.3706	4	5	6	7	20	3706
RefSeq_NZ_OQ821170.1	IncN	IncN	63407	4.5.6.7.20.3707	4	5	6	7	20	3707
RefSeq_NZ_OQ821172.1	IncN	IncN	82438	4.5.6.7.20.2440	4	5	6	7	20	2440
RefSeq_NZ_OQ821175.1	IncN	IncN	82438	4.5.6.7.20.2440	4	5	6	7	20	2440
RefSeq_NZ_OQ821176.1	IncN	IncN	82438	4.5.6.7.20.2440	4	5	6	7	20	2440
RefSeq_NZ_OQ821177.1	IncN	IncN	83925	4.5.6.7.20.2440	4	5	6	7	20	2440
RefSeq_NZ_OQ821178.1	IncN	IncN	82438	4.5.6.7.20.2440	4	5	6	7	20	2440
RefSeq_NZ_OQ821179.1	IncN	IncN	76711	4.5.6.7.21.2441	4	5	6	7	21	2441
RefSeq_NZ_OQ821181.1	IncN	IncN	87500	4.5.6.7.20.3708	4	5	6	7	20	3708
RefSeq_NZ_OQ821183.1	IncN	IncN	88281	4.5.6.8.32.3709	4	5	6	8	32	3709
RefSeq_NZ_OQ821184.1	IncN	IncN	76592	4.5.6.7.20.1439	4	5	6	7	20	1439
RefSeq_NZ_OQ821185.1	IncN	IncN	65213	4.5.6.8.8.3710	4	5	6	8	8	3710
RefSeq_NZ_OQ821189.1	IncN	IncN	78354	4.5.6.7.21.3711	4	5	6	7	21	3711
RefSeq_NZ_OQ821190.1	IncN	IncN	72523	4.5.6.8.8.1277	4	5	6	8	8	1277
RefSeq_NZ_OQ821191.1	IncN	IncN	67935	4.5.6.8.8.3712	4	5	6	8	8	3712
RefSeq_NZ_OQ821196.1	IncN	IncN	67187	4.5.6.7.20.3713	4	5	6	7	20	3713
RefSeq_NZ_OQ821200.1	IncN	IncN	53262	4.5.6.8.8.1606	4	5	6	8	8	1606
RefSeq_NZ_OQ821201.1	IncN	IncN	53262	4.5.6.8.8.1606	4	5	6	8	8	1606
RefSeq_NZ_OQ821202.1	IncN	IncN	56929	4.5.6.8.8.1606	4	5	6	8	8	1606
RefSeq_NZ_OQ821204.1	IncN	IncN	53258	4.5.6.8.8.1606	4	5	6	8	8	1606
RefSeq_NZ_OQ821205.1	IncN	IncN	61260	4.5.6.8.8.3714	4	5	6	8	8	3714
RefSeq_NZ_OQ821206.1	IncN	IncN	54323	4.5.6.8.8.1606	4	5	6	8	8	1606
RefSeq_NZ_OQ821208.1	IncN	IncN	66170	4.5.6.8.8.3325	4	5	6	8	8	3325
RefSeq_NZ_OQ821209.1	IncN	IncN	65786	4.5.6.8.8.3715	4	5	6	8	8	3715
RefSeq_NZ_OQ821210.1	IncN	IncN	84804	4.5.6.8.8.2877	4	5	6	8	8	2877
RefSeq_NZ_OR797032.1	IncN	IncN	47695	4.5.6.8.8.1390	4	5	6	8	8	1390
RefSeq_NZ_OR797034.1	IncN	IncN	44651	4.5.6.8.8.1390	4	5	6	8	8	1390
RefSeq_NZ_OU015329.1	IncN	IncN	262389	3.4.8.11.13.15	3	4	8	11	13	15
RefSeq_NZ_OU342903.1	IncN	IncN	35437	4.5.6.228.481.1368	4	5	6	228	481	1368
RefSeq_NZ_OU342906.1	IncN	IncN	35437	4.5.6.231.450.1085	4	5	6	231	450	1085
RefSeq_NZ_OW849066.1	IncN	IncN	38262	4.5.6.8.8.3725	4	5	6	8	8	3725
RefSeq_NZ_OW849085.1	IncN	IncN	37891	4.5.6.8.8.3727	4	5	6	8	8	3727
RefSeq_NZ_OW967008.1	IncN	IncN	45090	4.5.6.8.8.3729	4	5	6	8	8	3729
RefSeq_NZ_OW968433.1	IncN	IncN	51757	4.5.6.8.8.8	4	5	6	8	8	8
RefSeq_NZ_OW969688.1	IncN	IncN	117229	4.5.6.7.20.3735	4	5	6	7	20	3735
RefSeq_NZ_OW969713.1	IncN	IncN	35534	4.5.6.231.450.1425	4	5	6	231	450	1425
RefSeq_NZ_OW969880.1	IncN	IncN	53579	3.6.7.20.202.3736	3	6	7	20	202	3736
RefSeq_NZ_OW995944.1	IncN	IncN	86953	4.5.6.7.20.3741	4	5	6	7	20	3741
RefSeq_NZ_OY754368.1	IncN	IncN	43051	4.5.6.8.8.2135	4	5	6	8	8	2135
RefSeq_NZ_PUIG01000033.1	IncN	IncN	32968	4.5.6.8.672.3767	4	5	6	8	672	3767
RefSeq_NZ_QHMI01000031.1	IncN	IncN	40047	4.5.6.8.8.3777	4	5	6	8	8	3777
RefSeq_NZ_QWDG01000003.1	IncN	IncN	11994	3.6.7.312.681.3789	3	6	7	312	681	3789
RefSeq_NZ_RRGT01000085.1	IncN	IncN	64574	4.5.6.228.481.1368	4	5	6	228	481	1368
RefSeq_NZ_SDDW01000045.1	IncN	IncN	6552	4.5.6.298.644.3835	4	5	6	298	644	3835
RefSeq_NZ_SJZK01000010.1	IncN	IncN	56991	4.5.6.8.8.3836	4	5	6	8	8	3836
RefSeq_NZ_SJZK02000012.1	IncN	IncN	56991	4.5.6.8.8.3836	4	5	6	8	8	3836
RefSeq_NZ_SRML01000071.1	IncN	IncN	3241	3.6.94.273.699.3837	3	6	94	273	699	3837
RefSeq_NZ_SWIQ01000257.1	IncN	IncN	56321	4.5.6.8.452.3838	4	5	6	8	452	3838
RefSeq_NZ_VKLZ01000146.1	IncN	IncN	78021	4.5.6.8.8.2403	4	5	6	8	8	2403
RefSeq_NZ_VKMA01000036.1	IncN	IncN	58677	4.5.6.8.8.2754	4	5	6	8	8	2754
RefSeq_NZ_VKMB01000109.1	IncN	IncN	78021	4.5.6.8.8.2403	4	5	6	8	8	2403
RefSeq_NZ_VKMC01000109.1	IncN	IncN	78021	4.5.6.8.8.2403	4	5	6	8	8	2403
RefSeq_NZ_VKME01000146.1	IncN	IncN	77105	4.5.6.8.8.2403	4	5	6	8	8	2403
RefSeq_NZ_VKMF01000347.1	IncN	IncN	78022	4.5.6.8.8.2403	4	5	6	8	8	2403
RefSeq_NZ_VKMF01000348.1	IncN	IncN	78022	4.5.6.8.8.2403	4	5	6	8	8	2403
RefSeq_NZ_VKMG01000183.1	IncN	IncN	78022	4.5.6.8.8.2403	4	5	6	8	8	2403
RefSeq_NZ_VKMG01000184.1	IncN	IncN	78022	4.5.6.8.8.2403	4	5	6	8	8	2403
RefSeq_NZ_VKMH01000253.1	IncN	IncN	78023	4.5.6.8.8.2403	4	5	6	8	8	2403
RefSeq_NZ_VKMK01000094.1	IncN	IncN	78849	4.5.6.8.8.2403	4	5	6	8	8	2403
RefSeq_NZ_VKML01000077.1	IncN	IncN	78849	4.5.6.8.8.2403	4	5	6	8	8	2403
RefSeq_NZ_VKMM01000079.1	IncN	IncN	78849	4.5.6.8.8.2403	4	5	6	8	8	2403
RefSeq_NZ_VKMN01000123.1	IncN	IncN	62812	4.5.6.8.8.2403	4	5	6	8	8	2403
RefSeq_NZ_VKMO01000193.1	IncN	IncN	78021	4.5.6.8.8.2403	4	5	6	8	8	2403
RefSeq_NZ_VKMP01000126.1	IncN	IncN	78002	4.5.6.8.8.2403	4	5	6	8	8	2403
RefSeq_NZ_VKMQ01000091.1	IncN	IncN	47539	4.5.6.8.452.3839	4	5	6	8	452	3839
RefSeq_NZ_VKMR01000046.1	IncN	IncN	78021	4.5.6.8.8.2403	4	5	6	8	8	2403
RefSeq_NZ_VKMS01000111.1	IncN	IncN	78021	4.5.6.8.8.2403	4	5	6	8	8	2403
RefSeq_NZ_VKMT01000144.1	IncN	IncN	78021	4.5.6.8.8.2403	4	5	6	8	8	2403
RefSeq_NZ_VKMU01000116.1	IncN	IncN	78021	4.5.6.8.8.2403	4	5	6	8	8	2403
RefSeq_NZ_VKMV01000063.1	IncN	IncN	78021	4.5.6.8.8.2403	4	5	6	8	8	2403
RefSeq_NZ_VKMW01000116.1	IncN	IncN	78021	4.5.6.8.8.2403	4	5	6	8	8	2403
RefSeq_NZ_VKMX01000101.1	IncN	IncN	78021	4.5.6.8.8.2403	4	5	6	8	8	2403
RefSeq_NZ_VKMY01000050.1	IncN	IncN	78021	4.5.6.8.8.2403	4	5	6	8	8	2403
RefSeq_NZ_VKMZ01000118.1	IncN	IncN	78021	4.5.6.8.8.2403	4	5	6	8	8	2403
RefSeq_NZ_VKNA01000110.1	IncN	IncN	78021	4.5.6.8.8.2403	4	5	6	8	8	2403
RefSeq_NZ_VKNB01000047.1	IncN	IncN	78021	4.5.6.8.8.2403	4	5	6	8	8	2403
RefSeq_NZ_VKNC01000072.1	IncN	IncN	78021	4.5.6.8.8.2403	4	5	6	8	8	2403
RefSeq_NZ_VKND01000090.1	IncN	IncN	78021	4.5.6.8.8.2403	4	5	6	8	8	2403
RefSeq_NZ_VKNE01000099.1	IncN	IncN	78021	4.5.6.8.8.2403	4	5	6	8	8	2403
RefSeq_NZ_VKNF01000119.1	IncN	IncN	77312	4.5.6.8.8.2403	4	5	6	8	8	2403
RefSeq_NZ_VKNG01000152.1	IncN	IncN	77975	4.5.6.8.8.2403	4	5	6	8	8	2403
RefSeq_NZ_VKNH01000084.1	IncN	IncN	78022	4.5.6.8.8.2403	4	5	6	8	8	2403
RefSeq_NZ_VKNI01000099.1	IncN	IncN	78021	4.5.6.8.8.2403	4	5	6	8	8	2403
RefSeq_NZ_VKNJ01000140.1	IncN	IncN	77619	4.5.6.8.8.2403	4	5	6	8	8	2403
RefSeq_NZ_VKNK01000077.1	IncN	IncN	77619	4.5.6.8.8.2403	4	5	6	8	8	2403
RefSeq_NZ_VKNM01000153.1	IncN	IncN	78021	4.5.6.8.8.2403	4	5	6	8	8	2403
RefSeq_NZ_VKNN01000158.1	IncN	IncN	78021	4.5.6.8.8.2403	4	5	6	8	8	2403
RefSeq_NZ_VKNO01000140.1	IncN	IncN	78021	4.5.6.8.8.2403	4	5	6	8	8	2403
RefSeq_NZ_VKNP01000116.1	IncN	IncN	78021	4.5.6.8.8.2403	4	5	6	8	8	2403
RefSeq_NZ_VKNQ01000128.1	IncN	IncN	78021	4.5.6.8.8.2403	4	5	6	8	8	2403
RefSeq_NZ_VKNR01000115.1	IncN	IncN	78021	4.5.6.8.8.2403	4	5	6	8	8	2403
RefSeq_NZ_VKNS01000175.1	IncN	IncN	78021	4.5.6.8.8.2403	4	5	6	8	8	2403
RefSeq_NZ_VKNT01000070.1	IncN	IncN	58447	4.5.6.8.8.2754	4	5	6	8	8	2754
RefSeq_NZ_VKNU01000063.1	IncN	IncN	58446	4.5.6.8.8.2754	4	5	6	8	8	2754
RefSeq_NZ_VKNV01000050.1	IncN	IncN	70101	4.5.6.8.8.2403	4	5	6	8	8	2403
RefSeq_NZ_VTWJ01000025.1	IncN	IncN	34024	4.5.6.231.450.1085	4	5	6	231	450	1085
RefSeq_NZ_VYQD01000002.1	IncN	IncN	3205	3.6.94.273.699.3837	3	6	94	273	699	3837
CP033469.1	IncR	IncR	71078	4.5.6.7.11.27	4	5	6	7	11	27
CP035182.1	IncR	IncR	79592	4.5.6.7.20.29	4	5	6	7	20	29
NZ_CP016812.1	IncR	IncR	65887	4.5.6.7.21.169	4	5	6	7	21	169
NZ_CP016919.1	IncR	IncR	70830	4.5.6.7.20.170	4	5	6	7	20	170
NZ_CP027047.1	IncR	IncR	53495	4.5.6.7.20.208	4	5	6	7	20	208
NZ_CP035198.1	IncR	IncR	46873	4.5.6.7.30.250	4	5	6	7	30	250
NZ_CP053739.1	IncR	IncR	47220	3.6.7.20.202.361	3	6	7	20	202	361
NZ_CP058943.1	IncR	IncR	60771	4.5.6.7.20.371	4	5	6	7	20	371
NZ_CP060423.1	IncR	IncR	74731	3.6.7.9.200.386	3	6	7	9	200	386
NZ_CP071256.1	IncR	IncR	56333	4.5.6.7.20.451	4	5	6	7	20	451
NZ_CP080076.1	IncR	IncR	144481	4.5.6.7.9.489	4	5	6	7	9	489
NZ_CP080100.1	IncR	IncR	228495	3.6.7.9.200.490	3	6	7	9	200	490
NZ_CP085772.1	IncR	IncR	51836	3.6.7.9.200.517	3	6	7	9	200	517
NZ_CP101120.1	IncR	IncR	86209	3.6.7.9.90.568	3	6	7	9	90	568
NZ_CP102491.1	IncR	IncR	158043	4.5.6.7.7.572	4	5	6	7	7	572
NZ_MT415057.1	IncR	IncR	74030	4.5.6.7.20.945	4	5	6	7	20	945
NZ_MT415058.1	IncR	IncR	47286	4.5.6.7.20.946	4	5	6	7	20	946
NZ_MT415059.1	IncR	IncR	69560	4.5.6.7.20.947	4	5	6	7	20	947
NZ_MW390549.1	IncR	IncR	49552	3.6.7.9.200.969	3	6	7	9	200	969
NZ_MW390552.1	IncR	IncR	49552	3.6.7.9.200.970	3	6	7	9	200	970
NZ_OV049813.1	IncR	IncR	57055	4.5.6.7.20.986	4	5	6	7	20	986
AP026490.1	IncX1	IncX1	50131	3.6.7.10.12.14	3	6	7	10	12	14
NZ_CP080067.1	IncX1	IncX1	97038	4.5.6.7.20.488	4	5	6	7	20	488
NZ_CP144932.1	IncX1	IncX1	47687	3.4.8.11.327.709	3	4	8	11	327	709
NZ_CP145534.1	IncX1	IncX1	20220	3.6.7.186.328.710	3	6	7	186	328	710
RefSeq_NC_010257.1	IncX1	IncX1	32014	3.4.8.11.437.1017	3	4	8	11	437	1017
RefSeq_NC_010378.1	IncX1	IncX1	51602	3.6.7.10.12.1018	3	6	7	10	12	1018
RefSeq_NC_010421.1	IncX1	IncX1	34595	3.4.8.70.201.1019	3	4	8	70	201	1019
RefSeq_NC_010422.1	IncX1	IncX1	74589	3.6.7.9.181.1020	3	6	7	9	181	1020
RefSeq_NC_010860.1	IncX1	IncX1	32950	3.10.20.34.413.1023	3	10	20	34	413	1023
RefSeq_NC_011078.1	IncX1	IncX1	46121	3.4.8.70.439.1024	3	4	8	70	439	1024
RefSeq_NC_011204.1	IncX1	IncX1	74551	3.6.7.9.181.1020	3	6	7	9	181	1020
RefSeq_NC_011739.1	IncX1	IncX1	33809	3.6.84.229.441.1030	3	6	84	229	441	1030
RefSeq_NC_013503.1	IncX1	IncX1	42644	3.6.41.230.442.1033	3	6	41	230	442	1033
RefSeq_NC_015472.1	IncX1	IncX1	21423	3.4.8.11.443.1044	3	4	8	11	443	1044
RefSeq_NC_016036.1	IncX1	IncX1	61093	3.6.7.20.25.1048	3	6	7	20	25	1048
RefSeq_NC_017624.1	IncX1	IncX1	37581	3.4.8.70.445.1053	3	4	8	70	445	1053
RefSeq_NC_019013.1	IncX1	IncX1	50572	3.4.8.11.327.1057	3	4	8	11	327	1057
RefSeq_NC_019046.1	IncX1	IncX1	31684	3.4.8.70.201.1059	3	4	8	70	201	1059
RefSeq_NC_019067.1	IncX1	IncX1	38611	3.4.8.70.201.1060	3	4	8	70	201	1060
RefSeq_NC_019088.1	IncX1	IncX1	47506	3.4.8.70.201.1063	3	4	8	70	201	1063
RefSeq_NC_019096.1	IncX1	IncX1	38611	3.4.8.70.201.1060	3	4	8	70	201	1060
RefSeq_NC_019106.1	IncX1	IncX1	77331	3.6.7.66.91.1067	3	6	7	66	91	1067
RefSeq_NC_019138.1	IncX1	IncX1	37697	3.4.8.70.445.1053	3	4	8	70	445	1053
RefSeq_NC_019254.1	IncX1	IncX1	54291	3.6.7.10.12.1074	3	6	7	10	12	1074
RefSeq_NC_019256.1	IncX1	IncX1	32533	3.6.7.20.448.1075	3	6	7	20	448	1075
RefSeq_NC_021842.2	IncX1	IncX1	37679	3.4.8.70.445.1053	3	4	8	70	445	1053
RefSeq_NC_023277.2	IncX1	IncX1	287616	3.6.7.10.70.351	3	6	7	10	70	351
RefSeq_NC_023323.1	IncX1	IncX1	60043	4.5.6.8.452.1102	4	5	6	8	452	1102
RefSeq_NC_024961.1	IncX1	IncX1	42804	3.6.7.10.12.1105	3	6	7	10	12	1105
RefSeq_NZ_AGTD01000003.1	IncX1	IncX1	87792	3.4.8.11.247.1120	3	4	8	11	247	1120
RefSeq_NZ_AJGY01000090.1	IncX1	IncX1	37714	3.4.8.70.201.1121	3	4	8	70	201	1121
RefSeq_NZ_AP017611.1	IncX1	IncX1	168972	3.6.7.9.14.1123	3	6	7	9	14	1123
RefSeq_NZ_AP019678.1	IncX1	IncX1	49365	3.6.7.10.457.1150	3	6	7	10	457	1150
RefSeq_NZ_AP019764.1	IncX1	IncX1	46350	2.14.33.234.458.1152	2	14	33	234	458	1152
RefSeq_NZ_AP022218.1	IncX1	IncX1	53216	3.6.7.20.25.1171	3	6	7	20	25	1171
RefSeq_NZ_AP022248.1	IncX1	IncX1	49365	3.6.7.10.457.1150	3	6	7	10	457	1150
RefSeq_NZ_AP022545.1	IncX1	IncX1	27490	4.5.6.235.459.1187	4	5	6	235	459	1187
RefSeq_NZ_AP022652.1	IncX1	IncX1	45497	2.14.33.234.458.1190	2	14	33	234	458	1190
RefSeq_NZ_AP023429.1	IncX1	IncX1	48997	3.4.8.70.424.1194	3	4	8	70	424	1194
RefSeq_NZ_AP024584.1	IncX1	IncX1	88903	3.6.7.9.14.1201	3	6	7	9	14	1201
RefSeq_NZ_AP024689.1	IncX1	IncX1	62903	3.6.7.20.202.1203	3	6	7	20	202	1203
RefSeq_NZ_AP026963.1	IncX1	IncX1	87025	3.6.7.9.200.1222	3	6	7	9	200	1222
RefSeq_NZ_AP027429.1	IncX1	IncX1	72582	3.4.8.11.247.1229	3	4	8	11	247	1229
RefSeq_NZ_AP027434.1	IncX1	IncX1	72586	3.4.8.11.247.1230	3	4	8	11	247	1230
RefSeq_NZ_AP027438.1	IncX1	IncX1	72582	3.4.8.11.247.1229	3	4	8	11	247	1229
RefSeq_NZ_AP027441.1	IncX1	IncX1	51942	3.6.7.10.12.1231	3	6	7	10	12	1231
RefSeq_NZ_AP027956.1	IncX1	IncX1	13190	3.6.7.10.463.1233	3	6	7	10	463	1233
RefSeq_NZ_AP027966.1	IncX1	IncX1	24433	3.4.8.236.464.1236	3	4	8	236	464	1236
RefSeq_NZ_AP027974.1	IncX1	IncX1	40085	2.14.33.234.458.1237	2	14	33	234	458	1237
RefSeq_NZ_AP027980.1	IncX1	IncX1	72919	3.6.7.9.200.1238	3	6	7	9	200	1238
RefSeq_NZ_AP027981.1	IncX1	IncX1	40085	2.14.33.234.458.1237	2	14	33	234	458	1237
RefSeq_NZ_CM001145.1	IncX1	IncX1	45663	3.4.8.70.439.1024	3	4	8	70	439	1024
RefSeq_NZ_CM001152.1	IncX1	IncX1	74548	3.6.7.9.181.1020	3	6	7	9	181	1020
RefSeq_NZ_CM008164.1	IncX1	IncX1	45366	3.4.8.11.443.1250	3	4	8	11	443	1250
RefSeq_NZ_CM009685.1	IncX1	IncX1	37228	3.10.20.34.413.1255	3	10	20	34	413	1255
RefSeq_NZ_CM017219.1	IncX1	IncX1	38993	3.4.8.70.201.1060	3	4	8	70	201	1060
RefSeq_NZ_CM017228.1	IncX1	IncX1	44172	2.14.33.234.458.1282	2	14	33	234	458	1282
RefSeq_NZ_CM017236.1	IncX1	IncX1	37134	3.4.8.70.201.1283	3	4	8	70	201	1283
RefSeq_NZ_CM017244.1	IncX1	IncX1	33858	3.6.84.229.441.1030	3	6	84	229	441	1030
RefSeq_NZ_CM017504.1	IncX1	IncX1	36124	3.6.84.229.441.1286	3	6	84	229	441	1286
RefSeq_NZ_CM019093.1	IncX1	IncX1	36629	3.10.20.34.413.1288	3	10	20	34	413	1288
RefSeq_NZ_CP005994.1	IncX1	IncX1	37692	3.10.20.34.413.1289	3	10	20	34	413	1289
RefSeq_NZ_CP006642.1	IncX1	IncX1	145722	3.6.7.9.90.1290	3	6	7	9	90	1290
RefSeq_NZ_CP009074.1	IncX1	IncX1	24185	2.14.33.234.458.1306	2	14	33	234	458	1306
RefSeq_NZ_CP009103.1	IncX1	IncX1	38457	2.14.33.234.458.1307	2	14	33	234	458	1307
RefSeq_NZ_CP009767.1	IncX1	IncX1	101428	3.6.7.9.14.1314	3	6	7	9	14	1314
RefSeq_NZ_CP010127.1	IncX1	IncX1	42655	3.10.20.34.413.1321	3	10	20	34	413	1321
RefSeq_NZ_CP010155.1	IncX1	IncX1	39406	3.6.49.240.475.1322	3	6	49	240	475	1322
RefSeq_NZ_CP010164.1	IncX1	IncX1	29433	3.6.7.20.476.1323	3	6	7	20	476	1323
RefSeq_NZ_CP010168.1	IncX1	IncX1	48243	3.6.7.9.28.1324	3	6	7	9	28	1324
RefSeq_NZ_CP011431.1	IncX1	IncX1	42199	3.4.8.70.445.1330	3	4	8	70	445	1330
RefSeq_NZ_CP012734.1	IncX1	IncX1	63412	3.6.21.98.216.1343	3	6	21	98	216	1343
RefSeq_NZ_CP012922.1	IncX1	IncX1	37697	3.4.8.70.445.1053	3	4	8	70	445	1053
RefSeq_NZ_CP012926.1	IncX1	IncX1	37697	3.4.8.70.445.1053	3	4	8	70	445	1053
RefSeq_NZ_CP014974.1	IncX1	IncX1	35954	3.4.8.70.201.1358	3	4	8	70	201	1358
RefSeq_NZ_CP016506.1	IncX1	IncX1	37697	3.4.8.70.445.1053	3	4	8	70	445	1053
RefSeq_NZ_CP016509.1	IncX1	IncX1	37697	3.4.8.70.445.1053	3	4	8	70	445	1053
RefSeq_NZ_CP016515.1	IncX1	IncX1	37697	3.4.8.70.445.1053	3	4	8	70	445	1053
RefSeq_NZ_CP016518.1	IncX1	IncX1	37698	3.4.8.70.445.1053	3	4	8	70	445	1053
RefSeq_NZ_CP016524.1	IncX1	IncX1	37697	3.4.8.70.445.1053	3	4	8	70	445	1053
RefSeq_NZ_CP016529.1	IncX1	IncX1	42652	3.4.8.70.445.1373	3	4	8	70	445	1373
RefSeq_NZ_CP016531.1	IncX1	IncX1	37697	3.4.8.70.445.1053	3	4	8	70	445	1053
RefSeq_NZ_CP016562.1	IncX1	IncX1	37697	3.4.8.70.445.1053	3	4	8	70	445	1053
RefSeq_NZ_CP016564.1	IncX1	IncX1	37697	3.4.8.70.445.1053	3	4	8	70	445	1053
RefSeq_NZ_CP016567.1	IncX1	IncX1	37697	3.4.8.70.445.1053	3	4	8	70	445	1053
RefSeq_NZ_CP016571.1	IncX1	IncX1	37697	3.4.8.70.445.1053	3	4	8	70	445	1053
RefSeq_NZ_CP016575.1	IncX1	IncX1	37697	3.10.20.34.413.1289	3	10	20	34	413	1289
RefSeq_NZ_CP016578.1	IncX1	IncX1	37697	3.4.8.70.445.1053	3	4	8	70	445	1053
RefSeq_NZ_CP016580.1	IncX1	IncX1	37696	3.4.8.70.445.1053	3	4	8	70	445	1053
RefSeq_NZ_CP016587.1	IncX1	IncX1	37696	3.4.8.70.445.1053	3	4	8	70	445	1053
RefSeq_NZ_CP017222.1	IncX1	IncX1	54159	3.6.21.98.147.1379	3	6	21	98	147	1379
RefSeq_NZ_CP017233.1	IncX1	IncX1	96999	3.6.7.9.14.1380	3	6	7	9	14	1380
RefSeq_NZ_CP017633.1	IncX1	IncX1	120528	4.5.6.7.11.1389	4	5	6	7	11	1389
RefSeq_NZ_CP018662.1	IncX1	IncX1	51980	3.6.7.10.12.1407	3	6	7	10	12	1407
RefSeq_NZ_CP019180.1	IncX1	IncX1	74560	3.6.7.9.181.1020	3	6	7	9	181	1020
RefSeq_NZ_CP019272.1	IncX1	IncX1	129452	4.5.6.7.7.1428	4	5	6	7	7	1428
RefSeq_NZ_CP019284.1	IncX1	IncX1	93578	3.6.7.9.200.1430	3	6	7	9	200	1430
RefSeq_NZ_CP019395.1	IncX1	IncX1	91319	4.5.6.7.20.1431	4	5	6	7	20	1431
RefSeq_NZ_CP020060.1	IncX1	IncX1	50999	4.5.6.8.452.1440	4	5	6	8	452	1440
RefSeq_NZ_CP020088.1	IncX1	IncX1	47674	3.6.21.98.147.1445	3	6	21	98	147	1445
RefSeq_NZ_CP020341.1	IncX1	IncX1	47688	3.4.8.70.439.1448	3	4	8	70	439	1448
RefSeq_NZ_CP020836.1	IncX1	IncX1	37362	3.6.21.98.216.1453	3	6	21	98	216	1453
RefSeq_NZ_CP021103.1	IncX1	IncX1	80206	3.6.7.10.70.1460	3	6	7	10	70	1460
RefSeq_NZ_CP022061.1	IncX1	IncX1	44561	3.6.21.98.216.1479	3	6	21	98	216	1479
RefSeq_NZ_CP022072.1	IncX1	IncX1	42327	3.6.7.20.435.1480	3	6	7	20	435	1480
RefSeq_NZ_CP022281.1	IncX1	IncX1	59190	3.4.8.11.327.1489	3	4	8	11	327	1489
RefSeq_NZ_CP022453.1	IncX1	IncX1	38911	3.6.7.9.14.1493	3	6	7	9	14	1493
RefSeq_NZ_CP022502.1	IncX1	IncX1	66760	3.4.8.11.490.1495	3	4	8	11	490	1495
RefSeq_NZ_CP022964.1	IncX1	IncX1	67685	3.6.7.20.448.1503	3	6	7	20	448	1503
RefSeq_NZ_CP023360.1	IncX1	IncX1	53914	3.4.8.11.327.1508	3	4	8	11	327	1508
RefSeq_NZ_CP023379.1	IncX1	IncX1	39598	3.6.41.230.442.1513	3	6	41	230	442	1513
RefSeq_NZ_CP023438.1	IncX1	IncX1	51931	3.6.7.10.12.1517	3	6	7	10	12	1517
RefSeq_NZ_CP023476.1	IncX1	IncX1	34661	2.14.85.245.492.1520	2	14	85	245	492	1520
RefSeq_NZ_CP024136.1	IncX1	IncX1	93781	4.5.6.7.7.1551	4	5	6	7	7	1551
RefSeq_NZ_CP024261.1	IncX1	IncX1	45056	3.10.20.34.496.1559	3	10	20	34	496	1559
RefSeq_NZ_CP024290.1	IncX1	IncX1	36473	2.14.85.245.492.1561	2	14	85	245	492	1561
RefSeq_NZ_CP024467.1	IncX1	IncX1	54993	3.6.21.98.147.1564	3	6	21	98	147	1564
RefSeq_NZ_CP024664.1	IncX1	IncX1	52270	3.10.20.34.413.1566	3	10	20	34	413	1566
RefSeq_NZ_CP024671.1	IncX1	IncX1	31494	3.6.49.240.497.1567	3	6	49	240	497	1567
RefSeq_NZ_CP025558.1	IncX1	IncX1	30098	3.10.20.34.413.1023	3	10	20	34	413	1023
RefSeq_NZ_CP025677.1	IncX1	IncX1	129356	4.5.6.7.9.1585	4	5	6	7	9	1585
RefSeq_NZ_CP025864.1	IncX1	IncX1	36127	3.10.20.34.413.1588	3	10	20	34	413	1588
RefSeq_NZ_CP026570.1	IncX1	IncX1	96994	3.6.7.9.14.1616	3	6	7	9	14	1616
RefSeq_NZ_CP026773.1	IncX1	IncX1	52051	3.4.8.70.201.1622	3	4	8	70	201	1622
RefSeq_NZ_CP027138.1	IncX1	IncX1	90735	3.4.8.11.443.1629	3	4	8	11	443	1629
RefSeq_NZ_CP027574.1	IncX1	IncX1	48183	3.10.20.34.413.1637	3	10	20	34	413	1637
RefSeq_NZ_CP028313.1	IncX1	IncX1	43609	3.6.49.240.497.1644	3	6	49	240	497	1644
RefSeq_NZ_CP029061.1	IncX1	IncX1	32945	3.10.20.34.413.1023	3	10	20	34	413	1023
RefSeq_NZ_CP029683.1	IncX1	IncX1	86805	3.6.7.9.14.1380	3	6	7	9	14	1380
RefSeq_NZ_CP029854.1	IncX1	IncX1	43427	3.4.8.70.201.1681	3	4	8	70	201	1681
RefSeq_NZ_CP030208.1	IncX1	IncX1	74577	3.6.7.66.91.1067	3	6	7	66	91	1067
RefSeq_NZ_CP030283.1	IncX1	IncX1	113645	4.5.6.7.11.1389	4	5	6	7	11	1389
RefSeq_NZ_CP031110.1	IncX1	IncX1	50124	3.6.13.19.24.1701	3	6	13	19	24	1701
RefSeq_NZ_CP031234.1	IncX1	IncX1	46994	3.4.8.11.327.1703	3	4	8	11	327	1703
RefSeq_NZ_CP031361.1	IncX1	IncX1	37697	3.10.20.34.413.1289	3	10	20	34	413	1289
RefSeq_NZ_CP031766.1	IncX1	IncX1	141331	3.6.7.9.14.1709	3	6	7	9	14	1709
RefSeq_NZ_CP032087.1	IncX1	IncX1	37009	2.14.33.234.458.1719	2	14	33	234	458	1719
RefSeq_NZ_CP032088.1	IncX1	IncX1	28563	2.14.33.234.507.1720	2	14	33	234	507	1720
RefSeq_NZ_CP032381.1	IncX1	IncX1	74562	3.6.7.9.181.1020	3	6	7	9	181	1020
RefSeq_NZ_CP032386.1	IncX1	IncX1	75390	3.6.7.66.91.1067	3	6	7	66	91	1067
RefSeq_NZ_CP032389.1	IncX1	IncX1	36009	3.6.21.98.216.1731	3	6	21	98	216	1731
RefSeq_NZ_CP032392.1	IncX1	IncX1	74461	3.6.7.9.181.1020	3	6	7	9	181	1020
RefSeq_NZ_CP032394.1	IncX1	IncX1	55415	3.6.7.20.508.1732	3	6	7	20	508	1732
RefSeq_NZ_CP032397.1	IncX1	IncX1	329264	3.6.7.9.90.1734	3	6	7	9	90	1734
RefSeq_NZ_CP032447.1	IncX1	IncX1	74560	3.6.7.66.91.1067	3	6	7	66	91	1067
RefSeq_NZ_CP032450.1	IncX1	IncX1	114923	3.6.7.66.453.1735	3	6	7	66	453	1735
RefSeq_NZ_CP032988.1	IncX1	IncX1	84688	3.6.7.9.200.1739	3	6	7	9	200	1739
RefSeq_NZ_CP032994.1	IncX1	IncX1	44779	3.6.7.10.12.1105	3	6	7	10	12	1105
RefSeq_NZ_CP033093.1	IncX1	IncX1	38797	3.6.7.10.70.1742	3	6	7	10	70	1742
RefSeq_NZ_CP033379.1	IncX1	IncX1	167170	3.6.7.9.200.1744	3	6	7	9	200	1744
RefSeq_NZ_CP033383.2	IncX1	IncX1	34764	3.6.7.9.14.1493	3	6	7	9	14	1493
RefSeq_NZ_CP033386.2	IncX1	IncX1	52902	3.6.7.9.200.1745	3	6	7	9	200	1745
RefSeq_NZ_CP034761.1	IncX1	IncX1	81092	3.6.7.9.200.1769	3	6	7	9	200	1769
RefSeq_NZ_CP034848.1	IncX1	IncX1	13462	3.4.8.11.510.1772	3	4	8	11	510	1772
RefSeq_NZ_CP035315.1	IncX1	IncX1	40654	3.6.37.249.511.1781	3	6	37	249	511	1781
RefSeq_NZ_CP035345.1	IncX1	IncX1	7399	3.10.20.250.512.1782	3	10	20	250	512	1782
RefSeq_NZ_CP035353.1	IncX1	IncX1	28545	4.5.6.242.513.1783	4	5	6	242	513	1783
RefSeq_NZ_CP037880.1	IncX1	IncX1	40085	2.14.33.234.458.1237	2	14	33	234	458	1237
RefSeq_NZ_CP037995.1	IncX1	IncX1	48223	3.6.7.10.12.1803	3	6	7	10	12	1803
RefSeq_NZ_CP038140.1	IncX1	IncX1	138950	3.6.7.9.200.1804	3	6	7	9	200	1804
RefSeq_NZ_CP039600.1	IncX1	IncX1	38266	3.4.8.70.445.1818	3	4	8	70	445	1818
RefSeq_NZ_CP040091.1	IncX1	IncX1	52088	3.6.7.10.12.1829	3	6	7	10	12	1829
RefSeq_NZ_CP040929.1	IncX1	IncX1	57104	3.6.7.20.25.1846	3	6	7	20	25	1846
RefSeq_NZ_CP041114.1	IncX1	IncX1	58983	3.6.13.19.24.1850	3	6	13	19	24	1850
RefSeq_NZ_CP041175.1	IncX1	IncX1	29337	3.6.7.10.12.1851	3	6	7	10	12	1851
RefSeq_NZ_CP041177.1	IncX1	IncX1	111764	4.5.6.7.9.1852	4	5	6	7	9	1852
RefSeq_NZ_CP041286.1	IncX1	IncX1	102347	3.6.7.9.14.1855	3	6	7	9	14	1855
RefSeq_NZ_CP041439.1	IncX1	IncX1	106630	3.6.7.9.238.1860	3	6	7	9	238	1860
RefSeq_NZ_CP041443.1	IncX1	IncX1	101987	3.6.7.9.14.1855	3	6	7	9	14	1855
RefSeq_NZ_CP041444.1	IncX1	IncX1	78706	3.6.7.9.200.1861	3	6	7	9	200	1861
RefSeq_NZ_CP041453.1	IncX1	IncX1	92973	3.6.7.20.202.1862	3	6	7	20	202	1862
RefSeq_NZ_CP041553.1	IncX1	IncX1	33823	3.6.84.229.441.1030	3	6	84	229	441	1030
RefSeq_NZ_CP041631.1	IncX1	IncX1	27108	3.6.7.10.70.1873	3	6	7	10	70	1873
RefSeq_NZ_CP042589.1	IncX1	IncX1	42683	3.6.7.20.202.1883	3	6	7	20	202	1883
RefSeq_NZ_CP043216.1	IncX1	IncX1	37697	3.10.20.34.413.1289	3	10	20	34	413	1289
RefSeq_NZ_CP043824.1	IncX1	IncX1	114358	3.6.7.9.10.1897	3	6	7	9	10	1897
RefSeq_NZ_CP043935.1	IncX1	IncX1	179179	4.5.6.7.11.1898	4	5	6	7	11	1898
RefSeq_NZ_CP044153.1	IncX1	IncX1	27094	3.6.41.230.442.1905	3	6	41	230	442	1905
RefSeq_NZ_CP044182.1	IncX1	IncX1	37696	3.4.8.70.445.1053	3	4	8	70	445	1053
RefSeq_NZ_CP044438.1	IncX1	IncX1	114090	3.6.7.9.90.1910	3	6	7	9	90	1910
RefSeq_NZ_CP045188.1	IncX1	IncX1	115253	3.6.7.20.202.1862	3	6	7	20	202	1862
RefSeq_NZ_CP045839.1	IncX1	IncX1	84545	3.6.7.9.200.1925	3	6	7	9	200	1925
RefSeq_NZ_CP045842.1	IncX1	IncX1	84545	3.6.7.9.200.1925	3	6	7	9	200	1925
RefSeq_NZ_CP045998.1	IncX1	IncX1	59353	3.6.7.20.25.1846	3	6	7	20	25	1846
RefSeq_NZ_CP046001.1	IncX1	IncX1	73506	3.6.7.9.200.1929	3	6	7	9	200	1929
RefSeq_NZ_CP046002.1	IncX1	IncX1	59351	3.6.7.20.25.1846	3	6	7	20	25	1846
RefSeq_NZ_CP046649.1	IncX1	IncX1	47885	3.4.8.70.439.1935	3	4	8	70	439	1935
RefSeq_NZ_CP047284.1	IncX1	IncX1	39531	3.4.8.70.201.1942	3	4	8	70	201	1942
RefSeq_NZ_CP047339.1	IncX1	IncX1	35955	3.6.7.10.70.1945	3	6	7	10	70	1945
RefSeq_NZ_CP047460.1	IncX1	IncX1	118248	4.5.6.7.20.1946	4	5	6	7	20	1946
RefSeq_NZ_CP047466.1	IncX1	IncX1	114813	3.6.7.9.200.1947	3	6	7	9	200	1947
RefSeq_NZ_CP047471.1	IncX1	IncX1	75321	4.5.6.8.426.1948	4	5	6	8	426	1948
RefSeq_NZ_CP047580.1	IncX1	IncX1	47443	3.4.8.11.327.1950	3	4	8	11	327	1950
RefSeq_NZ_CP048363.1	IncX1	IncX1	33876	3.10.20.34.413.1967	3	10	20	34	413	1967
RefSeq_NZ_CP048777.1	IncX1	IncX1	27511	4.5.6.7.524.1969	4	5	6	7	524	1969
RefSeq_NZ_CP049121.1	IncX1	IncX1	50626	3.6.7.20.25.1973	3	6	7	20	25	1973
RefSeq_NZ_CP050032.1	IncX1	IncX1	30707	3.6.7.20.202.1977	3	6	7	20	202	1977
RefSeq_NZ_CP050037.1	IncX1	IncX1	44691	4.5.6.7.432.1978	4	5	6	7	432	1978
RefSeq_NZ_CP050041.1	IncX1	IncX1	89748	4.5.6.7.20.1979	4	5	6	7	20	1979
RefSeq_NZ_CP050046.1	IncX1	IncX1	44690	4.5.6.8.526.1980	4	5	6	8	526	1980
RefSeq_NZ_CP050049.1	IncX1	IncX1	27018	3.6.7.10.70.1981	3	6	7	10	70	1981
RefSeq_NZ_CP050174.1	IncX1	IncX1	97366	3.6.7.9.14.1985	3	6	7	9	14	1985
RefSeq_NZ_CP050707.1	IncX1	IncX1	108447	4.5.6.7.9.1852	4	5	6	7	9	1852
RefSeq_NZ_CP050710.1	IncX1	IncX1	90315	4.5.6.7.9.1990	4	5	6	7	9	1990
RefSeq_NZ_CP050713.1	IncX1	IncX1	106652	4.5.6.7.9.1793	4	5	6	7	9	1793
RefSeq_NZ_CP050717.1	IncX1	IncX1	90315	4.5.6.7.9.1990	4	5	6	7	9	1990
RefSeq_NZ_CP050724.1	IncX1	IncX1	115154	4.5.6.7.9.1991	4	5	6	7	9	1991
RefSeq_NZ_CP050759.1	IncX1	IncX1	29164	4.5.6.7.432.1995	4	5	6	7	432	1995
RefSeq_NZ_CP050765.1	IncX1	IncX1	30641	3.6.7.20.202.1996	3	6	7	20	202	1996
RefSeq_NZ_CP050773.1	IncX1	IncX1	34285	3.6.7.10.70.1998	3	6	7	10	70	1998
RefSeq_NZ_CP051348.1	IncX1	IncX1	48581	3.4.8.11.437.2001	3	4	8	11	437	2001
RefSeq_NZ_CP051393.1	IncX1	IncX1	51490	3.6.21.98.147.2003	3	6	21	98	147	2003
RefSeq_NZ_CP051432.1	IncX1	IncX1	45814	3.6.13.19.24.2004	3	6	13	19	24	2004
RefSeq_NZ_CP052879.1	IncX1	IncX1	62933	4.5.6.8.8.2010	4	5	6	8	8	2010
RefSeq_NZ_CP053047.1	IncX1	IncX1	57105	3.6.7.10.70.2012	3	6	7	10	70	2012
RefSeq_NZ_CP053050.1	IncX1	IncX1	54008	3.6.21.98.147.2013	3	6	21	98	147	2013
RefSeq_NZ_CP053728.1	IncX1	IncX1	80920	3.6.7.9.200.356	3	6	7	9	200	356
RefSeq_NZ_CP053740.1	IncX1	IncX1	38002	3.6.7.10.12.1105	3	6	7	10	12	1105
RefSeq_NZ_CP054423.1	IncX1	IncX1	42668	3.4.8.70.445.2028	3	4	8	70	445	2028
RefSeq_NZ_CP055007.1	IncX1	IncX1	66378	4.5.6.7.20.2036	4	5	6	7	20	2036
RefSeq_NZ_CP055017.1	IncX1	IncX1	35655	4.5.6.7.20.2038	4	5	6	7	20	2038
RefSeq_NZ_CP055026.1	IncX1	IncX1	47888	3.6.13.19.24.2040	3	6	13	19	24	2040
RefSeq_NZ_CP055039.1	IncX1	IncX1	72259	3.6.7.9.200.2042	3	6	7	9	200	2042
RefSeq_NZ_CP055043.1	IncX1	IncX1	47227	3.6.13.19.24.2044	3	6	13	19	24	2044
RefSeq_NZ_CP055050.1	IncX1	IncX1	46569	3.6.7.10.12.2045	3	6	7	10	12	2045
RefSeq_NZ_CP055073.1	IncX1	IncX1	46569	3.6.13.19.24.2048	3	6	13	19	24	2048
RefSeq_NZ_CP055183.1	IncX1	IncX1	35925	3.6.49.240.475.2050	3	6	49	240	475	2050
RefSeq_NZ_CP055185.1	IncX1	IncX1	46569	3.6.7.10.12.2045	3	6	7	10	12	2045
RefSeq_NZ_CP055807.1	IncX1	IncX1	52614	3.6.21.98.147.2076	3	6	21	98	147	2076
RefSeq_NZ_CP056039.1	IncX1	IncX1	29451	4.5.6.8.529.2083	4	5	6	8	529	2083
RefSeq_NZ_CP056075.1	IncX1	IncX1	39140	4.5.6.8.8.2084	4	5	6	8	8	2084
RefSeq_NZ_CP057231.1	IncX1	IncX1	32364	3.4.8.70.201.2127	3	4	8	70	201	2127
RefSeq_NZ_CP057240.1	IncX1	IncX1	32364	3.4.8.70.201.2127	3	4	8	70	201	2127
RefSeq_NZ_CP058673.1	IncX1	IncX1	51521	3.4.8.11.312.2140	3	4	8	11	312	2140
RefSeq_NZ_CP058711.1	IncX1	IncX1	104573	3.6.7.186.530.2141	3	6	7	186	530	2141
RefSeq_NZ_CP058717.1	IncX1	IncX1	97389	4.5.6.8.452.2142	4	5	6	8	452	2142
RefSeq_NZ_CP058718.1	IncX1	IncX1	48680	4.5.6.7.531.2143	4	5	6	7	531	2143
RefSeq_NZ_CP058721.1	IncX1	IncX1	90772	4.5.6.8.8.2144	4	5	6	8	8	2144
RefSeq_NZ_CP058727.1	IncX1	IncX1	91934	4.5.6.8.452.2142	4	5	6	8	452	2142
RefSeq_NZ_CP058789.1	IncX1	IncX1	45031	3.6.7.10.12.2150	3	6	7	10	12	2150
RefSeq_NZ_CP058797.1	IncX1	IncX1	53820	3.6.7.20.25.2151	3	6	7	20	25	2151
RefSeq_NZ_CP058827.1	IncX1	IncX1	46569	3.6.7.10.12.1803	3	6	7	10	12	1803
RefSeq_NZ_CP058830.1	IncX1	IncX1	24419	4.5.6.7.524.2152	4	5	6	7	524	2152
RefSeq_NZ_CP058842.1	IncX1	IncX1	39202	3.6.21.98.532.2153	3	6	21	98	532	2153
RefSeq_NZ_CP058855.1	IncX1	IncX1	39362	3.6.49.240.475.1322	3	6	49	240	475	1322
RefSeq_NZ_CP059292.1	IncX1	IncX1	32980	3.6.7.186.530.2164	3	6	7	186	530	2164
RefSeq_NZ_CP059838.1	IncX1	IncX1	51601	3.6.21.98.147.2173	3	6	21	98	147	2173
RefSeq_NZ_CP059850.1	IncX1	IncX1	51531	3.6.7.20.435.2174	3	6	7	20	435	2174
RefSeq_NZ_CP059949.1	IncX1	IncX1	37662	3.4.8.70.201.2176	3	4	8	70	201	2176
RefSeq_NZ_CP060077.1	IncX1	IncX1	50572	3.4.8.11.327.1057	3	4	8	11	327	1057
RefSeq_NZ_CP060133.1	IncX1	IncX1	176767	4.5.6.7.20.2178	4	5	6	7	20	2178
RefSeq_NZ_CP060136.1	IncX1	IncX1	57187	3.6.7.20.435.2179	3	6	7	20	435	2179
RefSeq_NZ_CP060749.1	IncX1	IncX1	153051	4.5.6.7.7.2184	4	5	6	7	7	2184
RefSeq_NZ_CP060927.1	IncX1	IncX1	24892	3.6.7.186.533.2188	3	6	7	186	533	2188
RefSeq_NZ_CP061104.1	IncX1	IncX1	39019	2.14.33.234.458.2190	2	14	33	234	458	2190
RefSeq_NZ_CP061750.1	IncX1	IncX1	129153	4.5.6.7.9.2198	4	5	6	7	9	2198
RefSeq_NZ_CP061976.1	IncX1	IncX1	24514	4.5.6.259.534.2201	4	5	6	259	534	2201
RefSeq_NZ_CP062857.1	IncX1	IncX1	44395	2.14.33.234.458.2205	2	14	33	234	458	2205
RefSeq_NZ_CP063333.1	IncX1	IncX1	109936	4.5.6.7.20.2212	4	5	6	7	20	2212
RefSeq_NZ_CP063344.1	IncX1	IncX1	27893	3.6.7.186.535.2213	3	6	7	186	535	2213
RefSeq_NZ_CP063351.1	IncX1	IncX1	48054	3.6.7.9.200.2214	3	6	7	9	200	2214
RefSeq_NZ_CP063475.1	IncX1	IncX1	47868	3.6.7.10.12.2217	3	6	7	10	12	2217
RefSeq_NZ_CP063509.1	IncX1	IncX1	48901	3.4.8.11.327.2220	3	4	8	11	327	2220
RefSeq_NZ_CP063875.1	IncX1	IncX1	51856	4.5.6.8.527.2223	4	5	6	8	527	2223
RefSeq_NZ_CP063984.1	IncX1	IncX1	24185	2.14.33.234.458.1306	2	14	33	234	458	1306
RefSeq_NZ_CP064008.1	IncX1	IncX1	64994	3.6.7.20.202.2233	3	6	7	20	202	2233
RefSeq_NZ_CP064011.1	IncX1	IncX1	35824	3.6.7.20.536.2234	3	6	7	20	536	2234
RefSeq_NZ_CP064012.1	IncX1	IncX1	43656	3.6.7.10.70.2235	3	6	7	10	70	2235
RefSeq_NZ_CP064018.1	IncX1	IncX1	53563	3.6.7.10.457.2236	3	6	7	10	457	2236
RefSeq_NZ_CP064020.1	IncX1	IncX1	32893	3.6.7.9.200.2237	3	6	7	9	200	2237
RefSeq_NZ_CP064024.1	IncX1	IncX1	45489	4.5.6.8.526.2238	4	5	6	8	526	2238
RefSeq_NZ_CP064025.1	IncX1	IncX1	46548	3.6.21.98.147.2239	3	6	21	98	147	2239
RefSeq_NZ_CP065103.1	IncX1	IncX1	47397	3.6.7.10.12.1803	3	6	7	10	12	1803
RefSeq_NZ_CP065113.1	IncX1	IncX1	47085	3.4.8.11.327.1950	3	4	8	11	327	1950
RefSeq_NZ_CP065620.1	IncX1	IncX1	29236	2.14.33.234.458.2257	2	14	33	234	458	2257
RefSeq_NZ_CP066146.1	IncX1	IncX1	24185	2.14.33.234.458.1306	2	14	33	234	458	1306
RefSeq_NZ_CP066852.1	IncX1	IncX1	37718	3.4.8.70.445.1053	3	4	8	70	445	1053
RefSeq_NZ_CP067238.1	IncX1	IncX1	25897	3.6.7.20.539.2268	3	6	7	20	539	2268
RefSeq_NZ_CP067252.1	IncX1	IncX1	46067	4.5.6.7.20.2269	4	5	6	7	20	2269
RefSeq_NZ_CP068040.1	IncX1	IncX1	126454	3.6.7.9.14.1709	3	6	7	9	14	1709
RefSeq_NZ_CP068387.1	IncX1	IncX1	67734	3.6.7.10.12.2283	3	6	7	10	12	2283
RefSeq_NZ_CP069446.1	IncX1	IncX1	36124	3.6.84.229.441.1286	3	6	84	229	441	1286
RefSeq_NZ_CP069694.1	IncX1	IncX1	56897	3.6.7.10.12.2298	3	6	7	10	12	2298
RefSeq_NZ_CP069708.1	IncX1	IncX1	77243	3.6.7.9.200.2299	3	6	7	9	200	2299
RefSeq_NZ_CP069711.1	IncX1	IncX1	120379	3.6.7.9.90.2300	3	6	7	9	90	2300
RefSeq_NZ_CP070925.1	IncX1	IncX1	50323	3.6.7.10.70.2326	3	6	7	10	70	2326
RefSeq_NZ_CP070958.1	IncX1	IncX1	46743	3.4.8.144.541.2328	3	4	8	144	541	2328
RefSeq_NZ_CP071437.1	IncX1	IncX1	37036	4.5.6.8.542.2331	4	5	6	8	542	2331
RefSeq_NZ_CP071688.1	IncX1	IncX1	29336	3.6.7.10.12.1851	3	6	7	10	12	1851
RefSeq_NZ_CP071692.1	IncX1	IncX1	24484	3.4.8.11.327.2333	3	4	8	11	327	2333
RefSeq_NZ_CP071695.1	IncX1	IncX1	24484	3.4.8.11.327.2333	3	4	8	11	327	2333
RefSeq_NZ_CP073937.1	IncX1	IncX1	46249	3.6.7.20.202.1883	3	6	7	20	202	1883
RefSeq_NZ_CP073956.1	IncX1	IncX1	38404	3.10.20.34.413.2354	3	10	20	34	413	2354
RefSeq_NZ_CP073998.1	IncX1	IncX1	42865	3.4.8.70.445.2355	3	4	8	70	445	2355
RefSeq_NZ_CP074022.1	IncX1	IncX1	54950	3.4.8.11.443.2357	3	4	8	11	443	2357
RefSeq_NZ_CP074025.1	IncX1	IncX1	49405	4.5.6.7.524.2358	4	5	6	7	524	2358
RefSeq_NZ_CP074029.1	IncX1	IncX1	32666	3.6.7.10.457.2359	3	6	7	10	457	2359
RefSeq_NZ_CP074050.1	IncX1	IncX1	19393	3.6.41.261.544.2360	3	6	41	261	544	2360
RefSeq_NZ_CP074426.1	IncX1	IncX1	101606	4.5.6.7.9.1793	4	5	6	7	9	1793
RefSeq_NZ_CP074431.1	IncX1	IncX1	24486	3.6.21.98.147.2368	3	6	21	98	147	2368
RefSeq_NZ_CP075114.1	IncX1	IncX1	74688	3.6.7.66.91.1067	3	6	7	66	91	1067
RefSeq_NZ_CP075124.1	IncX1	IncX1	33067	3.10.20.34.413.1023	3	10	20	34	413	1023
RefSeq_NZ_CP075261.1	IncX1	IncX1	151651	4.5.6.7.21.2380	4	5	6	7	21	2380
RefSeq_NZ_CP075463.1	IncX1	IncX1	97500	3.6.7.9.14.1985	3	6	7	9	14	1985
RefSeq_NZ_CP075467.1	IncX1	IncX1	103081	3.6.7.9.14.2383	3	6	7	9	14	2383
RefSeq_NZ_CP075470.1	IncX1	IncX1	101476	3.6.7.9.14.1985	3	6	7	9	14	1985
RefSeq_NZ_CP075471.1	IncX1	IncX1	122563	3.6.7.9.200.2384	3	6	7	9	200	2384
RefSeq_NZ_CP075473.1	IncX1	IncX1	148421	3.6.7.10.547.2385	3	6	7	10	547	2385
RefSeq_NZ_CP075479.1	IncX1	IncX1	102128	3.6.7.9.14.1985	3	6	7	9	14	1985
RefSeq_NZ_CP075481.1	IncX1	IncX1	103246	3.6.7.9.14.1855	3	6	7	9	14	1855
RefSeq_NZ_CP075485.1	IncX1	IncX1	115741	3.6.7.20.202.1862	3	6	7	20	202	1862
RefSeq_NZ_CP075486.1	IncX1	IncX1	130047	3.6.7.9.200.2384	3	6	7	9	200	2384
RefSeq_NZ_CP075724.1	IncX1	IncX1	91697	4.5.6.7.21.2388	4	5	6	7	21	2388
RefSeq_NZ_CP075742.1	IncX1	IncX1	49708	3.4.8.11.327.2220	3	4	8	11	327	2220
RefSeq_NZ_CP076346.1	IncX1	IncX1	44199	2.14.33.234.458.2392	2	14	33	234	458	2392
RefSeq_NZ_CP076520.1	IncX1	IncX1	78128	3.6.7.9.135.2393	3	6	7	9	135	2393
RefSeq_NZ_CP076649.1	IncX1	IncX1	79203	4.5.6.7.20.2395	4	5	6	7	20	2395
RefSeq_NZ_CP076650.1	IncX1	IncX1	90896	4.5.6.7.20.2396	4	5	6	7	20	2396
RefSeq_NZ_CP076708.1	IncX1	IncX1	48944	2.14.33.234.458.2399	2	14	33	234	458	2399
RefSeq_NZ_CP077762.1	IncX1	IncX1	56404	3.6.7.9.28.2408	3	6	7	9	28	2408
RefSeq_NZ_CP079886.1	IncX1	IncX1	66077	3.6.7.9.200.2423	3	6	7	9	200	2423
RefSeq_NZ_CP079894.1	IncX1	IncX1	30790	3.10.20.34.548.2424	3	10	20	34	548	2424
RefSeq_NZ_CP080058.1	IncX1	IncX1	104551	3.6.7.9.200.2425	3	6	7	9	200	2425
RefSeq_NZ_CP080068.1	IncX1	IncX1	39170	3.6.7.20.202.2426	3	6	7	20	202	2426
RefSeq_NZ_CP080071.1	IncX1	IncX1	16714	3.6.7.10.457.2427	3	6	7	10	457	2427
RefSeq_NZ_CP080077.1	IncX1	IncX1	51975	3.6.7.20.25.1846	3	6	7	20	25	1846
RefSeq_NZ_CP080081.1	IncX1	IncX1	246552	3.6.7.10.70.351	3	6	7	10	70	351
RefSeq_NZ_CP080086.1	IncX1	IncX1	36179	3.6.37.249.511.2428	3	6	37	249	511	2428
RefSeq_NZ_CP080093.1	IncX1	IncX1	56813	3.6.7.10.12.2429	3	6	7	10	12	2429
RefSeq_NZ_CP080137.1	IncX1	IncX1	49201	3.6.7.10.12.2431	3	6	7	10	12	2431
RefSeq_NZ_CP080228.1	IncX1	IncX1	86378	3.6.7.66.440.2433	3	6	7	66	440	2433
RefSeq_NZ_CP080234.1	IncX1	IncX1	77484	3.4.8.11.247.2434	3	4	8	11	247	2434
RefSeq_NZ_CP080237.1	IncX1	IncX1	54694	3.4.8.11.247.2436	3	4	8	11	247	2436
RefSeq_NZ_CP081012.1	IncX1	IncX1	24185	2.14.33.234.507.1720	2	14	33	234	507	1720
RefSeq_NZ_CP081814.1	IncX1	IncX1	47219	3.6.7.10.70.2444	3	6	7	10	70	2444
RefSeq_NZ_CP085980.1	IncX1	IncX1	53986	3.6.21.93.553.2511	3	6	21	93	553	2511
RefSeq_NZ_CP085985.1	IncX1	IncX1	53154	3.6.21.93.553.2511	3	6	21	93	553	2511
RefSeq_NZ_CP086609.1	IncX1	IncX1	46074	3.4.8.70.439.1024	3	4	8	70	439	1024
RefSeq_NZ_CP086680.1	IncX1	IncX1	46324	3.6.7.9.200.2515	3	6	7	9	200	2515
RefSeq_NZ_CP089440.1	IncX1	IncX1	48371	3.6.7.20.25.2539	3	6	7	20	25	2539
RefSeq_NZ_CP090215.1	IncX1	IncX1	41043	3.6.7.20.25.2552	3	6	7	20	25	2552
RefSeq_NZ_CP090380.1	IncX1	IncX1	41043	3.6.7.20.25.2552	3	6	7	20	25	2552
RefSeq_NZ_CP090573.1	IncX1	IncX1	41043	3.6.7.20.25.2552	3	6	7	20	25	2552
RefSeq_NZ_CP091672.1	IncX1	IncX1	224424	3.6.7.20.202.2577	3	6	7	20	202	2577
RefSeq_NZ_CP091674.1	IncX1	IncX1	18520	3.4.8.11.510.2578	3	4	8	11	510	2578
RefSeq_NZ_CP092260.1	IncX1	IncX1	38906	3.6.7.20.202.2587	3	6	7	20	202	2587
RefSeq_NZ_CP095089.1	IncX1	IncX1	36460	3.6.7.9.90.2609	3	6	7	9	90	2609
RefSeq_NZ_CP095451.1	IncX1	IncX1	92017	4.5.6.7.20.2617	4	5	6	7	20	2617
RefSeq_NZ_CP095788.1	IncX1	IncX1	144572	3.6.7.10.70.2630	3	6	7	10	70	2630
RefSeq_NZ_CP096836.1	IncX1	IncX1	43439	3.6.7.20.202.2637	3	6	7	20	202	2637
RefSeq_NZ_CP096838.1	IncX1	IncX1	54649	3.6.7.9.558.2638	3	6	7	9	558	2638
RefSeq_NZ_CP097182.1	IncX1	IncX1	104161	3.6.7.9.14.1985	3	6	7	9	14	1985
RefSeq_NZ_CP097194.1	IncX1	IncX1	43761	3.6.37.249.511.2643	3	6	37	249	511	2643
RefSeq_NZ_CP097201.1	IncX1	IncX1	49214	3.6.7.10.70.2645	3	6	7	10	70	2645
RefSeq_NZ_CP097372.1	IncX1	IncX1	34418	3.10.20.34.413.1967	3	10	20	34	413	1967
RefSeq_NZ_CP097715.1	IncX1	IncX1	42571	3.6.7.10.12.2650	3	6	7	10	12	2650
RefSeq_NZ_CP097723.1	IncX1	IncX1	39219	3.6.13.19.24.2651	3	6	13	19	24	2651
RefSeq_NZ_CP097725.1	IncX1	IncX1	42570	3.6.13.19.24.2652	3	6	13	19	24	2652
RefSeq_NZ_CP099336.1	IncX1	IncX1	46121	3.4.8.144.541.2328	3	4	8	144	541	2328
RefSeq_NZ_CP099342.1	IncX1	IncX1	45944	3.4.8.144.541.2328	3	4	8	144	541	2328
RefSeq_NZ_CP099974.1	IncX1	IncX1	29336	3.6.7.10.12.1851	3	6	7	10	12	1851
RefSeq_NZ_CP100668.1	IncX1	IncX1	29336	3.6.7.10.12.1851	3	6	7	10	12	1851
RefSeq_NZ_CP100726.1	IncX1	IncX1	24484	3.4.8.11.327.2333	3	4	8	11	327	2333
RefSeq_NZ_CP101266.1	IncX1	IncX1	46712	3.6.7.20.25.1171	3	6	7	20	25	1171
RefSeq_NZ_CP101668.1	IncX1	IncX1	72916	4.5.6.7.20.2688	4	5	6	7	20	2688
RefSeq_NZ_CP101736.1	IncX1	IncX1	37511	3.6.7.9.559.2689	3	6	7	9	559	2689
RefSeq_NZ_CP101927.1	IncX1	IncX1	24185	2.14.33.234.507.1720	2	14	33	234	507	1720
RefSeq_NZ_CP102828.1	IncX1	IncX1	237848	3.4.8.11.13.2702	3	4	8	11	13	2702
RefSeq_NZ_CP102858.1	IncX1	IncX1	40630	2.14.33.234.458.2705	2	14	33	234	458	2705
RefSeq_NZ_CP103531.1	IncX1	IncX1	54200	3.6.21.98.147.2720	3	6	21	98	147	2720
RefSeq_NZ_CP103537.1	IncX1	IncX1	31691	3.10.20.34.413.2722	3	10	20	34	413	2722
RefSeq_NZ_CP103599.1	IncX1	IncX1	34426	3.6.7.113.563.2728	3	6	7	113	563	2728
RefSeq_NZ_CP104080.1	IncX1	IncX1	61731	3.6.7.9.200.2737	3	6	7	9	200	2737
RefSeq_NZ_CP104199.1	IncX1	IncX1	49316	4.5.6.7.20.2739	4	5	6	7	20	2739
RefSeq_NZ_CP104327.1	IncX1	IncX1	162761	3.6.7.9.200.2740	3	6	7	9	200	2740
RefSeq_NZ_CP104331.1	IncX1	IncX1	161931	3.6.7.9.200.2740	3	6	7	9	200	2740
RefSeq_NZ_CP104480.1	IncX1	IncX1	44362	3.4.8.11.327.2742	3	4	8	11	327	2742
RefSeq_NZ_CP104489.1	IncX1	IncX1	44362	3.4.8.11.327.2742	3	4	8	11	327	2742
RefSeq_NZ_CP104506.1	IncX1	IncX1	39219	3.6.13.19.24.2651	3	6	13	19	24	2651
RefSeq_NZ_CP104542.1	IncX1	IncX1	41465	3.4.8.70.439.2745	3	4	8	70	439	2745
RefSeq_NZ_CP104600.1	IncX1	IncX1	94780	4.5.6.7.20.2746	4	5	6	7	20	2746
RefSeq_NZ_CP104615.1	IncX1	IncX1	95335	4.5.6.7.20.1431	4	5	6	7	20	1431
RefSeq_NZ_CP104623.1	IncX1	IncX1	30784	4.5.6.8.526.2749	4	5	6	8	526	2749
RefSeq_NZ_CP104859.1	IncX1	IncX1	79524	3.6.7.66.91.1067	3	6	7	66	91	1067
RefSeq_NZ_CP107012.1	IncX1	IncX1	35442	3.6.84.229.441.2766	3	6	84	229	441	2766
RefSeq_NZ_CP107434.1	IncX1	IncX1	118453	4.5.6.7.9.1585	4	5	6	7	9	1585
RefSeq_NZ_CP110124.1	IncX1	IncX1	31314	3.6.7.186.533.2785	3	6	7	186	533	2785
RefSeq_NZ_CP110156.1	IncX1	IncX1	29087	4.5.6.235.459.2786	4	5	6	235	459	2786
RefSeq_NZ_CP110163.1	IncX1	IncX1	30049	4.5.6.235.459.1187	4	5	6	235	459	1187
RefSeq_NZ_CP110815.1	IncX1	IncX1	162755	3.6.7.9.200.2740	3	6	7	9	200	2740
RefSeq_NZ_CP110817.1	IncX1	IncX1	161920	3.6.7.9.200.2740	3	6	7	9	200	2740
RefSeq_NZ_CP110980.1	IncX1	IncX1	31816	3.6.7.186.533.2785	3	6	7	186	533	2785
RefSeq_NZ_CP113193.1	IncX1	IncX1	350595	3.6.7.10.70.2800	3	6	7	10	70	2800
RefSeq_NZ_CP113199.1	IncX1	IncX1	36155	3.6.7.186.564.2801	3	6	7	186	564	2801
RefSeq_NZ_CP113206.1	IncX1	IncX1	36155	3.6.7.186.564.2801	3	6	7	186	564	2801
RefSeq_NZ_CP114793.1	IncX1	IncX1	40480	3.6.41.261.565.2809	3	6	41	261	565	2809
RefSeq_NZ_CP115316.1	IncX1	IncX1	10121	3.6.49.265.566.2812	3	6	49	265	566	2812
RefSeq_NZ_CP115354.1	IncX1	IncX1	45497	2.14.33.234.458.1190	2	14	33	234	458	1190
RefSeq_NZ_CP115360.1	IncX1	IncX1	16660	3.6.49.266.567.2813	3	6	49	266	567	2813
RefSeq_NZ_CP115368.1	IncX1	IncX1	43410	3.6.7.9.14.2814	3	6	7	9	14	2814
RefSeq_NZ_CP115825.1	IncX1	IncX1	47686	3.4.8.70.439.1448	3	4	8	70	439	1448
RefSeq_NZ_CP116043.1	IncX1	IncX1	40085	2.14.33.234.458.1237	2	14	33	234	458	1237
RefSeq_NZ_CP116155.1	IncX1	IncX1	44960	4.5.6.8.526.2824	4	5	6	8	526	2824
RefSeq_NZ_CP116484.1	IncX1	IncX1	18808	3.4.8.11.568.2828	3	4	8	11	568	2828
RefSeq_NZ_CP116979.1	IncX1	IncX1	51743	3.4.8.11.569.2831	3	4	8	11	569	2831
RefSeq_NZ_CP116984.1	IncX1	IncX1	51555	3.6.7.10.70.2645	3	6	7	10	70	2645
RefSeq_NZ_CP117236.1	IncX1	IncX1	24185	2.14.33.234.458.1306	2	14	33	234	458	1306
RefSeq_NZ_CP117337.1	IncX1	IncX1	150540	3.6.7.20.202.2834	3	6	7	20	202	2834
RefSeq_NZ_CP117342.1	IncX1	IncX1	75130	3.6.7.66.91.1067	3	6	7	66	91	1067
RefSeq_NZ_CP117345.1	IncX1	IncX1	74562	3.6.7.66.91.1067	3	6	7	66	91	1067
RefSeq_NZ_CP117347.1	IncX1	IncX1	178387	3.6.7.9.90.2835	3	6	7	9	90	2835
RefSeq_NZ_CP117353.1	IncX1	IncX1	74850	3.6.7.66.91.1067	3	6	7	66	91	1067
RefSeq_NZ_CP117356.1	IncX1	IncX1	75391	3.6.7.66.91.1067	3	6	7	66	91	1067
RefSeq_NZ_CP117361.1	IncX1	IncX1	74851	3.6.7.66.91.1067	3	6	7	66	91	1067
RefSeq_NZ_CP117364.1	IncX1	IncX1	75466	3.6.7.66.91.1067	3	6	7	66	91	1067
RefSeq_NZ_CP117369.1	IncX1	IncX1	73152	3.6.7.20.508.2836	3	6	7	20	508	2836
RefSeq_NZ_CP117375.1	IncX1	IncX1	75389	3.6.7.66.91.1067	3	6	7	66	91	1067
RefSeq_NZ_CP117624.1	IncX1	IncX1	43633	3.4.8.144.570.2838	3	4	8	144	570	2838
RefSeq_NZ_CP119582.2	IncX1	IncX1	42886	3.6.13.19.24.2044	3	6	13	19	24	2044
RefSeq_NZ_CP120317.1	IncX1	IncX1	37698	3.4.8.70.445.1053	3	4	8	70	445	1053
RefSeq_NZ_CP120320.1	IncX1	IncX1	37698	3.4.8.70.445.1053	3	4	8	70	445	1053
RefSeq_NZ_CP120324.1	IncX1	IncX1	37699	3.10.20.34.413.1289	3	10	20	34	413	1289
RefSeq_NZ_CP120330.1	IncX1	IncX1	52319	3.6.7.9.28.2850	3	6	7	9	28	2850
RefSeq_NZ_CP120342.1	IncX1	IncX1	58367	3.6.7.9.28.2850	3	6	7	9	28	2850
RefSeq_NZ_CP121005.1	IncX1	IncX1	24483	3.4.8.11.327.2333	3	4	8	11	327	2333
RefSeq_NZ_CP121152.1	IncX1	IncX1	142233	3.6.7.20.462.2852	3	6	7	20	462	2852
RefSeq_NZ_CP121363.1	IncX1	IncX1	57921	3.6.7.10.12.2854	3	6	7	10	12	2854
RefSeq_NZ_CP122495.1	IncX1	IncX1	95954	4.5.6.7.7.2859	4	5	6	7	7	2859
RefSeq_NZ_CP122498.1	IncX1	IncX1	46710	3.6.7.20.25.1171	3	6	7	20	25	1171
RefSeq_NZ_CP122514.1	IncX1	IncX1	26284	3.6.7.20.536.2861	3	6	7	20	536	2861
RefSeq_NZ_CP122520.1	IncX1	IncX1	54392	3.6.7.20.25.1846	3	6	7	20	25	1846
RefSeq_NZ_CP122592.1	IncX1	IncX1	120805	3.6.7.66.91.2862	3	6	7	66	91	2862
RefSeq_NZ_CP122601.1	IncX1	IncX1	59916	3.4.8.11.312.2863	3	4	8	11	312	2863
RefSeq_NZ_CP122605.1	IncX1	IncX1	59920	3.4.8.11.312.2863	3	4	8	11	312	2863
RefSeq_NZ_CP122610.1	IncX1	IncX1	92006	3.6.7.66.453.2864	3	6	7	66	453	2864
RefSeq_NZ_CP122622.1	IncX1	IncX1	120673	3.6.7.66.91.2865	3	6	7	66	91	2865
RefSeq_NZ_CP122647.1	IncX1	IncX1	58596	3.4.8.11.571.2866	3	4	8	11	571	2866
RefSeq_NZ_CP122650.1	IncX1	IncX1	58594	3.4.8.11.571.2866	3	4	8	11	571	2866
RefSeq_NZ_CP122653.1	IncX1	IncX1	55355	3.4.8.11.247.2436	3	4	8	11	247	2436
RefSeq_NZ_CP122675.1	IncX1	IncX1	55628	3.4.8.11.247.2436	3	4	8	11	247	2436
RefSeq_NZ_CP122677.1	IncX1	IncX1	55628	3.4.8.11.247.2436	3	4	8	11	247	2436
RefSeq_NZ_CP122680.1	IncX1	IncX1	54941	3.4.8.11.247.2436	3	4	8	11	247	2436
RefSeq_NZ_CP122683.1	IncX1	IncX1	55377	3.4.8.11.247.2436	3	4	8	11	247	2436
RefSeq_NZ_CP122688.1	IncX1	IncX1	52881	3.4.8.11.312.2863	3	4	8	11	312	2863
RefSeq_NZ_CP122721.1	IncX1	IncX1	57631	3.4.8.11.312.2863	3	4	8	11	312	2863
RefSeq_NZ_CP122724.1	IncX1	IncX1	130771	3.6.7.9.181.2867	3	6	7	9	181	2867
RefSeq_NZ_CP122765.1	IncX1	IncX1	47686	3.6.21.98.147.1445	3	6	21	98	147	1445
RefSeq_NZ_CP122807.1	IncX1	IncX1	98226	3.6.7.66.91.2869	3	6	7	66	91	2869
RefSeq_NZ_CP122830.1	IncX1	IncX1	98230	3.6.7.66.91.2869	3	6	7	66	91	2869
RefSeq_NZ_CP122842.1	IncX1	IncX1	120023	3.6.7.66.91.2870	3	6	7	66	91	2870
RefSeq_NZ_CP122845.1	IncX1	IncX1	47685	3.6.21.98.147.1445	3	6	21	98	147	1445
RefSeq_NZ_CP122865.1	IncX1	IncX1	47684	3.6.21.98.147.1445	3	6	21	98	147	1445
RefSeq_NZ_CP122939.1	IncX1	IncX1	59122	3.4.8.11.247.2872	3	4	8	11	247	2872
RefSeq_NZ_CP123196.1	IncX1	IncX1	113069	4.5.6.7.11.1389	4	5	6	7	11	1389
RefSeq_NZ_CP123250.1	IncX1	IncX1	46544	3.6.13.19.24.2048	3	6	13	19	24	2048
RefSeq_NZ_CP123283.1	IncX1	IncX1	29276	4.5.6.8.572.2874	4	5	6	8	572	2874
RefSeq_NZ_CP123662.1	IncX1	IncX1	46121	3.4.8.70.439.1024	3	4	8	70	439	1024
RefSeq_NZ_CP123965.1	IncX1	IncX1	72225	3.6.7.113.573.2875	3	6	7	113	573	2875
RefSeq_NZ_CP124389.1	IncX1	IncX1	34433	3.10.20.34.413.1967	3	10	20	34	413	1967
RefSeq_NZ_CP125222.1	IncX1	IncX1	29336	3.6.7.20.536.2899	3	6	7	20	536	2899
RefSeq_NZ_CP125352.1	IncX1	IncX1	82020	3.6.7.9.90.1910	3	6	7	9	90	1910
RefSeq_NZ_CP125894.1	IncX1	IncX1	124933	4.5.6.7.7.1428	4	5	6	7	7	1428
RefSeq_NZ_CP126142.1	IncX1	IncX1	29336	3.6.7.20.536.2899	3	6	7	20	536	2899
RefSeq_NZ_CP126344.1	IncX1	IncX1	130224	3.6.7.9.200.2907	3	6	7	9	200	2907
RefSeq_NZ_CP126347.1	IncX1	IncX1	53346	3.6.7.20.25.1171	3	6	7	20	25	1171
RefSeq_NZ_CP126349.1	IncX1	IncX1	49842	4.5.6.8.526.2908	4	5	6	8	526	2908
RefSeq_NZ_CP127315.1	IncX1	IncX1	29144	2.14.33.234.458.2916	2	14	33	234	458	2916
RefSeq_NZ_CP128258.1	IncX1	IncX1	52047	3.4.8.11.327.2927	3	4	8	11	327	2927
RefSeq_NZ_CP128263.1	IncX1	IncX1	37697	3.4.8.70.445.1053	3	4	8	70	445	1053
RefSeq_NZ_CP128268.1	IncX1	IncX1	37697	3.10.20.34.413.1289	3	10	20	34	413	1289
RefSeq_NZ_CP128273.1	IncX1	IncX1	37697	3.10.20.34.413.1289	3	10	20	34	413	1289
RefSeq_NZ_CP128392.1	IncX1	IncX1	37718	3.10.20.34.413.1289	3	10	20	34	413	1289
RefSeq_NZ_CP128579.1	IncX1	IncX1	56894	3.4.8.11.247.2928	3	4	8	11	247	2928
RefSeq_NZ_CP128942.1	IncX1	IncX1	50131	3.6.7.10.12.14	3	6	7	10	12	14
RefSeq_NZ_CP129274.1	IncX1	IncX1	93635	4.5.6.7.9.1990	4	5	6	7	9	1990
RefSeq_NZ_CP130160.1	IncX1	IncX1	44998	3.4.8.11.327.2958	3	4	8	11	327	2958
RefSeq_NZ_CP130495.1	IncX1	IncX1	44484	2.14.33.234.458.2392	2	14	33	234	458	2392
RefSeq_NZ_CP130619.1	IncX1	IncX1	33657	3.10.20.34.413.2961	3	10	20	34	413	2961
RefSeq_NZ_CP133281.1	IncX1	IncX1	21790	3.6.7.20.476.2989	3	6	7	20	476	2989
RefSeq_NZ_CP133338.1	IncX1	IncX1	148248	4.5.6.7.21.2991	4	5	6	7	21	2991
RefSeq_NZ_CP133428.1	IncX1	IncX1	45040	3.4.8.70.445.1330	3	4	8	70	445	1330
RefSeq_NZ_CP133431.1	IncX1	IncX1	45040	3.4.8.70.445.1330	3	4	8	70	445	1330
RefSeq_NZ_CP133434.1	IncX1	IncX1	45040	3.4.8.70.445.1330	3	4	8	70	445	1330
RefSeq_NZ_CP133918.1	IncX1	IncX1	164787	3.4.8.11.247.2996	3	4	8	11	247	2996
RefSeq_NZ_CP133949.1	IncX1	IncX1	42579	2.14.33.234.458.2997	2	14	33	234	458	2997
RefSeq_NZ_CP134378.1	IncX1	IncX1	109106	3.6.7.9.238.661	3	6	7	9	238	661
RefSeq_NZ_CP135170.1	IncX1	IncX1	23166	3.6.7.10.579.3000	3	6	7	10	579	3000
RefSeq_NZ_CP135690.1	IncX1	IncX1	31756	4.5.6.7.21.3012	4	5	6	7	21	3012
RefSeq_NZ_CP136144.1	IncX1	IncX1	24484	3.4.8.11.327.2333	3	4	8	11	327	2333
RefSeq_NZ_CP136148.1	IncX1	IncX1	40394	3.6.21.98.532.2153	3	6	21	98	532	2153
RefSeq_NZ_CP136151.1	IncX1	IncX1	24484	3.4.8.11.327.2333	3	4	8	11	327	2333
RefSeq_NZ_CP136259.1	IncX1	IncX1	122474	4.5.6.7.11.1389	4	5	6	7	11	1389
RefSeq_NZ_CP138395.1	IncX1	IncX1	46570	3.6.7.10.12.1803	3	6	7	10	12	1803
RefSeq_NZ_CP138404.1	IncX1	IncX1	47171	3.4.8.11.13.3026	3	4	8	11	13	3026
RefSeq_NZ_CP138411.1	IncX1	IncX1	52523	3.6.7.20.25.3027	3	6	7	20	25	3027
RefSeq_NZ_CP138417.1	IncX1	IncX1	101526	3.6.7.9.14.3028	3	6	7	9	14	3028
RefSeq_NZ_CP138422.1	IncX1	IncX1	45028	3.4.8.144.570.3030	3	4	8	144	570	3030
RefSeq_NZ_CP138430.1	IncX1	IncX1	105102	3.6.7.20.25.3031	3	6	7	20	25	3031
RefSeq_NZ_CP139127.1	IncX1	IncX1	30871	4.5.6.8.526.3039	4	5	6	8	526	3039
RefSeq_NZ_CP139131.1	IncX1	IncX1	103087	3.6.7.9.14.1985	3	6	7	9	14	1985
RefSeq_NZ_CP139342.1	IncX1	IncX1	32331	3.6.7.20.202.3040	3	6	7	20	202	3040
RefSeq_NZ_CP139807.1	IncX1	IncX1	41334	4.5.6.7.20.3042	4	5	6	7	20	3042
RefSeq_NZ_CP139811.1	IncX1	IncX1	36254	3.6.37.249.511.3043	3	6	37	249	511	3043
RefSeq_NZ_CP139905.1	IncX1	IncX1	147986	3.6.7.9.200.3045	3	6	7	9	200	3045
RefSeq_NZ_CP140507.1	IncX1	IncX1	42143	3.6.7.10.12.3051	3	6	7	10	12	3051
RefSeq_NZ_CP141659.1	IncX1	IncX1	33876	3.6.84.229.441.1030	3	6	84	229	441	1030
RefSeq_NZ_CP141843.1	IncX1	IncX1	47481	4.5.6.8.8.3062	4	5	6	8	8	3062
RefSeq_NZ_CP141866.1	IncX1	IncX1	131431	4.5.6.7.7.1428	4	5	6	7	7	1428
RefSeq_NZ_CP142046.1	IncX1	IncX1	113748	4.5.6.7.11.1389	4	5	6	7	11	1389
RefSeq_NZ_CP142682.1	IncX1	IncX1	45405	2.14.33.234.458.2392	2	14	33	234	458	2392
RefSeq_NZ_CP143094.1	IncX1	IncX1	28545	4.5.6.8.526.3073	4	5	6	8	526	3073
RefSeq_NZ_CP143630.1	IncX1	IncX1	51518	3.6.7.10.12.3079	3	6	7	10	12	3079
RefSeq_NZ_FR997667.1	IncX1	IncX1	129894	3.6.7.20.202.3084	3	6	7	20	202	3084
RefSeq_NZ_JAADCD010000003.1	IncX1	IncX1	50502	3.6.7.10.12.3086	3	6	7	10	12	3086
RefSeq_NZ_JAALJB010000002.1	IncX1	IncX1	47686	3.4.8.70.439.1448	3	4	8	70	439	1448
RefSeq_NZ_JABXVT010000004.1	IncX1	IncX1	52614	3.6.21.98.147.2076	3	6	21	98	147	2076
RefSeq_NZ_JACGBT010000024.1	IncX1	IncX1	34954	3.6.37.249.511.3043	3	6	37	249	511	3043
RefSeq_NZ_JADAID010000133.1	IncX1	IncX1	29870	3.10.20.34.413.3123	3	10	20	34	413	3123
RefSeq_NZ_JAEMHU010000003.1	IncX1	IncX1	37718	3.10.20.34.413.1289	3	10	20	34	413	1289
RefSeq_NZ_JAENHQ010000018.1	IncX1	IncX1	36030	3.4.8.70.201.1060	3	4	8	70	201	1060
RefSeq_NZ_JAGEOP010000049.1	IncX1	IncX1	37697	3.4.8.70.445.1053	3	4	8	70	445	1053
RefSeq_NZ_JAIEWO010000023.1	IncX1	IncX1	19703	3.6.41.261.596.3160	3	6	41	261	596	3160
RefSeq_NZ_JAIEWP010000024.1	IncX1	IncX1	19660	3.6.41.261.596.3160	3	6	41	261	596	3160
RefSeq_NZ_JAKKDD010000072.1	IncX1	IncX1	6714	3.10.20.250.512.3180	3	10	20	250	512	3180
RefSeq_NZ_JAKKDF010000023.1	IncX1	IncX1	10465	3.6.7.277.601.3181	3	6	7	277	601	3181
RefSeq_NZ_JAKVRF010000056.1	IncX1	IncX1	29425	3.6.49.266.567.3183	3	6	49	266	567	3183
RefSeq_NZ_JANIDU010000008.1	IncX1	IncX1	91317	4.5.6.7.9.1990	4	5	6	7	9	1990
RefSeq_NZ_JAQFWK010000109.1	IncX1	IncX1	19656	3.4.8.11.614.3225	3	4	8	11	614	3225
RefSeq_NZ_JAQMVB010000006.1	IncX1	IncX1	157557	3.6.7.9.10.3231	3	6	7	9	10	3231
RefSeq_NZ_JAQSIM010000133.1	IncX1	IncX1	43443	3.4.8.70.439.1448	3	4	8	70	439	1448
RefSeq_NZ_JARPUP010000018.1	IncX1	IncX1	33502	3.6.49.240.475.2050	3	6	49	240	475	2050
RefSeq_NZ_JARRAR010000040.1	IncX1	IncX1	33502	3.6.41.230.618.3241	3	6	41	230	618	3241
RefSeq_NZ_JARRAU010000047.1	IncX1	IncX1	33502	3.6.41.230.618.3241	3	6	41	230	618	3241
RefSeq_NZ_JAUAMG010000012.1	IncX1	IncX1	88942	3.6.7.66.495.3245	3	6	7	66	495	3245
RefSeq_NZ_JAUAMH010000010.1	IncX1	IncX1	129358	3.6.7.66.91.2865	3	6	7	66	91	2865
RefSeq_NZ_JAUAMI010000005.1	IncX1	IncX1	103391	3.6.7.66.250.3246	3	6	7	66	250	3246
RefSeq_NZ_JAUAMJ010000003.1	IncX1	IncX1	150828	3.6.7.66.91.3248	3	6	7	66	91	3248
RefSeq_NZ_JAUAML010000010.1	IncX1	IncX1	88889	3.4.8.241.619.3249	3	4	8	241	619	3249
RefSeq_NZ_JAUAMN010000014.1	IncX1	IncX1	47013	3.6.7.20.25.3250	3	6	7	20	25	3250
RefSeq_NZ_JAUAMS010000038.1	IncX1	IncX1	58602	3.4.8.11.247.3252	3	4	8	11	247	3252
RefSeq_NZ_JAUAMT010000027.1	IncX1	IncX1	55357	3.4.8.11.312.2863	3	4	8	11	312	2863
RefSeq_NZ_JAUANK010000007.1	IncX1	IncX1	109155	3.6.7.66.91.2870	3	6	7	66	91	2870
RefSeq_NZ_JAUANO010000015.1	IncX1	IncX1	35296	3.6.41.286.620.3255	3	6	41	286	620	3255
RefSeq_NZ_JAUANS010000011.1	IncX1	IncX1	43412	3.6.7.9.28.3256	3	6	7	9	28	3256
RefSeq_NZ_JAZGLZ010000037.1	IncX1	IncX1	31716	3.6.84.229.441.1030	3	6	84	229	441	1030
RefSeq_NZ_KI911931.1	IncX1	IncX1	36535	3.10.20.34.413.3281	3	10	20	34	413	3281
RefSeq_NZ_KJ201886.1	IncX1	IncX1	47669	3.6.21.98.147.1445	3	6	21	98	147	1445
RefSeq_NZ_KT754163.1	IncX1	IncX1	58871	3.6.7.10.70.3298	3	6	7	10	70	3298
RefSeq_NZ_KT990220.1	IncX1	IncX1	106886	4.5.6.7.9.1585	4	5	6	7	9	1585
RefSeq_NZ_KU254580.1	IncX1	IncX1	44806	3.4.8.11.569.3301	3	4	8	11	569	3301
RefSeq_NZ_KU321583.1	IncX1	IncX1	138718	4.5.6.7.7.1428	4	5	6	7	7	1428
RefSeq_NZ_KU932031.1	IncX1	IncX1	38611	3.10.20.34.413.3305	3	10	20	34	413	3305
RefSeq_NZ_KX518744.1	IncX1	IncX1	110226	4.5.6.7.20.3307	4	5	6	7	20	3307
RefSeq_NZ_KX815983.1	IncX1	IncX1	172265	3.6.7.9.90.3313	3	6	7	9	90	3313
RefSeq_NZ_KX833212.1	IncX1	IncX1	38266	3.10.20.34.413.3314	3	10	20	34	413	3314
RefSeq_NZ_LNUC01000063.1	IncX1	IncX1	4270	3.10.97.297.640.3355	3	10	97	297	640	3355
RefSeq_NZ_LNUD01000057.1	IncX1	IncX1	3978	3.10.97.297.640.3356	3	10	97	297	640	3356
RefSeq_NZ_LNUE01000058.1	IncX1	IncX1	4000	3.10.20.250.641.3357	3	10	20	250	641	3357
RefSeq_NZ_LNUF01000064.1	IncX1	IncX1	4262	3.10.97.297.640.3355	3	10	97	297	640	3355
RefSeq_NZ_LNUG01000057.1	IncX1	IncX1	4000	3.10.20.250.641.3357	3	10	20	250	641	3357
RefSeq_NZ_LNUH01000059.1	IncX1	IncX1	4000	3.10.20.250.641.3357	3	10	20	250	641	3357
RefSeq_NZ_LNUI01000055.1	IncX1	IncX1	4250	3.10.97.297.640.3355	3	10	97	297	640	3355
RefSeq_NZ_LNUJ01000050.1	IncX1	IncX1	3996	3.10.97.297.640.3356	3	10	97	297	640	3356
RefSeq_NZ_LR701156.1	IncX1	IncX1	77121	3.6.7.20.202.3365	3	6	7	20	202	3365
RefSeq_NZ_LR881941.1	IncX1	IncX1	21374	3.4.8.11.643.3367	3	4	8	11	643	3367
RefSeq_NZ_LR882056.1	IncX1	IncX1	46065	3.10.20.34.413.3369	3	10	20	34	413	3369
RefSeq_NZ_LR882060.1	IncX1	IncX1	47686	3.4.8.70.439.1448	3	4	8	70	439	1448
RefSeq_NZ_LS992173.1	IncX1	IncX1	16544	3.4.8.70.647.3393	3	4	8	70	647	3393
RefSeq_NZ_LS999563.1	IncX1	IncX1	55148	3.10.20.34.413.3400	3	10	20	34	413	3400
RefSeq_NZ_LT985261.1	IncX1	IncX1	42913	3.4.8.70.445.3407	3	4	8	70	445	3407
RefSeq_NZ_LT985262.1	IncX1	IncX1	38610	3.4.8.70.201.1060	3	4	8	70	201	1060
RefSeq_NZ_LT985315.1	IncX1	IncX1	47447	3.6.37.249.649.3409	3	6	37	249	649	3409
RefSeq_NZ_LXEL01000011.1	IncX1	IncX1	45122	3.6.7.10.457.3410	3	6	7	10	457	3410
RefSeq_NZ_MF428416.1	IncX1	IncX1	45040	3.4.8.70.445.1330	3	4	8	70	445	1330
RefSeq_NZ_MF589339.1	IncX1	IncX1	222492	3.6.7.9.200.3429	3	6	7	9	200	3429
RefSeq_NZ_MG197491.1	IncX1	IncX1	109185	4.5.6.7.9.1852	4	5	6	7	9	1852
RefSeq_NZ_MG197495.1	IncX1	IncX1	145804	4.5.6.7.7.1428	4	5	6	7	7	1428
RefSeq_NZ_MG197498.1	IncX1	IncX1	142896	4.5.6.7.9.1585	4	5	6	7	9	1585
RefSeq_NZ_MG197502.1	IncX1	IncX1	145804	4.5.6.7.7.1428	4	5	6	7	7	1428
RefSeq_NZ_MG197503.1	IncX1	IncX1	145804	4.5.6.7.7.3433	4	5	6	7	7	3433
RefSeq_NZ_MG288677.1	IncX1	IncX1	66643	4.5.6.8.8.3435	4	5	6	8	8	3435
RefSeq_NZ_MG649063.1	IncX1	IncX1	38611	3.10.20.34.413.3305	3	10	20	34	413	3305
RefSeq_NZ_MG825381.1	IncX1	IncX1	96688	4.5.6.7.20.3443	4	5	6	7	20	3443
RefSeq_NZ_MH121702.1	IncX1	IncX1	47686	3.4.8.70.439.1448	3	4	8	70	439	1448
RefSeq_NZ_MH229869.1	IncX1	IncX1	30142	3.10.20.34.548.3446	3	10	20	34	548	3446
RefSeq_NZ_MH507589.1	IncX1	IncX1	47304	3.6.21.98.216.1343	3	6	21	98	216	1343
RefSeq_NZ_MH884649.1	IncX1	IncX1	27772	4.5.6.8.526.3459	4	5	6	8	526	3459
RefSeq_NZ_MH884651.1	IncX1	IncX1	115480	3.6.7.9.135.3460	3	6	7	9	135	3460
RefSeq_NZ_MK360096.1	IncX1	IncX1	50928	3.4.8.11.327.3486	3	4	8	11	327	3486
RefSeq_NZ_MK625201.1	IncX1	IncX1	42895	3.4.8.11.327.3492	3	4	8	11	327	3492
RefSeq_NZ_MK656937.1	IncX1	IncX1	79293	3.6.7.9.14.3493	3	6	7	9	14	3493
RefSeq_NZ_MK673546.1	IncX1	IncX1	97614	3.6.7.66.91.2905	3	6	7	66	91	2905
RefSeq_NZ_MK731977.1	IncX1	IncX1	58124	3.6.7.20.25.3494	3	6	7	20	25	3494
RefSeq_NZ_MK965545.1	IncX1	IncX1	49324	3.6.49.240.497.3498	3	6	49	240	497	3498
RefSeq_NZ_MN125608.1	IncX1	IncX1	88767	3.6.7.9.14.1380	3	6	7	9	14	1380
RefSeq_NZ_MN125609.1	IncX1	IncX1	93619	3.6.7.9.14.3500	3	6	7	9	14	3500
RefSeq_NZ_MN256104.1	IncX1	IncX1	36195	3.6.7.10.12.3509	3	6	7	10	12	3509
RefSeq_NZ_MN436006.1	IncX1	IncX1	32181	3.6.7.186.533.2785	3	6	7	186	533	2785
RefSeq_NZ_MN436007.1	IncX1	IncX1	32074	3.6.7.186.533.2785	3	6	7	186	533	2785
RefSeq_NZ_MN783746.1	IncX1	IncX1	30843	3.6.7.10.70.3517	3	6	7	10	70	3517
RefSeq_NZ_MN816373.1	IncX1	IncX1	41404	3.6.7.20.202.1883	3	6	7	20	202	1883
RefSeq_NZ_MN868650.1	IncX1	IncX1	24787	3.6.7.10.651.3523	3	6	7	10	651	3523
RefSeq_NZ_MN868652.1	IncX1	IncX1	217638	3.6.7.10.652.3524	3	6	7	10	652	3524
RefSeq_NZ_MN868653.1	IncX1	IncX1	217737	3.6.7.20.653.3525	3	6	7	20	653	3525
RefSeq_NZ_MN868655.1	IncX1	IncX1	308860	3.6.7.20.202.3526	3	6	7	20	202	3526
RefSeq_NZ_MT158477.1	IncX1	IncX1	47132	3.4.8.70.424.1194	3	4	8	70	424	1194
RefSeq_NZ_MT197111.1	IncX1	IncX1	31287	3.6.7.186.533.2785	3	6	7	186	533	2785
RefSeq_NZ_MT219817.1	IncX1	IncX1	101373	3.6.7.9.14.3548	3	6	7	9	14	3548
RefSeq_NZ_MT219818.1	IncX1	IncX1	119185	3.6.7.9.90.3549	3	6	7	9	90	3549
RefSeq_NZ_MT219819.1	IncX1	IncX1	119180	3.6.7.9.200.3550	3	6	7	9	200	3550
RefSeq_NZ_MT219820.1	IncX1	IncX1	97526	3.6.7.9.14.1985	3	6	7	9	14	1985
RefSeq_NZ_MT219821.1	IncX1	IncX1	31287	3.6.7.186.533.2785	3	6	7	186	533	2785
RefSeq_NZ_MT219822.1	IncX1	IncX1	50518	3.6.49.240.475.3551	3	6	49	240	475	3551
RefSeq_NZ_MT219823.1	IncX1	IncX1	119011	3.6.7.9.14.3552	3	6	7	9	14	3552
RefSeq_NZ_MT219825.1	IncX1	IncX1	235947	3.4.8.11.13.3553	3	4	8	11	13	3553
RefSeq_NZ_MT219826.1	IncX1	IncX1	122608	3.6.7.9.90.3549	3	6	7	9	90	3549
RefSeq_NZ_MT407546.1	IncX1	IncX1	116791	4.5.6.7.20.3564	4	5	6	7	20	3564
RefSeq_NZ_MT554517.1	IncX1	IncX1	144112	3.6.7.9.10.3565	3	6	7	9	10	3565
RefSeq_NZ_MT742153.1	IncX1	IncX1	128223	4.5.6.7.9.3569	4	5	6	7	9	3569
RefSeq_NZ_MT745953.1	IncX1	IncX1	51531	3.6.7.20.435.2174	3	6	7	20	435	2174
RefSeq_NZ_MT859326.1	IncX1	IncX1	45484	3.4.8.11.569.3580	3	4	8	11	569	3580
RefSeq_NZ_MT859327.1	IncX1	IncX1	43897	3.4.8.11.327.3581	3	4	8	11	327	3581
RefSeq_NZ_MT859328.1	IncX1	IncX1	56495	3.4.8.11.327.3582	3	4	8	11	327	3582
RefSeq_NZ_MT859330.1	IncX1	IncX1	60848	3.6.7.10.12.3583	3	6	7	10	12	3583
RefSeq_NZ_MW077913.1	IncX1	IncX1	33455	4.5.6.7.524.3601	4	5	6	7	524	3601
RefSeq_NZ_MW082014.1	IncX1	IncX1	24623	3.6.7.186.328.3602	3	6	7	186	328	3602
RefSeq_NZ_MW390516.1	IncX1	IncX1	42080	3.6.7.10.12.3607	3	6	7	10	12	3607
RefSeq_NZ_MW390542.1	IncX1	IncX1	58214	3.6.7.10.12.3609	3	6	7	10	12	3609
RefSeq_NZ_MW390547.1	IncX1	IncX1	41209	3.6.21.98.147.3610	3	6	21	98	147	3610
RefSeq_NZ_MW390550.1	IncX1	IncX1	41245	3.4.8.70.424.3611	3	4	8	70	424	3611
RefSeq_NZ_MW423609.1	IncX1	IncX1	111332	3.6.7.9.200.3612	3	6	7	9	200	3612
RefSeq_NZ_MW439254.1	IncX1	IncX1	46732	3.6.7.10.12.3613	3	6	7	10	12	3613
RefSeq_NZ_MW940616.1	IncX1	IncX1	57096	3.6.7.10.70.2012	3	6	7	10	70	2012
RefSeq_NZ_MW940618.1	IncX1	IncX1	48817	3.6.7.10.12.3613	3	6	7	10	12	3613
RefSeq_NZ_MW940619.1	IncX1	IncX1	57105	3.6.7.10.70.2012	3	6	7	10	70	2012
RefSeq_NZ_MW940620.1	IncX1	IncX1	55809	3.6.7.20.25.3620	3	6	7	20	25	3620
RefSeq_NZ_MW940624.1	IncX1	IncX1	57105	3.6.7.20.25.1846	3	6	7	20	25	1846
RefSeq_NZ_MW940626.1	IncX1	IncX1	31287	3.6.7.186.533.2785	3	6	7	186	533	2785
RefSeq_NZ_MW940628.1	IncX1	IncX1	130185	3.6.7.9.90.3621	3	6	7	9	90	3621
RefSeq_NZ_MW940629.1	IncX1	IncX1	56939	3.6.7.20.25.1846	3	6	7	20	25	1846
RefSeq_NZ_MZ054178.1	IncX1	IncX1	169783	3.6.7.10.547.3622	3	6	7	10	547	3622
RefSeq_NZ_MZ375739.1	IncX1	IncX1	57120	3.6.7.10.70.2012	3	6	7	10	70	2012
RefSeq_NZ_MZ848136.1	IncX1	IncX1	33731	3.10.20.34.413.1967	3	10	20	34	413	1967
RefSeq_NZ_OK217279.1	IncX1	IncX1	48958	3.4.8.11.327.2220	3	4	8	11	327	2220
RefSeq_NZ_OL763373.1	IncX1	IncX1	380891	3.4.8.11.13.3643	3	4	8	11	13	3643
RefSeq_NZ_ON390802.1	IncX1	IncX1	241960	3.6.7.10.70.3657	3	6	7	10	70	3657
RefSeq_NZ_ON390803.1	IncX1	IncX1	46856	3.6.7.10.12.3613	3	6	7	10	12	3613
RefSeq_NZ_ON390804.1	IncX1	IncX1	31272	3.6.7.186.533.2785	3	6	7	186	533	2785
RefSeq_NZ_ON390805.1	IncX1	IncX1	57105	3.6.7.20.25.1846	3	6	7	20	25	1846
RefSeq_NZ_ON390806.1	IncX1	IncX1	57105	3.6.7.20.25.1846	3	6	7	20	25	1846
RefSeq_NZ_ON390807.1	IncX1	IncX1	73084	3.6.7.20.664.3658	3	6	7	20	664	3658
RefSeq_NZ_ON390811.1	IncX1	IncX1	31250	3.6.7.186.533.2785	3	6	7	186	533	2785
RefSeq_NZ_ON390813.1	IncX1	IncX1	31271	3.6.7.186.533.2785	3	6	7	186	533	2785
RefSeq_NZ_ON390815.1	IncX1	IncX1	90608	4.5.6.7.7.3659	4	5	6	7	7	3659
RefSeq_NZ_ON390818.1	IncX1	IncX1	31272	3.6.7.186.533.2785	3	6	7	186	533	2785
RefSeq_NZ_ON390819.1	IncX1	IncX1	31272	3.6.7.186.530.3660	3	6	7	186	530	3660
RefSeq_NZ_ON934551.1	IncX1	IncX1	45355	4.5.6.7.432.1978	4	5	6	7	432	1978
RefSeq_NZ_OP242217.1	IncX1	IncX1	185337	3.6.7.9.14.3663	3	6	7	9	14	3663
RefSeq_NZ_OP242223.1	IncX1	IncX1	13026	3.6.13.19.665.3664	3	6	13	19	665	3664
RefSeq_NZ_OP242268.1	IncX1	IncX1	114564	3.6.7.9.14.3666	3	6	7	9	14	3666
RefSeq_NZ_OP242286.1	IncX1	IncX1	60565	3.6.7.9.14.3668	3	6	7	9	14	3668
RefSeq_NZ_OP242294.1	IncX1	IncX1	28024	4.5.6.8.526.3669	4	5	6	8	526	3669
RefSeq_NZ_OP242301.1	IncX1	IncX1	45300	3.6.41.261.565.3670	3	6	41	261	565	3670
RefSeq_NZ_OP242309.1	IncX1	IncX1	113769	3.6.7.9.90.2185	3	6	7	9	90	2185
RefSeq_NZ_OP378632.1	IncX1	IncX1	31241	3.6.84.229.441.1030	3	6	84	229	441	1030
RefSeq_NZ_OP927720.1	IncX1	IncX1	24484	3.4.8.11.327.2333	3	4	8	11	327	2333
RefSeq_NZ_OQ401018.1	IncX1	IncX1	33486	4.5.6.306.666.3686	4	5	6	306	666	3686
RefSeq_NZ_OQ401028.1	IncX1	IncX1	153156	3.6.7.9.14.3688	3	6	7	9	14	3688
RefSeq_NZ_OQ420466.1	IncX1	IncX1	76378	3.4.8.11.247.3690	3	4	8	11	247	3690
RefSeq_NZ_OQ420473.1	IncX1	IncX1	64395	3.4.8.11.247.3691	3	4	8	11	247	3691
RefSeq_NZ_OQ420477.1	IncX1	IncX1	41269	3.6.7.10.12.3692	3	6	7	10	12	3692
RefSeq_NZ_OQ423473.1	IncX1	IncX1	126548	4.5.6.7.7.1428	4	5	6	7	7	1428
RefSeq_NZ_OQ747074.1	IncX1	IncX1	96333	3.6.7.9.200.3697	3	6	7	9	200	3697
RefSeq_NZ_OQ821065.1	IncX1	IncX1	87325	4.5.6.7.20.3703	4	5	6	7	20	3703
RefSeq_NZ_OQ821066.1	IncX1	IncX1	87325	4.5.6.7.20.3703	4	5	6	7	20	3703
RefSeq_NZ_OQ821067.1	IncX1	IncX1	87325	4.5.6.7.20.3703	4	5	6	7	20	3703
RefSeq_NZ_OR060875.1	IncX1	IncX1	49709	3.6.7.10.12.3719	3	6	7	10	12	3719
RefSeq_NZ_OR095743.1	IncX1	IncX1	157680	4.5.6.7.21.3721	4	5	6	7	21	3721
RefSeq_NZ_OR237794.1	IncX1	IncX1	44261	3.4.8.70.201.1060	3	4	8	70	201	1060
RefSeq_NZ_OW968128.1	IncX1	IncX1	27551	3.6.7.113.563.3731	3	6	7	113	563	3731
RefSeq_NZ_OX211907.1	IncX1	IncX1	58897	3.6.7.10.12.3742	3	6	7	10	12	3742
RefSeq_NZ_OX460314.1	IncX1	IncX1	33743	2.14.85.245.492.3743	2	14	85	245	492	3743
RefSeq_NZ_OX460321.1	IncX1	IncX1	33743	2.14.85.245.492.3743	2	14	85	245	492	3743
RefSeq_NZ_OX460334.1	IncX1	IncX1	33743	2.14.85.245.492.3743	2	14	85	245	492	3743
RefSeq_NZ_OX460341.1	IncX1	IncX1	33743	2.14.85.245.492.3743	2	14	85	245	492	3743
RefSeq_NZ_OY754458.1	IncX1	IncX1	50028	3.4.8.11.327.3747	3	4	8	11	327	3747
RefSeq_NZ_PNYD02000026.1	IncX1	IncX1	36297	3.10.20.34.413.1588	3	10	20	34	413	1588
RefSeq_NZ_PNYG01000043.1	IncX1	IncX1	38539	3.6.49.240.497.3761	3	6	49	240	497	3761
RefSeq_NZ_PNYH01000042.1	IncX1	IncX1	38539	3.4.8.70.201.3762	3	4	8	70	201	3762
RefSeq_NZ_PSNT01000032.1	IncX1	IncX1	40257	2.14.85.245.492.3765	2	14	85	245	492	3765
RefSeq_NZ_PSOV01000026.1	IncX1	IncX1	33661	2.14.85.245.492.3766	2	14	85	245	492	3766
RefSeq_NZ_QEMS01000044.1	IncX1	IncX1	36668	3.4.8.70.201.3762	3	4	8	70	201	3762
RefSeq_NZ_QFAZ01000039.1	IncX1	IncX1	13815	3.6.7.20.674.3774	3	6	7	20	674	3774
RefSeq_NZ_QFWY01000052.1	IncX1	IncX1	10946	3.6.41.261.675.3775	3	6	41	261	675	3775
RefSeq_NZ_QFXA01000069.1	IncX1	IncX1	7093	3.10.20.250.512.3180	3	10	20	250	512	3180
RefSeq_NZ_RRGF01000134.1	IncX1	IncX1	8576	3.6.84.318.689.3804	3	6	84	318	689	3804
RefSeq_NZ_RRHP01000080.1	IncX1	IncX1	32797	3.4.8.70.201.3809	3	4	8	70	201	3809
RefSeq_NZ_RRKL01000128.1	IncX1	IncX1	33922	3.6.84.229.441.1030	3	6	84	229	441	1030
RefSeq_NZ_RRKM01000134.1	IncX1	IncX1	33927	3.10.20.34.413.1967	3	10	20	34	413	1967
RefSeq_NZ_RROQ01000107.1	IncX1	IncX1	43579	2.14.85.245.492.3827	2	14	85	245	492	3827
RefSeq_NZ_RROT01000084.1	IncX1	IncX1	41854	2.14.33.234.458.3828	2	14	33	234	458	3828
RefSeq_NZ_VUIY01000025.1	IncX1	IncX1	13820	4.5.6.235.700.3843	4	5	6	235	700	3843
RefSeq_NZ_VUJC01000026.1	IncX1	IncX1	13820	4.5.6.259.701.3844	4	5	6	259	701	3844
RefSeq_NZ_VUJD01000022.1	IncX1	IncX1	24648	3.6.7.10.579.3845	3	6	7	10	579	3845
RefSeq_NZ_VUJM01000024.1	IncX1	IncX1	13820	4.5.6.235.700.3843	4	5	6	235	700	3843
CP035910.1	IncX3	IncX3	38920	3.6.7.10.12.32	3	6	7	10	12	32
CP052768.1	IncX3	IncX3	42847	3.6.13.19.24.34	3	6	13	19	24	34
CP080655.1	IncX3	IncX3	43380	3.6.7.10.12.50	3	6	7	10	12	50
CP080659.1	IncX3	IncX3	55692	3.6.7.9.28.52	3	6	7	9	28	52
CP080663.1	IncX3	IncX3	55692	3.6.7.9.28.52	3	6	7	9	28	52
CP080668.1	IncX3	IncX3	53292	3.6.7.9.28.52	3	6	7	9	28	52
CP080672.1	IncX3	IncX3	55692	3.6.7.9.28.52	3	6	7	9	28	52
CP080676.1	IncX3	IncX3	55692	3.6.7.9.28.52	3	6	7	9	28	52
CP080680.1	IncX3	IncX3	53292	3.6.7.9.28.52	3	6	7	9	28	52
CP080686.1	IncX3	IncX3	53292	3.6.7.9.28.52	3	6	7	9	28	52
CP080691.1	IncX3	IncX3	43392	3.6.7.10.12.50	3	6	7	10	12	50
CP080695.1	IncX3	IncX3	53292	3.6.7.9.28.52	3	6	7	9	28	52
CP080700.1	IncX3	IncX3	53292	3.6.7.9.28.52	3	6	7	9	28	52
CP080705.1	IncX3	IncX3	53292	3.6.7.9.28.52	3	6	7	9	28	52
CP080709.1	IncX3	IncX3	54492	3.6.7.9.28.52	3	6	7	9	28	52
CP080714.1	IncX3	IncX3	53292	3.6.7.9.28.52	3	6	7	9	28	52
CP080719.1	IncX3	IncX3	48457	3.6.7.20.25.62	3	6	7	20	25	62
CP080724.1	IncX3	IncX3	53292	3.6.7.9.28.52	3	6	7	9	28	52
CP080728.1	IncX3	IncX3	53292	3.6.7.9.28.52	3	6	7	9	28	52
CP080732.1	IncX3	IncX3	53292	3.6.7.9.28.52	3	6	7	9	28	52
CP080736.1	IncX3	IncX3	53292	3.6.7.9.28.52	3	6	7	9	28	52
CP080740.1	IncX3	IncX3	53292	3.6.7.9.28.52	3	6	7	9	28	52
CP080747.1	IncX3	IncX3	53292	3.6.7.9.28.52	3	6	7	9	28	52
CP080754.1	IncX3	IncX3	53292	3.6.7.9.28.52	3	6	7	9	28	52
NZ_AP023202.1	IncX3	IncX3	46160	3.6.13.19.24.133	3	6	13	19	24	133
NZ_CP027051.1	IncX3	IncX3	43380	3.6.13.19.24.209	3	6	13	19	24	209
NZ_CP027057.1	IncX3	IncX3	43380	3.6.13.19.24.209	3	6	13	19	24	209
NZ_CP036195.1	IncX3	IncX3	67237	3.6.21.98.147.254	3	6	21	98	147	254
NZ_CP050157.1	IncX3	IncX3	46161	3.6.7.10.12.322	3	6	7	10	12	322
NZ_CP050158.1	IncX3	IncX3	52850	3.6.7.9.28.323	3	6	7	9	28	323
NZ_CP050161.1	IncX3	IncX3	54035	3.6.7.10.184.324	3	6	7	10	184	324
NZ_CP053726.1	IncX3	IncX3	50481	3.6.13.19.24.355	3	6	13	19	24	355
NZ_CP058945.1	IncX3	IncX3	50126	3.6.13.19.24.355	3	6	13	19	24	355
NZ_CP065346.1	IncX3	IncX3	49941	3.6.7.10.12.322	3	6	7	10	12	322
NZ_CP065350.1	IncX3	IncX3	49940	3.6.13.19.24.133	3	6	13	19	24	133
NZ_CP070561.1	IncX3	IncX3	43380	3.6.13.19.24.209	3	6	13	19	24	209
NZ_CP072860.1	IncX3	IncX3	48636	3.6.7.10.12.454	3	6	7	10	12	454
NZ_CP082124.1	IncX3	IncX3	46161	3.6.7.10.12.322	3	6	7	10	12	322
NZ_CP090308.1	IncX3	IncX3	46810	3.6.7.10.12.322	3	6	7	10	12	322
NZ_CP099447.1	IncX3	IncX3	46161	3.6.7.10.12.322	3	6	7	10	12	322
NZ_CP122465.1	IncX3	IncX3	46612	3.6.13.19.24.133	3	6	13	19	24	133
NZ_CP122474.1	IncX3	IncX3	46612	3.6.7.10.12.322	3	6	7	10	12	322
NZ_CP139787.1	IncX3	IncX3	52624	3.6.7.10.12.695	3	6	7	10	12	695
NZ_CP140476.1	IncX3	IncX3	59408	3.6.7.20.25.697	3	6	7	20	25	697
NZ_CP150626.1	IncX3	IncX3	46161	3.6.13.19.24.133	3	6	13	19	24	133
NZ_KT362706.1	IncX3	IncX3	63203	4.5.6.7.411.897	4	5	6	7	411	897
NZ_KU761328.1	IncX3	IncX3	46161	3.6.7.10.12.322	3	6	7	10	12	322
NZ_KX447767.1	IncX3	IncX3	39520	3.6.7.10.12.322	3	6	7	10	12	322
NZ_MG570092.1	IncX3	IncX3	51479	3.6.7.10.12.478	3	6	7	10	12	478
NZ_MH105050.1	IncX3	IncX3	216895	3.6.7.48.65.921	3	6	7	48	65	921
NZ_MH105052.1	IncX3	IncX3	51691	3.6.7.10.12.922	3	6	7	10	12	922
NZ_MH594478.1	IncX3	IncX3	192802	3.6.7.48.65.930	3	6	7	48	65	930
NZ_MN080490.1	IncX3	IncX3	45181	3.6.7.10.12.322	3	6	7	10	12	322
NZ_MN175471.1	IncX3	IncX3	45187	3.6.7.10.12.322	3	6	7	10	12	322
NZ_OQ434669.1	IncX3	IncX3	52732	3.6.7.20.25.984	3	6	7	20	25	984
NZ_OR395175.1	IncX3	IncX3	46161	3.6.7.10.12.322	3	6	7	10	12	322
MT106093.1	IncX4	IncX4	18156	3.10.20.34.46.85	3	10	20	34	46	85
NZ_CP053735.1	IncX4	IncX4	33309	3.4.8.70.201.359	3	4	8	70	201	359
NZ_CP064007.1	IncX4	IncX4	39574	3.6.21.98.216.394	3	6	21	98	216	394
NZ_CP064009.1	IncX4	IncX4	33858	3.4.8.70.201.395	3	4	8	70	201	395
NZ_CP064013.1	IncX4	IncX4	33309	3.10.20.34.46.397	3	10	20	34	46	397
NZ_CP064014.1	IncX4	IncX4	33858	3.4.8.70.201.395	3	4	8	70	201	395
NZ_CP064021.1	IncX4	IncX4	33858	3.10.20.34.46.399	3	10	20	34	46	399
NZ_CP064023.1	IncX4	IncX4	33858	3.4.8.70.201.395	3	4	8	70	201	395
NZ_CP075733.1	IncX4	IncX4	33858	3.10.20.34.46.399	3	10	20	34	46	399
NZ_CP134383.1	IncX4	IncX4	31764	3.4.8.70.201.662	3	4	8	70	201	662
NZ_KU761327.1	IncX4	IncX4	33287	3.4.8.70.201.359	3	4	8	70	201	359
NZ_KX447768.1	IncX4	IncX4	33395	3.4.8.70.201.359	3	4	8	70	201	359
NZ_KY582848.1	IncX4	IncX4	31229	3.10.20.34.46.397	3	10	20	34	46	397
NZ_KY652381.1	IncX4	IncX4	33347	3.10.20.34.413.902	3	10	20	34	413	902
NZ_MT499886.1	IncX4	IncX4	32163	3.10.20.34.46.397	3	10	20	34	46	397
NZ_MW390511.1	IncX4	IncX4	38567	3.6.21.98.216.953	3	6	21	98	216	953
NZ_MW390514.1	IncX4	IncX4	38623	3.6.21.98.216.953	3	6	21	98	216	953
NZ_MW390518.1	IncX4	IncX4	43732	3.6.21.98.147.955	3	6	21	98	147	955
NZ_MW390521.1	IncX4	IncX4	31146	3.10.20.34.46.957	3	10	20	34	46	957
NZ_MW390525.1	IncX4	IncX4	44057	3.4.8.70.424.958	3	4	8	70	424	958
NZ_MW390532.1	IncX4	IncX4	33228	3.10.20.34.46.397	3	10	20	34	46	397
NZ_OK642377.1	IncX4	IncX4	33336	3.4.8.70.201.359	3	4	8	70	201	359
NZ_OK642378.1	IncX4	IncX4	33304	3.4.8.70.201.359	3	4	8	70	201	359
NZ_OK642379.1	IncX4	IncX4	33304	3.4.8.70.201.359	3	4	8	70	201	359
NZ_CP010400.1	repAci1	repAci1	9327	2.2.12.65.89.155	2	2	12	65	89	155
NZ_CP026126.1	repAci1	repAci1	11305	2.2.12.65.114.194	2	2	12	65	114	194
NZ_CP026708.1	repAci1	repAci1	8731	1.3.4.62.118.201	1	3	4	62	118	201
NZ_CP027124.1	repAci1	repAci1	8731	1.3.4.62.118.201	1	3	4	62	118	201
NZ_CP027181.1	repAci1	repAci1	6078	2.14.38.85.126.214	2	14	38	85	126	214
NZ_CP027187.1	repAci1	repAci1	6078	2.14.33.87.128.217	2	14	33	87	128	217
NZ_CP033870.1	repAci1	repAci1	6667	2.2.12.95.143.247	2	2	12	95	143	247
NZ_CP033871.1	repAci1	repAci1	14807	1.3.4.96.144.248	1	3	4	96	144	248
NZ_CP038647.1	repAci1	repAci1	9909	2.14.38.85.126.266	2	14	38	85	126	266
NZ_CP038648.1	repAci1	repAci1	9205	2.2.12.101.151.267	2	2	12	101	151	267
NZ_CP038649.1	repAci1	repAci1	7396	10.16.45.102.152.268	10	16	45	102	152	268
NZ_CP038650.1	repAci1	repAci1	6944	2.14.38.85.126.269	2	14	38	85	126	269
NZ_CP038651.1	repAci1	repAci1	5844	2.14.38.85.126.214	2	14	38	85	126	214
NZ_CP038652.1	repAci1	repAci1	5734	2.14.38.85.153.270	2	14	38	85	153	270
NZ_CP040052.1	repAci1	repAci1	5681	2.2.46.104.157.275	2	2	46	104	157	275
NZ_CP040081.1	repAci1	repAci1	11933	1.3.4.6.158.276	1	3	4	6	158	276
NZ_CP040082.1	repAci1	repAci1	9605	2.2.2.105.159.277	2	2	2	105	159	277
NZ_CP040083.1	repAci1	repAci1	9185	1.3.4.96.160.278	1	3	4	96	160	278
NZ_CP040086.1	repAci1	repAci1	11194	2.2.12.65.125.280	2	2	12	65	125	280
NZ_CP040261.1	repAci1	repAci1	14880	2.2.12.79.163.283	2	2	12	79	163	283
NZ_CP040262.1	repAci1	repAci1	5464	2.14.33.107.164.284	2	14	33	107	164	284
NZ_CP041588.1	repAci1	repAci1	6078	2.14.38.85.126.214	2	14	38	85	126	214
NZ_CP041589.1	repAci1	repAci1	10967	2.14.33.108.167.292	2	14	33	108	167	292
NZ_CP043954.1	repAci1	repAci1	7791	1.3.4.96.144.300	1	3	4	96	144	300
NZ_CP044521.1	repAci1	repAci1	12731	2.14.33.86.177.308	2	14	33	86	177	308
NZ_CP047976.1	repAci1	repAci1	9132	2.2.12.95.179.314	2	2	12	95	179	314
NZ_CP049315.1	repAci1	repAci1	11844	1.3.4.62.118.318	1	3	4	62	118	318
NZ_CP050387.1	repAci1	repAci1	7540	1.3.4.96.185.328	1	3	4	96	185	328
NZ_CP050391.1	repAci1	repAci1	8731	1.3.4.62.118.201	1	3	4	62	118	201
NZ_CP050405.1	repAci1	repAci1	14906	2.2.12.118.187.331	2	2	12	118	187	331
NZ_CP050406.1	repAci1	repAci1	12574	2.2.12.81.188.332	2	2	12	81	188	332
NZ_CP050407.1	repAci1	repAci1	5679	2.2.52.119.189.333	2	2	52	119	189	333
NZ_CP050408.1	repAci1	repAci1	5432	3.10.53.120.190.334	3	10	53	120	190	334
NZ_CP050414.1	repAci1	repAci1	8732	1.3.4.62.118.201	1	3	4	62	118	201
NZ_CP050419.1	repAci1	repAci1	7540	1.3.4.96.185.328	1	3	4	96	185	328
NZ_CP050428.1	repAci1	repAci1	7695	1.3.4.96.192.337	1	3	4	96	192	337
NZ_CP050429.1	repAci1	repAci1	7540	1.3.4.96.185.328	1	3	4	96	185	328
NZ_CP050910.1	repAci1	repAci1	8731	1.3.4.62.118.201	1	3	4	62	118	201
NZ_CP050913.1	repAci1	repAci1	8731	1.3.4.62.118.201	1	3	4	62	118	201
NZ_CP051868.1	repAci1	repAci1	10662	2.2.12.81.195.343	2	2	12	81	195	343
NZ_CP053099.1	repAci1	repAci1	13409	2.2.12.65.197.345	2	2	12	65	197	345
NZ_CP053100.1	repAci1	repAci1	11302	1.3.4.62.118.346	1	3	4	62	118	346
NZ_CP053221.1	repAci1	repAci1	9613	1.3.4.96.199.350	1	3	4	96	199	350
NZ_CP058290.1	repAci1	repAci1	7655	2.2.12.95.143.369	2	2	12	95	143	369
NZ_CP058291.1	repAci1	repAci1	9540	1.3.4.62.204.370	1	3	4	62	204	370
NZ_CP059302.1	repAci1	repAci1	5210	2.2.12.121.206.374	2	2	12	121	206	374
NZ_CP059303.1	repAci1	repAci1	12651	1.3.4.62.207.375	1	3	4	62	207	375
NZ_CP059304.1	repAci1	repAci1	9950	2.2.12.122.208.376	2	2	12	122	208	376
NZ_CP059388.1	repAci1	repAci1	9458	1.3.4.96.209.377	1	3	4	96	209	377
NZ_CP059389.1	repAci1	repAci1	5688	2.2.12.95.210.378	2	2	12	95	210	378
NZ_CP061526.1	repAci1	repAci1	14639	2.2.12.79.212.389	2	2	12	79	212	389
NZ_CP067103.1	repAci1	repAci1	10955	2.14.33.108.167.292	2	14	33	108	167	292
NZ_CP070364.1	repAci1	repAci1	8731	1.3.4.62.118.201	1	3	4	62	118	201
NZ_CP071765.1	repAci1	repAci1	8731	1.3.4.62.118.201	1	3	4	62	118	201
NZ_CP071920.1	repAci1	repAci1	13480	2.2.12.112.244.452	2	2	12	112	244	452
NZ_CP072125.1	repAci1	repAci1	7540	1.3.4.96.185.328	1	3	4	96	185	328
NZ_CP072126.1	repAci1	repAci1	5679	2.2.52.119.189.333	2	2	52	119	189	333
NZ_CP072273.1	repAci1	repAci1	7540	1.3.4.96.185.328	1	3	4	96	185	328
NZ_CP072274.1	repAci1	repAci1	5679	2.2.46.104.157.275	2	2	46	104	157	275
NZ_CP072278.1	repAci1	repAci1	7540	1.3.4.96.185.328	1	3	4	96	185	328
NZ_CP072279.1	repAci1	repAci1	5679	2.2.52.119.189.333	2	2	52	119	189	333
NZ_CP072283.1	repAci1	repAci1	7540	1.3.4.96.185.328	1	3	4	96	185	328
NZ_CP072284.1	repAci1	repAci1	5679	2.2.46.104.157.275	2	2	46	104	157	275
NZ_CP072288.1	repAci1	repAci1	7540	1.3.4.96.185.328	1	3	4	96	185	328
NZ_CP072289.1	repAci1	repAci1	5679	2.2.46.104.157.275	2	2	46	104	157	275
NZ_CP072293.1	repAci1	repAci1	7540	1.3.4.96.185.328	1	3	4	96	185	328
NZ_CP072294.1	repAci1	repAci1	5679	2.2.52.119.189.333	2	2	52	119	189	333
NZ_CP072298.1	repAci1	repAci1	7540	1.3.4.96.185.328	1	3	4	96	185	328
NZ_CP072299.1	repAci1	repAci1	5679	2.2.52.119.189.333	2	2	52	119	189	333
NZ_CP072303.1	repAci1	repAci1	7540	1.3.4.96.185.328	1	3	4	96	185	328
NZ_CP072304.1	repAci1	repAci1	5679	2.2.52.119.189.333	2	2	52	119	189	333
NZ_CP072401.1	repAci1	repAci1	7540	1.3.4.96.185.328	1	3	4	96	185	328
NZ_CP072402.1	repAci1	repAci1	5679	2.2.52.119.189.333	2	2	52	119	189	333
NZ_CP080455.1	repAci1	repAci1	6772	2.2.35.146.256.495	2	2	35	146	256	495
NZ_CP080456.1	repAci1	repAci1	8731	1.3.4.62.118.201	1	3	4	62	118	201
NZ_CP082953.1	repAci1	repAci1	9205	2.2.12.147.258.500	2	2	12	147	258	500
NZ_CP084722.1	repAci1	repAci1	8731	1.3.4.62.118.201	1	3	4	62	118	201
NZ_CP084725.1	repAci1	repAci1	8731	1.3.4.62.118.201	1	3	4	62	118	201
NZ_CP084728.1	repAci1	repAci1	8731	1.3.4.62.118.201	1	3	4	62	118	201
NZ_CP084731.1	repAci1	repAci1	8731	1.3.4.62.118.201	1	3	4	62	118	201
NZ_CP084734.1	repAci1	repAci1	8731	1.3.4.62.118.201	1	3	4	62	118	201
NZ_CP087359.1	repAci1	repAci1	8731	2.2.12.81.195.521	2	2	12	81	195	521
NZ_CP087376.1	repAci1	repAci1	9830	1.3.4.62.118.523	1	3	4	62	118	523
NZ_CP087595.1	repAci1	repAci1	8571	2.2.12.157.270.528	2	2	12	157	270	528
NZ_CP087596.1	repAci1	repAci1	5870	2.2.12.158.271.529	2	2	12	158	271	529
NZ_CP104344.1	repAci1	repAci1	9935	1.3.4.62.285.579	1	3	4	62	285	579
NZ_CP104353.1	repAci1	repAci1	9935	1.3.4.62.285.579	1	3	4	62	285	579
NZ_CP134568.1	repAci1	repAci1	12471	2.2.12.65.89.664	2	2	12	65	89	664
NZ_CP134569.1	repAci1	repAci1	5936	2.2.12.121.311.665	2	2	12	121	311	665
NZ_CP138325.1	repAci1	repAci1	7146	2.2.12.65.317.688	2	2	12	65	317	688
NZ_CP140437.1	repAci1	repAci1	14639	2.2.12.79.212.389	2	2	12	79	212	389
NZ_CP142893.1	repAci1	repAci1	6884	3.6.49.184.325.703	3	6	49	184	325	703
NZ_CP142896.1	repAci1	repAci1	7223	2.14.33.185.326.705	2	14	33	185	326	705
NZ_CP174093.1	repAci1	repAci1	11194	2.2.12.65.360.779	2	2	12	65	360	779
NZ_CP176843.1	repAci1	repAci1	8692	1.3.4.96.364.784	1	3	4	96	364	784
NZ_CP178407.1	repAci1	repAci1	12709	2.2.2.208.365.785	2	2	2	208	365	785
NZ_CP178413.1	repAci1	repAci1	12709	2.2.12.65.366.786	2	2	12	65	366	786
NZ_CP178419.1	repAci1	repAci1	12709	2.2.2.208.365.787	2	2	2	208	365	787
NZ_CP179870.1	repAci1	repAci1	10848	2.2.12.81.367.789	2	2	12	81	367	789
NZ_CP179873.1	repAci1	repAci1	13776	2.14.33.108.368.791	2	14	33	108	368	791
NZ_CP179876.1	repAci1	repAci1	6078	2.14.33.87.128.217	2	14	33	87	128	217
NZ_CP179877.1	repAci1	repAci1	6202	2.2.12.209.369.792	2	2	12	209	369	792
NZ_CP179878.1	repAci1	repAci1	11196	2.2.2.208.370.793	2	2	2	208	370	793
NZ_CP179879.1	repAci1	repAci1	13932	2.14.33.64.371.794	2	14	33	64	371	794
NZ_CP179881.1	repAci1	repAci1	6078	2.14.38.85.126.214	2	14	38	85	126	214
NZ_CP179882.1	repAci1	repAci1	13932	2.14.33.64.371.794	2	14	33	64	371	794
NZ_CP179884.1	repAci1	repAci1	6359	2.2.12.95.372.795	2	2	12	95	372	795
NZ_CP179885.1	repAci1	repAci1	10848	1.3.4.62.373.796	1	3	4	62	373	796
NZ_CP185441.1	repAci1	repAci1	12731	2.14.33.64.378.811	2	14	33	64	378	811
NZ_CP185444.1	repAci1	repAci1	12731	2.14.33.64.378.811	2	14	33	64	378	811
NZ_CP185447.1	repAci1	repAci1	12731	2.14.33.64.378.811	2	14	33	64	378	811
NZ_CP185454.1	repAci1	repAci1	12731	2.14.33.86.177.814	2	14	33	86	177	814
NZ_CP185460.1	repAci1	repAci1	12731	2.14.33.210.380.818	2	14	33	210	380	818
NZ_CP187742.1	repAci1	repAci1	12731	2.14.33.64.378.811	2	14	33	64	378	811
NZ_CP187745.1	repAci1	repAci1	12731	2.14.33.86.177.814	2	14	33	86	177	814
NZ_CP187748.1	repAci1	repAci1	12731	2.14.33.64.378.811	2	14	33	64	378	811
NZ_CP187751.1	repAci1	repAci1	12731	2.14.33.64.378.811	2	14	33	64	378	811
NZ_CP187754.1	repAci1	repAci1	12731	2.14.33.86.177.814	2	14	33	86	177	814
NZ_CP187757.1	repAci1	repAci1	12731	2.14.33.86.177.814	2	14	33	86	177	814
NZ_HG977525.1	repAci1	repAci1	8174	1.3.4.62.118.847	1	3	4	62	118	847
NZ_CP008707.1	repAci_large	repAci_large	83610	1.3.4.62.84.150	1	3	4	62	84	150
NZ_CP010398.1	repAci_large	repAci_large	114848	3.10.20.63.87.153	3	10	20	63	87	153
NZ_CP010399.1	repAci_large	repAci_large	47274	2.14.33.64.88.154	2	14	33	64	88	154
NZ_CP019115.1	repAci_large	repAci_large	75390	1.3.4.50.105.178	1	3	4	50	105	178
NZ_CP020582.1	repAci_large	repAci_large	90972	2.2.12.15.106.181	2	2	12	15	106	181
NZ_CP020589.1	repAci_large	repAci_large	72076	1.3.4.50.105.178	1	3	4	50	105	178
NZ_CP020596.1	repAci_large	repAci_large	195838	2.14.33.64.107.182	2	14	33	64	107	182
NZ_CP021344.1	repAci_large	repAci_large	216780	2.14.33.64.107.182	2	14	33	64	107	182
NZ_CP023028.1	repAci_large	repAci_large	110728	1.3.4.50.105.187	1	3	4	50	105	187
NZ_CP023030.1	repAci_large	repAci_large	95206	1.3.4.50.105.178	1	3	4	50	105	178
NZ_CP026127.1	repAci_large	repAci_large	39359	2.2.12.79.115.195	2	2	12	79	115	195
NZ_CP026128.1	repAci_large	repAci_large	110754	3.10.36.80.116.196	3	10	36	80	116	196
NZ_CP026129.1	repAci_large	repAci_large	130044	2.14.33.64.107.197	2	14	33	64	107	197
NZ_CP026705.1	repAci_large	repAci_large	113706	3.10.20.63.87.199	3	10	20	63	87	199
NZ_CP026706.1	repAci_large	repAci_large	72105	2.2.12.81.117.200	2	2	12	81	117	200
NZ_CP026749.2	repAci_large	repAci_large	42455	3.4.8.82.119.202	3	4	8	82	119	202
NZ_CP027121.1	repAci_large	repAci_large	72105	2.2.12.81.117.200	2	2	12	81	117	200
NZ_CP027122.1	repAci_large	repAci_large	113706	3.10.20.63.87.199	3	10	20	63	87	199
NZ_CP027179.1	repAci_large	repAci_large	39535	2.14.33.64.107.212	2	14	33	64	107	212
NZ_CP027180.1	repAci_large	repAci_large	73018	2.2.12.65.125.213	2	2	12	65	125	213
NZ_CP027182.1	repAci_large	repAci_large	105127	2.14.33.64.107.215	2	14	33	64	107	215
NZ_CP027184.1	repAci_large	repAci_large	60699	2.14.33.86.127.216	2	14	33	86	127	216
NZ_CP027185.1	repAci_large	repAci_large	105128	2.14.33.64.107.215	2	14	33	64	107	215
NZ_CP027483.1	repAci_large	repAci_large	114918	3.10.36.80.116.196	3	10	36	80	116	196
NZ_CP027531.1	repAci_large	repAci_large	146698	2.2.12.53.129.218	2	2	12	53	129	218
NZ_CP027532.1	repAci_large	repAci_large	41087	2.14.33.64.130.219	2	14	33	64	130	219
NZ_CP027608.1	repAci_large	repAci_large	106967	3.10.20.63.87.199	3	10	20	63	87	199
NZ_CP027610.1	repAci_large	repAci_large	16095	2.2.12.53.131.220	2	2	12	53	131	220
NZ_CP028139.1	repAci_large	repAci_large	133709	2.14.33.64.107.221	2	14	33	64	107	221
NZ_CP028798.2	repAci_large	repAci_large	33869	3.4.8.82.119.225	3	4	8	82	119	225
NZ_CP029570.1	repAci_large	repAci_large	108151	3.10.20.63.87.199	3	10	20	63	87	199
NZ_CP029571.1	repAci_large	repAci_large	71234	1.3.4.50.105.178	1	3	4	50	105	178
NZ_CP030109.1	repAci_large	repAci_large	84678	1.3.4.50.105.178	1	3	4	50	105	178
NZ_CP031985.1	repAci_large	repAci_large	35227	2.14.33.86.138.239	2	14	33	86	138	239
NZ_CP031986.1	repAci_large	repAci_large	15913	3.10.36.80.139.240	3	10	36	80	139	240
NZ_CP033872.1	repAci_large	repAci_large	35502	2.14.33.86.145.249	2	14	33	86	145	249
NZ_CP036284.1	repAci_large	repAci_large	127784	3.10.20.63.87.153	3	10	20	63	87	153
NZ_CP036285.1	repAci_large	repAci_large	102405	2.14.33.64.148.255	2	14	33	64	148	255
NZ_CP036286.1	repAci_large	repAci_large	71234	1.3.4.50.105.178	1	3	4	50	105	178
NZ_CP038501.1	repAci_large	repAci_large	78125	2.14.33.64.107.262	2	14	33	64	107	262
NZ_CP038502.1	repAci_large	repAci_large	47417	2.14.33.64.107.263	2	14	33	64	107	263
NZ_CP038503.1	repAci_large	repAci_large	29128	3.4.44.100.150.264	3	4	44	100	150	264
NZ_CP038645.1	repAci_large	repAci_large	116047	3.10.36.80.116.196	3	10	36	80	116	196
NZ_CP038646.1	repAci_large	repAci_large	57333	2.14.33.64.107.265	2	14	33	64	107	265
NZ_CP039344.1	repAci_large	repAci_large	55268	2.11.30.103.154.271	2	11	30	103	154	271
NZ_CP039931.1	repAci_large	repAci_large	84785	2.2.12.79.155.272	2	2	12	79	155	272
NZ_CP039932.1	repAci_large	repAci_large	55269	2.14.33.64.156.273	2	14	33	64	156	273
NZ_CP039994.1	repAci_large	repAci_large	71233	1.3.4.50.105.178	1	3	4	50	105	178
NZ_CP040051.1	repAci_large	repAci_large	189343	2.14.33.64.107.182	2	14	33	64	107	182
NZ_CP040085.1	repAci_large	repAci_large	23294	2.2.12.79.161.279	2	2	12	79	161	279
NZ_CP040260.1	repAci_large	repAci_large	202283	2.14.33.64.107.282	2	14	33	64	107	282
NZ_CP040426.1	repAci_large	repAci_large	111449	3.10.36.80.116.285	3	10	36	80	116	285
NZ_CP041288.1	repAci_large	repAci_large	16559	2.2.12.79.165.288	2	2	12	79	165	288
NZ_CP041290.1	repAci_large	repAci_large	42489	2.2.12.65.166.289	2	2	12	65	166	289
NZ_CP041296.1	repAci_large	repAci_large	39796	2.14.33.86.138.290	2	14	33	86	138	290
NZ_CP041297.1	repAci_large	repAci_large	53584	2.14.33.64.107.291	2	14	33	64	107	291
NZ_CP041590.1	repAci_large	repAci_large	145071	3.10.20.63.87.293	3	10	20	63	87	293
NZ_CP042842.1	repAci_large	repAci_large	67023	1.3.4.50.105.178	1	3	4	50	105	178
NZ_CP043310.1	repAci_large	repAci_large	38391	2.2.18.110.169.299	2	2	18	110	169	299
NZ_CP044020.1	repAci_large	repAci_large	43442	3.10.48.111.170.301	3	10	48	111	170	301
NZ_CP044447.1	repAci_large	repAci_large	16151	2.2.12.53.171.302	2	2	12	53	171	302
NZ_CP044452.1	repAci_large	repAci_large	17169	2.14.33.108.172.303	2	14	33	108	172	303
NZ_CP044459.1	repAci_large	repAci_large	33913	2.14.33.86.173.304	2	14	33	86	173	304
NZ_CP044460.1	repAci_large	repAci_large	21855	2.2.12.79.174.305	2	2	12	79	174	305
NZ_CP044465.1	repAci_large	repAci_large	34862	2.2.12.112.175.306	2	2	12	112	175	306
NZ_CP044520.1	repAci_large	repAci_large	66277	3.6.7.113.176.307	3	6	7	113	176	307
NZ_CP045130.1	repAci_large	repAci_large	41086	2.14.33.64.88.309	2	14	33	64	88	309
NZ_CP045133.1	repAci_large	repAci_large	40439	2.14.33.64.88.309	2	14	33	64	88	309
NZ_CP046537.1	repAci_large	repAci_large	112007	3.10.20.63.87.311	3	10	20	63	87	311
NZ_CP047974.1	repAci_large	repAci_large	103751	3.10.36.80.116.312	3	10	36	80	116	312
NZ_CP047975.1	repAci_large	repAci_large	100072	3.6.49.114.178.313	3	6	49	114	178	313
NZ_CP048851.1	repAci_large	repAci_large	132632	2.2.12.15.106.315	2	2	12	15	106	315
NZ_CP050386.1	repAci_large	repAci_large	215278	2.14.33.64.107.327	2	14	33	64	107	327
NZ_CP050389.1	repAci_large	repAci_large	16470	2.2.12.95.186.329	2	2	12	95	186	329
NZ_CP050404.1	repAci_large	repAci_large	99090	1.3.4.50.105.330	1	3	4	50	105	330
NZ_CP050413.1	repAci_large	repAci_large	70098	1.3.4.50.105.178	1	3	4	50	105	178
NZ_CP050416.1	repAci_large	repAci_large	150385	2.14.33.64.107.335	2	14	33	64	107	335
NZ_CP050417.1	repAci_large	repAci_large	52509	3.10.20.63.191.336	3	10	20	63	191	336
NZ_CP050418.1	repAci_large	repAci_large	18783	2.2.12.95.186.329	2	2	12	95	186	329
NZ_CP050426.1	repAci_large	repAci_large	150385	2.14.33.64.107.335	2	14	33	64	107	335
NZ_CP050427.1	repAci_large	repAci_large	18783	2.2.12.95.186.329	2	2	12	95	186	329
NZ_CP050905.1	repAci_large	repAci_large	110967	3.10.20.63.87.153	3	10	20	63	87	153
NZ_CP050908.1	repAci_large	repAci_large	110967	3.10.20.63.87.153	3	10	20	63	87	153
NZ_CP050909.1	repAci_large	repAci_large	71194	1.3.4.50.105.178	1	3	4	50	105	178
NZ_CP050912.1	repAci_large	repAci_large	71194	1.3.4.50.105.178	1	3	4	50	105	178
NZ_CP050917.1	repAci_large	repAci_large	71194	1.3.4.50.105.178	1	3	4	50	105	178
NZ_CP051863.1	repAci_large	repAci_large	90089	2.14.33.64.107.339	2	14	33	64	107	339
NZ_CP051864.1	repAci_large	repAci_large	67097	2.14.33.86.193.340	2	14	33	86	193	340
NZ_CP051865.1	repAci_large	repAci_large	19853	2.14.33.86.194.341	2	14	33	86	194	341
NZ_CP051867.1	repAci_large	repAci_large	81353	3.4.8.82.119.342	3	4	8	82	119	342
NZ_CP053216.1	repAci_large	repAci_large	55394	2.14.33.64.107.347	2	14	33	64	107	347
NZ_CP053219.1	repAci_large	repAci_large	97161	2.14.33.64.107.348	2	14	33	64	107	348
NZ_CP053220.1	repAci_large	repAci_large	63650	3.6.49.114.198.349	3	6	49	114	198	349
NZ_CP059042.1	repAci_large	repAci_large	16502	2.2.12.118.205.372	2	2	12	118	205	372
NZ_CP059301.1	repAci_large	repAci_large	174292	2.14.33.64.107.373	2	14	33	64	107	373
NZ_CP059387.1	repAci_large	repAci_large	113330	3.10.36.80.116.196	3	10	36	80	116	196
NZ_CP059685.1	repAci_large	repAci_large	58767	2.2.12.53.129.384	2	2	12	53	129	384
NZ_CP059688.1	repAci_large	repAci_large	61168	2.14.33.64.107.385	2	14	33	64	107	385
NZ_CP061518.1	repAci_large	repAci_large	110965	3.10.20.63.87.153	3	10	20	63	87	153
NZ_CP061520.1	repAci_large	repAci_large	110967	3.10.20.63.87.153	3	10	20	63	87	153
NZ_CP061522.1	repAci_large	repAci_large	110964	3.10.20.63.87.153	3	10	20	63	87	153
NZ_CP061585.1	repAci_large	repAci_large	74124	1.3.4.50.105.178	1	3	4	50	105	178
NZ_CP061586.1	repAci_large	repAci_large	69286	1.3.4.62.84.390	1	3	4	62	84	390
NZ_CP061606.1	repAci_large	repAci_large	66820	2.2.12.81.213.391	2	2	12	81	213	391
NZ_CP061616.1	repAci_large	repAci_large	66816	1.3.11.123.214.392	1	3	11	123	214	392
NZ_CP061617.1	repAci_large	repAci_large	37244	3.10.48.124.215.393	3	10	48	124	215	393
NZ_CP061623.1	repAci_large	repAci_large	74130	1.3.4.50.105.178	1	3	4	50	105	178
NZ_CP061632.1	repAci_large	repAci_large	74124	1.3.4.50.105.178	1	3	4	50	105	178
NZ_CP061637.1	repAci_large	repAci_large	74127	2.2.12.81.117.200	2	2	12	81	117	200
NZ_CP061677.1	repAci_large	repAci_large	74124	2.2.12.81.117.200	2	2	12	81	117	200
NZ_CP070365.1	repAci_large	repAci_large	83362	1.3.4.62.84.150	1	3	4	62	84	150
NZ_CP072123.1	repAci_large	repAci_large	218105	2.14.33.64.107.282	2	14	33	64	107	282
NZ_CP072124.1	repAci_large	repAci_large	87529	1.3.4.50.105.187	1	3	4	50	105	187
NZ_CP072271.1	repAci_large	repAci_large	218105	2.14.33.64.107.282	2	14	33	64	107	282
NZ_CP072272.1	repAci_large	repAci_large	68224	1.3.4.50.105.178	1	3	4	50	105	178
NZ_CP072276.1	repAci_large	repAci_large	218105	2.14.33.64.107.282	2	14	33	64	107	282
NZ_CP072277.1	repAci_large	repAci_large	68225	1.3.4.50.105.178	1	3	4	50	105	178
NZ_CP072281.1	repAci_large	repAci_large	218105	2.14.33.64.107.282	2	14	33	64	107	282
NZ_CP072282.1	repAci_large	repAci_large	87529	1.3.4.50.105.187	1	3	4	50	105	187
NZ_CP072286.1	repAci_large	repAci_large	218105	2.14.33.64.107.282	2	14	33	64	107	282
NZ_CP072287.1	repAci_large	repAci_large	87529	1.3.4.50.105.187	1	3	4	50	105	187
NZ_CP072291.1	repAci_large	repAci_large	218105	2.14.33.64.107.282	2	14	33	64	107	282
NZ_CP072292.1	repAci_large	repAci_large	68225	1.3.4.50.105.178	1	3	4	50	105	178
NZ_CP072296.1	repAci_large	repAci_large	218105	2.14.33.64.107.282	2	14	33	64	107	282
NZ_CP072297.1	repAci_large	repAci_large	87529	1.3.4.50.105.187	1	3	4	50	105	187
NZ_CP072301.1	repAci_large	repAci_large	218105	2.14.33.64.107.282	2	14	33	64	107	282
NZ_CP072302.1	repAci_large	repAci_large	68309	2.2.12.81.117.200	2	2	12	81	117	200
NZ_CP072306.1	repAci_large	repAci_large	55356	2.11.30.103.154.271	2	11	30	103	154	271
NZ_CP072399.1	repAci_large	repAci_large	218105	2.14.33.64.107.282	2	14	33	64	107	282
NZ_CP072400.1	repAci_large	repAci_large	87529	1.3.4.50.105.187	1	3	4	50	105	187
NZ_CP074586.1	repAci_large	repAci_large	18598	2.2.12.65.125.457	2	2	12	65	125	457
NZ_CP075322.1	repAci_large	repAci_large	110967	3.10.20.63.87.153	3	10	20	63	87	153
NZ_CP077371.1	repAci_large	repAci_large	47918	2.2.12.65.252.479	2	2	12	65	252	479
NZ_CP077373.1	repAci_large	repAci_large	19982	2.14.33.108.253.480	2	14	33	108	253	480
NZ_CP077802.1	repAci_large	repAci_large	145711	2.2.12.53.129.218	2	2	12	53	129	218
NZ_CP084723.1	repAci_large	repAci_large	69524	1.3.4.50.105.178	1	3	4	50	105	178
NZ_CP084726.1	repAci_large	repAci_large	69524	1.3.4.50.105.178	1	3	4	50	105	178
NZ_CP084729.1	repAci_large	repAci_large	69524	1.3.4.50.105.178	1	3	4	50	105	178
NZ_CP084732.1	repAci_large	repAci_large	69524	1.3.4.50.105.178	1	3	4	50	105	178
NZ_CP084735.1	repAci_large	repAci_large	69524	1.3.4.50.105.178	1	3	4	50	105	178
NZ_CP087358.1	repAci_large	repAci_large	91713	1.3.4.50.105.187	1	3	4	50	105	187
NZ_CP087363.1	repAci_large	repAci_large	80570	2.14.33.64.107.522	2	14	33	64	107	522
NZ_CP087375.1	repAci_large	repAci_large	70098	1.3.4.50.105.178	1	3	4	50	105	178
NZ_CP102763.1	repAci_large	repAci_large	133579	2.14.33.64.107.574	2	14	33	64	107	574
NZ_CP102764.1	repAci_large	repAci_large	87371	2.14.33.64.107.575	2	14	33	64	107	575
NZ_CP102765.1	repAci_large	repAci_large	31683	2.2.12.165.283.576	2	2	12	165	283	576
NZ_CP104337.1	repAci_large	repAci_large	50089	2.14.33.86.284.577	2	14	33	86	284	577
NZ_CP104341.1	repAci_large	repAci_large	50022	3.10.20.63.191.578	3	10	20	63	191	578
NZ_CP104346.1	repAci_large	repAci_large	50025	3.10.20.63.191.578	3	10	20	63	191	578
NZ_CP104349.1	repAci_large	repAci_large	50025	2.14.33.86.284.577	2	14	33	86	284	577
NZ_CP123919.1	repAci_large	repAci_large	47274	2.14.33.64.130.609	2	14	33	64	130	609
NZ_CP123920.1	repAci_large	repAci_large	35184	3.6.49.114.298.610	3	6	49	114	298	610
NZ_CP133048.1	repAci_large	repAci_large	43578	2.14.33.64.107.655	2	14	33	64	107	655
NZ_CP133049.1	repAci_large	repAci_large	39365	2.2.12.79.115.195	2	2	12	79	115	195
NZ_CP133056.1	repAci_large	repAci_large	47271	2.14.33.64.88.154	2	14	33	64	88	154
NZ_CP134567.1	repAci_large	repAci_large	47274	2.14.33.64.130.609	2	14	33	64	130	609
NZ_CP134581.1	repAci_large	repAci_large	110957	3.10.36.80.116.196	3	10	36	80	116	196
NZ_CP134582.1	repAci_large	repAci_large	72058	2.2.12.81.117.200	2	2	12	81	117	200
NZ_CP138462.1	repAci_large	repAci_large	67876	2.2.12.81.213.689	2	2	12	81	213	689
NZ_CP138463.1	repAci_large	repAci_large	39064	2.14.33.64.318.690	2	14	33	64	318	690
NZ_CP138464.1	repAci_large	repAci_large	16454	2.2.12.181.319.691	2	2	12	181	319	691
NZ_CP139205.1	repAci_large	repAci_large	93710	3.10.20.63.87.694	3	10	20	63	87	694
NZ_CP139837.1	repAci_large	repAci_large	76943	1.3.4.50.105.178	1	3	4	50	105	178
NZ_CP139838.1	repAci_large	repAci_large	117330	3.10.20.63.87.153	3	10	20	63	87	153
NZ_CP140421.1	repAci_large	repAci_large	72105	1.3.4.50.105.178	1	3	4	50	105	178
NZ_CP140422.1	repAci_large	repAci_large	56458	2.11.30.103.154.271	2	11	30	103	154	271
NZ_CP140423.1	repAci_large	repAci_large	25838	2.2.12.65.125.696	2	2	12	65	125	696
NZ_CP140436.1	repAci_large	repAci_large	108159	3.10.20.63.87.199	3	10	20	63	87	199
NZ_CP140439.1	repAci_large	repAci_large	73301	1.3.4.50.105.178	1	3	4	50	105	178
NZ_CP142891.1	repAci_large	repAci_large	15803	2.2.12.81.324.702	2	2	12	81	324	702
NZ_CP142894.1	repAci_large	repAci_large	90968	1.3.4.62.84.704	1	3	4	62	84	704
NZ_CP142897.1	repAci_large	repAci_large	74647	2.2.12.81.117.200	2	2	12	81	117	200
NZ_CP142898.1	repAci_large	repAci_large	17206	1.3.4.62.118.201	1	3	4	62	118	201
NZ_CP155456.1	repAci_large	repAci_large	107426	3.10.36.80.116.285	3	10	36	80	116	285
NZ_CP155457.1	repAci_large	repAci_large	75286	1.3.4.50.105.178	1	3	4	50	105	178
NZ_CP174091.1	repAci_large	repAci_large	110967	3.10.20.63.87.153	3	10	20	63	87	153
NZ_CP174092.1	repAci_large	repAci_large	73859	1.3.4.50.105.178	1	3	4	50	105	178
NZ_CP176841.1	repAci_large	repAci_large	99894	2.14.33.64.363.783	2	14	33	64	363	783
NZ_CP176842.1	repAci_large	repAci_large	48557	2.14.33.64.130.609	2	14	33	64	130	609
NZ_CP178721.1	repAci_large	repAci_large	45679	3.10.20.63.191.788	3	10	20	63	191	788
NZ_CP179871.1	repAci_large	repAci_large	162333	2.14.33.64.107.790	2	14	33	64	107	790
NZ_CP179874.1	repAci_large	repAci_large	177375	2.2.12.53.129.218	2	2	12	53	129	218
NZ_CP179886.1	repAci_large	repAci_large	76810	3.10.20.63.87.797	3	10	20	63	87	797
NZ_CP185440.1	repAci_large	repAci_large	54319	3.6.49.114.178.810	3	6	49	114	178	810
NZ_CP185443.1	repAci_large	repAci_large	54319	3.6.49.114.178.810	3	6	49	114	178	810
NZ_CP185446.1	repAci_large	repAci_large	54319	3.6.49.114.178.810	3	6	49	114	178	810
NZ_CP185449.1	repAci_large	repAci_large	28489	2.14.33.64.107.812	2	14	33	64	107	812
NZ_CP185451.1	repAci_large	repAci_large	28489	2.14.33.64.107.812	2	14	33	64	107	812
NZ_CP185453.1	repAci_large	repAci_large	56115	3.4.8.82.119.813	3	4	8	82	119	813
NZ_CP185456.1	repAci_large	repAci_large	35887	3.6.49.114.178.815	3	6	49	114	178	815
NZ_CP185457.1	repAci_large	repAci_large	17545	2.14.33.86.379.816	2	14	33	86	379	816
NZ_CP185459.1	repAci_large	repAci_large	35718	3.6.49.114.178.817	3	6	49	114	178	817
NZ_CP185462.1	repAci_large	repAci_large	160176	2.2.12.53.129.218	2	2	12	53	129	218
NZ_CP185464.1	repAci_large	repAci_large	69388	2.14.33.86.381.819	2	14	33	86	381	819
NZ_CP187741.1	repAci_large	repAci_large	56115	3.4.8.82.119.813	3	4	8	82	119	813
NZ_CP187744.1	repAci_large	repAci_large	56115	3.10.20.63.382.821	3	10	20	63	382	821
NZ_CP187747.1	repAci_large	repAci_large	56115	3.4.8.82.119.813	3	4	8	82	119	813
NZ_CP187750.1	repAci_large	repAci_large	56115	3.4.8.82.119.813	3	4	8	82	119	813
NZ_CP187753.1	repAci_large	repAci_large	56115	3.10.20.63.382.821	3	10	20	63	382	821
NZ_CP187756.1	repAci_large	repAci_large	56115	3.4.8.82.119.813	3	4	8	82	119	813
NZ_CP193654.1	repAci_large	repAci_large	65644	2.2.12.81.117.200	2	2	12	81	117	200
NZ_HG977523.1	repAci_large	repAci_large	63720	1.3.4.50.105.845	1	3	4	50	105	845
NZ_HG977524.1	repAci_large	repAci_large	64165	1.3.4.62.84.846	1	3	4	62	84	846
AF394225.1	repEF_conj	repEF_conj	1000	2.2.3.3.3.3	2	2	3	3	3	3
AY855841.1	repEF_conj	repEF_conj	67673	1.3.11.14.17.24	1	3	11	14	17	24
L01794.1	repEF_conj	repEF_conj	5145	2.2.12.31.43.81	2	2	12	31	43	81
NZ_AP018540.1	repEF_conj	repEF_conj	79566	1.3.10.52.71.126	1	3	10	52	71	126
NZ_AP018545.1	repEF_conj	repEF_conj	79566	1.3.10.52.71.126	1	3	10	52	71	126
NZ_AP019811.1	repEF_conj	repEF_conj	67434	2.2.12.55.74.129	2	2	12	55	74	129
NZ_AP019812.1	repEF_conj	repEF_conj	59370	2.2.12.55.74.130	2	2	12	55	74	130
NZ_AP019813.1	repEF_conj	repEF_conj	56621	2.2.12.55.74.131	2	2	12	55	74	131
NZ_ASWX01000006.1	repEF_conj	repEF_conj	61226	2.2.18.61.83.148	2	2	18	61	83	148
NZ_CP008815.1	repEF_conj	repEF_conj	66548	1.3.4.50.86.152	1	3	4	50	86	152
NZ_CP014534.1	repEF_conj	repEF_conj	55167	1.3.11.68.95.163	1	3	11	68	95	163
NZ_CP014535.1	repEF_conj	repEF_conj	65558	1.1.31.69.96.164	1	1	31	69	96	164
NZ_CP015517.1	repEF_conj	repEF_conj	73574	2.2.12.55.74.165	2	2	12	55	74	165
NZ_CP019513.1	repEF_conj	repEF_conj	66602	2.2.12.55.85.179	2	2	12	55	85	179
NZ_CP019514.1	repEF_conj	repEF_conj	65920	1.3.4.50.86.180	1	3	4	50	86	180
NZ_CP022484.1	repEF_conj	repEF_conj	65180	1.3.4.76.109.184	1	3	4	76	109	184
NZ_CP022485.1	repEF_conj	repEF_conj	59380	1.3.10.52.71.185	1	3	10	52	71	185
NZ_CP025078.1	repEF_conj	repEF_conj	56373	1.3.4.50.110.192	1	3	4	50	110	192
NZ_CP028726.1	repEF_conj	repEF_conj	53338	2.2.12.53.72.224	2	2	12	53	72	224
NZ_CP031028.1	repEF_conj	repEF_conj	75758	1.3.4.50.86.180	1	3	4	50	86	180
NZ_CP040897.1	repEF_conj	repEF_conj	74657	1.3.4.50.86.287	1	3	4	50	86	287
NZ_CP046109.1	repEF_conj	repEF_conj	74657	1.3.4.50.86.287	1	3	4	50	86	287
NZ_CP065548.1	repEF_conj	repEF_conj	55498	1.3.11.68.95.409	1	3	11	68	95	409
NZ_CP065930.1	repEF_conj	repEF_conj	70708	2.14.33.130.225.414	2	14	33	130	225	414
NZ_CP065931.1	repEF_conj	repEF_conj	56294	1.3.11.14.226.415	1	3	11	14	226	415
NZ_CP066416.1	repEF_conj	repEF_conj	55498	2.14.58.133.230.419	2	14	58	133	230	419
NZ_CP066423.1	repEF_conj	repEF_conj	54822	2.14.58.133.230.424	2	14	58	133	230	424
NZ_CP066436.1	repEF_conj	repEF_conj	65409	2.2.18.61.234.428	2	2	18	61	234	428
NZ_CP066437.1	repEF_conj	repEF_conj	57014	1.3.11.68.95.409	1	3	11	68	95	409
NZ_CP066453.1	repEF_conj	repEF_conj	55497	2.14.58.133.230.419	2	14	58	133	230	419
NZ_CP066467.1	repEF_conj	repEF_conj	55499	2.14.58.133.230.419	2	14	58	133	230	419
NZ_CP068127.1	repEF_conj	repEF_conj	58432	2.2.12.53.72.440	2	2	12	53	72	440
NZ_CP068131.1	repEF_conj	repEF_conj	79290	1.3.4.50.110.441	1	3	4	50	110	441
NZ_CP075605.1	repEF_conj	repEF_conj	75084	1.3.4.50.86.458	1	3	4	50	86	458
NZ_CP075606.1	repEF_conj	repEF_conj	70628	2.2.18.61.83.459	2	2	18	61	83	459
NZ_CP078163.1	repEF_conj	repEF_conj	77697	2.2.12.53.92.486	2	2	12	53	92	486
NZ_CP085290.1	repEF_conj	repEF_conj	75361	2.2.12.53.92.504	2	2	12	53	92	504
NZ_CP086593.1	repEF_conj	repEF_conj	69345	2.2.18.61.83.520	2	2	18	61	83	520
NZ_CP089321.1	repEF_conj	repEF_conj	59066	1.3.11.14.226.415	1	3	11	14	226	415
NZ_CP091102.1	repEF_conj	repEF_conj	61338	2.2.12.55.74.537	2	2	12	55	74	537
NZ_CP102067.1	repEF_conj	repEF_conj	64566	1.3.10.52.71.569	1	3	10	52	71	569
NZ_CP102071.1	repEF_conj	repEF_conj	60949	2.2.12.55.74.570	2	2	12	55	74	570
NZ_CP110075.1	repEF_conj	repEF_conj	74135	2.2.18.61.83.582	2	2	18	61	83	582
NZ_CP110076.1	repEF_conj	repEF_conj	62694	2.2.12.53.72.583	2	2	12	53	72	583
NZ_CP124926.1	repEF_conj	repEF_conj	68692	1.3.10.52.71.621	1	3	10	52	71	621
NZ_CP124932.1	repEF_conj	repEF_conj	74019	2.2.18.61.83.622	2	2	18	61	83	622
NZ_CP124936.1	repEF_conj	repEF_conj	68768	1.3.10.52.71.621	1	3	10	52	71	621
NZ_CP124940.1	repEF_conj	repEF_conj	68767	1.3.10.52.71.621	1	3	10	52	71	621
NZ_CP124948.1	repEF_conj	repEF_conj	72303	1.3.10.52.71.621	1	3	10	52	71	621
NZ_CP124951.1	repEF_conj	repEF_conj	68767	1.3.10.52.71.621	1	3	10	52	71	621
NZ_CP124958.1	repEF_conj	repEF_conj	70248	1.3.10.52.71.621	1	3	10	52	71	621
NZ_CP124961.1	repEF_conj	repEF_conj	68769	1.3.10.52.71.621	1	3	10	52	71	621
NZ_CP136359.1	repEF_conj	repEF_conj	68770	1.3.10.52.71.621	1	3	10	52	71	621
NZ_CP141077.1	repEF_conj	repEF_conj	69873	1.3.4.50.86.700	1	3	4	50	86	700
NZ_CP142813.1	repEF_conj	repEF_conj	50792	1.3.11.14.323.701	1	3	11	14	323	701
NZ_CP151212.1	repEF_conj	repEF_conj	71090	2.14.60.189.331.721	2	14	60	189	331	721
NZ_CP156023.1	repEF_conj	repEF_conj	68770	1.3.10.52.71.621	1	3	10	52	71	621
NZ_CP176378.1	repEF_conj	repEF_conj	77977	1.3.4.50.362.781	1	3	4	50	362	781
NZ_CP181227.1	repEF_conj	repEF_conj	60215	1.3.4.50.86.801	1	3	4	50	86	801
NZ_CP181230.1	repEF_conj	repEF_conj	69895	1.3.10.52.71.621	1	3	10	52	71	621
NZ_CP181235.1	repEF_conj	repEF_conj	61479	2.2.18.61.83.802	2	2	18	61	83	802
NZ_CP181239.1	repEF_conj	repEF_conj	74657	1.3.10.52.71.621	1	3	10	52	71	621
NZ_CP196013.1	repEF_conj	repEF_conj	64755	2.2.18.61.83.832	2	2	18	61	83	832
NZ_CP197295.1	repEF_conj	repEF_conj	65105	2.2.12.53.72.833	2	2	12	53	72	833
NZ_CP197311.1	repEF_conj	repEF_conj	62460	1.3.4.76.109.834	1	3	4	76	109	834
NZ_CP197315.1	repEF_conj	repEF_conj	69762	1.3.10.52.71.835	1	3	10	52	71	835
NZ_CP197317.1	repEF_conj	repEF_conj	64148	1.3.4.50.86.836	1	3	4	50	86	836
NZ_JANHGF010000004.1	repEF_conj	repEF_conj	65504	1.3.4.50.86.848	1	3	4	50	86	848
NZ_JAVRDK010000010.1	repEF_conj	repEF_conj	78938	1.3.4.6.240.849	1	3	4	6	240	849
NZ_JBJUSR010000007.1	repEF_conj	repEF_conj	73860	2.2.12.55.85.852	2	2	12	55	85	852
NZ_JBJUSS010000005.1	repEF_conj	repEF_conj	73949	1.3.4.50.86.854	1	3	4	50	86	854
NZ_JBJUST010000003.1	repEF_conj	repEF_conj	73863	2.2.12.55.85.852	2	2	12	55	85	852
NZ_JBJUSV010000007.1	repEF_conj	repEF_conj	73865	2.2.12.55.85.852	2	2	12	55	85	852
NZ_JBJUSW010000006.1	repEF_conj	repEF_conj	73858	2.2.12.55.85.852	2	2	12	55	85	852
NZ_JBJUSZ010000003.1	repEF_conj	repEF_conj	73680	1.3.4.50.86.854	1	3	4	50	86	854
NZ_JBJUTA010000003.1	repEF_conj	repEF_conj	68626	2.2.12.55.85.852	2	2	12	55	85	852
NZ_JBJUTF010000006.1	repEF_conj	repEF_conj	50969	2.2.18.61.83.860	2	2	18	61	83	860
NZ_JBJUTK010000003.1	repEF_conj	repEF_conj	76225	2.2.12.55.85.852	2	2	12	55	85	852
NZ_JBJUTX010000006.1	repEF_conj	repEF_conj	51235	1.3.4.50.86.867	1	3	4	50	86	867
NZ_JBJUTZ010000004.1	repEF_conj	repEF_conj	53425	1.3.10.52.397.869	1	3	10	52	397	869
NZ_JBJUUK010000004.1	repEF_conj	repEF_conj	73861	1.3.4.50.86.854	1	3	4	50	86	854
NZ_JBRYYP010000002.1	repEF_conj	repEF_conj	68748	2.2.18.61.83.459	2	2	18	61	83	459
NZ_JBSDWZ010000002.1	repEF_conj	repEF_conj	77923	2.2.12.55.85.881	2	2	12	55	85	881
NZ_JBTRAS010000002.1	repEF_conj	repEF_conj	78855	2.2.12.55.74.886	2	2	12	55	74	886
NZ_JBTTHU010000003.1	repEF_conj	repEF_conj	61057	1.3.10.52.71.887	1	3	10	52	71	887
NZ_JBUCZK010000003.1	repEF_conj	repEF_conj	61125	1.3.10.52.71.888	1	3	10	52	71	888
NZ_JBUCZK010000004.1	repEF_conj	repEF_conj	56779	2.2.12.55.85.889	2	2	12	55	85	889
NZ_JBUCZL010000002.1	repEF_conj	repEF_conj	65074	1.3.10.52.71.888	1	3	10	52	71	888
NZ_OM574793.1	repEF_conj	repEF_conj	75363	1.3.4.50.110.973	1	3	4	50	110	973
NZ_OZ282463.1	repEF_conj	repEF_conj	70177	2.2.12.53.72.992	2	2	12	53	72	992
NZ_PX406249.1	repEF_conj	repEF_conj	65601	1.3.10.52.71.998	1	3	10	52	71	998
X92945.2	repEF_conj	repEF_conj	50237	1.3.4.50.86.3853	1	3	4	50	86	3853
AF521699.1	repEF_res	repEF_res	16726	3.4.5.5.5.5	3	4	5	5	5	5
AY234334.1	repEF_res	repEF_res	1200	5.7.9.12.15.22	5	7	9	12	15	22
EF507804.1	repEF_res	repEF_res	614	6.8.15.25.36.72	6	8	15	25	36	72
NC_022880.1	repEF_res	repEF_res	38528	1.3.4.50.68.122	1	3	4	50	68	122
NZ_AP019395.1	repEF_res	repEF_res	196595	2.2.12.53.72.127	2	2	12	53	72	127
NZ_AP019396.1	repEF_res	repEF_res	17267	2.11.30.54.73.128	2	11	30	54	73	128
NZ_AP019812.1	repEF_res	repEF_res	59370	2.2.12.55.74.130	2	2	12	55	74	130
NZ_AP019813.1	repEF_res	repEF_res	56621	2.2.12.55.74.131	2	2	12	55	74	131
NZ_AP022344.1	repEF_res	repEF_res	6258	1.3.11.56.75.132	1	3	11	56	75	132
NZ_CP008814.1	repEF_res	repEF_res	41610	2.2.12.55.85.151	2	2	12	55	85	151
NZ_CP014531.1	repEF_res	repEF_res	32423	2.2.12.53.92.160	2	2	12	53	92	160
NZ_CP014532.1	repEF_res	repEF_res	9310	1.3.11.67.93.161	1	3	11	67	93	161
NZ_CP014533.1	repEF_res	repEF_res	17254	1.3.4.50.94.162	1	3	4	50	94	162
NZ_CP014534.1	repEF_res	repEF_res	55167	1.3.11.68.95.163	1	3	11	68	95	163
NZ_CP018067.1	repEF_res	repEF_res	29012	2.2.12.53.101.174	2	2	12	53	101	174
NZ_CP018068.1	repEF_res	repEF_res	13112	2.2.35.72.102.175	2	2	35	72	102	175
NZ_CP022485.1	repEF_res	repEF_res	59380	1.3.10.52.71.185	1	3	10	52	71	185
NZ_CP022486.1	repEF_res	repEF_res	31392	1.3.4.50.110.186	1	3	4	50	110	186
NZ_CP023426.1	repEF_res	repEF_res	40017	2.2.12.53.72.188	2	2	12	53	72	188
NZ_CP023427.1	repEF_res	repEF_res	10105	1.3.26.77.111.189	1	3	26	77	111	189
NZ_CP025078.1	repEF_res	repEF_res	56373	1.3.4.50.110.192	1	3	4	50	110	192
NZ_CP028725.1	repEF_res	repEF_res	41597	1.3.4.50.86.223	1	3	4	50	86	223
NZ_CP028726.1	repEF_res	repEF_res	53338	2.2.12.53.72.224	2	2	12	53	72	224
NZ_CP038165.1	repEF_res	repEF_res	32169	2.2.12.53.92.261	2	2	12	53	92	261
NZ_CP046126.1	repEF_res	repEF_res	35695	2.2.12.53.92.310	2	2	12	53	92	310
NZ_CP065526.1	repEF_res	repEF_res	25787	2.2.12.53.72.406	2	2	12	53	72	406
NZ_CP065528.1	repEF_res	repEF_res	15691	1.3.11.127.222.407	1	3	11	127	222	407
NZ_CP065530.1	repEF_res	repEF_res	19873	2.2.35.128.223.408	2	2	35	128	223	408
NZ_CP065548.1	repEF_res	repEF_res	55498	1.3.11.68.95.409	1	3	11	68	95	409
NZ_CP065550.1	repEF_res	repEF_res	44323	1.3.4.50.110.410	1	3	4	50	110	410
NZ_CP065551.1	repEF_res	repEF_res	6303	2.19.55.129.224.411	2	19	55	129	224	411
NZ_CP065552.1	repEF_res	repEF_res	6258	1.3.11.56.75.412	1	3	11	56	75	412
NZ_CP065929.1	repEF_res	repEF_res	126296	2.2.12.53.72.413	2	2	12	53	72	413
NZ_CP065930.1	repEF_res	repEF_res	70708	2.14.33.130.225.414	2	14	33	130	225	414
NZ_CP065931.1	repEF_res	repEF_res	56294	1.3.11.14.226.415	1	3	11	14	226	415
NZ_CP065932.1	repEF_res	repEF_res	45647	1.3.4.50.110.410	1	3	4	50	110	410
NZ_CP065933.1	repEF_res	repEF_res	9316	2.2.35.128.227.416	2	2	35	128	227	416
NZ_CP065934.1	repEF_res	repEF_res	4074	2.19.56.131.228.417	2	19	56	131	228	417
NZ_CP065935.1	repEF_res	repEF_res	1981	2.19.57.132.229.418	2	19	57	132	229	418
NZ_CP066416.1	repEF_res	repEF_res	55498	2.14.58.133.230.419	2	14	58	133	230	419
NZ_CP066417.1	repEF_res	repEF_res	198740	2.2.12.53.72.420	2	2	12	53	72	420
NZ_CP066418.1	repEF_res	repEF_res	11819	1.3.4.50.94.421	1	3	4	50	94	421
NZ_CP066419.1	repEF_res	repEF_res	6303	1.3.11.56.75.132	1	3	11	56	75	132
NZ_CP066420.1	repEF_res	repEF_res	1980	5.20.59.134.231.422	5	20	59	134	231	422
NZ_CP066422.1	repEF_res	repEF_res	202167	2.2.12.53.72.423	2	2	12	53	72	423
NZ_CP066423.1	repEF_res	repEF_res	54822	2.14.58.133.230.424	2	14	58	133	230	424
NZ_CP066424.1	repEF_res	repEF_res	36284	1.3.4.50.110.425	1	3	4	50	110	425
NZ_CP066425.1	repEF_res	repEF_res	12538	2.2.12.135.232.426	2	2	12	135	232	426
NZ_CP066426.1	repEF_res	repEF_res	4374	5.20.59.136.233.427	5	20	59	136	233	427
NZ_CP066435.1	repEF_res	repEF_res	161669	2.2.12.53.72.423	2	2	12	53	72	423
NZ_CP066436.1	repEF_res	repEF_res	65409	2.2.18.61.234.428	2	2	18	61	234	428
NZ_CP066437.1	repEF_res	repEF_res	57014	1.3.11.68.95.409	1	3	11	68	95	409
NZ_CP066438.1	repEF_res	repEF_res	38373	1.3.4.50.110.429	1	3	4	50	110	429
NZ_CP066439.1	repEF_res	repEF_res	8194	2.14.60.137.235.430	2	14	60	137	235	430
NZ_CP066440.1	repEF_res	repEF_res	7012	1.3.11.56.236.431	1	3	11	56	236	431
NZ_CP066441.1	repEF_res	repEF_res	4305	2.19.56.138.237.432	2	19	56	138	237	432
NZ_CP066442.1	repEF_res	repEF_res	1980	2.19.57.132.229.418	2	19	57	132	229	418
NZ_CP066452.1	repEF_res	repEF_res	164531	2.2.12.53.72.423	2	2	12	53	72	423
NZ_CP066453.1	repEF_res	repEF_res	55497	2.14.58.133.230.419	2	14	58	133	230	419
NZ_CP066454.1	repEF_res	repEF_res	44442	1.3.4.50.110.410	1	3	4	50	110	410
NZ_CP066455.1	repEF_res	repEF_res	6303	2.19.55.129.224.411	2	19	55	129	224	411
NZ_CP066456.1	repEF_res	repEF_res	1980	2.19.57.132.229.418	2	19	57	132	229	418
NZ_CP066467.1	repEF_res	repEF_res	55499	2.14.58.133.230.419	2	14	58	133	230	419
NZ_CP066468.1	repEF_res	repEF_res	198741	2.2.12.53.72.433	2	2	12	53	72	433
NZ_CP066469.1	repEF_res	repEF_res	10968	1.3.4.50.94.421	1	3	4	50	94	421
NZ_CP066470.1	repEF_res	repEF_res	6312	2.19.55.129.224.411	2	19	55	129	224	411
NZ_CP066471.1	repEF_res	repEF_res	6267	1.3.11.56.75.412	1	3	11	56	75	412
NZ_CP066472.1	repEF_res	repEF_res	1980	5.20.59.134.231.422	5	20	59	134	231	422
NZ_CP068124.1	repEF_res	repEF_res	45244	1.3.4.50.86.438	1	3	4	50	86	438
NZ_CP068125.1	repEF_res	repEF_res	32649	2.2.12.53.92.439	2	2	12	53	92	439
NZ_CP068127.1	repEF_res	repEF_res	58432	2.2.12.53.72.440	2	2	12	53	72	440
NZ_CP068133.1	repEF_res	repEF_res	30933	1.3.4.6.240.442	1	3	4	6	240	442
NZ_CP089320.1	repEF_res	repEF_res	228311	2.2.12.53.72.433	2	2	12	53	72	433
NZ_CP089321.1	repEF_res	repEF_res	59066	1.3.11.14.226.415	1	3	11	14	226	415
NZ_CP089322.1	repEF_res	repEF_res	40605	1.3.4.50.110.425	1	3	4	50	110	425
NZ_CP089323.1	repEF_res	repEF_res	11983	2.2.35.128.227.530	2	2	35	128	227	530
NZ_CP089324.1	repEF_res	repEF_res	1928	5.20.59.159.272.531	5	20	59	159	272	531
NZ_CP091101.1	repEF_res	repEF_res	27897	2.2.12.53.101.536	2	2	12	53	101	536
NZ_CP114619.1	repEF_res	repEF_res	45954	1.3.4.50.110.585	1	3	4	50	110	585
NZ_CP114620.1	repEF_res	repEF_res	32463	2.2.12.53.72.586	2	2	12	53	72	586
NZ_CP114621.1	repEF_res	repEF_res	9372	2.2.35.128.287.587	2	2	35	128	287	587
NZ_CP114622.1	repEF_res	repEF_res	6188	2.19.55.129.288.588	2	19	55	129	288	588
NZ_CP142813.1	repEF_res	repEF_res	50792	1.3.11.14.323.701	1	3	11	14	323	701
NZ_CP176379.1	repEF_res	repEF_res	22082	2.2.12.53.72.782	2	2	12	53	72	782
NZ_CP176380.1	repEF_res	repEF_res	7837	1.3.11.127.222.407	1	3	11	127	222	407
NZ_JAVRDK010000012.1	repEF_res	repEF_res	47348	2.14.38.215.390.850	2	14	38	215	390	850
NZ_JBJUSR010000006.1	repEF_res	repEF_res	43235	2.2.12.53.72.851	2	2	12	53	72	851
NZ_JBJUSR010000008.1	repEF_res	repEF_res	23945	1.3.4.50.391.853	1	3	4	50	391	853
NZ_JBJUSS010000004.1	repEF_res	repEF_res	43216	2.2.12.53.72.851	2	2	12	53	72	851
NZ_JBJUSS010000006.1	repEF_res	repEF_res	23955	1.3.4.50.391.853	1	3	4	50	391	853
NZ_JBJUSS010000007.1	repEF_res	repEF_res	9362	1.3.11.127.392.855	1	3	11	127	392	855
NZ_JBJUST010000004.1	repEF_res	repEF_res	43214	2.2.12.53.72.851	2	2	12	53	72	851
NZ_JBJUST010000008.1	repEF_res	repEF_res	23941	1.3.4.50.391.853	1	3	4	50	391	853
NZ_JBJUSV010000002.1	repEF_res	repEF_res	43218	2.2.12.53.72.851	2	2	12	53	72	851
NZ_JBJUSV010000005.1	repEF_res	repEF_res	23948	1.3.4.50.391.853	1	3	4	50	391	853
NZ_JBJUSV010000006.1	repEF_res	repEF_res	36780	1.3.4.50.393.856	1	3	4	50	393	856
NZ_JBJUSW010000007.1	repEF_res	repEF_res	43218	2.2.12.53.72.851	2	2	12	53	72	851
NZ_JBJUSZ010000005.1	repEF_res	repEF_res	30531	1.3.4.50.346.857	1	3	4	50	346	857
NZ_JBJUSZ010000006.1	repEF_res	repEF_res	37627	2.2.12.53.394.858	2	2	12	53	394	858
NZ_JBJUTA010000004.1	repEF_res	repEF_res	24169	2.2.12.53.394.859	2	2	12	53	394	859
NZ_JBJUTK010000006.1	repEF_res	repEF_res	9936	1.3.11.67.395.861	1	3	11	67	395	861
NZ_JBJUTK010000007.1	repEF_res	repEF_res	24680	1.3.4.50.346.862	1	3	4	50	346	862
NZ_JBJUTK010000008.1	repEF_res	repEF_res	29132	2.2.12.53.394.863	2	2	12	53	394	863
NZ_JBJUTK010000009.1	repEF_res	repEF_res	14041	1.3.11.127.392.855	1	3	11	127	392	855
NZ_JBJUTP010000008.1	repEF_res	repEF_res	11376	1.3.11.127.396.864	1	3	11	127	396	864
NZ_JBJUTP010000011.1	repEF_res	repEF_res	18993	2.2.12.53.72.865	2	2	12	53	72	865
NZ_JBJUTX010000005.1	repEF_res	repEF_res	6173	1.3.11.56.236.866	1	3	11	56	236	866
NZ_JBJUTY010000005.1	repEF_res	repEF_res	6119	1.3.11.127.222.868	1	3	11	127	222	868
NZ_JBJUTZ010000004.1	repEF_res	repEF_res	53425	1.3.10.52.397.869	1	3	10	52	397	869
NZ_JBJUTZ010000006.1	repEF_res	repEF_res	6171	1.3.11.56.236.866	1	3	11	56	236	866
NZ_JBJUTZ010000007.1	repEF_res	repEF_res	17259	1.3.11.127.396.864	1	3	11	127	396	864
NZ_JBJUTZ010000010.1	repEF_res	repEF_res	34395	1.3.4.50.110.870	1	3	4	50	110	870
NZ_JBJUUG010000009.1	repEF_res	repEF_res	5777	1.3.11.127.396.864	1	3	11	127	396	864
NZ_JBJUUI010000007.1	repEF_res	repEF_res	23948	1.3.4.50.391.853	1	3	4	50	391	853
NZ_JBJUUK010000005.1	repEF_res	repEF_res	23937	1.3.4.50.391.853	1	3	4	50	391	853
NZ_JBJUUO010000006.1	repEF_res	repEF_res	23944	1.3.4.50.391.853	1	3	4	50	391	853
NZ_JBTRAS010000002.1	repEF_res	repEF_res	78855	2.2.12.55.74.886	2	2	12	55	74	886
NZ_JBUCZK010000004.1	repEF_res	repEF_res	56779	2.2.12.55.85.889	2	2	12	55	85	889
NZ_JBUDHH010000023.1	repEF_res	repEF_res	42480	2.19.55.221.406.890	2	19	55	221	406	890
NZ_JBUDHH010000047.1	repEF_res	repEF_res	9466	2.14.58.133.407.891	2	14	58	133	407	891
X92946.1	repEF_res	repEF_res	29871	1.3.4.76.705.3854	1	3	4	76	705	3854
NC_007100.1	repPae_large	repPae_large	57121	4.5.23.37.49.88	4	5	23	37	49	88
NC_008357.1	repPae_large	repPae_large	89147	4.5.23.37.50.89	4	5	23	37	50	89
NC_016138.1	repPae_large	repPae_large	123322	4.5.23.37.62.116	4	5	23	37	62	116
NC_019202.1	repPae_large	repPae_large	103532	4.12.27.46.63.117	4	12	27	46	63	117
NZ_AP040354.1	repPae_large	repPae_large	631756	8.13.32.60.81.145	8	13	32	60	81	145
NZ_AP040359.1	repPae_large	repPae_large	129406	4.5.23.37.82.146	4	5	23	37	82	146
NZ_AP040360.1	repPae_large	repPae_large	114410	4.5.23.37.49.147	4	5	23	37	49	147
NZ_CP011370.1	repPae_large	repPae_large	159187	4.5.23.37.82.146	4	5	23	37	82	146
NZ_CP025052.1	repPae_large	repPae_large	59923	4.5.23.78.113.191	4	5	23	78	113	191
NZ_CP025054.1	repPae_large	repPae_large	59923	4.5.23.78.113.191	4	5	23	78	113	191
NZ_CP029096.1	repPae_large	repPae_large	437392	4.5.23.88.133.226	4	5	23	88	133	226
NZ_CP030914.1	repPae_large	repPae_large	85842	4.12.27.46.63.233	4	12	27	46	63	233
NZ_CP032256.1	repPae_large	repPae_large	129422	4.5.23.78.113.241	4	5	23	78	113	241
NZ_CP034355.1	repPae_large	repPae_large	130306	4.5.23.37.82.146	4	5	23	37	82	146
NZ_CP040126.1	repPae_large	repPae_large	395774	4.5.6.106.162.281	4	5	6	106	162	281
NZ_CP042268.1	repPae_large	repPae_large	167069	8.13.32.60.81.295	8	13	32	60	81	295
NZ_CP045917.1	repPae_large	repPae_large	468631	4.5.23.88.133.226	4	5	23	88	133	226
NZ_CP049162.1	repPae_large	repPae_large	50130	4.5.23.115.180.316	4	5	23	115	180	316
NZ_CP052760.1	repPae_large	repPae_large	133551	4.5.6.21.196.344	4	5	6	21	196	344
NZ_CP061074.2	repPae_large	repPae_large	140415	4.5.23.88.133.388	4	5	23	88	133	388
NZ_CP064400.1	repPae_large	repPae_large	88210	4.12.27.125.217.401	4	12	27	125	217	401
NZ_CP068679.1	repPae_large	repPae_large	54433	4.5.23.115.180.443	4	5	23	115	180	443
NZ_CP070468.1	repPae_large	repPae_large	92794	8.13.32.60.81.445	8	13	32	60	81	445
NZ_CP073081.1	repPae_large	repPae_large	463517	4.5.23.88.133.226	4	5	23	88	133	226
NZ_CP073083.1	repPae_large	repPae_large	436486	4.5.23.88.133.226	4	5	23	88	133	226
NZ_CP077972.1	repPae_large	repPae_large	71164	8.13.63.145.254.481	8	13	63	145	254	481
NZ_CP077973.1	repPae_large	repPae_large	53593	4.5.23.78.113.482	4	5	23	78	113	482
NZ_CP077974.1	repPae_large	repPae_large	52415	4.5.23.78.112.483	4	5	23	78	112	483
NZ_CP077982.1	repPae_large	repPae_large	52491	4.5.23.78.112.483	4	5	23	78	112	483
NZ_CP077995.1	repPae_large	repPae_large	62848	4.5.23.37.219.484	4	5	23	37	219	484
NZ_CP077996.1	repPae_large	repPae_large	52983	4.5.23.78.113.482	4	5	23	78	113	482
NZ_CP078000.1	repPae_large	repPae_large	106679	4.5.23.37.219.485	4	5	23	37	219	485
NZ_CP081478.1	repPae_large	repPae_large	232884	4.5.6.21.196.496	4	5	6	21	196	496
NZ_CP081479.1	repPae_large	repPae_large	51187	4.5.23.37.255.497	4	5	23	37	255	497
NZ_CP083368.1	repPae_large	repPae_large	113189	4.5.23.88.133.501	4	5	23	88	133	501
NZ_CP083369.1	repPae_large	repPae_large	69506	4.5.23.37.259.502	4	5	23	37	259	502
NZ_CP084322.1	repPae_large	repPae_large	463412	4.5.23.88.133.226	4	5	23	88	133	226
NZ_CP086017.1	repPae_large	repPae_large	50936	4.5.23.78.112.518	4	5	23	78	112	518
NZ_CP086065.1	repPae_large	repPae_large	60312	4.5.23.37.259.519	4	5	23	37	259	519
NZ_CP090650.1	repPae_large	repPae_large	475129	4.5.23.88.133.226	4	5	23	88	133	226
NZ_CP093019.1	repPae_large	repPae_large	53931	4.5.23.88.275.541	4	5	23	88	275	541
NZ_CP093029.1	repPae_large	repPae_large	143021	4.5.23.37.82.545	4	5	23	37	82	545
NZ_CP094852.1	repPae_large	repPae_large	52416	4.5.23.78.112.483	4	5	23	78	112	483
NZ_CP095771.1	repPae_large	repPae_large	174560	4.5.23.37.82.549	4	5	23	37	82	549
NZ_CP095921.1	repPae_large	repPae_large	495621	4.5.23.88.133.226	4	5	23	88	133	226
NZ_CP095924.1	repPae_large	repPae_large	275369	4.5.6.21.196.551	4	5	6	21	196	551
NZ_CP096911.1	repPae_large	repPae_large	58793	4.5.23.88.275.553	4	5	23	88	275	553
NZ_CP096915.1	repPae_large	repPae_large	130277	4.5.23.78.113.241	4	5	23	78	113	241
NZ_CP096928.1	repPae_large	repPae_large	416743	4.5.6.21.196.554	4	5	6	21	196	554
NZ_CP096931.1	repPae_large	repPae_large	50754	4.5.23.78.112.518	4	5	23	78	112	518
NZ_CP096933.1	repPae_large	repPae_large	59016	4.5.23.78.112.555	4	5	23	78	112	555
NZ_CP096936.1	repPae_large	repPae_large	59015	4.5.23.78.112.555	4	5	23	78	112	555
NZ_CP096940.1	repPae_large	repPae_large	77056	8.13.32.60.281.559	8	13	32	60	281	559
NZ_CP096947.1	repPae_large	repPae_large	192317	4.5.23.37.82.560	4	5	23	37	82	560
NZ_CP096948.1	repPae_large	repPae_large	50754	4.5.23.78.112.518	4	5	23	78	112	518
NZ_CP096951.1	repPae_large	repPae_large	407607	4.5.23.88.133.226	4	5	23	88	133	226
NZ_CP096952.1	repPae_large	repPae_large	56517	4.5.23.37.219.561	4	5	23	37	219	561
NZ_CP096954.1	repPae_large	repPae_large	59018	4.5.23.78.112.555	4	5	23	78	112	555
NZ_CP096957.1	repPae_large	repPae_large	412305	4.5.23.88.133.226	4	5	23	88	133	226
NZ_CP096959.1	repPae_large	repPae_large	113722	4.5.23.37.82.563	4	5	23	37	82	563
NZ_CP096962.1	repPae_large	repPae_large	51878	4.5.23.115.180.564	4	5	23	115	180	564
NZ_CP096963.1	repPae_large	repPae_large	413043	4.5.23.88.133.226	4	5	23	88	133	226
NZ_CP097844.1	repPae_large	repPae_large	54030	4.5.23.37.49.565	4	5	23	37	49	565
NZ_CP097845.1	repPae_large	repPae_large	54029	4.5.23.37.49.566	4	5	23	37	49	566
NZ_CP099961.1	repPae_large	repPae_large	394987	4.5.6.106.162.281	4	5	6	106	162	281
NZ_CP106923.1	repPae_large	repPae_large	50945	4.5.23.115.221.581	4	5	23	115	221	581
NZ_CP110191.1	repPae_large	repPae_large	416612	4.5.23.88.133.226	4	5	23	88	133	226
NZ_CP115194.1	repPae_large	repPae_large	51160	4.5.23.88.275.589	4	5	23	88	275	589
NZ_CP115209.1	repPae_large	repPae_large	138928	4.5.23.37.82.146	4	5	23	37	82	146
NZ_CP115228.1	repPae_large	repPae_large	50469	4.5.23.115.221.592	4	5	23	115	221	592
NZ_CP115238.1	repPae_large	repPae_large	130052	4.5.23.88.133.595	4	5	23	88	133	595
NZ_CP115281.1	repPae_large	repPae_large	75659	8.13.32.60.281.559	8	13	32	60	281	559
NZ_CP116229.1	repPae_large	repPae_large	474030	4.5.23.88.133.226	4	5	23	88	133	226
NZ_CP116726.1	repPae_large	repPae_large	142661	4.5.23.78.113.241	4	5	23	78	113	241
NZ_CP118639.1	repPae_large	repPae_large	422938	4.5.23.88.133.226	4	5	23	88	133	226
NZ_CP123954.1	repPae_large	repPae_large	54339	4.5.23.78.113.482	4	5	23	78	113	482
NZ_CP124633.1	repPae_large	repPae_large	82465	4.5.23.170.302.614	4	5	23	170	302	614
NZ_CP124637.1	repPae_large	repPae_large	57117	4.5.23.37.219.616	4	5	23	37	219	616
NZ_CP124656.1	repPae_large	repPae_large	52756	4.5.23.37.219.616	4	5	23	37	219	616
NZ_CP124659.1	repPae_large	repPae_large	526642	4.5.23.88.133.619	4	5	23	88	133	619
NZ_CP129201.1	repPae_large	repPae_large	506353	4.5.6.21.196.642	4	5	6	21	196	642
NZ_CP129405.1	repPae_large	repPae_large	517764	4.5.23.88.133.226	4	5	23	88	133	226
NZ_CP129686.1	repPae_large	repPae_large	57082	4.5.6.7.11.643	4	5	6	7	11	643
NZ_CP129995.1	repPae_large	repPae_large	432097	4.5.23.88.133.226	4	5	23	88	133	226
NZ_CP129996.1	repPae_large	repPae_large	51443	4.5.23.115.221.644	4	5	23	115	221	644
NZ_CP131615.1	repPae_large	repPae_large	413844	4.5.6.21.196.642	4	5	6	21	196	642
NZ_CP131786.1	repPae_large	repPae_large	461212	4.5.23.88.133.226	4	5	23	88	133	226
NZ_CP131793.1	repPae_large	repPae_large	405567	4.5.23.88.133.226	4	5	23	88	133	226
NZ_CP132994.1	repPae_large	repPae_large	498409	4.5.23.88.133.226	4	5	23	88	133	226
NZ_CP132996.1	repPae_large	repPae_large	322697	4.5.23.88.133.654	4	5	23	88	133	654
NZ_CP133095.1	repPae_large	repPae_large	448610	4.5.6.21.196.554	4	5	6	21	196	554
NZ_CP133096.1	repPae_large	repPae_large	53919	4.5.23.115.180.656	4	5	23	115	180	656
NZ_CP137496.1	repPae_large	repPae_large	53989	4.5.23.170.302.682	4	5	23	170	302	682
NZ_CP137506.1	repPae_large	repPae_large	98516	4.5.23.78.112.683	4	5	23	78	112	683
NZ_CP137508.1	repPae_large	repPae_large	96285	4.12.27.46.315.684	4	12	27	46	315	684
NZ_CP137511.1	repPae_large	repPae_large	50152	4.5.23.115.221.685	4	5	23	115	221	685
NZ_CP137513.1	repPae_large	repPae_large	62563	4.5.23.37.316.686	4	5	23	37	316	686
NZ_CP137515.1	repPae_large	repPae_large	91061	8.13.32.60.81.687	8	13	32	60	81	687
NZ_CP137518.1	repPae_large	repPae_large	62561	4.5.23.37.316.686	4	5	23	37	316	686
NZ_CP137519.1	repPae_large	repPae_large	50705	4.5.23.78.112.683	4	5	23	78	112	683
NZ_CP139037.1	repPae_large	repPae_large	422428	4.5.23.88.133.226	4	5	23	88	133	226
NZ_CP141073.1	repPae_large	repPae_large	85964	4.12.27.89.322.699	4	12	27	89	322	699
NZ_CP149855.1	repPae_large	repPae_large	159128	4.5.23.37.82.146	4	5	23	37	82	146
NZ_CP150133.1	repPae_large	repPae_large	54567	4.5.23.78.112.590	4	5	23	78	112	590
NZ_CP150884.1	repPae_large	repPae_large	59345	4.5.23.37.255.719	4	5	23	37	255	719
NZ_CP151176.1	repPae_large	repPae_large	501042	4.5.23.88.133.226	4	5	23	88	133	226
NZ_CP151544.1	repPae_large	repPae_large	433528	4.5.23.88.133.226	4	5	23	88	133	226
NZ_CP151648.1	repPae_large	repPae_large	406808	4.5.23.88.133.226	4	5	23	88	133	226
NZ_CP151649.1	repPae_large	repPae_large	53631	4.5.23.115.180.316	4	5	23	115	180	316
NZ_CP158057.1	repPae_large	repPae_large	437478	4.5.23.88.133.226	4	5	23	88	133	226
NZ_CP158059.1	repPae_large	repPae_large	52403	4.5.23.78.112.483	4	5	23	78	112	483
NZ_CP158061.1	repPae_large	repPae_large	446581	4.5.23.88.133.226	4	5	23	88	133	226
NZ_CP158063.1	repPae_large	repPae_large	179654	8.13.32.60.81.733	8	13	32	60	81	733
NZ_CP158065.1	repPae_large	repPae_large	52345	4.5.23.78.112.483	4	5	23	78	112	483
NZ_CP158571.1	repPae_large	repPae_large	394374	4.5.6.106.162.281	4	5	6	106	162	281
NZ_CP158572.1	repPae_large	repPae_large	95283	4.5.23.37.316.735	4	5	23	37	316	735
NZ_CP159838.1	repPae_large	repPae_large	426741	4.5.6.21.196.554	4	5	6	21	196	554
NZ_CP159842.1	repPae_large	repPae_large	449377	4.5.6.21.196.554	4	5	6	21	196	554
NZ_CP159884.1	repPae_large	repPae_large	58873	4.5.23.37.274.739	4	5	23	37	274	739
NZ_CP163545.1	repPae_large	repPae_large	432650	4.5.6.21.196.744	4	5	6	21	196	744
NZ_CP166818.1	repPae_large	repPae_large	347738	4.5.23.88.133.226	4	5	23	88	133	226
NZ_CP166820.1	repPae_large	repPae_large	448137	4.5.23.88.133.226	4	5	23	88	133	226
NZ_CP166822.1	repPae_large	repPae_large	444414	4.5.6.106.162.281	4	5	6	106	162	281
NZ_CP171902.1	repPae_large	repPae_large	53498	4.5.23.37.354.763	4	5	23	37	354	763
NZ_CP171908.1	repPae_large	repPae_large	610587	8.13.32.60.81.765	8	13	32	60	81	765
NZ_CP171910.1	repPae_large	repPae_large	584329	4.5.23.37.82.766	4	5	23	37	82	766
NZ_CP171914.1	repPae_large	repPae_large	652700	8.13.32.60.81.765	8	13	32	60	81	765
NZ_CP171940.1	repPae_large	repPae_large	50116	4.5.23.78.112.767	4	5	23	78	112	767
NZ_CP171944.1	repPae_large	repPae_large	461234	4.5.23.88.133.226	4	5	23	88	133	226
NZ_CP171946.1	repPae_large	repPae_large	398781	8.13.32.60.81.770	8	13	32	60	81	770
NZ_CP171950.1	repPae_large	repPae_large	439656	4.5.6.106.162.281	4	5	6	106	162	281
NZ_CP171960.1	repPae_large	repPae_large	436438	4.5.6.106.162.281	4	5	6	106	162	281
NZ_CP171963.1	repPae_large	repPae_large	436442	4.5.23.88.133.226	4	5	23	88	133	226
NZ_CP173138.1	repPae_large	repPae_large	59521	4.5.23.37.255.777	4	5	23	37	255	777
NZ_CP173144.1	repPae_large	repPae_large	128994	4.5.6.21.196.778	4	5	6	21	196	778
NZ_CP174534.1	repPae_large	repPae_large	64796	4.5.23.115.221.581	4	5	23	115	221	581
NZ_CP174574.1	repPae_large	repPae_large	133184	4.5.23.37.82.545	4	5	23	37	82	545
NZ_CP181207.1	repPae_large	repPae_large	380941	4.5.23.37.82.800	4	5	23	37	82	800
NZ_CP181555.1	repPae_large	repPae_large	50370	4.5.23.115.375.803	4	5	23	115	375	803
NZ_CP181747.1	repPae_large	repPae_large	321780	4.5.23.88.377.808	4	5	23	88	377	808
NZ_CP183660.1	repPae_large	repPae_large	50480	4.5.23.115.221.592	4	5	23	115	221	592
NZ_CP185403.1	repPae_large	repPae_large	136246	8.13.32.60.81.809	8	13	32	60	81	809
NZ_CP187275.1	repPae_large	repPae_large	153806	4.5.6.21.196.820	4	5	6	21	196	820
NZ_CP191361.1	repPae_large	repPae_large	114305	4.5.23.37.82.563	4	5	23	37	82	563
NZ_CP192624.1	repPae_large	repPae_large	114545	4.5.23.37.82.824	4	5	23	37	82	824
NZ_CP195022.1	repPae_large	repPae_large	53619	4.5.23.78.113.482	4	5	23	78	113	482
NZ_CP195319.1	repPae_large	repPae_large	142338	4.5.23.37.82.146	4	5	23	37	82	146
NZ_CP195634.1	repPae_large	repPae_large	451594	4.5.23.88.133.654	4	5	23	88	133	654
NZ_CP195763.1	repPae_large	repPae_large	395087	4.5.6.106.162.281	4	5	6	106	162	281
NZ_CP195764.1	repPae_large	repPae_large	94958	4.5.23.37.316.735	4	5	23	37	316	735
NZ_CP195765.1	repPae_large	repPae_large	52645	4.5.23.78.113.482	4	5	23	78	113	482
NZ_CP199766.1	repPae_large	repPae_large	143185	4.5.23.37.82.838	4	5	23	37	82	838
NZ_CP199769.1	repPae_large	repPae_large	141901	4.5.23.37.82.838	4	5	23	37	82	838
NZ_CP199773.1	repPae_large	repPae_large	128983	4.5.23.37.82.838	4	5	23	37	82	838
NZ_CP199778.1	repPae_large	repPae_large	128989	4.5.23.37.82.838	4	5	23	37	82	838
NZ_CP199781.1	repPae_large	repPae_large	154433	4.5.23.37.82.839	4	5	23	37	82	839
NZ_CP199798.1	repPae_large	repPae_large	258159	4.5.23.37.82.560	4	5	23	37	82	560
NZ_CP199804.1	repPae_large	repPae_large	150058	4.5.23.37.82.838	4	5	23	37	82	838
NZ_CP199814.1	repPae_large	repPae_large	134602	4.5.23.37.82.838	4	5	23	37	82	838
NZ_CP199820.1	repPae_large	repPae_large	53478	8.13.32.60.387.842	8	13	32	60	387	842
NZ_CP199822.1	repPae_large	repPae_large	53478	8.13.32.60.387.842	8	13	32	60	387	842
NZ_CP199828.1	repPae_large	repPae_large	128988	4.5.23.37.82.838	4	5	23	37	82	838
NZ_CP199840.1	repPae_large	repPae_large	169692	4.5.23.37.82.839	4	5	23	37	82	839
NZ_CP199842.1	repPae_large	repPae_large	155868	4.5.23.37.82.838	4	5	23	37	82	838
NZ_CP199859.1	repPae_large	repPae_large	60796	4.12.28.214.389.844	4	12	28	214	389	844
NZ_CP199861.1	repPae_large	repPae_large	60796	4.12.28.214.389.844	4	12	28	214	389	844
NZ_KX711879.1	repPae_large	repPae_large	51207	4.5.6.8.8.899	4	5	6	8	8	899
NZ_KY296095.1	repPae_large	repPae_large	51663	4.5.23.37.255.900	4	5	23	37	255	900
NZ_KY494864.1	repPae_large	repPae_large	464804	4.5.6.106.162.281	4	5	6	106	162	281
NZ_LC586262.1	repPae_large	repPae_large	64644	4.5.23.37.259.904	4	5	23	37	259	904
NZ_LC586263.1	repPae_large	repPae_large	64644	4.5.23.37.259.905	4	5	23	37	259	905
NZ_LC586264.1	repPae_large	repPae_large	65553	4.5.23.37.259.905	4	5	23	37	259	905
NZ_LC586265.1	repPae_large	repPae_large	64914	4.5.23.37.259.905	4	5	23	37	259	905
NZ_LC586266.1	repPae_large	repPae_large	65553	4.5.23.37.259.904	4	5	23	37	259	904
NZ_LC586267.2	repPae_large	repPae_large	64681	4.5.23.37.259.904	4	5	23	37	259	904
NZ_LC586268.1	repPae_large	repPae_large	64644	4.5.23.37.259.905	4	5	23	37	259	905
NZ_LC586269.1	repPae_large	repPae_large	59422	4.5.23.37.219.906	4	5	23	37	219	906
NZ_MF144194.1	repPae_large	repPae_large	205426	4.5.6.21.196.913	4	5	6	21	196	913
NZ_MF344568.1	repPae_large	repPae_large	430173	4.5.6.21.196.554	4	5	6	21	196	554
NZ_MH053445.1	repPae_large	repPae_large	50914	8.13.32.169.388.920	8	13	32	169	388	920
NZ_MH547560.1	repPae_large	repPae_large	95404	4.5.23.37.82.926	4	5	23	37	82	926
NZ_MH734334.1	repPae_large	repPae_large	62793	4.5.23.37.219.932	4	5	23	37	219	932
NZ_MN433456.1	repPae_large	repPae_large	51113	4.5.23.115.180.940	4	5	23	115	180	940
NZ_MN433457.1	repPae_large	repPae_large	475027	4.5.23.88.133.226	4	5	23	88	133	226
NZ_MN894887.1	repPae_large	repPae_large	510711	4.5.23.88.133.226	4	5	23	88	133	226
NZ_MN894888.1	repPae_large	repPae_large	365448	4.5.23.37.82.941	4	5	23	37	82	941
NZ_MN894889.1	repPae_large	repPae_large	168582	4.5.23.88.133.942	4	5	23	88	133	942
NZ_MN961673.1	repPae_large	repPae_large	71463	4.5.23.37.259.943	4	5	23	37	259	943
NZ_MZ673648.1	repPae_large	repPae_large	71715	4.5.23.37.49.972	4	5	23	37	49	972
NZ_OP177694.1	repPae_large	repPae_large	453250	4.5.6.21.196.554	4	5	6	21	196	554
NZ_OP378668.1	repPae_large	repPae_large	444369	4.5.23.37.82.979	4	5	23	37	82	979
NZ_OQ023787.1	repPae_large	repPae_large	50587	4.5.23.78.112.982	4	5	23	78	112	982
NZ_OR682658.1	repPae_large	repPae_large	465638	4.5.6.21.196.642	4	5	6	21	196	642
NZ_OX638565.1	repPae_large	repPae_large	178483	4.5.23.37.62.988	4	5	23	37	62	988
NZ_OX638611.1	repPae_large	repPae_large	179283	4.5.23.37.62.988	4	5	23	37	62	988
NZ_OX638702.1	repPae_large	repPae_large	290802	4.5.6.21.196.990	4	5	6	21	196	990
NZ_OX638703.1	repPae_large	repPae_large	61494	4.5.23.37.259.991	4	5	23	37	259	991
NZ_PP591960.1	repPae_large	repPae_large	60095	4.12.27.227.430.994	4	12	27	227	430	994
NZ_PP712856.1	repPae_large	repPae_large	117201	4.5.23.37.219.995	4	5	23	37	219	995
NC_020452.1	repPae_small	repPae_small	21880	4.12.28.47.64.118	4	12	28	47	64	118
NC_022345.1	repPae_small	repPae_small	7995	4.5.29.49.66.120	4	5	29	49	66	120
NC_022346.1	repPae_small	repPae_small	31529	4.5.23.37.67.121	4	5	23	37	67	121
NZ_CP020602.1	repPae_small	repPae_small	36454	4.12.28.75.108.183	4	12	28	75	108	183
NZ_CP024631.1	repPae_small	repPae_small	46627	4.5.23.78.112.190	4	5	23	78	112	190
NZ_CP027173.1	repPae_small	repPae_small	41559	4.5.23.37.124.211	4	5	23	37	124	211
NZ_CP029708.1	repPae_small	repPae_small	4440	1.3.10.30.42.80	1	3	10	30	42	80
NZ_CP029714.1	repPae_small	repPae_small	41024	4.12.27.89.134.227	4	12	27	89	134	227
NZ_CP050055.1	repPae_small	repPae_small	6313	11.18.50.116.182.319	11	18	50	116	182	319
NZ_CP050056.1	repPae_small	repPae_small	4786	3.10.51.117.183.320	3	10	51	117	183	320
NZ_CP065413.1	repPae_small	repPae_small	49654	4.12.28.75.218.402	4	12	28	75	218	402
NZ_CP065414.1	repPae_small	repPae_small	48306	4.5.23.37.219.403	4	5	23	37	219	403
NZ_CP065415.1	repPae_small	repPae_small	3014	4.12.54.126.220.404	4	12	54	126	220	404
NZ_CP065418.1	repPae_small	repPae_small	40937	4.5.23.115.221.405	4	5	23	115	221	405
NZ_CP080012.1	repPae_small	repPae_small	41101	4.5.23.78.112.487	4	5	23	78	112	487
NZ_CP080290.1	repPae_small	repPae_small	41938	4.5.23.37.255.493	4	5	23	37	255	493
NZ_CP090651.1	repPae_small	repPae_small	47543	4.5.23.115.180.535	4	5	23	115	180	535
NZ_CP092847.1	repPae_small	repPae_small	46126	4.5.23.37.274.540	4	5	23	37	274	540
NZ_CP093025.1	repPae_small	repPae_small	7703	4.5.23.160.276.542	4	5	23	160	276	542
NZ_CP093026.1	repPae_small	repPae_small	6951	4.12.66.161.277.543	4	12	66	161	277	543
NZ_CP093027.1	repPae_small	repPae_small	6855	4.5.67.162.278.544	4	5	67	162	278	544
NZ_CP093359.1	repPae_small	repPae_small	47445	4.5.23.78.112.518	4	5	23	78	112	518
NZ_CP095773.1	repPae_small	repPae_small	42977	4.5.23.37.259.550	4	5	23	37	259	550
NZ_CP095775.1	repPae_small	repPae_small	42729	4.5.23.37.259.550	4	5	23	37	259	550
NZ_CP096910.1	repPae_small	repPae_small	24897	4.12.28.47.64.552	4	12	28	47	64	552
NZ_CP096930.1	repPae_small	repPae_small	24305	4.12.28.47.64.552	4	12	28	47	64	552
NZ_CP096935.1	repPae_small	repPae_small	31297	4.12.27.163.279.556	4	12	27	163	279	556
NZ_CP096938.1	repPae_small	repPae_small	27975	4.12.28.47.64.557	4	12	28	47	64	557
NZ_CP096939.1	repPae_small	repPae_small	33003	4.5.23.164.280.558	4	5	23	164	280	558
NZ_CP096949.1	repPae_small	repPae_small	24305	4.12.28.47.64.552	4	12	28	47	64	552
NZ_CP096955.1	repPae_small	repPae_small	31974	4.12.27.163.279.562	4	12	27	163	279	562
NZ_CP115195.1	repPae_small	repPae_small	48132	4.5.23.78.112.590	4	5	23	78	112	590
NZ_CP115212.1	repPae_small	repPae_small	14596	4.5.68.166.289.591	4	5	68	166	289	591
NZ_CP115229.1	repPae_small	repPae_small	46934	4.5.23.78.113.593	4	5	23	78	113	593
NZ_CP115236.1	repPae_small	repPae_small	6558	4.5.68.166.290.594	4	5	68	166	290	594
NZ_CP115241.1	repPae_small	repPae_small	12286	8.13.32.167.291.596	8	13	32	167	291	596
NZ_CP115266.1	repPae_small	repPae_small	13650	4.5.23.168.292.597	4	5	23	168	292	597
NZ_CP115268.1	repPae_small	repPae_small	48184	4.5.23.37.293.598	4	5	23	37	293	598
NZ_CP115282.1	repPae_small	repPae_small	44736	8.13.32.169.294.599	8	13	32	169	294	599
NZ_CP115290.1	repPae_small	repPae_small	46854	4.5.23.78.112.600	4	5	23	78	112	600
NZ_CP116230.1	repPae_small	repPae_small	39870	4.5.23.37.67.601	4	5	23	37	67	601
NZ_CP116716.1	repPae_small	repPae_small	24068	4.5.23.164.280.602	4	5	23	164	280	602
NZ_CP117975.1	repPae_small	repPae_small	14380	4.5.23.170.295.604	4	5	23	170	295	604
NZ_CP118640.1	repPae_small	repPae_small	49064	4.5.23.78.112.518	4	5	23	78	112	518
NZ_CP120882.1	repPae_small	repPae_small	28293	4.12.27.163.296.605	4	12	27	163	296	605
NZ_CP123896.1	repPae_small	repPae_small	25355	4.12.27.163.279.608	4	12	27	163	279	608
NZ_CP123955.1	repPae_small	repPae_small	7845	4.12.70.172.299.611	4	12	70	172	299	611
NZ_CP124625.1	repPae_small	repPae_small	36824	4.12.71.173.300.612	4	12	71	173	300	612
NZ_CP124627.1	repPae_small	repPae_small	10575	4.12.27.174.301.613	4	12	27	174	301	613
NZ_CP124634.1	repPae_small	repPae_small	10575	4.12.27.175.303.615	4	12	27	175	303	615
NZ_CP124639.1	repPae_small	repPae_small	36824	4.12.27.163.304.617	4	12	27	163	304	617
NZ_CP124642.1	repPae_small	repPae_small	36824	4.12.71.173.300.612	4	12	71	173	300	612
NZ_CP124653.1	repPae_small	repPae_small	41411	4.5.23.115.305.618	4	5	23	115	305	618
NZ_CP124661.1	repPae_small	repPae_small	7695	4.12.27.176.306.620	4	12	27	176	306	620
NZ_CP125362.1	repPae_small	repPae_small	38558	4.5.23.78.112.624	4	5	23	78	112	624
NZ_CP125364.1	repPae_small	repPae_small	34090	4.5.23.115.221.625	4	5	23	115	221	625
NZ_CP125366.1	repPae_small	repPae_small	34090	4.5.23.78.112.624	4	5	23	78	112	624
NZ_CP125368.1	repPae_small	repPae_small	33985	4.5.23.115.221.625	4	5	23	115	221	625
NZ_CP131789.1	repPae_small	repPae_small	47722	4.5.23.78.112.652	4	5	23	78	112	652
NZ_CP137492.1	repPae_small	repPae_small	8420	4.5.23.180.314.681	4	5	23	180	314	681
NZ_CP137497.1	repPae_small	repPae_small	49266	4.5.23.78.112.683	4	5	23	78	112	683
NZ_CP147602.1	repPae_small	repPae_small	41271	4.5.23.78.112.712	4	5	23	78	112	712
NZ_CP147623.1	repPae_small	repPae_small	8046	4.5.23.187.329.713	4	5	23	187	329	713
NZ_CP147624.1	repPae_small	repPae_small	22229	4.5.6.188.330.714	4	5	6	188	330	714
NZ_CP147626.1	repPae_small	repPae_small	8046	4.5.23.187.329.713	4	5	23	187	329	713
NZ_CP147627.1	repPae_small	repPae_small	22229	4.5.6.188.330.714	4	5	6	188	330	714
NZ_CP151545.1	repPae_small	repPae_small	33083	2.14.33.190.332.723	2	14	33	190	332	723
NZ_CP151546.1	repPae_small	repPae_small	21419	4.5.6.106.162.724	4	5	6	106	162	724
NZ_CP151547.1	repPae_small	repPae_small	21051	4.5.23.88.133.725	4	5	23	88	133	725
NZ_CP152076.1	repPae_small	repPae_small	4042	4.5.75.191.333.726	4	5	75	191	333	726
NZ_CP152077.1	repPae_small	repPae_small	3179	3.10.76.192.334.727	3	10	76	192	334	727
NZ_CP154350.1	repPae_small	repPae_small	3292	8.13.77.193.335.728	8	13	77	193	335	728
NZ_CP158058.1	repPae_small	repPae_small	35247	4.5.23.37.338.732	4	5	23	37	338	732
NZ_CP158066.1	repPae_small	repPae_small	35282	4.5.23.37.338.734	4	5	23	37	338	734
NZ_CP158573.1	repPae_small	repPae_small	48974	4.5.23.88.339.736	4	5	23	88	339	736
NZ_CP159839.1	repPae_small	repPae_small	37533	4.5.23.78.112.624	4	5	23	78	112	624
NZ_CP159843.1	repPae_small	repPae_small	37887	4.5.23.115.221.625	4	5	23	115	221	625
NZ_CP159844.1	repPae_small	repPae_small	16533	4.5.78.195.340.737	4	5	78	195	340	737
NZ_CP159845.1	repPae_small	repPae_small	16165	3.6.13.196.341.738	3	6	13	196	341	738
NZ_CP166914.1	repPae_small	repPae_small	46067	4.5.23.115.221.581	4	5	23	115	221	581
NZ_CP171889.1	repPae_small	repPae_small	49647	4.5.23.78.112.683	4	5	23	78	112	683
NZ_CP171891.1	repPae_small	repPae_small	49647	4.5.23.78.112.683	4	5	23	78	112	683
NZ_CP171903.1	repPae_small	repPae_small	7198	4.5.67.203.355.764	4	5	67	203	355	764
NZ_CP171912.1	repPae_small	repPae_small	48904	4.5.23.78.112.767	4	5	23	78	112	767
NZ_CP171924.1	repPae_small	repPae_small	48742	4.5.23.78.112.767	4	5	23	78	112	767
NZ_CP171929.1	repPae_small	repPae_small	47720	4.5.23.78.112.652	4	5	23	78	112	652
NZ_CP171932.1	repPae_small	repPae_small	48878	4.5.23.78.112.767	4	5	23	78	112	767
NZ_CP171933.1	repPae_small	repPae_small	3013	4.12.54.126.220.404	4	12	54	126	220	404
NZ_CP171936.1	repPae_small	repPae_small	48872	4.5.23.78.112.767	4	5	23	78	112	767
NZ_CP171937.1	repPae_small	repPae_small	3014	4.12.79.204.356.768	4	12	79	204	356	768
NZ_CP171941.1	repPae_small	repPae_small	27984	4.12.28.47.64.769	4	12	28	47	64	769
NZ_CP171961.1	repPae_small	repPae_small	20510	4.5.23.205.357.771	4	5	23	205	357	771
NZ_CP171964.1	repPae_small	repPae_small	20510	4.5.23.205.357.771	4	5	23	205	357	771
NZ_CP171967.1	repPae_small	repPae_small	49120	4.5.23.78.112.772	4	5	23	78	112	772
NZ_CP173120.1	repPae_small	repPae_small	48510	4.5.23.78.113.773	4	5	23	78	113	773
NZ_CP173123.1	repPae_small	repPae_small	47311	4.5.23.78.113.774	4	5	23	78	113	774
NZ_CP173134.1	repPae_small	repPae_small	15021	4.5.23.206.358.775	4	5	23	206	358	775
NZ_CP173136.1	repPae_small	repPae_small	44482	4.5.23.164.359.776	4	5	23	164	359	776
NZ_CP174575.1	repPae_small	repPae_small	4746	4.5.23.207.361.780	4	5	23	207	361	780
NZ_CP181564.1	repPae_small	repPae_small	46949	4.5.23.78.113.804	4	5	23	78	113	804
NZ_CP181667.1	repPae_small	repPae_small	45863	4.5.23.37.376.805	4	5	23	37	376	805
NZ_CP181743.1	repPae_small	repPae_small	48175	4.5.23.115.221.806	4	5	23	115	221	806
NZ_CP181745.1	repPae_small	repPae_small	46822	4.5.23.78.112.807	4	5	23	78	112	807
NZ_CP181956.1	repPae_small	repPae_small	49504	4.5.23.78.112.518	4	5	23	78	112	518
NZ_CP183659.1	repPae_small	repPae_small	47287	4.5.23.78.113.593	4	5	23	78	113	593
NZ_CP185404.1	repPae_small	repPae_small	41668	4.5.23.115.221.405	4	5	23	115	221	405
NZ_CP187227.1	repPae_small	repPae_small	47865	4.5.23.115.221.581	4	5	23	115	221	581
NZ_CP187731.1	repPae_small	repPae_small	41087	4.5.23.78.112.624	4	5	23	78	112	624
NZ_CP187733.1	repPae_small	repPae_small	41101	4.5.23.78.112.624	4	5	23	78	112	624
NZ_CP191353.1	repPae_small	repPae_small	35922	8.13.32.211.383.822	8	13	32	211	383	822
NZ_CP191354.1	repPae_small	repPae_small	26759	4.12.27.163.279.823	4	12	27	163	279	823
NZ_CP192304.1	repPae_small	repPae_small	35922	8.13.32.211.383.822	8	13	32	211	383	822
NZ_CP192305.1	repPae_small	repPae_small	26758	4.12.27.163.279.823	4	12	27	163	279	823
NZ_CP192439.1	repPae_small	repPae_small	41102	4.5.23.78.112.624	4	5	23	78	112	624
NZ_CP195327.1	repPae_small	repPae_small	48602	4.5.23.78.113.804	4	5	23	78	113	804
NZ_CP199801.1	repPae_small	repPae_small	28517	4.12.28.47.64.840	4	12	28	47	64	840
NZ_CP199817.1	repPae_small	repPae_small	12158	4.5.23.213.386.841	4	5	23	213	386	841
NZ_CP199825.1	repPae_small	repPae_small	45616	8.13.32.169.388.843	8	13	32	169	388	843
NZ_KP873171.1	repPae_small	repPae_small	24133	4.5.23.205.357.892	4	5	23	205	357	892
NZ_KP873172.1	repPae_small	repPae_small	26440	4.12.27.163.279.893	4	12	27	163	279	893
NZ_KP975076.1	repPae_small	repPae_small	36032	4.12.27.163.408.894	4	12	27	163	408	894
NZ_KR106190.1	repPae_small	repPae_small	26825	4.12.27.174.409.895	4	12	27	174	409	895
NZ_KR106191.1	repPae_small	repPae_small	11242	4.5.23.78.410.896	4	5	23	78	410	896
NZ_KU578314.1	repPae_small	repPae_small	38939	4.5.23.37.67.601	4	5	23	37	67	601
NZ_KX169264.1	repPae_small	repPae_small	32424	4.5.23.37.412.898	4	5	23	37	412	898
NZ_KY296096.1	repPae_small	repPae_small	35306	4.5.23.37.338.732	4	5	23	37	338	732
NZ_KY630469.1	repPae_small	repPae_small	32207	4.5.23.37.293.901	4	5	23	37	293	901
NZ_LN809998.1	repPae_small	repPae_small	41240	4.5.23.37.49.907	4	5	23	37	49	907
NZ_LS998784.1	repPae_small	repPae_small	24853	4.5.23.164.280.908	4	5	23	164	280	908
NZ_MF141039.1	repPae_small	repPae_small	26108	4.12.27.163.279.912	4	12	27	163	279	912
NZ_MF168945.1	repPae_small	repPae_small	31166	4.12.28.214.416.914	4	12	28	214	416	914
NZ_MF344578.1	repPae_small	repPae_small	24306	4.12.28.47.64.552	4	12	28	47	64	552
NZ_MF344579.1	repPae_small	repPae_small	33131	4.5.23.37.124.915	4	5	23	37	124	915
NZ_MG958650.1	repPae_small	repPae_small	48978	4.5.23.37.49.919	4	5	23	37	49	919
NZ_MH463250.1	repPae_small	repPae_small	9910	4.5.23.223.417.925	4	5	23	223	417	925
NZ_MH547561.1	repPae_small	repPae_small	26862	4.12.27.125.418.927	4	12	27	125	418	927
NZ_MH594579.1	repPae_small	repPae_small	21079	4.5.23.37.419.931	4	5	23	37	419	931
NZ_MK047609.1	repPae_small	repPae_small	28859	8.13.32.169.420.933	8	13	32	169	420	933
NZ_MK047610.1	repPae_small	repPae_small	42035	4.5.23.88.421.934	4	5	23	88	421	934
NZ_MT313930.1	repPae_small	repPae_small	14870	4.5.23.164.422.944	4	5	23	164	422	944
NZ_MT949191.1	repPae_small	repPae_small	35034	4.5.23.37.124.951	4	5	23	37	124	951
NZ_MZ050803.1	repPae_small	repPae_small	41104	4.5.23.115.221.405	4	5	23	115	221	405
NZ_MZ581331.1	repPae_small	repPae_small	36923	4.12.27.163.296.971	4	12	27	163	296	971
NZ_OK086355.1	repPae_small	repPae_small	24305	4.12.28.47.64.552	4	12	28	47	64	552
NZ_ON614169.1	repPae_small	repPae_small	48248	4.5.6.59.425.974	4	5	6	59	425	974
NZ_ON614170.1	repPae_small	repPae_small	29766	4.5.23.115.221.975	4	5	23	115	221	975
NZ_OP177693.1	repPae_small	repPae_small	49370	4.5.23.37.427.978	4	5	23	37	427	978
NZ_OX638612.1	repPae_small	repPae_small	41313	4.5.23.37.259.989	4	5	23	37	259	989
NZ_PP712857.1	repPae_small	repPae_small	41929	4.5.23.37.255.996	4	5	23	37	255	996
NZ_PV920366.1	repPae_small	repPae_small	41317	4.5.23.37.49.997	4	5	23	37	49	997
AF077865.1	repSA_large	repSA_large	555	1.1.1.1.1.1	1	1	1	1	1	1
AF203376.1	repSA_large	repSA_large	2699	2.2.2.2.2.2	2	2	2	2	2	2
AF411935.1	repSA_large	repSA_large	12637	1.3.4.4.4.4	1	3	4	4	4	4
AP003139.1	repSA_large	repSA_large	24653	1.3.4.6.6.6	1	3	4	6	6	6
BA000018.3	repSA_large	repSA_large	2814816	2.2.12.15.18.25	2	2	12	15	18	25
GQ900381.1	repSA_large	repSA_large	43807	1.3.4.4.37.73	1	3	4	4	37	73
GQ900391.1	repSA_large	repSA_large	38087	2.2.2.26.38.74	2	2	2	26	38	74
GQ900398.1	repSA_large	repSA_large	27268	2.2.2.28.40.76	2	2	2	28	40	76
GQ900406.1	repSA_large	repSA_large	27268	1.3.4.6.6.79	1	3	4	6	6	79
NC_010279.1	repSA_large	repSA_large	39041	1.1.16.38.51.90	1	1	16	38	51	90
NC_013294.1	repSA_large	repSA_large	27068	1.3.4.6.52.92	1	3	4	6	52	92
NC_013296.1	repSA_large	repSA_large	25022	1.3.4.4.37.93	1	3	4	4	37	93
NC_013298.1	repSA_large	repSA_large	27067	1.3.4.6.52.92	1	3	4	6	52	92
NC_013299.1	repSA_large	repSA_large	23059	1.3.4.6.52.92	1	3	4	6	52	92
NC_013301.1	repSA_large	repSA_large	20672	2.2.2.28.40.95	2	2	2	28	40	95
NC_013304.1	repSA_large	repSA_large	20729	1.3.4.6.6.96	1	3	4	6	6	96
NC_013325.1	repSA_large	repSA_large	38204	1.1.16.38.51.102	1	1	16	38	51	102
NC_013326.1	repSA_large	repSA_large	33702	1.3.4.6.52.103	1	3	4	6	52	103
NC_013328.1	repSA_large	repSA_large	30047	1.3.4.6.52.104	1	3	4	6	52	104
NC_013329.1	repSA_large	repSA_large	38045	1.3.4.44.58.105	1	3	4	44	58	105
NC_013330.1	repSA_large	repSA_large	28384	2.2.2.26.59.106	2	2	2	26	59	106
NC_013331.1	repSA_large	repSA_large	28974	1.3.4.6.6.78	1	3	4	6	6	78
NC_013332.1	repSA_large	repSA_large	32445	2.2.2.28.60.107	2	2	2	28	60	107
NC_013334.1	repSA_large	repSA_large	39308	1.3.4.6.6.108	1	3	4	6	6	108
NC_013337.1	repSA_large	repSA_large	30857	2.2.2.28.60.110	2	2	2	28	60	110
NC_013338.1	repSA_large	repSA_large	50500	2.2.2.26.38.111	2	2	2	26	38	111
NC_013339.1	repSA_large	repSA_large	42198	2.2.2.26.38.112	2	2	2	26	38	112
NC_013340.1	repSA_large	repSA_large	35114	1.3.4.6.6.113	1	3	4	6	6	113
NC_013351.1	repSA_large	repSA_large	26016	1.3.4.6.52.114	1	3	4	6	52	114
NC_018952.1	repSA_large	repSA_large	33701	1.3.4.6.52.103	1	3	4	6	52	103
NC_018965.1	repSA_large	repSA_large	35510	1.3.4.6.6.113	1	3	4	6	6	113
NC_019007.1	repSA_large	repSA_large	27268	1.3.4.6.6.79	1	3	4	6	6	79
NC_019008.1	repSA_large	repSA_large	27268	2.2.2.28.40.76	2	2	2	28	40	76
NZ_AB765928.1	repSA_large	repSA_large	43265	2.2.2.28.40.123	2	2	2	28	40	123
NZ_AP024316.1	repSA_large	repSA_large	20731	1.3.4.6.6.96	1	3	4	6	6	96
NZ_AP024319.1	repSA_large	repSA_large	20722	1.3.4.6.6.96	1	3	4	6	6	96
NZ_AP025178.1	repSA_large	repSA_large	30078	1.3.4.6.6.140	1	3	4	6	6	140
NZ_AP025694.1	repSA_large	repSA_large	40253	1.3.4.6.80.143	1	3	4	6	80	143
NZ_CM007849.1	repSA_large	repSA_large	46194	1.3.4.4.37.149	1	3	4	4	37	149
NZ_CP013960.1	repSA_large	repSA_large	43115	2.2.2.26.38.159	2	2	2	26	38	159
NZ_CP026065.1	repSA_large	repSA_large	45039	1.3.4.6.52.193	1	3	4	6	52	193
NZ_CP028164.1	repSA_large	repSA_large	45885	2.2.2.26.132.222	2	2	2	26	132	222
NZ_CP029750.1	repSA_large	repSA_large	41874	1.3.4.6.52.228	1	3	4	6	52	228
NZ_CP040620.1	repSA_large	repSA_large	41710	1.1.16.38.51.286	1	1	16	38	51	286
NZ_CP085314.1	repSA_large	repSA_large	56206	2.2.2.28.60.507	2	2	2	28	60	507
NZ_CP094444.1	repSA_large	repSA_large	48552	1.3.4.6.6.548	1	3	4	6	6	548
NZ_CP098728.1	repSA_large	repSA_large	42928	1.3.4.6.6.567	1	3	4	6	6	567
NZ_CP130504.1	repSA_large	repSA_large	53138	1.3.4.6.6.6	1	3	4	6	6	6
NZ_CP130506.1	repSA_large	repSA_large	42526	1.3.4.4.37.646	1	3	4	4	37	646
NZ_CP130511.1	repSA_large	repSA_large	42533	2.2.2.28.40.647	2	2	2	28	40	647
NZ_CP130527.1	repSA_large	repSA_large	43336	1.3.4.6.6.648	1	3	4	6	6	648
NZ_CP130532.1	repSA_large	repSA_large	88714	1.1.16.178.309.649	1	1	16	178	309	649
NZ_CP130535.1	repSA_large	repSA_large	42914	2.2.2.28.40.650	2	2	2	28	40	650
NZ_CP130539.1	repSA_large	repSA_large	40034	2.2.2.28.40.651	2	2	2	28	40	651
NZ_CP130546.1	repSA_large	repSA_large	42533	1.3.4.4.37.646	1	3	4	4	37	646
NZ_CP138874.1	repSA_large	repSA_large	44200	1.3.74.182.320.693	1	3	74	182	320	693
NZ_CP147830.1	repSA_large	repSA_large	27267	1.3.4.6.6.79	1	3	4	6	6	79
NZ_CP147873.1	repSA_large	repSA_large	33648	1.3.4.6.52.715	1	3	4	6	52	715
NZ_CP149809.1	repSA_large	repSA_large	27004	1.3.4.6.52.92	1	3	4	6	52	92
NZ_CP151148.1	repSA_large	repSA_large	60647	1.1.16.38.51.720	1	1	16	38	51	720
NZ_CP151259.1	repSA_large	repSA_large	26375	2.2.2.28.60.722	2	2	2	28	60	722
NZ_CP152315.1	repSA_large	repSA_large	27268	2.2.2.28.40.76	2	2	2	28	40	76
NZ_CP157307.1	repSA_large	repSA_large	30083	2.2.2.28.60.731	2	2	2	28	60	731
NZ_CP162419.1	repSA_large	repSA_large	42652	1.3.4.6.6.96	1	3	4	6	6	96
NZ_CP162423.1	repSA_large	repSA_large	41460	2.2.2.28.40.95	2	2	2	28	40	95
NZ_CP162450.1	repSA_large	repSA_large	42346	1.3.4.6.52.740	1	3	4	6	52	740
NZ_CP162452.1	repSA_large	repSA_large	44491	1.3.4.50.342.741	1	3	4	50	342	741
NZ_CP162459.1	repSA_large	repSA_large	60432	1.3.4.6.52.742	1	3	4	6	52	742
NZ_CP162462.1	repSA_large	repSA_large	42654	1.3.4.6.52.740	1	3	4	6	52	740
NZ_CP162464.1	repSA_large	repSA_large	55543	2.2.2.26.38.743	2	2	2	26	38	743
NZ_CP162466.1	repSA_large	repSA_large	42651	1.3.4.6.52.740	1	3	4	6	52	740
NZ_CP162472.1	repSA_large	repSA_large	42653	1.3.4.6.6.96	1	3	4	6	6	96
NZ_CP168092.1	repSA_large	repSA_large	41864	2.2.2.26.38.745	2	2	2	26	38	745
NZ_CP168443.1	repSA_large	repSA_large	41710	1.1.16.38.51.286	1	1	16	38	51	286
NZ_CP170267.1	repSA_large	repSA_large	45129	1.1.31.69.343.746	1	1	31	69	343	746
NZ_CP170268.1	repSA_large	repSA_large	34537	1.3.4.4.37.747	1	3	4	4	37	747
NZ_CP170270.1	repSA_large	repSA_large	34537	2.2.2.28.60.749	2	2	2	28	60	749
NZ_CP170273.1	repSA_large	repSA_large	23071	2.2.2.26.59.751	2	2	2	26	59	751
NZ_CP170280.1	repSA_large	repSA_large	36821	1.3.4.4.37.753	1	3	4	4	37	753
NZ_CP170281.1	repSA_large	repSA_large	41330	2.2.18.197.347.754	2	2	18	197	347	754
NZ_CP170284.1	repSA_large	repSA_large	22700	2.2.2.199.349.756	2	2	2	199	349	756
NZ_CP170580.1	repSA_large	repSA_large	36347	1.1.16.178.352.759	1	1	16	178	352	759
NZ_CP170786.1	repSA_large	repSA_large	40663	1.3.4.6.6.761	1	3	4	6	6	761
NZ_CP170791.1	repSA_large	repSA_large	41390	1.3.4.6.52.762	1	3	4	6	52	762
NZ_CP180166.1	repSA_large	repSA_large	34810	2.2.2.26.38.74	2	2	2	26	38	74
NZ_CP183316.1	repSA_large	repSA_large	27066	1.3.4.4.37.93	1	3	4	4	37	93
NZ_CP190358.1	repSA_large	repSA_large	35433	1.3.4.6.52.742	1	3	4	6	52	742
NZ_CP192806.1	repSA_large	repSA_large	27701	1.3.4.6.6.825	1	3	4	6	6	825
NZ_CP192807.1	repSA_large	repSA_large	42405	1.3.4.6.6.826	1	3	4	6	6	826
NZ_CP192812.1	repSA_large	repSA_large	20735	1.3.4.6.6.96	1	3	4	6	6	96
NZ_CP192813.1	repSA_large	repSA_large	34821	1.3.4.6.6.828	1	3	4	6	6	828
NZ_CP192818.1	repSA_large	repSA_large	35202	1.1.16.38.51.102	1	1	16	38	51	102
NZ_CP192820.1	repSA_large	repSA_large	41382	1.3.4.6.6.96	1	3	4	6	6	96
NZ_CP192822.1	repSA_large	repSA_large	26997	1.3.4.4.37.93	1	3	4	4	37	93
NZ_CP192824.1	repSA_large	repSA_large	41458	1.3.4.6.6.96	1	3	4	6	6	96
NZ_CP192825.1	repSA_large	repSA_large	27068	1.3.4.4.37.93	1	3	4	4	37	93
NZ_CP192829.1	repSA_large	repSA_large	20721	1.3.4.6.6.96	1	3	4	6	6	96
NZ_CP192831.1	repSA_large	repSA_large	20686	1.3.4.6.6.96	1	3	4	6	6	96
NZ_CP192834.1	repSA_large	repSA_large	41457	1.3.4.6.6.96	1	3	4	6	6	96
NZ_CP192837.1	repSA_large	repSA_large	20721	1.3.4.6.6.96	1	3	4	6	6	96
NZ_CP195882.1	repSA_large	repSA_large	26953	1.3.4.6.52.92	1	3	4	6	52	92
NZ_CP199541.1	repSA_large	repSA_large	36202	1.3.4.6.6.837	1	3	4	6	6	837
NZ_JBLEAM010000003.1	repSA_large	repSA_large	37300	2.2.2.26.398.871	2	2	2	26	398	871
NZ_JBQWNV010000004.1	repSA_large	repSA_large	20730	2.2.2.28.40.95	2	2	2	28	40	95
NZ_JBROPR010000002.1	repSA_large	repSA_large	20729	1.3.4.6.6.96	1	3	4	6	6	96
NZ_JBROPS010000002.1	repSA_large	repSA_large	24654	1.3.4.6.6.6	1	3	4	6	6	6
NZ_JBROPT010000002.1	repSA_large	repSA_large	22912	1.3.4.6.6.874	1	3	4	6	6	874
NZ_JBRUTI010000002.1	repSA_large	repSA_large	47376	1.3.4.4.37.875	1	3	4	4	37	875
NZ_JBRUUN010000001.1	repSA_large	repSA_large	20730	1.3.4.6.6.96	1	3	4	6	6	96
NZ_JBRUUP010000012.1	repSA_large	repSA_large	20730	1.3.4.6.6.96	1	3	4	6	6	96
NZ_JBRUUQ010000001.1	repSA_large	repSA_large	27701	1.3.4.6.6.825	1	3	4	6	6	825
NZ_JBSDWP010000002.1	repSA_large	repSA_large	27059	1.3.4.6.52.92	1	3	4	6	52	92
NZ_JBSDWR010000002.1	repSA_large	repSA_large	27078	1.3.4.6.52.92	1	3	4	6	52	92
NZ_JBSDWS010000002.1	repSA_large	repSA_large	26491	1.3.4.6.6.877	1	3	4	6	6	877
NZ_JBSQTD010000002.1	repSA_large	repSA_large	34826	1.3.4.6.6.113	1	3	4	6	6	113
NZ_JBSQTF010000002.1	repSA_large	repSA_large	20730	1.3.4.6.6.96	1	3	4	6	6	96
NZ_JBTLFK010000010.1	repSA_large	repSA_large	34900	1.3.10.220.405.885	1	3	10	220	405	885
NZ_KY436022.1	repSA_large	repSA_large	45676	1.3.4.6.6.108	1	3	4	6	6	108
NZ_LT799381.1	repSA_large	repSA_large	84599	2.2.2.26.415.909	2	2	2	26	415	909
NZ_MH587574.1	repSA_large	repSA_large	72158	1.3.4.4.37.929	1	3	4	4	37	929
NZ_OZ282468.1	repSA_large	repSA_large	54220	1.3.4.6.6.993	1	3	4	6	6	993
AY355285.1	repSA_small	repSA_small	4608	1.3.10.13.16.23	1	3	10	13	16	23
GQ900393.1	repSA_small	repSA_small	2473	1.1.16.27.39.75	1	1	16	27	39	75
GQ900404.1	repSA_small	repSA_small	3125	2.2.17.29.41.77	2	2	17	29	41	77
GQ900405.1	repSA_small	repSA_small	28974	1.3.4.6.6.78	1	3	4	6	6	78
J01764.1	repSA_small	repSA_small	4439	1.3.10.30.42.80	1	3	10	30	42	80
M19465.1	repSA_small	repSA_small	4548	2.2.18.32.44.83	2	2	18	32	44	83
M36227.1	repSA_small	repSA_small	345	7.9.19.33.45.84	7	9	19	33	45	84
NC_001391.1	repSA_small	repSA_small	3879	2.2.22.36.48.87	2	2	22	36	48	87
NC_010262.1	repSA_small	repSA_small	4442	1.3.10.30.42.80	1	3	10	30	42	80
NC_010284.1	repSA_small	repSA_small	4441	1.3.10.30.42.91	1	3	10	30	42	91
NC_010685.1	repSA_small	repSA_small	2473	1.1.16.27.39.75	1	1	16	27	39	75
NC_010686.1	repSA_small	repSA_small	2412	1.1.16.27.39.75	1	1	16	27	39	75
NC_013297.1	repSA_small	repSA_small	3125	2.2.22.39.53.94	2	2	22	39	53	94
NC_013300.1	repSA_small	repSA_small	3125	2.2.17.29.41.77	2	2	17	29	41	77
NC_013306.1	repSA_small	repSA_small	4595	1.3.10.13.16.97	1	3	10	13	16	97
NC_013308.1	repSA_small	repSA_small	4595	2.2.24.40.54.98	2	2	24	40	54	98
NC_013309.1	repSA_small	repSA_small	4439	1.3.10.30.42.80	1	3	10	30	42	80
NC_013310.1	repSA_small	repSA_small	1290	2.11.25.41.55.99	2	11	25	41	55	99
NC_013311.1	repSA_small	repSA_small	4439	1.3.10.30.42.80	1	3	10	30	42	80
NC_013312.1	repSA_small	repSA_small	4439	2.2.2.42.56.100	2	2	2	42	56	100
NC_013314.1	repSA_small	repSA_small	2908	1.3.26.43.57.101	1	3	26	43	57	101
NC_013336.1	repSA_small	repSA_small	4498	1.3.10.30.42.109	1	3	10	30	42	109
NZ_AP024312.1	repSA_small	repSA_small	3785	1.3.10.57.76.134	1	3	10	57	76	134
NZ_AP024314.1	repSA_small	repSA_small	3785	1.3.10.57.76.134	1	3	10	57	76	134
NZ_AP024317.1	repSA_small	repSA_small	3909	1.1.31.58.77.135	1	1	31	58	77	135
NZ_CP085311.1	repSA_small	repSA_small	4565	2.2.18.148.260.505	2	2	18	148	260	505
NZ_CP085312.1	repSA_small	repSA_small	2555	1.22.64.149.261.506	1	22	64	149	261	506
NZ_CP085315.1	repSA_small	repSA_small	10473	1.3.4.150.262.508	1	3	4	150	262	508
NZ_CP085316.1	repSA_small	repSA_small	2992	1.3.26.151.263.509	1	3	26	151	263	509
NZ_CP085317.1	repSA_small	repSA_small	2366	2.2.65.152.264.510	2	2	65	152	264	510
NZ_CP087436.1	repSA_small	repSA_small	3332	2.2.2.154.266.524	2	2	2	154	266	524
NZ_CP087438.1	repSA_small	repSA_small	3332	2.2.2.154.266.524	2	2	2	154	266	524
NZ_CP087440.1	repSA_small	repSA_small	3332	2.2.2.154.266.524	2	2	2	154	266	524
NZ_CP087443.1	repSA_small	repSA_small	3332	2.2.22.155.267.525	2	2	22	155	267	525
NZ_CP087445.1	repSA_small	repSA_small	3319	1.3.26.156.268.526	1	3	26	156	268	526
NZ_CP087448.1	repSA_small	repSA_small	3011	2.2.22.39.269.527	2	2	22	39	269	527
NZ_CP087450.1	repSA_small	repSA_small	3011	2.2.22.39.269.527	2	2	22	39	269	527
NZ_CP093065.1	repSA_small	repSA_small	4514	1.3.10.30.42.546	1	3	10	30	42	546
NZ_CP093066.1	repSA_small	repSA_small	2476	2.2.65.152.264.547	2	2	65	152	264	547
NZ_CP170269.1	repSA_small	repSA_small	6482	1.3.10.30.344.748	1	3	10	30	344	748
NZ_CP170272.1	repSA_small	repSA_small	12964	2.2.2.42.345.750	2	2	2	42	345	750
NZ_CP170275.1	repSA_small	repSA_small	12964	2.2.2.42.345.750	2	2	2	42	345	750
NZ_CP170276.1	repSA_small	repSA_small	10682	1.3.4.50.346.752	1	3	4	50	346	752
NZ_CP170279.1	repSA_small	repSA_small	12964	2.2.2.42.345.750	2	2	2	42	345	750
NZ_CP170282.1	repSA_small	repSA_small	12452	1.3.4.198.348.755	1	3	4	198	348	755
NZ_CP170286.1	repSA_small	repSA_small	12496	2.2.12.200.350.757	2	2	12	200	350	757
NZ_CP170288.1	repSA_small	repSA_small	12496	2.2.12.201.351.758	2	2	12	201	351	758
NZ_CP170581.1	repSA_small	repSA_small	3048	2.2.2.202.353.760	2	2	2	202	353	760
NZ_CP180167.1	repSA_small	repSA_small	13163	2.2.2.28.40.798	2	2	2	28	40	798
NZ_CP180168.1	repSA_small	repSA_small	4655	1.3.10.13.374.799	1	3	10	13	374	799
NZ_CP183318.1	repSA_small	repSA_small	3125	2.2.17.29.41.77	2	2	17	29	41	77
NZ_CP192809.1	repSA_small	repSA_small	3332	1.3.26.156.268.827	1	3	26	156	268	827
NZ_CP192815.1	repSA_small	repSA_small	8878	1.3.10.30.42.80	1	3	10	30	42	80
NZ_CP192826.1	repSA_small	repSA_small	3574	2.2.22.39.53.829	2	2	22	39	53	829
NZ_CP192830.1	repSA_small	repSA_small	8670	2.2.2.26.384.830	2	2	2	26	384	830
NZ_CP192832.1	repSA_small	repSA_small	1534	12.24.80.212.385.831	12	24	80	212	385	831
NZ_JBQWNV010000003.1	repSA_small	repSA_small	4182	2.2.2.216.399.872	2	2	2	216	399	872
NZ_JBROPQ010000002.1	repSA_small	repSA_small	2388	1.1.16.27.39.873	1	1	16	27	39	873
NZ_JBRUUN010000022.1	repSA_small	repSA_small	4374	1.3.4.217.400.876	1	3	4	217	400	876
NZ_JBSDWP010000003.1	repSA_small	repSA_small	3125	2.2.17.29.41.77	2	2	17	29	41	77
NZ_JBSDWS010000003.1	repSA_small	repSA_small	3093	2.2.17.29.41.77	2	2	17	29	41	77
NZ_JBSDWT010000002.1	repSA_small	repSA_small	13163	1.3.4.6.52.878	1	3	4	6	52	878
NZ_JBSDWT010000003.1	repSA_small	repSA_small	3541	1.1.31.58.401.879	1	1	31	58	401	879
NZ_JBSDWT010000004.1	repSA_small	repSA_small	2473	2.2.65.152.264.880	2	2	65	152	264	880
NZ_JBSQTD010000003.1	repSA_small	repSA_small	2473	1.1.16.27.39.75	1	1	16	27	39	75
NZ_JBSQTE010000002.1	repSA_small	repSA_small	3011	2.2.22.39.269.527	2	2	22	39	269	527
NZ_JBSQTE010000003.1	repSA_small	repSA_small	2473	1.1.16.27.39.75	1	1	16	27	39	75
NZ_JBSQTH010000002.1	repSA_small	repSA_small	2438	1.1.16.27.39.75	1	1	16	27	39	75
NZ_JBTGNR010000018.1	repSA_small	repSA_small	9300	2.2.2.28.402.882	2	2	2	28	402	882
NZ_JBTGNR010000021.1	repSA_small	repSA_small	1641	4.25.81.218.403.883	4	25	81	218	403	883
NZ_JBTGNR010000022.1	repSA_small	repSA_small	1107	2.26.82.219.404.884	2	26	82	219	404	884
U40259.1	repSA_small	repSA_small	8013	1.3.4.325.703.3851	1	3	4	325	703	3851
V01277.1	repSA_small	repSA_small	2910	2.2.2.326.704.3852	2	2	2	326	704	3852
