half	plasmid_shorter	plasmid_longer	jaccard	jaccard_bin	weight	len_shorter	len_longer	AF_shorter	AF_longer	AF_min	ANI_aln	bb_AF_shorter	annotated	same_lineage	related_backbone	cosine	kcont	kmin	prot_cont	prot_jacc
test	CP057253.1	NC_011858.1	0.0	[0, 0.01)	3252.5866666666666	4671	17609	0.0	0.0	0.0		0.0	False	False	False	0.7764570513487031	0.0	0.0	0.0	0.0
test	NZ_KX869741.1	NZ_CP082766.1	0.0054644808743169	[0, 0.01)	3252.5866666666666	177037	199279	0.0351564927105633	0.031212521138705	0.031212521138705	92.2926311817598	0.0351564927105633	False	False	False	0.9720967295630047	0.01849217638691323	0.017333333333333333	0.014634146341463415	0.007177033492822967
test	NZ_CP024276.1	NZ_CP143282.1	0.0042194092827004	[0, 0.01)	3252.5866666666666	38177	248177	0.1205175891243418	0.0185553052861465	0.0185553052861465	78.65242802139036	0.1205175891243418	False	False	False	0.9726904283099201	0.027586206896551724	0.004545454545454545	0.28888888888888886	0.046762589928057555
test	NZ_JBYKYR010000002.1	NZ_CP143282.1	0.0	[0, 0.01)	3252.5866666666666	49142	248177	0.0	0.0	0.0		0.0	False	False	False	0.8166847310912336	0.0	0.0	0.0	0.0
test	CP088536.1	NZ_CP073977.1	0.0	[0, 0.01)	3252.5866666666666	19693	241691	0.0	0.0	0.0		0.0	False	False	False	0.9837616107194659	0.0	0.0	0.0	0.0
test	NZ_AP027137.1	NZ_CP122807.1	0.0	[0, 0.01)	3252.5866666666666	85996	98226	0.0	0.0	0.0		0.0	False	False	False	0.8389958207311657	0.0	0.0	0.0	0.0
test	NZ_CP025482.1	NZ_CP040265.1	0.0	[0, 0.01)	3252.5866666666666	3269	73952	0.0	0.0	0.0		0.0	False	False	False	0.6795495147679689	0.0	0.0	0.0	0.0
test	NZ_CP025482.1	NZ_LHAT01000154.1	0.0	[0, 0.01)	3252.5866666666666	3269	9044	0.0	0.0	0.0		0.0	False	False	False	0.7107636916836894	0.0	0.0	0.0	0.0
test	NZ_JAWQEV010000013.1	NZ_CP025482.1	0.0	[0, 0.01)	3252.5866666666666	934	3269	0.0	0.0	0.0		0.0	False	False	False	0.27939347622536004	0.0	0.0	0.0	0.0
test	NZ_CP124427.1	NZ_CP014817.1	0.0	[0, 0.01)	3252.5866666666666	5167	12529	0.0	0.0	0.0		0.0	False	False	False	0.7611557805414274	0.0	0.0	0.0	0.0
test	NZ_CP148451.1	NZ_JAJUFA010000018.1	0.0	[0, 0.01)	3252.5866666666666	2835	8156	0.0	0.0	0.0		0.0	False	False	False	0.8843668935110515	0.0	0.0	0.0	0.0
test	OW849005.1	NZ_CP143402.1	0.0	[0, 0.01)	3252.5866666666666	98537	185071	0.0	0.0	0.0		0.0	False	False	False	0.9813231507301187	0.0	0.0	0.0	0.0
test	NZ_JBRRYJ010000037.1	OW849005.1	0.0	[0, 0.01)	3252.5866666666666	30459	98537	0.0	0.0	0.0		0.0	False	False	False	0.8339171982559919	0.0	0.0	0.0	0.0
test	CP094244.1	NZ_RRPB01000143.1	0.0	[0, 0.01)	3252.5866666666666	87661	93945	0.0	0.0	0.0		0.0	False	False	False	0.838591417451256	0.0	0.0	0.013333333333333334	0.005376344086021506
test	NZ_RRSB01000284.1	NZ_RRPB01000143.1	0.0	[0, 0.01)	3252.5866666666666	2876	93945	0.0	0.0	0.0		0.0	False	False	False	0.909444992638645	0.0	0.0	0.0	0.0
test	NZ_JACGTL010000005.1	NZ_RRPB01000143.1	0.0	[0, 0.01)	3252.5866666666666	1979	93945	0.0	0.0	0.0		0.0	False	False	False	0.6582194371638166	0.0	0.0	0.0	0.0
test	NZ_CP114189.1	NZ_CP106778.1	0.0	[0, 0.01)	3252.5866666666666	2081	39245	0.0	0.0	0.0		0.0	False	False	False	0.8607136242102472	0.0	0.0	0.0	0.0
test	NZ_CP059701.1	NZ_CP106778.1	0.0	[0, 0.01)	3252.5866666666666	27178	39245	0.0	0.0	0.0		0.0	False	False	False	0.8439438390083506	0.0	0.0	0.0	0.0
test	NZ_QWDG01000034.1	NZ_CP106778.1	0.0	[0, 0.01)	3252.5866666666666	1628	39245	0.0	0.0	0.0		0.0	False	False	False	0.8281416214154179	0.0	0.0	0.0	0.0
test	NZ_CP035157.1	NZ_CP014218.1	0.0	[0, 0.01)	3252.5866666666666	53951	57585	0.0	0.0	0.0		0.0	False	False	False	0.8457948283048775	0.0	0.0	0.0	0.0
test	NC_019937.1	CP067450.1	0.0	[0, 0.01)	3252.5866666666666	12763	230982	0.0	0.0	0.0		0.0	False	False	False	0.8980703340452183	0.0	0.0	0.0	0.0
test	NZ_CP068141.1	NZ_CP034088.1	0.0	[0, 0.01)	3252.5866666666666	3991	218994	0.0	0.0	0.0		0.0	False	False	False	0.7137951316007962	0.0	0.0	0.0	0.0
test	NZ_CP015368.1	NZ_CP034088.1	0.0	[0, 0.01)	3252.5866666666666	144167	218994	0.0	0.0	0.0		0.0	False	False	False	0.97456226662544	0.0	0.0	0.024	0.008849557522123894
test	CP040045.1	NZ_JBYQQE010000002.1	0.0	[0, 0.01)	3252.5866666666666	16485	259660	0.0	0.0	0.0		0.0	False	False	False	0.8007047562053327	0.0	0.0	0.0	0.0
test	NZ_MT230263.1	NZ_CP085152.1	0.0	[0, 0.01)	3252.5866666666666	256	4609	0.0	0.0	0.0		0.0	False	False	False	0.6230523951470649	0.0	0.0	0.0	0.0
test	NZ_CP148317.1	NZ_LR890428.1	0.0	[0, 0.01)	3252.5866666666666	6675	128238	0.0	0.0	0.0		0.0	False	False	False	0.906720162845597	0.0	0.0	0.0	0.0
test	NZ_CP036915.2	NZ_CP050110.1	0.0	[0, 0.01)	3252.5866666666666	72372	693077	0.0	0.0	0.0		0.0	False	False	False	0.37608549349265985	0.0	0.0	0.0	0.0
test	NZ_NBOP01000105.1	NZ_CP036915.2	0.0	[0, 0.01)	3252.5866666666666	44421	72372	0.0	0.0	0.0		0.0	False	False	False	0.6185753129690332	0.0	0.0	0.0	0.0
test	NZ_SIOZ01000006.1	NZ_CP185254.1	0.0	[0, 0.01)	3252.5866666666666	38428	88994	0.0	0.0	0.0		0.0	False	False	False	0.7115252823423606	0.0	0.0	0.0	0.0
test	NZ_NBOP01000069.1	NZ_CP081710.1	0.0	[0, 0.01)	3252.5866666666666	664	2762	0.0	0.0	0.0		0.0	False	False	False	0.7364131252440068	0.0	0.0	0.0	0.0
test	NZ_CP084814.1	NZ_CP182755.1	0.0	[0, 0.01)	3252.5866666666666	4937	87288	0.0	0.0	0.0		0.0	False	False	False	0.9589509416192068	0.0	0.0	0.0	0.0
test	NZ_CP028135.1	NZ_CP176887.1	0.0	[0, 0.01)	3252.5866666666666	9064	203546	0.0	0.0	0.0		0.0	False	False	False	0.9192348994142313	0.0	0.0	0.0	0.0
test	NZ_CP081269.1	NZ_CP109609.1	0.0	[0, 0.01)	3252.5866666666666	70200	142244	0.0	0.0	0.0		0.0	False	False	False	0.9037068953558578	0.0	0.0	0.0	0.0
test	NZ_CP063884.1	NZ_JBUBIE010000002.1	0.0	[0, 0.01)	3252.5866666666666	57825	84790	0.0053091223519239	0.0035617407713173	0.0035617407713173	78.457	0.0053091223519239	False	False	False	0.933733665737662	0.0	0.0	0.0	0.0
test	NZ_CP063798.1	NZ_JBUBIP010000002.1	0.0	[0, 0.01)	3252.5866666666666	31341	150224	0.0	0.0	0.0		0.0	False	False	False	0.8957748232260796	0.0	0.0	0.0	0.0
test	NZ_MK944320.1	NZ_CP016709.2	0.0	[0, 0.01)	3252.5866666666666	14155	23180	0.0	0.0	0.0		0.0	False	False	False	0.9651963769148133	0.0	0.0	0.0	0.0
test	NZ_CP016717.1	CP049541.1	0.0	[0, 0.01)	3252.5866666666666	11663	27273	0.0	0.0	0.0		0.0	False	False	False	0.9569051116027253	0.0	0.0	0.0	0.0
test	CP082152.1	NZ_CP016717.1	0.0	[0, 0.01)	3252.5866666666666	2495	11663	0.0	0.0	0.0		0.0	False	False	False	0.7035057628667261	0.0	0.0	0.0	0.0
test	CP057542.1	NC_019740.1	0.0	[0, 0.01)	3252.5866666666666	7198	92471	0.0	0.0	0.0		0.0	False	False	False	0.909406699044185	0.0	0.0	0.0	0.0
test	NZ_PGEG01000621.1	NZ_CP191553.1	0.0	[0, 0.01)	3252.5866666666666	403	107053	0.0	0.0	0.0		0.0	False	False	False	0.6371704615876074	0.0	0.0	0.0	0.0
test	NZ_AP022125.1	NZ_CP141199.1	0.0	[0, 0.01)	3252.5866666666666	2997	214402	0.0	0.0	0.0		0.0	False	False	False	0.9512706872877975	0.0	0.0	0.0	0.0
test	NZ_JBTWTT010000007.1	NZ_CP089602.1	0.0	[0, 0.01)	3252.5866666666666	5418	61063	0.0	0.0	0.0		0.0	False	False	False	0.5978263852373502	0.0	0.0	0.0	0.0
test	NZ_JAKVSC010000054.1	NZ_CP133102.1	0.0	[0, 0.01)	3252.5866666666666	25286	134388	0.0086213715099264	0.00162216864601	0.00162216864601	100.0	0.0086213715099264	False	False	False	0.9799622053950704	0.0	0.0	0.0	0.0
test	NZ_JBPXRF010000130.1	NZ_PUWY01000076.1	0.0	[0, 0.01)	3252.5866666666666	286	15802	0.0	0.0	0.0		0.0	False	False	False	0.7064523191954946	0.0	0.0	0.0	0.0
test	NZ_CP171058.1	NZ_JBPXQZ010000019.1	0.0	[0, 0.01)	3252.5866666666666	596	5004	0.0	0.0	0.0		0.0	False	False	False	0.6899800606678048	0.0	0.0	0.0	0.0
test	NZ_AP022132.1	OW969701.1	0.0	[0, 0.01)	3252.5866666666666	2049	2495	0.0	0.0	0.0		0.0	False	False	False	0.8548064315055759	0.0	0.0	0.0	0.0
test	NZ_LXQW01000037.1	NZ_CP133843.1	0.0	[0, 0.01)	3252.5866666666666	11438	104450	0.0	0.0	0.0		0.0	False	False	False	0.5750768988256982	0.0	0.0	0.0	0.0
test	NZ_CP033973.1	NZ_CP080014.1	0.0	[0, 0.01)	3252.5866666666666	1491	135893	0.0	0.0	0.0		0.0	False	False	False	0.9135665920089643	0.0	0.0	0.0	0.0
test	NZ_QQOK01000009.1	NZ_JBZGGV010000003.1	0.0	[0, 0.01)	3252.5866666666666	70134	215968	0.0	0.0	0.0		0.0	False	False	False	0.8678687029880048	0.0	0.0	0.0	0.0
test	NZ_MW133279.1	NZ_CP062157.2	0.0	[0, 0.01)	3252.5866666666666	3179	38377	0.0	0.0	0.0		0.0	False	False	False	0.79045452570508	0.0	0.0	0.0	0.0
test	NZ_CP109610.1	NZ_CP129856.1	0.0	[0, 0.01)	3252.5866666666666	3991	550231	0.0	0.0	0.0		0.0	False	False	False	0.8193360579519704	0.0	0.0	0.0	0.0
test	NZ_NTHV01000058.1	NZ_CP009033.1	0.0	[0, 0.01)	3252.5866666666666	14083	58317	0.0	0.0	0.0		0.0	False	False	False	0.8693703697927266	0.0	0.0	0.0	0.0
test	NZ_JBQPWJ010000069.1	NZ_CP016361.1	0.0	[0, 0.01)	3252.5866666666666	9568	87088	0.0	0.0	0.0		0.0	False	False	False	0.8613323419569172	0.0	0.0	0.0	0.0
test	NZ_JBQPWJ010000069.1	NZ_CP191553.1	0.0	[0, 0.01)	3252.5866666666666	9568	107053	0.0	0.0	0.0		0.0	False	False	False	0.9470253582929838	0.0	0.0	0.0	0.0
test	NZ_JBQPWJ010000069.1	AP028527.1	0.0	[0, 0.01)	3252.5866666666666	9568	43138	0.0	0.0	0.0		0.0	False	False	False	0.8537592031136254	0.0	0.0	0.0	0.0
test	NZ_JADAIP010000275.1	NC_011260.1	0.0	[0, 0.01)	3252.5866666666666	3081	52772	0.0	0.0	0.0		0.0	False	False	False	0.9195570061655359	0.0	0.0	0.0	0.0
test	NZ_JBPXRI010000134.1	NZ_JADAIP010000275.1	0.0	[0, 0.01)	3252.5866666666666	330	3081	0.0	0.0	0.0		0.0	False	False	False	0.7222595959019369	0.0	0.0	0.0	0.0
test	NZ_PV022950.1	NZ_CP162597.1	0.0	[0, 0.01)	3252.5866666666666	90934	97971	0.0	0.0	0.0		0.0	False	False	False	0.9519940445752487	0.0	0.0	0.0	0.0
test	NZ_CP005842.1	OW966965.1	0.0	[0, 0.01)	3252.5866666666666	1325	66091	0.0	0.0	0.0		0.0	False	False	False	0.6509023405454976	0.0	0.0	0.0	0.0
test	NZ_JBYDGL010000011.1	OW966965.1	0.0	[0, 0.01)	3252.5866666666666	958	66091	0.0	0.0	0.0		0.0	False	False	False	0.14786363471846772	0.0	0.0	0.0	0.0
test	OW968206.1	NZ_CP117387.1	0.0	[0, 0.01)	3252.5866666666666	63589	100517	0.0	0.0	0.0		0.0	False	False	False	0.970415772701809	0.0	0.0	0.0	0.0
test	NZ_CP020094.1	NZ_CP117387.1	0.0	[0, 0.01)	3252.5866666666666	14831	100517	0.0	0.0	0.0		0.0	False	False	False	0.8149311641814022	0.0	0.0	0.0	0.0
test	NZ_AP027592.1	NZ_CP148344.1	0.0	[0, 0.01)	3252.5866666666666	3373	10681	0.4835458049214349	0.1532628031083232	0.1532628031083232	83.849	0.4835458049214349	False	False	False	0.8872290412289681	0.010526315789473684	0.0032414910858995136	0.4	0.15384615384615385
test	NZ_LGRO01000003.1	NZ_JBUZKD010000003.1	0.0	[0, 0.01)	3252.5866666666666	25061	55772	0.0	0.0	0.0		0.0	False	False	False	0.9283588207989697	0.0	0.0	0.0	0.0
test	NZ_JARVXC010000052.1	NZ_CP032703.1	0.0	[0, 0.01)	3252.5866666666666	1551	556856	0.0	0.0	0.0		0.0	False	False	False	0.8742411238791639	0.0	0.0	0.0	0.0
test	NZ_KX555451.1	NZ_CP169382.1	0.0	[0, 0.01)	3252.5866666666666	38814	53894	0.0	0.0	0.0		0.0	False	False	False	0.8426784949199956	0.0	0.0	0.0	0.0
test	NZ_OZ410630.1	NZ_CP017217.1	0.0	[0, 0.01)	3252.5866666666666	26763	38925	0.0069125284908268	0.0047013487475915	0.0047013487475915	76.72	0.0069125284908268	False	False	False	0.8912672627060966	0.0	0.0	0.0625	0.018518518518518517
test	NC_010464.1	CP073108.1	0.0	[0, 0.01)	3252.5866666666666	2927	108563	0.0	0.0	0.0		0.0	False	False	False	0.7418692742710613	0.0	0.0	0.0	0.0
test	NZ_RRTN01000193.1	NZ_CP046636.1	0.0	[0, 0.01)	3252.5866666666666	35382	47797	0.0	0.0	0.0		0.0	False	False	False	0.9523818649559055	0.0	0.0	0.0	0.0
test	NZ_CP046636.1	NZ_AP022878.1	0.0	[0, 0.01)	3252.5866666666666	47797	280907	0.0	0.0	0.0		0.0	False	False	False	0.9334430941998495	0.0	0.0	0.0	0.0
test	NZ_CP034816.1	NZ_MW356909.1	0.0	[0, 0.01)	3252.5866666666666	47236	249475	0.0	0.0	0.0		0.0	False	False	False	0.8678610507996847	0.0	0.0	0.0	0.0
test	NZ_JAQSUY010000142.1	NZ_JBTAPC010000002.1	0.0	[0, 0.01)	3252.5866666666666	297	126207	0.0	0.0	0.0		0.0	False	False	False	0.7292375410417191	0.0	0.0	0.0	0.0
test	NZ_CP186433.1	NZ_JAMQML010000016.1	0.0	[0, 0.01)	3252.5866666666666	76975	113952	0.0	0.0	0.0		0.0	False	False	False	0.8950567677756005	0.0	0.0	0.0	0.0
test	NC_019374.1	NZ_JAMQML010000016.1	0.0	[0, 0.01)	3252.5866666666666	5903	113952	0.0	0.0	0.0		0.0	False	False	False	0.558729185165489	0.0	0.0	0.0	0.0
test	NZ_JAMQML010000016.1	NZ_CP086856.1	0.0	[0, 0.01)	3252.5866666666666	113952	290594	0.0	0.0	0.0		0.0	False	False	False	0.9855730982052132	0.0	0.0	0.009009009009009009	0.002583979328165375
test	NZ_JBPXRD010000050.1	NZ_JBWNKZ010000002.1	0.0	[0, 0.01)	3252.5866666666666	338	40330	0.0	0.0	0.0		0.0	False	False	False	0.4121820722306814	0.0	0.0	0.0	0.0
test	NZ_MT039222.1	NZ_CP140104.1	0.0	[0, 0.01)	3252.5866666666666	113377	174147	0.0	0.0	0.0		0.0	False	False	False	0.938292495633012	0.0	0.0	0.0	0.0
test	NZ_JCCDRD010000005.1	NZ_CP086846.1	0.0	[0, 0.01)	3252.5866666666666	7624	82222	0.0	0.0	0.0		0.0	False	False	False	0.8237690142079719	0.0	0.0	0.0	0.0
test	NZ_AP028053.1	NZ_CP086846.1	0.0	[0, 0.01)	3252.5866666666666	3530	82222	0.0	0.0	0.0		0.0	False	False	False	0.7871802537442423	0.0	0.0	0.0	0.0
test	NZ_CP125686.1	NZ_CP074122.1	0.0	[0, 0.01)	3252.5866666666666	4961	111789	0.0	0.0	0.0		0.0	False	False	False	0.9456256331051455	0.0	0.0	0.0	0.0
test	OR771667.1	NZ_CP074122.1	0.0	[0, 0.01)	3252.5866666666666	56762	111789	0.0	0.0	0.0		0.0	False	False	False	0.8122887926027892	0.0	0.0	0.0	0.0
test	NZ_JBSMIW010000007.1	NZ_MF062700.1	0.0	[0, 0.01)	3252.5866666666666	30659	60206	0.0	0.0	0.0		0.0	False	False	False	0.934220934031309	0.0	0.0	0.0	0.0
test	NZ_CP009965.1	NZ_CP019224.1	0.0	[0, 0.01)	3252.5866666666666	4983	97268	0.0	0.0	0.0		0.0	False	False	False	0.3380380605494107	0.0	0.0	0.0	0.0
test	NC_003114.1	NZ_JBQGLE010000003.1	0.0	[0, 0.01)	3252.5866666666666	3172	18824	0.0	0.0	0.0		0.0	False	False	False	0.9033607342888246	0.0	0.0	0.0	0.0
test	NZ_JBQGLE010000003.1	NZ_CP059701.1	0.0	[0, 0.01)	3252.5866666666666	18824	27178	0.0	0.0	0.0		0.0	False	False	False	0.8087409168426919	0.0	0.0	0.0	0.0
test	NZ_SZVT01000166.1	NZ_OZ547465.1	0.0	[0, 0.01)	3252.5866666666666	1646	46449	0.0	0.0	0.0		0.0	False	False	False	0.8122374035386589	0.0	0.0	0.0	0.0
test	NZ_CP124336.1	NZ_CP009581.1	0.0	[0, 0.01)	3252.5866666666666	4073	62384	0.0	0.0	0.0		0.0	False	False	False	0.9050311724650587	0.0	0.0	0.0	0.0
test	CP057279.1	NZ_CP043351.1	0.0	[0, 0.01)	3252.5866666666666	5101	106448	0.0	0.0	0.0		0.0	False	False	False	0.9486028370791002	0.0	0.0	0.0	0.0
test	NZ_JAQFLL010000247.1	NZ_CP057242.1	0.0	[0, 0.01)	3252.5866666666666	1116	1551	0.0	0.0	0.0		0.0	False	False	False	0.7450148736107646	0.0	0.0	0.0	0.0
test	NZ_CP146164.1	NZ_CP082766.1	0.0	[0, 0.01)	3252.5866666666666	6101	199279	0.0	0.0	0.0		0.0	False	False	False	0.9389267053113026	0.0	0.0	0.0	0.0
test	NZ_JAIVKF010000259.1	NZ_MN586817.1	0.0	[0, 0.01)	3252.5866666666666	990	91326	0.0	0.0	0.0		0.0	False	False	False	0.7450776146275372	0.0	0.0	0.0	0.0
test	NZ_JBRXLF010000031.1	NZ_MF344559.1	0.0	[0, 0.01)	3252.5866666666666	7800	42279	0.0	0.0	0.0		0.0	False	False	False	0.8479249337167103	0.0	0.0	0.0	0.0
test	NZ_CP123756.1	NZ_CP085293.1	0.0	[0, 0.01)	3252.5866666666666	5003	35757	0.0	0.0	0.0		0.0	False	False	False	0.8797496429231176	0.0	0.0	0.0	0.0
test	NZ_NPII01000055.1	NZ_CP144317.1	0.0	[0, 0.01)	3252.5866666666666	3562	174409	0.0732734418865805	0.0014907487572315	0.0014907487572315	96.55166283524903	0.0732734418865805	False	False	False	0.9447926766772534	0.08333333333333333	0.0014641288433382138	0.0	0.0
test	AP026491.1	NZ_JBWDOH010000002.1	0.0	[0, 0.01)	3252.5866666666666	48260	397580	0.0	0.0	0.0		0.0	False	False	False	0.8271268793654607	0.0	0.0	0.0	0.0
test	NZ_JABLUU010000060.1	NZ_OV049812.1	0.0	[0, 0.01)	3252.5866666666666	3080	5590	0.0	0.0	0.0		0.0	False	False	False	0.7947695499339141	0.0	0.0	0.0	0.0
test	OW849469.1	NZ_AP022878.1	0.0	[0, 0.01)	3252.5866666666666	3897	280907	0.0	0.0	0.0		0.0	False	False	False	0.9139736591922875	0.0	0.0	0.0	0.0
test	CP088721.1	NZ_CP086468.1	0.0	[0, 0.01)	3252.5866666666666	17698	247089	0.0	0.0	0.0		0.0	False	False	False	0.9572753002320882	0.0	0.0	0.2	0.012396694214876033
test	NC_013333.1	NZ_CP054057.1	0.0	[0, 0.01)	3252.5866666666666	20453	142760	0.0	0.0	0.0		0.0	False	False	False	0.7615267881854623	0.0	0.0	0.0	0.0
test	NZ_CP075319.1	NZ_JCASQJ010000007.1	0.0	[0, 0.01)	3252.5866666666666	33299	54831	0.0	0.0	0.0		0.0	False	False	False	0.9221664403775516	0.0	0.0	0.0	0.0
test	NZ_CP097037.1	NZ_CP032142.1	0.0	[0, 0.01)	3252.5866666666666	32754	39365	0.0	0.0	0.0		0.0	False	False	False	0.964426347767416	0.0	0.0	0.0	0.0
test	NZ_CP151876.1	NZ_CP107561.1	0.0	[0, 0.01)	3252.5866666666666	16131	127424	0.0	0.0	0.0		0.0	False	False	False	0.5582697977899138	0.0	0.0	0.0	0.0
test	NZ_LKXP01000041.1	NZ_JBVTJX020000002.1	0.0	[0, 0.01)	3252.5866666666666	8830	257061	0.0	0.0	0.0		0.0	False	False	False	0.8067803643460855	0.0	0.0	0.0	0.0
test	NZ_CP122774.1	NZ_OP242238.1	0.0	[0, 0.01)	3252.5866666666666	5732	111500	0.0	0.0	0.0		0.0	False	False	False	0.9361682756085444	0.0	0.0	0.0	0.0
test	NZ_LUHP01000053.1	NZ_CP094234.1	0.0	[0, 0.01)	3252.5866666666666	1615	4375	0.0	0.0	0.0		0.0	False	False	False	0.7722926247736647	0.0	0.0	0.0	0.0
test	NZ_LXQW01000037.1	NZ_CP129713.1	0.0	[0, 0.01)	3252.5866666666666	11438	106834	0.0	0.0	0.0		0.0	False	False	False	0.8229885900314802	0.0	0.0	0.0	0.0
test	NG_048196.1	AP028569.1	0.0	[0, 0.01)	3252.5866666666666	1379	3830	0.0	0.0	0.0		0.0	False	False	False	0.7228155579786147	0.0	0.0	0.0	0.0
test	NZ_NPMK01000027.1	NZ_CP115069.1	0.0	[0, 0.01)	3252.5866666666666	448	36566	0.0	0.0	0.0		0.0	False	False	False	0.6833028513834067	0.0	0.0	0.0	0.0
test	NZ_NPMK01000027.1	NZ_CP048669.1	0.0	[0, 0.01)	3252.5866666666666	448	6078	0.0	0.0	0.0		0.0	False	False	False	0.8006923233887484	0.0	0.0	0.0	0.0
test	NZ_CP056184.1	NZ_JBRETY010000002.1	0.0	[0, 0.01)	3252.5866666666666	3728	315596	0.0	0.0	0.0		0.0	False	False	False	0.7520175477765086	0.0	0.0	0.0	0.0
test	CP082724.1	NZ_JBRETY010000002.1	0.0	[0, 0.01)	3252.5866666666666	53499	315596	0.0	0.0	0.0		0.0	False	False	False	0.9766018383135646	0.0	0.0	0.0	0.0
test	NZ_POWG01000123.1	NZ_JCARPC010000002.1	0.0	[0, 0.01)	3252.5866666666666	479	211985	0.0	0.0	0.0		0.0	False	False	False	0.7820377100300258	0.0	0.0	0.0	0.0
test	NZ_JBGNWW010000040.1	NZ_CP100828.1	0.0	[0, 0.01)	3252.5866666666666	2095	143148	0.0	0.0	0.0		0.0	False	False	False	0.7910081103460062	0.0	0.0	0.0	0.0
test	NZ_JAGSGE020000073.1	NZ_JCCJZF010000002.1	0.0	[0, 0.01)	3252.5866666666666	1729	56907	0.0	0.0	0.0		0.0	False	False	False	0.731876108607586	0.0	0.0	0.0	0.0
test	NZ_LRXJ01000080.1	NZ_CP027099.1	0.0	[0, 0.01)	3252.5866666666666	639	900	0.0	0.0	0.0		0.0	False	False	False	0.5225724282756453	0.0	0.0	0.0	0.0
test	NZ_CP097682.1	NZ_CP016361.1	0.0	[0, 0.01)	3252.5866666666666	57847	87088	0.0	0.0	0.0		0.0	False	False	False	0.7386215167032336	0.0	0.0	0.0	0.0
test	NZ_SIPR01000006.1	NZ_JBVVLY010000002.1	0.0	[0, 0.01)	3252.5866666666666	27977	191497	0.0	0.0	0.0		0.0	False	False	False	0.5604815546598371	0.0	0.0	0.0	0.0
test	NZ_JAUANA010000011.1	CP122780.1	0.0	[0, 0.01)	3252.5866666666666	3821	120042	0.0526040303585448	0.0016660835374285	0.0016660835374285	95.545	0.0526040303585448	False	False	False	0.928899311269302	0.0	0.0	0.0	0.0
test	NZ_CP097621.1	NZ_CP196665.1	0.0	[0, 0.01)	3252.5866666666666	3346	135116	0.0	0.0	0.0		0.0	False	False	False	0.9223440975670238	0.0	0.0	0.0	0.0
test	NZ_JBHEKM010000111.1	NZ_CP092895.1	0.0	[0, 0.01)	3252.5866666666666	1920	183666	0.0	0.0	0.0		0.0	False	False	False	0.6774262980558925	0.0	0.0	0.0	0.0
test	NZ_JABLUU010000060.1	NZ_CM007865.1	0.0	[0, 0.01)	3252.5866666666666	3080	38626	0.0	0.0	0.0		0.0	False	False	False	0.39971767995348956	0.0	0.0	0.0	0.0
test	NZ_CP170103.1	NZ_JBQPXK010000007.1	0.0	[0, 0.01)	3252.5866666666666	17520	235207	0.0	0.0	0.0		0.0	False	False	False	0.9191388317469911	0.0	0.0	0.1111111111111111	0.004201680672268907
test	NZ_VLPM01000186.1	NC_013104.1	0.0	[0, 0.01)	3252.5866666666666	1900	8688	0.0	0.0	0.0		0.0	False	False	False	0.5242602103156255	0.0	0.0	0.0	0.0
test	NZ_VLPM01000186.1	NZ_CP143695.1	0.0	[0, 0.01)	3252.5866666666666	1900	3924	0.0	0.0	0.0		0.0	False	False	False	0.8205445205704455	0.0	0.0	0.0	0.0
test	LR962172.1	NZ_CP064876.1	0.0	[0, 0.01)	3252.5866666666666	94567	536892	0.0	0.0	0.0		0.0	False	False	False	0.9736290471969806	0.0	0.0	0.010526315789473684	0.0017035775127768314
test	NZ_CP054742.1	CP049541.1	0.0	[0, 0.01)	3252.5866666666666	11970	27273	0.0	0.0	0.0		0.0	False	False	False	0.5557916628331248	0.0	0.0	0.0	0.0
test	OX345631.1	NZ_CP061685.1	0.0	[0, 0.01)	3252.5866666666666	3770	105818	0.0	0.0	0.0		0.0	False	False	False	0.9245224966673112	0.0	0.0	0.0	0.0
test	AP025998.1	NZ_CP182818.1	0.0	[0, 0.01)	3252.5866666666666	35593	278962	0.0	0.0	0.0		0.0	False	False	False	0.6954383440946537	0.0	0.0	0.0	0.0
test	NZ_CP016688.2	NZ_CP143278.1	0.0	[0, 0.01)	3252.5866666666666	33285	54478	0.0	0.0	0.0		0.0	False	False	False	0.8876251533834733	0.0	0.0	0.0	0.0
test	NZ_JBRXNG010000050.1	NZ_CP038011.1	0.0	[0, 0.01)	3252.5866666666666	5636	13835	0.0	0.0	0.0		0.0	False	False	False	0.9440405807639461	0.0	0.0	0.0	0.0
test	NZ_CP079182.1	NZ_AP017565.1	0.0	[0, 0.01)	3252.5866666666666	7819	111135	0.0	0.0	0.0		0.0	False	False	False	0.85319652944241	0.0	0.0	0.0	0.0
test	NZ_CP162585.1	NZ_SIQC01000003.1	0.0	[0, 0.01)	3252.5866666666666	2607	454882	0.0	0.0	0.0		0.0	False	False	False	0.8689493424111835	0.0	0.0	0.0	0.0
test	NZ_PQ650613.1	NZ_LR878366.1	0.0	[0, 0.01)	3252.5866666666666	192991	231165	0.0	0.0	0.0		0.0	False	False	False	0.9450491941218747	0.0	0.0	0.0	0.0
test	NZ_CP027885.1	NZ_CP132470.1	0.0	[0, 0.01)	3252.5866666666666	13415	15446	0.0	0.0	0.0		0.0	False	False	False	0.9102507205380177	0.0	0.0	0.0	0.0
test	NZ_CP084801.1	NZ_CP034021.1	0.0	[0, 0.01)	3252.5866666666666	3534	4153	0.0	0.0	0.0		0.0	False	False	False	0.8429308909017603	0.0	0.0	0.0	0.0
test	LR962226.1	NZ_CP087962.1	0.0	[0, 0.01)	3252.5866666666666	8645	23715	0.0	0.0	0.0		0.0	False	False	False	0.9704292339129833	0.0	0.0	0.0	0.0
test	NZ_CP035015.1	NZ_CP024192.1	0.0	[0, 0.01)	3252.5866666666666	35533	221606	0.0	0.0	0.0		0.0	False	False	False	0.8103292407065037	0.0	0.0	0.0	0.0
test	NZ_OZ544401.1	NZ_JBJUUA010000006.1	0.0	[0, 0.01)	3252.5866666666666	4541	10750	0.0	0.0	0.0		0.0	False	False	False	0.7471427971131085	0.0	0.0	0.0	0.0
test	NZ_CP076451.1	NZ_CP178695.1	0.0	[0, 0.01)	3252.5866666666666	13427	153819	0.0	0.0	0.0		0.0	False	False	False	0.8504616674968423	0.0	0.0	0.0	0.0
test	NZ_RRHR01000175.1	NZ_CP149680.1	0.0	[0, 0.01)	3252.5866666666666	8225	99528	0.0	0.0	0.0		0.0	False	False	False	0.8671572897241108	0.0	0.0	0.0	0.0
test	NZ_CP184004.1	NZ_CP149680.1	0.0	[0, 0.01)	3252.5866666666666	45802	99528	0.0	0.0	0.0		0.0	False	False	False	0.6835800643081436	0.0	0.0	0.0	0.0
test	NZ_CP056554.1	NZ_SIOS01000003.1	0.0	[0, 0.01)	3252.5866666666666	5631	495976	0.0	0.0	0.0		0.0	False	False	False	0.8464330423423666	0.0	0.0	0.0	0.0
test	NZ_CP028135.1	NZ_JBRRZW010000022.1	0.0	[0, 0.01)	3252.5866666666666	9064	64439	0.0	0.0	0.0		0.0	False	False	False	0.8725303787612888	0.0	0.0	0.0	0.0
test	NZ_JBTZPL010000001.1	NZ_CP028032.1	0.0	[0, 0.01)	3252.5866666666666	105623	264190	0.0021870236596195	0.0008819410272909	0.0008819410272909	78.333	0.0021870236596195	False	False	False	0.9786841418108012	0.0	0.0	0.0	0.0
test	NZ_AP019541.1	NZ_CP047280.1	0.0	[0, 0.01)	3252.5866666666666	2866	262422	0.0	0.0	0.0		0.0	False	False	False	0.6590227375561266	0.0	0.0	0.0	0.0
test	NZ_AP019541.1	NZ_CP072221.1	0.0	[0, 0.01)	3252.5866666666666	2866	9081	0.0	0.0	0.0		0.0	False	False	False	0.8180466616381352	0.0	0.0	0.0	0.0
test	NZ_CP027099.1	NZ_JBJLWI010000019.1	0.0	[0, 0.01)	3252.5866666666666	900	22835	0.0	0.0	0.0		0.0	False	False	False	0.8479635722156733	0.0	0.0	0.0	0.0
test	NZ_CP071270.1	LC735979.1	0.0	[0, 0.01)	3252.5866666666666	2495	25677	0.0	0.0	0.0		0.0	False	False	False	0.8392104148011392	0.0	0.0	0.0	0.0
test	NZ_LAUI01000030.1	CP122782.1	0.0	[0, 0.01)	3252.5866666666666	1560	69672	0.0	0.0	0.0		0.0	False	False	False	0.8551048325739422	0.0	0.0	0.0	0.0
test	NZ_LAUI01000030.1	NZ_CP035827.1	0.0	[0, 0.01)	3252.5866666666666	1560	100283	0.0	0.0	0.0		0.0	False	False	False	0.8344592443418173	0.0	0.0	0.0	0.0
test	NZ_LAUI01000030.1	NZ_CP085435.1	0.0	[0, 0.01)	3252.5866666666666	1560	106629	0.0	0.0	0.0		0.0	False	False	False	0.5518756689849381	0.0	0.0	0.0	0.0
test	NZ_JBXYMM010000005.1	NZ_CP018018.1	0.0	[0, 0.01)	3252.5866666666666	9656	14706	0.0	0.0	0.0		0.0	False	False	False	0.698493794681702	0.0	0.0	0.0	0.0
test	NZ_CP092013.1	NZ_CP029585.1	0.0	[0, 0.01)	3252.5866666666666	4593	8809	0.1190942738950577	0.0602792598478828	0.0602792598478828	82.278	0.1190942738950577	False	False	False	0.88677188765283	0.010830324909747292	0.005870841487279843	0.0	0.0
test	NZ_CP104636.1	NZ_CP029585.1	0.0	[0, 0.01)	3252.5866666666666	1815	8809	0.0	0.0	0.0		0.0	False	False	False	0.8629984331407113	0.0	0.0	0.0	0.0
test	NZ_CP021547.1	NZ_JAENHY010000002.1	0.0068846815834767	[0, 0.01)	3252.5866666666666	45740	506359	0.0590074333187582	0.005330210384332	0.005330210384332	96.1494465012958	0.0590074333187582	False	False	False	0.9603246972583124	0.016853932584269662	0.0015479876160990713	0.02	0.0019801980198019802
test	NZ_CP162585.1	NC_010882.1	0.0	[0, 0.01)	3252.5866666666666	2607	9372	0.0	0.0	0.0		0.0	False	False	False	0.8442665531045155	0.0	0.0	0.0	0.0
test	NC_011260.1	NZ_CP114408.1	0.0	[0, 0.01)	3252.5866666666666	52772	185418	0.0	0.0	0.0		0.0	False	False	False	0.9688575675835478	0.0	0.0	0.0	0.0
test	NZ_CP014218.1	NZ_CP066368.1	0.0	[0, 0.01)	3252.5866666666666	57585	66038	0.0	0.0	0.0		0.0	False	False	False	0.7930206903719224	0.0	0.0	0.0	0.0
test	NZ_NPIJ01000080.1	NZ_CP095047.1	0.0	[0, 0.01)	3252.5866666666666	3357	137865	0.0	0.0	0.0		0.0	False	False	False	0.8252111691358432	0.0	0.0	0.0	0.0
test	NZ_CP011988.1	NC_014832.1	0.0	[0, 0.01)	3252.5866666666666	13841	20542	0.0	0.0	0.0		0.0	False	False	False	0.9367264684642059	0.0	0.0	0.0	0.0
test	NZ_JARXID010000075.1	NZ_LT703506.1	0.0	[0, 0.01)	3252.5866666666666	1802	324321	0.0	0.0	0.0		0.0	False	False	False	0.9207688531801472	0.0	0.0	0.0	0.0
test	NZ_OZ544768.1	NZ_CP064329.1	0.0	[0, 0.01)	3252.5866666666666	107	38298	0.0	0.0	0.0		0.0	False	False	False	0.5164474706263593	0.0	0.0	0.0	0.0
test	NZ_CP119709.1	NZ_CP064329.1	0.0	[0, 0.01)	3252.5866666666666	1295	38298	0.0	0.0	0.0		0.0	False	False	False	0.7070413564675069	0.0	0.0	0.0	0.0
test	NZ_CP017647.1	NZ_AP018457.1	0.0	[0, 0.01)	3252.5866666666666	73891	86535	0.0	0.0	0.0		0.0	False	False	False	0.7928973831589569	0.0	0.0	0.0	0.0
test	NZ_RRTT01000485.1	NZ_JBTLGV010000002.1	0.0	[0, 0.01)	3252.5866666666666	1435	2167	0.0	0.0	0.0		0.0	False	False	False	0.8424894623373399	0.0	0.0	0.0	0.0
test	NZ_CP096939.1	NZ_CP010620.1	0.0	[0, 0.01)	3252.5866666666666	33003	85540	0.0	0.0	0.0		0.0	False	False	False	0.94983819122568	0.0	0.0	0.0	0.0
test	NZ_CP010620.1	NZ_JBVTJX020000002.1	0.0	[0, 0.01)	3252.5866666666666	85540	257061	0.0	0.0	0.0		0.0	False	False	False	0.8054186661191283	0.0	0.0	0.0	0.0
test	NZ_CP047208.1	NZ_CP012748.1	0.0	[0, 0.01)	3252.5866666666666	4190	2555069	0.0	0.0	0.0		0.0	False	False	False	0.871104914642467	0.0	0.0	0.0	0.0
test	NZ_CP089314.1	NZ_CP146094.1	0.0	[0, 0.01)	3252.5866666666666	3374	341809	0.0	0.0	0.0		0.0	False	False	False	0.8832697053928414	0.0	0.0	0.0	0.0
test	NZ_CP089314.1	NZ_WTXS01000135.1	0.0	[0, 0.01)	3252.5866666666666	3374	15841	0.0	0.0	0.0		0.0	False	False	False	0.7830253848794145	0.0	0.0	0.0	0.0
test	NZ_QXXP01000127.1	NZ_CP025275.1	0.0	[0, 0.01)	3252.5866666666666	2018	125113	0.0	0.0	0.0		0.0	False	False	False	0.8783873178666236	0.0	0.0	0.0	0.0
test	NZ_CP171058.1	NZ_QXXP01000127.1	0.0	[0, 0.01)	3252.5866666666666	596	2018	0.0	0.0	0.0		0.0	False	False	False	0.6259952186649588	0.0	0.0	0.0	0.0
test	NZ_CP121640.1	NZ_JBOKGN010000017.1	0.0	[0, 0.01)	3252.5866666666666	128397	169688	0.0	0.0	0.0		0.0	False	False	False	0.923946678353351	0.0	0.0	0.0	0.0
test	NC_017149.1	NZ_PQ650613.1	0.0	[0, 0.01)	3252.5866666666666	182940	192991	0.0	0.0	0.0		0.0	False	False	False	0.9653389651758989	0.0	0.0	0.012903225806451613	0.005420054200542005
test	NZ_JCDGLC010000041.1	NZ_CP101058.1	0.0	[0, 0.01)	3252.5866666666666	41565	51315	0.0027186334656562	0.0022020851602845	0.0022020851602845	79.13	0.0027186334656562	False	False	False	0.9223589073278904	0.0	0.0	0.05555555555555555	0.021052631578947368
test	NZ_CP131657.1	NZ_CP084923.1	0.0	[0, 0.01)	3252.5866666666666	2920	58452	0.0	0.0	0.0		0.0	False	False	False	0.901217204318653	0.0	0.0	0.0	0.0
test	NZ_WTXS01000066.1	NZ_OM048934.1	0.0	[0, 0.01)	3252.5866666666666	35319	118931	0.0	0.0	0.0		0.0	False	False	False	0.8336301310966288	0.0	0.0	0.0	0.0
test	NZ_CP003971.1	CP119444.1	0.0	[0, 0.01)	3252.5866666666666	7502	285256	0.0	0.0	0.0		0.0	False	False	False	0.8653219016051744	0.0	0.0	0.0	0.0
test	NZ_JBUDNT010000054.1	NZ_CP108380.1	0.0	[0, 0.01)	3252.5866666666666	17138	209892	0.0	0.0	0.0		0.0	False	False	False	0.7499841523181702	0.0	0.0	0.0	0.0
test	NZ_CP072583.1	NZ_CP159186.1	0.0	[0, 0.01)	3252.5866666666666	6173	135518	0.0	0.0	0.0		0.0	False	False	False	0.730319628219275	0.0	0.0	0.0	0.0
test	NZ_JBRRYI010000050.1	NZ_KX765275.1	0.0	[0, 0.01)	3252.5866666666666	14523	178059	0.0	0.0	0.0		0.0	False	False	False	0.9557067843580657	0.0	0.0	0.0	0.0
test	CP118073.1	NZ_KX765275.1	0.0	[0, 0.01)	3252.5866666666666	70631	178059	0.0	0.0	0.0		0.0	False	False	False	0.9250958071953443	0.0	0.0	0.0	0.0
test	NZ_JBRERM010000006.1	CP127703.1	0.0	[0, 0.01)	3252.5866666666666	5271	20652	0.0	0.0	0.0		0.0	False	False	False	0.6625387809194717	0.0	0.0	0.0	0.0
test	NZ_JBUCKZ010000002.1	NZ_CP013752.1	0.0	[0, 0.01)	3252.5866666666666	1546	68522	0.0	0.0	0.0		0.0	False	False	False	0.8991850359743077	0.0	0.0	0.0	0.0
test	CP003354.1	NZ_CP013752.1	0.0	[0, 0.01)	3252.5866666666666	4119	68522	0.0	0.0	0.0		0.0	False	False	False	0.8716086256684605	0.0	0.0	0.0	0.0
test	NZ_CP063884.1	NZ_CP013752.1	0.0	[0, 0.01)	3252.5866666666666	57825	68522	0.0	0.0	0.0		0.0	False	False	False	0.7122639790439255	0.0	0.0	0.0	0.0
test	NZ_CP044779.1	NZ_CP147289.1	0.0	[0, 0.01)	3252.5866666666666	208	12389	0.0	0.0	0.0		0.0	False	False	False	0.7014942799114562	0.0	0.0	0.0	0.0
test	NZ_JACKZL010001076.1	NZ_MT074684.1	0.0	[0, 0.01)	3252.5866666666666	2027	23710	0.0	0.0	0.0		0.0	False	False	False	0.8946503765631492	0.0	0.0	0.0	0.0
test	NZ_JAUANA010000011.1	NZ_AZAU01000073.1	0.0	[0, 0.01)	3252.5866666666666	3821	6172	0.0	0.0	0.0		0.0	False	False	False	0.692988914995385	0.0	0.0	0.0	0.0
test	NZ_CP048669.1	NZ_CP189808.1	0.0	[0, 0.01)	3252.5866666666666	6078	63562	0.0	0.0	0.0		0.0	False	False	False	0.8427621095257646	0.0	0.0	0.0	0.0
test	NG_050461.1	NZ_CP032104.1	0.0	[0, 0.01)	3252.5866666666666	1536	8399	0.0	0.0	0.0		0.0	False	False	False	0.3242969589870584	0.0	0.0	0.0	0.0
test	NZ_CP016712.2	NZ_CP010068.1	0.0	[0, 0.01)	3252.5866666666666	2417	12763	0.0	0.0	0.0		0.0	False	False	False	0.8338548960791861	0.0	0.0	0.0	0.0
test	CP148563.1	NZ_AP018457.1	0.0	[0, 0.01)	3252.5866666666666	1021	86535	0.0	0.0	0.0		0.0	False	False	False	0.8380368601972937	0.0	0.0	0.0	0.0
test	NZ_CP043844.1	NZ_CP083945.1	0.0	[0, 0.01)	3252.5866666666666	20729	68825	0.0	0.0	0.0		0.0	False	False	False	0.7153240268193578	0.0	0.0	0.0	0.0
test	NZ_CP083945.1	NZ_CP127500.1	0.0	[0, 0.01)	3252.5866666666666	68825	134238	0.0	0.0	0.0		0.0	False	False	False	0.9629028497287359	0.0	0.0	0.0	0.0
test	NZ_LR135495.1	NZ_KX009062.1	0.0	[0, 0.01)	3252.5866666666666	4372	55944	0.0	0.0	0.0		0.0	False	False	False	0.7094894178510139	0.0	0.0	0.0	0.0
test	NZ_CP094100.1	NZ_CP079182.1	0.0	[0, 0.01)	3252.5866666666666	3507	7819	0.0	0.0	0.0		0.0	False	False	False	0.6912849426873383	0.0	0.0	0.0	0.0
test	OX335242.1	NZ_JBRFNA010000003.1	0.0	[0, 0.01)	3252.5866666666666	36476	590305	0.0	0.0	0.0		0.0	False	False	False	0.5501398048225785	0.0	0.0	0.0	0.0
test	AP023016.1	NZ_OM938013.1	0.0	[0, 0.01)	3252.5866666666666	74401	262582	0.0	0.0	0.0		0.0	False	False	False	0.8554207095350719	0.0	0.0	0.0	0.0
test	NZ_CP025868.1	NZ_CP150649.1	0.0	[0, 0.01)	3252.5866666666666	100473	333087	0.0	0.0	0.0		0.0	False	False	False	0.8353196288034402	0.0	0.0	0.0	0.0
test	NZ_CP083516.1	NZ_CP102507.1	0.0	[0, 0.01)	3252.5866666666666	3888	6338	0.0	0.0	0.0		0.0	False	False	False	0.90873358615984	0.0	0.0	0.0	0.0
test	NZ_JAPHLB020000014.1	NZ_CP143278.1	0.0	[0, 0.01)	3252.5866666666666	1845	54478	0.0	0.0	0.0		0.0	False	False	False	0.8195673439899003	0.0	0.0	0.0	0.0
test	NZ_JAPHLB020000014.1	NZ_CP138727.1	0.0	[0, 0.01)	3252.5866666666666	1845	277344	0.0	0.0	0.0		0.0	False	False	False	0.8711201552006913	0.0	0.0	0.0	0.0
test	OX345632.1	NZ_JBVWEU010000008.1	0.0	[0, 0.01)	3252.5866666666666	3710	5166	0.0	0.0	0.0		0.0	False	False	False	0.9044006429511773	0.0	0.0	0.0	0.0
test	NZ_CP023547.1	NZ_CP040807.1	0.0	[0, 0.01)	3252.5866666666666	25046	90871	0.0	0.0	0.0		0.0	False	False	False	0.6047805761178825	0.0	0.0	0.0	0.0
test	NZ_CP151622.1	NZ_CP132951.1	0.0	[0, 0.01)	3252.5866666666666	9609	114295	0.0	0.0	0.0		0.0	False	False	False	0.9249110054348927	0.0	0.0	0.0	0.0
test	NZ_CP151622.1	NZ_CP063478.1	0.0	[0, 0.01)	3252.5866666666666	9609	47841	0.0	0.0	0.0		0.0	False	False	False	0.956465474148392	0.0	0.0	0.0	0.0
test	NZ_CP151622.1	CP073108.1	0.0	[0, 0.01)	3252.5866666666666	9609	108563	0.0	0.0	0.0		0.0	False	False	False	0.9735475610132995	0.0	0.0	0.0	0.0
test	NZ_CP060858.1	NZ_CP126754.1	0.0	[0, 0.01)	3252.5866666666666	12131	143779	0.0	0.0	0.0		0.0	False	False	False	0.7683464661410054	0.0	0.0	0.0	0.0
test	NZ_CP103041.1	NZ_CP030765.1	0.0	[0, 0.01)	3252.5866666666666	6738	93169	0.0	0.0	0.0		0.0	False	False	False	0.8335809972769269	0.0	0.0	0.0	0.0
test	NZ_CP031178.1	NZ_LT703506.1	0.0	[0, 0.01)	3252.5866666666666	29556	324321	0.0	0.0	0.0		0.0	False	False	False	0.5805634149215313	0.0	0.0	0.0	0.0
test	NZ_OZ543228.1	NZ_CP144686.1	0.0	[0, 0.01)	3252.5866666666666	208	249487	0.0	0.0	0.0		0.0	False	False	False	0.37734447195963683	0.0	0.0	0.0	0.0
test	NZ_CP048364.1	NZ_PP589748.1	0.0	[0, 0.01)	3252.5866666666666	7872	8324	0.0	0.0	0.0		0.0	False	False	False	0.8362894201086202	0.0	0.0	0.0	0.0
test	NZ_JARGDG010000159.1	NZ_CP125122.1	0.0	[0, 0.01)	3252.5866666666666	806	333411	0.0	0.0	0.0		0.0	False	False	False	0.7833856302888196	0.0	0.0	0.0	0.0
test	CP067873.1	NZ_CP086985.1	0.0	[0, 0.01)	3252.5866666666666	118543	157665	0.0	0.0	0.0		0.0	False	False	False	0.9288503949454006	0.0	0.0	0.0	0.0
test	NZ_CP009965.1	NZ_SIKD01000003.1	0.0	[0, 0.01)	3252.5866666666666	4983	694105	0.0	0.0	0.0		0.0	False	False	False	0.4317211720214394	0.0	0.0	0.0	0.0
test	NZ_CP011613.1	NZ_SIKD01000003.1	0.0	[0, 0.01)	3252.5866666666666	5410	694105	0.0	0.0	0.0		0.0	False	False	False	0.8598312978195511	0.0	0.0	0.0	0.0
test	NZ_PGSC01000746.1	NZ_JBXYMM010000005.1	0.0	[0, 0.01)	3252.5866666666666	880	9656	0.0	0.0	0.0		0.0	False	False	False	0.8555610139439955	0.0	0.0	0.0	0.0
test	NZ_LIYP01000144.1	LR962458.1	0.0	[0, 0.01)	3252.5866666666666	2292	28898	0.0	0.0	0.0		0.0	False	False	False	0.9035374317130019	0.0	0.0	0.0	0.0
test	NZ_CP021346.1	NZ_JBPXRE010000035.1	0.0	[0, 0.01)	3252.5866666666666	3824	29546	0.0	0.0	0.0		0.0	False	False	False	0.8503979983965189	0.0	0.0	0.0	0.0
test	NZ_JBDYFA010000013.1	NZ_CP144686.1	0.0	[0, 0.01)	3252.5866666666666	929	249487	0.0	0.0	0.0		0.0	False	False	False	0.5158177952838151	0.0	0.0	0.0	0.0
test	NZ_CM003359.1	NZ_CP144686.1	0.0	[0, 0.01)	3252.5866666666666	42705	249487	0.0	0.0	0.0		0.0	False	False	False	0.3218826403992936	0.0	0.0	0.0	0.0
test	NZ_CP107486.1	NC_011526.1	0.0	[0, 0.01)	3252.5866666666666	10060	39280	0.0	0.0	0.0		0.0	False	False	False	0.7890053867025517	0.0	0.0	0.0	0.0
test	NZ_CP168126.1	NZ_CP151758.1	0.0	[0, 0.01)	3252.5866666666666	10960	53097	0.0	0.0	0.0		0.0	False	False	False	0.8278760052748609	0.0	0.0	0.0	0.0
test	NZ_JABBPH010000006.1	NZ_CP073977.1	0.0	[0, 0.01)	3252.5866666666666	106991	241691	0.0	0.0	0.0		0.0	False	False	False	0.762537276017229	0.0	0.0	0.0	0.0
test	NZ_CP175854.1	NZ_CP183354.1	0.0	[0, 0.01)	3252.5866666666666	19048	162681	0.0	0.0	0.0		0.0	False	False	False	0.831494647146893	0.0	0.0	0.0	0.0
test	NZ_CP118042.1	NZ_CP127352.1	0.0	[0, 0.01)	3252.5866666666666	4711	30068	0.0	0.0	0.0		0.0	False	False	False	0.836941262369988	0.0	0.0	0.0	0.0
test	NZ_JBRAZL010000004.1	NZ_KT448817.1	0.0	[0, 0.01)	3252.5866666666666	2600	28489	0.0	0.0	0.0		0.0	False	False	False	0.9223898062584323	0.0	0.0	0.0	0.0
test	NZ_CP071270.1	NZ_KT448817.1	0.0	[0, 0.01)	3252.5866666666666	2495	28489	0.0	0.0	0.0		0.0	False	False	False	0.7657948911034188	0.0	0.0	0.0	0.0
test	NZ_JAQFLL010000247.1	NZ_CP101058.1	0.0	[0, 0.01)	3252.5866666666666	1116	51315	0.0	0.0	0.0		0.0	False	False	False	0.8421212540280691	0.0	0.0	0.0	0.0
test	NZ_JBRFOO010000006.1	NZ_CP132064.1	0.0	[0, 0.01)	3252.5866666666666	122968	139177	0.0	0.0	0.0		0.0	False	False	False	0.7565730913416979	0.0	0.0	0.0	0.0
test	NZ_CP080628.1	NZ_MT039199.1	0.0	[0, 0.01)	3252.5866666666666	45853	144458	0.0	0.0	0.0		0.0	False	False	False	0.9030423908879737	0.0	0.0	0.0	0.0
test	NZ_CP135040.1	JX469831.1	0.0	[0, 0.01)	3252.5866666666666	6052	54342	0.0	0.0	0.0		0.0	False	False	False	0.2215630981447169	0.0	0.0	0.0	0.0
test	NZ_CP126073.1	NZ_CP062972.1	0.0	[0, 0.01)	3252.5866666666666	12488	136326	0.0	0.0	0.0		0.0	False	False	False	0.5876501164337254	0.0	0.0	0.0	0.0
test	NZ_CP062972.1	NZ_CP129515.1	0.0	[0, 0.01)	3252.5866666666666	136326	138894	0.034395493156111	0.0337883565884775	0.0337883565884775	99.78697956142216	0.034395493156111	False	False	False	0.9803340082372942	0.03484320557491289	0.02074688796680498	0.010416666666666666	0.003952569169960474
test	NZ_SZVT01000166.1	NZ_CP081233.1	0.0	[0, 0.01)	3252.5866666666666	1646	78194	0.0	0.0	0.0		0.0	False	False	False	0.5296592078381186	0.0	0.0	0.0	0.0
test	NZ_RRNF01000128.1	NZ_CP148152.1	0.0	[0, 0.01)	3252.5866666666666	5709	38726	0.0	0.0	0.0		0.0	False	False	False	0.6631393127904174	0.0	0.0	0.0	0.0
test	NZ_JBXTWF010000011.1	NZ_CP129287.1	0.0	[0, 0.01)	3252.5866666666666	585	3895	0.0	0.0	0.0		0.0	False	False	False	0.6296722462886236	0.0	0.0	0.0	0.0
test	NZ_CP022458.1	NZ_CP115709.1	0.0	[0, 0.01)	3252.5866666666666	55820	119165	0.0	0.0	0.0		0.0	False	False	False	0.9664325040104311	0.0	0.0	0.0	0.0
test	NZ_JBPXRI010000023.1	NZ_JANUPK010000002.1	0.0	[0, 0.01)	3252.5866666666666	1520	6281	0.0	0.0	0.0		0.0	False	False	False	0.7804110379606004	0.0	0.0	0.0	0.0
test	NZ_JANUPK010000002.1	NZ_CP194201.1	0.0	[0, 0.01)	3252.5866666666666	6281	50405	0.0	0.0	0.0		0.0	False	False	False	0.6948127720538471	0.0	0.0	0.0	0.0
test	CP123647.1	NZ_CP137606.1	0.0	[0, 0.01)	3252.5866666666666	2096	119733	0.0	0.0	0.0		0.0	False	False	False	0.8568586982200246	0.0	0.0	0.0	0.0
test	NZ_JBDYHN010000069.1	NZ_CP085909.1	0.0	[0, 0.01)	3252.5866666666666	225	63475	0.0	0.0	0.0		0.0	False	False	False	0.25757450674333565	0.0	0.0	0.0	0.0
test	NZ_CP186780.1	NZ_CP074060.1	0.0	[0, 0.01)	3252.5866666666666	13463	27653	0.0	0.0	0.0		0.0	False	False	False	0.9050975476729526	0.0	0.0	0.0	0.0
test	NZ_CP134736.1	NZ_CP054622.1	0.0	[0, 0.01)	3252.5866666666666	91904	305146	0.0	0.0	0.0		0.0	False	False	False	0.8926463531604885	0.0	0.0	0.0	0.0
test	NZ_CP072583.1	LR962226.1	0.0	[0, 0.01)	3252.5866666666666	6173	8645	0.0	0.0	0.0		0.0	False	False	False	0.9430632580240461	0.0053475935828877	0.004545454545454545	0.0	0.0
test	NZ_JBSEID010000003.1	NZ_CP162597.1	0.0	[0, 0.01)	3252.5866666666666	38224	97971	0.0	0.0	0.0		0.0	False	False	False	0.9220675939794706	0.0	0.0	0.0	0.0
test	NZ_JBRZEZ010000005.1	NZ_CP162597.1	0.0	[0, 0.01)	3252.5866666666666	2089	97971	0.0	0.0	0.0		0.0	False	False	False	0.8695561940040348	0.0	0.0	0.0	0.0
test	NZ_LKWH01000057.1	NZ_CP095666.1	0.0	[0, 0.01)	3252.5866666666666	2982	99379	0.0	0.0	0.0		0.0	False	False	False	0.6140980348285254	0.0	0.0	0.0	0.0
test	NZ_LKWH01000057.1	NZ_CP199511.1	0.0	[0, 0.01)	3252.5866666666666	2982	44105	0.0	0.0	0.0		0.0	False	False	False	0.5124796150654026	0.0	0.0	0.0	0.0
test	NZ_CP015967.1	NZ_CP048050.1	0.0	[0, 0.01)	3252.5866666666666	33001	142343	0.0	0.0	0.0		0.0	False	False	False	0.5173990093386495	0.0	0.0	0.0	0.0
test	NZ_RRIV01000134.1	NZ_JBRQKX020000003.1	0.0	[0, 0.01)	3252.5866666666666	1630	3504	0.0	0.0	0.0		0.0	False	False	False	0.7655630087573686	0.0	0.0	0.0	0.0
test	NZ_MF621618.1	NZ_CP136299.1	0.0	[0, 0.01)	3252.5866666666666	7700	1311220	0.0	0.0	0.0		0.0	False	False	False	0.9033161830724282	0.0	0.0	0.0	0.0
test	NZ_CP056512.1	NZ_CP086771.1	0.0	[0, 0.01)	3252.5866666666666	5969	210912	0.0	0.0	0.0		0.0	False	False	False	0.6601767522612044	0.0	0.0	0.0	0.0
test	NZ_OY725738.1	NZ_CP186650.1	0.0	[0, 0.01)	3252.5866666666666	546	4371	0.0	0.0	0.0		0.0	False	False	False	0.7394810841569939	0.0	0.0	0.0	0.0
test	NZ_JBXEKV010000004.1	NZ_RRND01000164.1	0.0	[0, 0.01)	3252.5866666666666	55313	92980	0.0	0.0	0.0		0.0	False	False	False	0.9515026416144312	0.0	0.0	0.017543859649122806	0.006211180124223602
test	NZ_RRSI01000312.1	NZ_CP196661.1	0.0	[0, 0.01)	3252.5866666666666	3725	95080	0.0	0.0	0.0		0.0	False	False	False	0.9032423957932315	0.0	0.0	0.0	0.0
test	NZ_RRSI01000318.1	CP049444.1	0.0	[0, 0.01)	3252.5866666666666	19995	20722	0.0	0.0	0.0		0.0	False	False	False	0.7367320090442799	0.0	0.0	0.0	0.0
test	NZ_JAMYDA010000001.1	CP057169.1	0.0	[0, 0.01)	3252.5866666666666	253	4076	0.0	0.0	0.0		0.0	False	False	False	0.5496015853606658	0.0	0.0	0.0	0.0
test	NZ_CP103601.1	CP088797.1	0.0	[0, 0.01)	3252.5866666666666	4786	79036	0.0	0.0	0.0		0.0	False	False	False	0.9324658460666533	0.0	0.0	0.0	0.0
test	NZ_JBPFEV010000060.1	CP088797.1	0.0	[0, 0.01)	3252.5866666666666	3360	79036	0.0	0.0	0.0		0.0	False	False	False	0.8819231791644467	0.0	0.0	0.0	0.0
test	NZ_CEDEHZ020000004.1	NZ_CM007642.1	0.0	[0, 0.01)	3252.5866666666666	1036	55527	0.0	0.0	0.0		0.0	False	False	False	0.3349205718843051	0.0	0.0	0.0	0.0
test	NZ_OX291530.1	NZ_CP083521.1	0.0	[0, 0.01)	3252.5866666666666	3696	110153	0.0	0.0	0.0		0.0	False	False	False	0.9365491344580746	0.0	0.0	0.0	0.0
test	NZ_JBRYID020000005.1	NZ_CP083521.1	0.0	[0, 0.01)	3252.5866666666666	2555	110153	0.0	0.0	0.0		0.0	False	False	False	0.8888102014614727	0.0	0.0	0.0	0.0
test	NZ_CP018777.1	CP119444.1	0.0	[0, 0.01)	3252.5866666666666	35236	285256	0.0	0.0	0.0		0.0	False	False	False	0.8411056006131299	0.0	0.0	0.0	0.0
test	NC_021728.1	NZ_AP028154.1	0.0	[0, 0.01)	3252.5866666666666	20139	40412	0.0	0.0	0.0		0.0	False	False	False	0.9378471220065937	0.0	0.0	0.0	0.0
test	NZ_JBXTWF010000011.1	NZ_JBYYIK010000003.1	0.0	[0, 0.01)	3252.5866666666666	585	144341	0.0	0.0	0.0		0.0	False	False	False	0.6648934918750031	0.0	0.0	0.0	0.0
test	NZ_JBYQMI010000003.1	NZ_CP083889.1	0.0	[0, 0.01)	3252.5866666666666	128357	219996	0.0	0.0	0.0		0.0	False	False	False	0.6869949659421163	0.0	0.0	0.0	0.0
test	NZ_CP125686.1	NZ_AP028843.1	0.0	[0, 0.01)	3252.5866666666666	4961	137403	0.0	0.0	0.0		0.0	False	False	False	0.970259889657217	0.0	0.0	0.0	0.0
test	NZ_CP125686.1	NZ_CP009908.1	0.0	[0, 0.01)	3252.5866666666666	4961	10600	0.0	0.0	0.0		0.0	False	False	False	0.7801481689396201	0.0	0.0	0.0	0.0
test	CP103140.1	NZ_CP189450.1	0.0	[0, 0.01)	3252.5866666666666	2708	125383	0.0	0.0	0.0		0.0	False	False	False	0.7990296631181374	0.0	0.0	0.0	0.0
test	NZ_CP056184.1	NZ_CP018943.1	0.0	[0, 0.01)	3252.5866666666666	3728	6647	0.0	0.0	0.0		0.0	False	False	False	0.7020353566488063	0.0	0.0	0.0	0.0
test	OW970229.1	NZ_WTVS01000290.1	0.0	[0, 0.01)	3252.5866666666666	2615	92504	0.0	0.0	0.0		0.0	False	False	False	0.5627998907753754	0.0	0.0	0.0	0.0
test	NZ_RRDF01000179.1	NZ_JBUDXA010000021.1	0.0	[0, 0.01)	3252.5866666666666	2613	105248	0.0	0.0	0.0		0.0	False	False	False	0.7631959228202042	0.0	0.0	0.0	0.0
test	CP077355.1	NZ_SJSA01000004.1	0.0	[0, 0.01)	3252.5866666666666	4245	30399	0.0	0.0	0.0		0.0	False	False	False	0.8679994473821817	0.0	0.0	0.0	0.0
test	NZ_JBUDOR010000379.1	CP102112.1	0.0	[0, 0.01)	3252.5866666666666	524	2811	0.0	0.0	0.0		0.0	False	False	False	0.7632212432182799	0.0	0.0	0.0	0.0
test	NZ_JBUDOR010000379.1	NZ_JBSJBU010000003.1	0.0	[0, 0.01)	3252.5866666666666	524	63107	0.0	0.0	0.0		0.0	False	False	False	0.8291056417890544	0.0	0.0	0.0	0.0
test	NZ_CP085077.1	NZ_CP181526.1	0.0	[0, 0.01)	3252.5866666666666	56811	96057	0.0191688229392195	0.0113474291306203	0.0113474291306203	85.62314012738854	0.0191688229392195	False	False	False	0.974843468777839	0.002257336343115124	0.001272264631043257	0.078125	0.03067484662576687
test	NZ_CP059385.1	NZ_CP179612.1	0.0	[0, 0.01)	3252.5866666666666	23312	29677	0.0	0.0	0.0		0.0	False	False	False	0.3063038005324552	0.0	0.0	0.0	0.0
test	NZ_JACKZL010001128.1	NC_013348.1	0.0	[0, 0.01)	3252.5866666666666	250	45052	0.0	0.0	0.0		0.0	False	False	False	0.816680672722694	0.0	0.0	0.0	0.0
test	NZ_CP085017.1	NZ_CP115069.1	0.0	[0, 0.01)	3252.5866666666666	12736	36566	0.0	0.0	0.0		0.0	False	False	False	0.8377361520793566	0.0	0.0	0.0	0.0
test	NZ_CP079732.1	NZ_CP068927.1	0.0	[0, 0.01)	3252.5866666666666	4510	63589	0.0	0.0	0.0		0.0	False	False	False	0.9122383646516083	0.0	0.0	0.0	0.0
test	NZ_CP165986.1	NZ_AP043608.1	0.0	[0, 0.01)	3252.5866666666666	10746	96372	0.0	0.0	0.0		0.0	False	False	False	0.7369304979965254	0.0	0.0	0.0	0.0
test	NZ_CP165986.1	NZ_CP085017.1	0.0	[0, 0.01)	3252.5866666666666	10746	12736	0.0	0.0	0.0		0.0	False	False	False	0.9366247157842401	0.0	0.0	0.0	0.0
test	NZ_CP165986.1	NZ_CP023984.1	0.0	[0, 0.01)	3252.5866666666666	10746	111425	0.0	0.0	0.0		0.0	False	False	False	0.822672072591659	0.0	0.0	0.0	0.0
test	NZ_CP165986.1	NZ_JAHPLL010000039.1	0.0	[0, 0.01)	3252.5866666666666	10746	13693	0.0	0.0	0.0		0.0	False	False	False	0.8845299784241999	0.0	0.0	0.0	0.0
test	NZ_CP041115.1	NZ_JCAPTQ010000002.1	0.0	[0, 0.01)	3252.5866666666666	6078	249807	0.0	0.0	0.0		0.0	False	False	False	0.9446000554427731	0.0	0.0	0.0	0.0
test	NZ_CP169108.1	NZ_JCAPTQ010000002.1	0.0063694267515923	[0, 0.01)	3252.5866666666666	74529	249807	0.1016651236431456	0.0302993911299523	0.0302993911299523	97.79851476403904	0.1016651236431456	False	False	False	0.9616396000443692	0.07364341085271318	0.020697167755991286	0.03529411764705882	0.009174311926605505
test	CP056818.1	CP109680.1	0.0	[0, 0.01)	3252.5866666666666	84644	155247	0.0	0.0	0.0		0.0	False	False	False	0.9724132339486798	0.0	0.0	0.010526315789473684	0.00411522633744856
test	NC_022993.1	NZ_CP132708.1	0.0	[0, 0.01)	3252.5866666666666	3279	9730	0.0	0.0	0.0		0.0	False	False	False	0.8576714063003534	0.0	0.0	0.0	0.0
test	NZ_CP150993.1	NZ_CP043844.1	0.0	[0, 0.01)	3252.5866666666666	9608	20729	0.0	0.0	0.0		0.0	False	False	False	0.8153003167840943	0.0	0.0	0.0	0.0
test	NZ_LHAT01000261.1	CP042595.1	0.0	[0, 0.01)	3252.5866666666666	289	336677	0.0	0.0	0.0		0.0	False	False	False	0.5966480267016621	0.0	0.0	0.0	0.0
test	NZ_JBRRYI010000093.1	LR962847.1	0.0	[0, 0.01)	3252.5866666666666	1142	97574	0.0	0.0	0.0		0.0	False	False	False	0.9202083066398228	0.0	0.0	0.0	0.0
test	NZ_JAQB01000153.1	NZ_WTVS01000290.1	0.0	[0, 0.01)	3252.5866666666666	16180	92504	0.0	0.0	0.0		0.0	False	False	False	0.9122052482669806	0.0	0.0	0.0	0.0
test	NZ_CP104769.1	CP109680.1	0.0	[0, 0.01)	3252.5866666666666	49816	155247	0.0	0.0	0.0		0.0	False	False	False	0.8387046374571706	0.0	0.0	0.0	0.0
test	CP067898.1	NZ_AP024960.1	0.0	[0, 0.01)	3252.5866666666666	48619	70421	0.0	0.0	0.0		0.0	False	False	False	0.9131479112978523	0.0	0.0	0.0	0.0
test	NZ_AP025826.1	CP067898.1	0.0	[0, 0.01)	3252.5866666666666	47294	48619	0.0	0.0	0.0		0.0	False	False	False	0.9889342751895707	0.0	0.0	0.0	0.0
test	NZ_JBPXRE010000167.1	NZ_CP010128.1	0.0	[0, 0.01)	3252.5866666666666	385	7982	0.0	0.0	0.0		0.0	False	False	False	0.6292364708585644	0.0	0.0	0.0	0.0
test	NZ_CP010128.1	NZ_AP038988.1	0.0	[0, 0.01)	3252.5866666666666	7982	78863	0.0	0.0	0.0		0.0	False	False	False	0.9418856650435066	0.0	0.0	0.0	0.0
test	NZ_CP029318.1	NZ_CP097707.1	0.0	[0, 0.01)	3252.5866666666666	1571	159393	0.0	0.0	0.0		0.0	False	False	False	0.7668477353930445	0.0	0.0	0.0	0.0
test	NZ_CP025275.1	NZ_JBUBIP010000002.1	0.0	[0, 0.01)	3252.5866666666666	125113	150224	0.0039963872659116	0.0033083928000852	0.0033083928000852	86.706	0.0039963872659116	False	False	False	0.9682844424576202	0.00228310502283105	0.0019083969465648854	0.0	0.0
test	NZ_CP079182.1	NZ_CP163034.1	0.0	[0, 0.01)	3252.5866666666666	7819	190061	0.1488681417061005	0.0060191201772062	0.0060191201772062	92.78365979381442	0.1488681417061005	False	False	False	0.9670843924191876	0.10810810810810811	0.006201550387596899	0.08333333333333333	0.0056179775280898875
test	NZ_CP026306.1	NZ_CP062072.1	0.0	[0, 0.01)	3252.5866666666666	46827	274836	0.0	0.0	0.0		0.0	False	False	False	0.2676514150353392	0.0	0.0	0.0	0.0
test	NZ_RRKN01000125.1	NZ_CP050537.1	0.0	[0, 0.01)	3252.5866666666666	4293	26342	0.0	0.0	0.0		0.0	False	False	False	0.777415277892337	0.0	0.0	0.0	0.0
test	NZ_RRKN01000125.1	NC_012148.1	0.0	[0, 0.01)	3252.5866666666666	4293	30026	0.0	0.0	0.0		0.0	False	False	False	0.6915305512293921	0.0	0.0	0.0	0.0
test	NZ_RRNF01000141.1	NZ_JCARPC010000002.1	0.0	[0, 0.01)	3252.5866666666666	3263	211985	0.0	0.0	0.0		0.0	False	False	False	0.7947057772323677	0.0	0.0	0.0	0.0
test	NZ_JBPXRI010000152.1	NZ_CM004499.1	0.0	[0, 0.01)	3252.5866666666666	319	45356	0.0	0.0	0.0		0.0	False	False	False	0.5046789990003568	0.0	0.0	0.0	0.0
test	NZ_CP085022.1	NZ_JBTAPC010000002.1	0.0	[0, 0.01)	3252.5866666666666	44019	126207	0.0	0.0	0.0		0.0	False	False	False	0.7165184932653376	0.0	0.0	0.020833333333333332	0.005208333333333333
test	NZ_MF344559.1	NC_014653.1	0.0	[0, 0.01)	3252.5866666666666	42279	153429	0.0	0.0	0.0		0.0	False	False	False	0.8767335236556214	0.0	0.0	0.0	0.0
test	CP057783.1	NZ_CP045025.1	0.0	[0, 0.01)	3252.5866666666666	154491	235425	0.0	0.0	0.0		0.0	False	False	False	0.8101710869935191	0.0	0.0	0.0	0.0
test	NZ_QWDG01000034.1	NZ_CP082312.1	0.0	[0, 0.01)	3252.5866666666666	1628	40196	0.0	0.0	0.0		0.0	False	False	False	0.9145970394264231	0.0	0.0	0.0	0.0
test	NZ_CP012925.1	NC_003080.1	0.0	[0, 0.01)	3252.5866666666666	2096	14323	0.0	0.0	0.0		0.0	False	False	False	0.8532021537608878	0.0	0.0	0.0	0.0
test	NZ_LR214979.1	NZ_AP043608.1	0.0	[0, 0.01)	3252.5866666666666	6097	96372	0.0	0.0	0.0		0.0	False	False	False	0.5293537870060933	0.0	0.0	0.0	0.0
test	NZ_JBYMLJ010000007.1	NZ_CP061499.1	0.0	[0, 0.01)	3252.5866666666666	5850	55166	0.0	0.0	0.0		0.0	False	False	False	0.8989086704484243	0.0	0.0	0.0	0.0
test	NZ_AP022923.1	NZ_CP182904.1	0.0	[0, 0.01)	3252.5866666666666	24527	35604	0.0	0.0	0.0		0.0	False	False	False	0.8975985127141215	0.0	0.0	0.0	0.0
test	NZ_JAOCPY010000058.1	NZ_CP014404.1	0.0	[0, 0.01)	3252.5866666666666	9486	25980	0.0	0.0	0.0		0.0	False	False	False	0.6664351747586269	0.0	0.0	0.0	0.0
test	NZ_POTA01000048.1	NZ_CP015368.1	0.0	[0, 0.01)	3252.5866666666666	10236	144167	0.0	0.0	0.0		0.0	False	False	False	0.7362583662337078	0.0	0.0	0.0	0.0
test	NZ_CP021786.1	NZ_CP042365.1	0.0	[0, 0.01)	3252.5866666666666	8731	256887	0.0876188294582522	0.0029779630732578	0.0029779630732578	96.863	0.0876188294582522	False	False	False	0.9576716966240945	0.1111111111111111	0.003976143141153081	0.16666666666666666	0.00816326530612245
test	NZ_LKVK01000064.1	NZ_CP042365.1	0.0	[0, 0.01)	3252.5866666666666	10163	256887	0.0	0.0	0.0		0.0	False	False	False	0.8865688652214945	0.0	0.0	0.0	0.0
test	NZ_OX291530.1	NZ_SIKS01000002.1	0.0	[0, 0.01)	3252.5866666666666	3696	475517	0.0	0.0	0.0		0.0	False	False	False	0.7767585777141024	0.0	0.0	0.0	0.0
test	NZ_JACKZL010001074.1	NZ_CP072773.1	0.0	[0, 0.01)	3252.5866666666666	2087	8455	0.0	0.0	0.0		0.0	False	False	False	0.9089394716996974	0.0	0.0	0.0	0.0
test	NZ_CP072773.1	NZ_BK010831.1	0.0	[0, 0.01)	3252.5866666666666	8455	365425	0.0	0.0	0.0		0.0	False	False	False	0.5583880161770888	0.0	0.0	0.0	0.0
test	NZ_RRJE01000095.1	NZ_LKVK01000064.1	0.0	[0, 0.01)	3252.5866666666666	3358	10163	0.0	0.0	0.0		0.0	False	False	False	0.7153457909851864	0.0	0.0	0.0	0.0
test	NZ_JBHGBQ010000321.1	NZ_OP006451.1	0.0	[0, 0.01)	3252.5866666666666	334	136951	0.0	0.0	0.0		0.0	False	False	False	0.5865168638200196	0.0	0.0	0.0	0.0
test	NZ_CP012991.1	NZ_CP010722.1	0.0	[0, 0.01)	3252.5866666666666	3223	36658	0.0	0.0	0.0		0.0	False	False	False	0.9044258204154269	0.0	0.0	0.0	0.0
test	NC_010420.1	NZ_JCDLMC010000005.1	0.0	[0, 0.01)	3252.5866666666666	62830	67088	0.0	0.0	0.0		0.0	False	False	False	0.8491071823315246	0.0	0.0	0.0	0.0
test	NZ_CP137558.1	NZ_CP081203.1	0.0	[0, 0.01)	3252.5866666666666	93148	475028	0.0	0.0	0.0		0.0	False	False	False	0.8706034738261258	0.0	0.0	0.0	0.0
test	NZ_CP084801.1	NZ_CP046364.1	0.0	[0, 0.01)	3252.5866666666666	3534	39302	0.0	0.0	0.0		0.0	False	False	False	0.761405396680548	0.0	0.0	0.0	0.0
test	OX335202.1	NZ_OY725969.1	0.0	[0, 0.01)	3252.5866666666666	9947	125481	0.0	0.0	0.0		0.0	False	False	False	0.8283674997799739	0.0	0.0	0.0	0.0
test	NZ_JAQFKI010000166.1	NZ_CP189816.1	0.0	[0, 0.01)	3252.5866666666666	1877	10362	0.0	0.0	0.0		0.0	False	False	False	0.47397864989362215	0.0	0.0	0.0	0.0
test	NZ_JBRRZA010000044.1	NZ_CP021547.1	0.0	[0, 0.01)	3252.5866666666666	34596	45740	0.0	0.0	0.0		0.0	False	False	False	0.7871002263444844	0.0	0.0	0.0	0.0
test	NZ_JBUDOH010000180.1	NZ_CP064840.1	0.0	[0, 0.01)	3252.5866666666666	807	5825	0.0	0.0	0.0		0.0	False	False	False	0.5384964110156362	0.0	0.0	0.0	0.0
test	NZ_JBDYGC010000062.1	CP122738.1	0.0	[0, 0.01)	3252.5866666666666	314	93581	0.0	0.0	0.0		0.0	False	False	False	0.6966429598660766	0.0	0.0	0.0	0.0
test	NZ_JBOKGN010000024.1	NZ_LR890182.1	0.0	[0, 0.01)	3252.5866666666666	78994	135529	0.0	0.0	0.0		0.0	False	False	False	0.8402341161227548	0.0	0.0	0.0	0.0
test	NZ_CP124336.1	NZ_LR890182.1	0.0	[0, 0.01)	3252.5866666666666	4073	135529	0.0	0.0	0.0		0.0	False	False	False	0.9542980671598228	0.0	0.0	0.0	0.0
test	NZ_CP180667.1	NZ_CP059994.1	0.0	[0, 0.01)	3252.5866666666666	4544	312426	0.0	0.0	0.0		0.0	False	False	False	0.842244485779442	0.0	0.0	0.0	0.0
test	NZ_CP180667.1	NZ_CP026219.1	0.0	[0, 0.01)	3252.5866666666666	4544	35298	0.0	0.0	0.0		0.0	False	False	False	0.8578545476401674	0.0	0.0	0.0	0.0
test	CP125031.1	CP090231.1	0.0	[0, 0.01)	3252.5866666666666	4066	106710	0.0	0.0	0.0		0.0	False	False	False	0.9302119554178889	0.0	0.0	0.0	0.0
test	NZ_CP077305.1	CP090231.1	0.0	[0, 0.01)	3252.5866666666666	11469	106710	0.0	0.0	0.0		0.0	False	False	False	0.7913161059782008	0.0	0.0	0.0	0.0
test	CP057777.1	NZ_JAHMAA010000014.1	0.0	[0, 0.01)	3252.5866666666666	1551	2535	0.2785299806576402	0.1708086785009862	0.1708086785009862	88.532	0.2785299806576402	False	False	False	0.8216070086717134	0.0653950953678474	0.0375	0.0	0.0
test	NZ_CP064944.1	NZ_CP181224.1	0.0	[0, 0.01)	3252.5866666666666	50708	83755	0.0	0.0	0.0		0.0	False	False	False	0.6474500490674392	0.0	0.0	0.0	0.0
test	NZ_CP177273.1	NZ_CP064944.1	0.0	[0, 0.01)	3252.5866666666666	33680	50708	0.0	0.0	0.0		0.0	False	False	False	0.7382399679389957	0.0	0.0	0.0	0.0
test	NZ_CP098439.1	NZ_CP066854.1	0.0	[0, 0.01)	3252.5866666666666	109442	134200	0.0	0.0	0.0		0.0	False	False	False	0.7806139934550221	0.0	0.0	0.0	0.0
test	NZ_CP085435.1	NZ_CP066854.1	0.0	[0, 0.01)	3252.5866666666666	106629	134200	0.0	0.0	0.0		0.0	False	False	False	0.36187767122668696	0.0	0.0	0.0	0.0
test	NZ_JBVFOY010000011.1	NZ_CP178365.1	0.0	[0, 0.01)	3252.5866666666666	1972	58316	0.0	0.0	0.0		0.0	False	False	False	0.8491947722653567	0.0	0.0	0.0	0.0
test	NZ_JBPXRK010000028.1	NZ_JBUDOQ010000244.1	0.0	[0, 0.01)	3252.5866666666666	575	949	0.0	0.0	0.0		0.0	False	False	False	0.3926588133740238	0.0	0.0	0.0	0.0
test	NZ_JBUDOQ010000244.1	NZ_RRSI01000312.1	0.0	[0, 0.01)	3252.5866666666666	949	3725	0.0	0.0	0.0		0.0	False	False	False	0.8168374174606609	0.0	0.0	0.0	0.0
test	NZ_CP044725.1	NZ_JASISH010000008.1	0.0	[0, 0.01)	3252.5866666666666	452	38606	0.0	0.0	0.0		0.0	False	False	False	0.7333506566772744	0.0	0.0	0.0	0.0
test	NZ_CP070140.1	NZ_CP169394.1	0.0	[0, 0.01)	3252.5866666666666	1713	60531	0.0	0.0	0.0		0.0	False	False	False	0.8626987003564467	0.0	0.0	0.0	0.0
test	NZ_JBDYHN010000057.1	NZ_CP169394.1	0.0	[0, 0.01)	3252.5866666666666	326	60531	0.0	0.0	0.0		0.0	False	False	False	0.7201814840492597	0.0	0.0	0.0	0.0
test	NZ_JAZFNE020000118.1	NZ_CP193677.1	0.0	[0, 0.01)	3252.5866666666666	1159	75727	0.0	0.0	0.0		0.0	False	False	False	0.7649634464802992	0.0	0.0	0.0	0.0
test	NZ_OZ543429.1	NC_021289.1	0.0	[0, 0.01)	3252.5866666666666	3257	1275199	0.0	0.0	0.0		0.0	False	False	False	0.5308516433555206	0.0	0.0	0.0	0.0
test	NZ_PGEF01000268.1	NZ_CP054622.1	0.0	[0, 0.01)	3252.5866666666666	6001	305146	0.0	0.0	0.0		0.0	False	False	False	0.476736328271541	0.0	0.0	0.0	0.0
test	NZ_CP188146.1	NZ_CP194199.1	0.0	[0, 0.01)	3252.5866666666666	10566	40094	0.0	0.0	0.0		0.0	False	False	False	0.8683730635788381	0.0	0.0	0.0	0.0
test	NZ_LR890196.1	CP077355.1	0.0	[0, 0.01)	3252.5866666666666	3377	4245	0.2561445069588392	0.2028268551236749	0.2028268551236749	80.674	0.2561445069588392	False	False	False	0.8280571032798028	0.04772234273318872	0.0421455938697318	0.0	0.0
test	NZ_CP147289.1	CP057191.1	0.0	[0, 0.01)	3252.5866666666666	12389	102988	0.0	0.0	0.0		0.0	False	False	False	0.5858337421216715	0.0	0.0	0.0	0.0
test	NZ_JBJUUB010000012.1	NZ_JACKZP010000269.1	0.0	[0, 0.01)	3252.5866666666666	35887	54107	0.0	0.0	0.0		0.0	False	False	False	0.9364349031593878	0.0	0.0	0.0	0.0
test	NZ_NPMK01000059.1	NZ_CP195101.1	0.0	[0, 0.01)	3252.5866666666666	6145	81245	0.0	0.0	0.0		0.0	False	False	False	0.543949152371466	0.0	0.0	0.0	0.0
test	NZ_JAETXO010000005.1	NZ_CP047175.1	0.0	[0, 0.01)	3252.5866666666666	57095	127215	0.0	0.0	0.0		0.0	False	False	False	0.5345650059232461	0.0	0.0	0.0	0.0
test	NZ_RBVK01000329.1	NZ_CP127858.1	0.0	[0, 0.01)	3252.5866666666666	217	143092	0.0	0.0	0.0		0.0	False	False	False	0.2562347809678713	0.0	0.0	0.0	0.0
test	NZ_JBPXRK010000028.1	NZ_CP031945.1	0.0	[0, 0.01)	3252.5866666666666	575	35774	0.0	0.0	0.0		0.0	False	False	False	0.7062844202211142	0.0	0.0	0.0	0.0
test	NZ_CP089602.1	NZ_CP195365.1	0.0	[0, 0.01)	3252.5866666666666	61063	137286	0.0	0.0	0.0		0.0	False	False	False	0.7767142273255709	0.0	0.0	0.0	0.0
test	NZ_CP077307.1	NZ_JPKP01000008.1	0.0	[0, 0.01)	3252.5866666666666	5594	508639	0.0	0.0	0.0		0.0	False	False	False	0.7958410574717759	0.0	0.0	0.0	0.0
test	NZ_CP189816.1	NZ_JBYKVX010000002.1	0.0	[0, 0.01)	3252.5866666666666	10362	17631	0.0	0.0	0.0		0.0	False	False	False	0.37557977512862745	0.0	0.0	0.0	0.0
test	NZ_JBYCLN010000002.1	NZ_MF978389.1	0.0	[0, 0.01)	3252.5866666666666	4577	52740	0.0	0.0	0.0		0.0	False	False	False	0.8469304022321683	0.0	0.0	0.0	0.0
test	NZ_CP160233.1	NZ_CP153791.1	0.0	[0, 0.01)	3252.5866666666666	7383	292610	0.0	0.0	0.0		0.0	False	False	False	0.7934628238387131	0.0	0.0	0.0	0.0
test	NZ_JCAMUL010000024.1	NZ_CP153791.1	0.0	[0, 0.01)	3252.5866666666666	6987	292610	0.0	0.0	0.0		0.0	False	False	False	0.7974929733198067	0.0	0.0	0.0	0.0
test	NZ_JBPXRN010000100.1	NZ_CP153791.1	0.0	[0, 0.01)	3252.5866666666666	6247	292610	0.0	0.0	0.0		0.0	False	False	False	0.6339204672312059	0.0	0.0	0.0	0.0
test	NZ_CP041069.1	NZ_CP183354.1	0.0	[0, 0.01)	3252.5866666666666	127210	162681	0.0	0.0	0.0		0.0	False	False	False	0.770746497349554	0.0	0.0	0.0	0.0
test	NZ_CP146641.1	AP028509.1	0.0	[0, 0.01)	3252.5866666666666	16215	39642	0.0	0.0	0.0		0.0	False	False	False	0.8654037731312674	0.0	0.0	0.0	0.0
test	NZ_CP146641.1	NZ_MW356909.1	0.0	[0, 0.01)	3252.5866666666666	16215	249475	0.0	0.0	0.0		0.0	False	False	False	0.780315501304474	0.0	0.0	0.0	0.0
test	HG796462.1	CP082152.1	0.0	[0, 0.01)	3252.5866666666666	1762	2495	0.0	0.0	0.0		0.0	False	False	False	0.8325879484161276	0.0	0.0	0.0	0.0
test	NZ_CP014146.1	NZ_JBTVQB010000002.1	0.0	[0, 0.01)	3252.5866666666666	5926	264975	0.0	0.0	0.0		0.0	False	False	False	0.5872329114642929	0.0	0.0	0.0	0.0
test	NC_019374.1	NZ_OW485606.1	0.0	[0, 0.01)	3252.5866666666666	5903	112258	0.0	0.0	0.0		0.0	False	False	False	0.4858065165349154	0.0	0.0	0.0	0.0
test	NZ_LKXM01000065.1	NZ_CP089446.1	0.0	[0, 0.01)	3252.5866666666666	6974	129071	0.0	0.0	0.0		0.0	False	False	False	0.674194668395556	0.0	0.0	0.0	0.0
test	NZ_CP091696.1	NZ_RROE01000117.1	0.0	[0, 0.01)	3252.5866666666666	3461	4495	0.0	0.0	0.0		0.0	False	False	False	0.7671618319316426	0.0	0.0	0.0	0.0
test	NZ_JAIVKF010000060.1	NZ_CP133428.1	0.0	[0, 0.01)	3252.5866666666666	26740	45040	0.0	0.0	0.0		0.0	False	False	False	0.8900053954838891	0.0	0.0	0.0	0.0
test	NZ_JAIVKF010000060.1	NZ_CP129713.1	0.0	[0, 0.01)	3252.5866666666666	26740	106834	0.0	0.0	0.0		0.0	False	False	False	0.6482473950886062	0.0	0.0	0.0	0.0
test	AP028509.1	CP052444.1	0.0	[0, 0.01)	3252.5866666666666	39642	174931	0.0	0.0	0.0		0.0	False	False	False	0.9755923091048752	0.0	0.0	0.0	0.0
test	NZ_CP041115.1	NZ_CP026393.1	0.0	[0, 0.01)	3252.5866666666666	6078	6761	0.0	0.0	0.0		0.0	False	False	False	0.9248832428894357	0.0025252525252525255	0.002197802197802198	0.14285714285714285	0.06666666666666667
test	NC_019374.1	NZ_CP015368.1	0.0	[0, 0.01)	3252.5866666666666	5903	144167	0.0	0.0	0.0		0.0	False	False	False	0.5490060358855193	0.0	0.0	0.0	0.0
test	NZ_CP176758.1	NZ_CP014496.1	0.0	[0, 0.01)	3252.5866666666666	8612	114223	0.0	0.0	0.0		0.0	False	False	False	0.7710246484095017	0.0	0.0	0.0	0.0
test	NC_011260.1	NZ_BK010831.1	0.0	[0, 0.01)	3252.5866666666666	52772	365425	0.0	0.0	0.0		0.0	False	False	False	0.4010315003184189	0.0	0.0	0.0	0.0
test	NZ_CP138572.1	NZ_MF381176.1	0.0	[0, 0.01)	3252.5866666666666	32043	36502	0.0513996816777455	0.0451208152977919	0.0451208152977919	99.57531936854888	0.0513996816777455	False	False	False	0.9608406994225882	0.028282828282828285	0.0273972602739726	0.02631578947368421	0.0125
test	NZ_JBPXQU010000055.1	NZ_CP150953.1	0.0	[0, 0.01)	3252.5866666666666	13398	16564	0.0	0.0	0.0		0.0	False	False	False	0.5672648050136883	0.0	0.0	0.0	0.0
test	NZ_JAMYDH010000239.1	NZ_KX636095.1	0.0	[0, 0.01)	3252.5866666666666	253	335317	0.0	0.0	0.0		0.0	False	False	False	0.7090931460379176	0.0	0.0	0.0	0.0
test	NZ_CP121558.1	NZ_KX636095.1	0.0	[0, 0.01)	3252.5866666666666	17462	335317	0.0	0.0	0.0		0.0	False	False	False	0.7701488720048825	0.0	0.0	0.0	0.0
test	NZ_JBHEIZ010000062.1	NZ_CP114566.1	0.0	[0, 0.01)	3252.5866666666666	1096	210045	0.958029197080292	0.0049989288009712	0.0049989288009712	99.714	0.958029197080292	False	False	True	0.8429080131884771	0.6	0.0036101083032490976	1.0	0.004098360655737705
test	NZ_JBHEIZ010000062.1	NZ_CP134608.1	0.0	[0, 0.01)	3252.5866666666666	1096	103521	0.0	0.0	0.0		0.0	False	False	False	0.745365523609613	0.0	0.0	0.0	0.0
test	NZ_OZ123584.1	NZ_CP032156.1	0.0	[0, 0.01)	3252.5866666666666	51700	221756	0.0	0.0	0.0		0.0	False	False	False	0.9903338532819863	0.0	0.0	0.0784313725490196	0.014652014652014652
test	NZ_OZ410649.1	NZ_CP025961.1	0.0	[0, 0.01)	3252.5866666666666	21424	80954	0.0	0.0	0.0		0.0	False	False	False	0.4512709819895654	0.0	0.0	0.0	0.0
test	NZ_JBTOOD010000002.1	NZ_CP090153.1	0.0	[0, 0.01)	3252.5866666666666	53989	512208	0.0	0.0	0.0		0.0	False	False	False	0.49946080092069045	0.0	0.0	0.0	0.0
test	CP128668.1	NZ_PQ279301.1	0.0031948881789137	[0, 0.01)	3252.5866666666666	30836	283375	0.0803606174601115	0.0087445963828848	0.0087445963828848	99.95953591606134	0.0803606174601115	False	False	False	0.9451561385891969	0.09523809523809523	0.010999083409715857	0.05405405405405406	0.005747126436781609
test	NZ_LR214985.1	NZ_CP122978.1	0.0	[0, 0.01)	3252.5866666666666	4512	6349	0.0	0.0	0.0		0.0	False	False	False	0.9142513492199926	0.0	0.0	0.0	0.0
test	NZ_CP120540.1	NZ_LR214985.1	0.0	[0, 0.01)	3252.5866666666666	2683	4512	0.0	0.0	0.0		0.0	False	False	False	0.8266552597842506	0.0	0.0	0.0	0.0
test	NZ_JBWLLN010000011.1	NZ_CP077305.1	0.0	[0, 0.01)	3252.5866666666666	2830	11469	0.0	0.0	0.0		0.0	False	False	False	0.8993891757895353	0.0	0.0	0.0	0.0
test	NZ_CP145710.1	NZ_CP181341.1	0.0	[0, 0.01)	3252.5866666666666	95144	255750	0.0	0.0	0.0		0.0	False	False	False	0.9000115999127486	0.0	0.0	0.009433962264150943	0.003115264797507788
test	NZ_JBWBTV010000017.1	NZ_JCBEAH010000002.1	0.0	[0, 0.01)	3252.5866666666666	1151	7162	0.0	0.0	0.0		0.0	False	False	False	0.48360387105192154	0.0	0.0	0.0	0.0
test	OW967952.1	NZ_RRHS01000157.1	0.0	[0, 0.01)	3252.5866666666666	9294	12301	0.0	0.0	0.0		0.0	False	False	False	0.8167642894481111	0.0	0.0	0.0	0.0
test	NZ_CP115677.1	NZ_MK477611.1	0.0	[0, 0.01)	3252.5866666666666	4911	263466	0.0232131948686621	0.0004326934025642	0.0004326934025642	100.0	0.0232131948686621	False	False	False	0.8957595674225326	0.0	0.0	0.14285714285714285	0.0036101083032490976
test	NZ_CP074503.1	NZ_LR135445.1	0.0	[0, 0.01)	3252.5866666666666	627	58508	0.0	0.0	0.0		0.0	False	False	False	0.5251765830557666	0.0	0.0	0.0	0.0
test	NZ_CP074503.1	NZ_CP195911.1	0.0	[0, 0.01)	3252.5866666666666	627	31089	0.0	0.0	0.0		0.0	False	False	False	0.6473599082002323	0.0	0.0	0.0	0.0
test	NZ_CP009965.1	NZ_JAQMUU010000004.1	0.0	[0, 0.01)	3252.5866666666666	4983	101631	0.0	0.0	0.0		0.0	False	False	False	0.738270175350149	0.0	0.0	0.0	0.0
test	NZ_NBOR01000076.1	NZ_CP009965.1	0.0	[0, 0.01)	3252.5866666666666	854	4983	0.0	0.0	0.0		0.0	False	False	False	0.49833278848278295	0.0	0.0	0.0	0.0
test	NZ_CP157121.1	NZ_CP153616.1	0.0	[0, 0.01)	3252.5866666666666	10552	40392	0.0	0.0	0.0		0.0	False	False	False	0.8822187101800698	0.0	0.0	0.0	0.0
test	NZ_CP012642.1	NZ_CP121376.1	0.0	[0, 0.01)	3252.5866666666666	14623	101824	0.0	0.0	0.0		0.0	False	False	False	0.6216063719528878	0.0	0.0	0.0	0.0
test	NZ_RRKA01000078.1	NZ_CP012642.1	0.0	[0, 0.01)	3252.5866666666666	1207	14623	0.0	0.0	0.0		0.0	False	False	False	0.7454461159037921	0.0	0.0	0.0	0.0
test	NZ_RREW01000095.1	NZ_KY019259.1	0.0	[0, 0.01)	3252.5866666666666	4950	249153	0.298989898989899	0.005944138742058	0.005944138742058	99.72956650911549	0.298989898989899	False	False	False	0.9590637104817914	0.375	0.006342494714587738	0.0	0.0
test	NZ_CP159743.1	NZ_CP037841.1	0.0	[0, 0.01)	3252.5866666666666	3679	62461	0.0	0.0	0.0		0.0	False	False	False	0.6174039836116123	0.0	0.0	0.0	0.0
test	NZ_JBVWFR010000005.1	NZ_JBTAPC010000002.1	0.0	[0, 0.01)	3252.5866666666666	2319	126207	0.0	0.0	0.0		0.0	False	False	False	0.9153545553177105	0.0	0.0	0.0	0.0
test	NZ_JBFRXW010000014.1	NZ_CP127858.1	0.0	[0, 0.01)	3252.5866666666666	40934	143092	0.0	0.0	0.0		0.0	False	False	False	0.6098577262804339	0.0	0.0	0.0	0.0
test	NZ_LT984491.1	NZ_CP072221.1	0.0	[0, 0.01)	3252.5866666666666	6213	9081	0.0	0.0	0.0		0.0	False	False	False	0.7561132661645421	0.0	0.0	0.0	0.0
test	NZ_CP072221.1	NZ_BK010831.1	0.0	[0, 0.01)	3252.5866666666666	9081	365425	0.0	0.0	0.0		0.0	False	False	False	0.723840158437741	0.0	0.0	0.0	0.0
test	NZ_CP016902.1	NZ_MUMX01000050.1	0.0	[0, 0.01)	3252.5866666666666	4066	10929	0.0	0.0	0.0		0.0	False	False	False	0.8754797696033156	0.0	0.0	0.0	0.0
test	NZ_NTGK01000119.1	NZ_CP016902.1	0.0	[0, 0.01)	3252.5866666666666	2423	4066	0.0	0.0	0.0		0.0	False	False	False	0.8577980767113814	0.0	0.0	0.0	0.0
test	NZ_JBHGBQ010000321.1	NZ_CP049236.1	0.0	[0, 0.01)	3252.5866666666666	334	1324	0.0	0.0	0.0		0.0	False	False	False	0.7173222803293641	0.0	0.0	0.0	0.0
test	NZ_JBTYIM010000004.1	NZ_CP096484.1	0.0	[0, 0.01)	3252.5866666666666	9590	101027	0.0	0.0	0.0		0.0	False	False	False	0.9208300661320279	0.0	0.0	0.0	0.0
test	NZ_CP043890.1	CP082669.1	0.0	[0, 0.01)	3252.5866666666666	77059	99345	0.0	0.0	0.0		0.0	False	False	False	0.7697558548523621	0.0	0.0	0.0	0.0
test	NZ_QWDG01000034.1	NZ_JBREXI010000002.1	0.0	[0, 0.01)	3252.5866666666666	1628	445804	0.0	0.0	0.0		0.0	False	False	False	0.3736806883184039	0.0	0.0	0.0	0.0
test	NZ_CP076131.1	NZ_JBYYIK010000003.1	0.0	[0, 0.01)	3252.5866666666666	46486	144341	0.0	0.0	0.0		0.0	False	False	False	0.6951633201438244	0.0	0.0	0.0	0.0
test	NZ_JBSEID010000003.1	AP023016.1	0.0	[0, 0.01)	3252.5866666666666	38224	74401	0.0	0.0	0.0		0.0	False	False	False	0.4958632413745651	0.0	0.0	0.0	0.0
test	NZ_LAUE01000018.1	NZ_JAKVSC010000054.1	0.0	[0, 0.01)	3252.5866666666666	582	25286	0.0	0.0	0.0		0.0	False	False	False	0.7129163810441891	0.0	0.0	0.0	0.0
test	NZ_LAUE01000018.1	NZ_MT039165.1	0.0	[0, 0.01)	3252.5866666666666	582	105896	0.0	0.0	0.0		0.0	False	False	False	0.7455955206381172	0.0	0.0	0.0	0.0
test	NZ_LAUE01000018.1	NZ_JBNGOB010000022.1	0.0	[0, 0.01)	3252.5866666666666	582	64143	0.0	0.0	0.0		0.0	False	False	False	0.7531909849534693	0.0	0.0	0.0	0.0
test	NZ_CP011613.1	NZ_ON390820.1	0.0	[0, 0.01)	3252.5866666666666	5410	190661	0.0	0.0	0.0		0.0	False	False	False	0.9346747512388545	0.0	0.0	0.0	0.0
test	NZ_CP032276.1	NZ_CP042327.1	0.0	[0, 0.01)	3252.5866666666666	8540	82066	0.0	0.0	0.0		0.0	False	False	False	0.9235107804149066	0.0	0.0	0.0	0.0
test	NZ_CP184170.1	CP090300.1	0.0	[0, 0.01)	3252.5866666666666	47591	53824	0.0	0.0	0.0		0.0	False	False	False	0.9005158857032345	0.0	0.0	0.0	0.0
test	NZ_LHYS01000049.1	NZ_CP184170.1	0.0	[0, 0.01)	3252.5866666666666	1627	47591	0.0	0.0	0.0		0.0	False	False	False	0.8560978977941222	0.0	0.0	0.0	0.0
test	NZ_LR890682.1	NZ_CP169909.1	0.0	[0, 0.01)	3252.5866666666666	5783	155489	0.0	0.0	0.0		0.0	False	False	False	0.9255301401009992	0.0	0.0	0.0	0.0
test	NZ_CP157926.1	NZ_CP143302.1	0.0	[0, 0.01)	3252.5866666666666	4041	83020	0.0	0.0	0.0		0.0	False	False	False	0.5970407279398088	0.0	0.0	0.0	0.0
test	NZ_JBHEJP010000079.1	NZ_CP032276.1	0.0	[0, 0.01)	3252.5866666666666	2888	8540	0.0	0.0	0.0		0.0	False	False	False	0.8440393093954504	0.0	0.0	0.0	0.0
test	NZ_CP160233.1	NZ_CP169108.1	0.0	[0, 0.01)	3252.5866666666666	7383	74529	0.0	0.0	0.0		0.0	False	False	False	0.7518683807571316	0.0	0.0	0.0	0.0
test	CP148563.1	NZ_JCAZUY010000003.1	0.0	[0, 0.01)	3252.5866666666666	1021	147620	0.0	0.0	0.0		0.0	False	False	False	0.816179379879541	0.0	0.0	0.0	0.0
test	NZ_RRHQ01000168.1	NZ_JBYHAU010000002.1	0.0	[0, 0.01)	3252.5866666666666	1714	9750	0.0	0.0	0.0		0.0	False	False	False	0.6965256089353195	0.0	0.0	0.0	0.0
test	NC_025158.1	NZ_AP020328.1	0.0	[0, 0.01)	3252.5866666666666	1821	39206	0.0	0.0	0.0		0.0	False	False	False	0.521619536510191	0.0	0.0	0.0	0.0
test	NZ_JBVWFR010000002.1	NZ_CP049847.1	0.0	[0, 0.01)	3252.5866666666666	58585	90408	0.0	0.0	0.0		0.0	False	False	False	0.970130219162341	0.0	0.0	0.0	0.0
test	NZ_CP050774.1	NZ_CP033890.1	0.0	[0, 0.01)	3252.5866666666666	4677	34427	0.0	0.0	0.0		0.0	False	False	False	0.9287312221544488	0.0	0.0	0.0	0.0
test	NZ_AP024364.1	NZ_CP139045.1	0.0	[0, 0.01)	3252.5866666666666	29690	155588	0.0	0.0	0.0		0.0	False	False	False	0.24826820293097396	0.0	0.0	0.0	0.0
test	NZ_JBPXRK010000028.1	NZ_JBSMIW010000007.1	0.0	[0, 0.01)	3252.5866666666666	575	30659	0.0	0.0	0.0		0.0	False	False	False	0.5488881219126985	0.0	0.0	0.0	0.0
test	NZ_JBPXRK010000028.1	NZ_CP195975.1	0.0	[0, 0.01)	3252.5866666666666	575	62763	0.0	0.0	0.0		0.0	False	False	False	0.531410971008792	0.0	0.0	0.0	0.0
test	NZ_JBRXAB010000004.1	CP101962.1	0.0	[0, 0.01)	3252.5866666666666	62657	82673	0.0058892063137398	0.0044512718783641	0.0044512718783641	91.105	0.0058892063137398	False	False	False	0.9299511077637289	0.0	0.0	0.012195121951219513	0.005747126436781609
test	NZ_PUWY01000076.1	CP077968.1	0.0	[0, 0.01)	3252.5866666666666	15802	224978	0.0	0.0	0.0		0.0	False	False	False	0.24613565940447754	0.0	0.0	0.0	0.0
test	NZ_NTHV01000058.1	NZ_CP179429.1	0.0	[0, 0.01)	3252.5866666666666	14083	25577	0.0	0.0	0.0		0.0	False	False	False	0.6189340965428883	0.0	0.0	0.0	0.0
test	NZ_CP121804.1	NC_003080.1	0.0	[0, 0.01)	3252.5866666666666	2188	14323	0.0	0.0	0.0		0.0	False	False	False	0.6808331882401224	0.0	0.0	0.0	0.0
test	NZ_CP050383.1	NZ_JBUPXY010000003.1	0.0	[0, 0.01)	3252.5866666666666	4081	72356	0.0	0.0	0.0		0.0	False	False	False	0.7984877017175597	0.0	0.0	0.0	0.0
test	NZ_CP019016.1	NZ_OR388869.1	0.0	[0, 0.01)	3252.5866666666666	37756	94213	0.0	0.0	0.0		0.0	False	False	False	0.8644947685795515	0.0	0.0	0.018867924528301886	0.0064516129032258064
test	NZ_JACKZL010001154.1	NZ_OR388869.1	0.0	[0, 0.01)	3252.5866666666666	2033	94213	0.0	0.0	0.0		0.0	False	False	False	0.741474709495835	0.0	0.0	0.0	0.0
test	NZ_JACKZM010000479.1	NZ_OR388869.1	0.0	[0, 0.01)	3252.5866666666666	657	94213	0.0	0.0	0.0		0.0	False	False	False	0.456384298902452	0.0	0.0	0.0	0.0
test	NZ_JBTLGV010000002.1	NZ_CP025252.1	0.0	[0, 0.01)	3252.5866666666666	2167	33924	0.0	0.0	0.0		0.0	False	False	False	0.8888610433161724	0.0	0.0	0.0	0.0
test	NZ_CP137068.1	NZ_CP086389.1	0.0	[0, 0.01)	3252.5866666666666	88892	142329	0.0	0.0	0.0		0.0	False	False	False	0.8970911257847285	0.0	0.0	0.0	0.0
test	NZ_LT984491.1	NZ_CP149118.1	0.0	[0, 0.01)	3252.5866666666666	6213	29666	0.0	0.0	0.0		0.0	False	False	False	0.5692975907783806	0.0	0.0	0.0	0.0
test	NZ_CP097621.1	NZ_JBRQKX020000003.1	0.0	[0, 0.01)	3252.5866666666666	3346	3504	0.0	0.0	0.0		0.0	False	False	False	0.7358475787939799	0.0	0.0	0.0	0.0
test	NZ_JBQSUM010000013.1	CP130047.1	0.0	[0, 0.01)	3252.5866666666666	2529	1665781	0.0	0.0	0.0		0.0	False	False	False	0.9340266771175799	0.0	0.0	0.0	0.0
test	NZ_JBRAZL010000004.1	NZ_CP080022.1	0.0	[0, 0.01)	3252.5866666666666	2600	2817	0.0	0.0	0.0		0.0	False	False	False	0.8976848203238549	0.0	0.0	0.0	0.0
test	NZ_CP044530.1	NZ_JBPCCI020000003.1	0.0	[0, 0.01)	3252.5866666666666	1491	15038	0.0	0.0	0.0		0.0	False	False	False	0.8685905727655172	0.0	0.0	0.0	0.0
test	NZ_POWG01000108.1	NZ_JBPCCI020000003.1	0.0	[0, 0.01)	3252.5866666666666	927	15038	0.0	0.0	0.0		0.0	False	False	False	0.4417626587235105	0.0	0.0	0.0	0.0
test	NZ_CP081347.1	NZ_JBPXRN010000006.1	0.0	[0, 0.01)	3252.5866666666666	53860	82530	0.0	0.0	0.0		0.0	False	False	False	0.42576728377740464	0.0	0.0	0.0	0.0
test	NZ_JBRXVE010000072.1	NZ_CP035507.1	0.0	[0, 0.01)	3252.5866666666666	1377	103683	0.0	0.0	0.0		0.0	False	False	False	0.6206532184890695	0.0	0.0	0.0	0.0
test	NZ_JBRRYG010000014.1	NZ_CP088223.1	0.0	[0, 0.01)	3252.5866666666666	95397	277693	0.0011635586024717	0.0003997219951529	0.0003997219951529	100.0	0.0011635586024717	False	False	False	0.9012514493515358	0.0	0.0	0.0	0.0
test	NZ_JBZWVU010000002.1	NZ_CP022063.1	0.0	[0, 0.01)	3252.5866666666666	171746	173817	0.0159421471242416	0.0157694586835579	0.0157694586835579	78.8846265845708	0.0159421471242416	False	False	False	0.9735817818400295	0.0014771048744460858	0.001445086705202312	0.015151515151515152	0.006153846153846154
test	NZ_OZ411296.1	NZ_CP046265.1	0.0	[0, 0.01)	3252.5866666666666	3015	40982	0.0	0.0	0.0		0.0	False	False	False	0.7817039378858632	0.0	0.0	0.0	0.0
test	NZ_OZ260848.1	NZ_CP060975.1	0.0	[0, 0.01)	3252.5866666666666	9824	112054	0.0	0.0	0.0		0.0	False	False	False	0.8627502722477317	0.0	0.0	0.0	0.0
test	NZ_CP124432.1	NC_009702.1	0.0	[0, 0.01)	3252.5866666666666	6647	56628	0.0	0.0	0.0		0.0	False	False	False	0.8903056645774472	0.0	0.0	0.0	0.0
test	NZ_CP138520.1	NZ_CP086895.1	0.0	[0, 0.01)	3252.5866666666666	5596	82231	0.0	0.0	0.0		0.0	False	False	False	0.792346314939021	0.0	0.0	0.0	0.0
test	NZ_JBSSAV010000019.1	NZ_PV654737.1	0.0	[0, 0.01)	3252.5866666666666	2342	15720	0.0	0.0	0.0		0.0	False	False	False	0.6624472384916318	0.0	0.0	0.0	0.0
test	CP016042.1	NZ_CP014408.1	0.0	[0, 0.01)	3252.5866666666666	3205	27098	0.0	0.0	0.0		0.0	False	False	False	0.8038221690888107	0.0	0.0	0.0	0.0
test	NC_017643.1	OW849481.1	0.0	[0, 0.01)	3252.5866666666666	65549	105977	0.003325756304444	0.0020570501146475	0.0020570501146475	82.353	0.003325756304444	False	False	False	0.9661658004552998	0.0	0.0	0.014084507042253521	0.005376344086021506
test	NC_007615.1	NZ_CP169382.1	0.0	[0, 0.01)	3252.5866666666666	18871	53894	0.0	0.0	0.0		0.0	False	False	False	0.9446167526500583	0.0	0.0	0.0	0.0
test	NZ_PGEF01000257.1	NZ_RRSB01000284.1	0.0	[0, 0.01)	3252.5866666666666	207	2876	0.0	0.0	0.0		0.0	False	False	False	0.6553675623955797	0.0	0.0	0.0	0.0
test	NZ_JANUNI010000004.1	NZ_RRSB01000284.1	0.0	[0, 0.01)	3252.5866666666666	2694	2876	0.0	0.0	0.0		0.0	False	False	False	0.7545815795216154	0.0	0.0	0.0	0.0
test	CP052164.1	NZ_CP123976.1	0.0	[0, 0.01)	3252.5866666666666	92461	131650	0.0	0.0	0.0		0.0	False	False	False	0.8832923330783042	0.0	0.0	0.0	0.0
test	NZ_CP149128.1	NZ_CP081945.1	0.0	[0, 0.01)	3252.5866666666666	37925	41441	0.0	0.0	0.0		0.0	False	False	False	0.9513794924361977	0.0	0.0	0.0	0.0
test	NZ_CP014372.1	NZ_JBJUUB010000011.1	0.0	[0, 0.01)	3252.5866666666666	3125	9513	0.0	0.0	0.0		0.0	False	False	False	0.924514016001436	0.0	0.0	0.0	0.0
test	NZ_JABRWL010000002.1	CP034839.1	0.0	[0, 0.01)	3252.5866666666666	40986	556163	0.0	0.0	0.0		0.0	False	False	False	0.8880486078560973	0.0	0.0	0.0	0.0
test	NZ_MT230121.1	NZ_CP032156.1	0.0	[0, 0.01)	3252.5866666666666	310	221756	0.0	0.0	0.0		0.0	False	False	False	0.6759116377403293	0.0	0.0	0.0	0.0
test	NZ_CP077909.1	NZ_CP025510.1	0.0	[0, 0.01)	3252.5866666666666	46752	217776	0.0	0.0	0.0		0.0	False	False	False	0.46870265693289226	0.0	0.0	0.0	0.0
test	NZ_PHSM01000007.1	NZ_JBRZEZ010000005.1	0.0	[0, 0.01)	3252.5866666666666	435	2089	0.0	0.0	0.0		0.0	False	False	False	0.648452322081786	0.0	0.0	0.0	0.0
test	CP052221.1	NZ_JBJUUA010000006.1	0.0	[0, 0.01)	3252.5866666666666	5219	10750	0.0	0.0	0.0		0.0	False	False	False	0.7604065206788093	0.0	0.0	0.0	0.0
test	NZ_LHAT01000261.1	NZ_MT560079.1	0.0	[0, 0.01)	3252.5866666666666	289	68684	0.0	0.0	0.0		0.0	False	False	False	0.7066108350232408	0.0	0.0	0.0	0.0
test	NZ_JBPXQY010000058.1	NZ_CP038210.1	0.0	[0, 0.01)	3252.5866666666666	1719	37260	0.0	0.0	0.0		0.0	False	False	False	0.8416235953503607	0.0	0.0	0.0	0.0
test	NZ_JBPXQY010000058.1	NZ_CP071270.1	0.0	[0, 0.01)	3252.5866666666666	1719	2495	0.0	0.0	0.0		0.0	False	False	False	0.6006427850140212	0.0	0.0	0.0	0.0
test	NZ_CP093253.1	NC_010479.1	0.0	[0, 0.01)	3252.5866666666666	8725	38515	0.0	0.0	0.0		0.0	False	False	False	0.9173863086643436	0.0	0.0	0.0	0.0
test	NZ_OZ544351.1	NZ_JBZGGV010000003.1	0.0	[0, 0.01)	3252.5866666666666	101533	215968	0.0	0.0	0.0		0.0	False	False	False	0.8579921354177251	0.0	0.0	0.0	0.0
test	NZ_JBZCYR010000002.1	NZ_CP098439.1	0.0	[0, 0.01)	3252.5866666666666	88783	109442	0.0	0.0	0.0		0.0	False	False	False	0.8965259821027923	0.0	0.0	0.0	0.0
test	NZ_MH634987.1	NZ_CP158837.1	0.0	[0, 0.01)	3252.5866666666666	26824	320462	0.0	0.0	0.0		0.0	False	False	False	0.8848731732687574	0.0	0.0	0.0	0.0
test	NZ_MH634987.1	NZ_CP059994.1	0.0	[0, 0.01)	3252.5866666666666	26824	312426	0.0	0.0	0.0		0.0	False	False	False	0.4352730062086651	0.0	0.0	0.0	0.0
test	CP060168.1	NZ_CP071470.1	0.0	[0, 0.01)	3252.5866666666666	1975	107082	0.0	0.0	0.0		0.0	False	False	False	0.7364847365823729	0.0	0.0	0.0	0.0
test	NZ_JBRXNM010000013.1	NZ_AP042702.1	0.0	[0, 0.01)	3252.5866666666666	6948	97991	0.0247553252734599	0.0017654682572889	0.0017654682572889	89.017	0.0247553252734599	False	False	False	0.947438492484501	0.0	0.0	0.0	0.0
test	NZ_JAUAMW010000043.1	NZ_CP084195.1	0.0	[0, 0.01)	3252.5866666666666	3078	93861	0.0	0.0	0.0		0.0	False	False	False	0.8396552079253811	0.0	0.0	0.0	0.0
test	CP094247.1	NZ_CP133428.1	0.0	[0, 0.01)	3252.5866666666666	10548	45040	0.0	0.0	0.0		0.0	False	False	False	0.9258527509747295	0.0	0.0	0.0	0.0
test	AB011548.2	NZ_PGSA01000449.1	0.0	[0, 0.01)	3252.5866666666666	3306	14053	0.0	0.0	0.0		0.0	False	False	False	0.8429291745764121	0.0	0.0	0.0	0.0
test	NZ_CP095516.1	NZ_PGSA01000449.1	0.0	[0, 0.01)	3252.5866666666666	6466	14053	0.0	0.0	0.0		0.0	False	False	False	0.9075024301548722	0.0	0.0	0.0	0.0
test	NC_003080.1	CP067475.1	0.0	[0, 0.01)	3252.5866666666666	14323	216181	0.0	0.0	0.0		0.0	False	False	False	0.9479553142236551	0.0	0.0	0.0	0.0
test	NZ_JBDYIC010000062.1	NZ_CP196363.1	0.0	[0, 0.01)	3252.5866666666666	576	20073	0.0	0.0	0.0		0.0	False	False	False	0.7979779633033401	0.0	0.0	0.0	0.0
test	NZ_CP024452.1	NZ_AP018744.1	0.0	[0, 0.01)	3252.5866666666666	7553	51983	0.0	0.0	0.0		0.0	False	False	False	0.7422528198938642	0.0	0.0	0.0	0.0
test	NZ_OQ821129.1	NZ_LR134452.1	0.0	[0, 0.01)	3252.5866666666666	72331	385671	0.0	0.0	0.0		0.0	False	False	False	0.7636488250462403	0.0	0.0	0.0	0.0
test	NZ_RRND01000165.1	NZ_CP012279.1	0.0	[0, 0.01)	3252.5866666666666	1600	38024	0.0	0.0	0.0		0.0	False	False	False	0.7536668167677101	0.0	0.0	0.0	0.0
test	NZ_CP080351.1	NZ_CP155730.1	0.0	[0, 0.01)	3252.5866666666666	193800	404262	0.0	0.0	0.0		0.0	False	False	False	0.8693142889688582	0.0	0.0	0.0	0.0
test	NZ_AP025532.1	CP034839.1	0.0	[0, 0.01)	3252.5866666666666	71826	556163	0.0	0.0	0.0		0.0	False	False	False	0.7429983612498076	0.0	0.0	0.0	0.0
test	NZ_CP015123.1	NZ_AP025532.1	0.0	[0, 0.01)	3252.5866666666666	56285	71826	0.0	0.0	0.0		0.0	False	False	False	0.972337532648235	0.0	0.0	0.0	0.0
test	NZ_JBPFEV010000060.1	NZ_CP014059.2	0.0	[0, 0.01)	3252.5866666666666	3360	21970	0.0	0.0	0.0		0.0	False	False	False	0.8429450133622365	0.0	0.0	0.0	0.0
test	NZ_CP014059.2	NZ_CP037868.1	0.0	[0, 0.01)	3252.5866666666666	21970	45188	0.0	0.0	0.0		0.0	False	False	False	0.9483576555881811	0.0	0.0	0.0	0.0
test	NZ_OY725832.1	NZ_CP025275.1	0.0	[0, 0.01)	3252.5866666666666	217	125113	0.0	0.0	0.0		0.0	False	False	False	0.619899608362044	0.0	0.0	0.0	0.0
test	NZ_OZ543613.1	NZ_JANYMF010000003.1	0.0	[0, 0.01)	3252.5866666666666	4446	4615	0.0	0.0	0.0		0.0	False	False	False	0.8175266372304293	0.0	0.0	0.0	0.0
test	CP067475.1	NZ_AP023250.1	0.0	[0, 0.01)	3252.5866666666666	216181	309689	0.0	0.0	0.0		0.0	False	False	False	0.9203305880270932	0.0	0.0	0.0	0.0
test	NZ_CP107168.1	NZ_JBQVBC010000006.1	0.0	[0, 0.01)	3252.5866666666666	4082	11383	0.0	0.0	0.0		0.0	False	False	False	0.9064813874082153	0.0	0.0	0.0	0.0
test	NZ_RRHG01000200.1	NZ_JBQVBC010000006.1	0.0	[0, 0.01)	3252.5866666666666	1986	11383	0.0	0.0	0.0		0.0	False	False	False	0.9168339498452767	0.0	0.0	0.0	0.0
test	NZ_JBQVBC010000006.1	NZ_CP108335.1	0.0	[0, 0.01)	3252.5866666666666	11383	174942	0.0	0.0	0.0		0.0	False	False	False	0.5948387083610327	0.0	0.0	0.0	0.0
test	NZ_OZ260788.1	NZ_CP104759.1	0.0	[0, 0.01)	3252.5866666666666	3033	513647	0.0	0.0	0.0		0.0	False	False	False	0.8380398161269267	0.0	0.0	0.0	0.0
test	NZ_RREL01000124.1	OY726030.1	0.0	[0, 0.01)	3252.5866666666666	8318	16605	0.0	0.0	0.0		0.0	False	False	False	0.9230607322253436	0.0	0.0	0.0	0.0
test	NZ_CP127032.1	NZ_BK010831.1	0.0	[0, 0.01)	3252.5866666666666	4186	365425	0.0	0.0	0.0		0.0	False	False	False	0.663146466160691	0.0	0.0	0.0	0.0
test	NZ_CP127032.1	NZ_PETB01000002.1	0.0	[0, 0.01)	3252.5866666666666	4186	128081	0.0	0.0	0.0		0.0	False	False	False	0.8475969420178644	0.0	0.0	0.0	0.0
test	NZ_AP045063.1	NZ_JBZWVU010000002.1	0.0	[0, 0.01)	3252.5866666666666	93025	171746	0.0015909701693093	0.0007976896114028	0.0007976896114028	80.0	0.0015909701693093	False	False	False	0.9752311199440649	0.0	0.0	0.0380952380952381	0.017167381974248927
test	NZ_SZVT01000166.1	NZ_CP015123.1	0.0	[0, 0.01)	3252.5866666666666	1646	56285	0.0	0.0	0.0		0.0	False	False	False	0.8265303080571541	0.0	0.0	0.0	0.0
test	CP099007.1	NZ_CP084875.1	0.0	[0, 0.01)	3252.5866666666666	41022	199821	0.0	0.0	0.0		0.0	False	False	False	0.9760351583750425	0.0	0.0	0.0	0.0
test	CP024518.1	CP144466.1	0.0	[0, 0.01)	3252.5866666666666	4064	201020	0.0	0.0	0.0		0.0	False	False	False	0.9175762160571646	0.0	0.0	0.0	0.0
test	CP024513.1	NZ_MT039165.1	0.0	[0, 0.01)	3252.5866666666666	3336	105896	0.0	0.0	0.0		0.0	False	False	False	0.9408423154446102	0.0	0.0	0.0	0.0
test	CP024513.1	NZ_MN543579.1	0.0	[0, 0.01)	3252.5866666666666	3336	140128	0.0887290167865707	0.002112354418817	0.002112354418817	92.23	0.0887290167865707	False	False	False	0.945353216053483	0.0	0.0	0.16666666666666666	0.006622516556291391
test	NZ_CP081157.1	NZ_CP033895.1	0.0	[0, 0.01)	3252.5866666666666	117403	125113	0.0	0.0	0.0		0.0	False	False	False	0.8372339707067664	0.0	0.0	0.0078125	0.0038314176245210726
test	CP100008.1	NZ_CP003716.1	0.0	[0, 0.01)	3252.5866666666666	27742	33915	0.0	0.0	0.0		0.0	False	False	False	0.9679610145210318	0.0	0.0	0.0	0.0
test	NZ_CP117695.1	NZ_CP075084.1	0.0	[0, 0.01)	3252.5866666666666	1888	20414	0.0	0.0	0.0		0.0	False	False	False	0.654763314650163	0.0	0.0	0.0	0.0
test	NZ_FO704549.1	NZ_CP021968.1	0.0	[0, 0.01)	3252.5866666666666	8449	24533	0.0	0.0	0.0		0.0	False	False	False	0.9077808109689808	0.0	0.0	0.0	0.0
test	CP125070.1	NZ_CP119590.1	0.0	[0, 0.01)	3252.5866666666666	2113	39166	0.0	0.0	0.0		0.0	False	False	False	0.7764150671549976	0.0	0.0	0.0	0.0
test	NZ_CP095068.1	NZ_CP086856.1	0.0	[0, 0.01)	3252.5866666666666	137784	290594	0.0	0.0	0.0		0.0	False	False	False	0.9198951541309205	0.0	0.0	0.0	0.0
test	NC_011526.1	NC_010891.1	0.0	[0, 0.01)	3252.5866666666666	39280	55216	0.0	0.0	0.0		0.0	False	False	False	0.65296293030814	0.0	0.0	0.0	0.0
test	NZ_CP040364.1	NZ_JBVTJX020000002.1	0.0	[0, 0.01)	3252.5866666666666	4237	257061	0.0	0.0	0.0		0.0	False	False	False	0.8627795916288509	0.0	0.0	0.0	0.0
test	NZ_CP135040.1	NZ_CP133340.1	0.0	[0, 0.01)	3252.5866666666666	6052	108950	0.0	0.0	0.0		0.0	False	False	False	0.5256800806369246	0.0	0.0	0.0	0.0
test	NZ_JACKZL010001050.1	NZ_CP077305.1	0.0	[0, 0.01)	3252.5866666666666	6427	11469	0.0	0.0	0.0		0.0	False	False	False	0.9281418318905588	0.0	0.0	0.0	0.0
test	NZ_RROS01000116.1	NZ_CP062707.1	0.0	[0, 0.01)	3252.5866666666666	1545	35988	0.0	0.0	0.0		0.0	False	False	False	0.8907502118556534	0.0	0.0	0.0	0.0
test	NZ_CP062707.1	NZ_CP066281.1	0.0	[0, 0.01)	3252.5866666666666	35988	51224	0.0	0.0	0.0		0.0	False	False	False	0.9328231846455138	0.0	0.0	0.0	0.0
test	NZ_LHYS01000049.1	NZ_CP133340.1	0.0	[0, 0.01)	3252.5866666666666	1627	108950	0.0	0.0	0.0		0.0	False	False	False	0.5791994796410882	0.0	0.0	0.0	0.0
test	NZ_JBKHUK010000005.1	NC_017659.1	0.0099009900990099	[0, 0.01)	3252.5866666666666	60389	147060	0.0254350957955919	0.0104107167142662	0.0104107167142662	99.67436197916668	0.0254350957955919	False	False	False	0.986441822806634	0.02032520325203252	0.009345794392523364	0.014492753623188406	0.004761904761904762
test	NZ_JBRRYI010000088.1	CP009881.1	0.0	[0, 0.01)	3252.5866666666666	1592	50272	0.0	0.0	0.0		0.0	False	False	False	0.7568611177194554	0.0	0.0	0.0	0.0
test	NZ_JBRRYI010000088.1	NZ_JACKZL010001137.1	0.0	[0, 0.01)	3252.5866666666666	1592	9247	0.0	0.0	0.0		0.0	False	False	False	0.804344304940646	0.0	0.0	0.0	0.0
test	NZ_NPMK01000075.1	NC_012780.1	0.0	[0, 0.01)	3252.5866666666666	30905	626744	0.0	0.0	0.0		0.0	False	False	False	0.9348515251972432	0.0	0.0	0.0	0.0
test	NZ_CP020948.1	NZ_CP032156.1	0.0	[0, 0.01)	3252.5866666666666	215247	221756	0.0	0.0	0.0		0.0	False	False	False	0.9565815398622631	0.0	0.0	0.0	0.0
test	NZ_CP018777.1	NZ_JBYKYR010000002.1	0.0	[0, 0.01)	3252.5866666666666	35236	49142	0.0	0.0	0.0		0.0	False	False	False	0.9495787642812469	0.0	0.0	0.0	0.0
test	NZ_RRMX01000156.1	NZ_JBYKYR010000002.1	0.0	[0, 0.01)	3252.5866666666666	3110	49142	0.0	0.0	0.0		0.0	False	False	False	0.7138406527002257	0.0	0.0	0.0	0.0
test	CP098642.1	NZ_CP081131.1	0.0	[0, 0.01)	3252.5866666666666	4332	193564	0.0	0.0	0.0		0.0	False	False	False	0.4477794343659943	0.0	0.0	0.0	0.0
test	NZ_CP091670.1	NZ_JCDGLJ010000066.1	0.0	[0, 0.01)	3252.5866666666666	3133	4414	0.2103415256942228	0.1497507929315813	0.1497507929315813	90.79923529411764	0.2103415256942228	False	False	False	0.8908079651120119	0.06835443037974684	0.05113636363636364	0.0	0.0
test	NZ_JBTZQO010000007.1	NZ_CP100605.1	0.0	[0, 0.01)	3252.5866666666666	87572	375468	0.0	0.0	0.0		0.0	False	False	False	0.6997144453747369	0.0	0.0	0.014925373134328358	0.0022123893805309734
test	NZ_JAGSGE020000073.1	NZ_CP133275.1	0.0	[0, 0.01)	3252.5866666666666	1729	6408	0.0	0.0	0.0		0.0	False	False	False	0.8097563975394879	0.0	0.0	0.0	0.0
test	NZ_WTXS01000135.1	NZ_JBTZQO010000007.1	0.0	[0, 0.01)	3252.5866666666666	15841	87572	0.0	0.0	0.0		0.0	False	False	False	0.5261046803248698	0.0	0.0	0.0	0.0
test	NZ_CP048669.1	NZ_JBZCYR010000002.1	0.0	[0, 0.01)	3252.5866666666666	6078	88783	0.0	0.0	0.0		0.0	False	False	False	0.9444679946583437	0.0	0.0	0.0	0.0
test	NZ_OY725928.1	NZ_CP098153.1	0.0	[0, 0.01)	3252.5866666666666	49060	110870	0.0	0.0	0.0		0.0	False	False	False	0.9326774543079995	0.0	0.0	0.0	0.0
test	NZ_JBPXQY010000212.1	NZ_CP032171.1	0.0	[0, 0.01)	3252.5866666666666	227	25510	0.0	0.0	0.0		0.0	False	False	False	0.49503514430884654	0.0	0.0	0.0	0.0
test	NZ_JBUPXY010000003.1	NZ_JBRAXZ010000003.1	0.0	[0, 0.01)	3252.5866666666666	72356	118098	0.0	0.0	0.0		0.0	False	False	False	0.7862496431548993	0.0	0.0	0.0	0.0
test	HG796436.1	NZ_JBRAXZ010000003.1	0.0	[0, 0.01)	3252.5866666666666	1950	118098	0.0	0.0	0.0		0.0	False	False	False	0.8758871295340138	0.0	0.0	0.0	0.0
test	NZ_RRHG01000200.1	NZ_CP018943.1	0.0	[0, 0.01)	3252.5866666666666	1986	6647	0.0	0.0	0.0		0.0	False	False	False	0.8763226585423012	0.0	0.0	0.0	0.0
test	NC_007391.1	NZ_JBQTGN010000007.1	0.0	[0, 0.01)	3252.5866666666666	27778	210676	0.0	0.0	0.0		0.0	False	False	False	0.8708485567608294	0.0	0.0	0.0	0.0
test	NZ_CP041682.1	NZ_JAAQFN010000069.1	0.0	[0, 0.01)	3252.5866666666666	4004	9665	0.0	0.0	0.0		0.0	False	False	False	0.858879664097149	0.0	0.0	0.0	0.0
test	NZ_CP034679.1	NZ_CP076366.1	0.0	[0, 0.01)	3252.5866666666666	83909	141504	0.0	0.0	0.0		0.0	False	False	False	0.8567205250909211	0.0	0.0	0.0	0.0
test	NZ_FO704549.1	NZ_JBUDHM010000007.1	0.0	[0, 0.01)	3252.5866666666666	8449	312940	0.0	0.0	0.0		0.0	False	False	False	0.6498781309271919	0.0	0.0	0.0	0.0
test	NZ_JCASKQ010000052.1	NZ_FO704549.1	0.0	[0, 0.01)	3252.5866666666666	6135	8449	0.0	0.0	0.0		0.0	False	False	False	0.9031319394202267	0.0	0.0	0.0	0.0
test	NZ_JBOKGM010000032.1	NZ_CP037868.1	0.0	[0, 0.01)	3252.5866666666666	15499	45188	0.0	0.0	0.0		0.0	False	False	False	0.9046986714917078	0.0	0.0	0.0	0.0
test	LC623922.1	NZ_CP010647.1	0.0	[0, 0.01)	3252.5866666666666	42530	72213	0.0	0.0	0.0		0.0	False	False	False	0.9323190936929607	0.0	0.0	0.0	0.0
test	NZ_CP152448.1	NZ_CP010647.1	0.0	[0, 0.01)	3252.5866666666666	11970	72213	0.0	0.0	0.0		0.0	False	False	False	0.9208172130424821	0.0	0.0	0.0	0.0
test	NZ_PGEG01000663.1	NZ_JBJUTL010000011.1	0.0	[0, 0.01)	3252.5866666666666	376	26925	0.0	0.0	0.0		0.0	False	False	False	0.5555427820140224	0.0	0.0	0.0	0.0
test	CP127542.1	NZ_CP196999.1	0.0	[0, 0.01)	3252.5866666666666	20403	119379	0.0	0.0	0.0		0.0	False	False	False	0.970742086255745	0.0	0.0	0.0	0.0
test	NZ_CP032756.1	NZ_CP194201.1	0.0	[0, 0.01)	3252.5866666666666	26946	50405	0.0	0.0	0.0		0.0	False	False	False	0.7286167497920093	0.0	0.0	0.0	0.0
test	NZ_RRKA01000078.1	NC_017643.1	0.0	[0, 0.01)	3252.5866666666666	1207	65549	0.0	0.0	0.0		0.0	False	False	False	0.8244820468952229	0.0	0.0	0.0	0.0
test	NZ_CP075354.1	NZ_JBICQX010000011.1	0.0	[0, 0.01)	3252.5866666666666	21732	37307	0.0	0.0	0.0		0.0	False	False	False	0.3902355844343512	0.0	0.0	0.047619047619047616	0.014925373134328358
test	NZ_AZAU01000073.1	CP063553.1	0.0	[0, 0.01)	3252.5866666666666	6172	27222	0.0	0.0	0.0		0.0	False	False	False	0.8672901647780874	0.0	0.0	0.0	0.0
test	NZ_JANUNI010000004.1	NZ_CP086985.1	0.0	[0, 0.01)	3252.5866666666666	2694	157665	0.0	0.0	0.0		0.0	False	False	False	0.6364698726369195	0.0	0.0	0.0	0.0
test	NZ_JAGSGE020000073.1	NZ_CP179599.1	0.0	[0, 0.01)	3252.5866666666666	1729	5500	0.0	0.0	0.0		0.0	False	False	False	0.4106734029005507	0.0	0.0	0.0	0.0
test	NZ_CP179599.1	NZ_CP187291.1	0.0	[0, 0.01)	3252.5866666666666	5500	524886	0.0	0.0	0.0		0.0	False	False	False	0.9395099957169715	0.0	0.0	0.0	0.0
test	NZ_CP011613.1	NZ_JBTNQU010000002.1	0.0	[0, 0.01)	3252.5866666666666	5410	244041	0.0	0.0	0.0		0.0	False	False	False	0.9110709664418102	0.0	0.0	0.0	0.0
test	NZ_CP059715.1	NZ_CP102430.1	0.0	[0, 0.01)	3252.5866666666666	45739	98312	0.0	0.0	0.0		0.0	False	False	False	0.8459129254776775	0.0	0.0	0.0	0.0
test	NZ_RRSF01000257.1	NZ_CP048557.1	0.0	[0, 0.01)	3252.5866666666666	2200	16069	0.0	0.0	0.0		0.0	False	False	False	0.7789370505824244	0.0	0.0	0.0	0.0
test	NZ_JBUPXY010000003.1	NZ_JBZGGV010000003.1	0.0	[0, 0.01)	3252.5866666666666	72356	215968	0.0	0.0	0.0		0.0	False	False	False	0.7071726812013934	0.0	0.0	0.0	0.0
test	NZ_OZ410523.1	LR962108.1	0.0	[0, 0.01)	3252.5866666666666	26016	106827	0.0	0.0	0.0		0.0	False	False	False	0.9082462296607212	0.0	0.0	0.0	0.0
test	NZ_RREL01000118.1	NZ_CP152448.1	0.0	[0, 0.01)	3252.5866666666666	10917	11970	0.0	0.0	0.0		0.0	False	False	False	0.9131388878150334	0.0	0.0	0.0	0.0
test	NZ_POWG01000108.1	NZ_JCAQIH010000004.1	0.0	[0, 0.01)	3252.5866666666666	927	52737	0.0	0.0	0.0		0.0	False	False	False	0.8355759036823929	0.0	0.0	0.0	0.0
test	NZ_CP133668.1	NZ_CP012279.1	0.0	[0, 0.01)	3252.5866666666666	35184	38024	0.0	0.0	0.0		0.0	False	False	False	0.9494368401832068	0.0	0.0	0.0	0.0
test	NZ_JAUDQG020000015.1	NZ_MH917123.1	0.0	[0, 0.01)	3252.5866666666666	1925	65604	0.0	0.0	0.0		0.0	False	False	False	0.9036364492972855	0.0	0.0	0.0	0.0
test	NZ_CP145702.1	NZ_CP032104.1	0.0	[0, 0.01)	3252.5866666666666	4074	8399	0.0	0.0	0.0		0.0	False	False	False	0.7954224038648173	0.0	0.0	0.0	0.0
test	NC_016834.1	NZ_CP086388.1	0.0	[0, 0.01)	3252.5866666666666	8953	113047	0.0857813023567519	0.0067936345060019	0.0067936345060019	98.82800000000002	0.0857813023567519	False	False	False	0.8707428774749629	0.05405405405405406	0.004618937644341801	0.0	0.0
test	NZ_CP121558.1	NZ_CP079773.1	0.0	[0, 0.01)	3252.5866666666666	17462	106228	0.0	0.0	0.0		0.0	False	False	False	0.800534722873614	0.0	0.0	0.0	0.0
test	NZ_CP121558.1	NZ_JBWLLO010000003.1	0.0	[0, 0.01)	3252.5866666666666	17462	73335	0.0	0.0	0.0		0.0	False	False	False	0.7484082200943207	0.0	0.0	0.0	0.0
test	NZ_JACKZM010000479.1	NZ_JBPXRN010000100.1	0.0	[0, 0.01)	3252.5866666666666	657	6247	0.0	0.0	0.0		0.0	False	False	False	0.22838305767593806	0.0	0.0	0.0	0.0
test	NZ_JAUDQG020000015.1	NZ_RRSI01000312.1	0.0	[0, 0.01)	3252.5866666666666	1925	3725	0.0	0.0	0.0		0.0	False	False	False	0.8326969968344182	0.0	0.0	0.0	0.0
test	NZ_JAAQFN010000069.1	NZ_CP091218.1	0.0	[0, 0.01)	3252.5866666666666	9665	182818	0.0	0.0	0.0		0.0	False	False	False	0.9355656458616403	0.0	0.0	0.0	0.0
test	NZ_CP177273.1	NZ_AP019534.1	0.0	[0, 0.01)	3252.5866666666666	33680	101731	0.0	0.0	0.0		0.0	False	False	False	0.8635297890812481	0.0	0.0	0.0	0.0
test	NZ_CP133379.1	NZ_CP087065.1	0.0	[0, 0.01)	3252.5866666666666	68504	82447	0.0	0.0	0.0		0.0	False	False	False	0.38041424433725257	0.0	0.0	0.0	0.0
test	NZ_OZ410630.1	NZ_CP138727.1	0.0	[0, 0.01)	3252.5866666666666	26763	277344	0.0	0.0	0.0		0.0	False	False	False	0.7791391258676944	0.0	0.0	0.0	0.0
test	NZ_MW133283.1	NZ_CP119590.1	0.0	[0, 0.01)	3252.5866666666666	3460	39166	0.0	0.0	0.0		0.0	False	False	False	0.5874597398833589	0.0	0.0	0.0	0.0
test	NZ_LHAT01000261.1	NZ_CP012279.1	0.0	[0, 0.01)	3252.5866666666666	289	38024	0.0	0.0	0.0		0.0	False	False	False	0.48379994367114915	0.0	0.0	0.0	0.0
test	NZ_JBDYFC010000076.1	NZ_NTGK01000119.1	0.0	[0, 0.01)	3252.5866666666666	717	2423	0.0	0.0	0.0		0.0	False	False	False	0.8350393773300061	0.0	0.0	0.0	0.0
test	NC_016834.1	NZ_JCACRL010000003.1	0.0	[0, 0.01)	3252.5866666666666	8953	30829	0.0	0.0	0.0		0.0	False	False	False	0.9699011694809966	0.0	0.0	0.0	0.0
test	NZ_CP068905.1	NZ_KX869741.1	0.0244897959183673	[0.01, 0.05)	54.153333333333336	56522	177037	0.1309047804394749	0.0418274146082457	0.0418274146082457	94.11284238178634	0.1309047804394749	False	False	False	0.9736111663598341	0.09183673469387756	0.025604551920341393	0.09375	0.021897810218978103
test	NZ_CP178636.1	NZ_MN419437.1	0.0171428571428571	[0.01, 0.05)	54.153333333333336	57425	118243	0.1442403134523291	0.07007602987069	0.07007602987069	90.84174396831114	0.1442403134523291	False	False	False	0.9717741341757553	0.041474654377880185	0.020642201834862386	0.11764705882352941	0.0427807486631016
test	NC_017643.1	NZ_MN419437.1	0.0277777777777777	[0.01, 0.05)	54.153333333333336	65549	118243	0.1258600436314818	0.0697292863002461	0.0697292863002461	92.12460683657446	0.1258600436314818	False	False	False	0.9790041115192832	0.043478260869565216	0.02522935779816514	0.09859154929577464	0.03664921465968586
test	NZ_JBUBJY010000002.1	NZ_CP143282.1	0.0443548387096774	[0.01, 0.05)	54.153333333333336	74034	248177	0.1731906961666261	0.0516163866917562	0.0516163866917562	97.235300210264	0.1731906961666261	False	False	False	0.9857131044247979	0.19480519480519481	0.05113636363636364	0.14285714285714285	0.03
test	NZ_JBYMLJ010000007.1	NZ_CP143282.1	0.02	[0.01, 0.05)	54.153333333333336	5850	248177	1.0	0.0235678568118721	0.0235678568118721	99.231	1.0	False	False	True	0.9398318020149917	0.8823529411764706	0.017045454545454544	1.0	0.04065040650406504
test	NZ_CP143282.1	NZ_CP153791.1	0.042079207920792	[0.01, 0.05)	54.153333333333336	248177	292610	0.136737086837217	0.1158470318854447	0.1158470318854447	97.06889267216006	0.136737086837217	False	False	False	0.9948664303366985	0.09886363636363636	0.08325358851674641	0.08130081300813008	0.04149377593360996
test	NZ_CP181526.1	NZ_CP041642.1	0.0186915887850467	[0.01, 0.05)	54.153333333333336	96057	121851	0.1677753833661263	0.1321367900140335	0.1321367900140335	90.4351062160158	0.1677753833661263	False	False	False	0.9953044653038821	0.06172839506172839	0.05580357142857143	0.22115384615384615	0.10267857142857142
test	NZ_CP041642.1	NZ_OK649970.1	0.0289855072463768	[0.01, 0.05)	54.153333333333336	121851	261511	0.1727847945441563	0.0805013938228219	0.0805013938228219	98.08254489795918	0.1727847945441563	False	False	False	0.964818431887103	0.12723214285714285	0.06277533039647577	0.1048951048951049	0.03896103896103896
test	NZ_JARWCH010000047.1	NZ_CP122807.1	0.0425531914893617	[0.01, 0.05)	54.153333333333336	11679	98226	0.4848874047435568	0.0577138435852014	0.0577138435852014	93.8090629616602	0.4848874047435568	False	False	False	0.9833299032781784	0.23	0.03490136570561457	0.23529411764705882	0.03361344537815126
test	NZ_RREU01000229.1	NZ_CP122807.1	0.0117647058823529	[0.01, 0.05)	54.153333333333336	2501	98226	0.7061175529788085	0.0182741840245963	0.0182741840245963	87.06979300776914	0.7061175529788085	False	False	True	0.9503576503924039	0.16	0.006069802731411229	0.3333333333333333	0.009259259259259259
test	NZ_JCAWDY010000002.1	NZ_OZ542068.1	0.036697247706422	[0.01, 0.05)	54.153333333333336	61509	63010	0.2417369815799314	0.235756229169973	0.235756229169973	94.2344768105242	0.2417369815799314	False	False	False	0.9937110084887345	0.14516129032258066	0.14516129032258066	0.22413793103448276	0.11403508771929824
test	NZ_OZ542068.1	NZ_CP047743.1	0.0127388535031847	[0.01, 0.05)	54.153333333333336	63010	105247	0.1722901126805269	0.103223844860186	0.103223844860186	90.9275145693538	0.1722901126805269	False	False	False	0.9876928277198707	0.05660377358490566	0.030848329048843187	0.15517241379310345	0.05660377358490566
test	NZ_OZ542068.1	NZ_CP061958.1	0.0306748466257668	[0.01, 0.05)	54.153333333333336	63010	109135	0.1956038724012061	0.1129335227012415	0.1129335227012415	96.84557476483944	0.1956038724012061	False	False	False	0.9925331611801311	0.14150943396226415	0.07772020725388601	0.1724137931034483	0.059880239520958084
test	NZ_PEHU01000018.1	NZ_OZ542068.1	0.0352941176470588	[0.01, 0.05)	54.153333333333336	41575	63010	0.3544437763078773	0.2335819711156959	0.2335819711156959	94.9301670055578	0.3544437763078773	False	False	False	0.9882734858434548	0.19682539682539682	0.14657210401891252	0.27906976744186046	0.1348314606741573
test	NZ_OZ542068.1	NZ_JBSTQQ010000002.1	0.0153061224489795	[0.01, 0.05)	54.153333333333336	63010	156753	0.1408982701158546	0.0566049772572135	0.0566049772572135	94.39632755710588	0.1408982701158546	False	False	False	0.9876983539227586	0.03773584905660377	0.01386481802426343	0.08620689655172414	0.0228310502283105
test	NZ_JBWLLO010000003.1	OW849005.1	0.0397727272727272	[0.01, 0.05)	54.153333333333336	73335	98537	0.1408604349901138	0.1047525295066827	0.1047525295066827	96.47045740257228	0.1408604349901138	False	False	False	0.9848252384127126	0.09883720930232558	0.06891891891891892	0.125	0.05027932960893855
test	NZ_CP156664.1	NZ_CP117397.1	0.0213903743315508	[0.01, 0.05)	54.153333333333336	96210	100527	0.085562831306517	0.0817790245406706	0.0817790245406706	98.94435763678274	0.085562831306517	False	False	False	0.9661433605818412	0.06456241032998565	0.056890012642225034	0.0594059405940594	0.027149321266968326
test	NZ_CP117397.1	CP057325.1	0.0257731958762886	[0.01, 0.05)	54.153333333333336	100527	103762	0.0303301600565022	0.0293845531119292	0.0293845531119292	99.8687290915054	0.0303301600565022	False	False	False	0.9651997461602477	0.04106280193236715	0.04106280193236715	0.035398230088495575	0.01702127659574468
test	NZ_CP117397.1	NZ_JBVTJX020000002.1	0.0264705882352941	[0.01, 0.05)	54.153333333333336	100527	257061	0.1600465546569578	0.0635996903458712	0.0635996903458712	99.3333689005748	0.1600465546569578	False	False	False	0.9581495830717986	0.14009661835748793	0.058704453441295545	0.1111111111111111	0.03508771929824561
test	NC_021728.1	NZ_CP119050.1	0.0231481481481481	[0.01, 0.05)	54.153333333333336	20139	229097	0.3285168081831273	0.0289091520185772	0.0289091520185772	99.77367033796016	0.3285168081831273	False	False	False	0.9848215659119495	0.4155844155844156	0.034782608695652174	0.2727272727272727	0.019543973941368076
test	NZ_JBWLLO010000003.1	NZ_CP119050.1	0.0407407407407407	[0.01, 0.05)	54.153333333333336	73335	229097	0.1266789391150201	0.0405243193930955	0.0405243193930955	99.3111205467657	0.1266789391150201	False	False	False	0.9702146859431766	0.09125475285171103	0.02608695652173913	0.1111111111111111	0.022535211267605635
test	NZ_LR890428.1	NZ_CP109609.1	0.0111111111111111	[0.01, 0.05)	54.153333333333336	128238	142244	0.0424679112275612	0.0382863249064986	0.0382863249064986	89.43837122460188	0.0424679112275612	False	False	False	0.9798509751411818	0.019267822736030827	0.01841620626151013	0.02040816326530612	0.01
test	NZ_CP182399.1	NZ_CP189736.1	0.011049723756906	[0.01, 0.05)	54.153333333333336	107583	239563	0.0406569811215526	0.0182540709541957	0.0182540709541957	99.3597933241884	0.0406569811215526	False	False	False	0.9707682391527167	0.05013192612137203	0.0200845665961945	0.008403361344537815	0.0027247956403269754
test	NZ_CP182399.1	CP044377.1	0.0140056022408963	[0.01, 0.05)	54.153333333333336	107583	310104	0.0383610793526858	0.0132955395609214	0.0132955395609214	97.77214773552916	0.0383610793526858	False	False	False	0.9709315766330224	0.0395778364116095	0.013089005235602094	0.008403361344537815	0.001976284584980237
test	NZ_AP025548.1	NZ_CP141542.1	0.0170068027210884	[0.01, 0.05)	54.153333333333336	145376	202151	0.0588130090248734	0.0423297436075013	0.0423297436075013	98.34231021599533	0.0588130090248734	False	False	False	0.9814198361749192	0.06751824817518248	0.050271739130434784	0.061068702290076333	0.025
test	NZ_CP058198.1	NZ_AP025548.1	0.025	[0.01, 0.05)	54.153333333333336	108466	145376	0.091448011358398	0.0683331499009465	0.0683331499009465	96.04557556852484	0.091448011358398	False	False	False	0.983507201474102	0.08333333333333333	0.05474452554744526	0.05660377358490566	0.025974025974025976
test	NZ_CP074503.1	CP051818.1	0.0138888888888888	[0.01, 0.05)	54.153333333333336	627	93177	1.0	0.0067291284329823	0.0067291284329823	94.436	1.0	False	False	True	0.7554823820176124	0.5	0.004070556309362279	0.0	0.0
test	CP051818.1	NZ_JBWVJQ010000002.1	0.0190735694822888	[0.01, 0.05)	54.153333333333336	93177	325551	0.2499114588364081	0.0717368400035631	0.0717368400035631	90.87767016869527	0.2499114588364081	False	False	False	0.9640240645796275	0.06315789473684211	0.021333333333333333	0.2808988764044944	0.06720430107526881
test	NZ_PV764932.1	NZ_CP109609.1	0.0101010101010101	[0.01, 0.05)	54.153333333333336	51855	142244	0.1392151190820557	0.0507648828773094	0.0507648828773094	90.94578960464472	0.1392151190820557	False	False	False	0.9847517080813892	0.045	0.016574585635359115	0.06666666666666667	0.018867924528301886
test	NZ_PV764932.1	NZ_CP047280.1	0.0107142857142857	[0.01, 0.05)	54.153333333333336	51855	262422	0.142339215119082	0.0281988552789019	0.0281988552789019	95.40168729773464	0.142339215119082	False	False	False	0.9816539321532327	0.115	0.0235655737704918	0.08333333333333333	0.015015015015015015
test	NZ_CP109609.1	NZ_AP026795.1	0.0256410256410256	[0.01, 0.05)	54.153333333333336	142244	165477	0.1348387278198026	0.1160282093584002	0.1160282093584002	86.61959755215862	0.1348387278198026	False	False	False	0.9930011474635736	0.040515653775322284	0.035256410256410256	0.15384615384615385	0.08
test	NZ_CP169108.1	NZ_JBUBIE010000002.1	0.0147058823529411	[0.01, 0.05)	54.153333333333336	74529	84790	0.0833769405197976	0.0733105319023469	0.0733105319023469	92.41959443467135	0.0833769405197976	False	False	False	0.9814501509081548	0.027881040892193308	0.023923444976076555	0.08235294117647059	0.040697674418604654
test	NZ_CP032171.1	CP092319.1	0.0163934426229508	[0.01, 0.05)	54.153333333333336	25510	59350	0.1257938063504508	0.0540522325189553	0.0540522325189553	86.66	0.1257938063504508	False	False	False	0.983677140144012	0.010526315789473684	0.004608294930875576	0.07692307692307693	0.02
test	NZ_CP079658.1	CP056818.1	0.0495049504950495	[0.01, 0.05)	54.153333333333336	29628	84644	0.350209261509383	0.1223240867633854	0.1223240867633854	93.57875843506682	0.350209261509383	False	False	False	0.9765018468153894	0.15057915057915058	0.05972434915773354	0.2564102564102564	0.08064516129032258
test	NZ_JBTWTT010000007.1	NZ_OY757950.1	0.0202702702702702	[0.01, 0.05)	54.153333333333336	5418	150582	0.9889258028792912	0.035455764965268	0.035455764965268	94.59363310961967	0.9889258028792912	False	False	True	0.9013965524247715	0.5	0.01838235294117647	0.5714285714285714	0.025974025974025976
test	NZ_JBTWTT010000007.1	NZ_JBFUPY010000024.1	0.024390243902439	[0.01, 0.05)	54.153333333333336	5418	73616	0.9031007751937984	0.0664801130189089	0.0664801130189089	92.81682091982093	0.9031007751937984	False	False	True	0.8892534456514539	0.3404255319148936	0.029465930018416207	0.2857142857142857	0.023529411764705882
test	NZ_JBTWTT010000007.1	CP082724.1	0.0338983050847457	[0.01, 0.05)	54.153333333333336	5418	53499	0.757844222960502	0.0764500271033103	0.0764500271033103	86.91351572327045	0.757844222960502	False	False	True	0.9042316410187169	0.19148936170212766	0.02295918367346939	0.2857142857142857	0.02857142857142857
test	NZ_CP133102.1	NZ_CP125122.1	0.0273348519362186	[0.01, 0.05)	54.153333333333336	134388	333411	0.1516355626990505	0.0611527514089217	0.0611527514089217	93.15192774566474	0.1516355626990505	False	False	False	0.9802386243670511	0.0637065637065637	0.027071369975389663	0.08571428571428572	0.023715415019762844
test	NZ_CP018253.1	NZ_CP133102.1	0.0445544554455445	[0.01, 0.05)	54.153333333333336	95229	134388	0.2493883165842338	0.1766824418846921	0.1766824418846921	95.6373145364461	0.2493883165842338	False	False	False	0.98265623102278	0.15844155844155844	0.11776061776061776	0.2159090909090909	0.09090909090909091
test	CP122780.1	NZ_CP061953.1	0.0145454545454545	[0.01, 0.05)	54.153333333333336	120042	168138	0.0429433031772213	0.0306533918566891	0.0306533918566891	99.01193897714064	0.0429433031772213	False	False	False	0.9910310990771137	0.05726872246696035	0.04355108877721943	0.04964539007092199	0.022364217252396165
test	NZ_CP119738.1	NZ_CP061953.1	0.0115830115830115	[0.01, 0.05)	54.153333333333336	100423	168138	0.136263604951057	0.0812903686257716	0.0812903686257716	86.85962131766074	0.136263604951057	False	False	False	0.9824001004024253	0.06593406593406594	0.04020100502512563	0.1282051282051282	0.05338078291814947
test	NZ_AP026876.1	NC_032101.1	0.0149253731343283	[0.01, 0.05)	54.153333333333336	6142	58120	0.1735591012699446	0.018324156916724	0.018324156916724	94.08999437148218	0.1735591012699446	False	False	False	0.9523044196664052	0.07407407407407407	0.009925558312655087	0.09090909090909091	0.011627906976744186
test	NZ_AP026876.1	NZ_JBSJBU010000003.1	0.0149253731343283	[0.01, 0.05)	54.153333333333336	6142	63107	0.2121458808205796	0.0205682412410667	0.0205682412410667	91.86463468917884	0.2121458808205796	False	False	False	0.9554410108671724	0.1111111111111111	0.01293103448275862	0.09090909090909091	0.0125
test	NZ_KX646543.1	NZ_CP054265.1	0.0323886639676113	[0.01, 0.05)	54.153333333333336	111559	168717	0.13951362059538	0.0924210364100831	0.0924210364100831	96.23082951491104	0.13951362059538	False	False	False	0.9852472094854946	0.12315270935960591	0.08196721311475409	0.12030075187969924	0.05574912891986063
test	NZ_KY288024.1	NZ_CP110266.1	0.0276679841897233	[0.01, 0.05)	54.153333333333336	82841	224600	0.0976690286210934	0.0360284951024042	0.0360284951024042	99.752909562639	0.0976690286210934	False	False	False	0.9776397617196818	0.11854103343465046	0.048994974874371856	0.05555555555555555	0.017064846416382253
test	NZ_CP009033.1	NZ_CP018476.1	0.0388349514563106	[0.01, 0.05)	54.153333333333336	58317	69764	0.117101359809318	0.0978728283928673	0.0978728283928673	94.16989888953827	0.117101359809318	False	False	False	0.98972160625036	0.057926829268292686	0.03792415169660679	0.03225806451612903	0.015037593984962405
test	NZ_CP167855.1	NZ_CP009033.1	0.046875	[0.01, 0.05)	54.153333333333336	31599	58317	0.1519351878223994	0.08237735137267	0.08237735137267	92.33010364842454	0.1519351878223994	False	False	False	0.9910862717612997	0.04888888888888889	0.03353658536585366	0.03125	0.010752688172043012
test	NZ_JBQPWJ010000069.1	NZ_JALEBI010000023.1	0.0112359550561797	[0.01, 0.05)	54.153333333333336	9568	86591	0.0558110367892976	0.0061669226593987	0.0061669226593987	98.689	0.0558110367892976	False	False	False	0.9415154459180853	0.03614457831325301	0.004291845493562232	0.0	0.0
test	NZ_CP012279.1	NZ_CP176396.1	0.0117647058823529	[0.01, 0.05)	54.153333333333336	38024	58764	0.1330738480959394	0.0861241576475393	0.0861241576475393	88.94578798029556	0.1330738480959394	False	False	False	0.9778452243589592	0.030959752321981424	0.02237136465324385	0.09090909090909091	0.03773584905660377
test	NZ_NPIJ01000049.1	OW966965.1	0.0133333333333333	[0.01, 0.05)	54.153333333333336	20777	66091	0.0875006016267988	0.027552919459533	0.027552919459533	88.16410191780822	0.0875006016267988	False	False	False	0.9852295775700429	0.015873015873015872	0.006198347107438017	0.09090909090909091	0.02247191011235955
test	OW966965.1	CP080739.1	0.024	[0.01, 0.05)	54.153333333333336	66091	206152	0.1517907128050717	0.0487116302534052	0.0487116302534052	95.35147352179972	0.1517907128050717	True	False	False	0.9900741003204793	0.0873015873015873	0.0291005291005291	0.10144927536231885	0.02564102564102564
test	OW966965.1	NZ_OK247586.1	0.0138888888888888	[0.01, 0.05)	54.153333333333336	66091	78461	0.0463905826814543	0.0390639935764265	0.0390639935764265	96.67515775749676	0.0463905826814543	False	False	False	0.980851652500765	0.05578512396694215	0.04340836012861737	0.028985507246376812	0.011764705882352941
test	NZ_CP026219.1	OW966965.1	0.0208333333333333	[0.01, 0.05)	54.153333333333336	35298	66091	0.0565754433678961	0.0302310450742158	0.0302310450742158	97.0587068793619	0.0565754433678961	False	False	False	0.9376772373153335	0.039285714285714285	0.022727272727272728	0.0392156862745098	0.01694915254237288
test	OW966965.1	NZ_CP045838.1	0.0111731843575419	[0.01, 0.05)	54.153333333333336	66091	110138	0.0946271050521251	0.0567469901396429	0.0567469901396429	94.43021800191512	0.0946271050521251	False	False	False	0.9905752429740561	0.06746031746031746	0.03953488372093023	0.10144927536231885	0.040229885057471264
test	NZ_CP169124.1	CP044382.1	0.0160427807486631	[0.01, 0.05)	54.153333333333336	90370	123229	0.1643576408100033	0.1205479229726768	0.1205479229726768	88.11397695142378	0.1643576408100033	False	False	False	0.9895443811326139	0.09230769230769231	0.0641025641025641	0.12790697674418605	0.04435483870967742
test	NZ_MN586817.1	NZ_CP094333.1	0.0184331797235023	[0.01, 0.05)	54.153333333333336	91326	109070	0.0515515844337866	0.0430182451636563	0.0430182451636563	89.7641402695872	0.0515515844337866	False	False	False	0.9843067328328906	0.02967359050445104	0.024630541871921183	0.08403361344537816	0.042735042735042736
test	NZ_CP094333.1	NZ_CP144317.1	0.014388489208633	[0.01, 0.05)	54.153333333333336	109070	174409	0.0599064820757311	0.0374923312443738	0.0374923312443738	99.9082018657287	0.0599064820757311	False	False	False	0.9651180724941493	0.07635467980295567	0.04538799414348463	0.048	0.018461538461538463
test	NZ_CP094333.1	CP119444.1	0.0174418604651162	[0.01, 0.05)	54.153333333333336	109070	285256	0.0802420463922251	0.0305515046133998	0.0305515046133998	93.39848782153425	0.0802420463922251	False	False	False	0.9758040460443936	0.04187192118226601	0.02103960396039604	0.056	0.01808785529715762
test	NZ_CP094333.1	NZ_AP026795.1	0.0359712230215827	[0.01, 0.05)	54.153333333333336	109070	165477	0.1664160630787567	0.1099185989593719	0.1099185989593719	95.45418671857864	0.1664160630787567	False	False	False	0.9913086458064763	0.10837438423645321	0.07051282051282051	0.128	0.05776173285198556
test	NZ_CP094333.1	NZ_CP021328.1	0.011070110701107	[0.01, 0.05)	54.153333333333336	109070	446611	0.10525350692216	0.0257382823083175	0.0257382823083175	92.23996154512383	0.10525350692216	False	False	False	0.9868520767116808	0.09359605911330049	0.02345679012345679	0.096	0.020833333333333332
test	NZ_CP117387.1	NZ_CP086468.1	0.0196078431372549	[0.01, 0.05)	54.153333333333336	100517	247089	0.1176417919356924	0.0478936739393497	0.0478936739393497	99.1806205964349	0.1176417919356924	False	False	False	0.9718485063289362	0.10144927536231885	0.04692737430167598	0.064	0.023054755043227664
test	NZ_JBQTKY010000005.1	NZ_CP117387.1	0.048076923076923	[0.01, 0.05)	54.153333333333336	13777	100517	0.1525731291282572	0.0209118855516977	0.0209118855516977	99.905	0.1525731291282572	False	False	False	0.9513456693064725	0.16964285714285715	0.02402022756005057	0.14285714285714285	0.014598540145985401
test	NZ_CP117387.1	NZ_AP028843.1	0.0232558139534883	[0.01, 0.05)	54.153333333333336	100517	137403	0.0303331774724673	0.022182921770267	0.022182921770267	99.80321712036734	0.0303331774724673	False	False	False	0.9589055355644864	0.04106280193236715	0.03549060542797495	0.032	0.015209125475285171
test	NZ_CP098487.1	NZ_CP117387.1	0.0147058823529411	[0.01, 0.05)	54.153333333333336	49381	100517	0.0901763836293311	0.044300964016037	0.044300964016037	93.24630670854836	0.0901763836293311	False	False	False	0.8313060280399018	0.06201550387596899	0.03034134007585335	0.08928571428571429	0.028409090909090908
test	NZ_OZ111446.1	NZ_CP186433.1	0.027027027027027	[0.01, 0.05)	54.153333333333336	43002	76975	0.2147574531417143	0.1199740175381617	0.1199740175381617	97.60713501515808	0.2147574531417143	False	False	False	0.9923540830096284	0.15170278637770898	0.08153078202995008	0.16326530612244897	0.061068702290076333
test	NZ_OZ111446.1	NZ_CP181526.1	0.03125	[0.01, 0.05)	54.153333333333336	43002	96057	0.2050602297567555	0.0917476081909699	0.0917476081909699	97.6794239302694	0.2050602297567555	False	False	False	0.9847110207270428	0.14860681114551083	0.061068702290076333	0.08163265306122448	0.026845637583892617
test	NZ_JCASKQ010000052.1	NZ_OZ111446.1	0.0232558139534883	[0.01, 0.05)	54.153333333333336	6135	43002	0.295843520782396	0.0421375749965117	0.0421375749965117	97.14	0.295843520782396	False	False	False	0.9676747195152035	0.25301204819277107	0.03177004538577912	0.125	0.017857142857142856
test	NZ_JBUZKD010000003.1	NZ_CP133928.1	0.0204081632653061	[0.01, 0.05)	54.153333333333336	55772	100835	0.174245140930933	0.0962562602271036	0.0962562602271036	94.02120603015076	0.174245140930933	False	False	False	0.9868649848937298	0.0951276102088167	0.051833122629582805	0.16129032258064516	0.060240963855421686
test	NZ_JARVXC010000052.1	NZ_MZ690481.1	0.0121212121212121	[0.01, 0.05)	54.153333333333336	1551	201689	1.0	0.0076900574647105	0.0076900574647105	100.0	1.0	False	False	True	0.8032078059391644	1.0	0.011188811188811189	0.0	0.0
test	NZ_JARVXC010000052.1	NZ_JBTAPC010000002.1	0.0165289256198347	[0.01, 0.05)	54.153333333333336	1551	126207	1.0	0.0122893341890703	0.0122893341890703	100.0	1.0	False	False	True	0.825239633298306	1.0	0.01642710472279261	0.0	0.0
test	NZ_JARVXC010000052.1	NZ_CP104527.1	0.0151515151515151	[0.01, 0.05)	54.153333333333336	1551	163762	0.9993552546744036	0.0094649552399213	0.0094649552399213	100.0	0.9993552546744036	False	False	True	0.7612825726491915	1.0	0.01335559265442404	0.0	0.0
test	NZ_KX555451.1	CP099007.1	0.0375	[0.01, 0.05)	54.153333333333336	38814	41022	0.1078734477250476	0.1019209204816927	0.1019209204816927	95.23038969711423	0.1078734477250476	False	False	False	0.9909699146187639	0.05525846702317291	0.04936305732484077	0.10416666666666667	0.05434782608695652
test	NZ_JBDKYM010000213.1	NZ_MT560079.1	0.0178571428571428	[0.01, 0.05)	54.153333333333336	2884	68684	0.7742718446601942	0.0325112107623318	0.0325112107623318	99.687	0.7742718446601942	False	False	True	0.9243398533103883	0.7407407407407407	0.04329004329004329	0.5	0.0136986301369863
test	NZ_JBNGNN010000050.1	CP088684.1	0.01	[0.01, 0.05)	54.153333333333336	4737	113463	0.4452184927169094	0.0186228109604011	0.0186228109604011	88.27145077720208	0.4452184927169094	False	False	False	0.9466256077007456	0.08	0.005249343832020997	0.2	0.008771929824561403
test	NZ_CP068594.1	CP088684.1	0.0490797546012269	[0.01, 0.05)	54.153333333333336	82214	113463	0.2395942296932396	0.1737130165780915	0.1737130165780915	95.55494199747154	0.2395942296932396	False	False	False	0.990078135590363	0.13120567375886524	0.09711286089238845	0.1919191919191919	0.1
test	CP088684.1	CP067909.1	0.0259067357512953	[0.01, 0.05)	54.153333333333336	113463	130935	0.1254153336329904	0.1088631763852293	0.1088631763852293	93.49469173195298	0.1254153336329904	False	False	False	0.9921731639342836	0.05249343832020997	0.045351473922902494	0.10909090909090909	0.05172413793103448
test	NZ_JBANRQ010000037.1	CP088684.1	0.0206185567010309	[0.01, 0.05)	54.153333333333336	11213	113463	0.296619994649068	0.0295074165146347	0.0295074165146347	98.3918653960691	0.296619994649068	False	False	False	0.9773060624814165	0.2413793103448276	0.01837270341207349	0.36363636363636365	0.03418803418803419
test	CP088684.1	NZ_CM017149.1	0.0460829493087557	[0.01, 0.05)	54.153333333333336	113463	153499	0.2993839401390761	0.221512843731881	0.221512843731881	95.80137188627762	0.2993839401390761	False	False	False	0.989635729978476	0.1994750656167979	0.14232209737827714	0.2636363636363636	0.11983471074380166
test	NZ_CP133428.1	CP088684.1	0.0149253731343283	[0.01, 0.05)	54.153333333333336	45040	113463	0.0510879218472468	0.0202797387694666	0.0202797387694666	99.957	0.0510879218472468	False	False	False	0.9114898179449691	0.03867403314917127	0.01837270341207349	0.038461538461538464	0.0125
test	NZ_AP022296.1	CP088684.1	0.0158730158730158	[0.01, 0.05)	54.153333333333336	105884	113463	0.1322957198443579	0.1235380696791024	0.1235380696791024	95.54932854603624	0.1322957198443579	False	False	False	0.9788588142527108	0.078125	0.078125	0.14545454545454545	0.07547169811320754
test	NZ_CP040807.1	CP088684.1	0.0426829268292682	[0.01, 0.05)	54.153333333333336	90871	113463	0.2424315788315304	0.1943805469624459	0.1943805469624459	97.18023815342836	0.2424315788315304	False	False	False	0.9809804654462912	0.17647058823529413	0.15748031496062992	0.16037735849056603	0.08542713567839195
test	NZ_JBWLLO010000003.1	CP088684.1	0.0301204819277108	[0.01, 0.05)	54.153333333333336	73335	113463	0.177323242653576	0.1146364894282717	0.1146364894282717	97.59830752704676	0.177323242653576	False	False	False	0.9892973694881055	0.12927756653992395	0.08923884514435695	0.09722222222222222	0.04
test	NZ_MF062700.1	NZ_CP100792.1	0.036697247706422	[0.01, 0.05)	54.153333333333336	60206	79245	0.0817194299571471	0.0619092687235787	0.0619092687235787	98.45566368624264	0.0817194299571471	False	False	False	0.9371962033976887	0.07272727272727272	0.06722689075630252	0.029411764705882353	0.014492753623188406
test	NZ_MF062700.1	NZ_JBSTQQ010000002.1	0.0147058823529411	[0.01, 0.05)	54.153333333333336	60206	156753	0.0827824469321994	0.031769726895179	0.031769726895179	93.56383629822108	0.0827824469321994	False	False	False	0.9769300810488236	0.05240174672489083	0.02079722703639515	0.029411764705882353	0.008620689655172414
test	NZ_CP074870.1	NC_013122.1	0.0263157894736842	[0.01, 0.05)	54.153333333333336	92785	117536	0.1281888236245082	0.1012115436972502	0.1012115436972502	93.37829807208716	0.1281888236245082	False	False	False	0.9822215773903794	0.05357142857142857	0.0391304347826087	0.12380952380952381	0.05909090909090909
test	NC_013122.1	NZ_CP114566.1	0.0152905198776758	[0.01, 0.05)	54.153333333333336	117536	210045	0.0628573373264361	0.0351686543359756	0.0351686543359756	94.40099001618997	0.0628573373264361	False	False	False	0.9801716026953543	0.05434782608695652	0.030084235860409144	0.0625	0.02197802197802198
test	MN868654.1	CP098997.1	0.0231481481481481	[0.01, 0.05)	54.153333333333336	93231	169374	0.0709635207173579	0.0389079787924947	0.0389079787924947	93.90217901234568	0.0709635207173579	False	False	False	0.9730184988290991	0.04945054945054945	0.028125	0.006802721088435374	0.003289473684210526
test	MN868654.1	NZ_CP183354.1	0.0203252032520325	[0.01, 0.05)	54.153333333333336	93231	162681	0.1030236723836492	0.0587530197134268	0.0587530197134268	95.56956329113925	0.1030236723836492	False	False	False	0.9541252070770672	0.06043956043956044	0.03709949409780776	0.0	0.0
test	MN868654.1	NZ_CP141678.1	0.0114942528735632	[0.01, 0.05)	54.153333333333336	93231	228888	0.1320269009235125	0.0535895285030233	0.0535895285030233	95.5083378115895	0.1320269009235125	False	False	False	0.9806393817269128	0.07417582417582418	0.03417721518987342	0.02040816326530612	0.0084985835694051
test	MN868654.1	CP082669.1	0.0185185185185185	[0.01, 0.05)	54.153333333333336	93231	99345	0.0914395426413961	0.0848960692536111	0.0848960692536111	91.1707972166998	0.0914395426413961	False	False	False	0.9817198766019767	0.029005524861878452	0.029005524861878452	0.00980392156862745	0.004032258064516129
test	NZ_OZ547465.1	NZ_CP119738.1	0.0145985401459854	[0.01, 0.05)	54.153333333333336	46449	100423	0.0447157097031152	0.0206825129701363	0.0206825129701363	96.4368988926336	0.0447157097031152	False	False	False	0.9763820221629866	0.031609195402298854	0.014492753623188406	0.021739130434782608	0.006172839506172839
test	NZ_OZ547465.1	NZ_CP146851.1	0.04375	[0.01, 0.05)	54.153333333333336	46449	138872	0.2601993584361342	0.0871017915778558	0.0871017915778558	96.95963653639596	0.2601993584361342	False	False	False	0.9759929923011393	0.1791907514450867	0.06904231625835189	0.2608695652173913	0.06521739130434782
test	NZ_OZ547465.1	NZ_AP026941.1	0.0104166666666666	[0.01, 0.05)	54.153333333333336	46449	293280	0.1326185709057245	0.0210038188761593	0.0210038188761593	94.49128629293584	0.1326185709057245	False	False	False	0.9936517479836761	0.05202312138728324	0.008144796380090498	0.13043478260869565	0.015789473684210527
test	NZ_JAHLXU010000021.1	NZ_MZ690481.1	0.0282485875706214	[0.01, 0.05)	54.153333333333336	31273	201689	0.4384612924887283	0.0680751057320924	0.0680751057320924	94.9681883952592	0.4384612924887283	False	False	False	0.9931918439170242	0.36134453781512604	0.06013986013986014	0.25925925925925924	0.03286384976525822
test	NZ_CP095134.1	NZ_CP043351.1	0.0460526315789473	[0.01, 0.05)	54.153333333333336	70936	106448	0.2709343633697981	0.1805012776191192	0.1805012776191192	97.77818599460132	0.2709343633697981	False	False	False	0.9893291991770824	0.2808988764044944	0.1953125	0.2777777777777778	0.10869565217391304
test	NZ_CP043351.1	CP052444.1	0.0196078431372549	[0.01, 0.05)	54.153333333333336	106448	174931	0.127714940628288	0.077710640195277	0.077710640195277	95.58085017984293	0.127714940628288	False	False	False	0.959358530003038	0.08854166666666667	0.049062049062049064	0.09090909090909091	0.03680981595092025
test	CP082724.1	NZ_CP043351.1	0.0130718954248366	[0.01, 0.05)	54.153333333333336	53499	106448	0.0288042767154526	0.0146456485795881	0.0146456485795881	80.3410158027813	0.0288042767154526	False	False	False	0.9851222955367629	0.005434782608695652	0.0026041666666666665	0.12307692307692308	0.042328042328042326
test	NZ_JAUDQG020000015.1	NZ_MN586817.1	0.01	[0.01, 0.05)	54.153333333333336	1925	91326	0.8493506493506493	0.0182313908416004	0.0182313908416004	96.71464097968938	0.8493506493506493	False	False	True	0.9299260825522296	0.375	0.008534850640113799	0.3333333333333333	0.008264462809917356
test	NZ_CP085293.1	NZ_CP184170.1	0.0289855072463768	[0.01, 0.05)	54.153333333333336	35757	47591	0.1285622395614844	0.0968040175663465	0.0968040175663465	98.37496684723727	0.1285622395614844	False	False	False	0.9716531110730547	0.0825515947467167	0.07236842105263158	0.14285714285714285	0.0625
test	NZ_CP096939.1	NZ_CP024095.1	0.0259740259740259	[0.01, 0.05)	54.153333333333336	33003	58875	0.1049298548616792	0.0588365180467091	0.0588365180467091	98.615	0.1049298548616792	False	False	False	0.8169598994273707	0.08984375	0.051111111111111114	0.023809523809523808	0.00980392156862745
test	NZ_CP024095.1	NZ_AP039440.1	0.0121212121212121	[0.01, 0.05)	54.153333333333336	58875	123644	0.0866411889596603	0.0412151014202064	0.0412151014202064	99.70569886363636	0.0866411889596603	False	False	False	0.9418217964604934	0.08837209302325581	0.04279279279279279	0.09836065573770492	0.032432432432432434
test	NZ_CP024095.1	CP088364.1	0.0178571428571428	[0.01, 0.05)	54.153333333333336	58875	80900	0.0734777070063694	0.0533621755253399	0.0533621755253399	99.3990693481276	0.0734777070063694	False	False	False	0.9276876594972638	0.08	0.059900166389351084	0.06557377049180328	0.0273972602739726
test	NZ_CP024095.1	NZ_CP189736.1	0.0133333333333333	[0.01, 0.05)	54.153333333333336	58875	239563	0.1539193205944798	0.0378397331808334	0.0378397331808334	99.8236618863762	0.1539193205944798	False	False	False	0.9823637982229259	0.14418604651162792	0.03276955602536998	0.14754098360655737	0.029900332225913623
test	NZ_CP151316.1	NZ_CP024095.1	0.0196078431372549	[0.01, 0.05)	54.153333333333336	8378	58875	0.3247791835760324	0.0463524416135881	0.0463524416135881	99.816418834738	0.3247791835760324	False	False	False	0.8660408417926304	0.3283582089552239	0.04888888888888889	0.36363636363636365	0.058823529411764705
test	NZ_JARXID010000075.1	NZ_CP144317.1	0.0125	[0.01, 0.05)	54.153333333333336	1802	174409	0.93007769145394	0.0096267967822761	0.0096267967822761	99.94080285884456	0.93007769145394	False	False	True	0.837508891421586	1.0	0.013177159590043924	0.0	0.0
test	AP026491.1	OW849024.1	0.0354330708661417	[0.01, 0.05)	54.153333333333336	48260	242397	0.130957314546208	0.0260729299455026	0.0260729299455026	99.98421914556964	0.130957314546208	False	False	False	0.9881003696522693	0.11557788944723618	0.02640642939150402	0.11290322580645161	0.024822695035460994
test	CP067548.1	NZ_JCAPTQ010000002.1	0.0177935943060498	[0.01, 0.05)	54.153333333333336	36101	249807	0.1271709924932827	0.0183741848707201	0.0183741848707201	96.8242492930172	0.1271709924932827	False	False	False	0.9800364157925888	0.07194244604316546	0.010893246187363835	0.058823529411764705	0.007220216606498195
test	NZ_JBDYGY010000117.1	NZ_CP196661.1	0.0465116279069767	[0.01, 0.05)	54.153333333333336	1919	95080	0.9958311620635748	0.0200988641144299	0.0200988641144299	99.843	0.9958311620635748	False	False	True	0.880599178677364	1.0	0.013869625520110958	0.3333333333333333	0.00847457627118644
test	CP057325.1	NZ_CP086468.1	0.0444444444444444	[0.01, 0.05)	54.153333333333336	103762	247089	0.1372178639579036	0.0576067732679317	0.0576067732679317	98.37380322467575	0.1372178639579036	False	False	False	0.986305922878677	0.1362397820163488	0.055865921787709494	0.12389380530973451	0.0425531914893617
test	NZ_JCAWDY010000002.1	NZ_CP097713.1	0.0451977401129943	[0.01, 0.05)	54.153333333333336	61509	122563	0.1163894714594612	0.0584597309138973	0.0584597309138973	95.6158658315936	0.1163894714594612	False	False	False	0.989021037573228	0.13392857142857142	0.06622516556291391	0.11594202898550725	0.04081632653061224
test	NZ_CP097713.1	NZ_MZ690481.1	0.0103806228373702	[0.01, 0.05)	54.153333333333336	122563	201689	0.0755121855698701	0.0458230245576109	0.0458230245576109	89.32887510757315	0.0755121855698701	False	False	False	0.9845732754982537	0.03532008830022075	0.022377622377622378	0.07407407407407407	0.031446540880503145
test	NZ_MF344559.1	NZ_CP097713.1	0.0116279069767441	[0.01, 0.05)	54.153333333333336	42279	122563	0.0358570448686108	0.0123283535814234	0.0123283535814234	99.73637919684002	0.0358570448686108	False	False	False	0.9766818674014314	0.038461538461538464	0.013245033112582781	0.01818181818181818	0.005291005291005291
test	NZ_CP097713.1	NZ_CP091543.1	0.0194174757281553	[0.01, 0.05)	54.153333333333336	122563	185529	0.064081329601919	0.0422952745931902	0.0422952745931902	99.72049396058488	0.064081329601919	False	False	False	0.953506859399439	0.0706401766004415	0.04644412191582003	0.037037037037037035	0.016025641025641024
test	NZ_CP086419.1	NZ_CP097713.1	0.03954802259887	[0.01, 0.05)	54.153333333333336	70475	122563	0.0928414331323164	0.053376630793959	0.053376630793959	99.2365550633878	0.0928414331323164	False	False	False	0.9876998491780304	0.08906882591093117	0.04856512141280353	0.1111111111111111	0.043478260869565216
test	NZ_CP101534.1	NZ_CP182818.1	0.0222222222222222	[0.01, 0.05)	54.153333333333336	141697	278962	0.0938551980634734	0.0476767445028355	0.0476767445028355	98.58737646528404	0.0938551980634734	False	False	False	0.9581142665286094	0.06223175965665236	0.028431372549019607	0.056962025316455694	0.02088167053364269
test	CP122738.1	NZ_CP101534.1	0.0246305418719211	[0.01, 0.05)	54.153333333333336	93581	141697	0.0981502655453564	0.0652095668927359	0.0652095668927359	92.16495996114828	0.0981502655453564	False	False	False	0.9814370825603681	0.0377906976744186	0.027896995708154508	0.12380952380952381	0.052
test	NZ_CP101534.1	NZ_CP024550.1	0.0103448275862068	[0.01, 0.05)	54.153333333333336	141697	187611	0.0771293675942327	0.058189551785343	0.058189551785343	94.36205226608188	0.0771293675942327	False	False	False	0.9664266864729005	0.04721030042918455	0.029891304347826088	0.06329113924050633	0.026455026455026454
test	NZ_JBKHUK010000005.1	NZ_CP101534.1	0.0119047619047619	[0.01, 0.05)	54.153333333333336	60389	141697	0.048286939674444	0.0206285242453968	0.0206285242453968	99.795037568306	0.048286939674444	False	False	False	0.977681813162042	0.044715447154471545	0.023605150214592276	0.07246376811594203	0.02252252252252252
test	NZ_MH917123.1	NZ_CP101534.1	0.0333333333333333	[0.01, 0.05)	54.153333333333336	65604	141697	0.1451283458325712	0.0672844167484138	0.0672844167484138	98.9309105009432	0.1451283458325712	False	False	False	0.9854592589502452	0.13636363636363635	0.07081545064377683	0.11392405063291139	0.039473684210526314
test	NZ_CP101534.1	NZ_JBYLRL020000002.1	0.0412371134020618	[0.01, 0.05)	54.153333333333336	141697	172405	0.2036740368532855	0.1673443345610626	0.1673443345610626	94.15841949533358	0.2036740368532855	False	False	False	0.9922223822421914	0.09871244635193133	0.06927710843373494	0.22784810126582278	0.1232876712328767
test	NZ_CP043828.1	NZ_CP101534.1	0.019047619047619	[0.01, 0.05)	54.153333333333336	97743	141697	0.0940630019541041	0.065237796142473	0.065237796142473	91.36306027604056	0.0940630019541041	False	False	False	0.9755103535625911	0.030985915492957747	0.023605150214592276	0.10434782608695652	0.04597701149425287
test	NZ_LKXP01000041.1	CP051936.1	0.0333333333333333	[0.01, 0.05)	54.153333333333336	8830	27271	0.4336353340883352	0.1405889039639177	0.1405889039639177	95.567	0.4336353340883352	False	False	False	0.9815651466913319	0.23255813953488372	0.07177033492822966	0.3333333333333333	0.07894736842105263
test	OW967602.1	NZ_CP024192.1	0.0205128205128205	[0.01, 0.05)	54.153333333333336	205284	221606	0.0836743243506556	0.0775475393265525	0.0775475393265525	96.36102633261642	0.0836743243506556	False	False	False	0.9776357944067313	0.07407407407407407	0.0673076923076923	0.06763285024154589	0.03146067415730337
test	OW967602.1	NZ_JBXSEZ010000002.1	0.0267489711934156	[0.01, 0.05)	54.153333333333336	205284	287195	0.1636903022154673	0.1170598373927122	0.1170598373927122	96.4667165230312	0.1636903022154673	False	False	False	0.9557282424975551	0.10582010582010581	0.07168458781362007	0.1111111111111111	0.04893617021276596
test	NZ_CP097682.1	NZ_CP098439.1	0.0188679245283018	[0.01, 0.05)	54.153333333333336	57847	109442	0.1989558663370615	0.1052429597412328	0.1052429597412328	88.80483456768859	0.1989558663370615	False	False	False	0.9852628456667002	0.12435233160621761	0.057971014492753624	0.21794871794871795	0.09550561797752809
test	CP128668.1	NZ_CP097682.1	0.0470588235294117	[0.01, 0.05)	54.153333333333336	30836	57847	0.1131145414450642	0.0602969903365775	0.0602969903365775	99.91419724770644	0.1131145414450642	False	False	False	0.9844404077723	0.14285714285714285	0.07766990291262135	0.08108108108108109	0.026785714285714284
test	NZ_CP069544.1	CP122780.1	0.0388888888888888	[0.01, 0.05)	54.153333333333336	80965	120042	0.1758784660038288	0.1188250778894053	0.1188250778894053	95.11118869771995	0.1758784660038288	False	False	False	0.9558323107196716	0.08306709265175719	0.05726872246696035	0.16455696202531644	0.06280193236714976
test	NZ_AP027422.1	NZ_CP073055.1	0.0233393177737881	[0.01, 0.05)	54.153333333333336	249953	324410	0.2075870263609558	0.1601029561357541	0.1601029561357541	83.20772697336932	0.2075870263609558	False	False	False	0.9611261443891158	0.052200614124872056	0.03884234577303884	0.44866920152091255	0.25820568927789933
test	CP043740.1	NZ_JBQPXK010000007.1	0.0215384615384615	[0.01, 0.05)	54.153333333333336	113189	235207	0.0827112175211372	0.0398032371485542	0.0398032371485542	94.0275880975194	0.0827112175211372	False	False	False	0.9749950224369988	0.03218390804597701	0.015503875968992248	0.08264462809917356	0.02932551319648094
test	NZ_RROE01000117.1	NZ_CP131687.1	0.0128205128205128	[0.01, 0.05)	54.153333333333336	4495	82641	0.914349276974416	0.0498662891300928	0.0498662891300928	92.88669978297564	0.914349276974416	False	False	True	0.9057413039618206	0.2727272727272727	0.014802631578947368	0.5	0.034482758620689655
test	NZ_JBHEKI010000075.1	NZ_CP131687.1	0.0111111111111111	[0.01, 0.05)	54.153333333333336	24427	82641	0.1512261022638883	0.0446630607083651	0.0446630607083651	96.94251704545454	0.1512261022638883	False	False	False	0.9565111623676043	0.07142857142857142	0.023026315789473683	0.09523809523809523	0.019417475728155338
test	NZ_CP131687.1	NZ_CP189736.1	0.0212765957446808	[0.01, 0.05)	54.153333333333336	82641	239563	0.1130310620636246	0.0390252250973647	0.0390252250973647	97.1572812867372	0.1130310620636246	False	False	False	0.9743063726667924	0.09841269841269841	0.03276955602536998	0.09523809523809523	0.024615384615384615
test	NZ_CP135149.1	NZ_CP142707.1	0.0272727272727272	[0.01, 0.05)	54.153333333333336	58662	263549	0.1596263339129248	0.0355341890881771	0.0355341890881771	98.44160140905208	0.1596263339129248	False	False	False	0.95976366976033	0.15879828326180256	0.03767820773930754	0.09722222222222222	0.01977401129943503
test	NZ_CP141238.1	NZ_CP142707.1	0.0205655526992287	[0.01, 0.05)	54.153333333333336	132580	263549	0.0930306230200633	0.0468679448603485	0.0468679448603485	93.0989020905642	0.0930306230200633	False	False	False	0.9719684609000429	0.04655493482309125	0.025458248472505093	0.08552631578947369	0.030373831775700934
test	NZ_AP022361.1	NZ_CP182818.1	0.0178117048346055	[0.01, 0.05)	54.153333333333336	148581	278962	0.0969504849206829	0.0515805020038571	0.0515805020038571	99.50710342194768	0.0969504849206829	False	False	False	0.9700529656096198	0.09106830122591944	0.050980392156862744	0.07792207792207792	0.02830188679245283
test	NZ_CP193630.1	NZ_CP182818.1	0.0192307692307692	[0.01, 0.05)	54.153333333333336	88723	278962	0.136571125863643	0.0434431929796889	0.0434431929796889	99.51376865364004	0.136571125863643	False	False	False	0.953035509448574	0.147239263803681	0.047058823529411764	0.08	0.0213903743315508
test	NZ_CP025252.1	NZ_CP078510.1	0.047457627118644	[0.01, 0.05)	54.153333333333336	33924	261166	0.423387572220257	0.0549535544442997	0.0549535544442997	92.46179840499306	0.423387572220257	False	False	False	0.9825663026804763	0.3162393162393162	0.03878406708595388	0.3611111111111111	0.04318936877076412
test	NZ_OP378628.1	NZ_MG299151.1	0.0176470588235294	[0.01, 0.05)	54.153333333333336	74826	109845	0.1455643760190308	0.0990668669488825	0.0990668669488825	91.79899058328762	0.1455643760190308	False	False	False	0.9826774146504097	0.07608695652173914	0.05121951219512195	0.14285714285714285	0.06153846153846154
test	NZ_MG299151.1	NZ_CP141542.1	0.0211267605633802	[0.01, 0.05)	54.153333333333336	109845	202151	0.1030178888433702	0.0559730102744977	0.0559730102744977	98.88700574103515	0.1030178888433702	False	False	False	0.9864769853918166	0.11219512195121951	0.0625	0.0975609756097561	0.03896103896103896
test	CP057191.1	NZ_MG299151.1	0.0198019801980198	[0.01, 0.05)	54.153333333333336	102988	109845	0.133588379228648	0.1248395466338932	0.1248395466338932	91.47590425840092	0.133588379228648	False	False	False	0.9746750007282831	0.058333333333333334	0.05121951219512195	0.1523809523809524	0.07547169811320754
test	NZ_MG299151.1	AP026488.1	0.0456431535269709	[0.01, 0.05)	54.153333333333336	109845	152942	0.247257499203423	0.1772436609956715	0.1772436609956715	93.58279460946092	0.247257499203423	False	False	False	0.9843692968560652	0.12195121951219512	0.08605851979345955	0.3983739837398374	0.2168141592920354
test	NZ_CP118928.1	NZ_MG299151.1	0.0116279069767441	[0.01, 0.05)	54.153333333333336	67839	109845	0.0988959153289405	0.0610314534116254	0.0610314534116254	95.21180713754649	0.0988959153289405	False	False	False	0.9757065914960655	0.06772908366533864	0.041463414634146344	0.058823529411764705	0.024630541871921183
test	NZ_CP016688.2	NZ_CP178365.1	0.0135135135135135	[0.01, 0.05)	54.153333333333336	33285	58316	0.0168243953732912	0.0096028534193017	0.0096028534193017	98.214	0.0168243953732912	False	False	False	0.9733062426773018	0.02032520325203252	0.011286681715575621	0.0	0.0
test	NZ_CP148291.1	NZ_CP038312.1	0.0396825396825396	[0.01, 0.05)	54.153333333333336	54955	93182	0.277881903375489	0.163711875684145	0.163711875684145	93.47788907749558	0.277881903375489	False	False	False	0.9688630098903006	0.11581291759465479	0.07065217391304347	0.2033898305084746	0.08759124087591241
test	NZ_CP148291.1	NZ_CP148841.1	0.0106666666666666	[0.01, 0.05)	54.153333333333336	54955	319375	0.162787735419889	0.0278481409001956	0.0278481409001956	91.40964779944292	0.162787735419889	False	False	False	0.9746586292160055	0.07476635514018691	0.01386481802426343	0.1864406779661017	0.030555555555555555
test	NZ_CP148291.1	NZ_CP107173.1	0.0404040404040404	[0.01, 0.05)	54.153333333333336	54955	149268	0.3180056409789828	0.1171851970951577	0.1171851970951577	93.09719223765082	0.3180056409789828	False	False	False	0.9646424866018494	0.1261682242990654	0.048736462093862815	0.3559322033898305	0.10824742268041238
test	NZ_CP142946.1	NZ_CP148291.1	0.048076923076923	[0.01, 0.05)	54.153333333333336	48552	54955	0.160693689240402	0.1415157856427986	0.1415157856427986	91.46818005857634	0.160693689240402	False	False	False	0.9814942754984678	0.0972972972972973	0.0801781737193764	0.22641509433962265	0.12
test	NZ_CP148291.1	NZ_CP031907.1	0.0129870129870129	[0.01, 0.05)	54.153333333333336	54955	121036	0.2057137658083886	0.0930714828646022	0.0930714828646022	89.25915042223787	0.2057137658083886	False	False	False	0.977934882938625	0.06074766355140187	0.030373831775700934	0.1864406779661017	0.06666666666666667
test	NZ_CP148291.1	NZ_CP062718.1	0.0396825396825396	[0.01, 0.05)	54.153333333333336	54955	96507	0.2775543626603585	0.1579470919207933	0.1579470919207933	93.43987344005224	0.2775543626603585	False	False	False	0.9716631559286945	0.11581291759465479	0.07046070460704607	0.2033898305084746	0.08888888888888889
test	NZ_CP101557.1	CP043740.1	0.0125786163522012	[0.01, 0.05)	54.153333333333336	46288	113189	0.170044071897684	0.0694855507160589	0.0694855507160589	89.14720138976625	0.170044071897684	False	False	False	0.9638880604717298	0.06349206349206349	0.027586206896551724	0.11538461538461539	0.03592814371257485
test	NZ_JARWCH010000047.1	CP043740.1	0.0241935483870967	[0.01, 0.05)	54.153333333333336	11679	113189	0.4639952050689271	0.0478580074035462	0.0478580074035462	94.04952100221077	0.4639952050689271	False	False	False	0.9848101306272778	0.2	0.02528735632183908	0.23529411764705882	0.029850746268656716
test	NZ_OP378628.1	NZ_LR878366.1	0.0297872340425531	[0.01, 0.05)	54.153333333333336	74826	231165	0.1932750648170422	0.0625959812255315	0.0625959812255315	93.7736925408086	0.1932750648170422	False	False	False	0.9595831422354073	0.09782608695652174	0.04245283018867924	0.08333333333333333	0.025735294117647058
test	NZ_CP057239.1	NZ_LR878366.1	0.029126213592233	[0.01, 0.05)	54.153333333333336	145940	231165	0.1645539262710703	0.1038565526788224	0.1038565526788224	94.29503972244147	0.1645539262710703	False	False	False	0.99181221751819	0.0631768953068592	0.055031446540880505	0.12903225806451613	0.06060606060606061
test	NZ_CP087962.1	NZ_CP015967.1	0.0192307692307692	[0.01, 0.05)	54.153333333333336	23715	33001	0.1999156651908075	0.1438138238235205	0.1438138238235205	87.53917633507854	0.1999156651908075	False	False	False	0.8923598273523652	0.05141388174807198	0.03795066413662239	0.11428571428571428	0.05405405405405406
test	OW849481.1	NZ_CP024192.1	0.0327272727272727	[0.01, 0.05)	54.153333333333336	105977	221606	0.1844645536295611	0.0880255949748653	0.0880255949748653	96.1747095505618	0.1844645536295611	False	False	False	0.9764967284621442	0.16986301369863013	0.07451923076923077	0.12931034482758622	0.042492917847025496
test	NZ_MF042352.1	NZ_CP084832.1	0.045662100456621	[0.01, 0.05)	54.153333333333336	119047	131535	0.1812309424009004	0.1638043106397536	0.1638043106397536	94.1605821860852	0.1812309424009004	False	False	False	0.9888443700830606	0.10983981693363844	0.10367170626349892	0.12030075187969924	0.06349206349206349
test	NZ_RRHQ01000168.1	NZ_CP178695.1	0.0209790209790209	[0.01, 0.05)	54.153333333333336	1714	153819	1.0	0.0111429667336284	0.0111429667336284	99.883	1.0	False	False	True	0.8396077026874195	1.0	0.008802816901408451	0.5	0.006711409395973154
test	NZ_AP028843.1	NZ_CP178695.1	0.0342205323193916	[0.01, 0.05)	54.153333333333336	137403	153819	0.16323515498206	0.1459637626040996	0.1459637626040996	95.50320360824745	0.16323515498206	False	False	False	0.9937505190853118	0.1419624217118998	0.11971830985915492	0.14788732394366197	0.07806691449814127
test	NZ_CP101557.1	NZ_AP022361.1	0.01	[0.01, 0.05)	54.153333333333336	46288	148581	0.1178923263048738	0.0367610932757216	0.0367610932757216	96.26854947869032	0.1178923263048738	False	False	False	0.9749817686817478	0.07936507936507936	0.02626970227670753	0.09615384615384616	0.024875621890547265
test	NZ_CP101557.1	NZ_CP141238.1	0.036144578313253	[0.01, 0.05)	54.153333333333336	46288	132580	0.1318916349809886	0.0460250414843867	0.0460250414843867	98.59241054182354	0.1318916349809886	False	False	False	0.9677858202127095	0.13756613756613756	0.048417132216014895	0.057692307692307696	0.014925373134328358
test	NZ_CP120931.1	NZ_PP589848.1	0.0357142857142857	[0.01, 0.05)	54.153333333333336	7078	41439	0.269850240180842	0.046333164410338	0.046333164410338	89.82867825635704	0.269850240180842	False	False	False	0.9282761876597073	0.11206896551724138	0.020634920634920634	0.2727272727272727	0.057692307692307696
test	LC735979.1	NZ_CP096939.1	0.0178571428571428	[0.01, 0.05)	54.153333333333336	25677	33003	0.1951551972582466	0.152167984728661	0.152167984728661	90.0811617501485	0.1951551972582466	False	False	False	0.9851668165104408	0.0777479892761394	0.05835010060362173	0.12121212121212122	0.056338028169014086
test	LC735979.1	CP088364.1	0.0109890109890109	[0.01, 0.05)	54.153333333333336	25677	80900	0.0918331580792148	0.0291100123609394	0.0291100123609394	99.5333524173028	0.0918331580792148	False	False	False	0.9285198780058467	0.1111111111111111	0.03494176372712146	0.06060606060606061	0.016666666666666666
test	LC735979.1	NZ_MH917123.1	0.0123456790123456	[0.01, 0.05)	54.153333333333336	25677	65604	0.0669081278965611	0.0261721846228888	0.0261721846228888	99.88399534342258	0.0669081278965611	False	False	False	0.9243089349035586	0.0582010582010582	0.024070021881838075	0.030303030303030304	0.009009009009009009
test	NZ_CP195185.1	CP094244.1	0.0208333333333333	[0.01, 0.05)	54.153333333333336	44912	87661	0.1628740648379052	0.0833323827015434	0.0833323827015434	98.1418833173931	0.1628740648379052	False	False	False	0.984278926554129	0.029411764705882353	0.014388489208633094	0.05555555555555555	0.01834862385321101
test	NZ_AP022479.1	NZ_CP103691.1	0.0121212121212121	[0.01, 0.05)	54.153333333333336	91989	449953	0.1995782104382045	0.0407798147806548	0.0407798147806548	95.80648751699756	0.1995782104382045	False	False	False	0.9935379014410785	0.12030075187969924	0.02768166089965398	0.12631578947368421	0.0225140712945591
test	NZ_RRSM01000100.1	NZ_AP022479.1	0.0104166666666666	[0.01, 0.05)	54.153333333333336	14263	91989	0.3218817920493584	0.0498537868658209	0.0498537868658209	94.01799804220144	0.3218817920493584	False	False	False	0.9614845192110494	0.1	0.016150740242261104	0.0	0.0
test	NZ_RROE01000117.1	NZ_CP056698.1	0.0141843971631205	[0.01, 0.05)	54.153333333333336	4495	127911	0.9759733036707452	0.0342347413435904	0.0342347413435904	92.57114720581552	0.9759733036707452	False	False	True	0.9050365190337298	0.4117647058823529	0.015765765765765764	0.6666666666666666	0.02877697841726619
test	NZ_CP133928.1	NZ_CP056698.1	0.0221238938053097	[0.01, 0.05)	54.153333333333336	100835	127911	0.115059255218922	0.0908678690652094	0.0908678690652094	92.2365612936433	0.115059255218922	False	False	False	0.9911867725652548	0.04032258064516129	0.033783783783783786	0.11403508771929824	0.0546218487394958
test	NZ_CP011988.1	NZ_OY757950.1	0.0189873417721519	[0.01, 0.05)	54.153333333333336	13841	150582	0.3262770031067119	0.0299969451860116	0.0299969451860116	97.12344146935162	0.3262770031067119	False	False	False	0.9806732835088704	0.20408163265306123	0.01838235294117647	0.0625	0.006024096385542169
test	NZ_CP011988.1	NZ_CP125122.1	0.0123076923076923	[0.01, 0.05)	54.153333333333336	13841	333411	0.4143486742287407	0.0172429823851042	0.0172429823851042	97.94786365217392	0.4143486742287407	False	False	False	0.9630693091295764	0.32653061224489793	0.013125512715340444	0.125	0.00510204081632653
test	NZ_CP011988.1	NZ_CP026579.1	0.0166666666666666	[0.01, 0.05)	54.153333333333336	13841	100229	0.1702911639332418	0.0234862165640682	0.0234862165640682	99.23658524173028	0.1702911639332418	False	False	False	0.9833404084451176	0.18691588785046728	0.026420079260237782	0.0625	0.007692307692307693
test	NZ_CP011988.1	NZ_JBWLLO010000003.1	0.0444444444444444	[0.01, 0.05)	54.153333333333336	13841	73335	0.4108084675962719	0.0776436899161382	0.0776436899161382	97.6294049165935	0.4108084675962719	False	False	False	0.9758623626154882	0.3364485981308411	0.06976744186046512	0.125	0.023255813953488372
test	NZ_JBUBJY010000002.1	NZ_CP189450.1	0.011049723756906	[0.01, 0.05)	54.153333333333336	74034	125383	0.1128535537725909	0.0665959500091719	0.0665959500091719	94.08379837456674	0.1128535537725909	False	False	False	0.970252331442277	0.09523809523809523	0.048458149779735685	0.12698412698412698	0.0425531914893617
test	NZ_JCDGMJ010000045.1	NZ_JBUBJY010000002.1	0.034090909090909	[0.01, 0.05)	54.153333333333336	34070	74034	0.2493102436160845	0.1146230110489775	0.1146230110489775	98.258190913371	0.2493102436160845	False	False	False	0.9463422501896573	0.21455938697318008	0.12669683257918551	0.15384615384615385	0.047058823529411764
test	NZ_JBUBJY010000002.1	NZ_CP153791.1	0.017921146953405	[0.01, 0.05)	54.153333333333336	74034	292610	0.195626333846611	0.0494890810293564	0.0494890810293564	94.9005010681552	0.195626333846611	False	False	False	0.9750949155424272	0.1645021645021645	0.03636363636363636	0.14285714285714285	0.02903225806451613
test	NZ_JBUBJY010000002.1	NZ_CP104527.1	0.0157894736842105	[0.01, 0.05)	54.153333333333336	74034	163762	0.0940648891050058	0.0425556600432334	0.0425556600432334	96.34455447247709	0.0940648891050058	False	False	False	0.9532267110581678	0.09090909090909091	0.035058430717863104	0.1111111111111111	0.03664921465968586
test	CP089767.1	NZ_CP141542.1	0.0432692307692307	[0.01, 0.05)	54.153333333333336	68291	202151	0.2424331171018142	0.0820426314982364	0.0820426314982364	96.36485833132384	0.2424331171018142	False	False	False	0.9916437970439549	0.20155038759689922	0.035326086956521736	0.15	0.025974025974025976
test	CP089767.1	NZ_CP062226.1	0.0170068027210884	[0.01, 0.05)	54.153333333333336	68291	265014	0.1491265320466825	0.0384470254401654	0.0384470254401654	96.71510737399493	0.1491265320466825	False	False	False	0.9678002948546811	0.18604651162790697	0.023952095808383235	0.1	0.012539184952978056
test	CP089767.1	CP057325.1	0.0287769784172661	[0.01, 0.05)	54.153333333333336	68291	103762	0.1493754667525735	0.0983211580347333	0.0983211580347333	96.11979688418576	0.1493754667525735	False	False	False	0.9865691946767957	0.13953488372093023	0.04904632152588556	0.125	0.033783783783783786
test	NZ_CP145712.1	CP089767.1	0.0294117647058823	[0.01, 0.05)	54.153333333333336	33455	68291	0.3204902107308324	0.1568142214933153	0.1568142214933153	96.44250111752656	0.3204902107308324	False	False	False	0.9808750385700669	0.188	0.18007662835249041	0.2894736842105263	0.16417910447761194
test	NZ_CP120931.1	NZ_CP120419.2	0.037037037037037	[0.01, 0.05)	54.153333333333336	7078	28817	0.3414806442497881	0.0842211194780858	0.0842211194780858	83.7338630248675	0.3414806442497881	False	False	False	0.9663607941232397	0.034482758620689655	0.010443864229765013	0.18181818181818182	0.05405405405405406
test	NZ_QXXP01000127.1	CP014297.1	0.0449438202247191	[0.01, 0.05)	54.153333333333336	2018	90274	0.985629335976214	0.0217006003943549	0.0217006003943549	100.0	0.985629335976214	False	False	True	0.9084264163100981	1.0	0.018604651162790697	0.6666666666666666	0.022727272727272728
test	NZ_QXXP01000127.1	OW849481.1	0.0105263157894736	[0.01, 0.05)	54.153333333333336	2018	105977	0.680376610505451	0.0129556413183992	0.0129556413183992	100.0	0.680376610505451	False	False	True	0.8704027332041667	0.875	0.019178082191780823	0.3333333333333333	0.00847457627118644
test	NZ_QXXP01000127.1	NZ_CP063884.1	0.0181818181818181	[0.01, 0.05)	54.153333333333336	2018	57825	0.6050545094152626	0.0211154345006485	0.0211154345006485	100.0	0.6050545094152626	False	False	True	0.9289567626236617	0.75	0.021739130434782608	0.3333333333333333	0.014705882352941176
test	NZ_CP021547.1	NZ_OY757950.1	0.0384615384615384	[0.01, 0.05)	54.153333333333336	45740	150582	0.2268036729339746	0.0689059781381572	0.0689059781381572	96.83202493741577	0.2268036729339746	False	False	False	0.9806277940829601	0.19101123595505617	0.0625	0.12	0.03076923076923077
test	NZ_CP038401.1	NZ_OY757950.1	0.0430622009569378	[0.01, 0.05)	54.153333333333336	92513	150582	0.2770961918865456	0.1701929845532666	0.1701929845532666	94.73723252557468	0.2770961918865456	False	False	False	0.9669127728311935	0.13720316622691292	0.09558823529411764	0.2727272727272727	0.11162790697674418
test	NZ_RRHQ01000168.1	NZ_OY757950.1	0.0206896551724137	[0.01, 0.05)	54.153333333333336	1714	150582	1.0	0.0113825025567464	0.0113825025567464	99.942	1.0	False	False	True	0.8281698636466556	1.0	0.009191176470588236	0.0	0.0
test	NZ_JBXUIF010000005.1	NZ_OY757950.1	0.0220994475138121	[0.01, 0.05)	54.153333333333336	63293	150582	0.0952553994912549	0.0399383724482341	0.0399383724482341	97.06607326371622	0.0952553994912549	False	False	False	0.9434486097315493	0.10218978102189781	0.025735294117647058	0.1	0.0213903743315508
test	NZ_CP149976.1	NZ_OY757950.1	0.0331753554502369	[0.01, 0.05)	54.153333333333336	58972	150582	0.1296377942074204	0.0507431167071761	0.0507431167071761	97.55579006535947	0.1296377942074204	False	False	False	0.9805015541759153	0.10222222222222223	0.042279411764705885	0.041666666666666664	0.013636363636363636
test	NZ_CP019016.1	NZ_OY757950.1	0.0224719101123595	[0.01, 0.05)	54.153333333333336	37756	150582	0.0569445915880919	0.0144373165451381	0.0144373165451381	98.98820689655172	0.0569445915880919	False	False	False	0.9225382603869123	0.051470588235294115	0.012867647058823529	0.018867924528301886	0.0049261083743842365
test	NZ_CP138404.1	NZ_CP141546.1	0.017094017094017	[0.01, 0.05)	54.153333333333336	47171	348041	0.2381123995675308	0.0322835527998138	0.0322835527998138	99.35950983358546	0.2381123995675308	False	False	False	0.9905728200692004	0.3076923076923077	0.021005251312828207	0.2571428571428571	0.023195876288659795
test	NZ_CP095134.1	NZ_CP141546.1	0.04	[0.01, 0.05)	54.153333333333336	70936	348041	0.3011164993797225	0.06134047425447	0.06134047425447	96.10840336763329	0.3011164993797225	False	False	False	0.9640565579623341	0.1947565543071161	0.03900975243810953	0.18055555555555555	0.030878859857482184
test	NZ_JBSJBU010000003.1	NZ_CP141546.1	0.0317460317460317	[0.01, 0.05)	54.153333333333336	63107	348041	0.2249988115423011	0.0408141569527728	0.0408141569527728	98.797652534627	0.2249988115423011	False	False	False	0.9624626931244831	0.18333333333333332	0.033008252063015754	0.14285714285714285	0.023696682464454975
test	NZ_CP025252.1	NZ_CP141546.1	0.0331491712707182	[0.01, 0.05)	54.153333333333336	33924	348041	0.3599811343002004	0.0350993130119727	0.0350993130119727	99.63981991490752	0.3599811343002004	False	False	False	0.9083174016043724	0.37606837606837606	0.033008252063015754	0.16666666666666666	0.015306122448979591
test	NZ_PQ650613.1	NZ_PQ279301.1	0.0374449339207048	[0.01, 0.05)	54.153333333333336	192991	283375	0.0926416257752952	0.0631812968681076	0.0631812968681076	99.50286528150131	0.0926416257752952	False	False	False	0.9656961125778994	0.1117092866756393	0.076076993583868	0.06018518518518518	0.025193798449612403
test	NZ_CP199511.1	NZ_PQ650613.1	0.0128755364806866	[0.01, 0.05)	54.153333333333336	44105	192991	0.2086838226958394	0.0477483405961936	0.0477483405961936	97.9825080811368	0.2086838226958394	False	False	False	0.9511612286419977	0.17297297297297298	0.04306864064602961	0.11538461538461539	0.022900763358778626
test	NZ_JCDGLC010000041.1	NZ_CP030765.1	0.043103448275862	[0.01, 0.05)	54.153333333333336	41565	93169	0.1318657524359437	0.0587749144028593	0.0587749144028593	94.5356338797814	0.1318657524359437	False	False	False	0.9725225345721837	0.06289308176100629	0.027510316368638238	0.08333333333333333	0.02459016393442623
test	NZ_OM048934.1	NZ_JBZGES010000003.1	0.0228136882129277	[0.01, 0.05)	54.153333333333336	118931	162786	0.1207506873733509	0.088693130858919	0.088693130858919	94.8398559175486	0.1207506873733509	False	False	False	0.9572737106596988	0.07534246575342465	0.052132701421800945	0.012987012987012988	0.005917159763313609
test	NZ_OM048934.1	CP052444.1	0.0112781954887218	[0.01, 0.05)	54.153333333333336	118931	174931	0.0809040536109172	0.0551188754423172	0.0551188754423172	92.67265760644896	0.0809040536109172	False	False	False	0.9637592116006818	0.0547945205479452	0.03463203463203463	0.032467532467532464	0.014084507042253521
test	NZ_JBSJBU010000003.1	NZ_OM048934.1	0.0306748466257668	[0.01, 0.05)	54.153333333333336	63107	118931	0.2576734752087724	0.1365161312021256	0.1365161312021256	91.31043546810068	0.2576734752087724	False	False	False	0.9867084589860193	0.1	0.0547945205479452	0.08571428571428572	0.027522935779816515
test	NZ_CP141569.1	NZ_CP153791.1	0.0415647921760391	[0.01, 0.05)	54.153333333333336	194326	292610	0.195722651626648	0.1298759440894022	0.1298759440894022	96.68497039508247	0.195722651626648	False	False	False	0.9957664577553568	0.13738441215323646	0.09952153110047847	0.15816326530612246	0.07363420427553444
test	NZ_JBYYIK010000003.1	NZ_CP141569.1	0.0116959064327485	[0.01, 0.05)	54.153333333333336	144341	194326	0.0520295688681663	0.0386309603449872	0.0386309603449872	90.03438442144373	0.0520295688681663	False	False	False	0.9680905996905798	0.02608695652173913	0.019815059445178335	0.034482758620689655	0.016483516483516484
test	NZ_CP141569.1	NZ_CP082766.1	0.0105820105820105	[0.01, 0.05)	54.153333333333336	194326	199279	0.096019060753579	0.0936927624084825	0.0936927624084825	91.97800774945216	0.096019060753579	False	False	False	0.9922406163277991	0.02509907529722589	0.02509907529722589	0.05102040816326531	0.02557544757033248
test	NZ_CP159186.1	NZ_OM938013.1	0.0169491525423728	[0.01, 0.05)	54.153333333333336	135518	262582	0.1714311014035036	0.0884790275037892	0.0884790275037892	86.45929779033915	0.1714311014035036	False	False	False	0.9847269047178583	0.07724425887265135	0.038183694530443756	0.15447154471544716	0.049868766404199474
test	CP088364.1	NZ_CP159186.1	0.0109890109890109	[0.01, 0.05)	54.153333333333336	80900	135518	0.1519406674907293	0.0902241768621142	0.0902241768621142	89.3904174851855	0.1519406674907293	False	False	False	0.9925031579374032	0.0581039755351682	0.03966597077244259	0.0898876404494382	0.0392156862745098
test	NZ_JCAWDY010000002.1	NZ_JBYCWT010000001.1	0.0121951219512195	[0.01, 0.05)	54.153333333333336	61509	153509	0.0963923978604757	0.0386296568930811	0.0386296568930811	99.93247782835948	0.0963923978604757	False	False	False	0.9775911688068386	0.08482142857142858	0.04449648711943794	0.014492753623188406	0.00510204081632653
test	CP099211.1	NZ_JBYCWT010000001.1	0.0472103004291845	[0.01, 0.05)	54.153333333333336	128784	153509	0.1911106969809914	0.1600297050987238	0.1600297050987238	93.26438379910896	0.1911106969809914	False	False	False	0.9877461669503851	0.07007575757575757	0.07007575757575757	0.1732283464566929	0.0944206008583691
test	NZ_JBYCWT010000001.1	CP044377.1	0.0110192837465564	[0.01, 0.05)	54.153333333333336	153509	310104	0.0511891810903595	0.025285065655393	0.025285065655393	96.15983290946085	0.0511891810903595	False	False	False	0.9752893875023173	0.04918032786885246	0.01832460732984293	0.03125	0.0078125
test	NZ_CP035015.1	NZ_CP013752.1	0.0333333333333333	[0.01, 0.05)	54.153333333333336	35533	68522	0.1854051163706976	0.0960713347538017	0.0960713347538017	89.16465708232445	0.1854051163706976	False	False	False	0.9826052103594164	0.05241935483870968	0.03333333333333333	0.075	0.03225806451612903
test	NZ_CP186433.1	NZ_CP020069.1	0.0291970802919708	[0.01, 0.05)	54.153333333333336	76975	213013	0.2046508606690484	0.0740518184336167	0.0740518184336167	94.618476606521	0.2046508606690484	False	False	False	0.9950989243449095	0.1188118811881188	0.04645161290322581	0.17777777777777778	0.05818181818181818
test	NZ_NPII01000055.1	NZ_CP186433.1	0.0128205128205128	[0.01, 0.05)	54.153333333333336	3562	76975	0.1659180235822571	0.0075998700876908	0.0075998700876908	93.91898310810812	0.1659180235822571	False	False	False	0.9523776416310216	0.16	0.0066555740432612314	0.3333333333333333	0.010869565217391304
test	NZ_CP186433.1	NZ_PQ667066.1	0.018018018018018	[0.01, 0.05)	54.153333333333336	76975	180007	0.1401623903864891	0.060047664813035	0.060047664813035	93.904178719867	0.1401623903864891	False	False	False	0.9934571605319286	0.036303630363036306	0.016467065868263474	0.13333333333333333	0.04780876494023904
test	NZ_MH917123.1	NZ_CP186433.1	0.0147058823529411	[0.01, 0.05)	54.153333333333336	65604	76975	0.1358606182549844	0.1157388762585255	0.1157388762585255	99.32695916077638	0.1358606182549844	False	False	False	0.992401597589858	0.12910284463894967	0.09816971713810316	0.17721518987341772	0.09032258064516129
test	NZ_AP018457.1	NZ_CP141199.1	0.0162337662337662	[0.01, 0.05)	54.153333333333336	86535	214402	0.0477032414629918	0.0192022462477029	0.0192022462477029	96.95657294685992	0.0477032414629918	False	False	False	0.9644813890387562	0.039886039886039885	0.01694915254237288	0.044444444444444446	0.01282051282051282
test	NZ_AP018457.1	NZ_CP073989.1	0.0103092783505154	[0.01, 0.05)	54.153333333333336	86535	134191	0.0930259432599526	0.0598922431459635	0.0598922431459635	96.12808451228594	0.0930259432599526	False	False	False	0.9801525263924039	0.06552706552706553	0.04703476482617587	0.07777777777777778	0.03317535545023697
test	NZ_CP018253.1	NZ_CP184146.1	0.0331491712707182	[0.01, 0.05)	54.153333333333336	95229	174759	0.197754885591574	0.1074164992933125	0.1074164992933125	92.41968847599388	0.197754885591574	False	False	False	0.9706854023671321	0.07792207792207792	0.055970149253731345	0.18181818181818182	0.06666666666666667
test	CP082669.1	NZ_CP184146.1	0.041025641025641	[0.01, 0.05)	54.153333333333336	99345	174759	0.3172077105037998	0.1803054492186382	0.1803054492186382	93.77758037182244	0.3172077105037998	False	False	False	0.9824902164800616	0.13719512195121952	0.08395522388059702	0.4215686274509804	0.1894273127753304
test	NZ_JAMYDI010000073.1	NZ_PEHU01000018.1	0.025	[0.01, 0.05)	54.153333333333336	5991	41575	0.3049574361542313	0.0441130487071557	0.0441130487071557	91.93463814713895	0.3049574361542313	False	False	False	0.8950465902796197	0.15384615384615385	0.0219435736677116	0.0	0.0
test	NZ_JAMYDI010000073.1	NZ_CP086388.1	0.0188679245283018	[0.01, 0.05)	54.153333333333336	5991	113047	0.3044566850275413	0.0161348819517545	0.0161348819517545	96.92984210526316	0.3044566850275413	False	False	False	0.9140675548209423	0.23529411764705882	0.009237875288683603	0.16666666666666666	0.007874015748031496
test	NZ_JAMZDN010000175.1	NZ_JBNGOB010000022.1	0.0307692307692307	[0.01, 0.05)	54.153333333333336	5184	64143	0.8258101851851852	0.0668038601250331	0.0668038601250331	90.64013806752038	0.8258101851851852	False	False	True	0.9493415928060088	0.18181818181818182	0.011650485436893204	0.6	0.046875
test	NZ_JARWCH010000047.1	CP057522.1	0.02	[0.01, 0.05)	54.153333333333336	11679	86439	0.4090247452692867	0.0552528372609585	0.0552528372609585	92.24494272575252	0.4090247452692867	False	False	False	0.9555637189593996	0.13	0.02034428794992175	0.17647058823529413	0.029411764705882353
test	NZ_JARWCH010000047.1	NZ_CP028692.1	0.0357142857142857	[0.01, 0.05)	54.153333333333336	11679	92714	0.524188714787225	0.0659339474081584	0.0659339474081584	95.07018494939604	0.524188714787225	False	False	True	0.9883818489350866	0.2	0.02717391304347826	0.29411764705882354	0.050505050505050504
test	NZ_CP100828.1	NZ_OM938013.1	0.0218579234972677	[0.01, 0.05)	54.153333333333336	143148	262582	0.1663662782574678	0.0906116946325338	0.0906116946325338	90.76736997408676	0.1663662782574678	False	False	False	0.967866138529694	0.07279693486590039	0.0392156862745098	0.11688311688311688	0.043583535108958835
test	NZ_CP195975.1	NZ_OM938013.1	0.020066889632107	[0.01, 0.05)	54.153333333333336	62763	262582	0.2073355320810031	0.0496378274215292	0.0496378274215292	96.647322642376	0.2073355320810031	False	False	False	0.9847613404308699	0.16883116883116883	0.04024767801857585	0.13846153846153847	0.02702702702702703
test	NZ_CP129515.1	NZ_OM938013.1	0.0187165775401069	[0.01, 0.05)	54.153333333333336	138894	262582	0.0868216049649373	0.0459589766244449	0.0459589766244449	97.08482989648031	0.0868216049649373	False	False	False	0.9818501250314619	0.06846473029045644	0.034055727554179564	0.06962025316455696	0.025943396226415096
test	NZ_NTGK01000105.1	NZ_CP169382.1	0.0277777777777777	[0.01, 0.05)	54.153333333333336	11783	53894	0.1068488500381906	0.023360670946673	0.023360670946673	99.444	0.1068488500381906	False	False	False	0.9769121902885162	0.12359550561797752	0.024608501118568233	0.1	0.013157894736842105
test	NZ_LR890211.1	NZ_CP074455.1	0.036734693877551	[0.01, 0.05)	54.153333333333336	111450	159477	0.0833467922835352	0.058284266696765	0.058284266696765	96.43281691200173	0.0833467922835352	False	False	False	0.9913789164066278	0.0585480093676815	0.04288164665523156	0.09345794392523364	0.03759398496240601
test	NZ_CP026579.1	NZ_CP074455.1	0.0160642570281124	[0.01, 0.05)	54.153333333333336	100229	159477	0.1094194295064302	0.0687371846723979	0.0687371846723979	85.802015625	0.1094194295064302	False	False	False	0.9916616004353426	0.04556962025316456	0.030874785591766724	0.1565217391304348	0.06766917293233082
test	NC_032101.1	NZ_CP189450.1	0.0284090909090909	[0.01, 0.05)	54.153333333333336	58120	125383	0.1065037852718513	0.0493846853241667	0.0493846853241667	99.3218596802842	0.1065037852718513	False	False	False	0.9807993895186468	0.0967741935483871	0.046255506607929514	0.06578947368421052	0.024509803921568627
test	NC_032101.1	NZ_JBYYIK010000003.1	0.0306122448979591	[0.01, 0.05)	54.153333333333336	58120	144341	0.1127150722642808	0.0453925080192045	0.0453925080192045	98.51978238974516	0.1127150722642808	False	False	False	0.9677176813450938	0.10138248847926268	0.03826086956521739	0.06578947368421052	0.02040816326530612
test	CP088402.1	NZ_JBVTJX020000002.1	0.0393120393120393	[0.01, 0.05)	54.153333333333336	167679	257061	0.1074374250800637	0.0700806423378108	0.0700806423378108	98.3980872457181	0.1074374250800637	False	False	False	0.9753472335720437	0.11290322580645161	0.0708502024291498	0.07058823529411765	0.02696629213483146
test	CP088402.1	NZ_KY019259.1	0.0119331742243436	[0.01, 0.05)	54.153333333333336	167679	249153	0.0523917723745967	0.0352193230665494	0.0352193230665494	97.39461258391172	0.0523917723745967	False	False	False	0.9720667501794567	0.06774193548387097	0.04439746300211417	0.047058823529411764	0.01904761904761905
test	NZ_CP018864.1	NZ_CP195101.1	0.0104166666666666	[0.01, 0.05)	54.153333333333336	25865	81245	0.0462014305045428	0.0143762693088805	0.0143762693088805	75.967	0.0462014305045428	False	False	False	0.7930636427611121	0.0	0.0	0.0	0.0
test	NZ_CP103748.1	NZ_AP022361.1	0.0145631067961165	[0.01, 0.05)	54.153333333333336	50937	148581	0.1553683962541963	0.0528869774735666	0.0528869774735666	95.71687553539934	0.1553683962541963	False	False	False	0.9821965134897086	0.06	0.021015761821366025	0.14285714285714285	0.039603960396039604
test	NZ_CP103748.1	NZ_AP042702.1	0.0125	[0.01, 0.05)	54.153333333333336	50937	97991	0.1693071833833951	0.0873855762263881	0.0873855762263881	92.38309431345354	0.1693071833833951	False	False	False	0.9742632901216738	0.06483790523690773	0.03430079155672823	0.125	0.042682926829268296
test	NZ_CP040265.1	NC_013369.1	0.0252100840336134	[0.01, 0.05)	54.153333333333336	73952	85167	0.1301925573344872	0.1130719644932896	0.1130719644932896	92.64836480198532	0.1301925573344872	False	False	False	0.9801127957948679	0.06374501992031872	0.05673758865248227	0.1232876712328767	0.05921052631578947
test	NZ_CP114566.1	NZ_CP125122.1	0.0133843212237093	[0.01, 0.05)	54.153333333333336	210045	333411	0.0427717869980242	0.0269427223456934	0.0269427223456934	95.1949293086228	0.0427717869980242	False	False	False	0.9646469341837992	0.04091456077015644	0.02789171452009844	0.03278688524590164	0.013029315960912053
test	NZ_CP199511.1	NZ_CP125122.1	0.0169971671388102	[0.01, 0.05)	54.153333333333336	44105	333411	0.1750821902278653	0.0231696014828544	0.0231696014828544	98.34584218689416	0.1750821902278653	False	False	False	0.9337251954291916	0.12972972972972974	0.019688269073010665	0.09615384615384616	0.011764705882352941
test	NZ_JCAWDY010000002.1	CP067873.1	0.0292397660818713	[0.01, 0.05)	54.153333333333336	61509	118543	0.1673738802451673	0.0868292518326683	0.0868292518326683	94.64807058367268	0.1673738802451673	False	False	False	0.9917711749094715	0.08035714285714286	0.041189931350114416	0.10144927536231885	0.036458333333333336
test	CP067873.1	NZ_CP047280.1	0.0113960113960113	[0.01, 0.05)	54.153333333333336	118543	262422	0.138118657364838	0.0621822865460975	0.0621822865460975	87.49181319482409	0.138118657364838	False	False	False	0.9916378574349182	0.04805491990846682	0.02151639344262295	0.16153846153846155	0.05426356589147287
test	CP067873.1	NZ_CP153791.1	0.017910447761194	[0.01, 0.05)	54.153333333333336	118543	292610	0.0803168470512809	0.0325347732476675	0.0325347732476675	95.78797757753564	0.0803168470512809	False	False	False	0.9903708573416006	0.07322654462242563	0.03062200956937799	0.06923076923076923	0.023872679045092837
test	NZ_CP068905.1	CP067873.1	0.0285714285714285	[0.01, 0.05)	54.153333333333336	56522	118543	0.1905275821803899	0.0907603148224694	0.0907603148224694	94.9004187297172	0.1905275821803899	False	False	False	0.9881964469731116	0.10204081632653061	0.04576659038901602	0.125	0.043010752688172046
test	NZ_CP069544.1	NZ_CP148841.1	0.0289473684210526	[0.01, 0.05)	54.153333333333336	80965	319375	0.1973939356512073	0.0501291585127201	0.0501291585127201	95.4079560720294	0.1973939356512073	False	False	False	0.9719094582813567	0.08626198083067092	0.02339688041594454	0.22784810126582278	0.04825737265415549
test	NZ_CP069544.1	NZ_AP042702.1	0.0113636363636363	[0.01, 0.05)	54.153333333333336	80965	97991	0.1717161736552831	0.1418395566939821	0.1418395566939821	84.95010460370877	0.1717161736552831	False	False	False	0.9700757780512453	0.0328125	0.027704485488126648	0.1518987341772152	0.06593406593406594
test	NZ_CP096939.1	NZ_CP086419.1	0.0326086956521739	[0.01, 0.05)	54.153333333333336	33003	70475	0.1016877253583007	0.0477190493082653	0.0477190493082653	99.88138694362016	0.1016877253583007	False	False	False	0.9532965434017985	0.08203125	0.04329896907216495	0.047619047619047616	0.01652892561983471
test	CP067898.1	CP124644.1	0.0206185567010309	[0.01, 0.05)	54.153333333333336	48619	53481	0.0285279417511672	0.0259344440081524	0.0259344440081524	99.92787671232875	0.0285279417511672	False	False	False	0.9030898955240381	0.020833333333333332	0.020833333333333332	0.017241379310344827	0.008620689655172414
test	NZ_CP079824.1	NZ_CP151758.1	0.0303030303030303	[0.01, 0.05)	54.153333333333336	13893	53097	0.2332109695530123	0.0610015631768273	0.0610015631768273	99.9075	0.2332109695530123	False	False	False	0.9142403059191877	0.22807017543859648	0.06718346253229975	0.0	0.0
test	CP067898.1	NZ_PZ067499.1	0.0149253731343283	[0.01, 0.05)	54.153333333333336	48619	157848	0.0600999609206277	0.0185875019005625	0.0185875019005625	99.45484156729133	0.0600999609206277	False	False	False	0.8712246051495607	0.0625	0.018803418803418803	0.05084745762711865	0.014150943396226415
test	NZ_CP042365.1	NZ_PQ126489.1	0.0140664961636828	[0.01, 0.05)	54.153333333333336	256887	612637	0.047468342111512	0.019954720331942	0.019954720331942	99.7628796303868	0.047468342111512	False	False	False	0.9081739485236807	0.0536779324055666	0.02406417112299465	0.0425531914893617	0.011976047904191617
test	NZ_CP095668.1	NZ_PQ126489.1	0.0115894039735099	[0.01, 0.05)	54.153333333333336	45403	612637	0.1641741735127634	0.0121833973462262	0.0121833973462262	96.009677959293	0.1641741735127634	False	False	False	0.9817332892383775	0.16666666666666666	0.012477718360071301	0.1016949152542373	0.00904977375565611
test	NZ_CP025252.1	NZ_PQ126489.1	0.0133111480865224	[0.01, 0.05)	54.153333333333336	33924	612637	0.2484376842353496	0.013748761501509	0.013748761501509	99.60841974136906	0.2484376842353496	False	False	False	0.9379111840861941	0.28205128205128205	0.014705882352941176	0.08333333333333333	0.004665629860031105
test	NZ_PQ667066.1	NZ_CP073977.1	0.0381679389312977	[0.01, 0.05)	54.153333333333336	180007	241691	0.1425222352464071	0.1061768952919223	0.1061768952919223	97.33534909629168	0.1425222352464071	False	False	False	0.9592352472138238	0.09580838323353294	0.06729758149316509	0.11560693641618497	0.04950495049504951
test	NZ_CP084709.1	NZ_CP101766.1	0.0310077519379844	[0.01, 0.05)	54.153333333333336	11972	127176	0.161794186435015	0.0152308611687739	0.0152308611687739	99.588	0.161794186435015	False	False	False	0.9682938513976547	0.08108108108108109	0.007042253521126761	0.07142857142857142	0.006535947712418301
test	NZ_CP107331.1	NZ_CP020069.1	0.0206185567010309	[0.01, 0.05)	54.153333333333336	84876	213013	0.0721758801074508	0.0287681972461774	0.0287681972461774	95.20462322622735	0.0721758801074508	False	False	False	0.9931476196474922	0.05621301775147929	0.024516129032258065	0.05154639175257732	0.017064846416382253
test	NZ_JBWIFL010000005.1	NZ_CP107331.1	0.044776119402985	[0.01, 0.05)	54.153333333333336	59700	84876	0.1458291457286432	0.1024671285168952	0.1024671285168952	99.87370916609234	0.1458291457286432	False	False	False	0.9481655466586624	0.13022113022113022	0.08320251177394035	0.08108108108108109	0.03636363636363636
test	NZ_JBVWFR010000002.1	NZ_CP107331.1	0.0402684563758389	[0.01, 0.05)	54.153333333333336	58585	84876	0.176324997866348	0.1214713228710118	0.1214713228710118	94.51269215135972	0.176324997866348	False	False	False	0.987420041838672	0.08533916849015317	0.061224489795918366	0.23376623376623376	0.11538461538461539
test	NZ_CP042533.1	NZ_CP107331.1	0.0139860139860139	[0.01, 0.05)	54.153333333333336	51987	84876	0.0136957316252139	0.0084122720203591	0.0084122720203591	99.15999999999998	0.0136957316252139	False	False	False	0.9834784320835676	0.0106951871657754	0.006279434850863423	0.046875	0.0189873417721519
test	NZ_CP107331.1	NZ_CP014121.1	0.0139860139860139	[0.01, 0.05)	54.153333333333336	84876	200203	0.0708798718129977	0.030039509897454	0.030039509897454	97.64034646061816	0.0708798718129977	False	False	False	0.9927782683343088	0.03550295857988166	0.016783216783216783	0.061855670103092786	0.020477815699658702
test	NZ_CP021547.1	NZ_CP062972.1	0.016	[0.01, 0.05)	54.153333333333336	45740	136326	0.0883909051158723	0.0296641873156991	0.0296641873156991	95.88465549531789	0.0883909051158723	False	False	False	0.97334188414692	0.07303370786516854	0.04529616724738676	0.02	0.006896551724137931
test	NZ_CP022458.1	NZ_CP145710.1	0.0137931034482758	[0.01, 0.05)	54.153333333333336	55820	95144	0.1960945897527767	0.1155301437820566	0.1155301437820566	87.30416170482309	0.1960945897527767	False	False	False	0.9596273024250564	0.06896551724137931	0.04028776978417266	0.3728813559322034	0.15384615384615385
test	NZ_CP022458.1	NZ_MW881232.1	0.0217391304347826	[0.01, 0.05)	54.153333333333336	55820	91784	0.138068792547474	0.0836856096923211	0.0836856096923211	89.69435147684767	0.138068792547474	False	False	False	0.9632204423316296	0.054187192118226604	0.03216374269005848	0.3898305084745763	0.1678832116788321
test	NZ_CP135207.1	NZ_CP032893.1	0.0111731843575419	[0.01, 0.05)	54.153333333333336	43860	156442	0.0639762881896944	0.0179363598010764	0.0179363598010764	99.53661903064862	0.0639762881896944	False	False	False	0.98692408071714	0.08	0.02413793103448276	0.04918032786885246	0.014285714285714285
test	NZ_CP135207.1	NZ_CP086389.1	0.0195121951219512	[0.01, 0.05)	54.153333333333336	43860	142329	0.1087095303237574	0.0332820437156166	0.0332820437156166	99.79029358759428	0.1087095303237574	False	False	False	0.9699680518809692	0.10857142857142857	0.03398926654740608	0.06557377049180328	0.019138755980861243
test	NZ_CP135207.1	NZ_CP141678.1	0.0221238938053097	[0.01, 0.05)	54.153333333333336	43860	228888	0.1469904240766074	0.0281884589843067	0.0281884589843067	99.95356578335658	0.1469904240766074	False	False	False	0.991348500313855	0.15428571428571428	0.03417721518987342	0.11475409836065574	0.026615969581749048
test	NZ_CP195365.1	NZ_CP047280.1	0.0138888888888888	[0.01, 0.05)	54.153333333333336	137286	262422	0.1448800314671561	0.075839678075771	0.075839678075771	94.13237293481524	0.1448800314671561	False	False	False	0.9723654345575642	0.08858267716535433	0.04610655737704918	0.14	0.051597051597051594
test	NZ_AP018454.1	NZ_CP047280.1	0.0321543408360128	[0.01, 0.05)	54.153333333333336	78997	262422	0.1769181108143347	0.0532424872914618	0.0532424872914618	90.33150853727945	0.1769181108143347	False	False	False	0.9908473648589157	0.10509554140127389	0.03381147540983607	0.14	0.038461538461538464
test	NZ_CP015967.1	NZ_CP033890.1	0.0158730158730158	[0.01, 0.05)	54.153333333333336	33001	34427	0.5008636101936305	0.4801754436924507	0.4801754436924507	87.76146089940401	0.5008636101936305	False	False	True	0.994216778225935	0.1347248576850095	0.1337099811676083	0.2619047619047619	0.14864864864864866
test	NZ_RRLX01000099.1	NZ_JBTZPL010000001.1	0.0277777777777777	[0.01, 0.05)	54.153333333333336	2340	105623	0.9632478632478632	0.0213589843121289	0.0213589843121289	98.094	0.9632478632478632	False	False	True	0.915110499078374	1.0	0.01182033096926714	1.0	0.01639344262295082
test	NZ_RRLX01000099.1	NZ_JBFUPY010000024.1	0.0384615384615384	[0.01, 0.05)	54.153333333333336	2340	73616	0.9517094017094015	0.0302379917409258	0.0302379917409258	97.89	0.9517094017094015	False	False	True	0.9236326083016512	0.5333333333333333	0.014732965009208104	1.0	0.025
test	NZ_CP086389.1	NZ_AP022361.1	0.0158227848101265	[0.01, 0.05)	54.153333333333336	142329	148581	0.0649270352493167	0.0621142676385271	0.0621142676385271	98.94343137466306	0.0649270352493167	False	False	False	0.9528809434149227	0.046511627906976744	0.04553415061295972	0.039473684210526314	0.02
test	NZ_CP063884.1	NZ_AP022361.1	0.0402010050251256	[0.01, 0.05)	54.153333333333336	57825	148581	0.2543190661478599	0.0989763159488763	0.0989763159488763	98.47161554136667	0.2543190661478599	False	False	False	0.9657378880591125	0.22746781115879827	0.09281961471103327	0.19696969696969696	0.06280193236714976
test	NZ_CP129515.1	NZ_AP022361.1	0.0323741007194244	[0.01, 0.05)	54.153333333333336	138894	148581	0.1561982519043299	0.1459944407427598	0.1459944407427598	95.00479821535347	0.1561982519043299	False	False	False	0.9903455191746364	0.1078838174273859	0.09106830122591944	0.12987012987012986	0.0684931506849315
test	CP122782.1	CP073108.1	0.0232558139534883	[0.01, 0.05)	54.153333333333336	69672	108563	0.1443621540934665	0.0923611175078065	0.0923611175078065	91.1651263355758	0.1443621540934665	False	False	False	0.9783170719275185	0.04743083003952569	0.030303030303030304	0.11904761904761904	0.05263157894736842
test	CP067898.1	NZ_CP196661.1	0.0157480314960629	[0.01, 0.05)	54.153333333333336	48619	95080	0.1221333223636849	0.0624737063525452	0.0624737063525452	93.2771993277311	0.1221333223636849	False	False	False	0.9826435871866532	0.041666666666666664	0.019417475728155338	0.1694915254237288	0.06060606060606061
test	CP130850.1	NZ_CP197036.1	0.0198019801980198	[0.01, 0.05)	54.153333333333336	37860	211327	0.2682250396196513	0.0479304584837715	0.0479304584837715	97.81627129647846	0.2682250396196513	False	False	False	0.9948361992141642	0.08759124087591241	0.015915119363395226	0.14285714285714285	0.022641509433962263
test	NC_021728.1	NZ_CP115709.1	0.0151515151515151	[0.01, 0.05)	54.153333333333336	20139	119165	0.1382888921992154	0.0233206058825997	0.0233206058825997	99.4978614998206	0.1382888921992154	False	False	False	0.9560582568429259	0.1038961038961039	0.018518518518518517	0.09090909090909091	0.011834319526627219
test	NZ_CP115709.1	NZ_JABWHZ010000057.1	0.0425531914893617	[0.01, 0.05)	54.153333333333336	119165	139873	0.1365921201695128	0.1163769991349295	0.1163769991349295	93.41446545187723	0.1365921201695128	False	False	False	0.9947828322301876	0.09722222222222222	0.08	0.1342281879194631	0.07092198581560284
test	NZ_RREC01000414.1	NZ_RRSI01000318.1	0.0333333333333333	[0.01, 0.05)	54.153333333333336	2279	19995	1.0	0.1137784446111527	0.1137784446111527	98.947	1.0	False	False	True	0.8744173277702884	0.8378378378378378	0.09212481426448738	0.5	0.09523809523809523
test	NZ_CM017184.1	OW849024.1	0.0285714285714285	[0.01, 0.05)	54.153333333333336	43405	242397	0.0944130860499942	0.0169391535373787	0.0169391535373787	99.95154286410131	0.0944130860499942	False	False	False	0.9843581920607898	0.09036144578313253	0.01722158438576349	0.07142857142857142	0.014336917562724014
test	NZ_CM017184.1	NZ_CP058198.1	0.0232558139534883	[0.01, 0.05)	54.153333333333336	43405	108466	0.0723879737357447	0.0289122858776022	0.0289122858776022	94.06914874722489	0.0723879737357447	False	False	False	0.9848938389159765	0.07228915662650602	0.03333333333333333	0.05357142857142857	0.018867924528301886
test	NZ_CP038312.1	NZ_JBUBIP010000002.1	0.0288461538461538	[0.01, 0.05)	54.153333333333336	93182	150224	0.2360434418664549	0.146840717861327	0.146840717861327	94.63099380314816	0.2360434418664549	False	False	False	0.9829537248991069	0.11052631578947368	0.08015267175572519	0.16666666666666666	0.07177033492822966
test	NG_050298.1	NZ_CP169382.1	0.015625	[0.01, 0.05)	54.153333333333336	961	53894	0.5931321540062435	0.0105763164730767	0.0105763164730767	98.947	0.5931321540062435	False	False	True	0.8496388998574528	0.7142857142857143	0.011185682326621925	0.0	0.0
test	NZ_CP142946.1	NZ_JBTZPL010000001.1	0.0127388535031847	[0.01, 0.05)	54.153333333333336	48552	105623	0.2076948426429395	0.0950834572015564	0.0950834572015564	93.96300513783224	0.2076948426429395	False	False	False	0.977534613961291	0.09289617486338798	0.04018912529550828	0.16981132075471697	0.05421686746987952
test	NZ_CP068905.1	NZ_JBTZPL010000001.1	0.0179640718562874	[0.01, 0.05)	54.153333333333336	56522	105623	0.1179717632072467	0.0631301894473741	0.0631301894473741	97.5142057502246	0.1179717632072467	False	False	False	0.9792579339050191	0.10714285714285714	0.04964539007092199	0.09375	0.03333333333333333
test	NZ_CP091019.1	CP088797.1	0.029126213592233	[0.01, 0.05)	54.153333333333336	33842	79036	0.1562555404526919	0.066880915026064	0.066880915026064	94.69529809326032	0.1562555404526919	False	False	False	0.9813840759709945	0.07539682539682539	0.03114754098360656	0.06382978723404255	0.022388059701492536
test	NZ_CP043297.1	CP119444.1	0.0379746835443038	[0.01, 0.05)	54.153333333333336	110724	285256	0.187032621653842	0.0726154752222565	0.0726154752222565	93.92908783913796	0.187032621653842	False	False	False	0.9773020545716785	0.09511568123393316	0.04579207920792079	0.0967741935483871	0.031496062992125984
test	NC_021728.1	OW849481.1	0.0185185185185185	[0.01, 0.05)	54.153333333333336	20139	105977	0.2237946273399871	0.0425186597091821	0.0425186597091821	99.55658039476602	0.2237946273399871	False	False	False	0.9721479294145637	0.24675324675324675	0.052054794520547946	0.2727272727272727	0.045454545454545456
test	NC_021728.1	NC_017659.1	0.0115606936416184	[0.01, 0.05)	54.153333333333336	20139	147060	0.2316401012959928	0.0317489460084319	0.0317489460084319	99.8073585350182	0.2316401012959928	False	False	False	0.9612134457685519	0.2597402597402597	0.037383177570093455	0.22727272727272727	0.031446540880503145
test	NC_021728.1	NZ_OZ066665.1	0.0294117647058823	[0.01, 0.05)	54.153333333333336	20139	39395	0.1288048065941705	0.0658205356009645	0.0658205356009645	99.46181667947732	0.1288048065941705	False	False	False	0.9355733827500874	0.07766990291262135	0.07766990291262135	0.045454545454545456	0.014925373134328358
test	NC_021728.1	NZ_JBWLLO010000003.1	0.0105263157894736	[0.01, 0.05)	54.153333333333336	20139	73335	0.1592432593475346	0.0438399127292561	0.0438399127292561	99.6886870917574	0.1592432593475346	False	False	False	0.9575644512569681	0.12883435582822086	0.040697674418604654	0.18181818181818182	0.044444444444444446
test	NZ_CP087576.1	NZ_CP083889.1	0.0126050420168067	[0.01, 0.05)	54.153333333333336	51705	219996	0.2055894014118557	0.0484963362970235	0.0484963362970235	92.26306616892208	0.2055894014118557	False	False	False	0.9925873101376271	0.1092896174863388	0.02717391304347826	0.1774193548387097	0.04263565891472868
test	NZ_CP145710.1	NZ_CP083889.1	0.0219780219780219	[0.01, 0.05)	54.153333333333336	95144	219996	0.0857857563272513	0.037223404061892	0.037223404061892	91.89138426938976	0.0857857563272513	False	False	False	0.9912079745753684	0.04093567251461988	0.019021739130434784	0.0660377358490566	0.02287581699346405
test	NZ_CP125686.1	NZ_CP192622.1	0.0236220472440944	[0.01, 0.05)	54.153333333333336	4961	125195	0.9997984277363436	0.0395862454570869	0.0395862454570869	98.75274094931618	0.9997984277363436	False	False	True	0.9733148383995538	0.9333333333333333	0.029350104821802937	0.125	0.007246376811594203
test	NZ_CP095134.1	NZ_CP189450.1	0.0168539325842696	[0.01, 0.05)	54.153333333333336	70936	125383	0.1546041502199165	0.0874360958024612	0.0874360958024612	95.88365485839176	0.1546041502199165	False	False	False	0.9869310337318732	0.11235955056179775	0.06607929515418502	0.1388888888888889	0.05128205128205128
test	NZ_MF344559.1	NZ_CP189450.1	0.0119760479041916	[0.01, 0.05)	54.153333333333336	42279	125383	0.1018945575817781	0.0343188470526307	0.0343188470526307	99.35051635351428	0.1018945575817781	False	False	False	0.983649944026839	0.10897435897435898	0.037444933920704845	0.03636363636363636	0.010752688172043012
test	NZ_CP193677.1	NZ_CP189450.1	0.0471204188481675	[0.01, 0.05)	54.153333333333336	75727	125383	0.238580691166955	0.1441503234090746	0.1441503234090746	95.33845730361872	0.238580691166955	False	False	False	0.9930994519741732	0.10108303249097472	0.06167400881057269	0.2	0.07772020725388601
test	NZ_AP027167.1	NZ_CP189450.1	0.0222222222222222	[0.01, 0.05)	54.153333333333336	90129	125383	0.1430505164819314	0.1030283212237703	0.1030283212237703	92.94876081248069	0.1430505164819314	False	False	False	0.9797217187863196	0.0594059405940594	0.039647577092511016	0.13924050632911392	0.05472636815920398
test	NZ_CP189450.1	NZ_CP141542.1	0.0375426621160409	[0.01, 0.05)	54.153333333333336	125383	202151	0.1501479466913377	0.093078936042859	0.093078936042859	95.384888022491	0.1501479466913377	False	False	False	0.9936154023165013	0.1277533039647577	0.07880434782608696	0.12781954887218044	0.054313099041533544
test	NZ_RREW01000095.1	NZ_CP189450.1	0.0161290322580645	[0.01, 0.05)	54.153333333333336	4950	125383	0.4537373737373737	0.0179131142180359	0.0179131142180359	100.0	0.4537373737373737	False	False	False	0.9714386324418819	0.375	0.013215859030837005	0.3333333333333333	0.007407407407407408
test	NZ_MT560079.1	NZ_CP189450.1	0.0229885057471264	[0.01, 0.05)	54.153333333333336	68684	125383	0.1963339351231728	0.1075983187513458	0.1075983187513458	94.75287196566016	0.1963339351231728	False	False	False	0.9929739524946953	0.12449799196787148	0.06828193832599119	0.1388888888888889	0.05128205128205128
test	NZ_CP189450.1	NZ_CP042894.1	0.02	[0.01, 0.05)	54.153333333333336	125383	141344	0.1029724922836429	0.0913374462304731	0.0913374462304731	98.41316015171452	0.1029724922836429	False	False	False	0.9913272597050502	0.04185022026431718	0.03639846743295019	0.05303030303030303	0.027131782945736434
test	CP009881.1	NZ_CP189450.1	0.0174418604651162	[0.01, 0.05)	54.153333333333336	50272	125383	0.1164067472947167	0.0466969206351738	0.0466969206351738	98.51502730841442	0.1164067472947167	False	False	False	0.9831864798875607	0.11055276381909548	0.048458149779735685	0.08064516129032258	0.02631578947368421
test	NZ_CP095134.1	NZ_MZ690481.1	0.0467289719626168	[0.01, 0.05)	54.153333333333336	70936	201689	0.2796182474343069	0.098141197586383	0.098141197586383	94.58186764261998	0.2796182474343069	False	False	False	0.9900197807583028	0.14606741573033707	0.05454545454545454	0.16666666666666666	0.04743083003952569
test	NZ_OR388869.1	NZ_MZ690481.1	0.028	[0.01, 0.05)	54.153333333333336	94213	201689	0.0737159415367306	0.0343945381255299	0.0343945381255299	99.9280598905845	0.0737159415367306	False	False	False	0.9758672910897218	0.09009009009009009	0.04195804195804196	0.019417475728155338	0.006802721088435374
test	CP035636.1	NZ_MZ690481.1	0.0147058823529411	[0.01, 0.05)	54.153333333333336	103522	201689	0.1378450957284442	0.0707524951782199	0.0707524951782199	92.93948359107132	0.1378450957284442	False	False	False	0.9940360679192756	0.09585492227979274	0.05174825174825175	0.08737864077669903	0.0313588850174216
test	NZ_CP054742.1	NZ_MZ690481.1	0.0227272727272727	[0.01, 0.05)	54.153333333333336	11970	201689	0.1614870509607351	0.0095791044628115	0.0095791044628115	99.431	0.1614870509607351	False	False	False	0.9502496878766304	0.07894736842105263	0.004195804195804196	0.06666666666666667	0.004830917874396135
test	NZ_MW881232.1	NZ_MZ690481.1	0.0294117647058823	[0.01, 0.05)	54.153333333333336	91784	201689	0.074718905255818	0.0340028459658186	0.0340028459658186	99.69410278466248	0.074718905255818	False	False	False	0.9816482684699932	0.09253731343283582	0.043356643356643354	0.039603960396039604	0.013793103448275862
test	OW970229.1	NZ_JBICQX010000011.1	0.0285714285714285	[0.01, 0.05)	54.153333333333336	2615	37307	0.3017208413001912	0.0211756506821776	0.0211756506821776	99.114	0.3017208413001912	False	False	False	0.8917831687814664	0.3157894736842105	0.022263450834879406	0.2	0.0196078431372549
test	NZ_CP133428.1	NZ_OP378628.1	0.0384615384615384	[0.01, 0.05)	54.153333333333336	45040	74826	0.1099023090586145	0.0661534760644695	0.0661534760644695	99.96	0.1099023090586145	False	False	False	0.9096082789071722	0.1	0.062388591800356503	0.07692307692307693	0.030303030303030304
test	NZ_JARGDG010000159.1	NZ_ON209126.1	0.0172413793103448	[0.01, 0.05)	54.153333333333336	806	54035	1.0	0.0149162579809382	0.0149162579809382	94.052	1.0	False	False	True	0.7657050785757412	0.14285714285714285	0.0024875621890547263	1.0	0.014925373134328358
test	NZ_CP085077.1	CP104420.1	0.0256410256410256	[0.01, 0.05)	54.153333333333336	56811	83397	0.1648800408371618	0.1128937491756298	0.1128937491756298	92.78362805976474	0.1648800408371618	False	False	False	0.9672626008603431	0.06772009029345373	0.04823151125401929	0.140625	0.059602649006622516
test	NZ_CP085077.1	NZ_AP038988.1	0.0181818181818181	[0.01, 0.05)	54.153333333333336	56811	78863	0.1029026068895108	0.0738495872589173	0.0738495872589173	93.78610020484808	0.1029026068895108	False	False	False	0.9906305232730769	0.06997742663656885	0.05272108843537415	0.109375	0.050724637681159424
test	NC_014356.1	NZ_CP068905.1	0.0144927536231884	[0.01, 0.05)	54.153333333333336	9042	56522	0.0675735456757354	0.0108099501079225	0.0108099501079225	99.345	0.0675735456757354	False	False	False	0.9076343175740766	0.0410958904109589	0.007792207792207792	0.125	0.014084507042253521
test	NZ_CP079603.1	NZ_CP068927.1	0.0263157894736842	[0.01, 0.05)	54.153333333333336	6141	63589	0.1958964338055691	0.018918366384123	0.018918366384123	95.515	0.1958964338055691	False	False	False	0.9436929613981994	0.025	0.0020242914979757085	0.14285714285714285	0.011235955056179775
test	NZ_CP095134.1	NZ_AP039440.1	0.0220994475138121	[0.01, 0.05)	54.153333333333336	70936	123644	0.1383641592421337	0.0792112840089288	0.0792112840089288	93.13481567990252	0.1383641592421337	False	False	False	0.9832507809655945	0.07116104868913857	0.04279279279279279	0.08333333333333333	0.030612244897959183
test	NZ_CP095134.1	NZ_CP104527.1	0.0159574468085106	[0.01, 0.05)	54.153333333333336	70936	163762	0.1305965941130032	0.0565821130665233	0.0565821130665233	90.4148740597464	0.1305965941130032	False	False	False	0.9780758139355052	0.033707865168539325	0.015025041736227046	0.08333333333333333	0.029850746268656716
test	NZ_CP095134.1	NZ_CP040807.1	0.0148148148148148	[0.01, 0.05)	54.153333333333336	70936	90871	0.1991090560505244	0.155187023362789	0.155187023362789	98.93175178659877	0.1991090560505244	False	False	False	0.9801203690047522	0.17886178861788618	0.13037037037037036	0.125	0.05325443786982249
test	NZ_CP095134.1	NZ_PQ667066.1	0.044776119402985	[0.01, 0.05)	54.153333333333336	70936	180007	0.1894665614074658	0.0746193203597637	0.0746193203597637	94.94530617706089	0.1894665614074658	False	False	False	0.9895611492712348	0.08614232209737828	0.0344311377245509	0.19444444444444445	0.06060606060606061
test	NZ_CP032893.1	NZ_CP153791.1	0.0343839541547277	[0.01, 0.05)	54.153333333333336	156442	292610	0.1517814909039772	0.0810327739995215	0.0810327739995215	95.36826809978548	0.1517814909039772	False	False	False	0.995561477109398	0.10517241379310345	0.05837320574162679	0.14473684210526316	0.05699481865284974
test	NZ_CP153671.1	NZ_CP032893.1	0.0408921933085501	[0.01, 0.05)	54.153333333333336	151580	156442	0.1854400316664467	0.1799516753812914	0.1799516753812914	93.96739847409508	0.1854400316664467	False	False	False	0.982594278238735	0.09001956947162426	0.07931034482758621	0.10526315789473684	0.053691275167785234
test	NZ_NPJW01000083.1	NZ_CP067434.1	0.0122699386503067	[0.01, 0.05)	54.153333333333336	1339	180050	1.0	0.0074368231046931	0.0074368231046931	99.851	1.0	False	False	True	0.9142309020988549	1.0	0.01282051282051282	1.0	0.005649717514124294
test	CP088364.1	NZ_JCAPTQ010000002.1	0.0349206349206349	[0.01, 0.05)	54.153333333333336	80900	249807	0.2733621755253399	0.0884682975256898	0.0884682975256898	98.4605018510158	0.2733621755253399	False	False	False	0.9780198351704165	0.21712538226299694	0.07734204793028322	0.1797752808988764	0.050314465408805034
test	NZ_CP042894.1	NZ_JCAPTQ010000002.1	0.0404312668463611	[0.01, 0.05)	54.153333333333336	141344	249807	0.1473355784469096	0.0833403387415084	0.0833403387415084	98.4268094872656	0.1473355784469096	False	False	False	0.9903341838284059	0.09770114942528736	0.05555555555555555	0.13636363636363635	0.05013927576601671
test	NZ_CP141199.1	NZ_JCAPTQ010000002.1	0.0148619957537154	[0.01, 0.05)	54.153333333333336	214402	249807	0.1913088497308794	0.1642387923476924	0.1642387923476924	85.25629293687496	0.1913088497308794	False	False	False	0.9956652940382789	0.048426150121065374	0.04357298474945534	0.37610619469026546	0.22020725388601037
test	NZ_CP116926.1	NZ_JCAPTQ010000002.1	0.0192307692307692	[0.01, 0.05)	54.153333333333336	11848	249807	0.5348582039162728	0.025403611588146	0.025403611588146	98.83558693941777	0.5348582039162728	False	False	True	0.9702538826852506	0.58	0.03159041394335512	0.4	0.023622047244094488
test	NZ_MH917123.1	NZ_JCAPTQ010000002.1	0.0226537216828478	[0.01, 0.05)	54.153333333333336	65604	249807	0.1859642704713127	0.0488657243391898	0.0488657243391898	99.40240206354406	0.1859642704713127	False	False	False	0.9839026460890901	0.128099173553719	0.03376906318082789	0.1518987341772152	0.038461538461538464
test	CP056818.1	NZ_MW390517.1	0.010204081632653	[0.01, 0.05)	54.153333333333336	84644	118279	0.0934265866452436	0.0671209597646243	0.0671209597646243	90.57080426332288	0.0934265866452436	False	False	False	0.9776961320546453	0.03529411764705882	0.026845637583892617	0.07368421052631578	0.033816425120772944
test	NZ_RRFV01000201.1	CP056818.1	0.0125	[0.01, 0.05)	54.153333333333336	9998	84644	0.4131826365273054	0.0487571475828174	0.0487571475828174	92.469	0.4131826365273054	False	False	False	0.946357460944219	0.22535211267605634	0.02450229709035222	0.35714285714285715	0.04807692307692308
test	NZ_CP047470.1	NZ_CP169124.1	0.0106382978723404	[0.01, 0.05)	54.153333333333336	29812	90370	0.0491077418489198	0.0162000663937147	0.0162000663937147	99.65833879781422	0.0491077418489198	False	False	False	0.9484403650726783	0.045662100456621	0.015479876160990712	0.02702702702702703	0.00819672131147541
test	NZ_JAXIVF010000032.1	LR962847.1	0.0196078431372549	[0.01, 0.05)	54.153333333333336	7097	97574	0.3074538537410173	0.0224752495541845	0.0224752495541845	99.088	0.3074538537410173	False	False	False	0.9399634975225671	0.3125	0.020804438280166437	0.3	0.026785714285714284
test	NZ_QXGQ01000055.1	CP052444.1	0.0106382978723404	[0.01, 0.05)	54.153333333333336	25391	174931	0.057343153085739	0.0083232817510904	0.0083232817510904	99.931	0.057343153085739	False	False	False	0.960240131861166	0.07216494845360824	0.010101010101010102	0.0	0.0
test	NZ_QXGQ01000055.1	NZ_CP092976.1	0.0114942528735632	[0.01, 0.05)	54.153333333333336	25391	122037	0.057343153085739	0.0119308078697444	0.0119308078697444	99.931	0.057343153085739	False	False	False	0.9720309416825337	0.07216494845360824	0.014613778705636743	0.0	0.0
test	NZ_CP156664.1	OW848843.1	0.0213414634146341	[0.01, 0.05)	54.153333333333336	96210	252697	0.1847209229809791	0.0702699280165573	0.0702699280165573	90.8691035562514	0.1847209229809791	False	False	False	0.9889689311310991	0.12359550561797752	0.0502283105022831	0.22772277227722773	0.0705521472392638
test	NZ_OY843410.1	OW848843.1	0.0114942528735632	[0.01, 0.05)	54.153333333333336	136788	252697	0.1117130157616165	0.0604874612678425	0.0604874612678425	92.76160864173356	0.1117130157616165	False	False	False	0.9792238822368561	0.04142011834319527	0.023972602739726026	0.061068702290076333	0.0215633423180593
test	OW848843.1	NZ_CP073055.1	0.0359848484848484	[0.01, 0.05)	54.153333333333336	252697	324410	0.0830480773416384	0.0646188465213772	0.0646188465213772	95.23557272597591	0.0830480773416384	False	False	False	0.9927965233321001	0.07534246575342465	0.05026656511805026	0.07661290322580645	0.03512014787430684
test	CP067898.1	OW969918.1	0.024	[0.01, 0.05)	54.153333333333336	48619	104126	0.1427836853904852	0.066880510151163	0.066880510151163	95.19152734318932	0.1427836853904852	False	False	False	0.9892864408866116	0.09090909090909091	0.04050632911392405	0.2033898305084746	0.07228915662650602
test	CP067898.1	CP080739.1	0.0297872340425531	[0.01, 0.05)	54.153333333333336	48619	206152	0.2561138649499167	0.06042143660988	0.06042143660988	97.81060093030716	0.2561138649499167	True	False	False	0.9903688569929465	0.17613636363636365	0.041005291005291	0.23728813559322035	0.0546875
test	CP067898.1	NZ_CP014496.1	0.0129870129870129	[0.01, 0.05)	54.153333333333336	48619	114223	0.0725436557724346	0.030878194409182	0.030878194409182	98.47087000849618	0.0725436557724346	False	False	False	0.9729361243603286	0.05113636363636364	0.020179372197309416	0.0847457627118644	0.026881720430107527
test	CP067898.1	NZ_OK247586.1	0.0153846153846153	[0.01, 0.05)	54.153333333333336	48619	78461	0.065303687858656	0.0406826321357107	0.0406826321357107	99.5613201754386	0.065303687858656	False	False	False	0.9841654574672906	0.06845238095238096	0.03697749196141479	0.05084745762711865	0.018867924528301886
test	NZ_CP097707.1	OW849035.1	0.029940119760479	[0.01, 0.05)	54.153333333333336	159393	204647	0.1372519495837333	0.1069451299066197	0.1069451299066197	92.13947691957163	0.1372519495837333	False	False	False	0.9887188181826042	0.056261343012704176	0.041499330655957165	0.14772727272727273	0.07303370786516854
test	NZ_JBXUIF010000005.1	NZ_CP097707.1	0.0497237569060773	[0.01, 0.05)	54.153333333333336	63293	159393	0.1197446795064225	0.0475616871506276	0.0475616871506276	99.73619839071364	0.1197446795064225	False	False	False	0.9596234168487132	0.21897810218978103	0.0544464609800363	0.125	0.023696682464454975
test	NZ_JBUBIP010000002.1	NZ_CP040126.1	0.020446096654275	[0.01, 0.05)	54.153333333333336	150224	395774	0.0514498349131962	0.0195262953099496	0.0195262953099496	92.6797731666452	0.0514498349131962	False	False	False	0.9371665921593954	0.04198473282442748	0.01414790996784566	0.04477611940298507	0.00974025974025974
test	NZ_CP129515.1	NZ_JBUBIP010000002.1	0.0111111111111111	[0.01, 0.05)	54.153333333333336	138894	150224	0.0623137068555877	0.0575740227926296	0.0575740227926296	92.01222836095764	0.0623137068555877	False	False	False	0.9896066751806374	0.035269709543568464	0.03244274809160305	0.08955223880597014	0.04285714285714286
test	NZ_JCCDRD010000005.1	CP067788.1	0.0454545454545454	[0.01, 0.05)	54.153333333333336	7624	13841	0.1775970619097586	0.0987645401343833	0.0987645401343833	93.8952129360465	0.1775970619097586	False	False	False	0.9716867033729757	0.108	0.06279069767441861	0.08333333333333333	0.037037037037037035
test	NZ_JBFRXW010000014.1	NZ_CP035572.1	0.0421052631578947	[0.01, 0.05)	54.153333333333336	40934	67997	0.294938193189036	0.1776548965395532	0.1776548965395532	93.7783643724696	0.294938193189036	False	False	False	0.9934351448374946	0.1484848484848485	0.098	0.18181818181818182	0.07079646017699115
test	NZ_POTA01000048.1	NZ_CP060975.1	0.0272727272727272	[0.01, 0.05)	54.153333333333336	10236	112054	0.4197928878468152	0.0384279008335266	0.0384279008335266	97.58539818899466	0.4197928878468152	False	False	False	0.945745012173658	0.28205128205128205	0.027707808564231738	0.38461538461538464	0.03968253968253968
test	NZ_JBTAPC010000002.1	NZ_CP042365.1	0.0116279069767441	[0.01, 0.05)	54.153333333333336	126207	256887	0.0321614490479925	0.0158007217181095	0.0158007217181095	99.97535353535352	0.0321614490479925	False	False	False	0.8508600657439369	0.049281314168377825	0.02385685884691849	0.020689655172413793	0.007957559681697613
test	NZ_CP095668.1	NZ_CP042365.1	0.0149253731343283	[0.01, 0.05)	54.153333333333336	45403	256887	0.0279937449067242	0.004947700740014	0.004947700740014	99.76388276947286	0.0279937449067242	False	False	False	0.9286888290538219	0.05952380952380952	0.009940357852882704	0.01694915254237288	0.0034129692832764505
test	NZ_CP059930.1	NZ_MK477611.1	0.0248618784530386	[0.01, 0.05)	54.153333333333336	99943	263466	0.1797524589015739	0.0681681886846879	0.0681681886846879	99.13261647948406	0.1797524589015739	False	False	False	0.9558027986754275	0.17086834733893558	0.06081754735792622	0.09803921568627451	0.027548209366391185
test	NZ_RROE01000117.1	NZ_OP006451.1	0.0166666666666666	[0.01, 0.05)	54.153333333333336	4495	136951	1.0	0.0328876751538871	0.0328876751538871	94.53466386368665	1.0	False	False	True	0.9129496850836762	0.5294117647058824	0.0200445434298441	1.0	0.03870967741935484
test	NZ_CP018253.1	NZ_OP006451.1	0.0384615384615384	[0.01, 0.05)	54.153333333333336	95229	136951	0.1791051045374833	0.1249571014450423	0.1249571014450423	93.9656493120336	0.1791051045374833	False	False	False	0.9727647587028104	0.06233766233766234	0.053452115812917596	0.22727272727272727	0.08968609865470852
test	NZ_CP039470.1	NZ_OP006451.1	0.0346534653465346	[0.01, 0.05)	54.153333333333336	81940	136951	0.1606419331217964	0.0960051405247132	0.0960051405247132	87.99709168556312	0.1606419331217964	False	False	False	0.9880318597111546	0.04823151125401929	0.0334075723830735	0.22580645161290322	0.09251101321585903
test	NZ_JALIIF010000143.1	NZ_JCDGMJ010000045.1	0.024390243902439	[0.01, 0.05)	54.153333333333336	13136	34070	0.1333739342265529	0.0517464044614029	0.0517464044614029	97.335839569161	0.1333739342265529	False	False	False	0.9735038765594424	0.13043478260869565	0.05037313432835821	0.21428571428571427	0.08108108108108109
test	NZ_CP135667.1	NZ_CP103691.1	0.0105263157894736	[0.01, 0.05)	54.153333333333336	76366	449953	0.2020139852814079	0.0342924705469237	0.0342924705469237	88.3834301269248	0.1976613569002152	True	False	False	0.9770915942789496	0.125	0.020761245674740483	0.22093023255813954	0.0367504835589942
test	NZ_JAQFKI010000166.1	NZ_AP042702.1	0.0185185185185185	[0.01, 0.05)	54.153333333333336	1877	97991	0.9994672349493872	0.0191446153218152	0.0191446153218152	95.149	0.9994672349493872	False	False	True	0.8720911777167606	0.5	0.0079155672823219	0.0	0.0
test	NZ_JAQFKI010000166.1	NZ_JBRAXZ010000003.1	0.0166666666666666	[0.01, 0.05)	54.153333333333336	1877	118098	0.9738945125199788	0.0154786702569052	0.0154786702569052	93.497143715847	0.9738945125199788	False	False	True	0.8349007611976205	0.5	0.008791208791208791	0.0	0.0
test	NZ_CP021547.1	NZ_OQ803523.1	0.0442477876106194	[0.01, 0.05)	54.153333333333336	45740	65989	0.129558373414954	0.0898179999696919	0.0898179999696919	97.85759294871796	0.129558373414954	False	False	False	0.9817245057920349	0.10315186246418338	0.0694980694980695	0.06	0.022388059701492536
test	NZ_CP021547.1	CP014297.1	0.015267175572519	[0.01, 0.05)	54.153333333333336	45740	90274	0.0919545255793616	0.0465471785896271	0.0465471785896271	97.31517818959372	0.0919545255793616	False	False	False	0.9884443791746079	0.07449856733524356	0.040310077519379844	0.06	0.022388059701492536
test	NZ_JBDYHN010000069.1	NZ_CP021547.1	0.0227272727272727	[0.01, 0.05)	54.153333333333336	225	45740	1.0	0.004919108001749	0.004919108001749	100.0	1.0	False	False	True	0.6760351755833539	1.0	0.001447178002894356	0.0	0.0
test	NZ_CP021547.1	NZ_CP098487.1	0.0111111111111111	[0.01, 0.05)	54.153333333333336	45740	49381	0.029602098819414	0.0274194528259857	0.0274194528259857	99.926	0.029602098819414	False	False	False	0.8680297587990231	0.0361794500723589	0.03346720214190094	0.02	0.009523809523809525
test	NZ_MATG01000012.1	CP122738.1	0.010752688172043	[0.01, 0.05)	54.153333333333336	10213	93581	0.1809458533241946	0.0198758294953035	0.0198758294953035	97.25798387096776	0.1809458533241946	False	False	False	0.9743594869694838	0.0875	0.009790209790209791	0.21428571428571427	0.02586206896551724
test	NZ_RRRW01000071.1	NZ_CP031907.1	0.0384615384615384	[0.01, 0.05)	54.153333333333336	93340	121036	0.1689415041782729	0.130440530090221	0.130440530090221	94.94591271347248	0.1689415041782729	False	False	False	0.991948753809375	0.09763313609467456	0.07710280373831775	0.1836734693877551	0.09137055837563451
test	NZ_CP138438.1	NZ_CP061958.1	0.0238095238095238	[0.01, 0.05)	54.153333333333336	97656	109135	0.1494736626525764	0.1341274568195354	0.1341274568195354	94.57156101058384	0.1494736626525764	False	False	False	0.9936869963888558	0.07466666666666667	0.07253886010362694	0.17592592592592593	0.09134615384615384
test	NZ_CP061958.1	NZ_OK649970.1	0.0208333333333333	[0.01, 0.05)	54.153333333333336	109135	261511	0.0985843221697897	0.0411646164023693	0.0411646164023693	99.04345110058512	0.0985843221697897	False	False	False	0.984357641978227	0.07512953367875648	0.031938325991189426	0.10084033613445378	0.03296703296703297
test	NZ_AP043608.1	NZ_AP042702.1	0.0142180094786729	[0.01, 0.05)	54.153333333333336	96372	97991	0.1197443240775329	0.1177557122592891	0.1177557122592891	90.01890070738442	0.1197443240775329	False	False	False	0.9720702426298485	0.03551136363636364	0.032981530343007916	0.09009009009009009	0.046296296296296294
test	NZ_AP043608.1	CP099211.1	0.0168067226890756	[0.01, 0.05)	54.153333333333336	96372	128784	0.1063379404806375	0.0799400546651758	0.0799400546651758	89.26968918266911	0.1063379404806375	False	False	False	0.9742824201085764	0.031161473087818695	0.020833333333333332	0.10810810810810811	0.05309734513274336
test	NC_013369.1	NZ_CP148841.1	0.0215633423180593	[0.01, 0.05)	54.153333333333336	85167	319375	0.1562811887233318	0.0418536203522504	0.0418536203522504	94.98883083127942	0.1562811887233318	False	False	False	0.9869745172146681	0.08823529411764706	0.02079722703639515	0.2191780821917808	0.04336043360433604
test	CP088364.1	NZ_CP148841.1	0.0368421052631578	[0.01, 0.05)	54.153333333333336	80900	319375	0.3020519159456118	0.0764962818003913	0.0764962818003913	95.8980316734694	0.3020519159456118	False	False	False	0.99250031082378	0.18654434250764526	0.05285961871750433	0.24719101123595505	0.05804749340369393
test	OW849481.1	NZ_CP148841.1	0.0172413793103448	[0.01, 0.05)	54.153333333333336	105977	319375	0.128442964039367	0.0426802348336594	0.0426802348336594	98.00538380875555	0.128442964039367	False	False	False	0.9897192713639918	0.09863013698630137	0.03119584055459272	0.08620689655172414	0.023923444976076555
test	NZ_JABWHZ010000057.1	NZ_CP148841.1	0.0368663594470046	[0.01, 0.05)	54.153333333333336	139873	319375	0.156098746720239	0.0683334637964774	0.0683334637964774	97.97688107662732	0.156098746720239	False	False	False	0.9958266920565639	0.09714285714285714	0.04419410745233969	0.13725490196078433	0.0472972972972973
test	NZ_CP149373.1	NZ_AP026795.1	0.016	[0.01, 0.05)	54.153333333333336	90028	165477	0.1478762162882658	0.0806939937272249	0.0806939937272249	91.56893570308416	0.1478762162882658	False	False	False	0.9873048844461928	0.045317220543806644	0.02403846153846154	0.16831683168316833	0.06746031746031746
test	NZ_RREW01000095.1	NZ_AP026795.1	0.0119047619047619	[0.01, 0.05)	54.153333333333336	4950	165477	0.5947474747474748	0.0178212077811417	0.0178212077811417	99.8982092234656	0.5947474747474748	False	False	True	0.9661864399117678	0.5	0.01282051282051282	0.3333333333333333	0.0058823529411764705
test	CP128668.1	NZ_AP026795.1	0.0310880829015544	[0.01, 0.05)	54.153333333333336	30836	165477	0.2249643274095213	0.0419333200384343	0.0419333200384343	99.0639524701138	0.2249643274095213	False	False	False	0.9814943132286839	0.20634920634920634	0.041666666666666664	0.1891891891891892	0.03535353535353535
test	NZ_CP189869.1	NZ_AP026795.1	0.0255474452554744	[0.01, 0.05)	54.153333333333336	110729	165477	0.1138726078985631	0.0763187633326685	0.0763187633326685	89.01827875305045	0.1138726078985631	False	False	False	0.9926226227173034	0.054373522458628844	0.03685897435897436	0.19658119658119658	0.08778625954198473
test	NZ_MH917123.1	NZ_AP026795.1	0.0223214285714285	[0.01, 0.05)	54.153333333333336	65604	165477	0.1816505091152978	0.0720462662484816	0.0720462662484816	98.99413630648002	0.1816505091152978	False	False	False	0.9893695490446691	0.1487603305785124	0.057692307692307696	0.10126582278481013	0.03347280334728033
test	NZ_RRSM01000100.1	NZ_CP107173.1	0.0129032258064516	[0.01, 0.05)	54.153333333333336	14263	149268	0.6641660239781252	0.0634563335745102	0.0634563335745102	93.54848060299388	0.6641660239781252	False	False	True	0.9481043975472849	0.1746031746031746	0.019855595667870037	0.26666666666666666	0.023952095808383235
test	NZ_CP129713.1	NZ_CP107173.1	0.0242914979757085	[0.01, 0.05)	54.153333333333336	106834	149268	0.1557930995750416	0.1114237478897017	0.1114237478897017	92.1816883442917	0.1557930995750416	False	False	False	0.9844192049089745	0.0873015873015873	0.05956678700361011	0.11194029850746269	0.05454545454545454
test	NZ_CP152448.1	OW969918.1	0.0416666666666666	[0.01, 0.05)	54.153333333333336	11970	104126	0.1612364243943191	0.0185256324068916	0.0185256324068916	99.741	0.1612364243943191	False	False	False	0.9725374691388544	0.07894736842105263	0.007594936708860759	0.07142857142857142	0.007575757575757576
test	NZ_RRGN01000097.1	NZ_CP119738.1	0.0336134453781512	[0.01, 0.05)	54.153333333333336	23754	100423	0.3291656142123432	0.0778506915746392	0.0778506915746392	94.57315872813176	0.3291656142123432	False	False	False	0.9903159119969394	0.19230769230769232	0.0461133069828722	0.28125	0.06428571428571428
test	NZ_PEHU01000018.1	CP122777.1	0.0153846153846153	[0.01, 0.05)	54.153333333333336	41575	116463	0.0685748647023451	0.0246430196714836	0.0246430196714836	89.18164285714285	0.0685748647023451	False	False	False	0.9725754254879525	0.023952095808383235	0.009501187648456057	0.06976744186046512	0.018404907975460124
test	NZ_PEHU01000018.1	NZ_CP175912.1	0.0258620689655172	[0.01, 0.05)	54.153333333333336	41575	81078	0.1205051112447384	0.0619650213374774	0.0619650213374774	99.38361774065235	0.1205051112447384	False	False	False	0.9849842927102322	0.12698412698412698	0.06144393241167435	0.06976744186046512	0.02158273381294964
test	NZ_PEHU01000018.1	NZ_CP143302.1	0.0344827586206896	[0.01, 0.05)	54.153333333333336	41575	83020	0.075213469633193	0.037834256805589	0.037834256805589	96.82265649825229	0.075213469633193	False	False	False	0.9888289009657576	0.06031746031746032	0.030303030303030304	0.023255813953488372	0.007194244604316547
test	NZ_CP036189.1	NZ_PEHU01000018.1	0.0204081632653061	[0.01, 0.05)	54.153333333333336	9341	41575	0.0808264639760197	0.0184726398075766	0.0184726398075766	92.839	0.0808264639760197	False	False	False	0.9054380435161249	0.05806451612903226	0.014106583072100314	0.0	0.0
test	NZ_CP032171.1	NZ_PEHU01000018.1	0.02	[0.01, 0.05)	54.153333333333336	25510	41575	0.342297138377107	0.2096211665664462	0.2096211665664462	96.58856611333717	0.342297138377107	False	False	False	0.9867744159624418	0.2627118644067797	0.14576802507836992	0.19230769230769232	0.078125
test	NZ_OQ803523.1	NZ_CP195365.1	0.0150753768844221	[0.01, 0.05)	54.153333333333336	65989	137286	0.0531906832957008	0.0255015078012324	0.0255015078012324	95.47526237905518	0.0531906832957008	False	False	False	0.9926514739888014	0.027888446215139442	0.013779527559055118	0.04597701149425287	0.017167381974248927
test	NZ_CP026219.1	NZ_OQ803523.1	0.0176991150442477	[0.01, 0.05)	54.153333333333336	35298	65989	0.0566321038019151	0.030232311445847	0.030232311445847	99.60021978021976	0.0566321038019151	False	False	False	0.9304279362779816	0.04285714285714286	0.023166023166023165	0.0196078431372549	0.0072992700729927005
test	NZ_CP014496.1	CP098997.1	0.0157480314960629	[0.01, 0.05)	54.153333333333336	114223	169374	0.0520735753744867	0.0350467013827387	0.0350467013827387	97.84875294117646	0.0520735753744867	False	False	False	0.9760979560556177	0.04708520179372197	0.0328125	0.030303030303030304	0.013986013986013986
test	NZ_JBRAXZ010000003.1	CP098997.1	0.0153256704980842	[0.01, 0.05)	54.153333333333336	118098	169374	0.0586800792562109	0.0408445215912713	0.0408445215912713	98.09557091328811	0.0586800792562109	False	False	False	0.9787965057696896	0.04835164835164835	0.034375	0.029850746268656716	0.013888888888888888
test	CP128668.1	CP098997.1	0.0113636363636363	[0.01, 0.05)	54.153333333333336	30836	169374	0.1047152678687248	0.0190702232928312	0.0190702232928312	97.98804704425876	0.1047152678687248	False	False	False	0.9722237911411468	0.09523809523809523	0.01875	0.08108108108108109	0.015625
test	NZ_NTHV01000058.1	NZ_CP153791.1	0.0352422907488986	[0.01, 0.05)	54.153333333333336	14083	292610	1.0	0.0487338095075356	0.0487338095075356	94.63281137892376	1.0	False	False	True	0.9908929955929009	0.76	0.03636363636363636	1.0	0.05078125
test	NZ_JBXUIF010000005.1	NZ_CP153791.1	0.0154440154440154	[0.01, 0.05)	54.153333333333336	63293	292610	0.1137250564833393	0.0245822084002597	0.0245822084002597	99.55601138098544	0.1137250564833393	False	False	False	0.9574343126700567	0.145985401459854	0.019138755980861243	0.05	0.006802721088435374
test	NZ_OK649970.1	NZ_CP153791.1	0.0111607142857142	[0.01, 0.05)	54.153333333333336	261511	292610	0.0473173212599087	0.0421687570486312	0.0421687570486312	96.82475939242144	0.0473173212599087	False	False	False	0.9833573690514215	0.024229074889867842	0.021052631578947368	0.0234375	0.011834319526627219
test	NZ_JBZGGV010000003.1	NZ_CP153791.1	0.0142857142857142	[0.01, 0.05)	54.153333333333336	215968	292610	0.0299488813157504	0.0220669150063224	0.0220669150063224	94.41862658032684	0.0299488813157504	False	False	False	0.9798097365617872	0.03214285714285714	0.02583732057416268	0.02553191489361702	0.012371134020618556
test	NZ_CP183354.1	NZ_CP062226.1	0.0477326968973747	[0.01, 0.05)	54.153333333333336	162681	265014	0.1448847744973291	0.0889462443493551	0.0889462443493551	99.13890172209028	0.1448847744973291	False	False	False	0.9787254715427225	0.1281618887015177	0.07584830339321358	0.11392405063291139	0.0425531914893617
test	NZ_CP086389.1	NZ_CP183354.1	0.0428134556574923	[0.01, 0.05)	54.153333333333336	142329	162681	0.079962621812842	0.0701249684966283	0.0701249684966283	99.60609615553024	0.079962621812842	False	False	False	0.9656417645700418	0.08407871198568873	0.07925801011804384	0.046052631578947366	0.0231023102310231
test	NZ_CP151316.1	NZ_CP183354.1	0.0276243093922651	[0.01, 0.05)	54.153333333333336	8378	162681	0.258295535927429	0.0133820175681241	0.0133820175681241	99.403	0.258295535927429	False	False	False	0.9501260502476857	0.3142857142857143	0.01854974704890388	0.18181818181818182	0.011976047904191617
test	NZ_CP183354.1	NZ_CP138727.1	0.0266343825665859	[0.01, 0.05)	54.153333333333336	162681	277344	0.0842938019805631	0.0494151667243567	0.0494151667243567	99.50411345242432	0.0842938019805631	False	False	False	0.9754416204402006	0.05902192242833052	0.03349282296650718	0.04430379746835443	0.01569506726457399
test	CP051936.1	NZ_JBICQX010000011.1	0.0175438596491228	[0.01, 0.05)	54.153333333333336	27271	37307	0.1536063950716878	0.1124721902055914	0.1124721902055914	95.67	0.1536063950716878	False	False	False	0.995930150145507	0.09330143540669857	0.07235621521335807	0.0625	0.025974025974025976
test	NZ_CP146851.1	NZ_JBZGES010000003.1	0.0212765957446808	[0.01, 0.05)	54.153333333333336	138872	162786	0.0923584307851834	0.0788335606256066	0.0788335606256066	93.92019839850734	0.0923584307851834	False	False	False	0.9560517749321723	0.066815144766147	0.04739336492890995	0.08666666666666667	0.04024767801857585
test	NZ_JBSJBU010000003.1	NZ_JBZGES010000003.1	0.0186046511627906	[0.01, 0.05)	54.153333333333336	63107	162786	0.1913416895114646	0.0743122872974334	0.0743122872974334	88.53029052666173	0.1913416895114646	False	False	False	0.9661012875418035	0.058333333333333334	0.022116903633491312	0.11428571428571428	0.03225806451612903
test	CP014297.1	NZ_JBRJPJ010000002.1	0.0193370165745856	[0.01, 0.05)	54.153333333333336	90274	285363	0.1252963200921638	0.0396127038193458	0.0396127038193458	93.56521817862166	0.1252963200921638	False	False	False	0.9369253930707625	0.08814589665653495	0.02702702702702703	0.08045977011494253	0.018276762402088774
test	NZ_CP145712.1	NZ_CP028152.1	0.0131578947368421	[0.01, 0.05)	54.153333333333336	33455	56636	0.0951726199372291	0.0561656896673493	0.0561656896673493	86.91746384976527	0.0951726199372291	False	False	False	0.9775484768703442	0.008	0.004866180048661801	0.05263157894736842	0.01834862385321101
test	NZ_CP028152.1	NZ_CP039470.1	0.0305343511450381	[0.01, 0.05)	54.153333333333336	56636	81940	0.1840172328554276	0.1287527459116426	0.1287527459116426	93.95431938409216	0.1840172328554276	False	False	False	0.9927887673733382	0.11435523114355231	0.07067669172932331	0.1232876712328767	0.05732484076433121
test	NZ_RRHQ01000168.1	NZ_CP101766.1	0.0254237288135593	[0.01, 0.05)	54.153333333333336	1714	127176	1.0	0.0134773856702522	0.0134773856702522	99.942	1.0	False	False	True	0.8638873795645654	1.0	0.011737089201877934	0.5	0.0070921985815602835
test	NZ_MW390523.1	NZ_CP101766.1	0.03125	[0.01, 0.05)	54.153333333333336	89311	127176	0.1585359026323745	0.1116091086368497	0.1116091086368497	92.17729388241897	0.1585359026323745	False	False	False	0.9842579497180757	0.054945054945054944	0.046948356807511735	0.14150943396226415	0.06493506493506493
test	NZ_RREL01000124.1	NZ_CP101766.1	0.015625	[0.01, 0.05)	54.153333333333336	8318	127176	0.635609521519596	0.0415723092407372	0.0415723092407372	88.40751491277433	0.635609521519596	False	False	True	0.9380206223261514	0.36363636363636365	0.018779342723004695	0.5	0.047619047619047616
test	CP052444.1	NZ_CP141199.1	0.0185185185185185	[0.01, 0.05)	54.153333333333336	174931	214402	0.0691872795559392	0.0564640255221499	0.0564640255221499	99.85138969191377	0.0691872795559392	False	False	False	0.9587487951802572	0.07503607503607504	0.06295399515738499	0.02912621359223301	0.014084507042253521
test	NZ_CP086389.1	CP052444.1	0.0155763239875389	[0.01, 0.05)	54.153333333333336	142329	174931	0.0466946300472848	0.0378892248943869	0.0378892248943869	99.42837866706785	0.0466946300472848	False	False	False	0.9573387644609261	0.057245080500894455	0.046176046176046176	0.03289473684210526	0.014164305949008499
test	NZ_CP130211.1	CP052444.1	0.0350877192982456	[0.01, 0.05)	54.153333333333336	83295	174931	0.1795425895912119	0.0854851341386032	0.0854851341386032	95.35852417472492	0.1795425895912119	False	False	False	0.9681226388670481	0.16774193548387098	0.07503607503607504	0.11538461538461539	0.040268456375838924
test	NZ_MG591701.1	CP052444.1	0.0214592274678111	[0.01, 0.05)	54.153333333333336	91597	174931	0.1630730264091618	0.0855137168369242	0.0855137168369242	95.95750040026684	0.1630730264091618	False	False	False	0.9643172864724563	0.12573099415204678	0.06204906204906205	0.11320754716981132	0.04
test	NZ_OK247586.1	CP080739.1	0.0105263157894736	[0.01, 0.05)	54.153333333333336	78461	206152	0.1058870011853022	0.0403003608987543	0.0403003608987543	95.11457436082104	0.1058870011853022	True	False	False	0.9901616990724617	0.09422492401215805	0.041005291005291	0.07766990291262135	0.026143790849673203
test	NZ_CP193630.1	CP080739.1	0.0225563909774436	[0.01, 0.05)	54.153333333333336	88723	206152	0.2044114829300181	0.0878381000426869	0.0878381000426869	89.92397649443866	0.2044114829300181	True	False	False	0.9830647040069665	0.15337423312883436	0.06613756613756613	0.24	0.08362369337979095
test	NZ_AP022296.1	CP080739.1	0.0136054421768707	[0.01, 0.05)	54.153333333333336	105884	206152	0.0756204903479279	0.0388402731964763	0.0388402731964763	99.17610248408438	0.0756204903479279	True	False	False	0.9841945183364373	0.08854166666666667	0.04497354497354497	0.1016949152542373	0.03785488958990536
test	NZ_CP025252.1	CP080739.1	0.0254237288135593	[0.01, 0.05)	54.153333333333336	33924	206152	0.2349958731281688	0.0387238542434708	0.0387238542434708	98.73550782521598	0.2349958731281688	True	False	False	0.9743257935734537	0.26495726495726496	0.041005291005291	0.1388888888888889	0.02066115702479339
test	AP019709.1	NZ_CP014496.1	0.0304878048780487	[0.01, 0.05)	54.153333333333336	86874	114223	0.1436102861615673	0.1095576197438344	0.1095576197438344	91.79155411220913	0.1436102861615673	False	False	False	0.9800824187388381	0.05442176870748299	0.03587443946188341	0.10666666666666667	0.04020100502512563
test	NZ_CP149373.1	NZ_MW390517.1	0.0194174757281553	[0.01, 0.05)	54.153333333333336	90028	118279	0.0852512551650597	0.0647198572865851	0.0647198572865851	90.43423486714192	0.0852512551650597	False	False	False	0.9838210906120702	0.030211480362537766	0.02237136465324385	0.07920792079207921	0.03773584905660377
test	NZ_OK247586.1	NZ_KX636095.1	0.032994923857868	[0.01, 0.05)	54.153333333333336	78461	335317	0.1274646002472566	0.0297748101050647	0.0297748101050647	98.60040333866452	0.1274646002472566	False	False	False	0.9850398053231249	0.16109422492401215	0.04301948051948052	0.08737864077669903	0.01956521739130435
test	CP088364.1	NZ_KX636095.1	0.0289473684210526	[0.01, 0.05)	54.153333333333336	80900	335317	0.3234487021013597	0.077956083347996	0.077956083347996	93.6789341249001	0.3234487021013597	False	False	False	0.9918103644313102	0.22324159021406728	0.05925324675324675	0.23595505617977527	0.04838709677419355
test	NZ_OK649970.1	NZ_KX636095.1	0.0148148148148148	[0.01, 0.05)	54.153333333333336	261511	335317	0.1057584575792223	0.082468231554022	0.082468231554022	97.85326284784966	0.1057584575792223	False	False	False	0.9810622198498362	0.07048458149779736	0.05194805194805195	0.0622568093385214	0.026359143327841845
test	NZ_CP127500.1	NZ_CP086762.1	0.0160427807486631	[0.01, 0.05)	54.153333333333336	134238	296148	0.0935651603867757	0.0424720072396234	0.0424720072396234	99.32440777239133	0.0935651603867757	False	False	False	0.9892499787690163	0.10429447852760736	0.04861773117254528	0.08108108108108109	0.02823529411764706
test	NZ_CP100792.1	NZ_MK477611.1	0.0288461538461538	[0.01, 0.05)	54.153333333333336	79245	263466	0.2607609312890403	0.0784807147791365	0.0784807147791365	98.56505130682642	0.2607609312890403	False	False	False	0.9451301196571366	0.3029045643153527	0.07278165503489531	0.16666666666666666	0.03625377643504532
test	NZ_CP100792.1	NZ_AP024115.1	0.0261437908496732	[0.01, 0.05)	54.153333333333336	79245	109993	0.1186068521673291	0.0854054348913112	0.0854054348913112	96.55293265957448	0.1186068521673291	False	False	False	0.9684555959744074	0.17427385892116182	0.10047846889952153	0.09722222222222222	0.037037037037037035
test	NZ_CP195975.1	NZ_CP100792.1	0.0192307692307692	[0.01, 0.05)	54.153333333333336	62763	79245	0.1852205917499163	0.1469493343428607	0.1469493343428607	95.17521929899732	0.1852205917499163	False	False	False	0.9806800464648735	0.12660944206008584	0.12394957983193278	0.13846153846153847	0.0703125
test	NZ_CP068905.1	NZ_CP126754.1	0.0307692307692307	[0.01, 0.05)	54.153333333333336	56522	143779	0.1307632426311878	0.051384416361221	0.051384416361221	99.9054267352185	0.1307632426311878	False	False	False	0.9784342744048589	0.20408163265306123	0.06633499170812604	0.109375	0.03255813953488372
test	NZ_CP126754.1	CP044381.1	0.0471204188481675	[0.01, 0.05)	54.153333333333336	143779	312615	0.1475389312764729	0.0678438334692833	0.0678438334692833	98.88794642604722	0.1475389312764729	False	False	False	0.9633209644951068	0.14925373134328357	0.07614213197969544	0.10759493670886076	0.032567049808429116
test	NZ_CP126754.1	NZ_CP054265.1	0.0278745644599303	[0.01, 0.05)	54.153333333333336	143779	168717	0.1158444557271924	0.09872745485043	0.09872745485043	94.148600143747	0.1158444557271924	False	False	False	0.9852365716693775	0.08955223880597014	0.08852459016393442	0.08860759493670886	0.044585987261146494
test	NZ_CP149976.1	NZ_CP068594.1	0.0413793103448275	[0.01, 0.05)	54.153333333333336	58972	82214	0.0906362341450179	0.065025421461065	0.065025421461065	99.38296484009724	0.0906362341450179	False	False	False	0.9792675839953104	0.09456264775413711	0.06756756756756757	0.05555555555555555	0.023952095808383235
test	NZ_CP179644.1	NC_011794.1	0.032258064516129	[0.01, 0.05)	54.153333333333336	31549	33405	0.4491109068433231	0.4244873521927855	0.4244873521927855	83.92882146102761	0.4491109068433231	False	False	False	0.9435440691183462	0.049800796812749	0.04816955684007707	0.3888888888888889	0.19444444444444445
test	NC_012148.1	NZ_CP179644.1	0.0185185185185185	[0.01, 0.05)	54.153333333333336	30026	31549	0.0060947179111436	0.0058321975339947	0.0058321975339947	85.326	0.0060947179111436	False	False	False	0.9096901023917721	0.004597701149425287	0.00398406374501992	0.0	0.0
test	NZ_CP068905.1	NZ_CP073055.1	0.0108108108108108	[0.01, 0.05)	54.153333333333336	56522	324410	0.0713527476027033	0.012407139114084	0.012407139114084	98.61141433176296	0.0713527476027033	False	False	False	0.993039653075218	0.05102040816326531	0.007616146230007616	0.078125	0.013477088948787063
test	NZ_CP068905.1	NZ_CP069854.1	0.0256410256410256	[0.01, 0.05)	54.153333333333336	56522	137344	0.1885106684122996	0.0775716449207828	0.0775716449207828	95.04258738637428	0.1885106684122996	False	False	False	0.9917434815273948	0.10714285714285714	0.041176470588235294	0.140625	0.0430622009569378
test	NZ_CP092976.1	NZ_JBSTQQ010000002.1	0.0175438596491228	[0.01, 0.05)	54.153333333333336	122037	156753	0.1141620983799995	0.0888786817477177	0.0888786817477177	94.39026923628028	0.1141620983799995	False	False	False	0.9846748572196568	0.05010438413361169	0.0415944540727903	0.09090909090909091	0.03759398496240601
test	NZ_OK247586.1	NZ_CP092976.1	0.0491071428571428	[0.01, 0.05)	54.153333333333336	78461	122037	0.1010055951364372	0.0649393216811295	0.0649393216811295	98.43621506054492	0.1010055951364372	False	False	False	0.9902283277713	0.11246200607902736	0.07724425887265135	0.06796116504854369	0.03398058252427184
test	NZ_CP092976.1	NZ_CP141199.1	0.0136612021857923	[0.01, 0.05)	54.153333333333336	122037	214402	0.086260724206593	0.0491273402300351	0.0491273402300351	99.06976511914934	0.086260724206593	False	False	False	0.9717376707222147	0.05636743215031315	0.03268765133171913	0.02727272727272727	0.009009009009009009
test	CP128668.1	NZ_CP092976.1	0.028735632183908	[0.01, 0.05)	54.153333333333336	30836	122037	0.2027176028019198	0.0512221703253931	0.0512221703253931	97.81218763973172	0.2027176028019198	False	False	False	0.9863836193141725	0.15873015873015872	0.04175365344467641	0.08108108108108109	0.020833333333333332
test	OR771667.1	NZ_CP114566.1	0.0108695652173913	[0.01, 0.05)	54.153333333333336	56762	210045	0.0634050949578943	0.0171344235759004	0.0171344235759004	99.97213948318976	0.0634050949578943	False	False	False	0.9267857368596863	0.08558558558558559	0.02286401925391095	0.04477611940298507	0.00974025974025974
test	OR771667.1	NZ_CP154633.1	0.0316205533596837	[0.01, 0.05)	54.153333333333336	56762	210515	0.095592121489729	0.025727382846828	0.025727382846828	99.96315481017324	0.095592121489729	False	False	False	0.911962764179048	0.13063063063063063	0.03866666666666667	0.1044776119402985	0.025089605734767026
test	OR771667.1	NZ_JCDLMC010000005.1	0.016260162601626	[0.01, 0.05)	54.153333333333336	56762	67088	0.0266023043585497	0.022507751013594	0.022507751013594	99.93344900662252	0.0266023043585497	False	False	False	0.9191999941495501	0.020134228187919462	0.018145161290322582	0.014925373134328358	0.006896551724137931
test	NC_013369.1	CP073108.1	0.0258064516129032	[0.01, 0.05)	54.153333333333336	85167	108563	0.1671539446029565	0.1312970349013936	0.1312970349013936	94.68454315288852	0.1671539446029565	False	False	False	0.9922111283665271	0.08455882352941177	0.05808080808080808	0.1643835616438356	0.06779661016949153
test	NZ_JBSTQQ010000002.1	NZ_CP141542.1	0.028391167192429	[0.01, 0.05)	54.153333333333336	156753	202151	0.2144903127850822	0.1661728114132505	0.1661728114132505	91.10292965210957	0.2144903127850822	False	False	False	0.9885152993365554	0.12131715771230503	0.09510869565217392	0.1686746987951807	0.08358208955223881
test	NZ_CP079824.1	NZ_CP141542.1	0.0104166666666666	[0.01, 0.05)	54.153333333333336	13893	202151	0.2643057654934139	0.0181646393042824	0.0181646393042824	99.97282434640525	0.2643057654934139	False	False	False	0.9545000279431982	0.265625	0.02309782608695652	0.06666666666666667	0.004739336492890996
test	NZ_CP133428.1	NZ_CP141542.1	0.0180995475113122	[0.01, 0.05)	54.153333333333336	45040	202151	0.1060390763765541	0.0236357970032302	0.0236357970032302	99.937452909167	0.1060390763765541	False	False	False	0.9082349430834791	0.08287292817679558	0.020380434782608696	0.057692307692307696	0.012195121951219513
test	NZ_JCBEAH010000002.1	NZ_CP036189.1	0.0454545454545454	[0.01, 0.05)	54.153333333333336	7162	9341	0.1991063948617704	0.1529814794989829	0.1529814794989829	84.91760606060606	0.1991063948617704	False	False	False	0.9654105042963123	0.0622568093385214	0.026845637583892617	0.14285714285714285	0.058823529411764705
test	NZ_JBHEIN010000092.1	NZ_CP095666.1	0.0384615384615384	[0.01, 0.05)	54.153333333333336	14708	99379	0.2373538210497688	0.0350275209048189	0.0350275209048189	98.8549942742628	0.2373538210497688	False	False	False	0.9773643947769917	0.20689655172413793	0.030927835051546393	0.15384615384615385	0.015384615384615385
test	NZ_CP095666.1	NZ_CP189869.1	0.0196078431372549	[0.01, 0.05)	54.153333333333336	99379	110729	0.1003934432827861	0.090048677401584	0.090048677401584	86.8279416567105	0.1003934432827861	False	False	False	0.9906549543483686	0.03865979381443299	0.03546099290780142	0.15384615384615385	0.08256880733944955
test	NZ_CP063884.1	NZ_CP129022.1	0.0112359550561797	[0.01, 0.05)	54.153333333333336	57825	219302	0.1275918720276697	0.0336613437177955	0.0336613437177955	92.59648014050258	0.1275918720276697	False	False	False	0.9280608090292436	0.09012875536480687	0.02356902356902357	0.07575757575757576	0.014970059880239521
test	NZ_CP169124.1	NZ_CP189869.1	0.0338983050847457	[0.01, 0.05)	54.153333333333336	90370	110729	0.113201283611818	0.0924599698362669	0.0924599698362669	87.72805306558013	0.113201283611818	False	False	False	0.9886822927878777	0.036923076923076927	0.028368794326241134	0.09302325581395349	0.041025641025641026
test	NZ_JBRXNM010000013.1	NZ_CP169124.1	0.0128205128205128	[0.01, 0.05)	54.153333333333336	6948	90370	0.3979562464018422	0.030629633728007	0.030629633728007	98.01588455988455	0.3979562464018422	False	False	False	0.9825049189252719	0.3191489361702128	0.02321981424148607	0.2857142857142857	0.02197802197802198
test	NZ_JBANRQ010000037.1	NZ_JBSTQQ010000002.1	0.0273972602739726	[0.01, 0.05)	54.153333333333336	11213	156753	0.4508160171229822	0.0322800839537361	0.0322800839537361	99.90088794466403	0.4508160171229822	False	False	False	0.9647779479752624	0.6551724137931034	0.03292894280762565	0.6363636363636364	0.041176470588235294
test	NZ_CP058198.1	NZ_JBSTQQ010000002.1	0.0131004366812227	[0.01, 0.05)	54.153333333333336	108466	156753	0.11765898991389	0.0814274686927842	0.0814274686927842	90.62007325835675	0.11765898991389	False	False	False	0.9882393753642694	0.041666666666666664	0.025996533795493933	0.09433962264150944	0.03816793893129771
test	NZ_CP138438.1	NZ_MK477611.1	0.0163487738419618	[0.01, 0.05)	54.153333333333336	97656	263466	0.0917096747767674	0.03398540988211	0.03398540988211	97.87969032474054	0.0917096747767674	False	False	False	0.9736354817977704	0.06666666666666667	0.024925224327018942	0.046296296296296294	0.013368983957219251
test	NZ_RREW01000095.1	NZ_CP129815.1	0.0227272727272727	[0.01, 0.05)	54.153333333333336	4950	146394	0.8406060606060606	0.0284232960367228	0.0284232960367228	99.83183489545782	0.8406060606060606	False	False	True	0.9491399307717444	0.875	0.024518388791593695	0.6666666666666666	0.01098901098901099
test	NZ_JBTAPC010000002.1	NZ_CP062226.1	0.043360433604336	[0.01, 0.05)	54.153333333333336	126207	265014	0.0786247989414216	0.0374433048820062	0.0374433048820062	99.91962978637646	0.0786247989414216	False	False	False	0.9737673780544871	0.08829568788501027	0.04291417165668663	0.08275862068965517	0.028846153846153848
test	NZ_OK247586.1	NZ_OR388869.1	0.0225988700564971	[0.01, 0.05)	54.153333333333336	78461	94213	0.0662749646321102	0.0552365384819504	0.0552365384819504	97.34871239193085	0.0662749646321102	False	False	False	0.9801672957270563	0.0594855305466238	0.053314121037463975	0.038834951456310676	0.019801980198019802
test	NZ_OK247586.1	NZ_CP156664.1	0.0106951871657754	[0.01, 0.05)	54.153333333333336	78461	96210	0.0593798192732695	0.0484565014031805	0.0484565014031805	95.85296814878151	0.0593798192732695	False	False	False	0.9869810695747856	0.04983922829581994	0.04447632711621234	0.039603960396039604	0.02
test	NZ_CP138438.1	NZ_CP163034.1	0.0355731225296442	[0.01, 0.05)	54.153333333333336	97656	190061	0.1970078643401327	0.1013148410247236	0.1013148410247236	94.40507031006948	0.1970078643401327	False	False	False	0.995356987211144	0.10133333333333333	0.05891472868217054	0.17592592592592593	0.07421875
test	NZ_CP138438.1	NZ_JBXSEZ010000002.1	0.020671834625323	[0.01, 0.05)	54.153333333333336	97656	287195	0.2419513393954288	0.0823586761607966	0.0823586761607966	96.70860390433532	0.2419513393954288	False	False	False	0.9662894231341096	0.14133333333333334	0.047491039426523295	0.17592592592592593	0.050666666666666665
test	NZ_LR890211.1	NZ_CP163034.1	0.0229885057471264	[0.01, 0.05)	54.153333333333336	111450	190061	0.1053028263795424	0.0617485965032279	0.0617485965032279	96.19514427987744	0.1053028263795424	False	False	False	0.9891650571901661	0.0585480093676815	0.03875968992248062	0.12149532710280374	0.04980842911877394
test	NZ_CP073000.1	NZ_JBVYPD010000003.1	0.0166666666666666	[0.01, 0.05)	54.153333333333336	6796	50445	0.1767216009417304	0.023788284269997	0.023788284269997	92.193	0.1767216009417304	False	False	False	0.9306903469166441	0.06	0.007782101167315175	0.1	0.014492753623188406
test	NZ_JAUDQG020000015.1	NZ_JAHQYP010000015.1	0.0133333333333333	[0.01, 0.05)	54.153333333333336	1925	81298	0.8425974025974026	0.0199512903146448	0.0199512903146448	97.1635006165228	0.8425974025974026	False	False	True	0.8841638713989124	0.5	0.01195814648729447	0.3333333333333333	0.010526315789473684
test	NZ_JBTYIM010000004.1	NZ_JBKHUK010000005.1	0.0175438596491228	[0.01, 0.05)	54.153333333333336	9590	60389	0.105526590198123	0.0166421036943814	0.0166421036943814	98.51782213438734	0.105526590198123	False	False	False	0.9543606100636974	0.06756756756756757	0.010416666666666666	0.14285714285714285	0.013333333333333334
test	NZ_JBTYIM010000004.1	NZ_MW881232.1	0.034090909090909	[0.01, 0.05)	54.153333333333336	9590	91784	0.5045881126173097	0.0527216072518085	0.0527216072518085	99.85498450092994	0.5045881126173097	False	False	True	0.9431528969783327	0.5405405405405406	0.05847953216374269	0.5714285714285714	0.038461538461538464
test	NZ_JBWJYT010000002.1	NZ_MW390517.1	0.0420560747663551	[0.01, 0.05)	54.153333333333336	107551	118279	0.1698357058511775	0.1546090176616305	0.1546090176616305	93.55203725084414	0.1698357058511775	False	False	False	0.9954578416925729	0.07297297297297298	0.06040268456375839	0.1440677966101695	0.07727272727272727
test	NZ_CP026219.1	NZ_CP024550.1	0.0193236714975845	[0.01, 0.05)	54.153333333333336	35298	187611	0.1051900957561334	0.0197856202461476	0.0197856202461476	98.2795629032258	0.1051900957561334	False	False	False	0.9613120511582046	0.07482993197278912	0.014945652173913044	0.058823529411764705	0.01079136690647482
test	NZ_CP196097.1	NZ_CP024550.1	0.0184331797235023	[0.01, 0.05)	54.153333333333336	46176	187611	0.2352087664587664	0.0579017221804691	0.0579017221804691	94.05126686863125	0.2352087664587664	False	False	False	0.9758538599295715	0.15920398009950248	0.043478260869565216	0.1836734693877551	0.03333333333333333
test	NZ_OY843410.1	NZ_ON390820.1	0.0126984126984126	[0.01, 0.05)	54.153333333333336	136788	190661	0.1370295639968418	0.0982319404597689	0.0982319404597689	92.38274681723752	0.1370295639968418	False	False	False	0.9876929520746176	0.04142011834319527	0.028965517241379312	0.06870229007633588	0.02702702702702703
test	NZ_MZ475707.1	NZ_ON390820.1	0.0102739726027397	[0.01, 0.05)	54.153333333333336	100733	190661	0.0760922438525607	0.0401917539507293	0.0401917539507293	95.3284357839948	0.0760922438525607	False	False	False	0.9480928397800256	0.04926108374384237	0.027586206896551724	0.046511627906976744	0.017964071856287425
test	NZ_CP135149.1	NZ_CP169909.1	0.0301507537688442	[0.01, 0.05)	54.153333333333336	58662	155489	0.2679758617162729	0.1010360861540044	0.1010360861540044	96.39249596697364	0.2679758617162729	False	False	False	0.9908323127613831	0.19742489270386265	0.09055118110236221	0.2638888888888889	0.08558558558558559
test	NZ_CP135149.1	NZ_CP141199.1	0.0209790209790209	[0.01, 0.05)	54.153333333333336	58662	214402	0.1496028093143772	0.0409511105306853	0.0409511105306853	98.67954860004552	0.1496028093143772	False	False	False	0.9396166898685102	0.11587982832618025	0.03268765133171913	0.08333333333333333	0.02054794520547945
test	NZ_CP135149.1	NZ_CP196152.1	0.0242825607064017	[0.01, 0.05)	54.153333333333336	58662	398273	0.2793631311581603	0.0411024598704908	0.0411024598704908	92.90808580978424	0.2793631311581603	False	False	False	0.9719022491908609	0.1459227467811159	0.023192360163710776	0.3055555555555556	0.048034934497816595
test	OW849481.1	NZ_CP192622.1	0.0186046511627906	[0.01, 0.05)	54.153333333333336	105977	125195	0.0680053219094709	0.0576141219697272	0.0576141219697272	97.43626579822616	0.0680053219094709	False	False	False	0.9792072480151812	0.0821917808219178	0.06289308176100629	0.04310344827586207	0.02066115702479339
test	NZ_PP129611.1	OW849481.1	0.0298507462686567	[0.01, 0.05)	54.153333333333336	63468	105977	0.1661152076637045	0.0996725704634024	0.0996725704634024	96.51129951782168	0.1661152076637045	False	False	False	0.9783894023786167	0.13733905579399142	0.08767123287671233	0.10256410256410256	0.043010752688172046
test	NZ_PP129611.1	NZ_CP133928.1	0.0218978102189781	[0.01, 0.05)	54.153333333333336	63468	100835	0.15291170353564	0.0958794069519512	0.0958794069519512	92.00583929305384	0.15291170353564	False	False	False	0.973375039044191	0.07468879668049792	0.045512010113780026	0.11538461538461539	0.04918032786885246
test	NZ_PP129611.1	NZ_CP138727.1	0.0137457044673539	[0.01, 0.05)	54.153333333333336	63468	277344	0.1963981849120817	0.04495139610015	0.04495139610015	99.96024183845353	0.1963981849120817	False	False	False	0.9529133721116607	0.2017167381974249	0.044976076555023926	0.15384615384615385	0.0332409972299169
test	NZ_CP048364.1	NZ_CP063884.1	0.0172413793103448	[0.01, 0.05)	54.153333333333336	7872	57825	0.0973069105691056	0.0132468655425853	0.0132468655425853	94.125	0.0973069105691056	False	False	False	0.9101490460629118	0.06451612903225806	0.00966183574879227	0.25	0.027777777777777776
test	NZ_RRHQ01000168.1	NC_017659.1	0.019108280254777	[0.01, 0.05)	54.153333333333336	1714	147060	1.0	0.0116551067591459	0.0116551067591459	99.942	1.0	False	False	True	0.8394183785445419	1.0	0.009345794392523364	0.0	0.0
test	NZ_RRHQ01000168.1	NZ_JBWLLO010000003.1	0.0125	[0.01, 0.05)	54.153333333333336	1714	73335	0.0886814469078179	0.0020726801663598	0.0020726801663598	100.0	0.0886814469078179	False	False	False	0.8744189789984369	0.09090909090909091	0.001937984496124031	0.0	0.0
test	NZ_JBFMZG010000029.1	NZ_CP181224.1	0.044776119402985	[0.01, 0.05)	54.153333333333336	5398	83755	0.5150055576139311	0.0331920482359262	0.0331920482359262	100.0	0.5150055576139311	False	False	True	0.8623152505822441	0.48717948717948717	0.03304347826086956	0.5	0.03225806451612903
test	NZ_RRRP01000072.1	CP057522.1	0.0236220472440944	[0.01, 0.05)	54.153333333333336	53831	86439	0.1300551726700228	0.0810976526799245	0.0810976526799245	92.3997707087959	0.1300551726700228	False	False	False	0.9661290474389264	0.038560411311053984	0.023474178403755867	0.09090909090909091	0.036231884057971016
test	NZ_MH422552.1	NZ_AP039440.1	0.0194174757281553	[0.01, 0.05)	54.153333333333336	88222	123644	0.0667180521865294	0.0474183947462068	0.0474183947462068	92.60886896084082	0.068850126475548	True	False	False	0.9903599645793082	0.036414565826330535	0.02927927927927928	0.04597701149425287	0.018779342723004695
test	NZ_AP039440.1	NZ_CP086389.1	0.0354609929078014	[0.01, 0.05)	54.153333333333336	123644	142329	0.0766636472453172	0.0666273212065004	0.0666273212065004	99.90532289359908	0.0766636472453172	False	False	False	0.9662707964190733	0.08108108108108109	0.06440071556350627	0.046153846153846156	0.021739130434782608
test	NZ_MT560079.1	NZ_CP086762.1	0.0396039603960396	[0.01, 0.05)	54.153333333333336	68684	296148	0.3221711024401607	0.0746045895970933	0.0746045895970933	97.26012860560644	0.3221711024401607	False	False	False	0.9961445842446995	0.2289156626506024	0.05433746425166826	0.18055555555555555	0.03735632183908046
test	NZ_CP100828.1	NZ_CP091543.1	0.0262295081967213	[0.01, 0.05)	54.153333333333336	143148	185529	0.120867912929276	0.0932899977901029	0.0932899977901029	97.72264935139808	0.120867912929276	False	False	False	0.9617842734830345	0.10919540229885058	0.08272859216255443	0.05844155844155844	0.027522935779816515
test	CP057325.1	NZ_CP091543.1	0.0206896551724137	[0.01, 0.05)	54.153333333333336	103762	185529	0.0888668298606426	0.0497496348279783	0.0497496348279783	98.66862459406798	0.0888668298606426	False	False	False	0.9467810495999351	0.09264305177111716	0.04934687953555878	0.061946902654867256	0.024305555555555556
test	NZ_RRDN01000154.1	OW849024.1	0.0412844036697247	[0.01, 0.05)	54.153333333333336	10251	242397	0.7574870744317628	0.0320631030912098	0.0320631030912098	94.343	0.7574870744317628	False	False	True	0.9665465268175426	0.5357142857142857	0.01722158438576349	0.5	0.021551724137931036
test	NZ_CP024194.1	NZ_CP080351.1	0.0286885245901639	[0.01, 0.05)	54.153333333333336	89345	193800	0.0797358553920197	0.0367492260061919	0.0367492260061919	98.44363675872704	0.0797358553920197	False	False	False	0.9933834352731105	0.07536231884057971	0.03687943262411347	0.05263157894736842	0.018050541516245487
test	NZ_MT560079.1	NZ_OR388869.1	0.0136986301369863	[0.01, 0.05)	54.153333333333336	68684	94213	0.1424785976355483	0.1040302293738656	0.1040302293738656	88.55218022490122	0.1424785976355483	False	False	False	0.9765997376684642	0.08441558441558442	0.056195965417867436	0.125	0.05421686746987952
test	NZ_OR388869.1	NZ_CP024887.1	0.0268817204301075	[0.01, 0.05)	54.153333333333336	94213	102544	0.1285491386539012	0.117998127633016	0.117998127633016	91.5397120401613	0.1285491386539012	False	False	False	0.9938703757642127	0.07507507507507508	0.061274509803921566	0.13592233009708737	0.06763285024154589
test	NZ_RRDO01000171.1	NZ_OR388869.1	0.0196078431372549	[0.01, 0.05)	54.153333333333336	11807	94213	0.1688828660963835	0.0212391071295893	0.0212391071295893	97.51026792828684	0.1688828660963835	False	False	False	0.9618925917875896	0.14285714285714285	0.01585014409221902	0.08333333333333333	0.008771929824561403
test	NZ_CP091019.1	NZ_CP169108.1	0.0103092783505154	[0.01, 0.05)	54.153333333333336	33842	74529	0.212487441640565	0.096579854821613	0.096579854821613	95.61406204024983	0.212487441640565	False	False	False	0.9269822408540204	0.10317460317460317	0.048327137546468404	0.14893617021276595	0.056
test	NZ_MATG01000012.1	NZ_CP018253.1	0.0379746835443038	[0.01, 0.05)	54.153333333333336	10213	95229	0.4033095074904533	0.0430226086591269	0.0430226086591269	96.11659393203884	0.4033095074904533	False	False	False	0.9761913660236732	0.1625	0.017615176151761516	0.42857142857142855	0.0625
test	NZ_CP018253.1	NZ_AP022296.1	0.029940119760479	[0.01, 0.05)	54.153333333333336	95229	105884	0.1594577282130443	0.1433172150655434	0.1433172150655434	92.29008221333508	0.1594577282130443	False	False	False	0.9636352025097782	0.05714285714285714	0.05714285714285714	0.17045454545454544	0.07853403141361257
test	NZ_CP018253.1	NZ_CP043828.1	0.0123456790123456	[0.01, 0.05)	54.153333333333336	95229	97743	0.118430310094614	0.1153842218880124	0.1153842218880124	91.35388139185729	0.118430310094614	False	False	False	0.979663927827038	0.04065040650406504	0.04065040650406504	0.14772727272727273	0.06842105263157895
test	NZ_OW848789.1	NZ_CP088223.1	0.0144092219020172	[0.01, 0.05)	54.153333333333336	92189	277693	0.1511351679701482	0.0502461351204387	0.0502461351204387	94.73006521272792	0.1511351679701482	False	False	False	0.9513270572760125	0.1	0.03550295857988166	0.11702127659574468	0.029490616621983913
test	CP122777.1	NZ_CP022063.1	0.0145985401459854	[0.01, 0.05)	54.153333333333336	116463	173817	0.0492173479989352	0.0328621481212999	0.0328621481212999	93.74770585161966	0.0492173479989352	False	False	False	0.9611320030342623	0.023752969121140142	0.014450867052023121	0.032520325203252036	0.012738853503184714
test	NZ_CP091608.1	CP044381.1	0.0292887029288702	[0.01, 0.05)	54.153333333333336	225457	312615	0.1050178082738615	0.07576411880428	0.07576411880428	99.56971128930158	0.1050178082738615	False	False	False	0.9962656020219449	0.09896432681242807	0.0727580372250423	0.1059322033898305	0.04222972972972973
test	NZ_MW390523.1	NZ_JBWVJQ010000002.1	0.0159574468085106	[0.01, 0.05)	54.153333333333336	89311	325551	0.1547177839235928	0.0425555442925993	0.0425555442925993	91.85801451566542	0.1547177839235928	False	False	False	0.9828109217454111	0.04945054945054945	0.016	0.16037735849056603	0.042821158690176324
test	NZ_MW390523.1	NZ_JABWHZ010000057.1	0.0295566502463054	[0.01, 0.05)	54.153333333333336	89311	139873	0.1410576524728197	0.0905893203119973	0.0905893203119973	94.70372589911072	0.1410576524728197	False	False	False	0.9811353927559733	0.06043956043956044	0.0419047619047619	0.12264150943396226	0.052845528455284556
test	NZ_RRFV01000201.1	NZ_CP193630.1	0.0129870129870129	[0.01, 0.05)	54.153333333333336	9998	88723	0.5795159031806362	0.0654847108416081	0.0654847108416081	95.202	0.5795159031806362	False	False	True	0.9553924935765017	0.23943661971830985	0.025602409638554216	0.6428571428571429	0.08571428571428572
test	NZ_ON209126.1	NZ_CP056884.1	0.0158102766798418	[0.01, 0.05)	54.153333333333336	54035	198658	0.0988248357546035	0.0269458063606801	0.0269458063606801	97.8532994213179	0.0988248357546035	False	False	False	0.9754163528570681	0.07106598984771574	0.018666666666666668	0.04477611940298507	0.010869565217391304
test	NZ_CP114566.1	NZ_OK649970.1	0.0275862068965517	[0.01, 0.05)	54.153333333333336	210045	261511	0.0722702278083267	0.0580931586051829	0.0580931586051829	98.86787829120593	0.0722702278083267	False	False	False	0.9608586768734948	0.07099879663056559	0.06497797356828194	0.036885245901639344	0.018292682926829267
test	NZ_JBSMJN010000040.1	NZ_CP114566.1	0.0269058295964125	[0.01, 0.05)	54.153333333333336	12650	210045	0.3558102766798419	0.0214287414601632	0.0214287414601632	99.35606369285397	0.3558102766798419	False	False	False	0.9696134168866976	0.37254901960784315	0.02286401925391095	0.4	0.03125
test	NZ_CP114566.1	NZ_JBVTJX020000002.1	0.0171306209850107	[0.01, 0.05)	54.153333333333336	210045	257061	0.061339236830203	0.0501087290565274	0.0501087290565274	96.78255624467012	0.061339236830203	False	False	False	0.953784987849089	0.06016847172081829	0.05060728744939271	0.036885245901639344	0.017241379310344827
test	NZ_JBXUIF010000005.1	NZ_CP175912.1	0.0327868852459016	[0.01, 0.05)	54.153333333333336	63293	81078	0.0618235823866778	0.048101827869459	0.048101827869459	99.10685506506763	0.0618235823866778	False	False	False	0.9434584590845951	0.10424710424710425	0.041474654377880185	0.05	0.014598540145985401
test	NZ_CP185196.1	NZ_CP073055.1	0.0246575342465753	[0.01, 0.05)	54.153333333333336	61059	324410	0.1202607314237049	0.0226287722326685	0.0226287722326685	99.85023396431976	0.1202607314237049	False	False	False	0.9837231031957492	0.13839285714285715	0.02361005331302361	0.08571428571428572	0.015957446808510637
test	CP088364.1	NZ_CP025275.1	0.036144578313253	[0.01, 0.05)	54.153333333333336	80900	125113	0.1120766378244746	0.0724944650036367	0.0724944650036367	99.5490172660288	0.1120766378244746	False	False	False	0.9766966434691176	0.10397553516819572	0.0776255707762557	0.056179775280898875	0.02242152466367713
test	CP088364.1	NZ_CP092755.1	0.0102564102564102	[0.01, 0.05)	54.153333333333336	80900	118840	0.107354758961681	0.0730898687310669	0.0730898687310669	84.75013485831343	0.107354758961681	False	False	False	0.9891312137589363	0.04281345565749235	0.032407407407407406	0.07865168539325842	0.029166666666666667
test	CP088364.1	NZ_CP043297.1	0.0297619047619047	[0.01, 0.05)	54.153333333333336	80900	110724	0.2781087762669963	0.2028918752935226	0.2028918752935226	96.81345076110594	0.2781087762669963	False	False	False	0.9827494834726598	0.14678899082568808	0.12339331619537275	0.20224719101123595	0.09230769230769231
test	NZ_RRGN01000097.1	CP088364.1	0.0212765957446808	[0.01, 0.05)	54.153333333333336	23754	80900	0.4413572450955628	0.1299876390605686	0.1299876390605686	91.05349649355573	0.4413572450955628	False	False	False	0.9820067825624477	0.14835164835164835	0.04492512479201331	0.34375	0.1
test	CP088364.1	NZ_CP189869.1	0.0217391304347826	[0.01, 0.05)	54.153333333333336	80900	110729	0.0747960444993819	0.054601775505965	0.054601775505965	88.16004968842243	0.0747960444993819	False	False	False	0.9925237141680651	0.03058103975535168	0.02364066193853428	0.11235955056179775	0.05102040816326531
test	NC_017643.1	CP088364.1	0.0144927536231884	[0.01, 0.05)	54.153333333333336	65549	80900	0.0648980152252513	0.0525957972805933	0.0525957972805933	90.66128551467165	0.0648980152252513	False	False	False	0.9765552362327713	0.025590551181102362	0.021630615640599003	0.04225352112676056	0.01910828025477707
test	NZ_CP006029.1	NZ_CP091608.1	0.0106007067137809	[0.01, 0.05)	54.153333333333336	64561	225457	0.1151314260931522	0.0330085116008817	0.0330085116008817	99.87898253157752	0.1151314260931522	False	False	False	0.9463842723033955	0.11428571428571428	0.03682393555811277	0.06593406593406594	0.018691588785046728
test	NZ_JBSJBU010000003.1	NZ_CP006029.1	0.0178571428571428	[0.01, 0.05)	54.153333333333336	63107	64561	0.118180233571553	0.1156425705921531	0.1156425705921531	99.83918617733724	0.118180233571553	False	False	False	0.9687219312351442	0.12284482758620689	0.10815939278937381	0.1	0.045454545454545456
test	NZ_CP036189.1	NZ_CP035827.1	0.0114942528735632	[0.01, 0.05)	54.153333333333336	9341	100283	0.0580237661920565	0.0054146764656023	0.0054146764656023	84.559	0.0580237661920565	False	False	False	0.9645975089824332	0.0	0.0	0.0	0.0
test	NZ_MATG01000012.1	CP122777.1	0.0188679245283018	[0.01, 0.05)	54.153333333333336	10213	116463	0.2586899050230098	0.0227024892025793	0.0227024892025793	95.99549943332076	0.2586899050230098	False	False	False	0.9784873813373406	0.10256410256410256	0.009501187648456057	0.07142857142857142	0.007352941176470588
test	NZ_JAYXUJ010000054.1	OW849481.1	0.0192307692307692	[0.01, 0.05)	54.153333333333336	14675	105977	0.1072572402044293	0.0148711512875435	0.0148711512875435	93.46854660748257	0.1072572402044293	False	False	False	0.9723187460844882	0.0625	0.00821917808219178	0.2	0.0234375
test	OW849481.1	NZ_CP042894.1	0.0227272727272727	[0.01, 0.05)	54.153333333333336	105977	141344	0.1110712701812657	0.0832720172062485	0.0832720172062485	96.63123003818414	0.1110712701812657	False	False	False	0.9943721075867747	0.09041095890410959	0.06321839080459771	0.08620689655172414	0.04201680672268908
test	NZ_CP195975.1	OW849481.1	0.0422535211267605	[0.01, 0.05)	54.153333333333336	62763	105977	0.2309800360084763	0.137275069118771	0.137275069118771	91.39166792220249	0.2309800360084763	False	False	False	0.9928455074761126	0.1038961038961039	0.06575342465753424	0.13846153846153847	0.05232558139534884
test	NZ_JBDYFC010000076.1	CP067909.1	0.019047619047619	[0.01, 0.05)	54.153333333333336	717	130935	0.8298465829846583	0.0045442395081529	0.0045442395081529	99.664	0.8298465829846583	False	False	True	0.82621156778577	1.0	0.0022675736961451248	0.0	0.0
test	NZ_RRFV01000201.1	NZ_CP062718.1	0.0263157894736842	[0.01, 0.05)	54.153333333333336	9998	96507	0.4131826365273054	0.0429191664853326	0.0429191664853326	96.404	0.4131826365273054	False	False	False	0.9649508665611296	0.23943661971830985	0.023035230352303523	0.42857142857142855	0.0625
test	NZ_MG591701.1	NZ_CP062718.1	0.0486111111111111	[0.01, 0.05)	54.153333333333336	91597	96507	0.198434446543009	0.1877998487156372	0.1877998487156372	94.1696593466923	0.198434446543009	False	False	False	0.9735538934231306	0.09239940387481371	0.08401084010840108	0.2159090909090909	0.10857142857142857
test	NZ_JPGS01000104.1	CP052164.1	0.0114942528735632	[0.01, 0.05)	54.153333333333336	2663	92461	0.9984979346601576	0.0287364402288532	0.0287364402288532	97.142	0.9984979346601576	False	False	True	0.9115537039984707	0.5	0.015363128491620111	0.6	0.02586206896551724
test	NZ_JBVYPD010000003.1	NZ_CP014121.1	0.0119521912350597	[0.01, 0.05)	54.153333333333336	50445	200203	0.1616612151848548	0.04073365533983	0.04073365533983	90.37946940024482	0.1616612151848548	False	False	False	0.9515416387874107	0.06770833333333333	0.01818181818181818	0.15	0.03557312252964427
test	NZ_JBVYPD010000003.1	NZ_CP130211.1	0.015625	[0.01, 0.05)	54.153333333333336	50445	83295	0.0762018039448904	0.0462092562578786	0.0462092562578786	95.01825817332642	0.0762018039448904	False	False	False	0.9542389099428932	0.05291005291005291	0.034722222222222224	0.08333333333333333	0.031446540880503145
test	NZ_JAYXUJ010000054.1	NZ_CP189869.1	0.0157480314960629	[0.01, 0.05)	54.153333333333336	14675	110729	0.1932538330494037	0.0255759557116925	0.0255759557116925	94.89968237776996	0.1932538330494037	False	False	False	0.9807144037653762	0.10416666666666667	0.01182033096926714	0.26666666666666666	0.03125
test	NZ_CP169382.1	NZ_CP175912.1	0.0273972602739726	[0.01, 0.05)	54.153333333333336	53894	81078	0.0878390915500797	0.058227879326081	0.058227879326081	99.28264873417724	0.0878390915500797	False	False	False	0.9691712632776079	0.08501118568232663	0.05837173579109063	0.05970149253731343	0.024691358024691357
test	CP009881.1	NZ_CP169382.1	0.0446428571428571	[0.01, 0.05)	54.153333333333336	50272	53894	0.1107574793125397	0.1033139124948974	0.1033139124948974	97.86287033045976	0.1107574793125397	False	False	False	0.9774441580449804	0.11080332409972299	0.0894854586129754	0.04838709677419355	0.023809523809523808
test	NZ_JABRWL010000002.1	NZ_CP137606.1	0.014388489208633	[0.01, 0.05)	54.153333333333336	40986	119733	0.2023129849216805	0.0693459614308503	0.0693459614308503	93.537	0.2023129849216805	False	False	False	0.9556506672683113	0.10778443113772455	0.04851752021563342	0.2558139534883721	0.06875
test	NZ_CP156664.1	NZ_CP024887.1	0.0153061224489795	[0.01, 0.05)	54.153333333333336	96210	102544	0.1389772372934206	0.1300417381806834	0.1300417381806834	91.84315658522053	0.1389772372934206	False	False	False	0.9923088812927392	0.0702247191011236	0.061274509803921566	0.1485148514851485	0.07352941176470588
test	NZ_CP156664.1	NZ_CP141238.1	0.0227272727272727	[0.01, 0.05)	54.153333333333336	96210	132580	0.1850119530194366	0.1339643988535224	0.1339643988535224	91.61010144034076	0.1850119530194366	False	False	False	0.9903642607309875	0.06179775280898876	0.040968342644320296	0.19801980198019803	0.08583690987124463
test	NZ_OY843410.1	NZ_CP086389.1	0.0179856115107913	[0.01, 0.05)	54.153333333333336	136788	142329	0.0689461063836009	0.0662619705049568	0.0662619705049568	98.83369105173875	0.0689461063836009	False	False	False	0.9845760565547323	0.0631163708086785	0.057245080500894455	0.03816793893129771	0.017985611510791366
test	NZ_CP127510.1	OW968206.1	0.0266666666666666	[0.01, 0.05)	54.153333333333336	6141	63589	0.1958964338055691	0.018918366384123	0.018918366384123	95.515	0.1958964338055691	False	False	False	0.9443653452024535	0.025	0.002044989775051125	0.125	0.011111111111111112
test	CP054459.1	AB011549.2	0.0127388535031847	[0.01, 0.05)	54.153333333333336	83055	92721	0.1643489254108723	0.1473129064613194	0.1473129064613194	90.20606102089856	0.1643489254108723	False	False	False	0.9513605634546954	0.03776683087027915	0.031335149863760216	0.12643678160919541	0.0658682634730539
test	NZ_CP091019.1	NZ_CP195365.1	0.01875	[0.01, 0.05)	54.153333333333336	33842	137286	0.2607410909520714	0.0642017394344652	0.0642017394344652	94.2247511301989	0.2607410909520714	False	False	False	0.9537868355480987	0.13114754098360656	0.031496062992125984	0.14893617021276595	0.03684210526315789
test	NZ_CP091019.1	NZ_JABWHZ010000057.1	0.0379746835443038	[0.01, 0.05)	54.153333333333336	33842	139873	0.2352106849476981	0.0570446047485933	0.0570446047485933	96.20718537989738	0.2352106849476981	False	False	False	0.9482685135245381	0.13114754098360656	0.030476190476190476	0.19148936170212766	0.04712041884816754
test	NZ_CP130211.1	NZ_CP098439.1	0.0224719101123595	[0.01, 0.05)	54.153333333333336	83295	109442	0.0995978149948976	0.0758118455437583	0.0758118455437583	95.29786470234517	0.0995978149948976	False	False	False	0.976994762128584	0.07741935483870968	0.057971014492753624	0.1346153846153846	0.06763285024154589
test	NZ_CP191553.1	NZ_CP062226.1	0.0290697674418604	[0.01, 0.05)	54.153333333333336	107053	265014	0.1827132355001728	0.0738074214947134	0.0738074214947134	97.6681185385518	0.1827132355001728	False	False	False	0.9730324188312734	0.13368983957219252	0.0499001996007984	0.15178571428571427	0.04497354497354497
test	NZ_CP191553.1	NZ_CP129515.1	0.0325581395348837	[0.01, 0.05)	54.153333333333336	107053	138894	0.162517631453579	0.1254481835068469	0.1254481835068469	94.51583644378287	0.162517631453579	False	False	False	0.9941435787543371	0.12566844919786097	0.0975103734439834	0.125	0.0546875
test	NZ_MZ475707.1	NZ_CP154633.1	0.0209790209790209	[0.01, 0.05)	54.153333333333336	100733	210515	0.1006025830661253	0.0481960905398665	0.0481960905398665	99.9209701360142	0.1006025830661253	False	False	False	0.9723489385857188	0.10591133004926108	0.05733333333333333	0.07751937984496124	0.029585798816568046
test	NZ_CP045838.1	NZ_CP154633.1	0.0189274447949526	[0.01, 0.05)	54.153333333333336	110138	210515	0.1708583776716483	0.0895470631546445	0.0895470631546445	94.38415571904936	0.1708583776716483	False	False	False	0.993624829230614	0.09534883720930233	0.05466666666666667	0.16964285714285715	0.060897435897435896
test	NZ_CP026579.1	NZ_CP141199.1	0.0247678018575851	[0.01, 0.05)	54.153333333333336	100229	214402	0.0972971894361911	0.0454520013805841	0.0454520013805841	97.63214645895256	0.0972971894361911	False	False	False	0.9482903769714591	0.10886075949367088	0.05205811138014528	0.06956521739130435	0.024024024024024024
test	NZ_CP129713.1	NZ_AP026941.1	0.0142045454545454	[0.01, 0.05)	54.153333333333336	106834	293280	0.0885485894003781	0.0322558647026732	0.0322558647026732	96.21753681986266	0.0885485894003781	False	False	False	0.9753769459757685	0.05026455026455026	0.017194570135746608	0.07462686567164178	0.021551724137931036
test	NZ_JALIIF010000143.1	CP110581.1	0.0491803278688524	[0.01, 0.05)	54.153333333333336	13136	52969	0.3854293544457978	0.0961128207064509	0.0961128207064509	96.33041640502354	0.3854293544457978	False	False	False	0.9830789255480307	0.3584905660377358	0.09245742092457421	0.2857142857142857	0.06349206349206349
test	NZ_CP092755.1	NZ_CP054265.1	0.0294117647058823	[0.01, 0.05)	54.153333333333336	118840	168717	0.1161141029956243	0.0819123147045051	0.0819123147045051	96.02181335740072	0.1161141029956243	False	False	False	0.9948775695937849	0.0787037037037037	0.05573770491803279	0.0949367088607595	0.04792332268370607
test	NZ_CP091608.1	NZ_CP072939.1	0.0293609671848013	[0.01, 0.05)	54.153333333333336	225457	384269	0.2510722665519367	0.1474149619147003	0.1474149619147003	87.7364604830918	0.2510722665519367	False	False	False	0.9971465694541403	0.07710011507479862	0.047416843595187545	0.4576271186440678	0.20650095602294455
test	NZ_OW848789.1	NZ_CP091608.1	0.0159744408945686	[0.01, 0.05)	54.153333333333336	92189	225457	0.1322608988057143	0.0541389267132978	0.0541389267132978	95.71596786853078	0.1322608988057143	False	False	False	0.9506590592655794	0.10555555555555556	0.04372842347525892	0.06382978723404255	0.018518518518518517
test	NZ_CP169909.1	NZ_CP110266.1	0.0292207792207792	[0.01, 0.05)	54.153333333333336	155489	224600	0.1214040864627079	0.0840382902938557	0.0840382902938557	97.87882341427286	0.1214040864627079	False	False	False	0.988866125131393	0.08661417322834646	0.05527638190954774	0.10059171597633136	0.04722222222222222
test	NZ_CP146671.1	NZ_JBWJYT010000002.1	0.0108695652173913	[0.01, 0.05)	54.153333333333336	86055	107551	0.0382197431874963	0.0306366282042937	0.0306366282042937	87.99738872135102	0.0382197431874963	False	False	False	0.9651007894568389	0.0125	0.010810810810810811	0.01098901098901099	0.004807692307692308
test	NZ_MATG01000012.1	NZ_KX246268.1	0.0120481927710843	[0.01, 0.05)	54.153333333333336	10213	86207	0.0614902575149319	0.0074471910633707	0.0074471910633707	92.99030062305296	0.0614902575149319	False	False	False	0.9788759981768723	0.0125	0.001524390243902439	0.0	0.0
test	NZ_JBANRQ010000037.1	NZ_CP026219.1	0.0444444444444444	[0.01, 0.05)	54.153333333333336	11213	35298	0.1634709711941496	0.0517593064762876	0.0517593064762876	96.72863304253	0.1634709711941496	False	False	False	0.9611405075764583	0.13815789473684212	0.03664921465968586	0.09090909090909091	0.01639344262295082
test	NZ_CP199511.1	NZ_CP146671.1	0.0314960629921259	[0.01, 0.05)	54.153333333333336	44105	86055	0.1057023013263802	0.0540584509906455	0.0540584509906455	98.07079657020364	0.1057023013263802	False	False	False	0.9330577815409269	0.06830601092896176	0.03924646781789639	0.019230769230769232	0.007042253521126761
test	NZ_RRDN01000154.1	NZ_CP196152.1	0.0221130221130221	[0.01, 0.05)	54.153333333333336	10251	398273	0.7563164569310311	0.0194665468158775	0.0194665468158775	94.51	0.7563164569310311	False	False	True	0.9405124694202949	0.5357142857142857	0.010231923601637109	0.7	0.0170316301703163
test	NZ_JAKKDD010000045.1	NZ_CM017149.1	0.04	[0.01, 0.05)	54.153333333333336	26658	153499	0.3609798184409933	0.0627300503586342	0.0627300503586342	99.3665741433022	0.3609798184409933	False	False	False	0.946449375325588	0.39805825242718446	0.07677902621722846	0.36	0.05084745762711865
test	NZ_RRMX01000152.1	NZ_AP027431.1	0.0232558139534883	[0.01, 0.05)	54.153333333333336	9875	201683	0.6161012658227848	0.0301711101084375	0.0301711101084375	99.655362695152	0.6161012658227848	False	False	True	0.9588429764475108	0.5161290322580645	0.02038216560509554	0.7272727272727273	0.035555555555555556
test	NZ_JBWIFL010000005.1	NZ_CP042894.1	0.0223463687150838	[0.01, 0.05)	54.153333333333336	59700	141344	0.1622445561139028	0.0686127462078333	0.0686127462078333	98.88677736549164	0.1622445561139028	False	False	False	0.9789819132112025	0.11055276381909548	0.0421455938697318	0.12162162162162163	0.04568527918781726
test	NZ_MZ475707.1	NC_017659.1	0.0245901639344262	[0.01, 0.05)	54.153333333333336	100733	147060	0.1137065311268402	0.0778661770705834	0.0778661770705834	97.965983676676	0.1137065311268402	False	False	False	0.9748367252215261	0.1206896551724138	0.09158878504672897	0.08527131782945736	0.04230769230769231
test	NZ_CP199511.1	NZ_JBKHUK010000005.1	0.0449438202247191	[0.01, 0.05)	54.153333333333336	44105	60389	0.1056569549937648	0.0771332527447051	0.0771332527447051	98.26479653030628	0.1056569549937648	False	False	False	0.947506580252882	0.08196721311475409	0.0625	0.057692307692307696	0.025423728813559324
test	NZ_JBSMJN010000040.1	NZ_CP196152.1	0.0148883374689826	[0.01, 0.05)	54.153333333333336	12650	398273	0.373201581027668	0.0118511674153156	0.0118511674153156	98.58082609616606	0.373201581027668	False	False	False	0.9782502076587287	0.37254901960784315	0.01296043656207367	0.45	0.021479713603818614
test	NZ_CP069854.1	NZ_CP110266.1	0.0359477124183006	[0.01, 0.05)	54.153333333333336	137344	224600	0.2074790307548928	0.1268744434550311	0.1268744434550311	96.46904993162454	0.2074790307548928	False	False	False	0.9943051349344872	0.14901960784313725	0.09547738693467336	0.12987012987012986	0.05847953216374269
test	NZ_CP133428.1	NZ_CP189736.1	0.0132450331125827	[0.01, 0.05)	54.153333333333336	45040	239563	0.1099023090586145	0.020662623193064	0.020662623193064	99.98	0.1099023090586145	False	False	False	0.9644246924677891	0.08287292817679558	0.015856236786469344	0.057692307692307696	0.010067114093959731
test	NZ_CP133428.1	CP057325.1	0.0272108843537414	[0.01, 0.05)	54.153333333333336	45040	103762	0.1099023090586145	0.0477053256490815	0.0477053256490815	99.98	0.1099023090586145	False	False	False	0.8725999297158016	0.08287292817679558	0.04087193460490463	0.057692307692307696	0.018518518518518517
test	NZ_CP054742.1	NZ_JBWVJQ010000002.1	0.0127795527156549	[0.01, 0.05)	54.153333333333336	11970	325551	0.1612364243943191	0.0059284106023326	0.0059284106023326	99.845	0.1612364243943191	False	False	False	0.9632993381622003	0.07894736842105263	0.0026666666666666666	0.06666666666666667	0.003105590062111801
test	NZ_CP058198.1	NZ_JBWVJQ010000002.1	0.0290237467018469	[0.01, 0.05)	54.153333333333336	108466	325551	0.1832648018733981	0.0610626292040264	0.0610626292040264	95.76755216387188	0.1832648018733981	False	False	False	0.9917727437761845	0.09722222222222222	0.03111111111111111	0.12264150943396226	0.032418952618453865
test	NZ_JAGJVE010000029.1	NZ_CP080351.1	0.0360824742268041	[0.01, 0.05)	54.153333333333336	17971	193800	0.6280674419898725	0.058250773993808	0.058250773993808	97.06826235606732	0.6280674419898725	False	False	True	0.9821945051773381	0.33766233766233766	0.03687943262411347	0.4666666666666667	0.035897435897435895
test	NZ_CP058198.1	NZ_CP080351.1	0.0378787878787878	[0.01, 0.05)	54.153333333333336	108466	193800	0.1667895930522007	0.093266253869969	0.093266253869969	96.41985232789057	0.1667895930522007	False	False	False	0.9951819491145641	0.13055555555555556	0.06666666666666667	0.1320754716981132	0.05017921146953405
test	CP104420.1	NZ_AP022296.1	0.037037037037037	[0.01, 0.05)	54.153333333333336	83397	105884	0.2278978860150844	0.1789788825507158	0.1789788825507158	94.39015249790091	0.2278978860150844	False	False	False	0.9851041164060659	0.16451612903225807	0.1328125	0.1875	0.09183673469387756
test	NZ_CP086419.1	NZ_PQ667066.1	0.0348258706467661	[0.01, 0.05)	54.153333333333336	70475	180007	0.157616175948918	0.0617031559883782	0.0617031559883782	95.58303022670025	0.157616175948918	False	False	False	0.9925858022447875	0.1214574898785425	0.04491017964071856	0.1728395061728395	0.058333333333333334
test	NZ_CP086419.1	NZ_JBRJPJ010000002.1	0.0243161094224924	[0.01, 0.05)	54.153333333333336	70475	285363	0.1764313586378148	0.0434008613590409	0.0434008613590409	96.99820732000964	0.1764313586378148	False	False	False	0.9707460568055132	0.13360323886639677	0.03075489282385834	0.14814814814814814	0.03225806451612903
test	NZ_CP116926.1	NZ_JCDLMC010000005.1	0.0135135135135135	[0.01, 0.05)	54.153333333333336	11848	67088	0.2942268737339635	0.0520957548294777	0.0520957548294777	98.45569402344869	0.2942268737339635	False	False	False	0.9764780623410749	0.30120481927710846	0.05040322580645161	0.2	0.03296703296703297
test	NZ_CP104527.1	NZ_MW356909.1	0.010204081632653	[0.01, 0.05)	54.153333333333336	163762	249475	0.0481796753825673	0.0316063733841066	0.0316063733841066	96.02474173946068	0.0481796753825673	False	False	False	0.9898204412541707	0.0333889816360601	0.02089864158829676	0.05925925925925926	0.020618556701030927
test	NZ_JBXSFE010000003.1	NZ_MW356909.1	0.015228426395939	[0.01, 0.05)	54.153333333333336	146840	249475	0.0576069190956142	0.0338831546247118	0.0338831546247118	99.91720640737675	0.0576069190956142	False	False	False	0.9619923168236942	0.05952380952380952	0.03657262277951933	0.034482758620689655	0.013986013986013986
test	NZ_CP196097.1	NZ_CP062226.1	0.0128617363344051	[0.01, 0.05)	54.153333333333336	46176	265014	0.209026334026334	0.0364131706249481	0.0364131706249481	97.72135473847749	0.209026334026334	False	False	False	0.945207522257712	0.14427860696517414	0.028942115768463075	0.08163265306122448	0.012195121951219513
test	CP057325.1	NZ_JBXULQ010000004.1	0.0460829493087557	[0.01, 0.05)	54.153333333333336	103762	116759	0.0652647404637535	0.0578542125232316	0.0578542125232316	97.46330796460175	0.0652647404637535	False	False	False	0.9763085635365326	0.08719346049046321	0.07095343680709534	0.07079646017699115	0.034334763948497854
test	NZ_CP086388.1	NZ_CP073989.1	0.0146341463414634	[0.01, 0.05)	54.153333333333336	113047	134191	0.0738453917397188	0.0622619996870132	0.0622619996870132	98.0267972972973	0.0738453917397188	False	False	False	0.9807389463886234	0.046189376443418015	0.0408997955010225	0.03278688524590164	0.016260162601626018
test	NZ_MG591701.1	NZ_CP136270.1	0.0248447204968944	[0.01, 0.05)	54.153333333333336	91597	107188	0.1640665087284518	0.1401369556293615	0.1401369556293615	86.66188771675348	0.1640665087284518	False	False	False	0.9927599430567536	0.05847953216374269	0.04914004914004914	0.16981132075471697	0.08450704225352113
test	NZ_CP196097.1	NZ_CP136270.1	0.0222222222222222	[0.01, 0.05)	54.153333333333336	46176	107188	0.2112136174636174	0.0912322274881516	0.0912322274881516	96.17811557326792	0.2112136174636174	False	False	False	0.9735740092985397	0.0845771144278607	0.04176904176904177	0.12244897959183673	0.03571428571428571
test	CP104420.1	NZ_CP054265.1	0.0273972602739726	[0.01, 0.05)	54.153333333333336	83397	168717	0.1671283139681283	0.0826176378195439	0.0826176378195439	97.10082081752454	0.1671283139681283	False	False	False	0.983397511656268	0.17096774193548386	0.08688524590163935	0.17708333333333334	0.06827309236947791
test	NZ_AP018454.1	NZ_MZ475707.1	0.0114285714285714	[0.01, 0.05)	54.153333333333336	78997	100733	0.0725597174576249	0.0568433383300408	0.0568433383300408	89.25588073713492	0.0725597174576249	False	False	False	0.963090074580066	0.03436988543371522	0.02644836272040302	0.04	0.017777777777777778
test	NZ_JBWLLO010000003.1	NZ_JBFUPY010000024.1	0.0129870129870129	[0.01, 0.05)	54.153333333333336	73335	73616	0.0392445626235767	0.039094762008259	0.039094762008259	92.7852330905307	0.0392445626235767	False	False	False	0.9651081485661449	0.023255813953488372	0.022099447513812154	0.013888888888888888	0.006622516556291391
test	NZ_CP104527.1	NZ_JBXSEZ010000002.1	0.0119047619047619	[0.01, 0.05)	54.153333333333336	163762	287195	0.067433226267388	0.0384756002019533	0.0384756002019533	99.05944234421634	0.067433226267388	False	False	False	0.9875442248056299	0.05008347245409015	0.026881720430107527	0.05925925925925926	0.01937046004842615
test	NZ_OZ066665.1	NZ_CP129713.1	0.0166666666666666	[0.01, 0.05)	54.153333333333336	39395	106834	0.105521005203706	0.0389295542617518	0.0389295542617518	99.16000743761998	0.105521005203706	False	False	False	0.9813547459184947	0.18181818181818182	0.026455026455026454	0.043478260869565216	0.011235955056179775
test	NZ_CP195975.1	NZ_CP129713.1	0.0254777070063694	[0.01, 0.05)	54.153333333333336	62763	106834	0.1765211987954686	0.1039463092273995	0.1039463092273995	94.6465965148657	0.1765211987954686	False	False	False	0.9906934355756817	0.07792207792207792	0.047619047619047616	0.1076923076923077	0.036458333333333336
test	NZ_OW848789.1	NZ_CP129713.1	0.0491803278688524	[0.01, 0.05)	54.153333333333336	92189	106834	0.1442579917343718	0.1245109234887769	0.1245109234887769	99.4816444561298	0.1442579917343718	False	False	False	0.9936199002372887	0.1388888888888889	0.13227513227513227	0.11702127659574468	0.05069124423963134
test	NZ_CP189869.1	NZ_CP141238.1	0.0389610389610389	[0.01, 0.05)	54.153333333333336	110729	132580	0.0912227149165981	0.0762483029114497	0.0762483029114497	96.67065411973918	0.0912227149165981	False	False	False	0.9825882666038321	0.07801418439716312	0.061452513966480445	0.1111111111111111	0.05078125
test	NZ_CP054265.1	NZ_JBVTJX020000002.1	0.0147058823529411	[0.01, 0.05)	54.153333333333336	168717	257061	0.0906488379949856	0.0594294739380925	0.0594294739380925	96.25302480579674	0.0906488379949856	False	False	False	0.9679883526626495	0.06885245901639345	0.04251012145748988	0.052941176470588235	0.020089285714285716
test	NZ_CP086388.1	NZ_PQ667066.1	0.0329218106995884	[0.01, 0.05)	54.153333333333336	113047	180007	0.1347758012154236	0.0845356013932791	0.0845356013932791	96.617367223861	0.1347758012154236	False	False	False	0.9838917318632243	0.08314087759815242	0.05389221556886228	0.08196721311475409	0.03508771929824561
test	NZ_AP019818.1	NZ_PQ667066.1	0.010204081632653	[0.01, 0.05)	54.153333333333336	136816	180007	0.0342065255525669	0.0259989889282083	0.0259989889282083	95.66876616172392	0.0342065255525669	False	False	False	0.9609193730685482	0.027422303473491772	0.02245508982035928	0.04242424242424243	0.021148036253776436
test	NZ_CP141678.1	NZ_CP040126.1	0.0153321976149914	[0.01, 0.05)	54.153333333333336	228888	395774	0.0558832267309776	0.0322835759802311	0.0322835759802311	97.35331199250469	0.0558832267309776	False	False	False	0.9565614270365783	0.05063291139240506	0.02572347266881029	0.0430622009569378	0.01308139534883721
test	NZ_CP063884.1	NZ_AP019818.1	0.010204081632653	[0.01, 0.05)	54.153333333333336	57825	136816	0.0875918720276696	0.0369328148754531	0.0369328148754531	96.45131900630916	0.0875918720276696	False	False	False	0.9399845808720801	0.09012875536480687	0.038391224862888484	0.07575757575757576	0.022123893805309734
test	NZ_CP133668.1	CP057325.1	0.0298507462686567	[0.01, 0.05)	54.153333333333336	35184	103762	0.0669906775807185	0.0227154449605828	0.0227154449605828	99.83022486211286	0.0669906775807185	False	False	False	0.8614148210950591	0.07947019867549669	0.0326975476839237	0.0851063829787234	0.02564102564102564
test	NZ_OZ066665.1	CP057325.1	0.0245901639344262	[0.01, 0.05)	54.153333333333336	39395	103762	0.1982738926259677	0.0752780401302981	0.0752780401302981	97.8248395393474	0.1982738926259677	False	False	False	0.98383874538818	0.2909090909090909	0.043596730245231606	0.043478260869565216	0.012738853503184714
test	NZ_CP195365.1	NZ_CP129712.1	0.0158102766798418	[0.01, 0.05)	54.153333333333336	137286	143798	0.0563713707151493	0.0538463678215274	0.0538463678215274	99.87076627066116	0.0563713707151493	False	False	False	0.9673708037075232	0.05511811023622047	0.049910873440285206	0.04	0.018633540372670808
test	NZ_CP145712.1	NZ_JBWLLO010000003.1	0.0272727272727272	[0.01, 0.05)	54.153333333333336	33455	73335	0.3198326109699596	0.1457966864389445	0.1457966864389445	96.88297601493232	0.3198326109699596	False	False	False	0.9874002025321496	0.192	0.09302325581395349	0.2631578947368421	0.1
test	NZ_CP025252.1	NZ_CP098487.1	0.0344827586206896	[0.01, 0.05)	54.153333333333336	33924	49381	0.128021459733522	0.0877665498876086	0.0877665498876086	89.27004140928848	0.128021459733522	False	False	False	0.9279972963859723	0.07832422586520947	0.05756358768406961	0.1388888888888889	0.05747126436781609
test	NZ_MG591701.1	CP044377.1	0.012012012012012	[0.01, 0.05)	54.153333333333336	91597	310104	0.139316789851196	0.0411571601785207	0.0411571601785207	98.34845205479452	0.139316789851196	False	False	False	0.9549590722185488	0.09941520467836257	0.029668411867364748	0.0660377358490566	0.014373716632443531
test	NZ_CP058198.1	NZ_MN543579.1	0.0376344086021505	[0.01, 0.05)	54.153333333333336	108466	140128	0.1206553205612818	0.0933860470427038	0.0933860470427038	94.608382826203	0.1206553205612818	False	False	False	0.9935736135177656	0.07777777777777778	0.0547945205479452	0.09433962264150944	0.04132231404958678
test	NZ_MF381176.1	CP082669.1	0.0234375	[0.01, 0.05)	54.153333333333336	36502	99345	0.0364089638923894	0.0133776234334893	0.0133776234334893	99.92499999999998	0.0364089638923894	False	False	False	0.9219645450860198	0.05019305019305019	0.018413597733711047	0.023255813953488372	0.006944444444444444
test	NZ_MN419437.1	NZ_AP026795.1	0.0636704119850187	[0.05, 0.15)	16.218333333333334	118243	165477	0.206912882792216	0.1479420100678644	0.1479420100678644	96.08462459256847	0.206912882792216	False	False	False	0.9914181736770078	0.1559633027522936	0.10897435897435898	0.18110236220472442	0.08455882352941177
test	NZ_CP024663.1	NZ_MN419437.1	0.0573770491803278	[0.05, 0.15)	16.218333333333334	12610	118243	0.6934179222839016	0.0741608382737244	0.0741608382737244	96.4074738517508	0.6934179222839016	False	False	True	0.9714184393409628	0.4	0.03669724770642202	0.3888888888888889	0.050724637681159424
test	NZ_MN419437.1	NZ_CP169909.1	0.080168776371308	[0.05, 0.15)	16.218333333333334	118243	155489	0.3099972091371159	0.2355793657429143	0.2355793657429143	96.30471546066067	0.3099972091371159	False	False	False	0.9833237414895702	0.2018348623853211	0.1732283464566929	0.25984251968503935	0.12547528517110265
test	NZ_CP061953.1	NZ_CP143282.1	0.1111111111111111	[0.05, 0.15)	16.218333333333334	168138	248177	0.422242443706955	0.2860821107516006	0.2860821107516006	96.61892377148322	0.422242443706955	False	False	False	0.9951034779581485	0.254606365159129	0.17272727272727273	0.3854748603351955	0.19382022471910113
test	NZ_CP044159.1	NZ_CP143282.1	0.0647773279352226	[0.05, 0.15)	16.218333333333334	59694	248177	0.1848762019633464	0.0444642331884098	0.0444642331884098	99.8096130844509	0.1848762019633464	False	False	False	0.9902793484613481	0.1782608695652174	0.04659090909090909	0.13157894736842105	0.03205128205128205
test	NZ_AP026795.1	NZ_CP143282.1	0.0705882352941176	[0.05, 0.15)	16.218333333333334	165477	248177	0.2482761954833602	0.1655874637859269	0.1655874637859269	93.67508165984351	0.2482761954833602	False	False	False	0.994954003107141	0.17147435897435898	0.1215909090909091	0.23809523809523808	0.10695187165775401
test	NZ_OP242238.1	NZ_CP143282.1	0.0569395017793594	[0.05, 0.15)	16.218333333333334	111500	248177	0.1961973094170403	0.088207206953102	0.088207206953102	98.30709449717104	0.1961973094170403	False	False	False	0.9887788712738239	0.14634146341463414	0.06818181818181818	0.10810810810810811	0.034782608695652174
test	NZ_CP084832.1	NZ_CP143282.1	0.0915492957746478	[0.05, 0.15)	16.218333333333334	131535	248177	0.3730794085224465	0.1978869919452648	0.1978869919452648	96.78012146513892	0.3730794085224465	False	False	False	0.99584523992731	0.2526997840172786	0.13295454545454546	0.3082706766917293	0.12130177514792899
test	CP057325.1	NZ_CP143282.1	0.0625	[0.05, 0.15)	16.218333333333334	103762	248177	0.2205431660916327	0.0922647948842962	0.0922647948842962	95.37223344082273	0.2205431660916327	False	False	False	0.9922606524874725	0.16893732970027248	0.07045454545454545	0.22123893805309736	0.0748502994011976
test	NZ_CP041642.1	OW849035.1	0.1	[0.05, 0.15)	16.218333333333334	121851	204647	0.4559256797235969	0.2716775716233319	0.2716775716233319	95.83589650960177	0.4559256797235969	False	False	False	0.9943272292730171	0.25669642857142855	0.1539491298527443	0.40559440559440557	0.19931271477663232
test	NZ_CP041642.1	NZ_OZ544168.1	0.075098814229249	[0.05, 0.15)	16.218333333333334	121851	171613	0.3689752238389508	0.2620197770565167	0.2620197770565167	95.53332149910136	0.3689752238389508	False	False	False	0.994753078432151	0.19419642857142858	0.14309210526315788	0.35664335664335667	0.1875
test	NZ_CP041642.1	CP067909.1	0.1274509803921568	[0.05, 0.15)	16.218333333333334	121851	130935	0.3367391322188575	0.3131782945736434	0.3131782945736434	97.93588502446028	0.3367391322188575	False	False	False	0.9955972744686823	0.25892857142857145	0.25892857142857145	0.3358208955223881	0.1939655172413793
test	NZ_JCDLMC010000005.1	NZ_CP041642.1	0.0804597701149425	[0.05, 0.15)	16.218333333333334	67088	121851	0.4245319580252802	0.2335885630811401	0.2335885630811401	91.86633197250428	0.4245319580252802	False	False	False	0.9926955124287569	0.21030042918454936	0.109375	0.35443037974683544	0.14432989690721648
test	CP091400.1	NZ_CP122807.1	0.1043478260869565	[0.05, 0.15)	16.218333333333334	42194	98226	0.4621510167322368	0.1985014151039439	0.1985014151039439	94.50019116745044	0.4621510167322368	False	False	False	0.9894901997377635	0.215625	0.1047040971168437	0.26666666666666666	0.08633093525179857
test	NZ_PP129611.1	NZ_CP122807.1	0.1293103448275862	[0.05, 0.15)	16.218333333333334	63468	98226	0.3918352555618579	0.2524382546372651	0.2524382546372651	93.59307456825744	0.3918352555618579	False	False	False	0.9790097052380712	0.17634854771784234	0.12898330804248861	0.24358974358974358	0.11515151515151516
test	NZ_CP062718.1	NZ_CP122807.1	0.0821917808219178	[0.05, 0.15)	16.218333333333334	96507	98226	0.2387598827028091	0.2345916559770325	0.2345916559770325	93.34340786686838	0.2387598827028091	False	False	False	0.9891545511570036	0.11382113821138211	0.11382113821138211	0.25	0.12790697674418605
test	NZ_JBQPWJ010000069.1	AP026472.1	0.0515463917525773	[0.05, 0.15)	16.218333333333334	9568	93433	0.6983695652173914	0.07160211060332	0.07160211060332	97.84829587567243	0.6983695652173914	False	False	True	0.9747407106476991	0.5180722891566265	0.058265582655826556	0.5	0.04504504504504504
test	NZ_OZ542068.1	NZ_JAHQYP010000015.1	0.0661157024793388	[0.05, 0.15)	16.218333333333334	63010	81298	0.246643389938105	0.1911978154444144	0.1911978154444144	95.9901808777228	0.246643389938105	False	False	False	0.982341830232867	0.17494089834515367	0.11061285500747384	0.2413793103448276	0.10218978102189781
test	OW849005.1	NZ_CP086468.1	0.1398601398601398	[0.05, 0.15)	16.218333333333334	98537	247089	0.553944203700133	0.2210499050949253	0.2210499050949253	97.02554613470896	0.553944203700133	False	False	True	0.989825943490294	0.43869209809264303	0.17988826815642459	0.46551724137931033	0.18493150684931506
test	OW849005.1	CP067475.1	0.138996138996139	[0.05, 0.15)	16.218333333333334	98537	216181	0.5157047606482844	0.2352103098792216	0.2352103098792216	96.83496367244292	0.5157047606482844	False	False	True	0.9889645938622947	0.39509536784741145	0.18238993710691823	0.43103448275862066	0.18382352941176472
test	OW849005.1	NZ_CP084832.1	0.085	[0.05, 0.15)	16.218333333333334	98537	131535	0.3166932218354527	0.2370775839130269	0.2370775839130269	97.32922462493202	0.3166932218354527	False	False	False	0.9898442785540836	0.23705722070844687	0.1879049676025918	0.2413793103448276	0.12669683257918551
test	NZ_CP151316.1	NZ_CP117397.1	0.0625	[0.05, 0.15)	16.218333333333334	8378	100527	0.6455001193602292	0.0539158633998826	0.0539158633998826	99.76000000000002	0.6455001193602292	False	False	True	0.9504318196367965	0.6567164179104478	0.05562579013906448	0.6363636363636364	0.05384615384615385
test	NZ_CP033890.1	NZ_CP035157.1	0.0759493670886076	[0.05, 0.15)	16.218333333333334	34427	53951	0.2430940831324251	0.1549368871753999	0.1549368871753999	91.1716028394178	0.2430940831324251	False	False	False	0.9673316096232085	0.07380073800738007	0.04926108374384237	0.11904761904761904	0.04854368932038835
test	NZ_CP068141.1	NZ_CP036189.1	0.1	[0.05, 0.15)	16.218333333333334	3991	9341	0.4359809571535956	0.1864896692002997	0.1864896692002997	88.65585989790131	0.4359809571535956	False	False	False	0.9357971799481656	0.16475095785440613	0.07214765100671142	0.5	0.15384615384615385
test	NZ_CP059930.1	NZ_LR890428.1	0.0528846153846153	[0.05, 0.15)	16.218333333333334	99943	128238	0.199753859700029	0.1557728598387373	0.1557728598387373	98.10905858222024	0.199753859700029	False	False	False	0.9720422318852119	0.20448179271708683	0.14065510597302505	0.17647058823529413	0.07792207792207792
test	NZ_CP060741.1	NZ_JBPFEV010000060.1	0.1	[0.05, 0.15)	16.218333333333334	2275	3360	0.3578021978021978	0.2422619047619047	0.2422619047619047	94.47865398773008	0.3578021978021978	False	False	False	0.8835745201207607	0.13357400722021662	0.08980582524271845	0.0	0.0
test	NZ_CP060741.1	NZ_CP066533.1	0.0909090909090909	[0.05, 0.15)	16.218333333333334	2275	6373	0.0676923076923076	0.0241644437470579	0.0241644437470579	89.744	0.0676923076923076	False	False	False	0.9021157041713064	0.018050541516245487	0.006097560975609756	0.0	0.0
test	NZ_CP182399.1	NZ_CP146851.1	0.0794392523364486	[0.05, 0.15)	16.218333333333334	107583	138872	0.2662130634022104	0.2067299383605046	0.2067299383605046	94.8208666504568	0.2662130634022104	False	False	False	0.9872046091306129	0.16094986807387862	0.1358574610244989	0.2184873949579832	0.10699588477366255
test	NZ_CP182399.1	CP099211.1	0.052863436123348	[0.05, 0.15)	16.218333333333334	107583	128784	0.197847243523605	0.1655873400422412	0.1655873400422412	92.45686231714728	0.197847243523605	False	False	False	0.9908402975041386	0.07387862796833773	0.05303030303030303	0.21008403361344538	0.11312217194570136
test	NZ_AP038988.1	NZ_CP182399.1	0.1006711409395973	[0.05, 0.15)	16.218333333333334	78863	107583	0.4395724230627797	0.3229506520546926	0.3229506520546926	95.04403464720752	0.4395724230627797	False	False	False	0.9799756982145656	0.24642857142857144	0.1820580474934037	0.24691358024691357	0.1111111111111111
test	NZ_JCDGLG010000084.1	NZ_AP025548.1	0.0578512396694214	[0.05, 0.15)	16.218333333333334	15475	145376	0.7654927302100162	0.0816365837552278	0.0816365837552278	97.59083155057694	0.7654927302100162	False	False	True	0.9832202167058464	0.6190476190476191	0.07116788321167883	0.5294117647058824	0.06474820143884892
test	NZ_LKWT01000138.1	NC_015698.1	0.0833333333333333	[0.05, 0.15)	16.218333333333334	2714	14173	0.1879145173176123	0.035983913074155	0.035983913074155	93.137	0.1879145173176123	False	False	False	0.8469625469958364	0.06666666666666667	0.007042253521126761	0.3333333333333333	0.0625
test	CP051818.1	CP088684.1	0.0855263157894736	[0.05, 0.15)	16.218333333333334	93177	113463	0.2458439314423087	0.2030353507310753	0.2030353507310753	95.87483754653276	0.2458439314423087	False	False	False	0.9746420042854357	0.14736842105263157	0.14698162729658792	0.19101123595505617	0.09340659340659341
test	NZ_AP018457.1	CP051818.1	0.1111111111111111	[0.05, 0.15)	16.218333333333334	86535	93177	0.3404865083492228	0.3145733389141097	0.3145733389141097	95.71638691202384	0.3404865083492228	False	False	False	0.9603221534002047	0.19293078055964655	0.17774762550881953	0.24719101123595505	0.14012738853503184
test	NZ_CP084814.1	NZ_CP029585.1	0.0909090909090909	[0.05, 0.15)	16.218333333333334	4937	8809	0.2331375329147255	0.1305483028720626	0.1305483028720626	92.795	0.2331375329147255	False	False	False	0.9423321732921686	0.09395973154362416	0.0547945205479452	0.16666666666666666	0.07692307692307693
test	NZ_CP084814.1	NZ_CP056387.1	0.1111111111111111	[0.05, 0.15)	16.218333333333334	4937	5783	0.108973060563095	0.093031298633927	0.093031298633927	94.44458888888887	0.108973060563095	False	False	False	0.9047124508944628	0.04869565217391304	0.039942938659058486	0.0	0.0
test	NZ_CP176887.1	CP080739.1	0.0577427821522309	[0.05, 0.15)	16.218333333333334	203546	206152	0.1930325331866015	0.1905632737009585	0.1905632737009585	93.9954717676357	0.1930325331866015	True	False	False	0.9892762741830785	0.10052219321148825	0.10052219321148825	0.13744075829383887	0.07213930348258707
test	CP035636.1	NZ_CP176887.1	0.0750853242320819	[0.05, 0.15)	16.218333333333334	103522	203546	0.2668514905044338	0.1356401010091085	0.1356401010091085	96.65907654758465	0.2668514905044338	False	False	False	0.9931926550994292	0.18652849740932642	0.09399477806788512	0.24271844660194175	0.08389261744966443
test	NZ_CP176887.1	CP067475.1	0.0619946091644204	[0.05, 0.15)	16.218333333333334	203546	216181	0.1816346182189775	0.1710418584426938	0.1710418584426938	95.47650344343316	0.1816346182189775	False	False	False	0.9924852905439672	0.10443864229765012	0.10062893081761007	0.13592233009708737	0.07035175879396985
test	NZ_PQ667066.1	NZ_CP176887.1	0.0990712074303405	[0.05, 0.15)	16.218333333333334	180007	203546	0.2303577083113434	0.2034920853271496	0.2034920853271496	95.59470760374768	0.2303577083113434	False	False	False	0.993304148588644	0.13922155688622753	0.12140992167101827	0.16184971098265896	0.07671232876712329
test	NZ_JAUAMW010000033.1	NZ_CP153671.1	0.0592105263157894	[0.05, 0.15)	16.218333333333334	11964	151580	0.7770812437311936	0.061439503892334	0.061439503892334	94.08768977358083	0.7770812437311936	False	False	True	0.9519357884072456	0.42857142857142855	0.03522504892367906	0.5333333333333333	0.047337278106508875
test	NZ_PV764932.1	NZ_CP043351.1	0.0579710144927536	[0.05, 0.15)	16.218333333333334	51855	106448	0.2364477870986404	0.1151923944085375	0.1151923944085375	97.8734814633749	0.2364477870986404	False	False	False	0.9869972343283068	0.185	0.09635416666666667	0.21666666666666667	0.07262569832402235
test	NZ_CP196661.1	NZ_CP109609.1	0.085972850678733	[0.05, 0.15)	16.218333333333334	95080	142244	0.5346129575094657	0.357540564101122	0.357540564101122	88.75614851446366	0.5346129575094657	False	False	True	0.980332918712305	0.1790633608815427	0.11970534069981584	0.5172413793103449	0.2830188679245283
test	NZ_CP092755.1	NZ_CP109609.1	0.0988142292490118	[0.05, 0.15)	16.218333333333334	118840	142244	0.4218192527768428	0.352542110739293	0.352542110739293	89.40419628599801	0.4218192527768428	False	False	False	0.9883564799661072	0.1574074074074074	0.1252302025782689	0.22435897435897437	0.12544802867383512
test	NZ_CP189869.1	NZ_CP109609.1	0.0590551181102362	[0.05, 0.15)	16.218333333333334	110729	142244	0.1846038526492608	0.1438935912938331	0.1438935912938331	85.38341465070053	0.1846038526492608	False	False	False	0.9953043400023777	0.07801418439716312	0.06077348066298342	0.3076923076923077	0.1518987341772152
test	NZ_CP016709.2	NZ_CP016688.2	0.0857142857142857	[0.05, 0.15)	16.218333333333334	23180	33285	0.2412855910267472	0.168664563617245	0.168664563617245	92.21754830703776	0.2412855910267472	False	False	False	0.9528857190472886	0.09698996655518395	0.06079664570230608	0.23809523809523808	0.12195121951219512
test	NZ_CP120931.1	NZ_CP016717.1	0.125	[0.05, 0.15)	16.218333333333334	7078	11663	0.3301780163888104	0.2002915201920603	0.2002915201920603	79.73954728877679	0.3301780163888104	False	False	False	0.9568699427241842	0.034739454094292806	0.01904761904761905	0.09090909090909091	0.045454545454545456
test	NZ_CP079658.1	NZ_CP056698.1	0.050314465408805	[0.05, 0.15)	16.218333333333334	29628	127911	0.4165316592412583	0.096293516585751	0.096293516585751	94.62150169847948	0.4165316592412583	False	False	False	0.9794542913804869	0.14925373134328357	0.04504504504504504	0.28205128205128205	0.06666666666666667
test	NZ_CP079658.1	NZ_CP107173.1	0.141025641025641	[0.05, 0.15)	16.218333333333334	29628	149268	0.7369380315917375	0.1463877053353699	0.1463877053353699	99.5422345458705	0.7369380315917375	False	False	True	0.9750293413735572	0.6492537313432836	0.15703971119133575	0.6410256410256411	0.14705882352941177
test	NZ_CP079658.1	NZ_CP193630.1	0.0729166666666666	[0.05, 0.15)	16.218333333333334	29628	88723	0.3839273660051303	0.1282192892485601	0.1282192892485601	97.15557436347676	0.3839273660051303	False	False	False	0.9867701240318728	0.2702702702702703	0.10542168674698796	0.3333333333333333	0.10317460317460317
test	NZ_CP079658.1	NZ_CP057239.1	0.062111801242236	[0.05, 0.15)	16.218333333333334	29628	145940	0.5549480221412177	0.1110456351925448	0.1110456351925448	94.19098276071388	0.5549480221412177	False	False	True	0.9745105215360758	0.3283582089552239	0.07942238267148015	0.28205128205128205	0.060109289617486336
test	NZ_AP022125.1	NZ_CP144708.1	0.125	[0.05, 0.15)	16.218333333333334	2997	4865	0.3269936603269937	0.2008221993833504	0.2008221993833504	86.27673965691221	0.3269936603269937	False	False	False	0.9386535226264563	0.09743589743589744	0.060995184590690206	0.0	0.0
test	CP088721.1	NZ_CP133102.1	0.0753424657534246	[0.05, 0.15)	16.218333333333334	17698	134388	0.701152672618375	0.092351995713903	0.092351995713903	95.54062269002088	0.701152672618375	False	False	True	0.945100597748927	0.3492063492063492	0.04247104247104247	0.3333333333333333	0.03333333333333333
test	NZ_CP101766.1	NZ_CP133102.1	0.094017094017094	[0.05, 0.15)	16.218333333333334	127176	134388	0.2597345411083852	0.2453120814358425	0.2453120814358425	94.93735575066376	0.2597345411083852	False	False	False	0.9938626820915245	0.18779342723004694	0.15444015444015444	0.22142857142857142	0.12449799196787148
test	NZ_NBOP01000105.1	NZ_CP061953.1	0.0952380952380952	[0.05, 0.15)	16.218333333333334	44421	168138	0.746606334841629	0.1972070561086726	0.1972070561086726	95.52957932446266	0.746606334841629	False	False	True	0.9871226615144911	0.4268292682926829	0.11725293132328309	0.49056603773584906	0.1262135922330097
test	NZ_CP061953.1	NZ_CP141678.1	0.10062893081761	[0.05, 0.15)	16.218333333333334	168138	228888	0.2939430705729817	0.2155683128866519	0.2155683128866519	97.024616174479	0.2939430705729817	False	False	False	0.9947479913913421	0.21273031825795644	0.16075949367088607	0.17318435754189945	0.08683473389355742
test	NZ_CP094333.1	NZ_KX646543.1	0.0625	[0.05, 0.15)	16.218333333333334	109070	111559	0.1628862198588062	0.1590638137667064	0.1590638137667064	96.8515577669084	0.1628862198588062	False	False	False	0.984164519433871	0.12315270935960591	0.12315270935960591	0.152	0.0794979079497908
test	NZ_KX646543.1	NZ_CM017149.1	0.1477832512315271	[0.05, 0.15)	16.218333333333334	111559	153499	0.473238376105917	0.343845888246829	0.343845888246829	94.80778220122816	0.473238376105917	False	False	False	0.9837867745256049	0.23399014778325122	0.17790262172284643	0.3383458646616541	0.18072289156626506
test	NZ_KX646543.1	NZ_CP032263.1	0.1408450704225352	[0.05, 0.15)	16.218333333333334	111559	155784	0.4382255129572692	0.3135238535408001	0.3135238535408001	93.71258920340986	0.4382255129572692	False	False	False	0.9934079659070812	0.17980295566502463	0.13493530499075784	0.3233082706766917	0.1762295081967213
test	NZ_JAUAMS010000033.1	NZ_KY288024.1	0.0804597701149425	[0.05, 0.15)	16.218333333333334	13218	82841	0.9369042215161144	0.1498533334942842	0.1498533334942842	92.1515529251264	0.9369042215161144	False	False	True	0.9807789744428428	0.43010752688172044	0.060240963855421686	0.46153846153846156	0.061855670103092786
test	NZ_CP109610.1	NZ_CP079732.1	0.1	[0.05, 0.15)	16.218333333333334	3991	4510	0.5071410674016538	0.448780487804878	0.448780487804878	89.6	0.5071410674016538	False	False	True	0.9688484308475394	0.1756198347107438	0.15070921985815602	0.5	0.18181818181818182
test	NZ_PV022950.1	NZ_CP142707.1	0.0787878787878787	[0.05, 0.15)	16.218333333333334	90934	263549	0.4710119427276926	0.1624631472705265	0.1624631472705265	93.59851472435452	0.4710119427276926	False	False	False	0.9812591911290012	0.22028985507246376	0.07739307535641547	0.36	0.10198300283286119
test	NZ_CP097682.1	OW966965.1	0.0660377358490566	[0.05, 0.15)	16.218333333333334	57847	66091	0.2209967673345203	0.1932940945060598	0.1932940945060598	97.82699202626644	0.2209967673345203	False	False	False	0.9812448383960032	0.16019417475728157	0.13636363636363635	0.13043478260869565	0.06521739130434782
test	NZ_JBNGNN010000050.1	OW966965.1	0.0833333333333333	[0.05, 0.15)	16.218333333333334	4737	66091	0.4644289634789951	0.0332723063654658	0.0332723063654658	92.87989206349206	0.4644289634789951	False	False	False	0.9492662173078847	0.3404255319148936	0.03305785123966942	0.2	0.0136986301369863
test	OW966965.1	NZ_CP183354.1	0.0642201834862385	[0.05, 0.15)	16.218333333333334	66091	162681	0.347944500764098	0.1405695809590548	0.1405695809590548	98.45769549917456	0.347944500764098	False	False	False	0.9905760781169828	0.2777777777777778	0.11804384485666104	0.2318840579710145	0.07582938388625593
test	NZ_JBXUIF010000005.1	OW966965.1	0.0659340659340659	[0.05, 0.15)	16.218333333333334	63293	66091	0.0861548670469088	0.0824015372743641	0.0824015372743641	98.33446467789166	0.0861548670469088	False	False	False	0.9566077611560154	0.14671814671814673	0.07851239669421488	0.1	0.0380952380952381
test	NZ_CP199511.1	OW966965.1	0.0618556701030927	[0.05, 0.15)	16.218333333333334	44105	66091	0.1606847296224917	0.1072309391596435	0.1072309391596435	98.71791701887857	0.1606847296224917	False	False	False	0.9627039944176096	0.13387978142076504	0.1012396694214876	0.09615384615384616	0.04310344827586207
test	NZ_CP145712.1	OW966965.1	0.057471264367816	[0.05, 0.15)	16.218333333333334	33455	66091	0.3454491107457779	0.1742446021394743	0.1742446021394743	96.86677792162956	0.3454491107457779	False	False	False	0.990951789697779	0.184	0.09504132231404959	0.2894736842105263	0.11458333333333333
test	NZ_OZ066665.1	OW966965.1	0.0571428571428571	[0.05, 0.15)	16.218333333333334	39395	66091	0.1675593349409823	0.0998774417091585	0.0998774417091585	97.98845840895342	0.1675593349409823	False	False	False	0.9719419983972049	0.28448275862068967	0.06818181818181818	0.06521739130434782	0.026785714285714284
test	CP044382.1	NZ_CP141542.1	0.1259259259259259	[0.05, 0.15)	16.218333333333334	123229	202151	0.4803658229799804	0.2929641703479082	0.2929641703479082	94.67628949054252	0.4803658229799804	False	False	False	0.9963532263883137	0.24786324786324787	0.15760869565217392	0.2138728323699422	0.1111111111111111
test	CP044382.1	NZ_CP080351.1	0.1449814126394052	[0.05, 0.15)	16.218333333333334	123229	193800	0.5597870631101445	0.3560113519091847	0.3560113519091847	94.879809091961	0.5597870631101445	False	False	True	0.9968352856318032	0.2670940170940171	0.1773049645390071	0.2947976878612717	0.1650485436893204
test	CP044382.1	NZ_CP084832.1	0.0883720930232558	[0.05, 0.15)	16.218333333333334	123229	131535	0.3100568859602853	0.2909719846428707	0.2909719846428707	96.34067455852475	0.3100568859602853	False	False	False	0.9922379221266845	0.14743589743589744	0.14743589743589744	0.19548872180451127	0.09285714285714286
test	NZ_CP066954.1	CP094244.1	0.07	[0.05, 0.15)	16.218333333333334	33530	87661	0.7747986877423203	0.2958670332302848	0.2958670332302848	88.95501248515951	0.7747986877423203	False	False	True	0.9679427469768344	0.17647058823529413	0.10071942446043165	0.3684210526315789	0.1414141414141414
test	NZ_CP178636.1	NZ_AP022361.1	0.1436170212765957	[0.05, 0.15)	16.218333333333334	57425	148581	0.7263735306922072	0.2805001985449014	0.2805001985449014	94.01570288937218	0.7263735306922072	False	False	True	0.9623460664902398	0.3087557603686636	0.11733800350262696	0.5147058823529411	0.18716577540106952
test	NZ_CP178636.1	NZ_CP169909.1	0.0531914893617021	[0.05, 0.15)	16.218333333333334	57425	155489	0.2909708315193731	0.1077246621947533	0.1077246621947533	92.82232988710636	0.2909708315193731	False	False	False	0.9744168893041121	0.12903225806451613	0.05511811023622047	0.25	0.07727272727272727
test	NZ_CP178636.1	AB011549.2	0.0887096774193548	[0.05, 0.15)	16.218333333333334	57425	92721	0.3178754897692643	0.1969025355636803	0.1969025355636803	94.85809267253154	0.3178754897692643	False	False	False	0.9752066892199608	0.17249417249417248	0.1008174386920981	0.20588235294117646	0.09929078014184398
test	NZ_OZ111446.1	NZ_CP141542.1	0.0780487804878048	[0.05, 0.15)	16.218333333333334	43002	202151	0.5063020324636064	0.1077659769182442	0.1077659769182442	98.885452631096	0.5063020324636064	False	False	True	0.9921279252612628	0.5172413793103449	0.12228260869565218	0.40816326530612246	0.08849557522123894
test	NZ_OZ111446.1	NZ_CP154633.1	0.0530973451327433	[0.05, 0.15)	16.218333333333334	43002	210515	0.3241942235244872	0.0662660618008218	0.0662660618008218	98.69619843828356	0.3241942235244872	False	False	False	0.9921031525166086	0.2988505747126437	0.06933333333333333	0.24489795918367346	0.046875
test	NZ_OZ111446.1	NZ_OW848789.1	0.0769230769230769	[0.05, 0.15)	16.218333333333334	43002	92189	0.3581461327380122	0.167232533165562	0.167232533165562	98.2445872254972	0.3581461327380122	False	False	False	0.9910426091973792	0.29721362229102166	0.14055636896046853	0.24489795918367346	0.0916030534351145
test	NZ_JBUZKD010000003.1	NZ_CP026579.1	0.08	[0.05, 0.15)	16.218333333333334	55772	100229	0.367012120777451	0.2046812798690997	0.2046812798690997	95.88011960116732	0.367012120777451	False	False	False	0.9915321060614127	0.22505800464037123	0.12813738441215325	0.3225806451612903	0.12738853503184713
test	NZ_JBUZKD010000003.1	CP057191.1	0.0845070422535211	[0.05, 0.15)	16.218333333333334	55772	102988	0.3081653876497167	0.1666990328970365	0.1666990328970365	94.44699611233608	0.3081653876497167	False	False	False	0.9927787908743797	0.10900473933649289	0.06388888888888888	0.27419354838709675	0.11333333333333333
test	NZ_CP046636.1	NZ_JCCJZF010000002.1	0.0704225352112676	[0.05, 0.15)	16.218333333333334	47797	56907	0.2429441178316631	0.2041049431528634	0.2041049431528634	96.43465392215828	0.2429441178316631	False	False	False	0.9825669991658398	0.17796610169491525	0.14157303370786517	0.2222222222222222	0.12244897959183673
test	NZ_RRDY01000195.1	CP088684.1	0.0581395348837209	[0.05, 0.15)	16.218333333333334	78952	113463	0.0921319282602087	0.0641178181433595	0.0641178181433595	98.03723853966513	0.0921319282602087	False	False	False	0.9788070704799773	0.07291666666666667	0.05511811023622047	0.047058823529411764	0.020942408376963352
test	NZ_MH422552.1	CP088684.1	0.059880239520958	[0.05, 0.15)	16.218333333333334	88222	113463	0.2016390469497404	0.156817640993099	0.156817640993099	96.61220017948284	0.1330232925801011	True	False	False	0.9909974233610589	0.13445378151260504	0.12598425196850394	0.1724137931034483	0.08241758241758242
test	NZ_AP018457.1	NC_013122.1	0.1340782122905028	[0.05, 0.15)	16.218333333333334	86535	117536	0.4364707921650199	0.3210505717397223	0.3210505717397223	97.2239345688151	0.4364707921650199	False	False	False	0.9727804419899811	0.33048433048433046	0.25217391304347825	0.4111111111111111	0.20441988950276244
test	NZ_CP096939.1	NC_013122.1	0.0551724137931034	[0.05, 0.15)	16.218333333333334	33003	117536	0.2127382359179468	0.059717873672747	0.059717873672747	99.18880207740467	0.2127382359179468	False	False	False	0.9509304399736362	0.1623931623931624	0.041304347826086954	0.09523809523809523	0.024096385542168676
test	NZ_CP085077.1	NC_013122.1	0.0709677419354838	[0.05, 0.15)	16.218333333333334	56811	117536	0.3266620900881871	0.157841001905799	0.157841001905799	95.37967485091066	0.3266620900881871	False	False	False	0.9895956506396867	0.19230769230769232	0.08695652173913043	0.28125	0.10344827586206896
test	NZ_CP100792.1	NC_013122.1	0.1301369863013698	[0.05, 0.15)	16.218333333333334	79245	117536	0.2668559530569752	0.1798768037026953	0.1798768037026953	99.81084468497424	0.2668559530569752	False	False	False	0.9824920163058973	0.31950207468879666	0.1673913043478261	0.19444444444444445	0.07526881720430108
test	NZ_CP068594.1	NC_013122.1	0.096590909090909	[0.05, 0.15)	16.218333333333334	82214	117536	0.3845573746563845	0.2692451674380615	0.2692451674380615	96.15060925628173	0.3845573746563845	False	False	False	0.9873378772069881	0.22340425531914893	0.13695652173913042	0.30303030303030304	0.15228426395939088
test	CP101962.1	NC_013122.1	0.0994152046783625	[0.05, 0.15)	16.218333333333334	82673	117536	0.3650647732633387	0.2576317043288865	0.2576317043288865	95.64669760047204	0.3650647732633387	False	False	False	0.9789634288650405	0.20512820512820512	0.1391304347826087	0.3118279569892473	0.15104166666666666
test	NC_013122.1	NZ_AP039440.1	0.0855855855855855	[0.05, 0.15)	16.218333333333334	117536	123644	0.2028825210999183	0.1927064798938889	0.1927064798938889	95.73309763647772	0.2028825210999183	False	False	False	0.9895474763434076	0.14130434782608695	0.14130434782608695	0.1640625	0.08860759493670886
test	CP122777.1	NC_013122.1	0.1382978723404255	[0.05, 0.15)	16.218333333333334	116463	117536	0.2604432308973665	0.2579124693710863	0.2579124693710863	96.27480643675136	0.2604432308973665	False	False	False	0.983477531221992	0.15201900237529692	0.1391304347826087	0.2601626016260163	0.1461187214611872
test	NZ_RRDR01000228.1	NC_013122.1	0.0521739130434782	[0.05, 0.15)	16.218333333333334	7146	117536	0.9890848026868178	0.0600411788728559	0.0600411788728559	99.6468523802797	0.9890848026868178	False	False	True	0.9541636686903852	1.0	0.07608695652173914	0.8888888888888888	0.06201550387596899
test	NZ_JAUAMS010000033.1	MN868654.1	0.0595238095238095	[0.05, 0.15)	16.218333333333334	13218	93231	0.9027840823119988	0.1294633759157361	0.1294633759157361	93.06877022332505	0.9027840823119988	False	False	True	0.9699367355456127	0.3655913978494624	0.04696132596685083	0.07692307692307693	0.006289308176100629
test	MN868654.1	NZ_CP146851.1	0.0793650793650793	[0.05, 0.15)	16.218333333333334	93231	138872	0.3939676716971823	0.2623350999481537	0.2623350999481537	97.84204331992608	0.3939676716971823	False	False	False	0.9833286475506319	0.30494505494505497	0.24721603563474387	0.047619047619047616	0.02413793103448276
test	MN868654.1	NZ_JBSTQQ010000002.1	0.116751269035533	[0.05, 0.15)	16.218333333333334	93231	156753	0.5754094668082504	0.3393364082346111	0.3393364082346111	95.12986167125533	0.5754094668082504	False	False	True	0.9753300013431955	0.2967032967032967	0.18717504332755633	0.034013605442176874	0.016233766233766232
test	MN868654.1	NC_017659.1	0.0887850467289719	[0.05, 0.15)	16.218333333333334	93231	147060	0.4212976370520535	0.2649598803209574	0.2649598803209574	94.0393482034105	0.4212976370520535	False	False	False	0.977658339190621	0.21153846153846154	0.14392523364485982	0.035211267605633804	0.017605633802816902
test	MN868654.1	NZ_CP043297.1	0.1210191082802547	[0.05, 0.15)	16.218333333333334	93231	110724	0.5257585996074268	0.4388931035728478	0.4388931035728478	93.5728415368344	0.5257585996074268	False	False	True	0.9736243403702738	0.22527472527472528	0.21079691516709512	0.06451612903225806	0.030418250950570342
test	MN868654.1	NZ_JBRAXZ010000003.1	0.1264367816091954	[0.05, 0.15)	16.218333333333334	93231	118098	0.5690918256802995	0.4459177970837779	0.4459177970837779	93.75492078482914	0.5690918256802995	False	False	True	0.9906395356523557	0.2664835164835165	0.21318681318681318	0.03731343283582089	0.018115942028985508
test	NZ_CP116080.1	NZ_CP151622.1	0.0666666666666666	[0.05, 0.15)	16.218333333333334	7939	9609	0.1351555611537977	0.1128109064418774	0.1128109064418774	86.172	0.1351555611537977	False	False	False	0.9568340095501182	0.028169014084507043	0.02385008517887564	0.0	0.0
test	NZ_CP116080.1	NZ_CP148344.1	0.0952380952380952	[0.05, 0.15)	16.218333333333334	7939	10681	0.4423730948482177	0.3321786349592734	0.3321786349592734	94.19907969586032	0.4423730948482177	False	False	False	0.9287300584311919	0.17706237424547283	0.1426256077795786	0.375	0.2
test	NZ_OZ547465.1	NC_032101.1	0.0769230769230769	[0.05, 0.15)	16.218333333333334	46449	58120	0.1160197205537255	0.0927735719201651	0.0927735719201651	97.53300797477746	0.1160197205537255	False	False	False	0.9769795625062984	0.08908045977011494	0.07692307692307693	0.08695652173913043	0.03389830508474576
test	NZ_OZ547465.1	NZ_CP125122.1	0.0507462686567164	[0.05, 0.15)	16.218333333333334	46449	333411	0.4528622790587526	0.0631052964659234	0.0631052964659234	97.6673190326872	0.4528622790587526	False	False	False	0.994037622201267	0.41040462427745666	0.05824446267432322	0.43478260869565216	0.04950495049504951
test	NZ_CP096939.1	NZ_OZ547465.1	0.1159420289855072	[0.05, 0.15)	16.218333333333334	33003	46449	0.242917310547526	0.1724687291437921	0.1724687291437921	99.20204351620949	0.242917310547526	False	False	False	0.9165834172130432	0.2052313883299799	0.14468085106382977	0.07142857142857142	0.03529411764705882
test	NZ_OZ547465.1	NZ_CP061958.1	0.1094890510948905	[0.05, 0.15)	16.218333333333334	46449	109135	0.4082972722771211	0.175159206487378	0.175159206487378	96.94911616161616	0.4082972722771211	False	False	False	0.9892979582330558	0.32947976878612717	0.14766839378238342	0.30434782608695654	0.09271523178807947
test	NZ_OZ547465.1	OW849481.1	0.1008403361344537	[0.05, 0.15)	16.218333333333334	46449	105977	0.3211263966931473	0.1404078243392434	0.1404078243392434	96.93567046421788	0.3211263966931473	False	False	False	0.988861352744612	0.30057803468208094	0.14246575342465753	0.2826086956521739	0.087248322147651
test	NZ_JAHLXU010000021.1	CP080739.1	0.0536585365853658	[0.05, 0.15)	16.218333333333334	31273	206152	0.5422888753877146	0.0823955139896775	0.0823955139896775	97.00253699676756	0.5422888753877146	True	False	True	0.9898071309332629	0.3865546218487395	0.06084656084656084	0.3333333333333333	0.039301310043668124
test	NZ_JAHLXU010000021.1	NZ_CP056884.1	0.0536585365853658	[0.05, 0.15)	16.218333333333334	31273	198658	0.531864547692898	0.0839835294828297	0.0839835294828297	97.27408704768752	0.531864547692898	False	False	True	0.990580503759487	0.4117647058823529	0.06533333333333333	0.2962962962962963	0.03463203463203463
test	NZ_JAGJVE010000029.1	NZ_JAHLXU010000021.1	0.1034482758620689	[0.05, 0.15)	16.218333333333334	17971	31273	0.5291859106337989	0.3032008441786845	0.3032008441786845	96.73278495640298	0.5291859106337989	False	False	True	0.9750710070247045	0.3018867924528302	0.17699115044247787	0.4666666666666667	0.2
test	NZ_CP043351.1	NZ_CP086468.1	0.1223776223776223	[0.05, 0.15)	16.218333333333334	106448	247089	0.5428190290094694	0.2337943008389689	0.2337943008389689	95.8947404245022	0.5428190290094694	False	False	True	0.9960003097191098	0.3776041666666667	0.16201117318435754	0.45454545454545453	0.1986754966887417
test	NZ_CP043351.1	NZ_CP054974.1	0.08	[0.05, 0.15)	16.218333333333334	106448	120564	0.3488369908312039	0.3076872034769914	0.3076872034769914	93.22708523780112	0.3488369908312039	False	False	False	0.9890494336250707	0.16666666666666666	0.13141683778234087	0.2595419847328244	0.14847161572052403
test	NZ_CP068594.1	NZ_CP043351.1	0.0658682634730539	[0.05, 0.15)	16.218333333333334	82214	106448	0.2036027927117036	0.157353825341951	0.157353825341951	95.94749482266128	0.2036027927117036	False	False	False	0.9775210159207365	0.1773049645390071	0.13020833333333334	0.2222222222222222	0.10526315789473684
test	NZ_CP043351.1	OW849024.1	0.1240875912408759	[0.05, 0.15)	16.218333333333334	106448	242397	0.5373233879452879	0.2359063849800121	0.2359063849800121	96.24739169533252	0.5373233879452879	False	False	True	0.9959253961223479	0.3984375	0.1756601607347876	0.4621212121212121	0.20469798657718122
test	NZ_CP086419.1	NZ_CP043351.1	0.0608108108108108	[0.05, 0.15)	16.218333333333334	70475	106448	0.2256686768357573	0.1492747632646926	0.1492747632646926	98.55425132009051	0.2256686768357573	False	False	False	0.9907659321247609	0.23076923076923078	0.1484375	0.20987654320987653	0.08673469387755102
test	NZ_CP021346.1	NZ_MH341575.1	0.08	[0.05, 0.15)	16.218333333333334	3824	46293	0.0700836820083682	0.005832415267967	0.005832415267967	98.88870370370373	0.0700836820083682	False	False	False	0.8683465860834408	0.046153846153846156	0.00436046511627907	0.0	0.0
test	NZ_RRSI01000295.1	CP043256.1	0.0526315789473684	[0.05, 0.15)	16.218333333333334	3313	97372	1.0	0.034024154787824	0.034024154787824	98.249	1.0	False	False	True	0.9641447367197141	0.8260869565217391	0.025780189959294438	0.5	0.027777777777777776
test	NZ_MN586817.1	NZ_CP101766.1	0.1361256544502617	[0.05, 0.15)	16.218333333333334	91326	127176	0.3329829402360773	0.2389916336415675	0.2389916336415675	98.26865426056108	0.3329829402360773	False	False	False	0.9855997495932145	0.23738872403560832	0.18779342723004694	0.35294117647058826	0.1935483870967742
test	NZ_MN586817.1	CP067475.1	0.1377952755905512	[0.05, 0.15)	16.218333333333334	91326	216181	0.5136653307929834	0.2171744972962471	0.2171744972962471	97.31612700708196	0.5136653307929834	False	False	True	0.9923246489899579	0.39465875370919884	0.16729559748427672	0.4369747899159664	0.19047619047619047
test	AP026491.1	NZ_JCAWDY010000002.1	0.1188118811881188	[0.05, 0.15)	16.218333333333334	48260	61509	0.1757770410277662	0.1375896210310686	0.1375896210310686	97.94019420903956	0.1757770410277662	False	False	False	0.9898333931391297	0.1558073654390935	0.12672811059907835	0.14516129032258066	0.07377049180327869
test	AP026491.1	CP014297.1	0.0510948905109489	[0.05, 0.15)	16.218333333333334	48260	90274	0.0999585578118524	0.0534373130691007	0.0534373130691007	99.95853897180764	0.0999585578118524	False	False	False	0.9791243932729966	0.10198300283286119	0.05581395348837209	0.08064516129032258	0.034722222222222224
test	CP067548.1	NC_032101.1	0.057471264367816	[0.05, 0.15)	16.218333333333334	36101	58120	0.1527104512340378	0.0948554714384033	0.0948554714384033	99.89133538908035	0.1527104512340378	False	False	False	0.9821304649156353	0.15234375	0.0967741935483871	0.17647058823529413	0.057692307692307696
test	NZ_NPJW01000083.1	CP067548.1	0.0606060606060606	[0.05, 0.15)	16.218333333333334	1339	36101	1.0	0.0370903853078862	0.0370903853078862	99.701	1.0	False	False	True	0.9107792734843475	1.0	0.03860294117647059	1.0	0.029411764705882353
test	CP067548.1	CP067898.1	0.0704225352112676	[0.05, 0.15)	16.218333333333334	36101	48619	0.2266973214038392	0.168246981632695	0.168246981632695	98.97422721720008	0.2266973214038392	False	False	False	0.9917106692617663	0.23345588235294118	0.17614424410540916	0.29411764705882354	0.12048192771084337
test	CP067548.1	NZ_CP185196.1	0.0555555555555555	[0.05, 0.15)	16.218333333333334	36101	61059	0.1421013268330517	0.0840170982164791	0.0840170982164791	94.88745178849145	0.1421013268330517	False	False	False	0.9834157515686262	0.08984375	0.054245283018867926	0.058823529411764705	0.0196078431372549
test	NZ_CP102507.1	CP067548.1	0.1351351351351351	[0.05, 0.15)	16.218333333333334	6338	36101	0.5782581255916693	0.101520733497687	0.101520733497687	99.836	0.5782581255916693	False	False	True	0.9731413778096277	0.5057471264367817	0.08088235294117647	0.4	0.05405405405405406
test	NZ_CP104360.1	NZ_OV049812.1	0.125	[0.05, 0.15)	16.218333333333334	4633	5590	0.4308223613209583	0.3572450805008944	0.3572450805008944	89.67553366583542	0.4308223613209583	False	False	False	0.9559191396094342	0.09342560553633218	0.07407407407407407	0.3333333333333333	0.18181818181818182
test	NZ_RRGO01000098.1	NZ_OV049812.1	0.0833333333333333	[0.05, 0.15)	16.218333333333334	5534	5590	0.1714853632092519	0.171556350626118	0.1714853632092519	88.613	0.1714853632092519	False	False	False	0.9310607646455434	0.06184012066365008	0.056241426611796985	0.0	0.0
test	NZ_OV049812.1	NZ_CP116926.1	0.0588235294117647	[0.05, 0.15)	16.218333333333334	5590	11848	0.1023255813953488	0.0483625928426738	0.0483625928426738	93.934	0.1023255813953488	False	False	False	0.9321430526101723	0.036414565826330535	0.016971279373368148	0.0	0.0
test	NZ_AP026795.1	NZ_CP086468.1	0.0602739726027397	[0.05, 0.15)	16.218333333333334	165477	247089	0.2439734827196528	0.1635078858225173	0.1635078858225173	92.7655489906086	0.2439734827196528	False	False	False	0.996912363713058	0.16826923076923078	0.11731843575418995	0.19047619047619047	0.08743169398907104
test	NZ_CP086468.1	NZ_JBWVJQ010000002.1	0.1175213675213675	[0.05, 0.15)	16.218333333333334	247089	325551	0.3789039576832639	0.2879886715138334	0.2879886715138334	95.85260182671736	0.3789039576832639	False	False	False	0.9968105159019508	0.2636871508379888	0.20977777777777779	0.3347826086956522	0.16702819956616052
test	NZ_MH917123.1	NZ_CP086468.1	0.0597014925373134	[0.05, 0.15)	16.218333333333334	65604	247089	0.276583744893604	0.0734634079218419	0.0734634079218419	99.87330405814656	0.276583744893604	False	False	False	0.9914677336435412	0.25206611570247933	0.06815642458100558	0.20253164556962025	0.05460750853242321
test	NZ_CP073000.1	NZ_CP102691.1	0.05	[0.05, 0.15)	16.218333333333334	6796	9294	0.0784284873454973	0.0587475790832795	0.0587475790832795	85.045	0.0784284873454973	False	False	False	0.9505764923841249	0.0091324200913242	0.006269592476489028	0.0	0.0
test	NZ_MG299151.1	NZ_CP097713.1	0.0779816513761468	[0.05, 0.15)	16.218333333333334	109845	122563	0.2697164185898311	0.24143501709325	0.24143501709325	94.74665973833784	0.2697164185898311	False	False	False	0.981841323299528	0.18048780487804877	0.16335540838852097	0.4065040650406504	0.2403846153846154
test	NZ_CP031907.1	NZ_CP097713.1	0.0765550239234449	[0.05, 0.15)	16.218333333333334	121036	122563	0.1924303513004395	0.1896004503806205	0.1896004503806205	95.4740409376738	0.1924303513004395	False	False	False	0.9698315157175378	0.09813084112149532	0.09271523178807947	0.24786324786324787	0.13004484304932734
test	NZ_CP026579.1	NZ_CP097713.1	0.0688073394495412	[0.05, 0.15)	16.218333333333334	100229	122563	0.2383441918007762	0.1948385728156132	0.1948385728156132	94.32614318494724	0.2383441918007762	False	False	False	0.9896384919517752	0.15949367088607594	0.1390728476821192	0.20869565217391303	0.10619469026548672
test	NZ_CP186433.1	NZ_CP101534.1	0.0760869565217391	[0.05, 0.15)	16.218333333333334	76975	141697	0.2954335823319259	0.1605326859425393	0.1605326859425393	95.0320145398638	0.2954335823319259	False	False	False	0.9916259049203903	0.1419141914191419	0.09227467811158799	0.28888888888888886	0.11711711711711711
test	NZ_CP040265.1	NZ_CP101534.1	0.1265060240963855	[0.05, 0.15)	16.218333333333334	73952	141697	0.5110477066205106	0.2672463072612687	0.2672463072612687	94.01491189404112	0.5110477066205106	False	False	True	0.9844748077835677	0.27309236947791166	0.1459227467811159	0.4772727272727273	0.20588235294117646
test	NZ_CP089446.1	NZ_CP101534.1	0.1232876712328767	[0.05, 0.15)	16.218333333333334	129071	141697	0.3475064112000371	0.3169791879856313	0.3169791879856313	95.52787655034452	0.3475064112000371	False	False	False	0.9868112257349116	0.18426103646833014	0.18426103646833014	0.31690140845070425	0.17647058823529413
test	CP067909.1	NZ_CP101534.1	0.0909090909090909	[0.05, 0.15)	16.218333333333334	130935	141697	0.2723717875281628	0.2516284748442098	0.2516284748442098	96.31203956985637	0.2723717875281628	False	False	False	0.9906849740762087	0.1746031746031746	0.16523605150214593	0.23134328358208955	0.11877394636015326
test	NZ_CP101534.1	NC_017659.1	0.0526315789473684	[0.05, 0.15)	16.218333333333334	141697	147060	0.1852262221500808	0.1783353733170134	0.1783353733170134	93.31771918900444	0.1852262221500808	False	False	False	0.9876161660686988	0.10300429184549356	0.08971962616822429	0.176056338028169	0.09090909090909091
test	NZ_CP122774.1	CP057828.1	0.0909090909090909	[0.05, 0.15)	16.218333333333334	5732	7205	0.5343684577808793	0.431089521165857	0.431089521165857	93.65	0.5343684577808793	False	False	True	0.9727132166325076	0.30177514792899407	0.2383177570093458	0.42857142857142855	0.23076923076923078
test	NZ_CP115709.1	OW967602.1	0.0878378378378378	[0.05, 0.15)	16.218333333333334	119165	205284	0.3640414551252465	0.2112147074297071	0.2112147074297071	95.88474504882092	0.3640414551252465	False	False	False	0.9938500480062815	0.2175925925925926	0.12433862433862433	0.2953020134228188	0.14102564102564102
test	NZ_CP153671.1	OW967602.1	0.1047619047619047	[0.05, 0.15)	16.218333333333334	151580	205284	0.2998482649426046	0.2216392899592759	0.2216392899592759	96.58124509782394	0.2998482649426046	False	False	False	0.9843139877268287	0.2172211350293542	0.14682539682539683	0.2037037037037037	0.09821428571428571
test	NZ_CP195975.1	OW967602.1	0.0564516129032258	[0.05, 0.15)	16.218333333333334	62763	205284	0.5552793843506525	0.1698281405272695	0.1698281405272695	96.14500604792478	0.5552793843506525	False	False	True	0.9939297824623419	0.35064935064935066	0.10714285714285714	0.38461538461538464	0.10121457489878542
test	NZ_CP097682.1	NZ_CP074455.1	0.0972972972972973	[0.05, 0.15)	16.218333333333334	57847	159477	0.4465054367555793	0.1620547163540824	0.1620547163540824	97.9551741012756	0.4465054367555793	False	False	False	0.9858282554968092	0.3160621761658031	0.10463121783876501	0.41025641025641024	0.14883720930232558
test	NZ_CP097682.1	NZ_JBXUIF010000005.1	0.1428571428571428	[0.05, 0.15)	16.218333333333334	57847	63293	0.122149808978858	0.1116395177981767	0.1116395177981767	99.8867195018398	0.122149808978858	False	False	False	0.9555528347029963	0.13349514563106796	0.13349514563106796	0.2	0.07272727272727272
test	NZ_JCAWDY010000002.1	CP122780.1	0.0606060606060606	[0.05, 0.15)	16.218333333333334	61509	120042	0.1922482888682957	0.0985488412388997	0.0985488412388997	96.93865339854948	0.1922482888682957	False	False	False	0.9883015931866933	0.17410714285714285	0.08590308370044053	0.11594202898550725	0.039603960396039604
test	NZ_CP024276.1	CP122780.1	0.0536912751677852	[0.05, 0.15)	16.218333333333334	38177	120042	0.2484480184404222	0.079147298445544	0.079147298445544	93.47338426023084	0.2484480184404222	False	False	False	0.9794114480459984	0.1103448275862069	0.03524229074889868	0.17777777777777778	0.0449438202247191
test	NZ_CP063478.1	NZ_MT773671.1	0.0571428571428571	[0.05, 0.15)	16.218333333333334	47841	65579	0.054472105516189	0.0397383308681132	0.0397383308681132	99.847	0.054472105516189	False	False	False	0.9641596032782406	0.06060606060606061	0.04536082474226804	0.031746031746031744	0.014084507042253521
test	NZ_JARWCH010000047.1	NZ_CP131687.1	0.1025641025641025	[0.05, 0.15)	16.218333333333334	11679	82641	0.8813254559465707	0.1244418629977856	0.1244418629977856	96.78763499611804	0.8813254559465707	False	False	True	0.9755432340138259	0.64	0.10526315789473684	0.5294117647058824	0.09782608695652174
test	CP088797.1	NZ_CP131687.1	0.0746268656716417	[0.05, 0.15)	16.218333333333334	79036	82641	0.2207475074649526	0.2113357776406384	0.2113357776406384	97.51215722047468	0.2207475074649526	False	False	False	0.9723966701111401	0.16557377049180327	0.16557377049180327	0.16666666666666666	0.0875
test	NZ_CP131687.1	NZ_CP097707.1	0.0669856459330143	[0.05, 0.15)	16.218333333333334	82641	159393	0.3707723769073462	0.1920786985626721	0.1920786985626721	96.21392492844132	0.3707723769073462	False	False	False	0.9905064695659089	0.19365079365079366	0.11070780399274047	0.21428571428571427	0.0743801652892562
test	NZ_CP135149.1	NZ_CP131687.1	0.0526315789473684	[0.05, 0.15)	16.218333333333334	58662	82641	0.1279192663052742	0.0905240740068489	0.0905240740068489	97.23526342371078	0.1279192663052742	False	False	False	0.9821678519588672	0.10828025477707007	0.08388157894736842	0.05555555555555555	0.02631578947368421
test	NZ_CP131687.1	NZ_CP031907.1	0.062111801242236	[0.05, 0.15)	16.218333333333334	82641	121036	0.2983022954707711	0.2030139793119402	0.2030139793119402	92.43043602911445	0.2983022954707711	False	False	False	0.9842293044378668	0.09523809523809523	0.07009345794392523	0.20238095238095238	0.09239130434782608
test	NZ_CP131687.1	NZ_CP141238.1	0.0531914893617021	[0.05, 0.15)	16.218333333333334	82641	132580	0.237920644716303	0.1479559511238497	0.1479559511238497	92.91121114547944	0.237920644716303	False	False	False	0.989445772992216	0.12063492063492064	0.07076350093109869	0.2261904761904762	0.08755760368663594
test	NZ_CP131687.1	NZ_MG591701.1	0.1353383458646616	[0.05, 0.15)	16.218333333333334	82641	91597	0.3976839583257705	0.3583850999486883	0.3583850999486883	96.3354415615907	0.3976839583257705	False	False	False	0.9914764392913132	0.2532894736842105	0.22950819672131148	0.25	0.1242603550295858
test	NZ_CP082766.1	NZ_CP182818.1	0.0788804071246819	[0.05, 0.15)	16.218333333333334	199279	278962	0.297989251250759	0.2131150479276747	0.2131150479276747	96.26890510029232	0.297989251250759	False	False	False	0.9870335925598196	0.168	0.12352941176470589	0.22439024390243903	0.10430839002267574
test	NZ_RRSI01000318.1	NZ_MG299151.1	0.0538461538461538	[0.05, 0.15)	16.218333333333334	19995	109845	0.535233808452113	0.0975465428558423	0.0975465428558423	91.63641334077587	0.535233808452113	False	False	True	0.9664414010254638	0.1827956989247312	0.041463414634146344	0.47368421052631576	0.06766917293233082
test	NZ_MG299151.1	NZ_CP089446.1	0.0794392523364486	[0.05, 0.15)	16.218333333333334	109845	129071	0.2618234785379398	0.2229315647976695	0.2229315647976695	96.56445811354804	0.2618234785379398	False	False	False	0.9848946317785596	0.22926829268292684	0.18042226487523993	0.22764227642276422	0.11814345991561181
test	NZ_CP193630.1	NZ_MG299151.1	0.0584795321637426	[0.05, 0.15)	16.218333333333334	88723	109845	0.2373567169730509	0.1912331011880376	0.1912331011880376	94.8793355281857	0.2373567169730509	False	False	False	0.9874576645360493	0.19938650306748465	0.15853658536585366	0.21	0.10396039603960396
test	CP122738.1	CP043740.1	0.0756756756756756	[0.05, 0.15)	16.218333333333334	93581	113189	0.1737425332065269	0.1437418830451722	0.1437418830451722	95.0765313401682	0.1737425332065269	False	False	False	0.9854052113787792	0.10465116279069768	0.08275862068965517	0.17142857142857143	0.08653846153846154
test	CP043740.1	NZ_CP031907.1	0.0653266331658291	[0.05, 0.15)	16.218333333333334	113189	121036	0.1773670586364399	0.1657688621567137	0.1657688621567137	94.51530751651846	0.1773670586364399	False	False	False	0.9926509770486897	0.05747126436781609	0.05747126436781609	0.11965811965811966	0.0625
test	NZ_AP045063.1	CP043740.1	0.0707070707070707	[0.05, 0.15)	16.218333333333334	93025	113189	0.1644181671593657	0.135313502195443	0.135313502195443	96.00398011734026	0.1644181671593657	False	False	False	0.9900777694678895	0.09696969696969697	0.0735632183908046	0.1619047619047619	0.08133971291866028
test	CP043740.1	NZ_JBXULQ010000004.1	0.1095238095238095	[0.05, 0.15)	16.218333333333334	113189	116759	0.2090044085556017	0.2024512029051293	0.2024512029051293	96.0380906751055	0.2090044085556017	False	False	False	0.99093554223025	0.14942528735632185	0.14412416851441243	0.19834710743801653	0.10666666666666667
test	NZ_OY757950.1	NZ_CP024192.1	0.0630914826498422	[0.05, 0.15)	16.218333333333334	150582	221606	0.1610750288879149	0.109392344972609	0.109392344972609	96.14219185639593	0.1610750288879149	False	False	False	0.9589015829692705	0.13786764705882354	0.09014423076923077	0.1456953642384106	0.05774278215223097
test	NZ_CP135149.1	NZ_CP024192.1	0.0528455284552845	[0.05, 0.15)	16.218333333333334	58662	221606	0.2480992806245951	0.0657021921789121	0.0657021921789121	99.47809723939018	0.2480992806245951	False	False	False	0.9822615526015329	0.24892703862660945	0.06971153846153846	0.2638888888888889	0.06229508196721312
test	NZ_JBFMZG010000029.1	CP150837.1	0.1363636363636363	[0.05, 0.15)	16.218333333333334	5398	27053	0.5602074842534271	0.1113370051380623	0.1113370051380623	99.471	0.5602074842534271	False	False	True	0.9201986040837836	0.5066666666666667	0.09595959595959595	0.3333333333333333	0.05
test	CP150837.1	NC_013348.1	0.1290322580645161	[0.05, 0.15)	16.218333333333334	27053	45052	0.5180201826045171	0.313770753795614	0.313770753795614	95.59593383130152	0.5180201826045171	False	False	True	0.9954969449928445	0.3207070707070707	0.20650406504065041	0.2777777777777778	0.12345679012345678
test	NZ_MF042352.1	NZ_CP154633.1	0.0784982935153583	[0.05, 0.15)	16.218333333333334	119047	210515	0.2426940620091224	0.1371351210127544	0.1371351210127544	96.58533902464316	0.2426940620091224	False	False	False	0.992461612153546	0.20137299771167047	0.11733333333333333	0.23703703703703705	0.09937888198757763
test	NZ_CP130211.1	NZ_MF042352.1	0.1220930232558139	[0.05, 0.15)	16.218333333333334	83295	119047	0.2765952338075514	0.1936966072223575	0.1936966072223575	97.86437507040424	0.2765952338075514	False	False	False	0.9898861047625567	0.23225806451612904	0.16475972540045766	0.23076923076923078	0.11162790697674418
test	NZ_CP135207.1	NZ_CP044159.1	0.0588235294117647	[0.05, 0.15)	16.218333333333334	43860	59694	0.171796625626995	0.1264281167286494	0.1264281167286494	92.1545348101266	0.171796625626995	False	False	False	0.988445703578918	0.10826210826210826	0.09090909090909091	0.4098360655737705	0.22321428571428573
test	NZ_CP044159.1	NZ_CP047280.1	0.0559440559440559	[0.05, 0.15)	16.218333333333334	59694	262422	0.1947599423727677	0.0443293626296575	0.0443293626296575	99.3985863847344	0.1947599423727677	False	False	False	0.9854032111170707	0.1956521739130435	0.04610655737704918	0.17105263157894737	0.03812316715542522
test	NZ_CP044159.1	NZ_CP024550.1	0.0538116591928251	[0.05, 0.15)	16.218333333333334	59694	187611	0.1602506114517372	0.0509565004184189	0.0509565004184189	97.48200052241144	0.1602506114517372	False	False	False	0.9737279340685145	0.2	0.0625	0.13157894736842105	0.033783783783783786
test	NZ_CP044159.1	NZ_MT560079.1	0.0803571428571428	[0.05, 0.15)	16.218333333333334	59694	68684	0.1088886655275237	0.0946363053986372	0.0946363053986372	99.98465615384616	0.1088886655275237	False	False	False	0.9857024529500389	0.10287081339712918	0.09307359307359307	0.05555555555555555	0.027777777777777776
test	NZ_JBRXNM010000013.1	NZ_CP044159.1	0.1176470588235294	[0.05, 0.15)	16.218333333333334	6948	59694	0.8336211859527922	0.097028177036218	0.097028177036218	99.98278055939228	0.8336211859527922	False	False	True	0.9734841215125937	0.8085106382978723	0.09090909090909091	0.7142857142857143	0.0641025641025641
test	NZ_CP189450.1	NZ_CP178695.1	0.1228813559322034	[0.05, 0.15)	16.218333333333334	125383	153819	0.3507493041321391	0.2857384328333951	0.2857384328333951	97.55441315108304	0.3507493041321391	False	False	False	0.9939450119327401	0.28634361233480177	0.22887323943661972	0.2706766917293233	0.1469387755102041
test	NZ_CP089446.1	NZ_CP178695.1	0.1271186440677966	[0.05, 0.15)	16.218333333333334	129071	153819	0.4574923879105299	0.3838147433021928	0.3838147433021928	95.27774183690694	0.4574923879105299	False	False	False	0.9875905724452821	0.23416506717850288	0.2147887323943662	0.31690140845070425	0.1836734693877551
test	NZ_CP148451.1	NZ_CP151316.1	0.0909090909090909	[0.05, 0.15)	16.218333333333334	2835	8378	0.5654320987654321	0.1888278825495345	0.1888278825495345	95.3952937149969	0.5654320987654321	False	False	True	0.8931167106983097	0.3967391304347826	0.1374764595103578	0.3333333333333333	0.07692307692307693
test	NZ_CP101557.1	NZ_CP138438.1	0.0642857142857142	[0.05, 0.15)	16.218333333333334	46288	97656	0.2116963359834082	0.1003317768493487	0.1003317768493487	95.23570721775424	0.2116963359834082	False	False	False	0.9796714545762284	0.17079889807162535	0.08389715832205684	0.17307692307692307	0.059602649006622516
test	NZ_CP101557.1	NZ_OP242238.1	0.0814814814814814	[0.05, 0.15)	16.218333333333334	46288	111500	0.3367395437262357	0.1397757847533632	0.1397757847533632	98.26843465435424	0.3367395437262357	False	False	False	0.9785126949948764	0.328042328042328	0.15121951219512195	0.3076923076923077	0.10884353741496598
test	NZ_CP101557.1	NZ_AP039440.1	0.0745341614906832	[0.05, 0.15)	16.218333333333334	46288	123644	0.3759073625993778	0.1406942512374235	0.1406942512374235	99.2988371357968	0.3759073625993778	False	False	False	0.9724141530128588	0.328042328042328	0.13963963963963963	0.3076923076923077	0.0963855421686747
test	NZ_CP054742.1	NZ_CP101557.1	0.0689655172413793	[0.05, 0.15)	16.218333333333334	11970	46288	0.1620718462823726	0.0418899066712754	0.0418899066712754	99.382	0.1620718462823726	False	False	False	0.9569211035137403	0.11891891891891893	0.030985915492957747	0.0	0.0
test	NZ_CP018476.1	CP094244.1	0.0687022900763358	[0.05, 0.15)	16.218333333333334	69764	87661	0.1213233186170517	0.0970442956388816	0.0970442956388816	94.44254463554464	0.1213233186170517	False	False	False	0.9852994350944315	0.06786427145708583	0.06786427145708583	0.0821917808219178	0.04225352112676056
test	NZ_PP129611.1	NZ_AP022479.1	0.0983606557377049	[0.05, 0.15)	16.218333333333334	63468	91989	0.3373511060692002	0.2328321864570764	0.2328321864570764	98.43815787755864	0.3373511060692002	False	False	False	0.990372325677108	0.2883817427385892	0.18707940780619112	0.21794871794871795	0.10897435897435898
test	NZ_AP022479.1	NZ_OW848789.1	0.0670731707317073	[0.05, 0.15)	16.218333333333334	91989	92189	0.2368544065051256	0.2367093687967111	0.2367093687967111	97.50509595312217	0.2368544065051256	False	False	False	0.9900105546515026	0.18438761776581428	0.18438761776581428	0.18085106382978725	0.09883720930232558
test	NZ_CP180667.1	NZ_CP029585.1	0.1111111111111111	[0.05, 0.15)	16.218333333333334	4544	8809	0.4381602112676056	0.2261323646270859	0.2261323646270859	95.94	0.4381602112676056	False	False	False	0.9083098750768858	0.40816326530612246	0.19569471624266144	0.4	0.18181818181818182
test	NZ_JCBEAH010000002.1	NZ_CP029585.1	0.0769230769230769	[0.05, 0.15)	16.218333333333334	7162	8809	0.1586149120357442	0.1307753433987966	0.1307753433987966	83.30528960817716	0.1586149120357442	False	False	False	0.9412706870223302	0.04669260700389105	0.023483365949119372	0.0	0.0
test	NZ_CP152448.1	NZ_CP011988.1	0.1481481481481481	[0.05, 0.15)	16.218333333333334	11970	13841	0.5333333333333333	0.4610938516003179	0.4610938516003179	93.07289695074276	0.5333333333333333	False	False	True	0.944793571116502	0.17027027027027028	0.14583333333333334	0.35714285714285715	0.2
test	NZ_CP107491.1	CP089767.1	0.0697674418604651	[0.05, 0.15)	16.218333333333334	10060	68291	0.7294234592445328	0.1074812200729232	0.1074812200729232	93.01169734874236	0.7294234592445328	False	False	True	0.9744475755983875	0.23170731707317074	0.07279693486590039	0.46153846153846156	0.1276595744680851
test	NZ_QXXP01000127.1	NZ_JCAWDY010000002.1	0.0689655172413793	[0.05, 0.15)	16.218333333333334	2018	61509	0.5346878097125867	0.0175421483035003	0.0175421483035003	100.0	0.5346878097125867	False	False	True	0.8917068481403764	1.0	0.027649769585253458	0.6666666666666666	0.02857142857142857
test	NZ_QXXP01000127.1	NZ_OQ821186.1	0.0535714285714285	[0.05, 0.15)	16.218333333333334	2018	68404	0.9449950445986124	0.0278784866382082	0.0278784866382082	100.0	0.9449950445986124	False	False	True	0.9275419191528569	0.9166666666666666	0.024282560706401765	1.0	0.05172413793103448
test	NZ_OM048934.1	NZ_OY757950.1	0.0672268907563025	[0.05, 0.15)	16.218333333333334	118931	150582	0.360225677073261	0.2848414817176024	0.2848414817176024	87.25267660965095	0.360225677073261	False	False	False	0.9804737753132939	0.07077625570776255	0.05698529411764706	0.16556291390728478	0.08928571428571429
test	NZ_AP018457.1	NZ_OY757950.1	0.1256038647342995	[0.05, 0.15)	16.218333333333334	86535	150582	0.5091697001213382	0.2923921849889097	0.2923921849889097	94.25630450132392	0.5091697001213382	False	False	True	0.9960023131315281	0.22792022792022792	0.14705882352941177	0.35555555555555557	0.15311004784688995
test	NZ_OP006451.1	NZ_OY757950.1	0.1153846153846153	[0.05, 0.15)	16.218333333333334	136951	150582	0.3107169717636235	0.2822448898274694	0.2822448898274694	93.797017434912	0.3107169717636235	False	False	False	0.9864826047316284	0.1603563474387528	0.1323529411764706	0.2781456953642384	0.1590909090909091
test	NZ_CP068594.1	NZ_OY757950.1	0.0772946859903381	[0.05, 0.15)	16.218333333333334	82214	150582	0.3427153526163427	0.1870276659892948	0.1870276659892948	96.78574525994968	0.3427153526163427	False	False	False	0.9868043610314111	0.18439716312056736	0.09558823529411764	0.24242424242424243	0.10619469026548672
test	NZ_CP086762.1	NZ_CP141546.1	0.0611510791366906	[0.05, 0.15)	16.218333333333334	296148	348041	0.1714142928535732	0.1460230260227961	0.1460230260227961	96.7429565789991	0.1714142928535732	False	False	False	0.9864136696478377	0.13536701620591038	0.10652663165791448	0.12110726643598616	0.056818181818181816
test	NZ_CP153671.1	NZ_CP141546.1	0.075	[0.05, 0.15)	16.218333333333334	151580	348041	0.2955007256894049	0.1286515094485994	0.1286515094485994	96.61904239518286	0.2955007256894049	False	False	False	0.9936604125530344	0.21330724070450097	0.08177044261065267	0.25925925925925924	0.08713692946058091
test	NZ_JCDGLC010000041.1	NZ_CP089446.1	0.1466666666666666	[0.05, 0.15)	16.218333333333334	41565	129071	0.7612414290869722	0.2458569314563302	0.2458569314563302	94.69122312672869	0.7612414290869722	False	False	True	0.9901467592093969	0.34177215189873417	0.1036468330134357	0.6666666666666666	0.15584415584415584
test	NZ_CP060975.1	NZ_OM048934.1	0.050251256281407	[0.05, 0.15)	16.218333333333334	112054	118931	0.3719635175897335	0.3503796318873969	0.3503796318873969	87.68239996183571	0.3719635175897335	False	False	False	0.984776609161175	0.1385390428211587	0.12557077625570776	0.17796610169491525	0.08366533864541832
test	NZ_JPGS01000084.1	NZ_CP141569.1	0.0917874396135265	[0.05, 0.15)	16.218333333333334	21232	194326	0.9681612660135644	0.1058581970503175	0.1058581970503175	97.74576450014573	0.9681612660135644	False	False	True	0.9671282079693814	0.6494845360824743	0.083223249669749	0.90625	0.1457286432160804
test	OW969918.1	NZ_CP141569.1	0.125	[0.05, 0.15)	16.218333333333334	104126	194326	0.4686917772698461	0.2511552751561808	0.2511552751561808	95.65632284189216	0.4686917772698461	False	False	False	0.9863632282523109	0.25063291139240507	0.130779392338177	0.42857142857142855	0.19318181818181818
test	NZ_CP159186.1	NZ_CP176935.1	0.0737704918032786	[0.05, 0.15)	16.218333333333334	135518	147379	0.2426688705559409	0.2231593374904158	0.2231593374904158	96.89332338293352	0.2426688705559409	False	False	False	0.9952641583728377	0.1941544885177453	0.16666666666666666	0.23577235772357724	0.1124031007751938
test	NZ_JCDLMC010000005.1	NZ_CP159186.1	0.1225806451612903	[0.05, 0.15)	16.218333333333334	67088	135518	0.2597782017648462	0.1286987706430142	0.1286987706430142	99.23765921467472	0.2597782017648462	False	False	False	0.9937421528237108	0.2532188841201717	0.12317327766179541	0.189873417721519	0.08021390374331551
test	NZ_CP118928.1	NZ_CP159186.1	0.0727272727272727	[0.05, 0.15)	16.218333333333334	67839	135518	0.1489556155014077	0.0745878776251125	0.0745878776251125	99.7825068737019	0.1489556155014077	False	False	False	0.9932070805198119	0.14342629482071714	0.07515657620041753	0.11764705882352941	0.050505050505050504
test	NZ_CP146851.1	NZ_JBYCWT010000001.1	0.0875576036866359	[0.05, 0.15)	16.218333333333334	138872	153509	0.217790483322772	0.1971545642275045	0.1971545642275045	95.53239960493828	0.217790483322772	False	False	False	0.9785331489009321	0.1514476614699332	0.1514476614699332	0.203125	0.10317460317460317
test	NZ_CP131657.1	CP127703.1	0.0555555555555555	[0.05, 0.15)	16.218333333333334	2920	20652	0.1075342465753424	0.0153496029440247	0.0153496029440247	91.22241379310344	0.1075342465753424	False	False	False	0.9333244040456533	0.08139534883720931	0.011400651465798045	0.0	0.0
test	NZ_MT074684.1	NZ_CP046364.1	0.0754716981132075	[0.05, 0.15)	16.218333333333334	23710	39302	0.1010544074230282	0.0610655946262276	0.0610655946262276	99.29186708333332	0.1010544074230282	False	False	False	0.9702437044497498	0.08504398826979472	0.048252911813643926	0.07142857142857142	0.02857142857142857
test	NZ_CP186433.1	NZ_CP069854.1	0.0923076923076923	[0.05, 0.15)	16.218333333333334	76975	137344	0.3021500487171159	0.1694504310344827	0.1694504310344827	98.69067581261538	0.3021500487171159	False	False	False	0.9941724830227203	0.26732673267326734	0.1588235294117647	0.34444444444444444	0.14553990610328638
test	NZ_PP129611.1	NZ_AP018457.1	0.1452991452991453	[0.05, 0.15)	16.218333333333334	63468	86535	0.462295960168904	0.3391228982492633	0.3391228982492633	95.39652101240024	0.462295960168904	False	False	False	0.9678801309078696	0.3070539419087137	0.21796759941089838	0.3076923076923077	0.16666666666666666
test	NZ_CP142946.1	NZ_CP184146.1	0.064516129032258	[0.05, 0.15)	16.218333333333334	48552	174759	0.3774509803921568	0.1046298044735893	0.1046298044735893	95.67144144389395	0.3774509803921568	False	False	False	0.9842925730067849	0.20218579234972678	0.06902985074626866	0.4339622641509434	0.11616161616161616
test	NZ_JAMYDI010000073.1	NZ_CP036189.1	0.0869565217391304	[0.05, 0.15)	16.218333333333334	5991	9341	0.2538808212318478	0.1614388181136923	0.1614388181136923	89.56004924491137	0.2538808212318478	False	False	False	0.940389150787812	0.07989690721649484	0.05201342281879195	0.0	0.0
test	CP052221.1	NZ_CP060978.1	0.0625	[0.05, 0.15)	16.218333333333334	5219	6647	0.6146771412147921	0.4856326162178426	0.4856326162178426	92.98928350833847	0.6146771412147921	False	False	True	0.9126820906416488	0.23174603174603176	0.18622448979591838	0.3333333333333333	0.2
test	NG_050298.1	NZ_JARWCH010000047.1	0.0769230769230769	[0.05, 0.15)	16.218333333333334	961	11679	1.0	0.0822844421611439	0.0822844421611439	99.584	1.0	False	False	True	0.8805620132617618	0.9454545454545454	0.06516290726817042	1.0	0.058823529411764705
test	NZ_JARWCH010000047.1	NZ_CP095666.1	0.0707070707070707	[0.05, 0.15)	16.218333333333334	11679	99379	0.8565801866598167	0.1007255053884623	0.1007255053884623	96.10323559896352	0.8565801866598167	False	False	True	0.9806203332345682	0.57	0.07345360824742268	0.47058823529411764	0.0625
test	NZ_JARWCH010000047.1	NZ_CP135667.1	0.0666666666666666	[0.05, 0.15)	16.218333333333334	11679	76366	0.7497217227502355	0.1147500196422491	0.1147500196422491	95.62929956749372	0.7497217227502355	True	False	True	0.9828729527563617	0.49	0.0846286701208981	0.4117647058823529	0.07291666666666667
test	NZ_JARWCH010000047.1	NZ_CP195365.1	0.0681818181818181	[0.05, 0.15)	16.218333333333334	11679	137286	0.974740988098296	0.0829217837215739	0.0829217837215739	96.41776169206516	0.974740988098296	False	False	True	0.9531232860848831	0.6727272727272727	0.07283464566929133	0.5294117647058824	0.056962025316455694
test	NZ_CP070140.1	NZ_CP151622.1	0.1111111111111111	[0.05, 0.15)	16.218333333333334	1713	9609	0.2282545242265032	0.0403788115308564	0.0403788115308564	94.38800000000002	0.2282545242265032	False	False	False	0.9082121959279558	0.07	0.01192504258943782	0.0	0.0
test	NZ_CP068594.1	NZ_CP030765.1	0.056338028169014	[0.05, 0.15)	16.218333333333334	82214	93169	0.1519814143576519	0.1340789318335498	0.1340789318335498	94.42798475293368	0.1519814143576519	False	False	False	0.9726385683698271	0.07601351351351351	0.061898211829436035	0.14606741573033707	0.07428571428571429
test	NZ_CP097707.1	NZ_CP074455.1	0.0569395017793594	[0.05, 0.15)	16.218333333333334	159393	159477	0.1522400607303959	0.1520971676166469	0.1520971676166469	92.03833583805532	0.1522400607303959	False	False	False	0.9843148187215653	0.0925589836660617	0.08747855917667238	0.17751479289940827	0.09523809523809523
test	NZ_OP006451.1	NZ_CP074455.1	0.0912863070539419	[0.05, 0.15)	16.218333333333334	136951	159477	0.2284101612985666	0.1961662183261536	0.1961662183261536	97.1688798314768	0.2284101612985666	False	False	False	0.9915383506134678	0.16926503340757237	0.13036020583190394	0.2709677419354839	0.14893617021276595
test	CP067909.1	NZ_CP074455.1	0.0677966101694915	[0.05, 0.15)	16.218333333333334	130935	159477	0.2102951846335968	0.1727459132037848	0.1727459132037848	96.57505284331845	0.2102951846335968	False	False	False	0.9915980079537876	0.17233560090702948	0.13036020583190394	0.23134328358208955	0.11397058823529412
test	NZ_CP074455.1	NZ_CP067434.1	0.087719298245614	[0.05, 0.15)	16.218333333333334	159477	180050	0.2496033910846078	0.2209552901971674	0.2209552901971674	95.3100114172438	0.2496033910846078	False	False	False	0.9947925500226174	0.15265866209262435	0.14262820512820512	0.15384615384615385	0.08125
test	NC_032101.1	NZ_OK247586.1	0.0647482014388489	[0.05, 0.15)	16.218333333333334	58120	78461	0.1376290433585685	0.1018467773798447	0.1018467773798447	99.8751194552043	0.1376290433585685	False	False	False	0.9891652466350904	0.14392059553349876	0.0932475884244373	0.17105263157894737	0.0783132530120482
test	NZ_CP145155.1	NC_032101.1	0.0666666666666666	[0.05, 0.15)	16.218333333333334	16906	58120	0.2167277889506684	0.0630419821059876	0.0630419821059876	99.973	0.2167277889506684	False	False	False	0.9491948433598805	0.17391304347826086	0.05955334987593052	0.13333333333333333	0.02247191011235955
test	NZ_CP184004.1	CP088402.1	0.0603015075376884	[0.05, 0.15)	16.218333333333334	45802	167679	0.3283262739618357	0.0897548291676357	0.0897548291676357	99.62146859646796	0.3283262739618357	False	False	False	0.9768852069542588	0.3641304347826087	0.10806451612903226	0.28846153846153844	0.07246376811594203
test	NZ_CP169124.1	CP088402.1	0.1095238095238095	[0.05, 0.15)	16.218333333333334	90370	167679	0.4130352993249972	0.2225383023515169	0.2225383023515169	96.6234104264136	0.4130352993249972	False	False	False	0.9925868272744476	0.36	0.18870967741935485	0.47674418604651164	0.19069767441860466
test	CP088364.1	CP088402.1	0.1442307692307692	[0.05, 0.15)	16.218333333333334	80900	167679	0.507416563658838	0.244854752234925	0.244854752234925	97.5964856726212	0.507416563658838	False	False	True	0.9867744780444697	0.3853211009174312	0.2032258064516129	0.449438202247191	0.182648401826484
test	NZ_CP040265.1	NZ_CP068594.1	0.0839694656488549	[0.05, 0.15)	16.218333333333334	73952	82214	0.2859016659454781	0.2573892524387574	0.2573892524387574	93.82004109008756	0.2859016659454781	False	False	False	0.990281147515109	0.15338645418326693	0.13006756756756757	0.25	0.13333333333333333
test	NZ_CP068927.1	NZ_CP125122.1	0.0692520775623268	[0.05, 0.15)	16.218333333333334	63589	333411	0.2936514176980295	0.0559549624937389	0.0559549624937389	99.50214786658816	0.2936514176980295	False	False	False	0.9824102106516593	0.3170731707317073	0.06398687448728466	0.42168674698795183	0.08215962441314555
test	NZ_CP061964.1	NZ_CP125122.1	0.0696378830083565	[0.05, 0.15)	16.218333333333334	63578	333411	0.2935134795054893	0.0559549624937389	0.0559549624937389	99.99472291867566	0.2935134795054893	False	False	False	0.9822057526504615	0.33472803347280333	0.06562756357670221	0.4069767441860465	0.08158508158508158
test	OW968206.1	NZ_CP125122.1	0.0694444444444444	[0.05, 0.15)	16.218333333333334	63589	333411	0.2936514176980295	0.0559549624937389	0.0559549624937389	99.50214786658816	0.2936514176980295	False	False	False	0.9823768455920082	0.325	0.06398687448728466	0.42168674698795183	0.08215962441314555
test	NZ_CP031805.1	NZ_CP125122.1	0.0777777777777777	[0.05, 0.15)	16.218333333333334	65454	333411	0.2962080239557552	0.0581174586321387	0.0581174586321387	99.50526589654994	0.2962080239557552	False	False	False	0.9825300086655703	0.3360995850622407	0.06644790812141099	0.4166666666666667	0.08196721311475409
test	NZ_JBWLLO010000003.1	CP067873.1	0.0594594594594594	[0.05, 0.15)	16.218333333333334	73335	118543	0.1796004636258266	0.1110904903705828	0.1110904903705828	96.96712041249624	0.1796004636258266	False	False	False	0.9869974705487076	0.11406844106463879	0.06864988558352403	0.125	0.046632124352331605
test	NZ_CP069544.1	NZ_CP062972.1	0.0551724137931034	[0.05, 0.15)	16.218333333333334	80965	136326	0.1262767862656703	0.0756568812992385	0.0756568812992385	97.02488322511871	0.1262767862656703	False	False	False	0.9580280764491923	0.054313099041533544	0.054313099041533544	0.12658227848101267	0.06060606060606061
test	CP067788.1	NZ_CP096939.1	0.0588235294117647	[0.05, 0.15)	16.218333333333334	13841	33003	0.2851672567011054	0.1198072902463412	0.1198072902463412	98.00315950455006	0.2851672567011054	False	False	False	0.9330597976903149	0.19815668202764977	0.08651911468812877	0.0625	0.017543859649122806
test	NZ_CP096939.1	NZ_JBWLLO010000003.1	0.074074074074074	[0.05, 0.15)	16.218333333333334	33003	73335	0.2304941974971972	0.103702188586623	0.103702188586623	99.22482860520094	0.2304941974971972	False	False	False	0.9627140029069751	0.1875	0.09302325581395349	0.09523809523809523	0.03636363636363636
test	NZ_JBPFEV010000060.1	NZ_CP107486.1	0.0714285714285714	[0.05, 0.15)	16.218333333333334	3360	10060	0.1526785714285714	0.0526838966202783	0.0526838966202783	79.259	0.1526785714285714	False	False	False	0.8984945380046109	0.0	0.0	0.0	0.0
test	NZ_CP066533.1	NZ_CP107486.1	0.0666666666666666	[0.05, 0.15)	16.218333333333334	6373	10060	0.0825356974737172	0.0533797216699801	0.0533797216699801	85.192	0.0825356974737172	False	False	False	0.9111473436657099	0.009708737864077669	0.006557377049180328	0.0	0.0
test	NZ_CP151758.1	NZ_CP118928.1	0.0517241379310344	[0.05, 0.15)	16.218333333333334	53097	67839	0.1099120477616437	0.0860272114860183	0.0860272114860183	99.94855294722412	0.1099120477616437	False	False	False	0.9722115691016715	0.13695090439276486	0.1101871101871102	0.10606060606060606	0.04861111111111111
test	NZ_CP095675.1	NZ_CP196097.1	0.0543478260869565	[0.05, 0.15)	16.218333333333334	45322	46176	0.0868011120427165	0.0851957726957726	0.0851957726957726	99.9238957803762	0.0868011120427165	False	False	False	0.9251486605099366	0.08571428571428572	0.0800561797752809	0.04081632653061224	0.01904761904761905
test	NZ_CP115709.1	NZ_PQ126489.1	0.0859872611464968	[0.05, 0.15)	16.218333333333334	119165	612637	0.5290060000839173	0.1028945362425057	0.1028945362425057	97.99653339355898	0.5290060000839173	False	False	True	0.9879918181122161	0.49537037037037035	0.09536541889483066	0.4899328859060403	0.10641399416909621
test	NZ_CP153671.1	NZ_PQ126489.1	0.0993788819875776	[0.05, 0.15)	16.218333333333334	151580	612637	0.5902163873861987	0.1460293779187349	0.1460293779187349	96.80594265268984	0.5902163873861987	False	False	True	0.9970521719041451	0.42661448140900193	0.09714795008912656	0.46296296296296297	0.10760401721664276
test	NZ_CP110266.1	NZ_PQ126489.1	0.0522598870056497	[0.05, 0.15)	16.218333333333334	224600	612637	0.3130186999109528	0.1149946869026846	0.1149946869026846	96.33553456711338	0.3130186999109528	False	False	False	0.9931756673359684	0.21231155778894473	0.07531194295900179	0.22115384615384615	0.05958549222797927
test	CP067898.1	NZ_CP084846.1	0.0625	[0.05, 0.15)	16.218333333333334	48619	101892	0.3217672103498632	0.1541239744042712	0.1541239744042712	96.82418342668024	0.3217672103498632	False	False	False	0.9917766662908662	0.27380952380952384	0.11764705882352941	0.3050847457627119	0.12080536912751678
test	NZ_CP146851.1	NZ_CP073977.1	0.0606060606060606	[0.05, 0.15)	16.218333333333334	138872	241691	0.2003571634310732	0.1151511640896847	0.1151511640896847	97.64461954687444	0.2003571634310732	False	False	False	0.9448110421746833	0.1759465478841871	0.08307045215562565	0.13333333333333333	0.05249343832020997
test	NZ_JAQFLL010000247.1	NZ_RRGN01000097.1	0.0833333333333333	[0.05, 0.15)	16.218333333333334	1116	23754	0.9973118279569892	0.0475288372484634	0.0475288372484634	97.2542843224092	0.9973118279569892	False	False	True	0.8958846441906902	0.6666666666666666	0.029282576866764276	1.0	0.03125
test	NZ_CP084709.1	NZ_JCDGMJ010000045.1	0.0975609756097561	[0.05, 0.15)	16.218333333333334	11972	34070	0.1611259605746742	0.0565893748165541	0.0565893748165541	99.533	0.1611259605746742	False	False	False	0.9270803966013943	0.11475409836065574	0.03917910447761194	0.07142857142857142	0.02564102564102564
test	NZ_CP132708.1	NZ_CP084709.1	0.12	[0.05, 0.15)	16.218333333333334	9730	11972	0.5230215827338129	0.4253257601069161	0.4253257601069161	95.37327818074888	0.5230215827338129	False	False	True	0.9254144068859542	0.25370675453047775	0.20810810810810812	0.36363636363636365	0.19047619047619047
test	NZ_CP084709.1	CP067788.1	0.1481481481481481	[0.05, 0.15)	16.218333333333334	11972	13841	0.5323254259939859	0.4601546131059894	0.4601546131059894	92.93751440651424	0.5323254259939859	False	False	True	0.9839362369126231	0.17073170731707318	0.14651162790697675	0.35714285714285715	0.2
test	NZ_JCAWDY010000002.1	NZ_CP115709.1	0.074074074074074	[0.05, 0.15)	16.218333333333334	61509	119165	0.2487278284478694	0.1285024965384131	0.1285024965384131	98.0355096913137	0.2487278284478694	False	False	False	0.9938633679637733	0.18303571428571427	0.09490740740740741	0.2463768115942029	0.0845771144278607
test	NZ_JCAWDY010000002.1	NZ_CP089446.1	0.0523255813953488	[0.05, 0.15)	16.218333333333334	61509	129071	0.2103432018078655	0.0999527391900581	0.0999527391900581	98.9414222239394	0.2103432018078655	False	False	False	0.9832640954653609	0.22321428571428573	0.09596928982725528	0.11594202898550725	0.03940886699507389
test	NZ_JCAWDY010000002.1	NC_017659.1	0.0804020100502512	[0.05, 0.15)	16.218333333333334	61509	147060	0.2831455559349038	0.1183802529579763	0.1183802529579763	97.35690252852476	0.2831455559349038	False	False	False	0.990286366644215	0.29910714285714285	0.1252336448598131	0.2463768115942029	0.08762886597938144
test	NZ_CP138519.1	NZ_JCAWDY010000002.1	0.0579710144927536	[0.05, 0.15)	16.218333333333334	11970	61509	0.1618212197159565	0.0314750686891349	0.0314750686891349	99.53528859060404	0.1618212197159565	False	False	False	0.9622234259139778	0.11827956989247312	0.02534562211981567	0.0	0.0
test	NZ_CP054742.1	NZ_JCAWDY010000002.1	0.0579710144927536	[0.05, 0.15)	16.218333333333334	11970	61509	0.1618212197159565	0.0314750686891349	0.0314750686891349	99.535	0.1618212197159565	False	False	False	0.9620371432166691	0.11827956989247312	0.02534562211981567	0.06666666666666667	0.012048192771084338
test	NZ_JCAWDY010000002.1	NZ_CP129713.1	0.1319444444444444	[0.05, 0.15)	16.218333333333334	61509	106834	0.3840576175844185	0.2214557163449838	0.2214557163449838	97.87283830667285	0.3840576175844185	False	False	False	0.9944426792536112	0.2857142857142857	0.1693121693121693	0.30434782608695654	0.11538461538461539
test	NZ_JAYXSV010000008.1	NZ_JBWIFL010000005.1	0.1176470588235294	[0.05, 0.15)	16.218333333333334	9883	59700	0.5878781746433269	0.0974036850921273	0.0974036850921273	99.98279140154771	0.5878781746433269	False	False	True	0.9584866344099887	0.52	0.09582309582309582	0.4	0.07228915662650602
test	NZ_JAYXSV010000008.1	CP090300.1	0.1224489795918367	[0.05, 0.15)	16.218333333333334	9883	53824	0.5878781746433269	0.1079444114149821	0.1079444114149821	99.983	0.5878781746433269	False	False	True	0.9535747826205793	0.5333333333333333	0.10582010582010581	0.4666666666666667	0.0958904109589041
test	JX469831.1	NZ_JBSJBU010000003.1	0.055045871559633	[0.05, 0.15)	16.218333333333334	54342	63107	0.1712303558941518	0.1477649072210689	0.1477649072210689	93.39619811623676	0.1712303558941518	False	False	False	0.8796737517827037	0.1024390243902439	0.09051724137931035	0.1111111111111111	0.05555555555555555
test	NZ_MF344559.1	NZ_CP107331.1	0.0703125	[0.05, 0.15)	16.218333333333334	42279	84876	0.2171763759786182	0.10793392714077	0.10793392714077	99.90210703397211	0.2171763759786182	False	False	False	0.9792064006362476	0.2052980132450331	0.09733124018838304	0.16363636363636364	0.06293706293706294
test	NZ_CP107331.1	NZ_CP154633.1	0.1422924901185771	[0.05, 0.15)	16.218333333333334	84876	210515	0.3484495028040906	0.1404983017837208	0.1404983017837208	99.21386854887672	0.3484495028040906	False	False	False	0.9931261290169644	0.39644970414201186	0.17866666666666667	0.36082474226804123	0.12455516014234876
test	NZ_CP107331.1	NZ_JBVTJX020000002.1	0.0609756097560975	[0.05, 0.15)	16.218333333333334	84876	257061	0.2279678589942975	0.0753245338655027	0.0753245338655027	99.01902705353916	0.2279678589942975	False	False	False	0.949567430508105	0.25443786982248523	0.08704453441295547	0.18556701030927836	0.04918032786885246
test	NZ_CP146671.1	NZ_CP062972.1	0.0632911392405063	[0.05, 0.15)	16.218333333333334	86055	136326	0.2817849050026146	0.177537667062776	0.177537667062776	94.18162269736844	0.2817849050026146	False	False	False	0.9812815893906756	0.1625	0.1625	0.45054945054945056	0.2808219178082192
test	NZ_CP135207.1	NZ_JBSJBU010000003.1	0.0625	[0.05, 0.15)	16.218333333333334	43860	63107	0.1272913816689466	0.0884054066902245	0.0884054066902245	99.24817898693398	0.1272913816689466	False	False	False	0.9848509089232702	0.10541310541310542	0.07974137931034483	0.09836065573770492	0.048
test	NZ_CP141542.1	NZ_CP047280.1	0.0554156171284634	[0.05, 0.15)	16.218333333333334	202151	262422	0.1763731072317228	0.1359565890054949	0.1359565890054949	96.44223317657598	0.1763731072317228	False	False	False	0.9944812867033354	0.1480978260869565	0.11168032786885246	0.16751269035532995	0.0746606334841629
test	NZ_CP038312.1	NZ_CP132064.1	0.0549450549450549	[0.05, 0.15)	16.218333333333334	93182	139177	0.3146315812066708	0.2104658097243079	0.2104658097243079	94.689353143168	0.3146315812066708	False	False	False	0.9943302007958877	0.15	0.11089494163424124	0.24444444444444444	0.10628019323671498
test	NZ_CP095666.1	NZ_CP132064.1	0.1459459459459459	[0.05, 0.15)	16.218333333333334	99379	139177	0.471246440394852	0.3363055677303003	0.3363055677303003	93.104828610331	0.471246440394852	False	False	False	0.9869861539158673	0.211340206185567	0.15953307392996108	0.31092436974789917	0.167420814479638
test	NZ_CP132064.1	NZ_JBWVJQ010000002.1	0.0822622107969151	[0.05, 0.15)	16.218333333333334	139177	325551	0.4125681685910747	0.1765591259126834	0.1765591259126834	92.22399121726	0.4125681685910747	False	False	False	0.97710632712055	0.1517509727626459	0.06933333333333333	0.3381294964028777	0.1175
test	NZ_CP015967.1	NZ_JBFRXW010000014.1	0.1296296296296296	[0.05, 0.15)	16.218333333333334	33001	40934	0.3282930820278173	0.2646455269458152	0.2646455269458152	93.29171190957544	0.3282930820278173	False	False	False	0.9664320267004191	0.22011385199240988	0.1710914454277286	0.11627906976744186	0.06097560975609756
test	NZ_CP028692.1	NZ_AP022361.1	0.0751173708920187	[0.05, 0.15)	16.218333333333334	92714	148581	0.2729361261513903	0.1704592108008426	0.1704592108008426	96.08210453291292	0.2729361261513903	False	False	False	0.9582768066643645	0.17480719794344474	0.1190893169877408	0.26436781609195403	0.10550458715596331
test	NZ_CP196661.1	NZ_OZ544168.1	0.0938967136150234	[0.05, 0.15)	16.218333333333334	95080	171613	0.5039545645771981	0.2793611206610222	0.2793611206610222	96.70585407421298	0.5039545645771981	False	False	True	0.9910897065888067	0.3002754820936639	0.17927631578947367	0.4482758620689655	0.21311475409836064
test	OW970229.1	CP130850.1	0.0769230769230769	[0.05, 0.15)	16.218333333333334	2615	37860	0.4776290630975143	0.0333069202324352	0.0333069202324352	99.048	0.4776290630975143	False	False	False	0.9520722697435544	0.4473684210526316	0.03225806451612903	0.4	0.044444444444444446
test	NZ_CP115709.1	NZ_CP069854.1	0.0762711864406779	[0.05, 0.15)	16.218333333333334	119165	137344	0.1404187471153442	0.1218910181733457	0.1218910181733457	97.3866058237365	0.1404187471153442	False	False	False	0.9952436542996552	0.10185185185185185	0.08627450980392157	0.21476510067114093	0.11808118081180811
test	NZ_CP038312.1	NZ_CP095666.1	0.0641025641025641	[0.05, 0.15)	16.218333333333334	93182	99379	0.2166298212101049	0.203352821018525	0.203352821018525	94.15985788980416	0.2166298212101049	False	False	False	0.9784253401872113	0.10597826086956522	0.10051546391752578	0.18888888888888888	0.08854166666666667
test	NZ_CP038312.1	NZ_CP031907.1	0.0822784810126582	[0.05, 0.15)	16.218333333333334	93182	121036	0.3420939666459187	0.2634174956211375	0.2634174956211375	93.76541483404762	0.3420939666459187	False	False	False	0.9934427818821367	0.15	0.13317757009345793	0.24444444444444444	0.11891891891891893
test	NZ_LR890196.1	NZ_CP036198.1	0.0714285714285714	[0.05, 0.15)	16.218333333333334	3377	3630	0.2567367485934261	0.2371900826446281	0.2371900826446281	86.84202974828375	0.2567367485934261	False	False	False	0.8102583603616696	0.0368763557483731	0.0368763557483731	0.0	0.0
test	NZ_CP014496.1	NZ_CP083889.1	0.1208791208791208	[0.05, 0.15)	16.218333333333334	114223	219996	0.5052922791381771	0.2623820433098783	0.2623820433098783	94.1401656310412	0.5052922791381771	False	False	True	0.9914963594570525	0.226457399103139	0.13722826086956522	0.3939393939393939	0.18118466898954705
test	NZ_CP068594.1	NZ_CP083889.1	0.05859375	[0.05, 0.15)	16.218333333333334	82214	219996	0.3117838810908118	0.1164793905343733	0.1164793905343733	96.61770973775477	0.3117838810908118	False	False	False	0.9924158106578987	0.1524822695035461	0.058423913043478264	0.25252525252525254	0.08896797153024912
test	NZ_CP095666.1	NZ_CP083889.1	0.1171875	[0.05, 0.15)	16.218333333333334	99379	219996	0.523682065627547	0.2365679375988654	0.2365679375988654	92.64796243538196	0.523682065627547	False	False	True	0.9799621267335993	0.21649484536082475	0.11413043478260869	0.3277310924369748	0.13588850174216027
test	NZ_CP125686.1	NZ_JBHEIN010000092.1	0.0588235294117647	[0.05, 0.15)	16.218333333333334	4961	14708	0.3910501914936505	0.1316290454174598	0.1316290454174598	97.427	0.3910501914936505	False	False	False	0.9432218596082298	0.32515337423312884	0.1108786610878661	0.0	0.0
test	NZ_CP095666.1	NZ_CP189450.1	0.1025641025641025	[0.05, 0.15)	16.218333333333334	99379	125383	0.2960685859185542	0.2347048642957976	0.2347048642957976	96.6498731368564	0.2960685859185542	False	False	False	0.983250408753285	0.23195876288659795	0.19823788546255505	0.17647058823529413	0.09090909090909091
test	NZ_CP189450.1	NZ_CP154633.1	0.07	[0.05, 0.15)	16.218333333333334	125383	210515	0.3266232264342056	0.1949884806308339	0.1949884806308339	95.91369467875636	0.3266232264342056	False	False	False	0.9955773212264342	0.22687224669603523	0.13733333333333334	0.3308270676691729	0.14285714285714285
test	NZ_OP378628.1	NZ_CP101766.1	0.0828402366863905	[0.05, 0.15)	16.218333333333334	74826	127176	0.3171624836286852	0.1871579543310058	0.1871579543310058	94.03653306252356	0.3171624836286852	False	False	False	0.9819426139983327	0.17753623188405798	0.11502347417840375	0.3333333333333333	0.14285714285714285
test	NZ_OP378628.1	CP057522.1	0.1492537313432835	[0.05, 0.15)	16.218333333333334	74826	86439	0.6259187982786731	0.542151112345122	0.542151112345122	93.01381999532126	0.6259187982786731	False	False	True	0.9670387800447767	0.27450980392156865	0.24100156494522693	0.4880952380952381	0.31297709923664124
test	NZ_OP378628.1	NZ_CP060975.1	0.1301369863013698	[0.05, 0.15)	16.218333333333334	74826	112054	0.5280918397348515	0.352499687650597	0.352499687650597	92.84304771381788	0.5280918397348515	False	False	True	0.9639487032356351	0.19202898550724637	0.13350125944584382	0.35714285714285715	0.1744186046511628
test	NZ_OP378628.1	NZ_CP043297.1	0.1301369863013698	[0.05, 0.15)	16.218333333333334	74826	110724	0.5354021329484404	0.3616740724684802	0.3616740724684802	92.91983957737726	0.5354021329484404	False	False	True	0.9700667710050167	0.19927536231884058	0.14138817480719795	0.35714285714285715	0.16853932584269662
test	NZ_CP146671.1	NZ_CP074870.1	0.0509554140127388	[0.05, 0.15)	16.218333333333334	86055	92785	0.2748474812619836	0.2544053456916527	0.2544053456916527	93.50226011706742	0.2748474812619836	False	False	False	0.9728884627635853	0.13500784929356358	0.12011173184357542	0.43956043956043955	0.2564102564102564
test	NZ_CP085077.1	NZ_CP148841.1	0.0568181818181818	[0.05, 0.15)	16.218333333333334	56811	319375	0.6145816831247469	0.1092070450097847	0.1092070450097847	96.79418519048572	0.6145816831247469	False	False	True	0.9888125156506775	0.3894230769230769	0.07019064124783363	0.53125	0.09941520467836257
test	NZ_CP085077.1	NZ_MW390523.1	0.065040650406504	[0.05, 0.15)	16.218333333333334	56811	89311	0.3754554575698368	0.2386268208843255	0.2386268208843255	95.25465569099995	0.3754554575698368	False	False	False	0.9820383327056493	0.2144469525959368	0.1357142857142857	0.4375	0.19718309859154928
test	NZ_CP085077.1	NZ_CP141238.1	0.1282051282051282	[0.05, 0.15)	16.218333333333334	56811	132580	0.5256904472725352	0.2251319957761351	0.2251319957761351	96.22503023317964	0.5256904472725352	False	False	True	0.9857476754711865	0.3317307692307692	0.12849162011173185	0.5625	0.2
test	NZ_JBNGNN010000050.1	NZ_CP086419.1	0.1206896551724138	[0.05, 0.15)	16.218333333333334	4737	70475	0.9841671944268524	0.0661511174175239	0.0661511174175239	99.979	0.9841671944268524	False	False	True	0.9493127620656674	1.0	0.09690721649484536	0.8	0.04878048780487805
test	NZ_JBNGNN010000050.1	NZ_CP058198.1	0.0666666666666666	[0.05, 0.15)	16.218333333333334	4737	108466	0.7513194004644289	0.0329596371213099	0.0329596371213099	97.12566564331568	0.7513194004644289	False	False	True	0.942758218868883	0.76	0.05277777777777778	0.8	0.037383177570093455
test	NZ_CP095134.1	CP109680.1	0.0512820512820512	[0.05, 0.15)	16.218333333333334	70936	155247	0.3764943047253862	0.1719839996908153	0.1719839996908153	97.40010710010472	0.3764943047253862	False	False	False	0.9932232545221582	0.2883895131086142	0.1461100569259962	0.2916666666666667	0.105
test	NZ_CP095134.1	CP080739.1	0.0530612244897959	[0.05, 0.15)	16.218333333333334	70936	206152	0.2932925453930303	0.1009061275175598	0.1009061275175598	95.57080395830332	0.2932925453930303	True	False	False	0.9943516295796834	0.19850187265917604	0.0701058201058201	0.3194444444444444	0.08846153846153847
test	NZ_MT560079.1	NZ_CP095134.1	0.1274509803921568	[0.05, 0.15)	16.218333333333334	68684	70936	0.2682575272261371	0.2594733280703733	0.2594733280703733	97.7656372905255	0.2682575272261371	False	False	False	0.9885911473815792	0.19264069264069264	0.18089430894308944	0.2361111111111111	0.13385826771653545
test	NZ_CP032893.1	NZ_JBYLRL020000002.1	0.1276595744680851	[0.05, 0.15)	16.218333333333334	156442	172405	0.3314838726173278	0.3011397581276645	0.3011397581276645	97.03411399591978	0.3314838726173278	False	False	False	0.9934578966953104	0.25517241379310346	0.22289156626506024	0.34210526315789475	0.1925925925925926
test	CP098997.1	NZ_JCAPTQ010000002.1	0.0557029177718832	[0.05, 0.15)	16.218333333333334	169374	249807	0.168142690141344	0.1141801470735407	0.1141801470735407	96.91792077612774	0.168142690141344	False	False	False	0.9936059472061369	0.1015625	0.07080610021786492	0.13291139240506328	0.0549738219895288
test	NZ_CP169124.1	NZ_JCAPTQ010000002.1	0.07	[0.05, 0.15)	16.218333333333334	90370	249807	0.412548412083656	0.1492672343048833	0.1492672343048833	98.7032828282828	0.412548412083656	False	False	False	0.9810679430314808	0.3076923076923077	0.10893246187363835	0.3023255813953488	0.08524590163934426
test	NZ_CP025252.1	NZ_JCAPTQ010000002.1	0.060931899641577	[0.05, 0.15)	16.218333333333334	33924	249807	0.361661360688598	0.0490979035815649	0.0490979035815649	95.50090068215036	0.361661360688598	False	False	False	0.9189051726944605	0.28205128205128205	0.03594771241830065	0.16666666666666666	0.02181818181818182
test	NZ_JBTHVH010000001.1	NZ_CP042894.1	0.0597014925373134	[0.05, 0.15)	16.218333333333334	97926	141344	0.2960602904233809	0.2053925175458456	0.2053925175458456	97.61020883547964	0.2960602904233809	False	False	False	0.9917731763856588	0.23421052631578948	0.17049808429118773	0.25925925925925924	0.1320754716981132
test	NZ_RRSN01000262.1	NZ_CP038401.1	0.0547945205479452	[0.05, 0.15)	16.218333333333334	4241	92513	0.9976420655505776	0.0456908758769037	0.0456908758769037	99.575	0.9976420655505776	False	False	True	0.9698689341182708	0.9428571428571428	0.044897959183673466	0.6666666666666666	0.02247191011235955
test	NZ_AP040975.1	CP109680.1	0.0522088353413654	[0.05, 0.15)	16.218333333333334	113819	155247	0.2387035556453667	0.1749212545169955	0.1749212545169955	95.88396961783202	0.2387035556453667	False	False	False	0.984615290653106	0.1509433962264151	0.12144212523719165	0.2	0.10040160642570281
test	CP109680.1	OW849035.1	0.1371237458193979	[0.05, 0.15)	16.218333333333334	155247	204647	0.3540229440826554	0.2686381916177613	0.2686381916177613	97.8839939648434	0.3540229440826554	False	False	False	0.9970800490951309	0.29791271347248577	0.2101740294511379	0.31543624161073824	0.1525974025974026
test	CP109680.1	NZ_OZ544168.1	0.0732600732600732	[0.05, 0.15)	16.218333333333334	155247	171613	0.2239334737547263	0.202630336862592	0.202630336862592	95.94116002642691	0.2239334737547263	False	False	False	0.997540627607211	0.17077798861480076	0.14802631578947367	0.19463087248322147	0.09666666666666666
test	CP109680.1	OW849024.1	0.1309904153354632	[0.05, 0.15)	16.218333333333334	155247	242397	0.4157890329603793	0.266055272961299	0.266055272961299	97.20917474511504	0.4157890329603793	False	False	False	0.9968530447172912	0.32447817836812143	0.19632606199770378	0.3288590604026846	0.14984709480122324
test	CP109680.1	NZ_CP154419.1	0.0686567164179104	[0.05, 0.15)	16.218333333333334	155247	220171	0.2529839546013772	0.1780207202583446	0.1780207202583446	94.88166608187134	0.2529839546013772	False	False	False	0.9915882011676215	0.14990512333965844	0.09541062801932366	0.19463087248322147	0.08454810495626822
test	CP109680.1	NZ_CP196152.1	0.0688976377952756	[0.05, 0.15)	16.218333333333334	155247	398273	0.3441225917409032	0.1340587988640957	0.1340587988640957	96.35658892002992	0.3441225917409032	False	False	False	0.9882226380179218	0.269449715370019	0.09686221009549795	0.28859060402684567	0.08365758754863813
test	NZ_CP100792.1	OW848843.1	0.051660516605166	[0.05, 0.15)	16.218333333333334	79245	252697	0.3191242349675058	0.1014733059751401	0.1014733059751401	95.796009731413	0.3191242349675058	False	False	False	0.9915010166456645	0.2863070539419087	0.07876712328767123	0.3194444444444444	0.07744107744107744
test	CP052164.1	OW848843.1	0.1418439716312056	[0.05, 0.15)	16.218333333333334	92461	252697	0.5328408734493462	0.1950399094567802	0.1950399094567802	97.10387527866722	0.5328408734493462	False	False	True	0.991338202683421	0.32786885245901637	0.136986301369863	0.5263157894736842	0.1986754966887417
test	NZ_CP014496.1	NZ_CP097707.1	0.1097046413502109	[0.05, 0.15)	16.218333333333334	114223	159393	0.4313842220918729	0.3097563882981059	0.3097563882981059	94.3516858043909	0.4313842220918729	False	False	False	0.9663324629126562	0.21300448430493274	0.1724137931034483	0.32575757575757575	0.16226415094339622
test	NZ_JBSTQQ010000002.1	NZ_CP097707.1	0.0970149253731343	[0.05, 0.15)	16.218333333333334	156753	159393	0.3376586094046047	0.3325051915705206	0.3325051915705206	95.72111444875516	0.3376586094046047	False	False	False	0.9730283834502591	0.17850953206239167	0.17850953206239167	0.2710843373493976	0.15151515151515152
test	NZ_CP060975.1	NZ_CP097707.1	0.1312217194570135	[0.05, 0.15)	16.218333333333334	112054	159393	0.4820889928070395	0.3391177780705551	0.3391177780705551	95.40760694772592	0.4820889928070395	False	False	False	0.9786916043732423	0.27204030226700254	0.19600725952813067	0.3983050847457627	0.1902834008097166
test	NZ_CP014496.1	NZ_JBUBIP010000002.1	0.0948275862068965	[0.05, 0.15)	16.218333333333334	114223	150224	0.3639984941736778	0.2767999786984769	0.2767999786984769	93.54913659120854	0.3639984941736778	False	False	False	0.9825115802429645	0.13228699551569506	0.11259541984732824	0.26515151515151514	0.15151515151515152
test	NZ_CP191553.1	NZ_JBUBIP010000002.1	0.1268292682926829	[0.05, 0.15)	16.218333333333334	107053	150224	0.2989173586914893	0.2128954095217808	0.2128954095217808	98.40788276615672	0.2989173586914893	False	False	False	0.9927807031374163	0.3315508021390374	0.2366412213740458	0.2767857142857143	0.14418604651162792
test	NZ_AP022534.1	NZ_JBUBIP010000002.1	0.0876288659793814	[0.05, 0.15)	16.218333333333334	111171	150224	0.2910651159025285	0.2153583981254659	0.2153583981254659	94.34296878755195	0.2910651159025285	False	False	False	0.9816705595432801	0.19291338582677164	0.09351145038167939	0.32222222222222224	0.14871794871794872
test	NZ_OQ821186.1	NZ_CP092755.1	0.0654761904761904	[0.05, 0.15)	16.218333333333334	68404	118840	0.1482661832641366	0.085316391787277	0.085316391787277	99.88148067823344	0.1482661832641366	False	False	False	0.8919121463184237	0.1984126984126984	0.11574074074074074	0.10344827586206896	0.02857142857142857
test	CP128668.1	NZ_OQ821186.1	0.073170731707317	[0.05, 0.15)	16.218333333333334	30836	68404	0.215267868724867	0.0970411087070931	0.0970411087070931	99.9547945164206	0.215267868724867	False	False	False	0.9053366861033223	0.22767857142857142	0.11258278145695365	0.13513513513513514	0.05555555555555555
test	NZ_MF344559.1	NZ_MT560079.1	0.1075268817204301	[0.05, 0.15)	16.218333333333334	42279	68684	0.1865701648572577	0.1147574398695474	0.1147574398695474	99.97470456273764	0.1865701648572577	False	False	False	0.989828359916943	0.17880794701986755	0.11688311688311688	0.10909090909090909	0.049586776859504134
test	NZ_CP046265.1	NZ_CP035572.1	0.1214953271028037	[0.05, 0.15)	16.218333333333334	40982	67997	0.502366892782197	0.3027045310822536	0.3027045310822536	95.19840590173466	0.502366892782197	False	False	True	0.9944000643747468	0.28	0.168	0.2765957446808511	0.11711711711711711
test	NZ_POTA01000048.1	NZ_CP014496.1	0.0588235294117647	[0.05, 0.15)	16.218333333333334	10236	114223	0.7186400937866354	0.0645141521409873	0.0645141521409873	98.1159293846571	0.7186400937866354	False	False	True	0.9539430805808734	0.5641025641025641	0.04932735426008968	0.3076923076923077	0.028368794326241134
test	NZ_CP021547.1	NZ_CP059930.1	0.0588235294117647	[0.05, 0.15)	16.218333333333334	45740	99943	0.2581766506340183	0.1180873097665669	0.1180873097665669	97.7837709355439	0.2581766506340183	False	False	False	0.9912468255073577	0.2034383954154728	0.10056657223796034	0.1	0.034013605442176874
test	NZ_CP024276.1	NZ_OP006451.1	0.054054054054054	[0.05, 0.15)	16.218333333333334	38177	136951	0.3710087225292715	0.1039422859270834	0.1039422859270834	94.05464208683472	0.3710087225292715	False	False	False	0.9823685390047701	0.21379310344827587	0.06904231625835189	0.28888888888888886	0.06951871657754011
test	NZ_OP006451.1	NZ_JBSTQQ010000002.1	0.1016949152542373	[0.05, 0.15)	16.218333333333334	136951	156753	0.332440069805989	0.2902464386646508	0.2902464386646508	96.0974182105194	0.332440069805989	False	False	False	0.9844688011247615	0.19376391982182628	0.15077989601386482	0.27741935483870966	0.15467625899280577
test	NZ_CP098439.1	NZ_OP006451.1	0.1212121212121212	[0.05, 0.15)	16.218333333333334	109442	136951	0.3995175526763034	0.3190119093690444	0.3190119093690444	95.05561468748571	0.3995175526763034	False	False	False	0.9890469552050355	0.22705314009661837	0.20935412026726058	0.4017094017094017	0.2088888888888889
test	NZ_CP043297.1	NZ_OP006451.1	0.0964467005076142	[0.05, 0.15)	16.218333333333334	110724	136951	0.3481449369603699	0.2816992939080401	0.2816992939080401	93.99845550414844	0.3481449369603699	False	False	False	0.9844716120633035	0.16452442159383032	0.14253897550111358	0.29838709677419356	0.15289256198347106
test	NZ_JBFUPY010000024.1	NZ_OP006451.1	0.1411764705882353	[0.05, 0.15)	16.218333333333334	73616	136951	0.5309851119321887	0.2855838949697337	0.2855838949697337	93.318954082804	0.5309851119321887	False	False	True	0.9773793739279106	0.22180451127819548	0.13140311804008908	0.45	0.18090452261306533
test	NZ_OP006451.1	NZ_CP195365.1	0.1141552511415525	[0.05, 0.15)	16.218333333333334	136951	137286	0.3280443370256515	0.3267412554812581	0.3267412554812581	95.2903063809926	0.3280443370256515	False	False	False	0.984782477510112	0.19821826280623608	0.17519685039370078	0.30666666666666664	0.1776061776061776
test	NZ_AP040975.1	NZ_LR134211.1	0.0620915032679738	[0.05, 0.15)	16.218333333333334	113819	205331	0.2438345091768509	0.1351378992943101	0.1351378992943101	95.14754488885691	0.2438345091768509	False	False	False	0.9903604502345769	0.13443396226415094	0.07196969696969698	0.208	0.08280254777070063
test	NZ_JCDGMJ010000045.1	NZ_LR890211.1	0.0703125	[0.05, 0.15)	16.218333333333334	34070	111450	0.1757557968887584	0.0530641543292956	0.0530641543292956	97.32891535893155	0.1757557968887584	False	False	False	0.9654361699598588	0.17054263565891473	0.05152224824355972	0.19230769230769232	0.0390625
test	NZ_JCDGMJ010000045.1	NZ_CP058198.1	0.1238095238095238	[0.05, 0.15)	16.218333333333334	34070	108466	0.400616378045201	0.1274039791270997	0.1274039791270997	98.34140503252556	0.400616378045201	False	False	False	0.9762880606802431	0.35658914728682173	0.12777777777777777	0.38461538461538464	0.08196721311475409
test	NZ_RREW01000095.1	NZ_JBXUIS010000004.1	0.054054054054054	[0.05, 0.15)	16.218333333333334	4950	50472	0.3551515151515151	0.0348113805674433	0.0348113805674433	95.24369365798417	0.3551515151515151	False	False	False	0.9151483399246573	0.25925925925925924	0.05511811023622047	0.3333333333333333	0.027777777777777776
test	NZ_CP021547.1	NZ_OP242238.1	0.1085271317829457	[0.05, 0.15)	16.218333333333334	45740	111500	0.4342807170966331	0.1781614349775784	0.1781614349775784	97.9972781383648	0.4342807170966331	False	False	False	0.9873038834937239	0.4044943820224719	0.17560975609756097	0.34	0.11805555555555555
test	CP067788.1	NZ_CP021547.1	0.0714285714285714	[0.05, 0.15)	16.218333333333334	13841	45740	0.4316884618163427	0.1306296458242238	0.1306296458242238	100.0	0.4316884618163427	False	False	False	0.9744502371697279	0.3870967741935484	0.12156295224312591	0.3125	0.08196721311475409
test	CP122738.1	NZ_AP043608.1	0.0611111111111111	[0.05, 0.15)	16.218333333333334	93581	96372	0.2783791581624475	0.270483127879467	0.270483127879467	93.65700500860258	0.2783791581624475	False	False	False	0.9782958694055273	0.14405594405594405	0.14405594405594405	0.41904761904761906	0.2558139534883721
test	CP122738.1	NZ_AP022296.1	0.0697674418604651	[0.05, 0.15)	16.218333333333334	93581	105884	0.3049443797352026	0.2697385818442824	0.2697385818442824	94.64407777390092	0.3049443797352026	False	False	False	0.9911198399555965	0.15406976744186046	0.13802083333333334	0.49523809523809526	0.30409356725146197
test	CP035636.1	NZ_CP176937.1	0.0528735632183908	[0.05, 0.15)	16.218333333333334	103522	345230	0.2772937153455304	0.0831040176114474	0.0831040176114474	96.65256418554478	0.2772937153455304	False	False	False	0.9912595276139695	0.18652849740932642	0.055900621118012424	0.22330097087378642	0.0518018018018018
test	NZ_JAUAMS010000033.1	NZ_JBRAXZ010000003.1	0.064	[0.05, 0.15)	16.218333333333334	13218	118098	0.9362233318202452	0.105048349675693	0.105048349675693	93.8397163280058	0.9362233318202452	False	False	True	0.9808212896204058	0.4166666666666667	0.04395604395604396	0.5384615384615384	0.05
test	NZ_JAUAMS010000033.1	NZ_CP135667.1	0.0958904109589041	[0.05, 0.15)	16.218333333333334	13218	76366	0.9369042215161144	0.162480685121651	0.162480685121651	92.1515529251264	0.9369042215161144	True	False	True	0.981931582486222	0.43010752688172044	0.0690846286701209	0.46153846153846156	0.06451612903225806
test	NZ_CP093468.1	NZ_CM007910.1	0.1475409836065573	[0.05, 0.15)	16.218333333333334	36230	124845	0.8902014904775049	0.258688774079859	0.258688774079859	95.8286672443138	0.8902014904775049	False	False	True	0.9380130781521853	0.5428571428571428	0.20159151193633953	0.7454545454545455	0.3037037037037037
test	NZ_RRRW01000071.1	NZ_CP095666.1	0.1428571428571428	[0.05, 0.15)	16.218333333333334	93340	99379	0.4054103278337261	0.3810865474597248	0.3810865474597248	93.77766402464717	0.4054103278337261	False	False	False	0.9706126140900952	0.1939218523878437	0.17268041237113402	0.30612244897959184	0.16042780748663102
test	NZ_RRRW01000071.1	NC_017659.1	0.0973451327433628	[0.05, 0.15)	16.218333333333334	93340	147060	0.3220162845511035	0.2046647626818985	0.2046647626818985	96.02253763476531	0.3220162845511035	False	False	False	0.9645524276109857	0.1804733727810651	0.11401869158878504	0.25510204081632654	0.11627906976744186
test	CP110581.1	NZ_CP061958.1	0.0855263157894736	[0.05, 0.15)	16.218333333333334	52969	109135	0.3132209405501331	0.1520410500755944	0.1520410500755944	98.91522982826152	0.3132209405501331	False	False	False	0.9905881660259283	0.273542600896861	0.15803108808290156	0.24528301886792453	0.08176100628930817
test	NZ_JBRXNM010000013.1	NZ_CP061958.1	0.0508474576271186	[0.05, 0.15)	16.218333333333334	6948	109135	0.6141335636154289	0.0391441792275621	0.0391441792275621	99.83651579686402	0.6141335636154289	False	False	True	0.9794052570941125	0.5357142857142857	0.038860103626943004	0.2857142857142857	0.016129032258064516
test	NZ_CP173443.1	NZ_AP043608.1	0.0816326530612244	[0.05, 0.15)	16.218333333333334	50702	96372	0.3966115735079484	0.2080479807412941	0.2080479807412941	95.48195904081028	0.3966115735079484	False	False	False	0.9858472351759014	0.2454780361757106	0.13494318181818182	0.47368421052631576	0.19148936170212766
test	NZ_CP173443.1	NZ_CP031907.1	0.1021897810218978	[0.05, 0.15)	16.218333333333334	50702	121036	0.454932744270443	0.1898030338081232	0.1898030338081232	94.9434823234506	0.454932744270443	False	False	False	0.9925683538040057	0.21465968586387435	0.09579439252336448	0.49122807017543857	0.1917808219178082
test	NZ_AP043608.1	NZ_AP039440.1	0.0593607305936073	[0.05, 0.15)	16.218333333333334	96372	123644	0.289129622711991	0.2253728446184206	0.2253728446184206	94.5191013228459	0.289129622711991	False	False	False	0.9891787240504863	0.15864022662889518	0.12612612612612611	0.44144144144144143	0.2552083333333333
test	NZ_AP043608.1	AP026488.1	0.0548523206751054	[0.05, 0.15)	16.218333333333334	96372	152942	0.2627941725812476	0.1652129565456186	0.1652129565456186	92.61251103418434	0.2627941725812476	False	False	False	0.9843926308174544	0.10198300283286119	0.06196213425129088	0.38738738738738737	0.19545454545454546
test	NZ_MW881232.1	NZ_AP043608.1	0.0813953488372093	[0.05, 0.15)	16.218333333333334	91784	96372	0.285104157587379	0.2717905615739011	0.2717905615739011	94.22297667161394	0.285104157587379	False	False	False	0.9934490722620241	0.1608187134502924	0.15625	0.43564356435643564	0.2619047619047619
test	CP091400.1	NZ_CP156664.1	0.0597014925373134	[0.05, 0.15)	16.218333333333334	42194	96210	0.3741053230317107	0.1641721234798877	0.1641721234798877	94.74502554859924	0.3741053230317107	False	False	False	0.9912873618327493	0.209375	0.09612625538020086	0.24444444444444444	0.08148148148148149
test	CP091400.1	NZ_CP043297.1	0.0839694656488549	[0.05, 0.15)	16.218333333333334	42194	110724	0.4412712707967957	0.1681207326324916	0.1681207326324916	95.44407938039345	0.4412712707967957	False	False	False	0.9746118547044246	0.25161290322580643	0.10025706940874037	0.24444444444444444	0.06962025316455696
test	CP091400.1	NZ_AP038988.1	0.0729166666666666	[0.05, 0.15)	16.218333333333334	42194	78863	0.4849030667867469	0.2586130377997286	0.2586130377997286	94.6068817597194	0.4849030667867469	False	False	False	0.99207380517031	0.26875	0.14625850340136054	0.26666666666666666	0.10526315789473684
test	NZ_CP169909.1	NZ_CP148841.1	0.0674418604651162	[0.05, 0.15)	16.218333333333334	155489	319375	0.3403391879811434	0.1657549902152642	0.1657549902152642	96.61577476101589	0.3403391879811434	False	False	False	0.9867432327937276	0.24803149606299213	0.10918544194107452	0.3136094674556213	0.12383177570093458
test	NZ_AP026795.1	NZ_CP062226.1	0.0565110565110565	[0.05, 0.15)	16.218333333333334	165477	265014	0.184599672462034	0.1153184360071543	0.1153184360071543	98.66619843734676	0.184599672462034	False	False	False	0.9726508847859542	0.16506410256410256	0.1027944111776447	0.125	0.04883720930232558
test	NZ_JPGS01000084.1	NZ_CP020069.1	0.1111111111111111	[0.05, 0.15)	16.218333333333334	21232	213013	0.9699510173323286	0.0966279053391107	0.0966279053391107	99.50010342818295	0.9699510173323286	False	False	True	0.9814019895862455	0.9381443298969072	0.11741935483870967	0.84375	0.13106796116504854
test	NZ_JPGS01000084.1	NZ_CP014121.1	0.115	[0.05, 0.15)	16.218333333333334	21232	200203	1.0	0.1060523568577893	0.1060523568577893	100.0	1.0	False	False	True	0.978399515743319	1.0	0.13566433566433567	0.96875	0.15270935960591134
test	NZ_CP070140.1	NZ_CP018943.1	0.1111111111111111	[0.05, 0.15)	16.218333333333334	1713	6647	0.2224168126094571	0.0570182037009177	0.0570182037009177	97.644	0.2224168126094571	False	False	False	0.843056416309512	0.15	0.03836317135549872	0.0	0.0
test	OW969918.1	NZ_CP141542.1	0.0987654320987654	[0.05, 0.15)	16.218333333333334	104126	202151	0.4751070818047365	0.2449802375452013	0.2449802375452013	94.3474118655001	0.4751070818047365	False	False	False	0.9932828074425089	0.21012658227848102	0.11277173913043478	0.40336134453781514	0.1791044776119403
test	NZ_JBJUUB010000012.1	NZ_CP019210.1	0.1212121212121212	[0.05, 0.15)	16.218333333333334	35887	45501	0.3687407696380305	0.2911364585393727	0.2911364585393727	98.8397846165436	0.3687407696380305	False	False	False	0.9850829751460213	0.3107569721115538	0.23780487804878048	0.23809523809523808	0.11627906976744186
test	NZ_CP054742.1	NZ_PEHU01000018.1	0.0909090909090909	[0.05, 0.15)	16.218333333333334	11970	41575	0.1618212197159565	0.0465664461815995	0.0465664461815995	99.38	0.1618212197159565	False	False	False	0.9698916798227127	0.11351351351351352	0.032915360501567396	0.06666666666666667	0.017543859649122806
test	CP088364.1	CP098997.1	0.0531400966183574	[0.05, 0.15)	16.218333333333334	80900	169374	0.227725587144623	0.1087770259898213	0.1087770259898213	95.63919477357572	0.227725587144623	False	False	False	0.9883745444705587	0.1651376146788991	0.084375	0.14606741573033707	0.05555555555555555
test	CP098997.1	NZ_CP154633.1	0.0552147239263803	[0.05, 0.15)	16.218333333333334	169374	210515	0.1335683162705019	0.1075077785430966	0.1075077785430966	97.84002796059896	0.1335683162705019	False	False	False	0.9886476765889953	0.1125	0.096	0.10759493670886076	0.04722222222222222
test	CP057522.1	NZ_CP038401.1	0.1020408163265306	[0.05, 0.15)	16.218333333333334	86439	92513	0.3069563507213179	0.2853112535535546	0.2853112535535546	96.44092536697076	0.3069563507213179	False	False	False	0.9608854955677801	0.2237871674491393	0.1945578231292517	0.2840909090909091	0.16556291390728478
test	NZ_JALEBI010000023.1	NZ_CP038401.1	0.0979020979020979	[0.05, 0.15)	16.218333333333334	86591	92513	0.3325403332909886	0.3116426880546518	0.3116426880546518	93.53975507241366	0.3325403332909886	False	False	False	0.9528924023265152	0.1530758226037196	0.145578231292517	0.2840909090909091	0.15151515151515152
test	CP104420.1	NZ_CP038401.1	0.0757575757575757	[0.05, 0.15)	16.218333333333334	83397	92513	0.2503807091382184	0.2252872569260536	0.2252872569260536	94.3012213040363	0.2503807091382184	False	False	False	0.9447734632369932	0.1270096463022508	0.10748299319727891	0.22727272727272727	0.12195121951219512
test	NZ_CP184004.1	NZ_MT560079.1	0.0515463917525773	[0.05, 0.15)	16.218333333333334	45802	68684	0.1311296449936684	0.0875458622095393	0.0875458622095393	99.53549402786994	0.1311296449936684	False	False	False	0.9825267620856272	0.11411411411411411	0.08225108225108226	0.057692307692307696	0.024793388429752067
test	NZ_CP151316.1	NZ_CP184004.1	0.1176470588235294	[0.05, 0.15)	16.218333333333334	8378	45802	0.5791358319407973	0.105672241386839	0.105672241386839	99.17758490953946	0.5791358319407973	False	False	True	0.9756278249765906	0.6153846153846154	0.11816838995568685	0.45454545454545453	0.08620689655172414
test	NZ_CP184004.1	NZ_MG591701.1	0.0598290598290598	[0.05, 0.15)	16.218333333333334	45802	91597	0.1957774769660713	0.0980599801303536	0.0980599801303536	99.57720531642754	0.1957774769660713	False	False	False	0.9751956928776996	0.21921921921921922	0.10879284649776454	0.15384615384615385	0.05333333333333334
test	NZ_CP176935.1	NZ_CP153791.1	0.0535211267605633	[0.05, 0.15)	16.218333333333334	147379	292610	0.2366619396250483	0.1192201223471515	0.1192201223471515	95.24479019198309	0.2366619396250483	False	False	False	0.9966296685807646	0.15591397849462366	0.08325358851674641	0.18292682926829268	0.07692307692307693
test	NZ_CP154419.1	NZ_CP153791.1	0.0532687651331719	[0.05, 0.15)	16.218333333333334	220171	292610	0.2077476143542973	0.1563548750897098	0.1563548750897098	95.50882185801892	0.2077476143542973	False	False	False	0.995886594886129	0.13526570048309178	0.10717703349282297	0.17488789237668162	0.08863636363636364
test	NZ_CM017149.1	NZ_CP183354.1	0.0510204081632653	[0.05, 0.15)	16.218333333333334	153499	162681	0.13701066456459	0.1286382552357066	0.1286382552357066	98.54668457045165	0.13701066456459	False	False	False	0.9819898446885001	0.1348314606741573	0.12141652613827993	0.10126582278481013	0.052805280528052806
test	CP051936.1	NC_013348.1	0.1212121212121212	[0.05, 0.15)	16.218333333333334	27271	45052	0.4618825858971068	0.2791662967237858	0.2791662967237858	95.30646231036664	0.4618825858971068	False	False	False	0.994026378600075	0.24641148325358853	0.16747967479674797	0.34375	0.14473684210526316
test	CP014297.1	NZ_JBYYIK010000003.1	0.0790697674418604	[0.05, 0.15)	16.218333333333334	90274	144341	0.1721425881206106	0.1076686457763213	0.1076686457763213	99.66570158750562	0.1721425881206106	False	False	False	0.966315403809463	0.1762917933130699	0.10086956521739131	0.19540229885057472	0.06967213114754098
test	CP088721.1	NZ_CP043297.1	0.072072072072072	[0.05, 0.15)	16.218333333333334	17698	110724	0.7307605379138886	0.1168942596004479	0.1168942596004479	95.04419513701274	0.7307605379138886	False	False	True	0.9770146412048901	0.2698412698412698	0.043701799485861184	0.3333333333333333	0.03731343283582089
test	NZ_CP100792.1	NZ_CP089446.1	0.0880503144654088	[0.05, 0.15)	16.218333333333334	79245	129071	0.2863398321660673	0.175918680416205	0.175918680416205	97.40583740766792	0.2863398321660673	False	False	False	0.9688166545105097	0.34024896265560167	0.15738963531669867	0.2222222222222222	0.08080808080808081
test	NZ_CP031907.1	NZ_CP089446.1	0.0523809523809523	[0.05, 0.15)	16.218333333333334	121036	129071	0.2469513202683499	0.2316012117361762	0.2316012117361762	92.89446632227964	0.2469513202683499	False	False	False	0.9737180118305672	0.09813084112149532	0.08061420345489444	0.18803418803418803	0.09282700421940929
test	CP101962.1	NZ_CP089446.1	0.1395348837209302	[0.05, 0.15)	16.218333333333334	82673	129071	0.5395231816917252	0.3452285951143169	0.3452285951143169	94.86893078523956	0.5395231816917252	False	False	True	0.9597562950992171	0.2724358974358974	0.16314779270633398	0.4731182795698925	0.23036649214659685
test	NZ_RREL01000124.1	NZ_CP089446.1	0.0546875	[0.05, 0.15)	16.218333333333334	8318	129071	0.8104111565280115	0.0522580595176298	0.0522580595176298	94.89886603578292	0.8104111565280115	False	False	True	0.9634122682132219	0.5909090909090909	0.02495201535508637	0.7857142857142857	0.07586206896551724
test	NZ_CP089446.1	NZ_JBWVJQ010000002.1	0.0814249363867684	[0.05, 0.15)	16.218333333333334	129071	325551	0.4515576698096396	0.1789397052996304	0.1789397052996304	94.60618725195022	0.4515576698096396	False	False	False	0.9958990273999104	0.21689059500959693	0.10044444444444445	0.36619718309859156	0.1306532663316583
test	NZ_CP089446.1	NZ_CP100828.1	0.0508474576271186	[0.05, 0.15)	16.218333333333334	129071	143148	0.1772667756506109	0.1601279794338726	0.1601279794338726	90.09246005294447	0.1772667756506109	False	False	False	0.9702318244132194	0.09404990403071017	0.09386973180076628	0.14788732394366197	0.07636363636363637
test	NZ_CP024276.1	NZ_CP101766.1	0.0533333333333333	[0.05, 0.15)	16.218333333333334	38177	127176	0.3628100688896456	0.109438887840473	0.109438887840473	94.3633012462398	0.3628100688896456	False	False	False	0.9792328837632357	0.21379310344827587	0.07276995305164319	0.28888888888888886	0.0755813953488372
test	NZ_PP129611.1	NZ_CP101766.1	0.1156462585034013	[0.05, 0.15)	16.218333333333334	63468	127176	0.4762399949580891	0.2374740517078694	0.2374740517078694	97.971500875541	0.4762399949580891	False	False	False	0.9935484973503812	0.3905579399141631	0.2136150234741784	0.47435897435897434	0.20441988950276244
test	NZ_CP101766.1	CP067475.1	0.1039426523297491	[0.05, 0.15)	16.218333333333334	127176	216181	0.3479980499465308	0.2048422386796249	0.2048422386796249	96.07585180429786	0.3479980499465308	False	False	False	0.9936976880495689	0.2652582159624413	0.1421383647798742	0.2857142857142857	0.13071895424836602
test	NZ_JAHQYP010000015.1	CP080739.1	0.1097560975609756	[0.05, 0.15)	16.218333333333334	81298	206152	0.509951044306133	0.2010409794714579	0.2010409794714579	94.79835571923743	0.509951044306133	True	False	True	0.9863851787181711	0.28362573099415206	0.1283068783068783	0.5268817204301075	0.19215686274509805
test	NZ_CP034679.1	CP080739.1	0.089430894308943	[0.05, 0.15)	16.218333333333334	83909	206152	0.5300027410647249	0.2161657417827622	0.2161657417827622	96.61294691156402	0.5300027410647249	True	False	True	0.9890445147652585	0.3462897526501767	0.12962962962962962	0.3561643835616438	0.10077519379844961
test	OW849502.1	NZ_CP026393.1	0.0588235294117647	[0.05, 0.15)	16.218333333333334	4804	6761	0.3715653621981682	0.2616476852536607	0.2616476852536607	86.54849861033908	0.3715653621981682	False	False	False	0.933818823807796	0.13870967741935483	0.0945054945054945	0.14285714285714285	0.06666666666666667
test	NZ_CP091696.1	NZ_CP038655.1	0.0909090909090909	[0.05, 0.15)	16.218333333333334	3461	5584	0.1635365501300202	0.1020773638968481	0.1020773638968481	89.043	0.1635365501300202	False	False	False	0.9118830073759342	0.03755868544600939	0.023703703703703703	0.0	0.0
test	NZ_CP014496.1	NZ_CP057239.1	0.1339285714285714	[0.05, 0.15)	16.218333333333334	114223	145940	0.464092170578605	0.3638001918596683	0.3638001918596683	93.61579087481005	0.464092170578605	False	False	False	0.9889232032547732	0.17488789237668162	0.1407942238267148	0.3712121212121212	0.20588235294117646
test	NZ_CP014496.1	NZ_CP032263.1	0.13215859030837	[0.05, 0.15)	16.218333333333334	114223	155784	0.4893760451047512	0.3588044985364351	0.3588044985364351	93.87880131553148	0.4893760451047512	False	False	False	0.9785871821701081	0.1905829596412556	0.15711645101663585	0.3560606060606061	0.19665271966527198
test	NZ_RRDY01000195.1	NZ_JAQMUU010000004.1	0.1165644171779141	[0.05, 0.15)	16.218333333333334	78952	101631	0.4443839294761374	0.3453670631992207	0.3453670631992207	91.38953967216835	0.4443839294761374	False	False	False	0.9944597984919095	0.14735099337748345	0.11835106382978723	0.3058823529411765	0.14606741573033707
test	NZ_CP146851.1	OW849035.1	0.1027397260273972	[0.05, 0.15)	16.218333333333334	138872	204647	0.3257388098392764	0.2211026792476801	0.2211026792476801	96.72859741892783	0.3257388098392764	False	False	False	0.9957418714834135	0.23162583518930957	0.1392235609103079	0.3	0.14469453376205788
test	OW849035.1	NZ_CP086762.1	0.0734597156398104	[0.05, 0.15)	16.218333333333334	204647	296148	0.3063567997576314	0.2111005308156732	0.2111005308156732	96.1659921443026	0.3063567997576314	False	False	False	0.9951608220134825	0.19678714859437751	0.14013346043851288	0.22330097087378642	0.10244988864142539
test	NZ_CP067434.1	OW849035.1	0.1333333333333333	[0.05, 0.15)	16.218333333333334	180050	204647	0.2944182171618995	0.2590753834651864	0.2590753834651864	95.8309803511548	0.2944182171618995	False	False	False	0.9929606884655061	0.1891025641025641	0.15796519410977242	0.20903954802259886	0.1069364161849711
test	NZ_CP142946.1	NZ_AP028843.1	0.1111111111111111	[0.05, 0.15)	16.218333333333334	48552	137403	0.6107472400724996	0.215555701112785	0.215555701112785	96.4282670007399	0.6107472400724996	False	False	True	0.9939189117627779	0.3770491803278688	0.1440501043841336	0.49056603773584906	0.15384615384615385
test	NZ_CP118928.1	NZ_KX636095.1	0.0520547945205479	[0.05, 0.15)	16.218333333333334	67839	335317	0.2301625908400772	0.0466006793571456	0.0466006793571456	99.0410367576552	0.2301625908400772	False	False	False	0.9840274432706485	0.22310756972111553	0.045454545454545456	0.17647058823529413	0.034403669724770644
test	NZ_CP127500.1	NZ_CP146851.1	0.050632911392405	[0.05, 0.15)	16.218333333333334	134238	138872	0.2108568363652617	0.2037991819805288	0.2037991819805288	92.74656271985369	0.2108568363652617	False	False	False	0.9883942869426486	0.081799591002045	0.081799591002045	0.25	0.1417624521072797
test	NZ_CP068905.1	NZ_CP146851.1	0.0674157303370786	[0.05, 0.15)	16.218333333333334	56522	138872	0.3597360319875446	0.1463938014862607	0.1463938014862607	98.01557183555184	0.3597360319875446	False	False	False	0.9915983279639367	0.24489795918367346	0.10690423162583519	0.25	0.08080808080808081
test	NZ_CP181526.1	NZ_CP146851.1	0.0574162679425837	[0.05, 0.15)	16.218333333333334	96057	138872	0.1559178404489001	0.1078475142577337	0.1078475142577337	96.1889187154374	0.1559178404489001	False	False	False	0.9897408396968531	0.10617283950617284	0.0957683741648107	0.18269230769230768	0.08085106382978724
test	NZ_JALEBI010000023.1	NZ_CP146851.1	0.0653266331658291	[0.05, 0.15)	16.218333333333334	86591	138872	0.2525551154277003	0.1578647963592372	0.1578647963592372	93.65292325179594	0.2525551154277003	False	False	False	0.9799627527843644	0.13753581661891118	0.10690423162583519	0.2549019607843137	0.11504424778761062
test	NZ_CP149976.1	NZ_CP146851.1	0.0983606557377049	[0.05, 0.15)	16.218333333333334	58972	138872	0.1918876755070203	0.0814707068379514	0.0814707068379514	99.67294628026151	0.1918876755070203	False	False	False	0.9897021839002864	0.2	0.10022271714922049	0.1388888888888889	0.04716981132075472
test	NZ_CP086419.1	NZ_CP146851.1	0.0755813953488372	[0.05, 0.15)	16.218333333333334	70475	138872	0.3105640297978006	0.1575839622098047	0.1575839622098047	98.2923590247021	0.3105640297978006	False	False	False	0.9924459200856645	0.2145748987854251	0.11804008908685969	0.2716049382716049	0.10526315789473684
test	NZ_CP100792.1	NZ_CP191553.1	0.0852713178294573	[0.05, 0.15)	16.218333333333334	79245	107053	0.2268912865164994	0.1679635320822396	0.1679635320822396	98.33872324702745	0.2268912865164994	False	False	False	0.9846482687426725	0.23651452282157676	0.15240641711229946	0.20833333333333334	0.08875739644970414
test	NZ_CP100792.1	NZ_CP154633.1	0.0826086956521739	[0.05, 0.15)	16.218333333333334	79245	210515	0.2934191431636065	0.1108092059948222	0.1108092059948222	98.00439367077765	0.2934191431636065	False	False	False	0.9855441459987538	0.33195020746887965	0.10666666666666667	0.19444444444444445	0.05054151624548736
test	NZ_CP100792.1	NZ_CP026579.1	0.0909090909090909	[0.05, 0.15)	16.218333333333334	79245	100229	0.1160073190737586	0.0916800526793642	0.0916800526793642	99.79321909318256	0.1160073190737586	False	False	False	0.96583131200665	0.16806722689075632	0.10568031704095113	0.06944444444444445	0.027472527472527472
test	NZ_AP018744.1	NZ_CP100792.1	0.0686274509803921	[0.05, 0.15)	16.218333333333334	51983	79245	0.1299078544908912	0.0852419711022777	0.0852419711022777	99.79274755844924	0.1299078544908912	False	False	False	0.982376870281442	0.1497326203208556	0.11764705882352941	0.08823529411764706	0.04477611940298507
test	NZ_CP086419.1	NZ_CP100792.1	0.0918367346938775	[0.05, 0.15)	16.218333333333334	70475	79245	0.2325647392692444	0.2065997854754243	0.2065997854754243	97.48120240273204	0.2325647392692444	False	False	False	0.9861914731337094	0.1670103092783505	0.1670103092783505	0.20833333333333334	0.10869565217391304
test	NZ_CP100792.1	NZ_JBVTJX020000002.1	0.0657439446366782	[0.05, 0.15)	16.218333333333334	79245	257061	0.3514291122468294	0.1083672746935552	0.1083672746935552	97.80259074452452	0.3514291122468294	False	False	False	0.9442150634321855	0.34024896265560167	0.08299595141700405	0.2361111111111111	0.049707602339181284
test	NZ_PQ279301.1	NZ_CP086762.1	0.0526315789473684	[0.05, 0.15)	16.218333333333334	283375	296148	0.144324658138509	0.1381066223644934	0.1381066223644934	93.3894078546164	0.144324658138509	False	False	False	0.9829765675993145	0.08524289642529789	0.08524289642529789	0.10034602076124567	0.0506108202443281
test	LR962492.1	CP118073.1	0.081081081081081	[0.05, 0.15)	16.218333333333334	57994	70631	0.2844087319377866	0.2334810493975733	0.2334810493975733	96.89136845288496	0.2844087319377866	False	False	False	0.9841973975310727	0.21800947867298578	0.1803921568627451	0.25	0.13008130081300814
test	NZ_CP068594.1	NZ_CM017149.1	0.0927835051546391	[0.05, 0.15)	16.218333333333334	82214	153499	0.4363733670664363	0.2342946859588661	0.2342946859588661	97.6619299103052	0.4363733670664363	False	False	False	0.988468737835736	0.2624113475177305	0.13857677902621723	0.30303030303030304	0.13043478260869565
test	NZ_CP068594.1	NZ_JBRAXZ010000003.1	0.1445086705202312	[0.05, 0.15)	16.218333333333334	82214	118098	0.4177998880969178	0.2911141594269166	0.2911141594269166	96.52447910920124	0.4177998880969178	False	False	False	0.9929391974718572	0.3191489361702128	0.1978021978021978	0.36363636363636365	0.18274111675126903
test	NZ_CP135667.1	NZ_CP068594.1	0.1240310077519379	[0.05, 0.15)	16.218333333333334	76366	82214	0.3171568499070267	0.2941104921302941	0.2941104921302941	95.37228153459432	0.3154867436289569	True	False	False	0.9871490473291811	0.2158894645941278	0.21114864864864866	0.29069767441860467	0.15625
test	NZ_CP068594.1	CP104420.1	0.1221374045801526	[0.05, 0.15)	16.218333333333334	82214	83397	0.3372539956698372	0.3330095806803602	0.3330095806803602	96.05551118222353	0.3372539956698372	False	False	False	0.9714656679313445	0.22804054054054054	0.2170418006430868	0.2708333333333333	0.15384615384615385
test	NZ_CP024276.1	NZ_MG591701.1	0.0727272727272727	[0.05, 0.15)	16.218333333333334	38177	91597	0.3576237001335883	0.1498411520027948	0.1498411520027948	94.37810357350378	0.3576237001335883	False	False	False	0.9724956529706421	0.1971326164874552	0.08196721311475409	0.28888888888888886	0.09420289855072464
test	NZ_CP068905.1	NZ_OP242238.1	0.1418439716312056	[0.05, 0.15)	16.218333333333334	56522	111500	0.3552245143483953	0.1799730941704035	0.1799730941704035	99.80597495643516	0.3552245143483953	False	False	False	0.9913525810322177	0.34183673469387754	0.16341463414634147	0.25	0.10062893081761007
test	NZ_CP068905.1	NZ_CM017149.1	0.0828729281767955	[0.05, 0.15)	16.218333333333334	56522	153499	0.3869289834046919	0.143017218353214	0.143017218353214	98.8076975791773	0.3869289834046919	False	False	False	0.9898482675847597	0.32653061224489793	0.1198501872659176	0.265625	0.08173076923076923
test	NZ_CP068905.1	NZ_CP042894.1	0.0893854748603352	[0.05, 0.15)	16.218333333333334	56522	141344	0.3064116627154029	0.1223822730359972	0.1223822730359972	97.53308616714696	0.3064116627154029	False	False	False	0.9918383358377654	0.25510204081632654	0.09578544061302682	0.171875	0.05945945945945946
test	NZ_AP018744.1	NZ_CP068905.1	0.1308411214953271	[0.05, 0.15)	16.218333333333334	51983	56522	0.2289787045764961	0.2102897986624677	0.2102897986624677	98.23258932908956	0.2289787045764961	False	False	False	0.9880208061367804	0.21122994652406418	0.2051948051948052	0.171875	0.09090909090909091
test	NZ_CP068905.1	NZ_CP118928.1	0.0847457627118644	[0.05, 0.15)	16.218333333333334	56522	67839	0.221276671030749	0.1846577927151048	0.1846577927151048	97.25010290132312	0.221276671030749	False	False	False	0.9904106877382313	0.16363636363636364	0.13097713097713098	0.15625	0.07194244604316546
test	NZ_CP151316.1	NZ_CP068905.1	0.0735294117647058	[0.05, 0.15)	16.218333333333334	8378	56522	0.2643829076151826	0.0394005873819043	0.0394005873819043	99.461	0.2643829076151826	False	False	False	0.9671001015677271	0.29850746268656714	0.05194805194805195	0.2727272727272727	0.041666666666666664
test	NZ_CP068905.1	NZ_MG591701.1	0.0606060606060606	[0.05, 0.15)	16.218333333333334	56522	91597	0.2278935635681681	0.1406487112023319	0.1406487112023319	96.36632765166192	0.2278935635681681	False	False	False	0.9825746897680778	0.15064935064935064	0.08643815201192251	0.125	0.04938271604938271
test	NZ_CP092976.1	NZ_CM017149.1	0.081081081081081	[0.05, 0.15)	16.218333333333334	122037	153499	0.2087399723034817	0.1660727431449064	0.1660727431449064	97.1469248314783	0.2087399723034817	False	False	False	0.9878701495397333	0.16910229645093947	0.15168539325842698	0.18181818181818182	0.0796812749003984
test	NZ_MG591701.1	NZ_CP092976.1	0.0616113744075829	[0.05, 0.15)	16.218333333333334	91597	122037	0.1969933513106324	0.1481026246138466	0.1481026246138466	97.73521709108988	0.1969933513106324	False	False	False	0.9858320151340715	0.18128654970760233	0.12943632567849686	0.10377358490566038	0.05365853658536585
test	OR771667.1	CP088364.1	0.0546875	[0.05, 0.15)	16.218333333333334	56762	80900	0.1031147598745639	0.0720395550061804	0.0720395550061804	99.52135725269092	0.1031147598745639	False	False	False	0.9086117390640399	0.12751677852348994	0.09484193011647254	0.07462686567164178	0.033112582781456956
test	NZ_OR388869.1	NZ_CP145710.1	0.0595238095238095	[0.05, 0.15)	16.218333333333334	94213	95144	0.207391761221912	0.2052783149751955	0.2052783149751955	95.10898544953284	0.207391761221912	False	False	False	0.98379073923413	0.12247838616714697	0.1223021582733813	0.1941747572815534	0.10582010582010581
test	CP035636.1	NZ_CP141542.1	0.0851851851851851	[0.05, 0.15)	16.218333333333334	103522	202151	0.3215451788025734	0.1646541446740308	0.1646541446740308	97.06569845175228	0.3215451788025734	False	False	False	0.9978624424596939	0.23575129533678757	0.12364130434782608	0.27184466019417475	0.10294117647058823
test	OW849481.1	NZ_CP141542.1	0.0873015873015873	[0.05, 0.15)	16.218333333333334	105977	202151	0.2368627154948715	0.1241497692319108	0.1241497692319108	99.51815139807216	0.2368627154948715	False	False	False	0.992567880279816	0.23835616438356164	0.11820652173913043	0.1810344827586207	0.07191780821917808
test	NZ_JCDLMC010000005.1	NZ_CP141542.1	0.1136363636363636	[0.05, 0.15)	16.218333333333334	67088	202151	0.4400488910088242	0.1460739744052713	0.1460739744052713	98.26244589066567	0.4400488910088242	False	False	False	0.9947417489121225	0.463519313304721	0.14673913043478262	0.4430379746835443	0.14522821576763487
test	NZ_CP084396.1	NZ_JCBEAH010000002.1	0.1111111111111111	[0.05, 0.15)	16.218333333333334	4167	7162	0.1787856971442284	0.1026249650935492	0.1026249650935492	82.632	0.1787856971442284	False	False	False	0.9357240724708751	0.04152249134948097	0.04152249134948097	0.0	0.0
test	NZ_CP084801.1	NZ_JCBEAH010000002.1	0.0909090909090909	[0.05, 0.15)	16.218333333333334	3534	7162	0.1284663271080928	0.0654845015358838	0.0654845015358838	79.792	0.1284663271080928	False	False	False	0.9058298320292972	0.03111111111111111	0.027237354085603113	0.0	0.0
test	NZ_NBOP01000105.1	NZ_CP014121.1	0.079295154185022	[0.05, 0.15)	16.218333333333334	44421	200203	0.7477319285923325	0.1658866250755483	0.1658866250755483	95.60122045160708	0.7477319285923325	False	False	True	0.9781964498206474	0.4329268292682927	0.0993006993006993	0.5660377358490566	0.13333333333333333
test	NZ_CP095666.1	NZ_CM017149.1	0.135	[0.05, 0.15)	16.218333333333334	99379	153499	0.5134082653276849	0.332366986104144	0.332366986104144	94.37167816563196	0.5134082653276849	False	False	True	0.9813879614859061	0.24484536082474226	0.17790262172284643	0.35294117647058826	0.17647058823529413
test	NZ_CP169124.1	CP057191.1	0.050632911392405	[0.05, 0.15)	16.218333333333334	90370	102988	0.1720371804802478	0.1509884646754961	0.1509884646754961	94.42732781201848	0.1720371804802478	False	False	False	0.9755264674410606	0.07384615384615385	0.06666666666666667	0.16279069767441862	0.07909604519774012
test	NZ_CP116926.1	NZ_CP169124.1	0.081081081081081	[0.05, 0.15)	16.218333333333334	11848	90370	0.5655806887238353	0.0743166980192541	0.0743166980192541	99.83601116736152	0.5655806887238353	False	False	True	0.9814550021970322	0.6987951807228916	0.08978328173374613	0.4	0.06315789473684211
test	NZ_CP191553.1	NZ_JBSTQQ010000002.1	0.0985915492957746	[0.05, 0.15)	16.218333333333334	107053	156753	0.3844357467796325	0.2625659477011604	0.2625659477011604	97.66161812580354	0.3844357467796325	False	False	False	0.9929929976482371	0.2647058823529412	0.17157712305025996	0.2857142857142857	0.13008130081300814
test	NC_017659.1	NZ_JBSTQQ010000002.1	0.0945454545454545	[0.05, 0.15)	16.218333333333334	147060	156753	0.3289745682034544	0.3086001543830102	0.3086001543830102	96.67362637997569	0.3289745682034544	False	False	False	0.9964453695820473	0.21495327102803738	0.19930675909878684	0.29577464788732394	0.15789473684210525
test	CP082724.1	NZ_JBSTQQ010000002.1	0.0585106382978723	[0.05, 0.15)	16.218333333333334	53499	156753	0.2292566216190956	0.0783015317091219	0.0783015317091219	96.6944649894154	0.2292566216190956	False	False	False	0.9936591887707037	0.1358695652173913	0.043327556325823226	0.2	0.05963302752293578
test	NZ_AP038988.1	NZ_JBSTQQ010000002.1	0.0677083333333333	[0.05, 0.15)	16.218333333333334	78863	156753	0.3175506891698261	0.1604435002838861	0.1604435002838861	95.14930790298892	0.3175506891698261	False	False	False	0.9761643178282644	0.175	0.08492201039861352	0.1728395061728395	0.060085836909871244
test	NZ_CP157121.1	NZ_CP116926.1	0.0769230769230769	[0.05, 0.15)	16.218333333333334	10552	11848	0.0534495830174374	0.0476029709655638	0.0476029709655638	93.993	0.0534495830174374	False	False	False	0.9326240697528693	0.050473186119873815	0.020887728459530026	0.0	0.0
test	NZ_CP101204.1	NZ_CP157121.1	0.1	[0.05, 0.15)	16.218333333333334	6648	10552	0.4784897713598074	0.3004169825625474	0.3004169825625474	95.484	0.4784897713598074	False	False	False	0.8994790200534779	0.2366412213740458	0.2366412213740458	0.375	0.21428571428571427
test	CP088364.1	NZ_JBTAPC010000002.1	0.0601092896174863	[0.05, 0.15)	16.218333333333334	80900	126207	0.2475154511742892	0.1589373014175125	0.1589373014175125	91.10276584882278	0.2475154511742892	False	False	False	0.9953007643151769	0.1834862385321101	0.12320328542094455	0.24719101123595505	0.10377358490566038
test	NZ_JBTAPC010000002.1	NZ_CP042894.1	0.0539419087136929	[0.05, 0.15)	16.218333333333334	126207	141344	0.0721592304705761	0.0643041091238397	0.0643041091238397	98.65102336038606	0.0721592304705761	False	False	False	0.9875895556810859	0.07802874743326489	0.07279693486590039	0.05303030303030303	0.025925925925925925
test	NZ_JBTAPC010000002.1	NZ_CP069854.1	0.0702479338842975	[0.05, 0.15)	16.218333333333334	126207	137344	0.2798814645780345	0.257128087138863	0.257128087138863	92.81912814503148	0.2798814645780345	False	False	False	0.9958951049496051	0.1273100616016427	0.12156862745098039	0.30344827586206896	0.17254901960784313
test	NZ_JBTAPC010000002.1	NZ_JBWVJQ010000002.1	0.1102362204724409	[0.05, 0.15)	16.218333333333334	126207	325551	0.4833963250849794	0.1874852173699359	0.1874852173699359	96.76083481733666	0.4833963250849794	False	False	False	0.992444693985148	0.3080082135523614	0.13333333333333333	0.46206896551724136	0.17357512953367876
test	NZ_CP129713.1	NZ_JBTAPC010000002.1	0.0970873786407767	[0.05, 0.15)	16.218333333333334	106834	126207	0.2446412190875564	0.2072705951333919	0.2072705951333919	97.2325926406596	0.2446412190875564	False	False	False	0.9927810437505593	0.20899470899470898	0.162217659137577	0.23134328358208955	0.125
test	NZ_OK247586.1	NZ_CP192622.1	0.0536585365853658	[0.05, 0.15)	16.218333333333334	78461	125195	0.1083213316169816	0.0677343344382762	0.0677343344382762	98.2003367839078	0.1083213316169816	False	False	False	0.961139854361122	0.11854103343465046	0.08176100628930817	0.05825242718446602	0.02631578947368421
test	NZ_OK247586.1	NZ_CP086389.1	0.0537190082644628	[0.05, 0.15)	16.218333333333334	78461	142329	0.1288155899109111	0.0710185556000533	0.0710185556000533	98.97132212441896	0.1288155899109111	False	False	False	0.9404452183867918	0.14893617021276595	0.08765652951699464	0.07766990291262135	0.032388663967611336
test	CP030582.1	NZ_JBICQX010000011.1	0.1	[0.05, 0.15)	16.218333333333334	25430	37307	0.2832481321274085	0.1936365829469	0.1936365829469	97.27471831765357	0.2832481321274085	False	False	False	0.99103766125308	0.1842818428184282	0.1261595547309833	0.1724137931034483	0.07042253521126761
test	NZ_CP182755.1	NZ_CP082766.1	0.05	[0.05, 0.15)	16.218333333333334	87288	199279	0.2532994226010448	0.1108496128543398	0.1108496128543398	96.31245845181677	0.2532994226010448	False	False	False	0.9844170415278544	0.17757009345794392	0.076	0.2222222222222222	0.07272727272727272
test	NZ_JAUAMG010000010.1	NZ_CP073989.1	0.0884353741496598	[0.05, 0.15)	16.218333333333334	60727	134191	0.4479062031715711	0.202852650326773	0.202852650326773	97.44164457168026	0.4479062031715711	False	False	False	0.9944472805321638	0.3291139240506329	0.15950920245398773	0.3230769230769231	0.12209302325581395
test	NZ_JAQFLL010000240.1	NZ_RRSG01000310.1	0.05	[0.05, 0.15)	16.218333333333334	1339	23852	0.8894697535474234	0.0499329196713063	0.0499329196713063	93.54	0.8894697535474234	False	False	True	0.8928784024204715	0.35135135135135137	0.016774193548387096	0.0	0.0
test	NZ_JBTYIM010000004.1	NZ_JCDLMC010000005.1	0.1044776119402985	[0.05, 0.15)	16.218333333333334	9590	67088	0.6131386861313869	0.0877653231576437	0.0877653231576437	99.9151261674308	0.6131386861313869	False	False	True	0.9708584859873151	0.6216216216216216	0.09274193548387097	0.5714285714285714	0.04878048780487805
test	NZ_AP018744.1	NZ_CP024550.1	0.0552995391705069	[0.05, 0.15)	16.218333333333334	51983	187611	0.2093376680837966	0.0579923352042257	0.0579923352042257	99.49488629684058	0.2093376680837966	False	False	False	0.9673628426741598	0.2731707317073171	0.07608695652173914	0.16176470588235295	0.03832752613240418
test	NZ_CP100828.1	NZ_CP024550.1	0.0535714285714285	[0.05, 0.15)	16.218333333333334	143148	187611	0.1418881157962388	0.1082985539227444	0.1082985539227444	96.90456991941824	0.1418881157962388	False	False	False	0.9814239059982272	0.11877394636015326	0.08423913043478261	0.12337662337662338	0.052054794520547946
test	NZ_CP010188.1	NZ_CP010175.1	0.1111111111111111	[0.05, 0.15)	16.218333333333334	6039	6647	0.4447756251034939	0.4040920716112532	0.4040920716112532	94.39298886000742	0.4447756251034939	False	False	False	0.9627889797299272	0.16111111111111112	0.14720812182741116	0.3333333333333333	0.16666666666666666
test	NZ_CP050774.1	NZ_CP010175.1	0.1	[0.05, 0.15)	16.218333333333334	4677	6647	0.1590763309813983	0.1162930645403941	0.1162930645403941	87.969	0.1590763309813983	False	False	False	0.9077247635801693	0.06228373702422145	0.04568527918781726	0.0	0.0
test	NZ_CP135149.1	NZ_OP242238.1	0.136986301369863	[0.05, 0.15)	16.218333333333334	58662	111500	0.3941052129146636	0.2073901345291479	0.2073901345291479	98.47424945976316	0.3941052129146636	False	False	False	0.9815701254680484	0.351931330472103	0.2	0.3888888888888889	0.18064516129032257
test	NZ_JBYDGO010000004.1	NZ_CP135149.1	0.0934579439252336	[0.05, 0.15)	16.218333333333334	57114	58662	0.2048534509927513	0.1992772152330299	0.1992772152330299	99.91458416602616	0.2048534509927513	False	False	False	0.9461200856232406	0.21683673469387754	0.18046709129511676	0.15714285714285714	0.08396946564885496
test	NZ_CP135149.1	NZ_JBVTJX020000002.1	0.0517799352750809	[0.05, 0.15)	16.218333333333334	58662	257061	0.3714670485152228	0.0847697628189418	0.0847697628189418	98.97327231897344	0.3714670485152228	False	False	False	0.9482540154887436	0.351931330472103	0.08299595141700405	0.3194444444444444	0.06845238095238096
test	NZ_OP242238.1	NZ_CP192622.1	0.0761904761904762	[0.05, 0.15)	16.218333333333334	111500	125195	0.1453183856502242	0.1293262510483645	0.1293262510483645	99.35836319328769	0.1453183856502242	False	False	False	0.983392168390776	0.13902439024390245	0.11949685534591195	0.10810810810810811	0.05217391304347826
test	NZ_PP129611.1	NZ_CP192622.1	0.130718954248366	[0.05, 0.15)	16.218333333333334	63468	125195	0.5149209050230037	0.2607771875873637	0.2607771875873637	94.0464774527727	0.5149209050230037	False	False	True	0.9694735082280039	0.2532188841201717	0.12368972746331237	0.34615384615384615	0.14835164835164835
test	NZ_CP143302.1	NZ_CP192622.1	0.07	[0.05, 0.15)	16.218333333333334	83020	125195	0.1474825343290773	0.0976476696353688	0.0976476696353688	99.84486720026136	0.1474825343290773	False	False	False	0.974449178822229	0.15615615615615616	0.1090146750524109	0.10309278350515463	0.045871559633027525
test	NZ_CP192622.1	NZ_JBWVJQ010000002.1	0.0778894472361809	[0.05, 0.15)	16.218333333333334	125195	325551	0.4261671792004473	0.1641002485017708	0.1641002485017708	94.2261815415632	0.4261671792004473	False	False	False	0.9916136492769586	0.2180293501048218	0.09244444444444444	0.366412213740458	0.12276214833759591
test	NZ_CP185196.1	NZ_OP242238.1	0.0662251655629139	[0.05, 0.15)	16.218333333333334	61059	111500	0.1156750028660803	0.0634887892376681	0.0634887892376681	99.7316137872581	0.1156750028660803	False	False	False	0.9900995199334519	0.15178571428571427	0.08292682926829269	0.07142857142857142	0.028409090909090908
test	NZ_JBWLLO010000003.1	NZ_OP242238.1	0.0535714285714285	[0.05, 0.15)	16.218333333333334	73335	111500	0.2230312947433013	0.1462780269058295	0.1462780269058295	98.07632331745452	0.2230312947433013	False	False	False	0.9909340849171681	0.17110266159695817	0.10975609756097561	0.125	0.05172413793103448
test	NZ_QRAC01000116.1	CP052164.1	0.0919540229885057	[0.05, 0.15)	16.218333333333334	11661	92461	0.8994940399622674	0.1135073165983495	0.1135073165983495	97.70425931218442	0.8994940399622674	False	False	True	0.9553940561067754	0.7075471698113207	0.10474860335195531	0.8235294117647058	0.11965811965811966
test	NZ_CP028692.1	NZ_CP031907.1	0.0817610062893081	[0.05, 0.15)	16.218333333333334	92714	121036	0.3442737882089005	0.2637644998182359	0.2637644998182359	93.77670664500612	0.3442737882089005	False	False	False	0.992946681253386	0.14652956298200515	0.13317757009345793	0.2413793103448276	0.11475409836065574
test	NZ_AP045063.1	NZ_CP031907.1	0.0949720670391061	[0.05, 0.15)	16.218333333333334	93025	121036	0.2811609782316581	0.2162992828579926	0.2162992828579926	94.9618248219658	0.2811609782316581	False	False	False	0.9924765739352751	0.13636363636363635	0.10514018691588785	0.3047619047619048	0.16842105263157894
test	AP019709.1	NZ_CP031907.1	0.0845070422535211	[0.05, 0.15)	16.218333333333334	86874	121036	0.379722356516334	0.2729518490366502	0.2729518490366502	95.03545094311151	0.379722356516334	False	False	False	0.9920288317655868	0.23469387755102042	0.16121495327102803	0.32	0.14285714285714285
test	NZ_AP038988.1	NZ_CP031907.1	0.0529801324503311	[0.05, 0.15)	16.218333333333334	78863	121036	0.3076093985772796	0.2009154301199643	0.2009154301199643	94.80086603696095	0.3076093985772796	False	False	False	0.9965843496033951	0.14285714285714285	0.09345794392523364	0.1728395061728395	0.07608695652173914
test	NZ_PP129611.1	NC_017659.1	0.0913978494623656	[0.05, 0.15)	16.218333333333334	63468	147060	0.4601689040146215	0.198266013871889	0.198266013871889	94.7061658371966	0.4601689040146215	False	False	False	0.9790201810124165	0.2832618025751073	0.1233644859813084	0.3333333333333333	0.13402061855670103
test	NZ_PP129611.1	NZ_CP086388.1	0.0656934306569343	[0.05, 0.15)	16.218333333333334	63468	113047	0.2538287010777084	0.1425247905738321	0.1425247905738321	99.49740897244976	0.2538287010777084	False	False	False	0.9729444825810286	0.26609442060085836	0.14318706697459585	0.20512820512820512	0.08695652173913043
test	NZ_CP196097.1	NZ_PP129611.1	0.0543478260869565	[0.05, 0.15)	16.218333333333334	46176	63468	0.2029192654192654	0.1475389172496376	0.1475389172496376	98.63528918746002	0.2029192654192654	False	False	False	0.9721396800800436	0.1783783783783784	0.13692946058091288	0.12244897959183673	0.049586776859504134
test	NZ_CP127510.1	NZ_CP048364.1	0.0909090909090909	[0.05, 0.15)	16.218333333333334	6141	7872	0.1665852467024914	0.1299542682926829	0.1299542682926829	95.312	0.1665852467024914	False	False	False	0.9196056528225532	0.08985507246376812	0.06553911205073996	0.25	0.14285714285714285
test	NZ_CP171614.1	NZ_CP182782.1	0.0526315789473684	[0.05, 0.15)	16.218333333333334	18510	20258	0.1367909238249594	0.1245927534801066	0.1245927534801066	91.51527426992897	0.1367909238249594	False	False	False	0.9838738856891718	0.02127659574468085	0.01892744479495268	0.10526315789473684	0.05405405405405406
test	NZ_CP167855.1	NZ_CP041964.1	0.0952380952380952	[0.05, 0.15)	16.218333333333334	31599	60708	0.154245387512263	0.0800553469065032	0.0800553469065032	95.06524508599507	0.154245387512263	False	False	False	0.9885393164556435	0.09333333333333334	0.07581227436823104	0.0625	0.02247191011235955
test	CP118073.1	NZ_CP181224.1	0.056910569105691	[0.05, 0.15)	16.218333333333334	70631	83755	0.2568418966176324	0.2165124470180884	0.2165124470180884	96.20558564751173	0.2568418966176324	False	False	False	0.9957964116102681	0.1607843137254902	0.1426086956521739	0.22666666666666666	0.11486486486486487
test	NZ_CP009908.1	NZ_CP120419.2	0.0869565217391304	[0.05, 0.15)	16.218333333333334	10600	28817	0.5392452830188679	0.1987368567165215	0.1987368567165215	89.47719031081785	0.5392452830188679	False	False	True	0.9477876838571754	0.2564102564102564	0.10443864229765012	0.25	0.1
test	NZ_NTHV01000058.1	NZ_MN543579.1	0.0636363636363636	[0.05, 0.15)	16.218333333333334	14083	140128	0.6759213235816233	0.0678879310344827	0.0678879310344827	99.18123692501575	0.6759213235816233	False	False	True	0.9907609471051942	0.58	0.05675146771037182	0.7692307692307693	0.06711409395973154
test	CP088364.1	CP057522.1	0.0588235294117647	[0.05, 0.15)	16.218333333333334	80900	86439	0.2560074165636588	0.2389662073832413	0.2389662073832413	95.38871941406062	0.2560074165636588	False	False	False	0.9703080194132587	0.17637271214642264	0.16588419405320814	0.2159090909090909	0.12025316455696203
test	NZ_AP039440.1	NC_017659.1	0.1274900398406374	[0.05, 0.15)	16.218333333333334	123644	147060	0.236161884118922	0.1986196110431116	0.1986196110431116	97.65997813909004	0.236161884118922	False	False	False	0.9922650708444397	0.20495495495495494	0.17009345794392525	0.19230769230769232	0.10121457489878542
test	NZ_AP039440.1	NZ_CP141238.1	0.0865800865800865	[0.05, 0.15)	16.218333333333334	123644	132580	0.266604121510142	0.24866495700709	0.24866495700709	94.57380651983443	0.266604121510142	False	False	False	0.991509782291658	0.16216216216216217	0.1340782122905028	0.4	0.22608695652173913
test	NZ_CP176935.1	NZ_CP086762.1	0.0621761658031088	[0.05, 0.15)	16.218333333333334	147379	296148	0.2443903134096445	0.1215439577508543	0.1215439577508543	96.5636857697104	0.2443903134096445	False	False	False	0.9968021824715662	0.16666666666666666	0.0886558627264061	0.18292682926829268	0.07092198581560284
test	NZ_CP091543.1	NZ_CP141678.1	0.0502793296089385	[0.05, 0.15)	16.218333333333334	185529	228888	0.1481062259808439	0.1201111460627031	0.1201111460627031	99.57830647565716	0.1481062259808439	False	False	False	0.9733711031231475	0.14078374455732948	0.12278481012658228	0.12637362637362637	0.0625
test	NZ_CP153671.1	OW849024.1	0.10062893081761	[0.05, 0.15)	16.218333333333334	151580	242397	0.2902955535031006	0.1817307969983126	0.1817307969983126	97.3367880279454	0.2902955535031006	False	False	False	0.9871958582660965	0.22700587084148727	0.13318025258323765	0.18518518518518517	0.08356545961002786
test	NZ_AP018454.1	NZ_CP024194.1	0.0642857142857142	[0.05, 0.15)	16.218333333333334	78997	89345	0.126688355253997	0.112026414460798	0.112026414460798	97.62517441628415	0.126688355253997	False	False	False	0.9859935438069242	0.10474631751227496	0.09891808346213292	0.09473684210526316	0.04838709677419355
test	CP067788.1	NZ_CP024194.1	0.0519480519480519	[0.05, 0.15)	16.218333333333334	13841	89345	0.3730944295932374	0.0579663103699143	0.0579663103699143	97.66459853310172	0.3730944295932374	False	False	False	0.9737453450836453	0.29906542056074764	0.04945904173106646	0.125	0.01834862385321101
test	NZ_CP034679.1	NZ_LR134211.1	0.0775193798449612	[0.05, 0.15)	16.218333333333334	83909	205331	0.4004933916504785	0.1641982944611383	0.1641982944611383	94.55922125563976	0.4004933916504785	False	False	False	0.996294109559096	0.2226148409893993	0.07954545454545454	0.2602739726027397	0.07063197026022305
test	NZ_OR388869.1	NC_017659.1	0.0595744680851063	[0.05, 0.15)	16.218333333333334	94213	147060	0.330442720219078	0.2116551067591459	0.2116551067591459	94.13175365564904	0.330442720219078	False	False	False	0.9780762463840093	0.14414414414414414	0.08971962616822429	0.20388349514563106	0.09375
test	NZ_CP169108.1	NZ_JBWJYT010000002.1	0.0512820512820512	[0.05, 0.15)	16.218333333333334	74529	107551	0.2746447691502636	0.1900214781824436	0.1900214781824436	93.54552732852687	0.2746447691502636	False	False	False	0.9782183851706153	0.14728682170542637	0.10270270270270271	0.2235294117647059	0.10326086956521739
test	NZ_CP018253.1	NZ_CP098439.1	0.0914634146341463	[0.05, 0.15)	16.218333333333334	95229	109442	0.3168572598683174	0.2779645839805559	0.2779645839805559	95.86980381551771	0.3168572598683174	False	False	False	0.991487496945564	0.1974025974025974	0.18357487922705315	0.2840909090909091	0.1388888888888889
test	NZ_RRRP01000072.1	NZ_CP141238.1	0.0709677419354838	[0.05, 0.15)	16.218333333333334	53831	132580	0.2800059445301034	0.1130562679137124	0.1130562679137124	96.30871414395342	0.2800059445301034	False	False	False	0.9539667727930097	0.18181818181818182	0.0633147113594041	0.2545454545454545	0.07253886010362694
test	NZ_OZ298375.1	NZ_JBTOOD010000002.1	0.0581395348837209	[0.05, 0.15)	16.218333333333334	33074	53989	0.2963354901130797	0.1813888014225119	0.1813888014225119	93.00896519792408	0.2963354901130797	False	False	False	0.9896760605622219	0.14785992217898833	0.08735632183908046	0.15625	0.056818181818181816
test	NZ_MW390523.1	NZ_CP024887.1	0.1118012422360248	[0.05, 0.15)	16.218333333333334	89311	102544	0.5463604707146936	0.4759615384615384	0.4759615384615384	91.7605649526525	0.5463604707146936	False	False	True	0.993600542663497	0.23626373626373626	0.2107843137254902	0.4528301886792453	0.2727272727272727
test	NZ_MW390523.1	NZ_MW881232.1	0.0596026490066225	[0.05, 0.15)	16.218333333333334	89311	91784	0.2628231684786868	0.2556436851738865	0.2556436851738865	92.18756302485366	0.2628231684786868	False	False	False	0.9913317947969785	0.11428571428571428	0.11428571428571428	0.43564356435643564	0.26993865030674846
test	NZ_CP176935.1	NZ_CP138727.1	0.084010840108401	[0.05, 0.15)	16.218333333333334	147379	277344	0.2968061935553912	0.1577932098765432	0.1577932098765432	97.05190933777556	0.2968061935553912	False	False	False	0.9864428689496324	0.1935483870967742	0.10334928229665072	0.21341463414634146	0.08254716981132075
test	NZ_CP193630.1	NZ_JBWVJQ010000002.1	0.1029411764705882	[0.05, 0.15)	16.218333333333334	88723	325551	0.6251253902595719	0.1702191054550592	0.1702191054550592	96.57360178520013	0.6251253902595719	False	False	True	0.9847408123611647	0.4049079754601227	0.11733333333333333	0.58	0.1657142857142857
test	NZ_CP118928.1	NZ_CP193630.1	0.0775193798449612	[0.05, 0.15)	16.218333333333334	67839	88723	0.2372529076195109	0.1813847593070568	0.1813847593070568	98.44806300825624	0.2372529076195109	False	False	False	0.9738142772557864	0.22245322245322247	0.16114457831325302	0.2	0.10119047619047619
test	NZ_CP064408.1	LR962108.1	0.0933333333333333	[0.05, 0.15)	16.218333333333334	62662	106827	0.234560020427053	0.1374839694084828	0.1374839694084828	98.24016704043493	0.234560020427053	False	False	False	0.9927601008807259	0.20434782608695654	0.11519607843137254	0.22580645161290322	0.09210526315789473
test	NZ_JBQTKY010000005.1	CP088364.1	0.0581395348837209	[0.05, 0.15)	16.218333333333334	13777	80900	0.2200043550845612	0.0371693448702101	0.0371693448702101	99.17542791158034	0.2200043550845612	False	False	False	0.9603638909200475	0.24107142857142858	0.04492512479201331	0.14285714285714285	0.019801980198019802
test	CP088364.1	NZ_CP057239.1	0.0594059405940594	[0.05, 0.15)	16.218333333333334	80900	145940	0.312398022249691	0.1707208441825407	0.1707208441825407	94.3422427996528	0.312398022249691	False	False	False	0.9659712929375156	0.1926605504587156	0.11371841155234658	0.1797752808988764	0.07017543859649122
test	CP035636.1	NZ_CP153671.1	0.0858369098712446	[0.05, 0.15)	16.218333333333334	103522	151580	0.2922760379436255	0.1994590315345032	0.1994590315345032	95.30439740457008	0.2922760379436255	False	False	False	0.9892955768791989	0.19430051813471502	0.14677103718199608	0.22330097087378642	0.09504132231404959
test	NZ_CP103656.1	NZ_CP033630.1	0.0526315789473684	[0.05, 0.15)	16.218333333333334	5714	23185	0.536226811340567	0.1321975415139098	0.1321975415139098	88.03977949709865	0.536226811340567	False	False	True	0.9518003148228477	0.192090395480226	0.09742120343839542	0.2857142857142857	0.1111111111111111
test	CP122777.1	NZ_CM017149.1	0.1201923076923077	[0.05, 0.15)	16.218333333333334	116463	153499	0.2355597915217708	0.1789848793803217	0.1789848793803217	94.89133021298215	0.2355597915217708	False	False	False	0.9840316016402966	0.13539192399049882	0.10674157303370786	0.17886178861788618	0.08396946564885496
test	NZ_JBUZJU010000007.1	NZ_CP065096.1	0.125	[0.05, 0.15)	16.218333333333334	1177	3172	0.7204757858963466	0.266078184110971	0.266078184110971	89.86027505827505	0.7204757858963466	False	False	True	0.9284460331658614	0.31386861313868614	0.11300919842312747	0.0	0.0
test	CP067909.1	NZ_JBYLRL020000002.1	0.0754716981132075	[0.05, 0.15)	16.218333333333334	130935	172405	0.234986825524115	0.1784345001595081	0.1784345001595081	98.26285348354004	0.234986825524115	False	False	False	0.9942143906877342	0.21315192743764172	0.14156626506024098	0.19402985074626866	0.09352517985611511
test	CP104420.1	NZ_CP062718.1	0.0676691729323308	[0.05, 0.15)	16.218333333333334	83397	96507	0.2503807091382184	0.2159532469147315	0.2159532469147315	94.30095867965989	0.2503807091382184	False	False	False	0.9484411787334736	0.1270096463022508	0.1070460704607046	0.22727272727272727	0.12195121951219512
test	CP052164.1	NZ_CP129713.1	0.0786516853932584	[0.05, 0.15)	16.218333333333334	92461	106834	0.2557186273131374	0.2212123481288728	0.2212123481288728	95.97538942794463	0.2557186273131374	False	False	False	0.9900223543045653	0.11202185792349727	0.10846560846560846	0.2543859649122807	0.1324200913242009
test	NZ_CP026579.1	NZ_AP024115.1	0.065	[0.05, 0.15)	16.218333333333334	100229	109993	0.1935966636402638	0.176265762366696	0.176265762366696	95.56076260288066	0.1935966636402638	False	False	False	0.9845682992313263	0.1468354430379747	0.13875598086124402	0.17391304347826086	0.091324200913242
test	NZ_CP169382.1	NZ_JCDLMC010000005.1	0.1238938053097345	[0.05, 0.15)	16.218333333333334	53894	67088	0.2289123093479793	0.1838182685428094	0.1838182685428094	99.028135973437	0.2289123093479793	False	False	False	0.9815909754602259	0.19015659955257272	0.17137096774193547	0.1791044776119403	0.08955223880597014
test	NZ_CP133928.1	NZ_CP169909.1	0.0995260663507109	[0.05, 0.15)	16.218333333333334	100835	155489	0.3533396142212525	0.2290644354263002	0.2290644354263002	97.14850032246306	0.3533396142212525	False	False	False	0.9741321604250619	0.24731182795698925	0.18110236220472442	0.30701754385964913	0.14112903225806453
test	NZ_CP133928.1	NZ_CP024887.1	0.0662983425414364	[0.05, 0.15)	16.218333333333334	100835	102544	0.2453116477413596	0.2413012950538305	0.2413012950538305	95.3838765621221	0.2453116477413596	False	False	False	0.9821045811760908	0.13172043010752688	0.12009803921568628	0.2807017543859649	0.16
test	NZ_CP156664.1	NZ_JBWVJQ010000002.1	0.0835579514824797	[0.05, 0.15)	16.218333333333334	96210	325551	0.5318989710009354	0.1572902555974333	0.1572902555974333	95.46320104067196	0.5318989710009354	False	False	True	0.9877342291974577	0.28651685393258425	0.09066666666666667	0.4752475247524752	0.1329639889196676
test	NZ_AP038988.1	NZ_CP156664.1	0.1103448275862069	[0.05, 0.15)	16.218333333333334	78863	96210	0.2795607572625946	0.2301527907701902	0.2301527907701902	95.30075913494032	0.2795607572625946	False	False	False	0.9845146661442414	0.17346938775510204	0.14634146341463414	0.16049382716049382	0.07692307692307693
test	NZ_OY843410.1	NZ_CP141678.1	0.0590277777777777	[0.05, 0.15)	16.218333333333334	136788	228888	0.1382138784103868	0.0825600293593373	0.0825600293593373	97.8548393744056	0.1382138784103868	False	False	False	0.9881553364418263	0.14595660749506903	0.09367088607594937	0.16030534351145037	0.06583072100313479
test	CP052221.1	NC_018997.1	0.0666666666666666	[0.05, 0.15)	16.218333333333334	5219	7930	0.686146771412148	0.4489281210592686	0.4489281210592686	93.65988209121244	0.686146771412148	False	False	True	0.9370961924175124	0.326984126984127	0.21149897330595482	0.375	0.21428571428571427
test	NZ_MUMX01000050.1	NZ_MT560079.1	0.0666666666666666	[0.05, 0.15)	16.218333333333334	10929	68684	0.4271205050782322	0.0679634267078213	0.0679634267078213	99.979	0.4271205050782322	False	False	False	0.9696405797479538	0.42391304347826086	0.08441558441558442	0.4117647058823529	0.08536585365853659
test	NZ_JBSJBU010000003.1	NZ_MT560079.1	0.0849056603773584	[0.05, 0.15)	16.218333333333334	63107	68684	0.1847021725006734	0.1700250422223516	0.1700250422223516	98.0574984167736	0.1847021725006734	False	False	False	0.9857826568509357	0.12284482758620689	0.12284482758620689	0.1	0.05185185185185185
test	NZ_MT560079.1	NZ_CP080351.1	0.1152073732718894	[0.05, 0.15)	16.218333333333334	68684	193800	0.5125356706074194	0.1815325077399381	0.1815325077399381	98.20237465564738	0.5125356706074194	False	False	True	0.9951221091502489	0.4457831325301205	0.1574468085106383	0.5138888888888888	0.16666666666666666
test	NZ_JBQTKY010000005.1	NZ_CP143302.1	0.1052631578947368	[0.05, 0.15)	16.218333333333334	13777	83020	0.3783116788850983	0.0629245964827752	0.0629245964827752	99.9230187595712	0.3783116788850983	False	False	False	0.9423321131048427	0.36607142857142855	0.06539074960127592	0.2857142857142857	0.037383177570093455
test	NZ_JBDYHN010000069.1	NZ_JBQTKY010000005.1	0.0555555555555555	[0.05, 0.15)	16.218333333333334	225	13777	1.0	0.0163315671045946	0.0163315671045946	100.0	1.0	False	False	True	0.6058398803699935	1.0	0.011574074074074073	0.0	0.0
test	NZ_AP042702.1	NC_017659.1	0.0772357723577235	[0.05, 0.15)	16.218333333333334	97991	147060	0.3533283668908369	0.2356317149462804	0.2356317149462804	95.11085107975812	0.3533283668908369	False	False	False	0.9846438667512765	0.14366197183098592	0.09532710280373832	0.24347826086956523	0.1222707423580786
test	NZ_CP138520.1	NZ_OP378651.1	0.0526315789473684	[0.05, 0.15)	16.218333333333334	5596	9506	0.0952466047176554	0.0574374079528718	0.0574374079528718	84.865	0.0952466047176554	False	False	False	0.8976017268743032	0.011299435028248588	0.006097560975609756	0.0	0.0
test	NZ_JBPFEV010000060.1	NZ_CP138520.1	0.1111111111111111	[0.05, 0.15)	16.218333333333334	3360	5596	0.6199404761904762	0.3752680486061472	0.3752680486061472	81.83125915492958	0.6199404761904762	False	False	True	0.8753779841610805	0.021844660194174758	0.01272984441301273	0.5	0.2
test	NZ_CP138520.1	NZ_CP132708.1	0.0555555555555555	[0.05, 0.15)	16.218333333333334	5596	9730	0.0952466047176554	0.056115107913669	0.056115107913669	84.477	0.0952466047176554	False	False	False	0.9513260361149949	0.00847457627118644	0.004942339373970346	0.0	0.0
test	NZ_CP191553.1	NZ_CP057239.1	0.1213592233009708	[0.05, 0.15)	16.218333333333334	107053	145940	0.2856715832344726	0.2097574345621488	0.2097574345621488	96.0740252380331	0.2856715832344726	False	False	False	0.9723236582573882	0.13636363636363635	0.09205776173285199	0.25	0.11715481171548117
test	NZ_JARWCD010000024.1	NZ_CP191553.1	0.0686274509803921	[0.05, 0.15)	16.218333333333334	24598	107053	0.4643466948532401	0.1068536145647483	0.1068536145647483	99.2042381118881	0.4643466948532401	False	False	False	0.9528399479721814	0.4803921568627451	0.13101604278074866	0.42857142857142855	0.07258064516129033
test	NZ_CP191553.1	NZ_CM007910.1	0.0914285714285714	[0.05, 0.15)	16.218333333333334	107053	124845	0.2512493811476558	0.2153950899114902	0.2153950899114902	99.3196672491356	0.2512493811476558	False	False	False	0.9878098084405066	0.22192513368983957	0.22015915119363394	0.16964285714285715	0.08878504672897196
test	CP057191.1	NZ_CP191553.1	0.1058823529411764	[0.05, 0.15)	16.218333333333334	102988	107053	0.1954402454654911	0.1879723127796512	0.1879723127796512	94.93442461340206	0.1954402454654911	False	False	False	0.976077862748484	0.08611111111111111	0.08288770053475936	0.19047619047619047	0.10152284263959391
test	NZ_MN543579.1	NZ_CP154419.1	0.0709459459459459	[0.05, 0.15)	16.218333333333334	140128	220171	0.2900847796300525	0.1855603144828338	0.1855603144828338	96.67303911024196	0.2900847796300525	False	False	False	0.9962484696458886	0.1917808219178082	0.11835748792270531	0.2328767123287671	0.10149253731343283
test	NZ_CP100738.1	NZ_CP124432.1	0.0769230769230769	[0.05, 0.15)	16.218333333333334	3263	6647	0.1979773214832975	0.0995938017150594	0.0995938017150594	89.805	0.1979773214832975	False	False	False	0.9298011861279644	0.08144796380090498	0.04568527918781726	0.0	0.0
test	NZ_CP118042.1	NZ_CP151316.1	0.0769230769230769	[0.05, 0.15)	16.218333333333334	4711	8378	0.1377626830821481	0.0785390307949391	0.0785390307949391	89.87948942598186	0.1377626830821481	False	False	False	0.8393563491962256	0.07166123778501629	0.04143126177024482	0.0	0.0
test	NZ_CP118042.1	NZ_CP170103.1	0.1	[0.05, 0.15)	16.218333333333334	4711	17520	0.2880492464444916	0.0774543378995433	0.0774543378995433	89.39316386247256	0.2880492464444916	False	False	False	0.9510889136261633	0.0728476821192053	0.0728476821192053	0.0	0.0
test	NZ_JBDYHN010000069.1	NZ_JBHEIN010000092.1	0.0666666666666666	[0.05, 0.15)	16.218333333333334	225	14708	0.9955555555555556	0.0152298069078052	0.0152298069078052	100.0	0.9955555555555556	False	False	True	0.6533455014484665	1.0	0.010460251046025104	0.0	0.0
test	NZ_JAOCPY010000058.1	NZ_JAHPLL010000039.1	0.125	[0.05, 0.15)	16.218333333333334	9486	13693	0.6134303183639047	0.4249616592419484	0.4249616592419484	99.863	0.6134303183639047	False	False	True	0.8997700612284858	0.5830388692579506	0.39855072463768115	0.75	0.2608695652173913
test	NZ_AP045063.1	NZ_CP026579.1	0.0515463917525773	[0.05, 0.15)	16.218333333333334	93025	100229	0.1688363343187315	0.1566612457472388	0.1566612457472388	93.82573120121836	0.1688363343187315	False	False	False	0.979844988111477	0.11004126547455295	0.10568031704095113	0.2	0.10552763819095477
test	NZ_CP026579.1	NZ_CP141238.1	0.1052631578947368	[0.05, 0.15)	16.218333333333334	100229	132580	0.2413173831924892	0.182259767687434	0.182259767687434	95.6659117513518	0.2413173831924892	False	False	False	0.9850897471209008	0.1670886075949367	0.12290502793296089	0.23478260869565218	0.1125
test	NZ_CP026579.1	NZ_JABWHZ010000057.1	0.1084905660377358	[0.05, 0.15)	16.218333333333334	100229	139873	0.3790619481387622	0.2717894089638458	0.2717894089638458	96.4760052519629	0.3790619481387622	False	False	False	0.9831979787353358	0.21772151898734177	0.16380952380952382	0.3217391304347826	0.16017316017316016
test	NZ_CP163034.1	NZ_CP082766.1	0.0727848101265822	[0.05, 0.15)	16.218333333333334	190061	199279	0.2274322454369912	0.2173134148605723	0.2173134148605723	96.69271125461256	0.2274322454369912	False	False	False	0.9975193335499278	0.16124031007751938	0.13866666666666666	0.2155688622754491	0.10714285714285714
test	NZ_CP163034.1	NZ_JBWVJQ010000002.1	0.0845070422535211	[0.05, 0.15)	16.218333333333334	190061	325551	0.2076596461136161	0.1213020386974698	0.1213020386974698	96.56105132098388	0.2076596461136161	False	False	False	0.9932407653329095	0.14728682170542637	0.08444444444444445	0.18562874251497005	0.06981981981981981
test	NZ_CP163034.1	NZ_CP014121.1	0.1042944785276073	[0.05, 0.15)	16.218333333333334	190061	200203	0.2947685216851431	0.280525266854143	0.280525266854143	96.77058636703316	0.2947685216851431	False	False	False	0.9960170913643465	0.23875968992248062	0.2153846153846154	0.2215568862275449	0.11144578313253012
test	NZ_CP034679.1	CP067475.1	0.097457627118644	[0.05, 0.15)	16.218333333333334	83909	216181	0.5115661013717241	0.1990461696448809	0.1990461696448809	96.12219705357764	0.5115661013717241	False	False	True	0.9923351133827762	0.3462897526501767	0.12327044025157233	0.3561643835616438	0.10276679841897234
test	NZ_RREL01000124.1	NZ_JBFUPY010000024.1	0.1111111111111111	[0.05, 0.15)	16.218333333333334	8318	73616	0.690189949507093	0.077917843946968	0.077917843946968	94.48761951811407	0.690189949507093	False	False	True	0.9711966404348932	0.38596491228070173	0.040515653775322284	0.5	0.08045977011494253
test	NZ_JALIIF010000143.1	NZ_CP145712.1	0.1463414634146341	[0.05, 0.15)	16.218333333333334	13136	33455	0.6812576126674786	0.2690479748916455	0.2690479748916455	96.49784273523215	0.6812576126674786	False	False	True	0.9812063462788168	0.4106280193236715	0.16966067864271456	0.5714285714285714	0.18181818181818182
test	NZ_CP092755.1	NZ_CP169909.1	0.1054852320675105	[0.05, 0.15)	16.218333333333334	118840	155489	0.2460619320094244	0.1882383962852677	0.1882383962852677	96.499855588155	0.2460619320094244	False	False	False	0.9929553989934403	0.15046296296296297	0.1279527559055118	0.18354430379746836	0.09731543624161074
test	NZ_CP092755.1	NZ_PV435113.1	0.0916030534351145	[0.05, 0.15)	16.218333333333334	118840	193491	0.3425025244025581	0.2104852422076479	0.2104852422076479	95.11590733751596	0.3425025244025581	False	False	False	0.9908810616225255	0.20833333333333334	0.11984021304926765	0.16455696202531644	0.07951070336391437
test	NZ_CP127032.1	OW849104.1	0.125	[0.05, 0.15)	16.218333333333334	4186	5413	0.2259913999044434	0.1625715869203768	0.1625715869203768	76.899	0.2259913999044434	False	False	False	0.8753740175272006	0.02292768959435626	0.019202363367799114	0.0	0.0
test	NZ_AP045063.1	NZ_CP024887.1	0.0648648648648648	[0.05, 0.15)	16.218333333333334	93025	102544	0.2514055361461972	0.2280386955843345	0.2280386955843345	95.34780579957356	0.2514055361461972	False	False	False	0.9943837970385577	0.12727272727272726	0.10294117647058823	0.3047619047619048	0.16753926701570682
test	NZ_JBRYID020000005.1	OW849104.1	0.125	[0.05, 0.15)	16.218333333333334	2555	5413	0.338160469667319	0.1570293737299094	0.1570293737299094	81.735	0.338160469667319	False	False	False	0.9148431230026749	0.042682926829268296	0.0206794682422452	0.0	0.0
test	NZ_CP069854.1	NZ_CP169909.1	0.0739299610894941	[0.05, 0.15)	16.218333333333334	137344	155489	0.2237447576887232	0.1976345593578967	0.1976345593578967	96.67336411523704	0.2237447576887232	False	False	False	0.9942798172248863	0.11960784313725491	0.11960784313725491	0.22077922077922077	0.11764705882352941
test	NZ_CP086419.1	NZ_CP169909.1	0.0597826086956521	[0.05, 0.15)	16.218333333333334	70475	155489	0.3051010996807378	0.1386464637369846	0.1386464637369846	97.9089537255993	0.3051010996807378	False	False	False	0.9925347262900336	0.20242914979757085	0.0984251968503937	0.2716049382716049	0.09649122807017543
test	NZ_CP195365.1	NZ_CP169909.1	0.064	[0.05, 0.15)	16.218333333333334	137286	155489	0.2286686187957985	0.2021171915698216	0.2021171915698216	95.84471195479654	0.2286686187957985	False	False	False	0.9809908071800777	0.14566929133858267	0.14566929133858267	0.22666666666666666	0.11929824561403508
test	NZ_JABWHZ010000057.1	NZ_CP169909.1	0.0637450199203187	[0.05, 0.15)	16.218333333333334	139873	155489	0.2039206994916817	0.1835949809954402	0.1835949809954402	96.04016821025408	0.2039206994916817	False	False	False	0.9907863951519778	0.11047619047619048	0.11047619047619048	0.1895424836601307	0.09897610921501707
test	CP024513.1	NZ_CP151316.1	0.0625	[0.05, 0.15)	16.218333333333334	3336	8378	0.2520983213429256	0.1018142754834089	0.1018142754834089	89.40670081490104	0.2520983213429256	False	False	False	0.8840515713410679	0.0967741935483871	0.03954802259887006	0.0	0.0
test	NZ_CP084801.1	OW849502.1	0.0714285714285714	[0.05, 0.15)	16.218333333333334	3534	4804	0.4844368986983588	0.36240632805995	0.36240632805995	84.32368930390491	0.4844368986983588	False	False	False	0.9214978049199478	0.1244343891402715	0.08914100486223663	0.14285714285714285	0.07142857142857142
test	NZ_CP135667.1	AB011549.2	0.0757575757575757	[0.05, 0.15)	16.218333333333334	76366	92721	0.27374747924469	0.2247710874559161	0.2247710874559161	94.21050570378502	0.2829243865798698	True	False	False	0.9802202448380634	0.13471502590673576	0.10626702997275204	0.23255813953488372	0.13071895424836602
test	NZ_AP022534.1	NZ_JABWHZ010000057.1	0.0756756756756756	[0.05, 0.15)	16.218333333333334	111171	139873	0.2302219103902996	0.1830160216768068	0.1830160216768068	94.81431239058548	0.2302219103902996	False	False	False	0.981740817348797	0.18110236220472442	0.08761904761904762	0.2777777777777778	0.11467889908256881
test	NZ_CP038210.1	NZ_CP013783.1	0.1176470588235294	[0.05, 0.15)	16.218333333333334	37260	50681	0.2764358561460011	0.2026795051399933	0.2026795051399933	98.04150135737832	0.2764358561460011	False	False	False	0.9930457585467465	0.15065502183406113	0.11423841059602649	0.11764705882352941	0.05263157894736842
test	NZ_MH422552.1	NZ_CM017149.1	0.1122448979591836	[0.05, 0.15)	16.218333333333334	88222	153499	0.3772981795923919	0.2169069505338797	0.2169069505338797	97.98765383115912	0.3967511593591905	True	False	False	0.9886774068609432	0.31092436974789917	0.20786516853932585	0.28735632183908044	0.11210762331838565
test	NZ_CP063884.1	NZ_CM017149.1	0.087719298245614	[0.05, 0.15)	16.218333333333334	57825	153499	0.4276351059230436	0.1615385116515417	0.1615385116515417	95.92006079748928	0.4276351059230436	False	False	False	0.9604965848142553	0.38626609442060084	0.16853932584269662	0.2727272727272727	0.0861244019138756
test	NZ_CP195365.1	NZ_CP057239.1	0.1302521008403361	[0.05, 0.15)	16.218333333333334	137286	145940	0.3845767230453214	0.3623269836919282	0.3623269836919282	93.65176753344636	0.3845767230453214	False	False	False	0.9876722430154049	0.15551181102362205	0.14259927797833935	0.3333333333333333	0.19607843137254902
test	NZ_JABWHZ010000057.1	NZ_CP057239.1	0.0975609756097561	[0.05, 0.15)	16.218333333333334	139873	145940	0.2708957411366025	0.2577566123064273	0.2577566123064273	95.36311508061966	0.2708957411366025	False	False	False	0.976240967244503	0.14666666666666667	0.13898916967509026	0.19607843137254902	0.1079136690647482
test	NZ_JBRAXZ010000003.1	NC_017659.1	0.0862745098039215	[0.05, 0.15)	16.218333333333334	118098	147060	0.3311741096377584	0.2661838705290357	0.2661838705290357	95.01033918292497	0.3311741096377584	False	False	False	0.9792415760270543	0.16043956043956045	0.13644859813084112	0.2537313432835821	0.14049586776859505
test	NZ_CP100828.1	NC_017659.1	0.0722433460076045	[0.05, 0.15)	16.218333333333334	143148	147060	0.1419509877888618	0.1381476948184414	0.1381476948184414	96.04188822865	0.1419509877888618	False	False	False	0.9819148641072308	0.12452107279693486	0.12149532710280374	0.18309859154929578	0.0962962962962963
test	NZ_CP042894.1	NZ_CP100828.1	0.0978723404255319	[0.05, 0.15)	16.218333333333334	141344	143148	0.1873868009961512	0.1852418475982898	0.1852418475982898	96.12768725069618	0.1873868009961512	False	False	False	0.9867417383196949	0.1475095785440613	0.1475095785440613	0.13636363636363635	0.06716417910447761
test	NZ_CP151316.1	NZ_CP143302.1	0.053763440860215	[0.05, 0.15)	16.218333333333334	8378	83020	0.3948436380997852	0.0399180920260178	0.0399180920260178	99.84882407966204	0.3948436380997852	False	False	False	0.9689276089428294	0.3880597014925373	0.04146730462519936	0.2727272727272727	0.02857142857142857
test	NZ_CP031805.1	NZ_CP143302.1	0.0657894736842105	[0.05, 0.15)	16.218333333333334	65454	83020	0.1893085220154612	0.1490363767766803	0.1490363767766803	95.20872455234716	0.1893085220154612	False	False	False	0.9796691909130234	0.1006036217303823	0.07974481658692185	0.20238095238095238	0.10365853658536585
test	NZ_CP143302.1	NZ_OW848789.1	0.0943396226415094	[0.05, 0.15)	16.218333333333334	83020	92189	0.1804023126957359	0.1625682022800985	0.1625682022800985	97.62247995471498	0.1804023126957359	False	False	False	0.9887907687986732	0.16427432216905902	0.15080527086383602	0.13829787234042554	0.07303370786516854
test	NZ_CP129713.1	NZ_CP069854.1	0.0995475113122171	[0.05, 0.15)	16.218333333333334	106834	137344	0.2367223917479454	0.1842017124883504	0.1842017124883504	97.78013540308883	0.2367223917479454	False	False	False	0.9938591590472875	0.15608465608465608	0.11568627450980393	0.2462686567164179	0.12941176470588237
test	CP009881.1	CP110581.1	0.1170212765957446	[0.05, 0.15)	16.218333333333334	50272	52969	0.215348504137492	0.2047423964960637	0.2047423964960637	97.12760872767446	0.215348504137492	False	False	False	0.9915132149265374	0.1745152354570637	0.15328467153284672	0.16981132075471697	0.08490566037735849
test	NZ_JBDYIB010000045.1	NZ_AP027431.1	0.0568720379146919	[0.05, 0.15)	16.218333333333334	9198	201683	0.928897586431833	0.0423089700173043	0.0423089700173043	98.97109390714536	0.928897586431833	False	False	True	0.9770287692109486	0.7368421052631579	0.035668789808917196	0.6923076923076923	0.03982300884955752
test	NZ_CP102617.1	NZ_CP196097.1	0.0576923076923076	[0.05, 0.15)	16.218333333333334	3657	46176	0.5890073831009024	0.0466476091476091	0.0466476091476091	100.0	0.5890073831009024	False	False	True	0.9281692929889714	0.6551724137931034	0.05337078651685393	0.25	0.019230769230769232
test	NZ_CP138519.1	CP067788.1	0.1481481481481481	[0.05, 0.15)	16.218333333333334	11970	13841	0.5329156223893066	0.4606603569106278	0.4606603569106278	93.08244913928011	0.5329156223893066	False	False	True	0.9450469890902118	0.17073170731707318	0.14651162790697675	0.3125	0.18518518518518517
test	NZ_CP082766.1	NZ_CP141678.1	0.0699708454810495	[0.05, 0.15)	16.218333333333334	199279	228888	0.2232096708634627	0.1940774527279717	0.1940774527279717	95.27735206051356	0.2232096708634627	False	False	False	0.9936544454224385	0.13066666666666665	0.1240506329113924	0.1902439024390244	0.104
test	NZ_AP018744.1	NZ_AP018454.1	0.075187969924812	[0.05, 0.15)	16.218333333333334	51983	78997	0.1365446395937133	0.0898388546400496	0.0898388546400496	98.48582854338989	0.1365446395937133	False	False	False	0.9852721632053514	0.12032085561497326	0.07364975450081833	0.11764705882352941	0.05
test	NZ_RRGN01000097.1	NZ_CP024887.1	0.0517241379310344	[0.05, 0.15)	16.218333333333334	23754	102544	0.7100698829670792	0.1640564050553908	0.1640564050553908	94.59822731037748	0.7100698829670792	False	False	True	0.9919348350740045	0.35714285714285715	0.07352941176470588	0.59375	0.1450381679389313
test	CP082669.1	NZ_CP024887.1	0.0621468926553672	[0.05, 0.15)	16.218333333333334	99345	102544	0.2119482611102723	0.205287486347324	0.205287486347324	95.58178302915384	0.2119482611102723	False	False	False	0.9950650987435797	0.13414634146341464	0.10784313725490197	0.29411764705882354	0.15789473684210525
test	NZ_CP010188.1	NC_018997.1	0.1176470588235294	[0.05, 0.15)	16.218333333333334	6039	7930	0.5280675608544461	0.3992433795712484	0.3992433795712484	92.90378555798686	0.5280675608544461	False	False	True	0.9103446533300512	0.15	0.11088295687885011	0.3333333333333333	0.16666666666666666
test	NZ_CP032263.1	NZ_JBWVJQ010000002.1	0.0721153846153846	[0.05, 0.15)	16.218333333333334	155784	325551	0.3694410209007343	0.1770198832133828	0.1770198832133828	92.05628860628084	0.3694410209007343	False	False	False	0.9857409754362199	0.133086876155268	0.064	0.36363636363636365	0.13793103448275862
test	NZ_CP086419.1	NZ_JABWHZ010000057.1	0.0568181818181818	[0.05, 0.15)	16.218333333333334	70475	139873	0.2831784320681093	0.1426794306263539	0.1426794306263539	97.47295150878249	0.2831784320681093	False	False	False	0.9923559185057005	0.1862348178137652	0.08761904761904762	0.18518518518518517	0.0684931506849315
test	NZ_CP135667.1	NZ_CP032263.1	0.1467391304347826	[0.05, 0.15)	16.218333333333334	76366	155784	0.6230521436241259	0.3049542956914702	0.3049542956914702	93.13748812266957	0.6439388812949154	True	False	True	0.9925375700602939	0.22569444444444445	0.12014787430683918	0.45348837209302323	0.19402985074626866
test	NZ_CP054265.1	NZ_PV435113.1	0.1316725978647686	[0.05, 0.15)	16.218333333333334	168717	193491	0.3022457725066235	0.2634541141448439	0.2634541141448439	97.05253420738038	0.3022457725066235	False	False	False	0.9950664042439723	0.22459016393442624	0.18242343541944075	0.2823529411764706	0.15141955835962145
test	NZ_MF381176.1	NZ_CP063478.1	0.074074074074074	[0.05, 0.15)	16.218333333333334	36502	47841	0.0714207440688181	0.0544930080892957	0.0544930080892957	99.885	0.0714207440688181	False	False	False	0.9469185336484524	0.0821917808219178	0.05419354838709677	0.046511627906976744	0.019230769230769232
test	NZ_CP137749.1	NZ_JBSMIW010000007.1	0.1304347826086956	[0.05, 0.15)	16.218333333333334	14571	30659	0.2644293459611557	0.1256401056785935	0.1256401056785935	99.948	0.2644293459611557	False	False	False	0.8284041321117155	0.26785714285714285	0.25316455696202533	0.2	0.1
test	NZ_CP014408.1	NC_013348.1	0.1290322580645161	[0.05, 0.15)	16.218333333333334	27098	45052	0.5188205771643664	0.313770753795614	0.313770753795614	95.91971416490486	0.5188205771643664	False	False	True	0.9955025748683026	0.3240506329113924	0.208130081300813	0.3235294117647059	0.14102564102564102
test	NZ_CP195975.1	NZ_CP189736.1	0.0777027027027027	[0.05, 0.15)	16.218333333333334	62763	239563	0.4741965807880439	0.1242512408009584	0.1242512408009584	98.00358975305326	0.4741965807880439	False	False	False	0.9808346602478762	0.4025974025974026	0.09830866807610994	0.3230769230769231	0.07167235494880546
test	NZ_AP038988.1	NZ_CP040807.1	0.112	[0.05, 0.15)	16.218333333333334	78863	90871	0.2675399109848725	0.2332097148705307	0.2332097148705307	94.0301588512241	0.2675399109848725	False	False	False	0.9599828586603536	0.14625850340136054	0.1274074074074074	0.16049382716049382	0.07471264367816093
test	NZ_CP129713.1	NZ_CP189869.1	0.0576923076923076	[0.05, 0.15)	16.218333333333334	106834	110729	0.1037029410112885	0.0998834993542793	0.0998834993542793	91.7077855538586	0.1037029410112885	False	False	False	0.9940526607559289	0.06349206349206349	0.05673758865248227	0.15384615384615385	0.07725321888412018
test	NZ_CP100738.1	CP063733.1	0.0769230769230769	[0.05, 0.15)	16.218333333333334	3263	6647	0.1979773214832975	0.0995938017150594	0.0995938017150594	89.655	0.1979773214832975	False	False	False	0.9284421022029425	0.08144796380090498	0.04522613065326633	0.0	0.0
test	NZ_CP034679.1	NZ_CP067434.1	0.1047619047619047	[0.05, 0.15)	16.218333333333334	83909	180050	0.4485931187357733	0.2096417661760622	0.2096417661760622	94.66167140488037	0.4485931187357733	False	False	False	0.9958960902510723	0.2826855123674912	0.1282051282051282	0.2328767123287671	0.07296137339055794
test	NZ_CP054265.1	NZ_CP196152.1	0.0821917808219178	[0.05, 0.15)	16.218333333333334	168717	398273	0.2964135208663027	0.1256047987184669	0.1256047987184669	97.61297994647066	0.2964135208663027	False	False	False	0.986154598900156	0.2639344262295082	0.10982264665757162	0.22941176470588234	0.07235621521335807
test	NZ_CP063884.1	CP057325.1	0.0666666666666666	[0.05, 0.15)	16.218333333333334	57825	103762	0.1335754431474275	0.0747190686378442	0.0747190686378442	96.55692004126902	0.1335754431474275	False	False	False	0.9741231227742203	0.1459227467811159	0.09264305177111716	0.12121212121212122	0.04678362573099415
test	NZ_JBWLLO010000003.1	NZ_CP102430.1	0.05	[0.05, 0.15)	16.218333333333334	73335	98312	0.0566714392854707	0.0422735779965823	0.0422735779965823	99.71121077959576	0.0566714392854707	False	False	False	0.9534410125825132	0.06589147286821706	0.06589147286821706	0.05263157894736842	0.023809523809523808
test	NZ_MH917123.1	NZ_JBWLLO010000003.1	0.1370967741935483	[0.05, 0.15)	16.218333333333334	65604	73335	0.2906987378818365	0.2600804527169837	0.2600804527169837	99.3974895478598	0.2906987378818365	False	False	False	0.9902522380369729	0.26258205689277897	0.23255813953488372	0.20833333333333334	0.11029411764705882
test	CP073108.1	NZ_CP141238.1	0.1078431372549019	[0.05, 0.15)	16.218333333333334	108563	132580	0.3323968571244347	0.2721903756222658	0.2721903756222658	93.94795314743236	0.3323968571244347	False	False	False	0.9804296333559749	0.15404040404040403	0.11359404096834265	0.5	0.2761904761904762
test	NZ_CP014408.1	NZ_KY465818.1	0.0588235294117647	[0.05, 0.15)	16.218333333333334	27098	45924	0.168315004797402	0.0996211131434544	0.0996211131434544	96.6217870531822	0.168315004797402	False	False	False	0.9766382543750735	0.09113924050632911	0.05091937765205092	0.11764705882352941	0.05194805194805195
test	NZ_JBWLLO010000003.1	NZ_CP141678.1	0.0682730923694779	[0.05, 0.15)	16.218333333333334	73335	228888	0.2742755846458035	0.0878857781971968	0.0878857781971968	97.04173312487592	0.2742755846458035	False	False	False	0.9948496488066882	0.20532319391634982	0.06835443037974684	0.18055555555555555	0.048507462686567165
test	NZ_JBRYID020000005.1	NZ_CP170103.1	0.0909090909090909	[0.05, 0.15)	16.218333333333334	2555	17520	0.2086105675146771	0.0300228310502283	0.0300228310502283	85.185	0.2086105675146771	False	False	False	0.9183344315091485	0.0625	0.03731343283582089	0.0	0.0
test	NZ_CP117387.1	NZ_KX869741.1	0.3023255813953488	[0.15, 0.4)	6.553333333333334	100517	177037	0.8231940865724205	0.4672921479690686	0.4672921479690686	98.39753754377492	0.8231940865724205	False	False	True	0.9988556688295708	0.7294685990338164	0.4295874822190612	0.784	0.40329218106995884
test	NZ_KX869741.1	NZ_CP047280.1	0.2347826086956521	[0.15, 0.4)	6.553333333333334	177037	262422	0.5853126747516056	0.3949135362126651	0.3949135362126651	98.225886012361	0.5853126747516056	False	False	True	0.9922772373932509	0.5277382645803699	0.3801229508196721	0.5046296296296297	0.2831168831168831
test	NZ_CP094333.1	NZ_MN419437.1	0.348314606741573	[0.15, 0.4)	6.553333333333334	109070	118243	0.7225268176400477	0.666635657079066	0.666635657079066	98.18626254278108	0.7225268176400477	False	False	True	0.9989959828269657	0.583743842364532	0.5435779816513762	0.576	0.4
test	NZ_CP149373.1	NZ_MN419437.1	0.1976744186046511	[0.15, 0.4)	6.553333333333334	90028	118243	0.7571422224196916	0.575755012981741	0.575755012981741	95.77620201887017	0.7571422224196916	False	False	True	0.9830099902100088	0.47129909365558914	0.3577981651376147	0.6534653465346535	0.4074074074074074
test	NZ_CP145710.1	NZ_MN419437.1	0.2993630573248407	[0.15, 0.4)	6.553333333333334	95144	118243	0.8072185319095266	0.6492900213966154	0.6492900213966154	97.55267670121324	0.8072185319095266	False	False	True	0.9851366048011503	0.6140350877192983	0.481651376146789	0.7452830188679245	0.512987012987013
test	CP073108.1	NZ_MN419437.1	0.3773584905660377	[0.15, 0.4)	6.553333333333334	108563	118243	0.7805237511859473	0.7166428456652825	0.7166428456652825	97.6612013319974	0.7805237511859473	False	False	True	0.9819773538241771	0.5580808080808081	0.5068807339449541	0.7241379310344828	0.5283018867924528
test	NZ_KX246268.1	NZ_MN419437.1	0.3496503496503496	[0.15, 0.4)	6.553333333333334	86207	118243	0.9024325170809796	0.6567999797028153	0.6567999797028153	97.66964398248612	0.9024325170809796	False	False	True	0.9829324739467966	0.6325301204819277	0.481651376146789	0.8105263157894737	0.5310344827586206
test	NZ_CP043828.1	NZ_MN419437.1	0.3841059602649007	[0.15, 0.4)	6.553333333333334	97743	118243	0.8392928393849176	0.693884627419805	0.693884627419805	97.48514626578736	0.8392928393849176	False	False	True	0.9966554633146496	0.6197183098591549	0.5045871559633027	0.6695652173913044	0.4666666666666667
test	OW849005.1	NZ_CP143282.1	0.216867469879518	[0.15, 0.4)	6.553333333333334	98537	248177	0.7821123029927844	0.3105807548644717	0.3105807548644717	97.4052946901852	0.7821123029927844	False	False	True	0.9958163876931119	0.5749318801089919	0.23977272727272728	0.7068965517241379	0.29285714285714287
test	NZ_CP084846.1	NZ_CP143282.1	0.1846153846153846	[0.15, 0.4)	6.553333333333334	101892	248177	0.6355160365877596	0.2609468242423754	0.2609468242423754	96.3690582194949	0.6355160365877596	False	False	True	0.9971556921377767	0.43535620052770446	0.1875	0.6296296296296297	0.23776223776223776
test	OW849035.1	NZ_CP143282.1	0.1878787878787878	[0.15, 0.4)	6.553333333333334	204647	248177	0.4719736912830386	0.3892262377254943	0.3892262377254943	96.92827989863989	0.4719736912830386	False	False	False	0.9969547922004068	0.31593038821954483	0.2681818181818182	0.4174757281553398	0.23497267759562843
test	NZ_CP054265.1	NZ_CP143282.1	0.1568627450980392	[0.15, 0.4)	6.553333333333334	168717	248177	0.4040612386422234	0.2747313409381208	0.2747313409381208	97.68175320202816	0.4040612386422234	False	False	False	0.9968267900795809	0.29508196721311475	0.20454545454545456	0.3588235294117647	0.17183098591549295
test	OW849005.1	NZ_CP041642.1	0.3939393939393939	[0.15, 0.4)	6.553333333333334	98537	121851	0.7401382221906492	0.5987640643080484	0.5987640643080484	97.69517800925291	0.7401382221906492	False	False	True	0.9974824557133772	0.5994550408719346	0.49107142857142855	0.7327586206896551	0.4885057471264368
test	NZ_CP041642.1	NZ_CP074455.1	0.1724137931034483	[0.15, 0.4)	6.553333333333334	121851	159477	0.5127984177396985	0.3918307969174238	0.3918307969174238	96.99008839231482	0.5127984177396985	False	False	True	0.9906029617827006	0.36160714285714285	0.27787307032590053	0.48951048951048953	0.2892561983471074
test	NZ_CP136270.1	NZ_CP041642.1	0.2114285714285714	[0.15, 0.4)	6.553333333333334	107188	121851	0.5811004963242153	0.5108944530615259	0.5108944530615259	96.4245093117928	0.5811004963242153	False	False	True	0.9941896598535768	0.3832923832923833	0.3482142857142857	0.544	0.34
test	NZ_RRND01000164.1	AP026472.1	0.3656716417910448	[0.15, 0.4)	6.553333333333334	92980	93433	0.7631533663153366	0.759656652360515	0.759656652360515	97.28653546044391	0.7631533663153366	False	False	True	0.9948811150304512	0.5266106442577031	0.5094850948509485	0.7047619047619048	0.5401459854014599
test	NZ_JAUAMG010000010.1	AP026472.1	0.2032520325203252	[0.15, 0.4)	6.553333333333334	60727	93433	0.6590972713949315	0.4289811950809671	0.4289811950809671	97.68059495186311	0.6590972713949315	False	False	True	0.9967012548992572	0.49019607843137253	0.3048780487804878	0.6153846153846154	0.3053435114503817
test	AP026472.1	NZ_CP041960.1	0.380281690140845	[0.15, 0.4)	6.553333333333334	93433	98151	0.7948690505495917	0.756497641389288	0.756497641389288	97.35277025409248	0.7948690505495917	False	False	True	0.9986752314958216	0.5528455284552846	0.5454545454545454	0.7169811320754716	0.5467625899280576
test	OW849005.1	NZ_CP141569.1	0.1711026615969581	[0.15, 0.4)	6.553333333333334	98537	194326	0.4953367770482154	0.2511552751561808	0.2511552751561808	97.24788907305094	0.4953367770482154	False	False	False	0.9875450950318604	0.3678474114441417	0.178335535006605	0.43103448275862066	0.19083969465648856
test	OW849005.1	NZ_CP146851.1	0.1534653465346534	[0.15, 0.4)	6.553333333333334	98537	138872	0.3564549357094289	0.2528803502505904	0.2528803502505904	98.31107735607677	0.3564549357094289	False	False	False	0.9896727740129816	0.23160762942779292	0.18930957683741648	0.3879310344827586	0.20361990950226244
test	OW849005.1	NZ_CP129713.1	0.1602209944751381	[0.15, 0.4)	6.553333333333334	98537	106834	0.3197174665354131	0.2946627478143662	0.2946627478143662	98.08576325715552	0.3197174665354131	False	False	False	0.9917534515445298	0.19618528610354224	0.19047619047619047	0.3448275862068966	0.19047619047619047
test	NZ_CP117397.1	NZ_CP024192.1	0.3671497584541063	[0.15, 0.4)	6.553333333333334	100527	221606	0.8479711918191133	0.3846601626309757	0.3846601626309757	99.31180101986988	0.8479711918191133	False	False	True	0.9970384488945137	0.7971014492753623	0.39663461538461536	0.8015873015873016	0.36462093862815886
test	NZ_CP117397.1	NZ_CP022063.1	0.3043478260869565	[0.15, 0.4)	6.553333333333334	100527	173817	0.7243128711689397	0.4191649838623379	0.4191649838623379	99.2288537281484	0.7243128711689397	False	False	True	0.975724766590436	0.6932367149758454	0.4147398843930636	0.7380952380952381	0.40789473684210525
test	NZ_CP117397.1	NZ_AP019818.1	0.2216494845360824	[0.15, 0.4)	6.553333333333334	100527	136816	0.7201746794393546	0.5286808560402292	0.5286808560402292	95.46951522383944	0.7201746794393546	False	False	True	0.9939421442141023	0.45893719806763283	0.3473491773308958	0.6349206349206349	0.3791469194312796
test	NZ_CP049847.1	NZ_RRPB01000143.1	0.3741007194244604	[0.15, 0.4)	6.553333333333334	90408	93945	0.8155251747632953	0.7847251051146947	0.7847251051146947	97.60109121218692	0.8155251747632953	False	False	True	0.9958417634935866	0.5561719833564494	0.5561719833564494	0.6788990825688074	0.5034013605442177
test	CP067450.1	NZ_CP141546.1	0.3765586034912718	[0.15, 0.4)	6.553333333333334	230982	348041	0.8195054160064421	0.5463235653270735	0.5463235653270735	97.74085514219074	0.8195054160064421	False	False	True	0.9955006948803975	0.7002262443438914	0.4643660915228807	0.765625	0.46445497630331756
test	NZ_LR890428.1	NZ_KX636095.1	0.2038567493112947	[0.15, 0.4)	6.553333333333334	128238	335317	0.7771331430621189	0.2972262068430768	0.2972262068430768	98.4829835560948	0.7771331430621189	False	False	True	0.9920127763724519	0.653179190751445	0.27516233766233766	0.7006802721088435	0.25121951219512195
test	NZ_QRAC01000091.1	CP080739.1	0.1658291457286432	[0.15, 0.4)	6.553333333333334	26119	206152	1.0	0.1266977763979976	0.1266977763979976	100.0	1.0	True	False	True	0.9797310980420387	1.0	0.1283068783068783	1.0	0.0995260663507109
test	NZ_QRAC01000091.1	OW849035.1	0.1701030927835051	[0.15, 0.4)	6.553333333333334	26119	204647	1.0	0.1276295279188065	0.1276295279188065	100.0	1.0	False	False	True	0.9796335003988291	1.0	0.12985274431057564	1.0	0.10194174757281553
test	NZ_QRAC01000091.1	NZ_CP020069.1	0.1594202898550724	[0.15, 0.4)	6.553333333333334	26119	213013	1.0	0.122621624032336	0.122621624032336	99.98091550535987	1.0	False	False	True	0.9769041452942422	1.0	0.12516129032258064	1.0	0.1044776119402985
test	NZ_QRAC01000091.1	NZ_CP054265.1	0.2115384615384615	[0.15, 0.4)	6.553333333333334	26119	168717	1.0	0.1548095331235145	0.1548095331235145	100.0	1.0	False	False	True	0.9772398140421735	1.0	0.15901639344262294	1.0	0.12352941176470589
test	NZ_CP182399.1	NZ_JBYCWT010000001.1	0.2485207100591716	[0.15, 0.4)	6.553333333333334	107583	153509	0.5488878354386846	0.384733142682188	0.384733142682188	96.24087197524392	0.5488878354386846	False	False	True	0.9858750994183333	0.287598944591029	0.25526932084309134	0.3949579831932773	0.235
test	NZ_CP040265.1	NZ_CP182399.1	0.2279411764705882	[0.15, 0.4)	6.553333333333334	73952	107583	0.7153829511034184	0.4917133747896972	0.4917133747896972	95.34104591047928	0.7153829511034184	False	False	True	0.974861107406245	0.2931726907630522	0.19261213720316622	0.5795454545454546	0.3269230769230769
test	NZ_CP182399.1	NZ_AP026795.1	0.1545064377682403	[0.15, 0.4)	6.553333333333334	107583	165477	0.5065391372242827	0.3294173812674873	0.3294173812674873	94.35874960188896	0.5065391372242827	False	False	True	0.9918731846593041	0.2691292875989446	0.16346153846153846	0.3445378151260504	0.16666666666666666
test	NZ_CP182399.1	NZ_JBSTQQ010000002.1	0.1542056074766355	[0.15, 0.4)	6.553333333333334	107583	156753	0.4694514932656646	0.3222522056994124	0.3222522056994124	95.25951850754524	0.4694514932656646	False	False	False	0.9950024806610499	0.2559366754617414	0.1681109185441941	0.3865546218487395	0.19246861924686193
test	CP101962.1	NZ_CP182399.1	0.2307692307692307	[0.15, 0.4)	6.553333333333334	82673	107583	0.6023248218886457	0.462619558852235	0.462619558852235	95.8712403695835	0.6023248218886457	False	False	True	0.97161532469376	0.3301282051282051	0.2717678100263852	0.5161290322580645	0.2926829268292683
test	NZ_CP182399.1	CP122777.1	0.160919540229885	[0.15, 0.4)	6.553333333333334	107583	116463	0.3590065344896498	0.331272593012373	0.331272593012373	95.305730178004	0.3590065344896498	False	False	False	0.9844747776365315	0.22427440633245382	0.20190023752969122	0.3277310924369748	0.1921182266009852
test	NZ_CP182399.1	NZ_CP098439.1	0.1942857142857142	[0.15, 0.4)	6.553333333333334	107583	109442	0.5019008579422399	0.4941978399517552	0.4941978399517552	93.5799972335442	0.5019008579422399	False	False	True	0.9809035510396257	0.24274406332453827	0.2222222222222222	0.37606837606837606	0.22916666666666666
test	NZ_CP182399.1	NZ_CP057239.1	0.1902439024390244	[0.15, 0.4)	6.553333333333334	107583	145940	0.5316639245977525	0.3922365355625599	0.3922365355625599	95.57286006374196	0.5316639245977525	False	False	True	0.9909100804307891	0.27440633245382584	0.18772563176895307	0.48739495798319327	0.26851851851851855
test	NZ_CP182399.1	NZ_JBRAXZ010000003.1	0.1736842105263158	[0.15, 0.4)	6.553333333333334	107583	118098	0.5181487781526821	0.4719724296770479	0.4719724296770479	94.3107237574002	0.5181487781526821	False	False	True	0.9796334741196058	0.29023746701846964	0.24175824175824176	0.4117647058823529	0.24019607843137256
test	NZ_JBFUPY010000024.1	NZ_CP182399.1	0.2397260273972602	[0.15, 0.4)	6.553333333333334	73616	107583	0.5885948706802869	0.4028889322662502	0.4028889322662502	96.88934640643365	0.5885948706802869	False	False	True	0.9964219406362743	0.34210526315789475	0.24010554089709762	0.475	0.2360248447204969
test	AP019709.1	CP051818.1	0.2307692307692307	[0.15, 0.4)	6.553333333333334	86874	93177	0.5343946405138477	0.4985135816778819	0.4985135816778819	95.44212343662696	0.5343946405138477	False	False	True	0.9862207258771969	0.3730834752981261	0.2971506105834464	0.22666666666666666	0.11564625850340136
test	NZ_AP038988.1	CP051818.1	0.2429906542056074	[0.15, 0.4)	6.553333333333334	78863	93177	0.6199104776637967	0.5254193631475579	0.5254193631475579	95.2365835696363	0.6199104776637967	False	False	True	0.9949358757321478	0.4200680272108844	0.33514246947082765	0.4567901234567901	0.2781954887218045
test	NZ_JCAKIY010000010.1	NZ_CP134726.1	0.2913669064748201	[0.15, 0.4)	6.553333333333334	168475	174239	0.8605193648909334	0.832046786310757	0.832046786310757	94.32155544615132	0.8605193648909334	False	False	True	0.9993300758744658	0.4311377245508982	0.4311377245508982	0.8571428571428571	0.6896551724137931
test	NZ_CP097682.1	NZ_CP109609.1	0.2209302325581395	[0.15, 0.4)	6.553333333333334	57847	142244	0.6144484588656283	0.2499226680914485	0.2499226680914485	98.0195076408787	0.6144484588656283	False	False	True	0.9958121807375624	0.43523316062176165	0.15469613259668508	0.5384615384615384	0.21875
test	NZ_CP109609.1	NZ_CP021328.1	0.1670020120724346	[0.15, 0.4)	6.553333333333334	142244	446611	0.5436362869435618	0.1731462055345703	0.1731462055345703	97.0181295427826	0.5436362869435618	False	False	True	0.9799319565222643	0.43646408839779005	0.14629629629629629	0.532051282051282	0.15485074626865672
test	NZ_JBUBIE010000002.1	NZ_CP148841.1	0.1578947368421052	[0.15, 0.4)	6.553333333333334	84790	319375	0.8080316075008845	0.2145909980430528	0.2145909980430528	98.5929425824776	0.8080316075008845	False	False	True	0.9909476201858939	0.7010309278350515	0.17677642980935876	0.723404255319149	0.20118343195266272
test	NZ_CP039507.1	NZ_CP148915.1	0.1666666666666666	[0.15, 0.4)	6.553333333333334	2495	3796	0.2228456913827655	0.1469968387776607	0.1469968387776607	89.624	0.2228456913827655	False	False	False	0.8532107496222312	0.056074766355140186	0.037894736842105266	0.0	0.0
test	NZ_CP039507.1	NC_003114.1	0.1666666666666666	[0.15, 0.4)	6.553333333333334	2495	3172	0.213627254509018	0.1746532156368222	0.1746532156368222	83.542	0.213627254509018	False	False	False	0.8458602835180247	0.033576642335766425	0.02875	0.0	0.0
test	NZ_CP039507.1	NZ_CP091696.1	0.25	[0.15, 0.4)	6.553333333333334	2495	3461	0.2172344689378757	0.1629586824617162	0.1629586824617162	74.346	0.2172344689378757	False	False	False	0.8782828808096569	0.009345794392523364	0.007042253521126761	0.0	0.0
test	NZ_CP010175.1	CP057542.1	0.3076923076923077	[0.15, 0.4)	6.553333333333334	6647	7198	0.6858733263126222	0.6333703806612948	0.6333703806612948	95.96901007667032	0.6858733263126222	False	False	True	0.9060901233918676	0.3756345177664975	0.3515439429928741	0.625	0.4166666666666667
test	NZ_CP110933.1	CP092319.1	0.3888888888888889	[0.15, 0.4)	6.553333333333334	49544	59350	0.8229048926207008	0.6880370682392586	0.6880370682392586	99.13837743609832	0.8229048926207008	False	False	True	0.9980829630003849	0.7520215633423181	0.6428571428571429	0.6779661016949152	0.42105263157894735
test	NZ_CP079658.1	NZ_CP169124.1	0.1951219512195122	[0.15, 0.4)	6.553333333333334	29628	90370	0.6249156203591197	0.204769281841319	0.204769281841319	98.75231293876227	0.6249156203591197	False	False	True	0.9729681730773249	0.5521235521235521	0.22136222910216719	0.5128205128205128	0.19047619047619047
test	NZ_AP022125.1	CP057169.1	0.1666666666666666	[0.15, 0.4)	6.553333333333334	2997	4076	0.3383383383383383	0.2446025515210991	0.2446025515210991	83.54419182083738	0.3383383383383383	False	False	False	0.9288752666275049	0.06923076923076923	0.05	0.0	0.0
test	NZ_AP022125.1	NZ_CP118042.1	0.2	[0.15, 0.4)	6.553333333333334	2997	4711	0.3329996663329996	0.2114200806622797	0.2114200806622797	85.74281782178218	0.3329996663329996	False	False	False	0.9113266304607445	0.08974358974358974	0.057283142389525366	0.0	0.0
test	NZ_CP133102.1	NZ_CP142707.1	0.2386706948640483	[0.15, 0.4)	6.553333333333334	134388	263549	0.6824121201297735	0.3480567181055515	0.3480567181055515	98.41457433153911	0.6824121201297735	False	False	True	0.9852634722361169	0.5154440154440154	0.27189409368635437	0.5571428571428572	0.2222222222222222
test	NZ_CP133102.1	NZ_OY757950.1	0.3872549019607843	[0.15, 0.4)	6.553333333333334	134388	150582	0.71732595172188	0.6401628348673812	0.6401628348673812	97.79079195681012	0.71732595172188	False	False	True	0.9841912860422528	0.527027027027027	0.5018382352941176	0.6357142857142857	0.4405940594059406
test	NZ_JBTZPL010000001.1	NZ_CP133102.1	0.1941747572815534	[0.15, 0.4)	6.553333333333334	105623	134388	0.5851850449239275	0.4599368991278983	0.4599368991278983	95.80941789623218	0.5851850449239275	False	False	True	0.9791152489841737	0.3640661938534279	0.2972972972972973	0.4180327868852459	0.24170616113744076
test	NZ_CP133102.1	NZ_JBUBIP010000002.1	0.3743842364532019	[0.15, 0.4)	6.553333333333334	134388	150224	0.6416718754650713	0.5741892107785707	0.5741892107785707	97.76283698093982	0.6416718754650713	False	False	True	0.9954292251087614	0.525096525096525	0.5190839694656488	0.5671641791044776	0.3838383838383838
test	NZ_CP133102.1	NZ_AP026795.1	0.1647509578544061	[0.15, 0.4)	6.553333333333334	134388	165477	0.4597359883322915	0.3736047909981447	0.3736047909981447	96.02928197885564	0.4597359883322915	False	False	False	0.9928377121357981	0.29922779922779924	0.2483974358974359	0.30714285714285716	0.16226415094339622
test	NZ_CP089446.1	NZ_CP133102.1	0.1704035874439461	[0.15, 0.4)	6.553333333333334	129071	134388	0.465751408139706	0.4473464892698753	0.4473464892698753	96.1545179670011	0.465751408139706	False	False	False	0.9802433182087175	0.29366602687140114	0.29366602687140114	0.35714285714285715	0.21551724137931033
test	NZ_OR388869.1	NZ_CP133102.1	0.173469387755102	[0.15, 0.4)	6.553333333333334	94213	134388	0.5800048825533631	0.406583921183439	0.406583921183439	95.57670119158412	0.5800048825533631	False	False	True	0.9959211069212434	0.36036036036036034	0.23166023166023167	0.44660194174757284	0.233502538071066
test	NZ_CP133102.1	NZ_CM017149.1	0.3014354066985646	[0.15, 0.4)	6.553333333333334	134388	153499	0.5904917105693961	0.5170457136528577	0.5170457136528577	98.05588082888508	0.5904917105693961	False	False	True	0.9868558313579702	0.4343629343629344	0.42134831460674155	0.5214285714285715	0.3201754385964912
test	NZ_CP040807.1	NZ_CP133102.1	0.1739130434782608	[0.15, 0.4)	6.553333333333334	90871	134388	0.5907165102177813	0.3988823406851802	0.3988823406851802	95.10156090946244	0.5907165102177813	False	False	True	0.9791986408310593	0.3382352941176471	0.222007722007722	0.39622641509433965	0.20588235294117646
test	NZ_MG591701.1	NZ_CP133102.1	0.1868131868131868	[0.15, 0.4)	6.553333333333334	91597	134388	0.599299103682435	0.4078861207845938	0.4078861207845938	95.21682478290884	0.599299103682435	False	False	True	0.9964049620051803	0.34210526315789475	0.22586872586872586	0.41509433962264153	0.21782178217821782
test	CP044382.1	NZ_CP061953.1	0.1932773109243697	[0.15, 0.4)	6.553333333333334	123229	168138	0.6253560444375919	0.458629221234938	0.458629221234938	96.37526609080784	0.6253560444375919	False	False	True	0.9915581466845506	0.34615384615384615	0.271356783919598	0.3352601156069364	0.19727891156462585
test	NZ_CP061953.1	OW848843.1	0.397887323943662	[0.15, 0.4)	6.553333333333334	168138	252697	0.7275154932258027	0.4840975555705054	0.4840975555705054	99.26233311270182	0.7275154932258027	False	False	True	0.996519120439899	0.6850921273031826	0.4668949771689498	0.6983240223463687	0.4139072847682119
test	NZ_CP101766.1	NZ_CP061953.1	0.1522633744855967	[0.15, 0.4)	6.553333333333334	127176	168138	0.406995030508901	0.3080088974532824	0.3080088974532824	98.11892070688558	0.406995030508901	False	False	False	0.9938597823827139	0.3004694835680751	0.21440536013400335	0.37857142857142856	0.19924812030075187
test	NZ_CP061953.1	NZ_KX636095.1	0.2151898734177215	[0.15, 0.4)	6.553333333333334	168138	335317	0.6783297053610724	0.3402929168518148	0.3402929168518148	97.77578878234604	0.6783297053610724	False	False	True	0.9904332005004639	0.5309882747068677	0.2573051948051948	0.5754189944134078	0.2330316742081448
test	CP052164.1	NZ_CP061953.1	0.1745283018867924	[0.15, 0.4)	6.553333333333334	92461	168138	0.6015617395442403	0.3307461727866395	0.3307461727866395	96.89693776037922	0.6015617395442403	False	False	True	0.9876685622733115	0.3360655737704918	0.20603015075376885	0.49122807017543857	0.23628691983122363
test	NZ_CP061953.1	NZ_CP154633.1	0.1682847896440129	[0.15, 0.4)	6.553333333333334	168138	210515	0.4110730471398494	0.3289361803196922	0.3289361803196922	96.27551976130762	0.4110730471398494	False	False	False	0.9975756825026028	0.32998324958123953	0.26266666666666666	0.35195530726256985	0.1880597014925373
test	NZ_CP061953.1	NZ_JBWVJQ010000002.1	0.1513647642679901	[0.15, 0.4)	6.553333333333334	168138	325551	0.5402823870867978	0.278687517470381	0.278687517470381	97.00525967172746	0.5402823870867978	False	False	True	0.9974678461197655	0.36348408710217756	0.1928888888888889	0.45251396648044695	0.19950738916256158
test	NZ_CP061953.1	NZ_PQ667066.1	0.1946564885496183	[0.15, 0.4)	6.553333333333334	168138	180007	0.4627924680916866	0.4321943035548617	0.4321943035548617	96.79759769480562	0.4627924680916866	False	False	False	0.9971373472408115	0.3098827470686767	0.27694610778443113	0.3699421965317919	0.2222222222222222
test	NZ_KX646543.1	CP043740.1	0.2241379310344827	[0.15, 0.4)	6.553333333333334	111559	113189	0.4926361835441336	0.4850471335553808	0.4850471335553808	94.29450563671294	0.4926361835441336	False	False	False	0.9973847813168828	0.2438423645320197	0.22758620689655173	0.39669421487603307	0.23300970873786409
test	NZ_KX646543.1	NZ_AP022361.1	0.2095238095238095	[0.15, 0.4)	6.553333333333334	111559	148581	0.5704156544967237	0.4277801333952524	0.4277801333952524	96.1437135307217	0.5704156544967237	False	False	True	0.9832158952574802	0.39408866995073893	0.28021015761821366	0.47368421052631576	0.28125
test	NZ_KX646543.1	NZ_CP014496.1	0.2544378698224852	[0.15, 0.4)	6.553333333333334	111559	114223	0.503321112595129	0.4912057991823013	0.4912057991823013	97.09426728553144	0.503321112595129	False	False	True	0.9711971262532221	0.3817733990147783	0.3475336322869955	0.4393939393939394	0.28019323671497587
test	NZ_OR388869.1	NZ_KX646543.1	0.2088607594936709	[0.15, 0.4)	6.553333333333334	94213	111559	0.5266470656915713	0.4451635457470935	0.4451635457470935	96.39994193470667	0.5266470656915713	False	False	True	0.9966808457531087	0.35135135135135137	0.2881773399014778	0.4077669902912621	0.21649484536082475
test	NZ_AP022534.1	NZ_KX646543.1	0.2611940298507462	[0.15, 0.4)	6.553333333333334	111171	111559	0.4153691160464509	0.4145698688586308	0.4145698688586308	96.09653399900796	0.4153691160464509	False	False	False	0.9913724730061795	0.46062992125984253	0.2881773399014778	0.4888888888888889	0.24581005586592178
test	NZ_CP043297.1	NZ_KX646543.1	0.1705882352941176	[0.15, 0.4)	6.553333333333334	110724	111559	0.4599364184819912	0.4566283311969451	0.4566283311969451	94.68339249206907	0.4599364184819912	False	False	False	0.9782576068791593	0.23393316195372751	0.22413793103448276	0.3064516129032258	0.1735159817351598
test	NZ_KX646543.1	NZ_JABWHZ010000057.1	0.1515151515151515	[0.15, 0.4)	6.553333333333334	111559	139873	0.4071298595362095	0.3250234140970737	0.3250234140970737	96.33287430554032	0.4071298595362095	False	False	False	0.9949423606646316	0.2684729064039409	0.20761904761904762	0.37593984962406013	0.211864406779661
test	NZ_KY288024.1	CP043740.1	0.1746987951807229	[0.15, 0.4)	6.553333333333334	82841	113189	0.5923636846489058	0.433593370380514	0.433593370380514	93.43957117621976	0.5923636846489058	False	False	True	0.9970256917992075	0.23100303951367782	0.17471264367816092	0.3888888888888889	0.19886363636363635
test	CP122782.1	NZ_KY288024.1	0.2580645161290322	[0.15, 0.4)	6.553333333333334	69672	82841	0.6903634171546675	0.5820668509554447	0.5820668509554447	93.41814916487516	0.6903634171546675	False	False	True	0.9959375275569747	0.32407407407407407	0.2635542168674699	0.4166666666666667	0.2517985611510791
test	NZ_PP129611.1	NZ_KY288024.1	0.351063829787234	[0.15, 0.4)	6.553333333333334	63468	82841	0.6841557950463225	0.5239676005842517	0.5239676005842517	99.14820942119076	0.6841557950463225	False	False	True	0.9977893739660472	0.6473029045643154	0.46987951807228917	0.6538461538461539	0.4358974358974359
test	NZ_JBVVLY010000002.1	NZ_CP046167.1	0.194078947368421	[0.15, 0.4)	6.553333333333334	191497	234807	0.4467171809480044	0.3652063183806275	0.3652063183806275	97.60548835341363	0.4467171809480044	False	False	False	0.9953995528842707	0.3601756954612006	0.3033292231812577	0.36649214659685864	0.20958083832335328
test	NZ_CP091218.1	NZ_CP046167.1	0.1548821548821548	[0.15, 0.4)	6.553333333333334	182818	234807	0.4498955245107155	0.3502408360909172	0.3502408360909172	96.51443675666502	0.4498955245107155	False	False	False	0.9971771819270623	0.29958391123439665	0.26633785450061653	0.4235294117647059	0.2315112540192926
test	NZ_PQ365750.1	NZ_MK356558.1	0.2132701421800948	[0.15, 0.4)	6.553333333333334	90009	168834	0.9352620293526204	0.4908430766314842	0.4908430766314842	90.2842302153252	0.9352620293526204	False	False	True	0.9979022105991499	0.4329608938547486	0.26360544217687076	0.01680672268907563	0.0056022408963585435
test	NZ_PV022950.1	MN868654.1	0.2030075187969924	[0.15, 0.4)	6.553333333333334	90934	93231	0.6394857808960345	0.628750093852903	0.628750093852903	94.85397285753184	0.6394857808960345	False	False	True	0.9945400153415367	0.3463203463203463	0.3314917127071823	0.07	0.029166666666666667
test	NZ_PV022950.1	NZ_CP101534.1	0.1694915254237288	[0.15, 0.4)	6.553333333333334	90934	141697	0.5587459036224075	0.3586102740354418	0.3586102740354418	96.52059563056248	0.5587459036224075	False	False	True	0.9951019957363558	0.33043478260869563	0.2446351931330472	0.51	0.2463768115942029
test	NZ_PV022950.1	CP043740.1	0.1715976331360946	[0.15, 0.4)	6.553333333333334	90934	113189	0.5388853454153562	0.4336552138458684	0.4336552138458684	93.48242476186608	0.5388853454153562	False	False	True	0.9963863041970977	0.22028985507246376	0.17471264367816092	0.35	0.1881720430107527
test	NZ_AP018457.1	NZ_PV022950.1	0.1780821917808219	[0.15, 0.4)	6.553333333333334	86535	90934	0.4615935748541053	0.4388567532496096	0.4388567532496096	95.26856778878548	0.4615935748541053	False	False	False	0.9723220505292633	0.2974963181148748	0.29148629148629146	0.36666666666666664	0.21019108280254778
test	NZ_CP040265.1	NZ_PV022950.1	0.1935483870967742	[0.15, 0.4)	6.553333333333334	73952	90934	0.626487451319775	0.509809312248444	0.509809312248444	92.9585239476568	0.626487451319775	False	False	True	0.992640798742043	0.2749003984063745	0.19913419913419914	0.4659090909090909	0.2789115646258503
test	NZ_PV022950.1	NZ_CP097707.1	0.2	[0.15, 0.4)	6.553333333333334	90934	159393	0.6869047880880639	0.3921627674992001	0.3921627674992001	96.1254622286079	0.6869047880880639	False	False	True	0.9950512328000488	0.391304347826087	0.24500907441016334	0.56	0.2545454545454545
test	NZ_PV022950.1	NZ_RRRW01000071.1	0.1666666666666666	[0.15, 0.4)	6.553333333333334	90934	93340	0.4160819935337717	0.4053353331904863	0.4053353331904863	93.87535856468666	0.4160819935337717	False	False	False	0.9715450871705031	0.20346320346320346	0.20346320346320346	0.3163265306122449	0.18562874251497005
test	NZ_PV022950.1	NZ_CM017149.1	0.1534391534391534	[0.15, 0.4)	6.553333333333334	90934	153499	0.5668396859260563	0.335709027420374	0.335709027420374	94.59661741149156	0.5668396859260563	False	False	True	0.9830896248576152	0.2811594202898551	0.18164794007490637	0.42	0.1917808219178082
test	NZ_PV022950.1	CP057191.1	0.2052980132450331	[0.15, 0.4)	6.553333333333334	90934	102988	0.5277673917346647	0.4658892298131821	0.4658892298131821	93.474290299809	0.5277673917346647	False	False	True	0.968042473901115	0.22608695652173913	0.21666666666666667	0.41	0.25
test	NZ_OZ547465.1	OW966965.1	0.2	[0.15, 0.4)	6.553333333333334	46449	66091	0.4371461172468729	0.3067588627801062	0.3067588627801062	97.35795166206996	0.4371461172468729	False	False	False	0.9897467967876873	0.35919540229885055	0.25826446280991733	0.32608695652173914	0.15
test	NZ_CP068905.1	OW966965.1	0.2795698924731182	[0.15, 0.4)	6.553333333333334	56522	66091	0.5678496868475992	0.485436746304338	0.485436746304338	98.59684777400987	0.5678496868475992	False	False	True	0.9936330662406424	0.5324675324675324	0.42355371900826444	0.40625	0.24299065420560748
test	NZ_MH917123.1	OW966965.1	0.1764705882352941	[0.15, 0.4)	6.553333333333334	65604	66091	0.2886714224742394	0.2863627422795842	0.2863627422795842	98.95506965331649	0.2886714224742394	False	False	False	0.9931706220935445	0.25601750547045954	0.24173553719008264	0.18840579710144928	0.0962962962962963
test	CP044382.1	OW967602.1	0.1549295774647887	[0.15, 0.4)	6.553333333333334	123229	205284	0.6345584237476568	0.3811013035599462	0.3811013035599462	95.39170207581114	0.6345584237476568	False	False	True	0.9928659974319585	0.3611111111111111	0.22354497354497355	0.3179190751445087	0.16923076923076924
test	NZ_JAHQYP010000015.1	CP044382.1	0.1597633136094674	[0.15, 0.4)	6.553333333333334	81298	123229	0.4891141233486679	0.3223916448238645	0.3223916448238645	95.10667458783968	0.4891141233486679	False	False	False	0.994225217957322	0.26900584795321636	0.19658119658119658	0.3118279569892473	0.12236286919831224
test	NZ_CP136270.1	CP044382.1	0.1741573033707865	[0.15, 0.4)	6.553333333333334	107188	123229	0.4963708624099712	0.4313189265513799	0.4313189265513799	95.88219606408524	0.4963708624099712	False	False	False	0.9973903695439139	0.2727272727272727	0.23717948717948717	0.304	0.14615384615384616
test	CP044382.1	NZ_CP014121.1	0.1666666666666666	[0.15, 0.4)	6.553333333333334	123229	200203	0.6313935843023963	0.3888952712996308	0.3888952712996308	96.41809541098442	0.6313935843023963	False	False	True	0.9961980491128204	0.3482905982905983	0.22797202797202798	0.3583815028901734	0.19808306709265175
test	NZ_CP117387.1	CP052444.1	0.3210526315789473	[0.15, 0.4)	6.553333333333334	100517	174931	0.7991384541918283	0.4592439304640115	0.4592439304640115	98.95995740021895	0.7991384541918283	False	False	True	0.9983444139849748	0.7270531400966184	0.43434343434343436	0.768	0.4085106382978723
test	NZ_CP117387.1	NZ_CP114566.1	0.2727272727272727	[0.15, 0.4)	6.553333333333334	100517	210045	0.8223683556015401	0.3933538051369944	0.3933538051369944	98.3390199332737	0.8223683556015401	False	False	True	0.996833873752358	0.7391304347826086	0.36823104693140796	0.736	0.33212996389891697
test	NZ_CP117387.1	NZ_MZ475707.1	0.3834586466165413	[0.15, 0.4)	6.553333333333334	100517	100733	0.5919894147258673	0.5907200222370028	0.5907200222370028	99.17032795861468	0.5919894147258673	False	False	True	0.9717519838375501	0.5828065739570164	0.5806045340050378	0.616	0.4350282485875706
test	NZ_CP178636.1	NZ_AP018457.1	0.1653543307086614	[0.15, 0.4)	6.553333333333334	57425	86535	0.6182847191989551	0.4114635696538972	0.4114635696538972	94.23050219857164	0.6182847191989551	False	False	True	0.9531886829019552	0.30303030303030304	0.19145802650957292	0.39705882352941174	0.20610687022900764
test	NZ_CP178636.1	CP122782.1	0.3106796116504854	[0.15, 0.4)	6.553333333333334	57425	69672	0.8243273835437527	0.6788953955678034	0.6788953955678034	95.56459420411947	0.8243273835437527	False	False	True	0.9974316688551204	0.4731934731934732	0.37592592592592594	0.5735294117647058	0.34513274336283184
test	NZ_CP178636.1	NZ_CP097707.1	0.1666666666666666	[0.15, 0.4)	6.553333333333334	57425	159393	0.8377361776229865	0.3022090054142904	0.3022090054142904	94.82683931160167	0.8377361776229865	False	False	True	0.9849973736077823	0.423963133640553	0.16696914700544466	0.6617647058823529	0.22613065326633167
test	NZ_CP178636.1	NZ_OP006451.1	0.1733333333333333	[0.15, 0.4)	6.553333333333334	57425	136951	0.6223073574227252	0.2614730816131317	0.2614730816131317	94.72202350778484	0.6223073574227252	False	False	True	0.9843135993526138	0.3087557603686636	0.1492204899777283	0.6323529411764706	0.2388888888888889
test	NZ_CP178636.1	NZ_CP192622.1	0.1835443037974683	[0.15, 0.4)	6.553333333333334	57425	125195	0.7673138876795821	0.3515395982267662	0.3515395982267662	95.0161991086376	0.7673138876795821	False	False	True	0.9558881109941413	0.3686635944700461	0.16771488469601678	0.5	0.20606060606060606
test	NZ_CP178636.1	NZ_JAQMUU010000004.1	0.2439024390243902	[0.15, 0.4)	6.553333333333334	57425	101631	0.808306486721811	0.4568783146874477	0.4568783146874477	95.1795398981324	0.808306486721811	False	False	True	0.9882131821261119	0.4592074592074592	0.261968085106383	0.6470588235294118	0.3076923076923077
test	NZ_CP178636.1	CP104420.1	0.3163265306122449	[0.15, 0.4)	6.553333333333334	57425	83397	0.8619764910753156	0.5940501456886939	0.5940501456886939	94.59539494986105	0.8619764910753156	False	False	True	0.951572037352136	0.44988344988344986	0.3102893890675241	0.6323529411764706	0.35537190082644626
test	NZ_JBQTKY010000005.1	NZ_OZ111446.1	0.1632653061224489	[0.15, 0.4)	6.553333333333334	13777	43002	0.3441242650794803	0.1102506860146039	0.1102506860146039	98.71428640674392	0.3441242650794803	False	False	False	0.9722246479071694	0.329004329004329	0.11497730711043873	0.21428571428571427	0.05
test	NZ_RRMU01000156.1	AP019709.1	0.2241379310344827	[0.15, 0.4)	6.553333333333334	11660	86874	0.7318181818181818	0.0983378225936413	0.0983378225936413	99.29736216785672	0.7318181818181818	False	False	True	0.9858762515527874	0.6542056074766355	0.11925042589437819	0.3333333333333333	0.04819277108433735
test	CP088684.1	NZ_AP026795.1	0.3147208121827411	[0.15, 0.4)	6.553333333333334	113463	165477	0.4207539021531248	0.2886987315457737	0.2886987315457737	99.06502580996003	0.4207539021531248	False	False	False	0.9946600468007283	0.6456692913385826	0.3942307692307692	0.6454545454545455	0.34299516908212563
test	CP088684.1	NZ_CP089446.1	0.2134831460674157	[0.15, 0.4)	6.553333333333334	113463	129071	0.3728351973771185	0.3277188524145625	0.3277188524145625	98.20172969273612	0.3728351973771185	False	False	False	0.983688738044869	0.3937007874015748	0.28790786948176583	0.38181818181818183	0.2
test	CP088684.1	NZ_CP014496.1	0.3037974683544304	[0.15, 0.4)	6.553333333333334	113463	114223	0.4764636930100561	0.4733810178335361	0.4733810178335361	98.5039422998781	0.4764636930100561	False	False	False	0.9754354216667849	0.4540682414698163	0.38789237668161436	0.4818181818181818	0.2804232804232804
test	CP088684.1	NZ_JBSTQQ010000002.1	0.1617647058823529	[0.15, 0.4)	6.553333333333334	113463	156753	0.4077540696085949	0.2953755271031495	0.2953755271031495	98.16157792529692	0.4077540696085949	False	False	False	0.9854593149385565	0.35170603674540685	0.2322357019064125	0.38181818181818183	0.1794871794871795
test	NC_013122.1	NZ_OY757950.1	0.2093023255813953	[0.15, 0.4)	6.553333333333334	117536	150582	0.397818540702423	0.3107409916191842	0.3107409916191842	97.25838448901216	0.397818540702423	False	False	False	0.9828428596077534	0.29782608695652174	0.25183823529411764	0.34375	0.18723404255319148
test	NZ_JBTZPL010000001.1	NC_013122.1	0.2185792349726776	[0.15, 0.4)	6.553333333333334	105623	117536	0.5333497439004762	0.4783555676558671	0.4783555676558671	98.03724795205504	0.5333497439004762	False	False	True	0.9771846812159456	0.42080378250591016	0.3869565217391304	0.4344262295081967	0.26903553299492383
test	NC_013122.1	NZ_CP107173.1	0.2892156862745098	[0.15, 0.4)	6.553333333333334	117536	149268	0.6243363735366185	0.4922421416512581	0.4922421416512581	98.24979854765016	0.6243363735366185	False	False	True	0.9819657075245415	0.48478260869565215	0.40252707581227437	0.5234375	0.3087557603686636
test	NZ_CP169108.1	NC_013122.1	0.1710526315789473	[0.15, 0.4)	6.553333333333334	74529	117536	0.510271169611829	0.3232371358562483	0.3232371358562483	96.59100630301758	0.510271169611829	False	False	True	0.9884692284029191	0.32945736434108525	0.18478260869565216	0.4117647058823529	0.19662921348314608
test	CP125031.1	NZ_JBQGLE010000003.1	0.2857142857142857	[0.15, 0.4)	6.553333333333334	4066	18824	1.0	0.2169039524011899	0.2169039524011899	92.514	1.0	False	False	True	0.9877799059052736	0.46153846153846156	0.3253012048192771	0.25	0.1
test	NZ_CP042890.1	NZ_JBQGLE010000003.1	0.25	[0.15, 0.4)	6.553333333333334	4057	18824	0.9775696327335468	0.2122821929451763	0.2122821929451763	93.55983025461808	0.9775696327335468	False	False	True	0.98878806479652	0.4824561403508772	0.3313253012048193	0.5	0.2222222222222222
test	MN868654.1	NZ_JBYCWT010000001.1	0.1719745222929936	[0.15, 0.4)	6.553333333333334	93231	153509	0.5982773970031428	0.3607345497658117	0.3607345497658117	94.3047099304848	0.5982773970031428	False	False	True	0.988048998795948	0.24175824175824176	0.20608899297423888	0.0390625	0.018518518518518517
test	NZ_OV049812.1	NZ_CP116080.1	0.1818181818181818	[0.15, 0.4)	6.553333333333334	5590	7939	0.5828264758497317	0.4043330394256204	0.4043330394256204	91.56922961373392	0.5828264758497317	False	False	True	0.900596016081033	0.15406162464985995	0.11066398390342053	0.42857142857142855	0.25
test	NZ_OZ547465.1	NZ_JCAWDY010000002.1	0.1975308641975308	[0.15, 0.4)	6.553333333333334	46449	61509	0.4139809253159379	0.3127022061812092	0.3127022061812092	98.05104365450578	0.4139809253159379	False	False	False	0.9863291169920885	0.3879310344827586	0.31105990783410137	0.32608695652173914	0.15
test	NZ_OZ547465.1	NZ_CP024194.1	0.2093023255813953	[0.15, 0.4)	6.553333333333334	46449	89345	0.4775345002045253	0.2484414348872348	0.2484414348872348	98.85624528301886	0.4775345002045253	False	False	False	0.9926189525200801	0.4224137931034483	0.22720247295208656	0.3695652173913043	0.13709677419354838
test	NZ_CP043351.1	CP080739.1	0.16796875	[0.15, 0.4)	6.553333333333334	106448	206152	0.5795787614609951	0.299482905817067	0.299482905817067	97.2245334045446	0.5795787614609951	True	False	True	0.995460433445618	0.3932291666666667	0.19973544973544974	0.5303030303030303	0.2564102564102564
test	NZ_JAHQYP010000015.1	NZ_CP043351.1	0.3488372093023256	[0.15, 0.4)	6.553333333333334	81298	106448	0.6276046151196831	0.4793420261536149	0.4793420261536149	96.4965685392379	0.6276046151196831	False	False	True	0.9807486835359214	0.4502923976608187	0.4010416666666667	0.6129032258064516	0.3392857142857143
test	NZ_CP043351.1	NZ_CP092755.1	0.2584269662921348	[0.15, 0.4)	6.553333333333334	106448	118840	0.5363275965729746	0.4798131942107034	0.4798131942107034	97.74931119823574	0.5363275965729746	False	False	True	0.9970177684450225	0.4453125	0.3958333333333333	0.3409090909090909	0.1836734693877551
test	NZ_CP077553.1	CP043256.1	0.29375	[0.15, 0.4)	6.553333333333334	91375	97372	0.7614993160054719	0.7150412849689849	0.7150412849689849	96.03807303669052	0.7614993160054719	False	False	True	0.9978968069965216	0.46345029239766083	0.43012211668928085	0.5714285714285714	0.39473684210526316
test	CP043256.1	NZ_JBTHVH010000001.1	0.2549019607843137	[0.15, 0.4)	6.553333333333334	97372	97926	0.6913075627490449	0.6873149112595225	0.6873149112595225	96.3259455330258	0.6913075627490449	False	False	True	0.9940345032013673	0.43419267299864317	0.41131105398457585	0.5523809523809524	0.3741935483870968
test	NZ_JAUAMG010000010.1	CP043256.1	0.1970802919708029	[0.15, 0.4)	6.553333333333334	60727	97372	0.754129135310488	0.4704021690013556	0.4704021690013556	96.50578669429598	0.754129135310488	False	False	True	0.9981528782049142	0.4684095860566449	0.29172320217096337	0.5846153846153846	0.2878787878787879
test	NZ_CP024043.1	NZ_CP143504.1	0.25	[0.15, 0.4)	6.553333333333334	5251	5359	0.5576080746524471	0.5471169994401941	0.5471169994401941	95.94407634628494	0.5576080746524471	False	False	True	0.961596499832804	0.39206349206349206	0.37652439024390244	0.14285714285714285	0.06666666666666667
test	NZ_MN586817.1	NZ_CP074455.1	0.1549295774647887	[0.15, 0.4)	6.553333333333334	91326	159477	0.5916387447167291	0.3388701819071089	0.3388701819071089	96.48593250604766	0.5916387447167291	False	False	True	0.9944574179728947	0.4035608308605341	0.2332761578044597	0.5042016806722689	0.2631578947368421
test	NZ_MN586817.1	NZ_CP084846.1	0.2981366459627329	[0.15, 0.4)	6.553333333333334	91326	101892	0.636138668068239	0.5705452832410788	0.5705452832410788	97.20950145877669	0.636138668068239	False	False	True	0.9808207292194344	0.49644381223328593	0.4462915601023018	0.6203703703703703	0.41875
test	NZ_MN586817.1	CP052164.1	0.2653061224489796	[0.15, 0.4)	6.553333333333334	91326	92461	0.6481396316492565	0.6403997361049524	0.6403997361049524	96.58243604651165	0.6481396316492565	False	False	True	0.9771077320816431	0.46799431009957326	0.4594972067039106	0.6228070175438597	0.4382716049382716
test	NZ_MN586817.1	NZ_CP056884.1	0.1686274509803921	[0.15, 0.4)	6.553333333333334	91326	198658	0.6179291767952171	0.2839704416635625	0.2839704416635625	97.34148585840708	0.6179291767952171	False	False	True	0.9922621142951413	0.4540059347181009	0.204	0.5294117647058824	0.23507462686567165
test	NZ_CP144317.1	NZ_KX636095.1	0.2319587628865979	[0.15, 0.4)	6.553333333333334	174409	335317	0.7060816815645982	0.3671331903840246	0.3671331903840246	98.48879367411206	0.7060816815645982	False	False	True	0.992067059530369	0.5885797950219619	0.3262987012987013	0.6262135922330098	0.291196388261851
test	NZ_JBYYIK010000003.1	NZ_CP144317.1	0.3835616438356164	[0.15, 0.4)	6.553333333333334	144341	174409	0.7812818256766961	0.6467269464305168	0.6467269464305168	98.12718545586618	0.7812818256766961	False	False	True	0.9984756337041811	0.6643478260869565	0.5592972181551976	0.6954022988505747	0.4671814671814672
test	NZ_CP006029.1	NZ_CP144317.1	0.2573099415204678	[0.15, 0.4)	6.553333333333334	64561	174409	0.8180325583556637	0.3025703948764112	0.3025703948764112	99.34365916185791	0.8180325583556637	False	False	True	0.9728390158762227	0.7571428571428571	0.3103953147877013	0.8021978021978022	0.32589285714285715
test	NZ_CP025275.1	NZ_CP144317.1	0.3214285714285714	[0.15, 0.4)	6.553333333333334	125113	174409	0.6701302022971234	0.4807607405581134	0.4807607405581134	98.84732254642545	0.6701302022971234	False	False	True	0.9802915914235458	0.6917808219178082	0.44363103953147875	0.6834532374100719	0.38
test	NZ_JAJQQO010000024.1	NZ_CP144317.1	0.2906976744186046	[0.15, 0.4)	6.553333333333334	61004	174409	0.8294701986754967	0.2901685119460578	0.2901685119460578	99.98225458856072	0.8294701986754967	False	False	True	0.9933888603346852	0.808	0.2957540263543192	0.8314606741573034	0.334841628959276
test	AP026491.1	NZ_CP135149.1	0.1844660194174757	[0.15, 0.4)	6.553333333333334	48260	58662	0.2457728968089515	0.2020899389724182	0.2020899389724182	98.56059242424244	0.2457728968089515	False	False	False	0.9876790227422984	0.21529745042492918	0.1613588110403397	0.16129032258064516	0.08064516129032258
test	AP026491.1	NZ_CP130211.1	0.336734693877551	[0.15, 0.4)	6.553333333333334	48260	83295	0.6929133858267716	0.4018608559937571	0.4018608559937571	97.86126711613616	0.6929133858267716	False	False	True	0.99484329288545	0.546742209631728	0.3350694444444444	0.6290322580645161	0.30708661417322836
test	NZ_OV049812.1	NZ_CP010128.1	0.1875	[0.15, 0.4)	6.553333333333334	5590	7982	0.5191413237924866	0.3611876722625908	0.3611876722625908	92.36809762805086	0.5191413237924866	False	False	True	0.9755958791947787	0.16526610644257703	0.12190082644628099	0.2857142857142857	0.14285714285714285
test	NZ_OV049812.1	NZ_CP010175.1	0.3636363636363636	[0.15, 0.4)	6.553333333333334	5590	6647	0.6023255813953489	0.5038363171355499	0.5038363171355499	94.64198431024276	0.6023255813953489	False	False	True	0.9730351267836098	0.28851540616246496	0.2614213197969543	0.42857142857142855	0.25
test	NZ_CP069977.1	NZ_OV049812.1	0.1666666666666666	[0.15, 0.4)	6.553333333333334	1572	5590	0.7404580152671756	0.2082289803220035	0.2082289803220035	94.7592233676976	0.7404580152671756	False	False	True	0.7321950975006928	0.3615819209039548	0.0877914951989026	1.0	0.14285714285714285
test	NZ_JBRERM010000006.1	NZ_OV049812.1	0.2857142857142857	[0.15, 0.4)	6.553333333333334	5271	5590	0.6177195977992791	0.5910554561717353	0.5910554561717353	91.46059716354856	0.6177195977992791	False	False	True	0.9603582834389999	0.21077654516640254	0.18244170096021947	0.6	0.3333333333333333
test	NZ_CP141569.1	NZ_CP086468.1	0.2114285714285714	[0.15, 0.4)	6.553333333333334	194326	247089	0.5503689676111277	0.4331961358053171	0.4331961358053171	96.73302051061924	0.5503689676111277	False	False	True	0.9989280455874617	0.3725231175693527	0.31508379888268156	0.4642857142857143	0.2716417910447761
test	NZ_OZ544168.1	NZ_CP086468.1	0.2822299651567944	[0.15, 0.4)	6.553333333333334	171613	247089	0.6282624276715634	0.4329249784490608	0.4329249784490608	97.92180663572096	0.6282624276715634	False	False	True	0.9985398611916512	0.5460526315789473	0.37094972067039106	0.5333333333333333	0.3057324840764331
test	NZ_CP102691.1	NZ_CP084709.1	0.16	[0.15, 0.4)	6.553333333333334	9294	11972	0.7864213471056596	0.6107584363514869	0.6107584363514869	92.87411631399316	0.7864213471056596	False	False	True	0.92196728391149	0.2304075235109718	0.19864864864864865	0.5	0.3
test	NZ_CP097713.1	NZ_CP062972.1	0.3461538461538461	[0.15, 0.4)	6.553333333333334	122563	136326	0.5779558267992787	0.5202309170664436	0.5202309170664436	98.51423159541628	0.5779558267992787	False	False	True	0.9848401708128994	0.4746136865342163	0.4746136865342163	0.6666666666666666	0.38323353293413176
test	CP073108.1	NZ_CP097713.1	0.3103448275862069	[0.15, 0.4)	6.553333333333334	108563	122563	0.7501358658106353	0.6645888237069915	0.6645888237069915	97.22768276174942	0.7501358658106353	False	False	True	0.9660294024002488	0.5151515151515151	0.4503311258278146	0.6551724137931034	0.4342857142857143
test	CP082669.1	NZ_CP097713.1	0.3846153846153846	[0.15, 0.4)	6.553333333333334	99345	122563	0.8110423272434446	0.6570743209614647	0.6570743209614647	97.75066657986434	0.8110423272434446	False	False	True	0.9754028733629825	0.7347560975609756	0.5320088300220751	0.7745098039215687	0.5
test	NZ_CP025252.1	NZ_CP097713.1	0.1805555555555555	[0.15, 0.4)	6.553333333333334	33924	122563	0.5042447824548992	0.139462970064375	0.139462970064375	99.98264614755055	0.5042447824548992	False	False	True	0.9715216661296016	0.5470085470085471	0.141280353200883	0.5	0.11764705882352941
test	NZ_JAXIVF010000032.1	NZ_CP151122.1	0.3636363636363636	[0.15, 0.4)	6.553333333333334	7097	25430	1.0	0.2790798269760126	0.2790798269760126	99.83088065379738	1.0	False	False	True	0.9520626903894982	0.9911111111111112	0.2896103896103896	1.0	0.3448275862068966
test	CP122782.1	NZ_CP101534.1	0.1511627906976744	[0.15, 0.4)	6.553333333333334	69672	141697	0.5365283040532782	0.2645010127243343	0.2645010127243343	94.59509223481822	0.5365283040532782	False	False	True	0.9865380577486574	0.25691699604743085	0.13948497854077252	0.4166666666666667	0.16908212560386474
test	NZ_CP077553.1	NZ_JBTHVH010000001.1	0.3671875	[0.15, 0.4)	6.553333333333334	91375	97926	0.7935868673050616	0.7405081387986847	0.7405081387986847	96.99132363916767	0.7935868673050616	False	False	True	0.9956831033282459	0.5482456140350878	0.4820051413881748	0.7009345794392523	0.5357142857142857
test	NZ_OZ544168.1	OW967602.1	0.2562277580071174	[0.15, 0.4)	6.553333333333334	171613	205284	0.5745194128649928	0.4799545994816936	0.4799545994816936	97.423075441884	0.5745194128649928	False	False	True	0.9984432884378426	0.44243421052631576	0.3558201058201058	0.46111111111111114	0.2730263157894737
test	OW967602.1	NZ_CP154633.1	0.1505681818181818	[0.15, 0.4)	6.553333333333334	205284	210515	0.3552639270474075	0.347082155665867	0.347082155665867	96.23425282157788	0.3552639270474075	False	False	False	0.9980321761988149	0.2751322751322751	0.2751322751322751	0.2995169082125604	0.17032967032967034
test	NZ_MK477607.1	NZ_JBRETY010000002.1	0.3024390243902439	[0.15, 0.4)	6.553333333333334	224296	315596	0.7731435246281699	0.5496204007655356	0.5496204007655356	97.65443173767548	0.7731435246281699	False	False	True	0.9960597623273291	0.5372279495990836	0.40996503496503495	0.6680497925311203	0.39753086419753086
test	NZ_JBXSEZ010000002.1	NZ_JBRETY010000002.1	0.2603036876355748	[0.15, 0.4)	6.553333333333334	287195	315596	0.6263305419662598	0.5699692011305594	0.5699692011305594	97.2385021327172	0.6263305419662598	False	False	True	0.9973490148562925	0.4453405017921147	0.4344405594405594	0.5874125874125874	0.3792325056433409
test	NZ_CP094336.1	NZ_CP124336.1	0.25	[0.15, 0.4)	6.553333333333334	4059	4073	0.800689825080069	0.8011293886570096	0.800689825080069	95.22968073394496	0.800689825080069	False	False	True	0.9236581443628689	0.40828402366863903	0.40828402366863903	0.5	0.3333333333333333
test	NZ_JBTOOD010000002.1	NZ_JCCJZF010000002.1	0.1777777777777777	[0.15, 0.4)	6.553333333333334	53989	56907	0.5009168534331068	0.4753369532746411	0.4753369532746411	97.41468385285862	0.5009168534331068	False	False	True	0.9923146000810714	0.37701149425287356	0.3685393258426966	0.375	0.21875
test	NZ_CP097682.1	NZ_CP169909.1	0.2435897435897435	[0.15, 0.4)	6.553333333333334	57847	155489	0.6870364928172593	0.2556901131269736	0.2556901131269736	99.71337162111192	0.6870364928172593	False	False	True	0.9953260623698099	0.6528497409326425	0.24803149606299213	0.6666666666666666	0.26666666666666666
test	CP073108.1	CP122780.1	0.2601156069364161	[0.15, 0.4)	6.553333333333334	108563	120042	0.6852795151202528	0.620082970960164	0.620082970960164	97.04952176536852	0.6852795151202528	False	False	True	0.9864682034059197	0.4696969696969697	0.40969162995594716	0.5689655172413793	0.34554973821989526
test	CP082669.1	CP122780.1	0.3376623376623376	[0.15, 0.4)	6.553333333333334	99345	120042	0.767919875182445	0.6352776528215125	0.6352776528215125	97.8310908900496	0.767919875182445	False	False	True	0.9944464753769339	0.676829268292683	0.4889867841409692	0.696078431372549	0.4127906976744186
test	NZ_AP027422.1	NZ_CP088223.1	0.3341836734693877	[0.15, 0.4)	6.553333333333334	249953	277693	0.748556728664989	0.6736179882100017	0.6736179882100017	97.88656097078976	0.748556728664989	False	False	True	0.9969284884273256	0.5414534288638689	0.5216962524654832	0.6806083650190115	0.4786096256684492
test	NZ_AP027422.1	NZ_CP196152.1	0.2452471482889733	[0.15, 0.4)	6.553333333333334	249953	398273	0.7162066468496078	0.4494580350663992	0.4494580350663992	97.83709552170492	0.7162066468496078	False	False	True	0.9871166934311708	0.5138178096212896	0.3424283765347885	0.6387832699619772	0.33399602385685884
test	NZ_CP131687.1	NZ_AP022479.1	0.2014925373134328	[0.15, 0.4)	6.553333333333334	82641	91989	0.4448397284640796	0.3989824870364934	0.3989824870364934	98.0675138436482	0.4448397284640796	False	False	False	0.9940826064992904	0.3815789473684211	0.3122476446837147	0.32142857142857145	0.17763157894736842
test	NZ_CP131687.1	NZ_CP169124.1	0.2935779816513761	[0.15, 0.4)	6.553333333333334	82641	90370	0.5061652206531867	0.4627973885138873	0.4627973885138873	98.96560678800036	0.5061652206531867	False	False	True	0.9928091330866378	0.45230263157894735	0.42569659442724456	0.44047619047619047	0.2781954887218045
test	NZ_CP083889.1	NZ_CP142707.1	0.2433155080213903	[0.15, 0.4)	6.553333333333334	219996	263549	0.4502990963472063	0.375846616758174	0.375846616758174	99.39774243142637	0.4502990963472063	False	False	False	0.9901181180467572	0.46875	0.3513238289205703	0.41545893719806765	0.2097560975609756
test	NZ_CP091608.1	NZ_CP142707.1	0.3271767810026385	[0.15, 0.4)	6.553333333333334	225457	263549	0.5214652904988535	0.4459967596158589	0.4459967596158589	99.51861592089716	0.5214652904988535	False	False	True	0.996033921657674	0.5166858457997698	0.45723014256619143	0.5296610169491526	0.3125
test	NZ_CP182818.1	NZ_CP141546.1	0.3552941176470588	[0.15, 0.4)	6.553333333333334	278962	348041	0.7444490647471699	0.5962171123517057	0.5962171123517057	97.53373054577084	0.7444490647471699	False	False	True	0.9978817058766579	0.6264705882352941	0.47936984246061515	0.6879432624113475	0.4311111111111111
test	NZ_CP024887.1	NZ_MG299151.1	0.1828571428571428	[0.15, 0.4)	6.553333333333334	102544	109845	0.5269347792167265	0.491401520324093	0.491401520324093	95.67922027488238	0.5269347792167265	False	False	True	0.9947661413416973	0.31862745098039214	0.3170731707317073	0.4661016949152542	0.2956989247311828
test	NZ_JAXIVF010000032.1	CP030387.1	0.3478260869565217	[0.15, 0.4)	6.553333333333334	7097	25430	1.0	0.2790798269760126	0.2790798269760126	99.817	1.0	False	False	True	0.9521659546119938	0.9911111111111112	0.2866323907455013	1.0	0.3448275862068966
test	NC_012157.1	NZ_CP132477.1	0.175	[0.15, 0.4)	6.553333333333334	26511	26517	0.9954358568141526	0.9952483312591922	0.9952483312591922	92.29160738001808	0.9954358568141526	False	False	True	0.9989873872102201	0.2863849765258216	0.2863849765258216	1.0	1.0
test	NZ_JCDGLC010000041.1	CP043740.1	0.2074074074074074	[0.15, 0.4)	6.553333333333334	41565	113189	0.7570792734271623	0.2783309332178922	0.2783309332178922	96.67074963536054	0.7570792734271623	False	False	True	0.956226447304259	0.45569620253164556	0.16551724137931034	0.6944444444444444	0.1893939393939394
test	CP043740.1	NZ_JBYCWT010000001.1	0.2613636363636363	[0.15, 0.4)	6.553333333333334	113189	153509	0.4969564180264866	0.3659003706623064	0.3659003706623064	95.78603811062196	0.4969564180264866	False	False	False	0.9971332315277973	0.2827586206896552	0.2827586206896552	0.4049586776859504	0.245
test	CP043740.1	CP088402.1	0.1625	[0.15, 0.4)	6.553333333333334	113189	167679	0.486902437516013	0.3287114069144019	0.3287114069144019	94.85045130998044	0.486902437516013	False	False	False	0.9814280714290738	0.2206896551724138	0.15483870967741936	0.38016528925619836	0.18775510204081633
test	CP043740.1	NZ_AP040975.1	0.173469387755102	[0.15, 0.4)	6.553333333333334	113189	113819	0.4359699264062762	0.432932990098314	0.432932990098314	95.05875884875208	0.4359699264062762	False	False	False	0.996638481597661	0.19540229885057472	0.19540229885057472	0.34710743801652894	0.20588235294117646
test	NZ_RRRW01000071.1	CP043740.1	0.1581920903954802	[0.15, 0.4)	6.553333333333334	93340	113189	0.3952217698735805	0.3261712710599087	0.3261712710599087	95.95501852202362	0.3952217698735805	False	False	False	0.9809932968893359	0.19822485207100593	0.15402298850574714	0.2857142857142857	0.14659685863874344
test	NZ_CP095666.1	CP043740.1	0.1629213483146067	[0.15, 0.4)	6.553333333333334	99379	113189	0.4931726018575353	0.4336198747228088	0.4336198747228088	93.3734119164669	0.4931726018575353	False	False	False	0.9960287438997331	0.18814432989690721	0.167816091954023	0.29411764705882354	0.17073170731707318
test	CP043740.1	NZ_MW390517.1	0.185929648241206	[0.15, 0.4)	6.553333333333334	113189	118279	0.4078576540123156	0.3897141504409067	0.3897141504409067	96.4955415315432	0.4078576540123156	False	False	False	0.9945412889797196	0.25057471264367814	0.24384787472035793	0.35294117647058826	0.21212121212121213
test	NZ_AP022534.1	CP043740.1	0.2105263157894736	[0.15, 0.4)	6.553333333333334	111171	113189	0.3982333522231517	0.3915133095972223	0.3915133095972223	94.30878562909288	0.3982333522231517	False	False	False	0.9940793571368218	0.3031496062992126	0.17701149425287357	0.4	0.2057142857142857
test	CP043740.1	NZ_CM017149.1	0.2156862745098039	[0.15, 0.4)	6.553333333333334	113189	153499	0.5081147461325747	0.3743998332236692	0.3743998332236692	96.13414022844842	0.5081147461325747	False	False	True	0.983939519136377	0.2735632183908046	0.22284644194756553	0.4049586776859504	0.21030042918454936
test	NZ_CP040807.1	CP043740.1	0.1707317073170731	[0.15, 0.4)	6.553333333333334	90871	113189	0.5443430797504154	0.4371184479057152	0.4371184479057152	95.1210365873336	0.5443430797504154	False	False	True	0.9742479386220564	0.29411764705882354	0.22988505747126436	0.3490566037735849	0.19473684210526315
test	NZ_MG591701.1	CP043740.1	0.1779141104294478	[0.15, 0.4)	6.553333333333334	91597	113189	0.5385547561601363	0.4360406046523955	0.4360406046523955	95.27833296261096	0.5385547561601363	False	False	True	0.9942561662277737	0.29239766081871343	0.22988505747126436	0.3490566037735849	0.19473684210526315
test	NZ_CP022063.1	NZ_CP024192.1	0.274914089347079	[0.15, 0.4)	6.553333333333334	173817	221606	0.5179010108332327	0.4062615633150727	0.4062615633150727	98.72279606759648	0.5179010108332327	False	False	True	0.9793307061863651	0.45664739884393063	0.3798076923076923	0.5487179487179488	0.31470588235294117
test	NZ_CP006029.1	NZ_CP024192.1	0.2602040816326531	[0.15, 0.4)	6.553333333333334	64561	221606	0.8370533294093958	0.2437253503966499	0.2437253503966499	99.86861299445472	0.8370533294093958	False	False	True	0.976987900524127	0.8107142857142857	0.27283653846153844	0.7802197802197802	0.2610294117647059
test	NZ_MF042352.1	NZ_CP032893.1	0.2439024390243902	[0.15, 0.4)	6.553333333333334	119047	156442	0.4583063831931926	0.3485572927986091	0.3485572927986091	99.1369239829282	0.4583063831931926	False	False	False	0.9948065533134585	0.4462242562929062	0.33620689655172414	0.4	0.2317596566523605
test	NZ_CP139671.2	NZ_CM007910.1	0.1693548387096774	[0.15, 0.4)	6.553333333333334	33801	124845	0.8769563030679566	0.2375745924946934	0.2375745924946934	95.21024370936772	0.8769563030679566	False	False	True	0.9607543816858538	0.38461538461538464	0.13262599469496023	0.7291666666666666	0.26119402985074625
test	NZ_CP135149.1	NZ_CP044159.1	0.168141592920354	[0.15, 0.4)	6.553333333333334	58662	59694	0.2051072244383076	0.2020303548095286	0.2020303548095286	97.21652191202054	0.2051072244383076	False	False	False	0.9900801823634735	0.15286624203821655	0.15286624203821655	0.1388888888888889	0.07246376811594203
test	NZ_JCDGLC010000041.1	NZ_CP178695.1	0.1566265060240964	[0.15, 0.4)	6.553333333333334	41565	153819	0.7778178756165043	0.2102211040248603	0.2102211040248603	96.2858455031029	0.7778178756165043	False	False	True	0.9663408946220677	0.3670886075949367	0.10211267605633803	0.75	0.17197452229299362
test	NZ_CP132064.1	NZ_CP178695.1	0.1541850220264317	[0.15, 0.4)	6.553333333333334	139177	153819	0.4276424984013163	0.3870068067013828	0.3870068067013828	96.46120392110828	0.4276424984013163	False	False	False	0.9902536294502873	0.23151750972762647	0.20950704225352113	0.35251798561151076	0.20588235294117646
test	CP122782.1	NZ_CP178695.1	0.1534391534391534	[0.15, 0.4)	6.553333333333334	69672	153819	0.5657796532322884	0.2561777153667622	0.2561777153667622	95.40691177957532	0.5657796532322884	False	False	True	0.9861364761954241	0.25296442687747034	0.11267605633802817	0.34523809523809523	0.14285714285714285
test	NZ_CP191553.1	NZ_CP178695.1	0.1887755102040816	[0.15, 0.4)	6.553333333333334	107053	153819	0.5133438577153373	0.3572835605484368	0.3572835605484368	98.78412768548472	0.5133438577153373	False	False	True	0.9945348266372097	0.42245989304812837	0.27816901408450706	0.375	0.1926605504587156
test	NZ_JBFUPY010000024.1	NZ_CP178695.1	0.2209944751381215	[0.15, 0.4)	6.553333333333334	73616	153819	0.6044881547489677	0.2893855765542618	0.2893855765542618	97.78374167788246	0.6044881547489677	False	False	True	0.9805958734747893	0.45864661654135336	0.2147887323943662	0.5375	0.23243243243243245
test	NZ_CP148451.1	NZ_CP084396.1	0.25	[0.15, 0.4)	6.553333333333334	2835	4167	0.2162257495590828	0.1473482121430285	0.1473482121430285	96.25408794788274	0.2162257495590828	False	False	False	0.8595303341496974	0.10893854748603352	0.07222222222222222	0.0	0.0
test	NZ_CP101557.1	OW849481.1	0.2522522522522522	[0.15, 0.4)	6.553333333333334	46288	105977	0.5383468717594193	0.2351831057682327	0.2351831057682327	99.62707864447565	0.5383468717594193	False	False	True	0.9831680375598549	0.5343915343915344	0.27671232876712326	0.4807692307692308	0.17482517482517482
test	NZ_LR890682.1	NZ_CP029585.1	0.1666666666666666	[0.15, 0.4)	6.553333333333334	5783	8809	0.2875670067439045	0.1886706777159723	0.1886706777159723	96.03566486486486	0.2875670067439045	False	False	False	0.9280146687864487	0.1729106628242075	0.11741682974559686	0.14285714285714285	0.07142857142857142
test	NZ_CP125686.1	NZ_CP011988.1	0.1875	[0.15, 0.4)	6.553333333333334	4961	13841	0.8635355775045354	0.3090094646340582	0.3090094646340582	95.92227702702702	0.8635355775045354	False	False	True	0.9511640305721563	0.49079754601226994	0.18518518518518517	0.0	0.0
test	NZ_JBUBJY010000002.1	NZ_CP092976.1	0.1828571428571428	[0.15, 0.4)	6.553333333333334	74034	122037	0.4190642137396331	0.2542917311962765	0.2542917311962765	99.10766286487534	0.4190642137396331	False	False	False	0.9803783999969095	0.5454545454545454	0.2630480167014614	0.47619047619047616	0.2097902097902098
test	NZ_CP021547.1	CP089767.1	0.2539682539682539	[0.15, 0.4)	6.553333333333334	45740	68291	0.475032794053345	0.3185632074504693	0.3185632074504693	98.45135287900372	0.475032794053345	False	False	False	0.9892696041526904	0.4154727793696275	0.4154727793696275	0.425	0.2328767123287671
test	NZ_PEHU01000018.1	CP089767.1	0.2592592592592592	[0.15, 0.4)	6.553333333333334	41575	68291	0.4538063740228503	0.2792022374837094	0.2792022374837094	97.58204202648244	0.4538063740228503	False	False	False	0.9920996854877022	0.39365079365079364	0.39365079365079364	0.325	0.18571428571428572
test	NZ_CP063884.1	CP089767.1	0.16	[0.15, 0.4)	6.553333333333334	57825	68291	0.318063121487246	0.2701087991096923	0.2701087991096923	98.13018961686446	0.318063121487246	False	False	False	0.9716349461103805	0.28019323671497587	0.28019323671497587	0.375	0.16483516483516483
test	NZ_CP196097.1	CP089767.1	0.1944444444444444	[0.15, 0.4)	6.553333333333334	46176	68291	0.4412248787248787	0.2985605716712304	0.2985605716712304	97.98536361407984	0.4412248787248787	False	False	False	0.9789452393046457	0.34594594594594597	0.34594594594594597	0.425	0.2361111111111111
test	NZ_CP152448.1	CP089767.1	0.1627906976744186	[0.15, 0.4)	6.553333333333334	11970	68291	0.7731829573934837	0.1355376257486345	0.1355376257486345	94.370062769629	0.7731829573934837	False	False	True	0.978915351562162	0.3118279569892473	0.1111111111111111	0.42857142857142855	0.125
test	NZ_RRHQ01000168.1	NZ_QXXP01000127.1	0.1666666666666666	[0.15, 0.4)	6.553333333333334	1714	2018	0.0892648774795799	0.0758176412289395	0.0758176412289395	100.0	0.0892648774795799	False	False	False	0.9109654486038044	0.07674418604651163	0.06432748538011696	0.0	0.0
test	NZ_OY757950.1	CP088402.1	0.3716814159292035	[0.15, 0.4)	6.553333333333334	150582	167679	0.6922540542694346	0.6218727449471908	0.6218727449471908	98.00209223487028	0.6922540542694346	False	False	True	0.9991141780688864	0.5772058823529411	0.5064516129032258	0.6622516556291391	0.45248868778280543
test	NZ_AP040975.1	NZ_OY757950.1	0.1972477064220183	[0.15, 0.4)	6.553333333333334	113819	150582	0.5175937233678033	0.3914744126123972	0.3914744126123972	95.6103873739766	0.5175937233678033	False	False	True	0.9859822037661877	0.2830188679245283	0.22058823529411764	0.392	0.21585903083700442
test	NZ_MW390517.1	NZ_OY757950.1	0.390625	[0.15, 0.4)	6.553333333333334	118279	150582	0.703455389375967	0.5525228779004131	0.5525228779004131	98.28983756034296	0.703455389375967	False	False	True	0.9848608609270304	0.5928411633109619	0.48713235294117646	0.5882352941176471	0.35
test	CP057522.1	NZ_OY757950.1	0.1878172588832487	[0.15, 0.4)	6.553333333333334	86439	150582	0.5745323291569777	0.3299066289463548	0.3299066289463548	95.49742229987548	0.5745323291569777	False	False	True	0.9931515849269638	0.30618892508143325	0.17279411764705882	0.5568181818181818	0.2578947368421053
test	NZ_OR388869.1	NZ_OY757950.1	0.1732673267326732	[0.15, 0.4)	6.553333333333334	94213	150582	0.588676721896129	0.368151571901024	0.368151571901024	94.69622876040188	0.588676721896129	False	False	True	0.9759381241387641	0.3213213213213213	0.19669117647058823	0.39805825242718446	0.19248826291079812
test	NZ_CP060975.1	NZ_OY757950.1	0.2694300518134715	[0.15, 0.4)	6.553333333333334	112054	150582	0.6296606993056919	0.4684557251198682	0.4684557251198682	98.0655253363546	0.6296606993056919	False	False	True	0.9956380759645211	0.5264483627204031	0.38419117647058826	0.5932203389830508	0.35175879396984927
test	NZ_AP042702.1	NZ_OY757950.1	0.1767441860465116	[0.15, 0.4)	6.553333333333334	97991	150582	0.5144043840760886	0.3347279223280339	0.3347279223280339	96.022091994535	0.5144043840760886	False	False	True	0.990411206659184	0.28169014084507044	0.18382352941176472	0.4260869565217391	0.22580645161290322
test	NZ_CP191553.1	NZ_OY757950.1	0.2303664921465968	[0.15, 0.4)	6.553333333333334	107053	150582	0.5090749441865244	0.3620950711240387	0.3620950711240387	97.98813529756671	0.5090749441865244	False	False	True	0.9927697466072027	0.4732620320855615	0.32536764705882354	0.4642857142857143	0.24644549763033174
test	NC_017659.1	NZ_OY757950.1	0.3727272727272727	[0.15, 0.4)	6.553333333333334	147060	150582	0.6566435468516252	0.6413316332629398	0.6413316332629398	98.59253700005178	0.6566435468516252	False	False	True	0.9981872117091823	0.5813084112149532	0.5716911764705882	0.6126760563380281	0.4223300970873786
test	NZ_CP043297.1	NZ_OY757950.1	0.2628865979381443	[0.15, 0.4)	6.553333333333334	110724	150582	0.6362306275062317	0.4676853807227955	0.4676853807227955	98.1812654645026	0.6362306275062317	False	False	True	0.997909181186316	0.5475578406169666	0.3915441176470588	0.5725806451612904	0.3480392156862745
test	NZ_JBFUPY010000024.1	NZ_OY757950.1	0.1798941798941798	[0.15, 0.4)	6.553333333333334	73616	150582	0.6090795479243643	0.2979506182677876	0.2979506182677876	95.83186481016035	0.6090795479243643	False	False	True	0.9938757909572816	0.3308270676691729	0.16176470588235295	0.475	0.19689119170984457
test	NZ_CP042511.1	NZ_CP148915.1	0.1666666666666666	[0.15, 0.4)	6.553333333333334	2495	3796	0.2228456913827655	0.1469968387776607	0.1469968387776607	89.624	0.2228456913827655	False	False	False	0.8768691688293403	0.056074766355140186	0.037894736842105266	0.0	0.0
test	NZ_CP138727.1	NZ_CP141546.1	0.345707656612529	[0.15, 0.4)	6.553333333333334	277344	348041	0.7260333737163955	0.5782106131174201	0.5782106131174201	97.52917193417272	0.7260333737163955	False	False	True	0.9981704954689079	0.5779904306220096	0.45311327831957987	0.6508474576271186	0.4129032258064516
test	NZ_JCDGLC010000041.1	CP088402.1	0.1505376344086021	[0.15, 0.4)	6.553333333333334	41565	167679	0.7775772885841453	0.1928088788697451	0.1928088788697451	96.21317055843834	0.7775772885841453	False	False	True	0.9848477216127766	0.37341772151898733	0.09516129032258064	0.75	0.15083798882681565
test	NZ_JCDGLC010000041.1	NZ_JBTZPL010000001.1	0.1716417910447761	[0.15, 0.4)	6.553333333333334	41565	105623	0.7629736557199567	0.3008814368082709	0.3008814368082709	94.64927004140009	0.7629736557199567	False	False	True	0.9914945202204073	0.34177215189873417	0.1276595744680851	0.6111111111111112	0.16176470588235295
test	NZ_JCDGLC010000041.1	NZ_CP169108.1	0.2727272727272727	[0.15, 0.4)	6.553333333333334	41565	74529	0.7604474918801877	0.4239557756041272	0.4239557756041272	96.336355884025	0.7604474918801877	False	False	True	0.9474066337919853	0.449685534591195	0.26579925650557623	0.6666666666666666	0.24742268041237114
test	NZ_JCDGLC010000041.1	NZ_AP042702.1	0.2076923076923077	[0.15, 0.4)	6.553333333333334	41565	97991	0.7522434740767473	0.3191619638538233	0.3191619638538233	95.57408421824675	0.7522434740767473	False	False	True	0.978675355316627	0.3742138364779874	0.15699208443271767	0.75	0.21774193548387097
test	NZ_JCDGLC010000041.1	NZ_JBRAXZ010000003.1	0.1575342465753424	[0.15, 0.4)	6.553333333333334	41565	118098	0.7656441717791411	0.2701315856322715	0.2701315856322715	94.56836352272016	0.7656441717791411	False	False	True	0.9484565405262103	0.34177215189873417	0.11868131868131868	0.6666666666666666	0.1643835616438356
test	NZ_CP028152.1	NZ_OM048934.1	0.1889763779527559	[0.15, 0.4)	6.553333333333334	56636	118931	0.7837064764460767	0.3752259713615458	0.3752259713615458	99.17602909489996	0.7837064764460767	False	False	True	0.9902047033340249	0.7142857142857143	0.3310502283105023	0.6438356164383562	0.2611111111111111
test	NZ_CP084846.1	NZ_CP141569.1	0.1901140684410646	[0.15, 0.4)	6.553333333333334	101892	194326	0.5009029168138813	0.2626411288247584	0.2626411288247584	97.6529487355152	0.5009029168138813	False	False	True	0.9914136052078609	0.37730870712401055	0.18890356671070013	0.49074074074074076	0.21115537848605578
test	NZ_CP101766.1	NZ_CP141569.1	0.1977611940298507	[0.15, 0.4)	6.553333333333334	127176	194326	0.379804365603573	0.2486131552134042	0.2486131552134042	98.63674308586558	0.379804365603573	False	False	False	0.9931857043438646	0.352112676056338	0.19815059445178335	0.34285714285714286	0.16666666666666666
test	NZ_JAHQYP010000015.1	NZ_CP141569.1	0.173728813559322	[0.15, 0.4)	6.553333333333334	81298	194326	0.5736303476100273	0.2400090569455451	0.2400090569455451	96.77553628246578	0.5736303476100273	False	False	True	0.9839368141451099	0.38596491228070173	0.17437252311756934	0.5591397849462365	0.21940928270042195
test	NZ_PQ667066.1	NZ_CP141569.1	0.1760797342192691	[0.15, 0.4)	6.553333333333334	180007	194326	0.4079952446293755	0.3779525127877896	0.3779525127877896	97.23031700017684	0.4079952446293755	False	False	False	0.9967960841127013	0.3143712574850299	0.2774108322324967	0.37572254335260113	0.2138157894736842
test	NZ_AP042698.1	NZ_JBTHVH010000001.1	0.384	[0.15, 0.4)	6.553333333333334	97775	97926	0.7366709281513679	0.7356166901537896	0.7356166901537896	97.78444143394236	0.7366709281513679	False	False	True	0.995840852382462	0.5450980392156862	0.5359897172236504	0.6944444444444444	0.5244755244755245
test	CP122782.1	NZ_JBYCWT010000001.1	0.2708333333333333	[0.15, 0.4)	6.553333333333334	69672	153509	0.7272361924445976	0.3300718524646763	0.3300718524646763	95.78396685833566	0.7272361924445976	False	False	True	0.993464462179047	0.37549407114624506	0.2224824355971897	0.42857142857142855	0.20454545454545456
test	NZ_MW390517.1	NZ_JBYCWT010000001.1	0.2299465240641711	[0.15, 0.4)	6.553333333333334	118279	153509	0.4269312388505145	0.3290947110592864	0.3290947110592864	96.54316453645724	0.4269312388505145	False	False	False	0.9969157029033725	0.25279642058165547	0.25279642058165547	0.35294117647058826	0.2048780487804878
test	NZ_CP192622.1	NZ_JBYCWT010000001.1	0.2239583333333333	[0.15, 0.4)	6.553333333333334	125195	153509	0.467981948160869	0.3815411474245809	0.3815411474245809	96.93636406055757	0.467981948160869	False	False	False	0.9818693301177083	0.31027253668763105	0.31027253668763105	0.390625	0.23923444976076555
test	NZ_CP057239.1	NZ_JBYCWT010000001.1	0.1800947867298578	[0.15, 0.4)	6.553333333333334	145940	153509	0.3808277374263396	0.3622719189102919	0.3622719189102919	95.32740935588598	0.3808277374263396	False	False	False	0.9788869559083972	0.16967509025270758	0.16967509025270758	0.375	0.20425531914893616
test	NZ_CP043297.1	NZ_JBYCWT010000001.1	0.2023121387283237	[0.15, 0.4)	6.553333333333334	110724	153509	0.4818377226256277	0.3477581119022337	0.3477581119022337	96.40963452260743	0.4818377226256277	False	False	False	0.982102858974281	0.2802056555269923	0.25526932084309134	0.3709677419354839	0.22330097087378642
test	NZ_MG591701.1	NZ_JBYCWT010000001.1	0.24	[0.15, 0.4)	6.553333333333334	91597	153509	0.5999432295817548	0.3578812968620732	0.3578812968620732	95.37652799854835	0.5999432295817548	False	False	True	0.9888564370019435	0.2953216374269006	0.23653395784543327	0.3867924528301887	0.21243523316062177
test	CP122782.1	NZ_AP018457.1	0.1642857142857142	[0.15, 0.4)	6.553333333333334	69672	86535	0.513506143070387	0.4138325533021321	0.4138325533021321	94.06650473326653	0.513506143070387	False	False	True	0.9640650116927263	0.26296296296296295	0.20913107511045656	0.30952380952380953	0.17567567567567569
test	NZ_AP018457.1	NZ_JBTZPL010000001.1	0.3517241379310344	[0.15, 0.4)	6.553333333333334	86535	105623	0.7084185589645808	0.5802902776857314	0.5802902776857314	97.16613720157638	0.7084185589645808	False	False	True	0.996708751511875	0.5555555555555556	0.46099290780141844	0.6222222222222222	0.358974358974359
test	NZ_AP018457.1	NZ_JALEBI010000023.1	0.2285714285714285	[0.15, 0.4)	6.553333333333334	86535	86591	0.6142370139250014	0.6127773094201476	0.6127773094201476	96.05072829898548	0.6142370139250014	False	False	True	0.9961234533345397	0.40942562592047127	0.3977110157367668	0.5	0.30612244897959184
test	CP056818.1	NZ_CP184146.1	0.1656441717791411	[0.15, 0.4)	6.553333333333334	84644	174759	0.7331529700864798	0.3551405077850068	0.3551405077850068	93.09035557269571	0.7331529700864798	False	False	True	0.9799389885500982	0.36764705882352944	0.2332089552238806	0.6526315789473685	0.30845771144278605
test	CP054459.1	NZ_CP184146.1	0.18562874251497	[0.15, 0.4)	6.553333333333334	83055	174759	0.7876346998976582	0.3742983193998592	0.3742983193998592	92.9384382020759	0.7876346998976582	False	False	True	0.9950788487937204	0.3881578947368421	0.22014925373134328	0.7252747252747253	0.34196891191709844
test	NZ_CP146671.1	NZ_CP184146.1	0.1705882352941176	[0.15, 0.4)	6.553333333333334	86055	174759	0.7521004009063971	0.3704988012062326	0.3704988012062326	92.96902382675928	0.7521004009063971	False	False	True	0.9957075846614772	0.35625	0.2126865671641791	0.7142857142857143	0.33505154639175255
test	NZ_MH785245.1	NZ_CP191250.1	0.25	[0.15, 0.4)	6.553333333333334	2036	3100	0.5834970530451866	0.3825806451612903	0.3825806451612903	85.97847439126785	0.5834970530451866	False	False	True	0.9628946767664793	0.08052434456928839	0.058663028649386086	0.5	0.14285714285714285
test	OW969701.1	NC_003114.1	0.1666666666666666	[0.15, 0.4)	6.553333333333334	2495	3172	0.213627254509018	0.1746532156368222	0.1746532156368222	83.542	0.213627254509018	False	False	False	0.8989853747695828	0.033381712626995644	0.02875	0.0	0.0
test	NZ_CP060978.1	NC_018997.1	0.2142857142857142	[0.15, 0.4)	6.553333333333334	6647	7930	0.4943583571536031	0.410718789407314	0.410718789407314	92.13507895535986	0.4943583571536031	False	False	False	0.8902580597452863	0.14285714285714285	0.11498973305954825	0.375	0.21428571428571427
test	NZ_JBRERM010000006.1	NZ_CP060978.1	0.2	[0.15, 0.4)	6.553333333333334	5271	6647	0.6150635553025992	0.4921017000150444	0.4921017000150444	92.43201068050044	0.6150635553025992	False	False	True	0.9644958610862651	0.20875420875420875	0.15816326530612246	0.6	0.2727272727272727
test	NC_032101.1	OW849481.1	0.3727272727272727	[0.15, 0.4)	6.553333333333334	58120	105977	0.7157432897453544	0.392339847325363	0.392339847325363	98.7607701083171	0.7157432897453544	False	False	True	0.9946588951530794	0.6912442396313364	0.410958904109589	0.6578947368421053	0.352112676056338
test	NZ_CP040265.1	CP088402.1	0.1624365482233502	[0.15, 0.4)	6.553333333333334	73952	167679	0.6490020553872783	0.2864401624532589	0.2864401624532589	94.70027909585738	0.6490020553872783	False	False	True	0.9706586622339641	0.285140562248996	0.11451612903225807	0.5340909090909091	0.22274881516587677
test	NZ_RRRW01000071.1	CP088402.1	0.1583710407239819	[0.15, 0.4)	6.553333333333334	93340	167679	0.4803514034711806	0.2681313700582661	0.2681313700582661	96.576658358325	0.4803514034711806	False	False	False	0.9627443264283342	0.27514792899408286	0.15	0.41836734693877553	0.18061674008810572
test	NZ_AP026795.1	CP088402.1	0.2124542124542124	[0.15, 0.4)	6.553333333333334	165477	167679	0.4569879802026867	0.4510045980713148	0.4510045980713148	96.14434571941308	0.4569879802026867	False	False	False	0.9944655517655444	0.30288461538461536	0.30288461538461536	0.3869047619047619	0.23809523809523808
test	NZ_CP119738.1	CP088402.1	0.1936936936936936	[0.15, 0.4)	6.553333333333334	100423	167679	0.5560379594316043	0.3332200215888692	0.3332200215888692	95.1983648267238	0.5560379594316043	False	False	True	0.9795559865035444	0.3269230769230769	0.19193548387096773	0.4700854700854701	0.23706896551724138
test	NZ_CP089446.1	CP088402.1	0.2521739130434782	[0.15, 0.4)	6.553333333333334	129071	167679	0.6228664843380775	0.4798633102535201	0.4798633102535201	96.25172827853092	0.6228664843380775	False	False	True	0.99744858390929	0.4088291746641075	0.3435483870967742	0.5	0.2946058091286307
test	CP101962.1	CP088402.1	0.202020202020202	[0.15, 0.4)	6.553333333333334	82673	167679	0.6566472729911821	0.3256877724700171	0.3256877724700171	96.4128702715544	0.6566472729911821	False	False	True	0.9671468040904192	0.3814102564102564	0.19193548387096773	0.5591397849462365	0.24644549763033174
test	NZ_JAQMUU010000004.1	CP088402.1	0.2285714285714285	[0.15, 0.4)	6.553333333333334	101631	167679	0.6127756294831301	0.3717639060347449	0.3717639060347449	96.92141097887198	0.6127756294831301	False	False	True	0.9816015000344627	0.3784530386740331	0.22096774193548388	0.47058823529411764	0.24034334763948498
test	NZ_CP156664.1	CP088402.1	0.2100456621004566	[0.15, 0.4)	6.553333333333334	96210	167679	0.61656792433219	0.3537294473368758	0.3537294473368758	96.80720326516872	0.61656792433219	False	False	True	0.9805047015301848	0.40168539325842695	0.2306451612903226	0.5742574257425742	0.27230046948356806
test	NZ_CP191553.1	CP088402.1	0.1697247706422018	[0.15, 0.4)	6.553333333333334	107053	167679	0.4919806077363549	0.3141896122949206	0.3141896122949206	97.47135413981344	0.4919806077363549	False	False	False	0.9927067873035853	0.44385026737967914	0.267741935483871	0.41964285714285715	0.2
test	NZ_CP026579.1	CP088402.1	0.2488479262672811	[0.15, 0.4)	6.553333333333334	100229	167679	0.7057737780482695	0.4220922119048897	0.4220922119048897	95.98031466854724	0.7057737780482695	False	False	True	0.9948940971490136	0.44050632911392407	0.2806451612903226	0.5739130434782609	0.3013698630136986
test	NC_017659.1	CP088402.1	0.376068376068376	[0.15, 0.4)	6.553333333333334	147060	167679	0.6715966272269822	0.5892628176456205	0.5892628176456205	98.92971878572077	0.6715966272269822	False	False	True	0.9980965599596793	0.6261682242990654	0.5403225806451613	0.6056338028169014	0.3805309734513274
test	NZ_CP135667.1	CP088402.1	0.2210526315789473	[0.15, 0.4)	6.553333333333334	76366	167679	0.8005002226121573	0.3643091860042104	0.3643091860042104	95.2737741371992	0.8162108026905223	True	False	True	0.9755513015304121	0.4756944444444444	0.22096774193548388	0.6627906976744186	0.2864321608040201
test	NZ_CP103748.1	NZ_CP087576.1	0.3972602739726027	[0.15, 0.4)	6.553333333333334	50937	51705	0.7692639927753893	0.7562324726815588	0.7562324726815588	98.10630222006984	0.7692639927753893	False	False	True	0.9853204106380913	0.57356608478803	0.57356608478803	0.7142857142857143	0.5128205128205128
test	NZ_CP103748.1	NZ_CP133928.1	0.1746031746031746	[0.15, 0.4)	6.553333333333334	50937	100835	0.6460922315801872	0.3253334655625526	0.3253334655625526	97.96179682279326	0.6460922315801872	False	False	True	0.9869591613366147	0.4538653366583541	0.23008849557522124	0.5714285714285714	0.2318840579710145
test	NZ_CP103748.1	CP082669.1	0.2434782608695652	[0.15, 0.4)	6.553333333333334	50937	99345	0.6959970159216287	0.3559011525491972	0.3559011525491972	97.40899200157716	0.6959970159216287	False	False	True	0.9938859937535535	0.4937655860349127	0.2804532577903683	0.625	0.2845528455284553
test	NZ_CP103748.1	NZ_CP043828.1	0.2288135593220339	[0.15, 0.4)	6.553333333333334	50937	97743	0.689930698706245	0.3583172196474428	0.3583172196474428	96.8973849301057	0.689930698706245	False	False	True	0.9850670377899013	0.4164588528678304	0.2272108843537415	0.5535714285714286	0.22142857142857142
test	CP122782.1	NZ_CP040265.1	0.2990654205607476	[0.15, 0.4)	6.553333333333334	69672	73952	0.7249971294063612	0.6837408048463869	0.6837408048463869	94.94037433450328	0.7249971294063612	False	False	True	0.9969401191606014	0.31851851851851853	0.31851851851851853	0.4880952380952381	0.31297709923664124
test	NZ_CP040265.1	NZ_OP378628.1	0.1727272727272727	[0.15, 0.4)	6.553333333333334	73952	74826	0.6395499783643445	0.6320263010183625	0.6320263010183625	93.02064893079644	0.6395499783643445	False	False	True	0.9973273111156373	0.2729083665338645	0.24420677361853832	0.5119047619047619	0.3333333333333333
test	NZ_CP040265.1	CP101962.1	0.2017543859649122	[0.15, 0.4)	6.553333333333334	73952	82673	0.5992400475984422	0.5360637693079966	0.5360637693079966	94.64528368858178	0.5992400475984422	False	False	True	0.9964614627252015	0.28884462151394424	0.2251552795031056	0.45454545454545453	0.28368794326241137
test	NZ_CP040265.1	CP057522.1	0.224	[0.15, 0.4)	6.553333333333334	73952	86439	0.600592276070965	0.5138074248892283	0.5138074248892283	95.07574606882918	0.600592276070965	False	False	True	0.9652465673817499	0.2948207171314741	0.23161189358372458	0.4659090909090909	0.3037037037037037
test	NZ_CP125122.1	NZ_PQ126489.1	0.3358662613981762	[0.15, 0.4)	6.553333333333334	333411	612637	0.7931981848229362	0.431647125459285	0.431647125459285	99.08423592371712	0.7931981848229362	False	False	True	0.998443783892366	0.7547169811320755	0.40998217468805703	0.7195767195767195	0.37988826815642457
test	NZ_CP125122.1	NZ_CP176937.1	0.1934900542495479	[0.15, 0.4)	6.553333333333334	333411	345230	0.3778669569990192	0.3647423456825884	0.3647423456825884	98.40456176111206	0.3778669569990192	False	False	False	0.9942989218208459	0.324856439704676	0.30745341614906835	0.29945054945054944	0.1721958925750395
test	NZ_CP082766.1	NZ_CP125122.1	0.2647814910025707	[0.15, 0.4)	6.553333333333334	199279	333411	0.6245715805478751	0.3734819786989631	0.3734819786989631	98.3710101383894	0.6245715805478751	False	False	True	0.9958632333542162	0.5573333333333333	0.34290401968826906	0.5658536585365853	0.24839400428265523
test	NZ_CP138727.1	NZ_CP125122.1	0.2772727272727273	[0.15, 0.4)	6.553333333333334	277344	333411	0.6006944444444444	0.4993446526959219	0.4993446526959219	97.64480980676386	0.6006944444444444	False	False	True	0.9967798081868565	0.4698564593301435	0.4027891714520098	0.5627118644067797	0.32741617357001973
test	CP124644.1	JX469831.1	0.1546391752577319	[0.15, 0.4)	6.553333333333334	53481	54342	0.1798395691927974	0.1769717713738912	0.1769717713738912	98.4937779970912	0.1798395691927974	False	False	False	0.961846921439359	0.21194029850746268	0.17317073170731706	0.1724137931034483	0.09009009009009009
test	NZ_CP125141.1	NZ_CP107486.1	0.2	[0.15, 0.4)	6.553333333333334	9294	10060	0.7734021949644933	0.7148111332007953	0.7148111332007953	93.29061244617309	0.7734021949644933	False	False	True	0.9899746246830636	0.2453125	0.2453125	0.5454545454545454	0.35294117647058826
test	NZ_CP107486.1	NZ_OZ066665.1	0.1666666666666666	[0.15, 0.4)	6.553333333333334	10060	39395	0.6142147117296223	0.1567965477852519	0.1567965477852519	92.95784590534646	0.6142147117296223	False	False	True	0.9813443995546388	0.1728395061728395	0.12280701754385964	0.4166666666666667	0.09433962264150944
test	NZ_CP151758.1	NZ_CP086762.1	0.2162162162162162	[0.15, 0.4)	6.553333333333334	53097	296148	0.9530481948132664	0.1708875292083687	0.1708875292083687	99.9844009445147	0.9530481948132664	False	False	True	0.9826784086612117	0.9946808510638298	0.1782650142993327	1.0	0.22837370242214533
test	OW849024.1	NZ_PQ126489.1	0.2	[0.15, 0.4)	6.553333333333334	242397	612637	0.6899012776560766	0.2728695785595711	0.2728695785595711	98.64987004984518	0.6899012776560766	False	False	True	0.9907160065031646	0.5809414466130884	0.22549019607843138	0.6255506607929515	0.20431654676258992
test	NZ_LR134211.1	NZ_PQ126489.1	0.1706948640483383	[0.15, 0.4)	6.553333333333334	205331	612637	0.7068976433173754	0.237066974407357	0.237066974407357	97.5336758051197	0.7068976433173754	False	False	True	0.9983442561822714	0.5808080808080808	0.20499108734402852	0.5953488372093023	0.1836441893830703
test	NZ_CP084846.1	NZ_CP080351.1	0.1653543307086614	[0.15, 0.4)	6.553333333333334	101892	193800	0.42547010560201	0.2236326109391125	0.2236326109391125	96.83384590035487	0.42547010560201	False	False	False	0.9966800200317508	0.36675461741424803	0.1971631205673759	0.46296296296296297	0.20408163265306123
test	NZ_CP073977.1	NZ_OK649970.1	0.3453038674033149	[0.15, 0.4)	6.553333333333334	241691	261511	0.7083507453732245	0.654779340066001	0.654779340066001	97.83676958896432	0.7083507453732245	False	False	True	0.9966652331640425	0.5184016824395373	0.5184016824395373	0.6254980079681275	0.4472934472934473
test	NZ_KT448817.1	CP130850.1	0.2	[0.15, 0.4)	6.553333333333334	28489	37860	0.4234265856997438	0.3188589540412044	0.3188589540412044	99.60242737661476	0.4234265856997438	False	False	False	0.9829194277445068	0.44923857868020306	0.33586337760910817	0.37142857142857144	0.203125
test	NZ_JBJUTL010000011.1	NZ_KT448817.1	0.3461538461538461	[0.15, 0.4)	6.553333333333334	26925	28489	0.5124976787372331	0.4843974867492716	0.4843974867492716	97.92200586573972	0.5124976787372331	False	False	True	0.9913822657661207	0.5105263157894737	0.49238578680203043	0.5161290322580645	0.32
test	NZ_OL891654.1	CP067788.1	0.1739130434782608	[0.15, 0.4)	6.553333333333334	10059	13841	0.6340590515955861	0.4606603569106278	0.4606603569106278	93.06765492957746	0.6340590515955861	False	False	True	0.9428783362191292	0.2012987012987013	0.14418604651162792	0.35714285714285715	0.2
test	NZ_CP087574.1	NZ_CP145702.1	0.1666666666666666	[0.15, 0.4)	6.553333333333334	4072	4074	1.0	1.0	1.0	96.79361625061183	1.0	False	False	True	0.9363969755288771	0.5589430894308943	0.5589430894308943	0.5	0.3333333333333333
test	NZ_JCAWDY010000002.1	NZ_JBSJBU010000003.1	0.1818181818181818	[0.15, 0.4)	6.553333333333334	61509	63107	0.3566632525321497	0.3477744148826596	0.3477744148826596	97.215220730764	0.3566632525321497	False	False	False	0.994515763669166	0.32027649769585254	0.2995689655172414	0.2753623188405797	0.15833333333333333
test	NZ_CP063884.1	NZ_JCAWDY010000002.1	0.375	[0.15, 0.4)	6.553333333333334	57825	61509	0.5147946389969736	0.4792306816888585	0.4792306816888585	99.476555574194	0.5147946389969736	False	False	True	0.9809728011773775	0.4758454106280193	0.4539170506912442	0.3181818181818182	0.18421052631578946
test	NZ_CP101204.1	NZ_CP148344.1	0.3157894736842105	[0.15, 0.4)	6.553333333333334	6648	10681	0.9724729241877256	0.6048122834940549	0.6048122834940549	92.64835984555984	0.9724729241877256	False	False	True	0.983904629483145	0.31806615776081426	0.2025931928687196	0.7777777777777778	0.5833333333333334
test	NZ_CP107331.1	NZ_CP138438.1	0.271523178807947	[0.15, 0.4)	6.553333333333334	84876	97656	0.6359394881945426	0.5521422134840666	0.5521422134840666	97.8767955946321	0.6359394881945426	False	False	True	0.9929348384362155	0.48665620094191525	0.41948579161028415	0.5979381443298969	0.3945578231292517
test	NZ_CP022458.1	NZ_CP024887.1	0.2030075187969924	[0.15, 0.4)	6.553333333333334	55820	102544	0.5995163024005733	0.3265817600249649	0.3265817600249649	97.43567917448406	0.5995163024005733	False	False	True	0.9694008206385436	0.44878048780487806	0.22549019607843138	0.5423728813559322	0.2206896551724138
test	NZ_JBZGES010000003.1	NZ_CP047280.1	0.240625	[0.15, 0.4)	6.553333333333334	162786	262422	0.5897988770533092	0.3659296857732964	0.3659296857732964	98.47839882810874	0.5897988770533092	False	False	True	0.9894941167455937	0.5355450236966824	0.3473360655737705	0.5645161290322581	0.2924791086350975
test	NZ_CP129815.1	NZ_CP047280.1	0.1986970684039088	[0.15, 0.4)	6.553333333333334	146394	262422	0.5755427134991872	0.3211354230971489	0.3211354230971489	99.09855932525087	0.5755427134991872	False	False	True	0.9898457252729147	0.542907180385289	0.3176229508196721	0.5248618784530387	0.260989010989011
test	CP122782.1	NZ_CP132064.1	0.2125	[0.15, 0.4)	6.553333333333334	69672	139177	0.684263405672293	0.3419817929686658	0.3419817929686658	95.43341833768947	0.684263405672293	False	False	True	0.9917133266599518	0.34782608695652173	0.17120622568093385	0.39285714285714285	0.1736842105263158
test	NZ_AP040975.1	NZ_CP132064.1	0.1809045226130653	[0.15, 0.4)	6.553333333333334	113819	139177	0.4728911693126806	0.3867808617803229	0.3867808617803229	96.5598652918923	0.4728911693126806	False	False	False	0.9960210585681301	0.27122641509433965	0.2237354085603113	0.392	0.22790697674418606
test	NZ_CP132064.1	NZ_CP107173.1	0.1558441558441558	[0.15, 0.4)	6.553333333333334	139177	149268	0.4206442156390783	0.3928638422166841	0.3928638422166841	94.63710676586764	0.4206442156390783	False	False	False	0.9739076866685012	0.20622568093385213	0.19133574007220217	0.3381294964028777	0.18951612903225806
test	NZ_CP089446.1	NZ_CP132064.1	0.1862745098039215	[0.15, 0.4)	6.553333333333334	129071	139177	0.4712600041837438	0.4369831222112849	0.4369831222112849	94.24424286674208	0.4712600041837438	False	False	False	0.9709746098782877	0.22456813819577734	0.22456813819577734	0.3597122302158273	0.21645021645021645
test	NZ_JBRAXZ010000003.1	NZ_CP132064.1	0.1890547263681592	[0.15, 0.4)	6.553333333333334	118098	139177	0.5213128080069095	0.4423503883543976	0.4423503883543976	94.11402857189113	0.5213128080069095	False	False	True	0.9955280518036753	0.25934065934065936	0.22957198443579765	0.3656716417910448	0.21875
test	CP057191.1	NZ_CP132064.1	0.3478260869565217	[0.15, 0.4)	6.553333333333334	102988	139177	0.8346700586476095	0.6177098227437005	0.6177098227437005	97.02640753814356	0.8346700586476095	False	False	True	0.9762234879402396	0.5694444444444444	0.39883268482490275	0.6761904761904762	0.41040462427745666
test	NZ_AP022361.1	NZ_JBUBIP010000002.1	0.1746031746031746	[0.15, 0.4)	6.553333333333334	148581	150224	0.3818590533109886	0.3775694962189796	0.3775694962189796	96.36919474350854	0.3818590533109886	False	False	False	0.990511660841335	0.2486865148861646	0.2486865148861646	0.35074626865671643	0.1950207468879668
test	NZ_AP022361.1	NZ_AP026795.1	0.3264462809917355	[0.15, 0.4)	6.553333333333334	148581	165477	0.5627099023428298	0.5055929222792291	0.5055929222792291	97.86683228093632	0.5627099023428298	False	False	True	0.9970188489502044	0.45709281961471104	0.4182692307692308	0.4935064935064935	0.3089430894308943
test	NZ_CP119738.1	NZ_AP022361.1	0.1860465116279069	[0.15, 0.4)	6.553333333333334	100423	148581	0.5508598627804387	0.3719318082392769	0.3719318082392769	95.6761692371521	0.5508598627804387	False	False	True	0.981917229621108	0.36813186813186816	0.23467600700525393	0.46153846153846156	0.2488479262672811
test	NZ_AP022361.1	NZ_JBSTQQ010000002.1	0.2154471544715447	[0.15, 0.4)	6.553333333333334	148581	156753	0.5170378446773141	0.4899810529942011	0.4899810529942011	96.6841270447606	0.5170378446773141	False	False	True	0.9956230831261225	0.37478108581436076	0.3708838821490468	0.4155844155844156	0.25
test	NZ_PP129611.1	NZ_AP022361.1	0.1618497109826589	[0.15, 0.4)	6.553333333333334	63468	148581	0.6573076195878238	0.2807559512992913	0.2807559512992913	97.39828379607468	0.6573076195878238	False	False	True	0.9801330625724625	0.5321888412017167	0.2171628721541156	0.5128205128205128	0.20833333333333334
test	NZ_JABWHZ010000057.1	NZ_AP022361.1	0.2294372294372294	[0.15, 0.4)	6.553333333333334	139873	148581	0.4538617174150837	0.4272349762082635	0.4272349762082635	97.89333702795332	0.4538617174150837	False	False	False	0.9902915450324259	0.38285714285714284	0.3520140105078809	0.43137254901960786	0.27385892116182575
test	CP122782.1	NZ_JBTZPL010000001.1	0.2281879194630872	[0.15, 0.4)	6.553333333333334	69672	105623	0.6963486048914915	0.4598335589786315	0.4598335589786315	94.89686996611564	0.6963486048914915	False	False	True	0.9665935898527265	0.34782608695652173	0.20803782505910165	0.4166666666666667	0.2046783625730994
test	CP122782.1	NZ_OP378628.1	0.25	[0.15, 0.4)	6.553333333333334	69672	74826	0.70618038810426	0.6577125598054152	0.6577125598054152	93.49447429357946	0.70618038810426	False	False	True	0.9979625903713912	0.3333333333333333	0.32085561497326204	0.44047619047619047	0.2824427480916031
test	CP122782.1	NZ_AP040975.1	0.232258064516129	[0.15, 0.4)	6.553333333333334	69672	113819	0.7015443793776553	0.4290759890703661	0.4290759890703661	95.3971622068459	0.7015443793776553	False	False	True	0.9925147044905503	0.35968379446640314	0.21462264150943397	0.4523809523809524	0.2222222222222222
test	CP122782.1	NZ_CP107173.1	0.2185792349726776	[0.15, 0.4)	6.553333333333334	69672	149268	0.732776438167413	0.3423171744781199	0.3423171744781199	94.74187234707225	0.732776438167413	False	False	True	0.9682891889789936	0.38735177865612647	0.17689530685920576	0.47619047619047616	0.2
test	CP122782.1	NZ_CP119738.1	0.25	[0.15, 0.4)	6.553333333333334	69672	100423	0.6309277758640487	0.4379873136632046	0.4379873136632046	94.12405223322534	0.6309277758640487	False	False	True	0.9949350378239452	0.30925925925925923	0.22002635046113306	0.39285714285714285	0.19642857142857142
test	CP122782.1	NZ_CP169108.1	0.3142857142857143	[0.15, 0.4)	6.553333333333334	69672	74529	0.6768716270524745	0.6326530612244898	0.6326530612244898	95.64010475545778	0.6768716270524745	False	False	True	0.9977347902070702	0.3592592592592593	0.3592592592592593	0.38095238095238093	0.23357664233576642
test	CP122782.1	NZ_CP060975.1	0.1986301369863013	[0.15, 0.4)	6.553333333333334	69672	112054	0.5586605810081525	0.3472611419494172	0.3472611419494172	95.37664686907988	0.5586605810081525	False	False	True	0.9652853825767537	0.2490118577075099	0.15869017632241814	0.3333333333333333	0.16091954022988506
test	CP122782.1	NZ_CP156664.1	0.2962962962962963	[0.15, 0.4)	6.553333333333334	69672	96210	0.6965208405098174	0.5047708138447147	0.5047708138447147	95.92171016190008	0.6965208405098174	False	False	True	0.992841170255125	0.4111111111111111	0.31850789096126253	0.4642857142857143	0.2671232876712329
test	CP122782.1	CP057191.1	0.2627737226277372	[0.15, 0.4)	6.553333333333334	69672	102988	0.7033672063382708	0.4758515555210316	0.4758515555210316	95.5421559802964	0.7033672063382708	False	False	True	0.9642194010683738	0.34782608695652173	0.24444444444444444	0.4642857142857143	0.26
test	NZ_CP196661.1	NZ_PQ667066.1	0.1732673267326732	[0.15, 0.4)	6.553333333333334	95080	180007	0.4847496844762305	0.2563455865605226	0.2563455865605226	96.48657743429884	0.4847496844762305	False	False	False	0.9918394990645135	0.349862258953168	0.19011976047904192	0.3879310344827586	0.18442622950819673
test	NZ_NBOP01000105.1	NZ_CP115709.1	0.2105263157894736	[0.15, 0.4)	6.553333333333334	44421	119165	0.8603363274127102	0.3207988922921999	0.3207988922921999	97.12214768925136	0.8603363274127102	False	False	True	0.9693714095346925	0.6402439024390244	0.24305555555555555	0.7169811320754716	0.23170731707317074
test	NZ_CP115709.1	NZ_JBTAPC010000002.1	0.1791044776119403	[0.15, 0.4)	6.553333333333334	119165	126207	0.4241262115554063	0.4003502182921708	0.4003502182921708	96.05420535061546	0.4241262115554063	False	False	False	0.9982488334355784	0.23842592592592593	0.21149897330595482	0.4068965517241379	0.251063829787234
test	CP052164.1	NZ_CP115709.1	0.3624161073825503	[0.15, 0.4)	6.553333333333334	92461	119165	0.6648857356074453	0.5159149079008098	0.5159149079008098	98.3992857769617	0.6648857356074453	False	False	True	0.9972001596572218	0.5409836065573771	0.4583333333333333	0.6842105263157895	0.42162162162162165
test	NZ_CP134504.1	NZ_CP072939.1	0.3891509433962264	[0.15, 0.4)	6.553333333333334	207184	384269	0.935134952505985	0.5049093213347942	0.5049093213347942	98.6539295742812	0.935134952505985	False	False	True	0.988063308033084	0.813953488372093	0.445859872611465	0.8304347826086956	0.4400921658986175
test	NZ_CP134504.1	NZ_JBXSEZ010000002.1	0.3677248677248677	[0.15, 0.4)	6.553333333333334	207184	287195	0.8402482817205962	0.606271000539703	0.606271000539703	97.8329971299666	0.8402482817205962	False	False	True	0.9970472417408678	0.6731266149870802	0.4668458781362007	0.7782608695652173	0.5311572700296736
test	NZ_CM017184.1	NZ_CP184004.1	0.3432835820895522	[0.15, 0.4)	6.553333333333334	43405	45802	0.405252851054026	0.3835640365049561	0.3835640365049561	99.07393857256504	0.405252851054026	False	False	False	0.989079338150937	0.3996815286624204	0.3707533234859675	0.38461538461538464	0.22727272727272727
test	NZ_CM017184.1	NZ_CP129713.1	0.2314049586776859	[0.15, 0.4)	6.553333333333334	43405	106834	0.5956456629420573	0.2418331242862759	0.2418331242862759	99.85704110277628	0.5956456629420573	False	False	True	0.9845515078157129	0.6566265060240963	0.28835978835978837	0.5535714285714286	0.1949685534591195
test	CP101962.1	NZ_JBTZPL010000001.1	0.1907894736842105	[0.15, 0.4)	6.553333333333334	82673	105623	0.6362536741136767	0.4995692226124992	0.4995692226124992	95.3130124912731	0.6362536741136767	False	False	True	0.9602188540694163	0.3557692307692308	0.2624113475177305	0.45161290322580644	0.24277456647398843
test	NZ_OR388869.1	NZ_JBTZPL010000001.1	0.1695906432748538	[0.15, 0.4)	6.553333333333334	94213	105623	0.5639455276872618	0.5034888234570122	0.5034888234570122	95.12868216125106	0.5639455276872618	False	False	True	0.9740173243547763	0.3063063063063063	0.24113475177304963	0.4368932038834951	0.25
test	NZ_JBTZPL010000001.1	NZ_CP195365.1	0.3485714285714286	[0.15, 0.4)	6.553333333333334	105623	137286	0.6783749751474584	0.5216336698570867	0.5216336698570867	98.01894546595108	0.6783749751474584	False	False	True	0.9980391517709934	0.5555555555555556	0.4625984251968504	0.5983606557377049	0.36683417085427134
test	NZ_CM017149.1	NZ_CP083889.1	0.3027888446215139	[0.15, 0.4)	6.553333333333334	153499	219996	0.571730108990938	0.3990799832724231	0.3990799832724231	98.90471016439729	0.571730108990938	False	False	True	0.9966835373515751	0.5468164794007491	0.3967391304347826	0.5341614906832298	0.3049645390070922
test	NZ_CP014496.1	NZ_CP189450.1	0.1928934010152284	[0.15, 0.4)	6.553333333333334	114223	125383	0.396522591772235	0.3615641673911136	0.3615641673911136	97.63717223763597	0.396522591772235	False	False	False	0.992322775611504	0.31390134529147984	0.30837004405286345	0.32575757575757575	0.19369369369369369
test	NZ_CP060975.1	NZ_CP189450.1	0.1935483870967742	[0.15, 0.4)	6.553333333333334	112054	125383	0.4288111089296232	0.3832896006635668	0.3832896006635668	98.27482281901511	0.4288111089296232	False	False	False	0.9964630632971184	0.40302267002518893	0.3524229074889868	0.3728813559322034	0.21256038647342995
test	NZ_CP098439.1	NZ_CP189450.1	0.2063492063492063	[0.15, 0.4)	6.553333333333334	109442	125383	0.4707333564810584	0.4089788886850689	0.4089788886850689	98.18241059999612	0.4707333564810584	False	False	False	0.9805433675053118	0.41545893719806765	0.3788546255506608	0.4017094017094017	0.2315270935960591
test	CP088721.1	NZ_OP378628.1	0.1666666666666666	[0.15, 0.4)	6.553333333333334	17698	74826	0.7466945417561306	0.1769438430492075	0.1769438430492075	95.73317678100264	0.7466945417561306	False	False	True	0.9344575861835815	0.46808510638297873	0.11764705882352941	0.3333333333333333	0.05319148936170213
test	NZ_OP378628.1	NZ_JBSTQQ010000002.1	0.154696132596685	[0.15, 0.4)	6.553333333333334	74826	156753	0.6440007484029615	0.3072540876410659	0.3072540876410659	94.02765168911232	0.6440007484029615	False	False	True	0.9682563952645462	0.3079710144927536	0.14731369150779897	0.44047619047619047	0.17370892018779344
test	NZ_OP378628.1	NZ_CP192622.1	0.1851851851851851	[0.15, 0.4)	6.553333333333334	74826	125195	0.6867399032421886	0.4099364990614641	0.4099364990614641	93.9707152719868	0.6867399032421886	False	False	True	0.9694475934001028	0.3188405797101449	0.18448637316561844	0.4880952380952381	0.23563218390804597
test	NZ_OP378628.1	NZ_JBRAXZ010000003.1	0.2758620689655172	[0.15, 0.4)	6.553333333333334	74826	118098	0.7232512762943362	0.4563328760859625	0.4563328760859625	96.64377554478972	0.7232512762943362	False	False	True	0.9966641455555031	0.5362318840579711	0.3252747252747253	0.6666666666666666	0.345679012345679
test	NZ_OP378628.1	NZ_CP040807.1	0.2882882882882883	[0.15, 0.4)	6.553333333333334	74826	90871	0.6701413947023762	0.5531247592741358	0.5531247592741358	94.59374300168636	0.6701413947023762	False	False	True	0.9623253034080902	0.3689839572192513	0.30666666666666664	0.5357142857142857	0.3103448275862069
test	NZ_CP074870.1	NZ_CP145710.1	0.371900826446281	[0.15, 0.4)	6.553333333333334	92785	95144	0.7914964703346447	0.7724606911628689	0.7724606911628689	97.42765931945426	0.7914964703346447	False	False	True	0.9989191806146533	0.5405027932960894	0.5405027932960894	0.7238095238095238	0.562962962962963
test	NZ_CP074870.1	NZ_AP028843.1	0.3571428571428571	[0.15, 0.4)	6.553333333333334	92785	137403	0.7452066605593577	0.5037954047582658	0.5037954047582658	98.53898315263682	0.7452066605593577	False	False	True	0.9978698056125868	0.6577380952380952	0.4613778705636743	0.638095238095238	0.37222222222222223
test	CP082724.1	NZ_CP074870.1	0.1946902654867256	[0.15, 0.4)	6.553333333333334	53499	92785	0.7557711359090824	0.4358463113649836	0.4358463113649836	97.45583208595778	0.7557711359090824	False	False	True	0.9846117699575444	0.5510204081632653	0.3016759776536313	0.6615384615384615	0.33858267716535434
test	NZ_CP085077.1	NZ_CP169909.1	0.1524390243902439	[0.15, 0.4)	6.553333333333334	56811	155489	0.6419707451021809	0.2343702769970866	0.2343702769970866	97.41161317007698	0.6419707451021809	False	False	True	0.9846113920204557	0.4807692307692308	0.1968503937007874	0.515625	0.165
test	NZ_CP085077.1	CP082669.1	0.2612612612612612	[0.15, 0.4)	6.553333333333334	56811	99345	0.6627237682843111	0.379062861744426	0.379062861744426	97.25063758816354	0.6627237682843111	False	False	True	0.9907407765233259	0.4650112866817156	0.29178470254957506	0.640625	0.328
test	NZ_CP087576.1	NZ_KX246268.1	0.2178217821782178	[0.15, 0.4)	6.553333333333334	51705	86207	0.7091964026689875	0.4263226884127739	0.4263226884127739	97.25343662048355	0.7091964026689875	False	False	True	0.9842638650026864	0.47103274559193953	0.2850609756097561	0.5967741935483871	0.30833333333333335
test	NZ_CP189869.1	NZ_CP032893.1	0.2341463414634146	[0.15, 0.4)	6.553333333333334	110729	156442	0.4567818728607681	0.3231421229593076	0.3231421229593076	99.33752609211304	0.4567818728607681	False	False	False	0.9901002539250322	0.425531914893617	0.3103448275862069	0.4444444444444444	0.23963133640552994
test	CP056818.1	NZ_CP146671.1	0.3529411764705882	[0.15, 0.4)	6.553333333333334	84644	86055	0.8173763054676055	0.8045900877345884	0.8045900877345884	96.65263231266036	0.8173763054676055	False	False	True	0.9759794905400168	0.5405819295558959	0.5405819295558959	0.7142857142857143	0.5371900826446281
test	NZ_CP049847.1	NZ_JBTHVH010000001.1	0.3709677419354839	[0.15, 0.4)	6.553333333333334	90408	97926	0.7876072913901425	0.728887118844842	0.728887118844842	97.31950032895196	0.7876072913901425	False	False	True	0.9958326929339602	0.5228848821081831	0.4845758354755784	0.6574074074074074	0.4863013698630137
test	NZ_OZ542763.1	LR962847.1	0.2992125984251969	[0.15, 0.4)	6.553333333333334	60054	97574	0.5786791887301429	0.3565806464836944	0.3565806464836944	99.29306868802988	0.5786791887301429	False	False	True	0.9912171621691176	0.5372807017543859	0.33980582524271846	0.49230769230769234	0.2318840579710145
test	NZ_CP069854.1	CP109680.1	0.1544715447154471	[0.15, 0.4)	6.553333333333334	137344	155247	0.407269338303821	0.3607799184525305	0.3607799184525305	96.76672920047795	0.407269338303821	False	False	False	0.9974768501386397	0.3509803921568627	0.3396584440227704	0.3288590604026846	0.19291338582677164
test	NZ_CP146851.1	OW848843.1	0.1634615384615384	[0.15, 0.4)	6.553333333333334	138872	252697	0.4826602914914453	0.2653137947818929	0.2653137947818929	96.4270854237692	0.4826602914914453	False	False	False	0.9945667895960184	0.33407572383073497	0.17123287671232876	0.43333333333333335	0.19519519519519518
test	CP067475.1	OW848843.1	0.3934426229508196	[0.15, 0.4)	6.553333333333334	216181	252697	0.6031658656403662	0.5158628713439416	0.5158628713439416	98.51057947141696	0.6031658656403662	False	False	True	0.996073706944129	0.5081761006289308	0.4611872146118721	0.5728155339805825	0.35119047619047616
test	NZ_CP068342.1	NZ_AP018454.1	0.2786885245901639	[0.15, 0.4)	6.553333333333334	63675	78997	0.8874283470749902	0.714520804587516	0.714520804587516	97.2265848141313	0.8874283470749902	False	False	True	0.9949486122596691	0.5959595959595959	0.4828150572831424	0.8313253012048193	0.6052631578947368
test	NZ_CP101766.1	NZ_CP097707.1	0.34	[0.15, 0.4)	6.553333333333334	127176	159393	0.6591337988299679	0.5259453050008469	0.5259453050008469	99.04408517004208	0.6591337988299679	False	False	True	0.9957000814103381	0.6314553990610329	0.4882032667876588	0.6642857142857143	0.4170403587443946
test	NZ_CP095666.1	NZ_CP097707.1	0.1571428571428571	[0.15, 0.4)	6.553333333333334	99379	159393	0.5966049165316616	0.372287365191696	0.372287365191696	95.72132941453486	0.5966049165316616	False	False	True	0.9958252554116787	0.3247422680412371	0.22867513611615245	0.42857142857142855	0.20901639344262296
test	NZ_CP040807.1	NZ_CP097707.1	0.3734939759036144	[0.15, 0.4)	6.553333333333334	90871	159393	0.8044150499059106	0.4584893941390149	0.4584893941390149	99.90600017776806	0.8044150499059106	False	False	True	0.9781384131548074	0.7588235294117647	0.46823956442831216	0.7169811320754716	0.36893203883495146
test	NZ_CP123972.1	NZ_CP062072.1	0.1683673469387755	[0.15, 0.4)	6.553333333333334	215206	274836	0.5687666700742544	0.4449926501622785	0.4449926501622785	96.71971325116697	0.5687666700742544	False	False	True	0.9933552730734625	0.34600262123197906	0.2548262548262548	0.44976076555023925	0.23979591836734693
test	NZ_CP123972.1	NZ_CP160870.1	0.2312138728323699	[0.15, 0.4)	6.553333333333334	215206	242545	0.5311469011087051	0.4709600280360345	0.4709600280360345	96.98555069667552	0.5311469011087051	False	False	True	0.9979251949257967	0.3420707732634338	0.30384167636786963	0.5263157894736842	0.3264094955489614
test	NZ_MF344559.1	OW849481.1	0.39	[0.15, 0.4)	6.553333333333334	42279	105977	0.8657016485725774	0.3454523151249799	0.3454523151249799	99.9511239897335	0.8657016485725774	False	False	True	0.9948076403362798	0.8910256410256411	0.38082191780821917	0.8	0.3464566929133858
test	NZ_CP125141.1	NZ_CP107491.1	0.2	[0.15, 0.4)	6.553333333333334	9294	10060	0.7820098988594792	0.7227634194831014	0.7227634194831014	93.28218161835416	0.7820098988594792	False	False	True	0.9899675038594505	0.24375	0.24375	0.5454545454545454	0.3333333333333333
test	NZ_CP125141.1	NZ_CP054742.1	0.1666666666666666	[0.15, 0.4)	6.553333333333334	9294	11970	0.7799655691844201	0.605764411027569	0.605764411027569	93.31871056619369	0.7799655691844201	False	False	True	0.9893688800370883	0.2453125	0.21159029649595687	0.45454545454545453	0.23809523809523808
test	NZ_CP125141.1	NZ_CP152448.1	0.1666666666666666	[0.15, 0.4)	6.553333333333334	9294	11970	0.7799655691844201	0.605764411027569	0.605764411027569	93.3190049593608	0.7799655691844201	False	False	True	0.9893669876068645	0.2453125	0.21159029649595687	0.5454545454545454	0.3157894736842105
test	CP057169.1	NZ_CP180667.1	0.2	[0.15, 0.4)	6.553333333333334	4076	4544	0.4654072620215898	0.4179137323943662	0.4179137323943662	88.15579012987014	0.4654072620215898	False	False	False	0.951478111127751	0.1925925925925926	0.1918819188191882	0.5	0.2857142857142857
test	NZ_JAMYDH010000215.1	NZ_CP135257.1	0.2	[0.15, 0.4)	6.553333333333334	253	4921	1.0	0.0514123145702093	0.0514123145702093	99.605	1.0	False	False	True	0.7578592283303023	0.896551724137931	0.04153354632587859	0.0	0.0
test	NZ_RRRW01000071.1	NZ_AP040975.1	0.15	[0.15, 0.4)	6.553333333333334	93340	113819	0.4033104778230126	0.330709284038693	0.330709284038693	95.59933011869435	0.4033104778230126	False	False	False	0.9854666020821203	0.21301775147928995	0.16981132075471697	0.3469387755102041	0.17989417989417988
test	NC_010487.1	NZ_JCBEAH010000002.1	0.1666666666666666	[0.15, 0.4)	6.553333333333334	3565	7162	0.3093969144460028	0.1540072605417481	0.1540072605417481	89.44094942324756	0.3093969144460028	False	False	False	0.9519391758795687	0.16736401673640167	0.1556420233463035	0.0	0.0
test	NC_010487.1	NZ_LR890682.1	0.1666666666666666	[0.15, 0.4)	6.553333333333334	3565	5783	0.2673211781206171	0.1642745979595365	0.1642745979595365	86.99307180020813	0.2673211781206171	False	False	False	0.9260049997398412	0.09586056644880174	0.06276747503566334	0.0	0.0
test	NZ_CP083020.1	NC_010487.1	0.25	[0.15, 0.4)	6.553333333333334	3541	3565	0.2733691047726631	0.2732117812061711	0.2732117812061711	86.76153767820774	0.2733691047726631	False	False	False	0.9396524216622717	0.09151785714285714	0.08932461873638345	0.25	0.1111111111111111
test	NZ_OZ411233.1	NZ_OZ410924.1	0.3571428571428571	[0.15, 0.4)	6.553333333333334	30208	60093	0.926608845338983	0.4670593912768542	0.4670593912768542	94.2120454658297	0.926608845338983	False	False	True	0.919738985423537	0.5770925110132159	0.36797752808988765	0.7954545454545454	0.5147058823529411
test	NZ_PEHU01000018.1	NZ_CP021547.1	0.3050847457627119	[0.15, 0.4)	6.553333333333334	41575	45740	0.4705472038484666	0.4228902492348054	0.4228902492348054	97.97791587887367	0.4705472038484666	False	False	False	0.9900244577671057	0.4122257053291536	0.38060781476121563	0.37209302325581395	0.2077922077922078
test	NZ_CP077263.1	NZ_LR890182.1	0.2009345794392523	[0.15, 0.4)	6.553333333333334	95620	135529	0.7109077598828697	0.5019073408643169	0.5019073408643169	91.94990249123887	0.7109077598828697	False	False	True	0.9890583616193129	0.25139664804469275	0.17341040462427745	0.7029702970297029	0.42771084337349397
test	NZ_CP180667.1	NZ_CP056387.1	0.3333333333333333	[0.15, 0.4)	6.553333333333334	4544	5783	0.3787411971830985	0.2982880857686322	0.2982880857686322	94.72750869061412	0.3787411971830985	False	False	False	0.921567586585718	0.1863468634686347	0.14407988587731813	0.2	0.1
test	NZ_CP176935.1	NZ_CP176937.1	0.371900826446281	[0.15, 0.4)	6.553333333333334	147379	345230	0.9099939611477892	0.3883932450829881	0.3883932450829881	99.6668198498438	0.9099939611477892	False	False	True	0.996724204975192	0.8942652329749103	0.38742236024844723	0.8109756097560976	0.3367088607594937
test	NZ_CP093468.1	NZ_CP095668.1	0.2727272727272727	[0.15, 0.4)	6.553333333333334	36230	45403	0.8799889594258902	0.7029491443296698	0.7029491443296698	95.77571401283856	0.8799889594258902	False	False	True	0.9469439277714407	0.5097690941385435	0.4296407185628742	0.7636363636363637	0.5833333333333334
test	NZ_JALEBI010000023.1	NZ_RRRW01000071.1	0.1666666666666666	[0.15, 0.4)	6.553333333333334	86591	93340	0.4480142278065849	0.4157274480394257	0.4157274480394257	94.89370490833824	0.4480142278065849	False	False	False	0.9512061864700418	0.22603719599427755	0.22603719599427755	0.3469387755102041	0.20481927710843373
test	NZ_RRRW01000071.1	NZ_CM017149.1	0.2096774193548387	[0.15, 0.4)	6.553333333333334	93340	153499	0.4709556460252839	0.2868162007570082	0.2868162007570082	97.1573020712811	0.4709556460252839	False	False	False	0.9637590701708209	0.30177514792899407	0.19101123595505617	0.4489795918367347	0.20465116279069767
test	NZ_CP135667.1	NZ_RRRW01000071.1	0.18796992481203	[0.15, 0.4)	6.553333333333334	76366	93340	0.5028022942147029	0.4109063638311549	0.4109063638311549	93.87090940268652	0.5196578651761425	True	False	True	0.9756669210681337	0.24179620034542315	0.20260492040520983	0.37209302325581395	0.21052631578947367
test	CP104420.1	NZ_RRRW01000071.1	0.1851851851851851	[0.15, 0.4)	6.553333333333334	83397	93340	0.4604002542057868	0.4109063638311549	0.4109063638311549	93.86572423289776	0.4604002542057868	False	False	False	0.939705170894563	0.22508038585209003	0.20260492040520983	0.3229166666666667	0.1901840490797546
test	NZ_MG591701.1	NZ_RRRW01000071.1	0.1736111111111111	[0.15, 0.4)	6.553333333333334	91597	93340	0.3987139316789851	0.3907220912791943	0.3907220912791943	94.90938706416004	0.3987139316789851	False	False	False	0.9625876656427006	0.21460506706408347	0.20839363241678727	0.30612244897959184	0.1724137931034483
test	NZ_JBVWFR010000002.1	NZ_CP061958.1	0.3798449612403101	[0.15, 0.4)	6.553333333333334	58585	109135	0.9039344542118288	0.4851147661153617	0.4851147661153617	98.12051633296224	0.9039344542118288	False	False	True	0.9946235137692132	0.6666666666666666	0.40414507772020725	0.8051948051948052	0.4626865671641791
test	NZ_CP173443.1	NZ_AP045063.1	0.2276422764227642	[0.15, 0.4)	6.553333333333334	50702	93025	0.6673504003786833	0.3620209621069605	0.3620209621069605	96.79831505798342	0.6673504003786833	False	False	True	0.9931811092321825	0.4289405684754522	0.22833562585969738	0.5087719298245614	0.21804511278195488
test	NZ_CP173443.1	CP082724.1	0.2857142857142857	[0.15, 0.4)	6.553333333333334	50702	53499	0.6558321170762494	0.6190022243406419	0.6190022243406419	97.49738902907954	0.6558321170762494	False	False	True	0.9836230362154266	0.45478036175710596	0.4489795918367347	0.543859649122807	0.34065934065934067
test	NZ_JAZGLZ010000082.1	NZ_CP115006.1	0.2	[0.15, 0.4)	6.553333333333334	3760	5413	0.0965425531914893	0.064474413449104	0.064474413449104	79.459	0.0965425531914893	False	False	False	0.8310380431824088	0.007561436672967864	0.006033182503770739	0.0	0.0
test	NZ_AP043608.1	NZ_CP141238.1	0.1846153846153846	[0.15, 0.4)	6.553333333333334	96372	132580	0.7290914373469473	0.5298461306381053	0.5298461306381053	92.23235806671204	0.7290914373469473	False	False	True	0.9967903190805014	0.32011331444759206	0.21042830540037244	0.6756756756756757	0.39893617021276595
test	CP101962.1	NZ_AP026795.1	0.1601941747572815	[0.15, 0.4)	6.553333333333334	82673	165477	0.6603244106298308	0.3310671573693021	0.3310671573693021	95.47387219616826	0.6603244106298308	False	False	True	0.9727667434082194	0.34294871794871795	0.17147435897435898	0.46236559139784944	0.19724770642201836
test	NZ_CP057239.1	NZ_AP026795.1	0.1584905660377358	[0.15, 0.4)	6.553333333333334	145940	165477	0.4140194600520762	0.3668908670087081	0.3668908670087081	94.42099533301564	0.4140194600520762	False	False	False	0.9768919034758253	0.2003610108303249	0.1778846153846154	0.2903225806451613	0.1618705035971223
test	NZ_JPGS01000084.1	NZ_JAHQYP010000015.1	0.1975308641975308	[0.15, 0.4)	6.553333333333334	21232	81298	0.7918707611152976	0.2068439568009053	0.2068439568009053	97.47999328340464	0.7918707611152976	False	False	True	0.9827933609868824	0.5	0.14947683109118087	0.71875	0.22549019607843138
test	NZ_CP070140.1	NZ_JCDGLJ010000066.1	0.2	[0.15, 0.4)	6.553333333333334	1713	4414	0.2142440163455925	0.0831445400996828	0.0831445400996828	96.196	0.2142440163455925	False	False	False	0.8164593647520763	0.11428571428571428	0.045454545454545456	0.0	0.0
test	NZ_CP192622.1	NZ_CP107173.1	0.1652542372881356	[0.15, 0.4)	6.553333333333334	125195	149268	0.4876712328767123	0.4091767826995739	0.4091767826995739	94.57579019963109	0.4876712328767123	False	False	False	0.9957589452305297	0.22851153039832284	0.1967509025270758	0.3969465648854962	0.22127659574468084
test	NZ_CP169108.1	NZ_CP107173.1	0.1988636363636363	[0.15, 0.4)	6.553333333333334	74529	149268	0.7662520629553596	0.3830760779269502	0.3830760779269502	95.29848064735768	0.7662520629553596	False	False	True	0.9714314079037789	0.4263565891472868	0.19855595667870035	0.49411764705882355	0.21105527638190955
test	NZ_CP107173.1	NZ_CM017149.1	0.1701244813278008	[0.15, 0.4)	6.553333333333334	149268	153499	0.4615322775142696	0.449201623463345	0.449201623463345	96.25812316889582	0.4615322775142696	False	False	False	0.9977861809506678	0.2563176895306859	0.2563176895306859	0.36538461538461536	0.21923076923076923
test	NZ_CP024887.1	NZ_CP107173.1	0.1650943396226415	[0.15, 0.4)	6.553333333333334	102544	149268	0.4553557497269465	0.3134295361363454	0.3134295361363454	96.8767196533026	0.4553557497269465	False	False	False	0.9844475397912982	0.3627450980392157	0.26714801444043323	0.3813559322033898	0.1965065502183406
test	NZ_JBFUPY010000024.1	NZ_CP107173.1	0.1530612244897959	[0.15, 0.4)	6.553333333333334	73616	149268	0.6002635296674635	0.2961585872390599	0.2961585872390599	94.55466633556078	0.6002635296674635	False	False	True	0.9946869495240995	0.2669172932330827	0.12815884476534295	0.425	0.16831683168316833
test	OW969918.1	NZ_CP136270.1	0.237410071942446	[0.15, 0.4)	6.553333333333334	104126	107188	0.6220060311545628	0.6041814382206964	0.6041814382206964	95.14785484914788	0.6220060311545628	False	False	True	0.9984662037125805	0.3493670886075949	0.33906633906633904	0.5966386554621849	0.41040462427745666
test	NZ_CP068594.1	NZ_CP119738.1	0.2992700729927007	[0.15, 0.4)	6.553333333333334	82214	100423	0.5911158683435911	0.4840126265895263	0.4840126265895263	98.23528479868529	0.5911158683435911	False	False	True	0.9902348450986169	0.5236486486486487	0.40843214756258234	0.5353535353535354	0.32515337423312884
test	NZ_CP095666.1	NZ_CP119738.1	0.3591549295774648	[0.15, 0.4)	6.553333333333334	99379	100423	0.5938075448535405	0.5891678201208886	0.5891678201208886	98.6664382185606	0.5938075448535405	False	False	True	0.9979064450512399	0.538659793814433	0.538659793814433	0.5128205128205128	0.3409090909090909
test	NZ_CP119738.1	NZ_CP098439.1	0.3376623376623376	[0.15, 0.4)	6.553333333333334	100423	109442	0.5798472461487906	0.5321997039527786	0.5321997039527786	98.2565516602952	0.5798472461487906	False	False	True	0.9965427234099247	0.5164835164835165	0.45410628019323673	0.5299145299145299	0.36046511627906974
test	NZ_CP119738.1	NZ_AP022534.1	0.2781954887218045	[0.15, 0.4)	6.553333333333334	100423	111171	0.4612688328370991	0.4159717912045407	0.4159717912045407	96.03609000236962	0.4612688328370991	False	False	False	0.9938432315722778	0.32142857142857145	0.32142857142857145	0.5	0.2777777777777778
test	NZ_PEHU01000018.1	NZ_CP024194.1	0.1951219512195122	[0.15, 0.4)	6.553333333333334	41575	89345	0.4978713168971738	0.2320107448654093	0.2320107448654093	99.57570573481888	0.4978713168971738	False	False	False	0.9865972657776214	0.5206349206349207	0.2534775888717156	0.37209302325581395	0.13114754098360656
test	NZ_PEHU01000018.1	NZ_CP086419.1	0.2162162162162162	[0.15, 0.4)	6.553333333333334	41575	70475	0.5319783523752255	0.3145938275984392	0.3145938275984392	98.45367009333152	0.5319783523752255	False	False	True	0.9922830527609494	0.5111111111111111	0.3319587628865979	0.4186046511627907	0.16981132075471697
test	NZ_PEHU01000018.1	NZ_CP196097.1	0.2727272727272727	[0.15, 0.4)	6.553333333333334	41575	46176	0.454383644016837	0.405773562023562	0.405773562023562	98.60770681474531	0.454383644016837	False	False	False	0.9842658903625322	0.41379310344827586	0.3707865168539326	0.37209302325581395	0.21052631578947367
test	NZ_OQ803523.1	NZ_OQ821129.1	0.3153153153153153	[0.15, 0.4)	6.553333333333334	65989	72331	0.8350331115792026	0.7630476559151678	0.7630476559151678	97.15684270553685	0.8350331115792026	False	False	True	0.9770005640360301	0.5482625482625483	0.4741235392320534	0.8160919540229885	0.6893203883495146
test	NZ_OQ803523.1	NZ_AP018454.1	0.2950819672131147	[0.15, 0.4)	6.553333333333334	65989	78997	0.8774492718483383	0.733546843551021	0.733546843551021	97.1470897167741	0.8774492718483383	False	False	True	0.9778640375450437	0.5637065637065637	0.4779050736497545	0.8160919540229885	0.6120689655172413
test	NZ_CP042894.1	CP098997.1	0.3051643192488263	[0.15, 0.4)	6.553333333333334	141344	169374	0.6104822277563957	0.510178657881375	0.510178657881375	98.62978712504912	0.6104822277563957	False	False	True	0.997532444476753	0.524904214559387	0.428125	0.45454545454545453	0.2608695652173913
test	NZ_CP184004.1	CP009881.1	0.3561643835616438	[0.15, 0.4)	6.553333333333334	45802	50272	0.4548927994410724	0.4139481222151496	0.4139481222151496	99.40958537287648	0.4548927994410724	False	False	False	0.9937050574204532	0.4401772525849335	0.4027027027027027	0.4423076923076923	0.25274725274725274
test	NZ_CP141678.1	NZ_CP153791.1	0.1878612716763005	[0.15, 0.4)	6.553333333333334	228888	292610	0.4520507846632414	0.3544034721984894	0.3544034721984894	98.760709072161	0.4520507846632414	False	False	False	0.996827005648859	0.4341772151898734	0.3282296650717703	0.42105263157894735	0.23342175066312998
test	NZ_MN543579.1	NZ_CP153791.1	0.1756272401433691	[0.15, 0.4)	6.553333333333334	140128	292610	0.5724551838319251	0.2749051638699976	0.2749051638699976	98.47510842011086	0.5724551838319251	False	False	True	0.9970624875670228	0.48336594911937375	0.23636363636363636	0.4794520547945205	0.21084337349397592
test	NZ_MZ475707.1	NZ_JBZGES010000003.1	0.3386243386243386	[0.15, 0.4)	6.553333333333334	100733	162786	0.675260341695373	0.4180887791333407	0.4180887791333407	99.1850056393462	0.675260341695373	False	False	True	0.9705505038984364	0.645320197044335	0.41390205371248023	0.689922480620155	0.3938053097345133
test	CP088721.1	NZ_CP135667.1	0.1780821917808219	[0.15, 0.4)	6.553333333333334	17698	76366	0.7700870154819753	0.1788885105937197	0.1788885105937197	96.19867029753637	0.7700870154819753	True	False	True	0.9399740926814933	0.5035460992907801	0.1226252158894646	0.4	0.06315789473684211
test	NZ_CP088135.1	NZ_CP028152.1	0.3773584905660377	[0.15, 0.4)	6.553333333333334	49556	56636	0.7709056421018645	0.6754361183699413	0.6754361183699413	99.09857279498236	0.7709056421018645	False	False	True	0.9932363756160106	0.7162162162162162	0.6447688564476886	0.6379310344827587	0.39361702127659576
test	CP122777.1	NZ_CP089446.1	0.1502590673575129	[0.15, 0.4)	6.553333333333334	116463	129071	0.3394211036981702	0.3063275251605705	0.3063275251605705	95.59903823455232	0.3394211036981702	False	False	False	0.9758494062571157	0.25415676959619954	0.2053742802303263	0.2845528455284553	0.15217391304347827
test	NZ_MG591701.1	NZ_CP089446.1	0.2256097560975609	[0.15, 0.4)	6.553333333333334	91597	129071	0.6837996877626996	0.4852987890385911	0.4852987890385911	95.53283151378191	0.6837996877626996	False	False	True	0.9744563842456582	0.43859649122807015	0.28790786948176583	0.4716981132075472	0.25252525252525254
test	CP080739.1	NZ_KX636095.1	0.2079439252336448	[0.15, 0.4)	6.553333333333334	206152	335317	0.5830309674414995	0.3585204448328	0.3585204448328	97.40502080441524	0.61609331706594	True	False	True	0.9922174025039359	0.44841269841269843	0.27516233766233766	0.5355450236966824	0.2435344827586207
test	NZ_JBTAPC010000002.1	CP080739.1	0.1678832116788321	[0.15, 0.4)	6.553333333333334	126207	206152	0.6595038310077888	0.4038136908688735	0.4038136908688735	96.05795591146304	0.6595038310077888	True	False	True	0.993916791283465	0.3921971252566735	0.2526455026455027	0.593103448275862	0.31851851851851853
test	CP101962.1	NZ_CP014496.1	0.15527950310559	[0.15, 0.4)	6.553333333333334	82673	114223	0.5609812151488394	0.4056976265725817	0.4056976265725817	94.821967063936	0.5609812151488394	False	False	True	0.9590294557080581	0.28846153846153844	0.20179372197309417	0.4838709677419355	0.25
test	OW849035.1	NZ_KX636095.1	0.1906976744186046	[0.15, 0.4)	6.553333333333334	204647	335317	0.5525368072827845	0.3376983570770345	0.3376983570770345	97.33781408831004	0.5525368072827845	False	False	True	0.9925283264094014	0.42704149933065594	0.25892857142857145	0.5048543689320388	0.2222222222222222
test	NZ_CP149373.1	NZ_AP028843.1	0.1666666666666666	[0.15, 0.4)	6.553333333333334	90028	137403	0.6539632114453281	0.4284840942337503	0.4284840942337503	95.78106777708118	0.6539632114453281	False	False	True	0.994458395644115	0.42900302114803623	0.2964509394572025	0.5643564356435643	0.3064516129032258
test	NZ_CP091696.1	NZ_CP127032.1	0.25	[0.15, 0.4)	6.553333333333334	3461	4186	0.1592025426177405	0.1323459149546106	0.1323459149546106	77.68	0.1592025426177405	False	False	False	0.9337478144623055	0.014084507042253521	0.010582010582010581	0.0	0.0
test	NZ_CP091696.1	NZ_CP176698.1	0.2	[0.15, 0.4)	6.553333333333334	3461	3983	0.262929789078301	0.2237007280944012	0.2237007280944012	80.4537019438445	0.262929789078301	False	False	False	0.9293405483830391	0.023474178403755867	0.019267822736030827	0.0	0.0
test	NZ_CP142946.1	CP082724.1	0.2771084337349397	[0.15, 0.4)	6.553333333333334	48552	53499	0.6838029329378811	0.6190022243406419	0.6190022243406419	97.49350182037008	0.6838029329378811	False	False	True	0.9840510750847383	0.4756756756756757	0.4489795918367347	0.6226415094339622	0.38823529411764707
test	NZ_CP197036.1	NZ_CP083921.1	0.3493150684931507	[0.15, 0.4)	6.553333333333334	211327	213279	0.5920019685132519	0.5867572522376793	0.5867572522376793	98.61245853093814	0.5920019685132519	False	False	True	0.9994021924585283	0.5238726790450928	0.5077120822622108	0.5764192139737991	0.4036697247706422
test	NZ_CP024550.1	NZ_KX636095.1	0.248081841432225	[0.15, 0.4)	6.553333333333334	187611	335317	0.6633086546098044	0.3710220477935804	0.3710220477935804	98.4459722628206	0.6633086546098044	False	False	True	0.9919207429156627	0.5516304347826086	0.32954545454545453	0.5739130434782609	0.28448275862068967
test	NZ_CP114566.1	NZ_KX636095.1	0.2327188940092165	[0.15, 0.4)	6.553333333333334	210045	335317	0.5927491727963056	0.3712129119609205	0.3712129119609205	98.73297027795176	0.5927491727963056	False	False	True	0.9921278438970539	0.5102286401925391	0.34415584415584416	0.5614754098360656	0.28964059196617337
test	NZ_JCASKQ010000017.1	NZ_KX636095.1	0.233983286908078	[0.15, 0.4)	6.553333333333334	130759	335317	0.8382444038268876	0.326795241517728	0.326795241517728	98.6628387338009	0.8382444038268876	False	False	True	0.9729743387661033	0.6946564885496184	0.29545454545454547	0.7333333333333333	0.2951219512195122
test	NZ_CP025275.1	NZ_KX636095.1	0.2264705882352941	[0.15, 0.4)	6.553333333333334	125113	335317	0.7428244866640556	0.2737320207445491	0.2737320207445491	99.28780403799196	0.7428244866640556	False	False	True	0.9880568263143341	0.7557077625570776	0.26866883116883117	0.6906474820143885	0.23471882640586797
test	NZ_JAJQQO010000024.1	NZ_KX636095.1	0.1515151515151515	[0.15, 0.4)	6.553333333333334	61004	335317	0.928988263064717	0.1689654863904902	0.1689654863904902	98.6625614041277	0.928988263064717	False	False	True	0.979430615200968	0.768	0.15584415584415584	0.8764044943820225	0.20689655172413793
test	NZ_CP080351.1	NZ_KX636095.1	0.2322738386308068	[0.15, 0.4)	6.553333333333334	193800	335317	0.6236326109391125	0.3606020571578536	0.3606020571578536	98.28874338689944	0.6236326109391125	False	False	True	0.9946750396998137	0.5063829787234042	0.2897727272727273	0.5989304812834224	0.25396825396825395
test	NZ_PETB01000002.1	NZ_KX636095.1	0.3343283582089552	[0.15, 0.4)	6.553333333333334	128081	335317	0.8883284796339816	0.3393445605203434	0.3393445605203434	99.97563386148532	0.8883284796339816	False	False	True	0.97942338368434	0.8817635270541082	0.35714285714285715	0.8509316770186336	0.35128205128205126
test	NZ_CP129815.1	NZ_KX636095.1	0.2069892473118279	[0.15, 0.4)	6.553333333333334	146394	335317	0.7432545049660505	0.3244183861838201	0.3244183861838201	98.60199909057503	0.7432545049660505	False	False	True	0.9933288011153842	0.6059544658493871	0.28084415584415584	0.6408839779005525	0.2691415313225058
test	NZ_CP068905.1	NZ_CP100792.1	0.1546391752577319	[0.15, 0.4)	6.553333333333334	56522	79245	0.2925940341813807	0.2086693166761309	0.2086693166761309	99.86091865103346	0.2925940341813807	False	False	False	0.987706798856517	0.2519480519480519	0.20378151260504201	0.15625	0.07936507936507936
test	NZ_CP100792.1	NZ_OP242238.1	0.1550387596899224	[0.15, 0.4)	6.553333333333334	79245	111500	0.2886996024985803	0.2052914798206278	0.2052914798206278	99.10907354675282	0.2886996024985803	False	False	False	0.9796604947505488	0.2863070539419087	0.16829268292682928	0.2361111111111111	0.10240963855421686
test	NZ_JBQTKY010000005.1	NZ_CP100792.1	0.1724137931034483	[0.15, 0.4)	6.553333333333334	13777	79245	0.3828119329316977	0.0668433339642879	0.0668433339642879	99.54715959252972	0.3828119329316977	False	False	False	0.9561588984133548	0.35714285714285715	0.08403361344537816	0.14285714285714285	0.023809523809523808
test	NZ_CP068905.1	NZ_CP024194.1	0.1759259259259259	[0.15, 0.4)	6.553333333333334	56522	89345	0.5228052793602491	0.3306508478370362	0.3306508478370362	98.52928496568512	0.5228052793602491	False	False	True	0.9927876987426233	0.4649350649350649	0.27666151468315303	0.359375	0.16911764705882354
test	NZ_JBHEIN010000092.1	NZ_CP068905.1	0.1846153846153846	[0.15, 0.4)	6.553333333333334	14708	56522	0.5047593146586892	0.1315240083507307	0.1315240083507307	99.704104519774	0.5047593146586892	False	False	True	0.9875957093319077	0.49137931034482757	0.14805194805194805	0.5384615384615384	0.1
test	NZ_CP068905.1	NZ_CP063884.1	0.3571428571428571	[0.15, 0.4)	6.553333333333334	56522	57825	0.518700682919925	0.506441850410722	0.506441850410722	99.36920154748104	0.518700682919925	False	False	True	0.9802018153374177	0.4987012987012987	0.463768115942029	0.328125	0.1926605504587156
test	NZ_CP145710.1	NZ_CP133928.1	0.3138686131386861	[0.15, 0.4)	6.553333333333334	95144	100835	0.7662490540654167	0.7221302127237567	0.7221302127237567	97.9980425619438	0.7662490540654167	False	False	True	0.9830926492293085	0.6057553956834533	0.5322376738305942	0.6415094339622641	0.4473684210526316
test	NZ_JBTAPC010000002.1	NZ_CP141542.1	0.18359375	[0.15, 0.4)	6.553333333333334	126207	202151	0.5280927365360083	0.3295902567882424	0.3295902567882424	95.30797545331936	0.5280927365360083	False	False	True	0.9972540300313488	0.33880903490759756	0.22418478260869565	0.4413793103448276	0.2302158273381295
test	CP052164.1	NZ_CP141542.1	0.1798245614035087	[0.15, 0.4)	6.553333333333334	92461	202151	0.6352191734893631	0.2906094948825383	0.2906094948825383	96.6848696531792	0.6352191734893631	False	False	True	0.9940207191828024	0.43989071038251365	0.21875	0.5087719298245614	0.22924901185770752
test	NC_012148.1	NZ_CP161907.1	0.25	[0.15, 0.4)	6.553333333333334	30026	31008	0.9208685805635116	0.8879321465428277	0.8879321465428277	92.35538334953728	0.9208685805635116	False	False	True	0.9989387763210185	0.432183908045977	0.37675350701402804	0.8809523809523809	0.74
test	NZ_CP161907.1	NZ_OZ410924.1	0.1549295774647887	[0.15, 0.4)	6.553333333333334	31008	60093	0.8978328173374613	0.4633484765280481	0.4633484765280481	92.144475005356	0.8978328173374613	False	False	True	0.9980276916779073	0.4007936507936508	0.28370786516853935	0.7777777777777778	0.5072463768115942
test	NZ_SIQY01000003.1	NZ_CP050110.1	0.3631436314363143	[0.15, 0.4)	6.553333333333334	331417	693077	0.9685984726190872	0.4632991716649088	0.4632991716649088	98.79685586143766	0.9685984726190872	False	False	True	0.9986166407169866	0.8286852589641435	0.3813714704803814	0.9572368421052632	0.46337579617834396
test	NZ_NBOP01000105.1	OW849024.1	0.1552511415525114	[0.15, 0.4)	6.553333333333334	44421	242397	0.9612120393507576	0.1761490447489036	0.1761490447489036	99.23442662451704	0.9612120393507576	False	False	True	0.98520522483928	0.8780487804878049	0.1653272101033295	0.9245283018867925	0.21212121212121213
test	NZ_NBOP01000105.1	CP052164.1	0.2452830188679245	[0.15, 0.4)	6.553333333333334	44421	92461	0.8603363274127102	0.4134499951330831	0.4134499951330831	97.1977116641397	0.8603363274127102	False	False	True	0.9631744755034276	0.6384180790960452	0.31564245810055863	0.7169811320754716	0.29457364341085274
test	NZ_CP095666.1	NZ_CP191553.1	0.1582278481012658	[0.15, 0.4)	6.553333333333334	99379	107053	0.3505066462733575	0.3255583682848682	0.3255583682848682	96.3463731509828	0.3505066462733575	False	False	False	0.9873898341857417	0.2706185567010309	0.2706185567010309	0.23214285714285715	0.12682926829268293
test	NZ_CP169124.1	NZ_JABWHZ010000057.1	0.2709677419354839	[0.15, 0.4)	6.553333333333334	90370	139873	0.6101582383534359	0.3941790052404681	0.3941790052404681	99.2135219534294	0.6101582383534359	False	False	True	0.991325896414787	0.5815384615384616	0.36	0.6046511627906976	0.27807486631016043
test	CP057522.1	NZ_JBSTQQ010000002.1	0.1534653465346534	[0.15, 0.4)	6.553333333333334	86439	156753	0.6121310982311226	0.338309314654265	0.338309314654265	95.99842332528496	0.6121310982311226	False	False	True	0.9912797039805629	0.3485342019543974	0.1854419410745234	0.5340909090909091	0.22705314009661837
test	NZ_JALEBI010000023.1	NZ_JBSTQQ010000002.1	0.1632653061224489	[0.15, 0.4)	6.553333333333334	86591	156753	0.6551951126560497	0.3619197080757625	0.3619197080757625	95.06598458997382	0.6551951126560497	False	False	True	0.9904667255197842	0.3037249283667622	0.18370883882149047	0.46078431372549017	0.21266968325791855
test	NZ_AP042702.1	NZ_JBSTQQ010000002.1	0.1775700934579439	[0.15, 0.4)	6.553333333333334	97991	156753	0.588717331183476	0.3684841757414531	0.3684841757414531	96.51268380886904	0.588717331183476	False	False	True	0.9885316988181265	0.38309859154929576	0.23570190641247835	0.4434782608695652	0.2217391304347826
test	CP057191.1	NZ_JBSTQQ010000002.1	0.1634615384615384	[0.15, 0.4)	6.553333333333334	102988	156753	0.5209344778032392	0.3424240684388815	0.3424240684388815	95.30441888273144	0.5209344778032392	False	False	True	0.9904040597723477	0.2722222222222222	0.16984402079722705	0.4666666666666667	0.22072072072072071
test	NZ_CP195365.1	NZ_JBSTQQ010000002.1	0.1826086956521739	[0.15, 0.4)	6.553333333333334	137286	156753	0.5273807962938682	0.4618731379941692	0.4618731379941692	96.02712837325912	0.5273807962938682	False	False	True	0.9962734197607155	0.31299212598425197	0.2755632582322357	0.3933333333333333	0.22957198443579765
test	NZ_MK477611.1	NZ_CP072939.1	0.2569169960474308	[0.15, 0.4)	6.553333333333334	263466	384269	0.7335405706998246	0.502954961238091	0.502954961238091	97.62945460890604	0.7335405706998246	False	False	True	0.9972428557379731	0.5194416749750748	0.36871903750884644	0.6494464944649446	0.35918367346938773
test	NZ_JBUDOU010000126.1	NZ_CP157121.1	0.1666666666666666	[0.15, 0.4)	6.553333333333334	4099	10552	0.1373505733105635	0.0534495830174374	0.0534495830174374	93.274	0.1373505733105635	False	False	False	0.8970853651045064	0.053497942386831275	0.04100946372239748	0.0	0.0
test	NZ_RREW01000095.1	NZ_JBANRQ010000037.1	0.25	[0.15, 0.4)	6.553333333333334	4950	11213	0.4286868686868686	0.1892446267724962	0.1892446267724962	99.623	0.4286868686868686	False	False	False	0.9469955417551487	0.37623762376237624	0.18210862619808307	0.6666666666666666	0.16666666666666666
test	CP052164.1	NZ_JBTAPC010000002.1	0.2163742690058479	[0.15, 0.4)	6.553333333333334	92461	126207	0.5967705302776306	0.4370518275531468	0.4370518275531468	96.5083577867072	0.5967705302776306	False	False	True	0.9974484675695712	0.34972677595628415	0.26283367556468173	0.5526315789473685	0.32142857142857145
test	NZ_JBTAPC010000002.1	NZ_CP080351.1	0.1541353383458646	[0.15, 0.4)	6.553333333333334	126207	193800	0.5550405286553044	0.3613519091847265	0.3613519091847265	95.21292539951814	0.5550405286553044	False	False	True	0.9975432304387591	0.27104722792607805	0.18723404255319148	0.496551724137931	0.27692307692307694
test	NZ_CP143302.1	NZ_CP138438.1	0.277027027027027	[0.15, 0.4)	6.553333333333334	83020	97656	0.6402674054444712	0.5437351519619891	0.5437351519619891	97.84800505601082	0.6402674054444712	False	False	True	0.9865913958336037	0.4944178628389155	0.41948579161028415	0.5979381443298969	0.3945578231292517
test	CP137928.1	NZ_CP121558.1	0.2222222222222222	[0.15, 0.4)	6.553333333333334	14639	17462	0.4593209918710294	0.3850647119459398	0.3850647119459398	96.15496600356292	0.4593209918710294	False	False	False	0.9830597453410357	0.3333333333333333	0.3333333333333333	0.4	0.24
test	NZ_OZ544168.1	OW849024.1	0.2909090909090909	[0.15, 0.4)	6.553333333333334	171613	242397	0.6282624276715634	0.4413049666456268	0.4413049666456268	97.9174059074779	0.6282624276715634	False	False	True	0.9986632971515785	0.5460526315789473	0.3811710677382319	0.5333333333333333	0.3086816720257235
test	NZ_CP169108.1	NZ_MW390517.1	0.2333333333333333	[0.15, 0.4)	6.553333333333334	74529	118279	0.5935810221524507	0.3736166183346156	0.3736166183346156	96.63060853080567	0.5935810221524507	False	False	True	0.9893402880626155	0.4069767441860465	0.2348993288590604	0.4	0.2
test	NZ_JBRAXZ010000003.1	NZ_MW390517.1	0.1578947368421052	[0.15, 0.4)	6.553333333333334	118098	118279	0.4122762451523311	0.4114424369499235	0.4114424369499235	95.14105782062302	0.4122762451523311	False	False	False	0.9948215426562074	0.2153846153846154	0.2153846153846154	0.3697478991596639	0.21052631578947367
test	CP057191.1	NZ_MW390517.1	0.1956521739130435	[0.15, 0.4)	6.553333333333334	102988	118279	0.4347302598360974	0.3783850049459329	0.3783850049459329	96.09037004326689	0.4347302598360974	False	False	False	0.9802830338034735	0.24444444444444444	0.19686800894854586	0.41904761904761906	0.24444444444444444
test	NZ_CP040807.1	NZ_MW390517.1	0.1764705882352941	[0.15, 0.4)	6.553333333333334	90871	118279	0.4456537289124143	0.3420979210172558	0.3420979210172558	94.94005483807364	0.4456537289124143	False	False	False	0.9684105449647639	0.22647058823529412	0.17225950782997762	0.33962264150943394	0.19047619047619047
test	NZ_CP066481.1	NZ_CP197036.1	0.3516483516483517	[0.15, 0.4)	6.553333333333334	187318	211327	0.7082714955316627	0.6279746553918808	0.6279746553918808	97.48665293763636	0.7082714955316627	False	False	True	0.9991126076604104	0.5776223776223777	0.5477453580901857	0.639344262295082	0.39661016949152544
test	NZ_CP022063.1	NZ_CP024550.1	0.2737226277372263	[0.15, 0.4)	6.553333333333334	173817	187611	0.4824614393298699	0.4468981029896968	0.4468981029896968	98.4513062398742	0.4824614393298699	False	False	False	0.9778446331131873	0.430635838150289	0.4048913043478261	0.5538461538461539	0.34069400630914826
test	NZ_AP019818.1	NZ_CP024550.1	0.2061068702290076	[0.15, 0.4)	6.553333333333334	136816	187611	0.6359782481581102	0.464077266258375	0.464077266258375	95.87850134820371	0.6359782481581102	False	False	True	0.9908037553935292	0.4424131627056673	0.328804347826087	0.6	0.3344594594594595
test	NZ_JBRERM010000006.1	NZ_CP010175.1	0.2	[0.15, 0.4)	6.553333333333334	5271	6647	0.6050085372794536	0.4821724086053859	0.4821724086053859	92.9614185611959	0.6050085372794536	False	False	True	0.9646054842002412	0.20875420875420875	0.15736040609137056	0.6	0.3
test	NZ_AP018744.1	NZ_CP135149.1	0.1775700934579439	[0.15, 0.4)	6.553333333333334	51983	58662	0.2519477521497412	0.2227506733490164	0.2227506733490164	98.5513003431186	0.2519477521497412	False	False	False	0.9864760581008747	0.232620320855615	0.18471337579617833	0.14705882352941177	0.07692307692307693
test	NZ_JALEBI010000023.1	NZ_CP192622.1	0.1787709497206704	[0.15, 0.4)	6.553333333333334	86591	125195	0.5855458419466226	0.4049123367546627	0.4049123367546627	94.11484192743627	0.5855458419466226	False	False	True	0.9943185765722912	0.25787965616045844	0.18867924528301888	0.45098039215686275	0.24598930481283424
test	NZ_CP191553.1	NZ_CP192622.1	0.1793478260869565	[0.15, 0.4)	6.553333333333334	107053	125195	0.4207075000233529	0.3596549382962578	0.3596549382962578	98.25846242928452	0.4207075000233529	False	False	False	0.9868135381666904	0.4197860962566845	0.32914046121593293	0.39285714285714285	0.22110552763819097
test	NZ_CP026579.1	NZ_CP192622.1	0.2198952879581152	[0.15, 0.4)	6.553333333333334	100229	125195	0.5854094124454998	0.4685171133032469	0.4685171133032469	96.26453058343252	0.5854094124454998	False	False	True	0.9921577853567825	0.3468354430379747	0.28721174004192873	0.4434782608695652	0.26153846153846155
test	NZ_CP043297.1	NZ_CP192622.1	0.2472527472527472	[0.15, 0.4)	6.553333333333334	110724	125195	0.5688287995375889	0.5028874955070091	0.5028874955070091	96.91888390974104	0.5688287995375889	False	False	True	0.9977798799469034	0.46272493573264784	0.37735849056603776	0.4274193548387097	0.2623762376237624
test	NZ_JBJUTL010000011.1	NZ_CP184170.1	0.175	[0.15, 0.4)	6.553333333333334	26925	47591	0.5533519034354689	0.3130423819629762	0.3130423819629762	99.84579330246292	0.5533519034354689	False	False	True	0.9924605130950085	0.5026315789473684	0.31414473684210525	0.45161290322580644	0.18181818181818182
test	NZ_CP084801.1	NZ_LR890682.1	0.2	[0.15, 0.4)	6.553333333333334	3534	5783	0.6751556310130165	0.4172574788172229	0.4172574788172229	93.17190909090908	0.6751556310130165	False	False	True	0.9601992396327919	0.33031674208144796	0.20827389443651925	0.42857142857142855	0.25
test	NZ_PP129611.1	NZ_CP060975.1	0.168	[0.15, 0.4)	6.553333333333334	63468	112054	0.5484968803176404	0.3100915629964124	0.3100915629964124	95.38803994163256	0.5484968803176404	False	False	True	0.9765029196294024	0.3776824034334764	0.2216624685138539	0.3717948717948718	0.17365269461077845
test	NZ_PP129611.1	NZ_CP040807.1	0.24	[0.15, 0.4)	6.553333333333334	63468	90871	0.6302073485851137	0.4400083635043083	0.4400083635043083	97.70034655912906	0.6302073485851137	False	False	True	0.9755647316055724	0.5103734439834025	0.36444444444444446	0.5512820512820513	0.3049645390070922
test	NZ_CP004860.1	NZ_CP187291.1	0.157014157014157	[0.15, 0.4)	6.553333333333334	422692	524886	0.5928903314943268	0.4771150306923789	0.4771150306923789	95.75352067339855	0.5928903314943268	False	False	True	0.9988081814901192	0.34934497816593885	0.28498727735368956	0.4913294797687861	0.28862478777589134
test	NZ_CP049847.1	NZ_AP040966.1	0.3602941176470588	[0.15, 0.4)	6.553333333333334	90408	96870	0.8110122997964782	0.7585526994941675	0.7585526994941675	97.04739066896856	0.8110122997964782	False	False	True	0.9989353849656332	0.5409153952843273	0.5284552845528455	0.6788990825688074	0.5138888888888888
test	CP101962.1	NZ_CP057239.1	0.2022471910112359	[0.15, 0.4)	6.553333333333334	82673	145940	0.694712905059693	0.3923735781828149	0.3923735781828149	96.10852787994448	0.694712905059693	False	False	True	0.968610105179126	0.40064102564102566	0.22563176895306858	0.5591397849462365	0.2653061224489796
test	CP101962.1	CP104420.1	0.2136752136752136	[0.15, 0.4)	6.553333333333334	82673	83397	0.5331123825190812	0.5292996150940681	0.5292996150940681	93.82761325742172	0.5331123825190812	False	False	True	0.9508815814402266	0.24378881987577639	0.24378881987577639	0.3763440860215054	0.22727272727272727
test	NZ_JBFUPY010000024.1	CP101962.1	0.2583333333333333	[0.15, 0.4)	6.553333333333334	73616	82673	0.5842615735709629	0.5206657554461553	0.5206657554461553	96.47042447729328	0.5842615735709629	False	False	True	0.9594230383585941	0.35543278084714547	0.2996894409937888	0.475	0.2814814814814815
test	NZ_RRDN01000154.1	NZ_JBDFRC010000026.1	0.225	[0.15, 0.4)	6.553333333333334	10251	22658	0.7563164569310311	0.3422190837673228	0.3422190837673228	94.497	0.7563164569310311	False	False	True	0.9816866508786932	0.4230769230769231	0.1864406779661017	0.7	0.30434782608695654
test	NZ_CP088135.1	NZ_CP132951.1	0.2888888888888888	[0.15, 0.4)	6.553333333333334	49556	114295	0.9759665832593428	0.4240955422371932	0.4240955422371932	98.39790068655547	0.9759665832593428	False	False	True	0.9965739706840196	0.8142076502732241	0.3880208333333333	0.7758620689655172	0.31690140845070425
test	CP057522.1	NZ_AP022534.1	0.2045454545454545	[0.15, 0.4)	6.553333333333334	86439	111171	0.5586714330337	0.4349245756537226	0.4349245756537226	93.97983116240724	0.5586714330337	False	False	True	0.9607572766967601	0.2703583061889251	0.2703583061889251	0.4431818181818182	0.2805755395683453
test	CP104420.1	CP057522.1	0.2061068702290076	[0.15, 0.4)	6.553333333333334	83397	86439	0.5385085794453038	0.5188745820752206	0.5188745820752206	93.35473580674528	0.5385085794453038	False	False	True	0.9912337294651773	0.2459807073954984	0.23943661971830985	0.42045454545454547	0.25170068027210885
test	NZ_AP039440.1	AP026488.1	0.210762331838565	[0.15, 0.4)	6.553333333333334	123644	152942	0.5844116981009997	0.4722051496645787	0.4722051496645787	96.28678149856388	0.5844116981009997	False	False	True	0.9961246761529573	0.39864864864864863	0.3046471600688468	0.5307692307692308	0.323943661971831
test	NZ_JBXULQ010000004.1	NZ_AP039440.1	0.3764044943820224	[0.15, 0.4)	6.553333333333334	116759	123644	0.6813693162839696	0.6434359936592151	0.6434359936592151	98.53835725577775	0.6813693162839696	False	False	True	0.9978321939506392	0.5587583148558758	0.5587583148558758	0.625	0.449438202247191
test	NZ_ON209126.1	NZ_CP086762.1	0.2239382239382239	[0.15, 0.4)	6.553333333333334	54035	296148	0.8714907004719163	0.1590117103610357	0.1590117103610357	99.987	0.8714907004719163	False	False	True	0.9857922121905291	0.9949238578680203	0.18684461391801716	1.0	0.23183391003460208
test	NZ_CP185196.1	NZ_CP086762.1	0.1505376344086021	[0.15, 0.4)	6.553333333333334	61059	296148	0.7157667174372329	0.1476052514283398	0.1476052514283398	99.35993724987996	0.7157667174372329	False	False	True	0.9925604926119457	0.65625	0.14013346043851288	0.7714285714285715	0.17704918032786884
test	NZ_CP091713.1	NZ_CP050383.1	0.1666666666666666	[0.15, 0.4)	6.553333333333334	4072	4081	0.8916994106090373	0.8921832884097035	0.8916994106090373	93.695	0.8916994106090373	False	False	True	0.9780989994658577	0.4505050505050505	0.4321705426356589	0.3333333333333333	0.16666666666666666
test	NZ_CP091543.1	NZ_CP196152.1	0.1914460285132382	[0.15, 0.4)	6.553333333333334	185529	398273	0.645074354952595	0.3005124625570902	0.3005124625570902	97.78160144600844	0.645074354952595	False	False	True	0.9935343550276818	0.5181422351233672	0.24351978171896316	0.5659340659340659	0.21149897330595482
test	NZ_CP080351.1	OW849024.1	0.3493150684931507	[0.15, 0.4)	6.553333333333334	193800	242397	0.6447420020639835	0.5156416952355021	0.5156416952355021	98.68915915961544	0.6447420020639835	False	False	True	0.9955722939535069	0.5843971631205673	0.4730195177956372	0.6310160427807486	0.39864864864864863
test	NZ_CP054265.1	OW849024.1	0.3840304182509506	[0.15, 0.4)	6.553333333333334	168717	242397	0.6494010680607171	0.4520889284933394	0.4520889284933394	99.3392759595996	0.6494010680607171	False	False	True	0.9979007348715152	0.5983606557377049	0.4190585533869116	0.5588235294117647	0.31456953642384106
test	CP110581.1	NZ_CP024194.1	0.2446808510638297	[0.15, 0.4)	6.553333333333334	52969	89345	0.4145632350997753	0.245094857014942	0.245094857014942	99.09855407312966	0.4145632350997753	False	False	False	0.9919283991643657	0.537712895377129	0.3415765069551777	0.4716981132075472	0.2032520325203252
test	NZ_JCDLMC010000005.1	NZ_CP024194.1	0.1743119266055046	[0.15, 0.4)	6.553333333333334	67088	89345	0.3637014071070832	0.2734008618277463	0.2734008618277463	98.99380226612676	0.3637014071070832	False	False	False	0.9914807322180722	0.3225806451612903	0.2472952086553323	0.26582278481012656	0.13725490196078433
test	NZ_CP063884.1	NZ_CP024194.1	0.1584158415841584	[0.15, 0.4)	6.553333333333334	57825	89345	0.4740856031128405	0.3064972858022273	0.3064972858022273	98.18585196517684	0.4740856031128405	False	False	False	0.9665593037417451	0.427536231884058	0.2735703245749614	0.25757575757575757	0.11805555555555555
test	NZ_JBWLLO010000003.1	NZ_CP024194.1	0.3119266055045872	[0.15, 0.4)	6.553333333333334	73335	89345	0.6483125383514011	0.5317141418098382	0.5317141418098382	99.58172559860417	0.6483125383514011	False	False	True	0.9930858695135674	0.6414728682170543	0.5115919629057187	0.5555555555555556	0.31496062992125984
test	NZ_JALEBI010000023.1	NZ_OR388869.1	0.1891891891891892	[0.15, 0.4)	6.553333333333334	86591	94213	0.5851185458073009	0.5380043093840553	0.5380043093840553	95.20322894104676	0.5851185458073009	False	False	True	0.9662716084794384	0.3147353361945637	0.3147353361945637	0.45098039215686275	0.2893081761006289
test	NZ_CP040807.1	NZ_OR388869.1	0.1971830985915492	[0.15, 0.4)	6.553333333333334	90871	94213	0.5896160491245832	0.5682761402354239	0.5682761402354239	94.2223330913558	0.5896160491245832	False	False	True	0.9740265355904947	0.3377777777777778	0.3285302593659942	0.3883495145631068	0.23668639053254437
test	NZ_CP169108.1	NZ_CP026579.1	0.2611940298507462	[0.15, 0.4)	6.553333333333334	74529	100229	0.7495069033530573	0.5573337058136867	0.5573337058136867	96.70697514562414	0.7495069033530573	False	False	True	0.9696040750311712	0.516728624535316	0.36723910171730517	0.5882352941176471	0.3333333333333333
test	NZ_CP169108.1	NZ_JBRAXZ010000003.1	0.1883116883116883	[0.15, 0.4)	6.553333333333334	74529	118098	0.7078855210723343	0.4470863181425595	0.4470863181425595	94.86071843834996	0.7078855210723343	False	False	True	0.9962467195613887	0.41472868217054265	0.23516483516483516	0.5294117647058824	0.25862068965517243
test	NZ_CP169108.1	CP104420.1	0.2815533980582524	[0.15, 0.4)	6.553333333333334	74529	83397	0.7275825517583759	0.6508507500269793	0.6508507500269793	94.15751501010472	0.7275825517583759	False	False	True	0.9627615515893893	0.3996282527881041	0.34565916398713825	0.49411764705882355	0.302158273381295
test	NZ_JALEBI010000023.1	NZ_JAQMUU010000004.1	0.2291666666666666	[0.15, 0.4)	6.553333333333334	86591	101631	0.6448360684135764	0.5497043225000245	0.5497043225000245	94.86908805098818	0.6448360684135764	False	False	True	0.9746531443972594	0.3290414878397711	0.3058510638297872	0.4215686274509804	0.24157303370786518
test	NZ_JAQMUU010000004.1	NZ_CP098439.1	0.1987951807228915	[0.15, 0.4)	6.553333333333334	101631	109442	0.5210910056970807	0.4847590504559492	0.4847590504559492	94.51710822803848	0.5210910056970807	False	False	True	0.9962534302176524	0.27624309392265195	0.24154589371980675	0.358974358974359	0.21649484536082475
test	NZ_JAQMUU010000004.1	NZ_CM017149.1	0.201058201058201	[0.15, 0.4)	6.553333333333334	101631	153499	0.4819002076138186	0.3191747177506042	0.3191747177506042	96.51317525983286	0.4819002076138186	False	False	False	0.9822983148265911	0.27071823204419887	0.18352059925093633	0.37815126050420167	0.19148936170212766
test	NZ_JAQMUU010000004.1	NZ_CP043297.1	0.2371794871794871	[0.15, 0.4)	6.553333333333334	101631	110724	0.4769214117739666	0.4380080199414761	0.4380080199414761	96.59050863648528	0.4769214117739666	False	False	False	0.9813566095926155	0.27624309392265195	0.2570694087403599	0.37815126050420167	0.22727272727272727
test	NZ_CP086389.1	NZ_CP088223.1	0.2942942942942942	[0.15, 0.4)	6.553333333333334	142329	277693	0.872099150559619	0.4471016554252358	0.4471016554252358	98.1028159193168	0.872099150559619	False	False	True	0.998084867068085	0.669051878354204	0.368836291913215	0.7302631578947368	0.33534743202416917
test	NZ_KY019259.1	NZ_CP088223.1	0.3645833333333333	[0.15, 0.4)	6.553333333333334	249153	277693	0.7854932511348448	0.704925943397925	0.704925943397925	97.69847271242249	0.7854932511348448	False	False	True	0.9986016221049238	0.5739957716701902	0.5355029585798816	0.7054263565891473	0.4972677595628415
test	NZ_CP134785.1	NZ_CP022063.1	0.2321428571428571	[0.15, 0.4)	6.553333333333334	126955	173817	0.5115828443149147	0.3738817261832847	0.3738817261832847	99.14923432500616	0.5115828443149147	False	False	True	0.9823951438180295	0.5307855626326964	0.36127167630057805	0.5882352941176471	0.3187250996015936
test	NZ_MZ475707.1	NZ_CP022063.1	0.2477064220183486	[0.15, 0.4)	6.553333333333334	100733	173817	0.6111899774651802	0.3543842086792431	0.3543842086792431	98.97797626348668	0.6111899774651802	False	False	True	0.9940787130573544	0.5738916256157636	0.33670520231213874	0.6201550387596899	0.32786885245901637
test	NZ_AP038988.1	NZ_CP028692.1	0.2385321100917431	[0.15, 0.4)	6.553333333333334	78863	92714	0.6160810519508515	0.5247859007269668	0.5247859007269668	95.19261017714555	0.6160810519508515	False	False	True	0.9943455271154983	0.41496598639455784	0.33152173913043476	0.4567901234567901	0.2824427480916031
test	NZ_CP084875.1	CP044381.1	0.3107344632768362	[0.15, 0.4)	6.553333333333334	199821	312615	0.8737019632571151	0.5591894182940678	0.5591894182940678	97.17088678663416	0.8737019632571151	False	False	True	0.9909942478781572	0.610705596107056	0.42470389170896783	0.5619469026548672	0.26458333333333334
test	NZ_JALEBI010000023.1	NZ_CP060975.1	0.1645569620253164	[0.15, 0.4)	6.553333333333334	86591	112054	0.5281380282015452	0.4082852910204009	0.4082852910204009	94.4610874425294	0.5281380282015452	False	False	True	0.9900046852051217	0.23782234957020057	0.20906801007556675	0.37254901960784315	0.2087912087912088
test	NZ_AP042702.1	NZ_CP060975.1	0.2023121387283237	[0.15, 0.4)	6.553333333333334	97991	112054	0.4932085599697931	0.431622253556321	0.431622253556321	96.54787296376588	0.4932085599697931	False	False	False	0.9816137074981007	0.2647887323943662	0.2367758186397985	0.40869565217391307	0.25268817204301075
test	NZ_AP022534.1	NZ_CP060975.1	0.1564625850340136	[0.15, 0.4)	6.553333333333334	111171	112054	0.3575662717795108	0.3546772092027058	0.3546772092027058	94.66139124435524	0.3575662717795108	False	False	False	0.9592900881230532	0.27165354330708663	0.17380352644836272	0.36666666666666664	0.18857142857142858
test	NZ_CP060975.1	NZ_CP057239.1	0.1756097560975609	[0.15, 0.4)	6.553333333333334	112054	145940	0.4614382351366305	0.3544675894203097	0.3544675894203097	96.22374373216076	0.4614382351366305	False	False	False	0.9791342800420393	0.23173803526448364	0.16606498194945848	0.4152542372881356	0.21875
test	NZ_JBFUPY010000024.1	NZ_CP060975.1	0.2898550724637681	[0.15, 0.4)	6.553333333333334	73616	112054	0.60414855466203	0.3971745765434523	0.3971745765434523	97.77213413649214	0.60414855466203	False	False	True	0.9904968707012383	0.4548872180451128	0.3047858942065491	0.5375	0.27741935483870966
test	NZ_JALEBI010000023.1	NZ_CP040807.1	0.2	[0.15, 0.4)	6.553333333333334	86591	90871	0.5794251134644478	0.5526185471712648	0.5526185471712648	94.44777290702066	0.5794251134644478	False	False	True	0.989836768408515	0.2932761087267525	0.2932761087267525	0.4411764705882353	0.27607361963190186
test	NZ_JALEBI010000023.1	NZ_MG591701.1	0.2	[0.15, 0.4)	6.553333333333334	86591	91597	0.5742629141596701	0.5433038199941046	0.5433038199941046	94.5488110986547	0.5742629141596701	False	False	True	0.9619305318474225	0.2947067238912732	0.2947067238912732	0.43137254901960786	0.2682926829268293
test	NZ_CP193630.1	NZ_AP042702.1	0.1907894736842105	[0.15, 0.4)	6.553333333333334	88723	97991	0.5084701824780496	0.4599095835331816	0.4599095835331816	93.59390281522076	0.5084701824780496	False	False	True	0.9595087323367474	0.2213855421686747	0.19393139841688653	0.37	0.20786516853932585
test	NZ_CP193630.1	CP057191.1	0.2214285714285714	[0.15, 0.4)	6.553333333333334	88723	102988	0.541392874451946	0.4661125568027343	0.4661125568027343	93.65131701394654	0.541392874451946	False	False	True	0.9655437348664229	0.2331288343558282	0.2111111111111111	0.4	0.24242424242424243
test	NZ_CP193630.1	NZ_CP040807.1	0.3017241379310345	[0.15, 0.4)	6.553333333333334	88723	90871	0.6765100368562831	0.6598034576487548	0.6598034576487548	96.84700242799174	0.6765100368562831	False	False	True	0.9737807031741204	0.4819277108433735	0.4740740740740741	0.57	0.3825503355704698
test	NZ_CP193630.1	NZ_CP195365.1	0.2721518987341772	[0.15, 0.4)	6.553333333333334	88723	137286	0.7075504660572794	0.4567617965415264	0.4567617965415264	96.96564424713988	0.7075504660572794	False	False	True	0.9724826032199863	0.5398773006134969	0.3464566929133858	0.62	0.32978723404255317
test	NZ_CP086389.1	NZ_OK649970.1	0.2983606557377049	[0.15, 0.4)	6.553333333333334	142329	261511	0.8179007791806308	0.4452776365047742	0.4452776365047742	98.11183254660304	0.8179007791806308	False	False	True	0.9971624587045548	0.6189624329159212	0.381057268722467	0.6578947368421053	0.32362459546925565
test	CP016042.1	NZ_CP101204.1	0.1666666666666666	[0.15, 0.4)	6.553333333333334	3205	6648	0.2390015600624025	0.115373044524669	0.115373044524669	92.996	0.2390015600624025	False	False	False	0.9402482902091364	0.10194174757281553	0.05343511450381679	0.0	0.0
test	CP016042.1	NZ_CP050774.1	0.1666666666666666	[0.15, 0.4)	6.553333333333334	3205	4677	0.5959438377535101	0.4023946974556339	0.4023946974556339	91.64966388308976	0.5959438377535101	False	False	True	0.9598791521968679	0.24875621890547264	0.18281535648994515	0.0	0.0
test	CP052164.1	NZ_CP056884.1	0.176954732510288	[0.15, 0.4)	6.553333333333334	92461	198658	0.6336942062058598	0.2948131965488427	0.2948131965488427	97.5111876896328	0.6336942062058598	False	False	True	0.988221247837329	0.47540983606557374	0.232	0.5701754385964912	0.24904214559386972
test	CP082724.1	NZ_AP024115.1	0.1571428571428571	[0.15, 0.4)	6.553333333333334	53499	109993	0.6758444083066973	0.328266344221905	0.328266344221905	96.67600369951133	0.6758444083066973	False	False	True	0.9837112652933464	0.42934782608695654	0.18899521531100477	0.5692307692307692	0.24342105263157895
test	NZ_CP104769.1	NZ_CP110537.1	0.1728395061728395	[0.15, 0.4)	6.553333333333334	49816	54267	0.5337241047053156	0.4895240201227265	0.4895240201227265	97.02450225428316	0.5337241047053156	False	False	True	0.995275112263218	0.4144927536231884	0.3575	0.4583333333333333	0.28205128205128205
test	NZ_CP169382.1	NZ_CP149976.1	0.1610169491525423	[0.15, 0.4)	6.553333333333334	53894	58972	0.2401751586447471	0.2193074679508919	0.2193074679508919	99.92265319839306	0.2401751586447471	False	False	False	0.9834620068459071	0.22595078299776286	0.22595078299776286	0.19402985074626866	0.10317460317460317
test	NZ_KX246268.1	NZ_CP133928.1	0.3100775193798449	[0.15, 0.4)	6.553333333333334	86207	100835	0.8471353834375399	0.722973173997124	0.722973173997124	97.627997919746	0.8471353834375399	False	False	True	0.9818540052856622	0.625	0.5183312262958281	0.7263157894736842	0.4928571428571429
test	NZ_MG591701.1	NZ_CP156664.1	0.2805755395683453	[0.15, 0.4)	6.553333333333334	91597	96210	0.6676965402797035	0.6354329071822056	0.6354329071822056	96.0071740853708	0.6676965402797035	False	False	True	0.9979689930240593	0.3979135618479881	0.3830703012912482	0.49504950495049505	0.3184713375796178
test	NZ_OQ821129.1	NZ_CP175912.1	0.3620689655172414	[0.15, 0.4)	6.553333333333334	72331	81078	0.8162060527298116	0.7249068797947655	0.7249068797947655	97.03249136676034	0.8162060527298116	False	False	True	0.9922744319760508	0.5292153589315526	0.4869431643625192	0.8735632183908046	0.6909090909090909
test	NZ_CP077695.1	CP092317.1	0.3018867924528302	[0.15, 0.4)	6.553333333333334	26031	27553	0.7759594329837501	0.7327332776830109	0.7327332776830109	95.08067756593896	0.7759594329837501	False	False	True	0.9942959161876871	0.4241645244215938	0.40441176470588236	0.75	0.574468085106383
test	NZ_AP042702.1	NZ_CP098439.1	0.2090395480225988	[0.15, 0.4)	6.553333333333334	97991	109442	0.5577348940208795	0.5005665101149467	0.5005665101149467	94.58531227816007	0.5577348940208795	False	False	True	0.9684286307421979	0.28732394366197184	0.2463768115942029	0.4	0.24731182795698925
test	NZ_CP098439.1	NZ_CP057239.1	0.1706161137440758	[0.15, 0.4)	6.553333333333334	109442	145940	0.5432466511942399	0.4058722762779224	0.4058722762779224	93.52160464493224	0.5432466511942399	False	False	True	0.9729363774563348	0.26811594202898553	0.2003610108303249	0.37606837606837606	0.19298245614035087
test	NZ_CP040807.1	NZ_CP098439.1	0.2185430463576159	[0.15, 0.4)	6.553333333333334	90871	109442	0.5698737771126102	0.473785201293836	0.473785201293836	95.51286590148806	0.5698737771126102	False	False	True	0.9685236464091665	0.34705882352941175	0.28502415458937197	0.46226415094339623	0.28160919540229884
test	NZ_AP042702.1	NZ_CP026579.1	0.1823204419889502	[0.15, 0.4)	6.553333333333334	97991	100229	0.507699686705922	0.496512985263746	0.496512985263746	95.29293494647372	0.507699686705922	False	False	True	0.9842365794133395	0.23482849604221637	0.23482849604221637	0.3652173913043478	0.22340425531914893
test	NZ_AP042702.1	NZ_CM017149.1	0.1690821256038647	[0.15, 0.4)	6.553333333333334	97991	153499	0.4955353042626363	0.3165297493794748	0.3165297493794748	96.49607275268202	0.4955353042626363	False	False	False	0.9874185682866515	0.2647887323943662	0.1760299625468165	0.41739130434782606	0.21052631578947367
test	NZ_MG591701.1	NZ_AP042702.1	0.2	[0.15, 0.4)	6.553333333333334	91597	97991	0.4760417917617389	0.4442856997071159	0.4442856997071159	94.75592065344226	0.4760417917617389	False	False	False	0.9531778200562784	0.23248882265275708	0.20580474934036938	0.33962264150943394	0.1945945945945946
test	NZ_KX246268.1	NZ_AP028843.1	0.2515337423312883	[0.15, 0.4)	6.553333333333334	86207	137403	0.7766886679735985	0.4869471554478432	0.4869471554478432	97.39273296539378	0.7766886679735985	False	False	True	0.9965667258310705	0.5210843373493976	0.36116910229645094	0.6421052631578947	0.3465909090909091
test	NZ_CP118042.1	NZ_CP138403.1	0.1666666666666666	[0.15, 0.4)	6.553333333333334	4711	7167	0.1341541074081935	0.0883214734198409	0.0883214734198409	94.47944164037855	0.1341541074081935	False	False	False	0.9238775653522724	0.06188925081433225	0.061488673139158574	0.0	0.0
test	CP024513.1	NZ_CP118042.1	0.2857142857142857	[0.15, 0.4)	6.553333333333334	3336	4711	0.4394484412470024	0.3139460836340479	0.3139460836340479	92.93418304172276	0.4394484412470024	False	False	False	0.9082573404202507	0.18793503480278423	0.132569558101473	0.16666666666666666	0.09090909090909091
test	NZ_CP088135.1	NZ_CP084195.1	0.2954545454545454	[0.15, 0.4)	6.553333333333334	49556	93861	0.9756235370086368	0.5156241676521665	0.5156241676521665	98.5051112533289	0.9756235370086368	False	False	True	0.9962914584192697	0.8081081081081081	0.41412742382271467	0.8103448275862069	0.3643410852713178
test	NZ_CP018943.1	CP057828.1	0.2307692307692307	[0.15, 0.4)	6.553333333333334	6647	7205	0.4550925229426809	0.4195697432338653	0.4195697432338653	95.11686110194655	0.4550925229426809	False	False	False	0.9070295592902696	0.1969309462915601	0.17990654205607476	0.375	0.21428571428571427
test	NZ_CP091713.1	NZ_CP145702.1	0.1666666666666666	[0.15, 0.4)	6.553333333333334	4072	4074	1.0	1.0	1.0	96.67168624571708	1.0	False	False	True	0.9363410482396117	0.5535353535353535	0.5535353535353535	0.3333333333333333	0.16666666666666666
test	NZ_MG591701.1	NZ_CP026579.1	0.3049645390070922	[0.15, 0.4)	6.553333333333334	91597	100229	0.6466259812002576	0.5902084227119896	0.5902084227119896	95.9636145510314	0.6466259812002576	False	False	True	0.9760316217367716	0.4172876304023845	0.36988110964332893	0.4716981132075472	0.29239766081871343
test	NZ_CP069854.1	NZ_CP163034.1	0.1686274509803921	[0.15, 0.4)	6.553333333333334	137344	190061	0.366670549860205	0.2648044575162711	0.2648044575162711	97.65230070054972	0.366670549860205	False	False	False	0.9960463486462854	0.28431372549019607	0.2248062015503876	0.24675324675324675	0.13427561837455831
test	NZ_OP378651.1	NZ_CP152448.1	0.16	[0.15, 0.4)	6.553333333333334	9506	11970	0.7700399747527877	0.6112781954887218	0.6112781954887218	93.03139656348016	0.7700399747527877	False	False	True	0.9226953661016178	0.23170731707317074	0.20485175202156333	0.38461538461538464	0.22727272727272727
test	NZ_CP025275.1	NZ_CP129712.1	0.3179190751445087	[0.15, 0.4)	6.553333333333334	125113	143798	0.5847114208755285	0.508817925144995	0.508817925144995	99.05336490307774	0.5847114208755285	False	False	True	0.9950097446285574	0.6095890410958904	0.47593582887700536	0.6187050359712231	0.3722943722943723
test	NZ_CP066281.1	NZ_AP026941.1	0.1587301587301587	[0.15, 0.4)	6.553333333333334	51224	293280	0.9808683429642356	0.1713345608292416	0.1713345608292416	99.9698608131505	0.9808683429642356	False	False	True	0.9929782903547746	0.9858490566037735	0.18914027149321266	0.9565217391304348	0.1924198250728863
test	NZ_MW881232.1	NZ_AP045063.1	0.3587786259541984	[0.15, 0.4)	6.553333333333334	91784	93025	0.8074609953804585	0.7970223058317657	0.7970223058317657	97.11445649595686	0.8074609953804585	False	False	True	0.9981800507791915	0.5730994152046783	0.5392022008253095	0.6831683168316832	0.5036496350364964
test	NZ_JCAPUQ010000005.1	OW849104.1	0.1666666666666666	[0.15, 0.4)	6.553333333333334	2422	5413	0.2968620974401321	0.129687788656937	0.129687788656937	82.763	0.2968620974401321	False	False	False	0.8955293295218042	0.029900332225913623	0.013293943870014771	0.0	0.0
test	AP019709.1	AB011549.2	0.2018348623853211	[0.15, 0.4)	6.553333333333334	86874	92721	0.5064921610608467	0.4746497557187692	0.4746497557187692	95.21444212101969	0.5064921610608467	False	False	True	0.9857555808202528	0.3526405451448041	0.28201634877384196	0.22666666666666666	0.11724137931034483
test	NZ_AP038988.1	AB011549.2	0.2363636363636363	[0.15, 0.4)	6.553333333333334	78863	92721	0.6160683717332589	0.5247354968130197	0.5247354968130197	95.19065215427882	0.6160683717332589	False	False	True	0.994326059076383	0.413265306122449	0.3310626702997275	0.4567901234567901	0.2824427480916031
test	NZ_CP061964.1	NZ_AP018454.1	0.2704918032786885	[0.15, 0.4)	6.553333333333334	63578	78997	0.8871150397936393	0.7134194969429218	0.7134194969429218	97.09935110540027	0.8871150397936393	False	False	True	0.994955636301149	0.5881147540983607	0.469721767594108	0.8023255813953488	0.5897435897435898
test	CP104420.1	NZ_AP022534.1	0.3495145631067961	[0.15, 0.4)	6.553333333333334	83397	111171	0.6011966857321007	0.4544260643513146	0.4544260643513146	95.68250583081748	0.6011966857321007	False	False	True	0.9546924603607435	0.3967741935483871	0.3967741935483871	0.5555555555555556	0.36764705882352944
test	CP057191.1	NZ_CM017149.1	0.1897435897435897	[0.15, 0.4)	6.553333333333334	102988	153499	0.4504796675340816	0.3021713496504863	0.3021713496504863	96.57082707624744	0.4504796675340816	False	False	False	0.9897349888007527	0.3	0.20224719101123595	0.45714285714285713	0.22018348623853212
test	NZ_CP098153.1	NZ_CP023984.1	0.375	[0.15, 0.4)	6.553333333333334	110870	111425	0.7495986290249842	0.7450213147857303	0.7450213147857303	97.36187811417857	0.7495986290249842	False	False	True	0.9721711986889588	0.5267857142857143	0.5267857142857143	0.6896551724137931	0.5128205128205128
test	NZ_JBFUPY010000024.1	NZ_CP057239.1	0.2234636871508379	[0.15, 0.4)	6.553333333333334	73616	145940	0.6851635514018691	0.3463341099081814	0.3463341099081814	96.10211227994	0.6851635514018691	False	False	True	0.9921218352348455	0.40601503759398494	0.19494584837545126	0.525	0.21761658031088082
test	NZ_CP057239.1	NZ_CP032263.1	0.2284482758620689	[0.15, 0.4)	6.553333333333334	145940	155784	0.4811703439769768	0.4504313665074719	0.4504313665074719	96.52476890069764	0.4811703439769768	False	False	False	0.981959769461974	0.2563176895306859	0.2563176895306859	0.43506493506493504	0.2768595041322314
test	NZ_JCAPUQ010000005.1	NZ_CP028815.1	0.2	[0.15, 0.4)	6.553333333333334	2422	4807	0.2246077621800165	0.1152485957977948	0.1152485957977948	82.593	0.2246077621800165	False	False	False	0.908910937503849	0.023255813953488372	0.011254019292604502	0.0	0.0
test	NZ_JBXSEZ010000002.1	NZ_CP072939.1	0.2727272727272727	[0.15, 0.4)	6.553333333333334	287195	384269	0.7212138094326155	0.5390338538888123	0.5390338538888123	97.32870073369448	0.7212138094326155	False	False	True	0.9957543137484526	0.5134408602150538	0.40552016985138006	0.6783216783216783	0.39835728952772076
test	NZ_CP042894.1	NZ_CP104527.1	0.2679425837320574	[0.15, 0.4)	6.553333333333334	141344	163762	0.603860086031243	0.5217999291654962	0.5217999291654962	98.40824912637471	0.603860086031243	False	False	True	0.9964518212185873	0.4846743295019157	0.42237061769616024	0.42424242424242425	0.26540284360189575
test	NZ_CEDENY020000001.1	NZ_OZ410523.1	0.1666666666666666	[0.15, 0.4)	6.553333333333334	16730	26016	0.6245068738792589	0.4017527675276753	0.4017527675276753	96.76031247013856	0.6245068738792589	False	False	True	0.9506618132320084	0.73568281938326	0.4477211796246649	0.6923076923076923	0.3333333333333333
test	CP099007.1	NZ_JBTZQO010000007.1	0.3770491803278688	[0.15, 0.4)	6.553333333333334	41022	87572	0.6918482765345424	0.3241447037865984	0.3241447037865984	96.74254863334154	0.6918482765345424	False	False	True	0.9752677745977336	0.47416413373860183	0.4394366197183099	0.6326530612244898	0.36470588235294116
test	CP009881.1	NZ_JCDLMC010000005.1	0.16	[0.15, 0.4)	6.553333333333334	50272	67088	0.2456039147040102	0.1840269496780348	0.1840269496780348	99.9756565435698	0.2456039147040102	False	False	False	0.9884239823716389	0.24653739612188366	0.17943548387096775	0.16129032258064516	0.07633587786259542
test	NZ_JBVWFR010000002.1	NZ_OQ821129.1	0.3173076923076923	[0.15, 0.4)	6.553333333333334	58585	72331	0.9413160365281216	0.7624808173535552	0.7624808173535552	97.02541569551428	0.9413160365281216	False	False	True	0.9964137793625568	0.5908096280087527	0.4507512520868113	0.961038961038961	0.8222222222222222
test	NZ_CP082766.1	NZ_JBWVJQ010000002.1	0.1905940594059406	[0.15, 0.4)	6.553333333333334	199279	325551	0.4062495295540423	0.2489133806991838	0.2489133806991838	98.93182785934609	0.4062495295540423	False	False	False	0.9933385965486079	0.38533333333333336	0.2568888888888889	0.36585365853658536	0.17123287671232876
test	NZ_CP024887.1	NZ_CP195365.1	0.2472527472527472	[0.15, 0.4)	6.553333333333334	102544	137286	0.4953873459198002	0.3701542764739303	0.3701542764739303	98.29364108813586	0.4953873459198002	False	False	False	0.981903949044755	0.4583333333333333	0.36811023622047245	0.4576271186440678	0.2523364485981308
test	NZ_CP080351.1	NZ_JBWVJQ010000002.1	0.1702637889688249	[0.15, 0.4)	6.553333333333334	193800	325551	0.4733797729618163	0.2840077284357904	0.2840077284357904	97.71346339644664	0.4733797729618163	False	False	False	0.9935726768758688	0.3900709219858156	0.24444444444444444	0.4919786096256685	0.228287841191067
test	NZ_CP040807.1	NZ_JBWVJQ010000002.1	0.1912225705329153	[0.15, 0.4)	6.553333333333334	90871	325551	0.7905712493534791	0.2206013804288729	0.2206013804288729	99.9001595035688	0.7905712493534791	False	False	True	0.9951539476835292	0.7617647058823529	0.23022222222222222	0.7358490566037735	0.23214285714285715
test	NZ_PQ667066.1	NZ_CP080351.1	0.2122302158273381	[0.15, 0.4)	6.553333333333334	180007	193800	0.4246668185126134	0.3944633642930856	0.3944633642930856	97.84599551710164	0.4246668185126134	False	False	False	0.9959746228014886	0.33682634730538924	0.3191489361702128	0.3930635838150289	0.2328767123287671
test	NZ_JBFUPY010000024.1	CP057191.1	0.2846715328467153	[0.15, 0.4)	6.553333333333334	73616	102988	0.5863806781134536	0.419582864022993	0.419582864022993	96.99963272853348	0.5863806781134536	False	False	True	0.9971681754410966	0.40601503759398494	0.3	0.5	0.27586206896551724
test	NZ_CP042533.1	NZ_CP149976.1	0.391304347826087	[0.15, 0.4)	6.553333333333334	51987	58972	0.684421105276319	0.6023536593637658	0.6023536593637658	98.35165607975286	0.684421105276319	False	False	True	0.9960551874844625	0.5481283422459893	0.4846335697399527	0.671875	0.46236559139784944
test	NZ_CP149976.1	NZ_CP130211.1	0.2956521739130435	[0.15, 0.4)	6.553333333333334	58972	83295	0.578393135725429	0.4102527162494747	0.4102527162494747	97.9451144794925	0.578393135725429	False	False	True	0.9959470431149146	0.46808510638297873	0.34375	0.5138888888888888	0.26618705035971224
test	NZ_JBJUTL010000011.1	NZ_CP019210.1	0.2040816326530612	[0.15, 0.4)	6.553333333333334	26925	45501	0.7085236768802229	0.4186061844794619	0.4186061844794619	97.7737491095747	0.7085236768802229	False	False	True	0.9909619162324059	0.5157894736842106	0.29878048780487804	0.6129032258064516	0.2878787878787879
test	NZ_CP135667.1	NZ_CP040807.1	0.3425925925925926	[0.15, 0.4)	6.553333333333334	76366	90871	0.7166801979938716	0.6024694346931364	0.6024694346931364	96.62569136027405	0.7263192085425435	True	False	True	0.9713633530860063	0.5146804835924007	0.4414814814814815	0.6395348837209303	0.40145985401459855
test	NZ_JBRXNM010000013.1	NZ_JCDLMC010000005.1	0.1746031746031746	[0.15, 0.4)	6.553333333333334	6948	67088	1.0	0.1035654662532792	0.1035654662532792	100.0	1.0	False	False	True	0.980231258955862	1.0	0.09475806451612903	0.5714285714285714	0.04878048780487805
test	NZ_MF381176.1	NZ_CP019016.1	0.3389830508474576	[0.15, 0.4)	6.553333333333334	36502	37756	0.6568955125746534	0.6351043542748173	0.6351043542748173	96.7504297066778	0.6568955125746534	False	False	True	0.9954812385367628	0.4794520547945205	0.44223826714801445	0.7674418604651163	0.5238095238095238
test	CP082669.1	AP026488.1	0.2328042328042328	[0.15, 0.4)	6.553333333333334	99345	152942	0.7267401479691983	0.4719632278903113	0.4719632278903113	96.18585847348707	0.7267401479691983	False	False	True	0.9953547863018759	0.5121951219512195	0.2891566265060241	0.6372549019607843	0.3439153439153439
test	NZ_CP062226.1	NZ_JBRJPJ010000002.1	0.3203883495145631	[0.15, 0.4)	6.553333333333334	265014	285363	0.7123548189906949	0.6614312296969124	0.6614312296969124	97.41108364940564	0.7123548189906949	False	False	True	0.9975484736835265	0.5119760479041916	0.47809878844361603	0.6113074204946997	0.4188861985472155
test	NZ_JBRXNM010000013.1	NZ_CP118928.1	0.1666666666666666	[0.15, 0.4)	6.553333333333334	6948	67839	0.9915083477259644	0.1014755524108551	0.1014755524108551	99.98549208883728	0.9915083477259644	False	False	True	0.9773777243859083	1.0	0.09771309771309772	0.5714285714285714	0.045454545454545456
test	NZ_CP118928.1	NZ_CP130211.1	0.3653846153846153	[0.15, 0.4)	6.553333333333334	67839	83295	0.651292029658456	0.5312803889789303	0.5312803889789303	98.6785510434547	0.651292029658456	False	False	True	0.9947921310078927	0.5925155925155925	0.4947916666666667	0.611764705882353	0.3795620437956204
test	NZ_CP043828.1	NZ_JBXULQ010000004.1	0.3815789473684211	[0.15, 0.4)	6.553333333333334	97743	116759	0.8387301392427079	0.7021300285202854	0.7021300285202854	97.53548718385836	0.8387301392427079	False	False	True	0.9844420486416451	0.6253521126760564	0.49223946784922396	0.6956521739130435	0.49079754601226994
test	OW969701.1	NZ_CP115006.1	0.1666666666666666	[0.15, 0.4)	6.553333333333334	2495	5413	0.3462925851703406	0.1570293737299094	0.1570293737299094	81.735	0.3462925851703406	False	False	False	0.9119829904412244	0.043209876543209874	0.021116138763197588	0.0	0.0
test	NZ_CP073989.1	NZ_CP104527.1	0.2371134020618556	[0.15, 0.4)	6.553333333333334	134191	163762	0.6048170145538821	0.4956644398578425	0.4956644398578425	98.76278870087069	0.6048170145538821	False	False	True	0.9962947822433837	0.5541922290388548	0.4524207011686144	0.46875	0.2955665024630542
test	NZ_OQ821129.1	NZ_AP018454.1	0.2892561983471074	[0.15, 0.4)	6.553333333333334	72331	78997	0.7678035697004051	0.7023937617884224	0.7023937617884224	96.99469881112005	0.7678035697004051	False	False	True	0.9986732548699941	0.46410684474123537	0.45499181669394434	0.8735632183908046	0.6846846846846847
test	NZ_CP040807.1	NZ_CP195365.1	0.1573033707865168	[0.15, 0.4)	6.553333333333334	90871	137286	0.6220466375411298	0.4116880089739667	0.4116880089739667	95.04084071997744	0.6220466375411298	False	False	True	0.9943237865268761	0.3323529411764706	0.22244094488188976	0.44339622641509435	0.22488038277511962
test	NZ_AP019818.1	NZ_JBXSFE010000003.1	0.2051282051282051	[0.15, 0.4)	6.553333333333334	136816	146840	0.5842079873698982	0.544517842549714	0.544517842549714	95.79714469063596	0.5842079873698982	False	False	True	0.9969681057102361	0.3857404021937843	0.358843537414966	0.5272727272727272	0.34523809523809523
test	NZ_CP145155.1	CP128668.1	0.2272727272727272	[0.15, 0.4)	6.553333333333334	16906	30836	0.5292795457234118	0.2900181605915164	0.2900181605915164	99.95536480446928	0.5292795457234118	False	False	True	0.963383144041737	0.48249027237354086	0.2831050228310502	0.3333333333333333	0.10638297872340426
test	NZ_CP189869.1	NZ_JBYLRL020000002.1	0.2139917695473251	[0.15, 0.4)	6.553333333333334	110729	172405	0.5681528777465704	0.3652446274760013	0.3652446274760013	96.82471570478742	0.5681528777465704	False	False	True	0.9971017712143939	0.42789598108747046	0.27259036144578314	0.5470085470085471	0.28699551569506726
test	NZ_CP067434.1	NZ_CP141678.1	0.162251655629139	[0.15, 0.4)	6.553333333333334	180050	228888	0.4223049153013052	0.3322323581839153	0.3322323581839153	97.635054402206	0.4223049153013052	False	False	False	0.9935105830082308	0.30288461538461536	0.23924050632911392	0.3050847457627119	0.16265060240963855
test	NZ_JBRXNM010000013.1	NZ_MH917123.1	0.15625	[0.15, 0.4)	6.553333333333334	6948	65604	0.9015544041450776	0.0954972257789159	0.0954972257789159	99.96779090183558	0.9015544041450776	False	False	True	0.9755065041754504	0.9574468085106383	0.09846827133479212	0.5714285714285714	0.04878048780487805
test	NZ_CP063884.1	NZ_JBWLLO010000003.1	0.2264150943396226	[0.15, 0.4)	6.553333333333334	57825	73335	0.5094682230869001	0.4021817685961683	0.4021817685961683	99.40709820793388	0.5094682230869001	False	False	True	0.9844722001911046	0.5217391304347826	0.4186046511627907	0.3787878787878788	0.22123893805309736
test	NZ_MH917123.1	NZ_CP130211.1	0.3113207547169811	[0.15, 0.4)	6.553333333333334	65604	83295	0.5603164441192611	0.4418632570982652	0.4418632570982652	98.34635693143248	0.5603164441192611	False	False	True	0.9957523945019647	0.474835886214442	0.3767361111111111	0.5316455696202531	0.2978723404255319
test	NZ_MW881232.1	CP073108.1	0.3308823529411764	[0.15, 0.4)	6.553333333333334	91784	108563	0.8473045410964875	0.7166437920838591	0.7166437920838591	97.74654790949714	0.8473045410964875	False	False	True	0.9938544348292293	0.6149253731343284	0.5202020202020202	0.7326732673267327	0.5174825174825175
test	NZ_JBRERM010000006.1	NZ_CP101204.1	0.2	[0.15, 0.4)	6.553333333333334	5271	6648	0.6150635553025992	0.4920276774969915	0.4920276774969915	92.4622639609399	0.6150635553025992	False	False	True	0.9178096504435347	0.20875420875420875	0.15776081424936386	0.6	0.2727272727272727
test	NZ_AP019818.1	NZ_CP129712.1	0.2008733624454148	[0.15, 0.4)	6.553333333333334	136816	143798	0.519325225119869	0.4944157776881459	0.4944157776881459	96.29676865346508	0.519325225119869	False	False	True	0.9712192067444214	0.35648994515539306	0.34759358288770054	0.47878787878787876	0.29924242424242425
test	OW967952.1	NZ_CP025252.1	0.3023255813953488	[0.15, 0.4)	6.553333333333334	9294	33924	1.0	0.2743190661478599	0.2743190661478599	100.0	1.0	False	False	True	0.9543899201585295	1.0	0.2877959927140255	0.75	0.23076923076923078
test	NZ_CP149012.1	NZ_CP148913.1	0.524390243902439	[0.4, 0.8)	1.5933333333333333	53862	54710	0.9380825071478964	0.9237433741546336	0.9237433741546336	96.33240415845484	0.9380825071478964	False	False	True	0.9635022387947068	0.6379310344827587	0.6379310344827587	0.8363636363636363	0.7076923076923077
test	NZ_CP031794.1	NZ_CP148913.1	0.676056338028169	[0.4, 0.8)	1.5933333333333333	53774	54710	0.974764756201882	0.955675379272528	0.955675379272528	98.0039790662679	0.974764756201882	False	False	True	0.9996701670422524	0.7947368421052632	0.7783505154639175	0.8	0.6666666666666666
test	OW969808.1	NZ_CP148913.1	0.5853658536585366	[0.4, 0.8)	1.5933333333333333	53236	54710	0.9291269066045532	0.9046243831109486	0.9046243831109486	97.56829375201806	0.9291269066045532	False	False	True	0.9992704159311273	0.6625310173697271	0.6625310173697271	0.8363636363636363	0.7076923076923077
test	NZ_CP144317.1	NZ_KX869741.1	0.5374449339207048	[0.4, 0.8)	1.5933333333333333	174409	177037	0.764427294463015	0.7531589441755113	0.7531589441755113	99.4293918460985	0.764427294463015	False	False	True	0.9991961820575078	0.7496339677891655	0.7283072546230441	0.7766990291262136	0.6106870229007634
test	NZ_KX869741.1	NZ_CP024192.1	0.5551020408163265	[0.4, 0.8)	1.5933333333333333	177037	221606	0.8171060286832696	0.6529696849363285	0.6529696849363285	99.54338668315496	0.8171060286832696	False	False	True	0.9971359943091851	0.7823613086770982	0.6610576923076923	0.7731481481481481	0.5548172757475083
test	NZ_KX869741.1	NZ_CP024550.1	0.5474137931034483	[0.4, 0.8)	1.5933333333333333	177037	187611	0.777475894869434	0.7337256344244207	0.7337256344244207	99.1984431657288	0.777475894869434	False	False	True	0.9983331087864099	0.7411095305832148	0.7078804347826086	0.7685185185185185	0.5928571428571429
test	NZ_KX869741.1	NZ_CP114566.1	0.6437246963562753	[0.4, 0.8)	1.5933333333333333	177037	210045	0.8346560323548184	0.7036730224475708	0.7036730224475708	99.94373565706866	0.8346560323548184	False	False	True	0.9972956849951731	0.8620199146514936	0.7292418772563177	0.8333333333333334	0.6428571428571429
test	NZ_JCASKQ010000017.1	NZ_KX869741.1	0.6354166666666666	[0.4, 0.8)	1.5933333333333333	130759	177037	0.9764222730366552	0.7212108203369917	0.7212108203369917	99.96927555207516	0.9764222730366552	False	False	True	0.96592206787791	0.9694656488549618	0.7226173541963016	0.9757575757575757	0.7318181818181818
test	NZ_JBXSFE010000003.1	NZ_KX869741.1	0.5853658536585366	[0.4, 0.8)	1.5933333333333333	146840	177037	0.8410514846090983	0.6975378028321764	0.6975378028321764	99.9768619196049	0.8410514846090983	False	False	True	0.998879645431579	0.8554421768707483	0.7155049786628734	0.8620689655172413	0.625
test	NZ_CP129712.1	NZ_KX869741.1	0.5436893203883495	[0.4, 0.8)	1.5933333333333333	143798	177037	0.8321603916605238	0.676039471974785	0.676039471974785	99.96237185849876	0.8321603916605238	False	False	True	0.9722845950479168	0.8449197860962567	0.6742532005689901	0.8539325842696629	0.628099173553719
test	NZ_MN419437.1	NZ_CP097713.1	0.4583333333333333	[0.4, 0.8)	1.5933333333333333	118243	122563	0.76740272151417	0.740256031591916	0.740256031591916	97.67481235624912	0.76740272151417	False	False	True	0.9924728945204053	0.6513761467889908	0.6269315673289183	0.6456692913385826	0.45555555555555555
test	NZ_CP074870.1	NZ_MN419437.1	0.4558823529411764	[0.4, 0.8)	1.5933333333333333	92785	118243	0.8611952362989708	0.6756679042311172	0.6756679042311172	98.57070322895302	0.8611952362989708	False	False	True	0.9857975796353174	0.75	0.5779816513761468	0.7333333333333333	0.4967741935483871
test	CP122738.1	NZ_MN419437.1	0.45	[0.4, 0.8)	1.5933333333333333	93581	118243	0.914833139205608	0.7234677739908494	0.7234677739908494	97.3472985523814	0.914833139205608	False	False	True	0.9983698278174171	0.6540697674418605	0.5160550458715596	0.7904761904761904	0.5570469798657718
test	NZ_MN419437.1	NZ_AP028843.1	0.436046511627907	[0.4, 0.8)	1.5933333333333333	118243	137403	0.7003120692133995	0.6030363238066127	0.6030363238066127	98.26407338023756	0.7003120692133995	False	False	True	0.9888621761868438	0.6422018348623854	0.5845511482254697	0.5826771653543307	0.37948717948717947
test	NZ_AP045063.1	NZ_MN419437.1	0.44	[0.4, 0.8)	1.5933333333333333	93025	118243	0.8750013437248052	0.6883705589337212	0.6883705589337212	98.37336601202897	0.8750013437248052	False	False	True	0.9841833750844675	0.7393939393939394	0.5596330275229358	0.7428571428571429	0.5064935064935064
test	NZ_JBXULQ010000004.1	NZ_MN419437.1	0.7954545454545454	[0.4, 0.8)	1.5933333333333333	116759	118243	0.9092232718676933	0.8977783040010825	0.8977783040010825	99.94150703681738	0.9092232718676933	False	True	True	0.9867203587891671	0.8980044345898004	0.8980044345898004	0.889763779527559	0.795774647887324
test	CP082669.1	NZ_MN419437.1	0.4275862068965517	[0.4, 0.8)	1.5933333333333333	99345	118243	0.824641401177714	0.6925483960995577	0.6925483960995577	98.14700775259944	0.824641401177714	False	False	True	0.9835749707714451	0.7530487804878049	0.5665137614678899	0.7843137254901961	0.5369127516778524
test	OW849024.1	NZ_CP143282.1	0.5092936802973977	[0.4, 0.8)	1.5933333333333333	242397	248177	0.6407340024835291	0.6258315637629595	0.6258315637629595	99.62156988915068	0.6407340024835291	False	False	True	0.996454513424655	0.6865671641791045	0.6795454545454546	0.7092511013215859	0.5160256410256411
test	CP067475.1	NZ_CP143282.1	0.4423791821561338	[0.4, 0.8)	1.5933333333333333	216181	248177	0.6613948496861426	0.5761774862295861	0.5761774862295861	99.6867960311023	0.6613948496861426	False	False	True	0.9958720047753324	0.6691823899371069	0.6045454545454545	0.7038834951456311	0.4723127035830619
test	NZ_CP043351.1	NZ_CP041642.1	0.7307692307692307	[0.4, 0.8)	1.5933333333333333	106448	121851	0.9508398466857056	0.8312775438855652	0.8312775438855652	99.5136533374134	0.9508398466857056	False	True	True	0.9883706622197888	0.8854166666666666	0.7589285714285714	0.9318181818181818	0.8092105263157895
test	NZ_CP115709.1	NZ_CP041642.1	0.4260355029585799	[0.4, 0.8)	1.5933333333333333	119165	121851	0.6611588973272353	0.6466504173129478	0.6466504173129478	97.97872742604264	0.6611588973272353	False	False	True	0.9981433524125529	0.5370370370370371	0.5178571428571429	0.6783216783216783	0.49743589743589745
test	NZ_CP149012.1	NZ_JBTLFT010000004.1	0.5625	[0.4, 0.8)	1.5933333333333333	53862	54697	0.9300434443578032	0.9170886885935244	0.9170886885935244	97.03096618809614	0.9300434443578032	False	False	True	0.9647118194927136	0.7364532019704434	0.7136038186157518	0.8909090909090909	0.7903225806451613
test	NZ_CP149012.1	NZ_JBXEKV010000004.1	0.4382022471910112	[0.4, 0.8)	1.5933333333333333	53862	55313	0.9119230626415656	0.8909117205720174	0.8909117205720174	96.06753964695427	0.9119230626415656	False	False	True	0.9632010718714697	0.6330049261083743	0.5749440715883669	0.875	0.765625
test	OW969808.1	NZ_CP149012.1	0.6419753086419753	[0.4, 0.8)	1.5933333333333333	53236	53862	0.9311180404237734	0.9203520106939956	0.9203520106939956	97.4738783767438	0.9311180404237734	False	False	True	0.9647050894116793	0.7543424317617866	0.7487684729064039	0.8571428571428571	0.75
test	CP088789.1	AP026472.1	0.4338235294117647	[0.4, 0.8)	1.5933333333333333	91410	93433	0.8720052510666229	0.8533280532574145	0.8533280532574145	97.73413781521032	0.8720052510666229	False	False	True	0.9993431608161877	0.6370967741935484	0.6370967741935484	0.8301886792452831	0.6984126984126984
test	AP026472.1	NZ_AP042698.1	0.4210526315789473	[0.4, 0.8)	1.5933333333333333	93433	97775	0.8145944152494301	0.7782971107133725	0.7782971107133725	97.7496066538002	0.8145944152494301	False	False	True	0.9991089531754496	0.5894308943089431	0.5686274509803921	0.7358490566037735	0.5652173913043478
test	NZ_CP049847.1	AP026472.1	0.4418604651162791	[0.4, 0.8)	1.5933333333333333	90408	93433	0.8043535970268118	0.7783759485406655	0.7783759485406655	97.71084746554544	0.8043535970268118	False	False	True	0.9990563488126225	0.579750346740638	0.5663956639566395	0.6886792452830188	0.5140845070422535
test	AP026472.1	NZ_AP040966.1	0.4044117647058823	[0.4, 0.8)	1.5933333333333333	93433	96870	0.8431710423512035	0.8151646536595437	0.8151646536595437	97.88212133870029	0.8431710423512035	False	False	True	0.9991874767789664	0.6097560975609756	0.6097560975609756	0.8113207547169812	0.6666666666666666
test	OW849005.1	NZ_CP043351.1	0.4137931034482758	[0.4, 0.8)	1.5933333333333333	98537	106448	0.7175984655510113	0.6638452577784458	0.6638452577784458	97.60300710532265	0.7175984655510113	False	False	True	0.9836316830989823	0.5803814713896458	0.5546875	0.7155172413793104	0.503030303030303
test	NZ_CP196661.1	OW849005.1	0.4360902255639097	[0.4, 0.8)	1.5933333333333333	95080	98537	0.6759781236853176	0.6525163136689771	0.6525163136689771	98.11313290126049	0.6759781236853176	False	False	True	0.9771210841151946	0.550624133148405	0.5364864864864864	0.6379310344827587	0.46835443037974683
test	NZ_CP117397.1	NZ_LR890428.1	0.5328467153284672	[0.4, 0.8)	1.5933333333333333	100527	128238	0.8660061476021368	0.6788159515900123	0.6788159515900123	99.41666028570772	0.8660061476021368	False	False	True	0.9987407207315343	0.8236714975845411	0.6570327552986512	0.8253968253968254	0.6153846153846154
test	NZ_CP006029.1	NZ_CP117397.1	0.6043956043956044	[0.4, 0.8)	1.5933333333333333	64561	100527	0.9529282384101856	0.6118157310971182	0.6118157310971182	99.9593133365822	0.9529282384101856	False	False	True	0.9732363246199973	0.9639468690702088	0.6422250316055625	0.9230769230769231	0.631578947368421
test	NZ_CP117397.1	NZ_CP134785.1	0.4803149606299212	[0.4, 0.8)	1.5933333333333333	100527	126955	0.7448745113253156	0.5896892599740066	0.5896892599740066	99.49648718188372	0.7448745113253156	False	False	True	0.9936489607153215	0.7294685990338164	0.6411889596602972	0.746031746031746	0.5595238095238095
test	NZ_CP117397.1	NZ_JBXSFE010000003.1	0.4645161290322581	[0.4, 0.8)	1.5933333333333333	100527	146840	0.7599450893789728	0.520049032961046	0.520049032961046	99.33285537233346	0.7599450893789728	False	False	True	0.9977477563251481	0.8067632850241546	0.5680272108843537	0.8253968253968254	0.5306122448979592
test	NZ_RRPB01000143.1	NZ_AP042698.1	0.515625	[0.4, 0.8)	1.5933333333333333	93945	97775	0.8317100431103305	0.7992124776272053	0.7992124776272053	98.15950543575578	0.8317100431103305	False	False	True	0.9956154570429809	0.6517482517482518	0.6091503267973856	0.7	0.5310344827586206
test	NZ_LR890629.1	NZ_CP104670.1	0.6	[0.4, 0.8)	1.5933333333333333	5164	5168	1.0	1.0	1.0	99.342	1.0	False	True	True	0.9991104586320674	0.9533437013996889	0.9401840490797546	1.0	0.8333333333333334
test	NZ_JBVWEU010000008.1	NZ_CP104670.1	0.75	[0.4, 0.8)	1.5933333333333333	5166	5168	1.0	1.0	1.0	99.0719555211758	1.0	False	True	True	0.8905220454555864	0.9297971918876755	0.9141104294478528	0.8333333333333334	0.7142857142857143
test	NZ_CP104670.1	NZ_CP048364.1	0.4285714285714285	[0.4, 0.8)	1.5933333333333333	5168	7872	1.0	0.657520325203252	0.657520325203252	99.6522957311184	1.0	False	False	True	0.9863894530662739	0.9345238095238095	0.6638477801268499	0.6666666666666666	0.4
test	NZ_CP106778.1	NZ_MT296576.1	0.7142857142857143	[0.4, 0.8)	1.5933333333333333	39245	43015	0.9734998088928526	0.8863419737300942	0.8863419737300942	99.01093301410368	0.9734998088928526	False	True	True	0.9580162952733592	0.8612521150592216	0.8144	1.0	0.9
test	NZ_CP084875.1	CP067450.1	0.4929577464788732	[0.4, 0.8)	1.5933333333333333	199821	230982	0.9133174190900856	0.7898191201045969	0.7898191201045969	98.02575249649615	0.9133174190900856	False	False	True	0.9990368190995351	0.7506082725060828	0.6979638009049773	0.8761061946902655	0.6971830985915493
test	CP067450.1	NZ_CP138727.1	0.4551083591331269	[0.4, 0.8)	1.5933333333333333	230982	277344	0.836246980284178	0.6963734567901234	0.6963734567901234	97.8017437154264	0.836246980284178	False	False	True	0.997497546636371	0.6742081447963801	0.570334928229665	0.75390625	0.5391061452513967
test	NZ_CP119050.1	NZ_AP026941.1	0.6789667896678967	[0.4, 0.8)	1.5933333333333333	229097	293280	0.9113606900134004	0.7120055919258047	0.7120055919258047	99.96983410107354	0.9113606900134004	False	False	True	0.9982723793353051	0.8978260869565218	0.7475113122171946	0.8831615120274914	0.6871657754010695
test	NZ_LR890428.1	NZ_CP144317.1	0.4684210526315789	[0.4, 0.8)	1.5933333333333333	128238	174409	0.8183611721954491	0.6018095396453165	0.6018095396453165	99.20370979537036	0.8183611721954491	False	False	True	0.9978788529562062	0.7957610789980732	0.6046852122986823	0.8095238095238095	0.5085470085470085
test	NZ_LR890428.1	NZ_CP024192.1	0.4465116279069767	[0.4, 0.8)	1.5933333333333333	128238	221606	0.7763221510004835	0.4493966769852802	0.4493966769852802	99.91056317754756	0.7763221510004835	False	False	True	0.9984544818656582	0.7957610789980732	0.4963942307692308	0.7482993197278912	0.3806228373702422
test	NZ_LR890428.1	CP052444.1	0.4761904761904761	[0.4, 0.8)	1.5933333333333333	128238	174931	0.8315709851993949	0.6097089709656951	0.6097089709656951	99.2361071820201	0.8315709851993949	False	False	True	0.9977828203896933	0.8208092485549133	0.6147186147186147	0.8367346938775511	0.5347826086956522
test	NZ_CP006029.1	NZ_LR890428.1	0.4621848739495798	[0.4, 0.8)	1.5933333333333333	64561	128238	0.953005684546398	0.4795848344484474	0.4795848344484474	99.8700793145456	0.953005684546398	False	False	True	0.9776810060380084	0.9357142857142857	0.5048169556840078	0.9010989010989011	0.5256410256410257
test	NZ_LR890428.1	NZ_JCASKQ010000017.1	0.4969325153374233	[0.4, 0.8)	1.5933333333333333	128238	130759	0.6744022832545735	0.6615299902874754	0.6615299902874754	99.94696595808624	0.6744022832545735	False	False	True	0.9672865539230848	0.6955684007707129	0.6889312977099237	0.7210884353741497	0.5145631067961165
test	NZ_LR890428.1	NZ_JBXSFE010000003.1	0.5548780487804879	[0.4, 0.8)	1.5933333333333333	128238	146840	0.7544331633369205	0.6667597384908744	0.6667597384908744	99.95213523615014	0.7544331633369205	False	False	True	0.9964766814080123	0.791907514450867	0.6989795918367347	0.8027210884353742	0.5812807881773399
test	NZ_LR890428.1	NZ_CP129712.1	0.4090909090909091	[0.4, 0.8)	1.5933333333333333	128238	143798	0.6284720597638765	0.5606545292702263	0.5606545292702263	99.9540941201275	0.6284720597638765	False	False	True	0.974138348423684	0.6435452793834296	0.5953654188948306	0.673469387755102	0.43805309734513276
test	NZ_OY843410.1	NZ_AP025548.1	0.4181818181818181	[0.4, 0.8)	1.5933333333333333	136788	145376	0.6522355762201363	0.6135606977767994	0.6135606977767994	99.2612895726534	0.6522355762201363	False	False	True	0.996757728386883	0.5818540433925049	0.5383211678832117	0.5419847328244275	0.3717277486910995
test	NZ_CP073989.1	NZ_AP025548.1	0.4331210191082802	[0.4, 0.8)	1.5933333333333333	134191	145376	0.6947485300802587	0.6415501871010345	0.6415501871010345	99.40204950548096	0.6947485300802587	False	False	True	0.9961385681569759	0.6482617586912065	0.5784671532846716	0.59375	0.41530054644808745
test	NZ_CP176935.1	NZ_CP176887.1	0.4791666666666667	[0.4, 0.8)	1.5933333333333333	147379	203546	0.8066549508410289	0.5843052676053571	0.5843052676053571	99.64110163151746	0.8066549508410289	False	False	True	0.9981492732280789	0.7741935483870968	0.5639686684073107	0.7682926829268293	0.4883720930232558
test	AP026491.1	NZ_PV764932.1	0.4027777777777778	[0.4, 0.8)	1.5933333333333333	48260	51855	0.7444674678823042	0.6922572558094687	0.6922572558094687	97.87594512398532	0.7444674678823042	False	False	True	0.9908859177666155	0.6118980169971672	0.5595854922279793	0.6666666666666666	0.4878048780487805
test	NZ_MF344559.1	NZ_PV764932.1	0.4761904761904761	[0.4, 0.8)	1.5933333333333333	42279	51855	0.7869864471723551	0.6413846302188796	0.6413846302188796	98.54750972388956	0.7869864471723551	False	False	True	0.9960939885887653	0.6854304635761589	0.5362694300518135	0.6727272727272727	0.47435897435897434
test	CP009881.1	NZ_PV764932.1	0.4347826086956521	[0.4, 0.8)	1.5933333333333333	50272	51855	0.7959699236155315	0.7710539002989104	0.7710539002989104	97.95051859710432	0.7959699236155315	False	False	True	0.9889948472994643	0.6842105263157895	0.6398963730569949	0.6833333333333333	0.5061728395061729
test	NZ_PV764932.1	NZ_CP118928.1	0.4736842105263157	[0.4, 0.8)	1.5933333333333333	51855	67839	0.8288689615273358	0.6341042763012427	0.6341042763012427	98.23033619748728	0.8288689615273358	False	False	True	0.9942659484800221	0.7098445595854922	0.5696465696465697	0.75	0.45
test	NZ_PV764932.1	NZ_MH917123.1	0.5352112676056338	[0.4, 0.8)	1.5933333333333333	51855	65604	0.8891717288593193	0.7033260167062984	0.7033260167062984	98.30854534823284	0.8891717288593193	False	False	True	0.9926579659263604	0.7772020725388601	0.6564551422319475	0.8166666666666667	0.5444444444444444
test	NZ_JBUBIE010000002.1	NZ_CP062972.1	0.4234234234234234	[0.4, 0.8)	1.5933333333333333	84790	136326	0.7938318197900696	0.4944324633598873	0.4944324633598873	97.84206710633563	0.7938318197900696	False	False	True	0.9958281231222824	0.6082474226804123	0.6082474226804123	0.6382978723404256	0.46153846153846156
test	NZ_JBUBIE010000002.1	NZ_CP074870.1	0.4485981308411215	[0.4, 0.8)	1.5933333333333333	84790	92785	0.8531784408538743	0.7797812146359864	0.7797812146359864	97.30181984182848	0.8531784408538743	False	False	True	0.9990798046965041	0.6092503987240829	0.5335195530726257	0.7340425531914894	0.5307692307692308
test	NZ_JBUBIE010000002.1	CP122738.1	0.5841584158415841	[0.4, 0.8)	1.5933333333333333	84790	93581	0.9789244014624366	0.8877443070708798	0.8877443070708798	98.00496791096796	0.9789244014624366	False	False	True	0.9851802615777568	0.7719298245614035	0.676923076923077	0.8723404255319149	0.7008547008547008
test	NZ_JBUBIE010000002.1	CP073108.1	0.4426229508196721	[0.4, 0.8)	1.5933333333333333	84790	108563	0.9374336596296732	0.7324318598417509	0.7324318598417509	98.0090983369759	0.9374336596296732	False	False	True	0.9976666152063307	0.7216494845360825	0.5303030303030303	0.8191489361702128	0.5789473684210527
test	NZ_JBUBIE010000002.1	NZ_MW881232.1	0.6145833333333334	[0.4, 0.8)	1.5933333333333333	84790	91784	0.9016157565750678	0.8329774252593044	0.8329774252593044	99.1496067327664	0.9016157565750678	False	True	True	0.9979467353568147	0.8213716108452951	0.7529239766081871	0.8297872340425532	0.6666666666666666
test	NZ_JBUBIE010000002.1	CP082669.1	0.4385964912280701	[0.4, 0.8)	1.5933333333333333	84790	99345	0.9119825451114518	0.7790326639488651	0.7790326639488651	97.35467859032428	0.9119825451114518	False	False	True	0.9987622653242393	0.6570972886762361	0.5835694050991501	0.7872340425531915	0.6065573770491803
test	NZ_CP049282.1	NZ_LR878366.1	0.5714285714285714	[0.4, 0.8)	1.5933333333333333	208836	231165	0.8552979371372752	0.7727597170851989	0.7727597170851989	99.03102315438682	0.8552979371372752	False	False	True	0.9963385707124239	0.7891268533772653	0.7531446540880503	0.6825396825396826	0.5058823529411764
test	NZ_MW390517.1	NZ_CP133102.1	0.4857142857142857	[0.4, 0.8)	1.5933333333333333	118279	134388	0.7765960145080699	0.683900348245379	0.683900348245379	98.24786841619928	0.7765960145080699	False	False	True	0.9922777212599314	0.6510067114093959	0.5617760617760618	0.7310924369747899	0.5058139534883721
test	NZ_CP061953.1	OW967602.1	0.5462184873949579	[0.4, 0.8)	1.5933333333333333	168138	205284	0.8154551618313528	0.6678601352272948	0.6678601352272948	99.652355310554	0.8154551618313528	False	False	True	0.999256255928367	0.8291457286432161	0.6547619047619048	0.776536312849162	0.562753036437247
test	NZ_CP061953.1	OW849035.1	0.6036036036036037	[0.4, 0.8)	1.5933333333333333	168138	204647	0.8556245465034674	0.7009338030853127	0.7009338030853127	99.75039006574649	0.8556245465034674	False	False	True	0.9991480377208186	0.8576214405360134	0.6854082998661312	0.8268156424581006	0.6244725738396625
test	NZ_CP061953.1	NZ_CP141542.1	0.4098360655737705	[0.4, 0.8)	1.5933333333333333	168138	202151	0.7048495878385612	0.586487328778982	0.586487328778982	98.16970939976396	0.7048495878385612	False	False	True	0.9961425191357975	0.6030150753768844	0.4891304347826087	0.5921787709497207	0.3925925925925926
test	NZ_CP061953.1	NZ_CP056884.1	0.5168067226890757	[0.4, 0.8)	1.5933333333333333	168138	198658	0.8134032758805267	0.6884142596824694	0.6884142596824694	98.67552457100275	0.8134032758805267	False	False	True	0.9993878461081785	0.7303182579564489	0.5813333333333334	0.7653631284916201	0.5393700787401575
test	NZ_CP061953.1	NZ_CP054265.1	0.4520547945205479	[0.4, 0.8)	1.5933333333333333	168138	168717	0.621299170919126	0.6191432991340529	0.6191432991340529	99.94533400019144	0.621299170919126	False	False	True	0.997128350965764	0.6465661641541038	0.6327868852459017	0.6882352941176471	0.5043103448275862
test	NZ_CP061953.1	NZ_CP014121.1	0.6380090497737556	[0.4, 0.8)	1.5933333333333333	168138	200203	0.8917436867335166	0.7488948717052192	0.7488948717052192	99.9353776961389	0.8917436867335166	False	False	True	0.9970300220457533	0.8693467336683417	0.7258741258741259	0.8435754189944135	0.6565217391304348
test	NZ_KY288024.1	NZ_KX646543.1	0.40625	[0.4, 0.8)	1.5933333333333333	82841	111559	0.6461776173633829	0.4805259996952285	0.4805259996952285	98.75068715510812	0.6461776173633829	False	False	True	0.9979168607885094	0.5987841945288754	0.4852216748768473	0.6666666666666666	0.36809815950920244
test	NZ_PV022950.1	NZ_KX646543.1	0.4076923076923077	[0.4, 0.8)	1.5933333333333333	90934	111559	0.6505267556689467	0.5312345933541892	0.5312345933541892	98.91057377270351	0.6505267556689467	False	False	True	0.9980501829214807	0.6086956521739131	0.5172413793103449	0.67	0.4036144578313253
test	NZ_CP193630.1	NZ_KX646543.1	0.5087719298245614	[0.4, 0.8)	1.5933333333333333	88723	111559	0.695749692864308	0.5533484523884222	0.5533484523884222	99.30104518466987	0.695749692864308	False	False	True	0.9981408513344096	0.7300613496932515	0.5862068965517241	0.69	0.42073170731707316
test	NZ_CP135667.1	NZ_KX646543.1	0.5229357798165137	[0.4, 0.8)	1.5933333333333333	76366	111559	0.7408925438022157	0.5078837207217706	0.5078837207217706	99.3670160454209	0.7376199434286564	True	False	True	0.9974285779825421	0.7881944444444444	0.5591133004926109	0.7325581395348837	0.40384615384615385
test	CP104420.1	NZ_KX646543.1	0.5412844036697247	[0.4, 0.8)	1.5933333333333333	83397	111559	0.7686847248701991	0.5755160946225764	0.5755160946225764	99.44434722524822	0.7686847248701991	False	False	True	0.9721544502550856	0.7967741935483871	0.6083743842364532	0.71875	0.43125
test	NZ_OP378628.1	NZ_KY288024.1	0.4455445544554455	[0.4, 0.8)	1.5933333333333333	74826	82841	0.720204207093791	0.6482538839463551	0.6482538839463551	97.54241173425048	0.720204207093791	False	False	True	0.9952475006824565	0.5775401069518716	0.4879518072289157	0.6785714285714286	0.48717948717948717
test	NZ_KY288024.1	NZ_CP119738.1	0.4140625	[0.4, 0.8)	1.5933333333333333	82841	100423	0.6402626718653807	0.5289326150383876	0.5289326150383876	98.66288604218713	0.6402626718653807	False	False	True	0.9984350872094727	0.5963855421686747	0.5217391304347826	0.6777777777777778	0.4178082191780822
test	NZ_KY288024.1	NZ_CP193630.1	0.5247524752475248	[0.4, 0.8)	1.5933333333333333	82841	88723	0.7637401769655122	0.7135804695513002	0.7135804695513002	99.32039361735674	0.7637401769655122	False	False	True	0.9991768963179328	0.6716867469879518	0.6716867469879518	0.7888888888888889	0.5966386554621849
test	NZ_CP135667.1	NZ_KY288024.1	0.574468085106383	[0.4, 0.8)	1.5933333333333333	76366	82841	0.7846685697823639	0.7237237599739259	0.7237237599739259	99.39674969590936	0.7984544384143784	True	False	True	0.9991222292357813	0.7340241796200345	0.6400602409638554	0.7790697674418605	0.6146788990825688
test	NZ_KY288024.1	CP104420.1	0.5789473684210527	[0.4, 0.8)	1.5933333333333333	82841	83397	0.7649473086997984	0.7592719162559805	0.7592719162559805	99.4088635389078	0.7649473086997984	False	False	True	0.9694430950180953	0.6792168674698795	0.6792168674698795	0.7777777777777778	0.603448275862069
test	NZ_JBQPWJ010000069.1	NZ_JCDGLG010000084.1	0.4166666666666667	[0.4, 0.8)	1.5933333333333333	9568	15475	0.9122073578595318	0.5639418416801293	0.5639418416801293	98.408	0.9122073578595318	False	False	True	0.9661203053436911	0.7198697068403909	0.4556701030927835	0.7	0.35
test	NZ_CP066481.1	NZ_CP046167.1	0.4552529182879377	[0.4, 0.8)	1.5933333333333333	187318	234807	0.7824608419906256	0.6249345206914615	0.6249345206914615	98.14083709772908	0.7824608419906256	False	False	True	0.9993785485975667	0.6741258741258741	0.594327990135635	0.6939890710382514	0.4721189591078067
test	NZ_PQ365750.1	NZ_CP121358.1	0.465648854961832	[0.4, 0.8)	1.5933333333333333	90009	94075	0.8887777888877779	0.8503640712197714	0.8503640712197714	97.40251598361678	0.8887777888877779	False	False	True	0.9993075724056223	0.6500732064421669	0.6040816326530613	0.7327586206896551	0.5666666666666667
test	NZ_OP378628.1	NZ_PV022950.1	0.4607843137254901	[0.4, 0.8)	1.5933333333333333	74826	90934	0.7422420014433486	0.6078144588382783	0.6078144588382783	97.5796510357714	0.7422420014433486	False	False	True	0.9927599472360945	0.5971479500891266	0.4834054834054834	0.6785714285714286	0.44881889763779526
test	NZ_PV022950.1	NZ_CP119738.1	0.4153846153846154	[0.4, 0.8)	1.5933333333333333	90934	100423	0.6296654716607649	0.571134102745387	0.571134102745387	98.75069822959506	0.6296654716607649	False	False	True	0.9981290628840165	0.6060606060606061	0.5533596837944664	0.66	0.4370860927152318
test	NZ_PV022950.1	NZ_CP095666.1	0.7878787878787878	[0.4, 0.8)	1.5933333333333333	90934	99379	0.9168407856247388	0.8390203161633746	0.8390203161633746	99.76038851877593	0.9168407856247388	False	True	True	0.9987230066950376	0.9307359307359307	0.8311855670103093	0.78	0.5531914893617021
test	NZ_CP193630.1	NZ_PV022950.1	0.5242718446601942	[0.4, 0.8)	1.5933333333333333	88723	90934	0.7338345186704688	0.7156729056238591	0.7156729056238591	99.38592265659776	0.7338345186704688	False	False	True	0.9989289718031632	0.7108433734939759	0.6810966810966811	0.77	0.6260162601626016
test	NZ_CP135667.1	NZ_PV022950.1	0.5567010309278351	[0.4, 0.8)	1.5933333333333333	76366	90934	0.7847078542807009	0.6584775771438626	0.6584775771438626	99.35404654809967	0.7984950398570829	True	False	True	0.9976608698347116	0.7340241796200345	0.6132756132756133	0.7906976744186046	0.576271186440678
test	CP104420.1	NZ_PV022950.1	0.5773195876288659	[0.4, 0.8)	1.5933333333333333	83397	90934	0.7826420614650407	0.7174104295423054	0.7174104295423054	99.31724271755444	0.7826420614650407	False	False	True	0.973588118742139	0.7668810289389068	0.6883116883116883	0.7916666666666666	0.6333333333333333
test	OW966965.1	OW849481.1	0.5050505050505051	[0.4, 0.8)	1.5933333333333333	66091	105977	0.7888971266889592	0.4902384479651245	0.4902384479651245	99.8349391126435	0.7888971266889592	False	False	True	0.9967479570628557	0.7579365079365079	0.5232876712328767	0.7391304347826086	0.3805970149253731
test	CP044382.1	NZ_JBTAPC010000002.1	0.6418918918918919	[0.4, 0.8)	1.5933333333333333	123229	126207	0.8752809809379286	0.8560539431251832	0.8560539431251832	99.52708173045788	0.8752809809379286	False	True	True	0.9985926394100322	0.8055555555555556	0.7741273100616016	0.5862068965517241	0.3648068669527897
test	NZ_CP094333.1	NZ_AP039440.1	0.425287356321839	[0.4, 0.8)	1.5933333333333333	109070	123644	0.7931236820390575	0.6998236873604866	0.6998236873604866	98.8893253923346	0.7931236820390575	False	False	True	0.9863070884663049	0.6724137931034483	0.6148648648648649	0.608	0.4245810055865922
test	NZ_CP006029.1	NZ_CP117387.1	0.6043956043956044	[0.4, 0.8)	1.5933333333333333	64561	100517	0.9529282384101856	0.6117771123292577	0.6117771123292577	99.9270688271605	0.9529282384101856	False	False	True	0.9732647875542723	0.9639468690702088	0.6422250316055625	0.9010989010989011	0.6119402985074627
test	NZ_CP117387.1	NZ_JCASKQ010000017.1	0.4025974025974026	[0.4, 0.8)	1.5933333333333333	100517	130759	0.7423420913875265	0.5706681758043424	0.5706681758043424	99.2244304123021	0.7423420913875265	False	False	True	0.9649617921897975	0.6835748792270532	0.5400763358778626	0.72	0.45
test	NZ_CP117387.1	NZ_CP134785.1	0.4803149606299212	[0.4, 0.8)	1.5933333333333333	100517	126955	0.7449287185252246	0.589681383167264	0.589681383167264	99.48606414484664	0.7449287185252246	False	False	True	0.9936943495175716	0.7294685990338164	0.6411889596602972	0.744	0.5535714285714286
test	NZ_CP117387.1	NZ_PETB01000002.1	0.4012738853503185	[0.4, 0.8)	1.5933333333333333	100517	128081	0.7382830764945233	0.5791413246305073	0.5791413246305073	99.16441985637874	0.7382830764945233	False	False	True	0.9931195862026783	0.642512077294686	0.533066132264529	0.712	0.4517766497461929
test	CP055733.1	NZ_AP027592.1	0.4	[0.4, 0.8)	1.5933333333333333	3136	3373	0.3099489795918367	0.2890601838126297	0.2890601838126297	97.74322974358977	0.3099489795918367	False	False	False	0.9507386093185839	0.2649350649350649	0.255	0.0	0.0
test	NZ_JBDYHN010000069.1	NZ_JARVXC010000052.1	0.5	[0.4, 0.8)	1.5933333333333333	225	1551	1.0	0.1450676982591876	0.1450676982591876	100.0	1.0	False	False	True	0.6666774799230661	1.0	0.13788487282463185	0.0	0.0
test	NZ_OR724972.1	NZ_KX555451.1	0.7916666666666666	[0.4, 0.8)	1.5933333333333333	34639	38814	0.9284332688588008	0.8275622198175916	0.8275622198175916	99.66759965817276	0.9284332688588008	False	True	True	0.9988132919799173	0.9	0.786096256684492	0.8666666666666667	0.7222222222222222
test	NZ_CP083521.1	NZ_CP074122.1	0.4832214765100671	[0.4, 0.8)	1.5933333333333333	110153	111789	0.8592684720343522	0.8463802341911995	0.8463802341911995	98.03115325816124	0.8592684720343522	False	False	True	0.969942413062607	0.7	0.6935483870967742	0.8362068965517241	0.6879432624113475
test	NZ_JBVYPD010000003.1	NZ_MF062700.1	0.5	[0.4, 0.8)	1.5933333333333333	50445	60206	0.7115670532262861	0.5964521808457629	0.5964521808457629	99.4543789274483	0.7115670532262861	False	False	True	0.9968480282879281	0.6798941798941799	0.5840909090909091	0.7	0.4883720930232558
test	NZ_CP050383.1	NZ_JBQGLE010000003.1	0.6666666666666666	[0.4, 0.8)	1.5933333333333333	4081	18824	1.0	0.2169039524011899	0.2169039524011899	99.559	1.0	False	False	True	0.9272873223573824	0.9682539682539683	0.7349397590361446	0.75	0.375
test	NZ_CP107168.1	NZ_JBQGLE010000003.1	0.6666666666666666	[0.4, 0.8)	1.5933333333333333	4082	18824	1.0	0.2169039524011899	0.2169039524011899	99.412	1.0	False	False	True	0.9283240904648845	0.8939393939393939	0.7108433734939759	0.5	0.2222222222222222
test	NZ_CP006634.1	NZ_JBQGLE010000003.1	0.6666666666666666	[0.4, 0.8)	1.5933333333333333	4086	18824	0.9733235438081254	0.2111134721631959	0.2111134721631959	99.774	0.9733235438081254	False	False	True	0.9271800244396453	0.9765625	0.7530120481927711	1.0	0.42857142857142855
test	NZ_CP040807.1	MN868654.1	0.6041666666666666	[0.4, 0.8)	1.5933333333333333	90871	93231	0.908617710820834	0.8920959766601237	0.8920959766601237	98.74947498078214	0.908617710820834	False	False	True	0.9745498685823395	0.8059259259259259	0.7513812154696132	0.1509433962264151	0.06751054852320675
test	NZ_CP009581.1	NZ_MT773671.1	0.5	[0.4, 0.8)	1.5933333333333333	62384	65579	0.8456014362657092	0.8036109120297656	0.8036109120297656	98.16377967928597	0.8456014362657092	False	False	True	0.9752651487374219	0.6575342465753424	0.5938144329896907	0.7037037037037037	0.5327102803738317
test	NZ_MT929283.1	NZ_CP009581.1	0.5714285714285714	[0.4, 0.8)	1.5933333333333333	60643	62384	0.9053971604307176	0.8796967171069505	0.8796967171069505	98.38969262673646	0.9053971604307176	False	False	True	0.9723110295212781	0.7300884955752213	0.7300884955752213	0.7922077922077922	0.6161616161616161
test	NZ_CP009581.1	NZ_JBRXAB010000004.1	0.575	[0.4, 0.8)	1.5933333333333333	62384	62657	0.8402635291100282	0.8370493320778205	0.8370493320778205	97.48233555019289	0.8402635291100282	False	False	True	0.9744383141886288	0.639269406392694	0.6306306306306306	0.7439024390243902	0.5865384615384616
test	NZ_CP009581.1	NZ_LS992189.1	0.5180722891566265	[0.4, 0.8)	1.5933333333333333	62384	64687	0.8371537573736856	0.8062361834680848	0.8062361834680848	97.68258939726816	0.8371537573736856	False	False	True	0.9992555420755591	0.6484018264840182	0.6173913043478261	0.7469879518072289	0.5486725663716814
test	NZ_CP009581.1	NZ_CP066368.1	0.5569620253164557	[0.4, 0.8)	1.5933333333333333	62384	66038	0.8686842780200051	0.8215572851994306	0.8215572851994306	98.40282360715926	0.8686842780200051	False	False	True	0.9738419427304525	0.7557077625570776	0.6727642276422764	0.7560975609756098	0.6019417475728155
test	NZ_CP043351.1	NZ_CP115709.1	0.4304635761589404	[0.4, 0.8)	1.5933333333333333	106448	119165	0.7442413197053961	0.6647841228548651	0.6647841228548651	97.89332844763427	0.7442413197053961	False	False	True	0.9886236219438044	0.5598958333333334	0.4976851851851852	0.7196969696969697	0.510752688172043
test	NZ_MH341575.1	NZ_CP151758.1	0.7758620689655172	[0.4, 0.8)	1.5933333333333333	46293	53097	0.977447994297194	0.8499350245776598	0.8499350245776598	99.96883676941776	0.977447994297194	False	True	True	0.9924496218667809	0.9484240687679083	0.8552971576227391	0.9137931034482759	0.7464788732394366
test	NZ_MH341575.1	NZ_CP185196.1	0.5352112676056338	[0.4, 0.8)	1.5933333333333333	46293	61059	0.8436696692804527	0.6375472903257505	0.6375472903257505	99.97676930561246	0.8436696692804527	False	False	True	0.9584089932110115	0.7908309455587392	0.6509433962264151	0.8448275862068966	0.620253164556962
test	NZ_MH341575.1	NZ_JBWIFL010000005.1	0.6440677966101694	[0.4, 0.8)	1.5933333333333333	46293	59700	0.8816451731363273	0.6817587939698493	0.6817587939698493	99.98268326800589	0.8816451731363273	False	False	True	0.9966994133649826	0.833810888252149	0.714987714987715	0.8793103448275862	0.6296296296296297
test	NZ_MH341575.1	NZ_CM007910.1	0.4653465346534653	[0.4, 0.8)	1.5933333333333333	46293	124845	0.8464130646102003	0.3138531779406464	0.3138531779406464	99.9952919378302	0.8464130646102003	False	False	True	0.9833552604821154	1.0	0.4588859416445623	0.9310344827586207	0.432
test	NZ_CP057242.1	NZ_AP027542.1	0.6666666666666666	[0.4, 0.8)	1.5933333333333333	1551	1552	1.0	1.0	1.0	95.88154697554698	1.0	False	False	True	0.8681559595566543	0.54521625163827	0.538860103626943	1.0	1.0
test	NZ_CP130069.1	NZ_CP057242.1	0.5	[0.4, 0.8)	1.5933333333333333	1538	1551	1.0	1.0	1.0	93.955	1.0	False	False	True	0.9747339326637069	0.44801026957637996	0.44801026957637996	0.5	0.3333333333333333
test	NZ_CP057242.1	NZ_CP057363.1	0.6666666666666666	[0.4, 0.8)	1.5933333333333333	1551	1552	1.0	1.0	1.0	95.88148133848134	1.0	False	False	True	0.8693629685109578	0.54521625163827	0.538163001293661	1.0	1.0
test	NZ_CP057242.1	NZ_OY754363.1	0.6666666666666666	[0.4, 0.8)	1.5933333333333333	1551	1552	1.0	1.0	1.0	95.81710553410554	1.0	False	False	True	0.8707828505657356	0.5399737876802096	0.5295629820051414	1.0	1.0
test	NZ_CP144317.1	NZ_CP024192.1	0.6146788990825688	[0.4, 0.8)	1.5933333333333333	174409	221606	0.8376975958809465	0.6593955037318484	0.6593955037318484	99.53706678202822	0.8376975958809465	False	False	True	0.9971620967518233	0.828696925329429	0.6802884615384616	0.8252427184466019	0.5902777777777778
test	NZ_CP144317.1	NZ_CP024550.1	0.625615763546798	[0.4, 0.8)	1.5933333333333333	174409	187611	0.7758831252974331	0.7213009898140301	0.7213009898140301	99.62479250216028	0.7758831252974331	False	False	True	0.9983642979472037	0.787701317715959	0.7309782608695652	0.8106796116504854	0.620817843866171
test	NZ_CP144317.1	NZ_CP114566.1	0.4784313725490196	[0.4, 0.8)	1.5933333333333333	174409	210045	0.7608150955512617	0.6319502963650646	0.6319502963650646	99.1943438761371	0.7608150955512617	False	False	True	0.9970969534901205	0.7408491947291361	0.6089049338146811	0.7427184466019418	0.5151515151515151
test	NZ_CP134785.1	NZ_CP144317.1	0.435754189944134	[0.4, 0.8)	1.5933333333333333	126955	174409	0.7426726005277461	0.5406716396516235	0.5406716396516235	99.7031844225794	0.7426726005277461	False	False	True	0.9939015577193218	0.8089171974522293	0.5578330893118595	0.8088235294117647	0.47413793103448276
test	NZ_MZ475707.1	NZ_CP144317.1	0.5521472392638037	[0.4, 0.8)	1.5933333333333333	100733	174409	0.9654234461397952	0.5576317735896656	0.5576317735896656	99.981350839861	0.9654234461397952	False	False	True	0.9713753846998869	0.9507389162561576	0.5651537335285505	0.9069767441860465	0.536697247706422
test	NZ_JBXSFE010000003.1	NZ_CP144317.1	0.6353591160220995	[0.4, 0.8)	1.5933333333333333	146840	174409	0.8250749114682647	0.6947519910096382	0.6947519910096382	99.75923486411118	0.8250749114682647	False	False	True	0.9989827017844828	0.8299319727891157	0.7144948755490483	0.8505747126436781	0.6379310344827587
test	AP026491.1	NC_032101.1	0.5405405405405406	[0.4, 0.8)	1.5933333333333333	48260	58120	0.8171156237049316	0.6787508602890572	0.6787508602890572	99.07592921721071	0.8171156237049316	False	False	True	0.9970845123355676	0.71671388101983	0.6277915632754343	0.7580645161290323	0.5164835164835165
test	NZ_CM017184.1	AP026491.1	0.6779661016949152	[0.4, 0.8)	1.5933333333333333	43405	48260	0.8576661674922244	0.7708246995441359	0.7708246995441359	99.83358010901378	0.8576661674922244	False	False	True	0.9960672868097319	0.8805732484076433	0.7462887989203779	0.8392857142857143	0.6619718309859155
test	NZ_MF344559.1	AP026491.1	0.5	[0.4, 0.8)	1.5933333333333333	42279	48260	0.7354242058705267	0.6444053046000828	0.6444053046000828	99.8554972835696	0.7354242058705267	False	False	True	0.9907730390311853	0.7178631051752922	0.5802968960863698	0.6727272727272727	0.4625
test	NZ_CP184004.1	AP026491.1	0.5074626865671642	[0.4, 0.8)	1.5933333333333333	45802	48260	0.5461551897297061	0.5232283464566929	0.5232283464566929	99.62021350891764	0.5461551897297061	False	False	True	0.9945049809327028	0.6011816838995568	0.5492577597840755	0.5769230769230769	0.35714285714285715
test	AP026491.1	NZ_CP149976.1	0.5238095238095238	[0.4, 0.8)	1.5933333333333333	48260	58972	0.7986531288852051	0.6447127450315404	0.6447127450315404	99.8471046981954	0.7986531288852051	False	False	True	0.9971326281844686	0.7790368271954674	0.6501182033096927	0.7741935483870968	0.5581395348837209
test	AP026491.1	NZ_CP042533.1	0.4666666666666667	[0.4, 0.8)	1.5933333333333333	48260	51987	0.756237049316204	0.7028295535422318	0.7028295535422318	98.50456302291244	0.756237049316204	False	False	True	0.9966203900293795	0.5864022662889519	0.553475935828877	0.7096774193548387	0.5365853658536586
test	CP080739.1	NZ_CP086468.1	0.4093959731543624	[0.4, 0.8)	1.5933333333333333	206152	247089	0.6992655904381233	0.5836075260331297	0.5836075260331297	98.2352570802778	0.7725225482035553	True	False	True	0.999302588811748	0.5793650793650794	0.4893854748603352	0.6113744075829384	0.41346153846153844
test	NZ_CP020069.1	NZ_CP086468.1	0.4078947368421052	[0.4, 0.8)	1.5933333333333333	213013	247089	0.6714801444043321	0.5790626049722974	0.5790626049722974	98.33669639264556	0.6714801444043321	False	False	True	0.9959645152983201	0.567741935483871	0.49162011173184356	0.6169154228855721	0.40390879478827363
test	NZ_CP014121.1	NZ_CP086468.1	0.4175084175084175	[0.4, 0.8)	1.5933333333333333	200203	247089	0.7074069819133579	0.5733966303639579	0.5733966303639579	98.39853546056762	0.7074069819133579	False	False	True	0.9978892884602676	0.6	0.4793296089385475	0.6287128712871287	0.4163934426229508
test	CP127542.1	NC_013333.1	0.4642857142857143	[0.4, 0.8)	1.5933333333333333	20403	20453	0.546243199529481	0.5426587786632768	0.5426587786632768	99.41763259272533	0.546243199529481	False	False	True	0.9884603043116671	0.5226130653266332	0.5226130653266332	0.4583333333333333	0.2894736842105263
test	NZ_CP102691.1	NZ_OZ066665.1	0.631578947368421	[0.4, 0.8)	1.5933333333333333	9294	39395	0.8245104368409727	0.1945170706942505	0.1945170706942505	99.96071307411272	0.8245104368409727	False	False	True	0.9844750452384475	0.7911392405063291	0.5482456140350878	0.75	0.1836734693877551
test	NZ_CP102691.1	CP067788.1	0.6666666666666666	[0.4, 0.8)	1.5933333333333333	9294	13841	0.8465676780718743	0.5684560364135539	0.5684560364135539	99.98736959837316	0.8465676780718743	False	False	True	0.9305329269469147	0.8269230769230769	0.6	0.75	0.47368421052631576
test	NZ_CP074870.1	NZ_CP097713.1	0.4081632653061224	[0.4, 0.8)	1.5933333333333333	92785	122563	0.8757557794902193	0.6626959196494864	0.6626959196494864	98.43837808387651	0.8757557794902193	False	False	True	0.9763572924125861	0.7440476190476191	0.5518763796909493	0.7523809523809524	0.4906832298136646
test	NZ_JBXULQ010000004.1	NZ_CP097713.1	0.4642857142857143	[0.4, 0.8)	1.5933333333333333	116759	122563	0.7735677763598523	0.7367965862454411	0.7367965862454411	97.91869262417464	0.7735677763598523	False	False	True	0.9781688428887338	0.6363636363636364	0.6335540838852097	0.6484375	0.46111111111111114
test	NZ_CP151126.1	NZ_CP151122.1	0.5	[0.4, 0.8)	1.5933333333333333	13364	25430	0.9703681532475308	0.5103027919779788	0.5103027919779788	98.80771659358412	0.9703681532475308	False	False	True	0.9904321375394981	0.8625592417061612	0.4727272727272727	0.9285714285714286	0.43333333333333335
test	NZ_CP101534.1	NZ_CP097707.1	0.5251396648044693	[0.4, 0.8)	1.5933333333333333	141697	159393	0.6589836058632151	0.5857910949665293	0.5857910949665293	99.95377428923275	0.6589836058632151	False	False	True	0.9953643343818085	0.7660944206008584	0.647912885662432	0.7468354430379747	0.5462962962962963
test	NZ_CP101766.1	NZ_CP101534.1	0.4176470588235294	[0.4, 0.8)	1.5933333333333333	127176	141697	0.6753711392086558	0.6061666796050728	0.6061666796050728	99.33167557691635	0.6753711392086558	False	False	True	0.9978391992285374	0.6713615023474179	0.6137339055793991	0.7428571428571429	0.5360824742268041
test	NZ_CP146851.1	NZ_CP101534.1	0.4342857142857143	[0.4, 0.8)	1.5933333333333333	138872	141697	0.6579872112448873	0.6449113248692633	0.6449113248692633	99.35570408531582	0.6579872112448873	False	False	True	0.9952628828636579	0.6748329621380846	0.6502145922746781	0.72	0.54
test	NZ_CP077553.1	NZ_RRND01000164.1	0.5041322314049587	[0.4, 0.8)	1.5933333333333333	91375	92980	0.8824733242134063	0.8675198967519897	0.8675198967519897	98.0256650721261	0.8824733242134063	False	False	True	0.9964950213063298	0.6695906432748538	0.6414565826330533	0.780952380952381	0.6307692307692307
test	CP088789.1	NZ_CP041960.1	0.4525547445255474	[0.4, 0.8)	1.5933333333333333	91410	98151	0.8530685920577618	0.7941640940999073	0.7941640940999073	97.69993569012352	0.8530685920577618	False	False	True	0.9985593743443185	0.625	0.6216577540106952	0.7222222222222222	0.5611510791366906
test	CP088789.1	NZ_AP040966.1	0.515625	[0.4, 0.8)	1.5933333333333333	91410	96870	0.905852751340116	0.8566738928460824	0.8566738928460824	98.6014078955294	0.905852751340116	False	False	True	0.9991718052517987	0.7258064516129032	0.7258064516129032	0.8333333333333334	0.7086614173228346
test	NZ_CP074455.1	OW967602.1	0.4769874476987448	[0.4, 0.8)	1.5933333333333333	159477	205284	0.8035766913097186	0.6242425128115197	0.6242425128115197	99.25737362603071	0.8035766913097186	False	False	True	0.998234290714465	0.7375643224699828	0.5687830687830688	0.7692307692307693	0.5284552845528455
test	OW967602.1	CP080739.1	0.7920353982300885	[0.4, 0.8)	1.5933333333333333	205284	206152	0.9305693575729234	0.9266851643447552	0.9266851643447552	99.44457526259872	0.9305693575729234	True	True	True	0.9998946178550278	0.9021164021164021	0.9021164021164021	0.8985507246376812	0.8017241379310345
test	OW967602.1	OW849024.1	0.4081632653061224	[0.4, 0.8)	1.5933333333333333	205284	242397	0.688641102082968	0.5834024348486161	0.5834024348486161	98.37267335600023	0.688641102082968	False	False	True	0.9991764322939259	0.5727513227513228	0.4971297359357061	0.5990338164251208	0.4
test	OW967602.1	CP067475.1	0.4296028880866426	[0.4, 0.8)	1.5933333333333333	205284	216181	0.6760828900450108	0.6422164760085299	0.6422164760085299	98.35251045784103	0.6760828900450108	False	False	True	0.9990272660023243	0.5529100529100529	0.5257861635220126	0.587378640776699	0.4143835616438356
test	NZ_CP056884.1	OW967602.1	0.4412811387900356	[0.4, 0.8)	1.5933333333333333	198658	205284	0.6972133012513969	0.6748260945811656	0.6748260945811656	98.79095172334176	0.6972133012513969	False	False	True	0.9991742211426374	0.6253333333333333	0.6203703703703703	0.6473429951690821	0.47017543859649125
test	NZ_CP080351.1	OW967602.1	0.4904942965779467	[0.4, 0.8)	1.5933333333333333	193800	205284	0.7603611971104232	0.7177227645603165	0.7177227645603165	98.5930627416663	0.7603611971104232	False	False	True	0.9949434806137086	0.6652482269503546	0.6203703703703703	0.732620320855615	0.5330739299610895
test	NZ_CP014121.1	OW967602.1	0.75	[0.4, 0.8)	1.5933333333333333	200203	205284	0.8880935850112136	0.8660392431947935	0.8660392431947935	99.76439245588584	0.8880935850112136	False	True	True	0.9978407978972711	0.8853146853146853	0.8373015873015873	0.8514851485148515	0.7257383966244726
test	NZ_CP134504.1	NZ_JBRETY010000002.1	0.4545454545454545	[0.4, 0.8)	1.5933333333333333	207184	315596	0.8721233299868716	0.5726973725902736	0.5726973725902736	98.88311474085955	0.8721233299868716	False	False	True	0.9916564133960777	0.7661498708010336	0.5183566433566433	0.7913043478260869	0.4879356568364611
test	NZ_CP088223.1	NZ_JBRETY010000002.1	0.5403899721448467	[0.4, 0.8)	1.5933333333333333	277693	315596	0.7658385339205526	0.6739470715725168	0.6739470715725168	99.57612285006512	0.7658385339205526	False	False	True	0.9986516084421181	0.7702169625246549	0.6826923076923077	0.7620689655172413	0.5609137055837563
test	NZ_JBRJPJ010000002.1	NZ_JBRETY010000002.1	0.4947368421052631	[0.4, 0.8)	1.5933333333333333	285363	315596	0.7352214547786503	0.6646693874447078	0.6646693874447078	99.3582654218962	0.7352214547786503	False	False	True	0.9980779161089652	0.7017707362534948	0.6582167832167832	0.693069306930693	0.5023923444976076
test	NZ_CP097682.1	NZ_CP146851.1	0.4263565891472868	[0.4, 0.8)	1.5933333333333333	57847	138872	0.969592200114094	0.4039043147646753	0.4039043147646753	99.94665836660488	0.969592200114094	False	False	True	0.9897734982385573	0.9948186528497409	0.42761692650334077	0.9358974358974359	0.47096774193548385
test	NZ_JBVVLY010000002.1	NZ_CP083921.1	0.4391143911439114	[0.4, 0.8)	1.5933333333333333	191497	213279	0.6356392006141088	0.5708719564514088	0.5708719564514088	99.11203171658636	0.6356392006141088	False	False	True	0.9964241650561763	0.582723279648609	0.5115681233933161	0.6335078534031413	0.4033333333333333
test	NZ_JBVVLY010000002.1	NZ_CP131796.1	0.4836363636363636	[0.4, 0.8)	1.5933333333333333	191497	271337	0.7475626250019582	0.5276464322963694	0.5276464322963694	99.1856148407674	0.7475626250019582	False	False	True	0.9983706727791325	0.7349926793557833	0.5212876427829699	0.6492146596858639	0.3712574850299401
test	NZ_MT929283.1	NZ_MT773671.1	0.5119047619047619	[0.4, 0.8)	1.5933333333333333	60643	65579	0.8732252691984236	0.8072553713841322	0.8072553713841322	98.1519156138035	0.8732252691984236	False	False	True	0.9990775162494334	0.6902654867256637	0.643298969072165	0.7012987012987013	0.5192307692307693
test	NZ_MT773671.1	NZ_CP066368.1	0.5176470588235295	[0.4, 0.8)	1.5933333333333333	65579	66038	0.8794888607633541	0.8696962355007722	0.8696962355007722	98.36288257510137	0.8794888607633541	False	False	True	0.9993626465034995	0.7216494845360825	0.7113821138211383	0.7530864197530864	0.5980392156862745
test	NZ_CP073977.1	NZ_AP027422.1	0.7517006802721088	[0.4, 0.8)	1.5933333333333333	241691	249953	0.8680381147829253	0.8418382655939317	0.8418382655939317	99.60382512163136	0.8680381147829253	False	True	True	0.9974881947677965	0.8801261829652997	0.8567041965199591	0.8446215139442231	0.7019867549668874
test	NZ_CP134504.1	NZ_AP027422.1	0.4011627906976744	[0.4, 0.8)	1.5933333333333333	207184	249953	0.8696665765696193	0.7212395930434922	0.7212395930434922	97.86785180298055	0.8696665765696193	False	False	True	0.9960258466932943	0.6731266149870802	0.5332650972364381	0.782608695652174	0.5750798722044729
test	NZ_AP027422.1	NZ_MK477611.1	0.5744047619047619	[0.4, 0.8)	1.5933333333333333	249953	263466	0.7463363112265106	0.7059013307219907	0.7059013307219907	99.77171885918848	0.7463363112265106	False	False	True	0.9977585416057752	0.7389969293756398	0.7198404785643071	0.714828897338403	0.5433526011560693
test	NZ_CP141199.1	NZ_AP027422.1	0.6046511627906976	[0.4, 0.8)	1.5933333333333333	214402	249953	0.7909347860561002	0.6807279768596496	0.6807279768596496	99.6820274090917	0.7909347860561002	False	False	True	0.997557540797316	0.8341404358353511	0.7052200614124872	0.7787610619469026	0.5623003194888179
test	NZ_MW356909.1	NZ_AP027422.1	0.6061538461538462	[0.4, 0.8)	1.5933333333333333	249475	249953	0.7128890670407857	0.7119378443147312	0.7119378443147312	99.5118583057589	0.7128890670407857	False	False	True	0.9983313616646048	0.7481713688610241	0.7328556806550666	0.7126436781609196	0.5502958579881657
test	NZ_AP027422.1	NZ_JBXSEZ010000002.1	0.7058823529411765	[0.4, 0.8)	1.5933333333333333	249953	287195	0.8578892831852388	0.7446508469854977	0.7446508469854977	99.58883498503678	0.8578892831852388	False	False	True	0.9985641573532125	0.8730808597748209	0.764336917562724	0.8250950570342205	0.6536144578313253
test	NZ_CM007865.1	NZ_CP148239.1	0.410958904109589	[0.4, 0.8)	1.5933333333333333	38626	46941	0.921866100554031	0.7601670181717475	0.7601670181717475	95.79766765528822	0.921866100554031	False	False	True	0.9980468823726952	0.5289389067524116	0.47067238912732473	0.782608695652174	0.5714285714285714
test	NZ_CP131687.1	NZ_AP018457.1	0.5784313725490197	[0.4, 0.8)	1.5933333333333333	82641	86535	0.7635435195605087	0.7288842664817704	0.7288842664817704	99.95596135013074	0.7635435195605087	False	False	True	0.9857193942724035	0.7976973684210527	0.7142857142857143	0.7261904761904762	0.5398230088495575
test	NZ_CP138727.1	NZ_CP182818.1	0.5294117647058824	[0.4, 0.8)	1.5933333333333333	277344	278962	0.7649705780546902	0.7598382575404535	0.7598382575404535	98.82176954343684	0.7649705780546902	False	False	True	0.9978283000091268	0.6909090909090909	0.6909090909090909	0.7198581560283688	0.5427807486631016
test	NZ_CP022458.1	NZ_MG299151.1	0.4083333333333333	[0.4, 0.8)	1.5933333333333333	55820	109845	0.9852920100322464	0.5010787928444627	0.5010787928444627	98.29259683916388	0.9852920100322464	False	False	True	0.9661718569199016	0.8146341463414634	0.4073170731707317	0.8305084745762712	0.3684210526315789
test	NZ_CP146671.1	NZ_MG299151.1	0.4621212121212121	[0.4, 0.8)	1.5933333333333333	86055	109845	0.8637150659461972	0.6767353998816514	0.6767353998816514	98.03887904048538	0.8637150659461972	False	False	True	0.9765591496362684	0.69375	0.5414634146341464	0.8021978021978022	0.5177304964539007
test	CP030387.1	NZ_CP014404.1	0.68	[0.4, 0.8)	1.5933333333333333	25430	25980	0.8280377506881635	0.8118937644341802	0.8118937644341802	99.49743787038354	0.8280377506881635	False	True	True	0.9957952238656775	0.7581521739130435	0.7420212765957447	0.7586206896551724	0.5945945945945946
test	NZ_CP151126.1	CP030387.1	0.4782608695652174	[0.4, 0.8)	1.5933333333333333	13364	25430	0.9703681532475308	0.5103027919779788	0.5103027919779788	98.83815970459266	0.9703681532475308	False	False	True	0.9905174711276902	0.8744075829383886	0.47429305912596403	0.9285714285714286	0.43333333333333335
test	NZ_LR878366.1	CP119444.1	0.6007905138339921	[0.4, 0.8)	1.5933333333333333	231165	285256	0.8727315986416628	0.7071332417197185	0.7071332417197185	99.31257995376762	0.8727315986416628	False	False	True	0.9970069779731063	0.8679245283018868	0.6831683168316832	0.8	0.5064935064935064
test	NZ_CP081261.1	NZ_CP010620.1	0.5555555555555556	[0.4, 0.8)	1.5933333333333333	78165	85540	1.0	0.9142038812251578	0.9142038812251578	97.85662067819574	1.0	False	False	True	0.9994937462188846	0.6984126984126984	0.6707317073170732	0.7384615384615385	0.5217391304347826
test	NZ_JBZGES010000003.1	NZ_CP024192.1	0.6221198156682027	[0.4, 0.8)	1.5933333333333333	162786	221606	0.8552332510166722	0.6283358753824355	0.6283358753824355	99.96048722826868	0.8552332510166722	False	False	True	0.9953945544198569	0.8609794628751974	0.6550480769230769	0.8602150537634409	0.5755395683453237
test	CP052444.1	NZ_CP024192.1	0.6221198156682027	[0.4, 0.8)	1.5933333333333333	174931	221606	0.8443843572608628	0.666656137469202	0.666656137469202	99.47491085116604	0.8443843572608628	False	False	True	0.9968661786299259	0.823953823953824	0.6862980769230769	0.8349514563106796	0.6013986013986014
test	NZ_JBYYIK010000003.1	NZ_CP024192.1	0.4135021097046413	[0.4, 0.8)	1.5933333333333333	144341	221606	0.7956852176443283	0.5184155663655317	0.5184155663655317	99.0526250532854	0.7956852176443283	False	False	True	0.9982352577740827	0.7165217391304348	0.4951923076923077	0.7183908045977011	0.4152823920265781
test	NZ_JBXSFE010000003.1	NZ_CP024192.1	0.5922330097087378	[0.4, 0.8)	1.5933333333333333	146840	221606	0.8428697902478889	0.5586581590751153	0.5586581590751153	99.9756962921693	0.8428697902478889	False	False	True	0.9943569107012474	0.8554421768707483	0.6045673076923077	0.8390804597701149	0.5214285714285715
test	NZ_CP129815.1	NZ_CP024192.1	0.615	[0.4, 0.8)	1.5933333333333333	146394	221606	0.9017855923056955	0.595778092650921	0.595778092650921	99.98719390204198	0.9017855923056955	False	False	True	0.9913902643538252	0.9106830122591943	0.625	0.8729281767955801	0.5745454545454546
test	NZ_CP014404.1	CP150837.1	0.7391304347826086	[0.4, 0.8)	1.5933333333333333	25980	27053	0.8741724403387221	0.83820648356929	0.83820648356929	99.6259306948109	0.8741724403387221	False	True	True	0.9987471490660318	0.851063829787234	0.8080808080808081	0.8	0.5714285714285714
test	NZ_CP151126.1	CP150837.1	0.5238095238095238	[0.4, 0.8)	1.5933333333333333	13364	27053	0.9703681532475308	0.4797619487672347	0.4797619487672347	99.19477999386314	0.9703681532475308	False	False	True	0.988284333901902	0.965	0.48737373737373735	0.7857142857142857	0.28205128205128205
test	NC_032101.1	NZ_CP044159.1	0.4939759036144578	[0.4, 0.8)	1.5933333333333333	58120	59694	0.6779593943565038	0.6599155694039602	0.6599155694039602	99.08973505248744	0.6779593943565038	False	False	True	0.9975937874907036	0.6352357320099256	0.6124401913875598	0.631578947368421	0.46153846153846156
test	NZ_CM017184.1	NZ_CP044159.1	0.6029411764705882	[0.4, 0.8)	1.5933333333333333	43405	59694	0.8886533809468955	0.645776794987771	0.645776794987771	99.73069434871609	0.8886533809468955	False	False	True	0.9952685959218598	0.8722044728434505	0.65311004784689	0.8392857142857143	0.5529411764705883
test	NZ_MF344559.1	NZ_CP044159.1	0.4545454545454545	[0.4, 0.8)	1.5933333333333333	42279	59694	0.7425199271505949	0.5259992629074949	0.5259992629074949	99.85991218518166	0.7425199271505949	False	False	True	0.9888706689687079	0.7019867549668874	0.507177033492823	0.6727272727272727	0.39361702127659576
test	CP009881.1	NZ_CP044159.1	0.5945945945945946	[0.4, 0.8)	1.5933333333333333	50272	59694	0.8175724061107574	0.6886454250008376	0.6886454250008376	99.74232302230006	0.8175724061107574	False	False	True	0.9975956315627287	0.7894736842105263	0.6818181818181818	0.7580645161290323	0.5164835164835165
test	NZ_CP149976.1	NZ_CP044159.1	0.4838709677419355	[0.4, 0.8)	1.5933333333333333	58972	59694	0.63472495421556	0.6360773277046269	0.63472495421556	99.75771281187492	0.63472495421556	False	False	True	0.996540854354023	0.6572104018912529	0.6572104018912529	0.6527777777777778	0.46534653465346537
test	NZ_CP042533.1	NZ_CP044159.1	0.4285714285714285	[0.4, 0.8)	1.5933333333333333	51987	59694	0.7224690788081636	0.6289911883941435	0.6289911883941435	98.2687763031915	0.7224690788081636	False	False	True	0.9961380504738016	0.5614973262032086	0.5023923444976076	0.6875	0.4583333333333333
test	NZ_CP178695.1	NZ_CP083889.1	0.4420600858369098	[0.4, 0.8)	1.5933333333333333	153819	219996	0.7243708514552819	0.5065501190930745	0.5065501190930745	98.77096803980456	0.7243708514552819	False	False	True	0.994207515064271	0.6637323943661971	0.5122282608695652	0.6486486486486487	0.37065637065637064
test	NZ_JBUBIP010000002.1	NZ_CP178695.1	0.6228571428571429	[0.4, 0.8)	1.5933333333333333	150224	153819	0.6252529555863244	0.6108803203765465	0.6108803203765465	99.63935523137653	0.6252529555863244	False	False	True	0.9982881867734011	0.7900763358778626	0.7288732394366197	0.7611940298507462	0.5666666666666667
test	NC_017659.1	NZ_CP178695.1	0.4150943396226415	[0.4, 0.8)	1.5933333333333333	147060	153819	0.6814293485652114	0.6515059908073775	0.6515059908073775	99.42562625305467	0.6814293485652114	False	False	True	0.9947535839836887	0.685981308411215	0.6461267605633803	0.6267605633802817	0.4427860696517413
test	NZ_CP178695.1	NZ_CP032263.1	0.4207920792079208	[0.4, 0.8)	1.5933333333333333	153819	155784	0.6238891164290498	0.6161415806501309	0.6161415806501309	99.01355158490644	0.6238891164290498	False	False	True	0.9953243882596463	0.545774647887324	0.545774647887324	0.5202702702702703	0.3422222222222222
test	NZ_CP148451.1	NZ_CP180667.1	0.5	[0.4, 0.8)	1.5933333333333333	2835	4544	0.2165784832451499	0.1353433098591549	0.1353433098591549	95.93528780487806	0.2165784832451499	False	False	False	0.9281732322941179	0.10335195530726257	0.06826568265682657	0.0	0.0
test	NZ_CP021547.1	NZ_CP101557.1	0.7843137254901961	[0.4, 0.8)	1.5933333333333333	45740	46288	0.8842588543944031	0.8739414103007259	0.8739414103007259	99.98772395807585	0.8842588543944031	False	True	True	0.9906448768519869	0.9001447178002895	0.8760563380281691	0.82	0.6721311475409836
test	NZ_CP196097.1	NZ_CP101557.1	0.4626865671641791	[0.4, 0.8)	1.5933333333333333	46176	46288	0.6171171171171171	0.6158831662633945	0.6158831662633945	99.87046233429191	0.6171171171171171	False	False	True	0.9965067647934523	0.6081460674157303	0.6081460674157303	0.5306122448979592	0.3466666666666667
test	NZ_JBRRZW010000022.1	NZ_CP017647.1	0.6458333333333334	[0.4, 0.8)	1.5933333333333333	64439	73891	0.9555548658421142	0.8335521240746505	0.8335521240746505	98.18769113973336	0.9555548658421142	False	False	True	0.9992299885003416	0.8392156862745098	0.7575221238938054	0.9101123595505618	0.7297297297297297
test	NZ_JBRRZW010000022.1	NZ_CP120895.1	0.631578947368421	[0.4, 0.8)	1.5933333333333333	64439	64600	0.9285060289576188	0.9259442724458204	0.9259442724458204	98.36978917745304	0.9285060289576188	False	False	True	0.9328778399260532	0.8117647058823529	0.8117647058823529	0.9186046511627907	0.8229166666666666
test	NZ_JBRRZW010000022.1	NZ_CP137068.1	0.5350877192982456	[0.4, 0.8)	1.5933333333333333	64439	88892	0.9275438787069942	0.6721189758358458	0.6721189758358458	98.10948829163114	0.9275438787069942	False	False	True	0.9440225743002394	0.803921568627451	0.6047197640117994	0.898876404494382	0.6451612903225806
test	NZ_JBRRZA010000030.1	NZ_JBRRZW010000022.1	0.625	[0.4, 0.8)	1.5933333333333333	53809	64439	0.9931238268691112	0.8292804047238473	0.8292804047238473	99.21628668724856	0.9931238268691112	False	True	True	0.9994799363350784	0.9110576923076923	0.7431372549019608	0.9565217391304348	0.717391304347826
test	NZ_JBRRZW010000022.1	NZ_AP025532.1	0.6458333333333334	[0.4, 0.8)	1.5933333333333333	64439	71826	0.9699405639441953	0.8723164313758249	0.8723164313758249	98.2082668165009	0.9699405639441953	False	False	True	0.939357284911204	0.8392156862745098	0.7575221238938054	0.9213483146067416	0.7592592592592593
test	NZ_JBRRZW010000022.1	NZ_CP025267.1	0.6804123711340206	[0.4, 0.8)	1.5933333333333333	64439	74241	0.9927528360154564	0.8642124971377002	0.8642124971377002	98.24193331983744	0.9927528360154564	False	False	True	0.9390835744279051	0.8549019607843137	0.7530224525043178	0.9325842696629213	0.7685185185185185
test	NZ_CP028032.1	NZ_CP028072.1	0.5793650793650794	[0.4, 0.8)	1.5933333333333333	264190	285090	0.9038305764790492	0.8374302851731033	0.8374302851731033	98.72400355387744	0.9038305764790492	False	False	True	0.9988766648886224	0.7177570093457943	0.6620689655172414	0.8458333333333333	0.6744186046511628
test	NZ_CP084396.1	NZ_CP029585.1	0.5	[0.4, 0.8)	1.5933333333333333	4167	8809	1.0	0.4730389374503349	0.4730389374503349	99.76012239020878	1.0	False	False	True	0.9104996558691433	0.9896193771626297	0.5596868884540117	0.5	0.2
test	NZ_OZ411233.1	NZ_OZ410413.1	0.5319148936170213	[0.4, 0.8)	1.5933333333333333	30208	30274	0.9122748940677966	0.9105833388386074	0.9105833388386074	95.02557049452732	0.9122748940677966	False	False	True	0.9988662056107764	0.5560439560439561	0.5560439560439561	0.8636363636363636	0.7307692307692307
test	NZ_CP011988.1	NZ_CP033630.1	0.7058823529411765	[0.4, 0.8)	1.5933333333333333	13841	23185	0.6277003106711943	0.3750700884192365	0.3750700884192365	99.9885016091954	0.6277003106711943	False	False	True	0.9830532305565076	0.6643518518518519	0.6643518518518519	0.8461538461538461	0.6111111111111112
test	NZ_OP378651.1	NZ_CP011988.1	0.6666666666666666	[0.4, 0.8)	1.5933333333333333	9506	13841	0.8285293498842836	0.5684560364135539	0.5684560364135539	99.9873687150838	0.8285293498842836	False	False	True	0.9858199680018845	0.815625	0.6041666666666666	0.6923076923076923	0.45
test	OW967952.1	NZ_CP011988.1	0.7058823529411765	[0.4, 0.8)	1.5933333333333333	9294	13841	0.8465676780718743	0.5684560364135539	0.5684560364135539	100.0	0.8465676780718743	False	False	True	0.9850857334714748	0.8338658146964856	0.6041666666666666	0.75	0.47368421052631576
test	NZ_JBUBJY010000002.1	NZ_OW848789.1	0.4509803921568627	[0.4, 0.8)	1.5933333333333333	74034	92189	0.733514331253208	0.5891049908340474	0.5891049908340474	99.65960210937072	0.733514331253208	False	False	True	0.995630440974011	0.8506787330316742	0.5505124450951684	0.8571428571428571	0.5242718446601942
test	CP055733.1	NZ_CP089314.1	0.4	[0.4, 0.8)	1.5933333333333333	3136	3374	0.3089923469387755	0.2883817427385892	0.2883817427385892	97.53382939362795	0.3089923469387755	False	False	False	0.8792190130954316	0.2649350649350649	0.255	0.0	0.0
test	NZ_CP081233.1	NZ_CP010620.1	0.5775862068965517	[0.4, 0.8)	1.5933333333333333	78194	85540	1.0	0.9142038812251578	0.9142038812251578	97.69547134075428	1.0	False	False	True	0.9901692249426992	0.740495867768595	0.6829268292682927	0.8923076923076924	0.8055555555555556
test	NZ_CP148915.1	NZ_CP118042.1	0.5	[0.4, 0.8)	1.5933333333333333	3796	4711	0.3993677555321391	0.3218000424538315	0.3218000424538315	92.77260446780552	0.3993677555321391	False	False	False	0.9342851360973771	0.18736842105263157	0.14566284779050737	0.16666666666666666	0.09090909090909091
test	NZ_CP125122.1	NZ_CP141546.1	0.5406698564593302	[0.4, 0.8)	1.5933333333333333	333411	348041	0.7826526419344293	0.7523768751382739	0.7523768751382739	99.21236522110792	0.7826526419344293	False	False	True	0.9981548424356731	0.7530762920426579	0.6886721680420105	0.7541436464088398	0.5845824411134903
test	NZ_CP141546.1	NZ_PQ126489.1	0.5492227979274611	[0.4, 0.8)	1.5933333333333333	348041	612637	0.9355133446921484	0.531895722915854	0.531895722915854	99.7417244266417	0.9355133446921484	False	False	True	0.9953401001439123	0.972993248312078	0.5779857397504456	0.9392265193370166	0.5379746835443038
test	NZ_JBZGES010000003.1	NZ_PQ650613.1	0.4	[0.4, 0.8)	1.5933333333333333	162786	192991	0.7722961434029953	0.651253167246141	0.651253167246141	98.79322250314044	0.7722961434029953	False	False	True	0.9982680271086019	0.6777251184834123	0.5773889636608345	0.7419354838709677	0.5227272727272727
test	NZ_JBYYIK010000003.1	NZ_PQ650613.1	0.4605263157894737	[0.4, 0.8)	1.5933333333333333	144341	192991	0.8034169085706764	0.6009140322605717	0.6009140322605717	99.5656248739148	0.8034169085706764	False	False	True	0.995692023326794	0.7669565217391304	0.5935397039030955	0.7528735632183908	0.5057915057915058
test	NZ_JCASKQ010000017.1	NZ_PQ650613.1	0.4449541284403669	[0.4, 0.8)	1.5933333333333333	130759	192991	0.9199443250560192	0.6232363167194325	0.6232363167194325	98.71949260056336	0.9199443250560192	False	False	True	0.9647377823716252	0.7576335877862596	0.5343203230148048	0.8363636363636363	0.5679012345679012
test	NZ_PETB01000002.1	NZ_PQ650613.1	0.6528497409326425	[0.4, 0.8)	1.5933333333333333	128081	192991	0.9945815538604476	0.6601965894782659	0.6601965894782659	99.98663548746606	0.9945815538604476	False	False	True	0.9969614147749095	0.9939879759519038	0.6675639300134589	0.9751552795031055	0.7136363636363636
test	NZ_CP084195.1	NZ_OM048934.1	0.536	[0.4, 0.8)	1.5933333333333333	93861	118931	0.8329338063732541	0.658734896704812	0.658734896704812	99.90922033682062	0.8329338063732541	False	False	True	0.9840083910828746	0.8279569892473119	0.7031963470319634	0.7966101694915254	0.5280898876404494
test	NZ_AP040966.1	NZ_AP042698.1	0.5161290322580645	[0.4, 0.8)	1.5933333333333333	96870	97775	0.8462165789202023	0.8363896701610841	0.8363896701610841	98.0327859311926	0.8462165789202023	False	False	True	0.998916467880188	0.6571815718157181	0.6339869281045751	0.7706422018348624	0.6222222222222222
test	NZ_CP057363.1	NZ_JARKNN010000015.1	0.6666666666666666	[0.4, 0.8)	1.5933333333333333	1552	2783	0.9503865979381444	0.5246137261947539	0.5246137261947539	94.9188048780488	0.9503865979381444	False	False	True	0.7958693860450027	0.4947089947089947	0.27219796215429404	0.5	0.2
test	NZ_MK477607.1	NZ_CP073977.1	0.6993243243243243	[0.4, 0.8)	1.5933333333333333	224296	241691	0.8633056318436352	0.8012379443173308	0.8012379443173308	99.79644755901772	0.8633056318436352	False	True	True	0.9979107805679074	0.8465063001145475	0.7770767613038907	0.8257261410788381	0.6791808873720137
test	NZ_CP141199.1	NZ_MK477607.1	0.7444444444444445	[0.4, 0.8)	1.5933333333333333	214402	224296	0.881400360071268	0.8424492634732674	0.8424492634732674	99.9349962435254	0.881400360071268	False	True	True	0.9982293676770796	0.8946731234866828	0.8465063001145475	0.8495575221238938	0.6981818181818182
test	NZ_MK477607.1	NZ_CP062226.1	0.7171717171717171	[0.4, 0.8)	1.5933333333333333	224296	265014	0.8741083211470557	0.7399760012678576	0.7399760012678576	99.79393895904605	0.8741083211470557	False	False	True	0.9961814660100583	0.8774341351660939	0.7644710578842315	0.8340248962655602	0.6222910216718266
test	NZ_CP086389.1	NZ_MK477607.1	0.4405594405594406	[0.4, 0.8)	1.5933333333333333	142329	224296	0.8446275881935515	0.536001533687627	0.536001533687627	99.80743552169794	0.8446275881935515	False	False	True	0.9969039245676211	0.8067978533094812	0.5166093928980527	0.7960526315789473	0.44485294117647056
test	NZ_LR890629.1	NZ_CP139802.1	0.6	[0.4, 0.8)	1.5933333333333333	5164	10036	1.0	0.514647269828617	0.514647269828617	99.323	1.0	False	False	True	0.8903000267497343	0.9369369369369369	0.9285714285714286	1.0	0.7142857142857143
test	NZ_LR890629.1	NZ_CP124427.1	0.6	[0.4, 0.8)	1.5933333333333333	5164	5167	1.0	1.0	1.0	99.362	1.0	False	True	True	0.9991217201136476	0.9533437013996889	0.9416282642089093	1.0	1.0
test	NZ_JBVWEU010000008.1	NZ_CP139802.1	0.75	[0.4, 0.8)	1.5933333333333333	5166	10036	1.0	0.514647269828617	0.514647269828617	99.014	1.0	False	False	True	0.9985271502306415	0.9212121212121213	0.9047619047619048	0.6666666666666666	0.4444444444444444
test	NZ_JBVWEU010000008.1	NZ_CP142934.1	0.75	[0.4, 0.8)	1.5933333333333333	5166	5167	1.0	1.0	1.0	99.0716244440147	1.0	False	True	True	0.8906420321153596	0.9375975039001561	0.9203675344563553	0.8	0.5714285714285714
test	NZ_JBVWEU010000008.1	NZ_CP124427.1	0.75	[0.4, 0.8)	1.5933333333333333	5166	5167	1.0	1.0	1.0	99.05239721523884	1.0	False	True	True	0.8908763758133896	0.9282371294851794	0.9139784946236559	0.8	0.5714285714285714
test	NZ_CP023547.1	NZ_MH634987.1	0.6	[0.4, 0.8)	1.5933333333333333	25046	26824	0.9714126008145012	0.9072472412764688	0.9072472412764688	96.65774398195612	0.9714126008145012	False	False	True	0.9257581744049862	0.6518518518518519	0.6330935251798561	0.875	0.717948717948718
test	NZ_JCAPTU010000006.1	NC_013104.1	0.7	[0.4, 0.8)	1.5933333333333333	8033	8688	0.6579111166438442	0.6083103130755064	0.6083103130755064	100.0	0.6579111166438442	False	False	True	0.9825997082942242	0.6761363636363636	0.6071428571428571	0.6666666666666666	0.46153846153846156
test	NZ_CP074455.1	OW848843.1	0.4200743494423792	[0.4, 0.8)	1.5933333333333333	159477	252697	0.7614828470563153	0.4805834655733942	0.4805834655733942	99.24100983652436	0.7614828470563153	False	False	True	0.9943635926258996	0.7015437392795884	0.4668949771689498	0.7455621301775148	0.4329896907216495
test	NZ_CP074455.1	OW849035.1	0.5088495575221239	[0.4, 0.8)	1.5933333333333333	159477	204647	0.8327156894097582	0.6469090678094475	0.6469090678094475	99.21122108385212	0.8327156894097582	False	False	True	0.9981733018229263	0.7392795883361921	0.5769745649263721	0.7869822485207101	0.5495867768595041
test	NZ_CP074455.1	NZ_CP141542.1	0.4622222222222222	[0.4, 0.8)	1.5933333333333333	159477	202151	0.7729139625149708	0.6099648282719353	0.6099648282719353	98.48081223957068	0.7729139625149708	False	False	True	0.9961807166041138	0.692967409948542	0.5489130434782609	0.6804733727810651	0.4581673306772908
test	NZ_CP074455.1	NZ_CP020069.1	0.5128205128205128	[0.4, 0.8)	1.5933333333333333	159477	213013	0.8042100114750089	0.6021134860313689	0.6021134860313689	98.81734389683253	0.8042100114750089	False	False	True	0.9937245777805179	0.7495711835334476	0.5638709677419355	0.7692307692307693	0.5416666666666666
test	NZ_CP074455.1	CP067475.1	0.4219409282700422	[0.4, 0.8)	1.5933333333333333	159477	216181	0.7684869918546248	0.5670664859538997	0.5670664859538997	98.51590330892547	0.7684869918546248	False	False	True	0.9989448133039378	0.6826758147512865	0.5006289308176101	0.6804733727810651	0.4423076923076923
test	NZ_CP074455.1	NZ_CP054265.1	0.4292452830188679	[0.4, 0.8)	1.5933333333333333	159477	168717	0.6176564645685585	0.5838771433821133	0.5838771433821133	99.56991084024315	0.6176564645685585	False	False	True	0.9964535465532679	0.5780445969125214	0.5524590163934426	0.6153846153846154	0.4425531914893617
test	NZ_CP074455.1	NZ_CP014121.1	0.5422222222222223	[0.4, 0.8)	1.5933333333333333	159477	200203	0.8509691052628279	0.6780068230745793	0.6780068230745793	99.38134921523424	0.8509691052628279	False	False	True	0.9964973414006594	0.7735849056603774	0.6307692307692307	0.8165680473372781	0.592274678111588
test	NZ_MF344559.1	NC_032101.1	0.4324324324324324	[0.4, 0.8)	1.5933333333333333	42279	58120	0.7501360013245346	0.545956641431521	0.545956641431521	99.17201936154136	0.7501360013245346	False	False	True	0.9876703042149777	0.6589403973509934	0.49379652605459057	0.6909090909090909	0.40860215053763443
test	CP009881.1	NC_032101.1	0.5555555555555556	[0.4, 0.8)	1.5933333333333333	50272	58120	0.8267425206874602	0.7169304886441844	0.7169304886441844	99.00256703354673	0.8267425206874602	False	False	True	0.9974924884636277	0.739612188365651	0.6625310173697271	0.7580645161290323	0.5164835164835165
test	NC_032101.1	NZ_CP149976.1	0.4505494505494505	[0.4, 0.8)	1.5933333333333333	58120	58972	0.6408465244322092	0.6318252730109204	0.6318252730109204	99.13665334191263	0.6408465244322092	False	False	True	0.9962217890478166	0.6203473945409429	0.5910165484633569	0.6388888888888888	0.45098039215686275
test	NZ_CP042533.1	NC_032101.1	0.4615384615384615	[0.4, 0.8)	1.5933333333333333	51987	58120	0.7699232500432801	0.688282863041982	0.688282863041982	98.33248066698285	0.7699232500432801	False	False	True	0.9960006498831214	0.6042780748663101	0.5607940446650124	0.765625	0.5384615384615384
test	NC_032101.1	NZ_MH917123.1	0.4878048780487805	[0.4, 0.8)	1.5933333333333333	58120	65604	0.6534755677907778	0.5785622827876349	0.5785622827876349	99.06334118421051	0.6534755677907778	False	False	True	0.9950151040593397	0.674937965260546	0.5951859956236324	0.6710526315789473	0.49038461538461536
test	NZ_CP126504.1	NZ_JBRXAB010000004.1	0.4269662921348314	[0.4, 0.8)	1.5933333333333333	59874	62657	0.7852323212078699	0.7506264264168409	0.7506264264168409	97.37346027199628	0.7852323212078699	False	False	True	0.9985646322442358	0.565121412803532	0.565121412803532	0.6842105263157895	0.49056603773584906
test	NZ_CP031794.1	NZ_JBXEKV010000004.1	0.6052631578947368	[0.4, 0.8)	1.5933333333333333	53774	55313	0.9568936660839812	0.9309203984596748	0.9309203984596748	96.98389214298184	0.9568936660839812	False	False	True	0.9992940317227771	0.718421052631579	0.610738255033557	0.7636363636363637	0.6
test	NZ_CP107486.1	NZ_CP084709.1	0.7333333333333333	[0.4, 0.8)	1.5933333333333333	10060	11972	1.0	0.8407116605412629	0.8407116605412629	99.82133144616608	1.0	False	True	True	0.9341236276114563	0.9836065573770492	0.8108108108108109	1.0	0.8571428571428571
test	NZ_CP107486.1	NZ_CP138519.1	0.7333333333333333	[0.4, 0.8)	1.5933333333333333	10060	11970	1.0	0.8404344193817878	0.8404344193817878	100.0	1.0	False	True	True	0.996192365197968	1.0	0.8243243243243243	1.0	0.75
test	NZ_CP107486.1	NZ_CP054742.1	0.7333333333333333	[0.4, 0.8)	1.5933333333333333	10060	11970	1.0	0.8404344193817878	0.8404344193817878	100.0	1.0	False	True	True	0.9961865396484091	1.0	0.8221024258760108	0.9166666666666666	0.6875
test	NZ_CP107486.1	NZ_CP152448.1	0.7333333333333333	[0.4, 0.8)	1.5933333333333333	10060	11970	1.0	0.8404344193817878	0.8404344193817878	100.0	1.0	False	True	True	0.9962200306541242	1.0	0.8221024258760108	1.0	0.8571428571428571
test	NZ_CP095675.1	NZ_CP151758.1	0.7894736842105263	[0.4, 0.8)	1.5933333333333333	45322	53097	0.9957415824544372	0.849916191121909	0.849916191121909	99.97557937299214	0.9957415824544372	False	True	True	0.9932608285542139	0.9791044776119403	0.8475452196382429	0.9137931034482759	0.7464788732394366
test	NZ_CP151758.1	NZ_CP185196.1	0.5526315789473685	[0.4, 0.8)	1.5933333333333333	53097	61059	0.7957135054711189	0.6918062857236443	0.6918062857236443	99.96698172781063	0.7957135054711189	False	False	True	0.9714896808537866	0.7571059431524548	0.6910377358490566	0.803030303030303	0.6385542168674698
test	NZ_CP095668.1	NZ_CP151758.1	0.7719298245614035	[0.4, 0.8)	1.5933333333333333	45403	53097	0.9939651564874568	0.849916191121909	0.849916191121909	99.9781211033566	0.9939651564874568	False	True	True	0.9932473168206516	0.9704142011834319	0.8475452196382429	0.8983050847457628	0.7361111111111112
test	NZ_CP151758.1	NZ_JBWIFL010000005.1	0.5588235294117647	[0.4, 0.8)	1.5933333333333333	53097	59700	0.781870915494284	0.6954941373534338	0.6954941373534338	99.98802878061704	0.781870915494284	False	False	True	0.9904351228550741	0.7441860465116279	0.7076167076167076	0.7575757575757576	0.5555555555555556
test	NZ_CP151758.1	NZ_CM007910.1	0.4017857142857143	[0.4, 0.8)	1.5933333333333333	53097	124845	0.8655291259393186	0.368152509111298	0.368152509111298	99.97831138766809	0.8655291259393186	False	False	True	0.9947574717696005	0.8670212765957447	0.4323607427055703	0.8787878787878788	0.4496124031007752
test	NZ_CP151758.1	CP090300.1	0.5757575757575758	[0.4, 0.8)	1.5933333333333333	53097	53824	0.781870915494284	0.7723877824019025	0.7723877824019025	99.97336291913214	0.781870915494284	False	False	True	0.9897329160563374	0.7441860465116279	0.7441860465116279	0.7538461538461538	0.5975609756097561
test	NZ_CP059715.1	NZ_CP151758.1	0.7457627118644068	[0.4, 0.8)	1.5933333333333333	45739	53097	0.9617175714379412	0.8284837184775035	0.8284837184775035	99.99061480757427	0.9617175714379412	False	True	True	0.9530070744880305	0.9335260115606936	0.834625322997416	0.8813559322033898	0.7123287671232876
test	NZ_CP095675.1	NZ_ON209126.1	0.7931034482758621	[0.4, 0.8)	1.5933333333333333	45322	54035	1.0	0.8390857777366522	0.8390857777366522	99.97588718570798	1.0	False	True	True	0.9552734240317821	0.9940298507462687	0.8283582089552238	0.9137931034482759	0.7361111111111112
test	NZ_CP095675.1	NZ_JBYDGO010000004.1	0.6551724137931034	[0.4, 0.8)	1.5933333333333333	45322	57114	0.897908300604563	0.7126273768252968	0.7126273768252968	99.98546374781948	0.897908300604563	False	False	True	0.9973178571484295	0.8656716417910447	0.7397959183673469	0.8793103448275862	0.6623376623376623
test	NZ_CP095675.1	NZ_JBWIFL010000005.1	0.6551724137931034	[0.4, 0.8)	1.5933333333333333	45322	59700	0.897908300604563	0.6817587939698493	0.6817587939698493	99.98996103289846	0.897908300604563	False	False	True	0.9970140972908226	0.8686567164179104	0.714987714987715	0.8793103448275862	0.6296296296296297
test	NZ_CP095675.1	NZ_CM007910.1	0.4554455445544554	[0.4, 0.8)	1.5933333333333333	45322	124845	0.962071400202992	0.3492490688453682	0.3492490688453682	99.96809044212073	0.962071400202992	False	False	True	0.9846833101882401	1.0	0.4403183023872679	0.9137931034482759	0.42063492063492064
test	NZ_CP095675.1	CP090300.1	0.6785714285714286	[0.4, 0.8)	1.5933333333333333	45322	53824	0.897908300604563	0.7571529429250892	0.7571529429250892	99.97049339942092	0.897908300604563	False	False	True	0.9977344543529149	0.8656716417910447	0.7671957671957672	0.8620689655172413	0.684931506849315
test	NZ_CP073977.1	NZ_MK477611.1	0.6196319018404908	[0.4, 0.8)	1.5933333333333333	241691	263466	0.7924498636688996	0.7270843296668261	0.7270843296668261	99.71347529211614	0.7924498636688996	False	False	True	0.9960311274966167	0.7875920084121977	0.7467597208374875	0.8007968127490039	0.6261682242990654
test	NZ_CP091543.1	NZ_CP073977.1	0.4590163934426229	[0.4, 0.8)	1.5933333333333333	185529	241691	0.6976860760312404	0.5355846928516164	0.5355846928516164	99.57621804099033	0.6976860760312404	False	False	True	0.9966111345607535	0.7126269956458636	0.5162986330178759	0.7032967032967034	0.419672131147541
test	NZ_CP141199.1	NZ_CP073977.1	0.6678200692041523	[0.4, 0.8)	1.5933333333333333	214402	241691	0.8204307795636234	0.7275860499563492	0.7275860499563492	99.8133217773382	0.8204307795636234	False	False	True	0.9992795759098686	0.8595641646489104	0.7465825446898002	0.831858407079646	0.6505190311418685
test	NZ_CP073977.1	NZ_CP062226.1	0.6230529595015576	[0.4, 0.8)	1.5933333333333333	241691	265014	0.7946923964897328	0.7248937791965707	0.7248937791965707	99.8287976507692	0.7946923964897328	False	False	True	0.9969585362912196	0.7812828601472135	0.7415169660678643	0.7808764940239044	0.5798816568047337
test	NZ_CP086389.1	NZ_CP073977.1	0.429054054054054	[0.4, 0.8)	1.5933333333333333	142329	241691	0.8440514582411174	0.4970685710266415	0.4970685710266415	99.74361424065646	0.8440514582411174	False	False	True	0.9989415610655434	0.8121645796064401	0.4773922187171398	0.7894736842105263	0.42402826855123676
test	NZ_CP073977.1	NZ_JBVTJX020000002.1	0.6349206349206349	[0.4, 0.8)	1.5933333333333333	241691	257061	0.8087475330070214	0.7604070629150279	0.7604070629150279	99.72866505745598	0.8087475330070214	False	False	True	0.9970050746300271	0.7928496319663512	0.7631578947368421	0.7649402390438247	0.5549132947976878
test	NZ_CP073977.1	NZ_JBXSEZ010000002.1	0.7080745341614907	[0.4, 0.8)	1.5933333333333333	241691	287195	0.8777033484904279	0.7387802712442766	0.7387802712442766	99.77815922114152	0.8777033484904279	False	False	True	0.999096731866538	0.8916929547844374	0.7598566308243727	0.8725099601593626	0.6886792452830188
test	NZ_OL891654.1	NZ_CP084709.1	0.7333333333333333	[0.4, 0.8)	1.5933333333333333	10059	11972	1.0	0.8407116605412629	0.8407116605412629	99.8113280691299	1.0	False	True	True	0.9343029496247229	0.9819967266775778	0.8108108108108109	0.9285714285714286	0.8666666666666667
test	NZ_OL891654.1	NZ_CP138519.1	0.7333333333333333	[0.4, 0.8)	1.5933333333333333	10059	11970	1.0	0.8404344193817878	0.8404344193817878	99.98996421471172	1.0	False	True	True	0.9962625982871515	0.9983633387888707	0.8243243243243243	0.9285714285714286	0.7647058823529411
test	NZ_OL891654.1	NZ_CP054742.1	0.7333333333333333	[0.4, 0.8)	1.5933333333333333	10059	11970	1.0	0.8404344193817878	0.8404344193817878	99.99005238568589	1.0	False	True	True	0.9962551273187827	0.9983633387888707	0.8221024258760108	0.8571428571428571	0.7058823529411765
test	NZ_OL891654.1	NZ_CP152448.1	0.7333333333333333	[0.4, 0.8)	1.5933333333333333	10059	11970	1.0	0.8404344193817878	0.8404344193817878	99.98988817097414	1.0	False	True	True	0.996288654183112	0.9983633387888707	0.8221024258760108	0.9285714285714286	0.8666666666666667
test	NZ_CP098487.1	JX469831.1	0.5373134328358209	[0.4, 0.8)	1.5933333333333333	49381	54342	0.9177416415220429	0.8341798240771411	0.8341798240771411	98.032715254984	0.9177416415220429	False	False	True	0.9989446566347079	0.7441860465116279	0.7024390243902439	0.8214285714285714	0.6301369863013698
test	NZ_CP083424.1	NZ_CP103566.1	0.75	[0.4, 0.8)	1.5933333333333333	1617	1902	1.0	0.8501577287066246	0.8501577287066246	98.3299517625232	1.0	False	False	True	0.9857984426140746	0.7927461139896373	0.6754966887417219	1.0	1.0
test	CP122738.1	NZ_CP062972.1	0.4867256637168141	[0.4, 0.8)	1.5933333333333333	93581	136326	0.756595890191385	0.5202089109927673	0.5202089109927673	97.73722360528318	0.756595890191385	False	False	True	0.9880052496783437	0.5552325581395349	0.5552325581395349	0.6979166666666666	0.5
test	NZ_CP145710.1	NZ_CP062972.1	0.4201680672268907	[0.4, 0.8)	1.5933333333333333	95144	136326	0.7605734465652064	0.5311826063993662	0.5311826063993662	97.92835018204887	0.7605734465652064	False	False	True	0.9969203578777668	0.5964912280701754	0.5964912280701754	0.6875	0.4852941176470588
test	NZ_AP045063.1	NZ_CP062972.1	0.448	[0.4, 0.8)	1.5933333333333333	93025	136326	0.7598387530233808	0.5188151929932662	0.5188151929932662	98.17929213514888	0.7598387530233808	False	False	True	0.9961684991049572	0.5969696969696969	0.5969696969696969	0.6666666666666666	0.46715328467153283
test	CP082669.1	NZ_CP062972.1	0.4827586206896552	[0.4, 0.8)	1.5933333333333333	99345	136326	0.7853440032210982	0.5730161524580785	0.5730161524580785	98.22015515521916	0.7853440032210982	False	False	True	0.9964227853974373	0.6371951219512195	0.6371951219512195	0.7083333333333334	0.5230769230769231
test	NZ_CP101209.1	NZ_AP027542.1	0.6666666666666666	[0.4, 0.8)	1.5933333333333333	1549	1552	0.9703034215622982	0.9690721649484536	0.9690721649484536	95.55065737051792	0.9703034215622982	False	False	True	0.8687400043601328	0.5112582781456954	0.5	1.0	0.5
test	NZ_AP027542.1	CP077360.1	0.6666666666666666	[0.4, 0.8)	1.5933333333333333	1552	1628	0.6958762886597938	0.6633906633906634	0.6633906633906634	97.225	0.6958762886597938	False	False	True	0.9826580616751687	0.6336898395721925	0.609254498714653	0.5	0.3333333333333333
test	NZ_AP027542.1	NZ_RRNF01000141.1	0.6666666666666666	[0.4, 0.8)	1.5933333333333333	1552	3263	0.8073453608247423	0.3840024517315354	0.3840024517315354	96.81	0.8073453608247423	False	False	True	0.9528528853056758	0.5904255319148937	0.5634517766497462	0.5	0.3333333333333333
test	CP057777.1	NZ_AP027542.1	0.6666666666666666	[0.4, 0.8)	1.5933333333333333	1551	1552	1.0	1.0	1.0	95.9455933075933	1.0	False	False	True	0.868207850041426	0.5618421052631579	0.5531088082901554	1.0	1.0
test	CP099101.1	NZ_AP027542.1	0.6666666666666666	[0.4, 0.8)	1.5933333333333333	1548	1552	0.9760981912144704	0.9742268041237112	0.9742268041237112	95.70663672391017	0.9760981912144704	False	False	True	0.8661962633177459	0.5653298835705045	0.5653298835705045	1.0	0.5
test	NZ_CP022458.1	CP054459.1	0.5934065934065934	[0.4, 0.8)	1.5933333333333333	55820	83055	0.9924758151200288	0.6670278730961411	0.6670278730961411	99.42609027439518	0.9924758151200288	False	False	True	0.9977068752927597	0.9261083743842364	0.6174055829228243	0.8813559322033898	0.5306122448979592
test	NZ_CP022458.1	NZ_AP022296.1	0.4414414414414414	[0.4, 0.8)	1.5933333333333333	55820	105884	0.9852382658545324	0.5195780287862188	0.5195780287862188	98.2737895673007	0.9852382658545324	False	False	True	0.9947928977609708	0.8097560975609757	0.4322916666666667	0.8305084745762712	0.3828125
test	NZ_CP085909.1	NZ_CP018130.1	0.5365853658536586	[0.4, 0.8)	1.5933333333333333	63475	71104	0.6895943284757778	0.6149583708370837	0.6149583708370837	99.71219664717702	0.6895943284757778	False	False	True	0.8926266366919914	0.6843177189409368	0.6233766233766234	0.6533333333333333	0.45794392523364486
test	NZ_CP025275.1	NZ_CP047280.1	0.4	[0.4, 0.8)	1.5933333333333333	125113	262422	0.8209138938399687	0.3870864485447104	0.3870864485447104	99.94055248505852	0.8209138938399687	False	False	True	0.9842538829319913	0.9657534246575342	0.4334016393442623	0.841726618705036	0.39
test	NZ_CP072583.1	NZ_LR135303.1	0.5	[0.4, 0.8)	1.5933333333333333	6173	7038	0.8634375506236838	0.7587382779198636	0.7587382779198636	93.862101119403	0.8634375506236838	False	False	True	0.9906074165778087	0.5187165775401069	0.45647058823529413	0.75	0.5454545454545454
test	NZ_CP049847.1	NZ_RRND01000164.1	0.4047619047619047	[0.4, 0.8)	1.5933333333333333	90408	92980	0.7779731882134324	0.7563669606366961	0.7563669606366961	97.75009053720068	0.7779731882134324	False	False	True	0.9951014355022106	0.550624133148405	0.550624133148405	0.7047619047619048	0.5285714285714286
test	CP052164.1	NZ_CP196661.1	0.4661016949152542	[0.4, 0.8)	1.5933333333333333	92461	95080	0.643460486042764	0.6257257046697517	0.6257257046697517	97.613235129238	0.643460486042764	False	False	True	0.9780168167654826	0.590782122905028	0.5866851595006934	0.6929824561403509	0.5231788079470199
test	NZ_CP196661.1	NZ_CP136270.1	0.4180327868852459	[0.4, 0.8)	1.5933333333333333	95080	107188	0.7522507362221287	0.6671455759973132	0.6671455759973132	97.65372470184066	0.7522507362221287	False	False	True	0.9822786358224842	0.6831955922865014	0.6093366093366094	0.75	0.564935064935065
test	NZ_CP134504.1	NZ_CP088223.1	0.5474683544303798	[0.4, 0.8)	1.5933333333333333	207184	277693	0.9597604062089736	0.7170508439175637	0.7170508439175637	99.06253220306732	0.9597604062089736	False	False	True	0.9943852302846823	0.8423772609819121	0.6429980276134122	0.8565217391304348	0.6099071207430341
test	NZ_CP134504.1	NZ_CP141199.1	0.4119496855345912	[0.4, 0.8)	1.5933333333333333	207184	214402	0.7989902695188817	0.7723575339782278	0.7723575339782278	97.87510906841294	0.7989902695188817	False	False	True	0.9966656285935771	0.648578811369509	0.6077481840193705	0.7389380530973452	0.5778546712802768
test	NZ_CP134504.1	NZ_MW356909.1	0.4063400576368876	[0.4, 0.8)	1.5933333333333333	207184	249475	0.8743821916750328	0.7261889968934763	0.7261889968934763	97.90704953526216	0.8743821916750328	False	False	True	0.9938145165707312	0.6679586563307494	0.5402298850574713	0.7869565217391304	0.5838709677419355
test	NZ_CP134504.1	NZ_JBVTJX020000002.1	0.4011627906976744	[0.4, 0.8)	1.5933333333333333	207184	257061	0.8795273766314001	0.7089328991951327	0.7089328991951327	97.84457696736412	0.8795273766314001	False	False	True	0.9928051975545908	0.6757105943152455	0.5293522267206477	0.7565217391304347	0.5072886297376094
test	NZ_CP134504.1	NZ_KY019259.1	0.4122807017543859	[0.4, 0.8)	1.5933333333333333	207184	249153	0.873629237778979	0.726497373100063	0.726497373100063	97.91272270990676	0.873629237778979	False	False	True	0.9937223546445333	0.6692506459948321	0.547568710359408	0.7869565217391304	0.5895765472312704
test	NZ_CM017184.1	CP009881.1	0.7017543859649122	[0.4, 0.8)	1.5933333333333333	43405	50272	0.909803018085474	0.7847509548058561	0.7847509548058561	99.6100450518856	0.909803018085474	False	False	True	0.9977092381953473	0.893312101910828	0.7581081081081081	0.8392857142857143	0.6619718309859155
test	NZ_CM017184.1	NZ_AP018744.1	0.609375	[0.4, 0.8)	1.5933333333333333	43405	51983	0.8772030872019353	0.7320470153704095	0.7320470153704095	99.71389569006249	0.8772030872019353	False	False	True	0.9976934252374251	0.865814696485623	0.7245989304812834	0.8392857142857143	0.6103896103896104
test	NZ_CM017184.1	NZ_CP042533.1	0.5714285714285714	[0.4, 0.8)	1.5933333333333333	43405	51987	0.867503743808317	0.7243349298863178	0.7243349298863178	98.2517489853842	0.867503743808317	False	False	True	0.9968718023638339	0.670926517571885	0.5614973262032086	0.8035714285714286	0.6
test	NZ_RRTN01000193.1	NZ_CP062707.1	0.4883720930232558	[0.4, 0.8)	1.5933333333333333	35382	35988	0.6694646995647504	0.6583027675891964	0.6583027675891964	98.02728295603056	0.6694646995647504	False	False	True	0.9786706912646466	0.5114068441064639	0.4829443447037702	0.38636363636363635	0.19540229885057472
test	NZ_CP032263.1	NZ_CP083889.1	0.4159663865546218	[0.4, 0.8)	1.5933333333333333	155784	219996	0.7725311970420582	0.5468735795196277	0.5468735795196277	98.70177173804782	0.7725311970420582	False	False	True	0.9917881556535326	0.6469500924214417	0.47554347826086957	0.6493506493506493	0.3831417624521073
test	NZ_RREW01000095.1	NZ_CP125686.1	0.75	[0.4, 0.8)	1.5933333333333333	4950	4961	0.9997979797979798	0.9993952832090304	0.9993952832090304	98.57	0.9997979797979798	False	False	True	0.9981319224637708	0.8347107438016529	0.8251633986928104	0.0	0.0
test	NZ_MZ690481.1	NZ_CP110266.1	0.7823834196891192	[0.4, 0.8)	1.5933333333333333	201689	224600	0.9198419348601063	0.8257569011576136	0.8257569011576136	99.855876629641	0.9198419348601063	False	True	True	0.9969823910017478	0.9384615384615385	0.842964824120603	0.9119170984455959	0.7822222222222223
test	OW970229.1	NZ_JBFMZG010000029.1	0.4	[0.4, 0.8)	1.5933333333333333	2615	5398	0.6982791586998088	0.3404964801778436	0.3404964801778436	99.34725571273124	0.6982791586998088	False	False	True	0.8799623040897978	0.6635220125786163	0.3359872611464968	0.2	0.1
test	NZ_CP074503.1	NZ_RRDF01000179.1	0.5	[0.4, 0.8)	1.5933333333333333	627	2613	1.0	0.2399540757749713	0.2399540757749713	94.913	1.0	False	False	True	0.7430111769680039	0.5256410256410257	0.12220566318926974	0.5	0.3333333333333333
test	NZ_OP378628.1	NZ_CP095666.1	0.4107142857142857	[0.4, 0.8)	1.5933333333333333	74826	99379	0.7477213802688905	0.5603095221324425	0.5603095221324425	97.34238612626103	0.7477213802688905	False	False	True	0.9919144318262857	0.5721925133689839	0.41365979381443296	0.6547619047619048	0.3716216216216216
test	NZ_OP378628.1	NZ_CP193630.1	0.4838709677419355	[0.4, 0.8)	1.5933333333333333	74826	88723	0.7516104028011654	0.6317189454820058	0.6317189454820058	97.58671818133494	0.7516104028011654	False	False	True	0.9945447404555839	0.5935828877005348	0.5015060240963856	0.6904761904761905	0.4603174603174603
test	NZ_OP378628.1	NZ_AP022534.1	0.4516129032258064	[0.4, 0.8)	1.5933333333333333	74826	111171	0.8528853607034987	0.5739446438369719	0.5739446438369719	96.7441765395436	0.8528853607034987	False	False	True	0.9988660133426641	0.6195652173913043	0.6195652173913043	0.7857142857142857	0.6111111111111112
test	NZ_OP378628.1	NZ_CP135667.1	0.5172413793103449	[0.4, 0.8)	1.5933333333333333	74826	76366	0.735359367064924	0.7171908964722521	0.7171908964722521	97.48527025998042	0.735359367064924	True	False	True	0.9964892110490936	0.5614973262032086	0.5440414507772021	0.6785714285714286	0.504424778761062
test	NZ_OP378628.1	CP104420.1	0.5056179775280899	[0.4, 0.8)	1.5933333333333333	74826	83397	0.7323256622029776	0.6543280933366907	0.6543280933366907	97.49423520527004	0.7323256622029776	False	False	True	0.9598892362634315	0.5757575757575758	0.5192926045016077	0.6666666666666666	0.45161290322580644
test	NZ_CP074870.1	CP122738.1	0.4732142857142857	[0.4, 0.8)	1.5933333333333333	92785	93581	0.8138815541305168	0.8075357177204775	0.8075357177204775	97.22708021729647	0.8138815541305168	False	False	True	0.9859328242918706	0.5837988826815642	0.5837988826815642	0.7047619047619048	0.5441176470588235
test	NZ_CP074870.1	NZ_AP045063.1	0.5213675213675214	[0.4, 0.8)	1.5933333333333333	92785	93025	0.8716064018968583	0.8698629400698736	0.8698629400698736	98.59444165452166	0.8716064018968583	False	False	True	0.9994175220113317	0.7541899441340782	0.7427785419532325	0.8	0.6666666666666666
test	NZ_KX246268.1	NZ_CP074870.1	0.4090909090909091	[0.4, 0.8)	1.5933333333333333	86207	92785	0.8252346097184683	0.7653607802985396	0.7653607802985396	97.6716892571268	0.8252346097184683	False	False	True	0.9990556141806962	0.600609756097561	0.5502793296089385	0.7263157894736842	0.5267175572519084
test	NZ_CP074870.1	CP082669.1	0.5089285714285714	[0.4, 0.8)	1.5933333333333333	92785	99345	0.8273320040954896	0.7725099401077055	0.7725099401077055	98.34483232417932	0.8273320040954896	False	False	True	0.9991964623088488	0.7053072625698324	0.7053072625698324	0.7843137254901961	0.6299212598425197
test	NZ_CP074870.1	NZ_CP043828.1	0.4132231404958678	[0.4, 0.8)	1.5933333333333333	92785	97743	0.8007975427062564	0.7601976612135908	0.7601976612135908	97.23803749899196	0.8007975427062564	False	False	True	0.9840465357756546	0.5642458100558659	0.5496598639455782	0.6857142857142857	0.4864864864864865
test	NZ_CP173443.1	NZ_CP085077.1	0.4857142857142857	[0.4, 0.8)	1.5933333333333333	50702	56811	0.8234191945090923	0.7323581700726972	0.7323581700726972	98.06194044457206	0.8234191945090923	False	False	True	0.9980498729311108	0.6149870801033591	0.5372460496613995	0.6491228070175439	0.44047619047619047
test	NZ_OW967379.1	NZ_CP115006.1	0.6	[0.4, 0.8)	1.5933333333333333	5413	5413	1.0	1.0	1.0	98.5408256372368	1.0	False	False	True	0.9977872339956936	0.788546255506608	0.788546255506608	0.75	0.5
test	NZ_CP068927.1	NZ_CP061958.1	0.5121951219512195	[0.4, 0.8)	1.5933333333333333	63589	109135	0.9304753966881064	0.541980116369634	0.541980116369634	98.9677757971039	0.9304753966881064	False	False	True	0.9965691151420477	0.7764227642276422	0.4948186528497409	0.7951807228915663	0.4852941176470588
test	NZ_CP068927.1	NZ_CP175912.1	0.4859813084112149	[0.4, 0.8)	1.5933333333333333	63589	81078	0.9122646998694742	0.7123880707466884	0.7123880707466884	98.07705572307322	0.9122646998694742	False	False	True	0.9986037848369633	0.728744939271255	0.5529953917050692	0.9156626506024096	0.7169811320754716
test	NZ_CP048364.1	NZ_CP139802.1	0.4285714285714285	[0.4, 0.8)	1.5933333333333333	7872	10036	0.657520325203252	0.514647269828617	0.514647269828617	99.63273145285936	0.657520325203252	False	False	True	0.9195738251058108	0.6596194503171248	0.6596194503171248	0.5714285714285714	0.36363636363636365
test	NZ_AP027431.1	NZ_JCAPTQ010000002.1	0.4159021406727828	[0.4, 0.8)	1.5933333333333333	201683	249807	0.6389680835767021	0.5160744094440909	0.5160744094440909	99.62944529311414	0.6389680835767021	False	False	True	0.9969683102577446	0.640764331210191	0.5479302832244008	0.6126126126126126	0.4108761329305136
test	NZ_AP040966.1	NZ_JBTHVH010000001.1	0.4	[0.4, 0.8)	1.5933333333333333	96870	97926	0.7956436461236709	0.7868186181402284	0.7868186181402284	97.75379167963482	0.7956436461236709	False	False	True	0.9958736043048024	0.6029810298102981	0.5719794344473008	0.75	0.5955882352941176
test	CP080739.1	OW848843.1	0.6692307692307692	[0.4, 0.8)	1.5933333333333333	206152	252697	0.8848082967907175	0.7218645254989177	0.7218645254989177	99.75876606148316	0.8646138584508729	True	False	True	0.998355152319719	0.8650793650793651	0.7465753424657534	0.8672985781990521	0.6630434782608695
test	OW849024.1	OW848843.1	0.4018987341772151	[0.4, 0.8)	1.5933333333333333	242397	252697	0.561360082839309	0.5382968535439677	0.5382968535439677	98.71072790444852	0.561360082839309	False	False	True	0.9966837897185611	0.49138920780711826	0.4885844748858447	0.5418502202643172	0.3494318181818182
test	NZ_CP056884.1	OW848843.1	0.4045307443365696	[0.4, 0.8)	1.5933333333333333	198658	252697	0.6679167211992469	0.5250279979580288	0.5250279979580288	99.20988627631203	0.6679167211992469	False	False	True	0.9968371273735732	0.6173333333333333	0.5285388127853882	0.6415094339622641	0.41975308641975306
test	NZ_CP080351.1	OW848843.1	0.4271186440677966	[0.4, 0.8)	1.5933333333333333	193800	252697	0.7160268317853458	0.549187366688168	0.549187366688168	99.00025695454872	0.7160268317853458	False	False	True	0.9943292567266103	0.6553191489361702	0.5273972602739726	0.732620320855615	0.4597315436241611
test	NZ_CP054265.1	OW848843.1	0.6291666666666667	[0.4, 0.8)	1.5933333333333333	168717	252697	0.9558787792575734	0.6382070226397623	0.6382070226397623	99.7883632350662	0.9558787792575734	False	False	True	0.9972953913026423	0.9491803278688524	0.660958904109589	0.9235294117647059	0.6015325670498084
test	NZ_CP014121.1	OW848843.1	0.5934065934065934	[0.4, 0.8)	1.5933333333333333	200203	252697	0.8233143359490117	0.652354400724979	0.652354400724979	99.47173460278955	0.8233143359490117	False	False	True	0.9974522678362291	0.772027972027972	0.6301369863013698	0.7673267326732673	0.5254237288135594
test	NZ_CP068342.1	NZ_CP061958.1	0.5416666666666666	[0.4, 0.8)	1.5933333333333333	63675	109135	0.9293757361601884	0.541980116369634	0.541980116369634	99.1402665303916	0.9293757361601884	False	False	True	0.9965461650853047	0.8073770491803278	0.5103626943005182	0.7951807228915663	0.4852941176470588
test	NZ_CP068342.1	NZ_CP175912.1	0.4629629629629629	[0.4, 0.8)	1.5933333333333333	63675	81078	0.9111739301138594	0.7123757369446706	0.7123757369446706	97.81738162178924	0.9111739301138594	False	False	True	0.9985817979954611	0.6909090909090909	0.5253456221198156	0.9156626506024096	0.7169811320754716
test	NZ_JBVWFR010000002.1	NZ_CP068342.1	0.5393258426966292	[0.4, 0.8)	1.5933333333333333	58585	63675	0.9593240590594864	0.8829996073812328	0.8829996073812328	97.91648914570185	0.9593240590594864	False	False	True	0.998854831873091	0.7264770240700219	0.6707070707070707	0.8961038961038961	0.7582417582417582
test	NZ_OP006451.1	NZ_CP097707.1	0.4860335195530726	[0.4, 0.8)	1.5933333333333333	136951	159393	0.6818059013807858	0.5858036425689961	0.5858036425689961	99.9537739835309	0.6818059013807858	False	False	True	0.994914739672489	0.7572383073496659	0.617059891107078	0.7419354838709677	0.5324074074074074
test	NC_017659.1	NZ_JBUBIP010000002.1	0.4607843137254901	[0.4, 0.8)	1.5933333333333333	147060	150224	0.6441520467836257	0.6305051123655341	0.6305051123655341	99.68030584998702	0.6441520467836257	False	False	True	0.9946087388017445	0.6355140186915887	0.6355140186915887	0.582089552238806	0.3939393939393939
test	NZ_CP066533.1	NZ_JCCDRD010000005.1	0.7142857142857143	[0.4, 0.8)	1.5933333333333333	6373	7624	0.8794916052094774	0.7357030430220357	0.7357030430220357	100.0	0.8794916052094774	False	False	True	0.9899086575135634	0.8616504854368932	0.7215447154471545	0.6666666666666666	0.4
test	NZ_MF344559.1	CP009881.1	0.5873015873015873	[0.4, 0.8)	1.5933333333333333	42279	50272	0.791007355897727	0.6650819541693189	0.6650819541693189	99.9762766714508	0.791007355897727	False	False	True	0.98781413497581	0.7846410684474123	0.6351351351351351	0.7090909090909091	0.5
test	NZ_MF344559.1	NZ_CP118928.1	0.6376811594202898	[0.4, 0.8)	1.5933333333333333	42279	67839	0.9348139738404408	0.5826736832795295	0.5826736832795295	99.97205318664643	0.9348139738404408	False	False	True	0.9911117493693009	0.9105960264900662	0.5717255717255717	0.8363636363636363	0.48936170212765956
test	NZ_MF344559.1	NZ_MH917123.1	0.6417910447761194	[0.4, 0.8)	1.5933333333333333	42279	65604	0.8643771139336314	0.5570239619535394	0.5570239619535394	99.91524261487966	0.8643771139336314	False	False	True	0.9934223286899564	0.9039735099337748	0.5973741794310722	0.8727272727272727	0.5581395348837209
test	NZ_CP125141.1	CP067788.1	0.7058823529411765	[0.4, 0.8)	1.5933333333333333	9294	13841	0.8465676780718743	0.5684560364135539	0.5684560364135539	100.0	0.8465676780718743	False	False	True	0.9304216648968983	0.8269230769230769	0.6	0.9090909090909091	0.5882352941176471
test	NZ_JBTLFT010000004.1	NZ_JBXEKV010000004.1	0.4880952380952381	[0.4, 0.8)	1.5933333333333333	54697	55313	0.8963197250306233	0.88866993292716	0.88866993292716	96.91575107400502	0.8963197250306233	False	False	True	0.9989515154707854	0.6515513126491647	0.610738255033557	0.8545454545454545	0.7230769230769231
test	OW969808.1	NZ_JBTLFT010000004.1	0.625	[0.4, 0.8)	1.5933333333333333	53236	54697	0.9091779998497258	0.8859535257875203	0.8859535257875203	97.98621778116755	0.9091779998497258	False	False	True	0.9992007974689514	0.739454094292804	0.711217183770883	0.8727272727272727	0.7619047619047619
test	CP057169.1	NZ_CP118042.1	0.4	[0.4, 0.8)	1.5933333333333333	4076	4711	0.3979391560353287	0.3440883039694332	0.3440883039694332	91.19767114914424	0.3979391560353287	False	False	False	0.9620823809118413	0.17592592592592593	0.15548281505728315	0.5	0.25
test	NZ_CP151126.1	NZ_CP014404.1	0.5789473684210527	[0.4, 0.8)	1.5933333333333333	13364	25980	0.9703681532475308	0.5009237875288683	0.5009237875288683	99.48558653255527	0.9703681532475308	False	False	True	0.9863424381084523	0.95	0.5053191489361702	0.9285714285714286	0.41935483870967744
test	NZ_CP014404.1	NZ_CP014408.1	0.7391304347826086	[0.4, 0.8)	1.5933333333333333	25980	27098	0.8741724403387221	0.8384751642187616	0.8384751642187616	99.78421429199648	0.8741724403387221	False	True	True	0.9987957409239243	0.8457446808510638	0.8050632911392405	0.8	0.6
test	NZ_OW848789.1	NZ_CP059930.1	0.4384615384615384	[0.4, 0.8)	1.5933333333333333	92189	99943	0.6180563841673085	0.5700849484205998	0.5700849484205998	99.85767581366788	0.6180563841673085	False	False	True	0.9943735894738361	0.6325036603221084	0.6118980169971672	0.5957446808510638	0.4
test	NZ_CP101766.1	NZ_OP006451.1	0.4355828220858895	[0.4, 0.8)	1.5933333333333333	127176	136951	0.6754025916839655	0.6271951281845332	0.6271951281845332	99.33053477087066	0.6754025916839655	False	False	True	0.9976813463731043	0.6713615023474179	0.6369710467706013	0.7428571428571429	0.5445026178010471
test	NZ_OP006451.1	NZ_CP146851.1	0.4022988505747126	[0.4, 0.8)	1.5933333333333333	136951	138872	0.6612730100546911	0.6521112967336828	0.6521112967336828	99.34883662951108	0.6612730100546911	False	False	True	0.9947640706728251	0.6369710467706013	0.6369710467706013	0.7	0.525
test	NC_010487.1	NZ_CP180667.1	0.5	[0.4, 0.8)	1.5933333333333333	3565	4544	0.2827489481065918	0.2211707746478873	0.2211707746478873	86.2474626719057	0.2827489481065918	False	False	False	0.9210200294732502	0.09586056644880174	0.08118081180811808	0.0	0.0
test	NZ_CP130069.1	NZ_CP101209.1	0.5	[0.4, 0.8)	1.5933333333333333	1538	1549	1.0	1.0	1.0	95.035	1.0	False	False	True	0.9738997531639908	0.5109114249037228	0.5109114249037228	1.0	0.5
test	NZ_CP101209.1	NZ_OY754363.1	0.6666666666666666	[0.4, 0.8)	1.5933333333333333	1549	1552	0.9703034215622982	0.9690721649484536	0.9690721649484536	95.6176108897742	0.9703034215622982	False	False	True	0.8706404665101126	0.5231788079470199	0.5077120822622108	1.0	0.5
test	NZ_CP040126.1	NZ_CP081203.1	0.4306451612903226	[0.4, 0.8)	1.5933333333333333	395774	475028	0.903346354232466	0.7524609075675539	0.7524609075675539	97.96564630815638	0.903346354232466	False	False	True	0.9992822970016145	0.692604501607717	0.555440948942754	0.8709016393442623	0.68
test	NZ_CP021547.1	NZ_CP063884.1	0.4545454545454545	[0.4, 0.8)	1.5933333333333333	45740	57825	0.484783559247923	0.3833981841763943	0.3833981841763943	99.65717203282829	0.484783559247923	False	False	False	0.9850450321488176	0.5988538681948424	0.5048309178743962	0.48	0.2608695652173913
test	NZ_AP045063.1	CP122738.1	0.525	[0.4, 0.8)	1.5933333333333333	93025	93581	0.853974737973663	0.8493497611694681	0.8493497611694681	97.24629643314984	0.853974737973663	False	False	True	0.9844633955151408	0.6134800550206327	0.6134800550206327	0.7428571428571429	0.5909090909090909
test	CP122738.1	NZ_JBXULQ010000004.1	0.4468085106382978	[0.4, 0.8)	1.5933333333333333	93581	116759	0.919353287526314	0.7370909308918371	0.7370909308918371	97.35526340320936	0.919353287526314	False	False	True	0.9857431831554024	0.6598837209302325	0.5033259423503326	0.8095238095238095	0.5743243243243243
test	CP122738.1	CP073108.1	0.5371900826446281	[0.4, 0.8)	1.5933333333333333	93581	108563	0.881450294397367	0.7593286847268407	0.7593286847268407	98.1393279429222	0.881450294397367	False	False	True	0.9834087514748494	0.6947674418604651	0.6035353535353535	0.7714285714285715	0.5785714285714286
test	NZ_MW881232.1	CP122738.1	0.4732142857142857	[0.4, 0.8)	1.5933333333333333	91784	93581	0.8447332868473808	0.828864833673502	0.828864833673502	98.13587401442926	0.8447332868473808	False	False	True	0.9846644179348953	0.6769005847953217	0.6475524475524476	0.7326732673267327	0.5606060606060606
test	CP122738.1	NZ_CP043828.1	0.7087378640776699	[0.4, 0.8)	1.5933333333333333	93581	97743	0.9096184054455498	0.8713974402258985	0.8713974402258985	98.51063271695416	0.9096184054455498	False	False	True	0.9987566112138981	0.7692307692307693	0.7482993197278912	0.819047619047619	0.6417910447761194
test	NZ_LR134211.1	NZ_CP176937.1	0.5359116022099447	[0.4, 0.8)	1.5933333333333333	205331	345230	0.91449902839805	0.5437563363554732	0.5437563363554732	99.73011632539236	0.91449902839805	False	False	True	0.9967020433351684	0.9103535353535354	0.5597826086956522	0.827906976744186	0.44389027431421446
test	NZ_CP154419.1	NZ_CP176937.1	0.5880681818181818	[0.4, 0.8)	1.5933333333333333	220171	345230	0.9314487375721598	0.5940532398690728	0.5940532398690728	99.81277440893648	0.9314487375721598	False	False	True	0.9974108680996013	0.9456521739130435	0.6079192546583851	0.9282511210762332	0.5447368421052632
test	NZ_CP082766.1	NZ_CP176937.1	0.490084985835694	[0.4, 0.8)	1.5933333333333333	199279	345230	0.8914386362838032	0.5145757900530081	0.5145757900530081	99.79524794141985	0.8914386362838032	False	False	True	0.996750876478187	0.9346666666666666	0.5442546583850931	0.9121951219512195	0.4895287958115183
test	NZ_OQ803523.1	NZ_CP061958.1	0.496	[0.4, 0.8)	1.5933333333333333	65989	109135	0.8585067208171059	0.5197324414715719	0.5197324414715719	98.59772087723296	0.8585067208171059	False	False	True	0.9841402793618702	0.7609561752988048	0.4948186528497409	0.7586206896551724	0.4714285714285714
test	NZ_CP061964.1	NZ_CP061958.1	0.5333333333333333	[0.4, 0.8)	1.5933333333333333	63578	109135	0.93046336783164	0.541980116369634	0.541980116369634	99.11985047392164	0.93046336783164	False	False	True	0.996534612394064	0.8284518828451883	0.5129533678756477	0.7674418604651163	0.4748201438848921
test	NZ_OW970563.1	NZ_CP061958.1	0.5416666666666666	[0.4, 0.8)	1.5933333333333333	63589	109135	0.9304753966881064	0.541980116369634	0.541980116369634	99.21627874558573	0.9304753966881064	False	False	True	0.9965504649356223	0.8284518828451883	0.5129533678756477	0.8072289156626506	0.4962962962962963
test	NZ_CP031805.1	NZ_CP061958.1	0.5666666666666667	[0.4, 0.8)	1.5933333333333333	65454	109135	0.8983866532221102	0.539222064415632	0.539222064415632	99.16625088601616	0.8983866532221102	False	False	True	0.9966840866354832	0.8298755186721992	0.5181347150259067	0.8214285714285714	0.5149253731343284
test	NZ_JAZGLZ010000082.1	NZ_CP127032.1	0.4	[0.4, 0.8)	1.5933333333333333	3760	4186	0.7066489361702127	0.635212613473483	0.635212613473483	98.75937593984962	0.7066489361702127	False	False	True	0.9780947330519631	0.5784499054820416	0.5396825396825397	0.2	0.08333333333333333
test	CP054459.1	NZ_AP043608.1	0.52	[0.4, 0.8)	1.5933333333333333	83055	96372	0.8734573475407862	0.7521790561573901	0.7521790561573901	98.3389874516178	0.8734573475407862	False	False	True	0.9757388976913396	0.7208538587848933	0.6235795454545454	0.7802197802197802	0.5419847328244275
test	NZ_CP146671.1	NZ_AP043608.1	0.4580152671755725	[0.4, 0.8)	1.5933333333333333	86055	96372	0.8328394631340422	0.7430270202963516	0.7430270202963516	98.0711506759582	0.8328394631340422	False	False	True	0.9772709721679421	0.6593406593406593	0.5965909090909091	0.7472527472527473	0.5074626865671642
test	NZ_CP195365.1	NZ_AP026795.1	0.4134615384615384	[0.4, 0.8)	1.5933333333333333	137286	165477	0.8099150678146352	0.6718879360877946	0.6718879360877946	97.47302559154068	0.8099150678146352	False	False	True	0.9926964232252456	0.6338582677165354	0.5160256410256411	0.7	0.49295774647887325
test	NZ_CP070140.1	NZ_CP157121.1	0.5	[0.4, 0.8)	1.5933333333333333	1713	10552	0.2148277875072971	0.0347801364670204	0.0347801364670204	97.283	0.2148277875072971	False	False	False	0.812610755896199	0.14	0.04416403785488959	0.0	0.0
test	NZ_CP014496.1	NZ_CP107173.1	0.4108108108108108	[0.4, 0.8)	1.5933333333333333	114223	149268	0.8485156229480928	0.6496636921510304	0.6496636921510304	97.12072692272056	0.8485156229480928	False	False	True	0.9973663859586122	0.6053811659192825	0.48736462093862815	0.6742424242424242	0.4472361809045226
test	CP063553.1	NZ_JBJUUB010000012.1	0.5121951219512195	[0.4, 0.8)	1.5933333333333333	27222	35887	0.7344059951509808	0.5577785827737064	0.5577785827737064	99.96481386751924	0.7344059951509808	False	False	True	0.9564677296380792	0.739240506329114	0.5816733067729084	0.5806451612903226	0.32727272727272727
test	NZ_CP193630.1	NZ_CP119738.1	0.4786324786324786	[0.4, 0.8)	1.5933333333333333	88723	100423	0.6573492780902359	0.5807434551845693	0.5807434551845693	99.20212885988796	0.6573492780902359	False	False	True	0.9983376086605922	0.661144578313253	0.5783926218708827	0.65	0.4276315789473684
test	NZ_CP135667.1	NZ_CP119738.1	0.5045045045045045	[0.4, 0.8)	1.5933333333333333	76366	100423	0.6972474661498572	0.5311233482369576	0.5311233482369576	99.19651949268436	0.7095102112628402	True	False	True	0.9982735631727565	0.7271157167530224	0.5546772068511199	0.6976744186046512	0.4195804195804196
test	CP104420.1	NZ_CP119738.1	0.5089285714285714	[0.4, 0.8)	1.5933333333333333	83397	100423	0.7148578486036667	0.5948139370462941	0.5948139370462941	99.2674144444073	0.7148578486036667	False	False	True	0.9716904804103719	0.7234726688102894	0.5928853754940712	0.6770833333333334	0.4391891891891892
test	NZ_OQ803523.1	NZ_CP175912.1	0.4414414414414414	[0.4, 0.8)	1.5933333333333333	65989	81078	0.8882389489157284	0.7208613927329238	0.7208613927329238	97.86837356762187	0.8882389489157284	False	False	True	0.9756780249871784	0.6776061776061776	0.5391705069124424	0.8735632183908046	0.6909090909090909
test	NZ_CP184004.1	NZ_AP018744.1	0.5671641791044776	[0.4, 0.8)	1.5933333333333333	45802	51983	0.6368062530020523	0.5612988861743262	0.5612988861743262	99.68835015578458	0.6368062530020523	False	False	True	0.9953967970381832	0.6906906906906907	0.6149732620320856	0.6538461538461539	0.3953488372093023
test	NZ_CP120895.1	NZ_CP017651.1	0.7727272727272727	[0.4, 0.8)	1.5933333333333333	64600	70884	0.9919195046439628	0.9038570058123132	0.9038570058123132	98.9813001855982	0.9919195046439628	False	False	True	0.9996780768723837	0.9337349397590361	0.8333333333333334	0.9418604651162791	0.7788461538461539
test	NZ_JBZGES010000003.1	NZ_CP024550.1	0.6097560975609756	[0.4, 0.8)	1.5933333333333333	162786	187611	0.8076431634170015	0.7007051825319411	0.7007051825319411	99.62205322659128	0.8076431634170015	False	False	True	0.9969059398047826	0.8135860979462876	0.6997282608695652	0.8548387096774194	0.6186770428015564
test	NZ_JBYYIK010000003.1	NZ_JBZGES010000003.1	0.4225352112676056	[0.4, 0.8)	1.5933333333333333	144341	162786	0.7486022682397933	0.6640927352475029	0.6640927352475029	99.05588731482682	0.7486022682397933	False	False	True	0.9977305569497158	0.6573913043478261	0.5971563981042654	0.6954022988505747	0.5062761506276151
test	NZ_JCASKQ010000017.1	NZ_JBZGES010000003.1	0.7168674698795181	[0.4, 0.8)	1.5933333333333333	130759	162786	0.9381457490497788	0.7537503225093067	0.7537503225093067	99.97050590775753	0.9381457490497788	False	False	True	0.9659428178636016	0.9293893129770993	0.7693522906793049	0.9212121212121213	0.7638190954773869
test	NZ_CP129815.1	NZ_JBZGES010000003.1	0.5901639344262295	[0.4, 0.8)	1.5933333333333333	146394	162786	0.7754689399838791	0.6974616981804332	0.6974616981804332	99.97612869909752	0.7754689399838791	False	False	True	0.9941987227843757	0.7793345008756567	0.7030015797788309	0.7845303867403315	0.6311111111111111
test	NZ_CP129712.1	NZ_JBZGES010000003.1	0.5966850828729282	[0.4, 0.8)	1.5933333333333333	143798	162786	0.7836826659619744	0.6924059808583047	0.6924059808583047	99.97676846381748	0.7836826659619744	False	False	True	0.9713945564444912	0.7932263814616756	0.7030015797788309	0.797752808988764	0.6396396396396397
test	NZ_CP014496.1	NZ_CP089446.1	0.6388888888888888	[0.4, 0.8)	1.5933333333333333	114223	129071	0.8090051915988898	0.7161252333986721	0.7161252333986721	99.86572486371897	0.8090051915988898	False	False	True	0.9971045411082796	0.820627802690583	0.7024952015355086	0.7424242424242424	0.5568181818181818
test	NZ_JALEBI010000023.1	NZ_CP089446.1	0.6693548387096774	[0.4, 0.8)	1.5933333333333333	86591	129071	1.0	0.6715838569469517	0.6715838569469517	99.96518765563036	1.0	False	False	True	0.9948198100818124	0.994269340974212	0.6660268714011516	0.9705882352941176	0.6827586206896552
test	NZ_JBRAXZ010000003.1	NZ_CP089446.1	0.7357142857142858	[0.4, 0.8)	1.5933333333333333	118098	129071	0.8663736896475808	0.7931526059300695	0.7931526059300695	99.92856085100564	0.8663736896475808	False	False	True	0.9724266017967101	0.8769230769230769	0.7658349328214972	0.8283582089552238	0.6727272727272727
test	NZ_CP012991.1	NZ_CP139852.1	0.5714285714285714	[0.4, 0.8)	1.5933333333333333	3223	3361	0.7983245423518461	0.7622731329961321	0.7622731329961321	91.51800387296667	0.7983245423518461	False	False	True	0.8812848869965956	0.2647814910025707	0.24121779859484777	0.0	0.0
test	NZ_CP139852.1	NZ_CP115677.1	0.5	[0.4, 0.8)	1.5933333333333333	3361	4911	0.7619756024992562	0.5237222561596416	0.5237222561596416	91.59231111972105	0.7619756024992562	False	False	True	0.9608554676509237	0.2529274004683841	0.17733990147783252	0.25	0.1
test	CP052444.1	NZ_CP024550.1	0.6336633663366337	[0.4, 0.8)	1.5933333333333333	174931	187611	0.7827714927600025	0.7298772460036992	0.7298772460036992	99.55678702453336	0.7827714927600025	False	False	True	0.998198662635371	0.7835497835497836	0.7377717391304348	0.8203883495145631	0.6329588014981273
test	NZ_CP134785.1	CP052444.1	0.4438202247191011	[0.4, 0.8)	1.5933333333333333	126955	174931	0.7560868024103029	0.5488163904625252	0.5488163904625252	99.6989647264661	0.7560868024103029	False	False	True	0.9935278375663414	0.8343949044585988	0.5670995670995671	0.8382352941176471	0.5
test	NZ_PETB01000002.1	CP052444.1	0.5052083333333334	[0.4, 0.8)	1.5933333333333333	128081	174931	0.9325348802710784	0.6829892929212089	0.6829892929212089	98.74814794236272	0.9325348802710784	False	False	True	0.9951699373926407	0.7955911823647295	0.5728715728715729	0.8757763975155279	0.6238938053097345
test	NZ_MZ475707.1	CP052444.1	0.5521472392638037	[0.4, 0.8)	1.5933333333333333	100733	174931	0.9694340484250444	0.5581286335755241	0.5581286335755241	99.9416585633096	0.9694340484250444	False	False	True	0.9699216788417644	0.9630541871921182	0.5642135642135642	0.9302325581395349	0.5581395348837209
test	NZ_JBXSFE010000003.1	CP052444.1	0.6444444444444445	[0.4, 0.8)	1.5933333333333333	146840	174931	0.8366725687823481	0.7024426773985172	0.7024426773985172	99.75601030860732	0.8366725687823481	False	False	True	0.9991152512643614	0.8503401360544217	0.7215007215007215	0.8793103448275862	0.6740088105726872
test	NZ_CP129815.1	CP052444.1	0.7852760736196319	[0.4, 0.8)	1.5933333333333333	146394	174931	0.9679904914135824	0.8099593554029875	0.8099593554029875	99.96974586676262	0.9679904914135824	False	True	True	0.9937257690268523	0.9719789842381786	0.8008658008658008	0.9502762430939227	0.8
test	CP080739.1	NZ_CP020069.1	0.75	[0.4, 0.8)	1.5933333333333333	206152	213013	0.8612334588070938	0.8334937304295982	0.8334937304295982	99.40033082185994	0.956038129553825	True	True	True	0.9963213788913099	0.8386243386243386	0.8180645161290323	0.8706467661691543	0.7383966244725738
test	NZ_CP056884.1	CP080739.1	0.4795539033457249	[0.4, 0.8)	1.5933333333333333	198658	206152	0.7501484964109173	0.7230150568512553	0.7230150568512553	98.79695028702488	0.7501484964109173	True	False	True	0.9992933816781598	0.652	0.6468253968253969	0.7014218009478673	0.5381818181818182
test	NZ_CP080351.1	CP080739.1	0.515748031496063	[0.4, 0.8)	1.5933333333333333	193800	206152	0.8015273477812177	0.7535798828049206	0.7535798828049206	98.61020045424712	0.8015273477812177	True	False	True	0.9949488572983417	0.6865248226950355	0.6402116402116402	0.8021390374331551	0.6048387096774194
test	NZ_CP014121.1	CP080739.1	0.7577092511013216	[0.4, 0.8)	1.5933333333333333	200203	206152	0.9097116426826772	0.8834985835694051	0.8834985835694051	99.52900756374017	0.9097116426826772	True	True	True	0.9979504643306117	0.8783216783216783	0.8306878306878307	0.8712871287128713	0.7426160337552743
test	NZ_CP084801.1	NZ_CP026393.1	0.6666666666666666	[0.4, 0.8)	1.5933333333333333	3534	6761	0.9397283531409168	0.4948972045555391	0.4948972045555391	97.91690476190476	0.9397283531409168	False	False	True	0.968925158927785	0.8044444444444444	0.3978021978021978	0.375	0.21428571428571427
test	NZ_JALEBI010000023.1	NZ_CP014496.1	0.7130434782608696	[0.4, 0.8)	1.5933333333333333	86591	114223	0.978739129932672	0.7418470885898637	0.7418470885898637	99.88999019619408	0.978739129932672	False	False	True	0.9986962986492468	0.9570200573065902	0.7488789237668162	0.9117647058823529	0.6595744680851063
test	OW849035.1	NZ_CP020069.1	0.7136752136752137	[0.4, 0.8)	1.5933333333333333	204647	213013	0.8451088948286561	0.813917460436687	0.813917460436687	99.17239011128407	0.8451088948286561	False	True	True	0.996446991895783	0.8112449799196787	0.7819354838709678	0.8308457711442786	0.6958333333333333
test	OW849035.1	CP067475.1	0.4222222222222222	[0.4, 0.8)	1.5933333333333333	204647	216181	0.6711996755388547	0.6355785198514208	0.6355785198514208	98.35526203675416	0.6711996755388547	False	False	True	0.9989491017072359	0.5475234270414994	0.5144654088050314	0.5679611650485437	0.39661016949152544
test	NZ_CP056884.1	OW849035.1	0.4501845018450184	[0.4, 0.8)	1.5933333333333333	198658	204647	0.7195179655488326	0.6985638685150527	0.6985638685150527	98.83077179134006	0.7195179655488326	False	False	True	0.9991478376346028	0.6213333333333333	0.6213333333333333	0.6796116504854369	0.5035971223021583
test	NZ_JCAPUQ010000005.1	NZ_CP091696.1	0.5	[0.4, 0.8)	1.5933333333333333	2422	3461	0.3633360858794385	0.2583068477318694	0.2583068477318694	79.60501315789473	0.3633360858794385	False	False	False	0.9084398808109877	0.026578073089700997	0.018779342723004695	0.2	0.1111111111111111
test	NZ_CP141542.1	NZ_KX636095.1	0.4164305949008499	[0.4, 0.8)	1.5933333333333333	202151	335317	0.8176610553497138	0.4950330582702338	0.4950330582702338	99.6395279669479	0.8176610553497138	False	False	True	0.9951763523635552	0.8002717391304348	0.4780844155844156	0.7868020304568528	0.3799019607843137
test	NZ_JBYYIK010000003.1	NZ_KX636095.1	0.4097859327217125	[0.4, 0.8)	1.5933333333333333	144341	335317	0.9411532412827956	0.4051300709477897	0.4051300709477897	99.68745998042262	0.9411532412827956	False	False	True	0.9903284775781834	0.9008695652173913	0.42045454545454547	0.867816091954023	0.38817480719794345
test	NZ_PQ279301.1	NZ_CP021328.1	0.4698544698544699	[0.4, 0.8)	1.5933333333333333	283375	446611	0.8420114689016321	0.5343285319886881	0.5343285319886881	99.68239134478424	0.8420114689016321	False	False	True	0.9961507790938455	0.8322639780018332	0.5604938271604938	0.8306709265175719	0.5038759689922481
test	NZ_MT929283.1	NZ_JBRXAB010000004.1	0.4597701149425287	[0.4, 0.8)	1.5933333333333333	60643	62657	0.8040169516679584	0.7786839459278293	0.7786839459278293	97.36187483894716	0.8040169516679584	False	False	True	0.9990254140189366	0.5907079646017699	0.5907079646017699	0.7272727272727273	0.5436893203883495
test	NZ_MT929283.1	NZ_LS992189.1	0.4111111111111111	[0.4, 0.8)	1.5933333333333333	60643	64687	0.8320663555562885	0.777930650671696	0.777930650671696	97.1303943317281	0.8320663555562885	False	False	True	0.9701402233440344	0.5995575221238938	0.5891304347826087	0.8051948051948052	0.5794392523364486
test	LC623922.1	OR771667.1	0.7096774193548387	[0.4, 0.8)	1.5933333333333333	42530	56762	1.0	0.7499911912899475	0.7499911912899475	99.96718216626344	1.0	False	False	True	0.9974217601053412	0.993993993993994	0.7404921700223713	1.0	0.7611940298507462
test	NZ_KX246268.1	NZ_CP145710.1	0.4504504504504504	[0.4, 0.8)	1.5933333333333333	86207	95144	0.8872829352604776	0.8041705204742285	0.8041705204742285	97.58520759691947	0.8872829352604776	False	False	True	0.9987939157462739	0.6509146341463414	0.6143884892086331	0.8105263157894737	0.6209677419354839
test	NZ_CP193630.1	NZ_CP095666.1	0.4821428571428571	[0.4, 0.8)	1.5933333333333333	88723	99379	0.7809474431658082	0.6960222984735206	0.6960222984735206	99.18212013094706	0.7809474431658082	False	False	True	0.9987816067627485	0.7515060240963856	0.6430412371134021	0.7	0.4697986577181208
test	NZ_CP135667.1	NZ_CP095666.1	0.5094339622641509	[0.4, 0.8)	1.5933333333333333	76366	99379	0.8385538066678888	0.6441199851075177	0.6441199851075177	99.23072639463211	0.8541325501766163	True	False	True	0.997539793144045	0.7841105354058722	0.5850515463917526	0.7558139534883721	0.4642857142857143
test	CP104420.1	NZ_CP095666.1	0.5283018867924528	[0.4, 0.8)	1.5933333333333333	83397	99379	0.8819861625717952	0.7397236840781252	0.7397236840781252	99.26877618368316	0.8819861625717952	False	False	True	0.970258189288605	0.8086816720257235	0.6481958762886598	0.71875	0.4726027397260274
test	NZ_JABWHZ010000057.1	NZ_JBSTQQ010000002.1	0.5511363636363636	[0.4, 0.8)	1.5933333333333333	139873	156753	0.7782917360748679	0.6945321620638839	0.6945321620638839	99.903571882461	0.7782917360748679	False	False	True	0.9894697283254144	0.7657142857142857	0.6967071057192374	0.7516339869281046	0.5637254901960784
test	NZ_CP091543.1	NZ_MK477611.1	0.6048951048951049	[0.4, 0.8)	1.5933333333333333	185529	263466	0.8801265570342103	0.6196549080336742	0.6196549080336742	99.96996106655236	0.8801265570342103	False	False	True	0.9967722335285558	0.9404934687953556	0.646061814556331	0.8791208791208791	0.5460750853242321
test	NZ_CP141199.1	NZ_MK477611.1	0.6870748299319728	[0.4, 0.8)	1.5933333333333333	214402	263466	0.9263346424007238	0.7537898628286003	0.7537898628286003	99.92163229128391	0.9263346424007238	False	False	True	0.9976287774577228	0.9249394673123487	0.7617148554336989	0.8938053097345132	0.6847457627118644
test	NZ_JBVTJX020000002.1	NZ_MK477611.1	0.668769716088328	[0.4, 0.8)	1.5933333333333333	257061	263466	0.8176502853408335	0.7978790432162025	0.7978790432162025	99.699982196015	0.8176502853408335	False	False	True	0.9994893107649472	0.8137651821862348	0.8015952143569293	0.7453874538745388	0.5674157303370787
test	NZ_CP151126.1	CP030582.1	0.5	[0.4, 0.8)	1.5933333333333333	13364	25430	0.9703681532475308	0.5103027919779788	0.5103027919779788	98.83098184475728	0.9703681532475308	False	False	True	0.9904436058713069	0.8696682464454977	0.4711168164313222	0.9285714285714286	0.43333333333333335
test	NZ_CP020069.1	OW849024.1	0.4212328767123288	[0.4, 0.8)	1.5933333333333333	213013	242397	0.6714801444043321	0.5902878335953002	0.5902878335953002	98.41709998393326	0.6714801444043321	False	False	True	0.9958716321017832	0.5754838709677419	0.5120551090700345	0.6169154228855721	0.40789473684210525
test	NZ_CP056884.1	NZ_CP020069.1	0.4710144927536231	[0.4, 0.8)	1.5933333333333333	198658	213013	0.7153449647132257	0.6674475266767756	0.6674475266767756	98.68104747542915	0.7153449647132257	False	False	True	0.9949800894876284	0.6466666666666666	0.6258064516129033	0.7064676616915423	0.5239852398523985
test	NZ_CP054265.1	NZ_CP020069.1	0.6205357142857143	[0.4, 0.8)	1.5933333333333333	168717	213013	0.8284286704955636	0.6562181650885157	0.6562181650885157	99.59342535872162	0.8284286704955636	False	False	True	0.9961810135988958	0.8311475409836065	0.6541935483870968	0.8058823529411765	0.5854700854700855
test	NZ_CP014121.1	NZ_CP020069.1	0.7245762711864406	[0.4, 0.8)	1.5933333333333333	200203	213013	0.8763704839587818	0.8237290681789374	0.8237290681789374	99.14266988521464	0.8763704839587818	False	True	True	0.9985891721257301	0.8405594405594405	0.775483870967742	0.8159203980099502	0.6861924686192469
test	NZ_JPGS01000104.1	NZ_NTCW01000097.1	0.5	[0.4, 0.8)	1.5933333333333333	2663	2798	0.997371385655276	0.9492494639027876	0.9492494639027876	100.0	0.997371385655276	False	True	True	0.9979071199514444	0.9969924812030075	0.9498567335243553	1.0	0.8
test	NZ_CP074060.1	NZ_OZ410665.1	0.6	[0.4, 0.8)	1.5933333333333333	27653	28827	0.9848840993743898	0.946092205224269	0.946092205224269	97.93811638713424	0.9848840993743898	False	False	True	0.9921471490463147	0.8	0.7807017543859649	0.8571428571428571	0.72
test	NZ_CP024550.1	NZ_CP114566.1	0.5058365758754864	[0.4, 0.8)	1.5933333333333333	187611	210045	0.7490605561507587	0.6691423266442905	0.6691423266442905	99.25048251146583	0.7490605561507587	False	False	True	0.9989741063013888	0.7255434782608695	0.6425992779783394	0.717391304347826	0.5339805825242718
test	NZ_JBXSFE010000003.1	NZ_CP024550.1	0.6276595744680851	[0.4, 0.8)	1.5933333333333333	146840	187611	0.8099087442113866	0.6339553650905331	0.6339553650905331	99.9748752237752	0.8099087442113866	False	False	True	0.9963057481136369	0.8333333333333334	0.6657608695652174	0.8448275862068966	0.5719844357976653
test	NZ_CP129712.1	NZ_CP024550.1	0.6162162162162163	[0.4, 0.8)	1.5933333333333333	143798	187611	0.8259572455806061	0.6330918762759113	0.6330918762759113	99.9871911046766	0.8259572455806061	False	False	True	0.9711662645551782	0.8520499108734403	0.6494565217391305	0.848314606741573	0.5875486381322957
test	NZ_CP025275.1	NZ_JBYYIK010000003.1	0.5414012738853503	[0.4, 0.8)	1.5933333333333333	125113	144341	0.7666429547688889	0.6564801407777416	0.6564801407777416	99.73022206353012	0.7666429547688889	False	False	True	0.9813990249595567	0.860730593607306	0.6556521739130434	0.7841726618705036	0.5343137254901961
test	NZ_CP134785.1	NZ_JBYYIK010000003.1	0.4723926380368098	[0.4, 0.8)	1.5933333333333333	126955	144341	0.7863179866881966	0.6915360154079575	0.6915360154079575	99.1567291017796	0.7863179866881966	False	False	True	0.9921464406069371	0.7898089171974523	0.6469565217391304	0.8161764705882353	0.5577889447236181
test	NZ_PETB01000002.1	NZ_JBYYIK010000003.1	0.5454545454545454	[0.4, 0.8)	1.5933333333333333	128081	144341	0.8015240355712401	0.7113917736471272	0.7113917736471272	99.59301134493472	0.8015240355712401	False	False	True	0.9928930821641805	0.7715430861723447	0.6695652173913044	0.7701863354037267	0.5876777251184834
test	NZ_JBYYIK010000003.1	NZ_JBXSFE010000003.1	0.5081081081081081	[0.4, 0.8)	1.5933333333333333	144341	146840	0.7222064416901642	0.7099564151457368	0.7099564151457368	99.10437896412508	0.7222064416901642	False	False	True	0.9974151625068931	0.7217391304347827	0.70578231292517	0.7528735632183908	0.6036866359447005
test	NZ_ON390820.1	NZ_CP091608.1	0.6526717557251909	[0.4, 0.8)	1.5933333333333333	190661	225457	0.8692705902098489	0.7352976399047269	0.7352976399047269	99.76669672556233	0.8692705902098489	False	False	True	0.999351511465387	0.84	0.7008055235903338	0.8104265402843602	0.6195652173913043
test	NZ_ON390820.1	NZ_AP027431.1	0.6885245901639344	[0.4, 0.8)	1.5933333333333333	190661	201683	0.8503784203376674	0.8039745541270211	0.8039745541270211	99.64861149123456	0.8503784203376674	False	True	True	0.9995280957844029	0.8455172413793104	0.780891719745223	0.8293838862559242	0.6782945736434108
test	NZ_CP063884.1	NZ_CP135149.1	0.4337349397590361	[0.4, 0.8)	1.5933333333333333	57825	58662	0.5397665369649806	0.5324059868398623	0.5324059868398623	99.7023663860705	0.5397665369649806	False	False	True	0.9917184656972282	0.6207729468599034	0.5456475583864119	0.5454545454545454	0.35294117647058826
test	NZ_MUMX01000050.1	NZ_QRAC01000116.1	0.6	[0.4, 0.8)	1.5933333333333333	10929	11661	0.788818739134413	0.7393019466598062	0.7393019466598062	100.0	0.788818739134413	False	False	True	0.9861971117952958	0.764792899408284	0.7091906721536351	0.7058823529411765	0.5454545454545454
test	NZ_PP129611.1	NZ_CP193630.1	0.5256410256410257	[0.4, 0.8)	1.5933333333333333	63468	88723	0.8456072351421189	0.6046233783799015	0.6046233783799015	99.79699310730253	0.8456072351421189	False	False	True	0.9985251314368875	0.8568464730290456	0.6219879518072289	0.7948717948717948	0.5344827586206896
test	NZ_PP129611.1	NZ_CP135667.1	0.547945205479452	[0.4, 0.8)	1.5933333333333333	63468	76366	0.7716644608306548	0.64184322866197	0.64184322866197	99.8960304186388	0.7716644608306548	True	False	True	0.9975737354490057	0.8029045643153527	0.6683937823834197	0.7564102564102564	0.5619047619047619
test	NZ_CP057363.1	CP077360.1	0.6666666666666666	[0.4, 0.8)	1.5933333333333333	1552	1628	0.6958762886597938	0.6633906633906634	0.6633906633906634	97.317	0.6958762886597938	False	False	True	0.9837259360768419	0.6481481481481481	0.6298200514138818	0.5	0.3333333333333333
test	NZ_OY754363.1	CP077360.1	0.6666666666666666	[0.4, 0.8)	1.5933333333333333	1552	1628	0.6958762886597938	0.6633906633906634	0.6633906633906634	97.225	0.6958762886597938	False	False	True	0.9831983472872896	0.6368421052631579	0.622107969151671	0.5	0.3333333333333333
test	NZ_AP040966.1	NZ_CP041960.1	0.5354330708661418	[0.4, 0.8)	1.5933333333333333	96870	98151	0.8741612470321048	0.8621715519964137	0.8621715519964137	98.17536384666224	0.8741612470321048	False	False	True	0.9994959851280658	0.7059620596205962	0.696524064171123	0.8165137614678899	0.689922480620155
test	NZ_CP124427.1	NZ_CP048364.1	0.4285714285714285	[0.4, 0.8)	1.5933333333333333	5167	7872	1.0	0.657520325203252	0.657520325203252	99.67147585007729	1.0	False	False	True	0.9865184677245608	0.9373134328358209	0.6638477801268499	0.8	0.4444444444444444
test	NZ_CP049847.1	NZ_CP163044.1	0.4166666666666667	[0.4, 0.8)	1.5933333333333333	90408	94524	0.728685514556234	0.6968706360289451	0.6968706360289451	98.13852439616458	0.728685514556234	False	False	True	0.9943695623024933	0.5409153952843273	0.5038759689922481	0.6808510638297872	0.460431654676259
test	CP125031.1	NZ_CP050383.1	0.4	[0.4, 0.8)	1.5933333333333333	4066	4081	1.0	1.0	1.0	92.5348143449622	1.0	False	False	True	0.9283063048728754	0.43912175648702595	0.4263565891472868	0.25	0.14285714285714285
test	NZ_CP042890.1	CP125031.1	0.4	[0.4, 0.8)	1.5933333333333333	4057	4066	1.0	1.0	1.0	98.27875092205558	1.0	False	False	True	0.9965570925214768	0.7531120331950207	0.7245508982035929	0.5	0.3333333333333333
test	CP125031.1	NZ_CP107168.1	0.4	[0.4, 0.8)	1.5933333333333333	4066	4082	1.0	1.0	1.0	92.70556160039034	1.0	False	False	True	0.9291743020966787	0.4550898203592814	0.43263757115749524	0.25	0.14285714285714285
test	CP125031.1	NZ_CP006634.1	0.4	[0.4, 0.8)	1.5933333333333333	4066	4086	0.9754058042302016	0.9767498776309348	0.9754058042302016	93.47193821910956	0.9754058042302016	False	False	True	0.9285872854241068	0.4590818363273453	0.44145873320537427	0.3333333333333333	0.16666666666666666
test	NZ_JBSMJN010000049.1	NZ_NTHV01000058.1	0.4166666666666667	[0.4, 0.8)	1.5933333333333333	7121	14083	0.9771099564667884	0.494709933962934	0.494709933962934	98.88091017362603	0.9771099564667884	False	False	True	0.9890221523287597	0.9319371727748691	0.4320388349514563	0.875	0.5
test	CP057522.1	CP057191.1	0.4496124031007752	[0.4, 0.8)	1.5933333333333333	86439	102988	0.846492902509284	0.7165106614362838	0.7165106614362838	97.32739759117668	0.846492902509284	False	False	True	0.9989228179330599	0.6514657980456026	0.5555555555555556	0.6818181818181818	0.45112781954887216
test	NZ_CP133928.1	NZ_AP039440.1	0.4473684210526316	[0.4, 0.8)	1.5933333333333333	100835	123644	0.8598403332176328	0.701408883568956	0.701408883568956	97.97622440677183	0.8598403332176328	False	False	True	0.9830727461353803	0.6263440860215054	0.5247747747747747	0.7456140350877193	0.5345911949685535
test	NZ_AP039440.1	NZ_AP028843.1	0.4245810055865922	[0.4, 0.8)	1.5933333333333333	123644	137403	0.6732150367183204	0.6061075813482966	0.6061075813482966	98.50568645958262	0.6732150367183204	False	False	True	0.9981603610190245	0.5788288288288288	0.5365344467640919	0.5769230769230769	0.38071065989847713
test	NZ_CP141678.1	NZ_CP086762.1	0.4466019417475728	[0.4, 0.8)	1.5933333333333333	228888	296148	0.7646272412708399	0.5908160784472628	0.5908160784472628	99.27657619752014	0.7646272412708399	False	False	True	0.997281883716403	0.7506329113924051	0.5653002859866539	0.722488038277512	0.43515850144092216
test	NC_023317.1	NC_019374.1	0.4	[0.4, 0.8)	1.5933333333333333	2683	5903	1.0	0.45925800440454	0.45925800440454	99.92594171892291	1.0	False	False	True	0.9691973187442949	1.0	0.47750362844702465	0.5	0.2222222222222222
test	NZ_MT349894.1	NC_019374.1	0.4	[0.4, 0.8)	1.5933333333333333	2683	5903	1.0	0.45925800440454	0.45925800440454	99.70497823681298	1.0	False	False	True	0.9702502271052267	0.9548192771084337	0.46008708272859217	0.75	0.375
test	NZ_CP091543.1	NZ_JBVTJX020000002.1	0.4294871794871794	[0.4, 0.8)	1.5933333333333333	185529	257061	0.7474357108592188	0.5395606490288297	0.5395606490288297	99.63171885179742	0.7474357108592188	False	False	True	0.9968894522001847	0.7329462989840348	0.5111336032388664	0.6703296703296703	0.3515850144092219
test	NZ_CP130069.1	NZ_RRNF01000141.1	0.5	[0.4, 0.8)	1.5933333333333333	1538	3263	0.988296488946684	0.4701195219123506	0.4701195219123506	93.563	0.988296488946684	False	False	True	0.9445169171836527	0.435	0.435	0.5	0.3333333333333333
test	NZ_CP130069.1	CP057777.1	0.5	[0.4, 0.8)	1.5933333333333333	1538	1551	1.0	1.0	1.0	94.019	1.0	False	False	True	0.9744420222509895	0.4621309370988447	0.4621309370988447	0.5	0.3333333333333333
test	NZ_CP130069.1	CP099101.1	0.5	[0.4, 0.8)	1.5933333333333333	1538	1548	0.9980494148244472	0.9987080103359172	0.9980494148244472	95.284	0.9980494148244472	False	False	True	0.9778624869764172	0.5545571245186136	0.5545571245186136	1.0	0.5
test	NZ_CP130069.1	NZ_CP060064.1	0.5	[0.4, 0.8)	1.5933333333333333	1538	1549	1.0	1.0	1.0	94.971	1.0	False	False	True	0.9738508592062127	0.5121951219512195	0.5121951219512195	1.0	0.5
test	NZ_CP086419.1	NZ_CP024194.1	0.6266666666666667	[0.4, 0.8)	1.5933333333333333	70475	89345	0.8533380631429585	0.6691029156639992	0.6691029156639992	99.51826533291238	0.8533380631429585	False	False	True	0.9960249903896694	0.8515463917525773	0.6383307573415765	0.6790123456790124	0.45454545454545453
test	NZ_CP176935.1	NZ_LR134211.1	0.4754098360655737	[0.4, 0.8)	1.5933333333333333	147379	205331	0.7968299418506029	0.5725438438423813	0.5725438438423813	99.67329414416332	0.7968299418506029	False	False	True	0.9990418282062088	0.8207885304659498	0.5782828282828283	0.7439024390243902	0.47470817120622566
test	NZ_LR134211.1	NZ_CP154419.1	0.7044534412955465	[0.4, 0.8)	1.5933333333333333	205331	220171	0.849813228397076	0.7922160502518497	0.7922160502518497	99.7182787811609	0.849813228397076	False	False	True	0.9980588678831485	0.8522727272727273	0.8152173913043478	0.786046511627907	0.6282527881040892
test	NZ_CP082766.1	NZ_LR134211.1	0.5645161290322581	[0.4, 0.8)	1.5933333333333333	199279	205331	0.7430035277174213	0.7211088437693286	0.7211088437693286	99.68001672100824	0.7430035277174213	False	False	True	0.998880229879682	0.796	0.7537878787878788	0.7219512195121951	0.5441176470588235
test	NZ_CP057363.1	NZ_RRJD01000137.1	0.6666666666666666	[0.4, 0.8)	1.5933333333333333	1552	2405	0.7371134020618557	0.4698544698544699	0.4698544698544699	95.19638951965064	0.7371134020618557	False	False	True	0.7595617515410314	0.3994708994708995	0.25463743676222594	0.5	0.16666666666666666
test	CP057777.1	NZ_CP057363.1	0.6666666666666666	[0.4, 0.8)	1.5933333333333333	1551	1552	1.0	1.0	1.0	95.94626383526384	1.0	False	False	True	0.8694132392227085	0.5618421052631579	0.5523932729624839	1.0	1.0
test	CP099101.1	NZ_CP057363.1	0.6666666666666666	[0.4, 0.8)	1.5933333333333333	1548	1552	0.9760981912144704	0.9742268041237112	0.9742268041237112	95.7070429326288	0.9760981912144704	False	False	True	0.866836258619092	0.5653298835705045	0.5653298835705045	1.0	0.5
test	NZ_CP060064.1	NZ_CP057363.1	0.6666666666666666	[0.4, 0.8)	1.5933333333333333	1549	1552	0.9703034215622982	0.9690721649484536	0.9690721649484536	95.4850278884462	0.9703034215622982	False	False	True	0.8681134213600407	0.5144736842105263	0.5058214747736093	1.0	0.5
test	NZ_JBRRZA010000030.1	NZ_CP137068.1	0.4107142857142857	[0.4, 0.8)	1.5933333333333333	53809	88892	0.898864502220818	0.5440984565540206	0.5440984565540206	98.41104866406296	0.898864502220818	False	False	True	0.9457567091116644	0.8100961538461539	0.4970501474926254	0.9130434782608695	0.5206611570247934
test	NZ_CP017651.1	NZ_CP137068.1	0.76	[0.4, 0.8)	1.5933333333333333	70884	88892	0.9899977427910388	0.7896998605048823	0.7896998605048823	99.56292411337418	0.9899977427910388	False	False	True	0.9991700701314993	0.946236559139785	0.7787610619469026	0.9191919191919192	0.7398373983739838
test	NZ_CP025267.1	NZ_CP137068.1	0.7281553398058253	[0.4, 0.8)	1.5933333333333333	74241	88892	0.9389286243450384	0.7838500652477163	0.7838500652477163	99.72914063396442	0.9389286243450384	False	False	True	0.9992993090550263	0.9084628670120898	0.775811209439528	0.8823529411764706	0.7086614173228346
test	CP130047.1	NZ_CP136325.1	0.5170556552962298	[0.4, 0.8)	1.5933333333333333	1665781	1691059	0.9205447774947608	0.9057838904497124	0.9057838904497124	97.99371148670708	0.9205447774947608	False	False	True	0.9999070384149168	0.6802731646748409	0.6738929889298892	0.46430953969312877	0.24883804075795496
test	NZ_OK649970.1	NZ_CP088223.1	0.5325077399380805	[0.4, 0.8)	1.5933333333333333	261511	277693	0.7322980677677039	0.6895240427378436	0.6895240427378436	99.8784494885945	0.7322980677677039	False	False	True	0.9991443905985568	0.7687224669603524	0.6883629191321499	0.7159533073929961	0.5068870523415978
test	NZ_CP088223.1	NZ_CP072939.1	0.5144230769230769	[0.4, 0.8)	1.5933333333333333	277693	384269	0.8776814683841508	0.634318667391853	0.634318667391853	99.21981078797673	0.8776814683841508	False	False	True	0.9983143640804371	0.8550295857988166	0.613588110403397	0.8413793103448276	0.5532879818594104
test	NZ_CP060975.1	NZ_CM017149.1	0.5096774193548387	[0.4, 0.8)	1.5933333333333333	112054	153499	0.7696557017152444	0.5618473084515209	0.5618473084515209	99.73252040981892	0.7696557017152444	False	False	True	0.9969687872566766	0.7481108312342569	0.5561797752808989	0.7203389830508474	0.4381443298969072
test	NZ_CP176935.1	NZ_CP082766.1	0.5	[0.4, 0.8)	1.5933333333333333	147379	199279	0.8293040392457541	0.6135819629765303	0.6135819629765303	99.61896749928458	0.8293040392457541	False	False	True	0.9984401824974641	0.8154121863799283	0.6066666666666667	0.7317073170731707	0.4819277108433735
test	NZ_CP135667.1	NZ_CP193630.1	0.75	[0.4, 0.8)	1.5933333333333333	76366	88723	0.8945604064636095	0.7706344465358476	0.7706344465358476	99.91369067493092	0.9122332146868952	True	False	True	0.9990310565355307	0.8963730569948186	0.7816265060240963	0.9069767441860465	0.7222222222222222
test	NZ_ON209126.1	NZ_CP185196.1	0.5384615384615384	[0.4, 0.8)	1.5933333333333333	54035	61059	0.7706116406033127	0.6819469693247515	0.6819469693247515	99.96425823727186	0.7706116406033127	False	False	True	0.9960440925407849	0.7313432835820896	0.6933962264150944	0.7910447761194029	0.6309523809523809
test	NZ_ON209126.1	NZ_JBYDGO010000004.1	0.5428571428571428	[0.4, 0.8)	1.5933333333333333	54035	57114	0.7682983251596187	0.7269846272367546	0.7269846272367546	99.9877151802702	0.7682983251596187	False	False	True	0.9639178054287147	0.7189054726368159	0.7189054726368159	0.746268656716418	0.5747126436781609
test	NZ_CP095668.1	NZ_ON209126.1	0.7758620689655172	[0.4, 0.8)	1.5933333333333333	45403	54035	1.0	0.8405848061441659	0.8405848061441659	99.97820554369125	1.0	False	True	True	0.9552669317333943	0.9911242603550295	0.8333333333333334	0.8983050847457628	0.726027397260274
test	NZ_ON209126.1	NZ_JBWIFL010000005.1	0.5428571428571428	[0.4, 0.8)	1.5933333333333333	54035	59700	0.7682798186360692	0.6954773869346733	0.6954773869346733	99.98771488439306	0.7682798186360692	False	False	True	0.9665764739527035	0.7189054726368159	0.7100737100737101	0.746268656716418	0.5494505494505495
test	NZ_ON209126.1	NZ_CM007910.1	0.4196428571428571	[0.4, 0.8)	1.5933333333333333	54035	124845	0.8679004349033034	0.3756417958268253	0.3756417958268253	99.9720963911922	0.8679004349033034	False	False	True	0.9735711914422976	0.8730964467005076	0.4562334217506631	0.8805970149253731	0.4573643410852713
test	CP090300.1	NZ_ON209126.1	0.5588235294117647	[0.4, 0.8)	1.5933333333333333	53824	54035	0.772480677764566	0.768372351253817	0.768372351253817	99.97117318838838	0.772480677764566	False	False	True	0.9620976794175501	0.7645502645502645	0.7189054726368159	0.7538461538461538	0.5903614457831325
test	NZ_PETB01000002.1	NZ_CP114566.1	0.4238683127572016	[0.4, 0.8)	1.5933333333333333	128081	210045	0.9812228199342604	0.5986526696660239	0.5986526696660239	98.74459965813324	0.9812228199342604	False	False	True	0.9881177002296687	0.8416833667334669	0.5054151624548736	0.8881987577639752	0.5458015267175572
test	NZ_JBYDGO010000004.1	NZ_CP185196.1	0.5135135135135135	[0.4, 0.8)	1.5933333333333333	57114	61059	0.696274118429807	0.65104243436676	0.65104243436676	99.98201056152088	0.696274118429807	False	False	True	0.9678947596987535	0.701530612244898	0.6485849056603774	0.6857142857142857	0.5217391304347826
test	NZ_CP095668.1	NZ_CP185196.1	0.5285714285714286	[0.4, 0.8)	1.5933333333333333	45403	61059	0.8575865030945091	0.6375472903257505	0.6375472903257505	99.98698358887434	0.8575865030945091	False	False	True	0.9602208213779982	0.8165680473372781	0.6509433962264151	0.8305084745762712	0.6125
test	NZ_JBWIFL010000005.1	NZ_CP185196.1	0.5135135135135135	[0.4, 0.8)	1.5933333333333333	59700	61059	0.6660971524288107	0.6510260567647685	0.6510260567647685	99.98236003118242	0.6660971524288107	False	False	True	0.9700141441760958	0.6756756756756757	0.6485849056603774	0.6857142857142857	0.5
test	NZ_CP059715.1	NZ_CP185196.1	0.5352112676056338	[0.4, 0.8)	1.5933333333333333	45739	61059	0.8512866481558408	0.6375472903257505	0.6375472903257505	99.99233654364744	0.8512866481558408	False	False	True	0.986875515408293	0.8005780346820809	0.6533018867924528	0.8305084745762712	0.6125
test	NZ_OK649970.1	NZ_JBRJPJ010000002.1	0.4782608695652174	[0.4, 0.8)	1.5933333333333333	261511	285363	0.7106163794257221	0.6510339462368983	0.6510339462368983	99.57681987480774	0.7106163794257221	False	False	True	0.9974257531349193	0.7279735682819384	0.6160298229263746	0.6536964980544747	0.42857142857142855
test	NZ_CP033630.1	NZ_OZ066665.1	0.6666666666666666	[0.4, 0.8)	1.5933333333333333	23185	39395	0.7926245417295665	0.4660743749206752	0.4660743749206752	99.79341308837918	0.7926245417295665	False	False	True	0.984975005422587	0.7877094972067039	0.618421052631579	0.9230769230769231	0.2553191489361702
test	CP067788.1	NZ_CP033630.1	0.7058823529411765	[0.4, 0.8)	1.5933333333333333	13841	23185	0.6277003106711943	0.3750700884192365	0.3750700884192365	99.98848965517244	0.6277003106711943	False	False	True	0.9830959536981768	0.6627906976744186	0.6627906976744186	0.8461538461538461	0.6111111111111112
test	NZ_CP006029.1	NZ_CP025275.1	0.5555555555555556	[0.4, 0.8)	1.5933333333333333	64561	125113	0.9594956707609856	0.5010110859782756	0.5010110859782756	99.95366575294436	0.9594956707609856	False	False	True	0.9979453101951207	0.9678571428571429	0.6187214611872146	0.9120879120879121	0.564625850340136
test	NZ_JAJQQO010000024.1	NZ_CP006029.1	0.647887323943662	[0.4, 0.8)	1.5933333333333333	61004	64561	0.7335584551832667	0.6939483589163736	0.6939483589163736	99.90651712443382	0.7335584551832667	False	False	True	0.9594788054238025	0.736	0.698292220113852	0.7191011235955056	0.5517241379310345
test	NZ_CP006029.1	NZ_CP134785.1	0.4615384615384615	[0.4, 0.8)	1.5933333333333333	64561	126955	0.8753117206982544	0.4449135520460005	0.4449135520460005	99.87619171149493	0.8753117206982544	False	False	True	0.9804498653275694	0.8678571428571429	0.5159235668789809	0.8351648351648352	0.5033112582781457
test	NZ_CP006029.1	NZ_MZ475707.1	0.4653465346534653	[0.4, 0.8)	1.5933333333333333	64561	100733	0.798717491984325	0.5114808454031946	0.5114808454031946	99.41300346899224	0.798717491984325	False	False	True	0.9978134261362597	0.793168880455408	0.5264483627204031	0.8021978021978022	0.4965986394557823
test	NZ_CP006029.1	NZ_JBXSFE010000003.1	0.4044117647058823	[0.4, 0.8)	1.5933333333333333	64561	146840	0.8049596505630334	0.353548079542359	0.353548079542359	99.93865736821854	0.8049596505630334	False	False	True	0.9699016519551742	0.9357142857142857	0.445578231292517	0.9010989010989011	0.44808743169398907
test	CP009881.1	OW849481.1	0.4948453608247423	[0.4, 0.8)	1.5933333333333333	50272	105977	0.88158418204965	0.4184115421270653	0.4184115421270653	99.89612276468596	0.88158418204965	False	False	True	0.995260131146323	0.8693467336683417	0.473972602739726	0.8709677419354839	0.43548387096774194
test	NZ_AP018744.1	OW849481.1	0.4245283018867924	[0.4, 0.8)	1.5933333333333333	51983	105977	0.820037319893042	0.4024929937627975	0.4024929937627975	99.69060350079673	0.820037319893042	False	False	True	0.9961179493183541	0.8146341463414634	0.4575342465753425	0.7647058823529411	0.3939393939393939
test	NZ_CP118928.1	OW849481.1	0.4629629629629629	[0.4, 0.8)	1.5933333333333333	67839	105977	0.7053759636787099	0.4514658841069288	0.4514658841069288	99.77006341911763	0.7053759636787099	False	False	True	0.9943324187382163	0.7370517928286853	0.5068493150684932	0.6823529411764706	0.40559440559440557
test	NZ_CP043828.1	NZ_AP024115.1	0.4347826086956521	[0.4, 0.8)	1.5933333333333333	97743	109993	0.8221560623267139	0.7301100979153219	0.7301100979153219	98.71643919271804	0.8221560623267139	False	False	True	0.9812394175123772	0.6901408450704225	0.5861244019138756	0.6695652173913044	0.47530864197530864
test	NZ_CP120968.1	NZ_CP110537.1	0.4461538461538462	[0.4, 0.8)	1.5933333333333333	48574	54267	0.7445958743360646	0.6660217074833693	0.6660217074833693	99.02468563693124	0.7445958743360646	False	False	True	0.9977087649714012	0.695906432748538	0.595	0.6666666666666666	0.5
test	NZ_JBYKYR010000002.1	NZ_CP110537.1	0.5396825396825397	[0.4, 0.8)	1.5933333333333333	49142	54267	0.8978267062797607	0.8126301435494868	0.8126301435494868	99.16373869096184	0.8978267062797607	False	True	True	0.9979815362223577	0.7769028871391076	0.74	0.8636363636363636	0.7037037037037037
test	NZ_CP199511.1	NZ_CP169382.1	0.6666666666666666	[0.4, 0.8)	1.5933333333333333	44105	53894	0.9103049540868382	0.7456674212342747	0.7456674212342747	99.6964980595084	0.9103049540868382	False	False	True	0.9976017219908077	0.8825136612021858	0.7225950782997763	0.9423076923076923	0.7
test	NZ_CP026219.1	NZ_CP169382.1	0.4383561643835616	[0.4, 0.8)	1.5933333333333333	35298	53894	0.7867584565697773	0.5152892715330092	0.5152892715330092	99.97842863315569	0.7867584565697773	False	False	True	0.9889563845609993	0.775	0.4854586129753915	0.6666666666666666	0.40476190476190477
test	NZ_MW881232.1	NZ_CP133928.1	0.4262295081967213	[0.4, 0.8)	1.5933333333333333	91784	100835	0.7974592521572388	0.7259681658154411	0.7259681658154411	98.61144687154425	0.7974592521572388	False	False	True	0.982414936601186	0.716374269005848	0.6194690265486725	0.7227722772277227	0.5140845070422535
test	NZ_CP043828.1	NZ_CP133928.1	0.4122137404580153	[0.4, 0.8)	1.5933333333333333	97743	100835	0.7468156287406771	0.723935141567908	0.723935141567908	98.05121844680124	0.7468156287406771	False	False	True	0.9988344924601017	0.5891156462585034	0.5474083438685209	0.5964912280701754	0.422360248447205
test	NZ_PETB01000002.1	NZ_JCASKQ010000017.1	0.6387096774193548	[0.4, 0.8)	1.5933333333333333	128081	130759	0.9442852569858136	0.9252288561399216	0.9252288561399216	98.73405352361748	0.9442852569858136	False	False	True	0.9576722667911018	0.7975951903807615	0.7595419847328244	0.8819875776397516	0.7717391304347826
test	NZ_CP061964.1	NZ_CP175912.1	0.4672897196261682	[0.4, 0.8)	1.5933333333333333	63578	81078	0.912107961873604	0.7122523989244924	0.7122523989244924	98.04207241105902	0.912107961873604	False	False	True	0.9986061896688226	0.7151639344262295	0.5360983102918587	0.8837209302325582	0.6972477064220184
test	CP054459.1	NZ_CP146671.1	0.6732673267326733	[0.4, 0.8)	1.5933333333333333	83055	86055	0.9528505207392692	0.9202138167451048	0.9202138167451048	99.03194834353506	0.9528505207392692	False	True	True	0.9997511377087561	0.8456486042692939	0.8084772370486656	0.8351648351648352	0.7169811320754716
test	CP054459.1	NZ_AP022296.1	0.4878048780487805	[0.4, 0.8)	1.5933333333333333	83055	105884	0.9109626151345492	0.7148672131766839	0.7148672131766839	98.16765332154915	0.9109626151345492	False	False	True	0.9981577296045163	0.7269736842105263	0.5755208333333334	0.8461538461538461	0.5833333333333334
test	NZ_CP120968.1	NZ_JBYKYR010000002.1	0.5454545454545454	[0.4, 0.8)	1.5933333333333333	48574	49142	0.7599950590851072	0.7510276342029222	0.7510276342029222	99.00344823478449	0.7599950590851072	False	False	True	0.9981943456605415	0.7178002894356006	0.6475195822454308	0.7954545454545454	0.6140350877192983
test	NZ_JBXULQ010000004.1	NZ_AP028843.1	0.4335260115606936	[0.4, 0.8)	1.5933333333333333	116759	137403	0.687784239330587	0.5849144487383827	0.5849144487383827	98.4704249416033	0.687784239330587	False	False	True	0.9981305396584387	0.6075388026607539	0.5720250521920668	0.59375	0.3917525773195876
test	NZ_CP188146.1	NZ_CP188137.1	0.7777777777777778	[0.4, 0.8)	1.5933333333333333	10566	10572	0.9177550634109408	0.9172342035565644	0.9172342035565644	100.0	0.9177550634109408	False	True	True	0.9607373683998464	0.9067103109656302	0.9037520391517129	1.0	1.0
test	NZ_JBRRZA010000030.1	NZ_AP025532.1	0.46875	[0.4, 0.8)	1.5933333333333333	53809	71826	0.929602854541062	0.6988834126917829	0.6988834126917829	98.50447206514816	0.929602854541062	False	False	True	0.9408479360421949	0.8149038461538461	0.6	0.8840579710144928	0.5596330275229358
test	NZ_JBRRZA010000030.1	NZ_CP017651.1	0.5	[0.4, 0.8)	1.5933333333333333	53809	70884	0.9131372075303388	0.6928079679476328	0.6928079679476328	98.58415772986169	0.9131372075303388	False	False	True	0.9389796225871874	0.8317307692307693	0.6200716845878136	0.8695652173913043	0.5555555555555556
test	NZ_JBRRZA010000030.1	NZ_CP025267.1	0.5208333333333334	[0.4, 0.8)	1.5933333333333333	53809	74241	0.987269787582003	0.7237510270605191	0.7237510270605191	98.49181167345571	0.987269787582003	False	False	True	0.9406482970459068	0.8461538461538461	0.6079447322970639	0.9130434782608695	0.5833333333333334
test	NZ_CP017651.1	NZ_AP025532.1	0.7865168539325843	[0.4, 0.8)	1.5933333333333333	70884	71826	0.9707127137294737	0.9579260991841394	0.9579260991841394	99.3016206505954	0.9707127137294737	False	True	True	0.9998814544827437	0.8942652329749103	0.8831858407079646	0.8787878787878788	0.7699115044247787
test	NZ_CP163034.1	NZ_CP141678.1	0.6492890995260664	[0.4, 0.8)	1.5933333333333333	190061	228888	0.8442236966026697	0.7010983537800147	0.7010983537800147	99.69023316740083	0.8442236966026697	False	False	True	0.9978548018992272	0.8403100775193798	0.6860759493670886	0.8383233532934131	0.5932203389830508
test	NZ_OP378651.1	NZ_OZ066665.1	0.631578947368421	[0.4, 0.8)	1.5933333333333333	9506	39395	0.8066484325689038	0.1944916867622795	0.1944916867622795	99.98702164840896	0.8066484325689038	False	False	True	0.9316582899779505	0.7730061349693251	0.5526315789473685	0.6923076923076923	0.18
test	NZ_OP378651.1	CP067788.1	0.6666666666666666	[0.4, 0.8)	1.5933333333333333	9506	13841	0.8285293498842836	0.5684560364135539	0.5684560364135539	99.987250507872	0.8285293498842836	False	False	True	0.9858747120596059	0.809375	0.6023255813953489	0.6923076923076923	0.45
test	NZ_JAJQQO010000024.1	NZ_CP025275.1	0.4122807017543859	[0.4, 0.8)	1.5933333333333333	61004	125113	0.7488525342600485	0.3652777888788535	0.3652777888788535	99.8859502712873	0.7488525342600485	False	False	True	0.9666941741185416	0.78	0.4452054794520548	0.7303370786516854	0.3987730061349693
test	NZ_CP054265.1	CP067475.1	0.4065040650406504	[0.4, 0.8)	1.5933333333333333	168717	216181	0.634126970014877	0.494978744663037	0.494978744663037	99.26823528202632	0.634126970014877	False	False	True	0.9976652384523856	0.578688524590164	0.4440251572327044	0.5352941176470588	0.3192982456140351
test	NZ_CP014121.1	CP067475.1	0.4391143911439114	[0.4, 0.8)	1.5933333333333333	200203	216181	0.688051627597988	0.6374241954658365	0.6374241954658365	98.38102968738669	0.688051627597988	False	False	True	0.997576353937321	0.5832167832167832	0.5245283018867924	0.6039603960396039	0.42657342657342656
test	NZ_CP037880.1	NZ_JBTZQO010000007.1	0.4576271186440678	[0.4, 0.8)	1.5933333333333333	40085	87572	0.7860047399276537	0.3600465902343214	0.3600465902343214	97.93586780606904	0.7860047399276537	False	False	True	0.9771335542541332	0.5732484076433121	0.5070422535211268	0.8	0.5194805194805194
test	NZ_AP027431.1	NZ_CP091608.1	0.5863309352517986	[0.4, 0.8)	1.5933333333333333	201683	225457	0.8102963561628893	0.7247457386552646	0.7247457386552646	99.6141451221228	0.8102963561628893	False	False	True	0.9993357019869181	0.7719745222929937	0.6973532796317606	0.7747747747747747	0.6013986013986014
test	NZ_AP045063.1	NZ_JBXULQ010000004.1	0.4466666666666666	[0.4, 0.8)	1.5933333333333333	93025	116759	0.8740446116635313	0.696477359347031	0.696477359347031	98.39916362966147	0.8740446116635313	False	False	True	0.9981743329136868	0.7454545454545455	0.5454545454545454	0.7714285714285715	0.5328947368421053
test	NZ_AP045063.1	CP073108.1	0.4632352941176471	[0.4, 0.8)	1.5933333333333333	93025	108563	0.8755495834453104	0.7502187669832263	0.7502187669832263	97.99731145832055	0.8755495834453104	False	False	True	0.9970809153507205	0.6575757575757576	0.547979797979798	0.7619047619047619	0.5673758865248227
test	NZ_AP045063.1	CP082669.1	0.5583333333333333	[0.4, 0.8)	1.5933333333333333	93025	99345	0.8178554152109648	0.7660979415169359	0.7660979415169359	98.3347702298096	0.8178554152109648	False	False	True	0.9992863329742218	0.7359009628610729	0.7359009628610729	0.8235294117647058	0.6829268292682927
test	NZ_AP045063.1	NZ_CP043828.1	0.4538461538461538	[0.4, 0.8)	1.5933333333333333	93025	97743	0.8406664875033593	0.8000470621937121	0.8000470621937121	97.60579568148734	0.8406664875033593	False	False	True	0.9825161485857368	0.5983493810178817	0.5918367346938775	0.7047619047619048	0.5068493150684932
test	OW849104.1	NZ_CP115006.1	0.6	[0.4, 0.8)	1.5933333333333333	5413	5413	1.0	1.0	1.0	98.50431141485038	1.0	False	False	True	0.8918272704876276	0.7754800590841949	0.7754800590841949	0.6666666666666666	0.46153846153846156
test	NZ_JBVWFR010000002.1	NZ_CP061964.1	0.5280898876404494	[0.4, 0.8)	1.5933333333333333	58585	63578	0.9580267986686012	0.8828211016389317	0.8828211016389317	97.75892747534448	0.9580267986686012	False	False	True	0.9988598187169246	0.7177242888402626	0.6721311475409836	0.8961038961038961	0.7340425531914894
test	NZ_CP043297.1	NZ_CM017149.1	0.6834532374100719	[0.4, 0.8)	1.5933333333333333	110724	153499	0.9316227737437232	0.6720695248828983	0.6720695248828983	99.91778565821224	0.9316227737437232	False	False	True	0.9980478893132009	0.9562982005141388	0.6966292134831461	0.8790322580645161	0.6193181818181818
test	NZ_CP095668.1	NZ_JBYDGO010000004.1	0.6379310344827587	[0.4, 0.8)	1.5933333333333333	45403	57114	0.8963064114706076	0.7126273768252968	0.7126273768252968	99.98740340532174	0.8963064114706076	False	False	True	0.9972941219101956	0.8579881656804734	0.7397959183673469	0.864406779661017	0.6538461538461539
test	NZ_CP059715.1	NZ_JBYDGO010000004.1	0.6440677966101694	[0.4, 0.8)	1.5933333333333333	45739	57114	0.8897221189794268	0.7126273768252968	0.7126273768252968	99.9875543107049	0.8897221189794268	False	False	True	0.9662470300459399	0.838150289017341	0.7397959183673469	0.864406779661017	0.6538461538461539
test	NZ_JBYMRZ010000004.1	NZ_CP023984.1	0.4577464788732394	[0.4, 0.8)	1.5933333333333333	106186	111425	0.8681935471719435	0.8267982948171416	0.8267982948171416	97.22621230842604	0.8681935471719435	False	False	True	0.9714940375377531	0.60880195599022	0.5697940503432495	0.8034188034188035	0.6573426573426573
test	CP131017.1	CP131529.1	0.6752136752136753	[0.4, 0.8)	1.5933333333333333	122440	135006	0.7790509637373407	0.7071315348947455	0.7071315348947455	99.46804555589289	0.7790509637373407	False	False	True	0.9986367825691136	0.8247978436657682	0.7050691244239631	0.7962962962962963	0.47513812154696133
test	NZ_CP123016.1	CP125070.1	0.5	[0.4, 0.8)	1.5933333333333333	2088	2113	1.0	1.0	1.0	98.6279815428301	1.0	False	False	True	0.8768117541504209	0.9287128712871288	0.9287128712871288	1.0	1.0
test	NZ_CP095668.1	NZ_JBWIFL010000005.1	0.6379310344827587	[0.4, 0.8)	1.5933333333333333	45403	59700	0.8963064114706076	0.6817587939698493	0.6817587939698493	99.99266971327484	0.8963064114706076	False	False	True	0.9970097852840216	0.8609467455621301	0.714987714987715	0.864406779661017	0.6219512195121951
test	NZ_CP095668.1	NZ_CM007910.1	0.4455445544554455	[0.4, 0.8)	1.5933333333333333	45403	124845	0.9621390657005044	0.349889863430654	0.349889863430654	99.97269410364405	0.9621390657005044	False	False	True	0.9846637323114122	1.0	0.44562334217506633	0.8983050847457628	0.41732283464566927
test	NZ_CP059715.1	NZ_JBWIFL010000005.1	0.6440677966101694	[0.4, 0.8)	1.5933333333333333	45739	59700	0.9066223572880912	0.6947068676716918	0.6947068676716918	99.89404000096444	0.9066223572880912	False	False	True	0.9697127902887875	0.8439306358381503	0.7174447174447175	0.8813559322033898	0.6419753086419753
test	NZ_CP080351.1	NZ_CP056884.1	0.5843621399176955	[0.4, 0.8)	1.5933333333333333	193800	198658	0.7696284829721363	0.750621671415196	0.750621671415196	99.34370195781416	0.7696284829721363	False	False	True	0.9941970735667941	0.7588652482269503	0.7133333333333334	0.7967914438502673	0.596
test	NZ_CP054265.1	NZ_CP056884.1	0.4314516129032258	[0.4, 0.8)	1.5933333333333333	168717	198658	0.6854970157127024	0.5821663361153339	0.5821663361153339	99.57969225516464	0.6854970157127024	False	False	True	0.9977907674041577	0.6704918032786885	0.5453333333333333	0.6647058823529411	0.4200743494423792
test	CP009881.1	NZ_AP018744.1	0.6	[0.4, 0.8)	1.5933333333333333	50272	51983	0.8131564290260981	0.7867379720293173	0.7867379720293173	99.72863028762735	0.8131564290260981	False	False	True	0.9983457187148611	0.7867036011080333	0.7593582887700535	0.7903225806451613	0.6049382716049383
test	CP009881.1	NZ_CP149976.1	0.726027397260274	[0.4, 0.8)	1.5933333333333333	50272	58972	0.8897000318268619	0.7492877975988604	0.7492877975988604	99.85025207322798	0.8897000318268619	False	False	True	0.9967684859064497	0.8808864265927978	0.75177304964539	0.8225806451612904	0.6144578313253012
test	CP009881.1	NZ_CP118928.1	0.676056338028169	[0.4, 0.8)	1.5933333333333333	50272	67839	0.870723265436028	0.6454694202449918	0.6454694202449918	99.94499636903402	0.870723265436028	False	False	True	0.9926222405930785	0.8836565096952909	0.6632016632016632	0.8387096774193549	0.5473684210526316
test	CP128668.1	CP009881.1	0.4098360655737705	[0.4, 0.8)	1.5933333333333333	30836	50272	0.7976391231028668	0.4890396244430299	0.4890396244430299	99.87801321138213	0.7976391231028668	False	False	True	0.9927152172059075	0.815068493150685	0.48243243243243245	0.7567567567567568	0.39436619718309857
test	CP009881.1	NZ_MH917123.1	0.7846153846153846	[0.4, 0.8)	1.5933333333333333	50272	65604	0.8704845639719924	0.667047740991403	0.667047740991403	99.89040535045233	0.8704845639719924	False	False	True	0.9968254934750264	0.9418282548476454	0.7439824945295405	0.8709677419354839	0.6206896551724138
test	NZ_JBRXAB010000004.1	NZ_CP066368.1	0.449438202247191	[0.4, 0.8)	1.5933333333333333	62657	66038	0.7825622037441946	0.7423453163330204	0.7423453163330204	97.39710083572255	0.7825622037441946	False	False	True	0.9989325984023653	0.6351351351351351	0.573170731707317	0.7439024390243902	0.5922330097087378
test	NZ_MT349894.1	NZ_CP120540.1	0.5	[0.4, 0.8)	1.5933333333333333	2683	2683	1.0	1.0	1.0	99.77668356317557	1.0	False	True	True	0.9992474448766008	0.9456681350954479	0.9456681350954479	1.0	0.75
test	NZ_JBVWFR010000002.1	NZ_OW970563.1	0.5393258426966292	[0.4, 0.8)	1.5933333333333333	58585	63589	0.9580267986686012	0.8828413719353976	0.8828413719353976	97.88691896029913	0.9580267986686012	False	False	True	0.9988243322132837	0.7199124726477024	0.6741803278688525	0.9090909090909091	0.7777777777777778
test	NZ_JBVWFR010000002.1	NZ_CP031805.1	0.5217391304347826	[0.4, 0.8)	1.5933333333333333	58585	65454	0.9580267986686012	0.8569988083234027	0.8569988083234027	97.8546523192276	0.9580267986686012	False	False	True	0.9987872818307622	0.7199124726477024	0.6619718309859155	0.9090909090909091	0.7692307692307693
test	NZ_CP107491.1	NZ_CP138519.1	0.7333333333333333	[0.4, 0.8)	1.5933333333333333	10060	11970	1.0	0.8404344193817878	0.8404344193817878	100.0	1.0	False	True	True	0.9961968984435688	1.0	0.8256756756756757	1.0	0.8125
test	NZ_CP107491.1	NZ_CP054742.1	0.7333333333333333	[0.4, 0.8)	1.5933333333333333	10060	11970	1.0	0.8404344193817878	0.8404344193817878	100.0	1.0	False	True	True	0.9961910734869804	1.0	0.8234501347708895	0.9230769230769231	0.75
test	NZ_CP107491.1	NZ_CP152448.1	0.7333333333333333	[0.4, 0.8)	1.5933333333333333	10060	11970	1.0	0.8404344193817878	0.8404344193817878	100.0	1.0	False	True	True	0.9962245651905463	1.0	0.8234501347708895	1.0	0.9285714285714286
test	NZ_AP018744.1	NZ_CP042533.1	0.425	[0.4, 0.8)	1.5933333333333333	51983	51987	0.6966315910970894	0.6968088175890126	0.6966315910970894	98.26024336844424	0.6966315910970894	False	False	True	0.9967088367399141	0.5294117647058824	0.5294117647058824	0.6875	0.5
test	NZ_AP018744.1	NZ_MH917123.1	0.5443037974683544	[0.4, 0.8)	1.5933333333333333	51983	65604	0.7599022757439933	0.601945003353454	0.601945003353454	99.69637562579015	0.7599022757439933	False	False	True	0.9972462283011349	0.7941176470588235	0.649890590809628	0.7647058823529411	0.5473684210526316
test	NZ_CP134785.1	NZ_JBXSFE010000003.1	0.6293706293706294	[0.4, 0.8)	1.5933333333333333	126955	146840	0.8070418652278366	0.7055093979842005	0.7055093979842005	99.98821037850568	0.8070418652278366	False	False	True	0.9946891701941531	0.9150743099787686	0.7329931972789115	0.8897058823529411	0.6402116402116402
test	NZ_CP133428.1	NZ_JBTZQO010000007.1	0.4285714285714285	[0.4, 0.8)	1.5933333333333333	45040	87572	0.6997113676731794	0.360126524459873	0.360126524459873	97.92671779102204	0.6997113676731794	False	False	True	0.979913779415729	0.5142857142857142	0.5070422535211268	0.7692307692307693	0.5063291139240507
test	NZ_CP059715.1	CP090300.1	0.6666666666666666	[0.4, 0.8)	1.5933333333333333	45739	53824	0.8897221189794268	0.7571529429250892	0.7571529429250892	99.97304083034794	0.8897221189794268	False	False	True	0.9660952534204573	0.838150289017341	0.7671957671957672	0.847457627118644	0.6756756756756757
test	NZ_CP054265.1	NZ_CP080351.1	0.4491525423728814	[0.4, 0.8)	1.5933333333333333	168717	193800	0.7202475150696136	0.6269969040247678	0.6269969040247678	99.19393253047728	0.7202475150696136	False	False	True	0.9954578548379045	0.659016393442623	0.5702127659574469	0.6705882352941176	0.4691358024691358
test	NZ_CP080351.1	NZ_CP014121.1	0.544	[0.4, 0.8)	1.5933333333333333	193800	200203	0.8055985552115583	0.7799983017237504	0.7799983017237504	98.63383983382302	0.8055985552115583	False	False	True	0.9980100006183649	0.699290780141844	0.6895104895104895	0.7914438502673797	0.6141078838174274
test	NZ_CP141199.1	NZ_CP062226.1	0.6576271186440678	[0.4, 0.8)	1.5933333333333333	214402	265014	0.8910691131612578	0.7209317243617318	0.7209317243617318	99.78494212688028	0.8910691131612578	False	False	True	0.9985084465143211	0.8801452784503632	0.7255489021956087	0.8008849557522124	0.551829268292683
test	NZ_CP086389.1	NZ_CP141199.1	0.4428044280442804	[0.4, 0.8)	1.5933333333333333	142329	214402	0.8402855356252064	0.5579238999636198	0.5579238999636198	99.76678759308945	0.8402855356252064	False	False	True	0.9990004383578307	0.8067978533094812	0.5460048426150121	0.7697368421052632	0.4482758620689655
test	NZ_CP141199.1	NZ_KY019259.1	0.7224199288256228	[0.4, 0.8)	1.5933333333333333	214402	249153	0.919357095549482	0.7909597717065417	0.7909597717065417	99.92974503329732	0.919357095549482	False	False	True	0.9982756022953815	0.9261501210653753	0.8086680761099366	0.8893805309734514	0.7102473498233216
test	NZ_CP141199.1	NZ_JBXSEZ010000002.1	0.6137071651090342	[0.4, 0.8)	1.5933333333333333	214402	287195	0.8887976791261275	0.6634864813106077	0.6634864813106077	99.92793841811468	0.8887976791261275	False	False	True	0.9993465910462782	0.8958837772397095	0.6630824372759857	0.8539823008849557	0.6050156739811913
test	NZ_CP149976.1	NZ_MH917123.1	0.7894736842105263	[0.4, 0.8)	1.5933333333333333	58972	65604	0.7730957064369531	0.7017102615694165	0.7017102615694165	99.7327552766438	0.7730957064369531	False	False	True	0.9965193779770286	0.8605200945626478	0.7964989059080962	0.8055555555555556	0.6236559139784946
test	NZ_PETB01000002.1	NZ_JBXSFE010000003.1	0.5588235294117647	[0.4, 0.8)	1.5933333333333333	128081	146840	0.8935048914358882	0.7795832198311087	0.7795832198311087	98.73377586613452	0.8935048914358882	False	False	True	0.997342242016423	0.7735470941883767	0.6564625850340136	0.8136645962732919	0.6421568627450981
test	NZ_CP042533.1	NZ_MH917123.1	0.4216867469879518	[0.4, 0.8)	1.5933333333333333	51987	65604	0.703618212245369	0.5568562892506554	0.5568562892506554	98.09018995573528	0.703618212245369	False	False	True	0.9972912446385436	0.56951871657754	0.4660831509846827	0.71875	0.4742268041237113
test	NZ_CP086389.1	NZ_CP062226.1	0.4381270903010033	[0.4, 0.8)	1.5933333333333333	142329	265014	0.880298463419261	0.4728882247730309	0.4728882247730309	99.68637733485464	0.880298463419261	False	False	True	0.9973631115622501	0.8443649373881932	0.47105788423153694	0.7960526315789473	0.3853503184713376
test	NZ_CP063478.1	NZ_JCAOGM010000005.1	0.4166666666666667	[0.4, 0.8)	1.5933333333333333	47841	58510	0.8959887962208147	0.7340454623141344	0.7340454623141344	97.79805392145464	0.8959887962208147	False	False	True	0.9807848033397637	0.6694214876033058	0.5170212765957447	0.6825396825396826	0.4215686274509804
test	NZ_CP026219.1	NZ_CP199511.1	0.5535714285714286	[0.4, 0.8)	1.5933333333333333	35298	44105	0.753895404838801	0.6031969164493821	0.6031969164493821	99.97761476025852	0.753895404838801	False	False	True	0.9937327769437606	0.7591623036649214	0.5902306648575305	0.6274509803921569	0.4507042253521127
test	NZ_MH917123.1	NZ_CP118928.1	0.72	[0.4, 0.8)	1.5933333333333333	65604	67839	0.7198341564538747	0.6961040109671428	0.6961040109671428	99.90891517781542	0.7198341564538747	False	False	True	0.9952265111551137	0.7921225382932167	0.7525987525987526	0.7721518987341772	0.5922330097087378
test	CP082669.1	NZ_JBXULQ010000004.1	0.4246575342465753	[0.4, 0.8)	1.5933333333333333	99345	116759	0.7807841360913986	0.6646682482720818	0.6646682482720818	98.37876477702582	0.7807841360913986	False	False	True	0.9981846486405339	0.7591463414634146	0.5521064301552107	0.803921568627451	0.5540540540540541
test	NZ_CP086389.1	NZ_JBVTJX020000002.1	0.4520547945205479	[0.4, 0.8)	1.5933333333333333	142329	257061	0.8959523357853986	0.4961312684537911	0.4961312684537911	99.5390756633873	0.8959523357853986	False	False	True	0.9965494389229924	0.8497316636851521	0.4807692307692308	0.7631578947368421	0.3591331269349845
test	NZ_CP086389.1	NZ_JBXSEZ010000002.1	0.4166666666666667	[0.4, 0.8)	1.5933333333333333	142329	287195	0.8754716185738676	0.433987360504187	0.433987360504187	99.80178551659408	0.8754716185738676	False	False	True	0.9982245332795171	0.8479427549194991	0.42473118279569894	0.8355263157894737	0.40836012861736337
test	NZ_JANUNI010000004.1	CP103140.1	0.6666666666666666	[0.4, 0.8)	1.5933333333333333	2694	2708	0.9688195991091314	0.9619645494830132	0.9619645494830132	98.19914176245211	0.9688195991091314	False	False	True	0.9945028007856386	0.6892911010558069	0.6892911010558069	1.0	1.0
test	NZ_MZ475707.1	NZ_CP129815.1	0.4088050314465409	[0.4, 0.8)	1.5933333333333333	100733	146394	0.6931492162449246	0.4770550705630012	0.4770550705630012	99.9928418053209	0.6931492162449246	False	False	True	0.9870402846351022	0.6945812807881774	0.4938704028021016	0.7364341085271318	0.4418604651162791
test	NZ_AP027431.1	NZ_CP189736.1	0.6480836236933798	[0.4, 0.8)	1.5933333333333333	201683	239563	0.8747241958915725	0.7370295078956266	0.7370295078956266	99.62444267276256	0.8747241958915725	False	False	True	0.9990855388250781	0.8484076433121019	0.7040169133192389	0.8558558558558559	0.6761565836298933
test	NZ_CP129815.1	NZ_JBXSFE010000003.1	0.66875	[0.4, 0.8)	1.5933333333333333	146394	146840	0.7547850321734497	0.7523699264505584	0.7523699264505584	99.97929259135284	0.7547850321734497	False	False	True	0.9939031143637056	0.7915936952714536	0.7687074829931972	0.8103448275862069	0.6588785046728972
test	NZ_CP129712.1	NZ_JBXSFE010000003.1	0.6772151898734177	[0.4, 0.8)	1.5933333333333333	143798	146840	0.7683486557532093	0.752376736584037	0.752376736584037	99.98182845275367	0.7683486557532093	False	False	True	0.970176295053713	0.8057040998217468	0.7687074829931972	0.8045977011494253	0.660377358490566
test	NZ_CP054265.1	NZ_CP014121.1	0.6713615023474179	[0.4, 0.8)	1.5933333333333333	168717	200203	0.8738834853630636	0.7372267148843923	0.7372267148843923	99.96695763458048	0.8738834853630636	False	False	True	0.998093508928709	0.8573770491803279	0.7314685314685314	0.8294117647058824	0.6103896103896104
test	CP082724.1	CP082669.1	0.5483870967741935	[0.4, 0.8)	1.5933333333333333	53499	99345	0.7222564907755286	0.3882933212542151	0.3882933212542151	99.5578948702693	0.7222564907755286	False	False	True	0.9820626276034412	0.9719387755102041	0.5396600566572238	0.9692307692307692	0.6057692307692307
test	NZ_MF978389.1	NZ_AP040130.1	0.4459459459459459	[0.4, 0.8)	1.5933333333333333	52740	54692	0.8273227152066742	0.7965881664594456	0.7965881664594456	98.52331729932686	0.8273227152066742	False	False	True	0.9967267858958845	0.6683544303797468	0.636144578313253	0.7285714285714285	0.5368421052631579
test	NZ_JBVTJX020000002.1	NZ_JBXSEZ010000002.1	0.5924855491329479	[0.4, 0.8)	1.5933333333333333	257061	287195	0.7666429368904657	0.6862758752763801	0.6862758752763801	99.71853519926556	0.7666429368904657	False	False	True	0.9980916600210209	0.7621457489878543	0.6747311827956989	0.6748251748251748	0.5078947368421053
test	NZ_AP040130.1	NZ_JCAOGM010000005.1	0.5405405405405406	[0.4, 0.8)	1.5933333333333333	54692	58510	0.9045015724420392	0.8460946846692873	0.8460946846692873	97.55817914875584	0.9045015724420392	False	False	True	0.9780256778497466	0.6819277108433734	0.6021276595744681	0.8289473684210527	0.6631578947368421
test	NZ_CP043828.1	CP073108.1	0.536	[0.4, 0.8)	1.5933333333333333	97743	108563	0.8889229919278107	0.8002450190212135	0.8002450190212135	98.70360149744675	0.8889229919278107	False	False	True	0.9843168688214494	0.7380281690140845	0.6616161616161617	0.7304347826086957	0.5714285714285714
test	NZ_MW881232.1	NZ_CP043828.1	0.4369747899159664	[0.4, 0.8)	1.5933333333333333	91784	97743	0.8285975769197246	0.7784905312912433	0.7784905312912433	98.15444190076136	0.8285975769197246	False	False	True	0.9815471784687866	0.6476608187134503	0.6027210884353742	0.7029702970297029	0.4896551724137931
test	NZ_LS992189.1	NZ_CP066368.1	0.4021739130434782	[0.4, 0.8)	1.5933333333333333	64687	66038	0.7701392861007621	0.7573215421424029	0.7573215421424029	97.26581429966322	0.7701392861007621	False	False	True	0.9717818593103176	0.6282608695652174	0.5873983739837398	0.8048780487804879	0.6111111111111112
test	OW967952.1	NZ_OZ066665.1	0.6666666666666666	[0.4, 0.8)	1.5933333333333333	9294	39395	0.8245104368409727	0.1945424546262216	0.1945424546262216	99.96088206131768	0.8245104368409727	False	False	True	0.9302268110228743	0.7974683544303798	0.5526315789473685	0.75	0.1836734693877551
test	AP026012.1	NZ_CP148239.1	0.5362318840579711	[0.4, 0.8)	1.5933333333333333	44806	46941	0.8951926081328394	0.8548390532796489	0.8548390532796489	96.7769721656146	0.8951926081328394	False	False	True	0.9981511486885799	0.669710806697108	0.6294706723891274	0.7755102040816326	0.59375
test	NZ_KX246268.1	CP082669.1	0.4385964912280701	[0.4, 0.8)	1.5933333333333333	86207	99345	0.8625401649518021	0.7473853742010167	0.7473853742010167	97.76139853904824	0.8625401649518021	False	False	True	0.998740300427189	0.6600609756097561	0.613314447592068	0.7789473684210526	0.6016260162601627
test	NZ_KX246268.1	NZ_CP043828.1	0.4310344827586206	[0.4, 0.8)	1.5933333333333333	86207	97743	0.8883849339380793	0.7821531976714445	0.7821531976714445	96.97513148012936	0.8883849339380793	False	False	True	0.9818298703416306	0.5762195121951219	0.5142857142857142	0.7368421052631579	0.5
test	OW967952.1	CP067788.1	0.7058823529411765	[0.4, 0.8)	1.5933333333333333	9294	13841	0.8465676780718743	0.5684560364135539	0.5684560364135539	100.0	0.8465676780718743	False	False	True	0.985136881647445	0.8274760383386581	0.6023255813953489	0.75	0.47368421052631576
test	NZ_KY019259.1	NZ_JBXSEZ010000002.1	0.6187683284457478	[0.4, 0.8)	1.5933333333333333	249153	287195	0.7914173218865517	0.6866275527080903	0.6866275527080903	99.95216339309252	0.7914173218865517	False	False	True	0.9983161459023954	0.8086680761099366	0.6854838709677419	0.7906976744186046	0.6
test	NZ_CP014372.1	NZ_CP025482.1	1.0	[0.8, 1)	1.0	3125	3269	0.66752	0.6381156316916489	0.6381156316916489	100.0	0.66752	False	False	True	0.9994374251585725	1.0	0.9922279792746114	1.0	1.0
test	NZ_CP117387.1	NZ_CP117397.1	1.0	[0.8, 1)	1.0	100517	100527	1.0	1.0	1.0	99.974	1.0	False	True	True	0.9999984093286438	1.0	1.0	0.992	0.9763779527559056
test	NZ_CP117397.1	NZ_CP025275.1	0.9191919191919192	[0.8, 1)	1.0	100527	125113	0.9957822276602306	0.80014067283176	0.80014067283176	99.99094530961251	0.9957822276602306	False	True	True	0.9810394982452864	1.0	0.9452054794520548	0.9841269841269841	0.8794326241134752
test	NZ_CP104670.1	NZ_CP139802.1	1.0	[0.8, 1)	1.0	5168	10036	1.0	0.514647269828617	0.514647269828617	99.942	1.0	False	False	True	0.8906543597474158	0.9910714285714286	0.9910714285714286	0.8333333333333334	0.625
test	NZ_CP142934.1	NZ_CP104670.1	1.0	[0.8, 1)	1.0	5167	5168	1.0	1.0	1.0	99.923	1.0	False	True	True	0.9999043492239224	0.9877488514548239	0.9877488514548239	1.0	0.8333333333333334
test	NZ_CP124427.1	NZ_CP104670.1	1.0	[0.8, 1)	1.0	5167	5168	1.0	1.0	1.0	99.981	1.0	False	True	True	0.9999964836734827	1.0	0.9984662576687117	1.0	0.8333333333333334
test	NZ_CP068141.1	NZ_CP109610.1	1.0	[0.8, 1)	1.0	3991	3991	1.0	1.0	1.0	100.0	1.0	False	True	True	0.9999608208114752	0.9937888198757764	0.9917355371900827	0.75	0.6
test	NZ_CP030765.1	CP051818.1	0.9726027397260274	[0.8, 1)	1.0	93169	93177	0.9859609956101278	0.9848997070092405	0.9848997070092405	99.91948858457422	0.9859609956101278	False	True	True	0.9568892505141952	0.9903713892709766	0.9769335142469471	0.9775280898876404	0.9560439560439561
test	CP051818.1	NZ_CP038312.1	0.9863013698630136	[0.8, 1)	1.0	93177	93182	1.0	1.0	1.0	99.9911498358052	1.0	False	True	True	0.9999993844731273	0.9959294436906377	0.9959294436906377	1.0	0.9888888888888889
test	NZ_CP038401.1	CP051818.1	0.9863013698630136	[0.8, 1)	1.0	92513	93177	1.0	0.991918606523069	0.991918606523069	99.93927452335946	1.0	False	True	True	0.9999814387366114	0.9891156462585035	0.9864314789687924	0.9886363636363636	0.9666666666666667
test	CP051818.1	NZ_CP018253.1	0.9863013698630136	[0.8, 1)	1.0	93177	95229	0.9943226332678664	0.9741465309937098	0.9741465309937098	99.9330680770391	0.9943226332678664	False	True	True	0.999863223002987	0.9864314789687924	0.9850948509485095	1.0	0.9887640449438202
test	NZ_CP028692.1	CP051818.1	0.9210526315789472	[0.8, 1)	1.0	92714	93177	0.9689259443018314	0.9639395988280368	0.9639395988280368	99.93337894420516	0.9689259443018314	False	True	True	0.9998623813064699	0.9633152173913043	0.9620081411126187	0.9540229885057471	0.8924731182795699
test	CP051818.1	NZ_CP062718.1	0.9863013698630136	[0.8, 1)	1.0	93177	96507	0.993410390976314	0.960096158827857	0.960096158827857	99.9093218225937	0.993410390976314	False	True	True	0.9998190200385915	0.9864314789687924	0.9850948509485095	0.9772727272727273	0.945054945054945
test	AB011549.2	CP051818.1	0.9090909090909092	[0.8, 1)	1.0	92721	93177	0.9689282902470854	0.9639395988280368	0.9639395988280368	99.90317203427554	0.9689282902470854	False	True	True	0.9998590557622604	0.9618528610354223	0.9579375848032564	0.9655172413793104	0.9130434782608695
test	NZ_CP176887.1	NZ_LR134211.1	0.827433628318584	[0.8, 1)	1.0	203546	205331	0.9104526740884124	0.8974387695964078	0.8974387695964078	99.83124471624951	0.9104526740884124	False	True	True	0.9987723391526173	0.9060052219321149	0.8762626262626263	0.8372093023255814	0.7058823529411765
test	NZ_RRDN01000154.1	NZ_JAUAMW010000033.1	1.0	[0.8, 1)	1.0	10251	11964	0.8678177738757195	0.7436476094951521	0.7436476094951521	99.8989435828276	0.8678177738757195	False	False	True	0.9483061991110113	0.8549618320610687	0.7329842931937173	0.7	0.3888888888888889
test	NC_005242.1	NZ_CP071740.1	0.8823529411764706	[0.8, 1)	1.0	11066	11916	1.0	0.9294226250419604	0.9294226250419604	99.9909016704289	1.0	False	True	True	0.9993589038694	0.9985507246376811	0.9223560910307899	0.9473684210526315	0.782608695652174
test	NZ_CP039507.1	CP082152.1	1.0	[0.8, 1)	1.0	2495	2495	1.0	1.0	1.0	100.0	1.0	False	True	True	0.9999056267645797	0.9927007299270073	0.9912536443148688	1.0	0.75
test	NZ_CP039507.1	NZ_CP042511.1	1.0	[0.8, 1)	1.0	2495	2495	1.0	1.0	1.0	100.0	1.0	False	True	True	0.815790305406662	0.9927007299270073	0.9912536443148688	1.0	0.75
test	NZ_CP039507.1	OW969701.1	1.0	[0.8, 1)	1.0	2495	2495	1.0	1.0	1.0	99.95981002004008	1.0	False	True	True	0.8137025172101421	0.9912408759124087	0.9854862119013063	0.6666666666666666	0.4
test	NZ_CP039507.1	NZ_CP071270.1	1.0	[0.8, 1)	1.0	2495	2495	0.9887775551102204	0.9887775551102204	0.9887775551102204	100.0	0.9887775551102204	False	True	True	0.8169365996824227	0.9985401459854014	0.991304347826087	1.0	1.0
test	NZ_CP039507.1	NZ_JBRYID020000005.1	1.0	[0.8, 1)	1.0	2495	2555	0.9851703406813628	0.962426614481409	0.962426614481409	99.71551726940268	0.9851703406813628	False	True	True	0.9973539519587871	0.9503649635036496	0.9366906474820144	1.0	0.5
test	CP092319.1	NZ_CP011943.1	0.9555555555555556	[0.8, 1)	1.0	59350	59372	1.0	0.9996126120056592	0.9996126120056592	99.95809367839333	1.0	False	True	True	0.9960892218662925	0.9907834101382489	0.9907834101382489	0.9866666666666667	0.961038961038961
test	NZ_CP028152.1	CP092319.1	0.9111111111111112	[0.8, 1)	1.0	56636	59350	0.9995938978741437	0.9539005897219882	0.9539005897219882	99.91534799350006	0.9995938978741437	False	True	True	0.9955917648959626	0.9902676399026764	0.9377880184331797	0.958904109589041	0.8860759493670886
test	NZ_CP147667.1	NZ_CP021786.1	1.0	[0.8, 1)	1.0	8731	8731	1.0	1.0	1.0	100.0	1.0	False	True	True	0.999995831798658	1.0	0.998220640569395	1.0	1.0
test	NZ_CP147667.1	NZ_CP121558.1	1.0	[0.8, 1)	1.0	8731	17462	1.0	0.5	0.5	99.977	1.0	False	False	True	0.9999814999405634	1.0	0.989010989010989	1.0	0.75
test	NZ_CP119738.1	NZ_KX646543.1	0.8090909090909091	[0.8, 1)	1.0	100423	111559	0.953685908606594	0.8583440152744288	0.8583440152744288	99.75369984029058	0.953685908606594	False	True	True	0.9994773658902889	0.9615384615384616	0.8620689655172413	0.9316239316239316	0.7730496453900709
test	NZ_KY288024.1	NZ_PV022950.1	0.896551724137931	[0.8, 1)	1.0	82841	90934	0.922876353496457	0.8403017573184948	0.8403017573184948	99.99463957837467	0.922876353496457	False	True	True	0.9986959855021627	0.9683734939759037	0.9278499278499278	0.9555555555555556	0.8269230769230769
test	NZ_CP117387.1	NZ_CP025275.1	0.9191919191919192	[0.8, 1)	1.0	100517	125113	0.9957818080523692	0.80014067283176	0.80014067283176	99.96899429621712	0.9957818080523692	False	True	True	0.9810615178454261	1.0	0.9452054794520548	0.976	0.8591549295774648
test	NZ_AP027592.1	NZ_CP089314.1	1.0	[0.8, 1)	1.0	3373	3374	1.0	1.0	1.0	99.8221158861885	1.0	False	True	True	0.8555310337325581	0.9675	0.9675	0.6	0.42857142857142855
test	NZ_CP050782.1	NZ_AP027592.1	1.0	[0.8, 1)	1.0	3372	3373	1.0	1.0	1.0	99.82216424547882	1.0	False	True	True	0.9996418620064988	0.9602977667493796	0.9602977667493796	1.0	1.0
test	NZ_AP027592.1	NZ_CP060923.1	1.0	[0.8, 1)	1.0	3373	3374	1.0	1.0	1.0	99.8222359217546	1.0	False	True	True	0.9996074850080333	0.9675	0.9675	1.0	0.8333333333333334
test	NZ_JARVXC010000052.1	NZ_JARXID010000075.1	1.0	[0.8, 1)	1.0	1551	1802	1.0	0.8607103218645948	0.8607103218645948	100.0	1.0	False	True	True	0.8271676253378262	1.0	0.8684807256235828	0.0	0.0
test	NZ_MF175191.1	NZ_KX555451.1	0.8085106382978723	[0.8, 1)	1.0	33660	38814	0.9659536541889484	0.8366826402844334	0.8366826402844334	99.6651547183726	0.9659536541889484	False	True	True	0.9981842589076558	0.9254658385093167	0.7967914438502673	0.9302325581395349	0.7843137254901961
test	NZ_CP033349.2	NZ_KX555451.1	0.8085106382978723	[0.8, 1)	1.0	33309	38814	0.965594884265514	0.8276910393157109	0.8276910393157109	99.6521884805368	0.965594884265514	False	True	True	0.9488784566058223	0.9225941422594143	0.786096256684492	0.9512195121951219	0.78
test	NZ_CP086846.1	NZ_CP086895.1	1.0	[0.8, 1)	1.0	82222	82231	1.0	1.0	1.0	99.98212389036163	1.0	False	True	True	0.999999471927418	0.9968304278922345	0.9968304278922345	0.9305555555555556	0.8589743589743589
test	NZ_CP086846.1	NZ_CP087000.1	0.9690721649484536	[0.8, 1)	1.0	82222	82226	1.0	1.0	1.0	99.90487815258896	1.0	False	True	True	0.9964417293131823	0.9920760697305864	0.9920760697305864	0.9041095890410958	0.825
test	NZ_CP086846.1	NZ_CP087065.1	1.0	[0.8, 1)	1.0	82222	82447	1.0	1.0	1.0	99.98191828987264	1.0	False	True	True	0.9964670215096006	0.9952456418383518	0.9952456418383518	0.9041095890410958	0.825
test	NC_018997.1	NZ_CP116080.1	0.875	[0.8, 1)	1.0	7930	7939	0.9940731399747792	0.9940798589242976	0.9940731399747792	99.063	0.9940731399747792	False	True	True	0.9992690452672294	0.9014373716632443	0.8832997987927566	1.0	1.0
test	NZ_CP095675.1	NZ_MH341575.1	0.9787234042553192	[0.8, 1)	1.0	45322	46293	0.9926967035876616	0.9719396020996696	0.9719396020996696	99.97973038627372	0.9926967035876616	False	True	True	0.9998745676784563	1.0	0.9665697674418605	0.9827586206896551	0.9661016949152542
test	NZ_MH341575.1	NZ_ON209126.1	0.8103448275862069	[0.8, 1)	1.0	46293	54035	0.9943619985742984	0.8518922920329416	0.8518922920329416	99.97404323843033	0.9943619985742984	False	True	True	0.9535613171685107	0.9914040114613181	0.8606965174129353	0.9310344827586207	0.7605633802816901
test	NZ_CP095668.1	NZ_MH341575.1	0.9574468085106383	[0.8, 1)	1.0	45403	46293	1.0	0.983410018793338	0.983410018793338	99.98234785282813	1.0	False	True	True	0.9998834832422896	0.9970059880239521	0.9680232558139535	0.9827586206896551	0.95
test	NZ_CP059715.1	NZ_MH341575.1	0.9583333333333334	[0.8, 1)	1.0	45739	46293	0.9819628763199896	0.9727820620828204	0.9727820620828204	99.97785765993828	0.9819628763199896	False	True	True	0.955959783619488	0.9823269513991163	0.9694767441860465	0.9827586206896551	0.95
test	NZ_CP057242.1	NZ_CP129290.1	1.0	[0.8, 1)	1.0	1551	3146	0.8555770470664088	0.4208518753973299	0.4208518753973299	96.087	0.8555770470664088	False	False	True	0.9752170000984335	0.8907103825136612	0.4738372093023256	0.5	0.25
test	NZ_CP057242.1	NZ_JARKNN010000015.1	1.0	[0.8, 1)	1.0	1551	2783	0.9671179883945842	0.5411426518145885	0.5411426518145885	93.55658974358974	0.9671179883945842	False	False	True	0.886597470552389	0.4344262295081967	0.2314410480349345	0.5	0.2
test	NZ_CP101209.1	NZ_CP057242.1	1.0	[0.8, 1)	1.0	1549	1551	1.0	1.0	1.0	96.652	1.0	False	False	True	0.9906061186318923	0.7602649006622516	0.7522935779816514	1.0	0.5
test	NZ_CP057242.1	CP077360.1	1.0	[0.8, 1)	1.0	1551	1628	0.6125080593165699	0.5841523341523341	0.5841523341523341	95.478	0.6125080593165699	False	False	True	0.8649228872101444	0.5573770491803278	0.5244215938303342	0.5	0.3333333333333333
test	NZ_CP057242.1	NZ_RRJD01000137.1	1.0	[0.8, 1)	1.0	1551	2405	0.6744036105738234	0.4299376299376299	0.4299376299376299	94.46557729007634	0.6744036105738234	False	False	True	0.8511674622357055	0.366120218579235	0.22596964586846544	0.5	0.16666666666666666
test	NZ_CP057242.1	NZ_RRNF01000141.1	1.0	[0.8, 1)	1.0	1551	3263	0.988394584139265	0.4701195219123506	0.4701195219123506	99.544	0.988394584139265	False	False	True	0.9663488372101801	0.93717277486911	0.9086294416243654	0.5	0.3333333333333333
test	NZ_CP057242.1	CP057777.1	1.0	[0.8, 1)	1.0	1551	1551	1.0	1.0	1.0	99.936	1.0	False	True	True	0.9996752197682904	0.981651376146789	0.981651376146789	1.0	1.0
test	CP099101.1	NZ_CP057242.1	1.0	[0.8, 1)	1.0	1548	1551	0.9987080103359172	0.9980657640232108	0.9980657640232108	96.323	0.9987080103359172	False	False	True	0.9882004404992767	0.6623544631306598	0.6623544631306598	1.0	0.5
test	NZ_CP060064.1	NZ_CP057242.1	1.0	[0.8, 1)	1.0	1549	1551	1.0	1.0	1.0	96.716	1.0	False	False	True	0.9912647647949681	0.7723684210526316	0.7693315858453473	1.0	0.5
test	NZ_CP146164.1	NZ_CP127510.1	1.0	[0.8, 1)	1.0	6101	6141	1.0	0.9959290017912392	0.9959290017912392	99.90204594506211	1.0	False	True	True	0.9997891033711166	0.979757085020243	0.979757085020243	1.0	0.875
test	NZ_CP146164.1	NZ_CP079603.1	1.0	[0.8, 1)	1.0	6101	6141	1.0	0.9959290017912392	0.9959290017912392	99.93460268149116	1.0	False	True	True	0.999857372621765	0.9959514170040485	0.9919354838709677	1.0	1.0
test	NZ_CP144317.1	CP052444.1	0.951219512195122	[0.8, 1)	1.0	174409	174931	0.969376580337024	0.966426762552092	0.966426762552092	99.9554291307382	0.969376580337024	False	True	True	0.9999178204189345	0.9795021961932651	0.9653679653679653	0.9466019417475728	0.8986175115207373
test	NZ_CP129815.1	NZ_CP144317.1	0.81875	[0.8, 1)	1.0	146394	174409	0.9944191701845704	0.8346243599814229	0.8346243599814229	99.99325973981372	0.9944191701845704	False	True	True	0.994276984391452	0.9964973730297724	0.8330893118594437	0.9668508287292817	0.8254716981132075
test	NZ_CP129712.1	NZ_CP144317.1	0.80625	[0.8, 1)	1.0	143798	174409	1.0	0.8244700674850495	0.8244700674850495	99.99420099583446	1.0	False	True	True	0.9715552153783052	0.9982174688057041	0.8199121522693997	0.9662921348314607	0.8113207547169812
test	AP026491.1	NZ_CP044159.1	0.8181818181818182	[0.8, 1)	1.0	48260	59694	0.9297347699958558	0.7557710992729587	0.7557710992729587	99.9776957774576	0.9297347699958558	False	False	True	0.9981321607312832	0.9490084985835694	0.8014354066985646	0.9354838709677419	0.725
test	AP026491.1	NZ_AP018744.1	0.9	[0.8, 1)	1.0	48260	51983	0.9042063820969748	0.8400823346093915	0.8400823346093915	99.95190636592626	0.9042063820969748	False	True	True	0.9984754143251893	0.9688385269121813	0.9144385026737968	0.9516129032258065	0.8309859154929577
test	OW849024.1	NZ_CP086468.1	0.9324324324324323	[0.8, 1)	1.0	242397	247089	0.9207085896277594	0.903172541068198	0.903172541068198	99.9258452139314	0.9207085896277594	False	True	True	0.9998413524291379	0.9885189437428243	0.9620111731843576	0.9823788546255506	0.9529914529914529
test	CP067475.1	NZ_CP086468.1	0.8597285067873304	[0.8, 1)	1.0	216181	247089	0.9778611441338508	0.8562825540594684	0.8562825540594684	99.9792258226125	0.9778611441338508	False	True	True	0.9996983792226576	0.9974842767295597	0.8860335195530726	1.0	0.8956521739130435
test	NZ_CP102691.1	NZ_CP125141.1	0.9285714285714286	[0.8, 1)	1.0	9294	9294	1.0	1.0	1.0	99.96784226382611	1.0	False	True	True	0.9999677137484876	0.9905956112852664	0.9875	0.9090909090909091	0.7692307692307693
test	NZ_CP102691.1	NZ_CP033630.1	0.9285714285714286	[0.8, 1)	1.0	9294	23185	1.0	0.4013802027172741	0.4013802027172741	99.94672727272729	1.0	False	False	True	0.9759685836611193	0.9935897435897436	0.8882521489971347	0.8333333333333334	0.6666666666666666
test	NZ_CP102691.1	NZ_OP378651.1	1.0	[0.8, 1)	1.0	9294	9506	1.0	0.97853986955607	0.97853986955607	99.97857751021286	1.0	False	True	True	0.9059358780306099	0.9952978056426333	0.9679878048780488	0.75	0.5625
test	NZ_CP102691.1	OW967952.1	0.9285714285714286	[0.8, 1)	1.0	9294	9294	1.0	1.0	1.0	99.96750957607058	1.0	False	True	True	0.9052544292139677	0.9921630094043887	0.9875195007800313	0.75	0.6
test	NZ_CP151122.1	CP030387.1	0.9565217391304348	[0.8, 1)	1.0	25430	25430	1.0	1.0	1.0	99.95249241053874	1.0	False	True	True	0.9999890131367062	0.9935064935064936	0.9832904884318766	1.0	1.0
test	NZ_CP151122.1	CP150837.1	0.9545454545454546	[0.8, 1)	1.0	25430	27053	1.0	0.9400436180830222	0.9400436180830222	99.25030197417482	1.0	False	True	True	0.9967156985307343	0.9338842975206612	0.8560606060606061	0.896551724137931	0.6666666666666666
test	NZ_CP151122.1	CP030582.1	1.0	[0.8, 1)	1.0	25430	25430	1.0	1.0	1.0	99.94880031458906	1.0	False	True	True	0.9999876908993888	0.9922077922077922	0.9807445442875481	1.0	1.0
test	NZ_CP151122.1	NZ_CP014408.1	0.9545454545454546	[0.8, 1)	1.0	25430	27098	1.0	0.9401431839988192	0.9401431839988192	99.39540735507671	1.0	False	True	True	0.9966958928714285	0.931129476584022	0.8556962025316456	0.896551724137931	0.7027027027027027
test	NZ_OP006451.1	NZ_CP101534.1	0.943089430894309	[0.8, 1)	1.0	136951	141697	0.9678790224240786	0.9354608777885206	0.9354608777885206	100.0	0.9678790224240786	False	True	True	0.9999214694337174	1.0	0.9635193133047211	1.0	0.9810126582278481
test	NZ_LKXM01000065.1	NZ_LKXP01000041.1	0.8333333333333334	[0.8, 1)	1.0	6974	8830	1.0	0.7898074745186863	0.7898074745186863	100.0	1.0	False	False	True	0.9246960744152908	1.0	0.7934595524956971	0.875	0.7
test	NZ_CP122774.1	NZ_CP116129.1	1.0	[0.8, 1)	1.0	5732	5775	1.0	1.0	1.0	98.97860761904762	1.0	False	False	True	0.880450063518233	0.9568965517241379	0.9460227272727273	1.0	1.0
test	NZ_CP092013.1	NZ_CP104360.1	1.0	[0.8, 1)	1.0	4593	4633	1.0	0.9924454996762356	0.9924454996762356	99.86947542409744	1.0	False	True	True	0.9995340086083746	0.96875	0.9653979238754326	0.8333333333333334	0.7142857142857143
test	OW849035.1	OW967602.1	0.8348623853211009	[0.8, 1)	1.0	204647	205284	0.9432144131113576	0.9402583737651252	0.9402583737651252	99.72620026937425	0.9432144131113576	False	True	True	0.9999205533510177	0.9357429718875502	0.9246031746031746	0.9174757281553398	0.84375
test	NZ_CP041210.1	NZ_JCBEAH010000002.1	0.8333333333333334	[0.8, 1)	1.0	3605	7162	0.8954230235783633	0.4497347109745881	0.4497347109745881	97.77579425393884	0.8954230235783633	False	False	True	0.9347632366207644	0.7465437788018433	0.6303501945525292	1.0	0.2857142857142857
test	NZ_JARKNN010000015.1	NZ_CP129290.1	1.0	[0.8, 1)	1.0	2783	3146	0.5400646784045994	0.4761602034329307	0.4761602034329307	93.35110599078342	0.5400646784045994	False	False	True	0.9111526319907296	0.27365356622998543	0.27325581395348836	0.3333333333333333	0.16666666666666666
test	NZ_CP101209.1	NZ_CP129290.1	1.0	[0.8, 1)	1.0	1549	3146	0.855390574564235	0.4208518753973299	0.4208518753973299	99.623	0.855390574564235	False	False	True	0.9759298793555823	0.943089430894309	0.5058139534883721	1.0	0.3333333333333333
test	CP077360.1	NZ_CP129290.1	1.0	[0.8, 1)	1.0	1628	3146	0.9914004914004914	0.5133502860775588	0.5133502860775588	96.04	0.9914004914004914	False	False	True	0.8731634290299817	0.6298200514138818	0.3561046511627907	0.5	0.25
test	NZ_RRJD01000137.1	NZ_CP129290.1	1.0	[0.8, 1)	1.0	2405	3146	0.4686070686070686	0.3623649078194533	0.3623649078194533	94.921	0.4686070686070686	False	False	False	0.8824862719394588	0.2715008431703204	0.23401162790697674	0.3333333333333333	0.14285714285714285
test	NZ_CP129290.1	NZ_RRNF01000141.1	1.0	[0.8, 1)	1.0	3146	3263	0.7606484424666243	0.7627949739503525	0.7606484424666243	95.18873777064957	0.7606484424666243	False	False	True	0.9526375811264145	0.4715909090909091	0.4715909090909091	0.5	0.25
test	CP057777.1	NZ_CP129290.1	1.0	[0.8, 1)	1.0	1551	3146	0.8555770470664088	0.4208518753973299	0.4208518753973299	96.163	0.8555770470664088	False	False	True	0.9757173445985664	0.9073569482288828	0.48401162790697677	0.5	0.25
test	CP099101.1	NZ_CP129290.1	1.0	[0.8, 1)	1.0	1548	3146	0.8559431524547804	0.4208518753973299	0.4208518753973299	98.868	0.8559431524547804	False	False	True	0.9747587973660216	0.8036649214659686	0.44622093023255816	1.0	0.3333333333333333
test	NZ_CP060064.1	NZ_CP129290.1	1.0	[0.8, 1)	1.0	1549	3146	0.855390574564235	0.4208518753973299	0.4208518753973299	99.69799999999998	0.855390574564235	False	False	True	0.9761356242424262	0.956989247311828	0.5174418604651163	1.0	0.3333333333333333
test	CP127703.1	CP151823.1	1.0	[0.8, 1)	1.0	20652	20754	1.0	0.9971089910378722	0.9971089910378722	99.73418171715709	1.0	False	True	True	0.9999583848908773	0.9723127035830619	0.9675850891410048	0.9545454545454546	0.875
test	NZ_CP043844.1	CP151823.1	1.0	[0.8, 1)	1.0	20729	20754	1.0	1.0	1.0	99.75450291496026	1.0	False	True	True	0.9999587560593971	0.9661290322580646	0.9661290322580646	0.9545454545454546	0.84
test	CP151823.1	NZ_CP077909.1	0.9375	[0.8, 1)	1.0	20754	46752	0.9971089910378722	0.4419917864476386	0.4419917864476386	99.65727515935868	0.9971089910378722	False	False	True	0.9996789837423883	0.9772727272727273	0.9261538461538461	0.9545454545454546	0.5833333333333334
test	CP049444.1	CP151823.1	1.0	[0.8, 1)	1.0	20722	20754	1.0	1.0	1.0	99.56666666666668	1.0	False	True	True	0.9999494790643975	0.962843295638126	0.962843295638126	0.8636363636363636	0.7307692307692307
test	CP051936.1	CP049541.1	1.0	[0.8, 1)	1.0	27271	27273	1.0	1.0	1.0	99.93423732541515	1.0	False	True	True	0.9926982269635181	0.9904306220095693	0.9904306220095693	0.9642857142857143	0.8181818181818182
test	NZ_CP018769.1	CP049541.1	1.0	[0.8, 1)	1.0	27270	27273	1.0	1.0	1.0	99.94469314807348	1.0	False	True	True	0.992598248282322	0.9880382775119617	0.9880382775119617	1.0	0.9032258064516129
test	NZ_AP022296.1	NZ_MG299151.1	0.8648648648648649	[0.8, 1)	1.0	105884	109845	0.90497147822145	0.8723109836587919	0.8723109836587919	99.94592060016478	0.90497147822145	False	True	True	0.9792562738613201	0.9817708333333334	0.9195121951219513	0.9576271186440678	0.8828125
test	CP030387.1	CP150837.1	0.9130434782608696	[0.8, 1)	1.0	25430	27053	1.0	0.9400436180830222	0.9400436180830222	99.26615436241612	1.0	False	True	True	0.9967375392265512	0.9293478260869565	0.8636363636363636	0.896551724137931	0.6666666666666666
test	CP030387.1	CP030582.1	0.9565217391304348	[0.8, 1)	1.0	25430	25430	1.0	1.0	1.0	99.98799182068424	1.0	False	True	True	0.9999968397248129	0.9961439588688946	0.9948652118100129	1.0	1.0
test	CP030387.1	NZ_CP014408.1	0.9130434782608696	[0.8, 1)	1.0	25430	27098	1.0	0.9401431839988192	0.9401431839988192	99.4111428235017	1.0	False	True	True	0.9967159308762786	0.9266304347826086	0.8632911392405064	0.896551724137931	0.7027027027027027
test	NZ_CP034021.1	NZ_CP106920.1	0.8333333333333334	[0.8, 1)	1.0	4153	4207	1.0	0.993819824102686	0.993819824102686	99.71278426213824	1.0	False	True	True	0.9993719958998674	0.971830985915493	0.9489194499017681	0.8888888888888888	0.6666666666666666
test	NZ_CP034021.1	NZ_LT592154.1	1.0	[0.8, 1)	1.0	4153	4153	1.0	1.0	1.0	99.976	1.0	False	True	True	0.9999563507285324	1.0	0.9880715705765407	1.0	1.0
test	NZ_CP034021.1	NZ_LT592162.1	1.0	[0.8, 1)	1.0	4153	4153	1.0	1.0	1.0	100.0	1.0	False	True	True	1.0	1.0	1.0	1.0	1.0
test	NZ_CP024550.1	NZ_CP024192.1	0.8756476683937824	[0.8, 1)	1.0	187611	221606	0.9894302572876856	0.8377029502811296	0.8377029502811296	99.99900959357916	0.9894302572876856	False	True	True	0.9995658568625486	0.9877717391304348	0.8737980769230769	0.9695652173913043	0.861003861003861
test	CP030582.1	CP150837.1	0.9545454545454546	[0.8, 1)	1.0	25430	27053	1.0	0.9400436180830222	0.9400436180830222	99.26201558145924	1.0	False	True	True	0.9967465762925272	0.926829268292683	0.8636363636363636	0.896551724137931	0.6666666666666666
test	CP150837.1	NZ_CP014408.1	1.0	[0.8, 1)	1.0	27053	27098	1.0	1.0	1.0	99.775	1.0	False	True	True	0.9999833271429945	0.9924242424242424	0.9924242424242424	0.9411764705882353	0.8421052631578947
test	NZ_RRSN01000262.1	NZ_JBUDNX010000073.1	0.8	[0.8, 1)	1.0	4241	4818	0.9976420655505776	0.8781652137816521	0.8781652137816521	99.764	0.9976420655505776	False	True	True	0.9421258900450529	0.9444444444444444	0.85	1.0	0.75
test	NZ_CP148451.1	NC_010487.1	1.0	[0.8, 1)	1.0	2835	3565	0.3100529100529101	0.2510518934081346	0.2510518934081346	91.74995652173914	0.3100529100529101	False	False	False	0.8947796384203596	0.18156424581005587	0.14161220043572983	0.0	0.0
test	NZ_CP011988.1	NZ_OZ066665.1	0.9411764705882352	[0.8, 1)	1.0	13841	39395	0.98518893143559	0.3460591445614925	0.3460591445614925	99.88291232957044	0.98518893143559	False	False	True	0.9613986115914035	0.9678899082568807	0.9254385964912281	0.875	0.2916666666666667
test	NZ_CP011988.1	CP067788.1	1.0	[0.8, 1)	1.0	13841	13841	1.0	1.0	1.0	100.0	1.0	False	True	True	0.9999966386272161	0.9953703703703703	0.9953703703703703	1.0	1.0
test	NZ_AP025532.1	NZ_CP017647.1	1.0	[0.8, 1)	1.0	71826	73891	1.0	0.9723105655627884	0.9723105655627884	99.99567357390372	1.0	False	True	True	0.9455103941648885	1.0	1.0	0.9603960396039604	0.9065420560747663
test	NZ_CP017647.1	NZ_CP025267.1	0.8505747126436781	[0.8, 1)	1.0	73891	74241	0.960455265187912	0.9561428321278	0.9561428321278	99.5637869067057	0.960455265187912	False	True	True	0.9451824277371846	0.9433628318584071	0.9205526770293609	0.8921568627450981	0.7982456140350878
test	NZ_RRTT01000485.1	NZ_RREU01000229.1	1.0	[0.8, 1)	1.0	1435	2501	1.0	0.5737704918032787	0.5737704918032787	99.861	1.0	False	False	True	0.831072158246865	0.953125	0.5828025477707006	1.0	0.3333333333333333
test	NZ_RRTT01000485.1	NZ_RRHH01000222.1	1.0	[0.8, 1)	1.0	1435	3307	1.0	0.4339280314484427	0.4339280314484427	99.861	1.0	False	False	True	0.9544336170549254	0.9558823529411765	0.46875	1.0	0.25
test	NZ_CP050782.1	NZ_CP089314.1	1.0	[0.8, 1)	1.0	3372	3374	1.0	1.0	1.0	99.70349436870184	1.0	False	True	True	0.8554187662941188	0.9503722084367245	0.9503722084367245	0.6	0.42857142857142855
test	NZ_CP089314.1	NZ_CP060923.1	1.0	[0.8, 1)	1.0	3374	3374	1.0	1.0	1.0	100.0	1.0	False	True	True	0.8554724654476441	0.9925	0.9925	0.6	0.375
test	CP127703.1	NZ_CP043844.1	1.0	[0.8, 1)	1.0	20652	20729	1.0	0.9971055043658642	0.9971055043658642	99.90828531346747	1.0	False	True	True	0.9999771062521383	0.9869706840390879	0.9774193548387097	1.0	0.9583333333333334
test	CP127703.1	NZ_CP077909.1	0.9375	[0.8, 1)	1.0	20652	46752	1.0	0.4419703969883641	0.4419703969883641	99.884	1.0	False	False	True	0.9997099047771756	1.0	0.9538461538461539	1.0	0.6571428571428571
test	CP127703.1	CP049444.1	1.0	[0.8, 1)	1.0	20652	20722	1.0	0.9971045265900976	0.9971045265900976	99.75811700996036	1.0	False	True	True	0.9999647587286167	0.9837133550488599	0.975767366720517	0.9130434782608695	0.84
test	NZ_CP101209.1	NZ_JARKNN010000015.1	1.0	[0.8, 1)	1.0	1549	2783	0.9670755326016786	0.5411426518145885	0.5411426518145885	91.65595992115638	0.9670755326016786	False	False	True	0.8898151341538251	0.4173441734417344	0.22416302765647744	1.0	0.25
test	CP077360.1	NZ_JARKNN010000015.1	1.0	[0.8, 1)	1.0	1628	2783	0.921990171990172	0.5411426518145885	0.5411426518145885	93.75395726495726	0.921990171990172	False	False	True	0.7859458359168893	0.493573264781491	0.2794759825327511	0.5	0.2
test	NZ_RRJD01000137.1	NZ_JARKNN010000015.1	1.0	[0.8, 1)	1.0	2405	2783	0.96008316008316	0.8293208767517067	0.8293208767517067	99.047	0.96008316008316	False	True	True	0.9903090000436252	0.8145025295109612	0.7030567685589519	0.75	0.5
test	NZ_JARKNN010000015.1	NZ_RRNF01000141.1	1.0	[0.8, 1)	1.0	2783	3263	0.5346748113546532	0.4544897333741955	0.4544897333741955	93.2182613031915	0.5346748113546532	False	False	True	0.8770780959460549	0.2273972602739726	0.2273972602739726	0.5	0.2
test	CP057777.1	NZ_JARKNN010000015.1	1.0	[0.8, 1)	1.0	1551	2783	0.9671179883945842	0.5411426518145885	0.5411426518145885	93.62237606837608	0.9671179883945842	False	False	True	0.8872854503097418	0.45231607629427795	0.24163027656477437	0.5	0.2
test	CP099101.1	NZ_JARKNN010000015.1	1.0	[0.8, 1)	1.0	1548	2783	0.9689922480620154	0.5418613007545814	0.5418613007545814	92.0600748031496	0.9689922480620154	False	False	True	0.8834922590538503	0.4293193717277487	0.23871906841339155	1.0	0.25
test	NZ_CP060064.1	NZ_JARKNN010000015.1	1.0	[0.8, 1)	1.0	1549	2783	0.9670755326016786	0.5411426518145885	0.5411426518145885	91.5901570302234	0.9670755326016786	False	False	True	0.8899195771796748	0.4112903225806452	0.22270742358078602	1.0	0.25
test	NZ_MK477607.1	NZ_MK477611.1	0.8140350877192982	[0.8, 1)	1.0	224296	263466	0.9361557941291864	0.797085771978168	0.797085771978168	99.97921342772668	0.9361557941291864	False	False	True	0.9986905255317226	0.9530355097365406	0.8295114656031904	0.921161825726141	0.7655172413793103
test	NZ_MK477607.1	NZ_MW356909.1	0.9172932330827068	[0.8, 1)	1.0	224296	249475	0.995933944430574	0.8954283996392424	0.8954283996392424	99.9962728762193	0.995933944430574	False	True	True	0.9994083785705365	0.9896907216494846	0.9028213166144201	0.991701244813278	0.908745247148289
test	NZ_MK477607.1	NZ_KY019259.1	0.8703703703703703	[0.8, 1)	1.0	224296	249153	0.962571780147662	0.8664956873888735	0.8664956873888735	99.9907636228897	0.962571780147662	False	True	True	0.9993097278165876	0.9633447880870561	0.8890063424947146	0.946058091286307	0.8413284132841329
test	NZ_LR890629.1	NZ_JBVWEU010000008.1	0.8	[0.8, 1)	1.0	5164	5166	1.0	1.0	1.0	99.57449922570656	1.0	False	True	True	0.8902577754234573	0.9440124416796267	0.9440124416796267	0.8	0.5714285714285714
test	NZ_CP060978.1	NZ_CP010175.1	1.0	[0.8, 1)	1.0	6647	6647	1.0	1.0	1.0	99.8498843087107	1.0	False	True	True	0.9997908352129682	0.9642857142857143	0.9593908629441624	1.0	0.8888888888888888
test	NZ_CP060978.1	NZ_CP124432.1	1.0	[0.8, 1)	1.0	6647	6647	1.0	1.0	1.0	99.95448142018957	1.0	False	True	True	0.9230545963563322	0.9846938775510204	0.9796954314720813	1.0	0.8888888888888888
test	NZ_CP060978.1	NZ_CP018943.1	1.0	[0.8, 1)	1.0	6647	6647	1.0	1.0	1.0	99.91005160222656	1.0	False	True	True	0.9998524043296673	0.9719387755102041	0.9719387755102041	0.875	0.7
test	NZ_CP060978.1	NZ_CP101204.1	1.0	[0.8, 1)	1.0	6647	6648	1.0	1.0	1.0	99.90970156438028	1.0	False	True	True	0.9230488451716551	0.9744897959183674	0.9720101781170484	0.8888888888888888	0.8
test	NZ_CP060978.1	CP063733.1	1.0	[0.8, 1)	1.0	6647	6647	1.0	1.0	1.0	99.80445704829246	1.0	False	True	True	0.9997335653870468	0.9591836734693877	0.9447236180904522	0.7777777777777778	0.6363636363636364
test	NZ_CP030765.1	NZ_CP038312.1	0.9863013698630136	[0.8, 1)	1.0	93169	93182	0.9859609956101278	0.9849005172672832	0.9849005172672832	99.91543536142352	0.9859609956101278	False	True	True	0.9569260005463278	0.9903713892709766	0.9782608695652174	0.9775280898876404	0.9456521739130435
test	NZ_CP038401.1	NZ_CP030765.1	0.9863013698630136	[0.8, 1)	1.0	92513	93169	0.9920335520413348	0.9849735427019716	0.9849735427019716	99.94369649763058	0.9920335520413348	False	True	True	0.9566777429357356	0.9863945578231292	0.9863945578231292	0.9772727272727273	0.945054945054945
test	NZ_CP030765.1	NZ_CP018253.1	0.9594594594594594	[0.8, 1)	1.0	93169	95229	0.9859287960587748	0.964569616398366	0.964569616398366	99.94554288574318	0.9859287960587748	False	True	True	0.95875937739102	0.9972489683631361	0.9823848238482384	0.9886363636363636	0.9666666666666667
test	NZ_CP028692.1	NZ_CP030765.1	0.8961038961038961	[0.8, 1)	1.0	92714	93169	0.9645576719804992	0.9598256930953428	0.9598256930953428	99.94960604468686	0.9645576719804992	False	True	True	0.956134179189075	0.9592391304347826	0.9592391304347826	0.9540229885057471	0.8924731182795699
test	NZ_CP030765.1	NZ_CP062718.1	0.9594594594594594	[0.8, 1)	1.0	93169	96507	0.9978533632431388	0.9636295812738972	0.9636295812738972	99.91408091665411	0.9978533632431388	False	True	True	0.9582747282624571	0.9972489683631361	0.9823848238482384	0.9659090909090909	0.9239130434782609
test	AB011549.2	NZ_CP030765.1	0.9090909090909092	[0.8, 1)	1.0	92721	93169	0.9644956374499845	0.9598256930953428	0.9598256930953428	99.95326506226108	0.9644956374499845	False	True	True	0.9561148648909514	0.9577656675749319	0.9577656675749319	0.9655172413793104	0.9130434782608695
test	NZ_CP173443.1	NZ_CP103748.1	0.8448275862068966	[0.8, 1)	1.0	50702	50937	0.9501203108358643	0.944873078508746	0.944873078508746	99.70560212377634	0.9501203108358643	False	True	True	0.9994188528734057	0.9230769230769231	0.9053708439897699	0.875	0.765625
test	NZ_CP142946.1	NZ_CP103748.1	0.8421052631578947	[0.8, 1)	1.0	48552	50937	1.0	0.9533345112590064	0.9533345112590064	99.6707118490628	1.0	False	True	True	0.9997373704726842	0.9796472184531886	0.9232736572890026	0.9811320754716981	0.9122807017543859
test	NZ_CP126504.1	NZ_MT929283.1	0.9365079365079364	[0.8, 1)	1.0	59874	60643	0.9413935932124128	0.9305278432795212	0.9305278432795212	99.91644587149464	0.9413935932124128	False	True	True	0.9995573449689011	0.9536423841059603	0.9536423841059603	0.881578947368421	0.7790697674418605
test	NZ_CP126504.1	NZ_CP066368.1	0.9076923076923076	[0.8, 1)	1.0	59874	66038	0.9431472759461536	0.8555982918925468	0.8555982918925468	99.9062280804116	0.9431472759461536	False	True	True	0.9993501157917295	0.9514348785871964	0.8760162601626016	0.9078947368421053	0.7752808988764045
test	NZ_CP029806.1	NZ_CP009543.1	0.9891891891891892	[0.8, 1)	1.0	180666	181707	0.9997564566658916	0.9941499226777174	0.9941499226777174	99.92438647407162	0.9997564566658916	False	True	True	0.9999943771663395	0.9969278033794163	0.9908396946564886	0.9615384615384616	0.8974358974358975
test	NZ_JAZICG010000032.1	NZ_JAZICD010000012.1	0.9154929577464788	[0.8, 1)	1.0	61169	66213	1.0	0.9238216060290276	0.9238216060290276	99.998	1.0	False	True	True	0.999810317690175	1.0	0.9035433070866141	1.0	0.9117647058823529
test	NZ_RREU01000229.1	NZ_RRHH01000222.1	1.0	[0.8, 1)	1.0	2501	3307	0.9224310275889644	0.6976111279104928	0.6976111279104928	100.0	0.9224310275889644	False	False	True	0.8942986954575727	0.9090909090909091	0.6971153846153846	0.6666666666666666	0.4
test	NZ_OL891654.1	NZ_CP107486.1	1.0	[0.8, 1)	1.0	10059	10060	1.0	1.0	1.0	99.9899157057654	1.0	False	True	True	0.9999871505665557	0.9950900163666121	0.9950900163666121	1.0	0.8571428571428571
test	NZ_CP107486.1	NZ_CP107491.1	1.0	[0.8, 1)	1.0	10060	10060	1.0	1.0	1.0	100.0	1.0	False	True	True	0.9999980178433744	0.9983606557377049	0.9967266775777414	1.0	0.9230769230769231
test	NZ_CP151758.1	NZ_ON209126.1	0.9655172413793104	[0.8, 1)	1.0	53097	54035	0.9530481948132664	0.936578143795688	0.936578143795688	99.99790301928547	0.9530481948132664	False	True	True	0.9626676498221218	1.0	0.9626865671641791	1.0	0.9850746268656716
test	NZ_CP095675.1	NZ_CP095668.1	0.9782608695652174	[0.8, 1)	1.0	45322	45403	1.0	0.9983040768231174	0.9983040768231174	99.9933919384018	1.0	False	True	True	0.999994783884874	0.9984962406015038	0.9940119760479041	1.0	0.9830508474576272
test	NZ_CP095675.1	NZ_CP059715.1	0.9375	[0.8, 1)	1.0	45322	45739	0.9736331141608932	0.9647565534882704	0.9647565534882704	99.9842578693317	0.9736331141608932	False	True	True	0.9569601085283225	0.9714285714285714	0.9513991163475699	0.9655172413793104	0.9180327868852459
test	NZ_OL891654.1	NZ_CP107491.1	1.0	[0.8, 1)	1.0	10059	10060	1.0	1.0	1.0	99.99000815109343	1.0	False	True	True	0.9999871483027947	0.9967266775777414	0.9967266775777414	1.0	0.9285714285714286
test	NZ_CP087574.1	NZ_CP091713.1	1.0	[0.8, 1)	1.0	4072	4072	1.0	1.0	1.0	99.41026129666012	1.0	False	True	True	0.998769707087841	0.8963414634146342	0.8909090909090909	0.6666666666666666	0.4
test	NZ_CP087574.1	NZ_CP124336.1	1.0	[0.8, 1)	1.0	4072	4073	1.0	1.0	1.0	99.3374068254358	1.0	False	True	True	0.9386548682235604	0.8841463414634146	0.8841463414634146	0.25	0.14285714285714285
test	NZ_CP138519.1	NZ_CP084709.1	1.0	[0.8, 1)	1.0	11970	11972	1.0	1.0	1.0	99.85815782881002	1.0	False	True	True	0.9388217160342482	0.9864864864864865	0.9864864864864865	0.9285714285714286	0.7647058823529411
test	NZ_CP054742.1	NZ_CP084709.1	1.0	[0.8, 1)	1.0	11970	11972	1.0	1.0	1.0	99.85819098121084	1.0	False	True	True	0.9387447776600929	0.9865229110512129	0.9865229110512129	0.9285714285714286	0.8125
test	NZ_CP152448.1	NZ_CP084709.1	1.0	[0.8, 1)	1.0	11970	11972	1.0	1.0	1.0	99.85805528183715	1.0	False	True	True	0.938706960590462	0.9865229110512129	0.9865229110512129	1.0	1.0
test	NZ_CP143302.1	NZ_CP107331.1	0.945054945054945	[0.8, 1)	1.0	83020	84876	0.9449289327872802	0.9242188604552524	0.9242188604552524	99.99118655432191	0.9449289327872802	False	True	True	0.9890507969641806	0.9856459330143541	0.9701726844583988	0.9587628865979382	0.9207920792079208
test	NZ_AP027542.1	NZ_CP057363.1	1.0	[0.8, 1)	1.0	1552	1552	1.0	1.0	1.0	99.871	1.0	False	True	True	0.9992611443354914	0.9715025906735751	0.9702457956015524	1.0	1.0
test	NZ_AP027542.1	NZ_OY754363.1	1.0	[0.8, 1)	1.0	1552	1552	1.0	1.0	1.0	99.807	1.0	False	True	True	0.9988500115840238	0.966321243523316	0.9588688946015425	1.0	1.0
test	NZ_CP148152.1	NZ_CP148251.1	1.0	[0.8, 1)	1.0	38726	38726	1.0	1.0	1.0	100.0	1.0	False	True	True	0.999999781685178	1.0	0.9947735191637631	0.9787234042553191	0.9387755102040817
test	CP123647.1	NZ_CP012925.1	1.0	[0.8, 1)	1.0	2096	2096	1.0	1.0	1.0	99.85689694656487	1.0	False	True	True	0.9993380152555008	0.9569672131147541	0.9569672131147541	0.5	0.25
test	NZ_CP038401.1	NZ_CP038312.1	1.0	[0.8, 1)	1.0	92513	93182	1.0	0.9919190401579704	0.9919190401579704	99.94586084796111	1.0	False	True	True	0.9999830697140444	0.9904761904761905	0.9891304347826086	1.0	0.9777777777777777
test	NZ_CP038312.1	NZ_CP018253.1	0.972972972972973	[0.8, 1)	1.0	93182	95229	0.993689768410208	0.97367398586565	0.97367398586565	99.95249178101388	0.993689768410208	False	True	True	0.9998628720823617	0.9891304347826086	0.986449864498645	1.0	0.9777777777777777
test	NZ_CP028692.1	NZ_CP038312.1	0.9090909090909092	[0.8, 1)	1.0	92714	93182	0.9689259443018314	0.963941533772617	0.963941533772617	99.9309402789062	0.9689259443018314	False	True	True	0.9998610405901232	0.9646739130434783	0.9646739130434783	0.9540229885057471	0.8829787234042553
test	NZ_CP038312.1	NZ_CP062718.1	0.972972972972973	[0.8, 1)	1.0	93182	96507	0.993689768410208	0.9606764276166496	0.9606764276166496	99.92876088526675	0.993689768410208	False	True	True	0.9998178649861214	0.9891304347826086	0.986449864498645	0.9772727272727273	0.9347826086956522
test	AB011549.2	NZ_CP038312.1	0.922077922077922	[0.8, 1)	1.0	92721	93182	0.9689282902470854	0.963941533772617	0.963941533772617	99.90116111012198	0.9689282902470854	False	True	True	0.9998572658696453	0.9645776566757494	0.9619565217391305	0.9770114942528736	0.9239130434782609
test	NZ_CP151199.1	NZ_CP056184.1	1.0	[0.8, 1)	1.0	3720	3728	1.0	1.0	1.0	96.30729676210863	1.0	False	False	True	0.8227060106491746	0.7814569536423841	0.759656652360515	0.6666666666666666	0.4
test	NZ_OW967379.1	OW849104.1	1.0	[0.8, 1)	1.0	5413	5413	1.0	1.0	1.0	99.96326694993536	1.0	False	True	True	0.8875672737785146	0.9809104258443465	0.9809104258443465	0.875	0.7
test	NZ_CP071223.1	NZ_CP071205.1	0.967741935483871	[0.8, 1)	1.0	43189	43189	1.0	1.0	1.0	99.995	1.0	False	True	True	0.9999999999999998	0.9985007496251874	0.9985007496251874	1.0	0.975609756097561
test	NZ_CP068927.1	NZ_CP068342.1	0.9333333333333332	[0.8, 1)	1.0	63589	63675	1.0	0.9988064389477816	0.9988064389477816	99.6982378773585	1.0	False	True	True	0.999965737416745	0.9493927125506073	0.9474747474747475	0.9759036144578314	0.9529411764705882
test	NZ_CP061964.1	NZ_CP068927.1	0.92	[0.8, 1)	1.0	63578	63589	1.0	1.0	1.0	99.6136051137704	1.0	False	True	True	0.9999579394884701	0.9569672131147541	0.9453441295546559	0.9759036144578314	0.9204545454545454
test	NZ_CP068927.1	NZ_OW970563.1	0.9333333333333332	[0.8, 1)	1.0	63589	63589	1.0	1.0	1.0	99.769	1.0	False	True	True	0.9999747191762849	0.9574898785425101	0.9574898785425101	0.9879518072289156	0.9761904761904762
test	NZ_CP068927.1	OW968206.1	0.9333333333333332	[0.8, 1)	1.0	63589	63589	1.0	1.0	1.0	99.766	1.0	False	True	True	0.9999747188136636	0.9574898785425101	0.9574898785425101	0.9879518072289156	0.9761904761904762
test	NZ_CP068927.1	NZ_CP031805.1	0.8734177215189873	[0.8, 1)	1.0	63589	65454	0.9528534809479628	0.9250160418003484	0.9250160418003484	99.71460843175852	0.9528534809479628	False	True	True	0.9996708012529003	0.9534412955465587	0.9476861167002012	0.9759036144578314	0.9418604651162791
test	NZ_CP142934.1	NZ_CP139802.1	1.0	[0.8, 1)	1.0	5167	10036	1.0	0.514647269828617	0.514647269828617	99.903	1.0	False	False	True	0.8907019841222329	0.987987987987988	0.9791666666666666	1.0	0.7142857142857143
test	NZ_CP124427.1	NZ_CP139802.1	1.0	[0.8, 1)	1.0	5167	10036	1.0	0.514647269828617	0.514647269828617	99.961	1.0	False	False	True	0.8910136798626668	0.9940298507462687	0.9910714285714286	1.0	0.7142857142857143
test	NZ_JBDYFC010000076.1	NZ_NPJW01000083.1	1.0	[0.8, 1)	1.0	717	1339	0.8298465829846583	0.4443614637789395	0.4443614637789395	99.832	0.8298465829846583	False	False	True	0.9061756423573903	0.8011204481792717	0.4255952380952381	0.0	0.0
test	NZ_CP047470.1	NZ_CP138572.1	0.896551724137931	[0.8, 1)	1.0	29812	32043	0.9672950489735676	0.8999469462909215	0.8999469462909215	100.0	0.9672950489735676	False	True	True	0.999107890074903	0.9655913978494624	0.907070707070707	0.8918918918918919	0.7857142857142857
test	NZ_CP043844.1	NZ_CP077909.1	0.9375	[0.8, 1)	1.0	20729	46752	0.9971055043658642	0.4422912388774812	0.4422912388774812	99.80627448515904	0.9971055043658642	False	False	True	0.9997094742549602	0.9840255591054313	0.9476923076923077	0.9583333333333334	0.6388888888888888
test	CP049444.1	NZ_CP043844.1	1.0	[0.8, 1)	1.0	20722	20729	1.0	1.0	1.0	99.77315175472424	1.0	False	True	True	0.9999765886834899	0.9870759289176091	0.9854838709677419	0.9130434782608695	0.8076923076923077
test	NZ_AP027137.1	LR962847.1	0.9278350515463918	[0.8, 1)	1.0	85996	97574	0.9257988743662496	0.8158628323118864	0.8158628323118864	99.91471865189985	0.9257988743662496	False	True	True	0.9994485486144211	0.9938461538461538	0.8959778085991679	0.9473684210526315	0.8181818181818182
test	NZ_NTGK01000119.1	NZ_JBDYFZ010000049.1	1.0	[0.8, 1)	1.0	2423	2530	0.658687577383409	0.6308300395256917	0.6308300395256917	99.812	0.658687577383409	False	False	True	0.9742929577840117	0.6462809917355372	0.6462809917355372	0.5	0.25
test	NZ_CP068342.1	NZ_OQ803523.1	0.8481012658227848	[0.8, 1)	1.0	63675	65989	0.91219473890852	0.8788282895634121	0.8788282895634121	99.8747891418684	0.91219473890852	False	True	True	0.9763366270800748	0.9232323232323232	0.8822393822393823	0.9518072289156626	0.8681318681318682
test	NZ_CP061964.1	NZ_CP068342.1	0.9861111111111112	[0.8, 1)	1.0	63578	63675	1.0	0.9988064389477816	0.9988064389477816	99.7733889063581	1.0	False	True	True	0.9999742834208842	0.9795081967213115	0.9656565656565657	0.9759036144578314	0.9204545454545454
test	NZ_OW970563.1	NZ_CP068342.1	1.0	[0.8, 1)	1.0	63589	63675	1.0	0.9988064389477816	0.9988064389477816	99.92905566037736	1.0	False	True	True	0.9999893977910429	0.9918032786885246	0.9777777777777777	0.9879518072289156	0.9761904761904762
test	OW968206.1	NZ_CP068342.1	1.0	[0.8, 1)	1.0	63589	63675	1.0	0.9988064389477816	0.9988064389477816	99.926173254717	1.0	False	True	True	0.999988572518046	0.9897750511247444	0.9777777777777777	0.9879518072289156	0.9761904761904762
test	NZ_CP068342.1	NZ_CP031805.1	0.9342105263157896	[0.8, 1)	1.0	63675	65454	0.9517235963879074	0.9250160418003484	0.9250160418003484	99.8818010529596	0.9517235963879074	False	True	True	0.9996938104446332	0.9737373737373738	0.9698189134808853	0.9759036144578314	0.9418604651162791
test	NZ_CP073000.1	NZ_JCCDRD010000005.1	1.0	[0.8, 1)	1.0	6796	7624	0.9899941141848146	0.8836568730325288	0.8836568730325288	99.80753237516667	0.9899941141848146	False	True	True	0.9346163548231992	0.9680365296803652	0.8617886178861789	0.7	0.4666666666666667
test	NZ_CP138520.1	NZ_JCCDRD010000005.1	0.8571428571428571	[0.8, 1)	1.0	5596	7624	1.0	0.7357030430220357	0.7357030430220357	99.98230754145123	1.0	False	False	True	0.923820306573683	0.9915254237288136	0.7134146341463414	0.875	0.5384615384615384
test	NZ_CP125141.1	NZ_CP033630.1	1.0	[0.8, 1)	1.0	9294	23185	1.0	0.4013802027172741	0.4013802027172741	99.97836643026004	1.0	False	False	True	0.975936020748203	1.0	0.8939828080229226	1.0	0.8461538461538461
test	NZ_CP125141.1	NZ_OP378651.1	0.9285714285714286	[0.8, 1)	1.0	9294	9506	1.0	0.97853986955607	0.97853986955607	99.96777488712104	1.0	False	True	True	0.9058659813816694	0.9890625	0.9649390243902439	0.9090909090909091	0.7142857142857143
test	NZ_CP125141.1	OW967952.1	1.0	[0.8, 1)	1.0	9294	9294	1.0	1.0	1.0	100.0	1.0	False	True	True	0.9051801053647864	1.0	0.9984399375975039	0.9090909090909091	0.7692307692307693
test	NZ_LT592154.1	NZ_CP106920.1	0.8333333333333334	[0.8, 1)	1.0	4153	4207	1.0	0.993819824102686	0.993819824102686	99.736629275293	1.0	False	True	True	0.9994405522608487	0.9721669980119284	0.9607072691552063	0.8888888888888888	0.6666666666666666
test	NZ_LT592162.1	NZ_CP106920.1	0.8333333333333334	[0.8, 1)	1.0	4153	4207	1.0	0.993819824102686	0.993819824102686	99.71278426213824	1.0	False	True	True	0.9993719958998674	0.971830985915493	0.9489194499017681	0.8888888888888888	0.6666666666666666
test	NZ_CP101209.1	CP077360.1	1.0	[0.8, 1)	1.0	1549	1628	0.6120077469335055	0.5841523341523341	0.5841523341523341	92.227	0.6120077469335055	False	False	True	0.8661559940982064	0.5040650406504065	0.4781491002570694	1.0	0.5
test	NZ_CP101209.1	NZ_RRJD01000137.1	1.0	[0.8, 1)	1.0	1549	2405	0.6746287927695287	0.4299376299376299	0.4299376299376299	93.41601145038167	0.6746287927695287	False	False	True	0.858129923066497	0.3685636856368564	0.22934232715008432	1.0	0.2
test	NZ_CP101209.1	NZ_RRNF01000141.1	1.0	[0.8, 1)	1.0	1549	3263	0.9883795997417688	0.4701195219123506	0.4701195219123506	96.289	0.9883795997417688	False	False	True	0.9611571380732252	0.7395833333333334	0.7208121827411168	1.0	0.5
test	NZ_CP101209.1	CP057777.1	1.0	[0.8, 1)	1.0	1549	1551	1.0	1.0	1.0	96.716	1.0	False	False	True	0.9911107207358949	0.7748344370860927	0.7697368421052632	1.0	0.5
test	CP099101.1	NZ_CP101209.1	1.0	[0.8, 1)	1.0	1548	1549	0.9987080103359172	0.998063266623628	0.998063266623628	99.159	0.9987080103359172	False	True	True	0.9945404490796007	0.8072445019404916	0.8072445019404916	1.0	1.0
test	NZ_CP101209.1	NZ_CP060064.1	1.0	[0.8, 1)	1.0	1549	1549	1.0	1.0	1.0	99.806	1.0	False	True	True	0.9990973650242783	0.9748344370860927	0.968421052631579	1.0	1.0
test	NZ_CP148317.1	NZ_RRHD01000153.1	1.0	[0.8, 1)	1.0	6675	6754	1.0	0.9883032277169084	0.9883032277169084	99.685	1.0	False	True	True	0.999468799363153	0.9493670886075949	0.9375	1.0	1.0
test	NZ_CP029849.1	CP090231.1	1.0	[0.8, 1)	1.0	106706	106710	1.0	1.0	1.0	99.97865946021928	1.0	False	True	True	0.9999984379933078	1.0	0.9976635514018691	0.9922480620155039	0.9770992366412213
test	NZ_CP142946.1	NZ_CP173443.1	0.9622641509433962	[0.8, 1)	1.0	48552	50702	0.9911229197561378	0.9501203108358643	0.9501203108358643	99.95863166742768	0.9911229197561378	False	True	True	0.9997323161254263	0.9810040705563093	0.9426336375488917	0.9433962264150944	0.8333333333333334
test	NZ_CP107173.1	NZ_AP026795.1	0.8690476190476191	[0.8, 1)	1.0	149268	165477	0.7742248841010799	0.6982662243091184	0.6982662243091184	99.94781887713168	0.7742248841010799	False	False	True	0.995322819804865	0.9620938628158845	0.8541666666666666	0.9294871794871795	0.8100558659217877
test	NZ_CP061964.1	NZ_OQ803523.1	0.8354430379746836	[0.8, 1)	1.0	63578	65989	0.9133033439239988	0.8788282895634121	0.8788282895634121	99.78241136258504	0.9133033439239988	False	True	True	0.9762758235097564	0.9344262295081968	0.8803088803088803	0.9186046511627907	0.8404255319148937
test	NZ_OW970563.1	NZ_OQ803523.1	0.8481012658227848	[0.8, 1)	1.0	63589	65989	0.9133183412225384	0.8788282895634121	0.8788282895634121	99.95065469561196	0.9133183412225384	False	True	True	0.9762325096496661	0.944672131147541	0.88996138996139	0.963855421686747	0.8888888888888888
test	OW968206.1	NZ_OQ803523.1	0.8481012658227848	[0.8, 1)	1.0	63589	65989	0.9133183412225384	0.8788282895634121	0.8788282895634121	99.9472074430718	0.9133183412225384	False	True	True	0.9762215487620242	0.9427402862985685	0.88996138996139	0.963855421686747	0.8888888888888888
test	NZ_CP028152.1	NZ_CP011943.1	0.9545454545454546	[0.8, 1)	1.0	56636	59372	1.0	0.9540692582362056	0.9540692582362056	99.94188929296494	1.0	False	True	True	0.9996564280621001	0.9902676399026764	0.9465116279069767	0.9726027397260274	0.922077922077922
test	NZ_CP038401.1	NZ_CP018253.1	0.972972972972973	[0.8, 1)	1.0	92513	95229	0.999340633208306	0.971195749194048	0.971195749194048	99.9771818506146	0.999340633208306	False	True	True	0.9998639630345902	0.9931972789115646	0.989159891598916	0.9886363636363636	0.9775280898876404
test	NZ_CP038401.1	NZ_CP028692.1	0.9090909090909092	[0.8, 1)	1.0	92513	92714	0.9736145190405672	0.971611622840132	0.971611622840132	99.96356518844054	0.9736145190405672	False	True	True	0.9998629729858589	0.9673469387755103	0.9660326086956522	0.9425287356321839	0.8817204301075269
test	NZ_CP038401.1	NZ_CP062718.1	0.972972972972973	[0.8, 1)	1.0	92513	96507	0.9991244473749636	0.9581688374936532	0.9581688374936532	99.94677588649417	0.9991244473749636	False	True	True	0.9998206448672217	0.9931972789115646	0.989159891598916	0.9772727272727273	0.9555555555555556
test	NZ_CP038401.1	AB011549.2	0.922077922077922	[0.8, 1)	1.0	92513	92721	0.9736145190405672	0.971538270726157	0.971538270726157	99.95423087850136	0.9736145190405672	False	True	True	0.9998578021864177	0.964625850340136	0.964625850340136	0.9655172413793104	0.9230769230769231
test	NZ_CP047684.1	NZ_CP077993.1	1.0	[0.8, 1)	1.0	2953	2953	1.0	1.0	1.0	99.89809749492213	1.0	False	True	True	0.9996920305834924	0.9740437158469946	0.9700680272108844	1.0	0.75
test	NZ_CP018769.1	CP051936.1	1.0	[0.8, 1)	1.0	27270	27271	1.0	1.0	1.0	99.93779718433788	1.0	False	True	True	0.9999949493468278	0.9856459330143541	0.9856459330143541	0.9032258064516129	0.8
test	NZ_CP101766.1	NZ_CP146851.1	0.9069767441860463	[0.8, 1)	1.0	127176	138872	0.9869157702711204	0.9066406475027364	0.9066406475027364	99.96653497458703	0.9869157702711204	False	True	True	0.9953990421068485	0.9906103286384976	0.9398663697104677	0.9928571428571429	0.9205298013245033
test	OW849035.1	CP080739.1	0.8894230769230769	[0.8, 1)	1.0	204647	206152	0.9644412085200368	0.9594425472466918	0.9594425472466918	99.71155723732105	0.9644412085200368	True	True	True	0.9999180741959266	0.9544846050870147	0.9431216931216931	0.9514563106796117	0.8868778280542986
test	NZ_CP014496.1	NZ_JBRAXZ010000003.1	0.8790322580645161	[0.8, 1)	1.0	114223	118098	0.8672684135419312	0.8386932886247015	0.8386932886247015	99.86656861300612	0.8672684135419312	False	True	True	0.9695382470699289	0.9461883408071748	0.9274725274725275	0.8863636363636364	0.785234899328859
test	NZ_CP014496.1	NZ_CP195365.1	0.8396946564885496	[0.8, 1)	1.0	114223	137286	0.8880698283182896	0.7389828533135206	0.7389828533135206	99.86278487736138	0.8880698283182896	False	False	True	0.9983685765582953	0.9708520179372198	0.8523622047244095	0.9015151515151515	0.7300613496932515
test	NZ_CP054265.1	OW849035.1	0.8041237113402062	[0.8, 1)	1.0	168717	204647	0.9954479987197496	0.820681466134368	0.820681466134368	99.98797995248614	0.9954479987197496	False	True	True	0.9979530342485188	1.0	0.8165997322623829	0.9764705882352941	0.7904761904761904
test	NZ_CP014121.1	OW849035.1	0.8240740740740741	[0.8, 1)	1.0	200203	204647	0.9205156765882628	0.8997102327422342	0.8997102327422342	99.8339564906037	0.9205156765882628	False	True	True	0.9979115447429612	0.9090909090909091	0.8701472556894244	0.8861386138613861	0.7816593886462883
test	NC_013369.1	NZ_AP027167.1	0.935483870967742	[0.8, 1)	1.0	85167	90129	0.9707280989115502	0.9172741293035538	0.9172741293035538	99.92981092325182	0.9707280989115502	False	True	True	0.999655248911986	0.9929078014184397	0.9180327868852459	0.9863013698630136	0.9
test	AP019709.1	NZ_AP027167.1	0.9032258064516128	[0.8, 1)	1.0	86874	90129	0.9712342012569928	0.945411576740006	0.945411576740006	99.87892614103016	0.9712342012569928	False	True	True	0.9998107423660813	0.9812606473594548	0.9442622950819672	1.0	0.9493670886075949
test	NZ_MT929283.1	NZ_CP066368.1	0.9682539682539684	[0.8, 1)	1.0	60643	66038	0.99248058308461	0.9169266180078136	0.9169266180078136	99.902423470398	0.99248058308461	False	True	True	0.9997304095881441	0.9933628318584071	0.9126016260162602	0.948051948051948	0.8488372093023255
test	NC_013369.1	AP019709.1	0.8387096774193549	[0.8, 1)	1.0	85167	86874	0.91194946399427	0.8843612588346341	0.8843612588346341	99.837567009513	0.91194946399427	False	True	True	0.9992630089083979	0.9343971631205674	0.8977853492333902	0.9452054794520548	0.8734177215189873
test	NZ_MW356909.1	NZ_MK477611.1	0.8838028169014085	[0.8, 1)	1.0	249475	263466	0.946259144202826	0.8961080367106192	0.8961080367106192	99.9790402102196	0.946259144202826	False	True	True	0.9997146468075508	0.9665621734587252	0.922233300099701	0.9310344827586207	0.8408304498269896
test	NZ_KY019259.1	NZ_MK477611.1	0.8402777777777778	[0.8, 1)	1.0	249153	263466	0.93184509116888	0.8813433232371539	0.8813433232371539	99.97764183873396	0.93184509116888	False	True	True	0.999676753874274	0.9503171247357294	0.8963110667996012	0.9263565891472868	0.8241379310344827
test	CP030582.1	NZ_CP014408.1	0.9545454545454546	[0.8, 1)	1.0	25430	27098	1.0	0.9401431839988192	0.9401431839988192	99.40725887986184	1.0	False	True	True	0.9967256144226623	0.924119241192412	0.8632911392405064	0.896551724137931	0.7027027027027027
test	NZ_CP138520.1	NZ_CP073000.1	0.8571428571428571	[0.8, 1)	1.0	5596	6796	1.0	0.8244555620953502	0.8244555620953502	99.96437544610993	1.0	False	True	True	0.9928157913832224	0.9943502824858758	0.8036529680365296	0.875	0.6363636363636364
test	NZ_CP021786.1	NZ_CP121558.1	1.0	[0.8, 1)	1.0	8731	17462	1.0	0.5	0.5	99.977	1.0	False	False	True	0.9999825534813213	1.0	0.989010989010989	1.0	0.75
test	NZ_CP010175.1	NZ_CP124432.1	1.0	[0.8, 1)	1.0	6647	6647	1.0	1.0	1.0	99.89432977282986	1.0	False	True	True	0.9224815770684486	0.9746192893401016	0.9746192893401016	1.0	1.0
test	NZ_CP010175.1	NZ_CP018943.1	1.0	[0.8, 1)	1.0	6647	6647	1.0	1.0	1.0	99.87940484429068	1.0	False	True	True	0.9998434407279114	0.9670050761421319	0.9670050761421319	0.875	0.7777777777777778
test	NZ_CP010175.1	NZ_CP101204.1	1.0	[0.8, 1)	1.0	6647	6648	1.0	1.0	1.0	99.87949458483754	1.0	False	True	True	0.9224758203283258	0.9695431472081218	0.9695431472081218	1.0	0.8888888888888888
test	NZ_CP010175.1	CP063733.1	1.0	[0.8, 1)	1.0	6647	6647	1.0	1.0	1.0	99.95470964344818	1.0	False	True	True	0.9999286742215882	0.9923857868020305	0.9824120603015075	0.875	0.7
test	NZ_LR890682.1	NZ_CP056387.1	1.0	[0.8, 1)	1.0	5783	5783	1.0	1.0	1.0	99.96582742521184	1.0	False	True	True	0.9999314560801159	0.9900142653352354	0.9900142653352354	0.8333333333333334	0.625
test	CP077360.1	NZ_RRJD01000137.1	1.0	[0.8, 1)	1.0	1628	2405	0.702088452088452	0.4698544698544699	0.4698544698544699	95.37109344978168	0.702088452088452	False	False	True	0.74941355588696	0.4190231362467866	0.2748735244519393	0.5	0.16666666666666666
test	CP077360.1	NZ_RRNF01000141.1	1.0	[0.8, 1)	1.0	1628	3263	0.5730958230958231	0.2859331903156604	0.2859331903156604	94.754	0.5730958230958231	False	False	True	0.9471356350702073	0.533678756476684	0.5228426395939086	0.5	0.3333333333333333
test	CP057777.1	CP077360.1	1.0	[0.8, 1)	1.0	1551	1628	0.6125080593165699	0.5841523341523341	0.5841523341523341	95.478	0.6125080593165699	False	False	True	0.8651601087803745	0.5749318801089919	0.5424164524421594	0.5	0.3333333333333333
test	CP099101.1	CP077360.1	1.0	[0.8, 1)	1.0	1548	1628	0.6104651162790697	0.5823095823095823	0.5823095823095823	92.94	0.6104651162790697	False	False	True	0.8635543439005802	0.5235602094240838	0.5141388174807198	1.0	0.5
test	NZ_CP060064.1	CP077360.1	1.0	[0.8, 1)	1.0	1549	1628	0.6120077469335055	0.5841523341523341	0.5841523341523341	92.122	0.6120077469335055	False	False	True	0.8649927749161159	0.5053763440860215	0.4832904884318766	1.0	0.5
test	NZ_RRHQ01000168.1	NZ_JBSSAV010000019.1	1.0	[0.8, 1)	1.0	1714	2342	1.0	0.7318531169940222	0.7318531169940222	99.942	1.0	False	False	True	0.9182708643166435	0.9883720930232558	0.7179054054054054	0.5	0.2
test	NZ_CP084195.1	NZ_CP132951.1	0.9534883720930232	[0.8, 1)	1.0	93861	114295	0.981461949052322	0.8064657246598714	0.8064657246598714	99.92622795887829	0.981461949052322	False	True	True	0.9994059385794432	1.0	0.96875	0.9322033898305084	0.8029197080291971
test	NZ_CP050383.1	NZ_CP107168.1	1.0	[0.8, 1)	1.0	4081	4082	1.0	1.0	1.0	99.21641058304752	1.0	False	True	True	0.9984488765497398	0.9011627906976745	0.8823529411764706	0.25	0.14285714285714285
test	NZ_CP050383.1	NZ_CP006634.1	1.0	[0.8, 1)	1.0	4081	4086	1.0	1.0	1.0	99.5354323464644	1.0	False	True	True	0.9993346054169516	0.9515503875968992	0.9424184261036468	0.6666666666666666	0.4
test	CP067475.1	OW849024.1	0.8773584905660378	[0.8, 1)	1.0	216181	242397	0.98988810302478	0.8836371737273976	0.8836371737273976	99.92480820945693	0.98988810302478	False	True	True	0.999840299652065	0.9886792452830189	0.9024110218140069	0.9951456310679612	0.8991228070175439
test	NZ_CP057363.1	NZ_OY754363.1	1.0	[0.8, 1)	1.0	1552	1552	1.0	1.0	1.0	99.936	1.0	False	True	True	0.999671677006213	0.9948253557567918	0.9884318766066839	1.0	1.0
test	NZ_RRJD01000137.1	NZ_RRNF01000141.1	1.0	[0.8, 1)	1.0	2405	3263	0.4686070686070686	0.3493717437940545	0.3493717437940545	94.83368651488615	0.4686070686070686	False	False	False	0.838789137380621	0.23708206686930092	0.23708206686930092	0.5	0.16666666666666666
test	CP057777.1	NZ_RRJD01000137.1	1.0	[0.8, 1)	1.0	1551	2405	0.6744036105738234	0.4299376299376299	0.4299376299376299	94.56105534351146	0.6744036105738234	False	False	True	0.8522232135003299	0.38419618528610355	0.23777403035413153	0.5	0.16666666666666666
test	CP099101.1	NZ_RRJD01000137.1	1.0	[0.8, 1)	1.0	1548	2405	0.6750645994832042	0.4299376299376299	0.4299376299376299	93.51137404580152	0.6750645994832042	False	False	True	0.8502384704612679	0.3481675392670157	0.224283305227656	1.0	0.2
test	NZ_CP060064.1	NZ_RRJD01000137.1	1.0	[0.8, 1)	1.0	1549	2405	0.6746287927695287	0.4299376299376299	0.4299376299376299	93.41601145038167	0.6746287927695287	False	False	True	0.8590302792867214	0.3655913978494624	0.22934232715008432	1.0	0.2
test	NZ_CP028692.1	NZ_CP018253.1	0.9342105263157896	[0.8, 1)	1.0	92714	95229	0.9740707983691784	0.9487131021012508	0.9487131021012508	99.93464341205372	0.9740707983691784	False	True	True	0.9996620235724037	0.9728260869565217	0.9701897018970189	0.9540229885057471	0.9021739130434783
test	NZ_CP018253.1	NZ_CP062718.1	1.0	[0.8, 1)	1.0	95229	96507	1.0	0.9864465790046318	0.9864465790046318	99.96101335503178	1.0	False	True	True	0.9999722544259936	1.0	1.0	0.9772727272727273	0.9555555555555556
test	AB011549.2	NZ_CP018253.1	0.922077922077922	[0.8, 1)	1.0	92721	95229	0.974072755902115	0.9487131021012508	0.9487131021012508	99.946761476825	0.974072755902115	False	True	True	0.999664566997888	0.9713896457765667	0.9661246612466124	0.9655172413793104	0.9230769230769231
test	CP082152.1	NZ_CP042511.1	1.0	[0.8, 1)	1.0	2495	2495	1.0	1.0	1.0	100.0	1.0	False	True	True	0.8168340404147416	0.9927113702623906	0.9927113702623906	1.0	1.0
test	CP082152.1	OW969701.1	1.0	[0.8, 1)	1.0	2495	2495	0.98436873747495	0.98436873747495	0.98436873747495	99.959	0.98436873747495	False	True	True	0.8147460411470303	0.9912536443148688	0.9869375907111756	0.6666666666666666	0.5
test	CP082152.1	NZ_CP071270.1	1.0	[0.8, 1)	1.0	2495	2495	1.0	1.0	1.0	100.0	1.0	False	True	True	0.8179503381871286	0.9985422740524781	0.9927536231884058	1.0	0.75
test	CP082152.1	NZ_JBRYID020000005.1	1.0	[0.8, 1)	1.0	2495	2555	0.9851703406813628	0.962426614481409	0.962426614481409	99.71582405526208	0.9851703406813628	False	True	True	0.9974515642705603	0.9504373177842566	0.9381294964028777	1.0	0.6666666666666666
test	NZ_JBHEKI010000075.1	NZ_JARWCD010000024.1	0.9473684210526316	[0.8, 1)	1.0	24427	24598	0.9873500634543744	0.9804862183917392	0.9804862183917392	99.934	0.9873500634543744	False	True	True	0.9998253539908318	0.9762219286657859	0.974934036939314	0.9523809523809523	0.9090909090909091
test	NZ_CP028692.1	NZ_CP062718.1	0.9342105263157896	[0.8, 1)	1.0	92714	96507	0.9731540004745778	0.9347922948594404	0.9347922948594404	99.95658984020037	0.9731540004745778	False	True	True	0.9995886537496407	0.9728260869565217	0.9701897018970189	0.9310344827586207	0.8617021276595744
test	NZ_CP028692.1	AB011549.2	0.9866666666666668	[0.8, 1)	1.0	92714	92721	1.0	1.0	1.0	99.96625864895178	1.0	False	True	True	0.9999979552658922	0.9945652173913043	0.9945652173913043	0.9770114942528736	0.9550561797752809
test	NZ_LT592154.1	NZ_LT592162.1	1.0	[0.8, 1)	1.0	4153	4153	1.0	1.0	1.0	99.976	1.0	False	True	True	0.9999563507285324	0.9880715705765407	0.9880715705765407	1.0	1.0
test	NZ_CP087000.1	NZ_CP086895.1	0.9690721649484536	[0.8, 1)	1.0	82226	82231	1.0	1.0	1.0	99.910931770371	1.0	False	True	True	0.9964308823897632	0.9952380952380953	0.9952380952380953	0.9305555555555556	0.8589743589743589
test	NZ_CP086895.1	NZ_CP087065.1	1.0	[0.8, 1)	1.0	82231	82447	1.0	1.0	1.0	99.99064837723768	1.0	False	True	True	0.9964561653010703	0.9984126984126984	0.9984126984126984	0.9444444444444444	0.8831168831168831
test	CP104420.1	NZ_CP193630.1	0.8441558441558441	[0.8, 1)	1.0	83397	88723	0.9491588426442198	0.8929364426360695	0.8929364426360695	99.91301186164776	0.9491588426442198	False	True	True	0.9688770631341811	0.9437299035369775	0.8840361445783133	0.9270833333333334	0.8317757009345794
test	NZ_CP199511.1	NZ_JBXUIF010000005.1	0.8297872340425532	[0.8, 1)	1.0	44105	63293	0.679356082076862	0.4734962792093912	0.4734962792093912	99.99326766766768	0.679356082076862	False	False	True	0.9836454896186633	0.6693989071038251	0.6693989071038251	0.85	0.5862068965517241
test	NZ_OP378651.1	NZ_CP033630.1	0.9285714285714286	[0.8, 1)	1.0	9506	23185	0.9782242794024828	0.4013802027172741	0.4013802027172741	99.95699215981098	0.9782242794024828	False	False	True	0.9723025328248881	0.971875	0.8911174785100286	0.7692307692307693	0.625
test	OW967952.1	NZ_CP033630.1	1.0	[0.8, 1)	1.0	9294	23185	1.0	0.4013802027172741	0.4013802027172741	99.97875413711584	1.0	False	False	True	0.9716382282382573	1.0	0.8968481375358166	0.8333333333333334	0.6666666666666666
test	NZ_CP033349.2	NZ_MF175191.1	1.0	[0.8, 1)	1.0	33309	33660	0.999639737008016	0.9892156862745098	0.9892156862745098	99.98834730646809	0.999639737008016	False	True	True	0.9421262699378294	0.997907949790795	0.9875776397515528	1.0	0.9534883720930233
test	NZ_MF175191.1	NZ_MF381176.1	0.9285714285714286	[0.8, 1)	1.0	33660	36502	0.8923945335710042	0.8229138129417566	0.8229138129417566	100.0	0.8923945335710042	False	True	True	0.9981372180063135	0.9875776397515528	0.9334637964774951	0.9534883720930233	0.9111111111111111
test	NZ_MF175191.1	NZ_OR724972.1	0.975	[0.8, 1)	1.0	33660	34639	0.989126559714795	0.9612575420768498	0.9612575420768498	99.99402846846846	0.989126559714795	False	True	True	0.998244345639318	0.9875776397515528	0.9734693877551021	0.9534883720930233	0.8723404255319149
test	NZ_CP033349.2	NZ_MF381176.1	0.9285714285714286	[0.8, 1)	1.0	33309	36502	1.0	0.93490767629171	0.93490767629171	99.97099622044476	1.0	False	True	True	0.946037764773761	0.99581589958159	0.9315068493150684	0.975609756097561	0.9090909090909091
test	NZ_CP033349.2	NZ_OR724972.1	0.975	[0.8, 1)	1.0	33309	34639	1.0	0.9616039724010508	0.9616039724010508	99.96417799789884	1.0	False	True	True	0.9450854630815779	0.99581589958159	0.9714285714285714	0.975609756097561	0.8695652173913043
test	AB011549.2	NZ_CP062718.1	0.922077922077922	[0.8, 1)	1.0	92721	96507	0.9731560272214492	0.9347922948594404	0.9347922948594404	99.9531581688627	0.9731560272214492	False	True	True	0.9995911975542854	0.9713896457765667	0.9661246612466124	0.9425287356321839	0.8817204301075269
test	NZ_JCASKQ010000017.1	NZ_JBXSFE010000003.1	0.8125	[0.8, 1)	1.0	130759	146840	0.90988765591661	0.8102492508853174	0.8102492508853174	99.96970778009344	0.90988765591661	False	True	True	0.9639256643774845	0.9312977099236641	0.8299319727891157	0.9030303030303031	0.7842105263157895
test	NZ_JCASKQ010000017.1	NZ_CP129815.1	0.8028169014084507	[0.8, 1)	1.0	130759	146394	0.9036854059758792	0.8072530294957444	0.8072530294957444	99.97498423697836	0.9036854059758792	False	True	True	0.984114725600789	0.898854961832061	0.8248686514886164	0.9212121212121213	0.7835051546391752
test	NZ_JCASKQ010000017.1	NZ_CP129712.1	0.8142857142857143	[0.8, 1)	1.0	130759	143798	0.9036854059758792	0.8217082295998553	0.8217082295998553	99.9753106202928	0.9036854059758792	False	True	True	0.9983542565146677	0.898854961832061	0.839572192513369	0.9212121212121213	0.7958115183246073
test	NZ_CP142934.1	NZ_CP124427.1	1.0	[0.8, 1)	1.0	5167	5167	1.0	1.0	1.0	99.942	1.0	False	True	True	0.9999078161649065	0.9877488514548239	0.9877488514548239	1.0	1.0
test	NZ_CP127510.1	NZ_CP079603.1	1.0	[0.8, 1)	1.0	6141	6141	1.0	1.0	1.0	99.9670247516691	1.0	False	True	True	0.999940368008327	0.9878542510121457	0.9838709677419355	1.0	0.875
test	CP049444.1	NZ_CP077909.1	0.9375	[0.8, 1)	1.0	20722	46752	0.9971045265900976	0.4420131759069131	0.4420131759069131	99.61341007680788	0.9971045265900976	False	False	True	0.9996465048646427	0.9807692307692307	0.9415384615384615	0.9130434782608695	0.5675675675675675
test	NZ_CP050782.1	NZ_CP060923.1	1.0	[0.8, 1)	1.0	3372	3374	1.0	1.0	1.0	99.70364848844102	1.0	False	True	True	0.9993892671095568	0.9503722084367245	0.9503722084367245	1.0	0.8333333333333334
test	NZ_CP138520.1	NZ_CP066533.1	0.8333333333333334	[0.8, 1)	1.0	5596	6373	1.0	0.8794916052094774	0.8794916052094774	99.98199393398752	1.0	False	True	True	0.9127800407831976	0.9943422913719944	0.8573170731707317	0.875	0.7
test	NZ_CP082766.1	NZ_CP154419.1	0.8271028037383178	[0.8, 1)	1.0	199279	220171	0.9404804319572058	0.8513700714444682	0.8513700714444682	99.8897604866928	0.9404804319572058	False	True	True	0.9990420609845315	0.992	0.8985507246376812	0.9707317073170731	0.868995633187773
test	NZ_CP124432.1	NZ_CP018943.1	1.0	[0.8, 1)	1.0	6647	6647	1.0	1.0	1.0	99.95521904618626	1.0	False	True	True	0.9226443886226724	0.9873096446700508	0.9873096446700508	0.875	0.7777777777777778
test	NZ_CP124432.1	NZ_CP101204.1	1.0	[0.8, 1)	1.0	6647	6648	1.0	1.0	1.0	99.9550734055355	1.0	False	True	True	0.9999453299144135	0.9898477157360406	0.9898477157360406	1.0	0.8888888888888888
test	NZ_CP124432.1	CP063733.1	1.0	[0.8, 1)	1.0	6647	6647	1.0	1.0	1.0	99.84960613810742	1.0	False	True	True	0.9224941949883767	0.9695431472081218	0.9597989949748744	0.875	0.7
test	NZ_CP091713.1	NZ_CP124336.1	1.0	[0.8, 1)	1.0	4072	4073	1.0	1.0	1.0	99.92601890498403	1.0	False	True	True	0.9388059412031249	0.9838383838383838	0.9838383838383838	0.6666666666666666	0.4
test	NZ_AP025532.1	NZ_CP025267.1	0.8505747126436781	[0.8, 1)	1.0	71826	74241	0.9896555564837246	0.9582710362198784	0.9582710362198784	99.56569619648454	0.9896555564837246	False	True	True	0.9999258094541237	0.9433628318584071	0.9205526770293609	0.9108910891089109	0.8288288288288288
test	NZ_CP014059.2	NZ_CP018473.1	0.8666666666666667	[0.8, 1)	1.0	21970	38746	0.7878470641784251	0.4467557941464925	0.4467557941464925	99.88468996188055	0.7878470641784251	False	False	True	0.9738445464876009	0.7731958762886598	0.7731958762886598	0.6774193548387096	0.42857142857142855
test	OW967952.1	NZ_OP378651.1	0.9285714285714286	[0.8, 1)	1.0	9294	9506	1.0	0.97853986955607	0.97853986955607	99.96774113093956	1.0	False	True	True	0.9996514416256236	0.9890795631825273	0.9664634146341463	0.75	0.5625
test	NZ_CP037880.1	NZ_CP133428.1	0.9069767441860463	[0.8, 1)	1.0	40085	45040	1.0	0.8900976909413855	0.8900976909413855	99.98783088051884	1.0	False	True	True	0.9989007319105038	0.9967266775777414	0.8838896952104499	0.98	0.9245283018867925
test	CP024513.1	NZ_CP084801.1	1.0	[0.8, 1)	1.0	3336	3534	1.0	0.9397283531409168	0.9397283531409168	97.79096865671642	1.0	False	False	True	0.9948110734551844	0.8190255220417634	0.7986425339366516	0.3333333333333333	0.16666666666666666
test	NZ_CP061964.1	NZ_OW970563.1	0.9861111111111112	[0.8, 1)	1.0	63578	63589	1.0	1.0	1.0	99.84450977308823	1.0	False	True	True	0.9999842662421541	0.9877049180327869	0.9877049180327869	0.9879518072289156	0.9425287356321839
test	NZ_CP061964.1	OW968206.1	0.9861111111111112	[0.8, 1)	1.0	63578	63589	1.0	1.0	1.0	99.84099388297452	1.0	False	True	True	0.9999839922976409	0.9877049180327869	0.9856850715746421	0.9879518072289156	0.9425287356321839
test	NZ_CP061964.1	NZ_CP031805.1	0.9210526315789472	[0.8, 1)	1.0	63578	65454	0.9528453238541634	0.9250160418003484	0.9250160418003484	99.79496880125976	0.9528453238541634	False	True	True	0.999680546001165	0.9836065573770492	0.96579476861167	0.9642857142857143	0.9101123595505618
test	NZ_CP042511.1	OW969701.1	1.0	[0.8, 1)	1.0	2495	2495	1.0	1.0	1.0	99.95966092184368	1.0	False	True	True	0.9996852792830747	0.9912536443148688	0.9869375907111756	0.6666666666666666	0.5
test	NZ_CP042511.1	NZ_CP071270.1	1.0	[0.8, 1)	1.0	2495	2495	1.0	1.0	1.0	100.0	1.0	False	True	True	0.9999065462886232	0.9985422740524781	0.9927536231884058	1.0	0.75
test	NZ_CP042511.1	NZ_JBRYID020000005.1	1.0	[0.8, 1)	1.0	2495	2555	0.9851703406813628	0.962426614481409	0.962426614481409	99.71520235676554	0.9851703406813628	False	True	True	0.8209788970483741	0.9504373177842566	0.9381294964028777	1.0	0.6666666666666666
test	NZ_JBYDGO010000004.1	NZ_JBWIFL010000005.1	0.8518518518518519	[0.8, 1)	1.0	57114	59700	0.8378681234023182	0.8015577889447236	0.8015577889447236	99.98333328457387	0.8378681234023182	False	True	True	0.9992505778103898	0.9030612244897959	0.8697788697788698	0.8857142857142857	0.7560975609756098
test	CP090300.1	NZ_JBYDGO010000004.1	0.8846153846153846	[0.8, 1)	1.0	53824	57114	0.9573981866825207	0.9156949259375984	0.9156949259375984	99.98283070369804	0.9573981866825207	False	True	True	0.9993800974592589	0.9391534391534392	0.9056122448979592	0.9538461538461539	0.8493150684931506
test	NZ_CP012991.1	NZ_CP072966.1	1.0	[0.8, 1)	1.0	3223	3223	1.0	1.0	1.0	99.9072913434688	1.0	False	True	True	0.9997065646971345	0.9794344473007712	0.9621212121212122	0.6	0.42857142857142855
test	NZ_CP012991.1	NZ_CP115677.1	0.8571428571428571	[0.8, 1)	1.0	3223	4911	1.0	0.6564854408470779	0.6564854408470779	99.93815012406948	1.0	False	False	True	0.8961621416837654	0.9897172236503856	0.632183908045977	0.6	0.3333333333333333
test	NZ_JBRZEZ010000005.1	CP125070.1	1.0	[0.8, 1)	1.0	2089	2113	1.0	1.0	1.0	98.62724088973025	1.0	False	False	True	0.8741040204861753	0.93812375249501	0.9362549800796812	1.0	0.6666666666666666
test	CP057777.1	NZ_RRNF01000141.1	1.0	[0.8, 1)	1.0	1551	3263	0.988394584139265	0.4701195219123506	0.4701195219123506	99.609	0.988394584139265	False	False	True	0.9663991719889082	0.953125	0.9289340101522843	0.5	0.3333333333333333
test	CP099101.1	NZ_RRNF01000141.1	1.0	[0.8, 1)	1.0	1548	3263	0.9890180878552972	0.4701195219123506	0.4701195219123506	95.964	0.9890180878552972	False	False	True	0.9578955981150631	0.6785714285714286	0.6751269035532995	1.0	0.5
test	NZ_CP060064.1	NZ_RRNF01000141.1	1.0	[0.8, 1)	1.0	1549	3263	0.9883795997417688	0.4701195219123506	0.4701195219123506	96.354	0.9883795997417688	False	False	True	0.9613279640614742	0.7512953367875648	0.7360406091370558	1.0	0.5
test	NZ_CP017651.1	NZ_CP025267.1	0.8222222222222222	[0.8, 1)	1.0	70884	74241	0.9879803622820382	0.9440470898829488	0.9440470898829488	99.46530404518742	0.9879803622820382	False	True	True	0.9998846935471462	0.931899641577061	0.8981001727115717	0.8888888888888888	0.7787610619469026
test	NZ_CP087000.1	NZ_CP087065.1	0.9690721649484536	[0.8, 1)	1.0	82226	82447	1.0	1.0	1.0	99.91892955901616	1.0	False	True	True	0.9999931288229799	0.9952380952380953	0.9952380952380953	0.9041095890410958	0.825
test	NZ_CP095668.1	NZ_CP059715.1	0.9166666666666666	[0.8, 1)	1.0	45403	45739	0.9736801532938352	0.9665274710859442	0.9665274710859442	99.98649918566775	0.9736801532938352	False	True	True	0.9569812907434799	0.968562874251497	0.9528718703976435	0.9491525423728814	0.9032258064516129
test	CP090300.1	NZ_JBWIFL010000005.1	0.8846153846153846	[0.8, 1)	1.0	53824	59700	0.9573981866825207	0.8623785594639866	0.8623785594639866	99.9825321031492	0.9573981866825207	False	True	True	0.9992510996673912	0.9365079365079365	0.8697788697788698	0.9384615384615385	0.782051282051282
test	CP099101.1	CP057777.1	1.0	[0.8, 1)	1.0	1548	1551	0.9987080103359172	0.9980657640232108	0.9980657640232108	96.387	0.9987080103359172	False	False	True	0.9886243705345398	0.6765847347994826	0.6765847347994826	1.0	0.5
test	NZ_CP060064.1	CP057777.1	1.0	[0.8, 1)	1.0	1549	1551	1.0	1.0	1.0	96.78	1.0	False	False	True	0.9917672762410202	0.7868421052631579	0.7868421052631579	1.0	0.5
test	NC_023317.1	NZ_MT349894.1	1.0	[0.8, 1)	1.0	2683	2683	1.0	1.0	1.0	99.7764580693254	1.0	False	True	True	0.9992740157030867	0.9513991163475699	0.9486049926578561	0.5	0.3333333333333333
test	NZ_CP107168.1	NZ_CP006634.1	1.0	[0.8, 1)	1.0	4082	4086	1.0	1.0	1.0	99.38829686735194	1.0	False	True	True	0.9988436737336621	0.9127134724857685	0.9127134724857685	0.6666666666666666	0.4
test	NZ_CP138519.1	NZ_CP054742.1	1.0	[0.8, 1)	1.0	11970	11970	1.0	1.0	1.0	100.0	1.0	False	True	True	0.9999957336344097	1.0	0.9973045822102425	0.8	0.631578947368421
test	NZ_CP138519.1	NZ_CP152448.1	1.0	[0.8, 1)	1.0	11970	11970	1.0	1.0	1.0	100.0	1.0	False	True	True	0.9999957668457491	1.0	0.9973045822102425	0.9285714285714286	0.7647058823529411
test	NZ_JBRAXZ010000003.1	NZ_CP195365.1	0.9224806201550388	[0.8, 1)	1.0	118098	137286	1.0	0.8603062220474047	0.8603062220474047	99.97741373149998	1.0	False	True	True	0.9715693813729297	1.0	0.8956692913385826	0.9850746268656716	0.868421052631579
test	NZ_CP018943.1	NZ_CP101204.1	1.0	[0.8, 1)	1.0	6647	6648	1.0	1.0	1.0	99.96979888688328	1.0	False	True	True	0.9226388835973433	0.9923273657289002	0.9872773536895675	0.875	0.7
test	NZ_CP018943.1	CP063733.1	1.0	[0.8, 1)	1.0	6647	6647	1.0	1.0	1.0	99.83460147434933	1.0	False	True	True	0.9997670364372537	0.969309462915601	0.9522613065326633	0.75	0.5454545454545454
test	NZ_CP110933.1	NZ_CP088135.1	1.0	[0.8, 1)	1.0	49544	49556	0.9999798159212012	1.0	0.9999798159212012	99.96791290836812	0.9999798159212012	False	True	True	0.999998228870321	0.9973992197659298	0.9973992197659298	1.0	0.9830508474576272
test	NZ_CP015123.1	NZ_LR135445.1	0.873015873015873	[0.8, 1)	1.0	56285	58508	0.9467175979390602	0.9108156149586382	0.9108156149586382	99.22918584236788	0.9467175979390602	False	True	True	0.8694317132954422	0.8893617021276595	0.8444444444444444	0.9047619047619048	0.7916666666666666
test	NZ_CP135667.1	CP104420.1	0.8888888888888888	[0.8, 1)	1.0	76366	83397	0.9365031558546998	0.8574049426238354	0.8574049426238354	99.94125782462224	0.9547564590128436	True	True	True	0.9671701587120445	0.9395509499136442	0.8745980707395499	0.9186046511627907	0.7669902912621359
test	NZ_CP054742.1	NZ_CP152448.1	1.0	[0.8, 1)	1.0	11970	11970	1.0	1.0	1.0	100.0	1.0	False	True	True	0.999995725214516	1.0	1.0	0.9285714285714286	0.8125
test	NZ_CP116320.1	NZ_CP004879.1	1.0	[0.8, 1)	1.0	7635	7635	1.0	1.0	1.0	100.0	1.0	False	True	True	0.9999931787539191	0.9959758551307847	0.9959758551307847	0.8888888888888888	0.7272727272727273
test	NZ_KY019259.1	NZ_MW356909.1	0.9442379182156134	[0.8, 1)	1.0	249153	249475	0.9673734612868398	0.962894077562882	0.962894077562882	99.98240677558267	0.9673734612868398	False	True	True	0.999934303936516	0.9767441860465116	0.9655172413793104	0.9612403100775194	0.915129151291513
test	NZ_JBVTJX020000002.1	NZ_CP062226.1	0.912087912087912	[0.8, 1)	1.0	257061	265014	0.954858963436694	0.9233776328797724	0.9233776328797724	99.75623917231827	0.954858963436694	False	True	True	0.9984051688500273	0.9473684210526315	0.9341317365269461	0.8939929328621908	0.7981072555205048
test	NZ_CP063478.1	NZ_MF978389.1	0.8269230769230769	[0.8, 1)	1.0	47841	52740	0.97897201145461	0.8885855138414865	0.8885855138414865	99.40946567864378	0.97897201145461	False	True	True	0.9989469354326886	0.9366391184573003	0.8607594936708861	0.9365079365079365	0.7972972972972973
test	NZ_OW970563.1	OW968206.1	1.0	[0.8, 1)	1.0	63589	63589	1.0	1.0	1.0	99.997	1.0	False	True	True	0.9999996168100205	1.0	0.9979550102249489	1.0	1.0
test	NZ_OW970563.1	NZ_CP031805.1	0.9342105263157896	[0.8, 1)	1.0	63589	65454	0.9528534809479628	0.9250160418003484	0.9250160418003484	99.9558690288714	0.9528534809479628	False	True	True	0.9996954478809457	0.9959016393442623	0.9778672032193159	0.9879518072289156	0.9647058823529412
test	OW969701.1	NZ_CP071270.1	1.0	[0.8, 1)	1.0	2495	2495	1.0	1.0	1.0	99.95987815631264	1.0	False	True	True	0.9997481396690686	0.9927431059506531	0.991304347826087	0.6666666666666666	0.4
test	OW969701.1	NZ_JBRYID020000005.1	1.0	[0.8, 1)	1.0	2495	2555	0.9851703406813628	0.962426614481409	0.962426614481409	99.67487728565624	0.9851703406813628	False	True	True	0.8189400393592042	0.9448476052249637	0.9366906474820144	1.0	0.6666666666666666
test	NZ_CP040807.1	NZ_MG591701.1	0.925925925925926	[0.8, 1)	1.0	90871	91597	0.9516897580086056	0.94405930325229	0.94405930325229	99.89803255969856	0.9516897580086056	False	True	True	0.97727144574251	0.9718518518518519	0.9718518518518519	0.839622641509434	0.7235772357723578
test	NZ_CP129712.1	NZ_CP129815.1	0.9847328244274808	[0.8, 1)	1.0	143798	146394	1.0	0.9823694960175964	0.9823694960175964	99.9962911755912	1.0	False	True	True	0.9884580616401304	0.9982174688057041	0.9807355516637478	0.9775280898876404	0.9405405405405406
test	NZ_CP072966.1	NZ_CP115677.1	0.8571428571428571	[0.8, 1)	1.0	3223	4911	1.0	0.6564854408470779	0.6564854408470779	99.96903691066996	1.0	False	False	True	0.895980175901213	0.9848484848484849	0.6403940886699507	0.6	0.3333333333333333
test	NZ_CP028613.1	AB011548.2	1.0	[0.8, 1)	1.0	3306	3306	1.0	1.0	1.0	100.0	1.0	False	True	True	0.9999999999999999	1.0	1.0	1.0	1.0
test	OW968206.1	NZ_CP031805.1	0.9342105263157896	[0.8, 1)	1.0	63589	65454	0.9528534809479628	0.9250160418003484	0.9250160418003484	99.9524969160105	0.9528534809479628	False	True	True	0.9996940132036476	0.9938650306748467	0.9778672032193159	0.9879518072289156	0.9647058823529412
test	CP099101.1	NZ_CP060064.1	1.0	[0.8, 1)	1.0	1548	1549	0.9987080103359172	0.998063266623628	0.998063266623628	99.094	0.9987080103359172	False	True	True	0.994381332091657	0.8111254851228978	0.8111254851228978	1.0	1.0
test	CP063733.1	NZ_CP101204.1	1.0	[0.8, 1)	1.0	6647	6648	1.0	1.0	1.0	99.8341248495788	1.0	False	True	True	0.9224837372502337	0.9547738693467337	0.9547738693467337	0.7777777777777778	0.6363636363636364
test	CP067788.1	NZ_OZ066665.1	0.9411764705882352	[0.8, 1)	1.0	13841	39395	0.98518893143559	0.3461860642213479	0.3461860642213479	99.91919777158776	0.98518893143559	False	False	True	0.9614081926597193	0.967741935483871	0.9210526315789473	0.875	0.2916666666666667
test	NZ_CP071270.1	NZ_JBRYID020000005.1	1.0	[0.8, 1)	1.0	2495	2555	0.9851703406813628	0.962426614481409	0.962426614481409	99.71527834213734	0.9851703406813628	False	True	True	0.8221340194245467	0.9507246376811594	0.943884892086331	1.0	0.5
test	NZ_OR724972.1	NZ_MF381176.1	0.9069767441860463	[0.8, 1)	1.0	34639	36502	0.9616039724010508	0.93490767629171	0.93490767629171	99.98832672194064	0.9616039724010508	False	True	True	0.9995893425212331	0.9714285714285714	0.9315068493150684	0.9302325581395349	0.8333333333333334
