half	plasmid_shorter	plasmid_longer	jaccard	jaccard_bin	weight	len_shorter	len_longer	AF_shorter	AF_longer	AF_min	ANI_aln	bb_AF_shorter	annotated	same_lineage	related_backbone
test	CP057253.1	NC_011858.1	0.0	[0, 0.01)	3252.5866666666666	4671	17609	0.0	0.0	0.0		0.0	False	False	False
test	NZ_KX869741.1	NZ_CP082766.1	0.0054644808743169	[0, 0.01)	3252.5866666666666	177037	199279	0.03515649271056333	0.03121252113870503	0.03121252113870503	92.29263118175979	0.03515649271056333	False	False	False
test	NZ_CP024276.1	NZ_CP143282.1	0.0042194092827004	[0, 0.01)	3252.5866666666666	38177	248177	0.12051758912434188	0.01855530528614658	0.01855530528614658	78.65242802139036	0.12051758912434188	False	False	False
test	NZ_JBYKYR010000002.1	NZ_CP143282.1	0.0	[0, 0.01)	3252.5866666666666	49142	248177	0.0	0.0	0.0		0.0	False	False	False
test	CP088536.1	NZ_CP073977.1	0.0	[0, 0.01)	3252.5866666666666	19693	241691	0.0	0.0	0.0		0.0	False	False	False
test	NZ_AP027137.1	NZ_CP122807.1	0.0	[0, 0.01)	3252.5866666666666	85996	98226	0.0	0.0	0.0		0.0	False	False	False
test	NZ_CP025482.1	NZ_CP040265.1	0.0	[0, 0.01)	3252.5866666666666	3269	73952	0.0	0.0	0.0		0.0	False	False	False
test	NZ_CP025482.1	NZ_LHAT01000154.1	0.0	[0, 0.01)	3252.5866666666666	3269	9044	0.0	0.0	0.0		0.0	False	False	False
test	NZ_JAWQEV010000013.1	NZ_CP025482.1	0.0	[0, 0.01)	3252.5866666666666	934	3269	0.0	0.0	0.0		0.0	False	False	False
test	NZ_CP124427.1	NZ_CP014817.1	0.0	[0, 0.01)	3252.5866666666666	5167	12529	0.0	0.0	0.0		0.0	False	False	False
test	NZ_CP148451.1	NZ_JAJUFA010000018.1	0.0	[0, 0.01)	3252.5866666666666	2835	8156	0.0	0.0	0.0		0.0	False	False	False
test	OW849005.1	NZ_CP143402.1	0.0	[0, 0.01)	3252.5866666666666	98537	185071	0.0	0.0	0.0		0.0	False	False	False
test	NZ_JBRRYJ010000037.1	OW849005.1	0.0	[0, 0.01)	3252.5866666666666	30459	98537	0.0	0.0	0.0		0.0	False	False	False
test	CP094244.1	NZ_RRPB01000143.1	0.0	[0, 0.01)	3252.5866666666666	87661	93945	0.0	0.0	0.0		0.0	False	False	False
test	NZ_RRSB01000284.1	NZ_RRPB01000143.1	0.0	[0, 0.01)	3252.5866666666666	2876	93945	0.0	0.0	0.0		0.0	False	False	False
test	NZ_JACGTL010000005.1	NZ_RRPB01000143.1	0.0	[0, 0.01)	3252.5866666666666	1979	93945	0.0	0.0	0.0		0.0	False	False	False
test	NZ_CP114189.1	NZ_CP106778.1	0.0	[0, 0.01)	3252.5866666666666	2081	39245	0.0	0.0	0.0		0.0	False	False	False
test	NZ_CP059701.1	NZ_CP106778.1	0.0	[0, 0.01)	3252.5866666666666	27178	39245	0.0	0.0	0.0		0.0	False	False	False
test	NZ_QWDG01000034.1	NZ_CP106778.1	0.0	[0, 0.01)	3252.5866666666666	1628	39245	0.0	0.0	0.0		0.0	False	False	False
test	NZ_CP035157.1	NZ_CP014218.1	0.0	[0, 0.01)	3252.5866666666666	53951	57585	0.0	0.0	0.0		0.0	False	False	False
test	NC_019937.1	CP067450.1	0.0	[0, 0.01)	3252.5866666666666	12763	230982	0.0	0.0	0.0		0.0	False	False	False
test	NZ_CP068141.1	NZ_CP034088.1	0.0	[0, 0.01)	3252.5866666666666	3991	218994	0.0	0.0	0.0		0.0	False	False	False
test	NZ_CP015368.1	NZ_CP034088.1	0.0	[0, 0.01)	3252.5866666666666	144167	218994	0.0	0.0	0.0		0.0	False	False	False
test	NZ_JAMYDH010000172.1	CP040045.1	0.0	[0, 0.01)	3252.5866666666666	253	16485	0.0	0.0	0.0		0.0	False	False	False
test	CP040045.1	NZ_JBYQQE010000002.1	0.0	[0, 0.01)	3252.5866666666666	16485	259660	0.0	0.0	0.0		0.0	False	False	False
test	NZ_MT230263.1	NZ_CP085152.1	0.0	[0, 0.01)	3252.5866666666666	256	4609	0.0	0.0	0.0		0.0	False	False	False
test	NZ_CP148317.1	NZ_LR890428.1	0.0	[0, 0.01)	3252.5866666666666	6675	128238	0.0	0.0	0.0		0.0	False	False	False
test	NZ_CP036915.2	NZ_CP050110.1	0.0	[0, 0.01)	3252.5866666666666	72372	693077	0.0	0.0	0.0		0.0	False	False	False
test	NZ_NBOP01000105.1	NZ_CP036915.2	0.0	[0, 0.01)	3252.5866666666666	44421	72372	0.0	0.0	0.0		0.0	False	False	False
test	NZ_JBTTGO010000018.1	NZ_AP025548.1	0.0	[0, 0.01)	3252.5866666666666	744	145376	0.0	0.0	0.0		0.0	False	False	False
test	NZ_SIOZ01000006.1	NZ_CP185254.1	0.0	[0, 0.01)	3252.5866666666666	38428	88994	0.0	0.0	0.0		0.0	False	False	False
test	NZ_NBOP01000069.1	NZ_CP081710.1	0.0	[0, 0.01)	3252.5866666666666	664	2762	0.0	0.0	0.0		0.0	False	False	False
test	NZ_CP084814.1	NZ_CP182755.1	0.0	[0, 0.01)	3252.5866666666666	4937	87288	0.0	0.0	0.0		0.0	False	False	False
test	NZ_CP028135.1	NZ_CP176887.1	0.0	[0, 0.01)	3252.5866666666666	9064	203546	0.0	0.0	0.0		0.0	False	False	False
test	NZ_CP081269.1	NZ_CP109609.1	0.0	[0, 0.01)	3252.5866666666666	70200	142244	0.0	0.0	0.0		0.0	False	False	False
test	NZ_CP063884.1	NZ_JBUBIE010000002.1	0.0	[0, 0.01)	3252.5866666666666	57825	84790	0.005309122351923909	0.0035617407713173723	0.0035617407713173723	78.457	0.005309122351923909	False	False	False
test	NZ_CP101699.1	NZ_LKWG01000120.1	0.0	[0, 0.01)	3252.5866666666666	1000	1602	0.0	0.0	0.0		0.0	False	False	False
test	NZ_CP063798.1	NZ_JBUBIP010000002.1	0.0	[0, 0.01)	3252.5866666666666	31341	150224	0.0	0.0	0.0		0.0	False	False	False
test	NZ_MK944320.1	NZ_CP016709.2	0.0	[0, 0.01)	3252.5866666666666	14155	23180	0.0	0.0	0.0		0.0	False	False	False
test	NZ_CP016717.1	CP049541.1	0.0	[0, 0.01)	3252.5866666666666	11663	27273	0.0	0.0	0.0		0.0	False	False	False
test	CP082152.1	NZ_CP016717.1	0.0	[0, 0.01)	3252.5866666666666	2495	11663	0.0	0.0	0.0		0.0	False	False	False
test	CP057542.1	NC_019740.1	0.0	[0, 0.01)	3252.5866666666666	7198	92471	0.0	0.0	0.0		0.0	False	False	False
test	NZ_PGEG01000621.1	NZ_CP191553.1	0.0	[0, 0.01)	3252.5866666666666	403	107053	0.0	0.0	0.0		0.0	False	False	False
test	NZ_AP022125.1	NZ_CP141199.1	0.0	[0, 0.01)	3252.5866666666666	2997	214402	0.0	0.0	0.0		0.0	False	False	False
test	NZ_JBTWTT010000007.1	NZ_CP089602.1	0.0	[0, 0.01)	3252.5866666666666	5418	61063	0.0	0.0	0.0		0.0	False	False	False
test	NZ_JAKVSC010000054.1	NZ_CP133102.1	0.0	[0, 0.01)	3252.5866666666666	25286	134388	0.008621371509926442	0.0016221686460100603	0.0016221686460100603	100.0	0.008621371509926442	False	False	False
test	NZ_JBPXRF010000130.1	NZ_PUWY01000076.1	0.0	[0, 0.01)	3252.5866666666666	286	15802	0.0	0.0	0.0		0.0	False	False	False
test	NZ_CP171058.1	NZ_JBPXQZ010000019.1	0.0	[0, 0.01)	3252.5866666666666	596	5004	0.0	0.0	0.0		0.0	False	False	False
test	NZ_AP022132.1	OW969701.1	0.0	[0, 0.01)	3252.5866666666666	2049	2495	0.0	0.0	0.0		0.0	False	False	False
test	NZ_LXQW01000037.1	NZ_CP133843.1	0.0	[0, 0.01)	3252.5866666666666	11438	104450	0.0	0.0	0.0		0.0	False	False	False
test	NZ_CP033973.1	NZ_CP080014.1	0.0	[0, 0.01)	3252.5866666666666	1491	135893	0.0	0.0	0.0		0.0	False	False	False
test	NZ_QQOK01000009.1	NZ_JBZGGV010000003.1	0.0	[0, 0.01)	3252.5866666666666	70134	215968	0.0	0.0	0.0		0.0	False	False	False
test	NZ_MW133279.1	NZ_CP062157.2	0.0	[0, 0.01)	3252.5866666666666	3179	38377	0.0	0.0	0.0		0.0	False	False	False
test	NZ_CP109610.1	NZ_CP129856.1	0.0	[0, 0.01)	3252.5866666666666	3991	550231	0.0	0.0	0.0		0.0	False	False	False
test	NZ_NTHV01000058.1	NZ_CP009033.1	0.0	[0, 0.01)	3252.5866666666666	14083	58317	0.0	0.0	0.0		0.0	False	False	False
test	NZ_JBQPWJ010000069.1	NZ_CP016361.1	0.0	[0, 0.01)	3252.5866666666666	9568	87088	0.0	0.0	0.0		0.0	False	False	False
test	NZ_JBQPWJ010000069.1	NZ_CP191553.1	0.0	[0, 0.01)	3252.5866666666666	9568	107053	0.0	0.0	0.0		0.0	False	False	False
test	NZ_JBQPWJ010000069.1	AP028527.1	0.0	[0, 0.01)	3252.5866666666666	9568	43138	0.0	0.0	0.0		0.0	False	False	False
test	NZ_JADAIP010000275.1	NC_011260.1	0.0	[0, 0.01)	3252.5866666666666	3081	52772	0.0	0.0	0.0		0.0	False	False	False
test	NZ_JBPXRI010000134.1	NZ_JADAIP010000275.1	0.0	[0, 0.01)	3252.5866666666666	330	3081	0.0	0.0	0.0		0.0	False	False	False
test	NZ_PV022950.1	NZ_CP162597.1	0.0	[0, 0.01)	3252.5866666666666	90934	97971	0.0	0.0	0.0		0.0	False	False	False
test	NZ_CP005842.1	OW966965.1	0.0	[0, 0.01)	3252.5866666666666	1325	66091	0.0	0.0	0.0		0.0	False	False	False
test	NZ_JBYDGL010000011.1	OW966965.1	0.0	[0, 0.01)	3252.5866666666666	958	66091	0.0	0.0	0.0		0.0	False	False	False
test	OW968206.1	NZ_CP117387.1	0.0	[0, 0.01)	3252.5866666666666	63589	100517	0.0	0.0	0.0		0.0	False	False	False
test	NZ_CP020094.1	NZ_CP117387.1	0.0	[0, 0.01)	3252.5866666666666	14831	100517	0.0	0.0	0.0		0.0	False	False	False
test	NZ_AP027592.1	NZ_CP148344.1	0.0	[0, 0.01)	3252.5866666666666	3373	10681	0.48354580492143495	0.1532628031083232	0.1532628031083232	83.849	0.48354580492143495	False	False	False
test	NZ_LGRO01000003.1	NZ_JBUZKD010000003.1	0.0	[0, 0.01)	3252.5866666666666	25061	55772	0.0	0.0	0.0		0.0	False	False	False
test	NZ_JARVXC010000052.1	NZ_CP032703.1	0.0	[0, 0.01)	3252.5866666666666	1551	556856	0.0	0.0	0.0		0.0	False	False	False
test	NZ_KX555451.1	NZ_CP169382.1	0.0	[0, 0.01)	3252.5866666666666	38814	53894	0.0	0.0	0.0		0.0	False	False	False
test	NZ_PHSK01000005.1	NZ_CP145712.1	0.0	[0, 0.01)	3252.5866666666666	1051	33455	0.0	0.0	0.0		0.0	False	False	False
test	NZ_OZ410630.1	NZ_CP017217.1	0.0	[0, 0.01)	3252.5866666666666	26763	38925	0.006912528490826888	0.004701348747591522	0.004701348747591522	76.72	0.006912528490826888	False	False	False
test	NC_010464.1	CP073108.1	0.0	[0, 0.01)	3252.5866666666666	2927	108563	0.0	0.0	0.0		0.0	False	False	False
test	NZ_RRTN01000193.1	NZ_CP046636.1	0.0	[0, 0.01)	3252.5866666666666	35382	47797	0.0	0.0	0.0		0.0	False	False	False
test	NZ_CP046636.1	NZ_AP022878.1	0.0	[0, 0.01)	3252.5866666666666	47797	280907	0.0	0.0	0.0		0.0	False	False	False
test	NZ_CP034816.1	NZ_MW356909.1	0.0	[0, 0.01)	3252.5866666666666	47236	249475	0.0	0.0	0.0		0.0	False	False	False
test	NZ_JAQSUY010000142.1	NZ_JBTAPC010000002.1	0.0	[0, 0.01)	3252.5866666666666	297	126207	0.0	0.0	0.0		0.0	False	False	False
test	NZ_CP186433.1	NZ_JAMQML010000016.1	0.0	[0, 0.01)	3252.5866666666666	76975	113952	0.0	0.0	0.0		0.0	False	False	False
test	NC_019374.1	NZ_JAMQML010000016.1	0.0	[0, 0.01)	3252.5866666666666	5903	113952	0.0	0.0	0.0		0.0	False	False	False
test	NZ_JAMQML010000016.1	NZ_CP086856.1	0.0	[0, 0.01)	3252.5866666666666	113952	290594	0.0	0.0	0.0		0.0	False	False	False
test	NZ_JBPXRD010000050.1	NZ_JBWNKZ010000002.1	0.0	[0, 0.01)	3252.5866666666666	338	40330	0.0	0.0	0.0		0.0	False	False	False
test	NZ_MT039222.1	NZ_CP140104.1	0.0	[0, 0.01)	3252.5866666666666	113377	174147	0.0	0.0	0.0		0.0	False	False	False
test	NZ_JCCDRD010000005.1	NZ_CP086846.1	0.0	[0, 0.01)	3252.5866666666666	7624	82222	0.0	0.0	0.0		0.0	False	False	False
test	NZ_AP028053.1	NZ_CP086846.1	0.0	[0, 0.01)	3252.5866666666666	3530	82222	0.0	0.0	0.0		0.0	False	False	False
test	NZ_CP125686.1	NZ_CP074122.1	0.0	[0, 0.01)	3252.5866666666666	4961	111789	0.0	0.0	0.0		0.0	False	False	False
test	OR771667.1	NZ_CP074122.1	0.0	[0, 0.01)	3252.5866666666666	56762	111789	0.0	0.0	0.0		0.0	False	False	False
test	NZ_JBSMIW010000007.1	NZ_MF062700.1	0.0	[0, 0.01)	3252.5866666666666	30659	60206	0.0	0.0	0.0		0.0	False	False	False
test	NZ_CP009965.1	NZ_CP019224.1	0.0	[0, 0.01)	3252.5866666666666	4983	97268	0.0	0.0	0.0		0.0	False	False	False
test	NC_003114.1	NZ_JBQGLE010000003.1	0.0	[0, 0.01)	3252.5866666666666	3172	18824	0.0	0.0	0.0		0.0	False	False	False
test	NZ_JBQGLE010000003.1	NZ_CP059701.1	0.0	[0, 0.01)	3252.5866666666666	18824	27178	0.0	0.0	0.0		0.0	False	False	False
test	NZ_SZVT01000166.1	NZ_OZ547465.1	0.0	[0, 0.01)	3252.5866666666666	1646	46449	0.0	0.0	0.0		0.0	False	False	False
test	NZ_CP124336.1	NZ_CP009581.1	0.0	[0, 0.01)	3252.5866666666666	4073	62384	0.0	0.0	0.0		0.0	False	False	False
test	CP057279.1	NZ_CP043351.1	0.0	[0, 0.01)	3252.5866666666666	5101	106448	0.0	0.0	0.0		0.0	False	False	False
test	NZ_JAQFLL010000247.1	NZ_CP057242.1	0.0	[0, 0.01)	3252.5866666666666	1116	1551	0.0	0.0	0.0		0.0	False	False	False
test	NZ_CP146164.1	NZ_CP082766.1	0.0	[0, 0.01)	3252.5866666666666	6101	199279	0.0	0.0	0.0		0.0	False	False	False
test	NZ_JAIVKF010000259.1	NZ_MN586817.1	0.0	[0, 0.01)	3252.5866666666666	990	91326	0.0	0.0	0.0		0.0	False	False	False
test	NZ_JBRXLF010000031.1	NZ_MF344559.1	0.0	[0, 0.01)	3252.5866666666666	7800	42279	0.0	0.0	0.0		0.0	False	False	False
test	NZ_CP123756.1	NZ_CP085293.1	0.0	[0, 0.01)	3252.5866666666666	5003	35757	0.0	0.0	0.0		0.0	False	False	False
test	NZ_NPII01000055.1	NZ_CP144317.1	0.0	[0, 0.01)	3252.5866666666666	3562	174409	0.07327344188658057	0.0014907487572315649	0.0014907487572315649	96.55166283524905	0.07327344188658057	False	False	False
test	AP026491.1	NZ_JBWDOH010000002.1	0.0	[0, 0.01)	3252.5866666666666	48260	397580	0.0	0.0	0.0		0.0	False	False	False
test	NZ_JABLUU010000060.1	NZ_OV049812.1	0.0	[0, 0.01)	3252.5866666666666	3080	5590	0.0	0.0	0.0		0.0	False	False	False
test	OW849469.1	NZ_AP022878.1	0.0	[0, 0.01)	3252.5866666666666	3897	280907	0.0	0.0	0.0		0.0	False	False	False
test	CP088721.1	NZ_CP086468.1	0.0	[0, 0.01)	3252.5866666666666	17698	247089	0.0	0.0	0.0		0.0	False	False	False
test	NC_013333.1	NZ_CP054057.1	0.0	[0, 0.01)	3252.5866666666666	20453	142760	0.0	0.0	0.0		0.0	False	False	False
test	NZ_CP075319.1	NZ_JCASQJ010000007.1	0.0	[0, 0.01)	3252.5866666666666	33299	54831	0.0	0.0	0.0		0.0	False	False	False
test	NZ_CP097037.1	NZ_CP032142.1	0.0	[0, 0.01)	3252.5866666666666	32754	39365	0.0	0.0	0.0		0.0	False	False	False
test	NZ_CP151876.1	NZ_CP107561.1	0.0	[0, 0.01)	3252.5866666666666	16131	127424	0.0	0.0	0.0		0.0	False	False	False
test	NZ_LKXP01000041.1	NZ_JBVTJX020000002.1	0.0	[0, 0.01)	3252.5866666666666	8830	257061	0.0	0.0	0.0		0.0	False	False	False
test	NZ_CP122774.1	NZ_OP242238.1	0.0	[0, 0.01)	3252.5866666666666	5732	111500	0.0	0.0	0.0		0.0	False	False	False
test	NZ_LUHP01000053.1	NZ_CP094234.1	0.0	[0, 0.01)	3252.5866666666666	1615	4375	0.0	0.0	0.0		0.0	False	False	False
test	NZ_LXQW01000037.1	NZ_CP129713.1	0.0	[0, 0.01)	3252.5866666666666	11438	106834	0.0	0.0	0.0		0.0	False	False	False
test	NG_048196.1	AP028569.1	0.0	[0, 0.01)	3252.5866666666666	1379	3830	0.0	0.0	0.0		0.0	False	False	False
test	NZ_NPMK01000027.1	NZ_CP115069.1	0.0	[0, 0.01)	3252.5866666666666	448	36566	0.0	0.0	0.0		0.0	False	False	False
test	NZ_NPMK01000027.1	NZ_CP048669.1	0.0	[0, 0.01)	3252.5866666666666	448	6078	0.0	0.0	0.0		0.0	False	False	False
test	NZ_CP056184.1	NZ_JBRETY010000002.1	0.0	[0, 0.01)	3252.5866666666666	3728	315596	0.0	0.0	0.0		0.0	False	False	False
test	CP082724.1	NZ_JBRETY010000002.1	0.0	[0, 0.01)	3252.5866666666666	53499	315596	0.0	0.0	0.0		0.0	False	False	False
test	NZ_POWG01000123.1	NZ_JCARPC010000002.1	0.0	[0, 0.01)	3252.5866666666666	479	211985	0.0	0.0	0.0		0.0	False	False	False
test	NZ_JBGNWW010000040.1	NZ_CP100828.1	0.0	[0, 0.01)	3252.5866666666666	2095	143148	0.0	0.0	0.0		0.0	False	False	False
test	NZ_JAGSGE020000073.1	NZ_JCCJZF010000002.1	0.0	[0, 0.01)	3252.5866666666666	1729	56907	0.0	0.0	0.0		0.0	False	False	False
test	NZ_LRXJ01000080.1	NZ_CP027099.1	0.0	[0, 0.01)	3252.5866666666666	639	900	0.0	0.0	0.0		0.0	False	False	False
test	NZ_CP097682.1	NZ_CP016361.1	0.0	[0, 0.01)	3252.5866666666666	57847	87088	0.0	0.0	0.0		0.0	False	False	False
test	NZ_SIPR01000006.1	NZ_JBVVLY010000002.1	0.0	[0, 0.01)	3252.5866666666666	27977	191497	0.0	0.0	0.0		0.0	False	False	False
test	NZ_JAUANA010000011.1	CP122780.1	0.0	[0, 0.01)	3252.5866666666666	3821	120042	0.052604030358544884	0.0016660835374285668	0.0016660835374285668	95.545	0.052604030358544884	False	False	False
test	NZ_CP097621.1	NZ_CP196665.1	0.0	[0, 0.01)	3252.5866666666666	3346	135116	0.0	0.0	0.0		0.0	False	False	False
test	NZ_JBHEKM010000111.1	NZ_CP092895.1	0.0	[0, 0.01)	3252.5866666666666	1920	183666	0.0	0.0	0.0		0.0	False	False	False
test	NZ_JABLUU010000060.1	NZ_CM007865.1	0.0	[0, 0.01)	3252.5866666666666	3080	38626	0.0	0.0	0.0		0.0	False	False	False
test	NZ_CP170103.1	NZ_JBQPXK010000007.1	0.0	[0, 0.01)	3252.5866666666666	17520	235207	0.0	0.0	0.0		0.0	False	False	False
test	NZ_VLPM01000186.1	NC_013104.1	0.0	[0, 0.01)	3252.5866666666666	1900	8688	0.0	0.0	0.0		0.0	False	False	False
test	NZ_VLPM01000186.1	NZ_CP143695.1	0.0	[0, 0.01)	3252.5866666666666	1900	3924	0.0	0.0	0.0		0.0	False	False	False
test	LR962172.1	NZ_CP064876.1	0.0	[0, 0.01)	3252.5866666666666	94567	536892	0.0	0.0	0.0		0.0	False	False	False
test	NZ_CP054742.1	CP049541.1	0.0	[0, 0.01)	3252.5866666666666	11970	27273	0.0	0.0	0.0		0.0	False	False	False
test	OX345631.1	NZ_CP061685.1	0.0	[0, 0.01)	3252.5866666666666	3770	105818	0.0	0.0	0.0		0.0	False	False	False
test	AP025998.1	NZ_CP182818.1	0.0	[0, 0.01)	3252.5866666666666	35593	278962	0.0	0.0	0.0		0.0	False	False	False
test	NZ_CP016688.2	NZ_CP143278.1	0.0	[0, 0.01)	3252.5866666666666	33285	54478	0.0	0.0	0.0		0.0	False	False	False
test	NZ_JABLUU010000060.1	RefSeq_NZ_VKNT01000070.1	0.0	[0, 0.01)	3252.5866666666666	3080	58447	0.0	0.0	0.0		0.0	True	False	False
test	NZ_JBRXNG010000050.1	NZ_CP038011.1	0.0	[0, 0.01)	3252.5866666666666	5636	13835	0.0	0.0	0.0		0.0	False	False	False
test	NZ_CP079182.1	NZ_AP017565.1	0.0	[0, 0.01)	3252.5866666666666	7819	111135	0.0	0.0	0.0		0.0	False	False	False
test	NZ_CP162585.1	NZ_SIQC01000003.1	0.0	[0, 0.01)	3252.5866666666666	2607	454882	0.0	0.0	0.0		0.0	False	False	False
test	NZ_PQ650613.1	NZ_LR878366.1	0.0	[0, 0.01)	3252.5866666666666	192991	231165	0.0	0.0	0.0		0.0	False	False	False
test	NZ_CP027885.1	NZ_CP132470.1	0.0	[0, 0.01)	3252.5866666666666	13415	15446	0.0	0.0	0.0		0.0	False	False	False
test	NZ_CP084801.1	NZ_CP034021.1	0.0	[0, 0.01)	3252.5866666666666	3534	4153	0.0	0.0	0.0		0.0	False	False	False
test	LR962226.1	NZ_CP087962.1	0.0	[0, 0.01)	3252.5866666666666	8645	23715	0.0	0.0	0.0		0.0	False	False	False
test	NZ_CP035015.1	NZ_CP024192.1	0.0	[0, 0.01)	3252.5866666666666	35533	221606	0.0	0.0	0.0		0.0	False	False	False
test	NZ_OZ544401.1	NZ_JBJUUA010000006.1	0.0	[0, 0.01)	3252.5866666666666	4541	10750	0.0	0.0	0.0		0.0	False	False	False
test	NZ_CP076451.1	NZ_CP178695.1	0.0	[0, 0.01)	3252.5866666666666	13427	153819	0.0	0.0	0.0		0.0	False	False	False
test	NZ_RRHR01000175.1	NZ_CP149680.1	0.0	[0, 0.01)	3252.5866666666666	8225	99528	0.0	0.0	0.0		0.0	False	False	False
test	NZ_CP184004.1	NZ_CP149680.1	0.0	[0, 0.01)	3252.5866666666666	45802	99528	0.0	0.0	0.0		0.0	False	False	False
test	NZ_CP056554.1	NZ_SIOS01000003.1	0.0	[0, 0.01)	3252.5866666666666	5631	495976	0.0	0.0	0.0		0.0	False	False	False
test	NZ_CP028135.1	NZ_JBRRZW010000022.1	0.0	[0, 0.01)	3252.5866666666666	9064	64439	0.0	0.0	0.0		0.0	False	False	False
test	NZ_JBTZPL010000001.1	NZ_CP028032.1	0.0	[0, 0.01)	3252.5866666666666	105623	264190	0.0021870236596195905	0.0008819410272909649	0.0008819410272909649	78.333	0.0021870236596195905	False	False	False
test	NZ_AP019541.1	NZ_CP047280.1	0.0	[0, 0.01)	3252.5866666666666	2866	262422	0.0	0.0	0.0		0.0	False	False	False
test	NZ_AP019541.1	NZ_CP072221.1	0.0	[0, 0.01)	3252.5866666666666	2866	9081	0.0	0.0	0.0		0.0	False	False	False
test	NZ_CP027099.1	NZ_JBJLWI010000019.1	0.0	[0, 0.01)	3252.5866666666666	900	22835	0.0	0.0	0.0		0.0	False	False	False
test	NZ_CP071270.1	LC735979.1	0.0	[0, 0.01)	3252.5866666666666	2495	25677	0.0	0.0	0.0		0.0	False	False	False
test	NZ_LAUI01000030.1	CP122782.1	0.0	[0, 0.01)	3252.5866666666666	1560	69672	0.0	0.0	0.0		0.0	False	False	False
test	NZ_LAUI01000030.1	NZ_CP035827.1	0.0	[0, 0.01)	3252.5866666666666	1560	100283	0.0	0.0	0.0		0.0	False	False	False
test	NZ_LAUI01000030.1	NZ_CP085435.1	0.0	[0, 0.01)	3252.5866666666666	1560	106629	0.0	0.0	0.0		0.0	False	False	False
test	NZ_JBXYMM010000005.1	NZ_CP018018.1	0.0	[0, 0.01)	3252.5866666666666	9656	14706	0.0	0.0	0.0		0.0	False	False	False
test	NZ_CP092013.1	NZ_CP029585.1	0.0	[0, 0.01)	3252.5866666666666	4593	8809	0.1190942738950577	0.06027925984788285	0.06027925984788285	82.278	0.1190942738950577	False	False	False
test	NZ_CP104636.1	NZ_CP029585.1	0.0	[0, 0.01)	3252.5866666666666	1815	8809	0.0	0.0	0.0		0.0	False	False	False
test	NZ_CP021547.1	NZ_JAENHY010000002.1	0.0068846815834767	[0, 0.01)	3252.5866666666666	45740	506359	0.0590074333187582	0.005330210384332065	0.005330210384332065	96.1494465012958	0.0590074333187582	False	False	False
test	NZ_CP162585.1	NC_010882.1	0.0	[0, 0.01)	3252.5866666666666	2607	9372	0.0	0.0	0.0		0.0	False	False	False
test	NC_011260.1	NZ_CP114408.1	0.0	[0, 0.01)	3252.5866666666666	52772	185418	0.0	0.0	0.0		0.0	False	False	False
test	NZ_CP014218.1	NZ_CP066368.1	0.0	[0, 0.01)	3252.5866666666666	57585	66038	0.0	0.0	0.0		0.0	False	False	False
test	NZ_NPIJ01000080.1	NZ_CP095047.1	0.0	[0, 0.01)	3252.5866666666666	3357	137865	0.0	0.0	0.0		0.0	False	False	False
test	NZ_CP011988.1	NC_014832.1	0.0	[0, 0.01)	3252.5866666666666	13841	20542	0.0	0.0	0.0		0.0	False	False	False
test	NZ_JARXID010000075.1	NZ_LT703506.1	0.0	[0, 0.01)	3252.5866666666666	1802	324321	0.0	0.0	0.0		0.0	False	False	False
test	NZ_OZ544768.1	NZ_CP064329.1	0.0	[0, 0.01)	3252.5866666666666	107	38298	0.0	0.0	0.0		0.0	False	False	False
test	NZ_CP119709.1	NZ_CP064329.1	0.0	[0, 0.01)	3252.5866666666666	1295	38298	0.0	0.0	0.0		0.0	False	False	False
test	NZ_CP017647.1	NZ_AP018457.1	0.0	[0, 0.01)	3252.5866666666666	73891	86535	0.0	0.0	0.0		0.0	False	False	False
test	NZ_RRTT01000485.1	NZ_JBTLGV010000002.1	0.0	[0, 0.01)	3252.5866666666666	1435	2167	0.0	0.0	0.0		0.0	False	False	False
test	NZ_CP096939.1	NZ_CP010620.1	0.0	[0, 0.01)	3252.5866666666666	33003	85540	0.0	0.0	0.0		0.0	False	False	False
test	NZ_CP010620.1	NZ_JBVTJX020000002.1	0.0	[0, 0.01)	3252.5866666666666	85540	257061	0.0	0.0	0.0		0.0	False	False	False
test	NZ_CP047208.1	NZ_CP012748.1	0.0	[0, 0.01)	3252.5866666666666	4190	2555069	0.0	0.0	0.0		0.0	False	False	False
test	NZ_CP089314.1	NZ_CP146094.1	0.0	[0, 0.01)	3252.5866666666666	3374	341809	0.0	0.0	0.0		0.0	False	False	False
test	NZ_CP089314.1	NZ_WTXS01000135.1	0.0	[0, 0.01)	3252.5866666666666	3374	15841	0.0	0.0	0.0		0.0	False	False	False
test	NZ_QXXP01000127.1	NZ_CP025275.1	0.0	[0, 0.01)	3252.5866666666666	2018	125113	0.0	0.0	0.0		0.0	False	False	False
test	NZ_CP171058.1	NZ_QXXP01000127.1	0.0	[0, 0.01)	3252.5866666666666	596	2018	0.0	0.0	0.0		0.0	False	False	False
test	NZ_CP121640.1	NZ_JBOKGN010000017.1	0.0	[0, 0.01)	3252.5866666666666	128397	169688	0.0	0.0	0.0		0.0	False	False	False
test	NC_017149.1	NZ_PQ650613.1	0.0	[0, 0.01)	3252.5866666666666	182940	192991	0.0	0.0	0.0		0.0	False	False	False
test	NZ_JCDGLC010000041.1	NZ_CP101058.1	0.0	[0, 0.01)	3252.5866666666666	41565	51315	0.0027186334656562013	0.0022020851602845173	0.0022020851602845173	79.13	0.0027186334656562013	False	False	False
test	NZ_CP131657.1	NZ_CP084923.1	0.0	[0, 0.01)	3252.5866666666666	2920	58452	0.0	0.0	0.0		0.0	False	False	False
test	NZ_WTXS01000066.1	NZ_OM048934.1	0.0	[0, 0.01)	3252.5866666666666	35319	118931	0.0	0.0	0.0		0.0	False	False	False
test	NZ_CP003971.1	CP119444.1	0.0	[0, 0.01)	3252.5866666666666	7502	285256	0.0	0.0	0.0		0.0	False	False	False
test	NZ_JBUDNT010000054.1	NZ_CP108380.1	0.0	[0, 0.01)	3252.5866666666666	17138	209892	0.0	0.0	0.0		0.0	False	False	False
test	NZ_CP072583.1	NZ_CP159186.1	0.0	[0, 0.01)	3252.5866666666666	6173	135518	0.0	0.0	0.0		0.0	False	False	False
test	NZ_JBRRYI010000050.1	NZ_KX765275.1	0.0	[0, 0.01)	3252.5866666666666	14523	178059	0.0	0.0	0.0		0.0	False	False	False
test	CP118073.1	NZ_KX765275.1	0.0	[0, 0.01)	3252.5866666666666	70631	178059	0.0	0.0	0.0		0.0	False	False	False
test	NZ_JBRERM010000006.1	CP127703.1	0.0	[0, 0.01)	3252.5866666666666	5271	20652	0.0	0.0	0.0		0.0	False	False	False
test	NZ_JBUCKZ010000002.1	NZ_CP013752.1	0.0	[0, 0.01)	3252.5866666666666	1546	68522	0.0	0.0	0.0		0.0	False	False	False
test	CP003354.1	NZ_CP013752.1	0.0	[0, 0.01)	3252.5866666666666	4119	68522	0.0	0.0	0.0		0.0	False	False	False
test	NZ_CP063884.1	NZ_CP013752.1	0.0	[0, 0.01)	3252.5866666666666	57825	68522	0.0	0.0	0.0		0.0	False	False	False
test	NZ_CP044779.1	NZ_CP147289.1	0.0	[0, 0.01)	3252.5866666666666	208	12389	0.0	0.0	0.0		0.0	False	False	False
test	NZ_JACKZL010001076.1	NZ_MT074684.1	0.0	[0, 0.01)	3252.5866666666666	2027	23710	0.0	0.0	0.0		0.0	False	False	False
test	NZ_JAUANA010000011.1	NZ_AZAU01000073.1	0.0	[0, 0.01)	3252.5866666666666	3821	6172	0.0	0.0	0.0		0.0	False	False	False
test	NZ_CP048669.1	NZ_CP189808.1	0.0	[0, 0.01)	3252.5866666666666	6078	63562	0.0	0.0	0.0		0.0	False	False	False
test	NG_050461.1	NZ_CP032104.1	0.0	[0, 0.01)	3252.5866666666666	1536	8399	0.0	0.0	0.0		0.0	False	False	False
test	NZ_CP016712.2	NZ_CP010068.1	0.0	[0, 0.01)	3252.5866666666666	2417	12763	0.0	0.0	0.0		0.0	False	False	False
test	CP148563.1	NZ_AP018457.1	0.0	[0, 0.01)	3252.5866666666666	1021	86535	0.0	0.0	0.0		0.0	False	False	False
test	NZ_CP043844.1	NZ_CP083945.1	0.0	[0, 0.01)	3252.5866666666666	20729	68825	0.0	0.0	0.0		0.0	False	False	False
test	NZ_CP083945.1	NZ_CP127500.1	0.0	[0, 0.01)	3252.5866666666666	68825	134238	0.0	0.0	0.0		0.0	False	False	False
test	NZ_LR135495.1	NZ_KX009062.1	0.0	[0, 0.01)	3252.5866666666666	4372	55944	0.0	0.0	0.0		0.0	False	False	False
test	RefSeq_NZ_MT809697.1	NZ_CP030204.1	0.0	[0, 0.01)	3252.5866666666666	113652	138648	0.028340900292119803	0.023101667532167792	0.023101667532167792	80.23927615833078	0.023918306423721718	True	False	False
test	NZ_CP094100.1	NZ_CP079182.1	0.0	[0, 0.01)	3252.5866666666666	3507	7819	0.0	0.0	0.0		0.0	False	False	False
test	OX335242.1	NZ_JBRFNA010000003.1	0.0	[0, 0.01)	3252.5866666666666	36476	590305	0.0	0.0	0.0		0.0	False	False	False
test	AP023016.1	NZ_OM938013.1	0.0	[0, 0.01)	3252.5866666666666	74401	262582	0.0	0.0	0.0		0.0	False	False	False
test	NZ_CP025868.1	NZ_CP150649.1	0.0	[0, 0.01)	3252.5866666666666	100473	333087	0.0	0.0	0.0		0.0	False	False	False
test	NZ_CP083516.1	NZ_CP102507.1	0.0	[0, 0.01)	3252.5866666666666	3888	6338	0.0	0.0	0.0		0.0	False	False	False
test	NZ_JAPHLB020000014.1	NZ_CP143278.1	0.0	[0, 0.01)	3252.5866666666666	1845	54478	0.0	0.0	0.0		0.0	False	False	False
test	NZ_JAPHLB020000014.1	NZ_CP138727.1	0.0	[0, 0.01)	3252.5866666666666	1845	277344	0.0	0.0	0.0		0.0	False	False	False
test	OX345632.1	NZ_JBVWEU010000008.1	0.0	[0, 0.01)	3252.5866666666666	3710	5166	0.0	0.0	0.0		0.0	False	False	False
test	NZ_CP023547.1	NZ_CP040807.1	0.0	[0, 0.01)	3252.5866666666666	25046	90871	0.0	0.0	0.0		0.0	False	False	False
test	NZ_CP151622.1	NZ_CP132951.1	0.0	[0, 0.01)	3252.5866666666666	9609	114295	0.0	0.0	0.0		0.0	False	False	False
test	NZ_CP151622.1	NZ_CP063478.1	0.0	[0, 0.01)	3252.5866666666666	9609	47841	0.0	0.0	0.0		0.0	False	False	False
test	NZ_CP151622.1	CP073108.1	0.0	[0, 0.01)	3252.5866666666666	9609	108563	0.0	0.0	0.0		0.0	False	False	False
test	NZ_CP060858.1	NZ_CP126754.1	0.0	[0, 0.01)	3252.5866666666666	12131	143779	0.0	0.0	0.0		0.0	False	False	False
test	NZ_CP103041.1	NZ_CP030765.1	0.0	[0, 0.01)	3252.5866666666666	6738	93169	0.0	0.0	0.0		0.0	False	False	False
test	NZ_CP031178.1	NZ_LT703506.1	0.0	[0, 0.01)	3252.5866666666666	29556	324321	0.0	0.0	0.0		0.0	False	False	False
test	NZ_OZ543228.1	NZ_CP144686.1	0.0	[0, 0.01)	3252.5866666666666	208	249487	0.0	0.0	0.0		0.0	False	False	False
test	NZ_CP048364.1	NZ_PP589748.1	0.0	[0, 0.01)	3252.5866666666666	7872	8324	0.0	0.0	0.0		0.0	False	False	False
test	NZ_JARGDG010000159.1	NZ_CP125122.1	0.0	[0, 0.01)	3252.5866666666666	806	333411	0.0	0.0	0.0		0.0	False	False	False
test	CP067873.1	NZ_CP086985.1	0.0	[0, 0.01)	3252.5866666666666	118543	157665	0.0	0.0	0.0		0.0	False	False	False
test	NZ_CP009965.1	NZ_SIKD01000003.1	0.0	[0, 0.01)	3252.5866666666666	4983	694105	0.0	0.0	0.0		0.0	False	False	False
test	NZ_CP011613.1	NZ_SIKD01000003.1	0.0	[0, 0.01)	3252.5866666666666	5410	694105	0.0	0.0	0.0		0.0	False	False	False
test	NZ_PGSC01000746.1	NZ_JBXYMM010000005.1	0.0	[0, 0.01)	3252.5866666666666	880	9656	0.0	0.0	0.0		0.0	False	False	False
test	NZ_LIYP01000144.1	LR962458.1	0.0	[0, 0.01)	3252.5866666666666	2292	28898	0.0	0.0	0.0		0.0	False	False	False
test	NZ_CP021346.1	NZ_JBPXRE010000035.1	0.0	[0, 0.01)	3252.5866666666666	3824	29546	0.0	0.0	0.0		0.0	False	False	False
test	NZ_JBDYFA010000013.1	NZ_CP144686.1	0.0	[0, 0.01)	3252.5866666666666	929	249487	0.0	0.0	0.0		0.0	False	False	False
test	NZ_CM003359.1	NZ_CP144686.1	0.0	[0, 0.01)	3252.5866666666666	42705	249487	0.0	0.0	0.0		0.0	False	False	False
test	NZ_CP107486.1	NC_011526.1	0.0	[0, 0.01)	3252.5866666666666	10060	39280	0.0	0.0	0.0		0.0	False	False	False
test	NZ_CP168126.1	NZ_CP151758.1	0.0	[0, 0.01)	3252.5866666666666	10960	53097	0.0	0.0	0.0		0.0	False	False	False
test	NZ_JABBPH010000006.1	NZ_CP073977.1	0.0	[0, 0.01)	3252.5866666666666	106991	241691	0.0	0.0	0.0		0.0	False	False	False
test	NZ_CP175854.1	NZ_CP183354.1	0.0	[0, 0.01)	3252.5866666666666	19048	162681	0.0	0.0	0.0		0.0	False	False	False
test	NZ_CP118042.1	NZ_CP127352.1	0.0	[0, 0.01)	3252.5866666666666	4711	30068	0.0	0.0	0.0		0.0	False	False	False
test	NZ_JBRAZL010000004.1	NZ_KT448817.1	0.0	[0, 0.01)	3252.5866666666666	2600	28489	0.0	0.0	0.0		0.0	False	False	False
test	NZ_CP071270.1	NZ_KT448817.1	0.0	[0, 0.01)	3252.5866666666666	2495	28489	0.0	0.0	0.0		0.0	False	False	False
test	NZ_JAQFLL010000247.1	NZ_CP101058.1	0.0	[0, 0.01)	3252.5866666666666	1116	51315	0.0	0.0	0.0		0.0	False	False	False
test	NZ_JBRFOO010000006.1	NZ_CP132064.1	0.0	[0, 0.01)	3252.5866666666666	122968	139177	0.0	0.0	0.0		0.0	False	False	False
test	NZ_CP080628.1	NZ_MT039199.1	0.0	[0, 0.01)	3252.5866666666666	45853	144458	0.0	0.0	0.0		0.0	False	False	False
test	NZ_CP135040.1	JX469831.1	0.0	[0, 0.01)	3252.5866666666666	6052	54342	0.0	0.0	0.0		0.0	False	False	False
test	NZ_CP126073.1	NZ_CP062972.1	0.0	[0, 0.01)	3252.5866666666666	12488	136326	0.0	0.0	0.0		0.0	False	False	False
test	NZ_CP062972.1	NZ_CP129515.1	0.0	[0, 0.01)	3252.5866666666666	136326	138894	0.03439549315611109	0.03378835658847754	0.03378835658847754	99.78697956142217	0.03439549315611109	False	False	False
test	NZ_SZVT01000166.1	NZ_CP081233.1	0.0	[0, 0.01)	3252.5866666666666	1646	78194	0.0	0.0	0.0		0.0	False	False	False
test	NZ_RRNF01000128.1	NZ_CP148152.1	0.0	[0, 0.01)	3252.5866666666666	5709	38726	0.0	0.0	0.0		0.0	False	False	False
test	NZ_JBXTWF010000011.1	NZ_CP129287.1	0.0	[0, 0.01)	3252.5866666666666	585	3895	0.0	0.0	0.0		0.0	False	False	False
test	NZ_JBDNJQ010000462.1	NZ_POWG01000072.1	0.0	[0, 0.01)	3252.5866666666666	289	19059	0.0	0.0	0.0		0.0	False	False	False
test	NZ_JBDNJQ010000462.1	NZ_RRSF01000257.1	0.0	[0, 0.01)	3252.5866666666666	289	2200	0.0	0.0	0.0		0.0	False	False	False
test	NZ_CP022458.1	NZ_CP115709.1	0.0	[0, 0.01)	3252.5866666666666	55820	119165	0.0	0.0	0.0		0.0	False	False	False
test	NZ_JBPXRI010000023.1	NZ_JANUPK010000002.1	0.0	[0, 0.01)	3252.5866666666666	1520	6281	0.0	0.0	0.0		0.0	False	False	False
test	NZ_JANUPK010000002.1	NZ_CP194201.1	0.0	[0, 0.01)	3252.5866666666666	6281	50405	0.0	0.0	0.0		0.0	False	False	False
test	CP123647.1	NZ_CP137606.1	0.0	[0, 0.01)	3252.5866666666666	2096	119733	0.0	0.0	0.0		0.0	False	False	False
test	NZ_JBDYHN010000069.1	NZ_CP085909.1	0.0	[0, 0.01)	3252.5866666666666	225	63475	0.0	0.0	0.0		0.0	False	False	False
test	NZ_CP186780.1	NZ_CP074060.1	0.0	[0, 0.01)	3252.5866666666666	13463	27653	0.0	0.0	0.0		0.0	False	False	False
test	NZ_CP134736.1	NZ_CP054622.1	0.0	[0, 0.01)	3252.5866666666666	91904	305146	0.0	0.0	0.0		0.0	False	False	False
test	NZ_CP072583.1	LR962226.1	0.0	[0, 0.01)	3252.5866666666666	6173	8645	0.0	0.0	0.0		0.0	False	False	False
test	NZ_JBSEID010000003.1	NZ_CP162597.1	0.0	[0, 0.01)	3252.5866666666666	38224	97971	0.0	0.0	0.0		0.0	False	False	False
test	NZ_JBRZEZ010000005.1	NZ_CP162597.1	0.0	[0, 0.01)	3252.5866666666666	2089	97971	0.0	0.0	0.0		0.0	False	False	False
test	NZ_LKWH01000057.1	NZ_CP095666.1	0.0	[0, 0.01)	3252.5866666666666	2982	99379	0.0	0.0	0.0		0.0	False	False	False
test	NZ_LKWH01000057.1	NZ_CP199511.1	0.0	[0, 0.01)	3252.5866666666666	2982	44105	0.0	0.0	0.0		0.0	False	False	False
test	NZ_CP015967.1	NZ_CP048050.1	0.0	[0, 0.01)	3252.5866666666666	33001	142343	0.0	0.0	0.0		0.0	False	False	False
test	NZ_RRIV01000134.1	NZ_JBRQKX020000003.1	0.0	[0, 0.01)	3252.5866666666666	1630	3504	0.0	0.0	0.0		0.0	False	False	False
test	NZ_MF621618.1	NZ_CP136299.1	0.0	[0, 0.01)	3252.5866666666666	7700	1311220	0.0	0.0	0.0		0.0	False	False	False
test	NZ_CP056512.1	NZ_CP086771.1	0.0	[0, 0.01)	3252.5866666666666	5969	210912	0.0	0.0	0.0		0.0	False	False	False
test	NZ_OY725738.1	NZ_CP186650.1	0.0	[0, 0.01)	3252.5866666666666	546	4371	0.0	0.0	0.0		0.0	False	False	False
test	NZ_JBXEKV010000004.1	NZ_RRND01000164.1	0.0	[0, 0.01)	3252.5866666666666	55313	92980	0.0	0.0	0.0		0.0	False	False	False
test	NZ_RRSI01000312.1	NZ_CP196661.1	0.0	[0, 0.01)	3252.5866666666666	3725	95080	0.0	0.0	0.0		0.0	False	False	False
test	NZ_RRSI01000318.1	CP049444.1	0.0	[0, 0.01)	3252.5866666666666	19995	20722	0.0	0.0	0.0		0.0	False	False	False
test	NZ_JAMYDA010000001.1	CP057169.1	0.0	[0, 0.01)	3252.5866666666666	253	4076	0.0	0.0	0.0		0.0	False	False	False
test	NZ_CP103601.1	CP088797.1	0.0	[0, 0.01)	3252.5866666666666	4786	79036	0.0	0.0	0.0		0.0	False	False	False
test	NZ_JBPFEV010000060.1	CP088797.1	0.0	[0, 0.01)	3252.5866666666666	3360	79036	0.0	0.0	0.0		0.0	False	False	False
test	NZ_CEDEHZ020000004.1	NZ_CM007642.1	0.0	[0, 0.01)	3252.5866666666666	1036	55527	0.0	0.0	0.0		0.0	False	False	False
test	NZ_OX291530.1	NZ_CP083521.1	0.0	[0, 0.01)	3252.5866666666666	3696	110153	0.0	0.0	0.0		0.0	False	False	False
test	NZ_JBRYID020000005.1	NZ_CP083521.1	0.0	[0, 0.01)	3252.5866666666666	2555	110153	0.0	0.0	0.0		0.0	False	False	False
test	NZ_CP018777.1	CP119444.1	0.0	[0, 0.01)	3252.5866666666666	35236	285256	0.0	0.0	0.0		0.0	False	False	False
test	NC_021728.1	NZ_AP028154.1	0.0	[0, 0.01)	3252.5866666666666	20139	40412	0.0	0.0	0.0		0.0	False	False	False
test	NZ_JBXTWF010000011.1	NZ_JBYYIK010000003.1	0.0	[0, 0.01)	3252.5866666666666	585	144341	0.0	0.0	0.0		0.0	False	False	False
test	NZ_JBYQMI010000003.1	NZ_CP083889.1	0.0	[0, 0.01)	3252.5866666666666	128357	219996	0.0	0.0	0.0		0.0	False	False	False
test	NZ_CP125686.1	NZ_AP028843.1	0.0	[0, 0.01)	3252.5866666666666	4961	137403	0.0	0.0	0.0		0.0	False	False	False
test	NZ_CP125686.1	NZ_CP009908.1	0.0	[0, 0.01)	3252.5866666666666	4961	10600	0.0	0.0	0.0		0.0	False	False	False
test	CP103140.1	NZ_CP189450.1	0.0	[0, 0.01)	3252.5866666666666	2708	125383	0.0	0.0	0.0		0.0	False	False	False
test	NZ_CP056184.1	NZ_CP018943.1	0.0	[0, 0.01)	3252.5866666666666	3728	6647	0.0	0.0	0.0		0.0	False	False	False
test	OW970229.1	NZ_WTVS01000290.1	0.0	[0, 0.01)	3252.5866666666666	2615	92504	0.0	0.0	0.0		0.0	False	False	False
test	NZ_RRDF01000179.1	NZ_JBUDXA010000021.1	0.0	[0, 0.01)	3252.5866666666666	2613	105248	0.0	0.0	0.0		0.0	False	False	False
test	CP077355.1	NZ_SJSA01000004.1	0.0	[0, 0.01)	3252.5866666666666	4245	30399	0.0	0.0	0.0		0.0	False	False	False
test	NZ_JBUDOR010000379.1	CP102112.1	0.0	[0, 0.01)	3252.5866666666666	524	2811	0.0	0.0	0.0		0.0	False	False	False
test	NZ_JBUDOR010000379.1	NZ_JBSJBU010000003.1	0.0	[0, 0.01)	3252.5866666666666	524	63107	0.0	0.0	0.0		0.0	False	False	False
test	NZ_CP085077.1	NZ_CP181526.1	0.0	[0, 0.01)	3252.5866666666666	56811	96057	0.019168822939219517	0.011347429130620361	0.011347429130620361	85.62314012738854	0.019168822939219517	False	False	False
test	NZ_CP059385.1	NZ_CP179612.1	0.0	[0, 0.01)	3252.5866666666666	23312	29677	0.0	0.0	0.0		0.0	False	False	False
test	NZ_JACKZL010001128.1	NC_013348.1	0.0	[0, 0.01)	3252.5866666666666	250	45052	0.0	0.0	0.0		0.0	False	False	False
test	NZ_CP085017.1	NZ_CP115069.1	0.0	[0, 0.01)	3252.5866666666666	12736	36566	0.0	0.0	0.0		0.0	False	False	False
test	NZ_CP079732.1	NZ_CP068927.1	0.0	[0, 0.01)	3252.5866666666666	4510	63589	0.0	0.0	0.0		0.0	False	False	False
test	NZ_CP165986.1	NZ_AP043608.1	0.0	[0, 0.01)	3252.5866666666666	10746	96372	0.0	0.0	0.0		0.0	False	False	False
test	NZ_CP165986.1	NZ_CP085017.1	0.0	[0, 0.01)	3252.5866666666666	10746	12736	0.0	0.0	0.0		0.0	False	False	False
test	NZ_CP165986.1	NZ_CP023984.1	0.0	[0, 0.01)	3252.5866666666666	10746	111425	0.0	0.0	0.0		0.0	False	False	False
test	NZ_CP165986.1	NZ_JAHPLL010000039.1	0.0	[0, 0.01)	3252.5866666666666	10746	13693	0.0	0.0	0.0		0.0	False	False	False
test	NZ_CP041115.1	NZ_JCAPTQ010000002.1	0.0	[0, 0.01)	3252.5866666666666	6078	249807	0.0	0.0	0.0		0.0	False	False	False
test	NZ_CP169108.1	NZ_JCAPTQ010000002.1	0.0063694267515923	[0, 0.01)	3252.5866666666666	74529	249807	0.10166512364314562	0.03029939112995232	0.03029939112995232	97.79851476403903	0.10166512364314562	False	False	False
test	CP056818.1	CP109680.1	0.0	[0, 0.01)	3252.5866666666666	84644	155247	0.0	0.0	0.0		0.0	False	False	False
test	NC_022993.1	NZ_CP132708.1	0.0	[0, 0.01)	3252.5866666666666	3279	9730	0.0	0.0	0.0		0.0	False	False	False
test	NZ_CP150993.1	NZ_CP043844.1	0.0	[0, 0.01)	3252.5866666666666	9608	20729	0.0	0.0	0.0		0.0	False	False	False
test	NZ_LHAT01000261.1	CP042595.1	0.0	[0, 0.01)	3252.5866666666666	289	336677	0.0	0.0	0.0		0.0	False	False	False
test	NZ_JBRRYI010000093.1	LR962847.1	0.0	[0, 0.01)	3252.5866666666666	1142	97574	0.0	0.0	0.0		0.0	False	False	False
test	NZ_JAQB01000153.1	NZ_WTVS01000290.1	0.0	[0, 0.01)	3252.5866666666666	16180	92504	0.0	0.0	0.0		0.0	False	False	False
test	NZ_CP104769.1	CP109680.1	0.0	[0, 0.01)	3252.5866666666666	49816	155247	0.0	0.0	0.0		0.0	False	False	False
test	NZ_JBDYJV010000053.1	NZ_AP040365.1	0.0	[0, 0.01)	3252.5866666666666	253	68608	0.0	0.0	0.0		0.0	False	False	False
test	CP067898.1	NZ_AP024960.1	0.0	[0, 0.01)	3252.5866666666666	48619	70421	0.0	0.0	0.0		0.0	False	False	False
test	NZ_AP025826.1	CP067898.1	0.0	[0, 0.01)	3252.5866666666666	47294	48619	0.0	0.0	0.0		0.0	False	False	False
test	NZ_JBPXRE010000167.1	NZ_CP010128.1	0.0	[0, 0.01)	3252.5866666666666	385	7982	0.0	0.0	0.0		0.0	False	False	False
test	NZ_CP010128.1	NZ_AP038988.1	0.0	[0, 0.01)	3252.5866666666666	7982	78863	0.0	0.0	0.0		0.0	False	False	False
test	NZ_CP029318.1	NZ_CP097707.1	0.0	[0, 0.01)	3252.5866666666666	1571	159393	0.0	0.0	0.0		0.0	False	False	False
test	NZ_CP025275.1	NZ_JBUBIP010000002.1	0.0	[0, 0.01)	3252.5866666666666	125113	150224	0.003996387265911616	0.0033083928000852063	0.0033083928000852063	86.706	0.003996387265911616	False	False	False
test	NZ_CP079182.1	NZ_CP163034.1	0.0	[0, 0.01)	3252.5866666666666	7819	190061	0.14886814170610052	0.0060191201772062655	0.0060191201772062655	92.78365979381442	0.14886814170610052	False	False	False
test	NZ_CP026306.1	NZ_CP062072.1	0.0	[0, 0.01)	3252.5866666666666	46827	274836	0.0	0.0	0.0		0.0	False	False	False
test	NZ_RRKN01000125.1	NZ_CP050537.1	0.0	[0, 0.01)	3252.5866666666666	4293	26342	0.0	0.0	0.0		0.0	False	False	False
test	NZ_RRKN01000125.1	NC_012148.1	0.0	[0, 0.01)	3252.5866666666666	4293	30026	0.0	0.0	0.0		0.0	False	False	False
test	NZ_RRNF01000141.1	NZ_JCARPC010000002.1	0.0	[0, 0.01)	3252.5866666666666	3263	211985	0.0	0.0	0.0		0.0	False	False	False
test	NZ_JBPXRI010000152.1	NZ_CM004499.1	0.0	[0, 0.01)	3252.5866666666666	319	45356	0.0	0.0	0.0		0.0	False	False	False
test	NZ_CP085022.1	NZ_JBTAPC010000002.1	0.0	[0, 0.01)	3252.5866666666666	44019	126207	0.0	0.0	0.0		0.0	False	False	False
test	NZ_MF344559.1	NC_014653.1	0.0	[0, 0.01)	3252.5866666666666	42279	153429	0.0	0.0	0.0		0.0	False	False	False
test	CP057783.1	NZ_CP045025.1	0.0	[0, 0.01)	3252.5866666666666	154491	235425	0.0	0.0	0.0		0.0	False	False	False
test	NZ_QWDG01000034.1	NZ_CP082312.1	0.0	[0, 0.01)	3252.5866666666666	1628	40196	0.0	0.0	0.0		0.0	False	False	False
test	NZ_CP012925.1	NC_003080.1	0.0	[0, 0.01)	3252.5866666666666	2096	14323	0.0	0.0	0.0		0.0	False	False	False
test	NZ_LR214979.1	NZ_AP043608.1	0.0	[0, 0.01)	3252.5866666666666	6097	96372	0.0	0.0	0.0		0.0	False	False	False
test	NZ_JBYMLJ010000007.1	NZ_CP061499.1	0.0	[0, 0.01)	3252.5866666666666	5850	55166	0.0	0.0	0.0		0.0	False	False	False
test	NZ_AP022923.1	NZ_CP182904.1	0.0	[0, 0.01)	3252.5866666666666	24527	35604	0.0	0.0	0.0		0.0	False	False	False
test	NZ_JAOCPY010000058.1	NZ_CP014404.1	0.0	[0, 0.01)	3252.5866666666666	9486	25980	0.0	0.0	0.0		0.0	False	False	False
test	NZ_POTA01000048.1	NZ_CP015368.1	0.0	[0, 0.01)	3252.5866666666666	10236	144167	0.0	0.0	0.0		0.0	False	False	False
test	NZ_CP021786.1	NZ_CP042365.1	0.0	[0, 0.01)	3252.5866666666666	8731	256887	0.08761882945825221	0.0029779630732578916	0.0029779630732578916	96.86299999999999	0.08761882945825221	False	False	False
test	NZ_LKVK01000064.1	NZ_CP042365.1	0.0	[0, 0.01)	3252.5866666666666	10163	256887	0.0	0.0	0.0		0.0	False	False	False
test	NZ_OX291530.1	NZ_SIKS01000002.1	0.0	[0, 0.01)	3252.5866666666666	3696	475517	0.0	0.0	0.0		0.0	False	False	False
test	NZ_JACKZL010001074.1	NZ_CP072773.1	0.0	[0, 0.01)	3252.5866666666666	2087	8455	0.0	0.0	0.0		0.0	False	False	False
test	NZ_CP072773.1	NZ_BK010831.1	0.0	[0, 0.01)	3252.5866666666666	8455	365425	0.0	0.0	0.0		0.0	False	False	False
test	NZ_RRJE01000095.1	NZ_LKVK01000064.1	0.0	[0, 0.01)	3252.5866666666666	3358	10163	0.0	0.0	0.0		0.0	False	False	False
test	NZ_JBHGBQ010000321.1	NZ_OP006451.1	0.0	[0, 0.01)	3252.5866666666666	334	136951	0.0	0.0	0.0		0.0	False	False	False
test	NZ_CP012991.1	NZ_CP010722.1	0.0	[0, 0.01)	3252.5866666666666	3223	36658	0.0	0.0	0.0		0.0	False	False	False
test	NC_010420.1	NZ_JCDLMC010000005.1	0.0	[0, 0.01)	3252.5866666666666	62830	67088	0.0	0.0	0.0		0.0	False	False	False
test	NZ_CP137558.1	NZ_CP081203.1	0.0	[0, 0.01)	3252.5866666666666	93148	475028	0.0	0.0	0.0		0.0	False	False	False
test	NZ_CP084801.1	NZ_CP046364.1	0.0	[0, 0.01)	3252.5866666666666	3534	39302	0.0	0.0	0.0		0.0	False	False	False
test	OX335202.1	NZ_OY725969.1	0.0	[0, 0.01)	3252.5866666666666	9947	125481	0.0	0.0	0.0		0.0	False	False	False
test	NZ_JAQFKI010000166.1	NZ_CP189816.1	0.0	[0, 0.01)	3252.5866666666666	1877	10362	0.0	0.0	0.0		0.0	False	False	False
test	NZ_JBRRZA010000044.1	NZ_CP021547.1	0.0	[0, 0.01)	3252.5866666666666	34596	45740	0.0	0.0	0.0		0.0	False	False	False
test	NZ_JBUDOH010000180.1	NZ_CP064840.1	0.0	[0, 0.01)	3252.5866666666666	807	5825	0.0	0.0	0.0		0.0	False	False	False
test	NZ_JBDYGC010000062.1	CP122738.1	0.0	[0, 0.01)	3252.5866666666666	314	93581	0.0	0.0	0.0		0.0	False	False	False
test	NZ_JBOKGN010000024.1	NZ_LR890182.1	0.0	[0, 0.01)	3252.5866666666666	78994	135529	0.0	0.0	0.0		0.0	False	False	False
test	NZ_CP124336.1	NZ_LR890182.1	0.0	[0, 0.01)	3252.5866666666666	4073	135529	0.0	0.0	0.0		0.0	False	False	False
test	NZ_CP180667.1	NZ_CP059994.1	0.0	[0, 0.01)	3252.5866666666666	4544	312426	0.0	0.0	0.0		0.0	False	False	False
test	NZ_CP180667.1	NZ_CP026219.1	0.0	[0, 0.01)	3252.5866666666666	4544	35298	0.0	0.0	0.0		0.0	False	False	False
test	CP125031.1	CP090231.1	0.0	[0, 0.01)	3252.5866666666666	4066	106710	0.0	0.0	0.0		0.0	False	False	False
test	NZ_CP077305.1	CP090231.1	0.0	[0, 0.01)	3252.5866666666666	11469	106710	0.0	0.0	0.0		0.0	False	False	False
test	CP057777.1	NZ_JAHMAA010000014.1	0.0	[0, 0.01)	3252.5866666666666	1551	2535	0.27852998065764023	0.1708086785009862	0.1708086785009862	88.532	0.27852998065764023	False	False	False
test	NZ_PTTG01000104.1	NZ_RRSF01000257.1	0.0	[0, 0.01)	3252.5866666666666	560	2200	0.0	0.0	0.0		0.0	False	False	False
test	NZ_CP064944.1	NZ_CP181224.1	0.0	[0, 0.01)	3252.5866666666666	50708	83755	0.0	0.0	0.0		0.0	False	False	False
test	NZ_CP177273.1	NZ_CP064944.1	0.0	[0, 0.01)	3252.5866666666666	33680	50708	0.0	0.0	0.0		0.0	False	False	False
test	NZ_CP098439.1	NZ_CP066854.1	0.0	[0, 0.01)	3252.5866666666666	109442	134200	0.0	0.0	0.0		0.0	False	False	False
test	NZ_CP085435.1	NZ_CP066854.1	0.0	[0, 0.01)	3252.5866666666666	106629	134200	0.0	0.0	0.0		0.0	False	False	False
test	NZ_JBVFOY010000011.1	NZ_CP178365.1	0.0	[0, 0.01)	3252.5866666666666	1972	58316	0.0	0.0	0.0		0.0	False	False	False
test	NZ_JBPXRK010000028.1	NZ_JBUDOQ010000244.1	0.0	[0, 0.01)	3252.5866666666666	575	949	0.0	0.0	0.0		0.0	False	False	False
test	NZ_JBUDOQ010000244.1	NZ_RRSI01000312.1	0.0	[0, 0.01)	3252.5866666666666	949	3725	0.0	0.0	0.0		0.0	False	False	False
test	NZ_CP044725.1	NZ_JASISH010000008.1	0.0	[0, 0.01)	3252.5866666666666	452	38606	0.0	0.0	0.0		0.0	False	False	False
test	NZ_CP070140.1	NZ_CP169394.1	0.0	[0, 0.01)	3252.5866666666666	1713	60531	0.0	0.0	0.0		0.0	False	False	False
test	NZ_JBDYHN010000057.1	NZ_CP169394.1	0.0	[0, 0.01)	3252.5866666666666	326	60531	0.0	0.0	0.0		0.0	False	False	False
test	NZ_JAZFNE020000118.1	NZ_CP193677.1	0.0	[0, 0.01)	3252.5866666666666	1159	75727	0.0	0.0	0.0		0.0	False	False	False
test	NZ_OZ543429.1	NC_021289.1	0.0	[0, 0.01)	3252.5866666666666	3257	1275199	0.0	0.0	0.0		0.0	False	False	False
test	NZ_PGEF01000268.1	NZ_CP054622.1	0.0	[0, 0.01)	3252.5866666666666	6001	305146	0.0	0.0	0.0		0.0	False	False	False
test	NZ_CP188146.1	NZ_CP194199.1	0.0	[0, 0.01)	3252.5866666666666	10566	40094	0.0	0.0	0.0		0.0	False	False	False
test	NZ_LR890196.1	CP077355.1	0.0	[0, 0.01)	3252.5866666666666	3377	4245	0.2561445069588392	0.2028268551236749	0.2028268551236749	80.674	0.2561445069588392	False	False	False
test	NZ_CP147289.1	CP057191.1	0.0	[0, 0.01)	3252.5866666666666	12389	102988	0.0	0.0	0.0		0.0	False	False	False
test	NZ_JBJUUB010000012.1	NZ_JACKZP010000269.1	0.0	[0, 0.01)	3252.5866666666666	35887	54107	0.0	0.0	0.0		0.0	False	False	False
test	NZ_NPMK01000059.1	NZ_CP195101.1	0.0	[0, 0.01)	3252.5866666666666	6145	81245	0.0	0.0	0.0		0.0	False	False	False
test	NZ_JAETXO010000005.1	NZ_CP047175.1	0.0	[0, 0.01)	3252.5866666666666	57095	127215	0.0	0.0	0.0		0.0	False	False	False
test	NZ_RBVK01000329.1	NZ_CP127858.1	0.0	[0, 0.01)	3252.5866666666666	217	143092	0.0	0.0	0.0		0.0	False	False	False
test	NZ_JBPXRK010000028.1	NZ_CP031945.1	0.0	[0, 0.01)	3252.5866666666666	575	35774	0.0	0.0	0.0		0.0	False	False	False
test	NZ_CP089602.1	NZ_CP195365.1	0.0	[0, 0.01)	3252.5866666666666	61063	137286	0.0	0.0	0.0		0.0	False	False	False
test	NZ_CP077307.1	NZ_JPKP01000008.1	0.0	[0, 0.01)	3252.5866666666666	5594	508639	0.0	0.0	0.0		0.0	False	False	False
test	NZ_CP189816.1	NZ_JBYKVX010000002.1	0.0	[0, 0.01)	3252.5866666666666	10362	17631	0.0	0.0	0.0		0.0	False	False	False
test	NZ_JBYCLN010000002.1	NZ_MF978389.1	0.0	[0, 0.01)	3252.5866666666666	4577	52740	0.0	0.0	0.0		0.0	False	False	False
test	NZ_CP160233.1	NZ_CP153791.1	0.0	[0, 0.01)	3252.5866666666666	7383	292610	0.0	0.0	0.0		0.0	False	False	False
test	NZ_JCAMUL010000024.1	NZ_CP153791.1	0.0	[0, 0.01)	3252.5866666666666	6987	292610	0.0	0.0	0.0		0.0	False	False	False
test	NZ_JBPXRN010000100.1	NZ_CP153791.1	0.0	[0, 0.01)	3252.5866666666666	6247	292610	0.0	0.0	0.0		0.0	False	False	False
test	NZ_CP041069.1	NZ_CP183354.1	0.0	[0, 0.01)	3252.5866666666666	127210	162681	0.0	0.0	0.0		0.0	False	False	False
test	NZ_CP146641.1	AP028509.1	0.0	[0, 0.01)	3252.5866666666666	16215	39642	0.0	0.0	0.0		0.0	False	False	False
test	NZ_CP146641.1	NZ_MW356909.1	0.0	[0, 0.01)	3252.5866666666666	16215	249475	0.0	0.0	0.0		0.0	False	False	False
test	HG796462.1	CP082152.1	0.0	[0, 0.01)	3252.5866666666666	1762	2495	0.0	0.0	0.0		0.0	False	False	False
test	NZ_CP014146.1	NZ_JBTVQB010000002.1	0.0	[0, 0.01)	3252.5866666666666	5926	264975	0.0	0.0	0.0		0.0	False	False	False
test	NC_019374.1	NZ_OW485606.1	0.0	[0, 0.01)	3252.5866666666666	5903	112258	0.0	0.0	0.0		0.0	False	False	False
test	NZ_LKXM01000065.1	NZ_CP089446.1	0.0	[0, 0.01)	3252.5866666666666	6974	129071	0.0	0.0	0.0		0.0	False	False	False
test	NZ_CP091696.1	NZ_RROE01000117.1	0.0	[0, 0.01)	3252.5866666666666	3461	4495	0.0	0.0	0.0		0.0	False	False	False
test	NZ_JAIVKF010000060.1	NZ_CP133428.1	0.0	[0, 0.01)	3252.5866666666666	26740	45040	0.0	0.0	0.0		0.0	False	False	False
test	NZ_JAIVKF010000060.1	NZ_CP129713.1	0.0	[0, 0.01)	3252.5866666666666	26740	106834	0.0	0.0	0.0		0.0	False	False	False
test	AP028509.1	CP052444.1	0.0	[0, 0.01)	3252.5866666666666	39642	174931	0.0	0.0	0.0		0.0	False	False	False
test	NZ_CP041115.1	NZ_CP026393.1	0.0	[0, 0.01)	3252.5866666666666	6078	6761	0.0	0.0	0.0		0.0	False	False	False
test	NC_019374.1	NZ_CP015368.1	0.0	[0, 0.01)	3252.5866666666666	5903	144167	0.0	0.0	0.0		0.0	False	False	False
test	NZ_CP176758.1	NZ_CP014496.1	0.0	[0, 0.01)	3252.5866666666666	8612	114223	0.0	0.0	0.0		0.0	False	False	False
test	NC_011260.1	NZ_BK010831.1	0.0	[0, 0.01)	3252.5866666666666	52772	365425	0.0	0.0	0.0		0.0	False	False	False
test	NZ_CP138572.1	NZ_MF381176.1	0.0	[0, 0.01)	3252.5866666666666	32043	36502	0.05139968167774553	0.045120815297791904	0.045120815297791904	99.57531936854888	0.05139968167774553	False	False	False
test	NZ_JBPXQU010000055.1	NZ_CP150953.1	0.0	[0, 0.01)	3252.5866666666666	13398	16564	0.0	0.0	0.0		0.0	False	False	False
test	NZ_JAMYDH010000239.1	NZ_KX636095.1	0.0	[0, 0.01)	3252.5866666666666	253	335317	0.0	0.0	0.0		0.0	False	False	False
test	NZ_CP121558.1	NZ_KX636095.1	0.0	[0, 0.01)	3252.5866666666666	17462	335317	0.0	0.0	0.0		0.0	False	False	False
test	NZ_JBHEIZ010000062.1	NZ_CP114566.1	0.0	[0, 0.01)	3252.5866666666666	1096	210045	0.958029197080292	0.0049989288009712205	0.0049989288009712205	99.714	0.958029197080292	False	False	True
test	NZ_JBHEIZ010000062.1	NZ_CP134608.1	0.0	[0, 0.01)	3252.5866666666666	1096	103521	0.0	0.0	0.0		0.0	False	False	False
test	NZ_OZ123584.1	NZ_CP032156.1	0.0	[0, 0.01)	3252.5866666666666	51700	221756	0.0	0.0	0.0		0.0	False	False	False
test	NZ_OZ410649.1	NZ_CP025961.1	0.0	[0, 0.01)	3252.5866666666666	21424	80954	0.0	0.0	0.0		0.0	False	False	False
test	NZ_JBTOOD010000002.1	NZ_CP090153.1	0.0	[0, 0.01)	3252.5866666666666	53989	512208	0.0	0.0	0.0		0.0	False	False	False
test	CP128668.1	NZ_PQ279301.1	0.0031948881789137	[0, 0.01)	3252.5866666666666	30836	283375	0.08036061746011156	0.00874459638288487	0.00874459638288487	99.95953591606134	0.08036061746011156	False	False	False
test	NZ_LR214985.1	NZ_CP122978.1	0.0	[0, 0.01)	3252.5866666666666	4512	6349	0.0	0.0	0.0		0.0	False	False	False
test	NZ_CP120540.1	NZ_LR214985.1	0.0	[0, 0.01)	3252.5866666666666	2683	4512	0.0	0.0	0.0		0.0	False	False	False
test	NZ_JBWLLN010000011.1	NZ_CP077305.1	0.0	[0, 0.01)	3252.5866666666666	2830	11469	0.0	0.0	0.0		0.0	False	False	False
test	NZ_CP145710.1	NZ_CP181341.1	0.0	[0, 0.01)	3252.5866666666666	95144	255750	0.0	0.0	0.0		0.0	False	False	False
test	NZ_JBWBTV010000017.1	NZ_JCBEAH010000002.1	0.0	[0, 0.01)	3252.5866666666666	1151	7162	0.0	0.0	0.0		0.0	False	False	False
test	OW967952.1	NZ_RRHS01000157.1	0.0	[0, 0.01)	3252.5866666666666	9294	12301	0.0	0.0	0.0		0.0	False	False	False
test	NZ_CP115677.1	NZ_MK477611.1	0.0	[0, 0.01)	3252.5866666666666	4911	263466	0.023213194868662187	0.00043269340256427776	0.00043269340256427776	100.0	0.023213194868662187	False	False	False
test	NZ_CP074503.1	NZ_LR135445.1	0.0	[0, 0.01)	3252.5866666666666	627	58508	0.0	0.0	0.0		0.0	False	False	False
test	NZ_CP074503.1	NZ_CP195911.1	0.0	[0, 0.01)	3252.5866666666666	627	31089	0.0	0.0	0.0		0.0	False	False	False
test	NZ_CP009965.1	NZ_JAQMUU010000004.1	0.0	[0, 0.01)	3252.5866666666666	4983	101631	0.0	0.0	0.0		0.0	False	False	False
test	NZ_NBOR01000076.1	NZ_CP009965.1	0.0	[0, 0.01)	3252.5866666666666	854	4983	0.0	0.0	0.0		0.0	False	False	False
test	NZ_CP157121.1	NZ_CP153616.1	0.0	[0, 0.01)	3252.5866666666666	10552	40392	0.0	0.0	0.0		0.0	False	False	False
test	NZ_CP012642.1	NZ_CP121376.1	0.0	[0, 0.01)	3252.5866666666666	14623	101824	0.0	0.0	0.0		0.0	False	False	False
test	NZ_RRKA01000078.1	NZ_CP012642.1	0.0	[0, 0.01)	3252.5866666666666	1207	14623	0.0	0.0	0.0		0.0	False	False	False
test	NZ_RREW01000095.1	NZ_KY019259.1	0.0	[0, 0.01)	3252.5866666666666	4950	249153	0.298989898989899	0.005944138742058093	0.005944138742058093	99.72956650911547	0.298989898989899	False	False	False
test	NZ_CP159743.1	NZ_CP037841.1	0.0	[0, 0.01)	3252.5866666666666	3679	62461	0.0	0.0	0.0		0.0	False	False	False
test	NZ_JBVWFR010000005.1	NZ_JBTAPC010000002.1	0.0	[0, 0.01)	3252.5866666666666	2319	126207	0.0	0.0	0.0		0.0	False	False	False
test	NZ_JBFRXW010000014.1	NZ_CP127858.1	0.0	[0, 0.01)	3252.5866666666666	40934	143092	0.0	0.0	0.0		0.0	False	False	False
test	NZ_LT984491.1	NZ_CP072221.1	0.0	[0, 0.01)	3252.5866666666666	6213	9081	0.0	0.0	0.0		0.0	False	False	False
test	NZ_CP072221.1	NZ_BK010831.1	0.0	[0, 0.01)	3252.5866666666666	9081	365425	0.0	0.0	0.0		0.0	False	False	False
test	NZ_CP016902.1	NZ_MUMX01000050.1	0.0	[0, 0.01)	3252.5866666666666	4066	10929	0.0	0.0	0.0		0.0	False	False	False
test	NZ_NTGK01000119.1	NZ_CP016902.1	0.0	[0, 0.01)	3252.5866666666666	2423	4066	0.0	0.0	0.0		0.0	False	False	False
test	NZ_JBHGBQ010000321.1	NZ_CP049236.1	0.0	[0, 0.01)	3252.5866666666666	334	1324	0.0	0.0	0.0		0.0	False	False	False
test	NZ_JBTYIM010000004.1	NZ_CP096484.1	0.0	[0, 0.01)	3252.5866666666666	9590	101027	0.0	0.0	0.0		0.0	False	False	False
test	NZ_CP043890.1	CP082669.1	0.0	[0, 0.01)	3252.5866666666666	77059	99345	0.0	0.0	0.0		0.0	False	False	False
test	NZ_QWDG01000034.1	NZ_JBREXI010000002.1	0.0	[0, 0.01)	3252.5866666666666	1628	445804	0.0	0.0	0.0		0.0	False	False	False
test	NZ_CP076131.1	NZ_JBYYIK010000003.1	0.0	[0, 0.01)	3252.5866666666666	46486	144341	0.0	0.0	0.0		0.0	False	False	False
test	NZ_JBSEID010000003.1	AP023016.1	0.0	[0, 0.01)	3252.5866666666666	38224	74401	0.0	0.0	0.0		0.0	False	False	False
test	NZ_LAUE01000018.1	NZ_JAKVSC010000054.1	0.0	[0, 0.01)	3252.5866666666666	582	25286	0.0	0.0	0.0		0.0	False	False	False
test	NZ_LAUE01000018.1	NZ_MT039165.1	0.0	[0, 0.01)	3252.5866666666666	582	105896	0.0	0.0	0.0		0.0	False	False	False
test	NZ_LAUE01000018.1	NZ_JBNGOB010000022.1	0.0	[0, 0.01)	3252.5866666666666	582	64143	0.0	0.0	0.0		0.0	False	False	False
test	NZ_CP011613.1	NZ_ON390820.1	0.0	[0, 0.01)	3252.5866666666666	5410	190661	0.0	0.0	0.0		0.0	False	False	False
test	NZ_CP032276.1	NZ_CP042327.1	0.0	[0, 0.01)	3252.5866666666666	8540	82066	0.0	0.0	0.0		0.0	False	False	False
test	NZ_CP184170.1	CP090300.1	0.0	[0, 0.01)	3252.5866666666666	47591	53824	0.0	0.0	0.0		0.0	False	False	False
test	NZ_LHYS01000049.1	NZ_CP184170.1	0.0	[0, 0.01)	3252.5866666666666	1627	47591	0.0	0.0	0.0		0.0	False	False	False
test	NZ_LR890682.1	NZ_CP169909.1	0.0	[0, 0.01)	3252.5866666666666	5783	155489	0.0	0.0	0.0		0.0	False	False	False
test	CP077360.1	RefSeq_NZ_CM008895.1	0.0	[0, 0.01)	3252.5866666666666	1628	119046	0.0	0.0	0.0		0.0	True	False	False
test	NZ_CP157926.1	NZ_CP143302.1	0.0	[0, 0.01)	3252.5866666666666	4041	83020	0.0	0.0	0.0		0.0	False	False	False
test	NZ_JBHEJP010000079.1	NZ_CP032276.1	0.0	[0, 0.01)	3252.5866666666666	2888	8540	0.0	0.0	0.0		0.0	False	False	False
test	NZ_CP160233.1	NZ_CP169108.1	0.0	[0, 0.01)	3252.5866666666666	7383	74529	0.0	0.0	0.0		0.0	False	False	False
test	CP148563.1	NZ_JCAZUY010000003.1	0.0	[0, 0.01)	3252.5866666666666	1021	147620	0.0	0.0	0.0		0.0	False	False	False
test	NZ_RRHQ01000168.1	NZ_JBYHAU010000002.1	0.0	[0, 0.01)	3252.5866666666666	1714	9750	0.0	0.0	0.0		0.0	False	False	False
test	NC_025158.1	NZ_AP020328.1	0.0	[0, 0.01)	3252.5866666666666	1821	39206	0.0	0.0	0.0		0.0	False	False	False
test	NZ_JBVWFR010000002.1	NZ_CP049847.1	0.0	[0, 0.01)	3252.5866666666666	58585	90408	0.0	0.0	0.0		0.0	False	False	False
test	NZ_CP050774.1	NZ_CP033890.1	0.0	[0, 0.01)	3252.5866666666666	4677	34427	0.0	0.0	0.0		0.0	False	False	False
test	NZ_AP024364.1	NZ_CP139045.1	0.0	[0, 0.01)	3252.5866666666666	29690	155588	0.0	0.0	0.0		0.0	False	False	False
test	NZ_JBPXRK010000028.1	NZ_JBSMIW010000007.1	0.0	[0, 0.01)	3252.5866666666666	575	30659	0.0	0.0	0.0		0.0	False	False	False
test	NZ_JBPXRK010000028.1	NZ_CP195975.1	0.0	[0, 0.01)	3252.5866666666666	575	62763	0.0	0.0	0.0		0.0	False	False	False
test	NZ_JBRXAB010000004.1	CP101962.1	0.0	[0, 0.01)	3252.5866666666666	62657	82673	0.005889206313739886	0.004451271878364158	0.004451271878364158	91.105	0.005889206313739886	False	False	False
test	NZ_PUWY01000076.1	CP077968.1	0.0	[0, 0.01)	3252.5866666666666	15802	224978	0.0	0.0	0.0		0.0	False	False	False
test	NZ_NTHV01000058.1	NZ_CP179429.1	0.0	[0, 0.01)	3252.5866666666666	14083	25577	0.0	0.0	0.0		0.0	False	False	False
test	NZ_CP121804.1	NC_003080.1	0.0	[0, 0.01)	3252.5866666666666	2188	14323	0.0	0.0	0.0		0.0	False	False	False
test	NZ_CP050383.1	NZ_JBUPXY010000003.1	0.0	[0, 0.01)	3252.5866666666666	4081	72356	0.0	0.0	0.0		0.0	False	False	False
test	NZ_CP019016.1	NZ_OR388869.1	0.0	[0, 0.01)	3252.5866666666666	37756	94213	0.0	0.0	0.0		0.0	False	False	False
test	NZ_JACKZL010001154.1	NZ_OR388869.1	0.0	[0, 0.01)	3252.5866666666666	2033	94213	0.0	0.0	0.0		0.0	False	False	False
test	NZ_JACKZM010000479.1	NZ_OR388869.1	0.0	[0, 0.01)	3252.5866666666666	657	94213	0.0	0.0	0.0		0.0	False	False	False
test	NZ_JBTLGV010000002.1	NZ_CP025252.1	0.0	[0, 0.01)	3252.5866666666666	2167	33924	0.0	0.0	0.0		0.0	False	False	False
test	NZ_CP137068.1	NZ_CP086389.1	0.0	[0, 0.01)	3252.5866666666666	88892	142329	0.0	0.0	0.0		0.0	False	False	False
test	NZ_LT984491.1	NZ_CP149118.1	0.0	[0, 0.01)	3252.5866666666666	6213	29666	0.0	0.0	0.0		0.0	False	False	False
test	NZ_CP097621.1	NZ_JBRQKX020000003.1	0.0	[0, 0.01)	3252.5866666666666	3346	3504	0.0	0.0	0.0		0.0	False	False	False
test	NZ_JBQSUM010000013.1	CP130047.1	0.0	[0, 0.01)	3252.5866666666666	2529	1665781	0.0	0.0	0.0		0.0	False	False	False
test	NZ_JBRAZL010000004.1	NZ_CP080022.1	0.0	[0, 0.01)	3252.5866666666666	2600	2817	0.0	0.0	0.0		0.0	False	False	False
test	NZ_CP044530.1	NZ_JBPCCI020000003.1	0.0	[0, 0.01)	3252.5866666666666	1491	15038	0.0	0.0	0.0		0.0	False	False	False
test	NZ_POWG01000108.1	NZ_JBPCCI020000003.1	0.0	[0, 0.01)	3252.5866666666666	927	15038	0.0	0.0	0.0		0.0	False	False	False
test	NZ_CP081347.1	NZ_JBPXRN010000006.1	0.0	[0, 0.01)	3252.5866666666666	53860	82530	0.0	0.0	0.0		0.0	False	False	False
test	NZ_JBRXVE010000072.1	NZ_CP035507.1	0.0	[0, 0.01)	3252.5866666666666	1377	103683	0.0	0.0	0.0		0.0	False	False	False
test	NZ_JBRRYG010000014.1	NZ_CP088223.1	0.0	[0, 0.01)	3252.5866666666666	95397	277693	0.001163558602471776	0.0003997219951529207	0.0003997219951529207	100.0	0.001163558602471776	False	False	False
test	NZ_JBZWVU010000002.1	NZ_CP022063.1	0.0	[0, 0.01)	3252.5866666666666	171746	173817	0.015942147124241614	0.015769458683557995	0.015769458683557995	78.8846265845708	0.015942147124241614	False	False	False
test	NZ_OZ411296.1	NZ_CP046265.1	0.0	[0, 0.01)	3252.5866666666666	3015	40982	0.0	0.0	0.0		0.0	False	False	False
test	NZ_OZ260848.1	NZ_CP060975.1	0.0	[0, 0.01)	3252.5866666666666	9824	112054	0.0	0.0	0.0		0.0	False	False	False
test	NZ_CP124432.1	NC_009702.1	0.0	[0, 0.01)	3252.5866666666666	6647	56628	0.0	0.0	0.0		0.0	False	False	False
test	NZ_CP138520.1	NZ_CP086895.1	0.0	[0, 0.01)	3252.5866666666666	5596	82231	0.0	0.0	0.0		0.0	False	False	False
test	NZ_JBSSAV010000019.1	NZ_PV654737.1	0.0	[0, 0.01)	3252.5866666666666	2342	15720	0.0	0.0	0.0		0.0	False	False	False
test	CP016042.1	NZ_CP014408.1	0.0	[0, 0.01)	3252.5866666666666	3205	27098	0.0	0.0	0.0		0.0	False	False	False
test	NC_017643.1	OW849481.1	0.0	[0, 0.01)	3252.5866666666666	65549	105977	0.003325756304444004	0.002057050114647518	0.002057050114647518	82.353	0.003325756304444004	False	False	False
test	NC_007615.1	NZ_CP169382.1	0.0	[0, 0.01)	3252.5866666666666	18871	53894	0.0	0.0	0.0		0.0	False	False	False
test	NZ_PGEF01000257.1	NZ_RRSB01000284.1	0.0	[0, 0.01)	3252.5866666666666	207	2876	0.0	0.0	0.0		0.0	False	False	False
test	NZ_JANUNI010000004.1	NZ_RRSB01000284.1	0.0	[0, 0.01)	3252.5866666666666	2694	2876	0.0	0.0	0.0		0.0	False	False	False
test	CP052164.1	NZ_CP123976.1	0.0	[0, 0.01)	3252.5866666666666	92461	131650	0.0	0.0	0.0		0.0	False	False	False
test	NZ_CP149128.1	NZ_CP081945.1	0.0	[0, 0.01)	3252.5866666666666	37925	41441	0.0	0.0	0.0		0.0	False	False	False
test	NZ_CP014372.1	NZ_JBJUUB010000011.1	0.0	[0, 0.01)	3252.5866666666666	3125	9513	0.0	0.0	0.0		0.0	False	False	False
test	NZ_JABRWL010000002.1	CP034839.1	0.0	[0, 0.01)	3252.5866666666666	40986	556163	0.0	0.0	0.0		0.0	False	False	False
test	NZ_MT230121.1	NZ_CP032156.1	0.0	[0, 0.01)	3252.5866666666666	310	221756	0.0	0.0	0.0		0.0	False	False	False
test	NZ_CP077909.1	NZ_CP025510.1	0.0	[0, 0.01)	3252.5866666666666	46752	217776	0.0	0.0	0.0		0.0	False	False	False
test	NZ_PHSM01000007.1	NZ_JBRZEZ010000005.1	0.0	[0, 0.01)	3252.5866666666666	435	2089	0.0	0.0	0.0		0.0	False	False	False
test	CP052221.1	NZ_JBJUUA010000006.1	0.0	[0, 0.01)	3252.5866666666666	5219	10750	0.0	0.0	0.0		0.0	False	False	False
test	NZ_LHAT01000261.1	NZ_MT560079.1	0.0	[0, 0.01)	3252.5866666666666	289	68684	0.0	0.0	0.0		0.0	False	False	False
test	NZ_JBPXQY010000058.1	NZ_CP038210.1	0.0	[0, 0.01)	3252.5866666666666	1719	37260	0.0	0.0	0.0		0.0	False	False	False
test	NZ_JBPXQY010000058.1	NZ_CP071270.1	0.0	[0, 0.01)	3252.5866666666666	1719	2495	0.0	0.0	0.0		0.0	False	False	False
test	NZ_CP093253.1	NC_010479.1	0.0	[0, 0.01)	3252.5866666666666	8725	38515	0.0	0.0	0.0		0.0	False	False	False
test	NZ_OZ544351.1	NZ_JBZGGV010000003.1	0.0	[0, 0.01)	3252.5866666666666	101533	215968	0.0	0.0	0.0		0.0	False	False	False
test	NZ_JBZCYR010000002.1	NZ_CP098439.1	0.0	[0, 0.01)	3252.5866666666666	88783	109442	0.0	0.0	0.0		0.0	False	False	False
test	NZ_MH634987.1	NZ_CP158837.1	0.0	[0, 0.01)	3252.5866666666666	26824	320462	0.0	0.0	0.0		0.0	False	False	False
test	NZ_MH634987.1	NZ_CP059994.1	0.0	[0, 0.01)	3252.5866666666666	26824	312426	0.0	0.0	0.0		0.0	False	False	False
test	CP060168.1	NZ_CP071470.1	0.0	[0, 0.01)	3252.5866666666666	1975	107082	0.0	0.0	0.0		0.0	False	False	False
test	NZ_JBRXNM010000013.1	NZ_AP042702.1	0.0	[0, 0.01)	3252.5866666666666	6948	97991	0.02475532527345999	0.0017654682572889348	0.0017654682572889348	89.017	0.02475532527345999	False	False	False
test	NZ_JAUAMW010000043.1	NZ_CP084195.1	0.0	[0, 0.01)	3252.5866666666666	3078	93861	0.0	0.0	0.0		0.0	False	False	False
test	CP094247.1	NZ_CP133428.1	0.0	[0, 0.01)	3252.5866666666666	10548	45040	0.0	0.0	0.0		0.0	False	False	False
test	AB011548.2	NZ_PGSA01000449.1	0.0	[0, 0.01)	3252.5866666666666	3306	14053	0.0	0.0	0.0		0.0	False	False	False
test	NZ_CP095516.1	NZ_PGSA01000449.1	0.0	[0, 0.01)	3252.5866666666666	6466	14053	0.0	0.0	0.0		0.0	False	False	False
test	NC_003080.1	CP067475.1	0.0	[0, 0.01)	3252.5866666666666	14323	216181	0.0	0.0	0.0		0.0	False	False	False
test	NZ_JBDYIC010000062.1	NZ_CP196363.1	0.0	[0, 0.01)	3252.5866666666666	576	20073	0.0	0.0	0.0		0.0	False	False	False
test	NZ_CP024452.1	NZ_AP018744.1	0.0	[0, 0.01)	3252.5866666666666	7553	51983	0.0	0.0	0.0		0.0	False	False	False
test	NZ_OQ821129.1	NZ_LR134452.1	0.0	[0, 0.01)	3252.5866666666666	72331	385671	0.0	0.0	0.0		0.0	False	False	False
test	NZ_RRND01000165.1	NZ_CP012279.1	0.0	[0, 0.01)	3252.5866666666666	1600	38024	0.0	0.0	0.0		0.0	False	False	False
test	NZ_CP080351.1	NZ_CP155730.1	0.0	[0, 0.01)	3252.5866666666666	193800	404262	0.0	0.0	0.0		0.0	False	False	False
test	NZ_AP025532.1	CP034839.1	0.0	[0, 0.01)	3252.5866666666666	71826	556163	0.0	0.0	0.0		0.0	False	False	False
test	NZ_CP015123.1	NZ_AP025532.1	0.0	[0, 0.01)	3252.5866666666666	56285	71826	0.0	0.0	0.0		0.0	False	False	False
test	NZ_JBPFEV010000060.1	NZ_CP014059.2	0.0	[0, 0.01)	3252.5866666666666	3360	21970	0.0	0.0	0.0		0.0	False	False	False
test	NZ_CP014059.2	NZ_CP037868.1	0.0	[0, 0.01)	3252.5866666666666	21970	45188	0.0	0.0	0.0		0.0	False	False	False
test	NZ_OY725832.1	NZ_CP025275.1	0.0	[0, 0.01)	3252.5866666666666	217	125113	0.0	0.0	0.0		0.0	False	False	False
test	NZ_OZ543613.1	NZ_JANYMF010000003.1	0.0	[0, 0.01)	3252.5866666666666	4446	4615	0.0	0.0	0.0		0.0	False	False	False
test	CP067475.1	NZ_AP023250.1	0.0	[0, 0.01)	3252.5866666666666	216181	309689	0.0	0.0	0.0		0.0	False	False	False
test	NZ_CP107168.1	NZ_JBQVBC010000006.1	0.0	[0, 0.01)	3252.5866666666666	4082	11383	0.0	0.0	0.0		0.0	False	False	False
test	NZ_RRHG01000200.1	NZ_JBQVBC010000006.1	0.0	[0, 0.01)	3252.5866666666666	1986	11383	0.0	0.0	0.0		0.0	False	False	False
test	NZ_JBQVBC010000006.1	NZ_CP108335.1	0.0	[0, 0.01)	3252.5866666666666	11383	174942	0.0	0.0	0.0		0.0	False	False	False
test	NZ_OZ260788.1	NZ_CP104759.1	0.0	[0, 0.01)	3252.5866666666666	3033	513647	0.0	0.0	0.0		0.0	False	False	False
test	NZ_RREL01000124.1	OY726030.1	0.0	[0, 0.01)	3252.5866666666666	8318	16605	0.0	0.0	0.0		0.0	False	False	False
test	NZ_CP127032.1	NZ_BK010831.1	0.0	[0, 0.01)	3252.5866666666666	4186	365425	0.0	0.0	0.0		0.0	False	False	False
test	NZ_CP127032.1	NZ_PETB01000002.1	0.0	[0, 0.01)	3252.5866666666666	4186	128081	0.0	0.0	0.0		0.0	False	False	False
test	NZ_AP045063.1	NZ_JBZWVU010000002.1	0.0	[0, 0.01)	3252.5866666666666	93025	171746	0.0015909701693093254	0.0007976896114028856	0.0007976896114028856	80.0	0.0015909701693093254	False	False	False
test	NZ_SZVT01000166.1	NZ_CP015123.1	0.0	[0, 0.01)	3252.5866666666666	1646	56285	0.0	0.0	0.0		0.0	False	False	False
test	CP099007.1	NZ_CP084875.1	0.0	[0, 0.01)	3252.5866666666666	41022	199821	0.0	0.0	0.0		0.0	False	False	False
test	CP024518.1	CP144466.1	0.0	[0, 0.01)	3252.5866666666666	4064	201020	0.0	0.0	0.0		0.0	False	False	False
test	CP024513.1	NZ_MT039165.1	0.0	[0, 0.01)	3252.5866666666666	3336	105896	0.0	0.0	0.0		0.0	False	False	False
test	CP024513.1	NZ_MN543579.1	0.0	[0, 0.01)	3252.5866666666666	3336	140128	0.08872901678657075	0.0021123544188170816	0.0021123544188170816	92.23	0.08872901678657075	False	False	False
test	NZ_CP081157.1	NZ_CP033895.1	0.0	[0, 0.01)	3252.5866666666666	117403	125113	0.0	0.0	0.0		0.0	False	False	False
test	CP100008.1	NZ_CP003716.1	0.0	[0, 0.01)	3252.5866666666666	27742	33915	0.0	0.0	0.0		0.0	False	False	False
test	NZ_CP117695.1	NZ_CP075084.1	0.0	[0, 0.01)	3252.5866666666666	1888	20414	0.0	0.0	0.0		0.0	False	False	False
test	NZ_FO704549.1	NZ_CP021968.1	0.0	[0, 0.01)	3252.5866666666666	8449	24533	0.0	0.0	0.0		0.0	False	False	False
test	CP125070.1	NZ_CP119590.1	0.0	[0, 0.01)	3252.5866666666666	2113	39166	0.0	0.0	0.0		0.0	False	False	False
test	NZ_CP095068.1	NZ_CP086856.1	0.0	[0, 0.01)	3252.5866666666666	137784	290594	0.0	0.0	0.0		0.0	False	False	False
test	NC_011526.1	NC_010891.1	0.0	[0, 0.01)	3252.5866666666666	39280	55216	0.0	0.0	0.0		0.0	False	False	False
test	NZ_CP040364.1	NZ_JBVTJX020000002.1	0.0	[0, 0.01)	3252.5866666666666	4237	257061	0.0	0.0	0.0		0.0	False	False	False
test	NZ_CP135040.1	NZ_CP133340.1	0.0	[0, 0.01)	3252.5866666666666	6052	108950	0.0	0.0	0.0		0.0	False	False	False
test	NZ_JACKZL010001050.1	NZ_CP077305.1	0.0	[0, 0.01)	3252.5866666666666	6427	11469	0.0	0.0	0.0		0.0	False	False	False
test	NZ_RROS01000116.1	NZ_CP062707.1	0.0	[0, 0.01)	3252.5866666666666	1545	35988	0.0	0.0	0.0		0.0	False	False	False
test	NZ_CP062707.1	NZ_CP066281.1	0.0	[0, 0.01)	3252.5866666666666	35988	51224	0.0	0.0	0.0		0.0	False	False	False
test	NZ_LHYS01000049.1	NZ_CP133340.1	0.0	[0, 0.01)	3252.5866666666666	1627	108950	0.0	0.0	0.0		0.0	False	False	False
test	NZ_JBKHUK010000005.1	NC_017659.1	0.0099009900990099	[0, 0.01)	3252.5866666666666	60389	147060	0.025435095795591913	0.010410716714266285	0.010410716714266285	99.67436197916668	0.025435095795591913	False	False	False
test	NZ_JBRRYI010000088.1	CP009881.1	0.0	[0, 0.01)	3252.5866666666666	1592	50272	0.0	0.0	0.0		0.0	False	False	False
test	NZ_JBRRYI010000088.1	NZ_JACKZL010001137.1	0.0	[0, 0.01)	3252.5866666666666	1592	9247	0.0	0.0	0.0		0.0	False	False	False
test	NZ_NPMK01000075.1	NC_012780.1	0.0	[0, 0.01)	3252.5866666666666	30905	626744	0.0	0.0	0.0		0.0	False	False	False
test	NZ_CP020948.1	NZ_CP032156.1	0.0	[0, 0.01)	3252.5866666666666	215247	221756	0.0	0.0	0.0		0.0	False	False	False
test	NZ_CP018777.1	NZ_JBYKYR010000002.1	0.0	[0, 0.01)	3252.5866666666666	35236	49142	0.0	0.0	0.0		0.0	False	False	False
test	NZ_RRMX01000156.1	NZ_JBYKYR010000002.1	0.0	[0, 0.01)	3252.5866666666666	3110	49142	0.0	0.0	0.0		0.0	False	False	False
test	CP098642.1	NZ_CP081131.1	0.0	[0, 0.01)	3252.5866666666666	4332	193564	0.0	0.0	0.0		0.0	False	False	False
test	NZ_CP091670.1	NZ_JCDGLJ010000066.1	0.0	[0, 0.01)	3252.5866666666666	3133	4414	0.2103415256942228	0.14975079293158133	0.14975079293158133	90.79923529411765	0.2103415256942228	False	False	False
test	NZ_JBTZQO010000007.1	NZ_CP100605.1	0.0	[0, 0.01)	3252.5866666666666	87572	375468	0.0	0.0	0.0		0.0	False	False	False
test	NZ_JAGSGE020000073.1	NZ_CP133275.1	0.0	[0, 0.01)	3252.5866666666666	1729	6408	0.0	0.0	0.0		0.0	False	False	False
test	NZ_WTXS01000135.1	NZ_JBTZQO010000007.1	0.0	[0, 0.01)	3252.5866666666666	15841	87572	0.0	0.0	0.0		0.0	False	False	False
test	NZ_CP048669.1	NZ_JBZCYR010000002.1	0.0	[0, 0.01)	3252.5866666666666	6078	88783	0.0	0.0	0.0		0.0	False	False	False
test	NZ_OY725928.1	NZ_CP098153.1	0.0	[0, 0.01)	3252.5866666666666	49060	110870	0.0	0.0	0.0		0.0	False	False	False
test	NZ_JBPXQY010000212.1	NZ_CP032171.1	0.0	[0, 0.01)	3252.5866666666666	227	25510	0.0	0.0	0.0		0.0	False	False	False
test	NZ_JBUPXY010000003.1	NZ_JBRAXZ010000003.1	0.0	[0, 0.01)	3252.5866666666666	72356	118098	0.0	0.0	0.0		0.0	False	False	False
test	HG796436.1	NZ_JBRAXZ010000003.1	0.0	[0, 0.01)	3252.5866666666666	1950	118098	0.0	0.0	0.0		0.0	False	False	False
test	NZ_RRHG01000200.1	NZ_CP018943.1	0.0	[0, 0.01)	3252.5866666666666	1986	6647	0.0	0.0	0.0		0.0	False	False	False
test	NC_007391.1	NZ_JBQTGN010000007.1	0.0	[0, 0.01)	3252.5866666666666	27778	210676	0.0	0.0	0.0		0.0	False	False	False
test	NZ_CP041682.1	NZ_JAAQFN010000069.1	0.0	[0, 0.01)	3252.5866666666666	4004	9665	0.0	0.0	0.0		0.0	False	False	False
test	NZ_CP034679.1	NZ_CP076366.1	0.0	[0, 0.01)	3252.5866666666666	83909	141504	0.0	0.0	0.0		0.0	False	False	False
test	NZ_FO704549.1	NZ_JBUDHM010000007.1	0.0	[0, 0.01)	3252.5866666666666	8449	312940	0.0	0.0	0.0		0.0	False	False	False
test	NZ_JCASKQ010000052.1	NZ_FO704549.1	0.0	[0, 0.01)	3252.5866666666666	6135	8449	0.0	0.0	0.0		0.0	False	False	False
test	NZ_JBOKGM010000032.1	NZ_CP037868.1	0.0	[0, 0.01)	3252.5866666666666	15499	45188	0.0	0.0	0.0		0.0	False	False	False
test	LC623922.1	NZ_CP010647.1	0.0	[0, 0.01)	3252.5866666666666	42530	72213	0.0	0.0	0.0		0.0	False	False	False
test	NZ_CP152448.1	NZ_CP010647.1	0.0	[0, 0.01)	3252.5866666666666	11970	72213	0.0	0.0	0.0		0.0	False	False	False
test	NZ_PGEG01000663.1	NZ_JBJUTL010000011.1	0.0	[0, 0.01)	3252.5866666666666	376	26925	0.0	0.0	0.0		0.0	False	False	False
test	CP127542.1	NZ_CP196999.1	0.0	[0, 0.01)	3252.5866666666666	20403	119379	0.0	0.0	0.0		0.0	False	False	False
test	NZ_CP032756.1	NZ_CP194201.1	0.0	[0, 0.01)	3252.5866666666666	26946	50405	0.0	0.0	0.0		0.0	False	False	False
test	NZ_RRKA01000078.1	NC_017643.1	0.0	[0, 0.01)	3252.5866666666666	1207	65549	0.0	0.0	0.0		0.0	False	False	False
test	NZ_CP075354.1	NZ_JBICQX010000011.1	0.0	[0, 0.01)	3252.5866666666666	21732	37307	0.0	0.0	0.0		0.0	False	False	False
test	NZ_AZAU01000073.1	CP063553.1	0.0	[0, 0.01)	3252.5866666666666	6172	27222	0.0	0.0	0.0		0.0	False	False	False
test	NZ_JANUNI010000004.1	NZ_CP086985.1	0.0	[0, 0.01)	3252.5866666666666	2694	157665	0.0	0.0	0.0		0.0	False	False	False
test	NZ_JAGSGE020000073.1	NZ_CP179599.1	0.0	[0, 0.01)	3252.5866666666666	1729	5500	0.0	0.0	0.0		0.0	False	False	False
test	NZ_CP179599.1	NZ_CP187291.1	0.0	[0, 0.01)	3252.5866666666666	5500	524886	0.0	0.0	0.0		0.0	False	False	False
test	NZ_CP011613.1	NZ_JBTNQU010000002.1	0.0	[0, 0.01)	3252.5866666666666	5410	244041	0.0	0.0	0.0		0.0	False	False	False
test	NZ_CP059715.1	NZ_CP102430.1	0.0	[0, 0.01)	3252.5866666666666	45739	98312	0.0	0.0	0.0		0.0	False	False	False
test	NZ_RRSF01000257.1	NZ_CP048557.1	0.0	[0, 0.01)	3252.5866666666666	2200	16069	0.0	0.0	0.0		0.0	False	False	False
test	NZ_JBUPXY010000003.1	NZ_JBZGGV010000003.1	0.0	[0, 0.01)	3252.5866666666666	72356	215968	0.0	0.0	0.0		0.0	False	False	False
test	NZ_OZ410523.1	LR962108.1	0.0	[0, 0.01)	3252.5866666666666	26016	106827	0.0	0.0	0.0		0.0	False	False	False
test	NZ_RREL01000118.1	NZ_CP152448.1	0.0	[0, 0.01)	3252.5866666666666	10917	11970	0.0	0.0	0.0		0.0	False	False	False
test	NZ_POWG01000108.1	NZ_JCAQIH010000004.1	0.0	[0, 0.01)	3252.5866666666666	927	52737	0.0	0.0	0.0		0.0	False	False	False
test	NZ_CP133668.1	NZ_CP012279.1	0.0	[0, 0.01)	3252.5866666666666	35184	38024	0.0	0.0	0.0		0.0	False	False	False
test	NZ_JAUDQG020000015.1	NZ_MH917123.1	0.0	[0, 0.01)	3252.5866666666666	1925	65604	0.0	0.0	0.0		0.0	False	False	False
test	NZ_CP145702.1	NZ_CP032104.1	0.0	[0, 0.01)	3252.5866666666666	4074	8399	0.0	0.0	0.0		0.0	False	False	False
test	NC_016834.1	NZ_CP086388.1	0.0	[0, 0.01)	3252.5866666666666	8953	113047	0.08578130235675192	0.0067936345060019285	0.0067936345060019285	98.82800000000002	0.08578130235675192	False	False	False
test	NZ_CP121558.1	NZ_CP079773.1	0.0	[0, 0.01)	3252.5866666666666	17462	106228	0.0	0.0	0.0		0.0	False	False	False
test	NZ_CP121558.1	NZ_JBWLLO010000003.1	0.0	[0, 0.01)	3252.5866666666666	17462	73335	0.0	0.0	0.0		0.0	False	False	False
test	NZ_JACKZM010000479.1	NZ_JBPXRN010000100.1	0.0	[0, 0.01)	3252.5866666666666	657	6247	0.0	0.0	0.0		0.0	False	False	False
test	NZ_JAUDQG020000015.1	NZ_RRSI01000312.1	0.0	[0, 0.01)	3252.5866666666666	1925	3725	0.0	0.0	0.0		0.0	False	False	False
test	NZ_JAAQFN010000069.1	NZ_CP091218.1	0.0	[0, 0.01)	3252.5866666666666	9665	182818	0.0	0.0	0.0		0.0	False	False	False
test	NZ_CP177273.1	NZ_AP019534.1	0.0	[0, 0.01)	3252.5866666666666	33680	101731	0.0	0.0	0.0		0.0	False	False	False
test	NZ_CP133379.1	NZ_CP087065.1	0.0	[0, 0.01)	3252.5866666666666	68504	82447	0.0	0.0	0.0		0.0	False	False	False
test	NZ_OZ410630.1	NZ_CP138727.1	0.0	[0, 0.01)	3252.5866666666666	26763	277344	0.0	0.0	0.0		0.0	False	False	False
test	NZ_MW133283.1	NZ_CP119590.1	0.0	[0, 0.01)	3252.5866666666666	3460	39166	0.0	0.0	0.0		0.0	False	False	False
test	NZ_LHAT01000261.1	NZ_CP012279.1	0.0	[0, 0.01)	3252.5866666666666	289	38024	0.0	0.0	0.0		0.0	False	False	False
test	NZ_JBDYFC010000076.1	NZ_NTGK01000119.1	0.0	[0, 0.01)	3252.5866666666666	717	2423	0.0	0.0	0.0		0.0	False	False	False
test	NC_016834.1	NZ_JCACRL010000003.1	0.0	[0, 0.01)	3252.5866666666666	8953	30829	0.0	0.0	0.0		0.0	False	False	False
test	NZ_CP068905.1	NZ_KX869741.1	0.0244897959183673	[0.01, 0.05)	54.153333333333336	56522	177037	0.1309047804394749	0.04182741460824573	0.04182741460824573	94.11284238178634	0.1309047804394749	False	False	False
test	NZ_CP178636.1	NZ_MN419437.1	0.0171428571428571	[0.01, 0.05)	54.153333333333336	57425	118243	0.14424031345232913	0.07007602987069002	0.07007602987069002	90.84174396831114	0.14424031345232913	False	False	False
test	NC_017643.1	NZ_MN419437.1	0.0277777777777777	[0.01, 0.05)	54.153333333333336	65549	118243	0.1258600436314818	0.06972928630024611	0.06972928630024611	92.12460683657446	0.1258600436314818	False	False	False
test	NZ_JBUBJY010000002.1	NZ_CP143282.1	0.0443548387096774	[0.01, 0.05)	54.153333333333336	74034	248177	0.17319069616662613	0.051616386691756284	0.051616386691756284	97.23530021026401	0.17319069616662613	False	False	False
test	NZ_JBYMLJ010000007.1	NZ_CP143282.1	0.02	[0.01, 0.05)	54.153333333333336	5850	248177	1.0	0.023567856811872172	0.023567856811872172	99.231	1.0	False	False	True
test	NZ_CP143282.1	NZ_CP153791.1	0.042079207920792	[0.01, 0.05)	54.153333333333336	248177	292610	0.136737086837217	0.11584703188544479	0.11584703188544479	97.06889267216006	0.136737086837217	False	False	False
test	NZ_CP181526.1	NZ_CP041642.1	0.0186915887850467	[0.01, 0.05)	54.153333333333336	96057	121851	0.16777538336612635	0.13213679001403353	0.13213679001403353	90.43510621601581	0.16777538336612635	False	False	False
test	NZ_CP041642.1	NZ_OK649970.1	0.0289855072463768	[0.01, 0.05)	54.153333333333336	121851	261511	0.17278479454415638	0.08050139382282198	0.08050139382282198	98.08254489795918	0.17278479454415638	False	False	False
test	NZ_JARWCH010000047.1	NZ_CP122807.1	0.0425531914893617	[0.01, 0.05)	54.153333333333336	11679	98226	0.4848874047435568	0.05771384358520147	0.05771384358520147	93.8090629616602	0.4848874047435568	False	False	False
test	NZ_RREU01000229.1	NZ_CP122807.1	0.0117647058823529	[0.01, 0.05)	54.153333333333336	2501	98226	0.7061175529788085	0.018274184024596338	0.018274184024596338	87.06979300776914	0.7061175529788085	False	False	True
test	NZ_JCAWDY010000002.1	NZ_OZ542068.1	0.036697247706422	[0.01, 0.05)	54.153333333333336	61509	63010	0.2417369815799314	0.23575622916997302	0.23575622916997302	94.2344768105242	0.2417369815799314	False	False	False
test	NZ_OZ542068.1	NZ_CP047743.1	0.0127388535031847	[0.01, 0.05)	54.153333333333336	63010	105247	0.1722901126805269	0.10322384486018604	0.10322384486018604	90.9275145693538	0.1722901126805269	False	False	False
test	NZ_OZ542068.1	NZ_CP061958.1	0.0306748466257668	[0.01, 0.05)	54.153333333333336	63010	109135	0.19560387240120616	0.11293352270124159	0.11293352270124159	96.84557476483944	0.19560387240120616	False	False	False
test	NZ_PEHU01000018.1	NZ_OZ542068.1	0.0352941176470588	[0.01, 0.05)	54.153333333333336	41575	63010	0.3544437763078773	0.23358197111569592	0.23358197111569592	94.9301670055578	0.3544437763078773	False	False	False
test	NZ_OZ542068.1	NZ_JBSTQQ010000002.1	0.0153061224489795	[0.01, 0.05)	54.153333333333336	63010	156753	0.14089827011585462	0.05660497725721358	0.05660497725721358	94.39632755710588	0.14089827011585462	False	False	False
test	NZ_JBWLLO010000003.1	OW849005.1	0.0397727272727272	[0.01, 0.05)	54.153333333333336	73335	98537	0.14086043499011386	0.10475252950668276	0.10475252950668276	96.47045740257228	0.14086043499011386	False	False	False
test	NZ_CP156664.1	NZ_CP117397.1	0.0213903743315508	[0.01, 0.05)	54.153333333333336	96210	100527	0.085562831306517	0.08177902454067067	0.08177902454067067	98.94435763678274	0.085562831306517	False	False	False
test	NZ_CP117397.1	CP057325.1	0.0257731958762886	[0.01, 0.05)	54.153333333333336	100527	103762	0.030330160056502232	0.029384553111929224	0.029384553111929224	99.86872909150541	0.030330160056502232	False	False	False
test	NZ_CP117397.1	NZ_JBVTJX020000002.1	0.0264705882352941	[0.01, 0.05)	54.153333333333336	100527	257061	0.16004655465695783	0.06359969034587121	0.06359969034587121	99.3333689005748	0.16004655465695783	False	False	False
test	NC_021728.1	NZ_CP119050.1	0.0231481481481481	[0.01, 0.05)	54.153333333333336	20139	229097	0.3285168081831273	0.028909152018577283	0.028909152018577283	99.77367033796017	0.3285168081831273	False	False	False
test	NZ_JBWLLO010000003.1	NZ_CP119050.1	0.0407407407407407	[0.01, 0.05)	54.153333333333336	73335	229097	0.12667893911502012	0.040524319393095504	0.040524319393095504	99.3111205467657	0.12667893911502012	False	False	False
test	NZ_LR890428.1	NZ_CP109609.1	0.0111111111111111	[0.01, 0.05)	54.153333333333336	128238	142244	0.04246791122756125	0.03828632490649869	0.03828632490649869	89.43837122460188	0.04246791122756125	False	False	False
test	NZ_CP182399.1	NZ_CP189736.1	0.011049723756906	[0.01, 0.05)	54.153333333333336	107583	239563	0.04065698112155266	0.018254070954195765	0.018254070954195765	99.35979332418839	0.04065698112155266	False	False	False
test	NZ_CP182399.1	CP044377.1	0.0140056022408963	[0.01, 0.05)	54.153333333333336	107583	310104	0.03836107935268583	0.013295539560921497	0.013295539560921497	97.77214773552917	0.03836107935268583	False	False	False
test	NZ_AP025548.1	NZ_CP141542.1	0.0170068027210884	[0.01, 0.05)	54.153333333333336	145376	202151	0.05881300902487343	0.04232974360750132	0.04232974360750132	98.34231021599533	0.05881300902487343	False	False	False
test	NZ_CP058198.1	NZ_AP025548.1	0.025	[0.01, 0.05)	54.153333333333336	108466	145376	0.09144801135839803	0.06833314990094651	0.06833314990094651	96.04557556852485	0.09144801135839803	False	False	False
test	NZ_CP074503.1	CP051818.1	0.0138888888888888	[0.01, 0.05)	54.153333333333336	627	93177	1.0	0.006729128432982389	0.006729128432982389	94.436	1.0	False	False	True
test	CP051818.1	NZ_JBWVJQ010000002.1	0.0190735694822888	[0.01, 0.05)	54.153333333333336	93177	325551	0.24991145883640814	0.07173684000356319	0.07173684000356319	90.87767016869527	0.24991145883640814	False	False	False
test	NZ_PV764932.1	NZ_CP109609.1	0.0101010101010101	[0.01, 0.05)	54.153333333333336	51855	142244	0.13921511908205572	0.05076488287730941	0.05076488287730941	90.94578960464473	0.13921511908205572	False	False	False
test	NZ_PV764932.1	NZ_CP047280.1	0.0107142857142857	[0.01, 0.05)	54.153333333333336	51855	262422	0.14233921511908207	0.02819885527890192	0.02819885527890192	95.40168729773463	0.14233921511908207	False	False	False
test	NZ_CP109609.1	NZ_AP026795.1	0.0256410256410256	[0.01, 0.05)	54.153333333333336	142244	165477	0.1348387278198026	0.11602820935840026	0.11602820935840026	86.61959755215862	0.1348387278198026	False	False	False
test	NZ_CP169108.1	NZ_JBUBIE010000002.1	0.0147058823529411	[0.01, 0.05)	54.153333333333336	74529	84790	0.08337694051979766	0.07331053190234697	0.07331053190234697	92.41959443467135	0.08337694051979766	False	False	False
test	NZ_CP032171.1	CP092319.1	0.0163934426229508	[0.01, 0.05)	54.153333333333336	25510	59350	0.12579380635045082	0.05405223251895535	0.05405223251895535	86.66	0.12579380635045082	False	False	False
test	NZ_CP079658.1	CP056818.1	0.0495049504950495	[0.01, 0.05)	54.153333333333336	29628	84644	0.35020926150938303	0.12232408676338548	0.12232408676338548	93.57875843506682	0.35020926150938303	False	False	False
test	NZ_JBTWTT010000007.1	NZ_OY757950.1	0.0202702702702702	[0.01, 0.05)	54.153333333333336	5418	150582	0.9889258028792912	0.035455764965268095	0.035455764965268095	94.59363310961969	0.9889258028792912	False	False	True
test	NZ_JBTWTT010000007.1	NZ_JBFUPY010000024.1	0.024390243902439	[0.01, 0.05)	54.153333333333336	5418	73616	0.9031007751937985	0.06648011301890894	0.06648011301890894	92.81682091982091	0.9031007751937985	False	False	True
test	NZ_JBTWTT010000007.1	CP082724.1	0.0338983050847457	[0.01, 0.05)	54.153333333333336	5418	53499	0.757844222960502	0.07645002710331034	0.07645002710331034	86.91351572327045	0.757844222960502	False	False	True
test	NZ_CP133102.1	NZ_CP125122.1	0.0273348519362186	[0.01, 0.05)	54.153333333333336	134388	333411	0.1516355626990505	0.06115275140892172	0.06115275140892172	93.15192774566474	0.1516355626990505	False	False	False
test	NZ_CP018253.1	NZ_CP133102.1	0.0445544554455445	[0.01, 0.05)	54.153333333333336	95229	134388	0.2493883165842338	0.1766824418846921	0.1766824418846921	95.6373145364461	0.2493883165842338	False	False	False
test	CP122780.1	NZ_CP061953.1	0.0145454545454545	[0.01, 0.05)	54.153333333333336	120042	168138	0.04294330317722131	0.03065339185668915	0.03065339185668915	99.01193897714064	0.04294330317722131	False	False	False
test	NZ_CP119738.1	NZ_CP061953.1	0.0115830115830115	[0.01, 0.05)	54.153333333333336	100423	168138	0.13626360495105702	0.08129036862577169	0.08129036862577169	86.85962131766074	0.13626360495105702	False	False	False
test	NZ_AP026876.1	NC_032101.1	0.0149253731343283	[0.01, 0.05)	54.153333333333336	6142	58120	0.17355910126994464	0.01832415691672402	0.01832415691672402	94.08999437148218	0.17355910126994464	False	False	False
test	NZ_AP026876.1	NZ_JBSJBU010000003.1	0.0149253731343283	[0.01, 0.05)	54.153333333333336	6142	63107	0.2121458808205796	0.02056824124106676	0.02056824124106676	91.86463468917883	0.2121458808205796	False	False	False
test	NZ_KX646543.1	NZ_CP054265.1	0.0323886639676113	[0.01, 0.05)	54.153333333333336	111559	168717	0.13951362059538003	0.09242103641008316	0.09242103641008316	96.23082951491104	0.13951362059538003	False	False	False
test	NZ_KY288024.1	NZ_CP110266.1	0.0276679841897233	[0.01, 0.05)	54.153333333333336	82841	224600	0.09766902862109342	0.03602849510240427	0.03602849510240427	99.752909562639	0.09766902862109342	False	False	False
test	NZ_CP009033.1	NZ_CP018476.1	0.0388349514563106	[0.01, 0.05)	54.153333333333336	58317	69764	0.11710135980931803	0.09787282839286739	0.09787282839286739	94.16989888953827	0.11710135980931803	False	False	False
test	NZ_CP167855.1	NZ_CP009033.1	0.046875	[0.01, 0.05)	54.153333333333336	31599	58317	0.15193518782239945	0.08237735137267006	0.08237735137267006	92.33010364842454	0.15193518782239945	False	False	False
test	NZ_JBQPWJ010000069.1	NZ_JALEBI010000023.1	0.0112359550561797	[0.01, 0.05)	54.153333333333336	9568	86591	0.055811036789297656	0.006166922659398783	0.006166922659398783	98.689	0.055811036789297656	False	False	False
test	NZ_CP012279.1	NZ_CP176396.1	0.0117647058823529	[0.01, 0.05)	54.153333333333336	38024	58764	0.13307384809593942	0.0861241576475393	0.0861241576475393	88.94578798029556	0.13307384809593942	False	False	False
test	NZ_NPIJ01000049.1	OW966965.1	0.0133333333333333	[0.01, 0.05)	54.153333333333336	20777	66091	0.08750060162679886	0.027552919459533066	0.027552919459533066	88.16410191780822	0.08750060162679886	False	False	False
test	OW966965.1	CP080739.1	0.024	[0.01, 0.05)	54.153333333333336	66091	206152	0.15179071280507178	0.048711630253405254	0.048711630253405254	95.35147352179972	0.15179071280507178	True	False	False
test	OW966965.1	NZ_OK247586.1	0.0138888888888888	[0.01, 0.05)	54.153333333333336	66091	78461	0.04639058268145436	0.0390639935764265	0.0390639935764265	96.67515775749675	0.04639058268145436	False	False	False
test	NZ_CP026219.1	OW966965.1	0.0208333333333333	[0.01, 0.05)	54.153333333333336	35298	66091	0.056575443367896196	0.030231045074215854	0.030231045074215854	97.0587068793619	0.056575443367896196	False	False	False
test	OW966965.1	NZ_CP045838.1	0.0111731843575419	[0.01, 0.05)	54.153333333333336	66091	110138	0.0946271050521251	0.056746990139642996	0.056746990139642996	94.43021800191511	0.0946271050521251	False	False	False
test	NZ_CP169124.1	CP044382.1	0.0160427807486631	[0.01, 0.05)	54.153333333333336	90370	123229	0.1643576408100033	0.12054792297267689	0.12054792297267689	88.11397695142378	0.1643576408100033	False	False	False
test	NZ_MN586817.1	NZ_CP094333.1	0.0184331797235023	[0.01, 0.05)	54.153333333333336	91326	109070	0.05155158443378666	0.04301824516365637	0.04301824516365637	89.7641402695872	0.05155158443378666	False	False	False
test	NZ_CP094333.1	NZ_CP144317.1	0.014388489208633	[0.01, 0.05)	54.153333333333336	109070	174409	0.05990648207573118	0.03749233124437386	0.03749233124437386	99.9082018657287	0.05990648207573118	False	False	False
test	NZ_CP094333.1	CP119444.1	0.0174418604651162	[0.01, 0.05)	54.153333333333336	109070	285256	0.08024204639222518	0.030551504613399894	0.030551504613399894	93.39848782153425	0.08024204639222518	False	False	False
test	NZ_CP094333.1	NZ_AP026795.1	0.0359712230215827	[0.01, 0.05)	54.153333333333336	109070	165477	0.16641606307875675	0.10991859895937199	0.10991859895937199	95.45418671857864	0.16641606307875675	False	False	False
test	NZ_CP094333.1	NZ_CP021328.1	0.011070110701107	[0.01, 0.05)	54.153333333333336	109070	446611	0.10525350692216008	0.02573828230831753	0.02573828230831753	92.23996154512385	0.10525350692216008	False	False	False
test	NZ_CP117387.1	NZ_CP086468.1	0.0196078431372549	[0.01, 0.05)	54.153333333333336	100517	247089	0.11764179193569246	0.04789367393934979	0.04789367393934979	99.1806205964349	0.11764179193569246	False	False	False
test	NZ_JBQTKY010000005.1	NZ_CP117387.1	0.048076923076923	[0.01, 0.05)	54.153333333333336	13777	100517	0.15257312912825724	0.020911885551697724	0.020911885551697724	99.905	0.15257312912825724	False	False	False
test	NZ_CP117387.1	NZ_AP028843.1	0.0232558139534883	[0.01, 0.05)	54.153333333333336	100517	137403	0.030333177472467342	0.022182921770267025	0.022182921770267025	99.80321712036734	0.030333177472467342	False	False	False
test	NZ_CP098487.1	NZ_CP117387.1	0.0147058823529411	[0.01, 0.05)	54.153333333333336	49381	100517	0.09017638362933111	0.04430096401603709	0.04430096401603709	93.24630670854835	0.09017638362933111	False	False	False
test	NZ_OZ111446.1	NZ_CP186433.1	0.027027027027027	[0.01, 0.05)	54.153333333333336	43002	76975	0.21475745314171435	0.11997401753816174	0.11997401753816174	97.60713501515808	0.21475745314171435	False	False	False
test	NZ_OZ111446.1	NZ_CP181526.1	0.03125	[0.01, 0.05)	54.153333333333336	43002	96057	0.2050602297567555	0.09174760819096994	0.09174760819096994	97.67942393026941	0.2050602297567555	False	False	False
test	NZ_JCASKQ010000052.1	NZ_OZ111446.1	0.0232558139534883	[0.01, 0.05)	54.153333333333336	6135	43002	0.29584352078239606	0.04213757499651179	0.04213757499651179	97.14	0.29584352078239606	False	False	False
test	NZ_JBUZKD010000003.1	NZ_CP133928.1	0.0204081632653061	[0.01, 0.05)	54.153333333333336	55772	100835	0.17424514093093307	0.09625626022710368	0.09625626022710368	94.02120603015076	0.17424514093093307	False	False	False
test	NZ_JARVXC010000052.1	NZ_MZ690481.1	0.0121212121212121	[0.01, 0.05)	54.153333333333336	1551	201689	1.0	0.007690057464710519	0.007690057464710519	100.0	1.0	False	False	True
test	NZ_JARVXC010000052.1	NZ_JBTAPC010000002.1	0.0165289256198347	[0.01, 0.05)	54.153333333333336	1551	126207	1.0	0.012289334189070336	0.012289334189070336	100.0	1.0	False	False	True
test	NZ_JARVXC010000052.1	NZ_CP104527.1	0.0151515151515151	[0.01, 0.05)	54.153333333333336	1551	163762	0.9993552546744036	0.009464955239921349	0.009464955239921349	100.0	0.9993552546744036	False	False	True
test	NZ_KX555451.1	CP099007.1	0.0375	[0.01, 0.05)	54.153333333333336	38814	41022	0.10787344772504766	0.10192092048169275	0.10192092048169275	95.23038969711423	0.10787344772504766	False	False	False
test	NZ_JBDKYM010000213.1	NZ_MT560079.1	0.0178571428571428	[0.01, 0.05)	54.153333333333336	2884	68684	0.7742718446601942	0.032511210762331835	0.032511210762331835	99.687	0.7742718446601942	False	False	True
test	NZ_JBNGNN010000050.1	CP088684.1	0.01	[0.01, 0.05)	54.153333333333336	4737	113463	0.44521849271690944	0.01862281096040119	0.01862281096040119	88.27145077720208	0.44521849271690944	False	False	False
test	NZ_CP068594.1	CP088684.1	0.0490797546012269	[0.01, 0.05)	54.153333333333336	82214	113463	0.2395942296932396	0.17371301657809154	0.17371301657809154	95.55494199747154	0.2395942296932396	False	False	False
test	CP088684.1	CP067909.1	0.0259067357512953	[0.01, 0.05)	54.153333333333336	113463	130935	0.12541533363299048	0.10886317638522931	0.10886317638522931	93.49469173195298	0.12541533363299048	False	False	False
test	NZ_JBANRQ010000037.1	CP088684.1	0.0206185567010309	[0.01, 0.05)	54.153333333333336	11213	113463	0.296619994649068	0.029507416514634725	0.029507416514634725	98.3918653960691	0.296619994649068	False	False	False
test	CP088684.1	NZ_CM017149.1	0.0460829493087557	[0.01, 0.05)	54.153333333333336	113463	153499	0.29938394013907615	0.221512843731881	0.221512843731881	95.80137188627762	0.29938394013907615	False	False	False
test	NZ_CP133428.1	CP088684.1	0.0149253731343283	[0.01, 0.05)	54.153333333333336	45040	113463	0.05108792184724689	0.020279738769466697	0.020279738769466697	99.957	0.05108792184724689	False	False	False
test	NZ_AP022296.1	CP088684.1	0.0158730158730158	[0.01, 0.05)	54.153333333333336	105884	113463	0.13229571984435798	0.12353806967910244	0.12353806967910244	95.54932854603625	0.13229571984435798	False	False	False
test	NZ_CP040807.1	CP088684.1	0.0426829268292682	[0.01, 0.05)	54.153333333333336	90871	113463	0.2424315788315304	0.19438054696244592	0.19438054696244592	97.18023815342836	0.2424315788315304	False	False	False
test	NZ_JBWLLO010000003.1	CP088684.1	0.0301204819277108	[0.01, 0.05)	54.153333333333336	73335	113463	0.17732324265357605	0.11463648942827177	0.11463648942827177	97.59830752704676	0.17732324265357605	False	False	False
test	NZ_MF062700.1	NZ_CP100792.1	0.036697247706422	[0.01, 0.05)	54.153333333333336	60206	79245	0.08171942995714712	0.06190926872357878	0.06190926872357878	98.45566368624263	0.08171942995714712	False	False	False
test	NZ_MF062700.1	NZ_JBSTQQ010000002.1	0.0147058823529411	[0.01, 0.05)	54.153333333333336	60206	156753	0.08278244693219945	0.03176972689517904	0.03176972689517904	93.56383629822108	0.08278244693219945	False	False	False
test	NZ_CP074870.1	NC_013122.1	0.0263157894736842	[0.01, 0.05)	54.153333333333336	92785	117536	0.12818882362450826	0.1012115436972502	0.1012115436972502	93.37829807208716	0.12818882362450826	False	False	False
test	NC_013122.1	NZ_CP114566.1	0.0152905198776758	[0.01, 0.05)	54.153333333333336	117536	210045	0.06285733732643616	0.03516865433597562	0.03516865433597562	94.40099001618997	0.06285733732643616	False	False	False
test	MN868654.1	CP098997.1	0.0231481481481481	[0.01, 0.05)	54.153333333333336	93231	169374	0.07096352071735797	0.03890797879249472	0.03890797879249472	93.90217901234568	0.07096352071735797	False	False	False
test	MN868654.1	NZ_CP183354.1	0.0203252032520325	[0.01, 0.05)	54.153333333333336	93231	162681	0.10302367238364922	0.05875301971342689	0.05875301971342689	95.56956329113925	0.10302367238364922	False	False	False
test	MN868654.1	NZ_CP141678.1	0.0114942528735632	[0.01, 0.05)	54.153333333333336	93231	228888	0.13202690092351257	0.053589528503023315	0.053589528503023315	95.5083378115895	0.13202690092351257	False	False	False
test	MN868654.1	CP082669.1	0.0185185185185185	[0.01, 0.05)	54.153333333333336	93231	99345	0.0914395426413961	0.08489606925361115	0.08489606925361115	91.17079721669981	0.0914395426413961	False	False	False
test	NZ_OZ547465.1	NZ_CP119738.1	0.0145985401459854	[0.01, 0.05)	54.153333333333336	46449	100423	0.044715709703115246	0.020682512970136322	0.020682512970136322	96.4368988926336	0.044715709703115246	False	False	False
test	NZ_OZ547465.1	NZ_CP146851.1	0.04375	[0.01, 0.05)	54.153333333333336	46449	138872	0.26019935843613423	0.08710179157785587	0.08710179157785587	96.95963653639595	0.26019935843613423	False	False	False
test	NZ_OZ547465.1	NZ_AP026941.1	0.0104166666666666	[0.01, 0.05)	54.153333333333336	46449	293280	0.13261857090572457	0.021003818876159302	0.021003818876159302	94.49128629293583	0.13261857090572457	False	False	False
test	NZ_JAHLXU010000021.1	NZ_MZ690481.1	0.0282485875706214	[0.01, 0.05)	54.153333333333336	31273	201689	0.4384612924887283	0.06807510573209248	0.06807510573209248	94.9681883952592	0.4384612924887283	False	False	False
test	NZ_CP095134.1	NZ_CP043351.1	0.0460526315789473	[0.01, 0.05)	54.153333333333336	70936	106448	0.27093436336979815	0.1805012776191192	0.1805012776191192	97.77818599460133	0.27093436336979815	False	False	False
test	NZ_CP043351.1	CP052444.1	0.0196078431372549	[0.01, 0.05)	54.153333333333336	106448	174931	0.127714940628288	0.077710640195277	0.077710640195277	95.58085017984291	0.127714940628288	False	False	False
test	CP082724.1	NZ_CP043351.1	0.0130718954248366	[0.01, 0.05)	54.153333333333336	53499	106448	0.028804276715452624	0.014645648579588156	0.014645648579588156	80.3410158027813	0.028804276715452624	False	False	False
test	NZ_JAUDQG020000015.1	NZ_MN586817.1	0.01	[0.01, 0.05)	54.153333333333336	1925	91326	0.8493506493506493	0.01823139084160042	0.01823139084160042	96.71464097968938	0.8493506493506493	False	False	True
test	NZ_CP085293.1	NZ_CP184170.1	0.0289855072463768	[0.01, 0.05)	54.153333333333336	35757	47591	0.12856223956148446	0.09680401756634657	0.09680401756634657	98.37496684723727	0.12856223956148446	False	False	False
test	NZ_CP096939.1	NZ_CP024095.1	0.0259740259740259	[0.01, 0.05)	54.153333333333336	33003	58875	0.10492985486167924	0.05883651804670913	0.05883651804670913	98.615	0.10492985486167924	False	False	False
test	NZ_CP024095.1	NZ_AP039440.1	0.0121212121212121	[0.01, 0.05)	54.153333333333336	58875	123644	0.0866411889596603	0.0412151014202064	0.0412151014202064	99.70569886363636	0.0866411889596603	False	False	False
test	NZ_CP024095.1	CP088364.1	0.0178571428571428	[0.01, 0.05)	54.153333333333336	58875	80900	0.07347770700636942	0.05336217552533993	0.05336217552533993	99.3990693481276	0.07347770700636942	False	False	False
test	NZ_CP024095.1	NZ_CP189736.1	0.0133333333333333	[0.01, 0.05)	54.153333333333336	58875	239563	0.15391932059447982	0.03783973318083343	0.03783973318083343	99.82366188637619	0.15391932059447982	False	False	False
test	NZ_CP151316.1	NZ_CP024095.1	0.0196078431372549	[0.01, 0.05)	54.153333333333336	8378	58875	0.32477918357603247	0.04635244161358811	0.04635244161358811	99.81641883473799	0.32477918357603247	False	False	False
test	NZ_JARXID010000075.1	NZ_CP144317.1	0.0125	[0.01, 0.05)	54.153333333333336	1802	174409	0.93007769145394	0.009626796782276145	0.009626796782276145	99.94080285884455	0.93007769145394	False	False	True
test	AP026491.1	OW849024.1	0.0354330708661417	[0.01, 0.05)	54.153333333333336	48260	242397	0.13095731454620804	0.026072929945502626	0.026072929945502626	99.98421914556963	0.13095731454620804	False	False	False
test	CP067548.1	NZ_JCAPTQ010000002.1	0.0177935943060498	[0.01, 0.05)	54.153333333333336	36101	249807	0.12717099249328273	0.018374184870720196	0.018374184870720196	96.82424929301719	0.12717099249328273	False	False	False
test	NZ_JBDYGY010000117.1	NZ_CP196661.1	0.0465116279069767	[0.01, 0.05)	54.153333333333336	1919	95080	0.9958311620635748	0.020098864114429953	0.020098864114429953	99.843	0.9958311620635748	False	False	True
test	CP057325.1	NZ_CP086468.1	0.0444444444444444	[0.01, 0.05)	54.153333333333336	103762	247089	0.13721786395790367	0.057606773267931795	0.057606773267931795	98.37380322467577	0.13721786395790367	False	False	False
test	NZ_JCAWDY010000002.1	NZ_CP097713.1	0.0451977401129943	[0.01, 0.05)	54.153333333333336	61509	122563	0.11638947145946121	0.05845973091389734	0.05845973091389734	95.61586583159361	0.11638947145946121	False	False	False
test	NZ_CP097713.1	NZ_MZ690481.1	0.0103806228373702	[0.01, 0.05)	54.153333333333336	122563	201689	0.07551218556987019	0.045823024557610975	0.045823024557610975	89.32887510757315	0.07551218556987019	False	False	False
test	NZ_MF344559.1	NZ_CP097713.1	0.0116279069767441	[0.01, 0.05)	54.153333333333336	42279	122563	0.035857044868610896	0.01232835358142343	0.01232835358142343	99.73637919684002	0.035857044868610896	False	False	False
test	NZ_CP097713.1	NZ_CP091543.1	0.0194174757281553	[0.01, 0.05)	54.153333333333336	122563	185529	0.06408132960191901	0.04229527459319028	0.04229527459319028	99.72049396058488	0.06408132960191901	False	False	False
test	NZ_CP086419.1	NZ_CP097713.1	0.03954802259887	[0.01, 0.05)	54.153333333333336	70475	122563	0.09284143313231642	0.053376630793959025	0.053376630793959025	99.23655506338781	0.09284143313231642	False	False	False
test	NZ_CP101534.1	NZ_CP182818.1	0.0222222222222222	[0.01, 0.05)	54.153333333333336	141697	278962	0.09385519806347346	0.04767674450283551	0.04767674450283551	98.58737646528405	0.09385519806347346	False	False	False
test	CP122738.1	NZ_CP101534.1	0.0246305418719211	[0.01, 0.05)	54.153333333333336	93581	141697	0.09815026554535643	0.06520956689273591	0.06520956689273591	92.16495996114828	0.09815026554535643	False	False	False
test	NZ_CP101534.1	NZ_CP024550.1	0.0103448275862068	[0.01, 0.05)	54.153333333333336	141697	187611	0.07712936759423276	0.058189551785343074	0.058189551785343074	94.36205226608188	0.07712936759423276	False	False	False
test	NZ_JBKHUK010000005.1	NZ_CP101534.1	0.0119047619047619	[0.01, 0.05)	54.153333333333336	60389	141697	0.04828693967444402	0.02062852424539687	0.02062852424539687	99.79503756830601	0.04828693967444402	False	False	False
test	NZ_MH917123.1	NZ_CP101534.1	0.0333333333333333	[0.01, 0.05)	54.153333333333336	65604	141697	0.1451283458325712	0.06728441674841387	0.06728441674841387	98.93091050094321	0.1451283458325712	False	False	False
test	NZ_CP101534.1	NZ_JBYLRL020000002.1	0.0412371134020618	[0.01, 0.05)	54.153333333333336	141697	172405	0.20367403685328553	0.16734433456106262	0.16734433456106262	94.15841949533358	0.20367403685328553	False	False	False
test	NZ_CP043828.1	NZ_CP101534.1	0.019047619047619	[0.01, 0.05)	54.153333333333336	97743	141697	0.09406300195410414	0.06523779614247302	0.06523779614247302	91.36306027604056	0.09406300195410414	False	False	False
test	NZ_LKXP01000041.1	CP051936.1	0.0333333333333333	[0.01, 0.05)	54.153333333333336	8830	27271	0.4336353340883352	0.1405889039639177	0.1405889039639177	95.567	0.4336353340883352	False	False	False
test	OW967602.1	NZ_CP024192.1	0.0205128205128205	[0.01, 0.05)	54.153333333333336	205284	221606	0.08367432435065568	0.07754753932655253	0.07754753932655253	96.36102633261642	0.08367432435065568	False	False	False
test	OW967602.1	NZ_JBXSEZ010000002.1	0.0267489711934156	[0.01, 0.05)	54.153333333333336	205284	287195	0.16369030221546735	0.11705983739271227	0.11705983739271227	96.4667165230312	0.16369030221546735	False	False	False
test	NZ_CP097682.1	NZ_CP098439.1	0.0188679245283018	[0.01, 0.05)	54.153333333333336	57847	109442	0.19895586633706155	0.1052429597412328	0.1052429597412328	88.80483456768859	0.19895586633706155	False	False	False
test	CP128668.1	NZ_CP097682.1	0.0470588235294117	[0.01, 0.05)	54.153333333333336	30836	57847	0.1131145414450642	0.060296990336577524	0.060296990336577524	99.91419724770643	0.1131145414450642	False	False	False
test	NZ_CP069544.1	CP122780.1	0.0388888888888888	[0.01, 0.05)	54.153333333333336	80965	120042	0.1758784660038288	0.11882507788940537	0.11882507788940537	95.11118869771995	0.1758784660038288	False	False	False
test	NZ_AP027422.1	NZ_CP073055.1	0.0233393177737881	[0.01, 0.05)	54.153333333333336	249953	324410	0.20758702636095586	0.16010295613575415	0.16010295613575415	83.20772697336932	0.20758702636095586	False	False	False
test	CP043740.1	NZ_JBQPXK010000007.1	0.0215384615384615	[0.01, 0.05)	54.153333333333336	113189	235207	0.0827112175211372	0.03980323714855425	0.03980323714855425	94.02758809751941	0.0827112175211372	False	False	False
test	NZ_RROE01000117.1	NZ_CP131687.1	0.0128205128205128	[0.01, 0.05)	54.153333333333336	4495	82641	0.914349276974416	0.04986628913009281	0.04986628913009281	92.88669978297564	0.914349276974416	False	False	True
test	NZ_JBHEKI010000075.1	NZ_CP131687.1	0.0111111111111111	[0.01, 0.05)	54.153333333333336	24427	82641	0.15122610226388833	0.0446630607083651	0.0446630607083651	96.94251704545454	0.15122610226388833	False	False	False
test	NZ_CP131687.1	NZ_CP189736.1	0.0212765957446808	[0.01, 0.05)	54.153333333333336	82641	239563	0.1130310620636246	0.03902522509736479	0.03902522509736479	97.1572812867372	0.1130310620636246	False	False	False
test	NZ_CP135149.1	NZ_CP142707.1	0.0272727272727272	[0.01, 0.05)	54.153333333333336	58662	263549	0.15962633391292488	0.035534189088177154	0.035534189088177154	98.44160140905208	0.15962633391292488	False	False	False
test	NZ_CP141238.1	NZ_CP142707.1	0.0205655526992287	[0.01, 0.05)	54.153333333333336	132580	263549	0.09303062302006336	0.04686794486034855	0.04686794486034855	93.09890209056421	0.09303062302006336	False	False	False
test	NZ_AP022361.1	NZ_CP182818.1	0.0178117048346055	[0.01, 0.05)	54.153333333333336	148581	278962	0.09695048492068299	0.05158050200385716	0.05158050200385716	99.50710342194768	0.09695048492068299	False	False	False
test	NZ_CP193630.1	NZ_CP182818.1	0.0192307692307692	[0.01, 0.05)	54.153333333333336	88723	278962	0.13657112586364303	0.04344319297968899	0.04344319297968899	99.51376865364004	0.13657112586364303	False	False	False
test	NZ_CP025252.1	NZ_CP078510.1	0.047457627118644	[0.01, 0.05)	54.153333333333336	33924	261166	0.423387572220257	0.05495355444429979	0.05495355444429979	92.46179840499306	0.423387572220257	False	False	False
test	NZ_OP378628.1	NZ_MG299151.1	0.0176470588235294	[0.01, 0.05)	54.153333333333336	74826	109845	0.14556437601903083	0.09906686694888252	0.09906686694888252	91.79899058328762	0.14556437601903083	False	False	False
test	NZ_MG299151.1	NZ_CP141542.1	0.0211267605633802	[0.01, 0.05)	54.153333333333336	109845	202151	0.10301788884337021	0.055973010274497775	0.055973010274497775	98.88700574103515	0.10301788884337021	False	False	False
test	CP057191.1	NZ_MG299151.1	0.0198019801980198	[0.01, 0.05)	54.153333333333336	102988	109845	0.133588379228648	0.12483954663389321	0.12483954663389321	91.47590425840093	0.133588379228648	False	False	False
test	NZ_MG299151.1	AP026488.1	0.0456431535269709	[0.01, 0.05)	54.153333333333336	109845	152942	0.247257499203423	0.17724366099567157	0.17724366099567157	93.58279460946092	0.247257499203423	False	False	False
test	NZ_CP118928.1	NZ_MG299151.1	0.0116279069767441	[0.01, 0.05)	54.153333333333336	67839	109845	0.09889591532894058	0.06103145341162547	0.06103145341162547	95.21180713754647	0.09889591532894058	False	False	False
test	NZ_CP016688.2	NZ_CP178365.1	0.0135135135135135	[0.01, 0.05)	54.153333333333336	33285	58316	0.016824395373291272	0.009602853419301735	0.009602853419301735	98.214	0.016824395373291272	False	False	False
test	NZ_CP148291.1	NZ_CP038312.1	0.0396825396825396	[0.01, 0.05)	54.153333333333336	54955	93182	0.277881903375489	0.163711875684145	0.163711875684145	93.47788907749558	0.277881903375489	False	False	False
test	NZ_CP148291.1	NZ_CP148841.1	0.0106666666666666	[0.01, 0.05)	54.153333333333336	54955	319375	0.162787735419889	0.027848140900195696	0.027848140900195696	91.40964779944291	0.162787735419889	False	False	False
test	NZ_CP148291.1	NZ_CP107173.1	0.0404040404040404	[0.01, 0.05)	54.153333333333336	54955	149268	0.3180056409789828	0.1171851970951577	0.1171851970951577	93.09719223765082	0.3180056409789828	False	False	False
test	NZ_CP142946.1	NZ_CP148291.1	0.048076923076923	[0.01, 0.05)	54.153333333333336	48552	54955	0.16069368924040203	0.14151578564279865	0.14151578564279865	91.46818005857634	0.16069368924040203	False	False	False
test	NZ_CP148291.1	NZ_CP031907.1	0.0129870129870129	[0.01, 0.05)	54.153333333333336	54955	121036	0.20571376580838868	0.09307148286460226	0.09307148286460226	89.25915042223787	0.20571376580838868	False	False	False
test	NZ_CP148291.1	NZ_CP062718.1	0.0396825396825396	[0.01, 0.05)	54.153333333333336	54955	96507	0.2775543626603585	0.15794709192079331	0.15794709192079331	93.43987344005225	0.2775543626603585	False	False	False
test	NZ_CP101557.1	CP043740.1	0.0125786163522012	[0.01, 0.05)	54.153333333333336	46288	113189	0.17004407189768406	0.06948555071605898	0.06948555071605898	89.14720138976625	0.17004407189768406	False	False	False
test	NZ_JARWCH010000047.1	CP043740.1	0.0241935483870967	[0.01, 0.05)	54.153333333333336	11679	113189	0.4639952050689271	0.04785800740354628	0.04785800740354628	94.04952100221075	0.4639952050689271	False	False	False
test	NZ_OP378628.1	NZ_LR878366.1	0.0297872340425531	[0.01, 0.05)	54.153333333333336	74826	231165	0.1932750648170422	0.06259598122553155	0.06259598122553155	93.7736925408086	0.1932750648170422	False	False	False
test	NZ_CP057239.1	NZ_LR878366.1	0.029126213592233	[0.01, 0.05)	54.153333333333336	145940	231165	0.1645539262710703	0.10385655267882249	0.10385655267882249	94.29503972244149	0.1645539262710703	False	False	False
test	NZ_CP087962.1	NZ_CP015967.1	0.0192307692307692	[0.01, 0.05)	54.153333333333336	23715	33001	0.1999156651908075	0.1438138238235205	0.1438138238235205	87.53917633507854	0.1999156651908075	False	False	False
test	OW849481.1	NZ_CP024192.1	0.0327272727272727	[0.01, 0.05)	54.153333333333336	105977	221606	0.18446455362956113	0.0880255949748653	0.0880255949748653	96.17470955056181	0.18446455362956113	False	False	False
test	NZ_MF042352.1	NZ_CP084832.1	0.045662100456621	[0.01, 0.05)	54.153333333333336	119047	131535	0.18123094240090049	0.16380431063975368	0.16380431063975368	94.16058218608521	0.18123094240090049	False	False	False
test	NZ_RRHQ01000168.1	NZ_CP178695.1	0.0209790209790209	[0.01, 0.05)	54.153333333333336	1714	153819	1.0	0.011142966733628485	0.011142966733628485	99.883	1.0	False	False	True
test	NZ_AP028843.1	NZ_CP178695.1	0.0342205323193916	[0.01, 0.05)	54.153333333333336	137403	153819	0.16323515498206007	0.14596376260409963	0.14596376260409963	95.50320360824745	0.16323515498206007	False	False	False
test	NZ_CP101557.1	NZ_AP022361.1	0.01	[0.01, 0.05)	54.153333333333336	46288	148581	0.11789232630487384	0.03676109327572166	0.03676109327572166	96.26854947869033	0.11789232630487384	False	False	False
test	NZ_CP101557.1	NZ_CP141238.1	0.036144578313253	[0.01, 0.05)	54.153333333333336	46288	132580	0.1318916349809886	0.04602504148438678	0.04602504148438678	98.59241054182354	0.1318916349809886	False	False	False
test	NZ_CP120931.1	NZ_PP589848.1	0.0357142857142857	[0.01, 0.05)	54.153333333333336	7078	41439	0.269850240180842	0.046333164410338086	0.046333164410338086	89.82867825635704	0.269850240180842	False	False	False
test	LC735979.1	NZ_CP096939.1	0.0178571428571428	[0.01, 0.05)	54.153333333333336	25677	33003	0.19515519725824668	0.15216798472866103	0.15216798472866103	90.0811617501485	0.19515519725824668	False	False	False
test	LC735979.1	CP088364.1	0.0109890109890109	[0.01, 0.05)	54.153333333333336	25677	80900	0.09183315807921485	0.029110012360939432	0.029110012360939432	99.5333524173028	0.09183315807921485	False	False	False
test	LC735979.1	NZ_MH917123.1	0.0123456790123456	[0.01, 0.05)	54.153333333333336	25677	65604	0.06690812789656113	0.02617218462288885	0.02617218462288885	99.88399534342258	0.06690812789656113	False	False	False
test	NZ_CP195185.1	CP094244.1	0.0208333333333333	[0.01, 0.05)	54.153333333333336	44912	87661	0.16287406483790523	0.08333238270154344	0.08333238270154344	98.1418833173931	0.16287406483790523	False	False	False
test	NZ_AP022479.1	NZ_CP103691.1	0.0121212121212121	[0.01, 0.05)	54.153333333333336	91989	449953	0.19957821043820456	0.04077981478065487	0.04077981478065487	95.80648751699756	0.19957821043820456	False	False	False
test	NZ_RRSM01000100.1	NZ_AP022479.1	0.0104166666666666	[0.01, 0.05)	54.153333333333336	14263	91989	0.32188179204935846	0.04985378686582091	0.04985378686582091	94.01799804220144	0.32188179204935846	False	False	False
test	NZ_RROE01000117.1	NZ_CP056698.1	0.0141843971631205	[0.01, 0.05)	54.153333333333336	4495	127911	0.9759733036707453	0.03423474134359047	0.03423474134359047	92.57114720581552	0.9759733036707453	False	False	True
test	NZ_CP133928.1	NZ_CP056698.1	0.0221238938053097	[0.01, 0.05)	54.153333333333336	100835	127911	0.115059255218922	0.0908678690652094	0.0908678690652094	92.2365612936433	0.115059255218922	False	False	False
test	NZ_CP011988.1	NZ_OY757950.1	0.0189873417721519	[0.01, 0.05)	54.153333333333336	13841	150582	0.3262770031067119	0.02999694518601161	0.02999694518601161	97.12344146935162	0.3262770031067119	False	False	False
test	NZ_CP011988.1	NZ_CP125122.1	0.0123076923076923	[0.01, 0.05)	54.153333333333336	13841	333411	0.4143486742287407	0.017242982385104272	0.017242982385104272	97.94786365217392	0.4143486742287407	False	False	False
test	NZ_CP011988.1	NZ_CP026579.1	0.0166666666666666	[0.01, 0.05)	54.153333333333336	13841	100229	0.1702911639332418	0.023486216564068282	0.023486216564068282	99.23658524173028	0.1702911639332418	False	False	False
test	NZ_CP011988.1	NZ_JBWLLO010000003.1	0.0444444444444444	[0.01, 0.05)	54.153333333333336	13841	73335	0.41080846759627193	0.07764368991613826	0.07764368991613826	97.6294049165935	0.41080846759627193	False	False	False
test	NZ_JBUBJY010000002.1	NZ_CP189450.1	0.011049723756906	[0.01, 0.05)	54.153333333333336	74034	125383	0.11285355377259097	0.0665959500091719	0.0665959500091719	94.08379837456674	0.11285355377259097	False	False	False
test	NZ_JCDGMJ010000045.1	NZ_JBUBJY010000002.1	0.034090909090909	[0.01, 0.05)	54.153333333333336	34070	74034	0.24931024361608453	0.1146230110489775	0.1146230110489775	98.25819091337101	0.24931024361608453	False	False	False
test	NZ_JBUBJY010000002.1	NZ_CP153791.1	0.017921146953405	[0.01, 0.05)	54.153333333333336	74034	292610	0.19562633384661102	0.04948908102935648	0.04948908102935648	94.9005010681552	0.19562633384661102	False	False	False
test	NZ_JBUBJY010000002.1	NZ_CP104527.1	0.0157894736842105	[0.01, 0.05)	54.153333333333336	74034	163762	0.09406488910500581	0.042555660043233474	0.042555660043233474	96.34455447247707	0.09406488910500581	False	False	False
test	CP089767.1	NZ_CP141542.1	0.0432692307692307	[0.01, 0.05)	54.153333333333336	68291	202151	0.24243311710181428	0.08204263149823647	0.08204263149823647	96.36485833132384	0.24243311710181428	False	False	False
test	CP089767.1	NZ_CP062226.1	0.0170068027210884	[0.01, 0.05)	54.153333333333336	68291	265014	0.14912653204668258	0.03844702544016543	0.03844702544016543	96.71510737399491	0.14912653204668258	False	False	False
test	CP089767.1	CP057325.1	0.0287769784172661	[0.01, 0.05)	54.153333333333336	68291	103762	0.14937546675257354	0.09832115803473333	0.09832115803473333	96.11979688418577	0.14937546675257354	False	False	False
test	NZ_CP145712.1	CP089767.1	0.0294117647058823	[0.01, 0.05)	54.153333333333336	33455	68291	0.32049021073083245	0.15681422149331536	0.15681422149331536	96.44250111752655	0.32049021073083245	False	False	False
test	NZ_CP120931.1	NZ_CP120419.2	0.037037037037037	[0.01, 0.05)	54.153333333333336	7078	28817	0.3414806442497881	0.08422111947808585	0.08422111947808585	83.7338630248675	0.3414806442497881	False	False	False
test	NZ_QXXP01000127.1	CP014297.1	0.0449438202247191	[0.01, 0.05)	54.153333333333336	2018	90274	0.985629335976214	0.021700600394354962	0.021700600394354962	100.0	0.985629335976214	False	False	True
test	NZ_QXXP01000127.1	OW849481.1	0.0105263157894736	[0.01, 0.05)	54.153333333333336	2018	105977	0.680376610505451	0.012955641318399276	0.012955641318399276	100.0	0.680376610505451	False	False	True
test	NZ_QXXP01000127.1	NZ_CP063884.1	0.0181818181818181	[0.01, 0.05)	54.153333333333336	2018	57825	0.6050545094152626	0.021115434500648508	0.021115434500648508	100.0	0.6050545094152626	False	False	True
test	NZ_CP021547.1	NZ_OY757950.1	0.0384615384615384	[0.01, 0.05)	54.153333333333336	45740	150582	0.22680367293397463	0.06890597813815728	0.06890597813815728	96.83202493741575	0.22680367293397463	False	False	False
test	NZ_CP038401.1	NZ_OY757950.1	0.0430622009569378	[0.01, 0.05)	54.153333333333336	92513	150582	0.27709619188654566	0.17019298455326665	0.17019298455326665	94.73723252557468	0.27709619188654566	False	False	False
test	NZ_RRHQ01000168.1	NZ_OY757950.1	0.0206896551724137	[0.01, 0.05)	54.153333333333336	1714	150582	1.0	0.01138250255674649	0.01138250255674649	99.942	1.0	False	False	True
test	NZ_JBXUIF010000005.1	NZ_OY757950.1	0.0220994475138121	[0.01, 0.05)	54.153333333333336	63293	150582	0.09525539949125496	0.039938372448234186	0.039938372448234186	97.06607326371622	0.09525539949125496	False	False	False
test	NZ_CP149976.1	NZ_OY757950.1	0.0331753554502369	[0.01, 0.05)	54.153333333333336	58972	150582	0.12963779420742047	0.050743116707176156	0.050743116707176156	97.55579006535947	0.12963779420742047	False	False	False
test	NZ_CP019016.1	NZ_OY757950.1	0.0224719101123595	[0.01, 0.05)	54.153333333333336	37756	150582	0.05694459158809196	0.014437316545138197	0.014437316545138197	98.98820689655172	0.05694459158809196	False	False	False
test	NZ_CP138404.1	NZ_CP141546.1	0.017094017094017	[0.01, 0.05)	54.153333333333336	47171	348041	0.23811239956753089	0.03228355279981381	0.03228355279981381	99.35950983358546	0.23811239956753089	False	False	False
test	NZ_CP095134.1	NZ_CP141546.1	0.04	[0.01, 0.05)	54.153333333333336	70936	348041	0.30111649937972257	0.06134047425447002	0.06134047425447002	96.10840336763327	0.30111649937972257	False	False	False
test	NZ_JBSJBU010000003.1	NZ_CP141546.1	0.0317460317460317	[0.01, 0.05)	54.153333333333336	63107	348041	0.22499881154230117	0.0408141569527728	0.0408141569527728	98.797652534627	0.22499881154230117	False	False	False
test	NZ_CP025252.1	NZ_CP141546.1	0.0331491712707182	[0.01, 0.05)	54.153333333333336	33924	348041	0.35998113430020046	0.03509931301197273	0.03509931301197273	99.63981991490753	0.35998113430020046	False	False	False
test	NZ_PQ650613.1	NZ_PQ279301.1	0.0374449339207048	[0.01, 0.05)	54.153333333333336	192991	283375	0.09264162577529522	0.06318129686810763	0.06318129686810763	99.50286528150133	0.09264162577529522	False	False	False
test	NZ_CP199511.1	NZ_PQ650613.1	0.0128755364806866	[0.01, 0.05)	54.153333333333336	44105	192991	0.20868382269583946	0.0477483405961936	0.0477483405961936	97.98250808113679	0.20868382269583946	False	False	False
test	NZ_JCDGLC010000041.1	NZ_CP030765.1	0.043103448275862	[0.01, 0.05)	54.153333333333336	41565	93169	0.1318657524359437	0.05877491440285932	0.05877491440285932	94.53563387978141	0.1318657524359437	False	False	False
test	NZ_OM048934.1	NZ_JBZGES010000003.1	0.0228136882129277	[0.01, 0.05)	54.153333333333336	118931	162786	0.12075068737335093	0.08869313085891907	0.08869313085891907	94.83985591754859	0.12075068737335093	False	False	False
test	NZ_OM048934.1	CP052444.1	0.0112781954887218	[0.01, 0.05)	54.153333333333336	118931	174931	0.08090405361091725	0.05511887544231726	0.05511887544231726	92.67265760644896	0.08090405361091725	False	False	False
test	NZ_JBSJBU010000003.1	NZ_OM048934.1	0.0306748466257668	[0.01, 0.05)	54.153333333333336	63107	118931	0.25767347520877243	0.1365161312021256	0.1365161312021256	91.31043546810068	0.25767347520877243	False	False	False
test	NZ_CP141569.1	NZ_CP153791.1	0.0415647921760391	[0.01, 0.05)	54.153333333333336	194326	292610	0.195722651626648	0.12987594408940228	0.12987594408940228	96.68497039508247	0.195722651626648	False	False	False
test	NZ_JBYYIK010000003.1	NZ_CP141569.1	0.0116959064327485	[0.01, 0.05)	54.153333333333336	144341	194326	0.052029568868166357	0.03863096034498729	0.03863096034498729	90.03438442144373	0.052029568868166357	False	False	False
test	NZ_CP141569.1	NZ_CP082766.1	0.0105820105820105	[0.01, 0.05)	54.153333333333336	194326	199279	0.09601906075357904	0.09369276240848258	0.09369276240848258	91.97800774945216	0.09601906075357904	False	False	False
test	NZ_CP159186.1	NZ_OM938013.1	0.0169491525423728	[0.01, 0.05)	54.153333333333336	135518	262582	0.1714311014035036	0.08847902750378929	0.08847902750378929	86.45929779033915	0.1714311014035036	False	False	False
test	CP088364.1	NZ_CP159186.1	0.0109890109890109	[0.01, 0.05)	54.153333333333336	80900	135518	0.1519406674907293	0.09022417686211426	0.09022417686211426	89.3904174851855	0.1519406674907293	False	False	False
test	NZ_JCAWDY010000002.1	NZ_JBYCWT010000001.1	0.0121951219512195	[0.01, 0.05)	54.153333333333336	61509	153509	0.09639239786047571	0.03862965689308119	0.03862965689308119	99.93247782835948	0.09639239786047571	False	False	False
test	CP099211.1	NZ_JBYCWT010000001.1	0.0472103004291845	[0.01, 0.05)	54.153333333333336	128784	153509	0.19111069698099142	0.16002970509872386	0.16002970509872386	93.26438379910897	0.19111069698099142	False	False	False
test	NZ_JBYCWT010000001.1	CP044377.1	0.0110192837465564	[0.01, 0.05)	54.153333333333336	153509	310104	0.051189181090359526	0.02528506565539303	0.02528506565539303	96.15983290946083	0.051189181090359526	False	False	False
test	NZ_CP035015.1	NZ_CP013752.1	0.0333333333333333	[0.01, 0.05)	54.153333333333336	35533	68522	0.18540511637069765	0.0960713347538017	0.0960713347538017	89.16465708232445	0.18540511637069765	False	False	False
test	NZ_CP186433.1	NZ_CP020069.1	0.0291970802919708	[0.01, 0.05)	54.153333333333336	76975	213013	0.2046508606690484	0.07405181843361673	0.07405181843361673	94.61847660652101	0.2046508606690484	False	False	False
test	NZ_NPII01000055.1	NZ_CP186433.1	0.0128205128205128	[0.01, 0.05)	54.153333333333336	3562	76975	0.16591802358225716	0.0075998700876908085	0.0075998700876908085	93.91898310810811	0.16591802358225716	False	False	False
test	NZ_CP186433.1	NZ_PQ667066.1	0.018018018018018	[0.01, 0.05)	54.153333333333336	76975	180007	0.14016239038648912	0.06004766481303505	0.06004766481303505	93.90417871986699	0.14016239038648912	False	False	False
test	NZ_MH917123.1	NZ_CP186433.1	0.0147058823529411	[0.01, 0.05)	54.153333333333336	65604	76975	0.13586061825498444	0.1157388762585255	0.1157388762585255	99.32695916077638	0.13586061825498444	False	False	False
test	NZ_AP018457.1	NZ_CP141199.1	0.0162337662337662	[0.01, 0.05)	54.153333333333336	86535	214402	0.047703241462991854	0.019202246247702913	0.019202246247702913	96.95657294685992	0.047703241462991854	False	False	False
test	NZ_AP018457.1	NZ_CP073989.1	0.0103092783505154	[0.01, 0.05)	54.153333333333336	86535	134191	0.09302594325995261	0.059892243145963586	0.059892243145963586	96.12808451228594	0.09302594325995261	False	False	False
test	NZ_CP018253.1	NZ_CP184146.1	0.0331491712707182	[0.01, 0.05)	54.153333333333336	95229	174759	0.197754885591574	0.1074164992933125	0.1074164992933125	92.41968847599387	0.197754885591574	False	False	False
test	CP082669.1	NZ_CP184146.1	0.041025641025641	[0.01, 0.05)	54.153333333333336	99345	174759	0.31720771050379987	0.18030544921863823	0.18030544921863823	93.77758037182244	0.31720771050379987	False	False	False
test	NZ_JAMYDI010000073.1	NZ_PEHU01000018.1	0.025	[0.01, 0.05)	54.153333333333336	5991	41575	0.3049574361542313	0.044113048707155746	0.044113048707155746	91.93463814713895	0.3049574361542313	False	False	False
test	NZ_JAMYDI010000073.1	NZ_CP086388.1	0.0188679245283018	[0.01, 0.05)	54.153333333333336	5991	113047	0.3044566850275413	0.01613488195175458	0.01613488195175458	96.92984210526316	0.3044566850275413	False	False	False
test	NZ_JAMZDN010000175.1	NZ_JBNGOB010000022.1	0.0307692307692307	[0.01, 0.05)	54.153333333333336	5184	64143	0.8258101851851852	0.06680386012503313	0.06680386012503313	90.64013806752038	0.8258101851851852	False	False	True
test	NZ_JARWCH010000047.1	CP057522.1	0.02	[0.01, 0.05)	54.153333333333336	11679	86439	0.4090247452692867	0.055252837260958594	0.055252837260958594	92.24494272575251	0.4090247452692867	False	False	False
test	NZ_JARWCH010000047.1	NZ_CP028692.1	0.0357142857142857	[0.01, 0.05)	54.153333333333336	11679	92714	0.524188714787225	0.06593394740815842	0.06593394740815842	95.07018494939604	0.524188714787225	False	False	True
test	NZ_CP100828.1	NZ_OM938013.1	0.0218579234972677	[0.01, 0.05)	54.153333333333336	143148	262582	0.1663662782574678	0.09061169463253384	0.09061169463253384	90.76736997408675	0.1663662782574678	False	False	False
test	NZ_CP195975.1	NZ_OM938013.1	0.020066889632107	[0.01, 0.05)	54.153333333333336	62763	262582	0.20733553208100314	0.04963782742152927	0.04963782742152927	96.64732264237601	0.20733553208100314	False	False	False
test	NZ_CP129515.1	NZ_OM938013.1	0.0187165775401069	[0.01, 0.05)	54.153333333333336	138894	262582	0.0868216049649373	0.04595897662444493	0.04595897662444493	97.08482989648033	0.0868216049649373	False	False	False
test	NZ_NTGK01000105.1	NZ_CP169382.1	0.0277777777777777	[0.01, 0.05)	54.153333333333336	11783	53894	0.10684885003819061	0.023360670946673098	0.023360670946673098	99.444	0.10684885003819061	False	False	False
test	NZ_LR890211.1	NZ_CP074455.1	0.036734693877551	[0.01, 0.05)	54.153333333333336	111450	159477	0.08334679228353521	0.05828426669676505	0.05828426669676505	96.43281691200171	0.08334679228353521	False	False	False
test	NZ_CP026579.1	NZ_CP074455.1	0.0160642570281124	[0.01, 0.05)	54.153333333333336	100229	159477	0.10941942950643027	0.0687371846723979	0.0687371846723979	85.802015625	0.10941942950643027	False	False	False
test	NC_032101.1	NZ_CP189450.1	0.0284090909090909	[0.01, 0.05)	54.153333333333336	58120	125383	0.10650378527185134	0.049384685324166754	0.049384685324166754	99.32185968028419	0.10650378527185134	False	False	False
test	NC_032101.1	NZ_JBYYIK010000003.1	0.0306122448979591	[0.01, 0.05)	54.153333333333336	58120	144341	0.1127150722642808	0.045392508019204525	0.045392508019204525	98.51978238974515	0.1127150722642808	False	False	False
test	CP088402.1	NZ_JBVTJX020000002.1	0.0393120393120393	[0.01, 0.05)	54.153333333333336	167679	257061	0.1074374250800637	0.07008064233781088	0.07008064233781088	98.3980872457181	0.1074374250800637	False	False	False
test	CP088402.1	NZ_KY019259.1	0.0119331742243436	[0.01, 0.05)	54.153333333333336	167679	249153	0.0523917723745967	0.03521932306654947	0.03521932306654947	97.39461258391171	0.0523917723745967	False	False	False
test	NZ_CP018864.1	NZ_CP195101.1	0.0104166666666666	[0.01, 0.05)	54.153333333333336	25865	81245	0.04620143050454282	0.014376269308880547	0.014376269308880547	75.967	0.04620143050454282	False	False	False
test	NZ_CP103748.1	NZ_AP022361.1	0.0145631067961165	[0.01, 0.05)	54.153333333333336	50937	148581	0.15536839625419635	0.052886977473566604	0.052886977473566604	95.71687553539934	0.15536839625419635	False	False	False
test	NZ_CP103748.1	NZ_AP042702.1	0.0125	[0.01, 0.05)	54.153333333333336	50937	97991	0.16930718338339518	0.08738557622638814	0.08738557622638814	92.38309431345354	0.16930718338339518	False	False	False
test	NZ_CP040265.1	NC_013369.1	0.0252100840336134	[0.01, 0.05)	54.153333333333336	73952	85167	0.13019255733448723	0.11307196449328966	0.11307196449328966	92.64836480198532	0.13019255733448723	False	False	False
test	NZ_CP114566.1	NZ_CP125122.1	0.0133843212237093	[0.01, 0.05)	54.153333333333336	210045	333411	0.04277178699802423	0.026942722345693452	0.026942722345693452	95.19492930862279	0.04277178699802423	False	False	False
test	NZ_CP199511.1	NZ_CP125122.1	0.0169971671388102	[0.01, 0.05)	54.153333333333336	44105	333411	0.1750821902278653	0.023169601482854494	0.023169601482854494	98.34584218689415	0.1750821902278653	False	False	False
test	NZ_JCAWDY010000002.1	CP067873.1	0.0292397660818713	[0.01, 0.05)	54.153333333333336	61509	118543	0.16737388024516736	0.08682925183266832	0.08682925183266832	94.64807058367269	0.16737388024516736	False	False	False
test	CP067873.1	NZ_CP047280.1	0.0113960113960113	[0.01, 0.05)	54.153333333333336	118543	262422	0.13811865736483808	0.062182286546097504	0.062182286546097504	87.49181319482409	0.13811865736483808	False	False	False
test	CP067873.1	NZ_CP153791.1	0.017910447761194	[0.01, 0.05)	54.153333333333336	118543	292610	0.08031684705128098	0.03253477324766754	0.03253477324766754	95.78797757753563	0.08031684705128098	False	False	False
test	NZ_CP068905.1	CP067873.1	0.0285714285714285	[0.01, 0.05)	54.153333333333336	56522	118543	0.19052758218038993	0.09076031482246949	0.09076031482246949	94.9004187297172	0.19052758218038993	False	False	False
test	NZ_CP069544.1	NZ_CP148841.1	0.0289473684210526	[0.01, 0.05)	54.153333333333336	80965	319375	0.1973939356512073	0.05012915851272016	0.05012915851272016	95.40795607202939	0.1973939356512073	False	False	False
test	NZ_CP069544.1	NZ_AP042702.1	0.0113636363636363	[0.01, 0.05)	54.153333333333336	80965	97991	0.17171617365528316	0.1418395566939821	0.1418395566939821	84.95010460370877	0.17171617365528316	False	False	False
test	NZ_CP096939.1	NZ_CP086419.1	0.0326086956521739	[0.01, 0.05)	54.153333333333336	33003	70475	0.10168772535830076	0.04771904930826534	0.04771904930826534	99.88138694362017	0.10168772535830076	False	False	False
test	CP067898.1	CP124644.1	0.0206185567010309	[0.01, 0.05)	54.153333333333336	48619	53481	0.02852794175116724	0.025934444008152428	0.025934444008152428	99.92787671232877	0.02852794175116724	False	False	False
test	NZ_CP079824.1	NZ_CP151758.1	0.0303030303030303	[0.01, 0.05)	54.153333333333336	13893	53097	0.23321096955301232	0.06100156317682732	0.06100156317682732	99.9075	0.23321096955301232	False	False	False
test	CP067898.1	NZ_PZ067499.1	0.0149253731343283	[0.01, 0.05)	54.153333333333336	48619	157848	0.06009996092062774	0.018587501900562565	0.018587501900562565	99.45484156729133	0.06009996092062774	False	False	False
test	NZ_CP042365.1	NZ_PQ126489.1	0.0140664961636828	[0.01, 0.05)	54.153333333333336	256887	612637	0.04746834211151207	0.01995472033194208	0.01995472033194208	99.76287963038679	0.04746834211151207	False	False	False
test	NZ_CP095668.1	NZ_PQ126489.1	0.0115894039735099	[0.01, 0.05)	54.153333333333336	45403	612637	0.16417417351276348	0.012183397346226232	0.012183397346226232	96.00967795929299	0.16417417351276348	False	False	False
test	NZ_CP025252.1	NZ_PQ126489.1	0.0133111480865224	[0.01, 0.05)	54.153333333333336	33924	612637	0.2484376842353496	0.01374876150150905	0.01374876150150905	99.60841974136906	0.2484376842353496	False	False	False
test	NZ_PQ667066.1	NZ_CP073977.1	0.0381679389312977	[0.01, 0.05)	54.153333333333336	180007	241691	0.1425222352464071	0.10617689529192233	0.10617689529192233	97.33534909629168	0.1425222352464071	False	False	False
test	NZ_CP084709.1	NZ_CP101766.1	0.0310077519379844	[0.01, 0.05)	54.153333333333336	11972	127176	0.16179418643501503	0.015230861168773983	0.015230861168773983	99.588	0.16179418643501503	False	False	False
test	NZ_CP107331.1	NZ_CP020069.1	0.0206185567010309	[0.01, 0.05)	54.153333333333336	84876	213013	0.07217588010745087	0.028768197246177463	0.028768197246177463	95.20462322622737	0.07217588010745087	False	False	False
test	NZ_JBWIFL010000005.1	NZ_CP107331.1	0.044776119402985	[0.01, 0.05)	54.153333333333336	59700	84876	0.14582914572864322	0.10246712851689524	0.10246712851689524	99.87370916609234	0.14582914572864322	False	False	False
test	NZ_JBVWFR010000002.1	NZ_CP107331.1	0.0402684563758389	[0.01, 0.05)	54.153333333333336	58585	84876	0.17632499786634803	0.12147132287101182	0.12147132287101182	94.51269215135973	0.17632499786634803	False	False	False
test	NZ_CP042533.1	NZ_CP107331.1	0.0139860139860139	[0.01, 0.05)	54.153333333333336	51987	84876	0.013695731625213996	0.008412272020359112	0.008412272020359112	99.15999999999998	0.013695731625213996	False	False	False
test	NZ_CP107331.1	NZ_CP014121.1	0.0139860139860139	[0.01, 0.05)	54.153333333333336	84876	200203	0.07087987181299779	0.030039509897454086	0.030039509897454086	97.64034646061815	0.07087987181299779	False	False	False
test	NZ_CP021547.1	NZ_CP062972.1	0.016	[0.01, 0.05)	54.153333333333336	45740	136326	0.08839090511587232	0.02966418731569913	0.02966418731569913	95.88465549531789	0.08839090511587232	False	False	False
test	NZ_CP022458.1	NZ_CP145710.1	0.0137931034482758	[0.01, 0.05)	54.153333333333336	55820	95144	0.19609458975277677	0.11553014378205667	0.11553014378205667	87.30416170482309	0.19609458975277677	False	False	False
test	NZ_CP022458.1	NZ_MW881232.1	0.0217391304347826	[0.01, 0.05)	54.153333333333336	55820	91784	0.13806879254747403	0.0836856096923211	0.0836856096923211	89.69435147684767	0.13806879254747403	False	False	False
test	NZ_CP135207.1	NZ_CP032893.1	0.0111731843575419	[0.01, 0.05)	54.153333333333336	43860	156442	0.06397628818969449	0.017936359801076437	0.017936359801076437	99.53661903064862	0.06397628818969449	False	False	False
test	NZ_CP135207.1	NZ_CP086389.1	0.0195121951219512	[0.01, 0.05)	54.153333333333336	43860	142329	0.10870953032375741	0.03328204371561663	0.03328204371561663	99.79029358759429	0.10870953032375741	False	False	False
test	NZ_CP135207.1	NZ_CP141678.1	0.0221238938053097	[0.01, 0.05)	54.153333333333336	43860	228888	0.1469904240766074	0.028188458984306736	0.028188458984306736	99.95356578335658	0.1469904240766074	False	False	False
test	NZ_CP195365.1	NZ_CP047280.1	0.0138888888888888	[0.01, 0.05)	54.153333333333336	137286	262422	0.14488003146715617	0.07583967807577109	0.07583967807577109	94.13237293481525	0.14488003146715617	False	False	False
test	NZ_AP018454.1	NZ_CP047280.1	0.0321543408360128	[0.01, 0.05)	54.153333333333336	78997	262422	0.17691811081433473	0.053242487291461846	0.053242487291461846	90.33150853727945	0.17691811081433473	False	False	False
test	NZ_CP015967.1	NZ_CP033890.1	0.0158730158730158	[0.01, 0.05)	54.153333333333336	33001	34427	0.5008636101936305	0.4801754436924507	0.4801754436924507	87.76146089940401	0.5008636101936305	False	False	True
test	NZ_RRLX01000099.1	NZ_JBTZPL010000001.1	0.0277777777777777	[0.01, 0.05)	54.153333333333336	2340	105623	0.9632478632478633	0.021358984312128987	0.021358984312128987	98.094	0.9632478632478633	False	False	True
test	NZ_RRLX01000099.1	NZ_JBFUPY010000024.1	0.0384615384615384	[0.01, 0.05)	54.153333333333336	2340	73616	0.9517094017094017	0.030237991740925885	0.030237991740925885	97.89	0.9517094017094017	False	False	True
test	NZ_CP086389.1	NZ_AP022361.1	0.0158227848101265	[0.01, 0.05)	54.153333333333336	142329	148581	0.06492703524931673	0.062114267638527135	0.062114267638527135	98.94343137466306	0.06492703524931673	False	False	False
test	NZ_CP063884.1	NZ_AP022361.1	0.0402010050251256	[0.01, 0.05)	54.153333333333336	57825	148581	0.25431906614785993	0.09897631594887638	0.09897631594887638	98.47161554136669	0.25431906614785993	False	False	False
test	NZ_CP129515.1	NZ_AP022361.1	0.0323741007194244	[0.01, 0.05)	54.153333333333336	138894	148581	0.15619825190432993	0.14599444074275983	0.14599444074275983	95.00479821535349	0.15619825190432993	False	False	False
test	CP122782.1	CP073108.1	0.0232558139534883	[0.01, 0.05)	54.153333333333336	69672	108563	0.14436215409346653	0.09236111750780653	0.09236111750780653	91.16512633557579	0.14436215409346653	False	False	False
test	CP067898.1	NZ_CP196661.1	0.0157480314960629	[0.01, 0.05)	54.153333333333336	48619	95080	0.12213332236368497	0.062473706352545226	0.062473706352545226	93.2771993277311	0.12213332236368497	False	False	False
test	CP130850.1	NZ_CP197036.1	0.0198019801980198	[0.01, 0.05)	54.153333333333336	37860	211327	0.26822503961965133	0.047930458483771594	0.047930458483771594	97.81627129647846	0.26822503961965133	False	False	False
test	NC_021728.1	NZ_CP115709.1	0.0151515151515151	[0.01, 0.05)	54.153333333333336	20139	119165	0.13828889219921545	0.02332060588259976	0.02332060588259976	99.49786149982059	0.13828889219921545	False	False	False
test	NZ_CP115709.1	NZ_JABWHZ010000057.1	0.0425531914893617	[0.01, 0.05)	54.153333333333336	119165	139873	0.13659212016951286	0.11637699913492955	0.11637699913492955	93.41446545187723	0.13659212016951286	False	False	False
test	NZ_RREC01000414.1	NZ_RRSI01000318.1	0.0333333333333333	[0.01, 0.05)	54.153333333333336	2279	19995	1.0	0.11377844461115279	0.11377844461115279	98.947	1.0	False	False	True
test	NZ_CM017184.1	OW849024.1	0.0285714285714285	[0.01, 0.05)	54.153333333333336	43405	242397	0.09441308604999424	0.01693915353737876	0.01693915353737876	99.95154286410133	0.09441308604999424	False	False	False
test	NZ_CM017184.1	NZ_CP058198.1	0.0232558139534883	[0.01, 0.05)	54.153333333333336	43405	108466	0.07238797373574472	0.0289122858776022	0.0289122858776022	94.06914874722487	0.07238797373574472	False	False	False
test	NZ_CP038312.1	NZ_JBUBIP010000002.1	0.0288461538461538	[0.01, 0.05)	54.153333333333336	93182	150224	0.2360434418664549	0.14684071786132707	0.14684071786132707	94.63099380314817	0.2360434418664549	False	False	False
test	NG_050298.1	NZ_CP169382.1	0.015625	[0.01, 0.05)	54.153333333333336	961	53894	0.5931321540062435	0.01057631647307678	0.01057631647307678	98.947	0.5931321540062435	False	False	True
test	NZ_CP142946.1	NZ_JBTZPL010000001.1	0.0127388535031847	[0.01, 0.05)	54.153333333333336	48552	105623	0.20769484264293953	0.09508345720155648	0.09508345720155648	93.96300513783225	0.20769484264293953	False	False	False
test	NZ_CP068905.1	NZ_JBTZPL010000001.1	0.0179640718562874	[0.01, 0.05)	54.153333333333336	56522	105623	0.11797176320724674	0.06313018944737415	0.06313018944737415	97.5142057502246	0.11797176320724674	False	False	False
test	NZ_CP091019.1	CP088797.1	0.029126213592233	[0.01, 0.05)	54.153333333333336	33842	79036	0.1562555404526919	0.06688091502606407	0.06688091502606407	94.69529809326032	0.1562555404526919	False	False	False
test	NZ_CP043297.1	CP119444.1	0.0379746835443038	[0.01, 0.05)	54.153333333333336	110724	285256	0.187032621653842	0.0726154752222565	0.0726154752222565	93.92908783913796	0.187032621653842	False	False	False
test	NC_021728.1	OW849481.1	0.0185185185185185	[0.01, 0.05)	54.153333333333336	20139	105977	0.2237946273399871	0.04251865970918218	0.04251865970918218	99.55658039476602	0.2237946273399871	False	False	False
test	NC_021728.1	NC_017659.1	0.0115606936416184	[0.01, 0.05)	54.153333333333336	20139	147060	0.23164010129599286	0.031748946008431936	0.031748946008431936	99.80735853501821	0.23164010129599286	False	False	False
test	NC_021728.1	NZ_OZ066665.1	0.0294117647058823	[0.01, 0.05)	54.153333333333336	20139	39395	0.1288048065941705	0.06582053560096458	0.06582053560096458	99.46181667947732	0.1288048065941705	False	False	False
test	NC_021728.1	NZ_JBWLLO010000003.1	0.0105263157894736	[0.01, 0.05)	54.153333333333336	20139	73335	0.15924325934753464	0.04383991272925615	0.04383991272925615	99.68868709175739	0.15924325934753464	False	False	False
test	NZ_CP087576.1	NZ_CP083889.1	0.0126050420168067	[0.01, 0.05)	54.153333333333336	51705	219996	0.20558940141185572	0.04849633629702358	0.04849633629702358	92.26306616892208	0.20558940141185572	False	False	False
test	NZ_CP145710.1	NZ_CP083889.1	0.0219780219780219	[0.01, 0.05)	54.153333333333336	95144	219996	0.08578575632725133	0.037223404061892035	0.037223404061892035	91.89138426938976	0.08578575632725133	False	False	False
test	NZ_CP125686.1	NZ_CP192622.1	0.0236220472440944	[0.01, 0.05)	54.153333333333336	4961	125195	0.9997984277363435	0.039586245457086944	0.039586245457086944	98.75274094931618	0.9997984277363435	False	False	True
test	NZ_CP095134.1	NZ_CP189450.1	0.0168539325842696	[0.01, 0.05)	54.153333333333336	70936	125383	0.15460415021991655	0.08743609580246126	0.08743609580246126	95.88365485839175	0.15460415021991655	False	False	False
test	NZ_MF344559.1	NZ_CP189450.1	0.0119760479041916	[0.01, 0.05)	54.153333333333336	42279	125383	0.10189455758177819	0.03431884705263074	0.03431884705263074	99.35051635351427	0.10189455758177819	False	False	False
test	NZ_CP193677.1	NZ_CP189450.1	0.0471204188481675	[0.01, 0.05)	54.153333333333336	75727	125383	0.238580691166955	0.1441503234090746	0.1441503234090746	95.33845730361871	0.238580691166955	False	False	False
test	NZ_AP027167.1	NZ_CP189450.1	0.0222222222222222	[0.01, 0.05)	54.153333333333336	90129	125383	0.14305051648193146	0.10302832122377037	0.10302832122377037	92.94876081248069	0.14305051648193146	False	False	False
test	NZ_CP189450.1	NZ_CP141542.1	0.0375426621160409	[0.01, 0.05)	54.153333333333336	125383	202151	0.15014794669133774	0.09307893604285905	0.09307893604285905	95.384888022491	0.15014794669133774	False	False	False
test	NZ_RREW01000095.1	NZ_CP189450.1	0.0161290322580645	[0.01, 0.05)	54.153333333333336	4950	125383	0.4537373737373737	0.017913114218035937	0.017913114218035937	100.0	0.4537373737373737	False	False	False
test	NZ_MT560079.1	NZ_CP189450.1	0.0229885057471264	[0.01, 0.05)	54.153333333333336	68684	125383	0.1963339351231728	0.10759831875134587	0.10759831875134587	94.75287196566016	0.1963339351231728	False	False	False
test	NZ_CP189450.1	NZ_CP042894.1	0.02	[0.01, 0.05)	54.153333333333336	125383	141344	0.10297249228364291	0.09133744623047317	0.09133744623047317	98.41316015171451	0.10297249228364291	False	False	False
test	CP009881.1	NZ_CP189450.1	0.0174418604651162	[0.01, 0.05)	54.153333333333336	50272	125383	0.11640674729471674	0.046696920635173826	0.046696920635173826	98.51502730841442	0.11640674729471674	False	False	False
test	NZ_CP095134.1	NZ_MZ690481.1	0.0467289719626168	[0.01, 0.05)	54.153333333333336	70936	201689	0.27961824743430697	0.098141197586383	0.098141197586383	94.58186764261998	0.27961824743430697	False	False	False
test	NZ_OR388869.1	NZ_MZ690481.1	0.028	[0.01, 0.05)	54.153333333333336	94213	201689	0.0737159415367306	0.0343945381255299	0.0343945381255299	99.9280598905845	0.0737159415367306	False	False	False
test	CP035636.1	NZ_MZ690481.1	0.0147058823529411	[0.01, 0.05)	54.153333333333336	103522	201689	0.1378450957284442	0.07075249517821994	0.07075249517821994	92.93948359107131	0.1378450957284442	False	False	False
test	NZ_CP054742.1	NZ_MZ690481.1	0.0227272727272727	[0.01, 0.05)	54.153333333333336	11970	201689	0.16148705096073518	0.009579104462811556	0.009579104462811556	99.431	0.16148705096073518	False	False	False
test	NZ_MW881232.1	NZ_MZ690481.1	0.0294117647058823	[0.01, 0.05)	54.153333333333336	91784	201689	0.07471890525581801	0.03400284596581866	0.03400284596581866	99.69410278466249	0.07471890525581801	False	False	False
test	OW970229.1	NZ_JBICQX010000011.1	0.0285714285714285	[0.01, 0.05)	54.153333333333336	2615	37307	0.3017208413001912	0.021175650682177607	0.021175650682177607	99.11399999999999	0.3017208413001912	False	False	False
test	NZ_CP133428.1	NZ_OP378628.1	0.0384615384615384	[0.01, 0.05)	54.153333333333336	45040	74826	0.10990230905861456	0.06615347606446957	0.06615347606446957	99.96	0.10990230905861456	False	False	False
test	NZ_JARGDG010000159.1	NZ_ON209126.1	0.0172413793103448	[0.01, 0.05)	54.153333333333336	806	54035	1.0	0.01491625798093828	0.01491625798093828	94.052	1.0	False	False	True
test	NZ_CP085077.1	CP104420.1	0.0256410256410256	[0.01, 0.05)	54.153333333333336	56811	83397	0.16488004083716182	0.11289374917562982	0.11289374917562982	92.78362805976474	0.16488004083716182	False	False	False
test	NZ_CP085077.1	NZ_AP038988.1	0.0181818181818181	[0.01, 0.05)	54.153333333333336	56811	78863	0.10290260688951083	0.07384958725891737	0.07384958725891737	93.78610020484807	0.10290260688951083	False	False	False
test	NC_014356.1	NZ_CP068905.1	0.0144927536231884	[0.01, 0.05)	54.153333333333336	9042	56522	0.06757354567573545	0.01080995010792258	0.01080995010792258	99.345	0.06757354567573545	False	False	False
test	NZ_CP079603.1	NZ_CP068927.1	0.0263157894736842	[0.01, 0.05)	54.153333333333336	6141	63589	0.19589643380556912	0.01891836638412304	0.01891836638412304	95.515	0.19589643380556912	False	False	False
test	NZ_CP095134.1	NZ_AP039440.1	0.0220994475138121	[0.01, 0.05)	54.153333333333336	70936	123644	0.13836415924213374	0.07921128400892886	0.07921128400892886	93.13481567990252	0.13836415924213374	False	False	False
test	NZ_CP095134.1	NZ_CP104527.1	0.0159574468085106	[0.01, 0.05)	54.153333333333336	70936	163762	0.13059659411300328	0.056582113066523367	0.056582113066523367	90.41487405974641	0.13059659411300328	False	False	False
test	NZ_CP095134.1	NZ_CP040807.1	0.0148148148148148	[0.01, 0.05)	54.153333333333336	70936	90871	0.19910905605052442	0.155187023362789	0.155187023362789	98.93175178659875	0.19910905605052442	False	False	False
test	NZ_CP095134.1	NZ_PQ667066.1	0.044776119402985	[0.01, 0.05)	54.153333333333336	70936	180007	0.18946656140746587	0.07461932035976379	0.07461932035976379	94.94530617706087	0.18946656140746587	False	False	False
test	NZ_CP032893.1	NZ_CP153791.1	0.0343839541547277	[0.01, 0.05)	54.153333333333336	156442	292610	0.1517814909039772	0.08103277399952155	0.08103277399952155	95.36826809978547	0.1517814909039772	False	False	False
test	NZ_CP153671.1	NZ_CP032893.1	0.0408921933085501	[0.01, 0.05)	54.153333333333336	151580	156442	0.18544003166644676	0.17995167538129148	0.17995167538129148	93.96739847409509	0.18544003166644676	False	False	False
test	NZ_NPJW01000083.1	NZ_CP067434.1	0.0122699386503067	[0.01, 0.05)	54.153333333333336	1339	180050	1.0	0.007436823104693141	0.007436823104693141	99.851	1.0	False	False	True
test	CP088364.1	NZ_JCAPTQ010000002.1	0.0349206349206349	[0.01, 0.05)	54.153333333333336	80900	249807	0.2733621755253399	0.08846829752568983	0.08846829752568983	98.46050185101579	0.2733621755253399	False	False	False
test	NZ_CP042894.1	NZ_JCAPTQ010000002.1	0.0404312668463611	[0.01, 0.05)	54.153333333333336	141344	249807	0.14733557844690967	0.08334033874150844	0.08334033874150844	98.42680948726559	0.14733557844690967	False	False	False
test	NZ_CP141199.1	NZ_JCAPTQ010000002.1	0.0148619957537154	[0.01, 0.05)	54.153333333333336	214402	249807	0.1913088497308794	0.16423879234769242	0.16423879234769242	85.25629293687496	0.1913088497308794	False	False	False
test	NZ_CP116926.1	NZ_JCAPTQ010000002.1	0.0192307692307692	[0.01, 0.05)	54.153333333333336	11848	249807	0.5348582039162728	0.02540361158814605	0.02540361158814605	98.83558693941777	0.5348582039162728	False	False	True
test	NZ_MH917123.1	NZ_JCAPTQ010000002.1	0.0226537216828478	[0.01, 0.05)	54.153333333333336	65604	249807	0.18596427047131273	0.048865724339189856	0.048865724339189856	99.40240206354406	0.18596427047131273	False	False	False
test	CP056818.1	NZ_MW390517.1	0.010204081632653	[0.01, 0.05)	54.153333333333336	84644	118279	0.09342658664524361	0.06712095976462432	0.06712095976462432	90.57080426332288	0.09342658664524361	False	False	False
test	NZ_RRFV01000201.1	CP056818.1	0.0125	[0.01, 0.05)	54.153333333333336	9998	84644	0.41318263652730547	0.04875714758281745	0.04875714758281745	92.469	0.41318263652730547	False	False	False
test	NZ_CP047470.1	NZ_CP169124.1	0.0106382978723404	[0.01, 0.05)	54.153333333333336	29812	90370	0.049107741848919896	0.01620006639371473	0.01620006639371473	99.65833879781422	0.049107741848919896	False	False	False
test	NZ_JAXIVF010000032.1	LR962847.1	0.0196078431372549	[0.01, 0.05)	54.153333333333336	7097	97574	0.30745385374101736	0.022475249554184517	0.022475249554184517	99.088	0.30745385374101736	False	False	False
test	NZ_QXGQ01000055.1	CP052444.1	0.0106382978723404	[0.01, 0.05)	54.153333333333336	25391	174931	0.05734315308573904	0.00832328175109043	0.00832328175109043	99.931	0.05734315308573904	False	False	False
test	NZ_QXGQ01000055.1	NZ_CP092976.1	0.0114942528735632	[0.01, 0.05)	54.153333333333336	25391	122037	0.05734315308573904	0.011930807869744422	0.011930807869744422	99.931	0.05734315308573904	False	False	False
test	NZ_CP156664.1	OW848843.1	0.0213414634146341	[0.01, 0.05)	54.153333333333336	96210	252697	0.1847209229809791	0.07026992801655738	0.07026992801655738	90.86910355625139	0.1847209229809791	False	False	False
test	NZ_OY843410.1	OW848843.1	0.0114942528735632	[0.01, 0.05)	54.153333333333336	136788	252697	0.11171301576161652	0.06048746126784252	0.06048746126784252	92.76160864173357	0.11171301576161652	False	False	False
test	OW848843.1	NZ_CP073055.1	0.0359848484848484	[0.01, 0.05)	54.153333333333336	252697	324410	0.08304807734163841	0.06461884652137727	0.06461884652137727	95.23557272597593	0.08304807734163841	False	False	False
test	CP067898.1	OW969918.1	0.024	[0.01, 0.05)	54.153333333333336	48619	104126	0.1427836853904852	0.06688051015116302	0.06688051015116302	95.19152734318932	0.1427836853904852	False	False	False
test	CP067898.1	CP080739.1	0.0297872340425531	[0.01, 0.05)	54.153333333333336	48619	206152	0.2561138649499167	0.060421436609880086	0.060421436609880086	97.81060093030716	0.2561138649499167	True	False	False
test	CP067898.1	NZ_CP014496.1	0.0129870129870129	[0.01, 0.05)	54.153333333333336	48619	114223	0.07254365577243464	0.03087819440918204	0.03087819440918204	98.47087000849618	0.07254365577243464	False	False	False
test	CP067898.1	NZ_OK247586.1	0.0153846153846153	[0.01, 0.05)	54.153333333333336	48619	78461	0.06530368785865608	0.04068263213571074	0.04068263213571074	99.5613201754386	0.06530368785865608	False	False	False
test	NZ_CP097707.1	OW849035.1	0.029940119760479	[0.01, 0.05)	54.153333333333336	159393	204647	0.1372519495837333	0.1069451299066197	0.1069451299066197	92.13947691957165	0.1372519495837333	False	False	False
test	NZ_JBXUIF010000005.1	NZ_CP097707.1	0.0497237569060773	[0.01, 0.05)	54.153333333333336	63293	159393	0.11974467950642251	0.047561687150627696	0.047561687150627696	99.73619839071364	0.11974467950642251	False	False	False
test	NZ_JBUBIP010000002.1	NZ_CP040126.1	0.020446096654275	[0.01, 0.05)	54.153333333333336	150224	395774	0.051449834913196296	0.019526295309949617	0.019526295309949617	92.67977316664519	0.051449834913196296	False	False	False
test	NZ_CP129515.1	NZ_JBUBIP010000002.1	0.0111111111111111	[0.01, 0.05)	54.153333333333336	138894	150224	0.062313706855587715	0.05757402279262967	0.05757402279262967	92.01222836095764	0.062313706855587715	False	False	False
test	NZ_JCCDRD010000005.1	CP067788.1	0.0454545454545454	[0.01, 0.05)	54.153333333333336	7624	13841	0.17759706190975866	0.09876454013438335	0.09876454013438335	93.8952129360465	0.17759706190975866	False	False	False
test	NZ_JBFRXW010000014.1	NZ_CP035572.1	0.0421052631578947	[0.01, 0.05)	54.153333333333336	40934	67997	0.294938193189036	0.17765489653955321	0.17765489653955321	93.77836437246961	0.294938193189036	False	False	False
test	NZ_POTA01000048.1	NZ_CP060975.1	0.0272727272727272	[0.01, 0.05)	54.153333333333336	10236	112054	0.4197928878468152	0.03842790083352669	0.03842790083352669	97.58539818899466	0.4197928878468152	False	False	False
test	NZ_JBTAPC010000002.1	NZ_CP042365.1	0.0116279069767441	[0.01, 0.05)	54.153333333333336	126207	256887	0.032161449047992584	0.01580072171810952	0.01580072171810952	99.97535353535353	0.032161449047992584	False	False	False
test	NZ_CP095668.1	NZ_CP042365.1	0.0149253731343283	[0.01, 0.05)	54.153333333333336	45403	256887	0.027993744906724224	0.004947700740014092	0.004947700740014092	99.76388276947286	0.027993744906724224	False	False	False
test	NZ_CP059930.1	NZ_MK477611.1	0.0248618784530386	[0.01, 0.05)	54.153333333333336	99943	263466	0.1797524589015739	0.06816818868468796	0.06816818868468796	99.13261647948406	0.1797524589015739	False	False	False
test	NZ_RROE01000117.1	NZ_OP006451.1	0.0166666666666666	[0.01, 0.05)	54.153333333333336	4495	136951	1.0	0.03288767515388716	0.03288767515388716	94.53466386368665	1.0	False	False	True
test	NZ_CP018253.1	NZ_OP006451.1	0.0384615384615384	[0.01, 0.05)	54.153333333333336	95229	136951	0.17910510453748332	0.12495710144504239	0.12495710144504239	93.96564931203359	0.17910510453748332	False	False	False
test	NZ_CP039470.1	NZ_OP006451.1	0.0346534653465346	[0.01, 0.05)	54.153333333333336	81940	136951	0.16064193312179645	0.09600514052471322	0.09600514052471322	87.99709168556312	0.16064193312179645	False	False	False
test	NZ_JALIIF010000143.1	NZ_JCDGMJ010000045.1	0.024390243902439	[0.01, 0.05)	54.153333333333336	13136	34070	0.13337393422655297	0.051746404461402995	0.051746404461402995	97.335839569161	0.13337393422655297	False	False	False
test	NZ_CP135667.1	NZ_CP103691.1	0.0105263157894736	[0.01, 0.05)	54.153333333333336	76366	449953	0.20201398528140796	0.03429247054692379	0.03429247054692379	88.3834301269248	0.1976613569002152	True	False	False
test	NZ_JAQFKI010000166.1	NZ_AP042702.1	0.0185185185185185	[0.01, 0.05)	54.153333333333336	1877	97991	0.9994672349493873	0.01914461532181527	0.01914461532181527	95.149	0.9994672349493873	False	False	True
test	NZ_JAQFKI010000166.1	NZ_JBRAXZ010000003.1	0.0166666666666666	[0.01, 0.05)	54.153333333333336	1877	118098	0.9738945125199787	0.015478670256905282	0.015478670256905282	93.49714371584699	0.9738945125199787	False	False	True
test	NZ_CP021547.1	NZ_OQ803523.1	0.0442477876106194	[0.01, 0.05)	54.153333333333336	45740	65989	0.12955837341495408	0.08981799996969192	0.08981799996969192	97.85759294871795	0.12955837341495408	False	False	False
test	NZ_CP021547.1	CP014297.1	0.015267175572519	[0.01, 0.05)	54.153333333333336	45740	90274	0.09195452557936161	0.04654717858962713	0.04654717858962713	97.31517818959372	0.09195452557936161	False	False	False
test	NZ_JBDYHN010000069.1	NZ_CP021547.1	0.0227272727272727	[0.01, 0.05)	54.153333333333336	225	45740	1.0	0.004919108001749016	0.004919108001749016	100.0	1.0	False	False	True
test	NZ_CP021547.1	NZ_CP098487.1	0.0111111111111111	[0.01, 0.05)	54.153333333333336	45740	49381	0.02960209881941408	0.027419452825985704	0.027419452825985704	99.926	0.02960209881941408	False	False	False
test	NZ_MATG01000012.1	CP122738.1	0.010752688172043	[0.01, 0.05)	54.153333333333336	10213	93581	0.18094585332419466	0.019875829495303535	0.019875829495303535	97.25798387096775	0.18094585332419466	False	False	False
test	NZ_RRRW01000071.1	NZ_CP031907.1	0.0384615384615384	[0.01, 0.05)	54.153333333333336	93340	121036	0.16894150417827297	0.13044053009022108	0.13044053009022108	94.94591271347248	0.16894150417827297	False	False	False
test	NZ_CP138438.1	NZ_CP061958.1	0.0238095238095238	[0.01, 0.05)	54.153333333333336	97656	109135	0.1494736626525764	0.13412745681953545	0.13412745681953545	94.57156101058384	0.1494736626525764	False	False	False
test	NZ_CP061958.1	NZ_OK649970.1	0.0208333333333333	[0.01, 0.05)	54.153333333333336	109135	261511	0.09858432216978971	0.041164616402369306	0.041164616402369306	99.04345110058512	0.09858432216978971	False	False	False
test	NZ_AP043608.1	NZ_AP042702.1	0.0142180094786729	[0.01, 0.05)	54.153333333333336	96372	97991	0.1197443240775329	0.11775571225928912	0.11775571225928912	90.01890070738442	0.1197443240775329	False	False	False
test	NZ_AP043608.1	CP099211.1	0.0168067226890756	[0.01, 0.05)	54.153333333333336	96372	128784	0.10633794048063754	0.0799400546651758	0.0799400546651758	89.26968918266911	0.10633794048063754	False	False	False
test	NC_013369.1	NZ_CP148841.1	0.0215633423180593	[0.01, 0.05)	54.153333333333336	85167	319375	0.1562811887233318	0.04185362035225049	0.04185362035225049	94.98883083127942	0.1562811887233318	False	False	False
test	CP088364.1	NZ_CP148841.1	0.0368421052631578	[0.01, 0.05)	54.153333333333336	80900	319375	0.30205191594561187	0.07649628180039139	0.07649628180039139	95.8980316734694	0.30205191594561187	False	False	False
test	OW849481.1	NZ_CP148841.1	0.0172413793103448	[0.01, 0.05)	54.153333333333336	105977	319375	0.12844296403936703	0.04268023483365949	0.04268023483365949	98.00538380875557	0.12844296403936703	False	False	False
test	NZ_JABWHZ010000057.1	NZ_CP148841.1	0.0368663594470046	[0.01, 0.05)	54.153333333333336	139873	319375	0.15609874672023907	0.06833346379647749	0.06833346379647749	97.97688107662731	0.15609874672023907	False	False	False
test	NZ_CP149373.1	NZ_AP026795.1	0.016	[0.01, 0.05)	54.153333333333336	90028	165477	0.14787621628826586	0.08069399372722492	0.08069399372722492	91.56893570308416	0.14787621628826586	False	False	False
test	NZ_RREW01000095.1	NZ_AP026795.1	0.0119047619047619	[0.01, 0.05)	54.153333333333336	4950	165477	0.5947474747474748	0.01782120778114179	0.01782120778114179	99.89820922346559	0.5947474747474748	False	False	True
test	CP128668.1	NZ_AP026795.1	0.0310880829015544	[0.01, 0.05)	54.153333333333336	30836	165477	0.22496432740952133	0.04193332003843434	0.04193332003843434	99.06395247011379	0.22496432740952133	False	False	False
test	NZ_CP189869.1	NZ_AP026795.1	0.0255474452554744	[0.01, 0.05)	54.153333333333336	110729	165477	0.11387260789856316	0.07631876333266858	0.07631876333266858	89.01827875305045	0.11387260789856316	False	False	False
test	NZ_MH917123.1	NZ_AP026795.1	0.0223214285714285	[0.01, 0.05)	54.153333333333336	65604	165477	0.18165050911529784	0.07204626624848166	0.07204626624848166	98.99413630648002	0.18165050911529784	False	False	False
test	NZ_RRSM01000100.1	NZ_CP107173.1	0.0129032258064516	[0.01, 0.05)	54.153333333333336	14263	149268	0.6641660239781252	0.06345633357451028	0.06345633357451028	93.54848060299389	0.6641660239781252	False	False	True
test	NZ_CP129713.1	NZ_CP107173.1	0.0242914979757085	[0.01, 0.05)	54.153333333333336	106834	149268	0.15579309957504164	0.11142374788970175	0.11142374788970175	92.1816883442917	0.15579309957504164	False	False	False
test	NZ_CP152448.1	OW969918.1	0.0416666666666666	[0.01, 0.05)	54.153333333333336	11970	104126	0.16123642439431912	0.01852563240689165	0.01852563240689165	99.741	0.16123642439431912	False	False	False
test	NZ_RRGN01000097.1	NZ_CP119738.1	0.0336134453781512	[0.01, 0.05)	54.153333333333336	23754	100423	0.3291656142123432	0.07785069157463928	0.07785069157463928	94.57315872813177	0.3291656142123432	False	False	False
test	NZ_PEHU01000018.1	CP122777.1	0.0153846153846153	[0.01, 0.05)	54.153333333333336	41575	116463	0.06857486470234515	0.02464301967148365	0.02464301967148365	89.18164285714285	0.06857486470234515	False	False	False
test	NZ_PEHU01000018.1	NZ_CP175912.1	0.0258620689655172	[0.01, 0.05)	54.153333333333336	41575	81078	0.12050511124473842	0.06196502133747749	0.06196502133747749	99.38361774065235	0.12050511124473842	False	False	False
test	NZ_PEHU01000018.1	NZ_CP143302.1	0.0344827586206896	[0.01, 0.05)	54.153333333333336	41575	83020	0.07521346963319303	0.037834256805589016	0.037834256805589016	96.82265649825229	0.07521346963319303	False	False	False
test	NZ_CP036189.1	NZ_PEHU01000018.1	0.0204081632653061	[0.01, 0.05)	54.153333333333336	9341	41575	0.0808264639760197	0.018472639807576668	0.018472639807576668	92.839	0.0808264639760197	False	False	False
test	NZ_CP032171.1	NZ_PEHU01000018.1	0.02	[0.01, 0.05)	54.153333333333336	25510	41575	0.342297138377107	0.2096211665664462	0.2096211665664462	96.58856611333715	0.342297138377107	False	False	False
test	NZ_OQ803523.1	NZ_CP195365.1	0.0150753768844221	[0.01, 0.05)	54.153333333333336	65989	137286	0.0531906832957008	0.025501507801232462	0.025501507801232462	95.47526237905518	0.0531906832957008	False	False	False
test	NZ_CP026219.1	NZ_OQ803523.1	0.0176991150442477	[0.01, 0.05)	54.153333333333336	35298	65989	0.05663210380191512	0.030232311445847034	0.030232311445847034	99.60021978021977	0.05663210380191512	False	False	False
test	NZ_CP014496.1	CP098997.1	0.0157480314960629	[0.01, 0.05)	54.153333333333336	114223	169374	0.05207357537448675	0.03504670138273879	0.03504670138273879	97.84875294117646	0.05207357537448675	False	False	False
test	NZ_JBRAXZ010000003.1	CP098997.1	0.0153256704980842	[0.01, 0.05)	54.153333333333336	118098	169374	0.058680079256210944	0.04084452159127139	0.04084452159127139	98.09557091328811	0.058680079256210944	False	False	False
test	CP128668.1	CP098997.1	0.0113636363636363	[0.01, 0.05)	54.153333333333336	30836	169374	0.10471526786872487	0.01907022329283125	0.01907022329283125	97.98804704425875	0.10471526786872487	False	False	False
test	NZ_NTHV01000058.1	NZ_CP153791.1	0.0352422907488986	[0.01, 0.05)	54.153333333333336	14083	292610	1.0	0.04873380950753563	0.04873380950753563	94.63281137892376	1.0	False	False	True
test	NZ_JBXUIF010000005.1	NZ_CP153791.1	0.0154440154440154	[0.01, 0.05)	54.153333333333336	63293	292610	0.11372505648333939	0.024582208400259733	0.024582208400259733	99.55601138098544	0.11372505648333939	False	False	False
test	NZ_OK649970.1	NZ_CP153791.1	0.0111607142857142	[0.01, 0.05)	54.153333333333336	261511	292610	0.047317321259908764	0.04216875704863128	0.04216875704863128	96.82475939242143	0.047317321259908764	False	False	False
test	NZ_JBZGGV010000003.1	NZ_CP153791.1	0.0142857142857142	[0.01, 0.05)	54.153333333333336	215968	292610	0.02994888131575048	0.022066915006322407	0.022066915006322407	94.41862658032684	0.02994888131575048	False	False	False
test	NZ_CP183354.1	NZ_CP062226.1	0.0477326968973747	[0.01, 0.05)	54.153333333333336	162681	265014	0.14488477449732912	0.08894624434935512	0.08894624434935512	99.13890172209028	0.14488477449732912	False	False	False
test	NZ_CP086389.1	NZ_CP183354.1	0.0428134556574923	[0.01, 0.05)	54.153333333333336	142329	162681	0.07996262181284208	0.07012496849662837	0.07012496849662837	99.60609615553024	0.07996262181284208	False	False	False
test	NZ_CP151316.1	NZ_CP183354.1	0.0276243093922651	[0.01, 0.05)	54.153333333333336	8378	162681	0.258295535927429	0.01338201756812412	0.01338201756812412	99.403	0.258295535927429	False	False	False
test	NZ_CP183354.1	NZ_CP138727.1	0.0266343825665859	[0.01, 0.05)	54.153333333333336	162681	277344	0.08429380198056319	0.04941516672435676	0.04941516672435676	99.50411345242433	0.08429380198056319	False	False	False
test	CP051936.1	NZ_JBICQX010000011.1	0.0175438596491228	[0.01, 0.05)	54.153333333333336	27271	37307	0.15360639507168788	0.11247219020559145	0.11247219020559145	95.67	0.15360639507168788	False	False	False
test	NZ_CP146851.1	NZ_JBZGES010000003.1	0.0212765957446808	[0.01, 0.05)	54.153333333333336	138872	162786	0.09235843078518348	0.07883356062560662	0.07883356062560662	93.92019839850734	0.09235843078518348	False	False	False
test	NZ_JBSJBU010000003.1	NZ_JBZGES010000003.1	0.0186046511627906	[0.01, 0.05)	54.153333333333336	63107	162786	0.19134168951146466	0.07431228729743344	0.07431228729743344	88.53029052666173	0.19134168951146466	False	False	False
test	CP014297.1	NZ_JBRJPJ010000002.1	0.0193370165745856	[0.01, 0.05)	54.153333333333336	90274	285363	0.12529632009216385	0.03961270381934589	0.03961270381934589	93.56521817862166	0.12529632009216385	False	False	False
test	NZ_CP145712.1	NZ_CP028152.1	0.0131578947368421	[0.01, 0.05)	54.153333333333336	33455	56636	0.09517261993722911	0.05616568966734939	0.05616568966734939	86.91746384976527	0.09517261993722911	False	False	False
test	NZ_CP028152.1	NZ_CP039470.1	0.0305343511450381	[0.01, 0.05)	54.153333333333336	56636	81940	0.18401723285542765	0.12875274591164265	0.12875274591164265	93.95431938409217	0.18401723285542765	False	False	False
test	NZ_RRHQ01000168.1	NZ_CP101766.1	0.0254237288135593	[0.01, 0.05)	54.153333333333336	1714	127176	1.0	0.01347738567025225	0.01347738567025225	99.942	1.0	False	False	True
test	NZ_MW390523.1	NZ_CP101766.1	0.03125	[0.01, 0.05)	54.153333333333336	89311	127176	0.15853590263237452	0.11160910863684972	0.11160910863684972	92.17729388241897	0.15853590263237452	False	False	False
test	NZ_RREL01000124.1	NZ_CP101766.1	0.015625	[0.01, 0.05)	54.153333333333336	8318	127176	0.635609521519596	0.041572309240737244	0.041572309240737244	88.40751491277433	0.635609521519596	False	False	True
test	CP052444.1	NZ_CP141199.1	0.0185185185185185	[0.01, 0.05)	54.153333333333336	174931	214402	0.0691872795559392	0.05646402552214998	0.05646402552214998	99.85138969191377	0.0691872795559392	False	False	False
test	NZ_CP086389.1	CP052444.1	0.0155763239875389	[0.01, 0.05)	54.153333333333336	142329	174931	0.04669463004728481	0.03788922489438693	0.03788922489438693	99.42837866706783	0.04669463004728481	False	False	False
test	NZ_CP130211.1	CP052444.1	0.0350877192982456	[0.01, 0.05)	54.153333333333336	83295	174931	0.17954258959121197	0.08548513413860322	0.08548513413860322	95.35852417472493	0.17954258959121197	False	False	False
test	NZ_MG591701.1	CP052444.1	0.0214592274678111	[0.01, 0.05)	54.153333333333336	91597	174931	0.16307302640916188	0.08551371683692427	0.08551371683692427	95.95750040026685	0.16307302640916188	False	False	False
test	NZ_OK247586.1	CP080739.1	0.0105263157894736	[0.01, 0.05)	54.153333333333336	78461	206152	0.10588700118530225	0.040300360898754314	0.040300360898754314	95.11457436082104	0.10588700118530225	True	False	False
test	NZ_CP193630.1	CP080739.1	0.0225563909774436	[0.01, 0.05)	54.153333333333336	88723	206152	0.20441148293001815	0.08783810004268695	0.08783810004268695	89.92397649443866	0.20441148293001815	True	False	False
test	NZ_AP022296.1	CP080739.1	0.0136054421768707	[0.01, 0.05)	54.153333333333336	105884	206152	0.07562049034792792	0.038840273196476385	0.038840273196476385	99.17610248408438	0.07562049034792792	True	False	False
test	NZ_CP025252.1	CP080739.1	0.0254237288135593	[0.01, 0.05)	54.153333333333336	33924	206152	0.23499587312816886	0.038723854243470836	0.038723854243470836	98.73550782521598	0.23499587312816886	True	False	False
test	AP019709.1	NZ_CP014496.1	0.0304878048780487	[0.01, 0.05)	54.153333333333336	86874	114223	0.14361028616156732	0.10955761974383443	0.10955761974383443	91.79155411220913	0.14361028616156732	False	False	False
test	NZ_CP149373.1	NZ_MW390517.1	0.0194174757281553	[0.01, 0.05)	54.153333333333336	90028	118279	0.08525125516505976	0.06471985728658511	0.06471985728658511	90.43423486714192	0.08525125516505976	False	False	False
test	NZ_OK247586.1	NZ_KX636095.1	0.032994923857868	[0.01, 0.05)	54.153333333333336	78461	335317	0.1274646002472566	0.02977481010506476	0.02977481010506476	98.60040333866453	0.1274646002472566	False	False	False
test	CP088364.1	NZ_KX636095.1	0.0289473684210526	[0.01, 0.05)	54.153333333333336	80900	335317	0.32344870210135973	0.07795608334799607	0.07795608334799607	93.6789341249001	0.32344870210135973	False	False	False
test	NZ_OK649970.1	NZ_KX636095.1	0.0148148148148148	[0.01, 0.05)	54.153333333333336	261511	335317	0.1057584575792223	0.08246823155402201	0.08246823155402201	97.85326284784966	0.1057584575792223	False	False	False
test	NZ_CP127500.1	NZ_CP086762.1	0.0160427807486631	[0.01, 0.05)	54.153333333333336	134238	296148	0.09356516038677573	0.04247200723962343	0.04247200723962343	99.32440777239133	0.09356516038677573	False	False	False
test	NZ_CP100792.1	NZ_MK477611.1	0.0288461538461538	[0.01, 0.05)	54.153333333333336	79245	263466	0.2607609312890403	0.07848071477913658	0.07848071477913658	98.56505130682642	0.2607609312890403	False	False	False
test	NZ_CP100792.1	NZ_AP024115.1	0.0261437908496732	[0.01, 0.05)	54.153333333333336	79245	109993	0.11860685216732916	0.08540543489131126	0.08540543489131126	96.55293265957447	0.11860685216732916	False	False	False
test	NZ_CP195975.1	NZ_CP100792.1	0.0192307692307692	[0.01, 0.05)	54.153333333333336	62763	79245	0.18522059174991634	0.14694933434286075	0.14694933434286075	95.17521929899733	0.18522059174991634	False	False	False
test	NZ_CP068905.1	NZ_CP126754.1	0.0307692307692307	[0.01, 0.05)	54.153333333333336	56522	143779	0.13076324263118785	0.05138441636122104	0.05138441636122104	99.9054267352185	0.13076324263118785	False	False	False
test	NZ_CP126754.1	CP044381.1	0.0471204188481675	[0.01, 0.05)	54.153333333333336	143779	312615	0.1475389312764729	0.0678438334692833	0.0678438334692833	98.88794642604722	0.1475389312764729	False	False	False
test	NZ_CP126754.1	NZ_CP054265.1	0.0278745644599303	[0.01, 0.05)	54.153333333333336	143779	168717	0.11584445572719243	0.09872745485043001	0.09872745485043001	94.148600143747	0.11584445572719243	False	False	False
test	NZ_CP149976.1	NZ_CP068594.1	0.0413793103448275	[0.01, 0.05)	54.153333333333336	58972	82214	0.09063623414501798	0.06502542146106502	0.06502542146106502	99.38296484009724	0.09063623414501798	False	False	False
test	NZ_CP179644.1	NC_011794.1	0.032258064516129	[0.01, 0.05)	54.153333333333336	31549	33405	0.4491109068433231	0.4244873521927855	0.4244873521927855	83.92882146102761	0.4491109068433231	False	False	False
test	NC_012148.1	NZ_CP179644.1	0.0185185185185185	[0.01, 0.05)	54.153333333333336	30026	31549	0.006094717911143676	0.005832197533994738	0.005832197533994738	85.326	0.006094717911143676	False	False	False
test	NZ_CP068905.1	NZ_CP073055.1	0.0108108108108108	[0.01, 0.05)	54.153333333333336	56522	324410	0.07135274760270337	0.01240713911408403	0.01240713911408403	98.61141433176296	0.07135274760270337	False	False	False
test	NZ_CP068905.1	NZ_CP069854.1	0.0256410256410256	[0.01, 0.05)	54.153333333333336	56522	137344	0.18851066841229963	0.07757164492078285	0.07757164492078285	95.04258738637427	0.18851066841229963	False	False	False
test	NZ_CP092976.1	NZ_JBSTQQ010000002.1	0.0175438596491228	[0.01, 0.05)	54.153333333333336	122037	156753	0.11416209837999951	0.08887868174771775	0.08887868174771775	94.39026923628028	0.11416209837999951	False	False	False
test	NZ_OK247586.1	NZ_CP092976.1	0.0491071428571428	[0.01, 0.05)	54.153333333333336	78461	122037	0.10100559513643721	0.0649393216811295	0.0649393216811295	98.43621506054491	0.10100559513643721	False	False	False
test	NZ_CP092976.1	NZ_CP141199.1	0.0136612021857923	[0.01, 0.05)	54.153333333333336	122037	214402	0.08626072420659309	0.04912734023003517	0.04912734023003517	99.06976511914934	0.08626072420659309	False	False	False
test	CP128668.1	NZ_CP092976.1	0.028735632183908	[0.01, 0.05)	54.153333333333336	30836	122037	0.20271760280191983	0.05122217032539312	0.05122217032539312	97.81218763973172	0.20271760280191983	False	False	False
test	OR771667.1	NZ_CP114566.1	0.0108695652173913	[0.01, 0.05)	54.153333333333336	56762	210045	0.06340509495789437	0.017134423575900403	0.017134423575900403	99.97213948318976	0.06340509495789437	False	False	False
test	OR771667.1	NZ_CP154633.1	0.0316205533596837	[0.01, 0.05)	54.153333333333336	56762	210515	0.09559212148972904	0.025727382846828017	0.025727382846828017	99.96315481017324	0.09559212148972904	False	False	False
test	OR771667.1	NZ_JCDLMC010000005.1	0.016260162601626	[0.01, 0.05)	54.153333333333336	56762	67088	0.026602304358549735	0.022507751013594087	0.022507751013594087	99.93344900662252	0.026602304358549735	False	False	False
test	NC_013369.1	CP073108.1	0.0258064516129032	[0.01, 0.05)	54.153333333333336	85167	108563	0.16715394460295654	0.13129703490139366	0.13129703490139366	94.68454315288851	0.16715394460295654	False	False	False
test	NZ_JBSTQQ010000002.1	NZ_CP141542.1	0.028391167192429	[0.01, 0.05)	54.153333333333336	156753	202151	0.21449031278508227	0.1661728114132505	0.1661728114132505	91.10292965210955	0.21449031278508227	False	False	False
test	NZ_CP079824.1	NZ_CP141542.1	0.0104166666666666	[0.01, 0.05)	54.153333333333336	13893	202151	0.26430576549341395	0.018164639304282443	0.018164639304282443	99.97282434640523	0.26430576549341395	False	False	False
test	NZ_CP133428.1	NZ_CP141542.1	0.0180995475113122	[0.01, 0.05)	54.153333333333336	45040	202151	0.10603907637655417	0.02363579700323026	0.02363579700323026	99.937452909167	0.10603907637655417	False	False	False
test	NZ_JCBEAH010000002.1	NZ_CP036189.1	0.0454545454545454	[0.01, 0.05)	54.153333333333336	7162	9341	0.19910639486177045	0.15298147949898297	0.15298147949898297	84.91760606060606	0.19910639486177045	False	False	False
test	NZ_JBHEIN010000092.1	NZ_CP095666.1	0.0384615384615384	[0.01, 0.05)	54.153333333333336	14708	99379	0.23735382104976882	0.03502752090481893	0.03502752090481893	98.85499427426281	0.23735382104976882	False	False	False
test	NZ_CP095666.1	NZ_CP189869.1	0.0196078431372549	[0.01, 0.05)	54.153333333333336	99379	110729	0.1003934432827861	0.09004867740158405	0.09004867740158405	86.8279416567105	0.1003934432827861	False	False	False
test	NZ_CP063884.1	NZ_CP129022.1	0.0112359550561797	[0.01, 0.05)	54.153333333333336	57825	219302	0.1275918720276697	0.03366134371779555	0.03366134371779555	92.59648014050258	0.1275918720276697	False	False	False
test	NZ_CP169124.1	NZ_CP189869.1	0.0338983050847457	[0.01, 0.05)	54.153333333333336	90370	110729	0.11320128361181808	0.09245996983626692	0.09245996983626692	87.72805306558013	0.11320128361181808	False	False	False
test	NZ_JBRXNM010000013.1	NZ_CP169124.1	0.0128205128205128	[0.01, 0.05)	54.153333333333336	6948	90370	0.39795624640184224	0.03062963372800708	0.03062963372800708	98.01588455988457	0.39795624640184224	False	False	False
test	NZ_JBANRQ010000037.1	NZ_JBSTQQ010000002.1	0.0273972602739726	[0.01, 0.05)	54.153333333333336	11213	156753	0.45081601712298225	0.03228008395373613	0.03228008395373613	99.90088794466403	0.45081601712298225	False	False	False
test	NZ_CP058198.1	NZ_JBSTQQ010000002.1	0.0131004366812227	[0.01, 0.05)	54.153333333333336	108466	156753	0.11765898991389007	0.0814274686927842	0.0814274686927842	90.62007325835677	0.11765898991389007	False	False	False
test	NZ_CP138438.1	NZ_MK477611.1	0.0163487738419618	[0.01, 0.05)	54.153333333333336	97656	263466	0.09170967477676743	0.033985409882110025	0.033985409882110025	97.87969032474054	0.09170967477676743	False	False	False
test	NZ_RREW01000095.1	NZ_CP129815.1	0.0227272727272727	[0.01, 0.05)	54.153333333333336	4950	146394	0.8406060606060606	0.028423296036722816	0.028423296036722816	99.83183489545782	0.8406060606060606	False	False	True
test	NZ_JBTAPC010000002.1	NZ_CP062226.1	0.043360433604336	[0.01, 0.05)	54.153333333333336	126207	265014	0.07862479894142163	0.037443304882006236	0.037443304882006236	99.91962978637646	0.07862479894142163	False	False	False
test	NZ_OK247586.1	NZ_OR388869.1	0.0225988700564971	[0.01, 0.05)	54.153333333333336	78461	94213	0.06627496463211022	0.055236538481950474	0.055236538481950474	97.34871239193085	0.06627496463211022	False	False	False
test	NZ_OK247586.1	NZ_CP156664.1	0.0106951871657754	[0.01, 0.05)	54.153333333333336	78461	96210	0.059379819273269525	0.048456501403180544	0.048456501403180544	95.85296814878153	0.059379819273269525	False	False	False
test	NZ_CP138438.1	NZ_CP163034.1	0.0355731225296442	[0.01, 0.05)	54.153333333333336	97656	190061	0.1970078643401327	0.10131484102472364	0.10131484102472364	94.40507031006949	0.1970078643401327	False	False	False
test	NZ_CP138438.1	NZ_JBXSEZ010000002.1	0.020671834625323	[0.01, 0.05)	54.153333333333336	97656	287195	0.24195133939542884	0.08235867616079667	0.08235867616079667	96.70860390433532	0.24195133939542884	False	False	False
test	NZ_LR890211.1	NZ_CP163034.1	0.0229885057471264	[0.01, 0.05)	54.153333333333336	111450	190061	0.1053028263795424	0.061748596503227914	0.061748596503227914	96.19514427987745	0.1053028263795424	False	False	False
test	NZ_CP073000.1	NZ_JBVYPD010000003.1	0.0166666666666666	[0.01, 0.05)	54.153333333333336	6796	50445	0.17672160094173042	0.023788284269997028	0.023788284269997028	92.193	0.17672160094173042	False	False	False
test	NZ_JAUDQG020000015.1	NZ_JAHQYP010000015.1	0.0133333333333333	[0.01, 0.05)	54.153333333333336	1925	81298	0.8425974025974026	0.019951290314644887	0.019951290314644887	97.16350061652281	0.8425974025974026	False	False	True
test	NZ_JBTYIM010000004.1	NZ_JBKHUK010000005.1	0.0175438596491228	[0.01, 0.05)	54.153333333333336	9590	60389	0.10552659019812305	0.016642103694381426	0.016642103694381426	98.51782213438734	0.10552659019812305	False	False	False
test	NZ_JBTYIM010000004.1	NZ_MW881232.1	0.034090909090909	[0.01, 0.05)	54.153333333333336	9590	91784	0.5045881126173097	0.05272160725180859	0.05272160725180859	99.85498450092994	0.5045881126173097	False	False	True
test	NZ_JBWJYT010000002.1	NZ_MW390517.1	0.0420560747663551	[0.01, 0.05)	54.153333333333336	107551	118279	0.16983570585117758	0.15460901766163054	0.15460901766163054	93.55203725084414	0.16983570585117758	False	False	False
test	NZ_CP026219.1	NZ_CP024550.1	0.0193236714975845	[0.01, 0.05)	54.153333333333336	35298	187611	0.10519009575613349	0.019785620246147613	0.019785620246147613	98.27956290322581	0.10519009575613349	False	False	False
test	NZ_CP196097.1	NZ_CP024550.1	0.0184331797235023	[0.01, 0.05)	54.153333333333336	46176	187611	0.23520876645876646	0.05790172218046916	0.05790172218046916	94.05126686863123	0.23520876645876646	False	False	False
test	NZ_OY843410.1	NZ_ON390820.1	0.0126984126984126	[0.01, 0.05)	54.153333333333336	136788	190661	0.13702956399684182	0.09823194045976891	0.09823194045976891	92.38274681723753	0.13702956399684182	False	False	False
test	NZ_MZ475707.1	NZ_ON390820.1	0.0102739726027397	[0.01, 0.05)	54.153333333333336	100733	190661	0.07609224385256073	0.040191753950729305	0.040191753950729305	95.32843578399479	0.07609224385256073	False	False	False
test	NZ_CP135149.1	NZ_CP169909.1	0.0301507537688442	[0.01, 0.05)	54.153333333333336	58662	155489	0.2679758617162729	0.10103608615400446	0.10103608615400446	96.39249596697364	0.2679758617162729	False	False	False
test	NZ_CP135149.1	NZ_CP141199.1	0.0209790209790209	[0.01, 0.05)	54.153333333333336	58662	214402	0.14960280931437728	0.04095111053068535	0.04095111053068535	98.67954860004552	0.14960280931437728	False	False	False
test	NZ_CP135149.1	NZ_CP196152.1	0.0242825607064017	[0.01, 0.05)	54.153333333333336	58662	398273	0.2793631311581603	0.04110245987049085	0.04110245987049085	92.90808580978425	0.2793631311581603	False	False	False
test	OW849481.1	NZ_CP192622.1	0.0186046511627906	[0.01, 0.05)	54.153333333333336	105977	125195	0.06800532190947092	0.057614121969727226	0.057614121969727226	97.43626579822617	0.06800532190947092	False	False	False
test	NZ_PP129611.1	OW849481.1	0.0298507462686567	[0.01, 0.05)	54.153333333333336	63468	105977	0.16611520766370455	0.09967257046340243	0.09967257046340243	96.51129951782168	0.16611520766370455	False	False	False
test	NZ_PP129611.1	NZ_CP133928.1	0.0218978102189781	[0.01, 0.05)	54.153333333333336	63468	100835	0.15291170353564001	0.09587940695195121	0.09587940695195121	92.00583929305384	0.15291170353564001	False	False	False
test	NZ_PP129611.1	NZ_CP138727.1	0.0137457044673539	[0.01, 0.05)	54.153333333333336	63468	277344	0.1963981849120817	0.04495139610015	0.04495139610015	99.96024183845351	0.1963981849120817	False	False	False
test	NZ_CP048364.1	NZ_CP063884.1	0.0172413793103448	[0.01, 0.05)	54.153333333333336	7872	57825	0.09730691056910569	0.013246865542585386	0.013246865542585386	94.125	0.09730691056910569	False	False	False
test	NZ_RRHQ01000168.1	NC_017659.1	0.019108280254777	[0.01, 0.05)	54.153333333333336	1714	147060	1.0	0.011655106759145927	0.011655106759145927	99.942	1.0	False	False	True
test	NZ_RRHQ01000168.1	NZ_JBWLLO010000003.1	0.0125	[0.01, 0.05)	54.153333333333336	1714	73335	0.08868144690781797	0.0020726801663598555	0.0020726801663598555	100.0	0.08868144690781797	False	False	False
test	NZ_JBFMZG010000029.1	NZ_CP181224.1	0.044776119402985	[0.01, 0.05)	54.153333333333336	5398	83755	0.5150055576139311	0.03319204823592621	0.03319204823592621	100.0	0.5150055576139311	False	False	True
test	NZ_RRRP01000072.1	CP057522.1	0.0236220472440944	[0.01, 0.05)	54.153333333333336	53831	86439	0.13005517267002284	0.08109765267992457	0.08109765267992457	92.3997707087959	0.13005517267002284	False	False	False
test	NZ_MH422552.1	NZ_AP039440.1	0.0194174757281553	[0.01, 0.05)	54.153333333333336	88222	123644	0.06671805218652943	0.04741839474620685	0.04741839474620685	92.60886896084082	0.06885012647554806	True	False	False
test	NZ_AP039440.1	NZ_CP086389.1	0.0354609929078014	[0.01, 0.05)	54.153333333333336	123644	142329	0.0766636472453172	0.06662732120650043	0.06662732120650043	99.90532289359908	0.0766636472453172	False	False	False
test	NZ_MT560079.1	NZ_CP086762.1	0.0396039603960396	[0.01, 0.05)	54.153333333333336	68684	296148	0.32217110244016073	0.07460458959709335	0.07460458959709335	97.26012860560645	0.32217110244016073	False	False	False
test	NZ_CP100828.1	NZ_CP091543.1	0.0262295081967213	[0.01, 0.05)	54.153333333333336	143148	185529	0.120867912929276	0.0932899977901029	0.0932899977901029	97.72264935139809	0.120867912929276	False	False	False
test	CP057325.1	NZ_CP091543.1	0.0206896551724137	[0.01, 0.05)	54.153333333333336	103762	185529	0.08886682986064262	0.049749634827978374	0.049749634827978374	98.66862459406798	0.08886682986064262	False	False	False
test	NZ_RRDN01000154.1	OW849024.1	0.0412844036697247	[0.01, 0.05)	54.153333333333336	10251	242397	0.7574870744317628	0.032063103091209876	0.032063103091209876	94.343	0.7574870744317628	False	False	True
test	NZ_CP024194.1	NZ_CP080351.1	0.0286885245901639	[0.01, 0.05)	54.153333333333336	89345	193800	0.0797358553920197	0.03674922600619195	0.03674922600619195	98.44363675872704	0.0797358553920197	False	False	False
test	NZ_JBXUIF010000005.1	RefSeq_NZ_MT809697.1	0.0397350993377483	[0.01, 0.05)	54.153333333333336	63293	113652	0.051885674561167903	0.02902720585647415	0.02902720585647415	99.24412276988207	0.051885674561167903	True	False	False
test	NZ_CP149976.1	RefSeq_NZ_MT809697.1	0.0326086956521739	[0.01, 0.05)	54.153333333333336	58972	113652	0.05131248728209998	0.026730721852673073	0.026730721852673073	98.26003775443205	0.05131248728209998	True	False	False
test	NZ_MT560079.1	NZ_OR388869.1	0.0136986301369863	[0.01, 0.05)	54.153333333333336	68684	94213	0.14247859763554832	0.10403022937386561	0.10403022937386561	88.55218022490122	0.14247859763554832	False	False	False
test	NZ_OR388869.1	NZ_CP024887.1	0.0268817204301075	[0.01, 0.05)	54.153333333333336	94213	102544	0.12854913865390127	0.11799812763301606	0.11799812763301606	91.5397120401613	0.12854913865390127	False	False	False
test	NZ_RRDO01000171.1	NZ_OR388869.1	0.0196078431372549	[0.01, 0.05)	54.153333333333336	11807	94213	0.1688828660963835	0.021239107129589336	0.021239107129589336	97.51026792828685	0.1688828660963835	False	False	False
test	NZ_CP091019.1	NZ_CP169108.1	0.0103092783505154	[0.01, 0.05)	54.153333333333336	33842	74529	0.212487441640565	0.09657985482161306	0.09657985482161306	95.61406204024983	0.212487441640565	False	False	False
test	NZ_MATG01000012.1	NZ_CP018253.1	0.0379746835443038	[0.01, 0.05)	54.153333333333336	10213	95229	0.40330950749045336	0.043022608659126944	0.043022608659126944	96.11659393203884	0.40330950749045336	False	False	False
test	NZ_CP018253.1	NZ_AP022296.1	0.029940119760479	[0.01, 0.05)	54.153333333333336	95229	105884	0.15945772821304435	0.14331721506554343	0.14331721506554343	92.29008221333507	0.15945772821304435	False	False	False
test	NZ_CP018253.1	NZ_CP043828.1	0.0123456790123456	[0.01, 0.05)	54.153333333333336	95229	97743	0.11843031009461404	0.11538422188801244	0.11538422188801244	91.35388139185727	0.11843031009461404	False	False	False
test	NZ_OW848789.1	NZ_CP088223.1	0.0144092219020172	[0.01, 0.05)	54.153333333333336	92189	277693	0.15113516797014828	0.05024613512043876	0.05024613512043876	94.73006521272791	0.15113516797014828	False	False	False
test	CP122777.1	NZ_CP022063.1	0.0145985401459854	[0.01, 0.05)	54.153333333333336	116463	173817	0.04921734799893528	0.032862148121299985	0.032862148121299985	93.74770585161966	0.04921734799893528	False	False	False
test	NZ_CP091608.1	CP044381.1	0.0292887029288702	[0.01, 0.05)	54.153333333333336	225457	312615	0.10501780827386153	0.07576411880428002	0.07576411880428002	99.56971128930158	0.10501780827386153	False	False	False
test	NZ_MW390523.1	NZ_JBWVJQ010000002.1	0.0159574468085106	[0.01, 0.05)	54.153333333333336	89311	325551	0.15471778392359284	0.042555544292599314	0.042555544292599314	91.85801451566542	0.15471778392359284	False	False	False
test	NZ_MW390523.1	NZ_JABWHZ010000057.1	0.0295566502463054	[0.01, 0.05)	54.153333333333336	89311	139873	0.1410576524728197	0.09058932031199732	0.09058932031199732	94.70372589911072	0.1410576524728197	False	False	False
test	NZ_RRFV01000201.1	NZ_CP193630.1	0.0129870129870129	[0.01, 0.05)	54.153333333333336	9998	88723	0.5795159031806362	0.06548471084160815	0.06548471084160815	95.202	0.5795159031806362	False	False	True
test	NZ_ON209126.1	NZ_CP056884.1	0.0158102766798418	[0.01, 0.05)	54.153333333333336	54035	198658	0.0988248357546035	0.026945806360680166	0.026945806360680166	97.8532994213179	0.0988248357546035	False	False	False
test	NZ_CP114566.1	NZ_OK649970.1	0.0275862068965517	[0.01, 0.05)	54.153333333333336	210045	261511	0.07227022780832679	0.05809315860518296	0.05809315860518296	98.86787829120591	0.07227022780832679	False	False	False
test	NZ_JBSMJN010000040.1	NZ_CP114566.1	0.0269058295964125	[0.01, 0.05)	54.153333333333336	12650	210045	0.3558102766798419	0.021428741460163298	0.021428741460163298	99.35606369285397	0.3558102766798419	False	False	False
test	NZ_CP114566.1	NZ_JBVTJX020000002.1	0.0171306209850107	[0.01, 0.05)	54.153333333333336	210045	257061	0.06133923683020305	0.05010872905652744	0.05010872905652744	96.78255624467013	0.06133923683020305	False	False	False
test	NZ_JBXUIF010000005.1	NZ_CP175912.1	0.0327868852459016	[0.01, 0.05)	54.153333333333336	63293	81078	0.06182358238667783	0.04810182786945904	0.04810182786945904	99.10685506506763	0.06182358238667783	False	False	False
test	NZ_CP185196.1	NZ_CP073055.1	0.0246575342465753	[0.01, 0.05)	54.153333333333336	61059	324410	0.12026073142370494	0.022628772232668536	0.022628772232668536	99.85023396431977	0.12026073142370494	False	False	False
test	CP088364.1	NZ_CP025275.1	0.036144578313253	[0.01, 0.05)	54.153333333333336	80900	125113	0.11207663782447466	0.07249446500363671	0.07249446500363671	99.54901726602881	0.11207663782447466	False	False	False
test	CP088364.1	NZ_CP092755.1	0.0102564102564102	[0.01, 0.05)	54.153333333333336	80900	118840	0.10735475896168109	0.07308986873106699	0.07308986873106699	84.75013485831343	0.10735475896168109	False	False	False
test	CP088364.1	NZ_CP043297.1	0.0297619047619047	[0.01, 0.05)	54.153333333333336	80900	110724	0.2781087762669963	0.20289187529352262	0.20289187529352262	96.81345076110594	0.2781087762669963	False	False	False
test	NZ_RRGN01000097.1	CP088364.1	0.0212765957446808	[0.01, 0.05)	54.153333333333336	23754	80900	0.44135724509556284	0.1299876390605686	0.1299876390605686	91.05349649355573	0.44135724509556284	False	False	False
test	CP088364.1	NZ_CP189869.1	0.0217391304347826	[0.01, 0.05)	54.153333333333336	80900	110729	0.07479604449938196	0.05460177550596501	0.05460177550596501	88.16004968842243	0.07479604449938196	False	False	False
test	NC_017643.1	CP088364.1	0.0144927536231884	[0.01, 0.05)	54.153333333333336	65549	80900	0.06489801522525133	0.052595797280593326	0.052595797280593326	90.66128551467163	0.06489801522525133	False	False	False
test	NZ_CP006029.1	NZ_CP091608.1	0.0106007067137809	[0.01, 0.05)	54.153333333333336	64561	225457	0.11513142609315222	0.033008511600881765	0.033008511600881765	99.87898253157752	0.11513142609315222	False	False	False
test	NZ_JBSJBU010000003.1	NZ_CP006029.1	0.0178571428571428	[0.01, 0.05)	54.153333333333336	63107	64561	0.11818023357155308	0.11564257059215316	0.11564257059215316	99.83918617733725	0.11818023357155308	False	False	False
test	NZ_CP036189.1	NZ_CP035827.1	0.0114942528735632	[0.01, 0.05)	54.153333333333336	9341	100283	0.05802376619205653	0.005414676465602345	0.005414676465602345	84.559	0.05802376619205653	False	False	False
test	NZ_MATG01000012.1	CP122777.1	0.0188679245283018	[0.01, 0.05)	54.153333333333336	10213	116463	0.25868990502300987	0.02270248920257936	0.02270248920257936	95.99549943332075	0.25868990502300987	False	False	False
test	NZ_JAYXUJ010000054.1	OW849481.1	0.0192307692307692	[0.01, 0.05)	54.153333333333336	14675	105977	0.1072572402044293	0.014871151287543523	0.014871151287543523	93.46854660748255	0.1072572402044293	False	False	False
test	OW849481.1	NZ_CP042894.1	0.0227272727272727	[0.01, 0.05)	54.153333333333336	105977	141344	0.11107127018126575	0.08327201720624859	0.08327201720624859	96.63123003818414	0.11107127018126575	False	False	False
test	NZ_CP195975.1	OW849481.1	0.0422535211267605	[0.01, 0.05)	54.153333333333336	62763	105977	0.23098003600847633	0.13727506911877105	0.13727506911877105	91.39166792220247	0.23098003600847633	False	False	False
test	NZ_JBDYFC010000076.1	CP067909.1	0.019047619047619	[0.01, 0.05)	54.153333333333336	717	130935	0.8298465829846583	0.0045442395081529	0.0045442395081529	99.664	0.8298465829846583	False	False	True
test	NZ_RRFV01000201.1	NZ_CP062718.1	0.0263157894736842	[0.01, 0.05)	54.153333333333336	9998	96507	0.41318263652730547	0.04291916648533267	0.04291916648533267	96.404	0.41318263652730547	False	False	False
test	NZ_MG591701.1	NZ_CP062718.1	0.0486111111111111	[0.01, 0.05)	54.153333333333336	91597	96507	0.19843444654300904	0.1877998487156372	0.1877998487156372	94.1696593466923	0.19843444654300904	False	False	False
test	NZ_JPGS01000104.1	CP052164.1	0.0114942528735632	[0.01, 0.05)	54.153333333333336	2663	92461	0.9984979346601577	0.028736440228853247	0.028736440228853247	97.142	0.9984979346601577	False	False	True
test	NZ_JBVYPD010000003.1	NZ_CP014121.1	0.0119521912350597	[0.01, 0.05)	54.153333333333336	50445	200203	0.1616612151848548	0.040733655339830074	0.040733655339830074	90.37946940024482	0.1616612151848548	False	False	False
test	NZ_JBVYPD010000003.1	NZ_CP130211.1	0.015625	[0.01, 0.05)	54.153333333333336	50445	83295	0.07620180394489047	0.046209256257878625	0.046209256257878625	95.01825817332642	0.07620180394489047	False	False	False
test	NZ_JAYXUJ010000054.1	NZ_CP189869.1	0.0157480314960629	[0.01, 0.05)	54.153333333333336	14675	110729	0.19325383304940374	0.02557595571169251	0.02557595571169251	94.89968237776996	0.19325383304940374	False	False	False
test	NZ_CP169382.1	NZ_CP175912.1	0.0273972602739726	[0.01, 0.05)	54.153333333333336	53894	81078	0.08783909155007978	0.05822787932608106	0.05822787932608106	99.28264873417723	0.08783909155007978	False	False	False
test	CP009881.1	NZ_CP169382.1	0.0446428571428571	[0.01, 0.05)	54.153333333333336	50272	53894	0.11075747931253978	0.1033139124948974	0.1033139124948974	97.86287033045976	0.11075747931253978	False	False	False
test	NZ_JABRWL010000002.1	NZ_CP137606.1	0.014388489208633	[0.01, 0.05)	54.153333333333336	40986	119733	0.20231298492168057	0.06934596143085031	0.06934596143085031	93.537	0.20231298492168057	False	False	False
test	NZ_CP156664.1	NZ_CP024887.1	0.0153061224489795	[0.01, 0.05)	54.153333333333336	96210	102544	0.13897723729342065	0.1300417381806834	0.1300417381806834	91.84315658522051	0.13897723729342065	False	False	False
test	NZ_CP156664.1	NZ_CP141238.1	0.0227272727272727	[0.01, 0.05)	54.153333333333336	96210	132580	0.18501195301943665	0.1339643988535224	0.1339643988535224	91.61010144034076	0.18501195301943665	False	False	False
test	NZ_OY843410.1	NZ_CP086389.1	0.0179856115107913	[0.01, 0.05)	54.153333333333336	136788	142329	0.0689461063836009	0.06626197050495683	0.06626197050495683	98.83369105173877	0.0689461063836009	False	False	False
test	NZ_CP127510.1	OW968206.1	0.0266666666666666	[0.01, 0.05)	54.153333333333336	6141	63589	0.19589643380556912	0.01891836638412304	0.01891836638412304	95.515	0.19589643380556912	False	False	False
test	CP054459.1	AB011549.2	0.0127388535031847	[0.01, 0.05)	54.153333333333336	83055	92721	0.16434892541087232	0.14731290646131945	0.14731290646131945	90.20606102089856	0.16434892541087232	False	False	False
test	NZ_CP091019.1	NZ_CP195365.1	0.01875	[0.01, 0.05)	54.153333333333336	33842	137286	0.2607410909520714	0.06420173943446528	0.06420173943446528	94.2247511301989	0.2607410909520714	False	False	False
test	NZ_CP091019.1	NZ_JABWHZ010000057.1	0.0379746835443038	[0.01, 0.05)	54.153333333333336	33842	139873	0.23521068494769812	0.05704460474859337	0.05704460474859337	96.20718537989738	0.23521068494769812	False	False	False
test	NZ_CP130211.1	NZ_CP098439.1	0.0224719101123595	[0.01, 0.05)	54.153333333333336	83295	109442	0.09959781499489766	0.07581184554375833	0.07581184554375833	95.29786470234517	0.09959781499489766	False	False	False
test	NZ_CP191553.1	NZ_CP062226.1	0.0290697674418604	[0.01, 0.05)	54.153333333333336	107053	265014	0.18271323550017282	0.07380742149471349	0.07380742149471349	97.66811853855181	0.18271323550017282	False	False	False
test	NZ_CP191553.1	NZ_CP129515.1	0.0325581395348837	[0.01, 0.05)	54.153333333333336	107053	138894	0.16251763145357906	0.12544818350684694	0.12544818350684694	94.51583644378289	0.16251763145357906	False	False	False
test	NZ_MZ475707.1	NZ_CP154633.1	0.0209790209790209	[0.01, 0.05)	54.153333333333336	100733	210515	0.1006025830661253	0.04819609053986652	0.04819609053986652	99.9209701360142	0.1006025830661253	False	False	False
test	NZ_CP045838.1	NZ_CP154633.1	0.0189274447949526	[0.01, 0.05)	54.153333333333336	110138	210515	0.1708583776716483	0.08954706315464456	0.08954706315464456	94.38415571904937	0.1708583776716483	False	False	False
test	NZ_CP026579.1	NZ_CP141199.1	0.0247678018575851	[0.01, 0.05)	54.153333333333336	100229	214402	0.09729718943619112	0.04545200138058414	0.04545200138058414	97.63214645895256	0.09729718943619112	False	False	False
test	NZ_CP129713.1	NZ_AP026941.1	0.0142045454545454	[0.01, 0.05)	54.153333333333336	106834	293280	0.08854858940037816	0.03225586470267321	0.03225586470267321	96.21753681986266	0.08854858940037816	False	False	False
test	NZ_JALIIF010000143.1	CP110581.1	0.0491803278688524	[0.01, 0.05)	54.153333333333336	13136	52969	0.3854293544457978	0.09611282070645094	0.09611282070645094	96.33041640502354	0.3854293544457978	False	False	False
test	NZ_CP092755.1	NZ_CP054265.1	0.0294117647058823	[0.01, 0.05)	54.153333333333336	118840	168717	0.11611410299562437	0.08191231470450518	0.08191231470450518	96.02181335740073	0.11611410299562437	False	False	False
test	NZ_CP091608.1	NZ_CP072939.1	0.0293609671848013	[0.01, 0.05)	54.153333333333336	225457	384269	0.2510722665519367	0.14741496191470038	0.14741496191470038	87.7364604830918	0.2510722665519367	False	False	False
test	NZ_OW848789.1	NZ_CP091608.1	0.0159744408945686	[0.01, 0.05)	54.153333333333336	92189	225457	0.13226089880571434	0.054138926713297876	0.054138926713297876	95.71596786853078	0.13226089880571434	False	False	False
test	NZ_CP169909.1	NZ_CP110266.1	0.0292207792207792	[0.01, 0.05)	54.153333333333336	155489	224600	0.12140408646270798	0.08403829029385575	0.08403829029385575	97.87882341427286	0.12140408646270798	False	False	False
test	NZ_CP146671.1	NZ_JBWJYT010000002.1	0.0108695652173913	[0.01, 0.05)	54.153333333333336	86055	107551	0.038219743187496366	0.030636628204293775	0.030636628204293775	87.99738872135102	0.038219743187496366	False	False	False
test	NZ_MATG01000012.1	NZ_KX246268.1	0.0120481927710843	[0.01, 0.05)	54.153333333333336	10213	86207	0.06149025751493195	0.007447191063370724	0.007447191063370724	92.99030062305295	0.06149025751493195	False	False	False
test	NZ_JBANRQ010000037.1	NZ_CP026219.1	0.0444444444444444	[0.01, 0.05)	54.153333333333336	11213	35298	0.16347097119414966	0.05175930647628761	0.05175930647628761	96.72863304252999	0.16347097119414966	False	False	False
test	NZ_CP199511.1	NZ_CP146671.1	0.0314960629921259	[0.01, 0.05)	54.153333333333336	44105	86055	0.10570230132638023	0.05405845099064552	0.05405845099064552	98.07079657020364	0.10570230132638023	False	False	False
test	NZ_RRDN01000154.1	NZ_CP196152.1	0.0221130221130221	[0.01, 0.05)	54.153333333333336	10251	398273	0.7563164569310311	0.01946654681587755	0.01946654681587755	94.51	0.7563164569310311	False	False	True
test	NZ_JAKKDD010000045.1	NZ_CM017149.1	0.04	[0.01, 0.05)	54.153333333333336	26658	153499	0.3609798184409933	0.06273005035863426	0.06273005035863426	99.36657414330219	0.3609798184409933	False	False	False
test	NZ_RRMX01000152.1	NZ_AP027431.1	0.0232558139534883	[0.01, 0.05)	54.153333333333336	9875	201683	0.6161012658227848	0.0301711101084375	0.0301711101084375	99.65536269515201	0.6161012658227848	False	False	True
test	NZ_JBWIFL010000005.1	NZ_CP042894.1	0.0223463687150838	[0.01, 0.05)	54.153333333333336	59700	141344	0.16224455611390284	0.06861274620783338	0.06861274620783338	98.88677736549165	0.16224455611390284	False	False	False
test	NZ_MZ475707.1	NC_017659.1	0.0245901639344262	[0.01, 0.05)	54.153333333333336	100733	147060	0.11370653112684026	0.07786617707058344	0.07786617707058344	97.96598367667599	0.11370653112684026	False	False	False
test	NZ_CP199511.1	NZ_JBKHUK010000005.1	0.0449438202247191	[0.01, 0.05)	54.153333333333336	44105	60389	0.10565695499376487	0.07713325274470516	0.07713325274470516	98.26479653030627	0.10565695499376487	False	False	False
test	NZ_JBSMJN010000040.1	NZ_CP196152.1	0.0148883374689826	[0.01, 0.05)	54.153333333333336	12650	398273	0.373201581027668	0.011851167415315625	0.011851167415315625	98.58082609616606	0.373201581027668	False	False	False
test	NZ_CP069854.1	NZ_CP110266.1	0.0359477124183006	[0.01, 0.05)	54.153333333333336	137344	224600	0.20747903075489282	0.12687444345503116	0.12687444345503116	96.46904993162454	0.20747903075489282	False	False	False
test	NZ_CP133428.1	NZ_CP189736.1	0.0132450331125827	[0.01, 0.05)	54.153333333333336	45040	239563	0.10990230905861456	0.02066262319306404	0.02066262319306404	99.98	0.10990230905861456	False	False	False
test	NZ_CP133428.1	CP057325.1	0.0272108843537414	[0.01, 0.05)	54.153333333333336	45040	103762	0.10990230905861456	0.04770532564908155	0.04770532564908155	99.98	0.10990230905861456	False	False	False
test	NZ_CP054742.1	NZ_JBWVJQ010000002.1	0.0127795527156549	[0.01, 0.05)	54.153333333333336	11970	325551	0.16123642439431912	0.005928410602332661	0.005928410602332661	99.845	0.16123642439431912	False	False	False
test	NZ_CP058198.1	NZ_JBWVJQ010000002.1	0.0290237467018469	[0.01, 0.05)	54.153333333333336	108466	325551	0.1832648018733981	0.06106262920402641	0.06106262920402641	95.76755216387188	0.1832648018733981	False	False	False
test	NZ_JAGJVE010000029.1	NZ_CP080351.1	0.0360824742268041	[0.01, 0.05)	54.153333333333336	17971	193800	0.6280674419898725	0.05825077399380805	0.05825077399380805	97.06826235606732	0.6280674419898725	False	False	True
test	NZ_CP058198.1	NZ_CP080351.1	0.0378787878787878	[0.01, 0.05)	54.153333333333336	108466	193800	0.1667895930522007	0.09326625386996903	0.09326625386996903	96.41985232789057	0.1667895930522007	False	False	False
test	CP104420.1	NZ_AP022296.1	0.037037037037037	[0.01, 0.05)	54.153333333333336	83397	105884	0.22789788601508448	0.17897888255071587	0.17897888255071587	94.39015249790093	0.22789788601508448	False	False	False
test	NZ_CP086419.1	NZ_PQ667066.1	0.0348258706467661	[0.01, 0.05)	54.153333333333336	70475	180007	0.15761617594891805	0.06170315598837823	0.06170315598837823	95.58303022670025	0.15761617594891805	False	False	False
test	NZ_CP086419.1	NZ_JBRJPJ010000002.1	0.0243161094224924	[0.01, 0.05)	54.153333333333336	70475	285363	0.17643135863781484	0.04340086135904094	0.04340086135904094	96.99820732000964	0.17643135863781484	False	False	False
test	NZ_CP116926.1	NZ_JCDLMC010000005.1	0.0135135135135135	[0.01, 0.05)	54.153333333333336	11848	67088	0.29422687373396356	0.0520957548294777	0.0520957548294777	98.45569402344869	0.29422687373396356	False	False	False
test	NZ_CP104527.1	NZ_MW356909.1	0.010204081632653	[0.01, 0.05)	54.153333333333336	163762	249475	0.048179675382567386	0.03160637338410662	0.03160637338410662	96.02474173946068	0.048179675382567386	False	False	False
test	NZ_JBXSFE010000003.1	NZ_MW356909.1	0.015228426395939	[0.01, 0.05)	54.153333333333336	146840	249475	0.05760691909561427	0.03388315462471189	0.03388315462471189	99.91720640737675	0.05760691909561427	False	False	False
test	NZ_CP196097.1	NZ_CP062226.1	0.0128617363344051	[0.01, 0.05)	54.153333333333336	46176	265014	0.20902633402633403	0.036413170624948116	0.036413170624948116	97.72135473847747	0.20902633402633403	False	False	False
test	CP057325.1	NZ_JBXULQ010000004.1	0.0460829493087557	[0.01, 0.05)	54.153333333333336	103762	116759	0.06526474046375359	0.05785421252323161	0.05785421252323161	97.46330796460177	0.06526474046375359	False	False	False
test	NZ_CP086388.1	NZ_CP073989.1	0.0146341463414634	[0.01, 0.05)	54.153333333333336	113047	134191	0.07384539173971888	0.062261999687013285	0.062261999687013285	98.0267972972973	0.07384539173971888	False	False	False
test	NZ_MG591701.1	NZ_CP136270.1	0.0248447204968944	[0.01, 0.05)	54.153333333333336	91597	107188	0.1640665087284518	0.1401369556293615	0.1401369556293615	86.66188771675348	0.1640665087284518	False	False	False
test	NZ_CP196097.1	NZ_CP136270.1	0.0222222222222222	[0.01, 0.05)	54.153333333333336	46176	107188	0.21121361746361747	0.09123222748815166	0.09123222748815166	96.17811557326792	0.21121361746361747	False	False	False
test	CP104420.1	NZ_CP054265.1	0.0273972602739726	[0.01, 0.05)	54.153333333333336	83397	168717	0.16712831396812836	0.08261763781954397	0.08261763781954397	97.10082081752454	0.16712831396812836	False	False	False
test	NZ_AP018454.1	NZ_MZ475707.1	0.0114285714285714	[0.01, 0.05)	54.153333333333336	78997	100733	0.07255971745762498	0.0568433383300408	0.0568433383300408	89.25588073713492	0.07255971745762498	False	False	False
test	NZ_JBWLLO010000003.1	NZ_JBFUPY010000024.1	0.0129870129870129	[0.01, 0.05)	54.153333333333336	73335	73616	0.039244562623576736	0.03909476200825907	0.03909476200825907	92.7852330905307	0.039244562623576736	False	False	False
test	NZ_CP104527.1	NZ_JBXSEZ010000002.1	0.0119047619047619	[0.01, 0.05)	54.153333333333336	163762	287195	0.06743322626738804	0.038475600201953376	0.038475600201953376	99.05944234421634	0.06743322626738804	False	False	False
test	NZ_OZ066665.1	NZ_CP129713.1	0.0166666666666666	[0.01, 0.05)	54.153333333333336	39395	106834	0.10552100520370605	0.038929554261751875	0.038929554261751875	99.16000743761998	0.10552100520370605	False	False	False
test	NZ_CP195975.1	NZ_CP129713.1	0.0254777070063694	[0.01, 0.05)	54.153333333333336	62763	106834	0.17652119879546868	0.10394630922739952	0.10394630922739952	94.6465965148657	0.17652119879546868	False	False	False
test	NZ_OW848789.1	NZ_CP129713.1	0.0491803278688524	[0.01, 0.05)	54.153333333333336	92189	106834	0.1442579917343718	0.12451092348877699	0.12451092348877699	99.48164445612981	0.1442579917343718	False	False	False
test	NZ_CP189869.1	NZ_CP141238.1	0.0389610389610389	[0.01, 0.05)	54.153333333333336	110729	132580	0.09122271491659818	0.0762483029114497	0.0762483029114497	96.67065411973918	0.09122271491659818	False	False	False
test	NZ_CP054265.1	NZ_JBVTJX020000002.1	0.0147058823529411	[0.01, 0.05)	54.153333333333336	168717	257061	0.09064883799498569	0.05942947393809252	0.05942947393809252	96.25302480579674	0.09064883799498569	False	False	False
test	NZ_CP086388.1	NZ_PQ667066.1	0.0329218106995884	[0.01, 0.05)	54.153333333333336	113047	180007	0.13477580121542368	0.08453560139327915	0.08453560139327915	96.61736722386101	0.13477580121542368	False	False	False
test	NZ_AP019818.1	NZ_PQ667066.1	0.010204081632653	[0.01, 0.05)	54.153333333333336	136816	180007	0.03420652555256695	0.025998988928208348	0.025998988928208348	95.66876616172391	0.03420652555256695	False	False	False
test	NZ_CP141678.1	NZ_CP040126.1	0.0153321976149914	[0.01, 0.05)	54.153333333333336	228888	395774	0.0558832267309776	0.03228357598023114	0.03228357598023114	97.35331199250469	0.0558832267309776	False	False	False
test	NZ_CP063884.1	NZ_AP019818.1	0.010204081632653	[0.01, 0.05)	54.153333333333336	57825	136816	0.08759187202766969	0.03693281487545316	0.03693281487545316	96.45131900630915	0.08759187202766969	False	False	False
test	NZ_CP133668.1	CP057325.1	0.0298507462686567	[0.01, 0.05)	54.153333333333336	35184	103762	0.06699067758071851	0.02271544496058287	0.02271544496058287	99.83022486211286	0.06699067758071851	False	False	False
test	NZ_OZ066665.1	CP057325.1	0.0245901639344262	[0.01, 0.05)	54.153333333333336	39395	103762	0.19827389262596776	0.07527804013029818	0.07527804013029818	97.8248395393474	0.19827389262596776	False	False	False
test	NZ_CP195365.1	NZ_CP129712.1	0.0158102766798418	[0.01, 0.05)	54.153333333333336	137286	143798	0.056371370715149395	0.05384636782152742	0.05384636782152742	99.87076627066115	0.056371370715149395	False	False	False
test	NZ_CP145712.1	NZ_JBWLLO010000003.1	0.0272727272727272	[0.01, 0.05)	54.153333333333336	33455	73335	0.31983261096995963	0.14579668643894456	0.14579668643894456	96.88297601493232	0.31983261096995963	False	False	False
test	NZ_CP025252.1	NZ_CP098487.1	0.0344827586206896	[0.01, 0.05)	54.153333333333336	33924	49381	0.128021459733522	0.0877665498876086	0.0877665498876086	89.27004140928848	0.128021459733522	False	False	False
test	NZ_MG591701.1	CP044377.1	0.012012012012012	[0.01, 0.05)	54.153333333333336	91597	310104	0.139316789851196	0.04115716017852075	0.04115716017852075	98.34845205479452	0.139316789851196	False	False	False
test	NZ_CP058198.1	NZ_MN543579.1	0.0376344086021505	[0.01, 0.05)	54.153333333333336	108466	140128	0.12065532056128188	0.09338604704270381	0.09338604704270381	94.608382826203	0.12065532056128188	False	False	False
test	NZ_MF381176.1	CP082669.1	0.0234375	[0.01, 0.05)	54.153333333333336	36502	99345	0.036408963892389457	0.013377623433489355	0.013377623433489355	99.92499999999998	0.036408963892389457	False	False	False
test	NZ_MN419437.1	NZ_AP026795.1	0.0636704119850187	[0.05, 0.15)	16.218333333333334	118243	165477	0.20691288279221604	0.14794201006786442	0.14794201006786442	96.08462459256849	0.20691288279221604	False	False	False
test	NZ_CP024663.1	NZ_MN419437.1	0.0573770491803278	[0.05, 0.15)	16.218333333333334	12610	118243	0.6934179222839016	0.07416083827372445	0.07416083827372445	96.4074738517508	0.6934179222839016	False	False	True
test	NZ_MN419437.1	NZ_CP169909.1	0.080168776371308	[0.05, 0.15)	16.218333333333334	118243	155489	0.3099972091371159	0.2355793657429143	0.2355793657429143	96.30471546066069	0.3099972091371159	False	False	False
test	NZ_CP061953.1	NZ_CP143282.1	0.1111111111111111	[0.05, 0.15)	16.218333333333334	168138	248177	0.422242443706955	0.28608211075160067	0.28608211075160067	96.61892377148322	0.422242443706955	False	False	False
test	NZ_CP044159.1	NZ_CP143282.1	0.0647773279352226	[0.05, 0.15)	16.218333333333334	59694	248177	0.1848762019633464	0.044464233188409884	0.044464233188409884	99.8096130844509	0.1848762019633464	False	False	False
test	NZ_AP026795.1	NZ_CP143282.1	0.0705882352941176	[0.05, 0.15)	16.218333333333334	165477	248177	0.24827619548336022	0.16558746378592698	0.16558746378592698	93.67508165984353	0.24827619548336022	False	False	False
test	NZ_OP242238.1	NZ_CP143282.1	0.0569395017793594	[0.05, 0.15)	16.218333333333334	111500	248177	0.19619730941704036	0.08820720695310202	0.08820720695310202	98.30709449717104	0.19619730941704036	False	False	False
test	NZ_CP084832.1	NZ_CP143282.1	0.0915492957746478	[0.05, 0.15)	16.218333333333334	131535	248177	0.3730794085224465	0.19788699194526488	0.19788699194526488	96.78012146513893	0.3730794085224465	False	False	False
test	CP057325.1	NZ_CP143282.1	0.0625	[0.05, 0.15)	16.218333333333334	103762	248177	0.22054316609163277	0.09226479488429629	0.09226479488429629	95.37223344082273	0.22054316609163277	False	False	False
test	NZ_CP041642.1	OW849035.1	0.1	[0.05, 0.15)	16.218333333333334	121851	204647	0.4559256797235969	0.2716775716233319	0.2716775716233319	95.83589650960177	0.4559256797235969	False	False	False
test	NZ_CP041642.1	NZ_OZ544168.1	0.075098814229249	[0.05, 0.15)	16.218333333333334	121851	171613	0.36897522383895087	0.2620197770565167	0.2620197770565167	95.53332149910135	0.36897522383895087	False	False	False
test	NZ_CP041642.1	CP067909.1	0.1274509803921568	[0.05, 0.15)	16.218333333333334	121851	130935	0.3367391322188575	0.31317829457364343	0.31317829457364343	97.93588502446029	0.3367391322188575	False	False	False
test	NZ_JCDLMC010000005.1	NZ_CP041642.1	0.0804597701149425	[0.05, 0.15)	16.218333333333334	67088	121851	0.4245319580252802	0.2335885630811401	0.2335885630811401	91.86633197250428	0.4245319580252802	False	False	False
test	CP091400.1	NZ_CP122807.1	0.1043478260869565	[0.05, 0.15)	16.218333333333334	42194	98226	0.4621510167322368	0.19850141510394398	0.19850141510394398	94.50019116745044	0.4621510167322368	False	False	False
test	NZ_PP129611.1	NZ_CP122807.1	0.1293103448275862	[0.05, 0.15)	16.218333333333334	63468	98226	0.39183525556185794	0.2524382546372651	0.2524382546372651	93.59307456825744	0.39183525556185794	False	False	False
test	NZ_CP062718.1	NZ_CP122807.1	0.0821917808219178	[0.05, 0.15)	16.218333333333334	96507	98226	0.23875988270280912	0.23459165597703255	0.23459165597703255	93.34340786686838	0.23875988270280912	False	False	False
test	NZ_JBQPWJ010000069.1	AP026472.1	0.0515463917525773	[0.05, 0.15)	16.218333333333334	9568	93433	0.6983695652173914	0.07160211060332003	0.07160211060332003	97.84829587567243	0.6983695652173914	False	False	True
test	NZ_OZ542068.1	NZ_JAHQYP010000015.1	0.0661157024793388	[0.05, 0.15)	16.218333333333334	63010	81298	0.24664338993810506	0.1911978154444144	0.1911978154444144	95.99018087772279	0.24664338993810506	False	False	False
test	OW849005.1	NZ_CP086468.1	0.1398601398601398	[0.05, 0.15)	16.218333333333334	98537	247089	0.553944203700133	0.2210499050949253	0.2210499050949253	97.02554613470896	0.553944203700133	False	False	True
test	OW849005.1	CP067475.1	0.138996138996139	[0.05, 0.15)	16.218333333333334	98537	216181	0.5157047606482844	0.2352103098792216	0.2352103098792216	96.83496367244292	0.5157047606482844	False	False	True
test	OW849005.1	NZ_CP084832.1	0.085	[0.05, 0.15)	16.218333333333334	98537	131535	0.3166932218354527	0.23707758391302694	0.23707758391302694	97.32922462493202	0.3166932218354527	False	False	False
test	NZ_CP151316.1	NZ_CP117397.1	0.0625	[0.05, 0.15)	16.218333333333334	8378	100527	0.6455001193602292	0.05391586339988262	0.05391586339988262	99.76000000000002	0.6455001193602292	False	False	True
test	NZ_CP033890.1	NZ_CP035157.1	0.0759493670886076	[0.05, 0.15)	16.218333333333334	34427	53951	0.24309408313242514	0.1549368871753999	0.1549368871753999	91.1716028394178	0.24309408313242514	False	False	False
test	NZ_CP068141.1	NZ_CP036189.1	0.1	[0.05, 0.15)	16.218333333333334	3991	9341	0.4359809571535956	0.18648966920029975	0.18648966920029975	88.65585989790131	0.4359809571535956	False	False	False
test	NZ_CP059930.1	NZ_LR890428.1	0.0528846153846153	[0.05, 0.15)	16.218333333333334	99943	128238	0.199753859700029	0.15577285983873734	0.15577285983873734	98.10905858222023	0.199753859700029	False	False	False
test	NZ_CP060741.1	NZ_JBPFEV010000060.1	0.1	[0.05, 0.15)	16.218333333333334	2275	3360	0.3578021978021978	0.24226190476190476	0.24226190476190476	94.47865398773007	0.3578021978021978	False	False	False
test	NZ_CP060741.1	NZ_CP066533.1	0.0909090909090909	[0.05, 0.15)	16.218333333333334	2275	6373	0.06769230769230769	0.0241644437470579	0.0241644437470579	89.744	0.06769230769230769	False	False	False
test	NZ_CP182399.1	NZ_CP146851.1	0.0794392523364486	[0.05, 0.15)	16.218333333333334	107583	138872	0.2662130634022104	0.20672993836050463	0.20672993836050463	94.8208666504568	0.2662130634022104	False	False	False
test	NZ_CP182399.1	CP099211.1	0.052863436123348	[0.05, 0.15)	16.218333333333334	107583	128784	0.19784724352360503	0.16558734004224127	0.16558734004224127	92.45686231714727	0.19784724352360503	False	False	False
test	NZ_AP038988.1	NZ_CP182399.1	0.1006711409395973	[0.05, 0.15)	16.218333333333334	78863	107583	0.43957242306277977	0.32295065205469264	0.32295065205469264	95.04403464720752	0.43957242306277977	False	False	False
test	NZ_JCDGLG010000084.1	NZ_AP025548.1	0.0578512396694214	[0.05, 0.15)	16.218333333333334	15475	145376	0.7654927302100162	0.08163658375522782	0.08163658375522782	97.59083155057694	0.7654927302100162	False	False	True
test	NZ_LKWT01000138.1	NC_015698.1	0.0833333333333333	[0.05, 0.15)	16.218333333333334	2714	14173	0.18791451731761238	0.035983913074155084	0.035983913074155084	93.137	0.18791451731761238	False	False	False
test	CP051818.1	CP088684.1	0.0855263157894736	[0.05, 0.15)	16.218333333333334	93177	113463	0.24584393144230873	0.20303535073107531	0.20303535073107531	95.87483754653276	0.24584393144230873	False	False	False
test	NZ_AP018457.1	CP051818.1	0.1111111111111111	[0.05, 0.15)	16.218333333333334	86535	93177	0.34048650834922284	0.3145733389141097	0.3145733389141097	95.71638691202384	0.34048650834922284	False	False	False
test	NZ_CP084814.1	NZ_CP029585.1	0.0909090909090909	[0.05, 0.15)	16.218333333333334	4937	8809	0.23313753291472555	0.13054830287206268	0.13054830287206268	92.795	0.23313753291472555	False	False	False
test	NZ_CP084814.1	NZ_CP056387.1	0.1111111111111111	[0.05, 0.15)	16.218333333333334	4937	5783	0.108973060563095	0.09303129863392703	0.09303129863392703	94.44458888888887	0.108973060563095	False	False	False
test	NZ_CP176887.1	CP080739.1	0.0577427821522309	[0.05, 0.15)	16.218333333333334	203546	206152	0.19303253318660155	0.19056327370095852	0.19056327370095852	93.9954717676357	0.19303253318660155	True	False	False
test	CP035636.1	NZ_CP176887.1	0.0750853242320819	[0.05, 0.15)	16.218333333333334	103522	203546	0.26685149050443385	0.1356401010091085	0.1356401010091085	96.65907654758463	0.26685149050443385	False	False	False
test	NZ_CP176887.1	CP067475.1	0.0619946091644204	[0.05, 0.15)	16.218333333333334	203546	216181	0.18163461821897753	0.17104185844269384	0.17104185844269384	95.47650344343315	0.18163461821897753	False	False	False
test	NZ_PQ667066.1	NZ_CP176887.1	0.0990712074303405	[0.05, 0.15)	16.218333333333334	180007	203546	0.23035770831134345	0.20349208532714963	0.20349208532714963	95.59470760374768	0.23035770831134345	False	False	False
test	NZ_JAUAMW010000033.1	NZ_CP153671.1	0.0592105263157894	[0.05, 0.15)	16.218333333333334	11964	151580	0.7770812437311936	0.06143950389233408	0.06143950389233408	94.08768977358085	0.7770812437311936	False	False	True
test	NZ_PV764932.1	NZ_CP043351.1	0.0579710144927536	[0.05, 0.15)	16.218333333333334	51855	106448	0.23644778709864045	0.1151923944085375	0.1151923944085375	97.8734814633749	0.23644778709864045	False	False	False
test	NZ_CP196661.1	NZ_CP109609.1	0.085972850678733	[0.05, 0.15)	16.218333333333334	95080	142244	0.5346129575094657	0.357540564101122	0.357540564101122	88.75614851446366	0.5346129575094657	False	False	True
test	NZ_CP092755.1	NZ_CP109609.1	0.0988142292490118	[0.05, 0.15)	16.218333333333334	118840	142244	0.4218192527768428	0.35254211073929304	0.35254211073929304	89.40419628599801	0.4218192527768428	False	False	False
test	NZ_CP189869.1	NZ_CP109609.1	0.0590551181102362	[0.05, 0.15)	16.218333333333334	110729	142244	0.1846038526492608	0.14389359129383314	0.14389359129383314	85.38341465070053	0.1846038526492608	False	False	False
test	NZ_CP016709.2	NZ_CP016688.2	0.0857142857142857	[0.05, 0.15)	16.218333333333334	23180	33285	0.2412855910267472	0.168664563617245	0.168664563617245	92.21754830703777	0.2412855910267472	False	False	False
test	NZ_CP120931.1	NZ_CP016717.1	0.125	[0.05, 0.15)	16.218333333333334	7078	11663	0.3301780163888104	0.20029152019206037	0.20029152019206037	79.73954728877679	0.3301780163888104	False	False	False
test	NZ_CP079658.1	NZ_CP056698.1	0.050314465408805	[0.05, 0.15)	16.218333333333334	29628	127911	0.4165316592412583	0.09629351658575103	0.09629351658575103	94.62150169847948	0.4165316592412583	False	False	False
test	NZ_CP079658.1	NZ_CP107173.1	0.141025641025641	[0.05, 0.15)	16.218333333333334	29628	149268	0.7369380315917375	0.14638770533536993	0.14638770533536993	99.5422345458705	0.7369380315917375	False	False	True
test	NZ_CP079658.1	NZ_CP193630.1	0.0729166666666666	[0.05, 0.15)	16.218333333333334	29628	88723	0.3839273660051303	0.12821928924856013	0.12821928924856013	97.15557436347675	0.3839273660051303	False	False	False
test	NZ_CP079658.1	NZ_CP057239.1	0.062111801242236	[0.05, 0.15)	16.218333333333334	29628	145940	0.5549480221412177	0.11104563519254489	0.11104563519254489	94.19098276071387	0.5549480221412177	False	False	True
test	NZ_AP022125.1	NZ_CP144708.1	0.125	[0.05, 0.15)	16.218333333333334	2997	4865	0.3269936603269937	0.20082219938335047	0.20082219938335047	86.27673965691221	0.3269936603269937	False	False	False
test	CP088721.1	NZ_CP133102.1	0.0753424657534246	[0.05, 0.15)	16.218333333333334	17698	134388	0.701152672618375	0.09235199571390303	0.09235199571390303	95.54062269002088	0.701152672618375	False	False	True
test	NZ_CP101766.1	NZ_CP133102.1	0.094017094017094	[0.05, 0.15)	16.218333333333334	127176	134388	0.25973454110838523	0.2453120814358425	0.2453120814358425	94.93735575066376	0.25973454110838523	False	False	False
test	NZ_NBOP01000105.1	NZ_CP061953.1	0.0952380952380952	[0.05, 0.15)	16.218333333333334	44421	168138	0.746606334841629	0.19720705610867265	0.19720705610867265	95.52957932446266	0.746606334841629	False	False	True
test	NZ_CP061953.1	NZ_CP141678.1	0.10062893081761	[0.05, 0.15)	16.218333333333334	168138	228888	0.2939430705729817	0.21556831288665199	0.21556831288665199	97.02461617447901	0.2939430705729817	False	False	False
test	NZ_CP094333.1	NZ_KX646543.1	0.0625	[0.05, 0.15)	16.218333333333334	109070	111559	0.16288621985880627	0.15906381376670642	0.15906381376670642	96.8515577669084	0.16288621985880627	False	False	False
test	NZ_KX646543.1	NZ_CM017149.1	0.1477832512315271	[0.05, 0.15)	16.218333333333334	111559	153499	0.47323837610591707	0.343845888246829	0.343845888246829	94.80778220122816	0.47323837610591707	False	False	False
test	NZ_KX646543.1	NZ_CP032263.1	0.1408450704225352	[0.05, 0.15)	16.218333333333334	111559	155784	0.43822551295726925	0.3135238535408001	0.3135238535408001	93.71258920340986	0.43822551295726925	False	False	False
test	NZ_JAUAMS010000033.1	NZ_KY288024.1	0.0804597701149425	[0.05, 0.15)	16.218333333333334	13218	82841	0.9369042215161144	0.14985333349428423	0.14985333349428423	92.1515529251264	0.9369042215161144	False	False	True
test	NZ_CP109610.1	NZ_CP079732.1	0.1	[0.05, 0.15)	16.218333333333334	3991	4510	0.5071410674016538	0.44878048780487806	0.44878048780487806	89.6	0.5071410674016538	False	False	True
test	NZ_PV022950.1	NZ_CP142707.1	0.0787878787878787	[0.05, 0.15)	16.218333333333334	90934	263549	0.4710119427276926	0.16246314727052655	0.16246314727052655	93.59851472435453	0.4710119427276926	False	False	False
test	NZ_CP097682.1	OW966965.1	0.0660377358490566	[0.05, 0.15)	16.218333333333334	57847	66091	0.22099676733452037	0.19329409450605983	0.19329409450605983	97.82699202626644	0.22099676733452037	False	False	False
test	NZ_JBNGNN010000050.1	OW966965.1	0.0833333333333333	[0.05, 0.15)	16.218333333333334	4737	66091	0.46442896347899515	0.0332723063654658	0.0332723063654658	92.87989206349206	0.46442896347899515	False	False	False
test	OW966965.1	NZ_CP183354.1	0.0642201834862385	[0.05, 0.15)	16.218333333333334	66091	162681	0.347944500764098	0.14056958095905484	0.14056958095905484	98.45769549917455	0.347944500764098	False	False	False
test	NZ_JBXUIF010000005.1	OW966965.1	0.0659340659340659	[0.05, 0.15)	16.218333333333334	63293	66091	0.08615486704690882	0.08240153727436414	0.08240153727436414	98.33446467789166	0.08615486704690882	False	False	False
test	NZ_CP199511.1	OW966965.1	0.0618556701030927	[0.05, 0.15)	16.218333333333334	44105	66091	0.16068472962249178	0.10723093915964352	0.10723093915964352	98.71791701887857	0.16068472962249178	False	False	False
test	NZ_CP145712.1	OW966965.1	0.057471264367816	[0.05, 0.15)	16.218333333333334	33455	66091	0.3454491107457779	0.17424460213947437	0.17424460213947437	96.86677792162956	0.3454491107457779	False	False	False
test	NZ_OZ066665.1	OW966965.1	0.0571428571428571	[0.05, 0.15)	16.218333333333334	39395	66091	0.16755933494098235	0.09987744170915859	0.09987744170915859	97.98845840895342	0.16755933494098235	False	False	False
test	CP044382.1	NZ_CP141542.1	0.1259259259259259	[0.05, 0.15)	16.218333333333334	123229	202151	0.4803658229799804	0.2929641703479082	0.2929641703479082	94.67628949054252	0.4803658229799804	False	False	False
test	CP044382.1	NZ_CP080351.1	0.1449814126394052	[0.05, 0.15)	16.218333333333334	123229	193800	0.5597870631101445	0.3560113519091847	0.3560113519091847	94.879809091961	0.5597870631101445	False	False	True
test	CP044382.1	NZ_CP084832.1	0.0883720930232558	[0.05, 0.15)	16.218333333333334	123229	131535	0.3100568859602853	0.2909719846428707	0.2909719846428707	96.34067455852477	0.3100568859602853	False	False	False
test	NZ_CP066954.1	CP094244.1	0.07	[0.05, 0.15)	16.218333333333334	33530	87661	0.7747986877423203	0.29586703323028485	0.29586703323028485	88.95501248515951	0.7747986877423203	False	False	True
test	NZ_CP178636.1	NZ_AP022361.1	0.1436170212765957	[0.05, 0.15)	16.218333333333334	57425	148581	0.7263735306922072	0.28050019854490144	0.28050019854490144	94.01570288937218	0.7263735306922072	False	False	True
test	NZ_CP178636.1	NZ_CP169909.1	0.0531914893617021	[0.05, 0.15)	16.218333333333334	57425	155489	0.2909708315193731	0.10772466219475332	0.10772466219475332	92.82232988710636	0.2909708315193731	False	False	False
test	NZ_CP178636.1	AB011549.2	0.0887096774193548	[0.05, 0.15)	16.218333333333334	57425	92721	0.3178754897692643	0.1969025355636803	0.1969025355636803	94.85809267253154	0.3178754897692643	False	False	False
test	NZ_OZ111446.1	NZ_CP141542.1	0.0780487804878048	[0.05, 0.15)	16.218333333333334	43002	202151	0.5063020324636064	0.10776597691824429	0.10776597691824429	98.885452631096	0.5063020324636064	False	False	True
test	NZ_OZ111446.1	NZ_CP154633.1	0.0530973451327433	[0.05, 0.15)	16.218333333333334	43002	210515	0.32419422352448724	0.0662660618008218	0.0662660618008218	98.69619843828355	0.32419422352448724	False	False	False
test	NZ_OZ111446.1	NZ_OW848789.1	0.0769230769230769	[0.05, 0.15)	16.218333333333334	43002	92189	0.3581461327380122	0.16723253316556205	0.16723253316556205	98.2445872254972	0.3581461327380122	False	False	False
test	NZ_JBUZKD010000003.1	NZ_CP026579.1	0.08	[0.05, 0.15)	16.218333333333334	55772	100229	0.36701212077745105	0.20468127986909976	0.20468127986909976	95.88011960116731	0.36701212077745105	False	False	False
test	NZ_JBUZKD010000003.1	CP057191.1	0.0845070422535211	[0.05, 0.15)	16.218333333333334	55772	102988	0.3081653876497167	0.16669903289703655	0.16669903289703655	94.44699611233608	0.3081653876497167	False	False	False
test	NZ_CP046636.1	NZ_JCCJZF010000002.1	0.0704225352112676	[0.05, 0.15)	16.218333333333334	47797	56907	0.2429441178316631	0.20410494315286346	0.20410494315286346	96.43465392215829	0.2429441178316631	False	False	False
test	NZ_RRDY01000195.1	CP088684.1	0.0581395348837209	[0.05, 0.15)	16.218333333333334	78952	113463	0.09213192826020873	0.06411781814335951	0.06411781814335951	98.03723853966511	0.09213192826020873	False	False	False
test	NZ_MH422552.1	CP088684.1	0.059880239520958	[0.05, 0.15)	16.218333333333334	88222	113463	0.20163904694974044	0.15681764099309908	0.15681764099309908	96.61220017948284	0.13302329258010118	True	False	False
test	NZ_AP018457.1	NC_013122.1	0.1340782122905028	[0.05, 0.15)	16.218333333333334	86535	117536	0.43647079216501994	0.3210505717397223	0.3210505717397223	97.2239345688151	0.43647079216501994	False	False	False
test	NZ_CP096939.1	NC_013122.1	0.0551724137931034	[0.05, 0.15)	16.218333333333334	33003	117536	0.21273823591794686	0.05971787367274707	0.05971787367274707	99.18880207740467	0.21273823591794686	False	False	False
test	NZ_CP085077.1	NC_013122.1	0.0709677419354838	[0.05, 0.15)	16.218333333333334	56811	117536	0.32666209008818714	0.15784100190579908	0.15784100190579908	95.37967485091066	0.32666209008818714	False	False	False
test	NZ_CP100792.1	NC_013122.1	0.1301369863013698	[0.05, 0.15)	16.218333333333334	79245	117536	0.2668559530569752	0.17987680370269535	0.17987680370269535	99.81084468497423	0.2668559530569752	False	False	False
test	NZ_CP068594.1	NC_013122.1	0.096590909090909	[0.05, 0.15)	16.218333333333334	82214	117536	0.38455737465638457	0.26924516743806154	0.26924516743806154	96.15060925628171	0.38455737465638457	False	False	False
test	CP101962.1	NC_013122.1	0.0994152046783625	[0.05, 0.15)	16.218333333333334	82673	117536	0.3650647732633387	0.2576317043288865	0.2576317043288865	95.64669760047204	0.3650647732633387	False	False	False
test	NC_013122.1	NZ_AP039440.1	0.0855855855855855	[0.05, 0.15)	16.218333333333334	117536	123644	0.20288252109991833	0.1927064798938889	0.1927064798938889	95.73309763647772	0.20288252109991833	False	False	False
test	CP122777.1	NC_013122.1	0.1382978723404255	[0.05, 0.15)	16.218333333333334	116463	117536	0.26044323089736654	0.2579124693710863	0.2579124693710863	96.27480643675136	0.26044323089736654	False	False	False
test	NZ_RRDR01000228.1	NC_013122.1	0.0521739130434782	[0.05, 0.15)	16.218333333333334	7146	117536	0.9890848026868178	0.060041178872855976	0.060041178872855976	99.6468523802797	0.9890848026868178	False	False	True
test	NZ_JAUAMS010000033.1	MN868654.1	0.0595238095238095	[0.05, 0.15)	16.218333333333334	13218	93231	0.9027840823119988	0.12946337591573617	0.12946337591573617	93.06877022332505	0.9027840823119988	False	False	True
test	MN868654.1	NZ_CP146851.1	0.0793650793650793	[0.05, 0.15)	16.218333333333334	93231	138872	0.3939676716971823	0.2623350999481537	0.2623350999481537	97.84204331992608	0.3939676716971823	False	False	False
test	MN868654.1	NZ_JBSTQQ010000002.1	0.116751269035533	[0.05, 0.15)	16.218333333333334	93231	156753	0.5754094668082504	0.33933640823461114	0.33933640823461114	95.12986167125531	0.5754094668082504	False	False	True
test	MN868654.1	NC_017659.1	0.0887850467289719	[0.05, 0.15)	16.218333333333334	93231	147060	0.4212976370520535	0.2649598803209574	0.2649598803209574	94.0393482034105	0.4212976370520535	False	False	False
test	MN868654.1	NZ_CP043297.1	0.1210191082802547	[0.05, 0.15)	16.218333333333334	93231	110724	0.5257585996074268	0.4388931035728478	0.4388931035728478	93.57284153683439	0.5257585996074268	False	False	True
test	MN868654.1	NZ_JBRAXZ010000003.1	0.1264367816091954	[0.05, 0.15)	16.218333333333334	93231	118098	0.5690918256802995	0.4459177970837779	0.4459177970837779	93.75492078482914	0.5690918256802995	False	False	True
test	NZ_CP116080.1	NZ_CP151622.1	0.0666666666666666	[0.05, 0.15)	16.218333333333334	7939	9609	0.1351555611537977	0.11281090644187741	0.11281090644187741	86.172	0.1351555611537977	False	False	False
test	NZ_CP116080.1	NZ_CP148344.1	0.0952380952380952	[0.05, 0.15)	16.218333333333334	7939	10681	0.4423730948482177	0.33217863495927347	0.33217863495927347	94.19907969586032	0.4423730948482177	False	False	False
test	NZ_OZ547465.1	NC_032101.1	0.0769230769230769	[0.05, 0.15)	16.218333333333334	46449	58120	0.11601972055372559	0.09277357192016518	0.09277357192016518	97.53300797477746	0.11601972055372559	False	False	False
test	NZ_OZ547465.1	NZ_CP125122.1	0.0507462686567164	[0.05, 0.15)	16.218333333333334	46449	333411	0.4528622790587526	0.06310529646592344	0.06310529646592344	97.66731903268719	0.4528622790587526	False	False	False
test	NZ_CP096939.1	NZ_OZ547465.1	0.1159420289855072	[0.05, 0.15)	16.218333333333334	33003	46449	0.242917310547526	0.1724687291437921	0.1724687291437921	99.20204351620947	0.242917310547526	False	False	False
test	NZ_OZ547465.1	NZ_CP061958.1	0.1094890510948905	[0.05, 0.15)	16.218333333333334	46449	109135	0.40829727227712115	0.175159206487378	0.175159206487378	96.94911616161617	0.40829727227712115	False	False	False
test	NZ_OZ547465.1	OW849481.1	0.1008403361344537	[0.05, 0.15)	16.218333333333334	46449	105977	0.3211263966931473	0.14040782433924343	0.14040782433924343	96.93567046421789	0.3211263966931473	False	False	False
test	NZ_JAHLXU010000021.1	CP080739.1	0.0536585365853658	[0.05, 0.15)	16.218333333333334	31273	206152	0.5422888753877146	0.08239551398967752	0.08239551398967752	97.00253699676756	0.5422888753877146	True	False	True
test	NZ_JAHLXU010000021.1	NZ_CP056884.1	0.0536585365853658	[0.05, 0.15)	16.218333333333334	31273	198658	0.531864547692898	0.08398352948282979	0.08398352948282979	97.27408704768752	0.531864547692898	False	False	True
test	NZ_JAGJVE010000029.1	NZ_JAHLXU010000021.1	0.1034482758620689	[0.05, 0.15)	16.218333333333334	17971	31273	0.5291859106337989	0.3032008441786845	0.3032008441786845	96.73278495640298	0.5291859106337989	False	False	True
test	NZ_CP043351.1	NZ_CP086468.1	0.1223776223776223	[0.05, 0.15)	16.218333333333334	106448	247089	0.5428190290094694	0.23379430083896896	0.23379430083896896	95.89474042450219	0.5428190290094694	False	False	True
test	NZ_CP043351.1	NZ_CP054974.1	0.08	[0.05, 0.15)	16.218333333333334	106448	120564	0.34883699083120395	0.30768720347699147	0.30768720347699147	93.22708523780112	0.34883699083120395	False	False	False
test	NZ_CP068594.1	NZ_CP043351.1	0.0658682634730539	[0.05, 0.15)	16.218333333333334	82214	106448	0.2036027927117036	0.157353825341951	0.157353825341951	95.94749482266127	0.2036027927117036	False	False	False
test	NZ_CP043351.1	OW849024.1	0.1240875912408759	[0.05, 0.15)	16.218333333333334	106448	242397	0.5373233879452879	0.23590638498001212	0.23590638498001212	96.24739169533252	0.5373233879452879	False	False	True
test	NZ_CP086419.1	NZ_CP043351.1	0.0608108108108108	[0.05, 0.15)	16.218333333333334	70475	106448	0.22566867683575736	0.14927476326469263	0.14927476326469263	98.55425132009053	0.22566867683575736	False	False	False
test	NZ_CP021346.1	NZ_MH341575.1	0.08	[0.05, 0.15)	16.218333333333334	3824	46293	0.0700836820083682	0.00583241526796708	0.00583241526796708	98.88870370370371	0.0700836820083682	False	False	False
test	NZ_RRSI01000295.1	CP043256.1	0.0526315789473684	[0.05, 0.15)	16.218333333333334	3313	97372	1.0	0.034024154787824015	0.034024154787824015	98.249	1.0	False	False	True
test	NZ_MN586817.1	NZ_CP101766.1	0.1361256544502617	[0.05, 0.15)	16.218333333333334	91326	127176	0.33298294023607733	0.23899163364156759	0.23899163364156759	98.26865426056108	0.33298294023607733	False	False	False
test	NZ_MN586817.1	CP067475.1	0.1377952755905512	[0.05, 0.15)	16.218333333333334	91326	216181	0.5136653307929834	0.21717449729624713	0.21717449729624713	97.31612700708195	0.5136653307929834	False	False	True
test	AP026491.1	NZ_JCAWDY010000002.1	0.1188118811881188	[0.05, 0.15)	16.218333333333334	48260	61509	0.17577704102776626	0.13758962103106862	0.13758962103106862	97.94019420903955	0.17577704102776626	False	False	False
test	AP026491.1	CP014297.1	0.0510948905109489	[0.05, 0.15)	16.218333333333334	48260	90274	0.09995855781185246	0.05343731306910074	0.05343731306910074	99.95853897180763	0.09995855781185246	False	False	False
test	CP067548.1	NC_032101.1	0.057471264367816	[0.05, 0.15)	16.218333333333334	36101	58120	0.15271045123403784	0.09485547143840331	0.09485547143840331	99.89133538908037	0.15271045123403784	False	False	False
test	NZ_NPJW01000083.1	CP067548.1	0.0606060606060606	[0.05, 0.15)	16.218333333333334	1339	36101	1.0	0.037090385307886206	0.037090385307886206	99.701	1.0	False	False	True
test	CP067548.1	CP067898.1	0.0704225352112676	[0.05, 0.15)	16.218333333333334	36101	48619	0.22669732140383922	0.16824698163269503	0.16824698163269503	98.97422721720008	0.22669732140383922	False	False	False
test	CP067548.1	NZ_CP185196.1	0.0555555555555555	[0.05, 0.15)	16.218333333333334	36101	61059	0.1421013268330517	0.08401709821647914	0.08401709821647914	94.88745178849145	0.1421013268330517	False	False	False
test	NZ_CP102507.1	CP067548.1	0.1351351351351351	[0.05, 0.15)	16.218333333333334	6338	36101	0.5782581255916693	0.10152073349768705	0.10152073349768705	99.836	0.5782581255916693	False	False	True
test	NZ_CP104360.1	NZ_OV049812.1	0.125	[0.05, 0.15)	16.218333333333334	4633	5590	0.43082236132095836	0.35724508050089443	0.35724508050089443	89.67553366583542	0.43082236132095836	False	False	False
test	NZ_RRGO01000098.1	NZ_OV049812.1	0.0833333333333333	[0.05, 0.15)	16.218333333333334	5534	5590	0.1714853632092519	0.17155635062611807	0.1714853632092519	88.613	0.1714853632092519	False	False	False
test	NZ_OV049812.1	NZ_CP116926.1	0.0588235294117647	[0.05, 0.15)	16.218333333333334	5590	11848	0.10232558139534884	0.04836259284267387	0.04836259284267387	93.934	0.10232558139534884	False	False	False
test	NZ_AP026795.1	NZ_CP086468.1	0.0602739726027397	[0.05, 0.15)	16.218333333333334	165477	247089	0.24397348271965288	0.16350788582251738	0.16350788582251738	92.7655489906086	0.24397348271965288	False	False	False
test	NZ_CP086468.1	NZ_JBWVJQ010000002.1	0.1175213675213675	[0.05, 0.15)	16.218333333333334	247089	325551	0.3789039576832639	0.28798867151383345	0.28798867151383345	95.85260182671735	0.3789039576832639	False	False	False
test	NZ_MH917123.1	NZ_CP086468.1	0.0597014925373134	[0.05, 0.15)	16.218333333333334	65604	247089	0.27658374489360404	0.07346340792184193	0.07346340792184193	99.87330405814657	0.27658374489360404	False	False	False
test	NZ_CP073000.1	NZ_CP102691.1	0.05	[0.05, 0.15)	16.218333333333334	6796	9294	0.07842848734549736	0.05874757908327954	0.05874757908327954	85.045	0.07842848734549736	False	False	False
test	NZ_MG299151.1	NZ_CP097713.1	0.0779816513761468	[0.05, 0.15)	16.218333333333334	109845	122563	0.26971641858983114	0.24143501709325	0.24143501709325	94.74665973833785	0.26971641858983114	False	False	False
test	NZ_CP031907.1	NZ_CP097713.1	0.0765550239234449	[0.05, 0.15)	16.218333333333334	121036	122563	0.19243035130043953	0.18960045038062057	0.18960045038062057	95.47404093767379	0.19243035130043953	False	False	False
test	NZ_CP026579.1	NZ_CP097713.1	0.0688073394495412	[0.05, 0.15)	16.218333333333334	100229	122563	0.23834419180077623	0.1948385728156132	0.1948385728156132	94.32614318494724	0.23834419180077623	False	False	False
test	NZ_CP186433.1	NZ_CP101534.1	0.0760869565217391	[0.05, 0.15)	16.218333333333334	76975	141697	0.29543358233192596	0.16053268594253936	0.16053268594253936	95.03201453986381	0.29543358233192596	False	False	False
test	NZ_CP040265.1	NZ_CP101534.1	0.1265060240963855	[0.05, 0.15)	16.218333333333334	73952	141697	0.5110477066205106	0.26724630726126875	0.26724630726126875	94.01491189404113	0.5110477066205106	False	False	True
test	NZ_CP089446.1	NZ_CP101534.1	0.1232876712328767	[0.05, 0.15)	16.218333333333334	129071	141697	0.34750641120003717	0.3169791879856313	0.3169791879856313	95.52787655034453	0.34750641120003717	False	False	False
test	CP067909.1	NZ_CP101534.1	0.0909090909090909	[0.05, 0.15)	16.218333333333334	130935	141697	0.2723717875281628	0.2516284748442098	0.2516284748442098	96.31203956985635	0.2723717875281628	False	False	False
test	NZ_CP101534.1	NC_017659.1	0.0526315789473684	[0.05, 0.15)	16.218333333333334	141697	147060	0.1852262221500808	0.17833537331701346	0.17833537331701346	93.31771918900445	0.1852262221500808	False	False	False
test	NZ_CP122774.1	CP057828.1	0.0909090909090909	[0.05, 0.15)	16.218333333333334	5732	7205	0.5343684577808793	0.431089521165857	0.431089521165857	93.65	0.5343684577808793	False	False	True
test	NZ_CP115709.1	OW967602.1	0.0878378378378378	[0.05, 0.15)	16.218333333333334	119165	205284	0.3640414551252465	0.21121470742970713	0.21121470742970713	95.88474504882092	0.3640414551252465	False	False	False
test	NZ_CP153671.1	OW967602.1	0.1047619047619047	[0.05, 0.15)	16.218333333333334	151580	205284	0.2998482649426046	0.22163928995927593	0.22163928995927593	96.58124509782394	0.2998482649426046	False	False	False
test	NZ_CP195975.1	OW967602.1	0.0564516129032258	[0.05, 0.15)	16.218333333333334	62763	205284	0.5552793843506525	0.16982814052726955	0.16982814052726955	96.14500604792478	0.5552793843506525	False	False	True
test	NZ_CP097682.1	NZ_CP074455.1	0.0972972972972973	[0.05, 0.15)	16.218333333333334	57847	159477	0.44650543675557935	0.16205471635408242	0.16205471635408242	97.9551741012756	0.44650543675557935	False	False	False
test	NZ_CP097682.1	NZ_JBXUIF010000005.1	0.1428571428571428	[0.05, 0.15)	16.218333333333334	57847	63293	0.12214980897885802	0.11163951779817673	0.11163951779817673	99.8867195018398	0.12214980897885802	False	False	False
test	NZ_JCAWDY010000002.1	CP122780.1	0.0606060606060606	[0.05, 0.15)	16.218333333333334	61509	120042	0.1922482888682957	0.09854884123889972	0.09854884123889972	96.93865339854949	0.1922482888682957	False	False	False
test	NZ_CP024276.1	CP122780.1	0.0536912751677852	[0.05, 0.15)	16.218333333333334	38177	120042	0.24844801844042225	0.07914729844554406	0.07914729844554406	93.47338426023084	0.24844801844042225	False	False	False
test	NZ_CP063478.1	NZ_MT773671.1	0.0571428571428571	[0.05, 0.15)	16.218333333333334	47841	65579	0.05447210551618904	0.03973833086811327	0.03973833086811327	99.847	0.05447210551618904	False	False	False
test	NZ_JARWCH010000047.1	NZ_CP131687.1	0.1025641025641025	[0.05, 0.15)	16.218333333333334	11679	82641	0.8813254559465707	0.1244418629977856	0.1244418629977856	96.78763499611803	0.8813254559465707	False	False	True
test	CP088797.1	NZ_CP131687.1	0.0746268656716417	[0.05, 0.15)	16.218333333333334	79036	82641	0.22074750746495267	0.21133577764063843	0.21133577764063843	97.51215722047469	0.22074750746495267	False	False	False
test	NZ_CP131687.1	NZ_CP097707.1	0.0669856459330143	[0.05, 0.15)	16.218333333333334	82641	159393	0.3707723769073462	0.19207869856267215	0.19207869856267215	96.21392492844132	0.3707723769073462	False	False	False
test	NZ_CP135149.1	NZ_CP131687.1	0.0526315789473684	[0.05, 0.15)	16.218333333333334	58662	82641	0.12791926630527428	0.0905240740068489	0.0905240740068489	97.23526342371078	0.12791926630527428	False	False	False
test	NZ_CP131687.1	NZ_CP031907.1	0.062111801242236	[0.05, 0.15)	16.218333333333334	82641	121036	0.29830229547077114	0.20301397931194026	0.20301397931194026	92.43043602911445	0.29830229547077114	False	False	False
test	NZ_CP131687.1	NZ_CP141238.1	0.0531914893617021	[0.05, 0.15)	16.218333333333334	82641	132580	0.23792064471630306	0.14795595112384974	0.14795595112384974	92.91121114547944	0.23792064471630306	False	False	False
test	NZ_CP131687.1	NZ_MG591701.1	0.1353383458646616	[0.05, 0.15)	16.218333333333334	82641	91597	0.3976839583257705	0.3583850999486883	0.3583850999486883	96.3354415615907	0.3976839583257705	False	False	False
test	NZ_CP082766.1	NZ_CP182818.1	0.0788804071246819	[0.05, 0.15)	16.218333333333334	199279	278962	0.297989251250759	0.21311504792767474	0.21311504792767474	96.26890510029232	0.297989251250759	False	False	False
test	NZ_RRSI01000318.1	NZ_MG299151.1	0.0538461538461538	[0.05, 0.15)	16.218333333333334	19995	109845	0.535233808452113	0.09754654285584233	0.09754654285584233	91.63641334077589	0.535233808452113	False	False	True
test	NZ_MG299151.1	NZ_CP089446.1	0.0794392523364486	[0.05, 0.15)	16.218333333333334	109845	129071	0.2618234785379398	0.2229315647976695	0.2229315647976695	96.56445811354804	0.2618234785379398	False	False	False
test	NZ_CP193630.1	NZ_MG299151.1	0.0584795321637426	[0.05, 0.15)	16.218333333333334	88723	109845	0.23735671697305097	0.19123310118803769	0.19123310118803769	94.8793355281857	0.23735671697305097	False	False	False
test	CP122738.1	CP043740.1	0.0756756756756756	[0.05, 0.15)	16.218333333333334	93581	113189	0.17374253320652697	0.14374188304517224	0.14374188304517224	95.0765313401682	0.17374253320652697	False	False	False
test	CP043740.1	NZ_CP031907.1	0.0653266331658291	[0.05, 0.15)	16.218333333333334	113189	121036	0.17736705863643995	0.16576886215671371	0.16576886215671371	94.51530751651846	0.17736705863643995	False	False	False
test	NZ_AP045063.1	CP043740.1	0.0707070707070707	[0.05, 0.15)	16.218333333333334	93025	113189	0.16441816715936577	0.13531350219544303	0.13531350219544303	96.00398011734026	0.16441816715936577	False	False	False
test	CP043740.1	NZ_JBXULQ010000004.1	0.1095238095238095	[0.05, 0.15)	16.218333333333334	113189	116759	0.2090044085556017	0.20245120290512936	0.20245120290512936	96.0380906751055	0.2090044085556017	False	False	False
test	NZ_OY757950.1	NZ_CP024192.1	0.0630914826498422	[0.05, 0.15)	16.218333333333334	150582	221606	0.1610750288879149	0.10939234497260905	0.10939234497260905	96.14219185639591	0.1610750288879149	False	False	False
test	NZ_CP135149.1	NZ_CP024192.1	0.0528455284552845	[0.05, 0.15)	16.218333333333334	58662	221606	0.24809928062459513	0.06570219217891213	0.06570219217891213	99.47809723939018	0.24809928062459513	False	False	False
test	NZ_JBFMZG010000029.1	CP150837.1	0.1363636363636363	[0.05, 0.15)	16.218333333333334	5398	27053	0.5602074842534271	0.11133700513806233	0.11133700513806233	99.471	0.5602074842534271	False	False	True
test	CP150837.1	NC_013348.1	0.1290322580645161	[0.05, 0.15)	16.218333333333334	27053	45052	0.5180201826045171	0.313770753795614	0.313770753795614	95.59593383130152	0.5180201826045171	False	False	True
test	NZ_MF042352.1	NZ_CP154633.1	0.0784982935153583	[0.05, 0.15)	16.218333333333334	119047	210515	0.24269406200912244	0.13713512101275444	0.13713512101275444	96.58533902464315	0.24269406200912244	False	False	False
test	NZ_CP130211.1	NZ_MF042352.1	0.1220930232558139	[0.05, 0.15)	16.218333333333334	83295	119047	0.27659523380755147	0.19369660722235757	0.19369660722235757	97.86437507040424	0.27659523380755147	False	False	False
test	NZ_CP135207.1	NZ_CP044159.1	0.0588235294117647	[0.05, 0.15)	16.218333333333334	43860	59694	0.171796625626995	0.12642811672864945	0.12642811672864945	92.15453481012659	0.171796625626995	False	False	False
test	NZ_CP044159.1	NZ_CP047280.1	0.0559440559440559	[0.05, 0.15)	16.218333333333334	59694	262422	0.19475994237276778	0.04432936262965757	0.04432936262965757	99.3985863847344	0.19475994237276778	False	False	False
test	NZ_CP044159.1	NZ_CP024550.1	0.0538116591928251	[0.05, 0.15)	16.218333333333334	59694	187611	0.1602506114517372	0.05095650041841896	0.05095650041841896	97.48200052241145	0.1602506114517372	False	False	False
test	NZ_CP044159.1	NZ_MT560079.1	0.0803571428571428	[0.05, 0.15)	16.218333333333334	59694	68684	0.1088886655275237	0.09463630539863724	0.09463630539863724	99.98465615384616	0.1088886655275237	False	False	False
test	NZ_JBRXNM010000013.1	NZ_CP044159.1	0.1176470588235294	[0.05, 0.15)	16.218333333333334	6948	59694	0.8336211859527922	0.09702817703621805	0.09702817703621805	99.98278055939227	0.8336211859527922	False	False	True
test	NZ_CP189450.1	NZ_CP178695.1	0.1228813559322034	[0.05, 0.15)	16.218333333333334	125383	153819	0.3507493041321391	0.2857384328333951	0.2857384328333951	97.55441315108305	0.3507493041321391	False	False	False
test	NZ_CP089446.1	NZ_CP178695.1	0.1271186440677966	[0.05, 0.15)	16.218333333333334	129071	153819	0.4574923879105299	0.38381474330219284	0.38381474330219284	95.27774183690694	0.4574923879105299	False	False	False
test	NZ_CP148451.1	NZ_CP151316.1	0.0909090909090909	[0.05, 0.15)	16.218333333333334	2835	8378	0.5654320987654321	0.1888278825495345	0.1888278825495345	95.3952937149969	0.5654320987654321	False	False	True
test	NZ_CP101557.1	NZ_CP138438.1	0.0642857142857142	[0.05, 0.15)	16.218333333333334	46288	97656	0.21169633598340823	0.10033177684934873	0.10033177684934873	95.23570721775424	0.21169633598340823	False	False	False
test	NZ_CP101557.1	NZ_OP242238.1	0.0814814814814814	[0.05, 0.15)	16.218333333333334	46288	111500	0.33673954372623577	0.13977578475336322	0.13977578475336322	98.26843465435425	0.33673954372623577	False	False	False
test	NZ_CP101557.1	NZ_AP039440.1	0.0745341614906832	[0.05, 0.15)	16.218333333333334	46288	123644	0.3759073625993778	0.14069425123742357	0.14069425123742357	99.29883713579679	0.3759073625993778	False	False	False
test	NZ_CP054742.1	NZ_CP101557.1	0.0689655172413793	[0.05, 0.15)	16.218333333333334	11970	46288	0.1620718462823726	0.04188990667127549	0.04188990667127549	99.382	0.1620718462823726	False	False	False
test	NZ_CP018476.1	CP094244.1	0.0687022900763358	[0.05, 0.15)	16.218333333333334	69764	87661	0.12132331861705177	0.0970442956388816	0.0970442956388816	94.44254463554464	0.12132331861705177	False	False	False
test	NZ_PP129611.1	NZ_AP022479.1	0.0983606557377049	[0.05, 0.15)	16.218333333333334	63468	91989	0.3373511060692002	0.2328321864570764	0.2328321864570764	98.43815787755864	0.3373511060692002	False	False	False
test	NZ_AP022479.1	NZ_OW848789.1	0.0670731707317073	[0.05, 0.15)	16.218333333333334	91989	92189	0.23685440650512563	0.23670936879671112	0.23670936879671112	97.50509595312215	0.23685440650512563	False	False	False
test	NZ_CP180667.1	NZ_CP029585.1	0.1111111111111111	[0.05, 0.15)	16.218333333333334	4544	8809	0.4381602112676056	0.22613236462708594	0.22613236462708594	95.94	0.4381602112676056	False	False	False
test	NZ_JCBEAH010000002.1	NZ_CP029585.1	0.0769230769230769	[0.05, 0.15)	16.218333333333334	7162	8809	0.1586149120357442	0.13077534339879668	0.13077534339879668	83.30528960817716	0.1586149120357442	False	False	False
test	NZ_CP152448.1	NZ_CP011988.1	0.1481481481481481	[0.05, 0.15)	16.218333333333334	11970	13841	0.5333333333333333	0.4610938516003179	0.4610938516003179	93.07289695074276	0.5333333333333333	False	False	True
test	NZ_CP107491.1	CP089767.1	0.0697674418604651	[0.05, 0.15)	16.218333333333334	10060	68291	0.7294234592445328	0.10748122007292323	0.10748122007292323	93.01169734874235	0.7294234592445328	False	False	True
test	NZ_QXXP01000127.1	NZ_JCAWDY010000002.1	0.0689655172413793	[0.05, 0.15)	16.218333333333334	2018	61509	0.5346878097125867	0.017542148303500302	0.017542148303500302	100.0	0.5346878097125867	False	False	True
test	NZ_QXXP01000127.1	NZ_OQ821186.1	0.0535714285714285	[0.05, 0.15)	16.218333333333334	2018	68404	0.9449950445986125	0.027878486638208293	0.027878486638208293	100.0	0.9449950445986125	False	False	True
test	NZ_OM048934.1	NZ_OY757950.1	0.0672268907563025	[0.05, 0.15)	16.218333333333334	118931	150582	0.360225677073261	0.2848414817176024	0.2848414817176024	87.25267660965095	0.360225677073261	False	False	False
test	NZ_AP018457.1	NZ_OY757950.1	0.1256038647342995	[0.05, 0.15)	16.218333333333334	86535	150582	0.5091697001213382	0.2923921849889097	0.2923921849889097	94.25630450132392	0.5091697001213382	False	False	True
test	NZ_OP006451.1	NZ_OY757950.1	0.1153846153846153	[0.05, 0.15)	16.218333333333334	136951	150582	0.3107169717636235	0.2822448898274694	0.2822448898274694	93.79701743491201	0.3107169717636235	False	False	False
test	NZ_CP068594.1	NZ_OY757950.1	0.0772946859903381	[0.05, 0.15)	16.218333333333334	82214	150582	0.3427153526163427	0.18702766598929488	0.18702766598929488	96.78574525994969	0.3427153526163427	False	False	False
test	NZ_CP086762.1	NZ_CP141546.1	0.0611510791366906	[0.05, 0.15)	16.218333333333334	296148	348041	0.1714142928535732	0.14602302602279615	0.14602302602279615	96.7429565789991	0.1714142928535732	False	False	False
test	NZ_CP153671.1	NZ_CP141546.1	0.075	[0.05, 0.15)	16.218333333333334	151580	348041	0.29550072568940494	0.12865150944859946	0.12865150944859946	96.61904239518286	0.29550072568940494	False	False	False
test	NZ_JCDGLC010000041.1	NZ_CP089446.1	0.1466666666666666	[0.05, 0.15)	16.218333333333334	41565	129071	0.7612414290869722	0.24585693145633022	0.24585693145633022	94.69122312672867	0.7612414290869722	False	False	True
test	NZ_CP060975.1	NZ_OM048934.1	0.050251256281407	[0.05, 0.15)	16.218333333333334	112054	118931	0.3719635175897335	0.3503796318873969	0.3503796318873969	87.68239996183571	0.3719635175897335	False	False	False
test	NZ_JPGS01000084.1	NZ_CP141569.1	0.0917874396135265	[0.05, 0.15)	16.218333333333334	21232	194326	0.9681612660135644	0.1058581970503175	0.1058581970503175	97.74576450014573	0.9681612660135644	False	False	True
test	OW969918.1	NZ_CP141569.1	0.125	[0.05, 0.15)	16.218333333333334	104126	194326	0.4686917772698461	0.25115527515618086	0.25115527515618086	95.65632284189215	0.4686917772698461	False	False	False
test	NZ_CP159186.1	NZ_CP176935.1	0.0737704918032786	[0.05, 0.15)	16.218333333333334	135518	147379	0.2426688705559409	0.22315933749041586	0.22315933749041586	96.89332338293352	0.2426688705559409	False	False	False
test	NZ_JCDLMC010000005.1	NZ_CP159186.1	0.1225806451612903	[0.05, 0.15)	16.218333333333334	67088	135518	0.2597782017648462	0.12869877064301422	0.12869877064301422	99.23765921467471	0.2597782017648462	False	False	False
test	NZ_CP118928.1	NZ_CP159186.1	0.0727272727272727	[0.05, 0.15)	16.218333333333334	67839	135518	0.14895561550140773	0.07458787762511253	0.07458787762511253	99.7825068737019	0.14895561550140773	False	False	False
test	NZ_CP146851.1	NZ_JBYCWT010000001.1	0.0875576036866359	[0.05, 0.15)	16.218333333333334	138872	153509	0.21779048332277204	0.19715456422750458	0.19715456422750458	95.53239960493828	0.21779048332277204	False	False	False
test	NZ_CP131657.1	CP127703.1	0.0555555555555555	[0.05, 0.15)	16.218333333333334	2920	20652	0.10753424657534247	0.015349602944024791	0.015349602944024791	91.22241379310344	0.10753424657534247	False	False	False
test	NZ_MT074684.1	NZ_CP046364.1	0.0754716981132075	[0.05, 0.15)	16.218333333333334	23710	39302	0.10105440742302826	0.061065594626227675	0.061065594626227675	99.29186708333332	0.10105440742302826	False	False	False
test	NZ_CP186433.1	NZ_CP069854.1	0.0923076923076923	[0.05, 0.15)	16.218333333333334	76975	137344	0.3021500487171159	0.16945043103448276	0.16945043103448276	98.69067581261538	0.3021500487171159	False	False	False
test	NZ_PP129611.1	NZ_AP018457.1	0.1452991452991453	[0.05, 0.15)	16.218333333333334	63468	86535	0.462295960168904	0.3391228982492633	0.3391228982492633	95.39652101240023	0.462295960168904	False	False	False
test	NZ_CP142946.1	NZ_CP184146.1	0.064516129032258	[0.05, 0.15)	16.218333333333334	48552	174759	0.37745098039215685	0.10462980447358934	0.10462980447358934	95.67144144389397	0.37745098039215685	False	False	False
test	NZ_JAMYDI010000073.1	NZ_CP036189.1	0.0869565217391304	[0.05, 0.15)	16.218333333333334	5991	9341	0.2538808212318478	0.16143881811369232	0.16143881811369232	89.56004924491137	0.2538808212318478	False	False	False
test	CP052221.1	NZ_CP060978.1	0.0625	[0.05, 0.15)	16.218333333333334	5219	6647	0.6146771412147921	0.48563261621784265	0.48563261621784265	92.98928350833847	0.6146771412147921	False	False	True
test	NG_050298.1	NZ_JARWCH010000047.1	0.0769230769230769	[0.05, 0.15)	16.218333333333334	961	11679	1.0	0.08228444216114393	0.08228444216114393	99.584	1.0	False	False	True
test	NZ_JARWCH010000047.1	NZ_CP095666.1	0.0707070707070707	[0.05, 0.15)	16.218333333333334	11679	99379	0.8565801866598167	0.10072550538846235	0.10072550538846235	96.10323559896352	0.8565801866598167	False	False	True
test	NZ_JARWCH010000047.1	NZ_CP135667.1	0.0666666666666666	[0.05, 0.15)	16.218333333333334	11679	76366	0.7497217227502355	0.11475001964224917	0.11475001964224917	95.62929956749373	0.7497217227502355	True	False	True
test	NZ_JARWCH010000047.1	NZ_CP195365.1	0.0681818181818181	[0.05, 0.15)	16.218333333333334	11679	137286	0.9747409880982961	0.08292178372157394	0.08292178372157394	96.41776169206516	0.9747409880982961	False	False	True
test	NZ_CP070140.1	NZ_CP151622.1	0.1111111111111111	[0.05, 0.15)	16.218333333333334	1713	9609	0.22825452422650322	0.04037881153085649	0.04037881153085649	94.38800000000002	0.22825452422650322	False	False	False
test	NZ_CP068594.1	NZ_CP030765.1	0.056338028169014	[0.05, 0.15)	16.218333333333334	82214	93169	0.15198141435765197	0.1340789318335498	0.1340789318335498	94.42798475293367	0.15198141435765197	False	False	False
test	NZ_CP097707.1	NZ_CP074455.1	0.0569395017793594	[0.05, 0.15)	16.218333333333334	159393	159477	0.15224006073039595	0.1520971676166469	0.1520971676166469	92.03833583805533	0.15224006073039595	False	False	False
test	NZ_OP006451.1	NZ_CP074455.1	0.0912863070539419	[0.05, 0.15)	16.218333333333334	136951	159477	0.22841016129856664	0.1961662183261536	0.1961662183261536	97.16887983147681	0.22841016129856664	False	False	False
test	CP067909.1	NZ_CP074455.1	0.0677966101694915	[0.05, 0.15)	16.218333333333334	130935	159477	0.2102951846335968	0.17274591320378488	0.17274591320378488	96.57505284331843	0.2102951846335968	False	False	False
test	NZ_CP074455.1	NZ_CP067434.1	0.087719298245614	[0.05, 0.15)	16.218333333333334	159477	180050	0.2496033910846078	0.22095529019716745	0.22095529019716745	95.3100114172438	0.2496033910846078	False	False	False
test	NC_032101.1	NZ_OK247586.1	0.0647482014388489	[0.05, 0.15)	16.218333333333334	58120	78461	0.1376290433585685	0.10184677737984477	0.10184677737984477	99.8751194552043	0.1376290433585685	False	False	False
test	NZ_CP145155.1	NC_032101.1	0.0666666666666666	[0.05, 0.15)	16.218333333333334	16906	58120	0.2167277889506684	0.06304198210598762	0.06304198210598762	99.973	0.2167277889506684	False	False	False
test	NZ_CP184004.1	CP088402.1	0.0603015075376884	[0.05, 0.15)	16.218333333333334	45802	167679	0.3283262739618357	0.08975482916763577	0.08975482916763577	99.62146859646795	0.3283262739618357	False	False	False
test	NZ_CP169124.1	CP088402.1	0.1095238095238095	[0.05, 0.15)	16.218333333333334	90370	167679	0.4130352993249972	0.2225383023515169	0.2225383023515169	96.62341042641359	0.4130352993249972	False	False	False
test	CP088364.1	CP088402.1	0.1442307692307692	[0.05, 0.15)	16.218333333333334	80900	167679	0.507416563658838	0.24485475223492506	0.24485475223492506	97.59648567262121	0.507416563658838	False	False	True
test	NZ_CP040265.1	NZ_CP068594.1	0.0839694656488549	[0.05, 0.15)	16.218333333333334	73952	82214	0.28590166594547817	0.2573892524387574	0.2573892524387574	93.82004109008756	0.28590166594547817	False	False	False
test	NZ_CP068927.1	NZ_CP125122.1	0.0692520775623268	[0.05, 0.15)	16.218333333333334	63589	333411	0.29365141769802955	0.055954962493738956	0.055954962493738956	99.50214786658815	0.29365141769802955	False	False	False
test	NZ_CP061964.1	NZ_CP125122.1	0.0696378830083565	[0.05, 0.15)	16.218333333333334	63578	333411	0.29351347950548934	0.055954962493738956	0.055954962493738956	99.99472291867566	0.29351347950548934	False	False	False
test	OW968206.1	NZ_CP125122.1	0.0694444444444444	[0.05, 0.15)	16.218333333333334	63589	333411	0.29365141769802955	0.055954962493738956	0.055954962493738956	99.50214786658815	0.29365141769802955	False	False	False
test	NZ_CP031805.1	NZ_CP125122.1	0.0777777777777777	[0.05, 0.15)	16.218333333333334	65454	333411	0.2962080239557552	0.05811745863213871	0.05811745863213871	99.50526589654994	0.2962080239557552	False	False	False
test	NZ_JBWLLO010000003.1	CP067873.1	0.0594594594594594	[0.05, 0.15)	16.218333333333334	73335	118543	0.17960046362582668	0.11109049037058283	0.11109049037058283	96.96712041249623	0.17960046362582668	False	False	False
test	NZ_CP069544.1	NZ_CP062972.1	0.0551724137931034	[0.05, 0.15)	16.218333333333334	80965	136326	0.12627678626567035	0.07565688129923859	0.07565688129923859	97.02488322511871	0.12627678626567035	False	False	False
test	CP067788.1	NZ_CP096939.1	0.0588235294117647	[0.05, 0.15)	16.218333333333334	13841	33003	0.28516725670110543	0.11980729024634124	0.11980729024634124	98.00315950455006	0.28516725670110543	False	False	False
test	NZ_CP096939.1	NZ_JBWLLO010000003.1	0.074074074074074	[0.05, 0.15)	16.218333333333334	33003	73335	0.2304941974971972	0.10370218858662303	0.10370218858662303	99.22482860520094	0.2304941974971972	False	False	False
test	NZ_JBPFEV010000060.1	NZ_CP107486.1	0.0714285714285714	[0.05, 0.15)	16.218333333333334	3360	10060	0.15267857142857144	0.05268389662027833	0.05268389662027833	79.259	0.15267857142857144	False	False	False
test	NZ_CP066533.1	NZ_CP107486.1	0.0666666666666666	[0.05, 0.15)	16.218333333333334	6373	10060	0.08253569747371725	0.05337972166998012	0.05337972166998012	85.192	0.08253569747371725	False	False	False
test	NZ_CP151758.1	RefSeq_NZ_CM008895.1	0.0745341614906832	[0.05, 0.15)	16.218333333333334	53097	119046	0.17547130723016366	0.07827226450279724	0.07827226450279724	99.7745373967164	0.17547130723016366	True	False	False
test	NZ_CP151758.1	NZ_CP118928.1	0.0517241379310344	[0.05, 0.15)	16.218333333333334	53097	67839	0.10991204776164379	0.08602721148601837	0.08602721148601837	99.94855294722413	0.10991204776164379	False	False	False
test	NZ_CP095675.1	NZ_CP196097.1	0.0543478260869565	[0.05, 0.15)	16.218333333333334	45322	46176	0.08680111204271657	0.08519577269577269	0.08519577269577269	99.92389578037621	0.08680111204271657	False	False	False
test	NZ_CP115709.1	NZ_PQ126489.1	0.0859872611464968	[0.05, 0.15)	16.218333333333334	119165	612637	0.5290060000839173	0.10289453624250576	0.10289453624250576	97.99653339355898	0.5290060000839173	False	False	True
test	NZ_CP153671.1	NZ_PQ126489.1	0.0993788819875776	[0.05, 0.15)	16.218333333333334	151580	612637	0.5902163873861987	0.1460293779187349	0.1460293779187349	96.80594265268985	0.5902163873861987	False	False	True
test	NZ_CP110266.1	NZ_PQ126489.1	0.0522598870056497	[0.05, 0.15)	16.218333333333334	224600	612637	0.3130186999109528	0.11499468690268462	0.11499468690268462	96.33553456711338	0.3130186999109528	False	False	False
test	CP067898.1	NZ_CP084846.1	0.0625	[0.05, 0.15)	16.218333333333334	48619	101892	0.3217672103498632	0.1541239744042712	0.1541239744042712	96.82418342668024	0.3217672103498632	False	False	False
test	RefSeq_NZ_VKNT01000070.1	NZ_CP095134.1	0.0761904761904762	[0.05, 0.15)	16.218333333333334	58447	70936	0.1908566735675056	0.15685970452238637	0.15685970452238637	97.83482499776328	0.14989158963825175	True	False	False
test	RefSeq_NZ_VKNT01000070.1	NZ_JBWLLO010000003.1	0.081967213114754	[0.05, 0.15)	16.218333333333334	58447	73335	0.17157424675346897	0.13685143519465467	0.13685143519465467	99.38223542891303	0.11213815664346305	True	False	False
test	NZ_CP146851.1	NZ_CP073977.1	0.0606060606060606	[0.05, 0.15)	16.218333333333334	138872	241691	0.2003571634310732	0.11515116408968476	0.11515116408968476	97.64461954687444	0.2003571634310732	False	False	False
test	NZ_JAQFLL010000247.1	NZ_RRGN01000097.1	0.0833333333333333	[0.05, 0.15)	16.218333333333334	1116	23754	0.9973118279569892	0.047528837248463414	0.047528837248463414	97.2542843224092	0.9973118279569892	False	False	True
test	NZ_CP084709.1	NZ_JCDGMJ010000045.1	0.0975609756097561	[0.05, 0.15)	16.218333333333334	11972	34070	0.16112596057467424	0.056589374816554155	0.056589374816554155	99.533	0.16112596057467424	False	False	False
test	NZ_CP132708.1	NZ_CP084709.1	0.12	[0.05, 0.15)	16.218333333333334	9730	11972	0.5230215827338129	0.42532576010691614	0.42532576010691614	95.37327818074887	0.5230215827338129	False	False	True
test	NZ_CP084709.1	CP067788.1	0.1481481481481481	[0.05, 0.15)	16.218333333333334	11972	13841	0.5323254259939859	0.46015461310598943	0.46015461310598943	92.93751440651424	0.5323254259939859	False	False	True
test	NZ_JCAWDY010000002.1	NZ_CP115709.1	0.074074074074074	[0.05, 0.15)	16.218333333333334	61509	119165	0.24872782844786942	0.1285024965384131	0.1285024965384131	98.0355096913137	0.24872782844786942	False	False	False
test	NZ_JCAWDY010000002.1	NZ_CP089446.1	0.0523255813953488	[0.05, 0.15)	16.218333333333334	61509	129071	0.2103432018078655	0.09995273919005819	0.09995273919005819	98.9414222239394	0.2103432018078655	False	False	False
test	NZ_JCAWDY010000002.1	NC_017659.1	0.0804020100502512	[0.05, 0.15)	16.218333333333334	61509	147060	0.2831455559349038	0.11838025295797634	0.11838025295797634	97.35690252852476	0.2831455559349038	False	False	False
test	NZ_CP138519.1	NZ_JCAWDY010000002.1	0.0579710144927536	[0.05, 0.15)	16.218333333333334	11970	61509	0.16182121971595656	0.031475068689134925	0.031475068689134925	99.53528859060403	0.16182121971595656	False	False	False
test	NZ_CP054742.1	NZ_JCAWDY010000002.1	0.0579710144927536	[0.05, 0.15)	16.218333333333334	11970	61509	0.16182121971595656	0.031475068689134925	0.031475068689134925	99.535	0.16182121971595656	False	False	False
test	NZ_JCAWDY010000002.1	NZ_CP129713.1	0.1319444444444444	[0.05, 0.15)	16.218333333333334	61509	106834	0.38405761758441853	0.22145571634498382	0.22145571634498382	97.87283830667285	0.38405761758441853	False	False	False
test	NZ_JAYXSV010000008.1	NZ_JBWIFL010000005.1	0.1176470588235294	[0.05, 0.15)	16.218333333333334	9883	59700	0.5878781746433269	0.09740368509212731	0.09740368509212731	99.98279140154773	0.5878781746433269	False	False	True
test	NZ_JAYXSV010000008.1	CP090300.1	0.1224489795918367	[0.05, 0.15)	16.218333333333334	9883	53824	0.5878781746433269	0.10794441141498216	0.10794441141498216	99.98299999999999	0.5878781746433269	False	False	True
test	JX469831.1	NZ_JBSJBU010000003.1	0.055045871559633	[0.05, 0.15)	16.218333333333334	54342	63107	0.17123035589415186	0.14776490722106897	0.14776490722106897	93.39619811623675	0.17123035589415186	False	False	False
test	NZ_MF344559.1	NZ_CP107331.1	0.0703125	[0.05, 0.15)	16.218333333333334	42279	84876	0.21717637597861822	0.10793392714077006	0.10793392714077006	99.90210703397213	0.21717637597861822	False	False	False
test	NZ_CP107331.1	NZ_CP154633.1	0.1422924901185771	[0.05, 0.15)	16.218333333333334	84876	210515	0.34844950280409065	0.14049830178372089	0.14049830178372089	99.21386854887672	0.34844950280409065	False	False	False
test	NZ_CP107331.1	NZ_JBVTJX020000002.1	0.0609756097560975	[0.05, 0.15)	16.218333333333334	84876	257061	0.22796785899429756	0.07532453386550274	0.07532453386550274	99.01902705353916	0.22796785899429756	False	False	False
test	NZ_CP146671.1	NZ_CP062972.1	0.0632911392405063	[0.05, 0.15)	16.218333333333334	86055	136326	0.2817849050026146	0.177537667062776	0.177537667062776	94.18162269736843	0.2817849050026146	False	False	False
test	NZ_CP135207.1	NZ_JBSJBU010000003.1	0.0625	[0.05, 0.15)	16.218333333333334	43860	63107	0.12729138166894666	0.08840540669022454	0.08840540669022454	99.24817898693398	0.12729138166894666	False	False	False
test	NZ_CP141542.1	NZ_CP047280.1	0.0554156171284634	[0.05, 0.15)	16.218333333333334	202151	262422	0.1763731072317228	0.13595658900549495	0.13595658900549495	96.44223317657598	0.1763731072317228	False	False	False
test	NZ_CP038312.1	NZ_CP132064.1	0.0549450549450549	[0.05, 0.15)	16.218333333333334	93182	139177	0.31463158120667084	0.2104658097243079	0.2104658097243079	94.68935314316799	0.31463158120667084	False	False	False
test	NZ_CP095666.1	NZ_CP132064.1	0.1459459459459459	[0.05, 0.15)	16.218333333333334	99379	139177	0.47124644039485203	0.3363055677303003	0.3363055677303003	93.10482861033101	0.47124644039485203	False	False	False
test	NZ_CP132064.1	NZ_JBWVJQ010000002.1	0.0822622107969151	[0.05, 0.15)	16.218333333333334	139177	325551	0.4125681685910747	0.1765591259126834	0.1765591259126834	92.22399121726001	0.4125681685910747	False	False	False
test	NZ_CP015967.1	NZ_JBFRXW010000014.1	0.1296296296296296	[0.05, 0.15)	16.218333333333334	33001	40934	0.3282930820278173	0.2646455269458152	0.2646455269458152	93.29171190957544	0.3282930820278173	False	False	False
test	NZ_CP028692.1	NZ_AP022361.1	0.0751173708920187	[0.05, 0.15)	16.218333333333334	92714	148581	0.2729361261513903	0.17045921080084264	0.17045921080084264	96.08210453291291	0.2729361261513903	False	False	False
test	NZ_CP196661.1	NZ_OZ544168.1	0.0938967136150234	[0.05, 0.15)	16.218333333333334	95080	171613	0.5039545645771981	0.2793611206610222	0.2793611206610222	96.70585407421298	0.5039545645771981	False	False	True
test	OW970229.1	CP130850.1	0.0769230769230769	[0.05, 0.15)	16.218333333333334	2615	37860	0.47762906309751435	0.03330692023243529	0.03330692023243529	99.048	0.47762906309751435	False	False	False
test	NZ_CP115709.1	NZ_CP069854.1	0.0762711864406779	[0.05, 0.15)	16.218333333333334	119165	137344	0.14041874711534427	0.12189101817334576	0.12189101817334576	97.3866058237365	0.14041874711534427	False	False	False
test	NZ_CP038312.1	NZ_CP095666.1	0.0641025641025641	[0.05, 0.15)	16.218333333333334	93182	99379	0.21662982121010496	0.20335282101852503	0.20335282101852503	94.15985788980417	0.21662982121010496	False	False	False
test	NZ_CP038312.1	NZ_CP031907.1	0.0822784810126582	[0.05, 0.15)	16.218333333333334	93182	121036	0.34209396664591873	0.26341749562113753	0.26341749562113753	93.76541483404762	0.34209396664591873	False	False	False
test	NZ_LR890196.1	NZ_CP036198.1	0.0714285714285714	[0.05, 0.15)	16.218333333333334	3377	3630	0.2567367485934261	0.2371900826446281	0.2371900826446281	86.84202974828375	0.2567367485934261	False	False	False
test	NZ_CP014496.1	NZ_CP083889.1	0.1208791208791208	[0.05, 0.15)	16.218333333333334	114223	219996	0.5052922791381771	0.26238204330987835	0.26238204330987835	94.1401656310412	0.5052922791381771	False	False	True
test	NZ_CP068594.1	NZ_CP083889.1	0.05859375	[0.05, 0.15)	16.218333333333334	82214	219996	0.3117838810908118	0.11647939053437335	0.11647939053437335	96.61770973775477	0.3117838810908118	False	False	False
test	NZ_CP095666.1	NZ_CP083889.1	0.1171875	[0.05, 0.15)	16.218333333333334	99379	219996	0.523682065627547	0.23656793759886544	0.23656793759886544	92.64796243538196	0.523682065627547	False	False	True
test	NZ_CP125686.1	NZ_JBHEIN010000092.1	0.0588235294117647	[0.05, 0.15)	16.218333333333334	4961	14708	0.3910501914936505	0.13162904541745987	0.13162904541745987	97.427	0.3910501914936505	False	False	False
test	NZ_CP095666.1	NZ_CP189450.1	0.1025641025641025	[0.05, 0.15)	16.218333333333334	99379	125383	0.29606858591855423	0.23470486429579768	0.23470486429579768	96.64987313685639	0.29606858591855423	False	False	False
test	NZ_CP189450.1	NZ_CP154633.1	0.07	[0.05, 0.15)	16.218333333333334	125383	210515	0.3266232264342056	0.1949884806308339	0.1949884806308339	95.91369467875637	0.3266232264342056	False	False	False
test	NZ_OP378628.1	NZ_CP101766.1	0.0828402366863905	[0.05, 0.15)	16.218333333333334	74826	127176	0.3171624836286852	0.18715795433100585	0.18715795433100585	94.03653306252356	0.3171624836286852	False	False	False
test	NZ_OP378628.1	CP057522.1	0.1492537313432835	[0.05, 0.15)	16.218333333333334	74826	86439	0.6259187982786731	0.542151112345122	0.542151112345122	93.01381999532126	0.6259187982786731	False	False	True
test	NZ_OP378628.1	NZ_CP060975.1	0.1301369863013698	[0.05, 0.15)	16.218333333333334	74826	112054	0.5280918397348515	0.352499687650597	0.352499687650597	92.84304771381787	0.5280918397348515	False	False	True
test	NZ_OP378628.1	NZ_CP043297.1	0.1301369863013698	[0.05, 0.15)	16.218333333333334	74826	110724	0.5354021329484404	0.3616740724684802	0.3616740724684802	92.91983957737726	0.5354021329484404	False	False	True
test	NZ_CP146671.1	NZ_CP074870.1	0.0509554140127388	[0.05, 0.15)	16.218333333333334	86055	92785	0.2748474812619836	0.25440534569165274	0.25440534569165274	93.50226011706742	0.2748474812619836	False	False	False
test	NZ_CP085077.1	NZ_CP148841.1	0.0568181818181818	[0.05, 0.15)	16.218333333333334	56811	319375	0.6145816831247469	0.10920704500978473	0.10920704500978473	96.79418519048572	0.6145816831247469	False	False	True
test	NZ_CP085077.1	NZ_MW390523.1	0.065040650406504	[0.05, 0.15)	16.218333333333334	56811	89311	0.37545545756983684	0.23862682088432555	0.23862682088432555	95.25465569099995	0.37545545756983684	False	False	False
test	NZ_CP085077.1	NZ_CP141238.1	0.1282051282051282	[0.05, 0.15)	16.218333333333334	56811	132580	0.5256904472725352	0.22513199577613516	0.22513199577613516	96.22503023317965	0.5256904472725352	False	False	True
test	NZ_JBNGNN010000050.1	NZ_CP086419.1	0.1206896551724138	[0.05, 0.15)	16.218333333333334	4737	70475	0.9841671944268524	0.06615111741752394	0.06615111741752394	99.979	0.9841671944268524	False	False	True
test	NZ_JBNGNN010000050.1	NZ_CP058198.1	0.0666666666666666	[0.05, 0.15)	16.218333333333334	4737	108466	0.7513194004644289	0.032959637121309907	0.032959637121309907	97.12566564331567	0.7513194004644289	False	False	True
test	NZ_CP095134.1	CP109680.1	0.0512820512820512	[0.05, 0.15)	16.218333333333334	70936	155247	0.37649430472538625	0.1719839996908153	0.1719839996908153	97.40010710010473	0.37649430472538625	False	False	False
test	NZ_CP095134.1	CP080739.1	0.0530612244897959	[0.05, 0.15)	16.218333333333334	70936	206152	0.29329254539303035	0.10090612751755985	0.10090612751755985	95.57080395830332	0.29329254539303035	True	False	False
test	NZ_MT560079.1	NZ_CP095134.1	0.1274509803921568	[0.05, 0.15)	16.218333333333334	68684	70936	0.2682575272261371	0.2594733280703733	0.2594733280703733	97.7656372905255	0.2682575272261371	False	False	False
test	NZ_CP032893.1	NZ_JBYLRL020000002.1	0.1276595744680851	[0.05, 0.15)	16.218333333333334	156442	172405	0.3314838726173278	0.3011397581276645	0.3011397581276645	97.03411399591978	0.3314838726173278	False	False	False
test	CP098997.1	NZ_JCAPTQ010000002.1	0.0557029177718832	[0.05, 0.15)	16.218333333333334	169374	249807	0.168142690141344	0.11418014707354078	0.11418014707354078	96.91792077612774	0.168142690141344	False	False	False
test	NZ_CP169124.1	NZ_JCAPTQ010000002.1	0.07	[0.05, 0.15)	16.218333333333334	90370	249807	0.41254841208365606	0.14926723430488337	0.14926723430488337	98.70328282828281	0.41254841208365606	False	False	False
test	NZ_CP025252.1	NZ_JCAPTQ010000002.1	0.060931899641577	[0.05, 0.15)	16.218333333333334	33924	249807	0.36166136068859805	0.04909790358156497	0.04909790358156497	95.50090068215037	0.36166136068859805	False	False	False
test	NZ_JBTHVH010000001.1	NZ_CP042894.1	0.0597014925373134	[0.05, 0.15)	16.218333333333334	97926	141344	0.29606029042338095	0.2053925175458456	0.2053925175458456	97.61020883547965	0.29606029042338095	False	False	False
test	NZ_RRSN01000262.1	NZ_CP038401.1	0.0547945205479452	[0.05, 0.15)	16.218333333333334	4241	92513	0.9976420655505777	0.045690875876903785	0.045690875876903785	99.575	0.9976420655505777	False	False	True
test	NZ_AP040975.1	CP109680.1	0.0522088353413654	[0.05, 0.15)	16.218333333333334	113819	155247	0.23870355564536677	0.1749212545169955	0.1749212545169955	95.88396961783202	0.23870355564536677	False	False	False
test	CP109680.1	OW849035.1	0.1371237458193979	[0.05, 0.15)	16.218333333333334	155247	204647	0.3540229440826554	0.2686381916177613	0.2686381916177613	97.8839939648434	0.3540229440826554	False	False	False
test	CP109680.1	NZ_OZ544168.1	0.0732600732600732	[0.05, 0.15)	16.218333333333334	155247	171613	0.22393347375472633	0.202630336862592	0.202630336862592	95.94116002642691	0.22393347375472633	False	False	False
test	CP109680.1	OW849024.1	0.1309904153354632	[0.05, 0.15)	16.218333333333334	155247	242397	0.4157890329603793	0.26605527296129905	0.26605527296129905	97.20917474511505	0.4157890329603793	False	False	False
test	CP109680.1	NZ_CP154419.1	0.0686567164179104	[0.05, 0.15)	16.218333333333334	155247	220171	0.2529839546013772	0.17802072025834464	0.17802072025834464	94.88166608187134	0.2529839546013772	False	False	False
test	CP109680.1	NZ_CP196152.1	0.0688976377952756	[0.05, 0.15)	16.218333333333334	155247	398273	0.3441225917409032	0.13405879886409575	0.13405879886409575	96.35658892002992	0.3441225917409032	False	False	False
test	NZ_CP100792.1	OW848843.1	0.051660516605166	[0.05, 0.15)	16.218333333333334	79245	252697	0.31912423496750586	0.10147330597514019	0.10147330597514019	95.79600973141301	0.31912423496750586	False	False	False
test	CP052164.1	OW848843.1	0.1418439716312056	[0.05, 0.15)	16.218333333333334	92461	252697	0.5328408734493462	0.19503990945678026	0.19503990945678026	97.10387527866722	0.5328408734493462	False	False	True
test	NZ_CP014496.1	NZ_CP097707.1	0.1097046413502109	[0.05, 0.15)	16.218333333333334	114223	159393	0.43138422209187294	0.3097563882981059	0.3097563882981059	94.3516858043909	0.43138422209187294	False	False	False
test	NZ_JBSTQQ010000002.1	NZ_CP097707.1	0.0970149253731343	[0.05, 0.15)	16.218333333333334	156753	159393	0.3376586094046047	0.33250519157052066	0.33250519157052066	95.72111444875515	0.3376586094046047	False	False	False
test	NZ_CP060975.1	NZ_CP097707.1	0.1312217194570135	[0.05, 0.15)	16.218333333333334	112054	159393	0.4820889928070395	0.33911777807055515	0.33911777807055515	95.40760694772592	0.4820889928070395	False	False	False
test	NZ_CP014496.1	NZ_JBUBIP010000002.1	0.0948275862068965	[0.05, 0.15)	16.218333333333334	114223	150224	0.3639984941736778	0.27679997869847695	0.27679997869847695	93.54913659120854	0.3639984941736778	False	False	False
test	NZ_CP191553.1	NZ_JBUBIP010000002.1	0.1268292682926829	[0.05, 0.15)	16.218333333333334	107053	150224	0.2989173586914893	0.21289540952178082	0.21289540952178082	98.40788276615672	0.2989173586914893	False	False	False
test	NZ_AP022534.1	NZ_JBUBIP010000002.1	0.0876288659793814	[0.05, 0.15)	16.218333333333334	111171	150224	0.29106511590252854	0.21535839812546598	0.21535839812546598	94.34296878755195	0.29106511590252854	False	False	False
test	NZ_OQ821186.1	NZ_CP092755.1	0.0654761904761904	[0.05, 0.15)	16.218333333333334	68404	118840	0.1482661832641366	0.08531639178727701	0.08531639178727701	99.88148067823344	0.1482661832641366	False	False	False
test	CP128668.1	NZ_OQ821186.1	0.073170731707317	[0.05, 0.15)	16.218333333333334	30836	68404	0.21526786872486703	0.09704110870709315	0.09704110870709315	99.9547945164206	0.21526786872486703	False	False	False
test	NZ_MF344559.1	NZ_MT560079.1	0.1075268817204301	[0.05, 0.15)	16.218333333333334	42279	68684	0.18657016485725775	0.11475743986954749	0.11475743986954749	99.97470456273764	0.18657016485725775	False	False	False
test	NZ_CP046265.1	NZ_CP035572.1	0.1214953271028037	[0.05, 0.15)	16.218333333333334	40982	67997	0.502366892782197	0.30270453108225365	0.30270453108225365	95.19840590173466	0.502366892782197	False	False	True
test	NZ_POTA01000048.1	NZ_CP014496.1	0.0588235294117647	[0.05, 0.15)	16.218333333333334	10236	114223	0.7186400937866354	0.06451415214098737	0.06451415214098737	98.1159293846571	0.7186400937866354	False	False	True
test	NZ_CP021547.1	NZ_CP059930.1	0.0588235294117647	[0.05, 0.15)	16.218333333333334	45740	99943	0.25817665063401835	0.11808730976656694	0.11808730976656694	97.7837709355439	0.25817665063401835	False	False	False
test	NZ_CP024276.1	NZ_OP006451.1	0.054054054054054	[0.05, 0.15)	16.218333333333334	38177	136951	0.37100872252927153	0.1039422859270834	0.1039422859270834	94.05464208683472	0.37100872252927153	False	False	False
test	NZ_OP006451.1	NZ_JBSTQQ010000002.1	0.1016949152542373	[0.05, 0.15)	16.218333333333334	136951	156753	0.332440069805989	0.2902464386646508	0.2902464386646508	96.0974182105194	0.332440069805989	False	False	False
test	NZ_CP098439.1	NZ_OP006451.1	0.1212121212121212	[0.05, 0.15)	16.218333333333334	109442	136951	0.39951755267630346	0.3190119093690444	0.3190119093690444	95.05561468748573	0.39951755267630346	False	False	False
test	NZ_CP043297.1	NZ_OP006451.1	0.0964467005076142	[0.05, 0.15)	16.218333333333334	110724	136951	0.3481449369603699	0.2816992939080401	0.2816992939080401	93.99845550414844	0.3481449369603699	False	False	False
test	NZ_JBFUPY010000024.1	NZ_OP006451.1	0.1411764705882353	[0.05, 0.15)	16.218333333333334	73616	136951	0.5309851119321887	0.2855838949697337	0.2855838949697337	93.31895408280401	0.5309851119321887	False	False	True
test	NZ_OP006451.1	NZ_CP195365.1	0.1141552511415525	[0.05, 0.15)	16.218333333333334	136951	137286	0.3280443370256515	0.3267412554812581	0.3267412554812581	95.29030638099259	0.3280443370256515	False	False	False
test	NZ_AP040975.1	NZ_LR134211.1	0.0620915032679738	[0.05, 0.15)	16.218333333333334	113819	205331	0.24383450917685096	0.13513789929431017	0.13513789929431017	95.14754488885691	0.24383450917685096	False	False	False
test	NZ_JCDGMJ010000045.1	NZ_LR890211.1	0.0703125	[0.05, 0.15)	16.218333333333334	34070	111450	0.17575579688875845	0.05306415432929565	0.05306415432929565	97.32891535893157	0.17575579688875845	False	False	False
test	NZ_JCDGMJ010000045.1	NZ_CP058198.1	0.1238095238095238	[0.05, 0.15)	16.218333333333334	34070	108466	0.40061637804520106	0.12740397912709975	0.12740397912709975	98.34140503252556	0.40061637804520106	False	False	False
test	NZ_RREW01000095.1	NZ_JBXUIS010000004.1	0.054054054054054	[0.05, 0.15)	16.218333333333334	4950	50472	0.35515151515151516	0.03481138056744334	0.03481138056744334	95.24369365798415	0.35515151515151516	False	False	False
test	NZ_CP021547.1	NZ_OP242238.1	0.1085271317829457	[0.05, 0.15)	16.218333333333334	45740	111500	0.43428071709663313	0.17816143497757847	0.17816143497757847	97.99727813836479	0.43428071709663313	False	False	False
test	CP067788.1	NZ_CP021547.1	0.0714285714285714	[0.05, 0.15)	16.218333333333334	13841	45740	0.43168846181634274	0.13062964582422387	0.13062964582422387	100.0	0.43168846181634274	False	False	False
test	CP122738.1	NZ_AP043608.1	0.0611111111111111	[0.05, 0.15)	16.218333333333334	93581	96372	0.2783791581624475	0.27048312787946704	0.27048312787946704	93.65700500860258	0.2783791581624475	False	False	False
test	CP122738.1	NZ_AP022296.1	0.0697674418604651	[0.05, 0.15)	16.218333333333334	93581	105884	0.30494437973520266	0.2697385818442824	0.2697385818442824	94.64407777390092	0.30494437973520266	False	False	False
test	CP035636.1	NZ_CP176937.1	0.0528735632183908	[0.05, 0.15)	16.218333333333334	103522	345230	0.27729371534553043	0.08310401761144744	0.08310401761144744	96.65256418554478	0.27729371534553043	False	False	False
test	NZ_JAUAMS010000033.1	NZ_JBRAXZ010000003.1	0.064	[0.05, 0.15)	16.218333333333334	13218	118098	0.9362233318202451	0.10504834967569307	0.10504834967569307	93.83971632800579	0.9362233318202451	False	False	True
test	NZ_JAUAMS010000033.1	NZ_CP135667.1	0.0958904109589041	[0.05, 0.15)	16.218333333333334	13218	76366	0.9369042215161144	0.162480685121651	0.162480685121651	92.1515529251264	0.9369042215161144	True	False	True
test	NZ_CP093468.1	NZ_CM007910.1	0.1475409836065573	[0.05, 0.15)	16.218333333333334	36230	124845	0.8902014904775049	0.258688774079859	0.258688774079859	95.82866724431379	0.8902014904775049	False	False	True
test	NZ_RRRW01000071.1	NZ_CP095666.1	0.1428571428571428	[0.05, 0.15)	16.218333333333334	93340	99379	0.40541032783372616	0.38108654745972487	0.38108654745972487	93.77766402464717	0.40541032783372616	False	False	False
test	NZ_RRRW01000071.1	NC_017659.1	0.0973451327433628	[0.05, 0.15)	16.218333333333334	93340	147060	0.3220162845511035	0.20466476268189854	0.20466476268189854	96.02253763476531	0.3220162845511035	False	False	False
test	CP110581.1	NZ_CP061958.1	0.0855263157894736	[0.05, 0.15)	16.218333333333334	52969	109135	0.3132209405501331	0.15204105007559446	0.15204105007559446	98.91522982826152	0.3132209405501331	False	False	False
test	NZ_JBRXNM010000013.1	NZ_CP061958.1	0.0508474576271186	[0.05, 0.15)	16.218333333333334	6948	109135	0.6141335636154289	0.03914417922756219	0.03914417922756219	99.83651579686402	0.6141335636154289	False	False	True
test	NZ_CP173443.1	NZ_AP043608.1	0.0816326530612244	[0.05, 0.15)	16.218333333333334	50702	96372	0.3966115735079484	0.20804798074129416	0.20804798074129416	95.48195904081027	0.3966115735079484	False	False	False
test	NZ_CP173443.1	NZ_CP031907.1	0.1021897810218978	[0.05, 0.15)	16.218333333333334	50702	121036	0.454932744270443	0.1898030338081232	0.1898030338081232	94.9434823234506	0.454932744270443	False	False	False
test	NZ_AP043608.1	NZ_AP039440.1	0.0593607305936073	[0.05, 0.15)	16.218333333333334	96372	123644	0.28912962271199105	0.22537284461842064	0.22537284461842064	94.5191013228459	0.28912962271199105	False	False	False
test	NZ_AP043608.1	AP026488.1	0.0548523206751054	[0.05, 0.15)	16.218333333333334	96372	152942	0.26279417258124765	0.1652129565456186	0.1652129565456186	92.61251103418434	0.26279417258124765	False	False	False
test	NZ_MW881232.1	NZ_AP043608.1	0.0813953488372093	[0.05, 0.15)	16.218333333333334	91784	96372	0.28510415758737906	0.27179056157390113	0.27179056157390113	94.22297667161394	0.28510415758737906	False	False	False
test	CP091400.1	NZ_CP156664.1	0.0597014925373134	[0.05, 0.15)	16.218333333333334	42194	96210	0.3741053230317107	0.16417212347988774	0.16417212347988774	94.74502554859924	0.3741053230317107	False	False	False
test	CP091400.1	NZ_CP043297.1	0.0839694656488549	[0.05, 0.15)	16.218333333333334	42194	110724	0.44127127079679573	0.1681207326324916	0.1681207326324916	95.44407938039343	0.44127127079679573	False	False	False
test	CP091400.1	NZ_AP038988.1	0.0729166666666666	[0.05, 0.15)	16.218333333333334	42194	78863	0.48490306678674694	0.25861303779972866	0.25861303779972866	94.60688175971939	0.48490306678674694	False	False	False
test	NZ_CP169909.1	NZ_CP148841.1	0.0674418604651162	[0.05, 0.15)	16.218333333333334	155489	319375	0.3403391879811434	0.1657549902152642	0.1657549902152642	96.61577476101587	0.3403391879811434	False	False	False
test	NZ_AP026795.1	NZ_CP062226.1	0.0565110565110565	[0.05, 0.15)	16.218333333333334	165477	265014	0.184599672462034	0.11531843600715434	0.11531843600715434	98.66619843734676	0.184599672462034	False	False	False
test	NZ_JPGS01000084.1	NZ_CP020069.1	0.1111111111111111	[0.05, 0.15)	16.218333333333334	21232	213013	0.9699510173323286	0.09662790533911075	0.09662790533911075	99.50010342818297	0.9699510173323286	False	False	True
test	NZ_JPGS01000084.1	NZ_CP014121.1	0.115	[0.05, 0.15)	16.218333333333334	21232	200203	1.0	0.10605235685778934	0.10605235685778934	100.0	1.0	False	False	True
test	NZ_CP070140.1	NZ_CP018943.1	0.1111111111111111	[0.05, 0.15)	16.218333333333334	1713	6647	0.2224168126094571	0.05701820370091771	0.05701820370091771	97.644	0.2224168126094571	False	False	False
test	OW969918.1	NZ_CP141542.1	0.0987654320987654	[0.05, 0.15)	16.218333333333334	104126	202151	0.47510708180473654	0.24498023754520135	0.24498023754520135	94.3474118655001	0.47510708180473654	False	False	False
test	NZ_JBJUUB010000012.1	NZ_CP019210.1	0.1212121212121212	[0.05, 0.15)	16.218333333333334	35887	45501	0.3687407696380305	0.29113645853937276	0.29113645853937276	98.8397846165436	0.3687407696380305	False	False	False
test	NZ_CP054742.1	NZ_PEHU01000018.1	0.0909090909090909	[0.05, 0.15)	16.218333333333334	11970	41575	0.16182121971595656	0.04656644618159952	0.04656644618159952	99.38	0.16182121971595656	False	False	False
test	CP088364.1	CP098997.1	0.0531400966183574	[0.05, 0.15)	16.218333333333334	80900	169374	0.227725587144623	0.10877702598982134	0.10877702598982134	95.63919477357571	0.227725587144623	False	False	False
test	CP098997.1	NZ_CP154633.1	0.0552147239263803	[0.05, 0.15)	16.218333333333334	169374	210515	0.13356831627050197	0.10750777854309669	0.10750777854309669	97.84002796059896	0.13356831627050197	False	False	False
test	CP057522.1	NZ_CP038401.1	0.1020408163265306	[0.05, 0.15)	16.218333333333334	86439	92513	0.30695635072131794	0.28531125355355463	0.28531125355355463	96.44092536697076	0.30695635072131794	False	False	False
test	NZ_JALEBI010000023.1	NZ_CP038401.1	0.0979020979020979	[0.05, 0.15)	16.218333333333334	86591	92513	0.33254033329098864	0.3116426880546518	0.3116426880546518	93.53975507241366	0.33254033329098864	False	False	False
test	CP104420.1	NZ_CP038401.1	0.0757575757575757	[0.05, 0.15)	16.218333333333334	83397	92513	0.2503807091382184	0.22528725692605364	0.22528725692605364	94.3012213040363	0.2503807091382184	False	False	False
test	NZ_CP184004.1	NZ_MT560079.1	0.0515463917525773	[0.05, 0.15)	16.218333333333334	45802	68684	0.1311296449936684	0.08754586220953935	0.08754586220953935	99.53549402786994	0.1311296449936684	False	False	False
test	NZ_CP151316.1	NZ_CP184004.1	0.1176470588235294	[0.05, 0.15)	16.218333333333334	8378	45802	0.5791358319407973	0.105672241386839	0.105672241386839	99.17758490953946	0.5791358319407973	False	False	True
test	NZ_CP184004.1	NZ_MG591701.1	0.0598290598290598	[0.05, 0.15)	16.218333333333334	45802	91597	0.19577747696607134	0.09805998013035361	0.09805998013035361	99.57720531642754	0.19577747696607134	False	False	False
test	NZ_CP176935.1	NZ_CP153791.1	0.0535211267605633	[0.05, 0.15)	16.218333333333334	147379	292610	0.23666193962504833	0.1192201223471515	0.1192201223471515	95.24479019198309	0.23666193962504833	False	False	False
test	NZ_CP154419.1	NZ_CP153791.1	0.0532687651331719	[0.05, 0.15)	16.218333333333334	220171	292610	0.20774761435429734	0.15635487508970985	0.15635487508970985	95.50882185801892	0.20774761435429734	False	False	False
test	NZ_CM017149.1	NZ_CP183354.1	0.0510204081632653	[0.05, 0.15)	16.218333333333334	153499	162681	0.13701066456459	0.12863825523570668	0.12863825523570668	98.54668457045165	0.13701066456459	False	False	False
test	CP051936.1	NC_013348.1	0.1212121212121212	[0.05, 0.15)	16.218333333333334	27271	45052	0.4618825858971068	0.27916629672378585	0.27916629672378585	95.30646231036664	0.4618825858971068	False	False	False
test	CP014297.1	NZ_JBYYIK010000003.1	0.0790697674418604	[0.05, 0.15)	16.218333333333334	90274	144341	0.1721425881206106	0.10766864577632135	0.10766864577632135	99.66570158750562	0.1721425881206106	False	False	False
test	CP088721.1	NZ_CP043297.1	0.072072072072072	[0.05, 0.15)	16.218333333333334	17698	110724	0.7307605379138886	0.11689425960044796	0.11689425960044796	95.04419513701274	0.7307605379138886	False	False	True
test	NZ_CP100792.1	NZ_CP089446.1	0.0880503144654088	[0.05, 0.15)	16.218333333333334	79245	129071	0.2863398321660673	0.17591868041620504	0.17591868041620504	97.40583740766793	0.2863398321660673	False	False	False
test	NZ_CP031907.1	NZ_CP089446.1	0.0523809523809523	[0.05, 0.15)	16.218333333333334	121036	129071	0.2469513202683499	0.2316012117361762	0.2316012117361762	92.89446632227963	0.2469513202683499	False	False	False
test	CP101962.1	NZ_CP089446.1	0.1395348837209302	[0.05, 0.15)	16.218333333333334	82673	129071	0.5395231816917252	0.3452285951143169	0.3452285951143169	94.86893078523956	0.5395231816917252	False	False	True
test	NZ_RREL01000124.1	NZ_CP089446.1	0.0546875	[0.05, 0.15)	16.218333333333334	8318	129071	0.8104111565280115	0.05225805951762983	0.05225805951762983	94.89886603578293	0.8104111565280115	False	False	True
test	NZ_CP089446.1	NZ_JBWVJQ010000002.1	0.0814249363867684	[0.05, 0.15)	16.218333333333334	129071	325551	0.45155766980963963	0.17893970529963046	0.17893970529963046	94.60618725195022	0.45155766980963963	False	False	False
test	NZ_CP089446.1	NZ_CP100828.1	0.0508474576271186	[0.05, 0.15)	16.218333333333334	129071	143148	0.1772667756506109	0.16012797943387264	0.16012797943387264	90.09246005294449	0.1772667756506109	False	False	False
test	NZ_CP024276.1	NZ_CP101766.1	0.0533333333333333	[0.05, 0.15)	16.218333333333334	38177	127176	0.3628100688896456	0.10943888784047305	0.10943888784047305	94.3633012462398	0.3628100688896456	False	False	False
test	NZ_PP129611.1	NZ_CP101766.1	0.1156462585034013	[0.05, 0.15)	16.218333333333334	63468	127176	0.4762399949580891	0.23747405170786942	0.23747405170786942	97.97150087554101	0.4762399949580891	False	False	False
test	NZ_CP101766.1	CP067475.1	0.1039426523297491	[0.05, 0.15)	16.218333333333334	127176	216181	0.3479980499465308	0.20484223867962495	0.20484223867962495	96.07585180429786	0.3479980499465308	False	False	False
test	NZ_JAHQYP010000015.1	CP080739.1	0.1097560975609756	[0.05, 0.15)	16.218333333333334	81298	206152	0.509951044306133	0.20104097947145796	0.20104097947145796	94.79835571923745	0.509951044306133	True	False	True
test	NZ_CP034679.1	CP080739.1	0.089430894308943	[0.05, 0.15)	16.218333333333334	83909	206152	0.5300027410647249	0.21616574178276224	0.21616574178276224	96.61294691156402	0.5300027410647249	True	False	True
test	OW849502.1	NZ_CP026393.1	0.0588235294117647	[0.05, 0.15)	16.218333333333334	4804	6761	0.3715653621981682	0.2616476852536607	0.2616476852536607	86.54849861033908	0.3715653621981682	False	False	False
test	NZ_CP091696.1	NZ_CP038655.1	0.0909090909090909	[0.05, 0.15)	16.218333333333334	3461	5584	0.16353655013002022	0.10207736389684814	0.10207736389684814	89.043	0.16353655013002022	False	False	False
test	NZ_CP014496.1	NZ_CP057239.1	0.1339285714285714	[0.05, 0.15)	16.218333333333334	114223	145940	0.464092170578605	0.36380019185966833	0.36380019185966833	93.61579087481005	0.464092170578605	False	False	False
test	NZ_CP014496.1	NZ_CP032263.1	0.13215859030837	[0.05, 0.15)	16.218333333333334	114223	155784	0.48937604510475124	0.3588044985364351	0.3588044985364351	93.87880131553148	0.48937604510475124	False	False	False
test	NZ_RRDY01000195.1	NZ_JAQMUU010000004.1	0.1165644171779141	[0.05, 0.15)	16.218333333333334	78952	101631	0.4443839294761374	0.3453670631992207	0.3453670631992207	91.38953967216837	0.4443839294761374	False	False	False
test	NZ_CP146851.1	OW849035.1	0.1027397260273972	[0.05, 0.15)	16.218333333333334	138872	204647	0.32573880983927644	0.22110267924768015	0.22110267924768015	96.72859741892785	0.32573880983927644	False	False	False
test	OW849035.1	NZ_CP086762.1	0.0734597156398104	[0.05, 0.15)	16.218333333333334	204647	296148	0.3063567997576314	0.21110053081567323	0.21110053081567323	96.16599214430259	0.3063567997576314	False	False	False
test	NZ_CP067434.1	OW849035.1	0.1333333333333333	[0.05, 0.15)	16.218333333333334	180050	204647	0.2944182171618995	0.2590753834651864	0.2590753834651864	95.8309803511548	0.2944182171618995	False	False	False
test	NZ_CP142946.1	NZ_AP028843.1	0.1111111111111111	[0.05, 0.15)	16.218333333333334	48552	137403	0.6107472400724996	0.21555570111278502	0.21555570111278502	96.4282670007399	0.6107472400724996	False	False	True
test	NZ_CP118928.1	NZ_KX636095.1	0.0520547945205479	[0.05, 0.15)	16.218333333333334	67839	335317	0.23016259084007723	0.046600679357145625	0.046600679357145625	99.04103675765519	0.23016259084007723	False	False	False
test	NZ_CP127500.1	NZ_CP146851.1	0.050632911392405	[0.05, 0.15)	16.218333333333334	134238	138872	0.2108568363652617	0.20379918198052882	0.20379918198052882	92.74656271985367	0.2108568363652617	False	False	False
test	NZ_CP068905.1	NZ_CP146851.1	0.0674157303370786	[0.05, 0.15)	16.218333333333334	56522	138872	0.35973603198754467	0.14639380148626072	0.14639380148626072	98.01557183555185	0.35973603198754467	False	False	False
test	NZ_CP181526.1	NZ_CP146851.1	0.0574162679425837	[0.05, 0.15)	16.218333333333334	96057	138872	0.15591784044890014	0.10784751425773374	0.10784751425773374	96.1889187154374	0.15591784044890014	False	False	False
test	NZ_JALEBI010000023.1	NZ_CP146851.1	0.0653266331658291	[0.05, 0.15)	16.218333333333334	86591	138872	0.2525551154277003	0.15786479635923728	0.15786479635923728	93.65292325179594	0.2525551154277003	False	False	False
test	NZ_CP149976.1	NZ_CP146851.1	0.0983606557377049	[0.05, 0.15)	16.218333333333334	58972	138872	0.1918876755070203	0.08147070683795149	0.08147070683795149	99.67294628026151	0.1918876755070203	False	False	False
test	NZ_CP086419.1	NZ_CP146851.1	0.0755813953488372	[0.05, 0.15)	16.218333333333334	70475	138872	0.3105640297978006	0.15758396220980472	0.15758396220980472	98.2923590247021	0.3105640297978006	False	False	False
test	NZ_CP100792.1	NZ_CP191553.1	0.0852713178294573	[0.05, 0.15)	16.218333333333334	79245	107053	0.22689128651649945	0.16796353208223963	0.16796353208223963	98.33872324702745	0.22689128651649945	False	False	False
test	NZ_CP100792.1	NZ_CP154633.1	0.0826086956521739	[0.05, 0.15)	16.218333333333334	79245	210515	0.2934191431636065	0.11080920599482222	0.11080920599482222	98.00439367077763	0.2934191431636065	False	False	False
test	NZ_CP100792.1	NZ_CP026579.1	0.0909090909090909	[0.05, 0.15)	16.218333333333334	79245	100229	0.1160073190737586	0.09168005267936426	0.09168005267936426	99.79321909318256	0.1160073190737586	False	False	False
test	NZ_AP018744.1	NZ_CP100792.1	0.0686274509803921	[0.05, 0.15)	16.218333333333334	51983	79245	0.12990785449089126	0.08524197110227774	0.08524197110227774	99.79274755844924	0.12990785449089126	False	False	False
test	NZ_CP086419.1	NZ_CP100792.1	0.0918367346938775	[0.05, 0.15)	16.218333333333334	70475	79245	0.23256473926924442	0.20659978547542432	0.20659978547542432	97.48120240273204	0.23256473926924442	False	False	False
test	NZ_CP100792.1	NZ_JBVTJX020000002.1	0.0657439446366782	[0.05, 0.15)	16.218333333333334	79245	257061	0.35142911224682943	0.10836727469355523	0.10836727469355523	97.80259074452451	0.35142911224682943	False	False	False
test	NZ_PQ279301.1	NZ_CP086762.1	0.0526315789473684	[0.05, 0.15)	16.218333333333334	283375	296148	0.14432465813850903	0.13810662236449342	0.13810662236449342	93.38940785461641	0.14432465813850903	False	False	False
test	LR962492.1	CP118073.1	0.081081081081081	[0.05, 0.15)	16.218333333333334	57994	70631	0.28440873193778665	0.2334810493975733	0.2334810493975733	96.89136845288496	0.28440873193778665	False	False	False
test	NZ_CP068594.1	NZ_CM017149.1	0.0927835051546391	[0.05, 0.15)	16.218333333333334	82214	153499	0.43637336706643637	0.23429468595886618	0.23429468595886618	97.6619299103052	0.43637336706643637	False	False	False
test	NZ_CP068594.1	NZ_JBRAXZ010000003.1	0.1445086705202312	[0.05, 0.15)	16.218333333333334	82214	118098	0.4177998880969178	0.29111415942691665	0.29111415942691665	96.52447910920124	0.4177998880969178	False	False	False
test	NZ_CP135667.1	NZ_CP068594.1	0.1240310077519379	[0.05, 0.15)	16.218333333333334	76366	82214	0.3171568499070267	0.2941104921302941	0.2941104921302941	95.37228153459432	0.31548674362895696	True	False	False
test	NZ_CP068594.1	CP104420.1	0.1221374045801526	[0.05, 0.15)	16.218333333333334	82214	83397	0.33725399566983727	0.3330095806803602	0.3330095806803602	96.05551118222353	0.33725399566983727	False	False	False
test	NZ_CP024276.1	NZ_MG591701.1	0.0727272727272727	[0.05, 0.15)	16.218333333333334	38177	91597	0.3576237001335883	0.14984115200279485	0.14984115200279485	94.37810357350378	0.3576237001335883	False	False	False
test	NZ_CP068905.1	NZ_OP242238.1	0.1418439716312056	[0.05, 0.15)	16.218333333333334	56522	111500	0.3552245143483953	0.17997309417040358	0.17997309417040358	99.80597495643515	0.3552245143483953	False	False	False
test	NZ_CP068905.1	NZ_CM017149.1	0.0828729281767955	[0.05, 0.15)	16.218333333333334	56522	153499	0.38692898340469195	0.14301721835321402	0.14301721835321402	98.8076975791773	0.38692898340469195	False	False	False
test	NZ_CP068905.1	NZ_CP042894.1	0.0893854748603352	[0.05, 0.15)	16.218333333333334	56522	141344	0.3064116627154029	0.12238227303599729	0.12238227303599729	97.53308616714696	0.3064116627154029	False	False	False
test	NZ_AP018744.1	NZ_CP068905.1	0.1308411214953271	[0.05, 0.15)	16.218333333333334	51983	56522	0.22897870457649616	0.21028979866246772	0.21028979866246772	98.23258932908955	0.22897870457649616	False	False	False
test	NZ_CP068905.1	NZ_CP118928.1	0.0847457627118644	[0.05, 0.15)	16.218333333333334	56522	67839	0.22127667103074908	0.18465779271510488	0.18465779271510488	97.25010290132313	0.22127667103074908	False	False	False
test	NZ_CP151316.1	NZ_CP068905.1	0.0735294117647058	[0.05, 0.15)	16.218333333333334	8378	56522	0.2643829076151826	0.03940058738190439	0.03940058738190439	99.461	0.2643829076151826	False	False	False
test	NZ_CP068905.1	NZ_MG591701.1	0.0606060606060606	[0.05, 0.15)	16.218333333333334	56522	91597	0.22789356356816814	0.14064871120233197	0.14064871120233197	96.36632765166192	0.22789356356816814	False	False	False
test	NZ_CP092976.1	NZ_CM017149.1	0.081081081081081	[0.05, 0.15)	16.218333333333334	122037	153499	0.20873997230348174	0.16607274314490647	0.16607274314490647	97.1469248314783	0.20873997230348174	False	False	False
test	NZ_MG591701.1	NZ_CP092976.1	0.0616113744075829	[0.05, 0.15)	16.218333333333334	91597	122037	0.19699335131063245	0.14810262461384663	0.14810262461384663	97.73521709108988	0.19699335131063245	False	False	False
test	OR771667.1	CP088364.1	0.0546875	[0.05, 0.15)	16.218333333333334	56762	80900	0.10311475987456396	0.07203955500618046	0.07203955500618046	99.52135725269092	0.10311475987456396	False	False	False
test	NZ_OR388869.1	NZ_CP145710.1	0.0595238095238095	[0.05, 0.15)	16.218333333333334	94213	95144	0.20739176122191205	0.2052783149751955	0.2052783149751955	95.10898544953285	0.20739176122191205	False	False	False
test	CP035636.1	NZ_CP141542.1	0.0851851851851851	[0.05, 0.15)	16.218333333333334	103522	202151	0.3215451788025734	0.1646541446740308	0.1646541446740308	97.06569845175228	0.3215451788025734	False	False	False
test	OW849481.1	NZ_CP141542.1	0.0873015873015873	[0.05, 0.15)	16.218333333333334	105977	202151	0.23686271549487153	0.1241497692319108	0.1241497692319108	99.51815139807216	0.23686271549487153	False	False	False
test	NZ_JCDLMC010000005.1	NZ_CP141542.1	0.1136363636363636	[0.05, 0.15)	16.218333333333334	67088	202151	0.4400488910088242	0.1460739744052713	0.1460739744052713	98.26244589066569	0.4400488910088242	False	False	False
test	NZ_CP084396.1	NZ_JCBEAH010000002.1	0.1111111111111111	[0.05, 0.15)	16.218333333333334	4167	7162	0.17878569714422846	0.10262496509354929	0.10262496509354929	82.632	0.17878569714422846	False	False	False
test	NZ_CP084801.1	NZ_JCBEAH010000002.1	0.0909090909090909	[0.05, 0.15)	16.218333333333334	3534	7162	0.1284663271080928	0.06548450153588384	0.06548450153588384	79.792	0.1284663271080928	False	False	False
test	NZ_NBOP01000105.1	NZ_CP014121.1	0.079295154185022	[0.05, 0.15)	16.218333333333334	44421	200203	0.7477319285923325	0.16588662507554833	0.16588662507554833	95.60122045160708	0.7477319285923325	False	False	True
test	NZ_CP095666.1	NZ_CM017149.1	0.135	[0.05, 0.15)	16.218333333333334	99379	153499	0.5134082653276849	0.332366986104144	0.332366986104144	94.37167816563196	0.5134082653276849	False	False	True
test	NZ_CP169124.1	CP057191.1	0.050632911392405	[0.05, 0.15)	16.218333333333334	90370	102988	0.17203718048024788	0.15098846467549618	0.15098846467549618	94.42732781201849	0.17203718048024788	False	False	False
test	NZ_CP116926.1	NZ_CP169124.1	0.081081081081081	[0.05, 0.15)	16.218333333333334	11848	90370	0.5655806887238353	0.07431669801925418	0.07431669801925418	99.83601116736153	0.5655806887238353	False	False	True
test	NZ_CP191553.1	NZ_JBSTQQ010000002.1	0.0985915492957746	[0.05, 0.15)	16.218333333333334	107053	156753	0.3844357467796325	0.26256594770116043	0.26256594770116043	97.66161812580354	0.3844357467796325	False	False	False
test	NC_017659.1	NZ_JBSTQQ010000002.1	0.0945454545454545	[0.05, 0.15)	16.218333333333334	147060	156753	0.3289745682034544	0.3086001543830102	0.3086001543830102	96.67362637997567	0.3289745682034544	False	False	False
test	CP082724.1	NZ_JBSTQQ010000002.1	0.0585106382978723	[0.05, 0.15)	16.218333333333334	53499	156753	0.22925662161909569	0.07830153170912199	0.07830153170912199	96.69446498941541	0.22925662161909569	False	False	False
test	NZ_AP038988.1	NZ_JBSTQQ010000002.1	0.0677083333333333	[0.05, 0.15)	16.218333333333334	78863	156753	0.31755068916982615	0.16044350028388613	0.16044350028388613	95.14930790298892	0.31755068916982615	False	False	False
test	NZ_CP157121.1	NZ_CP116926.1	0.0769230769230769	[0.05, 0.15)	16.218333333333334	10552	11848	0.05344958301743745	0.04760297096556381	0.04760297096556381	93.993	0.05344958301743745	False	False	False
test	NZ_CP101204.1	NZ_CP157121.1	0.1	[0.05, 0.15)	16.218333333333334	6648	10552	0.47848977135980747	0.3004169825625474	0.3004169825625474	95.484	0.47848977135980747	False	False	False
test	CP088364.1	NZ_JBTAPC010000002.1	0.0601092896174863	[0.05, 0.15)	16.218333333333334	80900	126207	0.24751545117428925	0.1589373014175125	0.1589373014175125	91.10276584882278	0.24751545117428925	False	False	False
test	NZ_JBTAPC010000002.1	NZ_CP042894.1	0.0539419087136929	[0.05, 0.15)	16.218333333333334	126207	141344	0.07215923047057611	0.06430410912383971	0.06430410912383971	98.65102336038606	0.07215923047057611	False	False	False
test	NZ_JBTAPC010000002.1	NZ_CP069854.1	0.0702479338842975	[0.05, 0.15)	16.218333333333334	126207	137344	0.2798814645780345	0.257128087138863	0.257128087138863	92.81912814503148	0.2798814645780345	False	False	False
test	NZ_JBTAPC010000002.1	NZ_JBWVJQ010000002.1	0.1102362204724409	[0.05, 0.15)	16.218333333333334	126207	325551	0.48339632508497943	0.1874852173699359	0.1874852173699359	96.76083481733666	0.48339632508497943	False	False	False
test	NZ_CP129713.1	NZ_JBTAPC010000002.1	0.0970873786407767	[0.05, 0.15)	16.218333333333334	106834	126207	0.2446412190875564	0.20727059513339197	0.20727059513339197	97.2325926406596	0.2446412190875564	False	False	False
test	NZ_OK247586.1	NZ_CP192622.1	0.0536585365853658	[0.05, 0.15)	16.218333333333334	78461	125195	0.10832133161698168	0.06773433443827628	0.06773433443827628	98.20033678390779	0.10832133161698168	False	False	False
test	NZ_OK247586.1	NZ_CP086389.1	0.0537190082644628	[0.05, 0.15)	16.218333333333334	78461	142329	0.12881558991091116	0.07101855560005339	0.07101855560005339	98.97132212441895	0.12881558991091116	False	False	False
test	CP030582.1	NZ_JBICQX010000011.1	0.1	[0.05, 0.15)	16.218333333333334	25430	37307	0.28324813212740857	0.19363658294690003	0.19363658294690003	97.27471831765357	0.28324813212740857	False	False	False
test	NZ_CP182755.1	NZ_CP082766.1	0.05	[0.05, 0.15)	16.218333333333334	87288	199279	0.2532994226010448	0.11084961285433989	0.11084961285433989	96.31245845181675	0.2532994226010448	False	False	False
test	NZ_JAUAMG010000010.1	NZ_CP073989.1	0.0884353741496598	[0.05, 0.15)	16.218333333333334	60727	134191	0.44790620317157115	0.20285265032677302	0.20285265032677302	97.44164457168026	0.44790620317157115	False	False	False
test	NZ_JAQFLL010000240.1	NZ_RRSG01000310.1	0.05	[0.05, 0.15)	16.218333333333334	1339	23852	0.8894697535474234	0.04993291967130639	0.04993291967130639	93.54	0.8894697535474234	False	False	True
test	NZ_JBTYIM010000004.1	NZ_JCDLMC010000005.1	0.1044776119402985	[0.05, 0.15)	16.218333333333334	9590	67088	0.6131386861313869	0.0877653231576437	0.0877653231576437	99.9151261674308	0.6131386861313869	False	False	True
test	NZ_AP018744.1	NZ_CP024550.1	0.0552995391705069	[0.05, 0.15)	16.218333333333334	51983	187611	0.2093376680837966	0.05799233520422577	0.05799233520422577	99.49488629684058	0.2093376680837966	False	False	False
test	NZ_CP100828.1	NZ_CP024550.1	0.0535714285714285	[0.05, 0.15)	16.218333333333334	143148	187611	0.14188811579623886	0.1082985539227444	0.1082985539227444	96.90456991941824	0.14188811579623886	False	False	False
test	NZ_CP010188.1	NZ_CP010175.1	0.1111111111111111	[0.05, 0.15)	16.218333333333334	6039	6647	0.44477562510349394	0.4040920716112532	0.4040920716112532	94.39298886000742	0.44477562510349394	False	False	False
test	NZ_CP050774.1	NZ_CP010175.1	0.1	[0.05, 0.15)	16.218333333333334	4677	6647	0.15907633098139834	0.11629306454039416	0.11629306454039416	87.969	0.15907633098139834	False	False	False
test	NZ_CP135149.1	NZ_OP242238.1	0.136986301369863	[0.05, 0.15)	16.218333333333334	58662	111500	0.39410521291466366	0.20739013452914798	0.20739013452914798	98.47424945976316	0.39410521291466366	False	False	False
test	NZ_JBYDGO010000004.1	NZ_CP135149.1	0.0934579439252336	[0.05, 0.15)	16.218333333333334	57114	58662	0.20485345099275135	0.1992772152330299	0.1992772152330299	99.91458416602615	0.20485345099275135	False	False	False
test	NZ_CP135149.1	NZ_JBVTJX020000002.1	0.0517799352750809	[0.05, 0.15)	16.218333333333334	58662	257061	0.3714670485152228	0.0847697628189418	0.0847697628189418	98.97327231897344	0.3714670485152228	False	False	False
test	NZ_OP242238.1	NZ_CP192622.1	0.0761904761904762	[0.05, 0.15)	16.218333333333334	111500	125195	0.1453183856502242	0.12932625104836454	0.12932625104836454	99.35836319328767	0.1453183856502242	False	False	False
test	NZ_PP129611.1	NZ_CP192622.1	0.130718954248366	[0.05, 0.15)	16.218333333333334	63468	125195	0.5149209050230037	0.26077718758736373	0.26077718758736373	94.0464774527727	0.5149209050230037	False	False	True
test	NZ_CP143302.1	NZ_CP192622.1	0.07	[0.05, 0.15)	16.218333333333334	83020	125195	0.14748253432907732	0.09764766963536882	0.09764766963536882	99.84486720026135	0.14748253432907732	False	False	False
test	NZ_CP192622.1	NZ_JBWVJQ010000002.1	0.0778894472361809	[0.05, 0.15)	16.218333333333334	125195	325551	0.4261671792004473	0.16410024850177085	0.16410024850177085	94.22618154156321	0.4261671792004473	False	False	False
test	NZ_CP185196.1	NZ_OP242238.1	0.0662251655629139	[0.05, 0.15)	16.218333333333334	61059	111500	0.11567500286608035	0.06348878923766817	0.06348878923766817	99.7316137872581	0.11567500286608035	False	False	False
test	NZ_JBWLLO010000003.1	NZ_OP242238.1	0.0535714285714285	[0.05, 0.15)	16.218333333333334	73335	111500	0.2230312947433013	0.14627802690582958	0.14627802690582958	98.07632331745451	0.2230312947433013	False	False	False
test	NZ_QRAC01000116.1	CP052164.1	0.0919540229885057	[0.05, 0.15)	16.218333333333334	11661	92461	0.8994940399622674	0.11350731659834958	0.11350731659834958	97.70425931218442	0.8994940399622674	False	False	True
test	NZ_CP028692.1	NZ_CP031907.1	0.0817610062893081	[0.05, 0.15)	16.218333333333334	92714	121036	0.3442737882089005	0.2637644998182359	0.2637644998182359	93.77670664500612	0.3442737882089005	False	False	False
test	NZ_AP045063.1	NZ_CP031907.1	0.0949720670391061	[0.05, 0.15)	16.218333333333334	93025	121036	0.28116097823165814	0.21629928285799266	0.21629928285799266	94.9618248219658	0.28116097823165814	False	False	False
test	AP019709.1	NZ_CP031907.1	0.0845070422535211	[0.05, 0.15)	16.218333333333334	86874	121036	0.379722356516334	0.27295184903665026	0.27295184903665026	95.03545094311151	0.379722356516334	False	False	False
test	NZ_AP038988.1	NZ_CP031907.1	0.0529801324503311	[0.05, 0.15)	16.218333333333334	78863	121036	0.3076093985772796	0.2009154301199643	0.2009154301199643	94.80086603696097	0.3076093985772796	False	False	False
test	NZ_PP129611.1	NC_017659.1	0.0913978494623656	[0.05, 0.15)	16.218333333333334	63468	147060	0.4601689040146215	0.19826601387188902	0.19826601387188902	94.70616583719661	0.4601689040146215	False	False	False
test	NZ_PP129611.1	NZ_CP086388.1	0.0656934306569343	[0.05, 0.15)	16.218333333333334	63468	113047	0.25382870107770844	0.14252479057383213	0.14252479057383213	99.49740897244976	0.25382870107770844	False	False	False
test	NZ_CP196097.1	NZ_PP129611.1	0.0543478260869565	[0.05, 0.15)	16.218333333333334	46176	63468	0.20291926541926542	0.1475389172496376	0.1475389172496376	98.63528918746002	0.20291926541926542	False	False	False
test	NZ_CP127510.1	NZ_CP048364.1	0.0909090909090909	[0.05, 0.15)	16.218333333333334	6141	7872	0.16658524670249145	0.12995426829268292	0.12995426829268292	95.312	0.16658524670249145	False	False	False
test	NZ_CP171614.1	NZ_CP182782.1	0.0526315789473684	[0.05, 0.15)	16.218333333333334	18510	20258	0.13679092382495947	0.12459275348010662	0.12459275348010662	91.51527426992897	0.13679092382495947	False	False	False
test	NZ_CP167855.1	NZ_CP041964.1	0.0952380952380952	[0.05, 0.15)	16.218333333333334	31599	60708	0.15424538751226305	0.08005534690650326	0.08005534690650326	95.06524508599509	0.15424538751226305	False	False	False
test	CP118073.1	NZ_CP181224.1	0.056910569105691	[0.05, 0.15)	16.218333333333334	70631	83755	0.25684189661763246	0.21651244701808847	0.21651244701808847	96.20558564751173	0.25684189661763246	False	False	False
test	NZ_CP009908.1	NZ_CP120419.2	0.0869565217391304	[0.05, 0.15)	16.218333333333334	10600	28817	0.5392452830188679	0.1987368567165215	0.1987368567165215	89.47719031081785	0.5392452830188679	False	False	True
test	NZ_NTHV01000058.1	NZ_MN543579.1	0.0636363636363636	[0.05, 0.15)	16.218333333333334	14083	140128	0.6759213235816233	0.06788793103448276	0.06788793103448276	99.18123692501575	0.6759213235816233	False	False	True
test	CP088364.1	CP057522.1	0.0588235294117647	[0.05, 0.15)	16.218333333333334	80900	86439	0.25600741656365883	0.23896620738324137	0.23896620738324137	95.38871941406062	0.25600741656365883	False	False	False
test	NZ_AP039440.1	NC_017659.1	0.1274900398406374	[0.05, 0.15)	16.218333333333334	123644	147060	0.23616188411892206	0.19861961104311165	0.19861961104311165	97.65997813909003	0.23616188411892206	False	False	False
test	NZ_AP039440.1	NZ_CP141238.1	0.0865800865800865	[0.05, 0.15)	16.218333333333334	123644	132580	0.266604121510142	0.24866495700709007	0.24866495700709007	94.57380651983445	0.266604121510142	False	False	False
test	NZ_CP176935.1	NZ_CP086762.1	0.0621761658031088	[0.05, 0.15)	16.218333333333334	147379	296148	0.2443903134096445	0.1215439577508543	0.1215439577508543	96.5636857697104	0.2443903134096445	False	False	False
test	NZ_CP091543.1	NZ_CP141678.1	0.0502793296089385	[0.05, 0.15)	16.218333333333334	185529	228888	0.14810622598084397	0.12011114606270315	0.12011114606270315	99.57830647565717	0.14810622598084397	False	False	False
test	NZ_CP153671.1	OW849024.1	0.10062893081761	[0.05, 0.15)	16.218333333333334	151580	242397	0.29029555350310066	0.18173079699831268	0.18173079699831268	97.33678802794539	0.29029555350310066	False	False	False
test	NZ_CP024194.1	RefSeq_NZ_MT809697.1	0.0581395348837209	[0.05, 0.15)	16.218333333333334	89345	113652	0.15753539649672618	0.12417731320170344	0.12417731320170344	92.1862098217431	0.15753539649672618	True	False	False
test	NZ_AP018454.1	NZ_CP024194.1	0.0642857142857142	[0.05, 0.15)	16.218333333333334	78997	89345	0.126688355253997	0.11202641446079803	0.11202641446079803	97.62517441628417	0.126688355253997	False	False	False
test	CP067788.1	NZ_CP024194.1	0.0519480519480519	[0.05, 0.15)	16.218333333333334	13841	89345	0.37309442959323746	0.05796631036991438	0.05796631036991438	97.66459853310172	0.37309442959323746	False	False	False
test	NZ_CP034679.1	NZ_LR134211.1	0.0775193798449612	[0.05, 0.15)	16.218333333333334	83909	205331	0.4004933916504785	0.16419829446113834	0.16419829446113834	94.55922125563976	0.4004933916504785	False	False	False
test	NZ_OR388869.1	NC_017659.1	0.0595744680851063	[0.05, 0.15)	16.218333333333334	94213	147060	0.33044272021907806	0.21165510675914592	0.21165510675914592	94.13175365564905	0.33044272021907806	False	False	False
test	NZ_CP169108.1	NZ_JBWJYT010000002.1	0.0512820512820512	[0.05, 0.15)	16.218333333333334	74529	107551	0.27464476915026365	0.19002147818244366	0.19002147818244366	93.54552732852687	0.27464476915026365	False	False	False
test	NZ_CP018253.1	NZ_CP098439.1	0.0914634146341463	[0.05, 0.15)	16.218333333333334	95229	109442	0.3168572598683174	0.2779645839805559	0.2779645839805559	95.86980381551773	0.3168572598683174	False	False	False
test	NZ_RRRP01000072.1	NZ_CP141238.1	0.0709677419354838	[0.05, 0.15)	16.218333333333334	53831	132580	0.28000594453010347	0.11305626791371247	0.11305626791371247	96.30871414395342	0.28000594453010347	False	False	False
test	NZ_OZ298375.1	NZ_JBTOOD010000002.1	0.0581395348837209	[0.05, 0.15)	16.218333333333334	33074	53989	0.29633549011307975	0.18138880142251199	0.18138880142251199	93.00896519792408	0.29633549011307975	False	False	False
test	NZ_MW390523.1	NZ_CP024887.1	0.1118012422360248	[0.05, 0.15)	16.218333333333334	89311	102544	0.5463604707146936	0.47596153846153844	0.47596153846153844	91.7605649526525	0.5463604707146936	False	False	True
test	NZ_MW390523.1	NZ_MW881232.1	0.0596026490066225	[0.05, 0.15)	16.218333333333334	89311	91784	0.2628231684786868	0.2556436851738865	0.2556436851738865	92.18756302485366	0.2628231684786868	False	False	False
test	NZ_CP176935.1	NZ_CP138727.1	0.084010840108401	[0.05, 0.15)	16.218333333333334	147379	277344	0.29680619355539123	0.15779320987654322	0.15779320987654322	97.05190933777556	0.29680619355539123	False	False	False
test	NZ_CP193630.1	NZ_JBWVJQ010000002.1	0.1029411764705882	[0.05, 0.15)	16.218333333333334	88723	325551	0.6251253902595719	0.17021910545505928	0.17021910545505928	96.57360178520011	0.6251253902595719	False	False	True
test	NZ_CP118928.1	NZ_CP193630.1	0.0775193798449612	[0.05, 0.15)	16.218333333333334	67839	88723	0.2372529076195109	0.1813847593070568	0.1813847593070568	98.44806300825624	0.2372529076195109	False	False	False
test	NZ_CP064408.1	LR962108.1	0.0933333333333333	[0.05, 0.15)	16.218333333333334	62662	106827	0.23456002042705307	0.13748396940848287	0.13748396940848287	98.24016704043493	0.23456002042705307	False	False	False
test	NZ_JBQTKY010000005.1	CP088364.1	0.0581395348837209	[0.05, 0.15)	16.218333333333334	13777	80900	0.22000435508456123	0.03716934487021013	0.03716934487021013	99.17542791158034	0.22000435508456123	False	False	False
test	CP088364.1	NZ_CP057239.1	0.0594059405940594	[0.05, 0.15)	16.218333333333334	80900	145940	0.312398022249691	0.17072084418254077	0.17072084418254077	94.34224279965281	0.312398022249691	False	False	False
test	CP035636.1	NZ_CP153671.1	0.0858369098712446	[0.05, 0.15)	16.218333333333334	103522	151580	0.2922760379436255	0.19945903153450323	0.19945903153450323	95.30439740457008	0.2922760379436255	False	False	False
test	NZ_CP103656.1	NZ_CP033630.1	0.0526315789473684	[0.05, 0.15)	16.218333333333334	5714	23185	0.536226811340567	0.13219754151390986	0.13219754151390986	88.03977949709865	0.536226811340567	False	False	True
test	CP122777.1	NZ_CM017149.1	0.1201923076923077	[0.05, 0.15)	16.218333333333334	116463	153499	0.23555979152177087	0.1789848793803217	0.1789848793803217	94.89133021298215	0.23555979152177087	False	False	False
test	NZ_JBUZJU010000007.1	NZ_CP065096.1	0.125	[0.05, 0.15)	16.218333333333334	1177	3172	0.7204757858963466	0.266078184110971	0.266078184110971	89.86027505827505	0.7204757858963466	False	False	True
test	CP067909.1	NZ_JBYLRL020000002.1	0.0754716981132075	[0.05, 0.15)	16.218333333333334	130935	172405	0.234986825524115	0.17843450015950812	0.17843450015950812	98.26285348354004	0.234986825524115	False	False	False
test	CP104420.1	NZ_CP062718.1	0.0676691729323308	[0.05, 0.15)	16.218333333333334	83397	96507	0.2503807091382184	0.21595324691473158	0.21595324691473158	94.30095867965987	0.2503807091382184	False	False	False
test	CP052164.1	NZ_CP129713.1	0.0786516853932584	[0.05, 0.15)	16.218333333333334	92461	106834	0.25571862731313744	0.22121234812887283	0.22121234812887283	95.97538942794463	0.25571862731313744	False	False	False
test	NZ_CP026579.1	NZ_AP024115.1	0.065	[0.05, 0.15)	16.218333333333334	100229	109993	0.1935966636402638	0.17626576236669605	0.17626576236669605	95.56076260288066	0.1935966636402638	False	False	False
test	NZ_CP169382.1	NZ_JCDLMC010000005.1	0.1238938053097345	[0.05, 0.15)	16.218333333333334	53894	67088	0.22891230934797938	0.18381826854280944	0.18381826854280944	99.02813597343699	0.22891230934797938	False	False	False
test	NZ_CP133928.1	NZ_CP169909.1	0.0995260663507109	[0.05, 0.15)	16.218333333333334	100835	155489	0.35333961422125254	0.22906443542630026	0.22906443542630026	97.14850032246306	0.35333961422125254	False	False	False
test	NZ_CP133928.1	NZ_CP024887.1	0.0662983425414364	[0.05, 0.15)	16.218333333333334	100835	102544	0.24531164774135963	0.24130129505383055	0.24130129505383055	95.3838765621221	0.24531164774135963	False	False	False
test	NZ_CP156664.1	NZ_JBWVJQ010000002.1	0.0835579514824797	[0.05, 0.15)	16.218333333333334	96210	325551	0.5318989710009354	0.1572902555974333	0.1572902555974333	95.46320104067195	0.5318989710009354	False	False	True
test	NZ_AP038988.1	NZ_CP156664.1	0.1103448275862069	[0.05, 0.15)	16.218333333333334	78863	96210	0.2795607572625946	0.2301527907701902	0.2301527907701902	95.30075913494032	0.2795607572625946	False	False	False
test	NZ_OY843410.1	NZ_CP141678.1	0.0590277777777777	[0.05, 0.15)	16.218333333333334	136788	228888	0.13821387841038688	0.08256002935933732	0.08256002935933732	97.8548393744056	0.13821387841038688	False	False	False
test	CP052221.1	NC_018997.1	0.0666666666666666	[0.05, 0.15)	16.218333333333334	5219	7930	0.686146771412148	0.4489281210592686	0.4489281210592686	93.65988209121245	0.686146771412148	False	False	True
test	NZ_MUMX01000050.1	NZ_MT560079.1	0.0666666666666666	[0.05, 0.15)	16.218333333333334	10929	68684	0.42712050507823224	0.06796342670782132	0.06796342670782132	99.979	0.42712050507823224	False	False	False
test	NZ_JBSJBU010000003.1	NZ_MT560079.1	0.0849056603773584	[0.05, 0.15)	16.218333333333334	63107	68684	0.18470217250067347	0.17002504222235165	0.17002504222235165	98.05749841677361	0.18470217250067347	False	False	False
test	NZ_MT560079.1	NZ_CP080351.1	0.1152073732718894	[0.05, 0.15)	16.218333333333334	68684	193800	0.5125356706074194	0.1815325077399381	0.1815325077399381	98.20237465564738	0.5125356706074194	False	False	True
test	NZ_JBQTKY010000005.1	NZ_CP143302.1	0.1052631578947368	[0.05, 0.15)	16.218333333333334	13777	83020	0.37831167888509837	0.06292459648277524	0.06292459648277524	99.9230187595712	0.37831167888509837	False	False	False
test	NZ_JBDYHN010000069.1	NZ_JBQTKY010000005.1	0.0555555555555555	[0.05, 0.15)	16.218333333333334	225	13777	1.0	0.016331567104594616	0.016331567104594616	100.0	1.0	False	False	True
test	NZ_AP042702.1	NC_017659.1	0.0772357723577235	[0.05, 0.15)	16.218333333333334	97991	147060	0.3533283668908369	0.23563171494628044	0.23563171494628044	95.11085107975812	0.3533283668908369	False	False	False
test	NZ_CP138520.1	NZ_OP378651.1	0.0526315789473684	[0.05, 0.15)	16.218333333333334	5596	9506	0.09524660471765546	0.05743740795287187	0.05743740795287187	84.865	0.09524660471765546	False	False	False
test	NZ_JBPFEV010000060.1	NZ_CP138520.1	0.1111111111111111	[0.05, 0.15)	16.218333333333334	3360	5596	0.6199404761904762	0.37526804860614726	0.37526804860614726	81.83125915492958	0.6199404761904762	False	False	True
test	NZ_CP138520.1	NZ_CP132708.1	0.0555555555555555	[0.05, 0.15)	16.218333333333334	5596	9730	0.09524660471765546	0.05611510791366906	0.05611510791366906	84.477	0.09524660471765546	False	False	False
test	NZ_CP191553.1	NZ_CP057239.1	0.1213592233009708	[0.05, 0.15)	16.218333333333334	107053	145940	0.28567158323447267	0.20975743456214882	0.20975743456214882	96.0740252380331	0.28567158323447267	False	False	False
test	NZ_JARWCD010000024.1	NZ_CP191553.1	0.0686274509803921	[0.05, 0.15)	16.218333333333334	24598	107053	0.4643466948532401	0.1068536145647483	0.1068536145647483	99.2042381118881	0.4643466948532401	False	False	False
test	NZ_CP191553.1	NZ_CM007910.1	0.0914285714285714	[0.05, 0.15)	16.218333333333334	107053	124845	0.2512493811476558	0.21539508991149026	0.21539508991149026	99.3196672491356	0.2512493811476558	False	False	False
test	CP057191.1	NZ_CP191553.1	0.1058823529411764	[0.05, 0.15)	16.218333333333334	102988	107053	0.19544024546549113	0.1879723127796512	0.1879723127796512	94.93442461340206	0.19544024546549113	False	False	False
test	NZ_MN543579.1	NZ_CP154419.1	0.0709459459459459	[0.05, 0.15)	16.218333333333334	140128	220171	0.2900847796300525	0.1855603144828338	0.1855603144828338	96.67303911024197	0.2900847796300525	False	False	False
test	NZ_CP100738.1	NZ_CP124432.1	0.0769230769230769	[0.05, 0.15)	16.218333333333334	3263	6647	0.19797732148329758	0.09959380171505942	0.09959380171505942	89.805	0.19797732148329758	False	False	False
test	NZ_CP118042.1	NZ_CP151316.1	0.0769230769230769	[0.05, 0.15)	16.218333333333334	4711	8378	0.13776268308214817	0.07853903079493912	0.07853903079493912	89.87948942598186	0.13776268308214817	False	False	False
test	NZ_CP118042.1	NZ_CP170103.1	0.1	[0.05, 0.15)	16.218333333333334	4711	17520	0.2880492464444916	0.07745433789954338	0.07745433789954338	89.39316386247256	0.2880492464444916	False	False	False
test	NZ_JBDYHN010000069.1	NZ_JBHEIN010000092.1	0.0666666666666666	[0.05, 0.15)	16.218333333333334	225	14708	0.9955555555555555	0.015229806907805276	0.015229806907805276	100.0	0.9955555555555555	False	False	True
test	NZ_JAOCPY010000058.1	NZ_JAHPLL010000039.1	0.125	[0.05, 0.15)	16.218333333333334	9486	13693	0.6134303183639047	0.42496165924194845	0.42496165924194845	99.863	0.6134303183639047	False	False	True
test	NZ_AP045063.1	NZ_CP026579.1	0.0515463917525773	[0.05, 0.15)	16.218333333333334	93025	100229	0.16883633431873152	0.15666124574723883	0.15666124574723883	93.82573120121835	0.16883633431873152	False	False	False
test	NZ_CP026579.1	NZ_CP141238.1	0.1052631578947368	[0.05, 0.15)	16.218333333333334	100229	132580	0.2413173831924892	0.18225976768743402	0.18225976768743402	95.66591175135179	0.2413173831924892	False	False	False
test	NZ_CP026579.1	NZ_JABWHZ010000057.1	0.1084905660377358	[0.05, 0.15)	16.218333333333334	100229	139873	0.37906194813876226	0.2717894089638458	0.2717894089638458	96.4760052519629	0.37906194813876226	False	False	False
test	NZ_CP163034.1	NZ_CP082766.1	0.0727848101265822	[0.05, 0.15)	16.218333333333334	190061	199279	0.22743224543699128	0.21731341486057237	0.21731341486057237	96.69271125461256	0.22743224543699128	False	False	False
test	NZ_CP163034.1	NZ_JBWVJQ010000002.1	0.0845070422535211	[0.05, 0.15)	16.218333333333334	190061	325551	0.20765964611361615	0.12130203869746983	0.12130203869746983	96.56105132098389	0.20765964611361615	False	False	False
test	NZ_CP163034.1	NZ_CP014121.1	0.1042944785276073	[0.05, 0.15)	16.218333333333334	190061	200203	0.29476852168514317	0.28052526685414303	0.28052526685414303	96.77058636703316	0.29476852168514317	False	False	False
test	NZ_CP034679.1	CP067475.1	0.097457627118644	[0.05, 0.15)	16.218333333333334	83909	216181	0.5115661013717241	0.19904616964488092	0.19904616964488092	96.12219705357764	0.5115661013717241	False	False	True
test	NZ_RREL01000124.1	NZ_JBFUPY010000024.1	0.1111111111111111	[0.05, 0.15)	16.218333333333334	8318	73616	0.690189949507093	0.07791784394696805	0.07791784394696805	94.48761951811407	0.690189949507093	False	False	True
test	NZ_JALIIF010000143.1	NZ_CP145712.1	0.1463414634146341	[0.05, 0.15)	16.218333333333334	13136	33455	0.6812576126674786	0.2690479748916455	0.2690479748916455	96.49784273523217	0.6812576126674786	False	False	True
test	NZ_CP092755.1	NZ_CP169909.1	0.1054852320675105	[0.05, 0.15)	16.218333333333334	118840	155489	0.24606193200942444	0.18823839628526776	0.18823839628526776	96.49985558815501	0.24606193200942444	False	False	False
test	NZ_CP092755.1	NZ_PV435113.1	0.0916030534351145	[0.05, 0.15)	16.218333333333334	118840	193491	0.3425025244025581	0.2104852422076479	0.2104852422076479	95.11590733751595	0.3425025244025581	False	False	False
test	NZ_CP127032.1	OW849104.1	0.125	[0.05, 0.15)	16.218333333333334	4186	5413	0.2259913999044434	0.16257158692037688	0.16257158692037688	76.899	0.2259913999044434	False	False	False
test	NZ_AP045063.1	NZ_CP024887.1	0.0648648648648648	[0.05, 0.15)	16.218333333333334	93025	102544	0.25140553614619726	0.22803869558433454	0.22803869558433454	95.34780579957356	0.25140553614619726	False	False	False
test	NZ_JBRYID020000005.1	OW849104.1	0.125	[0.05, 0.15)	16.218333333333334	2555	5413	0.338160469667319	0.15702937372990947	0.15702937372990947	81.735	0.338160469667319	False	False	False
test	NZ_CP069854.1	NZ_CP169909.1	0.0739299610894941	[0.05, 0.15)	16.218333333333334	137344	155489	0.2237447576887232	0.1976345593578967	0.1976345593578967	96.67336411523705	0.2237447576887232	False	False	False
test	NZ_CP086419.1	NZ_CP169909.1	0.0597826086956521	[0.05, 0.15)	16.218333333333334	70475	155489	0.30510109968073784	0.1386464637369846	0.1386464637369846	97.9089537255993	0.30510109968073784	False	False	False
test	NZ_CP195365.1	NZ_CP169909.1	0.064	[0.05, 0.15)	16.218333333333334	137286	155489	0.22866861879579856	0.20211719156982166	0.20211719156982166	95.84471195479654	0.22866861879579856	False	False	False
test	NZ_JABWHZ010000057.1	NZ_CP169909.1	0.0637450199203187	[0.05, 0.15)	16.218333333333334	139873	155489	0.20392069949168173	0.1835949809954402	0.1835949809954402	96.04016821025407	0.20392069949168173	False	False	False
test	CP024513.1	NZ_CP151316.1	0.0625	[0.05, 0.15)	16.218333333333334	3336	8378	0.25209832134292565	0.10181427548340893	0.10181427548340893	89.40670081490104	0.25209832134292565	False	False	False
test	NZ_CP084801.1	OW849502.1	0.0714285714285714	[0.05, 0.15)	16.218333333333334	3534	4804	0.4844368986983588	0.36240632805995004	0.36240632805995004	84.32368930390491	0.4844368986983588	False	False	False
test	NZ_CP135667.1	AB011549.2	0.0757575757575757	[0.05, 0.15)	16.218333333333334	76366	92721	0.27374747924469006	0.22477108745591615	0.22477108745591615	94.21050570378502	0.2829243865798698	True	False	False
test	NZ_AP022534.1	NZ_JABWHZ010000057.1	0.0756756756756756	[0.05, 0.15)	16.218333333333334	111171	139873	0.23022191039029963	0.1830160216768068	0.1830160216768068	94.81431239058548	0.23022191039029963	False	False	False
test	NZ_CP038210.1	NZ_CP013783.1	0.1176470588235294	[0.05, 0.15)	16.218333333333334	37260	50681	0.2764358561460011	0.2026795051399933	0.2026795051399933	98.04150135737832	0.2764358561460011	False	False	False
test	NZ_MH422552.1	NZ_CM017149.1	0.1122448979591836	[0.05, 0.15)	16.218333333333334	88222	153499	0.3772981795923919	0.2169069505338797	0.2169069505338797	97.98765383115911	0.39675115935919053	True	False	False
test	NZ_CP063884.1	NZ_CM017149.1	0.087719298245614	[0.05, 0.15)	16.218333333333334	57825	153499	0.42763510592304366	0.1615385116515417	0.1615385116515417	95.92006079748928	0.42763510592304366	False	False	False
test	NZ_CP195365.1	NZ_CP057239.1	0.1302521008403361	[0.05, 0.15)	16.218333333333334	137286	145940	0.3845767230453214	0.3623269836919282	0.3623269836919282	93.65176753344636	0.3845767230453214	False	False	False
test	NZ_JABWHZ010000057.1	NZ_CP057239.1	0.0975609756097561	[0.05, 0.15)	16.218333333333334	139873	145940	0.2708957411366025	0.2577566123064273	0.2577566123064273	95.36311508061966	0.2708957411366025	False	False	False
test	NZ_JBRAXZ010000003.1	NC_017659.1	0.0862745098039215	[0.05, 0.15)	16.218333333333334	118098	147060	0.33117410963775845	0.26618387052903575	0.26618387052903575	95.01033918292497	0.33117410963775845	False	False	False
test	NZ_CP100828.1	NC_017659.1	0.0722433460076045	[0.05, 0.15)	16.218333333333334	143148	147060	0.14195098778886187	0.13814769481844144	0.13814769481844144	96.04188822865001	0.14195098778886187	False	False	False
test	NZ_CP042894.1	NZ_CP100828.1	0.0978723404255319	[0.05, 0.15)	16.218333333333334	141344	143148	0.18738680099615124	0.18524184759828988	0.18524184759828988	96.12768725069618	0.18738680099615124	False	False	False
test	NZ_CP151316.1	NZ_CP143302.1	0.053763440860215	[0.05, 0.15)	16.218333333333334	8378	83020	0.3948436380997852	0.03991809202601783	0.03991809202601783	99.84882407966205	0.3948436380997852	False	False	False
test	NZ_CP031805.1	NZ_CP143302.1	0.0657894736842105	[0.05, 0.15)	16.218333333333334	65454	83020	0.18930852201546125	0.14903637677668033	0.14903637677668033	95.20872455234715	0.18930852201546125	False	False	False
test	NZ_CP143302.1	NZ_OW848789.1	0.0943396226415094	[0.05, 0.15)	16.218333333333334	83020	92189	0.18040231269573598	0.1625682022800985	0.1625682022800985	97.62247995471498	0.18040231269573598	False	False	False
test	NZ_CP129713.1	NZ_CP069854.1	0.0995475113122171	[0.05, 0.15)	16.218333333333334	106834	137344	0.2367223917479454	0.18420171248835043	0.18420171248835043	97.78013540308883	0.2367223917479454	False	False	False
test	CP009881.1	CP110581.1	0.1170212765957446	[0.05, 0.15)	16.218333333333334	50272	52969	0.21534850413749204	0.20474239649606374	0.20474239649606374	97.12760872767446	0.21534850413749204	False	False	False
test	NZ_JBDYIB010000045.1	NZ_AP027431.1	0.0568720379146919	[0.05, 0.15)	16.218333333333334	9198	201683	0.928897586431833	0.04230897001730438	0.04230897001730438	98.97109390714537	0.928897586431833	False	False	True
test	NZ_CP102617.1	NZ_CP196097.1	0.0576923076923076	[0.05, 0.15)	16.218333333333334	3657	46176	0.5890073831009024	0.04664760914760915	0.04664760914760915	100.0	0.5890073831009024	False	False	True
test	NZ_CP138519.1	CP067788.1	0.1481481481481481	[0.05, 0.15)	16.218333333333334	11970	13841	0.5329156223893066	0.46066035691062784	0.46066035691062784	93.08244913928011	0.5329156223893066	False	False	True
test	NZ_CP082766.1	NZ_CP141678.1	0.0699708454810495	[0.05, 0.15)	16.218333333333334	199279	228888	0.22320967086346277	0.19407745272797175	0.19407745272797175	95.27735206051355	0.22320967086346277	False	False	False
test	NZ_AP018744.1	NZ_AP018454.1	0.075187969924812	[0.05, 0.15)	16.218333333333334	51983	78997	0.13654463959371332	0.08983885464004962	0.08983885464004962	98.48582854338989	0.13654463959371332	False	False	False
test	NZ_RRGN01000097.1	NZ_CP024887.1	0.0517241379310344	[0.05, 0.15)	16.218333333333334	23754	102544	0.7100698829670792	0.16405640505539085	0.16405640505539085	94.59822731037747	0.7100698829670792	False	False	True
test	CP082669.1	NZ_CP024887.1	0.0621468926553672	[0.05, 0.15)	16.218333333333334	99345	102544	0.2119482611102723	0.20528748634732408	0.20528748634732408	95.58178302915384	0.2119482611102723	False	False	False
test	NZ_CP010188.1	NC_018997.1	0.1176470588235294	[0.05, 0.15)	16.218333333333334	6039	7930	0.5280675608544461	0.39924337957124845	0.39924337957124845	92.90378555798686	0.5280675608544461	False	False	True
test	NZ_CP032263.1	NZ_JBWVJQ010000002.1	0.0721153846153846	[0.05, 0.15)	16.218333333333334	155784	325551	0.36944102090073433	0.17701988321338286	0.17701988321338286	92.05628860628083	0.36944102090073433	False	False	False
test	NZ_CP086419.1	NZ_JABWHZ010000057.1	0.0568181818181818	[0.05, 0.15)	16.218333333333334	70475	139873	0.2831784320681093	0.1426794306263539	0.1426794306263539	97.47295150878247	0.2831784320681093	False	False	False
test	NZ_CP135667.1	NZ_CP032263.1	0.1467391304347826	[0.05, 0.15)	16.218333333333334	76366	155784	0.6230521436241259	0.30495429569147026	0.30495429569147026	93.13748812266957	0.6439388812949154	True	False	True
test	NZ_CP054265.1	NZ_PV435113.1	0.1316725978647686	[0.05, 0.15)	16.218333333333334	168717	193491	0.30224577250662354	0.26345411414484393	0.26345411414484393	97.05253420738038	0.30224577250662354	False	False	False
test	NZ_MF381176.1	NZ_CP063478.1	0.074074074074074	[0.05, 0.15)	16.218333333333334	36502	47841	0.07142074406881815	0.054493008089295795	0.054493008089295795	99.885	0.07142074406881815	False	False	False
test	NZ_CP137749.1	NZ_JBSMIW010000007.1	0.1304347826086956	[0.05, 0.15)	16.218333333333334	14571	30659	0.2644293459611557	0.12564010567859357	0.12564010567859357	99.948	0.2644293459611557	False	False	False
test	NZ_CP014408.1	NC_013348.1	0.1290322580645161	[0.05, 0.15)	16.218333333333334	27098	45052	0.5188205771643664	0.313770753795614	0.313770753795614	95.91971416490486	0.5188205771643664	False	False	True
test	NZ_CP195975.1	NZ_CP189736.1	0.0777027027027027	[0.05, 0.15)	16.218333333333334	62763	239563	0.4741965807880439	0.12425124080095841	0.12425124080095841	98.00358975305326	0.4741965807880439	False	False	False
test	NZ_AP038988.1	NZ_CP040807.1	0.112	[0.05, 0.15)	16.218333333333334	78863	90871	0.2675399109848725	0.23320971487053074	0.23320971487053074	94.0301588512241	0.2675399109848725	False	False	False
test	NZ_CP129713.1	NZ_CP189869.1	0.0576923076923076	[0.05, 0.15)	16.218333333333334	106834	110729	0.10370294101128855	0.09988349935427937	0.09988349935427937	91.70778555385861	0.10370294101128855	False	False	False
test	NZ_CP100738.1	CP063733.1	0.0769230769230769	[0.05, 0.15)	16.218333333333334	3263	6647	0.19797732148329758	0.09959380171505942	0.09959380171505942	89.655	0.19797732148329758	False	False	False
test	NZ_CP034679.1	NZ_CP067434.1	0.1047619047619047	[0.05, 0.15)	16.218333333333334	83909	180050	0.4485931187357733	0.2096417661760622	0.2096417661760622	94.66167140488035	0.4485931187357733	False	False	False
test	NZ_CP054265.1	NZ_CP196152.1	0.0821917808219178	[0.05, 0.15)	16.218333333333334	168717	398273	0.29641352086630274	0.12560479871846697	0.12560479871846697	97.61297994647066	0.29641352086630274	False	False	False
test	NZ_CP063884.1	CP057325.1	0.0666666666666666	[0.05, 0.15)	16.218333333333334	57825	103762	0.13357544314742759	0.07471906863784429	0.07471906863784429	96.55692004126902	0.13357544314742759	False	False	False
test	NZ_JBWLLO010000003.1	NZ_CP102430.1	0.05	[0.05, 0.15)	16.218333333333334	73335	98312	0.05667143928547078	0.04227357799658231	0.04227357799658231	99.71121077959577	0.05667143928547078	False	False	False
test	NZ_MH917123.1	NZ_JBWLLO010000003.1	0.1370967741935483	[0.05, 0.15)	16.218333333333334	65604	73335	0.2906987378818365	0.2600804527169837	0.2600804527169837	99.3974895478598	0.2906987378818365	False	False	False
test	CP073108.1	NZ_CP141238.1	0.1078431372549019	[0.05, 0.15)	16.218333333333334	108563	132580	0.3323968571244347	0.2721903756222658	0.2721903756222658	93.94795314743237	0.3323968571244347	False	False	False
test	NZ_CP014408.1	NZ_KY465818.1	0.0588235294117647	[0.05, 0.15)	16.218333333333334	27098	45924	0.16831500479740202	0.0996211131434544	0.0996211131434544	96.6217870531822	0.16831500479740202	False	False	False
test	NZ_JBWLLO010000003.1	NZ_CP141678.1	0.0682730923694779	[0.05, 0.15)	16.218333333333334	73335	228888	0.2742755846458035	0.08788577819719688	0.08788577819719688	97.04173312487593	0.2742755846458035	False	False	False
test	NZ_JBRYID020000005.1	NZ_CP170103.1	0.0909090909090909	[0.05, 0.15)	16.218333333333334	2555	17520	0.2086105675146771	0.03002283105022831	0.03002283105022831	85.185	0.2086105675146771	False	False	False
test	NZ_CP117387.1	NZ_KX869741.1	0.3023255813953488	[0.15, 0.4)	6.553333333333334	100517	177037	0.8231940865724205	0.4672921479690686	0.4672921479690686	98.39753754377493	0.8231940865724205	False	False	True
test	NZ_KX869741.1	NZ_CP047280.1	0.2347826086956521	[0.15, 0.4)	6.553333333333334	177037	262422	0.5853126747516056	0.3949135362126651	0.3949135362126651	98.225886012361	0.5853126747516056	False	False	True
test	NZ_CP094333.1	NZ_MN419437.1	0.348314606741573	[0.15, 0.4)	6.553333333333334	109070	118243	0.7225268176400477	0.666635657079066	0.666635657079066	98.18626254278108	0.7225268176400477	False	False	True
test	NZ_CP149373.1	NZ_MN419437.1	0.1976744186046511	[0.15, 0.4)	6.553333333333334	90028	118243	0.7571422224196916	0.575755012981741	0.575755012981741	95.77620201887015	0.7571422224196916	False	False	True
test	NZ_CP145710.1	NZ_MN419437.1	0.2993630573248407	[0.15, 0.4)	6.553333333333334	95144	118243	0.8072185319095266	0.6492900213966154	0.6492900213966154	97.55267670121324	0.8072185319095266	False	False	True
test	CP073108.1	NZ_MN419437.1	0.3773584905660377	[0.15, 0.4)	6.553333333333334	108563	118243	0.7805237511859473	0.7166428456652825	0.7166428456652825	97.6612013319974	0.7805237511859473	False	False	True
test	NZ_KX246268.1	NZ_MN419437.1	0.3496503496503496	[0.15, 0.4)	6.553333333333334	86207	118243	0.9024325170809795	0.6567999797028153	0.6567999797028153	97.66964398248612	0.9024325170809795	False	False	True
test	NZ_CP043828.1	NZ_MN419437.1	0.3841059602649007	[0.15, 0.4)	6.553333333333334	97743	118243	0.8392928393849176	0.693884627419805	0.693884627419805	97.48514626578736	0.8392928393849176	False	False	True
test	OW849005.1	NZ_CP143282.1	0.216867469879518	[0.15, 0.4)	6.553333333333334	98537	248177	0.7821123029927844	0.31058075486447173	0.31058075486447173	97.4052946901852	0.7821123029927844	False	False	True
test	NZ_CP084846.1	NZ_CP143282.1	0.1846153846153846	[0.15, 0.4)	6.553333333333334	101892	248177	0.6355160365877596	0.2609468242423754	0.2609468242423754	96.3690582194949	0.6355160365877596	False	False	True
test	OW849035.1	NZ_CP143282.1	0.1878787878787878	[0.15, 0.4)	6.553333333333334	204647	248177	0.4719736912830386	0.3892262377254943	0.3892262377254943	96.92827989863989	0.4719736912830386	False	False	False
test	NZ_CP054265.1	NZ_CP143282.1	0.1568627450980392	[0.15, 0.4)	6.553333333333334	168717	248177	0.4040612386422234	0.2747313409381208	0.2747313409381208	97.68175320202816	0.4040612386422234	False	False	False
test	OW849005.1	NZ_CP041642.1	0.3939393939393939	[0.15, 0.4)	6.553333333333334	98537	121851	0.7401382221906492	0.5987640643080484	0.5987640643080484	97.69517800925293	0.7401382221906492	False	False	True
test	NZ_CP041642.1	NZ_CP074455.1	0.1724137931034483	[0.15, 0.4)	6.553333333333334	121851	159477	0.5127984177396985	0.39183079691742384	0.39183079691742384	96.99008839231482	0.5127984177396985	False	False	True
test	RefSeq_NZ_MT809697.1	NZ_CP041642.1	0.2872340425531915	[0.15, 0.4)	6.553333333333334	113652	121851	0.559339034948791	0.5218094229838081	0.5218094229838081	97.96294438768294	0.5565374883957989	True	False	True
test	NZ_CP136270.1	NZ_CP041642.1	0.2114285714285714	[0.15, 0.4)	6.553333333333334	107188	121851	0.5811004963242153	0.5108944530615259	0.5108944530615259	96.4245093117928	0.5811004963242153	False	False	True
test	NZ_RRND01000164.1	AP026472.1	0.3656716417910448	[0.15, 0.4)	6.553333333333334	92980	93433	0.7631533663153366	0.759656652360515	0.759656652360515	97.28653546044391	0.7631533663153366	False	False	True
test	NZ_JAUAMG010000010.1	AP026472.1	0.2032520325203252	[0.15, 0.4)	6.553333333333334	60727	93433	0.6590972713949315	0.4289811950809671	0.4289811950809671	97.68059495186311	0.6590972713949315	False	False	True
test	AP026472.1	NZ_CP041960.1	0.380281690140845	[0.15, 0.4)	6.553333333333334	93433	98151	0.7948690505495917	0.756497641389288	0.756497641389288	97.35277025409249	0.7948690505495917	False	False	True
test	OW849005.1	NZ_CP141569.1	0.1711026615969581	[0.15, 0.4)	6.553333333333334	98537	194326	0.4953367770482154	0.25115527515618086	0.25115527515618086	97.24788907305094	0.4953367770482154	False	False	False
test	OW849005.1	NZ_CP146851.1	0.1534653465346534	[0.15, 0.4)	6.553333333333334	98537	138872	0.35645493570942893	0.25288035025059047	0.25288035025059047	98.31107735607675	0.35645493570942893	False	False	False
test	OW849005.1	NZ_CP129713.1	0.1602209944751381	[0.15, 0.4)	6.553333333333334	98537	106834	0.3197174665354131	0.2946627478143662	0.2946627478143662	98.08576325715552	0.3197174665354131	False	False	False
test	NZ_CP117397.1	NZ_CP024192.1	0.3671497584541063	[0.15, 0.4)	6.553333333333334	100527	221606	0.8479711918191133	0.3846601626309757	0.3846601626309757	99.31180101986989	0.8479711918191133	False	False	True
test	NZ_CP117397.1	NZ_CP022063.1	0.3043478260869565	[0.15, 0.4)	6.553333333333334	100527	173817	0.7243128711689397	0.41916498386233797	0.41916498386233797	99.22885372814841	0.7243128711689397	False	False	True
test	NZ_CP117397.1	NZ_AP019818.1	0.2216494845360824	[0.15, 0.4)	6.553333333333334	100527	136816	0.7201746794393546	0.5286808560402292	0.5286808560402292	95.46951522383944	0.7201746794393546	False	False	True
test	NZ_CP049847.1	NZ_RRPB01000143.1	0.3741007194244604	[0.15, 0.4)	6.553333333333334	90408	93945	0.8155251747632953	0.7847251051146947	0.7847251051146947	97.60109121218692	0.8155251747632953	False	False	True
test	CP067450.1	NZ_CP141546.1	0.3765586034912718	[0.15, 0.4)	6.553333333333334	230982	348041	0.8195054160064421	0.5463235653270735	0.5463235653270735	97.74085514219074	0.8195054160064421	False	False	True
test	NZ_LR890428.1	NZ_KX636095.1	0.2038567493112947	[0.15, 0.4)	6.553333333333334	128238	335317	0.7771331430621189	0.2972262068430768	0.2972262068430768	98.4829835560948	0.7771331430621189	False	False	True
test	NZ_QRAC01000091.1	CP080739.1	0.1658291457286432	[0.15, 0.4)	6.553333333333334	26119	206152	1.0	0.1266977763979976	0.1266977763979976	100.0	1.0	True	False	True
test	NZ_QRAC01000091.1	OW849035.1	0.1701030927835051	[0.15, 0.4)	6.553333333333334	26119	204647	1.0	0.12762952791880652	0.12762952791880652	100.0	1.0	False	False	True
test	NZ_QRAC01000091.1	NZ_CP020069.1	0.1594202898550724	[0.15, 0.4)	6.553333333333334	26119	213013	1.0	0.12262162403233605	0.12262162403233605	99.98091550535989	1.0	False	False	True
test	NZ_QRAC01000091.1	NZ_CP054265.1	0.2115384615384615	[0.15, 0.4)	6.553333333333334	26119	168717	1.0	0.15480953312351453	0.15480953312351453	100.0	1.0	False	False	True
test	NZ_CP182399.1	NZ_JBYCWT010000001.1	0.2485207100591716	[0.15, 0.4)	6.553333333333334	107583	153509	0.5488878354386846	0.384733142682188	0.384733142682188	96.24087197524393	0.5488878354386846	False	False	True
test	NZ_CP040265.1	NZ_CP182399.1	0.2279411764705882	[0.15, 0.4)	6.553333333333334	73952	107583	0.7153829511034184	0.49171337478969723	0.49171337478969723	95.34104591047928	0.7153829511034184	False	False	True
test	NZ_CP182399.1	NZ_AP026795.1	0.1545064377682403	[0.15, 0.4)	6.553333333333334	107583	165477	0.5065391372242827	0.3294173812674873	0.3294173812674873	94.35874960188896	0.5065391372242827	False	False	True
test	NZ_CP182399.1	NZ_JBSTQQ010000002.1	0.1542056074766355	[0.15, 0.4)	6.553333333333334	107583	156753	0.46945149326566465	0.32225220569941243	0.32225220569941243	95.25951850754525	0.46945149326566465	False	False	False
test	CP101962.1	NZ_CP182399.1	0.2307692307692307	[0.15, 0.4)	6.553333333333334	82673	107583	0.6023248218886457	0.462619558852235	0.462619558852235	95.8712403695835	0.6023248218886457	False	False	True
test	NZ_CP182399.1	CP122777.1	0.160919540229885	[0.15, 0.4)	6.553333333333334	107583	116463	0.35900653448964986	0.33127259301237305	0.33127259301237305	95.305730178004	0.35900653448964986	False	False	False
test	NZ_CP182399.1	NZ_CP098439.1	0.1942857142857142	[0.15, 0.4)	6.553333333333334	107583	109442	0.5019008579422399	0.49419783995175526	0.49419783995175526	93.5799972335442	0.5019008579422399	False	False	True
test	NZ_CP182399.1	NZ_CP057239.1	0.1902439024390244	[0.15, 0.4)	6.553333333333334	107583	145940	0.5316639245977525	0.39223653556255994	0.39223653556255994	95.57286006374197	0.5316639245977525	False	False	True
test	NZ_CP182399.1	NZ_JBRAXZ010000003.1	0.1736842105263158	[0.15, 0.4)	6.553333333333334	107583	118098	0.5181487781526821	0.4719724296770479	0.4719724296770479	94.3107237574002	0.5181487781526821	False	False	True
test	NZ_JBFUPY010000024.1	NZ_CP182399.1	0.2397260273972602	[0.15, 0.4)	6.553333333333334	73616	107583	0.5885948706802869	0.4028889322662502	0.4028889322662502	96.88934640643363	0.5885948706802869	False	False	True
test	AP019709.1	CP051818.1	0.2307692307692307	[0.15, 0.4)	6.553333333333334	86874	93177	0.5343946405138477	0.4985135816778819	0.4985135816778819	95.44212343662696	0.5343946405138477	False	False	True
test	NZ_AP038988.1	CP051818.1	0.2429906542056074	[0.15, 0.4)	6.553333333333334	78863	93177	0.6199104776637967	0.5254193631475579	0.5254193631475579	95.2365835696363	0.6199104776637967	False	False	True
test	NZ_JCAKIY010000010.1	NZ_CP134726.1	0.2913669064748201	[0.15, 0.4)	6.553333333333334	168475	174239	0.8605193648909334	0.832046786310757	0.832046786310757	94.32155544615131	0.8605193648909334	False	False	True
test	NZ_CP097682.1	NZ_CP109609.1	0.2209302325581395	[0.15, 0.4)	6.553333333333334	57847	142244	0.6144484588656283	0.2499226680914485	0.2499226680914485	98.0195076408787	0.6144484588656283	False	False	True
test	NZ_CP109609.1	NZ_CP021328.1	0.1670020120724346	[0.15, 0.4)	6.553333333333334	142244	446611	0.5436362869435618	0.17314620553457036	0.17314620553457036	97.01812954278259	0.5436362869435618	False	False	True
test	NZ_JBUBIE010000002.1	NZ_CP148841.1	0.1578947368421052	[0.15, 0.4)	6.553333333333334	84790	319375	0.8080316075008845	0.21459099804305284	0.21459099804305284	98.5929425824776	0.8080316075008845	False	False	True
test	NZ_CP039507.1	NZ_CP148915.1	0.1666666666666666	[0.15, 0.4)	6.553333333333334	2495	3796	0.22284569138276553	0.1469968387776607	0.1469968387776607	89.624	0.22284569138276553	False	False	False
test	NZ_CP039507.1	NC_003114.1	0.1666666666666666	[0.15, 0.4)	6.553333333333334	2495	3172	0.21362725450901804	0.1746532156368222	0.1746532156368222	83.542	0.21362725450901804	False	False	False
test	NZ_CP039507.1	NZ_CP091696.1	0.25	[0.15, 0.4)	6.553333333333334	2495	3461	0.21723446893787576	0.16295868246171627	0.16295868246171627	74.346	0.21723446893787576	False	False	False
test	NZ_CP010175.1	CP057542.1	0.3076923076923077	[0.15, 0.4)	6.553333333333334	6647	7198	0.6858733263126222	0.6333703806612948	0.6333703806612948	95.96901007667032	0.6858733263126222	False	False	True
test	NZ_CP110933.1	CP092319.1	0.3888888888888889	[0.15, 0.4)	6.553333333333334	49544	59350	0.8229048926207008	0.6880370682392586	0.6880370682392586	99.13837743609832	0.8229048926207008	False	False	True
test	NZ_CP079658.1	NZ_CP169124.1	0.1951219512195122	[0.15, 0.4)	6.553333333333334	29628	90370	0.6249156203591197	0.204769281841319	0.204769281841319	98.75231293876227	0.6249156203591197	False	False	True
test	NZ_AP022125.1	CP057169.1	0.1666666666666666	[0.15, 0.4)	6.553333333333334	2997	4076	0.3383383383383383	0.2446025515210991	0.2446025515210991	83.54419182083738	0.3383383383383383	False	False	False
test	NZ_AP022125.1	NZ_CP118042.1	0.2	[0.15, 0.4)	6.553333333333334	2997	4711	0.33299966633299966	0.21142008066227977	0.21142008066227977	85.74281782178218	0.33299966633299966	False	False	False
test	NZ_CP133102.1	NZ_CP142707.1	0.2386706948640483	[0.15, 0.4)	6.553333333333334	134388	263549	0.6824121201297735	0.34805671810555155	0.34805671810555155	98.41457433153913	0.6824121201297735	False	False	True
test	NZ_CP133102.1	NZ_OY757950.1	0.3872549019607843	[0.15, 0.4)	6.553333333333334	134388	150582	0.71732595172188	0.6401628348673812	0.6401628348673812	97.79079195681011	0.71732595172188	False	False	True
test	NZ_JBTZPL010000001.1	NZ_CP133102.1	0.1941747572815534	[0.15, 0.4)	6.553333333333334	105623	134388	0.5851850449239275	0.4599368991278983	0.4599368991278983	95.80941789623218	0.5851850449239275	False	False	True
test	NZ_CP133102.1	NZ_JBUBIP010000002.1	0.3743842364532019	[0.15, 0.4)	6.553333333333334	134388	150224	0.6416718754650713	0.5741892107785707	0.5741892107785707	97.76283698093982	0.6416718754650713	False	False	True
test	NZ_CP133102.1	NZ_AP026795.1	0.1647509578544061	[0.15, 0.4)	6.553333333333334	134388	165477	0.45973598833229157	0.37360479099814475	0.37360479099814475	96.02928197885565	0.45973598833229157	False	False	False
test	NZ_CP089446.1	NZ_CP133102.1	0.1704035874439461	[0.15, 0.4)	6.553333333333334	129071	134388	0.46575140813970606	0.4473464892698753	0.4473464892698753	96.1545179670011	0.46575140813970606	False	False	False
test	NZ_OR388869.1	NZ_CP133102.1	0.173469387755102	[0.15, 0.4)	6.553333333333334	94213	134388	0.5800048825533631	0.406583921183439	0.406583921183439	95.57670119158412	0.5800048825533631	False	False	True
test	NZ_CP133102.1	NZ_CM017149.1	0.3014354066985646	[0.15, 0.4)	6.553333333333334	134388	153499	0.5904917105693961	0.5170457136528577	0.5170457136528577	98.05588082888507	0.5904917105693961	False	False	True
test	NZ_CP040807.1	NZ_CP133102.1	0.1739130434782608	[0.15, 0.4)	6.553333333333334	90871	134388	0.5907165102177813	0.39888234068518025	0.39888234068518025	95.10156090946244	0.5907165102177813	False	False	True
test	NZ_MG591701.1	NZ_CP133102.1	0.1868131868131868	[0.15, 0.4)	6.553333333333334	91597	134388	0.599299103682435	0.40788612078459385	0.40788612078459385	95.21682478290884	0.599299103682435	False	False	True
test	CP044382.1	NZ_CP061953.1	0.1932773109243697	[0.15, 0.4)	6.553333333333334	123229	168138	0.6253560444375919	0.458629221234938	0.458629221234938	96.37526609080784	0.6253560444375919	False	False	True
test	NZ_CP061953.1	OW848843.1	0.397887323943662	[0.15, 0.4)	6.553333333333334	168138	252697	0.7275154932258027	0.4840975555705054	0.4840975555705054	99.26233311270182	0.7275154932258027	False	False	True
test	NZ_CP101766.1	NZ_CP061953.1	0.1522633744855967	[0.15, 0.4)	6.553333333333334	127176	168138	0.40699503050890107	0.3080088974532824	0.3080088974532824	98.11892070688558	0.40699503050890107	False	False	False
test	NZ_CP061953.1	NZ_KX636095.1	0.2151898734177215	[0.15, 0.4)	6.553333333333334	168138	335317	0.6783297053610724	0.34029291685181484	0.34029291685181484	97.77578878234603	0.6783297053610724	False	False	True
test	CP052164.1	NZ_CP061953.1	0.1745283018867924	[0.15, 0.4)	6.553333333333334	92461	168138	0.6015617395442403	0.33074617278663954	0.33074617278663954	96.89693776037922	0.6015617395442403	False	False	True
test	NZ_CP061953.1	NZ_CP154633.1	0.1682847896440129	[0.15, 0.4)	6.553333333333334	168138	210515	0.41107304713984943	0.3289361803196922	0.3289361803196922	96.27551976130762	0.41107304713984943	False	False	False
test	NZ_CP061953.1	NZ_JBWVJQ010000002.1	0.1513647642679901	[0.15, 0.4)	6.553333333333334	168138	325551	0.5402823870867978	0.278687517470381	0.278687517470381	97.00525967172746	0.5402823870867978	False	False	True
test	NZ_CP061953.1	NZ_PQ667066.1	0.1946564885496183	[0.15, 0.4)	6.553333333333334	168138	180007	0.4627924680916866	0.43219430355486177	0.43219430355486177	96.79759769480562	0.4627924680916866	False	False	False
test	NZ_KX646543.1	CP043740.1	0.2241379310344827	[0.15, 0.4)	6.553333333333334	111559	113189	0.4926361835441336	0.4850471335553808	0.4850471335553808	94.29450563671294	0.4926361835441336	False	False	False
test	NZ_KX646543.1	NZ_AP022361.1	0.2095238095238095	[0.15, 0.4)	6.553333333333334	111559	148581	0.5704156544967237	0.42778013339525245	0.42778013339525245	96.1437135307217	0.5704156544967237	False	False	True
test	NZ_KX646543.1	NZ_CP014496.1	0.2544378698224852	[0.15, 0.4)	6.553333333333334	111559	114223	0.503321112595129	0.4912057991823013	0.4912057991823013	97.09426728553143	0.503321112595129	False	False	True
test	NZ_OR388869.1	NZ_KX646543.1	0.2088607594936709	[0.15, 0.4)	6.553333333333334	94213	111559	0.5266470656915713	0.4451635457470935	0.4451635457470935	96.39994193470667	0.5266470656915713	False	False	True
test	NZ_AP022534.1	NZ_KX646543.1	0.2611940298507462	[0.15, 0.4)	6.553333333333334	111171	111559	0.41536911604645094	0.41456986885863084	0.41456986885863084	96.09653399900797	0.41536911604645094	False	False	False
test	NZ_CP043297.1	NZ_KX646543.1	0.1705882352941176	[0.15, 0.4)	6.553333333333334	110724	111559	0.45993641848199124	0.4566283311969451	0.4566283311969451	94.68339249206909	0.45993641848199124	False	False	False
test	NZ_KX646543.1	NZ_JABWHZ010000057.1	0.1515151515151515	[0.15, 0.4)	6.553333333333334	111559	139873	0.40712985953620956	0.32502341409707375	0.32502341409707375	96.33287430554032	0.40712985953620956	False	False	False
test	NZ_KY288024.1	CP043740.1	0.1746987951807229	[0.15, 0.4)	6.553333333333334	82841	113189	0.5923636846489058	0.433593370380514	0.433593370380514	93.43957117621977	0.5923636846489058	False	False	True
test	CP122782.1	NZ_KY288024.1	0.2580645161290322	[0.15, 0.4)	6.553333333333334	69672	82841	0.6903634171546675	0.5820668509554447	0.5820668509554447	93.41814916487517	0.6903634171546675	False	False	True
test	NZ_PP129611.1	NZ_KY288024.1	0.351063829787234	[0.15, 0.4)	6.553333333333334	63468	82841	0.6841557950463225	0.5239676005842517	0.5239676005842517	99.14820942119077	0.6841557950463225	False	False	True
test	NZ_JBVVLY010000002.1	NZ_CP046167.1	0.194078947368421	[0.15, 0.4)	6.553333333333334	191497	234807	0.4467171809480044	0.3652063183806275	0.3652063183806275	97.60548835341363	0.4467171809480044	False	False	False
test	NZ_CP091218.1	NZ_CP046167.1	0.1548821548821548	[0.15, 0.4)	6.553333333333334	182818	234807	0.44989552451071557	0.3502408360909172	0.3502408360909172	96.51443675666502	0.44989552451071557	False	False	False
test	NZ_PQ365750.1	NZ_MK356558.1	0.2132701421800948	[0.15, 0.4)	6.553333333333334	90009	168834	0.9352620293526203	0.4908430766314842	0.4908430766314842	90.2842302153252	0.9352620293526203	False	False	True
test	NZ_PV022950.1	MN868654.1	0.2030075187969924	[0.15, 0.4)	6.553333333333334	90934	93231	0.6394857808960345	0.628750093852903	0.628750093852903	94.85397285753184	0.6394857808960345	False	False	True
test	NZ_PV022950.1	NZ_CP101534.1	0.1694915254237288	[0.15, 0.4)	6.553333333333334	90934	141697	0.5587459036224075	0.3586102740354418	0.3586102740354418	96.52059563056247	0.5587459036224075	False	False	True
test	NZ_PV022950.1	CP043740.1	0.1715976331360946	[0.15, 0.4)	6.553333333333334	90934	113189	0.5388853454153562	0.4336552138458684	0.4336552138458684	93.48242476186607	0.5388853454153562	False	False	True
test	NZ_AP018457.1	NZ_PV022950.1	0.1780821917808219	[0.15, 0.4)	6.553333333333334	86535	90934	0.4615935748541053	0.4388567532496096	0.4388567532496096	95.26856778878549	0.4615935748541053	False	False	False
test	NZ_CP040265.1	NZ_PV022950.1	0.1935483870967742	[0.15, 0.4)	6.553333333333334	73952	90934	0.626487451319775	0.509809312248444	0.509809312248444	92.95852394765679	0.626487451319775	False	False	True
test	NZ_PV022950.1	NZ_CP097707.1	0.2	[0.15, 0.4)	6.553333333333334	90934	159393	0.6869047880880639	0.3921627674992001	0.3921627674992001	96.1254622286079	0.6869047880880639	False	False	True
test	NZ_PV022950.1	NZ_RRRW01000071.1	0.1666666666666666	[0.15, 0.4)	6.553333333333334	90934	93340	0.41608199353377173	0.40533533319048637	0.40533533319048637	93.87535856468666	0.41608199353377173	False	False	False
test	NZ_PV022950.1	NZ_CM017149.1	0.1534391534391534	[0.15, 0.4)	6.553333333333334	90934	153499	0.5668396859260563	0.33570902742037406	0.33570902742037406	94.59661741149156	0.5668396859260563	False	False	True
test	NZ_PV022950.1	CP057191.1	0.2052980132450331	[0.15, 0.4)	6.553333333333334	90934	102988	0.5277673917346647	0.4658892298131821	0.4658892298131821	93.47429029980901	0.5277673917346647	False	False	True
test	NZ_OZ547465.1	OW966965.1	0.2	[0.15, 0.4)	6.553333333333334	46449	66091	0.4371461172468729	0.3067588627801062	0.3067588627801062	97.35795166206995	0.4371461172468729	False	False	False
test	NZ_CP068905.1	OW966965.1	0.2795698924731182	[0.15, 0.4)	6.553333333333334	56522	66091	0.5678496868475992	0.485436746304338	0.485436746304338	98.59684777400989	0.5678496868475992	False	False	True
test	NZ_MH917123.1	OW966965.1	0.1764705882352941	[0.15, 0.4)	6.553333333333334	65604	66091	0.2886714224742394	0.2863627422795842	0.2863627422795842	98.95506965331647	0.2886714224742394	False	False	False
test	CP044382.1	OW967602.1	0.1549295774647887	[0.15, 0.4)	6.553333333333334	123229	205284	0.6345584237476568	0.3811013035599462	0.3811013035599462	95.39170207581114	0.6345584237476568	False	False	True
test	NZ_JAHQYP010000015.1	CP044382.1	0.1597633136094674	[0.15, 0.4)	6.553333333333334	81298	123229	0.4891141233486679	0.3223916448238645	0.3223916448238645	95.10667458783969	0.4891141233486679	False	False	False
test	NZ_CP136270.1	CP044382.1	0.1741573033707865	[0.15, 0.4)	6.553333333333334	107188	123229	0.49637086240997125	0.43131892655137993	0.43131892655137993	95.88219606408525	0.49637086240997125	False	False	False
test	CP044382.1	NZ_CP014121.1	0.1666666666666666	[0.15, 0.4)	6.553333333333334	123229	200203	0.6313935843023963	0.38889527129963086	0.38889527129963086	96.41809541098442	0.6313935843023963	False	False	True
test	NZ_CP117387.1	CP052444.1	0.3210526315789473	[0.15, 0.4)	6.553333333333334	100517	174931	0.7991384541918283	0.4592439304640115	0.4592439304640115	98.95995740021897	0.7991384541918283	False	False	True
test	NZ_CP117387.1	NZ_CP114566.1	0.2727272727272727	[0.15, 0.4)	6.553333333333334	100517	210045	0.8223683556015401	0.39335380513699447	0.39335380513699447	98.3390199332737	0.8223683556015401	False	False	True
test	NZ_CP117387.1	NZ_MZ475707.1	0.3834586466165413	[0.15, 0.4)	6.553333333333334	100517	100733	0.5919894147258673	0.5907200222370028	0.5907200222370028	99.17032795861468	0.5919894147258673	False	False	True
test	NZ_CP178636.1	NZ_AP018457.1	0.1653543307086614	[0.15, 0.4)	6.553333333333334	57425	86535	0.6182847191989551	0.41146356965389724	0.41146356965389724	94.23050219857163	0.6182847191989551	False	False	True
test	NZ_CP178636.1	CP122782.1	0.3106796116504854	[0.15, 0.4)	6.553333333333334	57425	69672	0.8243273835437527	0.6788953955678034	0.6788953955678034	95.56459420411947	0.8243273835437527	False	False	True
test	NZ_CP178636.1	NZ_CP097707.1	0.1666666666666666	[0.15, 0.4)	6.553333333333334	57425	159393	0.8377361776229865	0.30220900541429047	0.30220900541429047	94.82683931160169	0.8377361776229865	False	False	True
test	NZ_CP178636.1	NZ_OP006451.1	0.1733333333333333	[0.15, 0.4)	6.553333333333334	57425	136951	0.6223073574227252	0.2614730816131317	0.2614730816131317	94.72202350778485	0.6223073574227252	False	False	True
test	NZ_CP178636.1	NZ_CP192622.1	0.1835443037974683	[0.15, 0.4)	6.553333333333334	57425	125195	0.7673138876795821	0.3515395982267662	0.3515395982267662	95.01619910863761	0.7673138876795821	False	False	True
test	NZ_CP178636.1	NZ_JAQMUU010000004.1	0.2439024390243902	[0.15, 0.4)	6.553333333333334	57425	101631	0.808306486721811	0.4568783146874477	0.4568783146874477	95.1795398981324	0.808306486721811	False	False	True
test	NZ_CP178636.1	CP104420.1	0.3163265306122449	[0.15, 0.4)	6.553333333333334	57425	83397	0.8619764910753156	0.5940501456886939	0.5940501456886939	94.59539494986103	0.8619764910753156	False	False	True
test	NZ_JBQTKY010000005.1	NZ_OZ111446.1	0.1632653061224489	[0.15, 0.4)	6.553333333333334	13777	43002	0.3441242650794803	0.11025068601460397	0.11025068601460397	98.71428640674392	0.3441242650794803	False	False	False
test	NZ_RRMU01000156.1	AP019709.1	0.2241379310344827	[0.15, 0.4)	6.553333333333334	11660	86874	0.7318181818181818	0.09833782259364136	0.09833782259364136	99.29736216785672	0.7318181818181818	False	False	True
test	CP088684.1	NZ_AP026795.1	0.3147208121827411	[0.15, 0.4)	6.553333333333334	113463	165477	0.4207539021531248	0.28869873154577375	0.28869873154577375	99.06502580996005	0.4207539021531248	False	False	False
test	CP088684.1	NZ_CP089446.1	0.2134831460674157	[0.15, 0.4)	6.553333333333334	113463	129071	0.3728351973771185	0.3277188524145625	0.3277188524145625	98.20172969273611	0.3728351973771185	False	False	False
test	CP088684.1	NZ_CP014496.1	0.3037974683544304	[0.15, 0.4)	6.553333333333334	113463	114223	0.47646369301005614	0.47338101783353614	0.47338101783353614	98.5039422998781	0.47646369301005614	False	False	False
test	CP088684.1	NZ_JBSTQQ010000002.1	0.1617647058823529	[0.15, 0.4)	6.553333333333334	113463	156753	0.4077540696085949	0.2953755271031495	0.2953755271031495	98.16157792529691	0.4077540696085949	False	False	False
test	NC_013122.1	NZ_OY757950.1	0.2093023255813953	[0.15, 0.4)	6.553333333333334	117536	150582	0.39781854070242306	0.3107409916191842	0.3107409916191842	97.25838448901217	0.39781854070242306	False	False	False
test	NZ_JBTZPL010000001.1	NC_013122.1	0.2185792349726776	[0.15, 0.4)	6.553333333333334	105623	117536	0.5333497439004762	0.4783555676558671	0.4783555676558671	98.03724795205504	0.5333497439004762	False	False	True
test	NC_013122.1	NZ_CP107173.1	0.2892156862745098	[0.15, 0.4)	6.553333333333334	117536	149268	0.6243363735366185	0.4922421416512581	0.4922421416512581	98.24979854765016	0.6243363735366185	False	False	True
test	NZ_CP169108.1	NC_013122.1	0.1710526315789473	[0.15, 0.4)	6.553333333333334	74529	117536	0.510271169611829	0.3232371358562483	0.3232371358562483	96.59100630301758	0.510271169611829	False	False	True
test	CP125031.1	NZ_JBQGLE010000003.1	0.2857142857142857	[0.15, 0.4)	6.553333333333334	4066	18824	1.0	0.21690395240118998	0.21690395240118998	92.514	1.0	False	False	True
test	NZ_CP042890.1	NZ_JBQGLE010000003.1	0.25	[0.15, 0.4)	6.553333333333334	4057	18824	0.9775696327335469	0.21228219294517636	0.21228219294517636	93.55983025461808	0.9775696327335469	False	False	True
test	MN868654.1	NZ_JBYCWT010000001.1	0.1719745222929936	[0.15, 0.4)	6.553333333333334	93231	153509	0.5982773970031428	0.36073454976581176	0.36073454976581176	94.3047099304848	0.5982773970031428	False	False	True
test	NZ_OV049812.1	NZ_CP116080.1	0.1818181818181818	[0.15, 0.4)	6.553333333333334	5590	7939	0.5828264758497317	0.4043330394256204	0.4043330394256204	91.56922961373392	0.5828264758497317	False	False	True
test	NZ_OZ547465.1	NZ_JCAWDY010000002.1	0.1975308641975308	[0.15, 0.4)	6.553333333333334	46449	61509	0.4139809253159379	0.31270220618120925	0.31270220618120925	98.05104365450578	0.4139809253159379	False	False	False
test	NZ_OZ547465.1	NZ_CP024194.1	0.2093023255813953	[0.15, 0.4)	6.553333333333334	46449	89345	0.47753450020452537	0.24844143488723489	0.24844143488723489	98.85624528301886	0.47753450020452537	False	False	False
test	NZ_CP043351.1	CP080739.1	0.16796875	[0.15, 0.4)	6.553333333333334	106448	206152	0.5795787614609951	0.299482905817067	0.299482905817067	97.2245334045446	0.5795787614609951	True	False	True
test	NZ_JAHQYP010000015.1	NZ_CP043351.1	0.3488372093023256	[0.15, 0.4)	6.553333333333334	81298	106448	0.6276046151196831	0.47934202615361493	0.47934202615361493	96.4965685392379	0.6276046151196831	False	False	True
test	NZ_CP043351.1	NZ_CP092755.1	0.2584269662921348	[0.15, 0.4)	6.553333333333334	106448	118840	0.5363275965729746	0.47981319421070345	0.47981319421070345	97.74931119823574	0.5363275965729746	False	False	True
test	NZ_CP077553.1	CP043256.1	0.29375	[0.15, 0.4)	6.553333333333334	91375	97372	0.7614993160054719	0.7150412849689849	0.7150412849689849	96.03807303669052	0.7614993160054719	False	False	True
test	CP043256.1	NZ_JBTHVH010000001.1	0.2549019607843137	[0.15, 0.4)	6.553333333333334	97372	97926	0.6913075627490449	0.6873149112595225	0.6873149112595225	96.3259455330258	0.6913075627490449	False	False	True
test	NZ_JAUAMG010000010.1	CP043256.1	0.1970802919708029	[0.15, 0.4)	6.553333333333334	60727	97372	0.754129135310488	0.4704021690013556	0.4704021690013556	96.50578669429598	0.754129135310488	False	False	True
test	NZ_CP024043.1	NZ_CP143504.1	0.25	[0.15, 0.4)	6.553333333333334	5251	5359	0.5576080746524471	0.5471169994401941	0.5471169994401941	95.94407634628494	0.5576080746524471	False	False	True
test	NZ_MN586817.1	NZ_CP074455.1	0.1549295774647887	[0.15, 0.4)	6.553333333333334	91326	159477	0.5916387447167291	0.3388701819071089	0.3388701819071089	96.48593250604766	0.5916387447167291	False	False	True
test	NZ_MN586817.1	NZ_CP084846.1	0.2981366459627329	[0.15, 0.4)	6.553333333333334	91326	101892	0.636138668068239	0.5705452832410788	0.5705452832410788	97.20950145877667	0.636138668068239	False	False	True
test	NZ_MN586817.1	CP052164.1	0.2653061224489796	[0.15, 0.4)	6.553333333333334	91326	92461	0.6481396316492565	0.6403997361049524	0.6403997361049524	96.58243604651163	0.6481396316492565	False	False	True
test	NZ_MN586817.1	NZ_CP056884.1	0.1686274509803921	[0.15, 0.4)	6.553333333333334	91326	198658	0.6179291767952171	0.2839704416635625	0.2839704416635625	97.34148585840708	0.6179291767952171	False	False	True
test	NZ_CP144317.1	NZ_KX636095.1	0.2319587628865979	[0.15, 0.4)	6.553333333333334	174409	335317	0.7060816815645982	0.36713319038402464	0.36713319038402464	98.48879367411206	0.7060816815645982	False	False	True
test	NZ_JBYYIK010000003.1	NZ_CP144317.1	0.3835616438356164	[0.15, 0.4)	6.553333333333334	144341	174409	0.7812818256766961	0.6467269464305168	0.6467269464305168	98.12718545586618	0.7812818256766961	False	False	True
test	NZ_CP006029.1	NZ_CP144317.1	0.2573099415204678	[0.15, 0.4)	6.553333333333334	64561	174409	0.8180325583556637	0.3025703948764112	0.3025703948764112	99.34365916185793	0.8180325583556637	False	False	True
test	NZ_CP025275.1	NZ_CP144317.1	0.3214285714285714	[0.15, 0.4)	6.553333333333334	125113	174409	0.6701302022971234	0.4807607405581134	0.4807607405581134	98.84732254642543	0.6701302022971234	False	False	True
test	NZ_JAJQQO010000024.1	NZ_CP144317.1	0.2906976744186046	[0.15, 0.4)	6.553333333333334	61004	174409	0.8294701986754967	0.2901685119460578	0.2901685119460578	99.98225458856072	0.8294701986754967	False	False	True
test	AP026491.1	NZ_CP135149.1	0.1844660194174757	[0.15, 0.4)	6.553333333333334	48260	58662	0.2457728968089515	0.20208993897241825	0.20208993897241825	98.56059242424243	0.2457728968089515	False	False	False
test	AP026491.1	NZ_CP130211.1	0.336734693877551	[0.15, 0.4)	6.553333333333334	48260	83295	0.6929133858267716	0.40186085599375715	0.40186085599375715	97.86126711613616	0.6929133858267716	False	False	True
test	NZ_OV049812.1	NZ_CP010128.1	0.1875	[0.15, 0.4)	6.553333333333334	5590	7982	0.5191413237924866	0.36118767226259085	0.36118767226259085	92.36809762805086	0.5191413237924866	False	False	True
test	NZ_OV049812.1	NZ_CP010175.1	0.3636363636363636	[0.15, 0.4)	6.553333333333334	5590	6647	0.6023255813953489	0.5038363171355499	0.5038363171355499	94.64198431024275	0.6023255813953489	False	False	True
test	NZ_CP069977.1	NZ_OV049812.1	0.1666666666666666	[0.15, 0.4)	6.553333333333334	1572	5590	0.7404580152671756	0.20822898032200357	0.20822898032200357	94.7592233676976	0.7404580152671756	False	False	True
test	NZ_JBRERM010000006.1	NZ_OV049812.1	0.2857142857142857	[0.15, 0.4)	6.553333333333334	5271	5590	0.6177195977992791	0.5910554561717353	0.5910554561717353	91.46059716354856	0.6177195977992791	False	False	True
test	NZ_CP141569.1	NZ_CP086468.1	0.2114285714285714	[0.15, 0.4)	6.553333333333334	194326	247089	0.5503689676111277	0.43319613580531713	0.43319613580531713	96.73302051061923	0.5503689676111277	False	False	True
test	NZ_OZ544168.1	NZ_CP086468.1	0.2822299651567944	[0.15, 0.4)	6.553333333333334	171613	247089	0.6282624276715634	0.43292497844906086	0.43292497844906086	97.92180663572096	0.6282624276715634	False	False	True
test	NZ_CP102691.1	NZ_CP084709.1	0.16	[0.15, 0.4)	6.553333333333334	9294	11972	0.7864213471056596	0.6107584363514869	0.6107584363514869	92.87411631399317	0.7864213471056596	False	False	True
test	NZ_CP097713.1	NZ_CP062972.1	0.3461538461538461	[0.15, 0.4)	6.553333333333334	122563	136326	0.5779558267992787	0.5202309170664436	0.5202309170664436	98.51423159541629	0.5779558267992787	False	False	True
test	CP073108.1	NZ_CP097713.1	0.3103448275862069	[0.15, 0.4)	6.553333333333334	108563	122563	0.7501358658106353	0.6645888237069915	0.6645888237069915	97.22768276174942	0.7501358658106353	False	False	True
test	CP082669.1	NZ_CP097713.1	0.3846153846153846	[0.15, 0.4)	6.553333333333334	99345	122563	0.8110423272434446	0.6570743209614647	0.6570743209614647	97.75066657986434	0.8110423272434446	False	False	True
test	NZ_CP025252.1	NZ_CP097713.1	0.1805555555555555	[0.15, 0.4)	6.553333333333334	33924	122563	0.5042447824548992	0.13946297006437505	0.13946297006437505	99.98264614755055	0.5042447824548992	False	False	True
test	NZ_JAXIVF010000032.1	NZ_CP151122.1	0.3636363636363636	[0.15, 0.4)	6.553333333333334	7097	25430	1.0	0.2790798269760126	0.2790798269760126	99.83088065379738	1.0	False	False	True
test	CP122782.1	NZ_CP101534.1	0.1511627906976744	[0.15, 0.4)	6.553333333333334	69672	141697	0.5365283040532782	0.2645010127243343	0.2645010127243343	94.59509223481822	0.5365283040532782	False	False	True
test	NZ_CP077553.1	NZ_JBTHVH010000001.1	0.3671875	[0.15, 0.4)	6.553333333333334	91375	97926	0.7935868673050616	0.7405081387986847	0.7405081387986847	96.99132363916769	0.7935868673050616	False	False	True
test	NZ_OZ544168.1	OW967602.1	0.2562277580071174	[0.15, 0.4)	6.553333333333334	171613	205284	0.5745194128649928	0.47995459948169367	0.47995459948169367	97.423075441884	0.5745194128649928	False	False	True
test	OW967602.1	NZ_CP154633.1	0.1505681818181818	[0.15, 0.4)	6.553333333333334	205284	210515	0.3552639270474075	0.34708215566586703	0.34708215566586703	96.23425282157788	0.3552639270474075	False	False	False
test	NZ_MK477607.1	NZ_JBRETY010000002.1	0.3024390243902439	[0.15, 0.4)	6.553333333333334	224296	315596	0.7731435246281699	0.5496204007655356	0.5496204007655356	97.65443173767547	0.7731435246281699	False	False	True
test	NZ_JBXSEZ010000002.1	NZ_JBRETY010000002.1	0.2603036876355748	[0.15, 0.4)	6.553333333333334	287195	315596	0.6263305419662598	0.5699692011305594	0.5699692011305594	97.23850213271719	0.6263305419662598	False	False	True
test	NZ_CP094336.1	NZ_CP124336.1	0.25	[0.15, 0.4)	6.553333333333334	4059	4073	0.800689825080069	0.8011293886570096	0.800689825080069	95.22968073394495	0.800689825080069	False	False	True
test	NZ_JBTOOD010000002.1	NZ_JCCJZF010000002.1	0.1777777777777777	[0.15, 0.4)	6.553333333333334	53989	56907	0.5009168534331068	0.4753369532746411	0.4753369532746411	97.41468385285862	0.5009168534331068	False	False	True
test	NZ_CP097682.1	NZ_CP169909.1	0.2435897435897435	[0.15, 0.4)	6.553333333333334	57847	155489	0.6870364928172593	0.2556901131269736	0.2556901131269736	99.71337162111193	0.6870364928172593	False	False	True
test	CP073108.1	CP122780.1	0.2601156069364161	[0.15, 0.4)	6.553333333333334	108563	120042	0.6852795151202528	0.620082970960164	0.620082970960164	97.04952176536851	0.6852795151202528	False	False	True
test	CP082669.1	CP122780.1	0.3376623376623376	[0.15, 0.4)	6.553333333333334	99345	120042	0.767919875182445	0.6352776528215125	0.6352776528215125	97.83109089004961	0.767919875182445	False	False	True
test	NZ_AP027422.1	NZ_CP088223.1	0.3341836734693877	[0.15, 0.4)	6.553333333333334	249953	277693	0.748556728664989	0.6736179882100017	0.6736179882100017	97.88656097078977	0.748556728664989	False	False	True
test	NZ_AP027422.1	NZ_CP196152.1	0.2452471482889733	[0.15, 0.4)	6.553333333333334	249953	398273	0.7162066468496078	0.4494580350663992	0.4494580350663992	97.83709552170491	0.7162066468496078	False	False	True
test	NZ_CP131687.1	NZ_AP022479.1	0.2014925373134328	[0.15, 0.4)	6.553333333333334	82641	91989	0.4448397284640796	0.39898248703649347	0.39898248703649347	98.06751384364821	0.4448397284640796	False	False	False
test	NZ_CP131687.1	NZ_CP169124.1	0.2935779816513761	[0.15, 0.4)	6.553333333333334	82641	90370	0.5061652206531867	0.46279738851388735	0.46279738851388735	98.96560678800037	0.5061652206531867	False	False	True
test	NZ_CP083889.1	NZ_CP142707.1	0.2433155080213903	[0.15, 0.4)	6.553333333333334	219996	263549	0.45029909634720633	0.375846616758174	0.375846616758174	99.39774243142635	0.45029909634720633	False	False	False
test	NZ_CP091608.1	NZ_CP142707.1	0.3271767810026385	[0.15, 0.4)	6.553333333333334	225457	263549	0.5214652904988535	0.4459967596158589	0.4459967596158589	99.51861592089715	0.5214652904988535	False	False	True
test	NZ_CP182818.1	NZ_CP141546.1	0.3552941176470588	[0.15, 0.4)	6.553333333333334	278962	348041	0.7444490647471699	0.5962171123517057	0.5962171123517057	97.53373054577085	0.7444490647471699	False	False	True
test	NZ_CP024887.1	NZ_MG299151.1	0.1828571428571428	[0.15, 0.4)	6.553333333333334	102544	109845	0.5269347792167265	0.49140152032409307	0.49140152032409307	95.67922027488238	0.5269347792167265	False	False	True
test	NZ_JAXIVF010000032.1	CP030387.1	0.3478260869565217	[0.15, 0.4)	6.553333333333334	7097	25430	1.0	0.2790798269760126	0.2790798269760126	99.817	1.0	False	False	True
test	NC_012157.1	NZ_CP132477.1	0.175	[0.15, 0.4)	6.553333333333334	26511	26517	0.9954358568141526	0.9952483312591922	0.9952483312591922	92.29160738001809	0.9954358568141526	False	False	True
test	NZ_JCDGLC010000041.1	CP043740.1	0.2074074074074074	[0.15, 0.4)	6.553333333333334	41565	113189	0.7570792734271623	0.2783309332178922	0.2783309332178922	96.67074963536054	0.7570792734271623	False	False	True
test	CP043740.1	NZ_JBYCWT010000001.1	0.2613636363636363	[0.15, 0.4)	6.553333333333334	113189	153509	0.49695641802648666	0.36590037066230646	0.36590037066230646	95.78603811062197	0.49695641802648666	False	False	False
test	CP043740.1	CP088402.1	0.1625	[0.15, 0.4)	6.553333333333334	113189	167679	0.48690243751601303	0.3287114069144019	0.3287114069144019	94.85045130998044	0.48690243751601303	False	False	False
test	CP043740.1	NZ_AP040975.1	0.173469387755102	[0.15, 0.4)	6.553333333333334	113189	113819	0.43596992640627624	0.432932990098314	0.432932990098314	95.05875884875208	0.43596992640627624	False	False	False
test	NZ_RRRW01000071.1	CP043740.1	0.1581920903954802	[0.15, 0.4)	6.553333333333334	93340	113189	0.3952217698735805	0.3261712710599087	0.3261712710599087	95.95501852202362	0.3952217698735805	False	False	False
test	NZ_CP095666.1	CP043740.1	0.1629213483146067	[0.15, 0.4)	6.553333333333334	99379	113189	0.4931726018575353	0.4336198747228088	0.4336198747228088	93.3734119164669	0.4931726018575353	False	False	False
test	CP043740.1	NZ_MW390517.1	0.185929648241206	[0.15, 0.4)	6.553333333333334	113189	118279	0.40785765401231566	0.3897141504409067	0.3897141504409067	96.4955415315432	0.40785765401231566	False	False	False
test	NZ_AP022534.1	CP043740.1	0.2105263157894736	[0.15, 0.4)	6.553333333333334	111171	113189	0.3982333522231517	0.39151330959722236	0.39151330959722236	94.30878562909288	0.3982333522231517	False	False	False
test	CP043740.1	NZ_CM017149.1	0.2156862745098039	[0.15, 0.4)	6.553333333333334	113189	153499	0.5081147461325747	0.3743998332236692	0.3743998332236692	96.13414022844842	0.5081147461325747	False	False	True
test	NZ_CP040807.1	CP043740.1	0.1707317073170731	[0.15, 0.4)	6.553333333333334	90871	113189	0.5443430797504154	0.43711844790571525	0.43711844790571525	95.1210365873336	0.5443430797504154	False	False	True
test	NZ_MG591701.1	CP043740.1	0.1779141104294478	[0.15, 0.4)	6.553333333333334	91597	113189	0.5385547561601363	0.4360406046523955	0.4360406046523955	95.27833296261095	0.5385547561601363	False	False	True
test	NZ_CP022063.1	NZ_CP024192.1	0.274914089347079	[0.15, 0.4)	6.553333333333334	173817	221606	0.5179010108332327	0.4062615633150727	0.4062615633150727	98.72279606759649	0.5179010108332327	False	False	True
test	NZ_CP006029.1	NZ_CP024192.1	0.2602040816326531	[0.15, 0.4)	6.553333333333334	64561	221606	0.8370533294093958	0.24372535039664991	0.24372535039664991	99.86861299445471	0.8370533294093958	False	False	True
test	NZ_MF042352.1	NZ_CP032893.1	0.2439024390243902	[0.15, 0.4)	6.553333333333334	119047	156442	0.4583063831931926	0.3485572927986091	0.3485572927986091	99.13692398292821	0.4583063831931926	False	False	False
test	NZ_CP139671.2	NZ_CM007910.1	0.1693548387096774	[0.15, 0.4)	6.553333333333334	33801	124845	0.8769563030679566	0.23757459249469343	0.23757459249469343	95.21024370936773	0.8769563030679566	False	False	True
test	NZ_CP135149.1	NZ_CP044159.1	0.168141592920354	[0.15, 0.4)	6.553333333333334	58662	59694	0.2051072244383076	0.2020303548095286	0.2020303548095286	97.21652191202054	0.2051072244383076	False	False	False
test	NZ_JCDGLC010000041.1	NZ_CP178695.1	0.1566265060240964	[0.15, 0.4)	6.553333333333334	41565	153819	0.7778178756165043	0.21022110402486038	0.21022110402486038	96.2858455031029	0.7778178756165043	False	False	True
test	NZ_CP132064.1	NZ_CP178695.1	0.1541850220264317	[0.15, 0.4)	6.553333333333334	139177	153819	0.4276424984013163	0.3870068067013828	0.3870068067013828	96.46120392110828	0.4276424984013163	False	False	False
test	CP122782.1	NZ_CP178695.1	0.1534391534391534	[0.15, 0.4)	6.553333333333334	69672	153819	0.5657796532322884	0.25617771536676226	0.25617771536676226	95.40691177957532	0.5657796532322884	False	False	True
test	NZ_CP191553.1	NZ_CP178695.1	0.1887755102040816	[0.15, 0.4)	6.553333333333334	107053	153819	0.5133438577153373	0.3572835605484368	0.3572835605484368	98.78412768548472	0.5133438577153373	False	False	True
test	NZ_JBFUPY010000024.1	NZ_CP178695.1	0.2209944751381215	[0.15, 0.4)	6.553333333333334	73616	153819	0.6044881547489677	0.28938557655426184	0.28938557655426184	97.78374167788246	0.6044881547489677	False	False	True
test	NZ_CP148451.1	NZ_CP084396.1	0.25	[0.15, 0.4)	6.553333333333334	2835	4167	0.21622574955908289	0.14734821214302857	0.14734821214302857	96.25408794788274	0.21622574955908289	False	False	False
test	NZ_CP101557.1	OW849481.1	0.2522522522522522	[0.15, 0.4)	6.553333333333334	46288	105977	0.5383468717594193	0.23518310576823273	0.23518310576823273	99.62707864447563	0.5383468717594193	False	False	True
test	NZ_LR890682.1	NZ_CP029585.1	0.1666666666666666	[0.15, 0.4)	6.553333333333334	5783	8809	0.28756700674390456	0.1886706777159723	0.1886706777159723	96.03566486486486	0.28756700674390456	False	False	False
test	NZ_CP125686.1	NZ_CP011988.1	0.1875	[0.15, 0.4)	6.553333333333334	4961	13841	0.8635355775045354	0.3090094646340582	0.3090094646340582	95.92227702702702	0.8635355775045354	False	False	True
test	NZ_JBUBJY010000002.1	NZ_CP092976.1	0.1828571428571428	[0.15, 0.4)	6.553333333333334	74034	122037	0.41906421373963315	0.2542917311962765	0.2542917311962765	99.10766286487534	0.41906421373963315	False	False	False
test	NZ_CP021547.1	CP089767.1	0.2539682539682539	[0.15, 0.4)	6.553333333333334	45740	68291	0.475032794053345	0.3185632074504693	0.3185632074504693	98.45135287900372	0.475032794053345	False	False	False
test	NZ_PEHU01000018.1	CP089767.1	0.2592592592592592	[0.15, 0.4)	6.553333333333334	41575	68291	0.4538063740228503	0.2792022374837094	0.2792022374837094	97.58204202648243	0.4538063740228503	False	False	False
test	NZ_CP063884.1	CP089767.1	0.16	[0.15, 0.4)	6.553333333333334	57825	68291	0.318063121487246	0.2701087991096923	0.2701087991096923	98.13018961686446	0.318063121487246	False	False	False
test	NZ_CP196097.1	CP089767.1	0.1944444444444444	[0.15, 0.4)	6.553333333333334	46176	68291	0.4412248787248787	0.29856057167123046	0.29856057167123046	97.98536361407983	0.4412248787248787	False	False	False
test	NZ_CP152448.1	CP089767.1	0.1627906976744186	[0.15, 0.4)	6.553333333333334	11970	68291	0.7731829573934837	0.1355376257486345	0.1355376257486345	94.37006276962899	0.7731829573934837	False	False	True
test	NZ_RRHQ01000168.1	NZ_QXXP01000127.1	0.1666666666666666	[0.15, 0.4)	6.553333333333334	1714	2018	0.08926487747957992	0.07581764122893954	0.07581764122893954	100.0	0.08926487747957992	False	False	False
test	NZ_OY757950.1	CP088402.1	0.3716814159292035	[0.15, 0.4)	6.553333333333334	150582	167679	0.6922540542694346	0.6218727449471908	0.6218727449471908	98.00209223487028	0.6922540542694346	False	False	True
test	NZ_AP040975.1	NZ_OY757950.1	0.1972477064220183	[0.15, 0.4)	6.553333333333334	113819	150582	0.5175937233678033	0.39147441261239724	0.39147441261239724	95.61038737397661	0.5175937233678033	False	False	True
test	NZ_MW390517.1	NZ_OY757950.1	0.390625	[0.15, 0.4)	6.553333333333334	118279	150582	0.703455389375967	0.5525228779004131	0.5525228779004131	98.28983756034296	0.703455389375967	False	False	True
test	CP057522.1	NZ_OY757950.1	0.1878172588832487	[0.15, 0.4)	6.553333333333334	86439	150582	0.5745323291569777	0.3299066289463548	0.3299066289463548	95.49742229987548	0.5745323291569777	False	False	True
test	NZ_OR388869.1	NZ_OY757950.1	0.1732673267326732	[0.15, 0.4)	6.553333333333334	94213	150582	0.588676721896129	0.36815157190102404	0.36815157190102404	94.69622876040187	0.588676721896129	False	False	True
test	NZ_CP060975.1	NZ_OY757950.1	0.2694300518134715	[0.15, 0.4)	6.553333333333334	112054	150582	0.6296606993056919	0.46845572511986827	0.46845572511986827	98.06552533635461	0.6296606993056919	False	False	True
test	NZ_AP042702.1	NZ_OY757950.1	0.1767441860465116	[0.15, 0.4)	6.553333333333334	97991	150582	0.5144043840760886	0.3347279223280339	0.3347279223280339	96.02209199453499	0.5144043840760886	False	False	True
test	NZ_CP191553.1	NZ_OY757950.1	0.2303664921465968	[0.15, 0.4)	6.553333333333334	107053	150582	0.5090749441865244	0.3620950711240387	0.3620950711240387	97.98813529756671	0.5090749441865244	False	False	True
test	NC_017659.1	NZ_OY757950.1	0.3727272727272727	[0.15, 0.4)	6.553333333333334	147060	150582	0.6566435468516252	0.6413316332629398	0.6413316332629398	98.59253700005178	0.6566435468516252	False	False	True
test	NZ_CP043297.1	NZ_OY757950.1	0.2628865979381443	[0.15, 0.4)	6.553333333333334	110724	150582	0.6362306275062317	0.46768538072279553	0.46768538072279553	98.18126546450259	0.6362306275062317	False	False	True
test	NZ_JBFUPY010000024.1	NZ_OY757950.1	0.1798941798941798	[0.15, 0.4)	6.553333333333334	73616	150582	0.6090795479243643	0.2979506182677876	0.2979506182677876	95.83186481016035	0.6090795479243643	False	False	True
test	NZ_CP042511.1	NZ_CP148915.1	0.1666666666666666	[0.15, 0.4)	6.553333333333334	2495	3796	0.22284569138276553	0.1469968387776607	0.1469968387776607	89.624	0.22284569138276553	False	False	False
test	NZ_CP138727.1	NZ_CP141546.1	0.345707656612529	[0.15, 0.4)	6.553333333333334	277344	348041	0.7260333737163955	0.5782106131174201	0.5782106131174201	97.52917193417272	0.7260333737163955	False	False	True
test	NZ_JCDGLC010000041.1	CP088402.1	0.1505376344086021	[0.15, 0.4)	6.553333333333334	41565	167679	0.7775772885841453	0.19280887886974518	0.19280887886974518	96.21317055843834	0.7775772885841453	False	False	True
test	NZ_JCDGLC010000041.1	NZ_JBTZPL010000001.1	0.1716417910447761	[0.15, 0.4)	6.553333333333334	41565	105623	0.7629736557199567	0.30088143680827095	0.30088143680827095	94.64927004140007	0.7629736557199567	False	False	True
test	NZ_JCDGLC010000041.1	NZ_CP169108.1	0.2727272727272727	[0.15, 0.4)	6.553333333333334	41565	74529	0.7604474918801877	0.4239557756041272	0.4239557756041272	96.33635588402501	0.7604474918801877	False	False	True
test	NZ_JCDGLC010000041.1	NZ_AP042702.1	0.2076923076923077	[0.15, 0.4)	6.553333333333334	41565	97991	0.7522434740767473	0.3191619638538233	0.3191619638538233	95.57408421824675	0.7522434740767473	False	False	True
test	NZ_JCDGLC010000041.1	NZ_JBRAXZ010000003.1	0.1575342465753424	[0.15, 0.4)	6.553333333333334	41565	118098	0.7656441717791411	0.2701315856322715	0.2701315856322715	94.56836352272015	0.7656441717791411	False	False	True
test	NZ_CP028152.1	NZ_OM048934.1	0.1889763779527559	[0.15, 0.4)	6.553333333333334	56636	118931	0.7837064764460767	0.3752259713615458	0.3752259713615458	99.17602909489997	0.7837064764460767	False	False	True
test	NZ_CP084846.1	NZ_CP141569.1	0.1901140684410646	[0.15, 0.4)	6.553333333333334	101892	194326	0.5009029168138813	0.2626411288247584	0.2626411288247584	97.6529487355152	0.5009029168138813	False	False	True
test	NZ_CP101766.1	NZ_CP141569.1	0.1977611940298507	[0.15, 0.4)	6.553333333333334	127176	194326	0.379804365603573	0.24861315521340427	0.24861315521340427	98.63674308586558	0.379804365603573	False	False	False
test	NZ_JAHQYP010000015.1	NZ_CP141569.1	0.173728813559322	[0.15, 0.4)	6.553333333333334	81298	194326	0.5736303476100273	0.2400090569455451	0.2400090569455451	96.77553628246578	0.5736303476100273	False	False	True
test	NZ_PQ667066.1	NZ_CP141569.1	0.1760797342192691	[0.15, 0.4)	6.553333333333334	180007	194326	0.40799524462937553	0.3779525127877896	0.3779525127877896	97.23031700017685	0.40799524462937553	False	False	False
test	NZ_AP042698.1	NZ_JBTHVH010000001.1	0.384	[0.15, 0.4)	6.553333333333334	97775	97926	0.7366709281513679	0.7356166901537896	0.7356166901537896	97.78444143394236	0.7366709281513679	False	False	True
test	CP122782.1	NZ_JBYCWT010000001.1	0.2708333333333333	[0.15, 0.4)	6.553333333333334	69672	153509	0.7272361924445976	0.33007185246467635	0.33007185246467635	95.78396685833566	0.7272361924445976	False	False	True
test	NZ_MW390517.1	NZ_JBYCWT010000001.1	0.2299465240641711	[0.15, 0.4)	6.553333333333334	118279	153509	0.4269312388505145	0.32909471105928645	0.32909471105928645	96.54316453645723	0.4269312388505145	False	False	False
test	NZ_CP192622.1	NZ_JBYCWT010000001.1	0.2239583333333333	[0.15, 0.4)	6.553333333333334	125195	153509	0.467981948160869	0.38154114742458095	0.38154114742458095	96.93636406055757	0.467981948160869	False	False	False
test	NZ_CP057239.1	NZ_JBYCWT010000001.1	0.1800947867298578	[0.15, 0.4)	6.553333333333334	145940	153509	0.3808277374263396	0.3622719189102919	0.3622719189102919	95.32740935588598	0.3808277374263396	False	False	False
test	NZ_CP043297.1	NZ_JBYCWT010000001.1	0.2023121387283237	[0.15, 0.4)	6.553333333333334	110724	153509	0.4818377226256277	0.34775811190223377	0.34775811190223377	96.40963452260743	0.4818377226256277	False	False	False
test	NZ_MG591701.1	NZ_JBYCWT010000001.1	0.24	[0.15, 0.4)	6.553333333333334	91597	153509	0.5999432295817548	0.3578812968620732	0.3578812968620732	95.37652799854837	0.5999432295817548	False	False	True
test	CP122782.1	NZ_AP018457.1	0.1642857142857142	[0.15, 0.4)	6.553333333333334	69672	86535	0.513506143070387	0.4138325533021321	0.4138325533021321	94.06650473326653	0.513506143070387	False	False	True
test	NZ_AP018457.1	NZ_JBTZPL010000001.1	0.3517241379310344	[0.15, 0.4)	6.553333333333334	86535	105623	0.7084185589645808	0.5802902776857314	0.5802902776857314	97.16613720157638	0.7084185589645808	False	False	True
test	NZ_AP018457.1	NZ_JALEBI010000023.1	0.2285714285714285	[0.15, 0.4)	6.553333333333334	86535	86591	0.6142370139250014	0.6127773094201476	0.6127773094201476	96.05072829898549	0.6142370139250014	False	False	True
test	CP056818.1	NZ_CP184146.1	0.1656441717791411	[0.15, 0.4)	6.553333333333334	84644	174759	0.7331529700864798	0.3551405077850068	0.3551405077850068	93.09035557269573	0.7331529700864798	False	False	True
test	CP054459.1	NZ_CP184146.1	0.18562874251497	[0.15, 0.4)	6.553333333333334	83055	174759	0.7876346998976582	0.37429831939985925	0.37429831939985925	92.9384382020759	0.7876346998976582	False	False	True
test	NZ_CP146671.1	NZ_CP184146.1	0.1705882352941176	[0.15, 0.4)	6.553333333333334	86055	174759	0.7521004009063971	0.3704988012062326	0.3704988012062326	92.96902382675928	0.7521004009063971	False	False	True
test	NZ_MH785245.1	NZ_CP191250.1	0.25	[0.15, 0.4)	6.553333333333334	2036	3100	0.5834970530451866	0.3825806451612903	0.3825806451612903	85.97847439126785	0.5834970530451866	False	False	True
test	OW969701.1	NC_003114.1	0.1666666666666666	[0.15, 0.4)	6.553333333333334	2495	3172	0.21362725450901804	0.1746532156368222	0.1746532156368222	83.542	0.21362725450901804	False	False	False
test	NZ_CP060978.1	NC_018997.1	0.2142857142857142	[0.15, 0.4)	6.553333333333334	6647	7930	0.49435835715360316	0.410718789407314	0.410718789407314	92.13507895535986	0.49435835715360316	False	False	False
test	NZ_JBRERM010000006.1	NZ_CP060978.1	0.2	[0.15, 0.4)	6.553333333333334	5271	6647	0.6150635553025992	0.4921017000150444	0.4921017000150444	92.43201068050044	0.6150635553025992	False	False	True
test	NC_032101.1	OW849481.1	0.3727272727272727	[0.15, 0.4)	6.553333333333334	58120	105977	0.7157432897453544	0.39233984732536303	0.39233984732536303	98.7607701083171	0.7157432897453544	False	False	True
test	NZ_CP040265.1	CP088402.1	0.1624365482233502	[0.15, 0.4)	6.553333333333334	73952	167679	0.6490020553872783	0.28644016245325893	0.28644016245325893	94.70027909585738	0.6490020553872783	False	False	True
test	NZ_RRRW01000071.1	CP088402.1	0.1583710407239819	[0.15, 0.4)	6.553333333333334	93340	167679	0.4803514034711806	0.2681313700582661	0.2681313700582661	96.57665835832499	0.4803514034711806	False	False	False
test	NZ_AP026795.1	CP088402.1	0.2124542124542124	[0.15, 0.4)	6.553333333333334	165477	167679	0.45698798020268677	0.4510045980713148	0.4510045980713148	96.14434571941307	0.45698798020268677	False	False	False
test	NZ_CP119738.1	CP088402.1	0.1936936936936936	[0.15, 0.4)	6.553333333333334	100423	167679	0.5560379594316043	0.3332200215888692	0.3332200215888692	95.1983648267238	0.5560379594316043	False	False	True
test	NZ_CP089446.1	CP088402.1	0.2521739130434782	[0.15, 0.4)	6.553333333333334	129071	167679	0.6228664843380775	0.47986331025352014	0.47986331025352014	96.25172827853093	0.6228664843380775	False	False	True
test	CP101962.1	CP088402.1	0.202020202020202	[0.15, 0.4)	6.553333333333334	82673	167679	0.6566472729911821	0.3256877724700171	0.3256877724700171	96.4128702715544	0.6566472729911821	False	False	True
test	NZ_JAQMUU010000004.1	CP088402.1	0.2285714285714285	[0.15, 0.4)	6.553333333333334	101631	167679	0.6127756294831301	0.37176390603474496	0.37176390603474496	96.92141097887198	0.6127756294831301	False	False	True
test	NZ_CP156664.1	CP088402.1	0.2100456621004566	[0.15, 0.4)	6.553333333333334	96210	167679	0.61656792433219	0.35372944733687584	0.35372944733687584	96.80720326516872	0.61656792433219	False	False	True
test	NZ_CP191553.1	CP088402.1	0.1697247706422018	[0.15, 0.4)	6.553333333333334	107053	167679	0.4919806077363549	0.31418961229492065	0.31418961229492065	97.47135413981344	0.4919806077363549	False	False	False
test	NZ_CP026579.1	CP088402.1	0.2488479262672811	[0.15, 0.4)	6.553333333333334	100229	167679	0.7057737780482695	0.4220922119048897	0.4220922119048897	95.98031466854725	0.7057737780482695	False	False	True
test	NC_017659.1	CP088402.1	0.376068376068376	[0.15, 0.4)	6.553333333333334	147060	167679	0.6715966272269822	0.5892628176456205	0.5892628176456205	98.92971878572077	0.6715966272269822	False	False	True
test	NZ_CP135667.1	CP088402.1	0.2210526315789473	[0.15, 0.4)	6.553333333333334	76366	167679	0.8005002226121573	0.3643091860042104	0.3643091860042104	95.27377413719921	0.8162108026905223	True	False	True
test	NZ_CP103748.1	NZ_CP087576.1	0.3972602739726027	[0.15, 0.4)	6.553333333333334	50937	51705	0.7692639927753893	0.7562324726815588	0.7562324726815588	98.10630222006985	0.7692639927753893	False	False	True
test	NZ_CP103748.1	NZ_CP133928.1	0.1746031746031746	[0.15, 0.4)	6.553333333333334	50937	100835	0.6460922315801872	0.32533346556255266	0.32533346556255266	97.96179682279326	0.6460922315801872	False	False	True
test	NZ_CP103748.1	CP082669.1	0.2434782608695652	[0.15, 0.4)	6.553333333333334	50937	99345	0.6959970159216287	0.35590115254919724	0.35590115254919724	97.40899200157716	0.6959970159216287	False	False	True
test	NZ_CP103748.1	NZ_CP043828.1	0.2288135593220339	[0.15, 0.4)	6.553333333333334	50937	97743	0.689930698706245	0.3583172196474428	0.3583172196474428	96.8973849301057	0.689930698706245	False	False	True
test	CP122782.1	NZ_CP040265.1	0.2990654205607476	[0.15, 0.4)	6.553333333333334	69672	73952	0.7249971294063612	0.6837408048463869	0.6837408048463869	94.94037433450328	0.7249971294063612	False	False	True
test	NZ_CP040265.1	NZ_OP378628.1	0.1727272727272727	[0.15, 0.4)	6.553333333333334	73952	74826	0.6395499783643445	0.6320263010183625	0.6320263010183625	93.02064893079643	0.6395499783643445	False	False	True
test	NZ_CP040265.1	CP101962.1	0.2017543859649122	[0.15, 0.4)	6.553333333333334	73952	82673	0.5992400475984422	0.5360637693079966	0.5360637693079966	94.64528368858178	0.5992400475984422	False	False	True
test	NZ_CP040265.1	CP057522.1	0.224	[0.15, 0.4)	6.553333333333334	73952	86439	0.600592276070965	0.5138074248892283	0.5138074248892283	95.07574606882918	0.600592276070965	False	False	True
test	NZ_CP125122.1	NZ_PQ126489.1	0.3358662613981762	[0.15, 0.4)	6.553333333333334	333411	612637	0.7931981848229362	0.431647125459285	0.431647125459285	99.08423592371712	0.7931981848229362	False	False	True
test	NZ_CP125122.1	NZ_CP176937.1	0.1934900542495479	[0.15, 0.4)	6.553333333333334	333411	345230	0.37786695699901923	0.3647423456825884	0.3647423456825884	98.40456176111206	0.37786695699901923	False	False	False
test	NZ_CP082766.1	NZ_CP125122.1	0.2647814910025707	[0.15, 0.4)	6.553333333333334	199279	333411	0.6245715805478751	0.37348197869896316	0.37348197869896316	98.3710101383894	0.6245715805478751	False	False	True
test	NZ_CP138727.1	NZ_CP125122.1	0.2772727272727273	[0.15, 0.4)	6.553333333333334	277344	333411	0.6006944444444444	0.4993446526959219	0.4993446526959219	97.64480980676386	0.6006944444444444	False	False	True
test	CP124644.1	JX469831.1	0.1546391752577319	[0.15, 0.4)	6.553333333333334	53481	54342	0.17983956919279745	0.17697177137389128	0.17697177137389128	98.4937779970912	0.17983956919279745	False	False	False
test	NZ_CP125141.1	NZ_CP107486.1	0.2	[0.15, 0.4)	6.553333333333334	9294	10060	0.7734021949644933	0.7148111332007953	0.7148111332007953	93.29061244617307	0.7734021949644933	False	False	True
test	NZ_CP107486.1	NZ_OZ066665.1	0.1666666666666666	[0.15, 0.4)	6.553333333333334	10060	39395	0.6142147117296223	0.15679654778525193	0.15679654778525193	92.95784590534646	0.6142147117296223	False	False	True
test	NZ_CP151758.1	NZ_CP086762.1	0.2162162162162162	[0.15, 0.4)	6.553333333333334	53097	296148	0.9530481948132663	0.17088752920836878	0.17088752920836878	99.9844009445147	0.9530481948132663	False	False	True
test	OW849024.1	NZ_PQ126489.1	0.2	[0.15, 0.4)	6.553333333333334	242397	612637	0.6899012776560766	0.27286957855957117	0.27286957855957117	98.64987004984518	0.6899012776560766	False	False	True
test	NZ_LR134211.1	NZ_PQ126489.1	0.1706948640483383	[0.15, 0.4)	6.553333333333334	205331	612637	0.7068976433173754	0.23706697440735705	0.23706697440735705	97.5336758051197	0.7068976433173754	False	False	True
test	NZ_CP084846.1	NZ_CP080351.1	0.1653543307086614	[0.15, 0.4)	6.553333333333334	101892	193800	0.42547010560201	0.2236326109391125	0.2236326109391125	96.83384590035489	0.42547010560201	False	False	False
test	NZ_CP184004.1	RefSeq_NZ_VKNT01000070.1	0.25	[0.15, 0.4)	6.553333333333334	45802	58447	0.4517051657132876	0.35432100877718276	0.35432100877718276	97.87823060230505	0.4517051657132876	True	False	False
test	RefSeq_NZ_VKNT01000070.1	NZ_JBYLRL020000002.1	0.1584158415841584	[0.15, 0.4)	6.553333333333334	58447	172405	0.5447841634301162	0.1844494069197529	0.1844494069197529	99.39745713030379	0.5748031496062992	True	False	True
test	NZ_CP073977.1	NZ_OK649970.1	0.3453038674033149	[0.15, 0.4)	6.553333333333334	241691	261511	0.7083507453732245	0.654779340066001	0.654779340066001	97.83676958896433	0.7083507453732245	False	False	True
test	NZ_KT448817.1	CP130850.1	0.2	[0.15, 0.4)	6.553333333333334	28489	37860	0.4234265856997438	0.31885895404120446	0.31885895404120446	99.60242737661477	0.4234265856997438	False	False	False
test	NZ_JBJUTL010000011.1	NZ_KT448817.1	0.3461538461538461	[0.15, 0.4)	6.553333333333334	26925	28489	0.5124976787372331	0.48439748674927163	0.48439748674927163	97.92200586573973	0.5124976787372331	False	False	True
test	NZ_OL891654.1	CP067788.1	0.1739130434782608	[0.15, 0.4)	6.553333333333334	10059	13841	0.6340590515955861	0.46066035691062784	0.46066035691062784	93.06765492957746	0.6340590515955861	False	False	True
test	NZ_CP087574.1	NZ_CP145702.1	0.1666666666666666	[0.15, 0.4)	6.553333333333334	4072	4074	1.0	1.0	1.0	96.79361625061183	1.0	False	False	True
test	NZ_JCAWDY010000002.1	NZ_JBSJBU010000003.1	0.1818181818181818	[0.15, 0.4)	6.553333333333334	61509	63107	0.35666325253214975	0.3477744148826596	0.3477744148826596	97.215220730764	0.35666325253214975	False	False	False
test	NZ_CP063884.1	NZ_JCAWDY010000002.1	0.375	[0.15, 0.4)	6.553333333333334	57825	61509	0.5147946389969736	0.4792306816888585	0.4792306816888585	99.476555574194	0.5147946389969736	False	False	True
test	NZ_CP101204.1	NZ_CP148344.1	0.3157894736842105	[0.15, 0.4)	6.553333333333334	6648	10681	0.9724729241877257	0.6048122834940549	0.6048122834940549	92.64835984555985	0.9724729241877257	False	False	True
test	NZ_CP107331.1	NZ_CP138438.1	0.271523178807947	[0.15, 0.4)	6.553333333333334	84876	97656	0.6359394881945426	0.5521422134840666	0.5521422134840666	97.8767955946321	0.6359394881945426	False	False	True
test	NZ_CP022458.1	NZ_CP024887.1	0.2030075187969924	[0.15, 0.4)	6.553333333333334	55820	102544	0.5995163024005733	0.3265817600249649	0.3265817600249649	97.43567917448406	0.5995163024005733	False	False	True
test	NZ_JBZGES010000003.1	NZ_CP047280.1	0.240625	[0.15, 0.4)	6.553333333333334	162786	262422	0.5897988770533092	0.36592968577329643	0.36592968577329643	98.47839882810874	0.5897988770533092	False	False	True
test	NZ_CP129815.1	NZ_CP047280.1	0.1986970684039088	[0.15, 0.4)	6.553333333333334	146394	262422	0.5755427134991872	0.3211354230971489	0.3211354230971489	99.09855932525089	0.5755427134991872	False	False	True
test	CP122782.1	NZ_CP132064.1	0.2125	[0.15, 0.4)	6.553333333333334	69672	139177	0.684263405672293	0.3419817929686658	0.3419817929686658	95.43341833768949	0.684263405672293	False	False	True
test	NZ_AP040975.1	NZ_CP132064.1	0.1809045226130653	[0.15, 0.4)	6.553333333333334	113819	139177	0.47289116931268066	0.3867808617803229	0.3867808617803229	96.5598652918923	0.47289116931268066	False	False	False
test	NZ_CP132064.1	NZ_CP107173.1	0.1558441558441558	[0.15, 0.4)	6.553333333333334	139177	149268	0.4206442156390783	0.3928638422166841	0.3928638422166841	94.63710676586763	0.4206442156390783	False	False	False
test	NZ_CP089446.1	NZ_CP132064.1	0.1862745098039215	[0.15, 0.4)	6.553333333333334	129071	139177	0.4712600041837438	0.43698312221128494	0.43698312221128494	94.24424286674208	0.4712600041837438	False	False	False
test	NZ_JBRAXZ010000003.1	NZ_CP132064.1	0.1890547263681592	[0.15, 0.4)	6.553333333333334	118098	139177	0.5213128080069095	0.44235038835439766	0.44235038835439766	94.11402857189111	0.5213128080069095	False	False	True
test	CP057191.1	NZ_CP132064.1	0.3478260869565217	[0.15, 0.4)	6.553333333333334	102988	139177	0.8346700586476095	0.6177098227437005	0.6177098227437005	97.02640753814356	0.8346700586476095	False	False	True
test	NZ_JBTZPY010000011.1	NZ_RRLX01000099.1	0.3333333333333333	[0.15, 0.4)	6.553333333333334	687	2340	0.2197962154294032	0.06452991452991454	0.06452991452991454	97.351	0.2197962154294032	False	False	False
test	NZ_AP022361.1	NZ_JBUBIP010000002.1	0.1746031746031746	[0.15, 0.4)	6.553333333333334	148581	150224	0.3818590533109886	0.37756949621897967	0.37756949621897967	96.36919474350854	0.3818590533109886	False	False	False
test	NZ_AP022361.1	NZ_AP026795.1	0.3264462809917355	[0.15, 0.4)	6.553333333333334	148581	165477	0.5627099023428298	0.5055929222792291	0.5055929222792291	97.86683228093631	0.5627099023428298	False	False	True
test	NZ_CP119738.1	NZ_AP022361.1	0.1860465116279069	[0.15, 0.4)	6.553333333333334	100423	148581	0.5508598627804387	0.3719318082392769	0.3719318082392769	95.6761692371521	0.5508598627804387	False	False	True
test	NZ_AP022361.1	NZ_JBSTQQ010000002.1	0.2154471544715447	[0.15, 0.4)	6.553333333333334	148581	156753	0.5170378446773141	0.4899810529942011	0.4899810529942011	96.6841270447606	0.5170378446773141	False	False	True
test	NZ_PP129611.1	NZ_AP022361.1	0.1618497109826589	[0.15, 0.4)	6.553333333333334	63468	148581	0.6573076195878238	0.2807559512992913	0.2807559512992913	97.39828379607467	0.6573076195878238	False	False	True
test	NZ_JABWHZ010000057.1	NZ_AP022361.1	0.2294372294372294	[0.15, 0.4)	6.553333333333334	139873	148581	0.4538617174150837	0.4272349762082635	0.4272349762082635	97.89333702795332	0.4538617174150837	False	False	False
test	CP122782.1	NZ_JBTZPL010000001.1	0.2281879194630872	[0.15, 0.4)	6.553333333333334	69672	105623	0.6963486048914915	0.45983355897863154	0.45983355897863154	94.89686996611563	0.6963486048914915	False	False	True
test	CP122782.1	NZ_OP378628.1	0.25	[0.15, 0.4)	6.553333333333334	69672	74826	0.70618038810426	0.6577125598054152	0.6577125598054152	93.49447429357946	0.70618038810426	False	False	True
test	CP122782.1	NZ_AP040975.1	0.232258064516129	[0.15, 0.4)	6.553333333333334	69672	113819	0.7015443793776553	0.4290759890703661	0.4290759890703661	95.3971622068459	0.7015443793776553	False	False	True
test	CP122782.1	NZ_CP107173.1	0.2185792349726776	[0.15, 0.4)	6.553333333333334	69672	149268	0.732776438167413	0.3423171744781199	0.3423171744781199	94.74187234707225	0.732776438167413	False	False	True
test	CP122782.1	NZ_CP119738.1	0.25	[0.15, 0.4)	6.553333333333334	69672	100423	0.6309277758640487	0.43798731366320465	0.43798731366320465	94.12405223322534	0.6309277758640487	False	False	True
test	CP122782.1	NZ_CP169108.1	0.3142857142857143	[0.15, 0.4)	6.553333333333334	69672	74529	0.6768716270524745	0.6326530612244898	0.6326530612244898	95.64010475545778	0.6768716270524745	False	False	True
test	CP122782.1	NZ_CP060975.1	0.1986301369863013	[0.15, 0.4)	6.553333333333334	69672	112054	0.5586605810081525	0.34726114194941726	0.34726114194941726	95.37664686907989	0.5586605810081525	False	False	True
test	CP122782.1	NZ_CP156664.1	0.2962962962962963	[0.15, 0.4)	6.553333333333334	69672	96210	0.6965208405098174	0.5047708138447147	0.5047708138447147	95.92171016190007	0.6965208405098174	False	False	True
test	CP122782.1	CP057191.1	0.2627737226277372	[0.15, 0.4)	6.553333333333334	69672	102988	0.7033672063382708	0.4758515555210316	0.4758515555210316	95.54215598029639	0.7033672063382708	False	False	True
test	NZ_CP196661.1	NZ_PQ667066.1	0.1732673267326732	[0.15, 0.4)	6.553333333333334	95080	180007	0.48474968447623057	0.25634558656052264	0.25634558656052264	96.48657743429884	0.48474968447623057	False	False	False
test	NZ_NBOP01000105.1	NZ_CP115709.1	0.2105263157894736	[0.15, 0.4)	6.553333333333334	44421	119165	0.8603363274127102	0.3207988922921999	0.3207988922921999	97.12214768925136	0.8603363274127102	False	False	True
test	NZ_CP115709.1	NZ_JBTAPC010000002.1	0.1791044776119403	[0.15, 0.4)	6.553333333333334	119165	126207	0.42412621155540636	0.4003502182921708	0.4003502182921708	96.05420535061546	0.42412621155540636	False	False	False
test	CP052164.1	NZ_CP115709.1	0.3624161073825503	[0.15, 0.4)	6.553333333333334	92461	119165	0.6648857356074453	0.5159149079008098	0.5159149079008098	98.3992857769617	0.6648857356074453	False	False	True
test	NZ_CP134504.1	NZ_CP072939.1	0.3891509433962264	[0.15, 0.4)	6.553333333333334	207184	384269	0.935134952505985	0.5049093213347942	0.5049093213347942	98.65392957428121	0.935134952505985	False	False	True
test	NZ_CP134504.1	NZ_JBXSEZ010000002.1	0.3677248677248677	[0.15, 0.4)	6.553333333333334	207184	287195	0.8402482817205962	0.606271000539703	0.606271000539703	97.8329971299666	0.8402482817205962	False	False	True
test	NZ_CM017184.1	NZ_CP184004.1	0.3432835820895522	[0.15, 0.4)	6.553333333333334	43405	45802	0.40525285105402603	0.38356403650495613	0.38356403650495613	99.07393857256505	0.40525285105402603	False	False	False
test	NZ_CM017184.1	NZ_CP129713.1	0.2314049586776859	[0.15, 0.4)	6.553333333333334	43405	106834	0.5956456629420573	0.2418331242862759	0.2418331242862759	99.85704110277628	0.5956456629420573	False	False	True
test	CP101962.1	NZ_JBTZPL010000001.1	0.1907894736842105	[0.15, 0.4)	6.553333333333334	82673	105623	0.6362536741136767	0.4995692226124992	0.4995692226124992	95.3130124912731	0.6362536741136767	False	False	True
test	NZ_OR388869.1	NZ_JBTZPL010000001.1	0.1695906432748538	[0.15, 0.4)	6.553333333333334	94213	105623	0.5639455276872618	0.5034888234570122	0.5034888234570122	95.12868216125106	0.5639455276872618	False	False	True
test	NZ_JBTZPL010000001.1	NZ_CP195365.1	0.3485714285714286	[0.15, 0.4)	6.553333333333334	105623	137286	0.6783749751474584	0.5216336698570867	0.5216336698570867	98.01894546595109	0.6783749751474584	False	False	True
test	NZ_CM017149.1	NZ_CP083889.1	0.3027888446215139	[0.15, 0.4)	6.553333333333334	153499	219996	0.571730108990938	0.3990799832724231	0.3990799832724231	98.90471016439729	0.571730108990938	False	False	True
test	NZ_CP014496.1	NZ_CP189450.1	0.1928934010152284	[0.15, 0.4)	6.553333333333334	114223	125383	0.39652259177223503	0.36156416739111363	0.36156416739111363	97.63717223763597	0.39652259177223503	False	False	False
test	NZ_CP060975.1	NZ_CP189450.1	0.1935483870967742	[0.15, 0.4)	6.553333333333334	112054	125383	0.4288111089296232	0.3832896006635668	0.3832896006635668	98.27482281901513	0.4288111089296232	False	False	False
test	NZ_CP098439.1	NZ_CP189450.1	0.2063492063492063	[0.15, 0.4)	6.553333333333334	109442	125383	0.47073335648105846	0.40897888868506893	0.40897888868506893	98.18241059999613	0.47073335648105846	False	False	False
test	CP088721.1	NZ_OP378628.1	0.1666666666666666	[0.15, 0.4)	6.553333333333334	17698	74826	0.7466945417561306	0.1769438430492075	0.1769438430492075	95.73317678100263	0.7466945417561306	False	False	True
test	NZ_OP378628.1	NZ_JBSTQQ010000002.1	0.154696132596685	[0.15, 0.4)	6.553333333333334	74826	156753	0.6440007484029615	0.3072540876410659	0.3072540876410659	94.02765168911232	0.6440007484029615	False	False	True
test	NZ_OP378628.1	NZ_CP192622.1	0.1851851851851851	[0.15, 0.4)	6.553333333333334	74826	125195	0.6867399032421886	0.4099364990614641	0.4099364990614641	93.9707152719868	0.6867399032421886	False	False	True
test	NZ_OP378628.1	NZ_JBRAXZ010000003.1	0.2758620689655172	[0.15, 0.4)	6.553333333333334	74826	118098	0.7232512762943362	0.4563328760859625	0.4563328760859625	96.64377554478973	0.7232512762943362	False	False	True
test	NZ_OP378628.1	NZ_CP040807.1	0.2882882882882883	[0.15, 0.4)	6.553333333333334	74826	90871	0.6701413947023762	0.5531247592741358	0.5531247592741358	94.59374300168635	0.6701413947023762	False	False	True
test	NZ_CP074870.1	NZ_CP145710.1	0.371900826446281	[0.15, 0.4)	6.553333333333334	92785	95144	0.7914964703346447	0.7724606911628689	0.7724606911628689	97.42765931945426	0.7914964703346447	False	False	True
test	NZ_CP074870.1	NZ_AP028843.1	0.3571428571428571	[0.15, 0.4)	6.553333333333334	92785	137403	0.7452066605593577	0.5037954047582658	0.5037954047582658	98.53898315263682	0.7452066605593577	False	False	True
test	CP082724.1	NZ_CP074870.1	0.1946902654867256	[0.15, 0.4)	6.553333333333334	53499	92785	0.7557711359090824	0.4358463113649836	0.4358463113649836	97.45583208595778	0.7557711359090824	False	False	True
test	NZ_CP085077.1	NZ_CP169909.1	0.1524390243902439	[0.15, 0.4)	6.553333333333334	56811	155489	0.6419707451021809	0.23437027699708662	0.23437027699708662	97.41161317007698	0.6419707451021809	False	False	True
test	NZ_CP085077.1	CP082669.1	0.2612612612612612	[0.15, 0.4)	6.553333333333334	56811	99345	0.6627237682843111	0.379062861744426	0.379062861744426	97.25063758816354	0.6627237682843111	False	False	True
test	NZ_CP087576.1	NZ_KX246268.1	0.2178217821782178	[0.15, 0.4)	6.553333333333334	51705	86207	0.7091964026689875	0.42632268841277393	0.42632268841277393	97.25343662048355	0.7091964026689875	False	False	True
test	NZ_CP189869.1	NZ_CP032893.1	0.2341463414634146	[0.15, 0.4)	6.553333333333334	110729	156442	0.45678187286076816	0.3231421229593076	0.3231421229593076	99.33752609211305	0.45678187286076816	False	False	False
test	CP056818.1	NZ_CP146671.1	0.3529411764705882	[0.15, 0.4)	6.553333333333334	84644	86055	0.8173763054676055	0.8045900877345884	0.8045900877345884	96.65263231266037	0.8173763054676055	False	False	True
test	NZ_CP049847.1	NZ_JBTHVH010000001.1	0.3709677419354839	[0.15, 0.4)	6.553333333333334	90408	97926	0.7876072913901425	0.728887118844842	0.728887118844842	97.31950032895196	0.7876072913901425	False	False	True
test	NZ_OZ542763.1	LR962847.1	0.2992125984251969	[0.15, 0.4)	6.553333333333334	60054	97574	0.5786791887301429	0.3565806464836944	0.3565806464836944	99.29306868802989	0.5786791887301429	False	False	True
test	NZ_CP069854.1	CP109680.1	0.1544715447154471	[0.15, 0.4)	6.553333333333334	137344	155247	0.40726933830382106	0.3607799184525305	0.3607799184525305	96.76672920047797	0.40726933830382106	False	False	False
test	NZ_CP146851.1	OW848843.1	0.1634615384615384	[0.15, 0.4)	6.553333333333334	138872	252697	0.48266029149144535	0.26531379478189293	0.26531379478189293	96.42708542376919	0.48266029149144535	False	False	False
test	CP067475.1	OW848843.1	0.3934426229508196	[0.15, 0.4)	6.553333333333334	216181	252697	0.6031658656403662	0.5158628713439416	0.5158628713439416	98.51057947141696	0.6031658656403662	False	False	True
test	NZ_CP068342.1	NZ_AP018454.1	0.2786885245901639	[0.15, 0.4)	6.553333333333334	63675	78997	0.8874283470749902	0.714520804587516	0.714520804587516	97.2265848141313	0.8874283470749902	False	False	True
test	NZ_CP101766.1	NZ_CP097707.1	0.34	[0.15, 0.4)	6.553333333333334	127176	159393	0.6591337988299679	0.5259453050008469	0.5259453050008469	99.04408517004207	0.6591337988299679	False	False	True
test	NZ_CP095666.1	NZ_CP097707.1	0.1571428571428571	[0.15, 0.4)	6.553333333333334	99379	159393	0.5966049165316616	0.372287365191696	0.372287365191696	95.72132941453486	0.5966049165316616	False	False	True
test	NZ_CP040807.1	NZ_CP097707.1	0.3734939759036144	[0.15, 0.4)	6.553333333333334	90871	159393	0.8044150499059106	0.4584893941390149	0.4584893941390149	99.90600017776806	0.8044150499059106	False	False	True
test	NZ_CP123972.1	NZ_CP062072.1	0.1683673469387755	[0.15, 0.4)	6.553333333333334	215206	274836	0.5687666700742544	0.44499265016227857	0.44499265016227857	96.71971325116695	0.5687666700742544	False	False	True
test	NZ_CP123972.1	NZ_CP160870.1	0.2312138728323699	[0.15, 0.4)	6.553333333333334	215206	242545	0.5311469011087051	0.47096002803603454	0.47096002803603454	96.98555069667552	0.5311469011087051	False	False	True
test	NZ_MF344559.1	OW849481.1	0.39	[0.15, 0.4)	6.553333333333334	42279	105977	0.8657016485725774	0.3454523151249799	0.3454523151249799	99.9511239897335	0.8657016485725774	False	False	True
test	NZ_CP125141.1	NZ_CP107491.1	0.2	[0.15, 0.4)	6.553333333333334	9294	10060	0.7820098988594792	0.7227634194831014	0.7227634194831014	93.28218161835417	0.7820098988594792	False	False	True
test	NZ_CP125141.1	NZ_CP054742.1	0.1666666666666666	[0.15, 0.4)	6.553333333333334	9294	11970	0.7799655691844201	0.605764411027569	0.605764411027569	93.31871056619367	0.7799655691844201	False	False	True
test	NZ_CP125141.1	NZ_CP152448.1	0.1666666666666666	[0.15, 0.4)	6.553333333333334	9294	11970	0.7799655691844201	0.605764411027569	0.605764411027569	93.3190049593608	0.7799655691844201	False	False	True
test	CP057169.1	NZ_CP180667.1	0.2	[0.15, 0.4)	6.553333333333334	4076	4544	0.4654072620215898	0.4179137323943662	0.4179137323943662	88.15579012987014	0.4654072620215898	False	False	False
test	NZ_JAMYDH010000215.1	NZ_CP135257.1	0.2	[0.15, 0.4)	6.553333333333334	253	4921	1.0	0.051412314570209304	0.051412314570209304	99.605	1.0	False	False	True
test	NZ_RRRW01000071.1	NZ_AP040975.1	0.15	[0.15, 0.4)	6.553333333333334	93340	113819	0.40331047782301266	0.330709284038693	0.330709284038693	95.59933011869435	0.40331047782301266	False	False	False
test	NC_010487.1	NZ_JCBEAH010000002.1	0.1666666666666666	[0.15, 0.4)	6.553333333333334	3565	7162	0.3093969144460028	0.15400726054174813	0.15400726054174813	89.44094942324756	0.3093969144460028	False	False	False
test	NC_010487.1	NZ_LR890682.1	0.1666666666666666	[0.15, 0.4)	6.553333333333334	3565	5783	0.2673211781206171	0.16427459795953658	0.16427459795953658	86.99307180020813	0.2673211781206171	False	False	False
test	NZ_CP083020.1	NC_010487.1	0.25	[0.15, 0.4)	6.553333333333334	3541	3565	0.2733691047726631	0.2732117812061711	0.2732117812061711	86.76153767820774	0.2733691047726631	False	False	False
test	NZ_OZ411233.1	NZ_OZ410924.1	0.3571428571428571	[0.15, 0.4)	6.553333333333334	30208	60093	0.926608845338983	0.4670593912768542	0.4670593912768542	94.2120454658297	0.926608845338983	False	False	True
test	NZ_PEHU01000018.1	NZ_CP021547.1	0.3050847457627119	[0.15, 0.4)	6.553333333333334	41575	45740	0.4705472038484666	0.42289024923480545	0.42289024923480545	97.97791587887367	0.4705472038484666	False	False	False
test	NZ_CP077263.1	NZ_LR890182.1	0.2009345794392523	[0.15, 0.4)	6.553333333333334	95620	135529	0.7109077598828697	0.5019073408643169	0.5019073408643169	91.94990249123887	0.7109077598828697	False	False	True
test	NZ_CP180667.1	NZ_CP056387.1	0.3333333333333333	[0.15, 0.4)	6.553333333333334	4544	5783	0.37874119718309857	0.2982880857686322	0.2982880857686322	94.72750869061413	0.37874119718309857	False	False	False
test	NZ_CP176935.1	NZ_CP176937.1	0.371900826446281	[0.15, 0.4)	6.553333333333334	147379	345230	0.9099939611477891	0.38839324508298817	0.38839324508298817	99.66681984984379	0.9099939611477891	False	False	True
test	NZ_CP093468.1	NZ_CP095668.1	0.2727272727272727	[0.15, 0.4)	6.553333333333334	36230	45403	0.8799889594258902	0.7029491443296698	0.7029491443296698	95.77571401283856	0.8799889594258902	False	False	True
test	NZ_JALEBI010000023.1	NZ_RRRW01000071.1	0.1666666666666666	[0.15, 0.4)	6.553333333333334	86591	93340	0.44801422780658495	0.41572744803942574	0.41572744803942574	94.89370490833825	0.44801422780658495	False	False	False
test	NZ_RRRW01000071.1	NZ_CM017149.1	0.2096774193548387	[0.15, 0.4)	6.553333333333334	93340	153499	0.4709556460252839	0.2868162007570082	0.2868162007570082	97.1573020712811	0.4709556460252839	False	False	False
test	NZ_CP135667.1	NZ_RRRW01000071.1	0.18796992481203	[0.15, 0.4)	6.553333333333334	76366	93340	0.5028022942147029	0.4109063638311549	0.4109063638311549	93.87090940268651	0.5196578651761425	True	False	True
test	CP104420.1	NZ_RRRW01000071.1	0.1851851851851851	[0.15, 0.4)	6.553333333333334	83397	93340	0.4604002542057868	0.4109063638311549	0.4109063638311549	93.86572423289775	0.4604002542057868	False	False	False
test	NZ_MG591701.1	NZ_RRRW01000071.1	0.1736111111111111	[0.15, 0.4)	6.553333333333334	91597	93340	0.3987139316789851	0.39072209127919433	0.39072209127919433	94.90938706416003	0.3987139316789851	False	False	False
test	NZ_JBVWFR010000002.1	NZ_CP061958.1	0.3798449612403101	[0.15, 0.4)	6.553333333333334	58585	109135	0.9039344542118289	0.4851147661153617	0.4851147661153617	98.12051633296223	0.9039344542118289	False	False	True
test	NZ_CP173443.1	NZ_AP045063.1	0.2276422764227642	[0.15, 0.4)	6.553333333333334	50702	93025	0.6673504003786833	0.3620209621069605	0.3620209621069605	96.79831505798342	0.6673504003786833	False	False	True
test	NZ_CP173443.1	CP082724.1	0.2857142857142857	[0.15, 0.4)	6.553333333333334	50702	53499	0.6558321170762494	0.6190022243406419	0.6190022243406419	97.49738902907954	0.6558321170762494	False	False	True
test	NZ_JAZGLZ010000082.1	NZ_CP115006.1	0.2	[0.15, 0.4)	6.553333333333334	3760	5413	0.09654255319148936	0.06447441344910401	0.06447441344910401	79.459	0.09654255319148936	False	False	False
test	NZ_AP043608.1	NZ_CP141238.1	0.1846153846153846	[0.15, 0.4)	6.553333333333334	96372	132580	0.7290914373469473	0.5298461306381053	0.5298461306381053	92.23235806671205	0.7290914373469473	False	False	True
test	CP101962.1	NZ_AP026795.1	0.1601941747572815	[0.15, 0.4)	6.553333333333334	82673	165477	0.6603244106298308	0.3310671573693021	0.3310671573693021	95.47387219616826	0.6603244106298308	False	False	True
test	NZ_CP057239.1	NZ_AP026795.1	0.1584905660377358	[0.15, 0.4)	6.553333333333334	145940	165477	0.4140194600520762	0.36689086700870815	0.36689086700870815	94.42099533301564	0.4140194600520762	False	False	False
test	NZ_JPGS01000084.1	NZ_JAHQYP010000015.1	0.1975308641975308	[0.15, 0.4)	6.553333333333334	21232	81298	0.7918707611152976	0.2068439568009053	0.2068439568009053	97.47999328340465	0.7918707611152976	False	False	True
test	NZ_CP070140.1	NZ_JCDGLJ010000066.1	0.2	[0.15, 0.4)	6.553333333333334	1713	4414	0.21424401634559254	0.08314454009968282	0.08314454009968282	96.196	0.21424401634559254	False	False	False
test	NZ_CP192622.1	NZ_CP107173.1	0.1652542372881356	[0.15, 0.4)	6.553333333333334	125195	149268	0.4876712328767123	0.4091767826995739	0.4091767826995739	94.57579019963109	0.4876712328767123	False	False	False
test	NZ_CP169108.1	NZ_CP107173.1	0.1988636363636363	[0.15, 0.4)	6.553333333333334	74529	149268	0.7662520629553596	0.3830760779269502	0.3830760779269502	95.29848064735769	0.7662520629553596	False	False	True
test	NZ_CP107173.1	NZ_CM017149.1	0.1701244813278008	[0.15, 0.4)	6.553333333333334	149268	153499	0.4615322775142696	0.449201623463345	0.449201623463345	96.25812316889582	0.4615322775142696	False	False	False
test	NZ_CP024887.1	NZ_CP107173.1	0.1650943396226415	[0.15, 0.4)	6.553333333333334	102544	149268	0.4553557497269465	0.3134295361363454	0.3134295361363454	96.8767196533026	0.4553557497269465	False	False	False
test	NZ_JBFUPY010000024.1	NZ_CP107173.1	0.1530612244897959	[0.15, 0.4)	6.553333333333334	73616	149268	0.6002635296674635	0.29615858723905997	0.29615858723905997	94.55466633556078	0.6002635296674635	False	False	True
test	OW969918.1	NZ_CP136270.1	0.237410071942446	[0.15, 0.4)	6.553333333333334	104126	107188	0.6220060311545628	0.6041814382206964	0.6041814382206964	95.14785484914789	0.6220060311545628	False	False	True
test	NZ_CP068594.1	NZ_CP119738.1	0.2992700729927007	[0.15, 0.4)	6.553333333333334	82214	100423	0.5911158683435911	0.4840126265895263	0.4840126265895263	98.23528479868529	0.5911158683435911	False	False	True
test	NZ_CP095666.1	NZ_CP119738.1	0.3591549295774648	[0.15, 0.4)	6.553333333333334	99379	100423	0.5938075448535405	0.5891678201208886	0.5891678201208886	98.66643821856061	0.5938075448535405	False	False	True
test	NZ_CP119738.1	NZ_CP098439.1	0.3376623376623376	[0.15, 0.4)	6.553333333333334	100423	109442	0.5798472461487906	0.5321997039527786	0.5321997039527786	98.25655166029519	0.5798472461487906	False	False	True
test	NZ_CP119738.1	NZ_AP022534.1	0.2781954887218045	[0.15, 0.4)	6.553333333333334	100423	111171	0.4612688328370991	0.41597179120454075	0.41597179120454075	96.03609000236962	0.4612688328370991	False	False	False
test	NZ_PEHU01000018.1	NZ_CP024194.1	0.1951219512195122	[0.15, 0.4)	6.553333333333334	41575	89345	0.4978713168971738	0.23201074486540937	0.23201074486540937	99.57570573481888	0.4978713168971738	False	False	False
test	NZ_PEHU01000018.1	NZ_CP086419.1	0.2162162162162162	[0.15, 0.4)	6.553333333333334	41575	70475	0.5319783523752255	0.3145938275984392	0.3145938275984392	98.45367009333152	0.5319783523752255	False	False	True
test	NZ_PEHU01000018.1	NZ_CP196097.1	0.2727272727272727	[0.15, 0.4)	6.553333333333334	41575	46176	0.45438364401683706	0.405773562023562	0.405773562023562	98.60770681474531	0.45438364401683706	False	False	False
test	NZ_OQ803523.1	NZ_OQ821129.1	0.3153153153153153	[0.15, 0.4)	6.553333333333334	65989	72331	0.8350331115792026	0.7630476559151678	0.7630476559151678	97.15684270553685	0.8350331115792026	False	False	True
test	NZ_OQ803523.1	NZ_AP018454.1	0.2950819672131147	[0.15, 0.4)	6.553333333333334	65989	78997	0.8774492718483383	0.733546843551021	0.733546843551021	97.1470897167741	0.8774492718483383	False	False	True
test	NZ_CP042894.1	CP098997.1	0.3051643192488263	[0.15, 0.4)	6.553333333333334	141344	169374	0.6104822277563957	0.510178657881375	0.510178657881375	98.62978712504913	0.6104822277563957	False	False	True
test	NZ_CP184004.1	CP009881.1	0.3561643835616438	[0.15, 0.4)	6.553333333333334	45802	50272	0.4548927994410724	0.4139481222151496	0.4139481222151496	99.40958537287648	0.4548927994410724	False	False	False
test	NZ_CP141678.1	NZ_CP153791.1	0.1878612716763005	[0.15, 0.4)	6.553333333333334	228888	292610	0.4520507846632414	0.35440347219848944	0.35440347219848944	98.76070907216099	0.4520507846632414	False	False	False
test	NZ_MN543579.1	NZ_CP153791.1	0.1756272401433691	[0.15, 0.4)	6.553333333333334	140128	292610	0.5724551838319251	0.2749051638699976	0.2749051638699976	98.47510842011086	0.5724551838319251	False	False	True
test	NZ_MZ475707.1	NZ_JBZGES010000003.1	0.3386243386243386	[0.15, 0.4)	6.553333333333334	100733	162786	0.675260341695373	0.4180887791333407	0.4180887791333407	99.1850056393462	0.675260341695373	False	False	True
test	CP088721.1	NZ_CP135667.1	0.1780821917808219	[0.15, 0.4)	6.553333333333334	17698	76366	0.7700870154819753	0.1788885105937197	0.1788885105937197	96.19867029753637	0.7700870154819753	True	False	True
test	NZ_CP088135.1	NZ_CP028152.1	0.3773584905660377	[0.15, 0.4)	6.553333333333334	49556	56636	0.7709056421018645	0.6754361183699413	0.6754361183699413	99.09857279498236	0.7709056421018645	False	False	True
test	CP122777.1	NZ_CP089446.1	0.1502590673575129	[0.15, 0.4)	6.553333333333334	116463	129071	0.33942110369817025	0.30632752516057055	0.30632752516057055	95.59903823455232	0.33942110369817025	False	False	False
test	NZ_MG591701.1	NZ_CP089446.1	0.2256097560975609	[0.15, 0.4)	6.553333333333334	91597	129071	0.6837996877626996	0.48529878903859114	0.48529878903859114	95.53283151378191	0.6837996877626996	False	False	True
test	CP080739.1	NZ_KX636095.1	0.2079439252336448	[0.15, 0.4)	6.553333333333334	206152	335317	0.5830309674414995	0.3585204448328	0.3585204448328	97.40502080441524	0.61609331706594	True	False	True
test	NZ_JBTAPC010000002.1	CP080739.1	0.1678832116788321	[0.15, 0.4)	6.553333333333334	126207	206152	0.6595038310077888	0.4038136908688735	0.4038136908688735	96.05795591146303	0.6595038310077888	True	False	True
test	CP101962.1	NZ_CP014496.1	0.15527950310559	[0.15, 0.4)	6.553333333333334	82673	114223	0.5609812151488394	0.4056976265725817	0.4056976265725817	94.821967063936	0.5609812151488394	False	False	True
test	OW849035.1	NZ_KX636095.1	0.1906976744186046	[0.15, 0.4)	6.553333333333334	204647	335317	0.5525368072827845	0.33769835707703455	0.33769835707703455	97.33781408831004	0.5525368072827845	False	False	True
test	NZ_CP149373.1	NZ_AP028843.1	0.1666666666666666	[0.15, 0.4)	6.553333333333334	90028	137403	0.6539632114453281	0.42848409423375033	0.42848409423375033	95.78106777708118	0.6539632114453281	False	False	True
test	NZ_CP091696.1	NZ_CP127032.1	0.25	[0.15, 0.4)	6.553333333333334	3461	4186	0.15920254261774053	0.1323459149546106	0.1323459149546106	77.68	0.15920254261774053	False	False	False
test	NZ_CP091696.1	NZ_CP176698.1	0.2	[0.15, 0.4)	6.553333333333334	3461	3983	0.26292978907830106	0.2237007280944012	0.2237007280944012	80.4537019438445	0.26292978907830106	False	False	False
test	NZ_CP142946.1	CP082724.1	0.2771084337349397	[0.15, 0.4)	6.553333333333334	48552	53499	0.6838029329378811	0.6190022243406419	0.6190022243406419	97.49350182037008	0.6838029329378811	False	False	True
test	NZ_CP197036.1	NZ_CP083921.1	0.3493150684931507	[0.15, 0.4)	6.553333333333334	211327	213279	0.5920019685132519	0.5867572522376793	0.5867572522376793	98.61245853093814	0.5920019685132519	False	False	True
test	NZ_CP024550.1	NZ_KX636095.1	0.248081841432225	[0.15, 0.4)	6.553333333333334	187611	335317	0.6633086546098044	0.3710220477935804	0.3710220477935804	98.44597226282059	0.6633086546098044	False	False	True
test	NZ_CP114566.1	NZ_KX636095.1	0.2327188940092165	[0.15, 0.4)	6.553333333333334	210045	335317	0.5927491727963056	0.37121291196092054	0.37121291196092054	98.73297027795175	0.5927491727963056	False	False	True
test	NZ_JCASKQ010000017.1	NZ_KX636095.1	0.233983286908078	[0.15, 0.4)	6.553333333333334	130759	335317	0.8382444038268876	0.326795241517728	0.326795241517728	98.6628387338009	0.8382444038268876	False	False	True
test	NZ_CP025275.1	NZ_KX636095.1	0.2264705882352941	[0.15, 0.4)	6.553333333333334	125113	335317	0.7428244866640556	0.27373202074454916	0.27373202074454916	99.28780403799195	0.7428244866640556	False	False	True
test	NZ_JAJQQO010000024.1	NZ_KX636095.1	0.1515151515151515	[0.15, 0.4)	6.553333333333334	61004	335317	0.928988263064717	0.1689654863904902	0.1689654863904902	98.6625614041277	0.928988263064717	False	False	True
test	NZ_CP080351.1	NZ_KX636095.1	0.2322738386308068	[0.15, 0.4)	6.553333333333334	193800	335317	0.6236326109391125	0.3606020571578536	0.3606020571578536	98.28874338689945	0.6236326109391125	False	False	True
test	NZ_PETB01000002.1	NZ_KX636095.1	0.3343283582089552	[0.15, 0.4)	6.553333333333334	128081	335317	0.8883284796339816	0.33934456052034345	0.33934456052034345	99.97563386148533	0.8883284796339816	False	False	True
test	NZ_CP129815.1	NZ_KX636095.1	0.2069892473118279	[0.15, 0.4)	6.553333333333334	146394	335317	0.7432545049660505	0.3244183861838201	0.3244183861838201	98.60199909057505	0.7432545049660505	False	False	True
test	NZ_CP068905.1	NZ_CP100792.1	0.1546391752577319	[0.15, 0.4)	6.553333333333334	56522	79245	0.2925940341813807	0.20866931667613098	0.20866931667613098	99.86091865103346	0.2925940341813807	False	False	False
test	NZ_CP100792.1	NZ_OP242238.1	0.1550387596899224	[0.15, 0.4)	6.553333333333334	79245	111500	0.28869960249858034	0.20529147982062781	0.20529147982062781	99.10907354675282	0.28869960249858034	False	False	False
test	NZ_JBQTKY010000005.1	NZ_CP100792.1	0.1724137931034483	[0.15, 0.4)	6.553333333333334	13777	79245	0.38281193293169774	0.06684333396428797	0.06684333396428797	99.54715959252971	0.38281193293169774	False	False	False
test	NZ_CP068905.1	NZ_CP024194.1	0.1759259259259259	[0.15, 0.4)	6.553333333333334	56522	89345	0.5228052793602491	0.3306508478370362	0.3306508478370362	98.52928496568511	0.5228052793602491	False	False	True
test	NZ_JBHEIN010000092.1	NZ_CP068905.1	0.1846153846153846	[0.15, 0.4)	6.553333333333334	14708	56522	0.5047593146586892	0.1315240083507307	0.1315240083507307	99.704104519774	0.5047593146586892	False	False	True
test	NZ_CP068905.1	NZ_CP063884.1	0.3571428571428571	[0.15, 0.4)	6.553333333333334	56522	57825	0.518700682919925	0.506441850410722	0.506441850410722	99.36920154748105	0.518700682919925	False	False	True
test	NZ_CP145710.1	NZ_CP133928.1	0.3138686131386861	[0.15, 0.4)	6.553333333333334	95144	100835	0.7662490540654167	0.7221302127237567	0.7221302127237567	97.9980425619438	0.7662490540654167	False	False	True
test	NZ_JBTAPC010000002.1	NZ_CP141542.1	0.18359375	[0.15, 0.4)	6.553333333333334	126207	202151	0.5280927365360083	0.32959025678824244	0.32959025678824244	95.30797545331936	0.5280927365360083	False	False	True
test	CP052164.1	NZ_CP141542.1	0.1798245614035087	[0.15, 0.4)	6.553333333333334	92461	202151	0.6352191734893631	0.2906094948825383	0.2906094948825383	96.6848696531792	0.6352191734893631	False	False	True
test	NC_012148.1	NZ_CP161907.1	0.25	[0.15, 0.4)	6.553333333333334	30026	31008	0.9208685805635116	0.8879321465428277	0.8879321465428277	92.35538334953729	0.9208685805635116	False	False	True
test	NZ_CP161907.1	NZ_OZ410924.1	0.1549295774647887	[0.15, 0.4)	6.553333333333334	31008	60093	0.8978328173374613	0.46334847652804817	0.46334847652804817	92.14447500535601	0.8978328173374613	False	False	True
test	NZ_SIQY01000003.1	NZ_CP050110.1	0.3631436314363143	[0.15, 0.4)	6.553333333333334	331417	693077	0.9685984726190872	0.4632991716649088	0.4632991716649088	98.79685586143766	0.9685984726190872	False	False	True
test	NZ_NBOP01000105.1	OW849024.1	0.1552511415525114	[0.15, 0.4)	6.553333333333334	44421	242397	0.9612120393507575	0.17614904474890367	0.17614904474890367	99.23442662451704	0.9612120393507575	False	False	True
test	NZ_NBOP01000105.1	CP052164.1	0.2452830188679245	[0.15, 0.4)	6.553333333333334	44421	92461	0.8603363274127102	0.4134499951330831	0.4134499951330831	97.1977116641397	0.8603363274127102	False	False	True
test	NZ_CP095666.1	NZ_CP191553.1	0.1582278481012658	[0.15, 0.4)	6.553333333333334	99379	107053	0.35050664627335754	0.3255583682848682	0.3255583682848682	96.34637315098279	0.35050664627335754	False	False	False
test	NZ_CP169124.1	NZ_JABWHZ010000057.1	0.2709677419354839	[0.15, 0.4)	6.553333333333334	90370	139873	0.6101582383534359	0.3941790052404681	0.3941790052404681	99.2135219534294	0.6101582383534359	False	False	True
test	CP057522.1	NZ_JBSTQQ010000002.1	0.1534653465346534	[0.15, 0.4)	6.553333333333334	86439	156753	0.6121310982311226	0.338309314654265	0.338309314654265	95.99842332528497	0.6121310982311226	False	False	True
test	NZ_JALEBI010000023.1	NZ_JBSTQQ010000002.1	0.1632653061224489	[0.15, 0.4)	6.553333333333334	86591	156753	0.6551951126560497	0.3619197080757625	0.3619197080757625	95.06598458997382	0.6551951126560497	False	False	True
test	NZ_AP042702.1	NZ_JBSTQQ010000002.1	0.1775700934579439	[0.15, 0.4)	6.553333333333334	97991	156753	0.588717331183476	0.3684841757414531	0.3684841757414531	96.51268380886903	0.588717331183476	False	False	True
test	CP057191.1	NZ_JBSTQQ010000002.1	0.1634615384615384	[0.15, 0.4)	6.553333333333334	102988	156753	0.5209344778032392	0.34242406843888157	0.34242406843888157	95.30441888273143	0.5209344778032392	False	False	True
test	NZ_CP195365.1	NZ_JBSTQQ010000002.1	0.1826086956521739	[0.15, 0.4)	6.553333333333334	137286	156753	0.5273807962938682	0.4618731379941692	0.4618731379941692	96.02712837325913	0.5273807962938682	False	False	True
test	NZ_MK477611.1	NZ_CP072939.1	0.2569169960474308	[0.15, 0.4)	6.553333333333334	263466	384269	0.7335405706998246	0.502954961238091	0.502954961238091	97.62945460890604	0.7335405706998246	False	False	True
test	NZ_JBUDOU010000126.1	NZ_CP157121.1	0.1666666666666666	[0.15, 0.4)	6.553333333333334	4099	10552	0.13735057331056355	0.05344958301743745	0.05344958301743745	93.274	0.13735057331056355	False	False	False
test	NZ_RREW01000095.1	NZ_JBANRQ010000037.1	0.25	[0.15, 0.4)	6.553333333333334	4950	11213	0.42868686868686867	0.1892446267724962	0.1892446267724962	99.623	0.42868686868686867	False	False	False
test	CP052164.1	NZ_JBTAPC010000002.1	0.2163742690058479	[0.15, 0.4)	6.553333333333334	92461	126207	0.5967705302776306	0.4370518275531468	0.4370518275531468	96.5083577867072	0.5967705302776306	False	False	True
test	NZ_JBTAPC010000002.1	NZ_CP080351.1	0.1541353383458646	[0.15, 0.4)	6.553333333333334	126207	193800	0.5550405286553044	0.36135190918472654	0.36135190918472654	95.21292539951814	0.5550405286553044	False	False	True
test	NZ_CP143302.1	NZ_CP138438.1	0.277027027027027	[0.15, 0.4)	6.553333333333334	83020	97656	0.6402674054444712	0.5437351519619891	0.5437351519619891	97.84800505601082	0.6402674054444712	False	False	True
test	CP137928.1	NZ_CP121558.1	0.2222222222222222	[0.15, 0.4)	6.553333333333334	14639	17462	0.4593209918710294	0.3850647119459398	0.3850647119459398	96.15496600356293	0.4593209918710294	False	False	False
test	NZ_OZ544168.1	OW849024.1	0.2909090909090909	[0.15, 0.4)	6.553333333333334	171613	242397	0.6282624276715634	0.4413049666456268	0.4413049666456268	97.9174059074779	0.6282624276715634	False	False	True
test	NZ_CP169108.1	NZ_MW390517.1	0.2333333333333333	[0.15, 0.4)	6.553333333333334	74529	118279	0.5935810221524507	0.3736166183346156	0.3736166183346156	96.63060853080567	0.5935810221524507	False	False	True
test	NZ_JBRAXZ010000003.1	NZ_MW390517.1	0.1578947368421052	[0.15, 0.4)	6.553333333333334	118098	118279	0.41227624515233113	0.4114424369499235	0.4114424369499235	95.14105782062302	0.41227624515233113	False	False	False
test	CP057191.1	NZ_MW390517.1	0.1956521739130435	[0.15, 0.4)	6.553333333333334	102988	118279	0.4347302598360974	0.3783850049459329	0.3783850049459329	96.09037004326687	0.4347302598360974	False	False	False
test	NZ_CP040807.1	NZ_MW390517.1	0.1764705882352941	[0.15, 0.4)	6.553333333333334	90871	118279	0.4456537289124143	0.34209792101725583	0.34209792101725583	94.94005483807364	0.4456537289124143	False	False	False
test	NZ_CP066481.1	NZ_CP197036.1	0.3516483516483517	[0.15, 0.4)	6.553333333333334	187318	211327	0.7082714955316627	0.6279746553918808	0.6279746553918808	97.48665293763636	0.7082714955316627	False	False	True
test	NZ_CP022063.1	NZ_CP024550.1	0.2737226277372263	[0.15, 0.4)	6.553333333333334	173817	187611	0.4824614393298699	0.4468981029896968	0.4468981029896968	98.45130623987419	0.4824614393298699	False	False	False
test	NZ_AP019818.1	NZ_CP024550.1	0.2061068702290076	[0.15, 0.4)	6.553333333333334	136816	187611	0.6359782481581102	0.46407726625837503	0.46407726625837503	95.87850134820371	0.6359782481581102	False	False	True
test	NZ_JBRERM010000006.1	NZ_CP010175.1	0.2	[0.15, 0.4)	6.553333333333334	5271	6647	0.6050085372794536	0.4821724086053859	0.4821724086053859	92.9614185611959	0.6050085372794536	False	False	True
test	NZ_AP018744.1	NZ_CP135149.1	0.1775700934579439	[0.15, 0.4)	6.553333333333334	51983	58662	0.25194775214974124	0.2227506733490164	0.2227506733490164	98.5513003431186	0.25194775214974124	False	False	False
test	NZ_JALEBI010000023.1	NZ_CP192622.1	0.1787709497206704	[0.15, 0.4)	6.553333333333334	86591	125195	0.5855458419466226	0.4049123367546627	0.4049123367546627	94.11484192743629	0.5855458419466226	False	False	True
test	NZ_CP191553.1	NZ_CP192622.1	0.1793478260869565	[0.15, 0.4)	6.553333333333334	107053	125195	0.42070750002335294	0.35965493829625783	0.35965493829625783	98.25846242928453	0.42070750002335294	False	False	False
test	NZ_CP026579.1	NZ_CP192622.1	0.2198952879581152	[0.15, 0.4)	6.553333333333334	100229	125195	0.5854094124454998	0.4685171133032469	0.4685171133032469	96.26453058343252	0.5854094124454998	False	False	True
test	NZ_CP043297.1	NZ_CP192622.1	0.2472527472527472	[0.15, 0.4)	6.553333333333334	110724	125195	0.5688287995375889	0.5028874955070091	0.5028874955070091	96.91888390974104	0.5688287995375889	False	False	True
test	NZ_JBJUTL010000011.1	NZ_CP184170.1	0.175	[0.15, 0.4)	6.553333333333334	26925	47591	0.5533519034354689	0.3130423819629762	0.3130423819629762	99.84579330246292	0.5533519034354689	False	False	True
test	NZ_CP084801.1	NZ_LR890682.1	0.2	[0.15, 0.4)	6.553333333333334	3534	5783	0.6751556310130165	0.4172574788172229	0.4172574788172229	93.17190909090908	0.6751556310130165	False	False	True
test	NZ_PP129611.1	NZ_CP060975.1	0.168	[0.15, 0.4)	6.553333333333334	63468	112054	0.5484968803176404	0.31009156299641244	0.31009156299641244	95.38803994163257	0.5484968803176404	False	False	True
test	NZ_PP129611.1	NZ_CP040807.1	0.24	[0.15, 0.4)	6.553333333333334	63468	90871	0.6302073485851137	0.44000836350430833	0.44000836350430833	97.70034655912906	0.6302073485851137	False	False	True
test	NZ_CP004860.1	NZ_CP187291.1	0.157014157014157	[0.15, 0.4)	6.553333333333334	422692	524886	0.5928903314943268	0.4771150306923789	0.4771150306923789	95.75352067339857	0.5928903314943268	False	False	True
test	NZ_CP049847.1	NZ_AP040966.1	0.3602941176470588	[0.15, 0.4)	6.553333333333334	90408	96870	0.8110122997964782	0.7585526994941675	0.7585526994941675	97.04739066896857	0.8110122997964782	False	False	True
test	CP101962.1	NZ_CP057239.1	0.2022471910112359	[0.15, 0.4)	6.553333333333334	82673	145940	0.694712905059693	0.3923735781828149	0.3923735781828149	96.10852787994449	0.694712905059693	False	False	True
test	CP101962.1	CP104420.1	0.2136752136752136	[0.15, 0.4)	6.553333333333334	82673	83397	0.5331123825190812	0.5292996150940681	0.5292996150940681	93.82761325742172	0.5331123825190812	False	False	True
test	NZ_JBFUPY010000024.1	CP101962.1	0.2583333333333333	[0.15, 0.4)	6.553333333333334	73616	82673	0.5842615735709629	0.5206657554461553	0.5206657554461553	96.47042447729329	0.5842615735709629	False	False	True
test	NZ_RRDN01000154.1	NZ_JBDFRC010000026.1	0.225	[0.15, 0.4)	6.553333333333334	10251	22658	0.7563164569310311	0.3422190837673228	0.3422190837673228	94.497	0.7563164569310311	False	False	True
test	NZ_CP088135.1	NZ_CP132951.1	0.2888888888888888	[0.15, 0.4)	6.553333333333334	49556	114295	0.9759665832593429	0.4240955422371932	0.4240955422371932	98.39790068655547	0.9759665832593429	False	False	True
test	CP057522.1	NZ_AP022534.1	0.2045454545454545	[0.15, 0.4)	6.553333333333334	86439	111171	0.5586714330337	0.43492457565372267	0.43492457565372267	93.97983116240725	0.5586714330337	False	False	True
test	CP104420.1	CP057522.1	0.2061068702290076	[0.15, 0.4)	6.553333333333334	83397	86439	0.5385085794453038	0.5188745820752206	0.5188745820752206	93.35473580674528	0.5385085794453038	False	False	True
test	NZ_AP039440.1	AP026488.1	0.210762331838565	[0.15, 0.4)	6.553333333333334	123644	152942	0.5844116981009997	0.4722051496645787	0.4722051496645787	96.28678149856387	0.5844116981009997	False	False	True
test	NZ_JBXULQ010000004.1	NZ_AP039440.1	0.3764044943820224	[0.15, 0.4)	6.553333333333334	116759	123644	0.6813693162839696	0.6434359936592151	0.6434359936592151	98.53835725577777	0.6813693162839696	False	False	True
test	NZ_ON209126.1	NZ_CP086762.1	0.2239382239382239	[0.15, 0.4)	6.553333333333334	54035	296148	0.8714907004719163	0.1590117103610357	0.1590117103610357	99.987	0.8714907004719163	False	False	True
test	NZ_CP185196.1	NZ_CP086762.1	0.1505376344086021	[0.15, 0.4)	6.553333333333334	61059	296148	0.7157667174372329	0.14760525142833988	0.14760525142833988	99.35993724987995	0.7157667174372329	False	False	True
test	NZ_CP091713.1	NZ_CP050383.1	0.1666666666666666	[0.15, 0.4)	6.553333333333334	4072	4081	0.8916994106090373	0.8921832884097035	0.8916994106090373	93.695	0.8916994106090373	False	False	True
test	NZ_CP091543.1	NZ_CP196152.1	0.1914460285132382	[0.15, 0.4)	6.553333333333334	185529	398273	0.645074354952595	0.30051246255709024	0.30051246255709024	97.78160144600845	0.645074354952595	False	False	True
test	NZ_CP080351.1	OW849024.1	0.3493150684931507	[0.15, 0.4)	6.553333333333334	193800	242397	0.6447420020639835	0.5156416952355021	0.5156416952355021	98.68915915961544	0.6447420020639835	False	False	True
test	NZ_CP054265.1	OW849024.1	0.3840304182509506	[0.15, 0.4)	6.553333333333334	168717	242397	0.6494010680607171	0.4520889284933394	0.4520889284933394	99.3392759595996	0.6494010680607171	False	False	True
test	CP110581.1	NZ_CP024194.1	0.2446808510638297	[0.15, 0.4)	6.553333333333334	52969	89345	0.41456323509977533	0.24509485701494207	0.24509485701494207	99.09855407312966	0.41456323509977533	False	False	False
test	NZ_JCDLMC010000005.1	NZ_CP024194.1	0.1743119266055046	[0.15, 0.4)	6.553333333333334	67088	89345	0.3637014071070832	0.27340086182774637	0.27340086182774637	98.99380226612675	0.3637014071070832	False	False	False
test	NZ_CP063884.1	NZ_CP024194.1	0.1584158415841584	[0.15, 0.4)	6.553333333333334	57825	89345	0.4740856031128405	0.30649728580222735	0.30649728580222735	98.18585196517685	0.4740856031128405	False	False	False
test	NZ_JBWLLO010000003.1	NZ_CP024194.1	0.3119266055045872	[0.15, 0.4)	6.553333333333334	73335	89345	0.6483125383514011	0.5317141418098382	0.5317141418098382	99.58172559860417	0.6483125383514011	False	False	True
test	NZ_JALEBI010000023.1	NZ_OR388869.1	0.1891891891891892	[0.15, 0.4)	6.553333333333334	86591	94213	0.5851185458073009	0.5380043093840553	0.5380043093840553	95.20322894104677	0.5851185458073009	False	False	True
test	NZ_CP040807.1	NZ_OR388869.1	0.1971830985915492	[0.15, 0.4)	6.553333333333334	90871	94213	0.5896160491245832	0.5682761402354239	0.5682761402354239	94.22233309135581	0.5896160491245832	False	False	True
test	NZ_CP169108.1	NZ_CP026579.1	0.2611940298507462	[0.15, 0.4)	6.553333333333334	74529	100229	0.7495069033530573	0.5573337058136867	0.5573337058136867	96.70697514562414	0.7495069033530573	False	False	True
test	NZ_CP169108.1	NZ_JBRAXZ010000003.1	0.1883116883116883	[0.15, 0.4)	6.553333333333334	74529	118098	0.7078855210723343	0.44708631814255956	0.44708631814255956	94.86071843834996	0.7078855210723343	False	False	True
test	NZ_CP169108.1	CP104420.1	0.2815533980582524	[0.15, 0.4)	6.553333333333334	74529	83397	0.7275825517583759	0.6508507500269793	0.6508507500269793	94.15751501010473	0.7275825517583759	False	False	True
test	NZ_JALEBI010000023.1	NZ_JAQMUU010000004.1	0.2291666666666666	[0.15, 0.4)	6.553333333333334	86591	101631	0.6448360684135764	0.5497043225000245	0.5497043225000245	94.86908805098818	0.6448360684135764	False	False	True
test	NZ_JAQMUU010000004.1	NZ_CP098439.1	0.1987951807228915	[0.15, 0.4)	6.553333333333334	101631	109442	0.5210910056970807	0.48475905045594925	0.48475905045594925	94.51710822803848	0.5210910056970807	False	False	True
test	NZ_JAQMUU010000004.1	NZ_CM017149.1	0.201058201058201	[0.15, 0.4)	6.553333333333334	101631	153499	0.48190020761381863	0.31917471775060424	0.31917471775060424	96.51317525983286	0.48190020761381863	False	False	False
test	NZ_JAQMUU010000004.1	NZ_CP043297.1	0.2371794871794871	[0.15, 0.4)	6.553333333333334	101631	110724	0.47692141177396663	0.4380080199414761	0.4380080199414761	96.59050863648527	0.47692141177396663	False	False	False
test	NZ_CP086389.1	NZ_CP088223.1	0.2942942942942942	[0.15, 0.4)	6.553333333333334	142329	277693	0.872099150559619	0.4471016554252358	0.4471016554252358	98.1028159193168	0.872099150559619	False	False	True
test	NZ_KY019259.1	NZ_CP088223.1	0.3645833333333333	[0.15, 0.4)	6.553333333333334	249153	277693	0.7854932511348448	0.704925943397925	0.704925943397925	97.69847271242249	0.7854932511348448	False	False	True
test	NZ_CP134785.1	NZ_CP022063.1	0.2321428571428571	[0.15, 0.4)	6.553333333333334	126955	173817	0.5115828443149147	0.37388172618328475	0.37388172618328475	99.14923432500616	0.5115828443149147	False	False	True
test	NZ_MZ475707.1	NZ_CP022063.1	0.2477064220183486	[0.15, 0.4)	6.553333333333334	100733	173817	0.6111899774651802	0.3543842086792431	0.3543842086792431	98.97797626348667	0.6111899774651802	False	False	True
test	NZ_AP038988.1	NZ_CP028692.1	0.2385321100917431	[0.15, 0.4)	6.553333333333334	78863	92714	0.6160810519508515	0.5247859007269668	0.5247859007269668	95.19261017714557	0.6160810519508515	False	False	True
test	NZ_CP084875.1	CP044381.1	0.3107344632768362	[0.15, 0.4)	6.553333333333334	199821	312615	0.8737019632571151	0.5591894182940678	0.5591894182940678	97.17088678663416	0.8737019632571151	False	False	True
test	NZ_JALEBI010000023.1	NZ_CP060975.1	0.1645569620253164	[0.15, 0.4)	6.553333333333334	86591	112054	0.5281380282015452	0.4082852910204009	0.4082852910204009	94.46108744252939	0.5281380282015452	False	False	True
test	NZ_AP042702.1	NZ_CP060975.1	0.2023121387283237	[0.15, 0.4)	6.553333333333334	97991	112054	0.4932085599697931	0.43162225355632106	0.43162225355632106	96.54787296376588	0.4932085599697931	False	False	False
test	NZ_AP022534.1	NZ_CP060975.1	0.1564625850340136	[0.15, 0.4)	6.553333333333334	111171	112054	0.35756627177951084	0.35467720920270585	0.35467720920270585	94.66139124435523	0.35756627177951084	False	False	False
test	NZ_CP060975.1	NZ_CP057239.1	0.1756097560975609	[0.15, 0.4)	6.553333333333334	112054	145940	0.46143823513663057	0.3544675894203097	0.3544675894203097	96.22374373216076	0.46143823513663057	False	False	False
test	NZ_JBFUPY010000024.1	NZ_CP060975.1	0.2898550724637681	[0.15, 0.4)	6.553333333333334	73616	112054	0.60414855466203	0.3971745765434523	0.3971745765434523	97.77213413649214	0.60414855466203	False	False	True
test	NZ_JALEBI010000023.1	NZ_CP040807.1	0.2	[0.15, 0.4)	6.553333333333334	86591	90871	0.5794251134644478	0.5526185471712648	0.5526185471712648	94.44777290702066	0.5794251134644478	False	False	True
test	NZ_JALEBI010000023.1	NZ_MG591701.1	0.2	[0.15, 0.4)	6.553333333333334	86591	91597	0.5742629141596701	0.5433038199941046	0.5433038199941046	94.5488110986547	0.5742629141596701	False	False	True
test	NZ_CP193630.1	NZ_AP042702.1	0.1907894736842105	[0.15, 0.4)	6.553333333333334	88723	97991	0.5084701824780496	0.4599095835331816	0.4599095835331816	93.59390281522076	0.5084701824780496	False	False	True
test	NZ_CP193630.1	CP057191.1	0.2214285714285714	[0.15, 0.4)	6.553333333333334	88723	102988	0.541392874451946	0.4661125568027343	0.4661125568027343	93.65131701394654	0.541392874451946	False	False	True
test	NZ_CP193630.1	NZ_CP040807.1	0.3017241379310345	[0.15, 0.4)	6.553333333333334	88723	90871	0.6765100368562831	0.6598034576487548	0.6598034576487548	96.84700242799174	0.6765100368562831	False	False	True
test	NZ_CP193630.1	NZ_CP195365.1	0.2721518987341772	[0.15, 0.4)	6.553333333333334	88723	137286	0.7075504660572794	0.45676179654152643	0.45676179654152643	96.96564424713989	0.7075504660572794	False	False	True
test	NZ_CP086389.1	NZ_OK649970.1	0.2983606557377049	[0.15, 0.4)	6.553333333333334	142329	261511	0.8179007791806308	0.4452776365047742	0.4452776365047742	98.11183254660303	0.8179007791806308	False	False	True
test	CP016042.1	NZ_CP101204.1	0.1666666666666666	[0.15, 0.4)	6.553333333333334	3205	6648	0.2390015600624025	0.11537304452466908	0.11537304452466908	92.996	0.2390015600624025	False	False	False
test	CP016042.1	NZ_CP050774.1	0.1666666666666666	[0.15, 0.4)	6.553333333333334	3205	4677	0.5959438377535101	0.40239469745563394	0.40239469745563394	91.64966388308977	0.5959438377535101	False	False	True
test	CP052164.1	NZ_CP056884.1	0.176954732510288	[0.15, 0.4)	6.553333333333334	92461	198658	0.6336942062058598	0.29481319654884275	0.29481319654884275	97.5111876896328	0.6336942062058598	False	False	True
test	CP082724.1	NZ_AP024115.1	0.1571428571428571	[0.15, 0.4)	6.553333333333334	53499	109993	0.6758444083066973	0.32826634422190504	0.32826634422190504	96.67600369951133	0.6758444083066973	False	False	True
test	NZ_CP104769.1	NZ_CP110537.1	0.1728395061728395	[0.15, 0.4)	6.553333333333334	49816	54267	0.5337241047053156	0.4895240201227265	0.4895240201227265	97.02450225428315	0.5337241047053156	False	False	True
test	NZ_CP169382.1	NZ_CP149976.1	0.1610169491525423	[0.15, 0.4)	6.553333333333334	53894	58972	0.2401751586447471	0.21930746795089195	0.21930746795089195	99.92265319839306	0.2401751586447471	False	False	False
test	NZ_KX246268.1	NZ_CP133928.1	0.3100775193798449	[0.15, 0.4)	6.553333333333334	86207	100835	0.8471353834375399	0.722973173997124	0.722973173997124	97.627997919746	0.8471353834375399	False	False	True
test	NZ_MG591701.1	NZ_CP156664.1	0.2805755395683453	[0.15, 0.4)	6.553333333333334	91597	96210	0.6676965402797035	0.6354329071822056	0.6354329071822056	96.00717408537079	0.6676965402797035	False	False	True
test	NZ_OQ821129.1	NZ_CP175912.1	0.3620689655172414	[0.15, 0.4)	6.553333333333334	72331	81078	0.8162060527298116	0.7249068797947655	0.7249068797947655	97.03249136676034	0.8162060527298116	False	False	True
test	NZ_CP077695.1	CP092317.1	0.3018867924528302	[0.15, 0.4)	6.553333333333334	26031	27553	0.7759594329837501	0.7327332776830109	0.7327332776830109	95.08067756593896	0.7759594329837501	False	False	True
test	NZ_AP042702.1	NZ_CP098439.1	0.2090395480225988	[0.15, 0.4)	6.553333333333334	97991	109442	0.5577348940208795	0.5005665101149467	0.5005665101149467	94.58531227816007	0.5577348940208795	False	False	True
test	NZ_CP098439.1	NZ_CP057239.1	0.1706161137440758	[0.15, 0.4)	6.553333333333334	109442	145940	0.5432466511942399	0.40587227627792244	0.40587227627792244	93.52160464493225	0.5432466511942399	False	False	True
test	NZ_CP040807.1	NZ_CP098439.1	0.2185430463576159	[0.15, 0.4)	6.553333333333334	90871	109442	0.5698737771126102	0.473785201293836	0.473785201293836	95.51286590148806	0.5698737771126102	False	False	True
test	NZ_AP042702.1	NZ_CP026579.1	0.1823204419889502	[0.15, 0.4)	6.553333333333334	97991	100229	0.507699686705922	0.49651298526374604	0.49651298526374604	95.29293494647371	0.507699686705922	False	False	True
test	NZ_AP042702.1	NZ_CM017149.1	0.1690821256038647	[0.15, 0.4)	6.553333333333334	97991	153499	0.49553530426263637	0.3165297493794748	0.3165297493794748	96.49607275268202	0.49553530426263637	False	False	False
test	NZ_MG591701.1	NZ_AP042702.1	0.2	[0.15, 0.4)	6.553333333333334	91597	97991	0.47604179176173894	0.44428569970711596	0.44428569970711596	94.75592065344226	0.47604179176173894	False	False	False
test	NZ_KX246268.1	NZ_AP028843.1	0.2515337423312883	[0.15, 0.4)	6.553333333333334	86207	137403	0.7766886679735985	0.4869471554478432	0.4869471554478432	97.39273296539378	0.7766886679735985	False	False	True
test	NZ_CP118042.1	NZ_CP138403.1	0.1666666666666666	[0.15, 0.4)	6.553333333333334	4711	7167	0.13415410740819358	0.08832147341984094	0.08832147341984094	94.47944164037855	0.13415410740819358	False	False	False
test	CP024513.1	NZ_CP118042.1	0.2857142857142857	[0.15, 0.4)	6.553333333333334	3336	4711	0.4394484412470024	0.31394608363404797	0.31394608363404797	92.93418304172275	0.4394484412470024	False	False	False
test	NZ_CP088135.1	NZ_CP084195.1	0.2954545454545454	[0.15, 0.4)	6.553333333333334	49556	93861	0.9756235370086367	0.5156241676521665	0.5156241676521665	98.5051112533289	0.9756235370086367	False	False	True
test	NZ_CP018943.1	CP057828.1	0.2307692307692307	[0.15, 0.4)	6.553333333333334	6647	7205	0.45509252294268093	0.41956974323386537	0.41956974323386537	95.11686110194655	0.45509252294268093	False	False	False
test	NZ_CP091713.1	NZ_CP145702.1	0.1666666666666666	[0.15, 0.4)	6.553333333333334	4072	4074	1.0	1.0	1.0	96.67168624571708	1.0	False	False	True
test	NZ_MG591701.1	NZ_CP026579.1	0.3049645390070922	[0.15, 0.4)	6.553333333333334	91597	100229	0.6466259812002576	0.5902084227119896	0.5902084227119896	95.9636145510314	0.6466259812002576	False	False	True
test	NZ_CP069854.1	NZ_CP163034.1	0.1686274509803921	[0.15, 0.4)	6.553333333333334	137344	190061	0.36667054986020503	0.2648044575162711	0.2648044575162711	97.65230070054973	0.36667054986020503	False	False	False
test	NZ_OP378651.1	NZ_CP152448.1	0.16	[0.15, 0.4)	6.553333333333334	9506	11970	0.7700399747527877	0.6112781954887218	0.6112781954887218	93.03139656348016	0.7700399747527877	False	False	True
test	NZ_CP025275.1	NZ_CP129712.1	0.3179190751445087	[0.15, 0.4)	6.553333333333334	125113	143798	0.5847114208755285	0.508817925144995	0.508817925144995	99.05336490307774	0.5847114208755285	False	False	True
test	NZ_CP066281.1	NZ_AP026941.1	0.1587301587301587	[0.15, 0.4)	6.553333333333334	51224	293280	0.9808683429642355	0.17133456082924167	0.17133456082924167	99.9698608131505	0.9808683429642355	False	False	True
test	NZ_MW881232.1	NZ_AP045063.1	0.3587786259541984	[0.15, 0.4)	6.553333333333334	91784	93025	0.8074609953804585	0.7970223058317657	0.7970223058317657	97.11445649595686	0.8074609953804585	False	False	True
test	NZ_JCAPUQ010000005.1	OW849104.1	0.1666666666666666	[0.15, 0.4)	6.553333333333334	2422	5413	0.29686209744013214	0.129687788656937	0.129687788656937	82.763	0.29686209744013214	False	False	False
test	AP019709.1	AB011549.2	0.2018348623853211	[0.15, 0.4)	6.553333333333334	86874	92721	0.5064921610608467	0.4746497557187692	0.4746497557187692	95.21444212101969	0.5064921610608467	False	False	True
test	NZ_AP038988.1	AB011549.2	0.2363636363636363	[0.15, 0.4)	6.553333333333334	78863	92721	0.6160683717332589	0.5247354968130197	0.5247354968130197	95.19065215427882	0.6160683717332589	False	False	True
test	NZ_CP061964.1	NZ_AP018454.1	0.2704918032786885	[0.15, 0.4)	6.553333333333334	63578	78997	0.8871150397936393	0.7134194969429218	0.7134194969429218	97.09935110540027	0.8871150397936393	False	False	True
test	CP104420.1	NZ_AP022534.1	0.3495145631067961	[0.15, 0.4)	6.553333333333334	83397	111171	0.6011966857321007	0.45442606435131466	0.45442606435131466	95.68250583081749	0.6011966857321007	False	False	True
test	CP057191.1	NZ_CM017149.1	0.1897435897435897	[0.15, 0.4)	6.553333333333334	102988	153499	0.45047966753408164	0.3021713496504863	0.3021713496504863	96.57082707624745	0.45047966753408164	False	False	False
test	NZ_CP098153.1	NZ_CP023984.1	0.375	[0.15, 0.4)	6.553333333333334	110870	111425	0.7495986290249842	0.7450213147857303	0.7450213147857303	97.36187811417855	0.7495986290249842	False	False	True
test	NZ_JBFUPY010000024.1	NZ_CP057239.1	0.2234636871508379	[0.15, 0.4)	6.553333333333334	73616	145940	0.6851635514018691	0.3463341099081814	0.3463341099081814	96.10211227993999	0.6851635514018691	False	False	True
test	NZ_CP057239.1	NZ_CP032263.1	0.2284482758620689	[0.15, 0.4)	6.553333333333334	145940	155784	0.48117034397697683	0.4504313665074719	0.4504313665074719	96.52476890069764	0.48117034397697683	False	False	False
test	NZ_JCAPUQ010000005.1	NZ_CP028815.1	0.2	[0.15, 0.4)	6.553333333333334	2422	4807	0.22460776218001652	0.11524859579779488	0.11524859579779488	82.593	0.22460776218001652	False	False	False
test	NZ_JBXSEZ010000002.1	NZ_CP072939.1	0.2727272727272727	[0.15, 0.4)	6.553333333333334	287195	384269	0.7212138094326155	0.5390338538888123	0.5390338538888123	97.32870073369448	0.7212138094326155	False	False	True
test	NZ_CP042894.1	NZ_CP104527.1	0.2679425837320574	[0.15, 0.4)	6.553333333333334	141344	163762	0.603860086031243	0.5217999291654962	0.5217999291654962	98.40824912637471	0.603860086031243	False	False	True
test	NZ_CEDENY020000001.1	NZ_OZ410523.1	0.1666666666666666	[0.15, 0.4)	6.553333333333334	16730	26016	0.6245068738792589	0.4017527675276753	0.4017527675276753	96.76031247013856	0.6245068738792589	False	False	True
test	CP099007.1	NZ_JBTZQO010000007.1	0.3770491803278688	[0.15, 0.4)	6.553333333333334	41022	87572	0.6918482765345424	0.32414470378659843	0.32414470378659843	96.74254863334154	0.6918482765345424	False	False	True
test	CP009881.1	NZ_JCDLMC010000005.1	0.16	[0.15, 0.4)	6.553333333333334	50272	67088	0.2456039147040102	0.18402694967803482	0.18402694967803482	99.9756565435698	0.2456039147040102	False	False	False
test	NZ_JBVWFR010000002.1	NZ_OQ821129.1	0.3173076923076923	[0.15, 0.4)	6.553333333333334	58585	72331	0.9413160365281216	0.7624808173535552	0.7624808173535552	97.02541569551427	0.9413160365281216	False	False	True
test	NZ_CP082766.1	NZ_JBWVJQ010000002.1	0.1905940594059406	[0.15, 0.4)	6.553333333333334	199279	325551	0.4062495295540423	0.24891338069918384	0.24891338069918384	98.93182785934609	0.4062495295540423	False	False	False
test	NZ_CP024887.1	NZ_CP195365.1	0.2472527472527472	[0.15, 0.4)	6.553333333333334	102544	137286	0.49538734591980027	0.37015427647393034	0.37015427647393034	98.29364108813586	0.49538734591980027	False	False	False
test	NZ_CP080351.1	NZ_JBWVJQ010000002.1	0.1702637889688249	[0.15, 0.4)	6.553333333333334	193800	325551	0.4733797729618163	0.2840077284357904	0.2840077284357904	97.71346339644664	0.4733797729618163	False	False	False
test	NZ_CP040807.1	NZ_JBWVJQ010000002.1	0.1912225705329153	[0.15, 0.4)	6.553333333333334	90871	325551	0.7905712493534791	0.2206013804288729	0.2206013804288729	99.90015950356879	0.7905712493534791	False	False	True
test	NZ_PQ667066.1	NZ_CP080351.1	0.2122302158273381	[0.15, 0.4)	6.553333333333334	180007	193800	0.4246668185126134	0.39446336429308565	0.39446336429308565	97.84599551710164	0.4246668185126134	False	False	False
test	NZ_JBFUPY010000024.1	CP057191.1	0.2846715328467153	[0.15, 0.4)	6.553333333333334	73616	102988	0.5863806781134536	0.419582864022993	0.419582864022993	96.99963272853347	0.5863806781134536	False	False	True
test	NZ_CP042533.1	NZ_CP149976.1	0.391304347826087	[0.15, 0.4)	6.553333333333334	51987	58972	0.684421105276319	0.6023536593637658	0.6023536593637658	98.35165607975286	0.684421105276319	False	False	True
test	NZ_CP149976.1	NZ_CP130211.1	0.2956521739130435	[0.15, 0.4)	6.553333333333334	58972	83295	0.578393135725429	0.41025271624947474	0.41025271624947474	97.9451144794925	0.578393135725429	False	False	True
test	NZ_JBJUTL010000011.1	NZ_CP019210.1	0.2040816326530612	[0.15, 0.4)	6.553333333333334	26925	45501	0.7085236768802229	0.41860618447946196	0.41860618447946196	97.7737491095747	0.7085236768802229	False	False	True
test	NZ_CP135667.1	NZ_CP040807.1	0.3425925925925926	[0.15, 0.4)	6.553333333333334	76366	90871	0.7166801979938716	0.6024694346931364	0.6024694346931364	96.62569136027403	0.7263192085425435	True	False	True
test	NZ_JBRXNM010000013.1	NZ_JCDLMC010000005.1	0.1746031746031746	[0.15, 0.4)	6.553333333333334	6948	67088	1.0	0.10356546625327928	0.10356546625327928	100.0	1.0	False	False	True
test	NZ_MF381176.1	NZ_CP019016.1	0.3389830508474576	[0.15, 0.4)	6.553333333333334	36502	37756	0.6568955125746534	0.6351043542748173	0.6351043542748173	96.75042970667779	0.6568955125746534	False	False	True
test	CP082669.1	AP026488.1	0.2328042328042328	[0.15, 0.4)	6.553333333333334	99345	152942	0.7267401479691983	0.47196322789031137	0.47196322789031137	96.18585847348709	0.7267401479691983	False	False	True
test	NZ_CP062226.1	NZ_JBRJPJ010000002.1	0.3203883495145631	[0.15, 0.4)	6.553333333333334	265014	285363	0.7123548189906949	0.6614312296969124	0.6614312296969124	97.41108364940565	0.7123548189906949	False	False	True
test	NZ_JBRXNM010000013.1	NZ_CP118928.1	0.1666666666666666	[0.15, 0.4)	6.553333333333334	6948	67839	0.9915083477259643	0.10147555241085511	0.10147555241085511	99.98549208883729	0.9915083477259643	False	False	True
test	NZ_CP118928.1	NZ_CP130211.1	0.3653846153846153	[0.15, 0.4)	6.553333333333334	67839	83295	0.651292029658456	0.5312803889789303	0.5312803889789303	98.6785510434547	0.651292029658456	False	False	True
test	NZ_CP043828.1	NZ_JBXULQ010000004.1	0.3815789473684211	[0.15, 0.4)	6.553333333333334	97743	116759	0.8387301392427079	0.7021300285202854	0.7021300285202854	97.53548718385836	0.8387301392427079	False	False	True
test	OW969701.1	NZ_CP115006.1	0.1666666666666666	[0.15, 0.4)	6.553333333333334	2495	5413	0.34629258517034067	0.15702937372990947	0.15702937372990947	81.735	0.34629258517034067	False	False	False
test	NZ_CP073989.1	NZ_CP104527.1	0.2371134020618556	[0.15, 0.4)	6.553333333333334	134191	163762	0.6048170145538821	0.4956644398578425	0.4956644398578425	98.76278870087067	0.6048170145538821	False	False	True
test	NZ_OQ821129.1	NZ_AP018454.1	0.2892561983471074	[0.15, 0.4)	6.553333333333334	72331	78997	0.7678035697004051	0.7023937617884224	0.7023937617884224	96.99469881112003	0.7678035697004051	False	False	True
test	NZ_CP040807.1	NZ_CP195365.1	0.1573033707865168	[0.15, 0.4)	6.553333333333334	90871	137286	0.6220466375411298	0.41168800897396673	0.41168800897396673	95.04084071997745	0.6220466375411298	False	False	True
test	NZ_AP019818.1	NZ_JBXSFE010000003.1	0.2051282051282051	[0.15, 0.4)	6.553333333333334	136816	146840	0.5842079873698982	0.544517842549714	0.544517842549714	95.79714469063595	0.5842079873698982	False	False	True
test	NZ_CP145155.1	CP128668.1	0.2272727272727272	[0.15, 0.4)	6.553333333333334	16906	30836	0.5292795457234118	0.2900181605915164	0.2900181605915164	99.95536480446927	0.5292795457234118	False	False	True
test	NZ_CP189869.1	NZ_JBYLRL020000002.1	0.2139917695473251	[0.15, 0.4)	6.553333333333334	110729	172405	0.5681528777465704	0.3652446274760013	0.3652446274760013	96.82471570478742	0.5681528777465704	False	False	True
test	NZ_CP067434.1	NZ_CP141678.1	0.162251655629139	[0.15, 0.4)	6.553333333333334	180050	228888	0.4223049153013052	0.3322323581839153	0.3322323581839153	97.635054402206	0.4223049153013052	False	False	False
test	NZ_JBRXNM010000013.1	NZ_MH917123.1	0.15625	[0.15, 0.4)	6.553333333333334	6948	65604	0.9015544041450777	0.09549722577891592	0.09549722577891592	99.96779090183558	0.9015544041450777	False	False	True
test	NZ_CP063884.1	NZ_JBWLLO010000003.1	0.2264150943396226	[0.15, 0.4)	6.553333333333334	57825	73335	0.5094682230869001	0.4021817685961683	0.4021817685961683	99.40709820793387	0.5094682230869001	False	False	True
test	NZ_MH917123.1	NZ_CP130211.1	0.3113207547169811	[0.15, 0.4)	6.553333333333334	65604	83295	0.5603164441192611	0.4418632570982652	0.4418632570982652	98.34635693143247	0.5603164441192611	False	False	True
test	NZ_MW881232.1	CP073108.1	0.3308823529411764	[0.15, 0.4)	6.553333333333334	91784	108563	0.8473045410964875	0.7166437920838591	0.7166437920838591	97.74654790949714	0.8473045410964875	False	False	True
test	NZ_JBRERM010000006.1	NZ_CP101204.1	0.2	[0.15, 0.4)	6.553333333333334	5271	6648	0.6150635553025992	0.49202767749699156	0.49202767749699156	92.4622639609399	0.6150635553025992	False	False	True
test	NZ_AP019818.1	NZ_CP129712.1	0.2008733624454148	[0.15, 0.4)	6.553333333333334	136816	143798	0.519325225119869	0.4944157776881459	0.4944157776881459	96.29676865346507	0.519325225119869	False	False	True
test	OW967952.1	NZ_CP025252.1	0.3023255813953488	[0.15, 0.4)	6.553333333333334	9294	33924	1.0	0.27431906614785995	0.27431906614785995	100.0	1.0	False	False	True
test	NZ_CP149012.1	NZ_CP148913.1	0.524390243902439	[0.4, 0.8)	1.5933333333333333	53862	54710	0.9380825071478964	0.9237433741546335	0.9237433741546335	96.33240415845484	0.9380825071478964	False	False	True
test	NZ_CP031794.1	NZ_CP148913.1	0.676056338028169	[0.4, 0.8)	1.5933333333333333	53774	54710	0.974764756201882	0.9556753792725279	0.9556753792725279	98.0039790662679	0.974764756201882	False	False	True
test	OW969808.1	NZ_CP148913.1	0.5853658536585366	[0.4, 0.8)	1.5933333333333333	53236	54710	0.9291269066045533	0.9046243831109486	0.9046243831109486	97.56829375201806	0.9291269066045533	False	False	True
test	NZ_CP144317.1	NZ_KX869741.1	0.5374449339207048	[0.4, 0.8)	1.5933333333333333	174409	177037	0.764427294463015	0.7531589441755113	0.7531589441755113	99.4293918460985	0.764427294463015	False	False	True
test	NZ_KX869741.1	NZ_CP024192.1	0.5551020408163265	[0.4, 0.8)	1.5933333333333333	177037	221606	0.8171060286832696	0.6529696849363285	0.6529696849363285	99.54338668315495	0.8171060286832696	False	False	True
test	NZ_KX869741.1	NZ_CP024550.1	0.5474137931034483	[0.4, 0.8)	1.5933333333333333	177037	187611	0.777475894869434	0.7337256344244207	0.7337256344244207	99.19844316572879	0.777475894869434	False	False	True
test	NZ_KX869741.1	NZ_CP114566.1	0.6437246963562753	[0.4, 0.8)	1.5933333333333333	177037	210045	0.8346560323548184	0.7036730224475708	0.7036730224475708	99.94373565706866	0.8346560323548184	False	False	True
test	NZ_JCASKQ010000017.1	NZ_KX869741.1	0.6354166666666666	[0.4, 0.8)	1.5933333333333333	130759	177037	0.9764222730366552	0.7212108203369917	0.7212108203369917	99.96927555207517	0.9764222730366552	False	False	True
test	NZ_JBXSFE010000003.1	NZ_KX869741.1	0.5853658536585366	[0.4, 0.8)	1.5933333333333333	146840	177037	0.8410514846090983	0.6975378028321764	0.6975378028321764	99.9768619196049	0.8410514846090983	False	False	True
test	NZ_CP129712.1	NZ_KX869741.1	0.5436893203883495	[0.4, 0.8)	1.5933333333333333	143798	177037	0.8321603916605238	0.676039471974785	0.676039471974785	99.96237185849876	0.8321603916605238	False	False	True
test	NZ_MN419437.1	NZ_CP097713.1	0.4583333333333333	[0.4, 0.8)	1.5933333333333333	118243	122563	0.76740272151417	0.740256031591916	0.740256031591916	97.67481235624913	0.76740272151417	False	False	True
test	NZ_CP074870.1	NZ_MN419437.1	0.4558823529411764	[0.4, 0.8)	1.5933333333333333	92785	118243	0.8611952362989708	0.6756679042311172	0.6756679042311172	98.57070322895302	0.8611952362989708	False	False	True
test	CP122738.1	NZ_MN419437.1	0.45	[0.4, 0.8)	1.5933333333333333	93581	118243	0.9148331392056079	0.7234677739908494	0.7234677739908494	97.34729855238139	0.9148331392056079	False	False	True
test	NZ_MN419437.1	NZ_AP028843.1	0.436046511627907	[0.4, 0.8)	1.5933333333333333	118243	137403	0.7003120692133995	0.6030363238066127	0.6030363238066127	98.26407338023755	0.7003120692133995	False	False	True
test	NZ_AP045063.1	NZ_MN419437.1	0.44	[0.4, 0.8)	1.5933333333333333	93025	118243	0.8750013437248052	0.6883705589337212	0.6883705589337212	98.37336601202895	0.8750013437248052	False	False	True
test	NZ_JBXULQ010000004.1	NZ_MN419437.1	0.7954545454545454	[0.4, 0.8)	1.5933333333333333	116759	118243	0.9092232718676933	0.8977783040010825	0.8977783040010825	99.94150703681738	0.9092232718676933	False	True	True
test	CP082669.1	NZ_MN419437.1	0.4275862068965517	[0.4, 0.8)	1.5933333333333333	99345	118243	0.824641401177714	0.6925483960995577	0.6925483960995577	98.14700775259944	0.824641401177714	False	False	True
test	OW849024.1	NZ_CP143282.1	0.5092936802973977	[0.4, 0.8)	1.5933333333333333	242397	248177	0.6407340024835291	0.6258315637629595	0.6258315637629595	99.62156988915068	0.6407340024835291	False	False	True
test	CP067475.1	NZ_CP143282.1	0.4423791821561338	[0.4, 0.8)	1.5933333333333333	216181	248177	0.6613948496861426	0.5761774862295861	0.5761774862295861	99.6867960311023	0.6613948496861426	False	False	True
test	NZ_CP043351.1	NZ_CP041642.1	0.7307692307692307	[0.4, 0.8)	1.5933333333333333	106448	121851	0.9508398466857056	0.8312775438855652	0.8312775438855652	99.51365333741339	0.9508398466857056	False	True	True
test	NZ_CP115709.1	NZ_CP041642.1	0.4260355029585799	[0.4, 0.8)	1.5933333333333333	119165	121851	0.6611588973272353	0.6466504173129478	0.6466504173129478	97.97872742604264	0.6611588973272353	False	False	True
test	NZ_CP149012.1	NZ_JBTLFT010000004.1	0.5625	[0.4, 0.8)	1.5933333333333333	53862	54697	0.9300434443578033	0.9170886885935243	0.9170886885935243	97.03096618809614	0.9300434443578033	False	False	True
test	NZ_CP149012.1	NZ_JBXEKV010000004.1	0.4382022471910112	[0.4, 0.8)	1.5933333333333333	53862	55313	0.9119230626415655	0.8909117205720174	0.8909117205720174	96.06753964695427	0.9119230626415655	False	False	True
test	OW969808.1	NZ_CP149012.1	0.6419753086419753	[0.4, 0.8)	1.5933333333333333	53236	53862	0.9311180404237734	0.9203520106939957	0.9203520106939957	97.47387837674381	0.9311180404237734	False	False	True
test	CP088789.1	AP026472.1	0.4338235294117647	[0.4, 0.8)	1.5933333333333333	91410	93433	0.8720052510666229	0.8533280532574145	0.8533280532574145	97.73413781521033	0.8720052510666229	False	False	True
test	AP026472.1	NZ_AP042698.1	0.4210526315789473	[0.4, 0.8)	1.5933333333333333	93433	97775	0.8145944152494301	0.7782971107133725	0.7782971107133725	97.74960665380019	0.8145944152494301	False	False	True
test	NZ_CP049847.1	AP026472.1	0.4418604651162791	[0.4, 0.8)	1.5933333333333333	90408	93433	0.8043535970268118	0.7783759485406655	0.7783759485406655	97.71084746554544	0.8043535970268118	False	False	True
test	AP026472.1	NZ_AP040966.1	0.4044117647058823	[0.4, 0.8)	1.5933333333333333	93433	96870	0.8431710423512035	0.8151646536595437	0.8151646536595437	97.88212133870027	0.8431710423512035	False	False	True
test	OW849005.1	NZ_CP043351.1	0.4137931034482758	[0.4, 0.8)	1.5933333333333333	98537	106448	0.7175984655510113	0.6638452577784458	0.6638452577784458	97.60300710532263	0.7175984655510113	False	False	True
test	NZ_CP196661.1	OW849005.1	0.4360902255639097	[0.4, 0.8)	1.5933333333333333	95080	98537	0.6759781236853176	0.6525163136689771	0.6525163136689771	98.11313290126047	0.6759781236853176	False	False	True
test	NZ_CP117397.1	NZ_LR890428.1	0.5328467153284672	[0.4, 0.8)	1.5933333333333333	100527	128238	0.8660061476021368	0.6788159515900123	0.6788159515900123	99.41666028570772	0.8660061476021368	False	False	True
test	NZ_CP006029.1	NZ_CP117397.1	0.6043956043956044	[0.4, 0.8)	1.5933333333333333	64561	100527	0.9529282384101857	0.6118157310971182	0.6118157310971182	99.9593133365822	0.9529282384101857	False	False	True
test	NZ_CP117397.1	NZ_CP134785.1	0.4803149606299212	[0.4, 0.8)	1.5933333333333333	100527	126955	0.7448745113253156	0.5896892599740066	0.5896892599740066	99.49648718188372	0.7448745113253156	False	False	True
test	NZ_CP117397.1	NZ_JBXSFE010000003.1	0.4645161290322581	[0.4, 0.8)	1.5933333333333333	100527	146840	0.7599450893789728	0.520049032961046	0.520049032961046	99.33285537233346	0.7599450893789728	False	False	True
test	NZ_RRPB01000143.1	NZ_AP042698.1	0.515625	[0.4, 0.8)	1.5933333333333333	93945	97775	0.8317100431103305	0.7992124776272053	0.7992124776272053	98.15950543575578	0.8317100431103305	False	False	True
test	NZ_LR890629.1	NZ_CP104670.1	0.6	[0.4, 0.8)	1.5933333333333333	5164	5168	1.0	1.0	1.0	99.342	1.0	False	True	True
test	NZ_JBVWEU010000008.1	NZ_CP104670.1	0.75	[0.4, 0.8)	1.5933333333333333	5166	5168	1.0	1.0	1.0	99.0719555211758	1.0	False	True	True
test	NZ_CP104670.1	NZ_CP048364.1	0.4285714285714285	[0.4, 0.8)	1.5933333333333333	5168	7872	1.0	0.657520325203252	0.657520325203252	99.65229573111841	1.0	False	False	True
test	NZ_CP106778.1	NZ_MT296576.1	0.7142857142857143	[0.4, 0.8)	1.5933333333333333	39245	43015	0.9734998088928526	0.8863419737300942	0.8863419737300942	99.01093301410367	0.9734998088928526	False	True	True
test	NZ_CP084875.1	CP067450.1	0.4929577464788732	[0.4, 0.8)	1.5933333333333333	199821	230982	0.9133174190900857	0.7898191201045969	0.7898191201045969	98.02575249649615	0.9133174190900857	False	False	True
test	CP067450.1	NZ_CP138727.1	0.4551083591331269	[0.4, 0.8)	1.5933333333333333	230982	277344	0.836246980284178	0.6963734567901234	0.6963734567901234	97.80174371542641	0.836246980284178	False	False	True
test	NZ_CP119050.1	NZ_AP026941.1	0.6789667896678967	[0.4, 0.8)	1.5933333333333333	229097	293280	0.9113606900134005	0.7120055919258047	0.7120055919258047	99.96983410107354	0.9113606900134005	False	False	True
test	NZ_LR890428.1	NZ_CP144317.1	0.4684210526315789	[0.4, 0.8)	1.5933333333333333	128238	174409	0.8183611721954491	0.6018095396453165	0.6018095396453165	99.20370979537036	0.8183611721954491	False	False	True
test	NZ_LR890428.1	NZ_CP024192.1	0.4465116279069767	[0.4, 0.8)	1.5933333333333333	128238	221606	0.7763221510004835	0.4493966769852802	0.4493966769852802	99.91056317754756	0.7763221510004835	False	False	True
test	NZ_LR890428.1	CP052444.1	0.4761904761904761	[0.4, 0.8)	1.5933333333333333	128238	174931	0.8315709851993949	0.6097089709656951	0.6097089709656951	99.2361071820201	0.8315709851993949	False	False	True
test	NZ_CP006029.1	NZ_LR890428.1	0.4621848739495798	[0.4, 0.8)	1.5933333333333333	64561	128238	0.953005684546398	0.4795848344484474	0.4795848344484474	99.8700793145456	0.953005684546398	False	False	True
test	NZ_LR890428.1	NZ_JCASKQ010000017.1	0.4969325153374233	[0.4, 0.8)	1.5933333333333333	128238	130759	0.6744022832545735	0.6615299902874754	0.6615299902874754	99.94696595808624	0.6744022832545735	False	False	True
test	NZ_LR890428.1	NZ_JBXSFE010000003.1	0.5548780487804879	[0.4, 0.8)	1.5933333333333333	128238	146840	0.7544331633369205	0.6667597384908744	0.6667597384908744	99.95213523615014	0.7544331633369205	False	False	True
test	NZ_LR890428.1	NZ_CP129712.1	0.4090909090909091	[0.4, 0.8)	1.5933333333333333	128238	143798	0.6284720597638765	0.5606545292702263	0.5606545292702263	99.9540941201275	0.6284720597638765	False	False	True
test	NZ_OY843410.1	NZ_AP025548.1	0.4181818181818181	[0.4, 0.8)	1.5933333333333333	136788	145376	0.6522355762201363	0.6135606977767994	0.6135606977767994	99.2612895726534	0.6522355762201363	False	False	True
test	NZ_CP073989.1	NZ_AP025548.1	0.4331210191082802	[0.4, 0.8)	1.5933333333333333	134191	145376	0.6947485300802587	0.6415501871010345	0.6415501871010345	99.40204950548095	0.6947485300802587	False	False	True
test	NZ_CP176935.1	NZ_CP176887.1	0.4791666666666667	[0.4, 0.8)	1.5933333333333333	147379	203546	0.8066549508410289	0.5843052676053571	0.5843052676053571	99.64110163151746	0.8066549508410289	False	False	True
test	AP026491.1	NZ_PV764932.1	0.4027777777777778	[0.4, 0.8)	1.5933333333333333	48260	51855	0.7444674678823042	0.6922572558094687	0.6922572558094687	97.87594512398532	0.7444674678823042	False	False	True
test	NZ_MF344559.1	NZ_PV764932.1	0.4761904761904761	[0.4, 0.8)	1.5933333333333333	42279	51855	0.7869864471723551	0.6413846302188796	0.6413846302188796	98.54750972388955	0.7869864471723551	False	False	True
test	CP009881.1	NZ_PV764932.1	0.4347826086956521	[0.4, 0.8)	1.5933333333333333	50272	51855	0.7959699236155315	0.7710539002989104	0.7710539002989104	97.95051859710433	0.7959699236155315	False	False	True
test	NZ_PV764932.1	NZ_CP118928.1	0.4736842105263157	[0.4, 0.8)	1.5933333333333333	51855	67839	0.8288689615273358	0.6341042763012427	0.6341042763012427	98.23033619748728	0.8288689615273358	False	False	True
test	NZ_PV764932.1	NZ_MH917123.1	0.5352112676056338	[0.4, 0.8)	1.5933333333333333	51855	65604	0.8891717288593193	0.7033260167062984	0.7033260167062984	98.30854534823283	0.8891717288593193	False	False	True
test	NZ_JBUBIE010000002.1	NZ_CP062972.1	0.4234234234234234	[0.4, 0.8)	1.5933333333333333	84790	136326	0.7938318197900696	0.49443246335988733	0.49443246335988733	97.84206710633565	0.7938318197900696	False	False	True
test	NZ_JBUBIE010000002.1	NZ_CP074870.1	0.4485981308411215	[0.4, 0.8)	1.5933333333333333	84790	92785	0.8531784408538743	0.7797812146359864	0.7797812146359864	97.30181984182848	0.8531784408538743	False	False	True
test	NZ_JBUBIE010000002.1	CP122738.1	0.5841584158415841	[0.4, 0.8)	1.5933333333333333	84790	93581	0.9789244014624366	0.8877443070708798	0.8877443070708798	98.00496791096795	0.9789244014624366	False	False	True
test	NZ_JBUBIE010000002.1	CP073108.1	0.4426229508196721	[0.4, 0.8)	1.5933333333333333	84790	108563	0.9374336596296733	0.7324318598417509	0.7324318598417509	98.0090983369759	0.9374336596296733	False	False	True
test	NZ_JBUBIE010000002.1	NZ_MW881232.1	0.6145833333333334	[0.4, 0.8)	1.5933333333333333	84790	91784	0.9016157565750678	0.8329774252593044	0.8329774252593044	99.1496067327664	0.9016157565750678	False	True	True
test	NZ_JBUBIE010000002.1	CP082669.1	0.4385964912280701	[0.4, 0.8)	1.5933333333333333	84790	99345	0.9119825451114518	0.7790326639488651	0.7790326639488651	97.35467859032427	0.9119825451114518	False	False	True
test	NZ_CP049282.1	NZ_LR878366.1	0.5714285714285714	[0.4, 0.8)	1.5933333333333333	208836	231165	0.8552979371372752	0.7727597170851989	0.7727597170851989	99.03102315438682	0.8552979371372752	False	False	True
test	NZ_MW390517.1	NZ_CP133102.1	0.4857142857142857	[0.4, 0.8)	1.5933333333333333	118279	134388	0.7765960145080699	0.683900348245379	0.683900348245379	98.24786841619928	0.7765960145080699	False	False	True
test	NZ_CP061953.1	OW967602.1	0.5462184873949579	[0.4, 0.8)	1.5933333333333333	168138	205284	0.8154551618313528	0.6678601352272948	0.6678601352272948	99.65235531055401	0.8154551618313528	False	False	True
test	NZ_CP061953.1	OW849035.1	0.6036036036036037	[0.4, 0.8)	1.5933333333333333	168138	204647	0.8556245465034674	0.7009338030853127	0.7009338030853127	99.75039006574649	0.8556245465034674	False	False	True
test	NZ_CP061953.1	NZ_CP141542.1	0.4098360655737705	[0.4, 0.8)	1.5933333333333333	168138	202151	0.7048495878385612	0.586487328778982	0.586487328778982	98.16970939976396	0.7048495878385612	False	False	True
test	NZ_CP061953.1	NZ_CP056884.1	0.5168067226890757	[0.4, 0.8)	1.5933333333333333	168138	198658	0.8134032758805267	0.6884142596824694	0.6884142596824694	98.67552457100275	0.8134032758805267	False	False	True
test	NZ_CP061953.1	NZ_CP054265.1	0.4520547945205479	[0.4, 0.8)	1.5933333333333333	168138	168717	0.621299170919126	0.6191432991340529	0.6191432991340529	99.94533400019145	0.621299170919126	False	False	True
test	NZ_CP061953.1	NZ_CP014121.1	0.6380090497737556	[0.4, 0.8)	1.5933333333333333	168138	200203	0.8917436867335166	0.7488948717052192	0.7488948717052192	99.9353776961389	0.8917436867335166	False	False	True
test	NZ_KY288024.1	NZ_KX646543.1	0.40625	[0.4, 0.8)	1.5933333333333333	82841	111559	0.6461776173633829	0.4805259996952285	0.4805259996952285	98.75068715510812	0.6461776173633829	False	False	True
test	NZ_PV022950.1	NZ_KX646543.1	0.4076923076923077	[0.4, 0.8)	1.5933333333333333	90934	111559	0.6505267556689467	0.5312345933541892	0.5312345933541892	98.91057377270353	0.6505267556689467	False	False	True
test	NZ_CP193630.1	NZ_KX646543.1	0.5087719298245614	[0.4, 0.8)	1.5933333333333333	88723	111559	0.695749692864308	0.5533484523884222	0.5533484523884222	99.30104518466987	0.695749692864308	False	False	True
test	NZ_CP135667.1	NZ_KX646543.1	0.5229357798165137	[0.4, 0.8)	1.5933333333333333	76366	111559	0.7408925438022157	0.5078837207217706	0.5078837207217706	99.3670160454209	0.7376199434286564	True	False	True
test	CP104420.1	NZ_KX646543.1	0.5412844036697247	[0.4, 0.8)	1.5933333333333333	83397	111559	0.7686847248701991	0.5755160946225764	0.5755160946225764	99.44434722524822	0.7686847248701991	False	False	True
test	NZ_OP378628.1	NZ_KY288024.1	0.4455445544554455	[0.4, 0.8)	1.5933333333333333	74826	82841	0.720204207093791	0.6482538839463551	0.6482538839463551	97.54241173425049	0.720204207093791	False	False	True
test	NZ_KY288024.1	NZ_CP119738.1	0.4140625	[0.4, 0.8)	1.5933333333333333	82841	100423	0.6402626718653807	0.5289326150383876	0.5289326150383876	98.66288604218713	0.6402626718653807	False	False	True
test	NZ_KY288024.1	NZ_CP193630.1	0.5247524752475248	[0.4, 0.8)	1.5933333333333333	82841	88723	0.7637401769655122	0.7135804695513002	0.7135804695513002	99.32039361735674	0.7637401769655122	False	False	True
test	NZ_CP135667.1	NZ_KY288024.1	0.574468085106383	[0.4, 0.8)	1.5933333333333333	76366	82841	0.7846685697823639	0.7237237599739259	0.7237237599739259	99.39674969590936	0.7984544384143784	True	False	True
test	NZ_KY288024.1	CP104420.1	0.5789473684210527	[0.4, 0.8)	1.5933333333333333	82841	83397	0.7649473086997984	0.7592719162559805	0.7592719162559805	99.4088635389078	0.7649473086997984	False	False	True
test	NZ_JBQPWJ010000069.1	NZ_JCDGLG010000084.1	0.4166666666666667	[0.4, 0.8)	1.5933333333333333	9568	15475	0.9122073578595318	0.5639418416801293	0.5639418416801293	98.408	0.9122073578595318	False	False	True
test	NZ_CP066481.1	NZ_CP046167.1	0.4552529182879377	[0.4, 0.8)	1.5933333333333333	187318	234807	0.7824608419906256	0.6249345206914615	0.6249345206914615	98.14083709772908	0.7824608419906256	False	False	True
test	NZ_PQ365750.1	NZ_CP121358.1	0.465648854961832	[0.4, 0.8)	1.5933333333333333	90009	94075	0.8887777888877779	0.8503640712197714	0.8503640712197714	97.40251598361678	0.8887777888877779	False	False	True
test	NZ_OP378628.1	NZ_PV022950.1	0.4607843137254901	[0.4, 0.8)	1.5933333333333333	74826	90934	0.7422420014433486	0.6078144588382783	0.6078144588382783	97.57965103577139	0.7422420014433486	False	False	True
test	NZ_PV022950.1	NZ_CP119738.1	0.4153846153846154	[0.4, 0.8)	1.5933333333333333	90934	100423	0.6296654716607649	0.571134102745387	0.571134102745387	98.75069822959506	0.6296654716607649	False	False	True
test	NZ_PV022950.1	NZ_CP095666.1	0.7878787878787878	[0.4, 0.8)	1.5933333333333333	90934	99379	0.9168407856247388	0.8390203161633746	0.8390203161633746	99.76038851877591	0.9168407856247388	False	True	True
test	NZ_CP193630.1	NZ_PV022950.1	0.5242718446601942	[0.4, 0.8)	1.5933333333333333	88723	90934	0.7338345186704688	0.7156729056238591	0.7156729056238591	99.38592265659776	0.7338345186704688	False	False	True
test	NZ_CP135667.1	NZ_PV022950.1	0.5567010309278351	[0.4, 0.8)	1.5933333333333333	76366	90934	0.7847078542807009	0.6584775771438626	0.6584775771438626	99.35404654809969	0.7984950398570829	True	False	True
test	CP104420.1	NZ_PV022950.1	0.5773195876288659	[0.4, 0.8)	1.5933333333333333	83397	90934	0.7826420614650407	0.7174104295423054	0.7174104295423054	99.31724271755444	0.7826420614650407	False	False	True
test	OW966965.1	OW849481.1	0.5050505050505051	[0.4, 0.8)	1.5933333333333333	66091	105977	0.7888971266889592	0.4902384479651245	0.4902384479651245	99.8349391126435	0.7888971266889592	False	False	True
test	CP044382.1	NZ_JBTAPC010000002.1	0.6418918918918919	[0.4, 0.8)	1.5933333333333333	123229	126207	0.8752809809379286	0.8560539431251832	0.8560539431251832	99.52708173045788	0.8752809809379286	False	True	True
test	NZ_CP094333.1	NZ_AP039440.1	0.425287356321839	[0.4, 0.8)	1.5933333333333333	109070	123644	0.7931236820390575	0.6998236873604866	0.6998236873604866	98.88932539233461	0.7931236820390575	False	False	True
test	NZ_CP006029.1	NZ_CP117387.1	0.6043956043956044	[0.4, 0.8)	1.5933333333333333	64561	100517	0.9529282384101857	0.6117771123292577	0.6117771123292577	99.9270688271605	0.9529282384101857	False	False	True
test	NZ_CP117387.1	NZ_JCASKQ010000017.1	0.4025974025974026	[0.4, 0.8)	1.5933333333333333	100517	130759	0.7423420913875265	0.5706681758043424	0.5706681758043424	99.2244304123021	0.7423420913875265	False	False	True
test	NZ_CP117387.1	NZ_CP134785.1	0.4803149606299212	[0.4, 0.8)	1.5933333333333333	100517	126955	0.7449287185252246	0.589681383167264	0.589681383167264	99.48606414484665	0.7449287185252246	False	False	True
test	NZ_CP117387.1	NZ_PETB01000002.1	0.4012738853503185	[0.4, 0.8)	1.5933333333333333	100517	128081	0.7382830764945233	0.5791413246305073	0.5791413246305073	99.16441985637874	0.7382830764945233	False	False	True
test	CP055733.1	NZ_AP027592.1	0.4	[0.4, 0.8)	1.5933333333333333	3136	3373	0.30994897959183676	0.2890601838126297	0.2890601838126297	97.74322974358975	0.30994897959183676	False	False	False
test	NZ_JBDYHN010000069.1	NZ_JARVXC010000052.1	0.5	[0.4, 0.8)	1.5933333333333333	225	1551	1.0	0.1450676982591876	0.1450676982591876	100.0	1.0	False	False	True
test	NZ_OR724972.1	NZ_KX555451.1	0.7916666666666666	[0.4, 0.8)	1.5933333333333333	34639	38814	0.9284332688588007	0.8275622198175916	0.8275622198175916	99.66759965817276	0.9284332688588007	False	True	True
test	NZ_CP083521.1	NZ_CP074122.1	0.4832214765100671	[0.4, 0.8)	1.5933333333333333	110153	111789	0.8592684720343522	0.8463802341911995	0.8463802341911995	98.03115325816125	0.8592684720343522	False	False	True
test	NZ_JBVYPD010000003.1	NZ_MF062700.1	0.5	[0.4, 0.8)	1.5933333333333333	50445	60206	0.7115670532262861	0.5964521808457629	0.5964521808457629	99.4543789274483	0.7115670532262861	False	False	True
test	NZ_CP050383.1	NZ_JBQGLE010000003.1	0.6666666666666666	[0.4, 0.8)	1.5933333333333333	4081	18824	1.0	0.21690395240118998	0.21690395240118998	99.559	1.0	False	False	True
test	NZ_CP107168.1	NZ_JBQGLE010000003.1	0.6666666666666666	[0.4, 0.8)	1.5933333333333333	4082	18824	1.0	0.21690395240118998	0.21690395240118998	99.412	1.0	False	False	True
test	NZ_CP006634.1	NZ_JBQGLE010000003.1	0.6666666666666666	[0.4, 0.8)	1.5933333333333333	4086	18824	0.9733235438081254	0.21111347216319593	0.21111347216319593	99.774	0.9733235438081254	False	False	True
test	NZ_CP040807.1	MN868654.1	0.6041666666666666	[0.4, 0.8)	1.5933333333333333	90871	93231	0.908617710820834	0.8920959766601237	0.8920959766601237	98.74947498078214	0.908617710820834	False	False	True
test	NZ_CP009581.1	NZ_MT773671.1	0.5	[0.4, 0.8)	1.5933333333333333	62384	65579	0.8456014362657092	0.8036109120297656	0.8036109120297656	98.16377967928597	0.8456014362657092	False	False	True
test	NZ_MT929283.1	NZ_CP009581.1	0.5714285714285714	[0.4, 0.8)	1.5933333333333333	60643	62384	0.9053971604307175	0.8796967171069505	0.8796967171069505	98.38969262673646	0.9053971604307175	False	False	True
test	NZ_CP009581.1	NZ_JBRXAB010000004.1	0.575	[0.4, 0.8)	1.5933333333333333	62384	62657	0.8402635291100282	0.8370493320778205	0.8370493320778205	97.48233555019287	0.8402635291100282	False	False	True
test	NZ_CP009581.1	NZ_LS992189.1	0.5180722891566265	[0.4, 0.8)	1.5933333333333333	62384	64687	0.8371537573736856	0.8062361834680848	0.8062361834680848	97.68258939726816	0.8371537573736856	False	False	True
test	NZ_CP009581.1	NZ_CP066368.1	0.5569620253164557	[0.4, 0.8)	1.5933333333333333	62384	66038	0.8686842780200051	0.8215572851994306	0.8215572851994306	98.40282360715926	0.8686842780200051	False	False	True
test	NZ_CP043351.1	NZ_CP115709.1	0.4304635761589404	[0.4, 0.8)	1.5933333333333333	106448	119165	0.7442413197053961	0.6647841228548651	0.6647841228548651	97.89332844763429	0.7442413197053961	False	False	True
test	NZ_MH341575.1	NZ_CP151758.1	0.7758620689655172	[0.4, 0.8)	1.5933333333333333	46293	53097	0.977447994297194	0.8499350245776598	0.8499350245776598	99.96883676941776	0.977447994297194	False	True	True
test	NZ_MH341575.1	NZ_CP185196.1	0.5352112676056338	[0.4, 0.8)	1.5933333333333333	46293	61059	0.8436696692804527	0.6375472903257505	0.6375472903257505	99.97676930561246	0.8436696692804527	False	False	True
test	NZ_MH341575.1	NZ_JBWIFL010000005.1	0.6440677966101694	[0.4, 0.8)	1.5933333333333333	46293	59700	0.8816451731363273	0.6817587939698493	0.6817587939698493	99.98268326800589	0.8816451731363273	False	False	True
test	NZ_MH341575.1	NZ_CM007910.1	0.4653465346534653	[0.4, 0.8)	1.5933333333333333	46293	124845	0.8464130646102003	0.3138531779406464	0.3138531779406464	99.99529193783019	0.8464130646102003	False	False	True
test	NZ_CP057242.1	NZ_AP027542.1	0.6666666666666666	[0.4, 0.8)	1.5933333333333333	1551	1552	1.0	1.0	1.0	95.88154697554698	1.0	False	False	True
test	NZ_CP130069.1	NZ_CP057242.1	0.5	[0.4, 0.8)	1.5933333333333333	1538	1551	1.0	1.0	1.0	93.955	1.0	False	False	True
test	NZ_CP057242.1	NZ_CP057363.1	0.6666666666666666	[0.4, 0.8)	1.5933333333333333	1551	1552	1.0	1.0	1.0	95.88148133848134	1.0	False	False	True
test	NZ_CP057242.1	NZ_OY754363.1	0.6666666666666666	[0.4, 0.8)	1.5933333333333333	1551	1552	1.0	1.0	1.0	95.81710553410554	1.0	False	False	True
test	NZ_CP144317.1	NZ_CP024192.1	0.6146788990825688	[0.4, 0.8)	1.5933333333333333	174409	221606	0.8376975958809465	0.6593955037318484	0.6593955037318484	99.53706678202822	0.8376975958809465	False	False	True
test	NZ_CP144317.1	NZ_CP024550.1	0.625615763546798	[0.4, 0.8)	1.5933333333333333	174409	187611	0.7758831252974331	0.7213009898140301	0.7213009898140301	99.62479250216029	0.7758831252974331	False	False	True
test	NZ_CP144317.1	NZ_CP114566.1	0.4784313725490196	[0.4, 0.8)	1.5933333333333333	174409	210045	0.7608150955512617	0.6319502963650646	0.6319502963650646	99.1943438761371	0.7608150955512617	False	False	True
test	NZ_CP134785.1	NZ_CP144317.1	0.435754189944134	[0.4, 0.8)	1.5933333333333333	126955	174409	0.7426726005277461	0.5406716396516235	0.5406716396516235	99.70318442257941	0.7426726005277461	False	False	True
test	NZ_MZ475707.1	NZ_CP144317.1	0.5521472392638037	[0.4, 0.8)	1.5933333333333333	100733	174409	0.9654234461397952	0.5576317735896656	0.5576317735896656	99.98135083986101	0.9654234461397952	False	False	True
test	NZ_JBXSFE010000003.1	NZ_CP144317.1	0.6353591160220995	[0.4, 0.8)	1.5933333333333333	146840	174409	0.8250749114682647	0.6947519910096382	0.6947519910096382	99.75923486411118	0.8250749114682647	False	False	True
test	AP026491.1	NC_032101.1	0.5405405405405406	[0.4, 0.8)	1.5933333333333333	48260	58120	0.8171156237049316	0.6787508602890572	0.6787508602890572	99.07592921721071	0.8171156237049316	False	False	True
test	NZ_CM017184.1	AP026491.1	0.6779661016949152	[0.4, 0.8)	1.5933333333333333	43405	48260	0.8576661674922244	0.7708246995441359	0.7708246995441359	99.83358010901378	0.8576661674922244	False	False	True
test	NZ_MF344559.1	AP026491.1	0.5	[0.4, 0.8)	1.5933333333333333	42279	48260	0.7354242058705267	0.6444053046000828	0.6444053046000828	99.8554972835696	0.7354242058705267	False	False	True
test	NZ_CP184004.1	AP026491.1	0.5074626865671642	[0.4, 0.8)	1.5933333333333333	45802	48260	0.5461551897297061	0.5232283464566929	0.5232283464566929	99.62021350891763	0.5461551897297061	False	False	True
test	AP026491.1	NZ_CP149976.1	0.5238095238095238	[0.4, 0.8)	1.5933333333333333	48260	58972	0.7986531288852051	0.6447127450315404	0.6447127450315404	99.84710469819541	0.7986531288852051	False	False	True
test	AP026491.1	NZ_CP042533.1	0.4666666666666667	[0.4, 0.8)	1.5933333333333333	48260	51987	0.756237049316204	0.7028295535422318	0.7028295535422318	98.50456302291245	0.756237049316204	False	False	True
test	CP080739.1	NZ_CP086468.1	0.4093959731543624	[0.4, 0.8)	1.5933333333333333	206152	247089	0.6992655904381233	0.5836075260331297	0.5836075260331297	98.2352570802778	0.7725225482035553	True	False	True
test	NZ_CP020069.1	NZ_CP086468.1	0.4078947368421052	[0.4, 0.8)	1.5933333333333333	213013	247089	0.6714801444043321	0.5790626049722974	0.5790626049722974	98.33669639264555	0.6714801444043321	False	False	True
test	NZ_CP014121.1	NZ_CP086468.1	0.4175084175084175	[0.4, 0.8)	1.5933333333333333	200203	247089	0.7074069819133579	0.5733966303639579	0.5733966303639579	98.39853546056762	0.7074069819133579	False	False	True
test	CP127542.1	NC_013333.1	0.4642857142857143	[0.4, 0.8)	1.5933333333333333	20403	20453	0.546243199529481	0.5426587786632768	0.5426587786632768	99.41763259272531	0.546243199529481	False	False	True
test	NZ_CP102691.1	NZ_OZ066665.1	0.631578947368421	[0.4, 0.8)	1.5933333333333333	9294	39395	0.8245104368409727	0.19451707069425053	0.19451707069425053	99.96071307411273	0.8245104368409727	False	False	True
test	NZ_CP102691.1	CP067788.1	0.6666666666666666	[0.4, 0.8)	1.5933333333333333	9294	13841	0.8465676780718743	0.5684560364135539	0.5684560364135539	99.98736959837315	0.8465676780718743	False	False	True
test	NZ_CP074870.1	NZ_CP097713.1	0.4081632653061224	[0.4, 0.8)	1.5933333333333333	92785	122563	0.8757557794902193	0.6626959196494864	0.6626959196494864	98.43837808387651	0.8757557794902193	False	False	True
test	NZ_JBXULQ010000004.1	NZ_CP097713.1	0.4642857142857143	[0.4, 0.8)	1.5933333333333333	116759	122563	0.7735677763598523	0.7367965862454411	0.7367965862454411	97.91869262417465	0.7735677763598523	False	False	True
test	NZ_CP151126.1	NZ_CP151122.1	0.5	[0.4, 0.8)	1.5933333333333333	13364	25430	0.9703681532475307	0.5103027919779788	0.5103027919779788	98.80771659358412	0.9703681532475307	False	False	True
test	NZ_CP101534.1	NZ_CP097707.1	0.5251396648044693	[0.4, 0.8)	1.5933333333333333	141697	159393	0.6589836058632151	0.5857910949665293	0.5857910949665293	99.95377428923275	0.6589836058632151	False	False	True
test	NZ_CP101766.1	NZ_CP101534.1	0.4176470588235294	[0.4, 0.8)	1.5933333333333333	127176	141697	0.6753711392086558	0.6061666796050728	0.6061666796050728	99.33167557691635	0.6753711392086558	False	False	True
test	NZ_CP146851.1	NZ_CP101534.1	0.4342857142857143	[0.4, 0.8)	1.5933333333333333	138872	141697	0.6579872112448873	0.6449113248692633	0.6449113248692633	99.35570408531582	0.6579872112448873	False	False	True
test	NZ_CP077553.1	NZ_RRND01000164.1	0.5041322314049587	[0.4, 0.8)	1.5933333333333333	91375	92980	0.8824733242134063	0.8675198967519897	0.8675198967519897	98.0256650721261	0.8824733242134063	False	False	True
test	CP088789.1	NZ_CP041960.1	0.4525547445255474	[0.4, 0.8)	1.5933333333333333	91410	98151	0.8530685920577618	0.7941640940999073	0.7941640940999073	97.69993569012351	0.8530685920577618	False	False	True
test	CP088789.1	NZ_AP040966.1	0.515625	[0.4, 0.8)	1.5933333333333333	91410	96870	0.905852751340116	0.8566738928460824	0.8566738928460824	98.60140789552939	0.905852751340116	False	False	True
test	NZ_CP074455.1	OW967602.1	0.4769874476987448	[0.4, 0.8)	1.5933333333333333	159477	205284	0.8035766913097186	0.6242425128115197	0.6242425128115197	99.25737362603071	0.8035766913097186	False	False	True
test	OW967602.1	CP080739.1	0.7920353982300885	[0.4, 0.8)	1.5933333333333333	205284	206152	0.9305693575729234	0.9266851643447553	0.9266851643447553	99.44457526259873	0.9305693575729234	True	True	True
test	OW967602.1	OW849024.1	0.4081632653061224	[0.4, 0.8)	1.5933333333333333	205284	242397	0.688641102082968	0.5834024348486161	0.5834024348486161	98.37267335600023	0.688641102082968	False	False	True
test	OW967602.1	CP067475.1	0.4296028880866426	[0.4, 0.8)	1.5933333333333333	205284	216181	0.6760828900450108	0.6422164760085299	0.6422164760085299	98.35251045784103	0.6760828900450108	False	False	True
test	NZ_CP056884.1	OW967602.1	0.4412811387900356	[0.4, 0.8)	1.5933333333333333	198658	205284	0.6972133012513969	0.6748260945811656	0.6748260945811656	98.79095172334175	0.6972133012513969	False	False	True
test	NZ_CP080351.1	OW967602.1	0.4904942965779467	[0.4, 0.8)	1.5933333333333333	193800	205284	0.7603611971104232	0.7177227645603165	0.7177227645603165	98.5930627416663	0.7603611971104232	False	False	True
test	NZ_CP014121.1	OW967602.1	0.75	[0.4, 0.8)	1.5933333333333333	200203	205284	0.8880935850112136	0.8660392431947935	0.8660392431947935	99.76439245588584	0.8880935850112136	False	True	True
test	NZ_CP134504.1	NZ_JBRETY010000002.1	0.4545454545454545	[0.4, 0.8)	1.5933333333333333	207184	315596	0.8721233299868716	0.5726973725902736	0.5726973725902736	98.88311474085955	0.8721233299868716	False	False	True
test	NZ_CP088223.1	NZ_JBRETY010000002.1	0.5403899721448467	[0.4, 0.8)	1.5933333333333333	277693	315596	0.7658385339205526	0.6739470715725168	0.6739470715725168	99.57612285006512	0.7658385339205526	False	False	True
test	NZ_JBRJPJ010000002.1	NZ_JBRETY010000002.1	0.4947368421052631	[0.4, 0.8)	1.5933333333333333	285363	315596	0.7352214547786503	0.6646693874447078	0.6646693874447078	99.3582654218962	0.7352214547786503	False	False	True
test	NZ_CP097682.1	NZ_CP146851.1	0.4263565891472868	[0.4, 0.8)	1.5933333333333333	57847	138872	0.9695922001140941	0.40390431476467537	0.40390431476467537	99.94665836660488	0.9695922001140941	False	False	True
test	NZ_JBVVLY010000002.1	NZ_CP083921.1	0.4391143911439114	[0.4, 0.8)	1.5933333333333333	191497	213279	0.6356392006141088	0.5708719564514088	0.5708719564514088	99.11203171658636	0.6356392006141088	False	False	True
test	NZ_JBVVLY010000002.1	NZ_CP131796.1	0.4836363636363636	[0.4, 0.8)	1.5933333333333333	191497	271337	0.7475626250019582	0.5276464322963694	0.5276464322963694	99.18561484076741	0.7475626250019582	False	False	True
test	NZ_MT929283.1	NZ_MT773671.1	0.5119047619047619	[0.4, 0.8)	1.5933333333333333	60643	65579	0.8732252691984236	0.8072553713841322	0.8072553713841322	98.1519156138035	0.8732252691984236	False	False	True
test	NZ_MT773671.1	NZ_CP066368.1	0.5176470588235295	[0.4, 0.8)	1.5933333333333333	65579	66038	0.8794888607633541	0.8696962355007722	0.8696962355007722	98.36288257510135	0.8794888607633541	False	False	True
test	NZ_CP073977.1	NZ_AP027422.1	0.7517006802721088	[0.4, 0.8)	1.5933333333333333	241691	249953	0.8680381147829253	0.8418382655939317	0.8418382655939317	99.60382512163135	0.8680381147829253	False	True	True
test	NZ_CP134504.1	NZ_AP027422.1	0.4011627906976744	[0.4, 0.8)	1.5933333333333333	207184	249953	0.8696665765696193	0.7212395930434922	0.7212395930434922	97.86785180298057	0.8696665765696193	False	False	True
test	NZ_AP027422.1	NZ_MK477611.1	0.5744047619047619	[0.4, 0.8)	1.5933333333333333	249953	263466	0.7463363112265106	0.7059013307219907	0.7059013307219907	99.77171885918847	0.7463363112265106	False	False	True
test	NZ_CP141199.1	NZ_AP027422.1	0.6046511627906976	[0.4, 0.8)	1.5933333333333333	214402	249953	0.7909347860561002	0.6807279768596496	0.6807279768596496	99.6820274090917	0.7909347860561002	False	False	True
test	NZ_MW356909.1	NZ_AP027422.1	0.6061538461538462	[0.4, 0.8)	1.5933333333333333	249475	249953	0.7128890670407857	0.7119378443147312	0.7119378443147312	99.5118583057589	0.7128890670407857	False	False	True
test	NZ_AP027422.1	NZ_JBXSEZ010000002.1	0.7058823529411765	[0.4, 0.8)	1.5933333333333333	249953	287195	0.8578892831852388	0.7446508469854977	0.7446508469854977	99.58883498503678	0.8578892831852388	False	False	True
test	NZ_CM007865.1	NZ_CP148239.1	0.410958904109589	[0.4, 0.8)	1.5933333333333333	38626	46941	0.921866100554031	0.7601670181717475	0.7601670181717475	95.79766765528822	0.921866100554031	False	False	True
test	NZ_CP131687.1	NZ_AP018457.1	0.5784313725490197	[0.4, 0.8)	1.5933333333333333	82641	86535	0.7635435195605087	0.7288842664817704	0.7288842664817704	99.95596135013074	0.7635435195605087	False	False	True
test	NZ_CP138727.1	NZ_CP182818.1	0.5294117647058824	[0.4, 0.8)	1.5933333333333333	277344	278962	0.7649705780546902	0.7598382575404535	0.7598382575404535	98.82176954343683	0.7649705780546902	False	False	True
test	NZ_CP022458.1	NZ_MG299151.1	0.4083333333333333	[0.4, 0.8)	1.5933333333333333	55820	109845	0.9852920100322465	0.5010787928444627	0.5010787928444627	98.29259683916389	0.9852920100322465	False	False	True
test	NZ_CP146671.1	NZ_MG299151.1	0.4621212121212121	[0.4, 0.8)	1.5933333333333333	86055	109845	0.8637150659461972	0.6767353998816514	0.6767353998816514	98.03887904048538	0.8637150659461972	False	False	True
test	CP030387.1	NZ_CP014404.1	0.68	[0.4, 0.8)	1.5933333333333333	25430	25980	0.8280377506881635	0.8118937644341802	0.8118937644341802	99.49743787038354	0.8280377506881635	False	True	True
test	NZ_CP151126.1	CP030387.1	0.4782608695652174	[0.4, 0.8)	1.5933333333333333	13364	25430	0.9703681532475307	0.5103027919779788	0.5103027919779788	98.83815970459266	0.9703681532475307	False	False	True
test	NZ_LR878366.1	CP119444.1	0.6007905138339921	[0.4, 0.8)	1.5933333333333333	231165	285256	0.8727315986416628	0.7071332417197185	0.7071332417197185	99.31257995376762	0.8727315986416628	False	False	True
test	NZ_CP081261.1	NZ_CP010620.1	0.5555555555555556	[0.4, 0.8)	1.5933333333333333	78165	85540	1.0	0.9142038812251578	0.9142038812251578	97.85662067819574	1.0	False	False	True
test	NZ_JBZGES010000003.1	NZ_CP024192.1	0.6221198156682027	[0.4, 0.8)	1.5933333333333333	162786	221606	0.8552332510166722	0.6283358753824355	0.6283358753824355	99.96048722826869	0.8552332510166722	False	False	True
test	CP052444.1	NZ_CP024192.1	0.6221198156682027	[0.4, 0.8)	1.5933333333333333	174931	221606	0.8443843572608628	0.666656137469202	0.666656137469202	99.47491085116603	0.8443843572608628	False	False	True
test	NZ_JBYYIK010000003.1	NZ_CP024192.1	0.4135021097046413	[0.4, 0.8)	1.5933333333333333	144341	221606	0.7956852176443283	0.5184155663655317	0.5184155663655317	99.05262505328541	0.7956852176443283	False	False	True
test	NZ_JBXSFE010000003.1	NZ_CP024192.1	0.5922330097087378	[0.4, 0.8)	1.5933333333333333	146840	221606	0.8428697902478889	0.5586581590751153	0.5586581590751153	99.9756962921693	0.8428697902478889	False	False	True
test	NZ_CP129815.1	NZ_CP024192.1	0.615	[0.4, 0.8)	1.5933333333333333	146394	221606	0.9017855923056955	0.595778092650921	0.595778092650921	99.98719390204198	0.9017855923056955	False	False	True
test	NZ_CP014404.1	CP150837.1	0.7391304347826086	[0.4, 0.8)	1.5933333333333333	25980	27053	0.8741724403387221	0.83820648356929	0.83820648356929	99.6259306948109	0.8741724403387221	False	True	True
test	NZ_CP151126.1	CP150837.1	0.5238095238095238	[0.4, 0.8)	1.5933333333333333	13364	27053	0.9703681532475307	0.4797619487672347	0.4797619487672347	99.19477999386314	0.9703681532475307	False	False	True
test	NC_032101.1	NZ_CP044159.1	0.4939759036144578	[0.4, 0.8)	1.5933333333333333	58120	59694	0.6779593943565038	0.6599155694039602	0.6599155694039602	99.08973505248744	0.6779593943565038	False	False	True
test	RefSeq_NZ_VKNT01000070.1	NZ_CP044159.1	0.4512195121951219	[0.4, 0.8)	1.5933333333333333	58447	59694	0.6390747172652146	0.6251717090494857	0.6251717090494857	98.33656112433472	0.710411198600175	True	False	True
test	NZ_CM017184.1	NZ_CP044159.1	0.6029411764705882	[0.4, 0.8)	1.5933333333333333	43405	59694	0.8886533809468955	0.645776794987771	0.645776794987771	99.73069434871609	0.8886533809468955	False	False	True
test	NZ_MF344559.1	NZ_CP044159.1	0.4545454545454545	[0.4, 0.8)	1.5933333333333333	42279	59694	0.7425199271505949	0.5259992629074949	0.5259992629074949	99.85991218518166	0.7425199271505949	False	False	True
test	CP009881.1	NZ_CP044159.1	0.5945945945945946	[0.4, 0.8)	1.5933333333333333	50272	59694	0.8175724061107574	0.6886454250008376	0.6886454250008376	99.74232302230006	0.8175724061107574	False	False	True
test	NZ_CP149976.1	NZ_CP044159.1	0.4838709677419355	[0.4, 0.8)	1.5933333333333333	58972	59694	0.63472495421556	0.6360773277046269	0.63472495421556	99.75771281187492	0.63472495421556	False	False	True
test	NZ_CP042533.1	NZ_CP044159.1	0.4285714285714285	[0.4, 0.8)	1.5933333333333333	51987	59694	0.7224690788081636	0.6289911883941435	0.6289911883941435	98.2687763031915	0.7224690788081636	False	False	True
test	NZ_CP178695.1	NZ_CP083889.1	0.4420600858369098	[0.4, 0.8)	1.5933333333333333	153819	219996	0.7243708514552819	0.5065501190930745	0.5065501190930745	98.77096803980457	0.7243708514552819	False	False	True
test	NZ_JBUBIP010000002.1	NZ_CP178695.1	0.6228571428571429	[0.4, 0.8)	1.5933333333333333	150224	153819	0.6252529555863244	0.6108803203765465	0.6108803203765465	99.63935523137653	0.6252529555863244	False	False	True
test	NC_017659.1	NZ_CP178695.1	0.4150943396226415	[0.4, 0.8)	1.5933333333333333	147060	153819	0.6814293485652114	0.6515059908073775	0.6515059908073775	99.42562625305469	0.6814293485652114	False	False	True
test	NZ_CP178695.1	NZ_CP032263.1	0.4207920792079208	[0.4, 0.8)	1.5933333333333333	153819	155784	0.6238891164290498	0.6161415806501309	0.6161415806501309	99.01355158490644	0.6238891164290498	False	False	True
test	NZ_CP148451.1	NZ_CP180667.1	0.5	[0.4, 0.8)	1.5933333333333333	2835	4544	0.21657848324514992	0.13534330985915494	0.13534330985915494	95.93528780487806	0.21657848324514992	False	False	False
test	NZ_CP021547.1	NZ_CP101557.1	0.7843137254901961	[0.4, 0.8)	1.5933333333333333	45740	46288	0.8842588543944031	0.8739414103007259	0.8739414103007259	99.98772395807583	0.8842588543944031	False	True	True
test	NZ_CP196097.1	NZ_CP101557.1	0.4626865671641791	[0.4, 0.8)	1.5933333333333333	46176	46288	0.6171171171171171	0.6158831662633945	0.6158831662633945	99.87046233429193	0.6171171171171171	False	False	True
test	NZ_JBRRZW010000022.1	NZ_CP017647.1	0.6458333333333334	[0.4, 0.8)	1.5933333333333333	64439	73891	0.9555548658421142	0.8335521240746505	0.8335521240746505	98.18769113973335	0.9555548658421142	False	False	True
test	NZ_JBRRZW010000022.1	NZ_CP120895.1	0.631578947368421	[0.4, 0.8)	1.5933333333333333	64439	64600	0.9285060289576188	0.9259442724458204	0.9259442724458204	98.36978917745303	0.9285060289576188	False	False	True
test	NZ_JBRRZW010000022.1	NZ_CP137068.1	0.5350877192982456	[0.4, 0.8)	1.5933333333333333	64439	88892	0.9275438787069942	0.6721189758358458	0.6721189758358458	98.10948829163114	0.9275438787069942	False	False	True
test	NZ_JBRRZA010000030.1	NZ_JBRRZW010000022.1	0.625	[0.4, 0.8)	1.5933333333333333	53809	64439	0.9931238268691112	0.8292804047238473	0.8292804047238473	99.21628668724857	0.9931238268691112	False	True	True
test	NZ_JBRRZW010000022.1	NZ_AP025532.1	0.6458333333333334	[0.4, 0.8)	1.5933333333333333	64439	71826	0.9699405639441953	0.8723164313758249	0.8723164313758249	98.2082668165009	0.9699405639441953	False	False	True
test	NZ_JBRRZW010000022.1	NZ_CP025267.1	0.6804123711340206	[0.4, 0.8)	1.5933333333333333	64439	74241	0.9927528360154565	0.8642124971377002	0.8642124971377002	98.24193331983743	0.9927528360154565	False	False	True
test	NZ_CP028032.1	NZ_CP028072.1	0.5793650793650794	[0.4, 0.8)	1.5933333333333333	264190	285090	0.9038305764790492	0.8374302851731033	0.8374302851731033	98.72400355387744	0.9038305764790492	False	False	True
test	NZ_CP084396.1	NZ_CP029585.1	0.5	[0.4, 0.8)	1.5933333333333333	4167	8809	1.0	0.4730389374503349	0.4730389374503349	99.76012239020878	1.0	False	False	True
test	NZ_OZ411233.1	NZ_OZ410413.1	0.5319148936170213	[0.4, 0.8)	1.5933333333333333	30208	30274	0.9122748940677966	0.9105833388386074	0.9105833388386074	95.02557049452732	0.9122748940677966	False	False	True
test	NZ_CP011988.1	NZ_CP033630.1	0.7058823529411765	[0.4, 0.8)	1.5933333333333333	13841	23185	0.6277003106711943	0.37507008841923656	0.37507008841923656	99.98850160919541	0.6277003106711943	False	False	True
test	NZ_OP378651.1	NZ_CP011988.1	0.6666666666666666	[0.4, 0.8)	1.5933333333333333	9506	13841	0.8285293498842836	0.5684560364135539	0.5684560364135539	99.9873687150838	0.8285293498842836	False	False	True
test	OW967952.1	NZ_CP011988.1	0.7058823529411765	[0.4, 0.8)	1.5933333333333333	9294	13841	0.8465676780718743	0.5684560364135539	0.5684560364135539	100.0	0.8465676780718743	False	False	True
test	NZ_JBUBJY010000002.1	NZ_OW848789.1	0.4509803921568627	[0.4, 0.8)	1.5933333333333333	74034	92189	0.733514331253208	0.5891049908340474	0.5891049908340474	99.65960210937071	0.733514331253208	False	False	True
test	CP055733.1	NZ_CP089314.1	0.4	[0.4, 0.8)	1.5933333333333333	3136	3374	0.30899234693877553	0.2883817427385892	0.2883817427385892	97.53382939362795	0.30899234693877553	False	False	False
test	NZ_CP081233.1	NZ_CP010620.1	0.5775862068965517	[0.4, 0.8)	1.5933333333333333	78194	85540	1.0	0.9142038812251578	0.9142038812251578	97.69547134075427	1.0	False	False	True
test	NZ_CP148915.1	NZ_CP118042.1	0.5	[0.4, 0.8)	1.5933333333333333	3796	4711	0.3993677555321391	0.3218000424538315	0.3218000424538315	92.77260446780552	0.3993677555321391	False	False	False
test	NZ_CP125122.1	NZ_CP141546.1	0.5406698564593302	[0.4, 0.8)	1.5933333333333333	333411	348041	0.7826526419344293	0.7523768751382739	0.7523768751382739	99.21236522110792	0.7826526419344293	False	False	True
test	NZ_CP141546.1	NZ_PQ126489.1	0.5492227979274611	[0.4, 0.8)	1.5933333333333333	348041	612637	0.9355133446921483	0.531895722915854	0.531895722915854	99.7417244266417	0.9355133446921483	False	False	True
test	NZ_JBZGES010000003.1	NZ_PQ650613.1	0.4	[0.4, 0.8)	1.5933333333333333	162786	192991	0.7722961434029953	0.651253167246141	0.651253167246141	98.79322250314044	0.7722961434029953	False	False	True
test	NZ_JBYYIK010000003.1	NZ_PQ650613.1	0.4605263157894737	[0.4, 0.8)	1.5933333333333333	144341	192991	0.8034169085706764	0.6009140322605717	0.6009140322605717	99.56562487391481	0.8034169085706764	False	False	True
test	NZ_JCASKQ010000017.1	NZ_PQ650613.1	0.4449541284403669	[0.4, 0.8)	1.5933333333333333	130759	192991	0.9199443250560191	0.6232363167194325	0.6232363167194325	98.71949260056337	0.9199443250560191	False	False	True
test	NZ_PETB01000002.1	NZ_PQ650613.1	0.6528497409326425	[0.4, 0.8)	1.5933333333333333	128081	192991	0.9945815538604477	0.6601965894782659	0.6601965894782659	99.98663548746606	0.9945815538604477	False	False	True
test	NZ_CP084195.1	NZ_OM048934.1	0.536	[0.4, 0.8)	1.5933333333333333	93861	118931	0.8329338063732541	0.658734896704812	0.658734896704812	99.90922033682062	0.8329338063732541	False	False	True
test	NZ_AP040966.1	NZ_AP042698.1	0.5161290322580645	[0.4, 0.8)	1.5933333333333333	96870	97775	0.8462165789202023	0.8363896701610841	0.8363896701610841	98.0327859311926	0.8462165789202023	False	False	True
test	NZ_CP057363.1	NZ_JARKNN010000015.1	0.6666666666666666	[0.4, 0.8)	1.5933333333333333	1552	2783	0.9503865979381443	0.5246137261947539	0.5246137261947539	94.91880487804879	0.9503865979381443	False	False	True
test	NZ_MK477607.1	NZ_CP073977.1	0.6993243243243243	[0.4, 0.8)	1.5933333333333333	224296	241691	0.8633056318436352	0.8012379443173308	0.8012379443173308	99.79644755901772	0.8633056318436352	False	True	True
test	NZ_CP141199.1	NZ_MK477607.1	0.7444444444444445	[0.4, 0.8)	1.5933333333333333	214402	224296	0.881400360071268	0.8424492634732674	0.8424492634732674	99.93499624352539	0.881400360071268	False	True	True
test	NZ_MK477607.1	NZ_CP062226.1	0.7171717171717171	[0.4, 0.8)	1.5933333333333333	224296	265014	0.8741083211470557	0.7399760012678576	0.7399760012678576	99.79393895904603	0.8741083211470557	False	False	True
test	NZ_CP086389.1	NZ_MK477607.1	0.4405594405594406	[0.4, 0.8)	1.5933333333333333	142329	224296	0.8446275881935515	0.536001533687627	0.536001533687627	99.80743552169794	0.8446275881935515	False	False	True
test	NZ_LR890629.1	NZ_CP139802.1	0.6	[0.4, 0.8)	1.5933333333333333	5164	10036	1.0	0.514647269828617	0.514647269828617	99.323	1.0	False	False	True
test	NZ_LR890629.1	NZ_CP124427.1	0.6	[0.4, 0.8)	1.5933333333333333	5164	5167	1.0	1.0	1.0	99.362	1.0	False	True	True
test	NZ_JBVWEU010000008.1	NZ_CP139802.1	0.75	[0.4, 0.8)	1.5933333333333333	5166	10036	1.0	0.514647269828617	0.514647269828617	99.014	1.0	False	False	True
test	NZ_JBVWEU010000008.1	NZ_CP142934.1	0.75	[0.4, 0.8)	1.5933333333333333	5166	5167	1.0	1.0	1.0	99.0716244440147	1.0	False	True	True
test	NZ_JBVWEU010000008.1	NZ_CP124427.1	0.75	[0.4, 0.8)	1.5933333333333333	5166	5167	1.0	1.0	1.0	99.05239721523883	1.0	False	True	True
test	NZ_CP023547.1	NZ_MH634987.1	0.6	[0.4, 0.8)	1.5933333333333333	25046	26824	0.9714126008145013	0.9072472412764688	0.9072472412764688	96.65774398195612	0.9714126008145013	False	False	True
test	NZ_JCAPTU010000006.1	NC_013104.1	0.7	[0.4, 0.8)	1.5933333333333333	8033	8688	0.6579111166438442	0.6083103130755064	0.6083103130755064	100.0	0.6579111166438442	False	False	True
test	NZ_CP074455.1	OW848843.1	0.4200743494423792	[0.4, 0.8)	1.5933333333333333	159477	252697	0.7614828470563153	0.4805834655733942	0.4805834655733942	99.24100983652436	0.7614828470563153	False	False	True
test	NZ_CP074455.1	OW849035.1	0.5088495575221239	[0.4, 0.8)	1.5933333333333333	159477	204647	0.8327156894097582	0.6469090678094475	0.6469090678094475	99.21122108385211	0.8327156894097582	False	False	True
test	NZ_CP074455.1	NZ_CP141542.1	0.4622222222222222	[0.4, 0.8)	1.5933333333333333	159477	202151	0.7729139625149708	0.6099648282719353	0.6099648282719353	98.48081223957068	0.7729139625149708	False	False	True
test	NZ_CP074455.1	NZ_CP020069.1	0.5128205128205128	[0.4, 0.8)	1.5933333333333333	159477	213013	0.8042100114750089	0.6021134860313689	0.6021134860313689	98.81734389683251	0.8042100114750089	False	False	True
test	NZ_CP074455.1	CP067475.1	0.4219409282700422	[0.4, 0.8)	1.5933333333333333	159477	216181	0.7684869918546248	0.5670664859538997	0.5670664859538997	98.51590330892547	0.7684869918546248	False	False	True
test	NZ_CP074455.1	NZ_CP054265.1	0.4292452830188679	[0.4, 0.8)	1.5933333333333333	159477	168717	0.6176564645685585	0.5838771433821133	0.5838771433821133	99.56991084024317	0.6176564645685585	False	False	True
test	NZ_CP074455.1	NZ_CP014121.1	0.5422222222222223	[0.4, 0.8)	1.5933333333333333	159477	200203	0.8509691052628279	0.6780068230745793	0.6780068230745793	99.38134921523425	0.8509691052628279	False	False	True
test	NC_032101.1	RefSeq_NZ_VKNT01000070.1	0.4868421052631579	[0.4, 0.8)	1.5933333333333333	58120	58447	0.6976600137646249	0.6942186938593939	0.6942186938593939	98.51321692144843	0.6976600137646249	True	False	True
test	NZ_MF344559.1	NC_032101.1	0.4324324324324324	[0.4, 0.8)	1.5933333333333333	42279	58120	0.7501360013245346	0.545956641431521	0.545956641431521	99.17201936154136	0.7501360013245346	False	False	True
test	CP009881.1	NC_032101.1	0.5555555555555556	[0.4, 0.8)	1.5933333333333333	50272	58120	0.8267425206874602	0.7169304886441844	0.7169304886441844	99.00256703354673	0.8267425206874602	False	False	True
test	NC_032101.1	NZ_CP149976.1	0.4505494505494505	[0.4, 0.8)	1.5933333333333333	58120	58972	0.6408465244322092	0.6318252730109204	0.6318252730109204	99.13665334191265	0.6408465244322092	False	False	True
test	NZ_CP042533.1	NC_032101.1	0.4615384615384615	[0.4, 0.8)	1.5933333333333333	51987	58120	0.7699232500432801	0.688282863041982	0.688282863041982	98.33248066698283	0.7699232500432801	False	False	True
test	NC_032101.1	NZ_MH917123.1	0.4878048780487805	[0.4, 0.8)	1.5933333333333333	58120	65604	0.6534755677907778	0.5785622827876349	0.5785622827876349	99.06334118421053	0.6534755677907778	False	False	True
test	NZ_CP126504.1	NZ_JBRXAB010000004.1	0.4269662921348314	[0.4, 0.8)	1.5933333333333333	59874	62657	0.7852323212078699	0.7506264264168409	0.7506264264168409	97.37346027199628	0.7852323212078699	False	False	True
test	NZ_CP031794.1	NZ_JBXEKV010000004.1	0.6052631578947368	[0.4, 0.8)	1.5933333333333333	53774	55313	0.9568936660839811	0.9309203984596749	0.9309203984596749	96.98389214298183	0.9568936660839811	False	False	True
test	NZ_CP107486.1	NZ_CP084709.1	0.7333333333333333	[0.4, 0.8)	1.5933333333333333	10060	11972	1.0	0.8407116605412629	0.8407116605412629	99.82133144616607	1.0	False	True	True
test	NZ_CP107486.1	NZ_CP138519.1	0.7333333333333333	[0.4, 0.8)	1.5933333333333333	10060	11970	1.0	0.8404344193817878	0.8404344193817878	100.0	1.0	False	True	True
test	NZ_CP107486.1	NZ_CP054742.1	0.7333333333333333	[0.4, 0.8)	1.5933333333333333	10060	11970	1.0	0.8404344193817878	0.8404344193817878	100.0	1.0	False	True	True
test	NZ_CP107486.1	NZ_CP152448.1	0.7333333333333333	[0.4, 0.8)	1.5933333333333333	10060	11970	1.0	0.8404344193817878	0.8404344193817878	100.0	1.0	False	True	True
test	NZ_CP095675.1	NZ_CP151758.1	0.7894736842105263	[0.4, 0.8)	1.5933333333333333	45322	53097	0.9957415824544371	0.849916191121909	0.849916191121909	99.97557937299214	0.9957415824544371	False	True	True
test	NZ_CP151758.1	NZ_CP185196.1	0.5526315789473685	[0.4, 0.8)	1.5933333333333333	53097	61059	0.7957135054711189	0.6918062857236443	0.6918062857236443	99.96698172781065	0.7957135054711189	False	False	True
test	NZ_CP095668.1	NZ_CP151758.1	0.7719298245614035	[0.4, 0.8)	1.5933333333333333	45403	53097	0.9939651564874568	0.849916191121909	0.849916191121909	99.9781211033566	0.9939651564874568	False	True	True
test	NZ_CP151758.1	NZ_JBWIFL010000005.1	0.5588235294117647	[0.4, 0.8)	1.5933333333333333	53097	59700	0.781870915494284	0.6954941373534338	0.6954941373534338	99.98802878061704	0.781870915494284	False	False	True
test	NZ_CP151758.1	NZ_CM007910.1	0.4017857142857143	[0.4, 0.8)	1.5933333333333333	53097	124845	0.8655291259393186	0.368152509111298	0.368152509111298	99.97831138766807	0.8655291259393186	False	False	True
test	NZ_CP151758.1	CP090300.1	0.5757575757575758	[0.4, 0.8)	1.5933333333333333	53097	53824	0.781870915494284	0.7723877824019025	0.7723877824019025	99.97336291913214	0.781870915494284	False	False	True
test	NZ_CP059715.1	NZ_CP151758.1	0.7457627118644068	[0.4, 0.8)	1.5933333333333333	45739	53097	0.9617175714379413	0.8284837184775035	0.8284837184775035	99.99061480757427	0.9617175714379413	False	True	True
test	NZ_CP095675.1	NZ_ON209126.1	0.7931034482758621	[0.4, 0.8)	1.5933333333333333	45322	54035	1.0	0.8390857777366522	0.8390857777366522	99.97588718570798	1.0	False	True	True
test	NZ_CP095675.1	NZ_JBYDGO010000004.1	0.6551724137931034	[0.4, 0.8)	1.5933333333333333	45322	57114	0.897908300604563	0.7126273768252968	0.7126273768252968	99.98546374781947	0.897908300604563	False	False	True
test	NZ_CP095675.1	NZ_JBWIFL010000005.1	0.6551724137931034	[0.4, 0.8)	1.5933333333333333	45322	59700	0.897908300604563	0.6817587939698493	0.6817587939698493	99.98996103289846	0.897908300604563	False	False	True
test	NZ_CP095675.1	NZ_CM007910.1	0.4554455445544554	[0.4, 0.8)	1.5933333333333333	45322	124845	0.962071400202992	0.34924906884536827	0.34924906884536827	99.96809044212071	0.962071400202992	False	False	True
test	NZ_CP095675.1	CP090300.1	0.6785714285714286	[0.4, 0.8)	1.5933333333333333	45322	53824	0.897908300604563	0.7571529429250892	0.7571529429250892	99.97049339942092	0.897908300604563	False	False	True
test	NZ_AP018744.1	RefSeq_NZ_VKNT01000070.1	0.4487179487179487	[0.4, 0.8)	1.5933333333333333	51983	58447	0.7124829271107862	0.6340958475199754	0.6340958475199754	98.37531038663614	0.7124829271107862	True	False	True
test	RefSeq_NZ_VKNT01000070.1	NZ_CP149976.1	0.4767441860465116	[0.4, 0.8)	1.5933333333333333	58447	58972	0.6426163874963642	0.6362171878179474	0.6362171878179474	98.4594144297534	0.6976301875309064	True	False	True
test	NZ_CP042533.1	RefSeq_NZ_VKNT01000070.1	0.6029411764705882	[0.4, 0.8)	1.5933333333333333	51987	58447	0.7315675072614307	0.6513422416890516	0.6513422416890516	99.24650548758075	0.7315675072614307	True	False	True
test	RefSeq_NZ_VKNT01000070.1	NZ_MH917123.1	0.5194805194805194	[0.4, 0.8)	1.5933333333333333	58447	65604	0.6613170906975551	0.5884549722577892	0.5884549722577892	98.53607781628219	0.6709270036897562	True	False	True
test	RefSeq_NZ_VKNT01000070.1	NZ_CP130211.1	0.4444444444444444	[0.4, 0.8)	1.5933333333333333	58447	83295	0.6322138005372389	0.4384176721291794	0.4384176721291794	99.12115640464023	0.6716117007113241	True	False	True
test	NZ_CP073977.1	NZ_MK477611.1	0.6196319018404908	[0.4, 0.8)	1.5933333333333333	241691	263466	0.7924498636688996	0.7270843296668261	0.7270843296668261	99.71347529211614	0.7924498636688996	False	False	True
test	NZ_CP091543.1	NZ_CP073977.1	0.4590163934426229	[0.4, 0.8)	1.5933333333333333	185529	241691	0.6976860760312404	0.5355846928516164	0.5355846928516164	99.57621804099033	0.6976860760312404	False	False	True
test	NZ_CP141199.1	NZ_CP073977.1	0.6678200692041523	[0.4, 0.8)	1.5933333333333333	214402	241691	0.8204307795636234	0.7275860499563492	0.7275860499563492	99.8133217773382	0.8204307795636234	False	False	True
test	NZ_CP073977.1	NZ_CP062226.1	0.6230529595015576	[0.4, 0.8)	1.5933333333333333	241691	265014	0.7946923964897328	0.7248937791965707	0.7248937791965707	99.8287976507692	0.7946923964897328	False	False	True
test	NZ_CP086389.1	NZ_CP073977.1	0.429054054054054	[0.4, 0.8)	1.5933333333333333	142329	241691	0.8440514582411174	0.4970685710266415	0.4970685710266415	99.74361424065646	0.8440514582411174	False	False	True
test	NZ_CP073977.1	NZ_JBVTJX020000002.1	0.6349206349206349	[0.4, 0.8)	1.5933333333333333	241691	257061	0.8087475330070214	0.7604070629150279	0.7604070629150279	99.72866505745598	0.8087475330070214	False	False	True
test	NZ_CP073977.1	NZ_JBXSEZ010000002.1	0.7080745341614907	[0.4, 0.8)	1.5933333333333333	241691	287195	0.8777033484904279	0.7387802712442766	0.7387802712442766	99.77815922114151	0.8777033484904279	False	False	True
test	NZ_OL891654.1	NZ_CP084709.1	0.7333333333333333	[0.4, 0.8)	1.5933333333333333	10059	11972	1.0	0.8407116605412629	0.8407116605412629	99.8113280691299	1.0	False	True	True
test	NZ_OL891654.1	NZ_CP138519.1	0.7333333333333333	[0.4, 0.8)	1.5933333333333333	10059	11970	1.0	0.8404344193817878	0.8404344193817878	99.98996421471172	1.0	False	True	True
test	NZ_OL891654.1	NZ_CP054742.1	0.7333333333333333	[0.4, 0.8)	1.5933333333333333	10059	11970	1.0	0.8404344193817878	0.8404344193817878	99.99005238568589	1.0	False	True	True
test	NZ_OL891654.1	NZ_CP152448.1	0.7333333333333333	[0.4, 0.8)	1.5933333333333333	10059	11970	1.0	0.8404344193817878	0.8404344193817878	99.98988817097414	1.0	False	True	True
test	NZ_CP098487.1	JX469831.1	0.5373134328358209	[0.4, 0.8)	1.5933333333333333	49381	54342	0.9177416415220429	0.8341798240771411	0.8341798240771411	98.03271525498401	0.9177416415220429	False	False	True
test	NZ_CP083424.1	NZ_CP103566.1	0.75	[0.4, 0.8)	1.5933333333333333	1617	1902	1.0	0.8501577287066246	0.8501577287066246	98.3299517625232	1.0	False	False	True
test	CP122738.1	NZ_CP062972.1	0.4867256637168141	[0.4, 0.8)	1.5933333333333333	93581	136326	0.756595890191385	0.5202089109927673	0.5202089109927673	97.73722360528318	0.756595890191385	False	False	True
test	NZ_CP145710.1	NZ_CP062972.1	0.4201680672268907	[0.4, 0.8)	1.5933333333333333	95144	136326	0.7605734465652064	0.5311826063993662	0.5311826063993662	97.92835018204887	0.7605734465652064	False	False	True
test	NZ_AP045063.1	NZ_CP062972.1	0.448	[0.4, 0.8)	1.5933333333333333	93025	136326	0.7598387530233808	0.5188151929932662	0.5188151929932662	98.17929213514887	0.7598387530233808	False	False	True
test	CP082669.1	NZ_CP062972.1	0.4827586206896552	[0.4, 0.8)	1.5933333333333333	99345	136326	0.7853440032210982	0.5730161524580785	0.5730161524580785	98.22015515521915	0.7853440032210982	False	False	True
test	NZ_CP101209.1	NZ_AP027542.1	0.6666666666666666	[0.4, 0.8)	1.5933333333333333	1549	1552	0.9703034215622982	0.9690721649484536	0.9690721649484536	95.55065737051791	0.9703034215622982	False	False	True
test	NZ_AP027542.1	CP077360.1	0.6666666666666666	[0.4, 0.8)	1.5933333333333333	1552	1628	0.6958762886597938	0.6633906633906634	0.6633906633906634	97.225	0.6958762886597938	False	False	True
test	NZ_AP027542.1	NZ_RRNF01000141.1	0.6666666666666666	[0.4, 0.8)	1.5933333333333333	1552	3263	0.8073453608247423	0.3840024517315354	0.3840024517315354	96.81	0.8073453608247423	False	False	True
test	CP057777.1	NZ_AP027542.1	0.6666666666666666	[0.4, 0.8)	1.5933333333333333	1551	1552	1.0	1.0	1.0	95.9455933075933	1.0	False	False	True
test	CP099101.1	NZ_AP027542.1	0.6666666666666666	[0.4, 0.8)	1.5933333333333333	1548	1552	0.9760981912144703	0.9742268041237113	0.9742268041237113	95.70663672391017	0.9760981912144703	False	False	True
test	NZ_CP022458.1	CP054459.1	0.5934065934065934	[0.4, 0.8)	1.5933333333333333	55820	83055	0.9924758151200287	0.6670278730961411	0.6670278730961411	99.42609027439518	0.9924758151200287	False	False	True
test	NZ_CP022458.1	NZ_AP022296.1	0.4414414414414414	[0.4, 0.8)	1.5933333333333333	55820	105884	0.9852382658545324	0.5195780287862188	0.5195780287862188	98.2737895673007	0.9852382658545324	False	False	True
test	NZ_CP085909.1	NZ_CP018130.1	0.5365853658536586	[0.4, 0.8)	1.5933333333333333	63475	71104	0.6895943284757778	0.6149583708370837	0.6149583708370837	99.71219664717702	0.6895943284757778	False	False	True
test	NZ_CP025275.1	NZ_CP047280.1	0.4	[0.4, 0.8)	1.5933333333333333	125113	262422	0.8209138938399687	0.3870864485447104	0.3870864485447104	99.94055248505852	0.8209138938399687	False	False	True
test	NZ_CP072583.1	NZ_LR135303.1	0.5	[0.4, 0.8)	1.5933333333333333	6173	7038	0.8634375506236838	0.7587382779198636	0.7587382779198636	93.862101119403	0.8634375506236838	False	False	True
test	NZ_CP049847.1	NZ_RRND01000164.1	0.4047619047619047	[0.4, 0.8)	1.5933333333333333	90408	92980	0.7779731882134324	0.7563669606366961	0.7563669606366961	97.75009053720069	0.7779731882134324	False	False	True
test	CP052164.1	NZ_CP196661.1	0.4661016949152542	[0.4, 0.8)	1.5933333333333333	92461	95080	0.643460486042764	0.6257257046697517	0.6257257046697517	97.613235129238	0.643460486042764	False	False	True
test	NZ_CP196661.1	NZ_CP136270.1	0.4180327868852459	[0.4, 0.8)	1.5933333333333333	95080	107188	0.7522507362221287	0.6671455759973132	0.6671455759973132	97.65372470184066	0.7522507362221287	False	False	True
test	NZ_CP134504.1	NZ_CP088223.1	0.5474683544303798	[0.4, 0.8)	1.5933333333333333	207184	277693	0.9597604062089736	0.7170508439175637	0.7170508439175637	99.06253220306733	0.9597604062089736	False	False	True
test	NZ_CP134504.1	NZ_CP141199.1	0.4119496855345912	[0.4, 0.8)	1.5933333333333333	207184	214402	0.7989902695188817	0.7723575339782278	0.7723575339782278	97.87510906841294	0.7989902695188817	False	False	True
test	NZ_CP134504.1	NZ_MW356909.1	0.4063400576368876	[0.4, 0.8)	1.5933333333333333	207184	249475	0.8743821916750328	0.7261889968934763	0.7261889968934763	97.90704953526215	0.8743821916750328	False	False	True
test	NZ_CP134504.1	NZ_JBVTJX020000002.1	0.4011627906976744	[0.4, 0.8)	1.5933333333333333	207184	257061	0.8795273766314001	0.7089328991951327	0.7089328991951327	97.84457696736412	0.8795273766314001	False	False	True
test	NZ_CP134504.1	NZ_KY019259.1	0.4122807017543859	[0.4, 0.8)	1.5933333333333333	207184	249153	0.873629237778979	0.726497373100063	0.726497373100063	97.91272270990677	0.873629237778979	False	False	True
test	NZ_CM017184.1	CP009881.1	0.7017543859649122	[0.4, 0.8)	1.5933333333333333	43405	50272	0.909803018085474	0.7847509548058561	0.7847509548058561	99.61004505188559	0.909803018085474	False	False	True
test	NZ_CM017184.1	NZ_AP018744.1	0.609375	[0.4, 0.8)	1.5933333333333333	43405	51983	0.8772030872019353	0.7320470153704095	0.7320470153704095	99.71389569006249	0.8772030872019353	False	False	True
test	NZ_CM017184.1	NZ_CP042533.1	0.5714285714285714	[0.4, 0.8)	1.5933333333333333	43405	51987	0.867503743808317	0.7243349298863178	0.7243349298863178	98.25174898538421	0.867503743808317	False	False	True
test	NZ_RRTN01000193.1	NZ_CP062707.1	0.4883720930232558	[0.4, 0.8)	1.5933333333333333	35382	35988	0.6694646995647504	0.6583027675891964	0.6583027675891964	98.02728295603055	0.6694646995647504	False	False	True
test	NZ_CP032263.1	NZ_CP083889.1	0.4159663865546218	[0.4, 0.8)	1.5933333333333333	155784	219996	0.7725311970420582	0.5468735795196277	0.5468735795196277	98.70177173804782	0.7725311970420582	False	False	True
test	NZ_RREW01000095.1	NZ_CP125686.1	0.75	[0.4, 0.8)	1.5933333333333333	4950	4961	0.9997979797979798	0.9993952832090305	0.9993952832090305	98.57	0.9997979797979798	False	False	True
test	NZ_MZ690481.1	NZ_CP110266.1	0.7823834196891192	[0.4, 0.8)	1.5933333333333333	201689	224600	0.9198419348601063	0.8257569011576136	0.8257569011576136	99.855876629641	0.9198419348601063	False	True	True
test	OW970229.1	NZ_JBFMZG010000029.1	0.4	[0.4, 0.8)	1.5933333333333333	2615	5398	0.6982791586998088	0.3404964801778436	0.3404964801778436	99.34725571273123	0.6982791586998088	False	False	True
test	NZ_CP074503.1	NZ_RRDF01000179.1	0.5	[0.4, 0.8)	1.5933333333333333	627	2613	1.0	0.2399540757749713	0.2399540757749713	94.913	1.0	False	False	True
test	NZ_OP378628.1	NZ_CP095666.1	0.4107142857142857	[0.4, 0.8)	1.5933333333333333	74826	99379	0.7477213802688905	0.5603095221324425	0.5603095221324425	97.34238612626103	0.7477213802688905	False	False	True
test	NZ_OP378628.1	NZ_CP193630.1	0.4838709677419355	[0.4, 0.8)	1.5933333333333333	74826	88723	0.7516104028011654	0.6317189454820058	0.6317189454820058	97.58671818133494	0.7516104028011654	False	False	True
test	NZ_OP378628.1	NZ_AP022534.1	0.4516129032258064	[0.4, 0.8)	1.5933333333333333	74826	111171	0.8528853607034987	0.5739446438369719	0.5739446438369719	96.74417653954359	0.8528853607034987	False	False	True
test	NZ_OP378628.1	NZ_CP135667.1	0.5172413793103449	[0.4, 0.8)	1.5933333333333333	74826	76366	0.735359367064924	0.7171908964722521	0.7171908964722521	97.48527025998042	0.735359367064924	True	False	True
test	NZ_OP378628.1	CP104420.1	0.5056179775280899	[0.4, 0.8)	1.5933333333333333	74826	83397	0.7323256622029776	0.6543280933366907	0.6543280933366907	97.49423520527004	0.7323256622029776	False	False	True
test	NZ_CP074870.1	CP122738.1	0.4732142857142857	[0.4, 0.8)	1.5933333333333333	92785	93581	0.8138815541305168	0.8075357177204775	0.8075357177204775	97.22708021729647	0.8138815541305168	False	False	True
test	NZ_CP074870.1	NZ_AP045063.1	0.5213675213675214	[0.4, 0.8)	1.5933333333333333	92785	93025	0.8716064018968583	0.8698629400698736	0.8698629400698736	98.59444165452166	0.8716064018968583	False	False	True
test	NZ_KX246268.1	NZ_CP074870.1	0.4090909090909091	[0.4, 0.8)	1.5933333333333333	86207	92785	0.8252346097184683	0.7653607802985396	0.7653607802985396	97.6716892571268	0.8252346097184683	False	False	True
test	NZ_CP074870.1	CP082669.1	0.5089285714285714	[0.4, 0.8)	1.5933333333333333	92785	99345	0.8273320040954896	0.7725099401077055	0.7725099401077055	98.34483232417931	0.8273320040954896	False	False	True
test	NZ_CP074870.1	NZ_CP043828.1	0.4132231404958678	[0.4, 0.8)	1.5933333333333333	92785	97743	0.8007975427062564	0.7601976612135908	0.7601976612135908	97.23803749899197	0.8007975427062564	False	False	True
test	NZ_CP173443.1	NZ_CP085077.1	0.4857142857142857	[0.4, 0.8)	1.5933333333333333	50702	56811	0.8234191945090923	0.7323581700726972	0.7323581700726972	98.06194044457206	0.8234191945090923	False	False	True
test	NZ_OW967379.1	NZ_CP115006.1	0.6	[0.4, 0.8)	1.5933333333333333	5413	5413	1.0	1.0	1.0	98.5408256372368	1.0	False	False	True
test	NZ_CP068927.1	NZ_CP061958.1	0.5121951219512195	[0.4, 0.8)	1.5933333333333333	63589	109135	0.9304753966881064	0.541980116369634	0.541980116369634	98.9677757971039	0.9304753966881064	False	False	True
test	NZ_CP068927.1	NZ_CP175912.1	0.4859813084112149	[0.4, 0.8)	1.5933333333333333	63589	81078	0.9122646998694742	0.7123880707466884	0.7123880707466884	98.07705572307322	0.9122646998694742	False	False	True
test	NZ_CP048364.1	NZ_CP139802.1	0.4285714285714285	[0.4, 0.8)	1.5933333333333333	7872	10036	0.657520325203252	0.514647269828617	0.514647269828617	99.63273145285935	0.657520325203252	False	False	True
test	NZ_AP027431.1	NZ_JCAPTQ010000002.1	0.4159021406727828	[0.4, 0.8)	1.5933333333333333	201683	249807	0.6389680835767021	0.5160744094440909	0.5160744094440909	99.62944529311414	0.6389680835767021	False	False	True
test	NZ_AP040966.1	NZ_JBTHVH010000001.1	0.4	[0.4, 0.8)	1.5933333333333333	96870	97926	0.7956436461236709	0.7868186181402284	0.7868186181402284	97.75379167963482	0.7956436461236709	False	False	True
test	CP080739.1	OW848843.1	0.6692307692307692	[0.4, 0.8)	1.5933333333333333	206152	252697	0.8848082967907175	0.7218645254989177	0.7218645254989177	99.75876606148316	0.8646138584508729	True	False	True
test	OW849024.1	OW848843.1	0.4018987341772151	[0.4, 0.8)	1.5933333333333333	242397	252697	0.561360082839309	0.5382968535439677	0.5382968535439677	98.71072790444852	0.561360082839309	False	False	True
test	NZ_CP056884.1	OW848843.1	0.4045307443365696	[0.4, 0.8)	1.5933333333333333	198658	252697	0.6679167211992469	0.5250279979580288	0.5250279979580288	99.20988627631205	0.6679167211992469	False	False	True
test	NZ_CP080351.1	OW848843.1	0.4271186440677966	[0.4, 0.8)	1.5933333333333333	193800	252697	0.7160268317853458	0.549187366688168	0.549187366688168	99.00025695454872	0.7160268317853458	False	False	True
test	NZ_CP054265.1	OW848843.1	0.6291666666666667	[0.4, 0.8)	1.5933333333333333	168717	252697	0.9558787792575734	0.6382070226397623	0.6382070226397623	99.7883632350662	0.9558787792575734	False	False	True
test	NZ_CP014121.1	OW848843.1	0.5934065934065934	[0.4, 0.8)	1.5933333333333333	200203	252697	0.8233143359490117	0.652354400724979	0.652354400724979	99.47173460278955	0.8233143359490117	False	False	True
test	NZ_CP068342.1	NZ_CP061958.1	0.5416666666666666	[0.4, 0.8)	1.5933333333333333	63675	109135	0.9293757361601884	0.541980116369634	0.541980116369634	99.14026653039161	0.9293757361601884	False	False	True
test	NZ_CP068342.1	NZ_CP175912.1	0.4629629629629629	[0.4, 0.8)	1.5933333333333333	63675	81078	0.9111739301138594	0.7123757369446706	0.7123757369446706	97.81738162178924	0.9111739301138594	False	False	True
test	NZ_JBVWFR010000002.1	NZ_CP068342.1	0.5393258426966292	[0.4, 0.8)	1.5933333333333333	58585	63675	0.9593240590594863	0.8829996073812328	0.8829996073812328	97.91648914570185	0.9593240590594863	False	False	True
test	NZ_OP006451.1	NZ_CP097707.1	0.4860335195530726	[0.4, 0.8)	1.5933333333333333	136951	159393	0.6818059013807858	0.5858036425689961	0.5858036425689961	99.9537739835309	0.6818059013807858	False	False	True
test	NC_017659.1	NZ_JBUBIP010000002.1	0.4607843137254901	[0.4, 0.8)	1.5933333333333333	147060	150224	0.6441520467836257	0.6305051123655341	0.6305051123655341	99.68030584998702	0.6441520467836257	False	False	True
test	NZ_CP066533.1	NZ_JCCDRD010000005.1	0.7142857142857143	[0.4, 0.8)	1.5933333333333333	6373	7624	0.8794916052094774	0.7357030430220357	0.7357030430220357	100.0	0.8794916052094774	False	False	True
test	NZ_MF344559.1	CP009881.1	0.5873015873015873	[0.4, 0.8)	1.5933333333333333	42279	50272	0.791007355897727	0.6650819541693189	0.6650819541693189	99.9762766714508	0.791007355897727	False	False	True
test	NZ_MF344559.1	NZ_CP118928.1	0.6376811594202898	[0.4, 0.8)	1.5933333333333333	42279	67839	0.9348139738404408	0.5826736832795295	0.5826736832795295	99.97205318664643	0.9348139738404408	False	False	True
test	NZ_MF344559.1	NZ_MH917123.1	0.6417910447761194	[0.4, 0.8)	1.5933333333333333	42279	65604	0.8643771139336314	0.5570239619535394	0.5570239619535394	99.91524261487966	0.8643771139336314	False	False	True
test	NZ_CP125141.1	CP067788.1	0.7058823529411765	[0.4, 0.8)	1.5933333333333333	9294	13841	0.8465676780718743	0.5684560364135539	0.5684560364135539	100.0	0.8465676780718743	False	False	True
test	NZ_JBTLFT010000004.1	NZ_JBXEKV010000004.1	0.4880952380952381	[0.4, 0.8)	1.5933333333333333	54697	55313	0.8963197250306233	0.88866993292716	0.88866993292716	96.91575107400502	0.8963197250306233	False	False	True
test	OW969808.1	NZ_JBTLFT010000004.1	0.625	[0.4, 0.8)	1.5933333333333333	53236	54697	0.9091779998497258	0.8859535257875203	0.8859535257875203	97.98621778116757	0.9091779998497258	False	False	True
test	CP057169.1	NZ_CP118042.1	0.4	[0.4, 0.8)	1.5933333333333333	4076	4711	0.39793915603532876	0.34408830396943324	0.34408830396943324	91.19767114914424	0.39793915603532876	False	False	False
test	NZ_CP151126.1	NZ_CP014404.1	0.5789473684210527	[0.4, 0.8)	1.5933333333333333	13364	25980	0.9703681532475307	0.5009237875288683	0.5009237875288683	99.48558653255527	0.9703681532475307	False	False	True
test	NZ_CP014404.1	NZ_CP014408.1	0.7391304347826086	[0.4, 0.8)	1.5933333333333333	25980	27098	0.8741724403387221	0.8384751642187616	0.8384751642187616	99.78421429199648	0.8741724403387221	False	True	True
test	NZ_OW848789.1	NZ_CP059930.1	0.4384615384615384	[0.4, 0.8)	1.5933333333333333	92189	99943	0.6180563841673085	0.5700849484205998	0.5700849484205998	99.85767581366788	0.6180563841673085	False	False	True
test	NZ_CP101766.1	NZ_OP006451.1	0.4355828220858895	[0.4, 0.8)	1.5933333333333333	127176	136951	0.6754025916839655	0.6271951281845332	0.6271951281845332	99.33053477087066	0.6754025916839655	False	False	True
test	NZ_OP006451.1	NZ_CP146851.1	0.4022988505747126	[0.4, 0.8)	1.5933333333333333	136951	138872	0.6612730100546911	0.6521112967336828	0.6521112967336828	99.34883662951108	0.6612730100546911	False	False	True
test	NC_010487.1	NZ_CP180667.1	0.5	[0.4, 0.8)	1.5933333333333333	3565	4544	0.28274894810659185	0.2211707746478873	0.2211707746478873	86.2474626719057	0.28274894810659185	False	False	False
test	NZ_CP130069.1	NZ_CP101209.1	0.5	[0.4, 0.8)	1.5933333333333333	1538	1549	1.0	1.0	1.0	95.035	1.0	False	False	True
test	NZ_CP101209.1	NZ_OY754363.1	0.6666666666666666	[0.4, 0.8)	1.5933333333333333	1549	1552	0.9703034215622982	0.9690721649484536	0.9690721649484536	95.61761088977421	0.9703034215622982	False	False	True
test	NZ_CP040126.1	NZ_CP081203.1	0.4306451612903226	[0.4, 0.8)	1.5933333333333333	395774	475028	0.903346354232466	0.7524609075675539	0.7524609075675539	97.96564630815638	0.903346354232466	False	False	True
test	NZ_CP021547.1	NZ_CP063884.1	0.4545454545454545	[0.4, 0.8)	1.5933333333333333	45740	57825	0.48478355924792305	0.3833981841763943	0.3833981841763943	99.65717203282827	0.48478355924792305	False	False	False
test	NZ_AP045063.1	CP122738.1	0.525	[0.4, 0.8)	1.5933333333333333	93025	93581	0.853974737973663	0.8493497611694681	0.8493497611694681	97.24629643314984	0.853974737973663	False	False	True
test	CP122738.1	NZ_JBXULQ010000004.1	0.4468085106382978	[0.4, 0.8)	1.5933333333333333	93581	116759	0.9193532875263141	0.7370909308918371	0.7370909308918371	97.35526340320936	0.9193532875263141	False	False	True
test	CP122738.1	CP073108.1	0.5371900826446281	[0.4, 0.8)	1.5933333333333333	93581	108563	0.881450294397367	0.7593286847268407	0.7593286847268407	98.13932794292221	0.881450294397367	False	False	True
test	NZ_MW881232.1	CP122738.1	0.4732142857142857	[0.4, 0.8)	1.5933333333333333	91784	93581	0.8447332868473808	0.828864833673502	0.828864833673502	98.13587401442926	0.8447332868473808	False	False	True
test	CP122738.1	NZ_CP043828.1	0.7087378640776699	[0.4, 0.8)	1.5933333333333333	93581	97743	0.9096184054455498	0.8713974402258985	0.8713974402258985	98.51063271695415	0.9096184054455498	False	False	True
test	NZ_LR134211.1	NZ_CP176937.1	0.5359116022099447	[0.4, 0.8)	1.5933333333333333	205331	345230	0.91449902839805	0.5437563363554732	0.5437563363554732	99.73011632539237	0.91449902839805	False	False	True
test	NZ_CP154419.1	NZ_CP176937.1	0.5880681818181818	[0.4, 0.8)	1.5933333333333333	220171	345230	0.9314487375721598	0.5940532398690728	0.5940532398690728	99.81277440893648	0.9314487375721598	False	False	True
test	NZ_CP082766.1	NZ_CP176937.1	0.490084985835694	[0.4, 0.8)	1.5933333333333333	199279	345230	0.8914386362838032	0.5145757900530081	0.5145757900530081	99.79524794141985	0.8914386362838032	False	False	True
test	NZ_OQ803523.1	NZ_CP061958.1	0.496	[0.4, 0.8)	1.5933333333333333	65989	109135	0.8585067208171059	0.5197324414715719	0.5197324414715719	98.59772087723297	0.8585067208171059	False	False	True
test	NZ_CP061964.1	NZ_CP061958.1	0.5333333333333333	[0.4, 0.8)	1.5933333333333333	63578	109135	0.9304633678316399	0.541980116369634	0.541980116369634	99.11985047392163	0.9304633678316399	False	False	True
test	NZ_OW970563.1	NZ_CP061958.1	0.5416666666666666	[0.4, 0.8)	1.5933333333333333	63589	109135	0.9304753966881064	0.541980116369634	0.541980116369634	99.21627874558573	0.9304753966881064	False	False	True
test	NZ_CP031805.1	NZ_CP061958.1	0.5666666666666667	[0.4, 0.8)	1.5933333333333333	65454	109135	0.8983866532221102	0.539222064415632	0.539222064415632	99.16625088601616	0.8983866532221102	False	False	True
test	NZ_JAZGLZ010000082.1	NZ_CP127032.1	0.4	[0.4, 0.8)	1.5933333333333333	3760	4186	0.7066489361702127	0.635212613473483	0.635212613473483	98.75937593984962	0.7066489361702127	False	False	True
test	CP054459.1	NZ_AP043608.1	0.52	[0.4, 0.8)	1.5933333333333333	83055	96372	0.8734573475407862	0.7521790561573901	0.7521790561573901	98.3389874516178	0.8734573475407862	False	False	True
test	NZ_CP146671.1	NZ_AP043608.1	0.4580152671755725	[0.4, 0.8)	1.5933333333333333	86055	96372	0.8328394631340422	0.7430270202963516	0.7430270202963516	98.0711506759582	0.8328394631340422	False	False	True
test	NZ_CP195365.1	NZ_AP026795.1	0.4134615384615384	[0.4, 0.8)	1.5933333333333333	137286	165477	0.8099150678146352	0.6718879360877946	0.6718879360877946	97.47302559154068	0.8099150678146352	False	False	True
test	NZ_CP070140.1	NZ_CP157121.1	0.5	[0.4, 0.8)	1.5933333333333333	1713	10552	0.21482778750729714	0.03478013646702047	0.03478013646702047	97.283	0.21482778750729714	False	False	False
test	NZ_CP014496.1	NZ_CP107173.1	0.4108108108108108	[0.4, 0.8)	1.5933333333333333	114223	149268	0.8485156229480928	0.6496636921510304	0.6496636921510304	97.12072692272056	0.8485156229480928	False	False	True
test	CP063553.1	NZ_JBJUUB010000012.1	0.5121951219512195	[0.4, 0.8)	1.5933333333333333	27222	35887	0.7344059951509808	0.5577785827737064	0.5577785827737064	99.96481386751923	0.7344059951509808	False	False	True
test	NZ_CP193630.1	NZ_CP119738.1	0.4786324786324786	[0.4, 0.8)	1.5933333333333333	88723	100423	0.6573492780902359	0.5807434551845693	0.5807434551845693	99.20212885988796	0.6573492780902359	False	False	True
test	NZ_CP135667.1	NZ_CP119738.1	0.5045045045045045	[0.4, 0.8)	1.5933333333333333	76366	100423	0.6972474661498572	0.5311233482369576	0.5311233482369576	99.19651949268437	0.7095102112628402	True	False	True
test	CP104420.1	NZ_CP119738.1	0.5089285714285714	[0.4, 0.8)	1.5933333333333333	83397	100423	0.7148578486036667	0.5948139370462941	0.5948139370462941	99.2674144444073	0.7148578486036667	False	False	True
test	NZ_OQ803523.1	NZ_CP175912.1	0.4414414414414414	[0.4, 0.8)	1.5933333333333333	65989	81078	0.8882389489157284	0.7208613927329238	0.7208613927329238	97.86837356762189	0.8882389489157284	False	False	True
test	NZ_CP184004.1	NZ_AP018744.1	0.5671641791044776	[0.4, 0.8)	1.5933333333333333	45802	51983	0.6368062530020523	0.5612988861743262	0.5612988861743262	99.68835015578458	0.6368062530020523	False	False	True
test	NZ_CP120895.1	NZ_CP017651.1	0.7727272727272727	[0.4, 0.8)	1.5933333333333333	64600	70884	0.9919195046439628	0.9038570058123131	0.9038570058123131	98.98130018559819	0.9919195046439628	False	False	True
test	NZ_JBZGES010000003.1	NZ_CP024550.1	0.6097560975609756	[0.4, 0.8)	1.5933333333333333	162786	187611	0.8076431634170015	0.7007051825319411	0.7007051825319411	99.62205322659129	0.8076431634170015	False	False	True
test	NZ_JBYYIK010000003.1	NZ_JBZGES010000003.1	0.4225352112676056	[0.4, 0.8)	1.5933333333333333	144341	162786	0.7486022682397933	0.6640927352475029	0.6640927352475029	99.05588731482682	0.7486022682397933	False	False	True
test	NZ_JCASKQ010000017.1	NZ_JBZGES010000003.1	0.7168674698795181	[0.4, 0.8)	1.5933333333333333	130759	162786	0.9381457490497787	0.7537503225093067	0.7537503225093067	99.97050590775751	0.9381457490497787	False	False	True
test	NZ_CP129815.1	NZ_JBZGES010000003.1	0.5901639344262295	[0.4, 0.8)	1.5933333333333333	146394	162786	0.7754689399838791	0.6974616981804332	0.6974616981804332	99.97612869909753	0.7754689399838791	False	False	True
test	NZ_CP129712.1	NZ_JBZGES010000003.1	0.5966850828729282	[0.4, 0.8)	1.5933333333333333	143798	162786	0.7836826659619744	0.6924059808583047	0.6924059808583047	99.97676846381748	0.7836826659619744	False	False	True
test	NZ_CP014496.1	NZ_CP089446.1	0.6388888888888888	[0.4, 0.8)	1.5933333333333333	114223	129071	0.8090051915988898	0.7161252333986721	0.7161252333986721	99.86572486371897	0.8090051915988898	False	False	True
test	NZ_JALEBI010000023.1	NZ_CP089446.1	0.6693548387096774	[0.4, 0.8)	1.5933333333333333	86591	129071	1.0	0.6715838569469517	0.6715838569469517	99.96518765563036	1.0	False	False	True
test	NZ_JBRAXZ010000003.1	NZ_CP089446.1	0.7357142857142858	[0.4, 0.8)	1.5933333333333333	118098	129071	0.8663736896475808	0.7931526059300695	0.7931526059300695	99.92856085100564	0.8663736896475808	False	False	True
test	NZ_CP012991.1	NZ_CP139852.1	0.5714285714285714	[0.4, 0.8)	1.5933333333333333	3223	3361	0.7983245423518461	0.7622731329961321	0.7622731329961321	91.51800387296669	0.7983245423518461	False	False	True
test	NZ_CP139852.1	NZ_CP115677.1	0.5	[0.4, 0.8)	1.5933333333333333	3361	4911	0.7619756024992562	0.5237222561596416	0.5237222561596416	91.59231111972105	0.7619756024992562	False	False	True
test	CP052444.1	NZ_CP024550.1	0.6336633663366337	[0.4, 0.8)	1.5933333333333333	174931	187611	0.7827714927600025	0.7298772460036992	0.7298772460036992	99.55678702453336	0.7827714927600025	False	False	True
test	NZ_CP134785.1	CP052444.1	0.4438202247191011	[0.4, 0.8)	1.5933333333333333	126955	174931	0.7560868024103029	0.5488163904625252	0.5488163904625252	99.6989647264661	0.7560868024103029	False	False	True
test	NZ_PETB01000002.1	CP052444.1	0.5052083333333334	[0.4, 0.8)	1.5933333333333333	128081	174931	0.9325348802710784	0.6829892929212089	0.6829892929212089	98.74814794236272	0.9325348802710784	False	False	True
test	NZ_MZ475707.1	CP052444.1	0.5521472392638037	[0.4, 0.8)	1.5933333333333333	100733	174931	0.9694340484250444	0.5581286335755241	0.5581286335755241	99.9416585633096	0.9694340484250444	False	False	True
test	NZ_JBXSFE010000003.1	CP052444.1	0.6444444444444445	[0.4, 0.8)	1.5933333333333333	146840	174931	0.8366725687823481	0.7024426773985172	0.7024426773985172	99.75601030860733	0.8366725687823481	False	False	True
test	NZ_CP129815.1	CP052444.1	0.7852760736196319	[0.4, 0.8)	1.5933333333333333	146394	174931	0.9679904914135825	0.8099593554029875	0.8099593554029875	99.96974586676262	0.9679904914135825	False	True	True
test	CP080739.1	NZ_CP020069.1	0.75	[0.4, 0.8)	1.5933333333333333	206152	213013	0.8612334588070938	0.8334937304295982	0.8334937304295982	99.40033082185994	0.956038129553825	True	True	True
test	NZ_CP056884.1	CP080739.1	0.4795539033457249	[0.4, 0.8)	1.5933333333333333	198658	206152	0.7501484964109173	0.7230150568512553	0.7230150568512553	98.79695028702487	0.7501484964109173	True	False	True
test	NZ_CP080351.1	CP080739.1	0.515748031496063	[0.4, 0.8)	1.5933333333333333	193800	206152	0.8015273477812177	0.7535798828049206	0.7535798828049206	98.61020045424713	0.8015273477812177	True	False	True
test	NZ_CP014121.1	CP080739.1	0.7577092511013216	[0.4, 0.8)	1.5933333333333333	200203	206152	0.9097116426826771	0.8834985835694051	0.8834985835694051	99.52900756374015	0.9097116426826771	True	True	True
test	NZ_CP084801.1	NZ_CP026393.1	0.6666666666666666	[0.4, 0.8)	1.5933333333333333	3534	6761	0.9397283531409168	0.4948972045555391	0.4948972045555391	97.91690476190476	0.9397283531409168	False	False	True
test	NZ_JALEBI010000023.1	NZ_CP014496.1	0.7130434782608696	[0.4, 0.8)	1.5933333333333333	86591	114223	0.978739129932672	0.7418470885898637	0.7418470885898637	99.88999019619409	0.978739129932672	False	False	True
test	OW849035.1	NZ_CP020069.1	0.7136752136752137	[0.4, 0.8)	1.5933333333333333	204647	213013	0.8451088948286561	0.813917460436687	0.813917460436687	99.17239011128409	0.8451088948286561	False	True	True
test	OW849035.1	CP067475.1	0.4222222222222222	[0.4, 0.8)	1.5933333333333333	204647	216181	0.6711996755388547	0.6355785198514208	0.6355785198514208	98.35526203675416	0.6711996755388547	False	False	True
test	NZ_CP056884.1	OW849035.1	0.4501845018450184	[0.4, 0.8)	1.5933333333333333	198658	204647	0.7195179655488326	0.6985638685150527	0.6985638685150527	98.83077179134006	0.7195179655488326	False	False	True
test	NZ_JCAPUQ010000005.1	NZ_CP091696.1	0.5	[0.4, 0.8)	1.5933333333333333	2422	3461	0.3633360858794385	0.2583068477318694	0.2583068477318694	79.60501315789473	0.3633360858794385	False	False	False
test	NZ_CP141542.1	NZ_KX636095.1	0.4164305949008499	[0.4, 0.8)	1.5933333333333333	202151	335317	0.8176610553497138	0.49503305827023386	0.49503305827023386	99.6395279669479	0.8176610553497138	False	False	True
test	NZ_JBYYIK010000003.1	NZ_KX636095.1	0.4097859327217125	[0.4, 0.8)	1.5933333333333333	144341	335317	0.9411532412827956	0.4051300709477897	0.4051300709477897	99.68745998042262	0.9411532412827956	False	False	True
test	NZ_PQ279301.1	NZ_CP021328.1	0.4698544698544699	[0.4, 0.8)	1.5933333333333333	283375	446611	0.8420114689016321	0.5343285319886881	0.5343285319886881	99.68239134478424	0.8420114689016321	False	False	True
test	NZ_MT929283.1	NZ_JBRXAB010000004.1	0.4597701149425287	[0.4, 0.8)	1.5933333333333333	60643	62657	0.8040169516679584	0.7786839459278293	0.7786839459278293	97.36187483894716	0.8040169516679584	False	False	True
test	NZ_MT929283.1	NZ_LS992189.1	0.4111111111111111	[0.4, 0.8)	1.5933333333333333	60643	64687	0.8320663555562885	0.777930650671696	0.777930650671696	97.1303943317281	0.8320663555562885	False	False	True
test	LC623922.1	OR771667.1	0.7096774193548387	[0.4, 0.8)	1.5933333333333333	42530	56762	1.0	0.7499911912899475	0.7499911912899475	99.96718216626343	1.0	False	False	True
test	NZ_KX246268.1	NZ_CP145710.1	0.4504504504504504	[0.4, 0.8)	1.5933333333333333	86207	95144	0.8872829352604776	0.8041705204742285	0.8041705204742285	97.58520759691949	0.8872829352604776	False	False	True
test	NZ_CP193630.1	NZ_CP095666.1	0.4821428571428571	[0.4, 0.8)	1.5933333333333333	88723	99379	0.7809474431658082	0.6960222984735206	0.6960222984735206	99.18212013094706	0.7809474431658082	False	False	True
test	NZ_CP135667.1	NZ_CP095666.1	0.5094339622641509	[0.4, 0.8)	1.5933333333333333	76366	99379	0.8385538066678888	0.6441199851075177	0.6441199851075177	99.23072639463213	0.8541325501766163	True	False	True
test	CP104420.1	NZ_CP095666.1	0.5283018867924528	[0.4, 0.8)	1.5933333333333333	83397	99379	0.8819861625717952	0.7397236840781252	0.7397236840781252	99.26877618368317	0.8819861625717952	False	False	True
test	NZ_JABWHZ010000057.1	NZ_JBSTQQ010000002.1	0.5511363636363636	[0.4, 0.8)	1.5933333333333333	139873	156753	0.7782917360748679	0.6945321620638839	0.6945321620638839	99.903571882461	0.7782917360748679	False	False	True
test	NZ_CP091543.1	NZ_MK477611.1	0.6048951048951049	[0.4, 0.8)	1.5933333333333333	185529	263466	0.8801265570342103	0.6196549080336742	0.6196549080336742	99.96996106655236	0.8801265570342103	False	False	True
test	NZ_CP141199.1	NZ_MK477611.1	0.6870748299319728	[0.4, 0.8)	1.5933333333333333	214402	263466	0.9263346424007238	0.7537898628286003	0.7537898628286003	99.92163229128391	0.9263346424007238	False	False	True
test	NZ_JBVTJX020000002.1	NZ_MK477611.1	0.668769716088328	[0.4, 0.8)	1.5933333333333333	257061	263466	0.8176502853408335	0.7978790432162025	0.7978790432162025	99.69998219601501	0.8176502853408335	False	False	True
test	NZ_CP151126.1	CP030582.1	0.5	[0.4, 0.8)	1.5933333333333333	13364	25430	0.9703681532475307	0.5103027919779788	0.5103027919779788	98.83098184475729	0.9703681532475307	False	False	True
test	NZ_CP020069.1	OW849024.1	0.4212328767123288	[0.4, 0.8)	1.5933333333333333	213013	242397	0.6714801444043321	0.5902878335953002	0.5902878335953002	98.41709998393326	0.6714801444043321	False	False	True
test	NZ_CP056884.1	NZ_CP020069.1	0.4710144927536231	[0.4, 0.8)	1.5933333333333333	198658	213013	0.7153449647132257	0.6674475266767756	0.6674475266767756	98.68104747542915	0.7153449647132257	False	False	True
test	NZ_CP054265.1	NZ_CP020069.1	0.6205357142857143	[0.4, 0.8)	1.5933333333333333	168717	213013	0.8284286704955636	0.6562181650885157	0.6562181650885157	99.59342535872162	0.8284286704955636	False	False	True
test	NZ_CP014121.1	NZ_CP020069.1	0.7245762711864406	[0.4, 0.8)	1.5933333333333333	200203	213013	0.8763704839587818	0.8237290681789374	0.8237290681789374	99.14266988521463	0.8763704839587818	False	True	True
test	NZ_JPGS01000104.1	NZ_NTCW01000097.1	0.5	[0.4, 0.8)	1.5933333333333333	2663	2798	0.997371385655276	0.9492494639027877	0.9492494639027877	100.0	0.997371385655276	False	True	True
test	NZ_CP074060.1	NZ_OZ410665.1	0.6	[0.4, 0.8)	1.5933333333333333	27653	28827	0.9848840993743898	0.946092205224269	0.946092205224269	97.93811638713424	0.9848840993743898	False	False	True
test	NZ_CP024550.1	NZ_CP114566.1	0.5058365758754864	[0.4, 0.8)	1.5933333333333333	187611	210045	0.7490605561507587	0.6691423266442905	0.6691423266442905	99.25048251146585	0.7490605561507587	False	False	True
test	NZ_JBXSFE010000003.1	NZ_CP024550.1	0.6276595744680851	[0.4, 0.8)	1.5933333333333333	146840	187611	0.8099087442113866	0.6339553650905331	0.6339553650905331	99.97487522377521	0.8099087442113866	False	False	True
test	NZ_CP129712.1	NZ_CP024550.1	0.6162162162162163	[0.4, 0.8)	1.5933333333333333	143798	187611	0.8259572455806061	0.6330918762759113	0.6330918762759113	99.9871911046766	0.8259572455806061	False	False	True
test	NZ_CP025275.1	NZ_JBYYIK010000003.1	0.5414012738853503	[0.4, 0.8)	1.5933333333333333	125113	144341	0.7666429547688889	0.6564801407777416	0.6564801407777416	99.73022206353012	0.7666429547688889	False	False	True
test	NZ_CP134785.1	NZ_JBYYIK010000003.1	0.4723926380368098	[0.4, 0.8)	1.5933333333333333	126955	144341	0.7863179866881966	0.6915360154079575	0.6915360154079575	99.1567291017796	0.7863179866881966	False	False	True
test	NZ_PETB01000002.1	NZ_JBYYIK010000003.1	0.5454545454545454	[0.4, 0.8)	1.5933333333333333	128081	144341	0.8015240355712401	0.7113917736471272	0.7113917736471272	99.59301134493471	0.8015240355712401	False	False	True
test	NZ_JBYYIK010000003.1	NZ_JBXSFE010000003.1	0.5081081081081081	[0.4, 0.8)	1.5933333333333333	144341	146840	0.7222064416901642	0.7099564151457368	0.7099564151457368	99.10437896412509	0.7222064416901642	False	False	True
test	NZ_ON390820.1	NZ_CP091608.1	0.6526717557251909	[0.4, 0.8)	1.5933333333333333	190661	225457	0.8692705902098489	0.7352976399047269	0.7352976399047269	99.76669672556233	0.8692705902098489	False	False	True
test	NZ_ON390820.1	NZ_AP027431.1	0.6885245901639344	[0.4, 0.8)	1.5933333333333333	190661	201683	0.8503784203376674	0.8039745541270211	0.8039745541270211	99.64861149123456	0.8503784203376674	False	True	True
test	NZ_CP063884.1	NZ_CP135149.1	0.4337349397590361	[0.4, 0.8)	1.5933333333333333	57825	58662	0.5397665369649806	0.5324059868398623	0.5324059868398623	99.7023663860705	0.5397665369649806	False	False	True
test	NZ_MUMX01000050.1	NZ_QRAC01000116.1	0.6	[0.4, 0.8)	1.5933333333333333	10929	11661	0.788818739134413	0.7393019466598062	0.7393019466598062	100.0	0.788818739134413	False	False	True
test	NZ_PP129611.1	NZ_CP193630.1	0.5256410256410257	[0.4, 0.8)	1.5933333333333333	63468	88723	0.8456072351421189	0.6046233783799015	0.6046233783799015	99.79699310730253	0.8456072351421189	False	False	True
test	NZ_PP129611.1	NZ_CP135667.1	0.547945205479452	[0.4, 0.8)	1.5933333333333333	63468	76366	0.7716644608306548	0.64184322866197	0.64184322866197	99.8960304186388	0.7716644608306548	True	False	True
test	NZ_CP057363.1	CP077360.1	0.6666666666666666	[0.4, 0.8)	1.5933333333333333	1552	1628	0.6958762886597938	0.6633906633906634	0.6633906633906634	97.317	0.6958762886597938	False	False	True
test	NZ_OY754363.1	CP077360.1	0.6666666666666666	[0.4, 0.8)	1.5933333333333333	1552	1628	0.6958762886597938	0.6633906633906634	0.6633906633906634	97.225	0.6958762886597938	False	False	True
test	NZ_AP040966.1	NZ_CP041960.1	0.5354330708661418	[0.4, 0.8)	1.5933333333333333	96870	98151	0.8741612470321048	0.8621715519964137	0.8621715519964137	98.17536384666225	0.8741612470321048	False	False	True
test	NZ_CP124427.1	NZ_CP048364.1	0.4285714285714285	[0.4, 0.8)	1.5933333333333333	5167	7872	1.0	0.657520325203252	0.657520325203252	99.67147585007729	1.0	False	False	True
test	NZ_CP049847.1	NZ_CP163044.1	0.4166666666666667	[0.4, 0.8)	1.5933333333333333	90408	94524	0.728685514556234	0.6968706360289451	0.6968706360289451	98.13852439616458	0.728685514556234	False	False	True
test	CP125031.1	NZ_CP050383.1	0.4	[0.4, 0.8)	1.5933333333333333	4066	4081	1.0	1.0	1.0	92.53481434496219	1.0	False	False	True
test	NZ_CP042890.1	CP125031.1	0.4	[0.4, 0.8)	1.5933333333333333	4057	4066	1.0	1.0	1.0	98.27875092205558	1.0	False	False	True
test	CP125031.1	NZ_CP107168.1	0.4	[0.4, 0.8)	1.5933333333333333	4066	4082	1.0	1.0	1.0	92.70556160039034	1.0	False	False	True
test	CP125031.1	NZ_CP006634.1	0.4	[0.4, 0.8)	1.5933333333333333	4066	4086	0.9754058042302016	0.9767498776309349	0.9754058042302016	93.47193821910956	0.9754058042302016	False	False	True
test	NZ_JBSMJN010000049.1	NZ_NTHV01000058.1	0.4166666666666667	[0.4, 0.8)	1.5933333333333333	7121	14083	0.9771099564667883	0.49470993396293406	0.49470993396293406	98.88091017362605	0.9771099564667883	False	False	True
test	CP057522.1	CP057191.1	0.4496124031007752	[0.4, 0.8)	1.5933333333333333	86439	102988	0.846492902509284	0.7165106614362838	0.7165106614362838	97.32739759117668	0.846492902509284	False	False	True
test	NZ_CP133928.1	NZ_AP039440.1	0.4473684210526316	[0.4, 0.8)	1.5933333333333333	100835	123644	0.8598403332176328	0.701408883568956	0.701408883568956	97.97622440677185	0.8598403332176328	False	False	True
test	NZ_AP039440.1	NZ_AP028843.1	0.4245810055865922	[0.4, 0.8)	1.5933333333333333	123644	137403	0.6732150367183204	0.6061075813482966	0.6061075813482966	98.50568645958262	0.6732150367183204	False	False	True
test	NZ_CP141678.1	NZ_CP086762.1	0.4466019417475728	[0.4, 0.8)	1.5933333333333333	228888	296148	0.7646272412708399	0.5908160784472628	0.5908160784472628	99.27657619752014	0.7646272412708399	False	False	True
test	NC_023317.1	NC_019374.1	0.4	[0.4, 0.8)	1.5933333333333333	2683	5903	1.0	0.45925800440454007	0.45925800440454007	99.92594171892291	1.0	False	False	True
test	NZ_MT349894.1	NC_019374.1	0.4	[0.4, 0.8)	1.5933333333333333	2683	5903	1.0	0.45925800440454007	0.45925800440454007	99.70497823681298	1.0	False	False	True
test	NZ_CP091543.1	NZ_JBVTJX020000002.1	0.4294871794871794	[0.4, 0.8)	1.5933333333333333	185529	257061	0.7474357108592188	0.5395606490288297	0.5395606490288297	99.63171885179742	0.7474357108592188	False	False	True
test	NZ_CP130069.1	NZ_RRNF01000141.1	0.5	[0.4, 0.8)	1.5933333333333333	1538	3263	0.988296488946684	0.4701195219123506	0.4701195219123506	93.563	0.988296488946684	False	False	True
test	NZ_CP130069.1	CP057777.1	0.5	[0.4, 0.8)	1.5933333333333333	1538	1551	1.0	1.0	1.0	94.019	1.0	False	False	True
test	NZ_CP130069.1	CP099101.1	0.5	[0.4, 0.8)	1.5933333333333333	1538	1548	0.9980494148244473	0.9987080103359173	0.9980494148244473	95.284	0.9980494148244473	False	False	True
test	NZ_CP130069.1	NZ_CP060064.1	0.5	[0.4, 0.8)	1.5933333333333333	1538	1549	1.0	1.0	1.0	94.971	1.0	False	False	True
test	NZ_CP086419.1	NZ_CP024194.1	0.6266666666666667	[0.4, 0.8)	1.5933333333333333	70475	89345	0.8533380631429585	0.6691029156639992	0.6691029156639992	99.51826533291238	0.8533380631429585	False	False	True
test	NZ_CP176935.1	NZ_LR134211.1	0.4754098360655737	[0.4, 0.8)	1.5933333333333333	147379	205331	0.7968299418506029	0.5725438438423813	0.5725438438423813	99.67329414416331	0.7968299418506029	False	False	True
test	NZ_LR134211.1	NZ_CP154419.1	0.7044534412955465	[0.4, 0.8)	1.5933333333333333	205331	220171	0.849813228397076	0.7922160502518497	0.7922160502518497	99.7182787811609	0.849813228397076	False	False	True
test	NZ_CP082766.1	NZ_LR134211.1	0.5645161290322581	[0.4, 0.8)	1.5933333333333333	199279	205331	0.7430035277174213	0.7211088437693286	0.7211088437693286	99.68001672100823	0.7430035277174213	False	False	True
test	NZ_CP057363.1	NZ_RRJD01000137.1	0.6666666666666666	[0.4, 0.8)	1.5933333333333333	1552	2405	0.7371134020618557	0.4698544698544699	0.4698544698544699	95.19638951965065	0.7371134020618557	False	False	True
test	CP057777.1	NZ_CP057363.1	0.6666666666666666	[0.4, 0.8)	1.5933333333333333	1551	1552	1.0	1.0	1.0	95.94626383526384	1.0	False	False	True
test	CP099101.1	NZ_CP057363.1	0.6666666666666666	[0.4, 0.8)	1.5933333333333333	1548	1552	0.9760981912144703	0.9742268041237113	0.9742268041237113	95.7070429326288	0.9760981912144703	False	False	True
test	NZ_CP060064.1	NZ_CP057363.1	0.6666666666666666	[0.4, 0.8)	1.5933333333333333	1549	1552	0.9703034215622982	0.9690721649484536	0.9690721649484536	95.48502788844621	0.9703034215622982	False	False	True
test	NZ_JBRRZA010000030.1	NZ_CP137068.1	0.4107142857142857	[0.4, 0.8)	1.5933333333333333	53809	88892	0.898864502220818	0.5440984565540206	0.5440984565540206	98.41104866406297	0.898864502220818	False	False	True
test	NZ_CP017651.1	NZ_CP137068.1	0.76	[0.4, 0.8)	1.5933333333333333	70884	88892	0.9899977427910389	0.7896998605048823	0.7896998605048823	99.56292411337418	0.9899977427910389	False	False	True
test	NZ_CP025267.1	NZ_CP137068.1	0.7281553398058253	[0.4, 0.8)	1.5933333333333333	74241	88892	0.9389286243450384	0.7838500652477163	0.7838500652477163	99.72914063396442	0.9389286243450384	False	False	True
test	CP130047.1	NZ_CP136325.1	0.5170556552962298	[0.4, 0.8)	1.5933333333333333	1665781	1691059	0.9205447774947607	0.9057838904497123	0.9057838904497123	97.99371148670707	0.9205447774947607	False	False	True
test	NZ_OK649970.1	NZ_CP088223.1	0.5325077399380805	[0.4, 0.8)	1.5933333333333333	261511	277693	0.7322980677677039	0.6895240427378436	0.6895240427378436	99.8784494885945	0.7322980677677039	False	False	True
test	NZ_CP088223.1	NZ_CP072939.1	0.5144230769230769	[0.4, 0.8)	1.5933333333333333	277693	384269	0.8776814683841508	0.634318667391853	0.634318667391853	99.21981078797673	0.8776814683841508	False	False	True
test	NZ_CP060975.1	NZ_CM017149.1	0.5096774193548387	[0.4, 0.8)	1.5933333333333333	112054	153499	0.7696557017152444	0.5618473084515209	0.5618473084515209	99.73252040981893	0.7696557017152444	False	False	True
test	NZ_CP176935.1	NZ_CP082766.1	0.5	[0.4, 0.8)	1.5933333333333333	147379	199279	0.8293040392457541	0.6135819629765303	0.6135819629765303	99.61896749928458	0.8293040392457541	False	False	True
test	NZ_CP135667.1	NZ_CP193630.1	0.75	[0.4, 0.8)	1.5933333333333333	76366	88723	0.8945604064636095	0.7706344465358476	0.7706344465358476	99.91369067493092	0.9122332146868952	True	False	True
test	NZ_ON209126.1	NZ_CP185196.1	0.5384615384615384	[0.4, 0.8)	1.5933333333333333	54035	61059	0.7706116406033127	0.6819469693247515	0.6819469693247515	99.96425823727186	0.7706116406033127	False	False	True
test	NZ_ON209126.1	NZ_JBYDGO010000004.1	0.5428571428571428	[0.4, 0.8)	1.5933333333333333	54035	57114	0.7682983251596187	0.7269846272367546	0.7269846272367546	99.98771518027021	0.7682983251596187	False	False	True
test	NZ_CP095668.1	NZ_ON209126.1	0.7758620689655172	[0.4, 0.8)	1.5933333333333333	45403	54035	1.0	0.8405848061441659	0.8405848061441659	99.97820554369125	1.0	False	True	True
test	NZ_ON209126.1	NZ_JBWIFL010000005.1	0.5428571428571428	[0.4, 0.8)	1.5933333333333333	54035	59700	0.7682798186360692	0.6954773869346733	0.6954773869346733	99.98771488439306	0.7682798186360692	False	False	True
test	NZ_ON209126.1	NZ_CM007910.1	0.4196428571428571	[0.4, 0.8)	1.5933333333333333	54035	124845	0.8679004349033034	0.3756417958268253	0.3756417958268253	99.9720963911922	0.8679004349033034	False	False	True
test	CP090300.1	NZ_ON209126.1	0.5588235294117647	[0.4, 0.8)	1.5933333333333333	53824	54035	0.772480677764566	0.768372351253817	0.768372351253817	99.97117318838838	0.772480677764566	False	False	True
test	NZ_PETB01000002.1	NZ_CP114566.1	0.4238683127572016	[0.4, 0.8)	1.5933333333333333	128081	210045	0.9812228199342603	0.5986526696660239	0.5986526696660239	98.74459965813324	0.9812228199342603	False	False	True
test	NZ_JBYDGO010000004.1	NZ_CP185196.1	0.5135135135135135	[0.4, 0.8)	1.5933333333333333	57114	61059	0.696274118429807	0.65104243436676	0.65104243436676	99.98201056152087	0.696274118429807	False	False	True
test	NZ_CP095668.1	NZ_CP185196.1	0.5285714285714286	[0.4, 0.8)	1.5933333333333333	45403	61059	0.8575865030945091	0.6375472903257505	0.6375472903257505	99.98698358887434	0.8575865030945091	False	False	True
test	NZ_JBWIFL010000005.1	NZ_CP185196.1	0.5135135135135135	[0.4, 0.8)	1.5933333333333333	59700	61059	0.6660971524288107	0.6510260567647685	0.6510260567647685	99.98236003118242	0.6660971524288107	False	False	True
test	NZ_CP059715.1	NZ_CP185196.1	0.5352112676056338	[0.4, 0.8)	1.5933333333333333	45739	61059	0.8512866481558408	0.6375472903257505	0.6375472903257505	99.99233654364743	0.8512866481558408	False	False	True
test	NZ_OK649970.1	NZ_JBRJPJ010000002.1	0.4782608695652174	[0.4, 0.8)	1.5933333333333333	261511	285363	0.7106163794257221	0.6510339462368983	0.6510339462368983	99.57681987480774	0.7106163794257221	False	False	True
test	NZ_CP033630.1	NZ_OZ066665.1	0.6666666666666666	[0.4, 0.8)	1.5933333333333333	23185	39395	0.7926245417295665	0.4660743749206752	0.4660743749206752	99.79341308837918	0.7926245417295665	False	False	True
test	CP067788.1	NZ_CP033630.1	0.7058823529411765	[0.4, 0.8)	1.5933333333333333	13841	23185	0.6277003106711943	0.37507008841923656	0.37507008841923656	99.98848965517243	0.6277003106711943	False	False	True
test	NZ_CP006029.1	NZ_CP025275.1	0.5555555555555556	[0.4, 0.8)	1.5933333333333333	64561	125113	0.9594956707609857	0.5010110859782756	0.5010110859782756	99.95366575294436	0.9594956707609857	False	False	True
test	NZ_JAJQQO010000024.1	NZ_CP006029.1	0.647887323943662	[0.4, 0.8)	1.5933333333333333	61004	64561	0.7335584551832667	0.6939483589163736	0.6939483589163736	99.90651712443382	0.7335584551832667	False	False	True
test	NZ_CP006029.1	NZ_CP134785.1	0.4615384615384615	[0.4, 0.8)	1.5933333333333333	64561	126955	0.8753117206982544	0.4449135520460005	0.4449135520460005	99.87619171149493	0.8753117206982544	False	False	True
test	NZ_CP006029.1	NZ_MZ475707.1	0.4653465346534653	[0.4, 0.8)	1.5933333333333333	64561	100733	0.798717491984325	0.5114808454031946	0.5114808454031946	99.41300346899223	0.798717491984325	False	False	True
test	NZ_CP006029.1	NZ_JBXSFE010000003.1	0.4044117647058823	[0.4, 0.8)	1.5933333333333333	64561	146840	0.8049596505630334	0.353548079542359	0.353548079542359	99.93865736821854	0.8049596505630334	False	False	True
test	CP009881.1	OW849481.1	0.4948453608247423	[0.4, 0.8)	1.5933333333333333	50272	105977	0.88158418204965	0.41841154212706533	0.41841154212706533	99.89612276468597	0.88158418204965	False	False	True
test	NZ_AP018744.1	OW849481.1	0.4245283018867924	[0.4, 0.8)	1.5933333333333333	51983	105977	0.820037319893042	0.40249299376279757	0.40249299376279757	99.69060350079671	0.820037319893042	False	False	True
test	NZ_CP118928.1	OW849481.1	0.4629629629629629	[0.4, 0.8)	1.5933333333333333	67839	105977	0.7053759636787099	0.45146588410692884	0.45146588410692884	99.77006341911765	0.7053759636787099	False	False	True
test	NZ_CP043828.1	NZ_AP024115.1	0.4347826086956521	[0.4, 0.8)	1.5933333333333333	97743	109993	0.8221560623267139	0.7301100979153219	0.7301100979153219	98.71643919271804	0.8221560623267139	False	False	True
test	NZ_CP120968.1	NZ_CP110537.1	0.4461538461538462	[0.4, 0.8)	1.5933333333333333	48574	54267	0.7445958743360646	0.6660217074833693	0.6660217074833693	99.02468563693125	0.7445958743360646	False	False	True
test	NZ_JBYKYR010000002.1	NZ_CP110537.1	0.5396825396825397	[0.4, 0.8)	1.5933333333333333	49142	54267	0.8978267062797607	0.8126301435494868	0.8126301435494868	99.16373869096185	0.8978267062797607	False	True	True
test	NZ_CP199511.1	NZ_CP169382.1	0.6666666666666666	[0.4, 0.8)	1.5933333333333333	44105	53894	0.9103049540868382	0.7456674212342747	0.7456674212342747	99.6964980595084	0.9103049540868382	False	False	True
test	NZ_CP026219.1	NZ_CP169382.1	0.4383561643835616	[0.4, 0.8)	1.5933333333333333	35298	53894	0.7867584565697773	0.5152892715330092	0.5152892715330092	99.97842863315569	0.7867584565697773	False	False	True
test	NZ_MW881232.1	NZ_CP133928.1	0.4262295081967213	[0.4, 0.8)	1.5933333333333333	91784	100835	0.7974592521572388	0.7259681658154411	0.7259681658154411	98.61144687154423	0.7974592521572388	False	False	True
test	NZ_CP043828.1	NZ_CP133928.1	0.4122137404580153	[0.4, 0.8)	1.5933333333333333	97743	100835	0.7468156287406771	0.723935141567908	0.723935141567908	98.05121844680123	0.7468156287406771	False	False	True
test	NZ_PETB01000002.1	NZ_JCASKQ010000017.1	0.6387096774193548	[0.4, 0.8)	1.5933333333333333	128081	130759	0.9442852569858137	0.9252288561399216	0.9252288561399216	98.73405352361748	0.9442852569858137	False	False	True
test	NZ_CP061964.1	NZ_CP175912.1	0.4672897196261682	[0.4, 0.8)	1.5933333333333333	63578	81078	0.9121079618736041	0.7122523989244924	0.7122523989244924	98.04207241105902	0.9121079618736041	False	False	True
test	CP054459.1	NZ_CP146671.1	0.6732673267326733	[0.4, 0.8)	1.5933333333333333	83055	86055	0.9528505207392691	0.9202138167451048	0.9202138167451048	99.03194834353506	0.9528505207392691	False	True	True
test	CP054459.1	NZ_AP022296.1	0.4878048780487805	[0.4, 0.8)	1.5933333333333333	83055	105884	0.9109626151345493	0.7148672131766839	0.7148672131766839	98.16765332154915	0.9109626151345493	False	False	True
test	NZ_CP120968.1	NZ_JBYKYR010000002.1	0.5454545454545454	[0.4, 0.8)	1.5933333333333333	48574	49142	0.7599950590851072	0.7510276342029222	0.7510276342029222	99.00344823478449	0.7599950590851072	False	False	True
test	NZ_JBXULQ010000004.1	NZ_AP028843.1	0.4335260115606936	[0.4, 0.8)	1.5933333333333333	116759	137403	0.687784239330587	0.5849144487383827	0.5849144487383827	98.4704249416033	0.687784239330587	False	False	True
test	NZ_CP188146.1	NZ_CP188137.1	0.7777777777777778	[0.4, 0.8)	1.5933333333333333	10566	10572	0.9177550634109407	0.9172342035565645	0.9172342035565645	100.0	0.9177550634109407	False	True	True
test	NZ_JBRRZA010000030.1	NZ_AP025532.1	0.46875	[0.4, 0.8)	1.5933333333333333	53809	71826	0.929602854541062	0.6988834126917829	0.6988834126917829	98.50447206514815	0.929602854541062	False	False	True
test	NZ_JBRRZA010000030.1	NZ_CP017651.1	0.5	[0.4, 0.8)	1.5933333333333333	53809	70884	0.9131372075303388	0.6928079679476328	0.6928079679476328	98.58415772986167	0.9131372075303388	False	False	True
test	NZ_JBRRZA010000030.1	NZ_CP025267.1	0.5208333333333334	[0.4, 0.8)	1.5933333333333333	53809	74241	0.987269787582003	0.7237510270605191	0.7237510270605191	98.49181167345571	0.987269787582003	False	False	True
test	NZ_CP017651.1	NZ_AP025532.1	0.7865168539325843	[0.4, 0.8)	1.5933333333333333	70884	71826	0.9707127137294735	0.9579260991841394	0.9579260991841394	99.3016206505954	0.9707127137294735	False	True	True
test	NZ_CP163034.1	NZ_CP141678.1	0.6492890995260664	[0.4, 0.8)	1.5933333333333333	190061	228888	0.8442236966026697	0.7010983537800147	0.7010983537800147	99.69023316740083	0.8442236966026697	False	False	True
test	NZ_OP378651.1	NZ_OZ066665.1	0.631578947368421	[0.4, 0.8)	1.5933333333333333	9506	39395	0.8066484325689038	0.1944916867622795	0.1944916867622795	99.98702164840897	0.8066484325689038	False	False	True
test	NZ_OP378651.1	CP067788.1	0.6666666666666666	[0.4, 0.8)	1.5933333333333333	9506	13841	0.8285293498842836	0.5684560364135539	0.5684560364135539	99.987250507872	0.8285293498842836	False	False	True
test	NZ_JAJQQO010000024.1	NZ_CP025275.1	0.4122807017543859	[0.4, 0.8)	1.5933333333333333	61004	125113	0.7488525342600485	0.36527778887885354	0.36527778887885354	99.8859502712873	0.7488525342600485	False	False	True
test	NZ_CP054265.1	CP067475.1	0.4065040650406504	[0.4, 0.8)	1.5933333333333333	168717	216181	0.634126970014877	0.494978744663037	0.494978744663037	99.26823528202632	0.634126970014877	False	False	True
test	NZ_CP014121.1	CP067475.1	0.4391143911439114	[0.4, 0.8)	1.5933333333333333	200203	216181	0.688051627597988	0.6374241954658365	0.6374241954658365	98.38102968738667	0.688051627597988	False	False	True
test	NZ_CP037880.1	NZ_JBTZQO010000007.1	0.4576271186440678	[0.4, 0.8)	1.5933333333333333	40085	87572	0.7860047399276537	0.36004659023432145	0.36004659023432145	97.93586780606904	0.7860047399276537	False	False	True
test	NZ_AP027431.1	NZ_CP091608.1	0.5863309352517986	[0.4, 0.8)	1.5933333333333333	201683	225457	0.8102963561628893	0.7247457386552646	0.7247457386552646	99.61414512212279	0.8102963561628893	False	False	True
test	NZ_AP045063.1	NZ_JBXULQ010000004.1	0.4466666666666666	[0.4, 0.8)	1.5933333333333333	93025	116759	0.8740446116635313	0.696477359347031	0.696477359347031	98.39916362966149	0.8740446116635313	False	False	True
test	NZ_AP045063.1	CP073108.1	0.4632352941176471	[0.4, 0.8)	1.5933333333333333	93025	108563	0.8755495834453104	0.7502187669832263	0.7502187669832263	97.99731145832055	0.8755495834453104	False	False	True
test	NZ_AP045063.1	CP082669.1	0.5583333333333333	[0.4, 0.8)	1.5933333333333333	93025	99345	0.8178554152109648	0.7660979415169359	0.7660979415169359	98.33477022980959	0.8178554152109648	False	False	True
test	NZ_AP045063.1	NZ_CP043828.1	0.4538461538461538	[0.4, 0.8)	1.5933333333333333	93025	97743	0.8406664875033593	0.8000470621937121	0.8000470621937121	97.60579568148734	0.8406664875033593	False	False	True
test	OW849104.1	NZ_CP115006.1	0.6	[0.4, 0.8)	1.5933333333333333	5413	5413	1.0	1.0	1.0	98.50431141485038	1.0	False	False	True
test	NZ_JBVWFR010000002.1	NZ_CP061964.1	0.5280898876404494	[0.4, 0.8)	1.5933333333333333	58585	63578	0.9580267986686012	0.8828211016389317	0.8828211016389317	97.75892747534448	0.9580267986686012	False	False	True
test	NZ_CP043297.1	NZ_CM017149.1	0.6834532374100719	[0.4, 0.8)	1.5933333333333333	110724	153499	0.9316227737437232	0.6720695248828983	0.6720695248828983	99.91778565821224	0.9316227737437232	False	False	True
test	NZ_CP095668.1	NZ_JBYDGO010000004.1	0.6379310344827587	[0.4, 0.8)	1.5933333333333333	45403	57114	0.8963064114706076	0.7126273768252968	0.7126273768252968	99.98740340532174	0.8963064114706076	False	False	True
test	NZ_CP059715.1	NZ_JBYDGO010000004.1	0.6440677966101694	[0.4, 0.8)	1.5933333333333333	45739	57114	0.8897221189794268	0.7126273768252968	0.7126273768252968	99.9875543107049	0.8897221189794268	False	False	True
test	NZ_JBYMRZ010000004.1	NZ_CP023984.1	0.4577464788732394	[0.4, 0.8)	1.5933333333333333	106186	111425	0.8681935471719435	0.8267982948171416	0.8267982948171416	97.22621230842603	0.8681935471719435	False	False	True
test	CP131017.1	CP131529.1	0.6752136752136753	[0.4, 0.8)	1.5933333333333333	122440	135006	0.7790509637373407	0.7071315348947455	0.7071315348947455	99.46804555589289	0.7790509637373407	False	False	True
test	NZ_CP123016.1	CP125070.1	0.5	[0.4, 0.8)	1.5933333333333333	2088	2113	1.0	1.0	1.0	98.6279815428301	1.0	False	False	True
test	NZ_CP095668.1	NZ_JBWIFL010000005.1	0.6379310344827587	[0.4, 0.8)	1.5933333333333333	45403	59700	0.8963064114706076	0.6817587939698493	0.6817587939698493	99.99266971327485	0.8963064114706076	False	False	True
test	NZ_CP095668.1	NZ_CM007910.1	0.4455445544554455	[0.4, 0.8)	1.5933333333333333	45403	124845	0.9621390657005043	0.34988986343065404	0.34988986343065404	99.97269410364403	0.9621390657005043	False	False	True
test	NZ_CP059715.1	NZ_JBWIFL010000005.1	0.6440677966101694	[0.4, 0.8)	1.5933333333333333	45739	59700	0.9066223572880912	0.6947068676716918	0.6947068676716918	99.89404000096445	0.9066223572880912	False	False	True
test	NZ_CP080351.1	NZ_CP056884.1	0.5843621399176955	[0.4, 0.8)	1.5933333333333333	193800	198658	0.7696284829721363	0.750621671415196	0.750621671415196	99.34370195781415	0.7696284829721363	False	False	True
test	NZ_CP054265.1	NZ_CP056884.1	0.4314516129032258	[0.4, 0.8)	1.5933333333333333	168717	198658	0.6854970157127024	0.5821663361153339	0.5821663361153339	99.57969225516464	0.6854970157127024	False	False	True
test	CP009881.1	NZ_AP018744.1	0.6	[0.4, 0.8)	1.5933333333333333	50272	51983	0.8131564290260981	0.7867379720293173	0.7867379720293173	99.72863028762737	0.8131564290260981	False	False	True
test	CP009881.1	NZ_CP149976.1	0.726027397260274	[0.4, 0.8)	1.5933333333333333	50272	58972	0.8897000318268619	0.7492877975988604	0.7492877975988604	99.85025207322798	0.8897000318268619	False	False	True
test	CP009881.1	NZ_CP118928.1	0.676056338028169	[0.4, 0.8)	1.5933333333333333	50272	67839	0.870723265436028	0.6454694202449918	0.6454694202449918	99.94499636903402	0.870723265436028	False	False	True
test	CP128668.1	CP009881.1	0.4098360655737705	[0.4, 0.8)	1.5933333333333333	30836	50272	0.7976391231028668	0.4890396244430299	0.4890396244430299	99.87801321138211	0.7976391231028668	False	False	True
test	CP009881.1	NZ_MH917123.1	0.7846153846153846	[0.4, 0.8)	1.5933333333333333	50272	65604	0.8704845639719924	0.667047740991403	0.667047740991403	99.89040535045233	0.8704845639719924	False	False	True
test	NZ_JBRXAB010000004.1	NZ_CP066368.1	0.449438202247191	[0.4, 0.8)	1.5933333333333333	62657	66038	0.7825622037441946	0.7423453163330204	0.7423453163330204	97.39710083572257	0.7825622037441946	False	False	True
test	NZ_MT349894.1	NZ_CP120540.1	0.5	[0.4, 0.8)	1.5933333333333333	2683	2683	1.0	1.0	1.0	99.77668356317555	1.0	False	True	True
test	NZ_JBVWFR010000002.1	NZ_OW970563.1	0.5393258426966292	[0.4, 0.8)	1.5933333333333333	58585	63589	0.9580267986686012	0.8828413719353976	0.8828413719353976	97.88691896029911	0.9580267986686012	False	False	True
test	NZ_JBVWFR010000002.1	NZ_CP031805.1	0.5217391304347826	[0.4, 0.8)	1.5933333333333333	58585	65454	0.9580267986686012	0.8569988083234027	0.8569988083234027	97.8546523192276	0.9580267986686012	False	False	True
test	NZ_CP107491.1	NZ_CP138519.1	0.7333333333333333	[0.4, 0.8)	1.5933333333333333	10060	11970	1.0	0.8404344193817878	0.8404344193817878	100.0	1.0	False	True	True
test	NZ_CP107491.1	NZ_CP054742.1	0.7333333333333333	[0.4, 0.8)	1.5933333333333333	10060	11970	1.0	0.8404344193817878	0.8404344193817878	100.0	1.0	False	True	True
test	NZ_CP107491.1	NZ_CP152448.1	0.7333333333333333	[0.4, 0.8)	1.5933333333333333	10060	11970	1.0	0.8404344193817878	0.8404344193817878	100.0	1.0	False	True	True
test	NZ_AP018744.1	NZ_CP042533.1	0.425	[0.4, 0.8)	1.5933333333333333	51983	51987	0.6966315910970894	0.6968088175890126	0.6966315910970894	98.26024336844425	0.6966315910970894	False	False	True
test	NZ_AP018744.1	NZ_MH917123.1	0.5443037974683544	[0.4, 0.8)	1.5933333333333333	51983	65604	0.7599022757439933	0.601945003353454	0.601945003353454	99.69637562579015	0.7599022757439933	False	False	True
test	NZ_CP134785.1	NZ_JBXSFE010000003.1	0.6293706293706294	[0.4, 0.8)	1.5933333333333333	126955	146840	0.8070418652278366	0.7055093979842005	0.7055093979842005	99.98821037850568	0.8070418652278366	False	False	True
test	NZ_CP133428.1	NZ_JBTZQO010000007.1	0.4285714285714285	[0.4, 0.8)	1.5933333333333333	45040	87572	0.6997113676731794	0.36012652445987303	0.36012652445987303	97.92671779102204	0.6997113676731794	False	False	True
test	NZ_CP059715.1	CP090300.1	0.6666666666666666	[0.4, 0.8)	1.5933333333333333	45739	53824	0.8897221189794268	0.7571529429250892	0.7571529429250892	99.97304083034794	0.8897221189794268	False	False	True
test	NZ_CP054265.1	NZ_CP080351.1	0.4491525423728814	[0.4, 0.8)	1.5933333333333333	168717	193800	0.7202475150696136	0.6269969040247678	0.6269969040247678	99.19393253047728	0.7202475150696136	False	False	True
test	NZ_CP080351.1	NZ_CP014121.1	0.544	[0.4, 0.8)	1.5933333333333333	193800	200203	0.8055985552115583	0.7799983017237504	0.7799983017237504	98.63383983382302	0.8055985552115583	False	False	True
test	NZ_CP141199.1	NZ_CP062226.1	0.6576271186440678	[0.4, 0.8)	1.5933333333333333	214402	265014	0.8910691131612578	0.7209317243617318	0.7209317243617318	99.78494212688027	0.8910691131612578	False	False	True
test	NZ_CP086389.1	NZ_CP141199.1	0.4428044280442804	[0.4, 0.8)	1.5933333333333333	142329	214402	0.8402855356252064	0.5579238999636198	0.5579238999636198	99.76678759308943	0.8402855356252064	False	False	True
test	NZ_CP141199.1	NZ_KY019259.1	0.7224199288256228	[0.4, 0.8)	1.5933333333333333	214402	249153	0.9193570955494819	0.7909597717065417	0.7909597717065417	99.92974503329732	0.9193570955494819	False	False	True
test	NZ_CP141199.1	NZ_JBXSEZ010000002.1	0.6137071651090342	[0.4, 0.8)	1.5933333333333333	214402	287195	0.8887976791261275	0.6634864813106077	0.6634864813106077	99.92793841811468	0.8887976791261275	False	False	True
test	NZ_CP149976.1	NZ_MH917123.1	0.7894736842105263	[0.4, 0.8)	1.5933333333333333	58972	65604	0.7730957064369531	0.7017102615694165	0.7017102615694165	99.73275527664381	0.7730957064369531	False	False	True
test	NZ_PETB01000002.1	NZ_JBXSFE010000003.1	0.5588235294117647	[0.4, 0.8)	1.5933333333333333	128081	146840	0.8935048914358882	0.7795832198311087	0.7795832198311087	98.73377586613451	0.8935048914358882	False	False	True
test	NZ_CP042533.1	NZ_MH917123.1	0.4216867469879518	[0.4, 0.8)	1.5933333333333333	51987	65604	0.703618212245369	0.5568562892506554	0.5568562892506554	98.09018995573528	0.703618212245369	False	False	True
test	NZ_CP086389.1	NZ_CP062226.1	0.4381270903010033	[0.4, 0.8)	1.5933333333333333	142329	265014	0.880298463419261	0.4728882247730309	0.4728882247730309	99.68637733485465	0.880298463419261	False	False	True
test	NZ_CP063478.1	NZ_JCAOGM010000005.1	0.4166666666666667	[0.4, 0.8)	1.5933333333333333	47841	58510	0.8959887962208147	0.7340454623141344	0.7340454623141344	97.79805392145464	0.8959887962208147	False	False	True
test	NZ_CP026219.1	NZ_CP199511.1	0.5535714285714286	[0.4, 0.8)	1.5933333333333333	35298	44105	0.753895404838801	0.6031969164493821	0.6031969164493821	99.97761476025853	0.753895404838801	False	False	True
test	NZ_MH917123.1	NZ_CP118928.1	0.72	[0.4, 0.8)	1.5933333333333333	65604	67839	0.7198341564538747	0.6961040109671428	0.6961040109671428	99.90891517781542	0.7198341564538747	False	False	True
test	CP082669.1	NZ_JBXULQ010000004.1	0.4246575342465753	[0.4, 0.8)	1.5933333333333333	99345	116759	0.7807841360913986	0.6646682482720818	0.6646682482720818	98.37876477702582	0.7807841360913986	False	False	True
test	NZ_CP086389.1	NZ_JBVTJX020000002.1	0.4520547945205479	[0.4, 0.8)	1.5933333333333333	142329	257061	0.8959523357853986	0.49613126845379113	0.49613126845379113	99.5390756633873	0.8959523357853986	False	False	True
test	NZ_CP086389.1	NZ_JBXSEZ010000002.1	0.4166666666666667	[0.4, 0.8)	1.5933333333333333	142329	287195	0.8754716185738676	0.43398736050418707	0.43398736050418707	99.80178551659407	0.8754716185738676	False	False	True
test	NZ_JANUNI010000004.1	CP103140.1	0.6666666666666666	[0.4, 0.8)	1.5933333333333333	2694	2708	0.9688195991091314	0.9619645494830132	0.9619645494830132	98.19914176245211	0.9688195991091314	False	False	True
test	NZ_MZ475707.1	NZ_CP129815.1	0.4088050314465409	[0.4, 0.8)	1.5933333333333333	100733	146394	0.6931492162449246	0.4770550705630012	0.4770550705630012	99.9928418053209	0.6931492162449246	False	False	True
test	NZ_AP027431.1	NZ_CP189736.1	0.6480836236933798	[0.4, 0.8)	1.5933333333333333	201683	239563	0.8747241958915725	0.7370295078956266	0.7370295078956266	99.62444267276256	0.8747241958915725	False	False	True
test	NZ_CP129815.1	NZ_JBXSFE010000003.1	0.66875	[0.4, 0.8)	1.5933333333333333	146394	146840	0.7547850321734497	0.7523699264505584	0.7523699264505584	99.97929259135283	0.7547850321734497	False	False	True
test	NZ_CP129712.1	NZ_JBXSFE010000003.1	0.6772151898734177	[0.4, 0.8)	1.5933333333333333	143798	146840	0.7683486557532093	0.752376736584037	0.752376736584037	99.98182845275369	0.7683486557532093	False	False	True
test	NZ_CP054265.1	NZ_CP014121.1	0.6713615023474179	[0.4, 0.8)	1.5933333333333333	168717	200203	0.8738834853630636	0.7372267148843923	0.7372267148843923	99.96695763458047	0.8738834853630636	False	False	True
test	CP082724.1	CP082669.1	0.5483870967741935	[0.4, 0.8)	1.5933333333333333	53499	99345	0.7222564907755286	0.3882933212542151	0.3882933212542151	99.5578948702693	0.7222564907755286	False	False	True
test	NZ_MF978389.1	NZ_AP040130.1	0.4459459459459459	[0.4, 0.8)	1.5933333333333333	52740	54692	0.8273227152066742	0.7965881664594456	0.7965881664594456	98.52331729932686	0.8273227152066742	False	False	True
test	NZ_JBVTJX020000002.1	NZ_JBXSEZ010000002.1	0.5924855491329479	[0.4, 0.8)	1.5933333333333333	257061	287195	0.7666429368904657	0.6862758752763801	0.6862758752763801	99.71853519926555	0.7666429368904657	False	False	True
test	NZ_AP040130.1	NZ_JCAOGM010000005.1	0.5405405405405406	[0.4, 0.8)	1.5933333333333333	54692	58510	0.9045015724420391	0.8460946846692873	0.8460946846692873	97.55817914875583	0.9045015724420391	False	False	True
test	NZ_CP043828.1	CP073108.1	0.536	[0.4, 0.8)	1.5933333333333333	97743	108563	0.8889229919278107	0.8002450190212135	0.8002450190212135	98.70360149744675	0.8889229919278107	False	False	True
test	NZ_MW881232.1	NZ_CP043828.1	0.4369747899159664	[0.4, 0.8)	1.5933333333333333	91784	97743	0.8285975769197246	0.7784905312912433	0.7784905312912433	98.15444190076136	0.8285975769197246	False	False	True
test	NZ_LS992189.1	NZ_CP066368.1	0.4021739130434782	[0.4, 0.8)	1.5933333333333333	64687	66038	0.7701392861007621	0.7573215421424029	0.7573215421424029	97.26581429966322	0.7701392861007621	False	False	True
test	OW967952.1	NZ_OZ066665.1	0.6666666666666666	[0.4, 0.8)	1.5933333333333333	9294	39395	0.8245104368409727	0.1945424546262216	0.1945424546262216	99.96088206131768	0.8245104368409727	False	False	True
test	AP026012.1	NZ_CP148239.1	0.5362318840579711	[0.4, 0.8)	1.5933333333333333	44806	46941	0.8951926081328394	0.8548390532796489	0.8548390532796489	96.7769721656146	0.8951926081328394	False	False	True
test	NZ_KX246268.1	CP082669.1	0.4385964912280701	[0.4, 0.8)	1.5933333333333333	86207	99345	0.8625401649518021	0.7473853742010167	0.7473853742010167	97.76139853904823	0.8625401649518021	False	False	True
test	NZ_KX246268.1	NZ_CP043828.1	0.4310344827586206	[0.4, 0.8)	1.5933333333333333	86207	97743	0.8883849339380793	0.7821531976714445	0.7821531976714445	96.97513148012935	0.8883849339380793	False	False	True
test	OW967952.1	CP067788.1	0.7058823529411765	[0.4, 0.8)	1.5933333333333333	9294	13841	0.8465676780718743	0.5684560364135539	0.5684560364135539	100.0	0.8465676780718743	False	False	True
test	NZ_KY019259.1	NZ_JBXSEZ010000002.1	0.6187683284457478	[0.4, 0.8)	1.5933333333333333	249153	287195	0.7914173218865517	0.6866275527080903	0.6866275527080903	99.95216339309252	0.7914173218865517	False	False	True
test	NZ_CP014372.1	NZ_CP025482.1	1.0	[0.8, 1)	1.0	3125	3269	0.66752	0.6381156316916489	0.6381156316916489	100.0	0.66752	False	False	True
test	NZ_CP117387.1	NZ_CP117397.1	1.0	[0.8, 1)	1.0	100517	100527	1.0	1.0	1.0	99.974	1.0	False	True	True
test	NZ_CP117397.1	NZ_CP025275.1	0.9191919191919192	[0.8, 1)	1.0	100527	125113	0.9957822276602306	0.80014067283176	0.80014067283176	99.99094530961251	0.9957822276602306	False	True	True
test	NZ_CP104670.1	NZ_CP139802.1	1.0	[0.8, 1)	1.0	5168	10036	1.0	0.514647269828617	0.514647269828617	99.942	1.0	False	False	True
test	NZ_CP142934.1	NZ_CP104670.1	1.0	[0.8, 1)	1.0	5167	5168	1.0	1.0	1.0	99.923	1.0	False	True	True
test	NZ_CP124427.1	NZ_CP104670.1	1.0	[0.8, 1)	1.0	5167	5168	1.0	1.0	1.0	99.981	1.0	False	True	True
test	NZ_CP068141.1	NZ_CP109610.1	1.0	[0.8, 1)	1.0	3991	3991	1.0	1.0	1.0	100.0	1.0	False	True	True
test	NZ_CP030765.1	CP051818.1	0.9726027397260274	[0.8, 1)	1.0	93169	93177	0.9859609956101278	0.9848997070092405	0.9848997070092405	99.91948858457422	0.9859609956101278	False	True	True
test	CP051818.1	NZ_CP038312.1	0.9863013698630136	[0.8, 1)	1.0	93177	93182	1.0	1.0	1.0	99.9911498358052	1.0	False	True	True
test	NZ_CP038401.1	CP051818.1	0.9863013698630136	[0.8, 1)	1.0	92513	93177	1.0	0.991918606523069	0.991918606523069	99.93927452335946	1.0	False	True	True
test	CP051818.1	NZ_CP018253.1	0.9863013698630136	[0.8, 1)	1.0	93177	95229	0.9943226332678665	0.9741465309937098	0.9741465309937098	99.9330680770391	0.9943226332678665	False	True	True
test	NZ_CP028692.1	CP051818.1	0.9210526315789472	[0.8, 1)	1.0	92714	93177	0.9689259443018314	0.9639395988280369	0.9639395988280369	99.93337894420516	0.9689259443018314	False	True	True
test	CP051818.1	NZ_CP062718.1	0.9863013698630136	[0.8, 1)	1.0	93177	96507	0.9934103909763139	0.960096158827857	0.960096158827857	99.9093218225937	0.9934103909763139	False	True	True
test	AB011549.2	CP051818.1	0.9090909090909092	[0.8, 1)	1.0	92721	93177	0.9689282902470854	0.9639395988280369	0.9639395988280369	99.90317203427554	0.9689282902470854	False	True	True
test	NZ_CP176887.1	NZ_LR134211.1	0.827433628318584	[0.8, 1)	1.0	203546	205331	0.9104526740884125	0.8974387695964078	0.8974387695964078	99.83124471624953	0.9104526740884125	False	True	True
test	NZ_RRDN01000154.1	NZ_JAUAMW010000033.1	1.0	[0.8, 1)	1.0	10251	11964	0.8678177738757195	0.7436476094951521	0.7436476094951521	99.89894358282761	0.8678177738757195	False	False	True
test	NC_005242.1	NZ_CP071740.1	0.8823529411764706	[0.8, 1)	1.0	11066	11916	1.0	0.9294226250419604	0.9294226250419604	99.9909016704289	1.0	False	True	True
test	NZ_CP039507.1	CP082152.1	1.0	[0.8, 1)	1.0	2495	2495	1.0	1.0	1.0	100.0	1.0	False	True	True
test	NZ_CP039507.1	NZ_CP042511.1	1.0	[0.8, 1)	1.0	2495	2495	1.0	1.0	1.0	100.0	1.0	False	True	True
test	NZ_CP039507.1	OW969701.1	1.0	[0.8, 1)	1.0	2495	2495	1.0	1.0	1.0	99.95981002004008	1.0	False	True	True
test	NZ_CP039507.1	NZ_CP071270.1	1.0	[0.8, 1)	1.0	2495	2495	0.9887775551102205	0.9887775551102205	0.9887775551102205	100.0	0.9887775551102205	False	True	True
test	NZ_CP039507.1	NZ_JBRYID020000005.1	1.0	[0.8, 1)	1.0	2495	2555	0.9851703406813628	0.962426614481409	0.962426614481409	99.71551726940268	0.9851703406813628	False	True	True
test	CP092319.1	NZ_CP011943.1	0.9555555555555556	[0.8, 1)	1.0	59350	59372	1.0	0.9996126120056592	0.9996126120056592	99.95809367839331	1.0	False	True	True
test	NZ_CP028152.1	CP092319.1	0.9111111111111112	[0.8, 1)	1.0	56636	59350	0.9995938978741437	0.9539005897219882	0.9539005897219882	99.91534799350006	0.9995938978741437	False	True	True
test	NZ_CP147667.1	NZ_CP021786.1	1.0	[0.8, 1)	1.0	8731	8731	1.0	1.0	1.0	100.0	1.0	False	True	True
test	NZ_CP147667.1	NZ_CP121558.1	1.0	[0.8, 1)	1.0	8731	17462	1.0	0.5	0.5	99.977	1.0	False	False	True
test	NZ_CP119738.1	NZ_KX646543.1	0.8090909090909091	[0.8, 1)	1.0	100423	111559	0.9536859086065941	0.8583440152744288	0.8583440152744288	99.75369984029058	0.9536859086065941	False	True	True
test	NZ_KY288024.1	NZ_PV022950.1	0.896551724137931	[0.8, 1)	1.0	82841	90934	0.922876353496457	0.8403017573184948	0.8403017573184948	99.99463957837469	0.922876353496457	False	True	True
test	NZ_CP117387.1	NZ_CP025275.1	0.9191919191919192	[0.8, 1)	1.0	100517	125113	0.9957818080523693	0.80014067283176	0.80014067283176	99.96899429621713	0.9957818080523693	False	True	True
test	NZ_AP027592.1	NZ_CP089314.1	1.0	[0.8, 1)	1.0	3373	3374	1.0	1.0	1.0	99.8221158861885	1.0	False	True	True
test	NZ_CP050782.1	NZ_AP027592.1	1.0	[0.8, 1)	1.0	3372	3373	1.0	1.0	1.0	99.82216424547882	1.0	False	True	True
test	NZ_AP027592.1	NZ_CP060923.1	1.0	[0.8, 1)	1.0	3373	3374	1.0	1.0	1.0	99.8222359217546	1.0	False	True	True
test	NZ_JARVXC010000052.1	NZ_JARXID010000075.1	1.0	[0.8, 1)	1.0	1551	1802	1.0	0.8607103218645948	0.8607103218645948	100.0	1.0	False	True	True
test	NZ_MF175191.1	NZ_KX555451.1	0.8085106382978723	[0.8, 1)	1.0	33660	38814	0.9659536541889483	0.8366826402844334	0.8366826402844334	99.6651547183726	0.9659536541889483	False	True	True
test	NZ_CP033349.2	NZ_KX555451.1	0.8085106382978723	[0.8, 1)	1.0	33309	38814	0.9655948842655139	0.8276910393157109	0.8276910393157109	99.65218848053681	0.9655948842655139	False	True	True
test	NZ_CP086846.1	NZ_CP086895.1	1.0	[0.8, 1)	1.0	82222	82231	1.0	1.0	1.0	99.98212389036165	1.0	False	True	True
test	NZ_CP086846.1	NZ_CP087000.1	0.9690721649484536	[0.8, 1)	1.0	82222	82226	1.0	1.0	1.0	99.90487815258895	1.0	False	True	True
test	NZ_CP086846.1	NZ_CP087065.1	1.0	[0.8, 1)	1.0	82222	82447	1.0	1.0	1.0	99.98191828987265	1.0	False	True	True
test	NC_018997.1	NZ_CP116080.1	0.875	[0.8, 1)	1.0	7930	7939	0.9940731399747793	0.9940798589242977	0.9940731399747793	99.063	0.9940731399747793	False	True	True
test	NZ_CP095675.1	NZ_MH341575.1	0.9787234042553192	[0.8, 1)	1.0	45322	46293	0.9926967035876616	0.9719396020996695	0.9719396020996695	99.97973038627373	0.9926967035876616	False	True	True
test	NZ_MH341575.1	NZ_ON209126.1	0.8103448275862069	[0.8, 1)	1.0	46293	54035	0.9943619985742985	0.8518922920329416	0.8518922920329416	99.97404323843031	0.9943619985742985	False	True	True
test	NZ_CP095668.1	NZ_MH341575.1	0.9574468085106383	[0.8, 1)	1.0	45403	46293	1.0	0.9834100187933381	0.9834100187933381	99.98234785282811	1.0	False	True	True
test	NZ_CP059715.1	NZ_MH341575.1	0.9583333333333334	[0.8, 1)	1.0	45739	46293	0.9819628763199895	0.9727820620828203	0.9727820620828203	99.97785765993827	0.9819628763199895	False	True	True
test	NZ_CP057242.1	NZ_CP129290.1	1.0	[0.8, 1)	1.0	1551	3146	0.8555770470664088	0.42085187539732993	0.42085187539732993	96.087	0.8555770470664088	False	False	True
test	NZ_CP057242.1	NZ_JARKNN010000015.1	1.0	[0.8, 1)	1.0	1551	2783	0.9671179883945842	0.5411426518145885	0.5411426518145885	93.55658974358974	0.9671179883945842	False	False	True
test	NZ_CP101209.1	NZ_CP057242.1	1.0	[0.8, 1)	1.0	1549	1551	1.0	1.0	1.0	96.652	1.0	False	False	True
test	NZ_CP057242.1	CP077360.1	1.0	[0.8, 1)	1.0	1551	1628	0.6125080593165699	0.5841523341523341	0.5841523341523341	95.478	0.6125080593165699	False	False	True
test	NZ_CP057242.1	NZ_RRJD01000137.1	1.0	[0.8, 1)	1.0	1551	2405	0.6744036105738234	0.42993762993762996	0.42993762993762996	94.46557729007634	0.6744036105738234	False	False	True
test	NZ_CP057242.1	NZ_RRNF01000141.1	1.0	[0.8, 1)	1.0	1551	3263	0.988394584139265	0.4701195219123506	0.4701195219123506	99.544	0.988394584139265	False	False	True
test	NZ_CP057242.1	CP057777.1	1.0	[0.8, 1)	1.0	1551	1551	1.0	1.0	1.0	99.936	1.0	False	True	True
test	CP099101.1	NZ_CP057242.1	1.0	[0.8, 1)	1.0	1548	1551	0.9987080103359173	0.9980657640232108	0.9980657640232108	96.323	0.9987080103359173	False	False	True
test	NZ_CP060064.1	NZ_CP057242.1	1.0	[0.8, 1)	1.0	1549	1551	1.0	1.0	1.0	96.71600000000001	1.0	False	False	True
test	NZ_CP146164.1	NZ_CP127510.1	1.0	[0.8, 1)	1.0	6101	6141	1.0	0.9959290017912392	0.9959290017912392	99.90204594506213	1.0	False	True	True
test	NZ_CP146164.1	NZ_CP079603.1	1.0	[0.8, 1)	1.0	6101	6141	1.0	0.9959290017912392	0.9959290017912392	99.93460268149117	1.0	False	True	True
test	NZ_CP144317.1	CP052444.1	0.951219512195122	[0.8, 1)	1.0	174409	174931	0.9693765803370239	0.9664267625520919	0.9664267625520919	99.95542913073821	0.9693765803370239	False	True	True
test	NZ_CP129815.1	NZ_CP144317.1	0.81875	[0.8, 1)	1.0	146394	174409	0.9944191701845704	0.8346243599814229	0.8346243599814229	99.99325973981372	0.9944191701845704	False	True	True
test	NZ_CP129712.1	NZ_CP144317.1	0.80625	[0.8, 1)	1.0	143798	174409	1.0	0.8244700674850495	0.8244700674850495	99.99420099583446	1.0	False	True	True
test	AP026491.1	NZ_CP044159.1	0.8181818181818182	[0.8, 1)	1.0	48260	59694	0.9297347699958558	0.7557710992729587	0.7557710992729587	99.97769577745761	0.9297347699958558	False	False	True
test	AP026491.1	NZ_AP018744.1	0.9	[0.8, 1)	1.0	48260	51983	0.9042063820969747	0.8400823346093915	0.8400823346093915	99.95190636592626	0.9042063820969747	False	True	True
test	OW849024.1	NZ_CP086468.1	0.9324324324324323	[0.8, 1)	1.0	242397	247089	0.9207085896277594	0.9031725410681981	0.9031725410681981	99.92584521393141	0.9207085896277594	False	True	True
test	CP067475.1	NZ_CP086468.1	0.8597285067873304	[0.8, 1)	1.0	216181	247089	0.9778611441338508	0.8562825540594684	0.8562825540594684	99.9792258226125	0.9778611441338508	False	True	True
test	NZ_CP102691.1	NZ_CP125141.1	0.9285714285714286	[0.8, 1)	1.0	9294	9294	1.0	1.0	1.0	99.96784226382611	1.0	False	True	True
test	NZ_CP102691.1	NZ_CP033630.1	0.9285714285714286	[0.8, 1)	1.0	9294	23185	1.0	0.4013802027172741	0.4013802027172741	99.94672727272727	1.0	False	False	True
test	NZ_CP102691.1	NZ_OP378651.1	1.0	[0.8, 1)	1.0	9294	9506	1.0	0.9785398695560699	0.9785398695560699	99.97857751021286	1.0	False	True	True
test	NZ_CP102691.1	OW967952.1	0.9285714285714286	[0.8, 1)	1.0	9294	9294	1.0	1.0	1.0	99.96750957607058	1.0	False	True	True
test	NZ_CP151122.1	CP030387.1	0.9565217391304348	[0.8, 1)	1.0	25430	25430	1.0	1.0	1.0	99.95249241053874	1.0	False	True	True
test	NZ_CP151122.1	CP150837.1	0.9545454545454546	[0.8, 1)	1.0	25430	27053	1.0	0.9400436180830222	0.9400436180830222	99.25030197417482	1.0	False	True	True
test	NZ_CP151122.1	CP030582.1	1.0	[0.8, 1)	1.0	25430	25430	1.0	1.0	1.0	99.94880031458906	1.0	False	True	True
test	NZ_CP151122.1	NZ_CP014408.1	0.9545454545454546	[0.8, 1)	1.0	25430	27098	1.0	0.9401431839988191	0.9401431839988191	99.39540735507673	1.0	False	True	True
test	NZ_OP006451.1	NZ_CP101534.1	0.943089430894309	[0.8, 1)	1.0	136951	141697	0.9678790224240786	0.9354608777885206	0.9354608777885206	100.0	0.9678790224240786	False	True	True
test	NZ_LKXM01000065.1	NZ_LKXP01000041.1	0.8333333333333334	[0.8, 1)	1.0	6974	8830	1.0	0.7898074745186863	0.7898074745186863	100.0	1.0	False	False	True
test	NZ_CP122774.1	NZ_CP116129.1	1.0	[0.8, 1)	1.0	5732	5775	1.0	1.0	1.0	98.97860761904762	1.0	False	False	True
test	NZ_CP092013.1	NZ_CP104360.1	1.0	[0.8, 1)	1.0	4593	4633	1.0	0.9924454996762357	0.9924454996762357	99.86947542409743	1.0	False	True	True
test	OW849035.1	OW967602.1	0.8348623853211009	[0.8, 1)	1.0	204647	205284	0.9432144131113576	0.9402583737651253	0.9402583737651253	99.72620026937423	0.9432144131113576	False	True	True
test	NZ_CP041210.1	NZ_JCBEAH010000002.1	0.8333333333333334	[0.8, 1)	1.0	3605	7162	0.8954230235783633	0.4497347109745881	0.4497347109745881	97.77579425393883	0.8954230235783633	False	False	True
test	NZ_JARKNN010000015.1	NZ_CP129290.1	1.0	[0.8, 1)	1.0	2783	3146	0.5400646784045994	0.4761602034329307	0.4761602034329307	93.35110599078342	0.5400646784045994	False	False	True
test	NZ_CP101209.1	NZ_CP129290.1	1.0	[0.8, 1)	1.0	1549	3146	0.855390574564235	0.42085187539732993	0.42085187539732993	99.623	0.855390574564235	False	False	True
test	CP077360.1	NZ_CP129290.1	1.0	[0.8, 1)	1.0	1628	3146	0.9914004914004914	0.5133502860775588	0.5133502860775588	96.04	0.9914004914004914	False	False	True
test	NZ_RRJD01000137.1	NZ_CP129290.1	1.0	[0.8, 1)	1.0	2405	3146	0.46860706860706863	0.3623649078194533	0.3623649078194533	94.921	0.46860706860706863	False	False	False
test	NZ_CP129290.1	NZ_RRNF01000141.1	1.0	[0.8, 1)	1.0	3146	3263	0.7606484424666243	0.7627949739503525	0.7606484424666243	95.18873777064955	0.7606484424666243	False	False	True
test	CP057777.1	NZ_CP129290.1	1.0	[0.8, 1)	1.0	1551	3146	0.8555770470664088	0.42085187539732993	0.42085187539732993	96.163	0.8555770470664088	False	False	True
test	CP099101.1	NZ_CP129290.1	1.0	[0.8, 1)	1.0	1548	3146	0.8559431524547804	0.42085187539732993	0.42085187539732993	98.868	0.8559431524547804	False	False	True
test	NZ_CP060064.1	NZ_CP129290.1	1.0	[0.8, 1)	1.0	1549	3146	0.855390574564235	0.42085187539732993	0.42085187539732993	99.69799999999998	0.855390574564235	False	False	True
test	CP127703.1	CP151823.1	1.0	[0.8, 1)	1.0	20652	20754	1.0	0.9971089910378722	0.9971089910378722	99.73418171715707	1.0	False	True	True
test	NZ_CP043844.1	CP151823.1	1.0	[0.8, 1)	1.0	20729	20754	1.0	1.0	1.0	99.75450291496026	1.0	False	True	True
test	CP151823.1	NZ_CP077909.1	0.9375	[0.8, 1)	1.0	20754	46752	0.9971089910378722	0.4419917864476386	0.4419917864476386	99.65727515935869	0.9971089910378722	False	False	True
test	CP049444.1	CP151823.1	1.0	[0.8, 1)	1.0	20722	20754	1.0	1.0	1.0	99.56666666666668	1.0	False	True	True
test	CP051936.1	CP049541.1	1.0	[0.8, 1)	1.0	27271	27273	1.0	1.0	1.0	99.93423732541515	1.0	False	True	True
test	NZ_CP018769.1	CP049541.1	1.0	[0.8, 1)	1.0	27270	27273	1.0	1.0	1.0	99.94469314807347	1.0	False	True	True
test	NZ_AP022296.1	NZ_MG299151.1	0.8648648648648649	[0.8, 1)	1.0	105884	109845	0.9049714782214499	0.8723109836587919	0.8723109836587919	99.94592060016478	0.9049714782214499	False	True	True
test	CP030387.1	CP150837.1	0.9130434782608696	[0.8, 1)	1.0	25430	27053	1.0	0.9400436180830222	0.9400436180830222	99.26615436241612	1.0	False	True	True
test	CP030387.1	CP030582.1	0.9565217391304348	[0.8, 1)	1.0	25430	25430	1.0	1.0	1.0	99.98799182068424	1.0	False	True	True
test	CP030387.1	NZ_CP014408.1	0.9130434782608696	[0.8, 1)	1.0	25430	27098	1.0	0.9401431839988191	0.9401431839988191	99.4111428235017	1.0	False	True	True
test	NZ_CP034021.1	NZ_CP106920.1	0.8333333333333334	[0.8, 1)	1.0	4153	4207	1.0	0.993819824102686	0.993819824102686	99.71278426213824	1.0	False	True	True
test	NZ_CP034021.1	NZ_LT592154.1	1.0	[0.8, 1)	1.0	4153	4153	1.0	1.0	1.0	99.976	1.0	False	True	True
test	NZ_CP034021.1	NZ_LT592162.1	1.0	[0.8, 1)	1.0	4153	4153	1.0	1.0	1.0	100.0	1.0	False	True	True
test	NZ_CP024550.1	NZ_CP024192.1	0.8756476683937824	[0.8, 1)	1.0	187611	221606	0.9894302572876857	0.8377029502811296	0.8377029502811296	99.99900959357915	0.9894302572876857	False	True	True
test	CP030582.1	CP150837.1	0.9545454545454546	[0.8, 1)	1.0	25430	27053	1.0	0.9400436180830222	0.9400436180830222	99.26201558145924	1.0	False	True	True
test	CP150837.1	NZ_CP014408.1	1.0	[0.8, 1)	1.0	27053	27098	1.0	1.0	1.0	99.775	1.0	False	True	True
test	RefSeq_NZ_CM008895.1	NZ_MF042352.1	1.0	[0.8, 1)	1.0	119046	119047	1.0	1.0	1.0	99.96499999999999	1.0	True	True	True
test	NZ_RRSN01000262.1	NZ_JBUDNX010000073.1	0.8	[0.8, 1)	1.0	4241	4818	0.9976420655505777	0.8781652137816521	0.8781652137816521	99.764	0.9976420655505777	False	True	True
test	NZ_CP148451.1	NC_010487.1	1.0	[0.8, 1)	1.0	2835	3565	0.3100529100529101	0.25105189340813466	0.25105189340813466	91.74995652173914	0.3100529100529101	False	False	False
test	NZ_CP011988.1	NZ_OZ066665.1	0.9411764705882352	[0.8, 1)	1.0	13841	39395	0.9851889314355899	0.34605914456149256	0.34605914456149256	99.88291232957044	0.9851889314355899	False	False	True
test	NZ_CP011988.1	CP067788.1	1.0	[0.8, 1)	1.0	13841	13841	1.0	1.0	1.0	100.0	1.0	False	True	True
test	NZ_AP025532.1	NZ_CP017647.1	1.0	[0.8, 1)	1.0	71826	73891	1.0	0.9723105655627884	0.9723105655627884	99.99567357390372	1.0	False	True	True
test	NZ_CP017647.1	NZ_CP025267.1	0.8505747126436781	[0.8, 1)	1.0	73891	74241	0.9604552651879119	0.9561428321278	0.9561428321278	99.5637869067057	0.9604552651879119	False	True	True
test	NZ_RRTT01000485.1	NZ_RREU01000229.1	1.0	[0.8, 1)	1.0	1435	2501	1.0	0.5737704918032787	0.5737704918032787	99.861	1.0	False	False	True
test	NZ_RRTT01000485.1	NZ_RRHH01000222.1	1.0	[0.8, 1)	1.0	1435	3307	1.0	0.4339280314484427	0.4339280314484427	99.861	1.0	False	False	True
test	NZ_CP050782.1	NZ_CP089314.1	1.0	[0.8, 1)	1.0	3372	3374	1.0	1.0	1.0	99.70349436870183	1.0	False	True	True
test	NZ_CP089314.1	NZ_CP060923.1	1.0	[0.8, 1)	1.0	3374	3374	1.0	1.0	1.0	100.0	1.0	False	True	True
test	CP127703.1	NZ_CP043844.1	1.0	[0.8, 1)	1.0	20652	20729	1.0	0.9971055043658642	0.9971055043658642	99.90828531346749	1.0	False	True	True
test	CP127703.1	NZ_CP077909.1	0.9375	[0.8, 1)	1.0	20652	46752	1.0	0.44197039698836416	0.44197039698836416	99.884	1.0	False	False	True
test	CP127703.1	CP049444.1	1.0	[0.8, 1)	1.0	20652	20722	1.0	0.9971045265900975	0.9971045265900975	99.75811700996036	1.0	False	True	True
test	NZ_CP101209.1	NZ_JARKNN010000015.1	1.0	[0.8, 1)	1.0	1549	2783	0.9670755326016786	0.5411426518145885	0.5411426518145885	91.65595992115638	0.9670755326016786	False	False	True
test	CP077360.1	NZ_JARKNN010000015.1	1.0	[0.8, 1)	1.0	1628	2783	0.921990171990172	0.5411426518145885	0.5411426518145885	93.75395726495726	0.921990171990172	False	False	True
test	NZ_RRJD01000137.1	NZ_JARKNN010000015.1	1.0	[0.8, 1)	1.0	2405	2783	0.9600831600831601	0.8293208767517067	0.8293208767517067	99.047	0.9600831600831601	False	True	True
test	NZ_JARKNN010000015.1	NZ_RRNF01000141.1	1.0	[0.8, 1)	1.0	2783	3263	0.5346748113546532	0.4544897333741955	0.4544897333741955	93.2182613031915	0.5346748113546532	False	False	True
test	CP057777.1	NZ_JARKNN010000015.1	1.0	[0.8, 1)	1.0	1551	2783	0.9671179883945842	0.5411426518145885	0.5411426518145885	93.62237606837608	0.9671179883945842	False	False	True
test	CP099101.1	NZ_JARKNN010000015.1	1.0	[0.8, 1)	1.0	1548	2783	0.9689922480620154	0.5418613007545814	0.5418613007545814	92.0600748031496	0.9689922480620154	False	False	True
test	NZ_CP060064.1	NZ_JARKNN010000015.1	1.0	[0.8, 1)	1.0	1549	2783	0.9670755326016786	0.5411426518145885	0.5411426518145885	91.5901570302234	0.9670755326016786	False	False	True
test	NZ_MK477607.1	NZ_MK477611.1	0.8140350877192982	[0.8, 1)	1.0	224296	263466	0.9361557941291865	0.797085771978168	0.797085771978168	99.97921342772668	0.9361557941291865	False	False	True
test	NZ_MK477607.1	NZ_MW356909.1	0.9172932330827068	[0.8, 1)	1.0	224296	249475	0.9959339444305739	0.8954283996392424	0.8954283996392424	99.9962728762193	0.9959339444305739	False	True	True
test	NZ_MK477607.1	NZ_KY019259.1	0.8703703703703703	[0.8, 1)	1.0	224296	249153	0.962571780147662	0.8664956873888735	0.8664956873888735	99.9907636228897	0.962571780147662	False	True	True
test	NZ_LR890629.1	NZ_JBVWEU010000008.1	0.8	[0.8, 1)	1.0	5164	5166	1.0	1.0	1.0	99.57449922570655	1.0	False	True	True
test	NZ_CP060978.1	NZ_CP010175.1	1.0	[0.8, 1)	1.0	6647	6647	1.0	1.0	1.0	99.8498843087107	1.0	False	True	True
test	NZ_CP060978.1	NZ_CP124432.1	1.0	[0.8, 1)	1.0	6647	6647	1.0	1.0	1.0	99.95448142018955	1.0	False	True	True
test	NZ_CP060978.1	NZ_CP018943.1	1.0	[0.8, 1)	1.0	6647	6647	1.0	1.0	1.0	99.91005160222657	1.0	False	True	True
test	NZ_CP060978.1	NZ_CP101204.1	1.0	[0.8, 1)	1.0	6647	6648	1.0	1.0	1.0	99.90970156438027	1.0	False	True	True
test	NZ_CP060978.1	CP063733.1	1.0	[0.8, 1)	1.0	6647	6647	1.0	1.0	1.0	99.80445704829246	1.0	False	True	True
test	NZ_CP030765.1	NZ_CP038312.1	0.9863013698630136	[0.8, 1)	1.0	93169	93182	0.9859609956101278	0.9849005172672833	0.9849005172672833	99.91543536142352	0.9859609956101278	False	True	True
test	NZ_CP038401.1	NZ_CP030765.1	0.9863013698630136	[0.8, 1)	1.0	92513	93169	0.9920335520413347	0.9849735427019717	0.9849735427019717	99.94369649763058	0.9920335520413347	False	True	True
test	NZ_CP030765.1	NZ_CP018253.1	0.9594594594594594	[0.8, 1)	1.0	93169	95229	0.9859287960587749	0.964569616398366	0.964569616398366	99.94554288574318	0.9859287960587749	False	True	True
test	NZ_CP028692.1	NZ_CP030765.1	0.8961038961038961	[0.8, 1)	1.0	92714	93169	0.9645576719804991	0.9598256930953428	0.9598256930953428	99.94960604468686	0.9645576719804991	False	True	True
test	NZ_CP030765.1	NZ_CP062718.1	0.9594594594594594	[0.8, 1)	1.0	93169	96507	0.9978533632431388	0.9636295812738972	0.9636295812738972	99.91408091665411	0.9978533632431388	False	True	True
test	AB011549.2	NZ_CP030765.1	0.9090909090909092	[0.8, 1)	1.0	92721	93169	0.9644956374499843	0.9598256930953428	0.9598256930953428	99.95326506226107	0.9644956374499843	False	True	True
test	NZ_CP173443.1	NZ_CP103748.1	0.8448275862068966	[0.8, 1)	1.0	50702	50937	0.9501203108358645	0.9448730785087461	0.9448730785087461	99.70560212377634	0.9501203108358645	False	True	True
test	NZ_CP142946.1	NZ_CP103748.1	0.8421052631578947	[0.8, 1)	1.0	48552	50937	1.0	0.9533345112590063	0.9533345112590063	99.67071184906281	1.0	False	True	True
test	NZ_CP126504.1	NZ_MT929283.1	0.9365079365079364	[0.8, 1)	1.0	59874	60643	0.9413935932124128	0.9305278432795211	0.9305278432795211	99.91644587149463	0.9413935932124128	False	True	True
test	NZ_CP126504.1	NZ_CP066368.1	0.9076923076923076	[0.8, 1)	1.0	59874	66038	0.9431472759461536	0.8555982918925468	0.8555982918925468	99.90622808041161	0.9431472759461536	False	True	True
test	NZ_CP029806.1	NZ_CP009543.1	0.9891891891891892	[0.8, 1)	1.0	180666	181707	0.9997564566658917	0.9941499226777174	0.9941499226777174	99.92438647407162	0.9997564566658917	False	True	True
test	NZ_JAZICG010000032.1	NZ_JAZICD010000012.1	0.9154929577464788	[0.8, 1)	1.0	61169	66213	1.0	0.9238216060290275	0.9238216060290275	99.998	1.0	False	True	True
test	NZ_RREU01000229.1	NZ_RRHH01000222.1	1.0	[0.8, 1)	1.0	2501	3307	0.9224310275889644	0.6976111279104928	0.6976111279104928	100.0	0.9224310275889644	False	False	True
test	NZ_OL891654.1	NZ_CP107486.1	1.0	[0.8, 1)	1.0	10059	10060	1.0	1.0	1.0	99.98991570576541	1.0	False	True	True
test	NZ_CP107486.1	NZ_CP107491.1	1.0	[0.8, 1)	1.0	10060	10060	1.0	1.0	1.0	100.0	1.0	False	True	True
test	NZ_CP151758.1	NZ_ON209126.1	0.9655172413793104	[0.8, 1)	1.0	53097	54035	0.9530481948132663	0.9365781437956879	0.9365781437956879	99.99790301928549	0.9530481948132663	False	True	True
test	NZ_CP095675.1	NZ_CP095668.1	0.9782608695652174	[0.8, 1)	1.0	45322	45403	1.0	0.9983040768231174	0.9983040768231174	99.9933919384018	1.0	False	True	True
test	NZ_CP095675.1	NZ_CP059715.1	0.9375	[0.8, 1)	1.0	45322	45739	0.9736331141608932	0.9647565534882704	0.9647565534882704	99.9842578693317	0.9736331141608932	False	True	True
test	NZ_OL891654.1	NZ_CP107491.1	1.0	[0.8, 1)	1.0	10059	10060	1.0	1.0	1.0	99.99000815109343	1.0	False	True	True
test	NZ_CP087574.1	NZ_CP091713.1	1.0	[0.8, 1)	1.0	4072	4072	1.0	1.0	1.0	99.41026129666012	1.0	False	True	True
test	NZ_CP087574.1	NZ_CP124336.1	1.0	[0.8, 1)	1.0	4072	4073	1.0	1.0	1.0	99.33740682543579	1.0	False	True	True
test	NZ_CP138519.1	NZ_CP084709.1	1.0	[0.8, 1)	1.0	11970	11972	1.0	1.0	1.0	99.85815782881002	1.0	False	True	True
test	NZ_CP054742.1	NZ_CP084709.1	1.0	[0.8, 1)	1.0	11970	11972	1.0	1.0	1.0	99.85819098121084	1.0	False	True	True
test	NZ_CP152448.1	NZ_CP084709.1	1.0	[0.8, 1)	1.0	11970	11972	1.0	1.0	1.0	99.85805528183715	1.0	False	True	True
test	NZ_CP143302.1	NZ_CP107331.1	0.945054945054945	[0.8, 1)	1.0	83020	84876	0.9449289327872802	0.9242188604552524	0.9242188604552524	99.99118655432193	0.9449289327872802	False	True	True
test	NZ_AP027542.1	NZ_CP057363.1	1.0	[0.8, 1)	1.0	1552	1552	1.0	1.0	1.0	99.871	1.0	False	True	True
test	NZ_AP027542.1	NZ_OY754363.1	1.0	[0.8, 1)	1.0	1552	1552	1.0	1.0	1.0	99.807	1.0	False	True	True
test	NZ_CP148152.1	NZ_CP148251.1	1.0	[0.8, 1)	1.0	38726	38726	1.0	1.0	1.0	100.0	1.0	False	True	True
test	CP123647.1	NZ_CP012925.1	1.0	[0.8, 1)	1.0	2096	2096	1.0	1.0	1.0	99.85689694656489	1.0	False	True	True
test	NZ_CP038401.1	NZ_CP038312.1	1.0	[0.8, 1)	1.0	92513	93182	1.0	0.9919190401579704	0.9919190401579704	99.94586084796111	1.0	False	True	True
test	NZ_CP038312.1	NZ_CP018253.1	0.972972972972973	[0.8, 1)	1.0	93182	95229	0.993689768410208	0.9736739858656501	0.9736739858656501	99.95249178101389	0.993689768410208	False	True	True
test	NZ_CP028692.1	NZ_CP038312.1	0.9090909090909092	[0.8, 1)	1.0	92714	93182	0.9689259443018314	0.963941533772617	0.963941533772617	99.9309402789062	0.9689259443018314	False	True	True
test	NZ_CP038312.1	NZ_CP062718.1	0.972972972972973	[0.8, 1)	1.0	93182	96507	0.993689768410208	0.9606764276166496	0.9606764276166496	99.92876088526677	0.993689768410208	False	True	True
test	AB011549.2	NZ_CP038312.1	0.922077922077922	[0.8, 1)	1.0	92721	93182	0.9689282902470854	0.963941533772617	0.963941533772617	99.90116111012198	0.9689282902470854	False	True	True
test	NZ_CP151199.1	NZ_CP056184.1	1.0	[0.8, 1)	1.0	3720	3728	1.0	1.0	1.0	96.30729676210865	1.0	False	False	True
test	NZ_OW967379.1	OW849104.1	1.0	[0.8, 1)	1.0	5413	5413	1.0	1.0	1.0	99.96326694993535	1.0	False	True	True
test	NZ_CP071223.1	NZ_CP071205.1	0.967741935483871	[0.8, 1)	1.0	43189	43189	1.0	1.0	1.0	99.99499999999999	1.0	False	True	True
test	NZ_CP068927.1	NZ_CP068342.1	0.9333333333333332	[0.8, 1)	1.0	63589	63675	1.0	0.9988064389477816	0.9988064389477816	99.6982378773585	1.0	False	True	True
test	NZ_CP061964.1	NZ_CP068927.1	0.92	[0.8, 1)	1.0	63578	63589	1.0	1.0	1.0	99.61360511377039	1.0	False	True	True
test	NZ_CP068927.1	NZ_OW970563.1	0.9333333333333332	[0.8, 1)	1.0	63589	63589	1.0	1.0	1.0	99.769	1.0	False	True	True
test	NZ_CP068927.1	OW968206.1	0.9333333333333332	[0.8, 1)	1.0	63589	63589	1.0	1.0	1.0	99.766	1.0	False	True	True
test	NZ_CP068927.1	NZ_CP031805.1	0.8734177215189873	[0.8, 1)	1.0	63589	65454	0.9528534809479627	0.9250160418003484	0.9250160418003484	99.71460843175852	0.9528534809479627	False	True	True
test	NZ_CP142934.1	NZ_CP139802.1	1.0	[0.8, 1)	1.0	5167	10036	1.0	0.514647269828617	0.514647269828617	99.903	1.0	False	False	True
test	NZ_CP124427.1	NZ_CP139802.1	1.0	[0.8, 1)	1.0	5167	10036	1.0	0.514647269828617	0.514647269828617	99.961	1.0	False	False	True
test	NZ_JBDYFC010000076.1	NZ_NPJW01000083.1	1.0	[0.8, 1)	1.0	717	1339	0.8298465829846583	0.4443614637789395	0.4443614637789395	99.832	0.8298465829846583	False	False	True
test	NZ_CP047470.1	NZ_CP138572.1	0.896551724137931	[0.8, 1)	1.0	29812	32043	0.9672950489735677	0.8999469462909215	0.8999469462909215	100.0	0.9672950489735677	False	True	True
test	NZ_CP043844.1	NZ_CP077909.1	0.9375	[0.8, 1)	1.0	20729	46752	0.9971055043658642	0.4422912388774812	0.4422912388774812	99.80627448515905	0.9971055043658642	False	False	True
test	CP049444.1	NZ_CP043844.1	1.0	[0.8, 1)	1.0	20722	20729	1.0	1.0	1.0	99.77315175472425	1.0	False	True	True
test	NZ_AP027137.1	LR962847.1	0.9278350515463918	[0.8, 1)	1.0	85996	97574	0.9257988743662496	0.8158628323118864	0.8158628323118864	99.91471865189985	0.9257988743662496	False	True	True
test	NZ_NTGK01000119.1	NZ_JBDYFZ010000049.1	1.0	[0.8, 1)	1.0	2423	2530	0.658687577383409	0.6308300395256917	0.6308300395256917	99.812	0.658687577383409	False	False	True
test	NZ_CP068342.1	NZ_OQ803523.1	0.8481012658227848	[0.8, 1)	1.0	63675	65989	0.9121947389085199	0.8788282895634121	0.8788282895634121	99.87478914186839	0.9121947389085199	False	True	True
test	NZ_CP061964.1	NZ_CP068342.1	0.9861111111111112	[0.8, 1)	1.0	63578	63675	1.0	0.9988064389477816	0.9988064389477816	99.7733889063581	1.0	False	True	True
test	NZ_OW970563.1	NZ_CP068342.1	1.0	[0.8, 1)	1.0	63589	63675	1.0	0.9988064389477816	0.9988064389477816	99.92905566037736	1.0	False	True	True
test	OW968206.1	NZ_CP068342.1	1.0	[0.8, 1)	1.0	63589	63675	1.0	0.9988064389477816	0.9988064389477816	99.926173254717	1.0	False	True	True
test	NZ_CP068342.1	NZ_CP031805.1	0.9342105263157896	[0.8, 1)	1.0	63675	65454	0.9517235963879074	0.9250160418003484	0.9250160418003484	99.88180105295959	0.9517235963879074	False	True	True
test	NZ_CP073000.1	NZ_JCCDRD010000005.1	1.0	[0.8, 1)	1.0	6796	7624	0.9899941141848146	0.8836568730325288	0.8836568730325288	99.80753237516669	0.9899941141848146	False	True	True
test	NZ_CP138520.1	NZ_JCCDRD010000005.1	0.8571428571428571	[0.8, 1)	1.0	5596	7624	1.0	0.7357030430220357	0.7357030430220357	99.98230754145125	1.0	False	False	True
test	NZ_CP125141.1	NZ_CP033630.1	1.0	[0.8, 1)	1.0	9294	23185	1.0	0.4013802027172741	0.4013802027172741	99.97836643026004	1.0	False	False	True
test	NZ_CP125141.1	NZ_OP378651.1	0.9285714285714286	[0.8, 1)	1.0	9294	9506	1.0	0.9785398695560699	0.9785398695560699	99.96777488712104	1.0	False	True	True
test	NZ_CP125141.1	OW967952.1	1.0	[0.8, 1)	1.0	9294	9294	1.0	1.0	1.0	100.0	1.0	False	True	True
test	NZ_LT592154.1	NZ_CP106920.1	0.8333333333333334	[0.8, 1)	1.0	4153	4207	1.0	0.993819824102686	0.993819824102686	99.736629275293	1.0	False	True	True
test	NZ_LT592162.1	NZ_CP106920.1	0.8333333333333334	[0.8, 1)	1.0	4153	4207	1.0	0.993819824102686	0.993819824102686	99.71278426213824	1.0	False	True	True
test	NZ_CP101209.1	CP077360.1	1.0	[0.8, 1)	1.0	1549	1628	0.6120077469335055	0.5841523341523341	0.5841523341523341	92.227	0.6120077469335055	False	False	True
test	NZ_CP101209.1	NZ_RRJD01000137.1	1.0	[0.8, 1)	1.0	1549	2405	0.6746287927695287	0.42993762993762996	0.42993762993762996	93.41601145038169	0.6746287927695287	False	False	True
test	NZ_CP101209.1	NZ_RRNF01000141.1	1.0	[0.8, 1)	1.0	1549	3263	0.9883795997417689	0.4701195219123506	0.4701195219123506	96.289	0.9883795997417689	False	False	True
test	NZ_CP101209.1	CP057777.1	1.0	[0.8, 1)	1.0	1549	1551	1.0	1.0	1.0	96.71600000000001	1.0	False	False	True
test	CP099101.1	NZ_CP101209.1	1.0	[0.8, 1)	1.0	1548	1549	0.9987080103359173	0.9980632666236281	0.9980632666236281	99.159	0.9987080103359173	False	True	True
test	NZ_CP101209.1	NZ_CP060064.1	1.0	[0.8, 1)	1.0	1549	1549	1.0	1.0	1.0	99.806	1.0	False	True	True
test	NZ_CP148317.1	NZ_RRHD01000153.1	1.0	[0.8, 1)	1.0	6675	6754	1.0	0.9883032277169085	0.9883032277169085	99.685	1.0	False	True	True
test	NZ_CP029849.1	CP090231.1	1.0	[0.8, 1)	1.0	106706	106710	1.0	1.0	1.0	99.97865946021929	1.0	False	True	True
test	NZ_CP142946.1	NZ_CP173443.1	0.9622641509433962	[0.8, 1)	1.0	48552	50702	0.9911229197561378	0.9501203108358645	0.9501203108358645	99.95863166742767	0.9911229197561378	False	True	True
test	NZ_CP107173.1	NZ_AP026795.1	0.8690476190476191	[0.8, 1)	1.0	149268	165477	0.7742248841010799	0.6982662243091184	0.6982662243091184	99.94781887713167	0.7742248841010799	False	False	True
test	NZ_CP061964.1	NZ_OQ803523.1	0.8354430379746836	[0.8, 1)	1.0	63578	65989	0.9133033439239989	0.8788282895634121	0.8788282895634121	99.78241136258504	0.9133033439239989	False	True	True
test	NZ_OW970563.1	NZ_OQ803523.1	0.8481012658227848	[0.8, 1)	1.0	63589	65989	0.9133183412225385	0.8788282895634121	0.8788282895634121	99.95065469561196	0.9133183412225385	False	True	True
test	OW968206.1	NZ_OQ803523.1	0.8481012658227848	[0.8, 1)	1.0	63589	65989	0.9133183412225385	0.8788282895634121	0.8788282895634121	99.9472074430718	0.9133183412225385	False	True	True
test	NZ_CP028152.1	NZ_CP011943.1	0.9545454545454546	[0.8, 1)	1.0	56636	59372	1.0	0.9540692582362056	0.9540692582362056	99.94188929296494	1.0	False	True	True
test	NZ_CP038401.1	NZ_CP018253.1	0.972972972972973	[0.8, 1)	1.0	92513	95229	0.9993406332083059	0.971195749194048	0.971195749194048	99.97718185061461	0.9993406332083059	False	True	True
test	NZ_CP038401.1	NZ_CP028692.1	0.9090909090909092	[0.8, 1)	1.0	92513	92714	0.9736145190405673	0.971611622840132	0.971611622840132	99.96356518844054	0.9736145190405673	False	True	True
test	NZ_CP038401.1	NZ_CP062718.1	0.972972972972973	[0.8, 1)	1.0	92513	96507	0.9991244473749635	0.9581688374936533	0.9581688374936533	99.94677588649415	0.9991244473749635	False	True	True
test	NZ_CP038401.1	AB011549.2	0.922077922077922	[0.8, 1)	1.0	92513	92721	0.9736145190405673	0.971538270726157	0.971538270726157	99.95423087850135	0.9736145190405673	False	True	True
test	NZ_CP047684.1	NZ_CP077993.1	1.0	[0.8, 1)	1.0	2953	2953	1.0	1.0	1.0	99.89809749492213	1.0	False	True	True
test	NZ_CP018769.1	CP051936.1	1.0	[0.8, 1)	1.0	27270	27271	1.0	1.0	1.0	99.93779718433787	1.0	False	True	True
test	NZ_CP101766.1	NZ_CP146851.1	0.9069767441860463	[0.8, 1)	1.0	127176	138872	0.9869157702711203	0.9066406475027363	0.9066406475027363	99.96653497458705	0.9869157702711203	False	True	True
test	OW849035.1	CP080739.1	0.8894230769230769	[0.8, 1)	1.0	204647	206152	0.9644412085200369	0.9594425472466918	0.9594425472466918	99.71155723732105	0.9644412085200369	True	True	True
test	NZ_CP014496.1	NZ_JBRAXZ010000003.1	0.8790322580645161	[0.8, 1)	1.0	114223	118098	0.8672684135419312	0.8386932886247015	0.8386932886247015	99.86656861300611	0.8672684135419312	False	True	True
test	NZ_CP014496.1	NZ_CP195365.1	0.8396946564885496	[0.8, 1)	1.0	114223	137286	0.8880698283182896	0.7389828533135206	0.7389828533135206	99.86278487736138	0.8880698283182896	False	False	True
test	NZ_CP054265.1	OW849035.1	0.8041237113402062	[0.8, 1)	1.0	168717	204647	0.9954479987197496	0.820681466134368	0.820681466134368	99.98797995248614	0.9954479987197496	False	True	True
test	NZ_CP014121.1	OW849035.1	0.8240740740740741	[0.8, 1)	1.0	200203	204647	0.9205156765882629	0.8997102327422342	0.8997102327422342	99.8339564906037	0.9205156765882629	False	True	True
test	NC_013369.1	NZ_AP027167.1	0.935483870967742	[0.8, 1)	1.0	85167	90129	0.9707280989115502	0.9172741293035538	0.9172741293035538	99.92981092325182	0.9707280989115502	False	True	True
test	AP019709.1	NZ_AP027167.1	0.9032258064516128	[0.8, 1)	1.0	86874	90129	0.9712342012569929	0.945411576740006	0.945411576740006	99.87892614103015	0.9712342012569929	False	True	True
test	NZ_MT929283.1	NZ_CP066368.1	0.9682539682539684	[0.8, 1)	1.0	60643	66038	0.99248058308461	0.9169266180078137	0.9169266180078137	99.902423470398	0.99248058308461	False	True	True
test	NC_013369.1	AP019709.1	0.8387096774193549	[0.8, 1)	1.0	85167	86874	0.9119494639942701	0.8843612588346341	0.8843612588346341	99.83756700951301	0.9119494639942701	False	True	True
test	NZ_MW356909.1	NZ_MK477611.1	0.8838028169014085	[0.8, 1)	1.0	249475	263466	0.946259144202826	0.8961080367106192	0.8961080367106192	99.97904021021961	0.946259144202826	False	True	True
test	NZ_KY019259.1	NZ_MK477611.1	0.8402777777777778	[0.8, 1)	1.0	249153	263466	0.9318450911688801	0.8813433232371539	0.8813433232371539	99.97764183873396	0.9318450911688801	False	True	True
test	CP030582.1	NZ_CP014408.1	0.9545454545454546	[0.8, 1)	1.0	25430	27098	1.0	0.9401431839988191	0.9401431839988191	99.40725887986183	1.0	False	True	True
test	NZ_CP138520.1	NZ_CP073000.1	0.8571428571428571	[0.8, 1)	1.0	5596	6796	1.0	0.8244555620953502	0.8244555620953502	99.96437544610991	1.0	False	True	True
test	NZ_CP021786.1	NZ_CP121558.1	1.0	[0.8, 1)	1.0	8731	17462	1.0	0.5	0.5	99.977	1.0	False	False	True
test	NZ_CP010175.1	NZ_CP124432.1	1.0	[0.8, 1)	1.0	6647	6647	1.0	1.0	1.0	99.89432977282986	1.0	False	True	True
test	NZ_CP010175.1	NZ_CP018943.1	1.0	[0.8, 1)	1.0	6647	6647	1.0	1.0	1.0	99.87940484429068	1.0	False	True	True
test	NZ_CP010175.1	NZ_CP101204.1	1.0	[0.8, 1)	1.0	6647	6648	1.0	1.0	1.0	99.87949458483754	1.0	False	True	True
test	NZ_CP010175.1	CP063733.1	1.0	[0.8, 1)	1.0	6647	6647	1.0	1.0	1.0	99.95470964344818	1.0	False	True	True
test	NZ_LR890682.1	NZ_CP056387.1	1.0	[0.8, 1)	1.0	5783	5783	1.0	1.0	1.0	99.96582742521183	1.0	False	True	True
test	CP077360.1	NZ_RRJD01000137.1	1.0	[0.8, 1)	1.0	1628	2405	0.702088452088452	0.4698544698544699	0.4698544698544699	95.37109344978167	0.702088452088452	False	False	True
test	CP077360.1	NZ_RRNF01000141.1	1.0	[0.8, 1)	1.0	1628	3263	0.5730958230958231	0.28593319031566045	0.28593319031566045	94.754	0.5730958230958231	False	False	True
test	CP057777.1	CP077360.1	1.0	[0.8, 1)	1.0	1551	1628	0.6125080593165699	0.5841523341523341	0.5841523341523341	95.478	0.6125080593165699	False	False	True
test	CP099101.1	CP077360.1	1.0	[0.8, 1)	1.0	1548	1628	0.6104651162790697	0.5823095823095823	0.5823095823095823	92.94	0.6104651162790697	False	False	True
test	NZ_CP060064.1	CP077360.1	1.0	[0.8, 1)	1.0	1549	1628	0.6120077469335055	0.5841523341523341	0.5841523341523341	92.122	0.6120077469335055	False	False	True
test	NZ_RRHQ01000168.1	NZ_JBSSAV010000019.1	1.0	[0.8, 1)	1.0	1714	2342	1.0	0.7318531169940222	0.7318531169940222	99.942	1.0	False	False	True
test	NZ_CP084195.1	NZ_CP132951.1	0.9534883720930232	[0.8, 1)	1.0	93861	114295	0.9814619490523221	0.8064657246598714	0.8064657246598714	99.92622795887827	0.9814619490523221	False	True	True
test	NZ_CP050383.1	NZ_CP107168.1	1.0	[0.8, 1)	1.0	4081	4082	1.0	1.0	1.0	99.21641058304753	1.0	False	True	True
test	NZ_CP050383.1	NZ_CP006634.1	1.0	[0.8, 1)	1.0	4081	4086	1.0	1.0	1.0	99.5354323464644	1.0	False	True	True
test	CP067475.1	OW849024.1	0.8773584905660378	[0.8, 1)	1.0	216181	242397	0.9898881030247801	0.8836371737273976	0.8836371737273976	99.92480820945693	0.9898881030247801	False	True	True
test	RefSeq_NZ_MT809697.1	NZ_CP092755.1	0.8828125	[0.8, 1)	1.0	113652	118840	0.9741139619188399	0.9307724671827667	0.9307724671827667	99.65864003033832	0.9732238746200192	True	True	True
test	NZ_CP057363.1	NZ_OY754363.1	1.0	[0.8, 1)	1.0	1552	1552	1.0	1.0	1.0	99.936	1.0	False	True	True
test	NZ_RRJD01000137.1	NZ_RRNF01000141.1	1.0	[0.8, 1)	1.0	2405	3263	0.46860706860706863	0.34937174379405456	0.34937174379405456	94.83368651488617	0.46860706860706863	False	False	False
test	CP057777.1	NZ_RRJD01000137.1	1.0	[0.8, 1)	1.0	1551	2405	0.6744036105738234	0.42993762993762996	0.42993762993762996	94.56105534351146	0.6744036105738234	False	False	True
test	CP099101.1	NZ_RRJD01000137.1	1.0	[0.8, 1)	1.0	1548	2405	0.6750645994832042	0.42993762993762996	0.42993762993762996	93.51137404580153	0.6750645994832042	False	False	True
test	NZ_CP060064.1	NZ_RRJD01000137.1	1.0	[0.8, 1)	1.0	1549	2405	0.6746287927695287	0.42993762993762996	0.42993762993762996	93.41601145038169	0.6746287927695287	False	False	True
test	NZ_CP028692.1	NZ_CP018253.1	0.9342105263157896	[0.8, 1)	1.0	92714	95229	0.9740707983691783	0.9487131021012507	0.9487131021012507	99.93464341205373	0.9740707983691783	False	True	True
test	NZ_CP018253.1	NZ_CP062718.1	1.0	[0.8, 1)	1.0	95229	96507	1.0	0.9864465790046318	0.9864465790046318	99.96101335503178	1.0	False	True	True
test	AB011549.2	NZ_CP018253.1	0.922077922077922	[0.8, 1)	1.0	92721	95229	0.974072755902115	0.9487131021012507	0.9487131021012507	99.946761476825	0.974072755902115	False	True	True
test	CP082152.1	NZ_CP042511.1	1.0	[0.8, 1)	1.0	2495	2495	1.0	1.0	1.0	100.0	1.0	False	True	True
test	CP082152.1	OW969701.1	1.0	[0.8, 1)	1.0	2495	2495	0.9843687374749499	0.9843687374749499	0.9843687374749499	99.959	0.9843687374749499	False	True	True
test	CP082152.1	NZ_CP071270.1	1.0	[0.8, 1)	1.0	2495	2495	1.0	1.0	1.0	100.0	1.0	False	True	True
test	CP082152.1	NZ_JBRYID020000005.1	1.0	[0.8, 1)	1.0	2495	2555	0.9851703406813628	0.962426614481409	0.962426614481409	99.71582405526209	0.9851703406813628	False	True	True
test	NZ_JBHEKI010000075.1	NZ_JARWCD010000024.1	0.9473684210526316	[0.8, 1)	1.0	24427	24598	0.9873500634543743	0.9804862183917392	0.9804862183917392	99.934	0.9873500634543743	False	True	True
test	NZ_CP028692.1	NZ_CP062718.1	0.9342105263157896	[0.8, 1)	1.0	92714	96507	0.9731540004745778	0.9347922948594403	0.9347922948594403	99.95658984020037	0.9731540004745778	False	True	True
test	NZ_CP028692.1	AB011549.2	0.9866666666666668	[0.8, 1)	1.0	92714	92721	1.0	1.0	1.0	99.96625864895178	1.0	False	True	True
test	NZ_LT592154.1	NZ_LT592162.1	1.0	[0.8, 1)	1.0	4153	4153	1.0	1.0	1.0	99.976	1.0	False	True	True
test	NZ_CP087000.1	NZ_CP086895.1	0.9690721649484536	[0.8, 1)	1.0	82226	82231	1.0	1.0	1.0	99.91093177037101	1.0	False	True	True
test	NZ_CP086895.1	NZ_CP087065.1	1.0	[0.8, 1)	1.0	82231	82447	1.0	1.0	1.0	99.99064837723768	1.0	False	True	True
test	CP104420.1	NZ_CP193630.1	0.8441558441558441	[0.8, 1)	1.0	83397	88723	0.9491588426442198	0.8929364426360695	0.8929364426360695	99.91301186164775	0.9491588426442198	False	True	True
test	NZ_CP199511.1	NZ_JBXUIF010000005.1	0.8297872340425532	[0.8, 1)	1.0	44105	63293	0.679356082076862	0.47349627920939125	0.47349627920939125	99.99326766766767	0.679356082076862	False	False	True
test	NZ_OP378651.1	NZ_CP033630.1	0.9285714285714286	[0.8, 1)	1.0	9506	23185	0.9782242794024827	0.4013802027172741	0.4013802027172741	99.95699215981098	0.9782242794024827	False	False	True
test	OW967952.1	NZ_CP033630.1	1.0	[0.8, 1)	1.0	9294	23185	1.0	0.4013802027172741	0.4013802027172741	99.97875413711583	1.0	False	False	True
test	NZ_CP033349.2	NZ_MF175191.1	1.0	[0.8, 1)	1.0	33309	33660	0.9996397370080159	0.9892156862745098	0.9892156862745098	99.98834730646807	0.9996397370080159	False	True	True
test	NZ_MF175191.1	NZ_MF381176.1	0.9285714285714286	[0.8, 1)	1.0	33660	36502	0.8923945335710042	0.8229138129417566	0.8229138129417566	100.0	0.8923945335710042	False	True	True
test	NZ_MF175191.1	NZ_OR724972.1	0.975	[0.8, 1)	1.0	33660	34639	0.989126559714795	0.9612575420768498	0.9612575420768498	99.99402846846846	0.989126559714795	False	True	True
test	NZ_CP033349.2	NZ_MF381176.1	0.9285714285714286	[0.8, 1)	1.0	33309	36502	1.0	0.93490767629171	0.93490767629171	99.97099622044476	1.0	False	True	True
test	NZ_CP033349.2	NZ_OR724972.1	0.975	[0.8, 1)	1.0	33309	34639	1.0	0.9616039724010509	0.9616039724010509	99.96417799789884	1.0	False	True	True
test	AB011549.2	NZ_CP062718.1	0.922077922077922	[0.8, 1)	1.0	92721	96507	0.9731560272214493	0.9347922948594403	0.9347922948594403	99.9531581688627	0.9731560272214493	False	True	True
test	NZ_JCASKQ010000017.1	NZ_JBXSFE010000003.1	0.8125	[0.8, 1)	1.0	130759	146840	0.9098876559166099	0.8102492508853174	0.8102492508853174	99.96970778009344	0.9098876559166099	False	True	True
test	NZ_JCASKQ010000017.1	NZ_CP129815.1	0.8028169014084507	[0.8, 1)	1.0	130759	146394	0.9036854059758793	0.8072530294957444	0.8072530294957444	99.97498423697836	0.9036854059758793	False	True	True
test	NZ_JCASKQ010000017.1	NZ_CP129712.1	0.8142857142857143	[0.8, 1)	1.0	130759	143798	0.9036854059758793	0.8217082295998553	0.8217082295998553	99.9753106202928	0.9036854059758793	False	True	True
test	NZ_CP142934.1	NZ_CP124427.1	1.0	[0.8, 1)	1.0	5167	5167	1.0	1.0	1.0	99.942	1.0	False	True	True
test	NZ_CP127510.1	NZ_CP079603.1	1.0	[0.8, 1)	1.0	6141	6141	1.0	1.0	1.0	99.9670247516691	1.0	False	True	True
test	CP049444.1	NZ_CP077909.1	0.9375	[0.8, 1)	1.0	20722	46752	0.9971045265900975	0.4420131759069131	0.4420131759069131	99.61341007680788	0.9971045265900975	False	False	True
test	NZ_CP050782.1	NZ_CP060923.1	1.0	[0.8, 1)	1.0	3372	3374	1.0	1.0	1.0	99.70364848844102	1.0	False	True	True
test	NZ_CP138520.1	NZ_CP066533.1	0.8333333333333334	[0.8, 1)	1.0	5596	6373	1.0	0.8794916052094774	0.8794916052094774	99.98199393398751	1.0	False	True	True
test	NZ_CP082766.1	NZ_CP154419.1	0.8271028037383178	[0.8, 1)	1.0	199279	220171	0.9404804319572058	0.8513700714444682	0.8513700714444682	99.8897604866928	0.9404804319572058	False	True	True
test	NZ_CP124432.1	NZ_CP018943.1	1.0	[0.8, 1)	1.0	6647	6647	1.0	1.0	1.0	99.95521904618626	1.0	False	True	True
test	NZ_CP124432.1	NZ_CP101204.1	1.0	[0.8, 1)	1.0	6647	6648	1.0	1.0	1.0	99.9550734055355	1.0	False	True	True
test	NZ_CP124432.1	CP063733.1	1.0	[0.8, 1)	1.0	6647	6647	1.0	1.0	1.0	99.84960613810742	1.0	False	True	True
test	NZ_CP091713.1	NZ_CP124336.1	1.0	[0.8, 1)	1.0	4072	4073	1.0	1.0	1.0	99.92601890498405	1.0	False	True	True
test	NZ_AP025532.1	NZ_CP025267.1	0.8505747126436781	[0.8, 1)	1.0	71826	74241	0.9896555564837246	0.9582710362198785	0.9582710362198785	99.56569619648454	0.9896555564837246	False	True	True
test	NZ_CP014059.2	NZ_CP018473.1	0.8666666666666667	[0.8, 1)	1.0	21970	38746	0.7878470641784251	0.4467557941464925	0.4467557941464925	99.88468996188057	0.7878470641784251	False	False	True
test	OW967952.1	NZ_OP378651.1	0.9285714285714286	[0.8, 1)	1.0	9294	9506	1.0	0.9785398695560699	0.9785398695560699	99.96774113093957	1.0	False	True	True
test	NZ_CP037880.1	NZ_CP133428.1	0.9069767441860463	[0.8, 1)	1.0	40085	45040	1.0	0.8900976909413855	0.8900976909413855	99.98783088051884	1.0	False	True	True
test	CP024513.1	NZ_CP084801.1	1.0	[0.8, 1)	1.0	3336	3534	1.0	0.9397283531409168	0.9397283531409168	97.79096865671642	1.0	False	False	True
test	NZ_CP061964.1	NZ_OW970563.1	0.9861111111111112	[0.8, 1)	1.0	63578	63589	1.0	1.0	1.0	99.84450977308825	1.0	False	True	True
test	NZ_CP061964.1	OW968206.1	0.9861111111111112	[0.8, 1)	1.0	63578	63589	1.0	1.0	1.0	99.84099388297453	1.0	False	True	True
test	NZ_CP061964.1	NZ_CP031805.1	0.9210526315789472	[0.8, 1)	1.0	63578	65454	0.9528453238541634	0.9250160418003484	0.9250160418003484	99.79496880125976	0.9528453238541634	False	True	True
test	NZ_CP042511.1	OW969701.1	1.0	[0.8, 1)	1.0	2495	2495	1.0	1.0	1.0	99.95966092184368	1.0	False	True	True
test	NZ_CP042511.1	NZ_CP071270.1	1.0	[0.8, 1)	1.0	2495	2495	1.0	1.0	1.0	100.0	1.0	False	True	True
test	NZ_CP042511.1	NZ_JBRYID020000005.1	1.0	[0.8, 1)	1.0	2495	2555	0.9851703406813628	0.962426614481409	0.962426614481409	99.71520235676554	0.9851703406813628	False	True	True
test	NZ_JBYDGO010000004.1	NZ_JBWIFL010000005.1	0.8518518518518519	[0.8, 1)	1.0	57114	59700	0.8378681234023182	0.8015577889447236	0.8015577889447236	99.98333328457389	0.8378681234023182	False	True	True
test	CP090300.1	NZ_JBYDGO010000004.1	0.8846153846153846	[0.8, 1)	1.0	53824	57114	0.9573981866825209	0.9156949259375985	0.9156949259375985	99.98283070369804	0.9573981866825209	False	True	True
test	NZ_CP012991.1	NZ_CP072966.1	1.0	[0.8, 1)	1.0	3223	3223	1.0	1.0	1.0	99.9072913434688	1.0	False	True	True
test	NZ_CP012991.1	NZ_CP115677.1	0.8571428571428571	[0.8, 1)	1.0	3223	4911	1.0	0.6564854408470779	0.6564854408470779	99.93815012406948	1.0	False	False	True
test	NZ_JBRZEZ010000005.1	CP125070.1	1.0	[0.8, 1)	1.0	2089	2113	1.0	1.0	1.0	98.62724088973023	1.0	False	False	True
test	CP057777.1	NZ_RRNF01000141.1	1.0	[0.8, 1)	1.0	1551	3263	0.988394584139265	0.4701195219123506	0.4701195219123506	99.60900000000001	0.988394584139265	False	False	True
test	CP099101.1	NZ_RRNF01000141.1	1.0	[0.8, 1)	1.0	1548	3263	0.9890180878552972	0.4701195219123506	0.4701195219123506	95.964	0.9890180878552972	False	False	True
test	NZ_CP060064.1	NZ_RRNF01000141.1	1.0	[0.8, 1)	1.0	1549	3263	0.9883795997417689	0.4701195219123506	0.4701195219123506	96.354	0.9883795997417689	False	False	True
test	NZ_CP017651.1	NZ_CP025267.1	0.8222222222222222	[0.8, 1)	1.0	70884	74241	0.9879803622820382	0.9440470898829487	0.9440470898829487	99.46530404518742	0.9879803622820382	False	True	True
test	NZ_CP087000.1	NZ_CP087065.1	0.9690721649484536	[0.8, 1)	1.0	82226	82447	1.0	1.0	1.0	99.91892955901615	1.0	False	True	True
test	NZ_CP095668.1	NZ_CP059715.1	0.9166666666666666	[0.8, 1)	1.0	45403	45739	0.9736801532938352	0.9665274710859442	0.9665274710859442	99.98649918566777	0.9736801532938352	False	True	True
test	CP090300.1	NZ_JBWIFL010000005.1	0.8846153846153846	[0.8, 1)	1.0	53824	59700	0.9573981866825209	0.8623785594639866	0.8623785594639866	99.9825321031492	0.9573981866825209	False	True	True
test	CP099101.1	CP057777.1	1.0	[0.8, 1)	1.0	1548	1551	0.9987080103359173	0.9980657640232108	0.9980657640232108	96.387	0.9987080103359173	False	False	True
test	NZ_CP060064.1	CP057777.1	1.0	[0.8, 1)	1.0	1549	1551	1.0	1.0	1.0	96.78	1.0	False	False	True
test	NC_023317.1	NZ_MT349894.1	1.0	[0.8, 1)	1.0	2683	2683	1.0	1.0	1.0	99.77645806932539	1.0	False	True	True
test	NZ_CP107168.1	NZ_CP006634.1	1.0	[0.8, 1)	1.0	4082	4086	1.0	1.0	1.0	99.38829686735194	1.0	False	True	True
test	NZ_CP138519.1	NZ_CP054742.1	1.0	[0.8, 1)	1.0	11970	11970	1.0	1.0	1.0	100.0	1.0	False	True	True
test	NZ_CP138519.1	NZ_CP152448.1	1.0	[0.8, 1)	1.0	11970	11970	1.0	1.0	1.0	100.0	1.0	False	True	True
test	NZ_JBRAXZ010000003.1	NZ_CP195365.1	0.9224806201550388	[0.8, 1)	1.0	118098	137286	1.0	0.8603062220474047	0.8603062220474047	99.97741373149998	1.0	False	True	True
test	NZ_CP018943.1	NZ_CP101204.1	1.0	[0.8, 1)	1.0	6647	6648	1.0	1.0	1.0	99.96979888688327	1.0	False	True	True
test	NZ_CP018943.1	CP063733.1	1.0	[0.8, 1)	1.0	6647	6647	1.0	1.0	1.0	99.83460147434931	1.0	False	True	True
test	NZ_CP110933.1	NZ_CP088135.1	1.0	[0.8, 1)	1.0	49544	49556	0.9999798159212013	1.0	0.9999798159212013	99.96791290836813	0.9999798159212013	False	True	True
test	NZ_CP015123.1	NZ_LR135445.1	0.873015873015873	[0.8, 1)	1.0	56285	58508	0.9467175979390602	0.9108156149586382	0.9108156149586382	99.22918584236787	0.9467175979390602	False	True	True
test	NZ_CP135667.1	CP104420.1	0.8888888888888888	[0.8, 1)	1.0	76366	83397	0.9365031558546998	0.8574049426238354	0.8574049426238354	99.94125782462223	0.9547564590128436	True	True	True
test	NZ_CP054742.1	NZ_CP152448.1	1.0	[0.8, 1)	1.0	11970	11970	1.0	1.0	1.0	100.0	1.0	False	True	True
test	NZ_CP116320.1	NZ_CP004879.1	1.0	[0.8, 1)	1.0	7635	7635	1.0	1.0	1.0	100.0	1.0	False	True	True
test	NZ_KY019259.1	NZ_MW356909.1	0.9442379182156134	[0.8, 1)	1.0	249153	249475	0.9673734612868398	0.962894077562882	0.962894077562882	99.98240677558267	0.9673734612868398	False	True	True
test	NZ_JBVTJX020000002.1	NZ_CP062226.1	0.912087912087912	[0.8, 1)	1.0	257061	265014	0.954858963436694	0.9233776328797724	0.9233776328797724	99.75623917231829	0.954858963436694	False	True	True
test	NZ_CP063478.1	NZ_MF978389.1	0.8269230769230769	[0.8, 1)	1.0	47841	52740	0.9789720114546101	0.8885855138414865	0.8885855138414865	99.40946567864378	0.9789720114546101	False	True	True
test	NZ_OW970563.1	OW968206.1	1.0	[0.8, 1)	1.0	63589	63589	1.0	1.0	1.0	99.997	1.0	False	True	True
test	NZ_OW970563.1	NZ_CP031805.1	0.9342105263157896	[0.8, 1)	1.0	63589	65454	0.9528534809479627	0.9250160418003484	0.9250160418003484	99.95586902887139	0.9528534809479627	False	True	True
test	OW969701.1	NZ_CP071270.1	1.0	[0.8, 1)	1.0	2495	2495	1.0	1.0	1.0	99.95987815631263	1.0	False	True	True
test	OW969701.1	NZ_JBRYID020000005.1	1.0	[0.8, 1)	1.0	2495	2555	0.9851703406813628	0.962426614481409	0.962426614481409	99.67487728565625	0.9851703406813628	False	True	True
test	NZ_CP040807.1	NZ_MG591701.1	0.925925925925926	[0.8, 1)	1.0	90871	91597	0.9516897580086056	0.9440593032522899	0.9440593032522899	99.89803255969855	0.9516897580086056	False	True	True
test	NZ_CP129712.1	NZ_CP129815.1	0.9847328244274808	[0.8, 1)	1.0	143798	146394	1.0	0.9823694960175964	0.9823694960175964	99.9962911755912	1.0	False	True	True
test	NZ_CP072966.1	NZ_CP115677.1	0.8571428571428571	[0.8, 1)	1.0	3223	4911	1.0	0.6564854408470779	0.6564854408470779	99.96903691066997	1.0	False	False	True
test	NZ_CP028613.1	AB011548.2	1.0	[0.8, 1)	1.0	3306	3306	1.0	1.0	1.0	100.0	1.0	False	True	True
test	OW968206.1	NZ_CP031805.1	0.9342105263157896	[0.8, 1)	1.0	63589	65454	0.9528534809479627	0.9250160418003484	0.9250160418003484	99.9524969160105	0.9528534809479627	False	True	True
test	CP099101.1	NZ_CP060064.1	1.0	[0.8, 1)	1.0	1548	1549	0.9987080103359173	0.9980632666236281	0.9980632666236281	99.094	0.9987080103359173	False	True	True
test	CP063733.1	NZ_CP101204.1	1.0	[0.8, 1)	1.0	6647	6648	1.0	1.0	1.0	99.83412484957881	1.0	False	True	True
test	CP067788.1	NZ_OZ066665.1	0.9411764705882352	[0.8, 1)	1.0	13841	39395	0.9851889314355899	0.3461860642213479	0.3461860642213479	99.91919777158775	0.9851889314355899	False	False	True
test	NZ_CP071270.1	NZ_JBRYID020000005.1	1.0	[0.8, 1)	1.0	2495	2555	0.9851703406813628	0.962426614481409	0.962426614481409	99.71527834213734	0.9851703406813628	False	True	True
test	NZ_OR724972.1	NZ_MF381176.1	0.9069767441860463	[0.8, 1)	1.0	34639	36502	0.9616039724010509	0.93490767629171	0.93490767629171	99.98832672194064	0.9616039724010509	False	True	True
