source_file	inc_group	organism_category	is_family	is1_pos	is2_pos	region_size	cargo_genes	n_cargo
AP026477.1	IncF	Gram-negative	IS26	41343-42162	52128-52949	9966	dfrA17,aadA5,sul1,mrx(A),mph(A)	5
AP026477.1	IncF	Gram-negative	IS26	52128-52949	57366-58185	4417	sul2,aph(3'')-Ib,aph(6)-Id	3
AP026477.1	IncF	Gram-negative	IS26	62070-62889	65157-65976	2268	aac(3)-IId	1
AP026480.1	IncF	Gram-negative	IS26	18800-19619	29585-30406	9966	dfrA17,aadA5,sul1,mrx(A),mph(A)	5
AP026480.1	IncF	Gram-negative	IS26	29585-30406	37063-37882	6657	sul2,aph(3'')-Ib,aph(6)-Id,tet(A)	4
AP026496.1	IncHI2	Gram-negative	IS1	88541-89308	105369-106136	16061	aph(3')-Ia	1
AP026496.1	IncHI2	Gram-negative	IS26	95393-96212	97253-98072	1041	aph(3')-Ia	1
AP026496.1	IncHI2	Gram-negative	IS26	97253-98072	107654-108474	9582	blaTEM-1	1
AP026519.1	IncF	Gram-negative	IS26	42578-43397	53363-54184	9966	dfrA17,aadA5,sul1,mrx(A),mph(A)	5
AP026519.1	IncF	Gram-negative	IS26	53363-54184	59540-60361	5356	sul2,aph(3'')-Ib,aph(6)-Id,tet(A)	4
AP026519.1	IncF	Gram-negative	IS26	59540-60361	62285-63106	1924	aac(3)-IId	1
AP026531.1	IncF	Gram-negative	IS26	26020-26839	52632-53453	25793	catA1,tet(B)	2
AP026531.1	IncF	Gram-negative	IS26	52632-53453	60375-61194	6922	sul1,aadA5,dfrA17	3
AP026531.1	IncF	Gram-negative	IS26	60375-61194	65729-66549	4535	aac(3)-IId	1
AP026531.1	IncF	Gram-negative	IS1	31776-32543	38132-38899	5589	tet(B)	1
AP026531.1	IncF	Gram-negative	IS1	38132-38899	76373-77140	37474	sul1,aadA5,dfrA17,aac(3)-IId,blaTEM-1	5
AP026531.1	IncF	Gram-negative	IS10	36956-38133	64721-65732	26588	sul1,aadA5,dfrA17,aac(3)-IId	4
CP035180.1	IncFIB	Gram-negative	IS26	192694-193513	211862-212685	18349	dfrA12,aadA2,sul1,sul1,armA,msr(E),mph(E)	7
CP035180.1	IncFIB	Gram-negative	IS26	211862-212685	220173-220992	7488	blaSHV-1	1
CP035182.1	IncR	Gram-negative	IS26	15163-15955	32403-33220	16448	blaSHV,qnrB1	2
CP035182.1	IncR	Gram-negative	IS26	32403-33220	43724-44544	10504	aac(3)-IId,blaTEM-1,blaOXA,aadA1,aac(6')-Ib	5
CP035182.1	IncR	Gram-negative	IS1	25217-25980	74170-74938	48190	aac(3)-IId,blaTEM-1,blaOXA,aadA1,aac(6')-Ib,blaSHV	6
CP035908.1	IncAC2	Gram-negative	IS26	115040-115831	128197-129017	12366	blaTEM-1,aph(6)-Id,aph(3'')-Ib,sul2	4
CP052768.1	IncX3	Gram-negative	IS26	39711-40530	42028-42847	1498	blaSHV-12	1
CP052871.1	IncHI2	Gram-negative	IS26	226352-227171	243634-244453	16463	blaSHV-12,aac(6')-Ib3	2
CP052871.1	IncHI2	Gram-negative	IS26	243634-244453	248172-248991	3719	tet(A)	1
CP052871.1	IncHI2	Gram-negative	IS26	263074-263893	270153-270972	6260	sul1,qnrA1	2
CP054243.1	IncF	Gram-negative	IS26	24389-25213	28208-29027	2995	aac(3)-IId	1
CP054247.1	IncF	Gram-negative	IS26	27924-28746	31741-32562	2995	aac(3)-IId	1
CP054250.1	IncF	Gram-negative	IS26	18811-19630	22626-23448	2996	aac(3)-IId	1
CP054250.1	IncF	Gram-negative	IS26	28501-29322	39285-40104	9963	mph(A),mrx(A),sul1,aadA5,dfrA17	5
CP061512.1	IncHI2	Gram-negative	IS26	124595-125414	129133-129952	3719	tet(A)	1
CP061512.1	IncHI2	Gram-negative	IS26	129133-129952	146415-147234	16463	aac(6')-Ib3,blaSHV-12	2
CP061512.1	IncHI2	Gram-negative	IS26	147717-148536	149479-150298	943	catA1	1
CP071789.1	IncA	Gram-negative	IS26	44391-45210	55456-56290	10246	sul1,catB2,aadA1,aac(6')-Ib4	4
CP071791.1	IncHI2	Gram-negative	IS1	92850-93617	94494-95261	877	catA1	1
CP071791.1	IncHI2	Gram-negative	IS26	97338-98166	112133-112952	13967	sul2,aph(3'')-Ib,aph(6)-Id,blaTEM-1,blaCTX-M-15	5
CP071791.1	IncHI2	Gram-negative	IS26	112133-112952	115552-116372	2600	aac(3)-IIe	1
CP071791.1	IncHI2	Gram-negative	IS26	115552-116372	118559-119378	2187	catB3,blaOXA-1,aac(6')-Ib4	3
CP071791.1	IncHI2	Gram-negative	IS26	124090-124909	132871-133690	7962	qnrB1	1
CP071791.1	IncHI2	Gram-negative	IS26	132871-133690	141218-142037	7528	dfrA14	1
CP071791.1	IncHI2	Gram-negative	IS26	141218-142037	145756-146575	3719	tet(A)	1
CP080653.1	IncFIB	Gram-negative	IS1	64763-65475	93975-94742	28500	aph(3')-Ia,mph(A),mrx(A),sul1,aadA2,dfrA12,catA1	7
CP080653.1	IncFIB	Gram-negative	IS26	75160-75895	76936-77756	1041	aph(3')-Ia	1
CP080658.1	IncFIB	Gram-negative	IS1	64763-65475	93977-94744	28502	aph(3')-Ia,mph(A),mrx(A),sul1,aadA2,dfrA12,catA1	7
CP080658.1	IncFIB	Gram-negative	IS26	75162-75897	76938-77758	1041	aph(3')-Ia	1
CP080662.1	IncFIB	Gram-negative	IS1	64763-65475	93977-94744	28502	aph(3')-Ia,mph(A),mrx(A),sul1,aadA2,dfrA12,catA1	7
CP080662.1	IncFIB	Gram-negative	IS26	75162-75897	76938-77758	1041	aph(3')-Ia	1
CP080666.1	IncFIB	Gram-negative	IS1	93258-94025	116023-116790	21998	catA1,dfrA12,aadA2,sul1,mrx(A),mph(A)	6
CP080671.1	IncFIB	Gram-negative	IS1	64763-65475	93977-94744	28502	aph(3')-Ia,mph(A),mrx(A),sul1,aadA2,dfrA12,catA1	7
CP080671.1	IncFIB	Gram-negative	IS26	75162-75897	76938-77758	1041	aph(3')-Ia	1
CP080675.1	IncFIB	Gram-negative	IS1	64763-65475	93977-94744	28502	aph(3')-Ia,mph(A),mrx(A),sul1,aadA2,dfrA12,catA1	7
CP080675.1	IncFIB	Gram-negative	IS26	75162-75897	76938-77758	1041	aph(3')-Ia	1
CP080679.1	IncFIB	Gram-negative	IS1	64762-65474	93976-94743	28502	aph(3')-Ia,mph(A),mrx(A),sul1,aadA2,dfrA12,catA1	7
CP080679.1	IncFIB	Gram-negative	IS26	75161-75896	76937-77757	1041	aph(3')-Ia	1
CP080685.1	IncFIB	Gram-negative	IS1	64763-65475	93977-94744	28502	aph(3')-Ia,mph(A),mrx(A),sul1,aadA2,dfrA12,catA1	7
CP080685.1	IncFIB	Gram-negative	IS26	75162-75897	76938-77758	1041	aph(3')-Ia	1
CP080689.1	IncFIB	Gram-negative	IS1	64763-65475	93977-94744	28502	aph(3')-Ia,mph(A),mrx(A),sul1,aadA2,dfrA12,catA1	7
CP080689.1	IncFIB	Gram-negative	IS26	75162-75897	76938-77758	1041	aph(3')-Ia	1
CP080694.1	IncFIB	Gram-negative	IS1	64763-65475	93977-94744	28502	aph(3')-Ia,mph(A),mrx(A),sul1,aadA2,dfrA12,catA1	7
CP080694.1	IncFIB	Gram-negative	IS26	75162-75897	76938-77758	1041	aph(3')-Ia	1
CP080698.1	IncFIB	Gram-negative	IS1	64763-65475	93977-94744	28502	aph(3')-Ia,mph(A),mrx(A),sul1,aadA2,dfrA12,catA1	7
CP080698.1	IncFIB	Gram-negative	IS26	75162-75897	76938-77758	1041	aph(3')-Ia	1
CP080703.1	IncFIB	Gram-negative	IS1	18855-19622	41620-42387	21998	mph(A),mrx(A),sul1,aadA2,dfrA12,catA1	6
CP080708.1	IncFIB	Gram-negative	IS1	64763-65475	93977-94744	28502	aph(3')-Ia,mph(A),mrx(A),sul1,aadA2,dfrA12,catA1	7
CP080708.1	IncFIB	Gram-negative	IS26	75162-75897	76938-77758	1041	aph(3')-Ia	1
CP080713.1	IncFIB	Gram-negative	IS1	64763-65475	93977-94744	28502	aph(3')-Ia,mph(A),mrx(A),sul1,aadA2,dfrA12,catA1	7
CP080713.1	IncFIB	Gram-negative	IS26	75162-75897	76938-77758	1041	aph(3')-Ia	1
CP080717.1	IncFIB	Gram-negative	IS1	64764-65476	93978-94745	28502	aph(3')-Ia,mph(A),mrx(A),sul1,aadA2,dfrA12,catA1	7
CP080717.1	IncFIB	Gram-negative	IS26	75163-75898	76939-77759	1041	aph(3')-Ia	1
CP080723.1	IncFIB	Gram-negative	IS1	64762-65474	93976-94743	28502	aph(3')-Ia,mph(A),mrx(A),sul1,aadA2,dfrA12,catA1	7
CP080723.1	IncFIB	Gram-negative	IS26	75161-75896	76937-77757	1041	aph(3')-Ia	1
CP080727.1	IncFIB	Gram-negative	IS1	64762-65474	93976-94743	28502	aph(3')-Ia,mph(A),mrx(A),sul1,aadA2,dfrA12,catA1	7
CP080727.1	IncFIB	Gram-negative	IS26	75161-75896	76937-77757	1041	aph(3')-Ia	1
CP080731.1	IncFIB	Gram-negative	IS1	64763-65475	93977-94744	28502	aph(3')-Ia,mph(A),mrx(A),sul1,aadA2,dfrA12,catA1	7
CP080731.1	IncFIB	Gram-negative	IS26	75162-75897	76938-77758	1041	aph(3')-Ia	1
CP080735.1	IncFIB	Gram-negative	IS1	64763-65475	93977-94744	28502	aph(3')-Ia,mph(A),mrx(A),sul1,aadA2,dfrA12,catA1	7
CP080735.1	IncFIB	Gram-negative	IS26	75162-75897	76938-77758	1041	aph(3')-Ia	1
CP080739.1	IncFIB	Gram-negative	IS1	64763-65475	93977-94744	28502	aph(3')-Ia,mph(A),mrx(A),sul1,aadA2,dfrA12,catA1	7
CP080739.1	IncFIB	Gram-negative	IS26	75162-75897	76938-77758	1041	aph(3')-Ia	1
CP080746.1	IncFIB	Gram-negative	IS1	64763-65475	93977-94744	28502	aph(3')-Ia,mph(A),mrx(A),sul1,aadA2,dfrA12,catA1	7
CP080746.1	IncFIB	Gram-negative	IS26	75162-75897	76938-77758	1041	aph(3')-Ia	1
CP080752.1	IncFIB	Gram-negative	IS1	96109-96876	125378-126090	28502	catA1,dfrA12,aadA2,sul1,mrx(A),mph(A),aph(3')-Ia	7
CP080752.1	IncFIB	Gram-negative	IS26	113095-113915	114956-115691	1041	aph(3')-Ia	1
CP101341.1	IncHI2	Gram-negative	IS26	115106-115928	120639-121458	4711	sul1,arr-3,catB3,blaOXA-1,aac(6')-Ib-cr5	5
CP101341.1	IncHI2	Gram-negative	IS26	120639-121458	138811-139631	17353	aac(3)-IVa,aph(4)-Ia,sul2,floR	4
CP101341.1	IncHI2	Gram-negative	IS26	138811-139631	142001-142821	2370	blaTEM-1,rmtB1	2
CP101341.1	IncHI2	Gram-negative	IS26	142001-142821	144343-145162	1522	bleO	1
NZ_AP018352.1	IncHI2	Gram-negative	IS1	122998-123765	166156-166923	42391	qnrB6	1
NZ_AP018352.1	IncHI2	Gram-negative	IS10	74617-75945	82435-83763	6490	tet(B)	1
NZ_AP018352.1	IncHI2	Gram-negative	IS26	205503-206322	226009-226830	19687	blaIMP-1,aac(6')-IIc,sul1	3
NZ_AP025641.1	IncHI2	Gram-negative	IS26	55787-56610	60899-61721	4289	aac(6')-Ib3	1
NZ_AP025641.1	IncHI2	Gram-negative	IS26	60899-61721	66183-67002	4462	blaSHV-12	1
NZ_AP025641.1	IncHI2	Gram-negative	IS26	66183-67002	69056-69875	2054	tet(D)	1
NZ_AP025641.1	IncHI2	Gram-negative	IS26	69056-69875	112757-113578	42882	mcr-9.1	1
NZ_AP025641.1	IncHI2	Gram-negative	IS26	112757-113578	126169-126988	12591	aph(6)-Id,aph(3'')-Ib,dfrA19	3
NZ_AP025654.1	IncHI2	Gram-negative	IS26	55790-56613	60902-61724	4289	aac(6')-Ib3	1
NZ_AP025654.1	IncHI2	Gram-negative	IS26	60902-61724	66186-67005	4462	blaSHV-12	1
NZ_AP025654.1	IncHI2	Gram-negative	IS26	66186-67005	69059-69878	2054	tet(D)	1
NZ_AP025654.1	IncHI2	Gram-negative	IS26	69059-69878	112357-113178	42479	mcr-9.1	1
NZ_AP025654.1	IncHI2	Gram-negative	IS26	112357-113178	125769-126588	12591	aph(6)-Id,aph(3'')-Ib,dfrA19	3
NZ_AP025658.1	IncF	Gram-negative	IS26	67065-67884	69929-70752	2045	dfrA14	1
NZ_AP025663.1	IncF	Gram-negative	IS26	67065-67884	69929-70752	2045	dfrA14	1
NZ_AP026526.1	IncC	Gram-negative	IS26	109604-110423	111447-112266	1024	aph(3')-Ia	1
NZ_AP026526.1	IncC	Gram-negative	IS26	111447-112266	116652-117472	4386	aph(6)-Id,aph(3'')-Ib,sul2	3
NZ_CP011429.1	IncA	Gram-negative	IS26	117404-118225	123497-124318	5272	oqxB,oqxA	2
NZ_CP011429.1	IncA	Gram-negative	IS26	123497-124318	128806-129625	4488	bleO,aadA2,dfrA12	3
NZ_CP012682.1	IncA	Gram-negative	IS26	13631-14451	18945-19764	4494	bleO,aadA2,dfrA12	3
NZ_CP012682.1	IncA	Gram-negative	IS26	18945-19764	23870-24690	4106	aac(3)-IId	1
NZ_CP012682.1	IncA	Gram-negative	IS26	67566-68385	77153-77972	8768	sul3,aadA2,estX-3	3
NZ_CP012682.1	IncA	Gram-negative	IS26	77153-77972	112767-113590	34795	sul2,aph(3'')-Ib,aph(6)-Id,tet(A),floR	5
NZ_CP012682.1	IncA	Gram-negative	IS26	120304-121123	126329-127149	5206	oqxA,oqxB	2
NZ_CP012683.1	IncF	Gram-negative	IS26	14301-15123	57357-58176	42234	blaCMY-2	1
NZ_CP012683.1	IncF	Gram-negative	IS1	27531-28298	40918-41685	12620	blaCMY-2	1
NZ_CP016810.1	IncFIB	Gram-negative	IS26	70673-71496	80338-81157	8842	aph(6)-Id,aph(3'')-Ib,sul2	3
NZ_CP016810.1	IncFIB	Gram-negative	IS26	82984-83805	84589-85408	784	aac(6')-Ib-cr5	1
NZ_CP016810.1	IncFIB	Gram-negative	IS26	95761-96518	111489-112308	14971	dfrA14	1
NZ_CP016812.1	IncR	Gram-negative	IS26	16278-17098	31821-32646	14723	catA1,ere(A),arr-2	3
NZ_CP016812.1	IncR	Gram-negative	IS26	43746-44565	62616-63436	18051	tet(A)	1
NZ_CP016919.1	IncR	Gram-negative	IS26	13040-13860	18972-19795	5112	sul2,aph(3'')-Ib,aph(6)-Id	3
NZ_CP016919.1	IncR	Gram-negative	IS26	18972-19795	34381-35200	14586	sul1,cmlA5,aadA1,ere(A),arr-2	5
NZ_CP016921.1	IncHI1	Gram-negative	IS26	41667-42487	57043-57864	14556	ble,blaNDM-1,aph(3')-VI	3
NZ_CP016921.1	IncHI1	Gram-negative	IS26	197018-197839	205367-206186	7528	dfrA14	1
NZ_CP016921.1	IncHI1	Gram-negative	IS26	205367-206186	208373-209192	2187	catB3,blaOXA-1,aac(6')-Ib-cr5	3
NZ_CP016921.1	IncHI1	Gram-negative	IS26	208373-209192	215063-215882	5871	qnrB1	1
NZ_CP018886.1	IncF	Gram-negative	IS1	74425-75137	113359-114126	38222	aph(3')-Ia,mph(A),mrx(A),sul1	4
NZ_CP018886.1	IncF	Gram-negative	IS26	84824-85559	86600-87420	1041	aph(3')-Ia	1
NZ_CP026492.1	IncHI2	Gram-negative	IS26	3051-3870	4911-5730	1041	aph(3')-Ia	1
NZ_CP026492.1	IncHI2	Gram-negative	IS26	4911-5730	27106-27926	21376	mef(B),sul3,aadA1,cmlA1,aadA2,dfrA12,floR	7
NZ_CP026492.1	IncHI2	Gram-negative	IS26	27106-27926	29651-30470	1725	qnrS2	1
NZ_CP026492.1	IncHI2	Gram-negative	IS26	29651-30470	36063-36885	5593	aac(6')-Ib-cr5,blaOXA-1,catB3,arr-3,sul1	5
NZ_CP026492.1	IncHI2	Gram-negative	IS26	36063-36885	57146-57792	20261	tet(A)	1
NZ_CP026492.1	IncHI2	Gram-negative	IS26	57146-57792	62906-63725	5114	tet(M)	1
NZ_CP026492.1	IncHI2	Gram-negative	IS26	67430-68250	72411-73019	4161	mph(A),mrx(A)	2
NZ_CP026492.1	IncHI2	Gram-negative	IS26	255205-256024	261231-262050	5207	oqxB,oqxA	2
NZ_CP026492.1	IncHI2	Gram-negative	IS26	261231-262050	263572-264344	1522	bleO	1
NZ_CP027037.1	IncFIB	Gram-negative	IS26	52379-53198	55385-56205	2187	aac(6')-Ib-cr5,blaOXA-1,catB3	3
NZ_CP027037.1	IncFIB	Gram-negative	IS26	55385-56205	58805-59624	2600	aac(3)-IIe	1
NZ_CP027037.1	IncFIB	Gram-negative	IS26	58805-59624	63395-64215	3771	blaCTX-M-15	1
NZ_CP027037.1	IncFIB	Gram-negative	IS26	66053-66872	77616-78436	10744	dfrA12,aadA2,sul1,mrx(A),mph(A)	5
NZ_CP027037.1	IncFIB	Gram-negative	IS26	77616-78436	79477-80212	1041	aph(3')-Ia	1
NZ_CP027038.1	IncAC2	Gram-negative	IS26	125140-125963	154402-155161	28439	blaTEM-1,rmtB1,tet(G),floR2,sul1,aadA1,blaOXA-10,cmlA5,arr-2,ant(2'')-Ia,blaVEB-1	11
NZ_CP027043.1	IncAC2	Gram-negative	IS26	138831-139651	154927-155760	15276	dfrA14	1
NZ_CP027043.1	IncAC2	Gram-negative	IS26	154927-155760	185906-186729	30146	dfrA23,blaVEB-1,ant(2'')-Ia,arr-2,cmlA5,blaOXA-10,aadA1,sul1,floR2,tet(G),rmtB1,blaTEM-1	12
NZ_CP027044.1	IncFIB	Gram-negative	IS26	105660-106442	107644-108462	1202	aph(3')-Ia	1
NZ_CP027044.1	IncFIB	Gram-negative	IS26	107644-108462	112364-113126	3902	dfrA1,aadA1	2
NZ_CP027047.1	IncR	Gram-negative	IS26	14322-15142	19658-20478	4516	mph(A),mrx(A)	2
NZ_CP027047.1	IncR	Gram-negative	IS26	19658-20478	26108-26891	5630	blaVIM-27,aac(6')-Il,dfrA1,aadA1,sul1	5
NZ_CP027047.1	IncR	Gram-negative	IS26	26108-26891	28093-28912	1202	aph(3')-Ia	1
NZ_CP027047.1	IncR	Gram-negative	IS26	28093-28912	46236-47057	17324	aph(6)-Id,aph(3'')-Ib	2
NZ_CP027054.1	IncFIB	Gram-negative	IS1	26319-27086	47309-48021	20223	catA1,dfrA12,aadA2,sul1,mrx(A),mph(A),aph(3')-Ia	7
NZ_CP027055.1	IncAC2	Gram-negative	IS26	125144-125967	156113-156946	30146	blaTEM-1,rmtB1,tet(G),floR2,sul1,aadA1,blaOXA-10,cmlA5,arr-2,ant(2'')-Ia,blaVEB-1,dfrA23	12
NZ_CP027055.1	IncAC2	Gram-negative	IS26	156113-156946	172222-173042	15276	dfrA14	1
NZ_CP030132.1	IncAC2	Gram-negative	IS26	36759-37578	61727-62546	24149	dfrA12,aadA2,sul1,floR2,tet(G),rmtB1,blaTEM-2,erm(42)	8
NZ_CP031570.1	IncAC2	Gram-negative	IS26	107158-107978	112923-113686	4945	blaVIM-1,aac(6')-Il,dfrA1,aadA1	4
NZ_CP031573.1	IncAC2	Gram-negative	IS26	124168-124931	129876-130696	4945	aadA1,dfrA1,aac(6')-Il,blaVIM-1	4
NZ_CP031575.1	IncHI2	Gram-negative	IS26	56920-57739	62201-63024	4462	blaSHV-12	1
NZ_CP031575.1	IncHI2	Gram-negative	IS26	204234-205055	209591-210410	4536	aph(6)-Id,aph(3'')-Ib	2
NZ_CP031576.1	IncAC2	Gram-negative	IS26	107171-107991	112936-113699	4945	blaVIM-1,aac(6')-Il,dfrA1,aadA1	4
NZ_CP031584.1	IncAC2	Gram-negative	IS26	124574-125337	130282-131102	4945	aadA1,dfrA1,aac(6')-Il,blaVIM-1	4
NZ_CP031610.1	IncAC2	Gram-negative	IS26	120783-121546	126491-127311	4945	aadA1,dfrA1,aac(6')-Il,blaVIM-1	4
NZ_CP032496.1	IncA	Gram-negative	IS26	19199-20022	54818-55485	34796	floR,tet(A),aph(6)-Id,aph(3'')-Ib,sul2	5
NZ_CP035198.1	IncR	Gram-negative	IS26	30483-31312	33814-34633	2502	lnu(F),aadA2	2
NZ_CP035548.1	IncA	Gram-negative	IS26	107222-108043	113315-114135	5272	oqxB,oqxA	2
NZ_CP035548.1	IncA	Gram-negative	IS26	113315-114135	118796-119615	4661	bleO,aadA2,dfrA12	3
NZ_CP036188.1	IncFIBK	Gram-negative	IS26	4020-4838	5879-6614	1041	aph(3')-Ia	1
NZ_CP036188.1	IncFIBK	Gram-negative	IS26	197752-198571	220093-220912	21522	mph(A),mrx(A),sul1,aadA2,dfrA12,blaTEM-1,blaCTX-M	7
NZ_CP036188.1	IncFIBK	Gram-negative	IS26	220093-220912	226321-227140	5409	blaCTX-M	1
NZ_CP036188.1	IncFIBK	Gram-negative	IS26	226321-227140	232547-233366	5407	blaCTX-M-15	1
NZ_CP036188.1	IncFIBK	Gram-negative	IS26	232547-233366	238780-239599	5414	blaCTX-M	1
NZ_CP036188.1	IncFIBK	Gram-negative	IS26	238780-239599	245010-245828	5411	blaCTX-M-15	1
NZ_CP036188.1	IncFIBK	Gram-negative	IS26	245010-245828	248015-248834	2187	aac(6')-Ib-cr5,blaOXA-1,catB3	3
NZ_CP036188.1	IncFIBK	Gram-negative	ISEcp1	214888-216540	221114-222766	4574	blaCTX-M	1
NZ_CP036188.1	IncFIBK	Gram-negative	ISEcp1	221114-222766	227343-228995	4577	blaCTX-M	1
NZ_CP036188.1	IncFIBK	Gram-negative	ISEcp1	227343-228995	233569-235221	4574	blaCTX-M-15	1
NZ_CP036188.1	IncFIBK	Gram-negative	ISEcp1	233569-235221	239802-241455	4581	blaCTX-M	1
NZ_CP036192.1	IncAC2	Gram-negative	IS26	143120-143908	158155-158975	14247	blaCTX-M-15,blaTEM-1,aph(6)-Id,aph(3'')-Ib,sul2	5
NZ_CP036195.1	IncX3	Gram-negative	IS26	44771-45590	58051-58871	12461	mph(E),msr(E),armA,sul1,aac(6')-Ib-cr5	5
NZ_CP036321.1	IncFIB	Gram-negative	IS26	14145-14964	20312-21130	5348	catA1	1
NZ_CP036321.1	IncFIB	Gram-negative	IS26	20312-21130	32502-33319	11372	blaTEM-1,qnrS1	2
NZ_CP036321.1	IncFIB	Gram-negative	IS26	32502-33319	43248-44075	9929	arr-2,aac(6')-Ib,rmtF,catB	4
NZ_CP036321.1	IncFIB	Gram-negative	IS26	43248-44075	52245-53065	8170	blaCTX-M	1
NZ_CP036328.1	IncFIB	Gram-negative	IS26	39059-39879	60413-61232	20534	catA1,dfrA12,aadA2,sul1,mph(A)	5
NZ_CP036328.1	IncFIB	Gram-negative	IS26	60413-61232	80922-81741	19690	catB,rmtF1,aac(6')-Ib,arr-2	4
NZ_CP036337.1	IncFIBK	Gram-negative	IS26	199687-200422	201463-202281	1041	aph(3')-Ia	1
NZ_CP036337.1	IncFIBK	Gram-negative	IS26	201463-202281	208810-209628	6529	tet(A)	1
NZ_CP036337.1	IncFIBK	Gram-negative	IS26	208810-209628	211815-212634	2187	catB3,blaOXA-1,aac(6')-Ib-cr5	3
NZ_CP036337.1	IncFIBK	Gram-negative	IS26	211815-212634	218056-218874	5422	blaCTX-M	1
NZ_CP036337.1	IncFIBK	Gram-negative	ISEcp1	216195-217853	222434-224090	4581	blaCTX-M	1
NZ_CP040029.1	IncC	Gram-negative	IS26	29756-30575	52813-53632	22238	erm(42),blaTEM-31,rmtB1,tet(G),floR2,sul1,aadA2,dfrA12	8
NZ_CP040034.1	IncC	Gram-negative	IS26	29756-30575	52813-53632	22238	dfrA12,aadA2,sul1,floR2,tet(G),rmtB1,blaTEM-31,erm(42)	8
NZ_CP041629.1	IncF	Gram-negative	IS1	3933-4525	14949-15716	10424	oqxB,oqxA,bleO	3
NZ_CP041629.1	IncF	Gram-negative	IS26	13332-14152	18544-19365	4392	bleO	1
NZ_CP041629.1	IncF	Gram-negative	IS26	38547-39366	40407-41226	1041	aph(3')-Ia	1
NZ_CP043190.1	IncAC2	Gram-negative	IS26	91624-92443	123005-123824	30562	dfrA1,sul1	2
NZ_CP043190.1	IncAC2	Gram-negative	IS26	123005-123824	124867-125686	1043	aph(3')-Ia	1
NZ_CP043190.1	IncAC2	Gram-negative	IS26	124867-125686	130078-130898	4392	blaTEM-1	1
NZ_CP043192.1	IncAC2	Gram-negative	IS26	91624-92443	123005-123824	30562	dfrA1,sul1	2
NZ_CP043192.1	IncAC2	Gram-negative	IS26	123005-123824	124867-125686	1043	aph(3')-Ia	1
NZ_CP043192.1	IncAC2	Gram-negative	IS26	124867-125686	130078-130898	4392	blaTEM-1	1
NZ_CP043215.1	IncAC2	Gram-negative	IS26	91624-92443	123005-123824	30562	dfrA1,sul1	2
NZ_CP043215.1	IncAC2	Gram-negative	IS26	123005-123824	124867-125686	1043	aph(3')-Ia	1
NZ_CP043215.1	IncAC2	Gram-negative	IS26	124867-125686	130078-130898	4392	blaTEM-1	1
NZ_CP043223.1	IncHI1	Gram-negative	IS26	47314-48133	53688-54509	5555	sul1,aadA2,ant(2'')-Ia	3
NZ_CP050155.1	IncF	Gram-negative	IS26	23833-24653	33702-34521	9049	blaIMP-4	1
NZ_CP050155.1	IncF	Gram-negative	IS26	35465-36285	46309-47132	10024	sul2,aph(3'')-Ib,aph(6)-Id	3
NZ_CP050158.1	IncX3	Gram-negative	IS26	16827-17646	20137-20957	2491	blaSHV-12	1
NZ_CP050161.1	IncX3	Gram-negative	IS26	45329-46148	48642-49462	2494	blaSHV-12	1
NZ_CP050162.1	IncA	Gram-negative	IS26	41860-42680	60942-61762	18262	tet(D)	1
NZ_CP050162.1	IncA	Gram-negative	IS26	60942-61762	83841-84660	22079	blaNDM-1,ble,blaDHA,sul1,sul1,armA,msr(E),mph(E)	8
NZ_CP050163.1	IncHI2	Gram-negative	IS26	119236-120055	124625-125445	4570	blaSHV-12	1
NZ_CP050163.1	IncHI2	Gram-negative	IS26	183990-184810	187306-188127	2496	fosA3	1
NZ_CP050163.1	IncHI2	Gram-negative	IS26	189006-189830	209484-210304	19654	blaKPC-2,blaCTX-M-14,qnrS1	3
NZ_CP050167.1	IncFIB	Gram-negative	IS26	11122-11950	22823-23644	10873	dfrA12,aadA2,sul1,ble,blaNDM-4	5
NZ_CP053721.1	IncHI1	Gram-negative	IS26	83579-84402	90397-91217	5995	floR	1
NZ_CP053721.1	IncHI1	Gram-negative	IS26	90397-91217	99189-100008	7972	bleO,mcr-3.1,aac(3)-IId	3
NZ_CP053721.1	IncHI1	Gram-negative	IS26	99189-100008	140006-140827	39998	aph(3'')-Ib	1
NZ_CP053721.1	IncHI1	Gram-negative	IS26	140006-140827	146948-147767	6121	mef(B),sul3	2
NZ_CP053721.1	IncHI1	Gram-negative	IS26	146948-147767	152067-152886	4300	tet(M)	1
NZ_CP053721.1	IncHI1	Gram-negative	IS26	152067-152886	154290-155109	1404	qnrS1	1
NZ_CP053721.1	IncHI1	Gram-negative	IS26	154290-155109	160426-161246	5317	blaTEM-1	1
NZ_CP053722.1	IncFIB	Gram-negative	IS26	15177-15996	19549-20369	3553	mrx(A),mph(A)	2
NZ_CP053722.1	IncFIB	Gram-negative	IS26	19549-20369	26966-27785	6597	floR	1
NZ_CP053722.1	IncFIB	Gram-negative	IS26	105091-105911	108998-109817	3087	blaTEM-1	1
NZ_CP053724.1	IncFIC	Gram-negative	IS26	4326-5145	30232-31051	25087	tet(M),aadA1,cmlA1,aadA2,dfrA12,floR,sul2	7
NZ_CP053724.1	IncFIC	Gram-negative	IS26	30232-31051	38372-39191	7321	tet(A)	1
NZ_CP053724.1	IncFIC	Gram-negative	IS26	38372-39191	40232-41054	1041	aph(3')-Ia	1
NZ_CP053724.1	IncFIC	Gram-negative	IS26	40232-41054	45951-46771	4897	sul3,blaTEM-215	2
NZ_CP053724.1	IncFIC	Gram-negative	IS26	45951-46771	49552-50371	2781	lnu(F),aadA2	2
NZ_CP053724.1	IncFIC	Gram-negative	IS26	49552-50371	53077-53897	2706	aac(3)-IId	1
NZ_CP053728.1	IncN	Gram-negative	IS26	31646-32469	45277-46096	12808	tet(A)	1
NZ_CP053728.1	IncN	Gram-negative	IS26	45277-46096	47145-47964	1049	aph(3')-Ia	1
NZ_CP053728.1	IncN	Gram-negative	IS26	61604-62423	64473-65292	2050	qnrS2	1
NZ_CP053729.1	IncFIB	Gram-negative	IS26	16129-16949	65245-66065	48296	blaTEM-1,mcr-3.1,bleO	3
NZ_CP053729.1	IncFIB	Gram-negative	IS26	65245-66065	73031-73852	6966	aadA22,aac(3)-VIa	2
NZ_CP053729.1	IncFIB	Gram-negative	IS26	76728-77549	81604-82423	4055	floR	1
NZ_CP053732.1	IncFIB	Gram-negative	IS26	54637-55456	61973-62796	6517	tet(A)	1
NZ_CP053732.1	IncFIB	Gram-negative	IS26	61973-62796	72560-73379	9764	sul2,aph(3'')-Ib,aph(6)-Id,blaTEM-1	4
NZ_CP053739.1	IncR	Gram-negative	IS26	2851-3670	14051-14870	10381	mcr-3.5,qnrS1	2
NZ_CP053739.1	IncR	Gram-negative	IS26	14051-14870	45366-46186	30496	blaTEM-1,tet(M)	2
NZ_CP053767.1	IncFIBK	Gram-negative	IS1	69765-70477	84919-85686	14442	catA1	1
NZ_CP054165.1	IncF	Gram-negative	IS26	2902-3721	6430-7249	2709	arr,catB3,blaOXA-1,aac(6')-Ib-cr5	4
NZ_CP054165.1	IncF	Gram-negative	IS26	6430-7249	13034-13854	5785	dfrA17,aadA5,sul1	3
NZ_CP054166.1	IncF	Gram-negative	IS26	23446-24266	26866-27685	2600	aac(3)-IIe	1
NZ_CP054166.1	IncF	Gram-negative	IS26	26866-27685	31744-32563	4059	blaCTX-M-15	1
NZ_CP054166.1	IncF	Gram-negative	IS26	31744-32563	34750-35569	2187	catB3,blaOXA-1,aac(6')-Ib-cr5	3
NZ_CP054172.1	IncFIB	Gram-negative	IS26	19737-20557	23269-24089	2712	blaCTX-M-15	1
NZ_CP058224.1	IncA	Gram-negative	IS26	67256-68093	79495-80314	11402	sul2,aph(3'')-Ib,aph(6)-Id,qnrS1	4
NZ_CP058224.1	IncA	Gram-negative	IS26	86855-87674	99741-100562	12067	sul1,catB2,aadA1,aph(3')-XV,aac(6')-Ib4,blaVIM-1	6
NZ_CP058224.1	IncA	Gram-negative	IS26	99741-100562	103922-104742	3360	blaSHV-12	1
NZ_CP058943.1	IncR	Gram-negative	IS26	11231-12049	26634-27453	14585	arr-2,ere(A),aadA1,cmlA5,sul1	5
NZ_CP058945.1	IncX3	Gram-negative	IS26	33790-34609	45741-46578	11132	blaOXA-181	1
NZ_CP059469.1	IncHI1	Gram-negative	IS26	118793-119614	132198-133017	12584	blaCTX-M-15,aac(6')-Ib,blaTEM-1,tet(D)	4
NZ_CP059469.1	IncHI1	Gram-negative	IS26	132198-133017	140545-141364	7528	dfrA14	1
NZ_CP059469.1	IncHI1	Gram-negative	IS26	140545-141364	147235-148054	5871	qnrB1	1
NZ_CP059469.1	IncHI1	Gram-negative	IS26	147235-148054	150241-151060	2187	catB3,blaOXA-1,aac(6')-Ib-cr5	3
NZ_CP059470.1	IncFIBK	Gram-negative	IS1	69766-70478	84920-85687	14442	catA1	1
NZ_CP059480.1	IncA	Gram-negative	IS26	85952-86771	97269-98092	10498	sul1,catB2,aadA1,aph(3')-XV,aac(6')-Ib4,blaVIM-1	6
NZ_CP060423.1	IncR	Gram-negative	IS26	14697-15500	22018-22839	6518	arr,ere(A),aadA1,cmlA5,sul1	5
NZ_CP060423.1	IncR	Gram-negative	IS26	22018-22839	32266-33086	9427	blaCTX-M-15	1
NZ_CP060423.1	IncR	Gram-negative	IS26	32266-33086	45053-45873	11967	dfrA14	1
NZ_CP064006.1	IncHI2	Gram-negative	IS26	120883-121704	122769-123588	1065	aph(3')-Ia	1
NZ_CP064006.1	IncHI2	Gram-negative	IS26	122769-123588	152859-153679	29271	aadA2,sul1	2
NZ_CP064026.1	IncHI1	Gram-negative	IS1	45050-45817	55779-56546	9962	sul3,aadA1,cmlA1,aadA2,dfrA12	5
NZ_CP064026.1	IncHI1	Gram-negative	IS26	76576-77396	80174-80993	2778	aadA2,lnu(F)	2
NZ_CP064026.1	IncHI1	Gram-negative	IS26	80174-80993	92327-93147	11334	qnrS1,mrx(A),mph(A)	3
NZ_CP067047.1	IncFIB	Gram-negative	IS26	49671-50494	61445-62265	10951	arr-2,aac(6')-Ib,rmtF1,catB	4
NZ_CP071253.1	IncFIB	Gram-negative	IS1	64763-65475	89346-90113	23871	tet(D),blaSHV-1	2
NZ_CP071253.1	IncFIB	Gram-negative	IS26	73116-73936	77463-78282	3527	tet(D)	1
NZ_CP071253.1	IncFIB	Gram-negative	IS26	77463-78282	86280-87099	7998	blaSHV-1	1
NZ_CP071256.1	IncR	Gram-negative	IS26	33127-33946	34987-35807	1041	aph(3')-Ia	1
NZ_CP072859.1	IncF	Gram-negative	IS1	4995-5762	9118-9885	3356	tet(B)	1
NZ_CP072859.1	IncF	Gram-negative	IS1	9118-9885	57887-58654	48002	catA1,qepA4,dfrA12,aadA2,sul1,mrx(A),mph(A),erm(B)	8
NZ_CP072859.1	IncF	Gram-negative	IS26	33634-34454	38522-39341	4068	erm(B)	1
NZ_CP073314.1	IncFIB	Gram-negative	IS26	14059-14879	26024-26856	11145	aadA2,sul1,qnrB2,sul1	4
NZ_CP075732.1	IncFIB	Gram-negative	IS26	102181-103001	104820-105639	1819	dfrA14	1
NZ_CP075732.1	IncFIB	Gram-negative	IS1	93601-94368	112890-113657	18522	dfrA14	1
NZ_CP076308.1	ColRNAI	Gram-negative	IS26	23571-24408	36881-37701	12473	blaOXA-181,qnrS1	2
NZ_CP080076.1	IncR	Gram-negative	IS26	19533-20352	23429-24248	3077	sul3	1
NZ_CP080076.1	IncR	Gram-negative	IS26	23429-24248	34410-35230	10162	blaTEM-1,qnrS1	2
NZ_CP080076.1	IncR	Gram-negative	IS26	68443-69262	83757-84577	14495	tet(M),aadA1,cmlA1,aadA2,dfrA12	5
NZ_CP080076.1	IncR	Gram-negative	IS1	15990-16757	62944-63711	46187	sul3,blaTEM-1,qnrS1	3
NZ_CP080108.1	IncHI2	Gram-negative	IS26	84833-85653	93128-93947	7475	catA1	1
NZ_CP080108.1	IncHI2	Gram-negative	IS26	93128-93947	95127-95946	1180	dfrA8	1
NZ_CP083933.1	IncFIB	Gram-negative	IS26	14235-15056	26362-27181	11306	blaCTX-M-15,blaTEM-1,tet(D)	3
NZ_CP083933.1	IncFIB	Gram-negative	IS26	26362-27181	34709-35528	7528	dfrA14	1
NZ_CP083933.1	IncFIB	Gram-negative	IS26	34709-35528	37715-38534	2187	catB3,blaOXA-1,aac(6')-Ib-cr5	3
NZ_CP085623.1	IncHI2	Gram-negative	IS26	95030-95856	97030-97849	1174	aph(3')-Ia	1
NZ_CP085623.1	IncHI2	Gram-negative	IS26	108037-108860	115323-116142	6463	floR	1
NZ_CP085623.1	IncHI2	Gram-negative	IS26	115323-116142	138568-139388	22426	sul3,tet(A),aph(6)-Id	3
NZ_CP085623.1	IncHI2	Gram-negative	IS26	140140-140959	143740-144559	2781	lnu(F),aadA22	2
NZ_CP085623.1	IncHI2	Gram-negative	IS26	143740-144559	148315-149134	3756	aac(3)-IId	1
NZ_CP085623.1	IncHI2	Gram-negative	IS26	148315-149134	155131-155950	5997	blaLAP-2,blaTEM-1	2
NZ_CP085623.1	IncHI2	Gram-negative	IS26	155131-155950	158201-159021	2251	dfrA14,arr-2	2
NZ_CP085623.1	IncHI2	Gram-negative	IS26	158201-159021	162574-163355	3553	mph(A),mrx(A)	2
NZ_CP085623.1	IncHI2	Gram-negative	IS26	162574-163355	175011-175830	11656	qnrS1,blaCTX-M-55	2
NZ_CP085697.1	IncHI2	Gram-negative	IS26	91113-91939	93113-93932	1174	aph(3')-Ia	1
NZ_CP085697.1	IncHI2	Gram-negative	IS26	93113-93932	112045-112865	18113	tet(A),aph(6)-Id	2
NZ_CP085697.1	IncHI2	Gram-negative	IS26	112045-112865	119328-120151	6463	floR	1
NZ_CP085697.1	IncHI2	Gram-negative	IS26	122554-123373	141017-141798	17644	blaLAP-2,blaTEM-1,blaCTX-M-55,qnrS1	4
NZ_CP085697.1	IncHI2	Gram-negative	IS26	141017-141798	145351-146171	3553	mrx(A),mph(A)	2
NZ_CP085697.1	IncHI2	Gram-negative	IS26	145351-146171	148422-149241	2251	arr-2,dfrA14	2
NZ_CP085731.1	IncC	Gram-negative	IS26	12812-13591	14632-15451	1041	aph(3')-Ia	1
NZ_CP085732.1	IncFIB	Gram-negative	IS26	7775-8599	10182-11001	1583	catA1	1
NZ_CP085732.1	IncFIB	Gram-negative	IS26	10182-11001	14528-15347	3527	tet(D)	1
NZ_CP085742.1	IncFIB	Gram-negative	IS26	94370-95189	99503-100323	4314	blaTEM-1	1
NZ_CP085778.1	IncHI2	Gram-negative	IS26	122108-122927	159795-160623	36868	catA1,aadA1	2
NZ_CP085778.1	IncHI2	Gram-negative	IS26	159795-160623	174591-175410	13968	sul2,aph(3'')-Ib,aph(6)-Id,blaTEM-1,blaCTX-M-15	5
NZ_CP085778.1	IncHI2	Gram-negative	IS26	174591-175410	178010-178830	2600	aac(3)-IIe	1
NZ_CP085778.1	IncHI2	Gram-negative	IS26	178010-178830	181017-181836	2187	catB3,blaOXA-1,aac(6')-Ib-cr5	3
NZ_CP085778.1	IncHI2	Gram-negative	IS26	186548-187367	193224-194044	5857	qnrB1	1
NZ_CP085778.1	IncHI2	Gram-negative	IS26	193224-194044	201572-202391	7528	dfrA14	1
NZ_CP085778.1	IncHI2	Gram-negative	IS26	201572-202391	206110-206929	3719	tet(A)	1
NZ_CP085778.1	IncHI2	Gram-negative	IS1	155307-156074	156951-157718	877	catA1	1
NZ_CP089990.1	IncF	Gram-negative	IS1	131732-132479	165330-166057	32851	blaCTX-M-14,sul1,blaDHA-1,qnrB4	4
NZ_CP090307.1	IncFIB	Gram-negative	IS30	8026-9246	40731-41951	31485	tet(A)	1
NZ_CP091867.1	IncC	Gram-negative	IS26	19163-19986	54271-55090	34285	floR,tet(A),aph(6)-Id,aph(3'')-Ib,sul2	5
NZ_CP091867.1	IncC	Gram-negative	IS26	61944-62763	63529-64348	766	catA2	1
NZ_CP091867.1	IncC	Gram-negative	IS26	63529-64348	68024-68843	3676	qnrS1	1
NZ_CP091867.1	IncC	Gram-negative	IS26	68024-68843	70457-71280	1614	blaCTX-M-55	1
NZ_CP091867.1	IncC	Gram-negative	IS26	73358-74180	76041-76862	1861	aac(3)-IId	1
NZ_CP091867.1	IncC	Gram-negative	IS26	76041-76862	81463-82283	4601	mcr-3.1	1
NZ_CP091867.1	IncC	Gram-negative	IS26	144143-144962	149610-150429	4648	blaTEM-1	1
NZ_CP091869.1	IncC	Gram-negative	IS26	19163-19986	58557-59376	38571	floR,tet(A),aph(6)-Id,aph(3'')-Ib,sul2	5
NZ_CP091869.1	IncC	Gram-negative	IS26	58557-59376	64024-64843	4648	blaTEM-1	1
NZ_CP091869.1	IncC	Gram-negative	IS26	125312-126133	129790-130611	3657	mcr-3.1	1
NZ_CP091869.1	IncC	Gram-negative	IS26	129790-130611	132893-133714	2282	aac(3)-IId	1
NZ_CP091869.1	IncC	Gram-negative	IS26	132893-133714	139460-140279	5746	qnrS1	1
NZ_CP091869.1	IncC	Gram-negative	IS26	139460-140279	141893-142715	1614	blaCTX-M-55	1
NZ_CP091869.1	IncC	Gram-negative	IS26	141893-142715	143481-144300	766	catA2	1
NZ_CP092492.1	IncHI2	Gram-negative	IS26	130991-131817	135717-136537	3900	aph(3')-Ia,aph(6)-Id,aph(3'')-Ib	3
NZ_CP092492.1	IncHI2	Gram-negative	IS26	135717-136537	143363-144183	6826	bleO,mcr-3.1	2
NZ_CP092492.1	IncHI2	Gram-negative	IS26	143363-144183	172517-173336	28334	tet(A),dfrA12,aadA2,cmlA1,aadA1,sul3	6
NZ_CP101120.1	IncR	Gram-negative	IS26	32036-32855	35042-35861	2187	catB3,blaOXA-1,aac(6')-Ib-cr5	3
NZ_CP101120.1	IncR	Gram-negative	IS26	35042-35861	70670-71489	34809	sul2,aph(3'')-Ib,aph(6)-Id,blaTEM-1	4
NZ_CP101120.1	IncR	Gram-negative	IS26	70670-71489	85463-86209	13974	blaCTX-M-15,qnrB1	2
NZ_CP101120.1	IncR	Gram-negative	IS1	50386-51153	75412-76179	24259	blaCTX-M-15	1
NZ_CP102491.1	IncR	Gram-negative	IS26	24775-25594	29308-30130	3714	dfrA1	1
NZ_CP112981.1	IncHI2	Gram-negative	IS26	37073-37895	41614-42437	3719	tet(A)	1
NZ_CP112981.1	IncHI2	Gram-negative	IS26	41614-42437	52108-52927	9671	dfrA12,aadA2,sul1,ble,blaNDM-1	5
NZ_CP112981.1	IncHI2	Gram-negative	IS26	137300-138119	145647-146466	7528	dfrA14	1
NZ_CP112981.1	IncHI2	Gram-negative	IS26	145647-146466	154029-154848	7563	qnrB1	1
NZ_CP112981.1	IncHI2	Gram-negative	IS26	154029-154848	157035-157863	2187	aac(6')-Ib-cr5,blaOXA-1,catB3	3
NZ_CP112981.1	IncHI2	Gram-negative	IS1	159940-160707	161584-162351	877	catA1	1
NZ_CP117035.1	IncFIC	Gram-negative	IS26	3124-3943	4984-5803	1041	aph(3')-Ia	1
NZ_CP117035.1	IncFIC	Gram-negative	IS26	4984-5803	29752-30571	23949	tet(M),dfrA12,aadA2,cmlA1,aadA1,sul3,mef(B)	7
NZ_CP122462.1	IncFIBK	Gram-negative	IS26	84638-85457	86498-87317	1041	aph(3')-Ia	1
NZ_CP122462.1	IncFIBK	Gram-negative	IS26	86498-87317	89504-90323	2187	catB3,blaOXA-1,aac(6')-Ib-cr5	3
NZ_CP122462.1	IncFIBK	Gram-negative	IS26	89504-90323	97850-98670	7527	blaCTX-M-15,blaTEM-1	2
NZ_CP122462.1	IncFIBK	Gram-negative	IS26	97850-98670	113666-114488	14996	mph(A),mrx(A),sul1,aadA2,dfrA12	5
NZ_CP128878.1	IncI	Gram-negative	IS10	2895-4223	10712-12040	6489	tet(B)	1
NZ_CP128913.1	IncF	Gram-negative	IS1	62390-63157	68747-69514	5590	tet(B)	1
NZ_CP128913.1	IncF	Gram-negative	IS1	68747-69514	105703-106470	36189	dfrA7,blaTEM-1,sul2,aph(3'')-Ib,aph(6)-Id	5
NZ_CP128913.1	IncF	Gram-negative	IS26	72495-73314	75231-76051	1917	blaTEM-1	1
NZ_CP128913.1	IncF	Gram-negative	IS26	75231-76051	80437-81256	4386	sul2,aph(3'')-Ib,aph(6)-Id	3
NZ_CP128917.1	IncF	Gram-negative	IS1	63872-64639	84767-85534	20128	sul2,aph(3'')-Ib,aph(6)-Id,mrx(A),mph(A)	5
NZ_CP128917.1	IncF	Gram-negative	IS1	84767-85534	86516-87283	982	catA1	1
NZ_CP128917.1	IncF	Gram-negative	IS26	70724-71544	75930-76749	4386	sul2,aph(3'')-Ib,aph(6)-Id	3
NZ_CP128917.1	IncF	Gram-negative	IS26	75930-76749	80300-81120	3551	mrx(A),mph(A)	2
NZ_CP128927.1	IncHI1	Gram-negative	IS1	20585-21352	54948-55715	33596	tet(A)	1
NZ_CP128932.1	IncHI2	Gram-negative	IS1	88541-89308	105369-106136	16061	aph(3')-Ia	1
NZ_CP128932.1	IncHI2	Gram-negative	IS26	95393-96212	97253-98072	1041	aph(3')-Ia	1
NZ_CP128932.1	IncHI2	Gram-negative	IS26	97253-98072	107654-108474	9582	blaTEM-1	1
NZ_CP128941.1	IncHI1	Gram-negative	IS1	37226-37993	66446-67213	28453	blaTEM-1	1
NZ_CP128952.1	IncF	Gram-negative	IS26	26020-26839	52632-53453	25793	catA1,tet(B)	2
NZ_CP128952.1	IncF	Gram-negative	IS26	52632-53453	60375-61194	6922	sul1,aadA5,dfrA17	3
NZ_CP128952.1	IncF	Gram-negative	IS26	60375-61194	65729-66549	4535	aac(3)-IId	1
NZ_CP128952.1	IncF	Gram-negative	IS1	31776-32543	38132-38899	5589	tet(B)	1
NZ_CP128952.1	IncF	Gram-negative	IS1	38132-38899	76373-77140	37474	sul1,aadA5,dfrA17,aac(3)-IId,blaTEM-1	5
NZ_CP128952.1	IncF	Gram-negative	IS10	36956-38133	64721-65732	26588	sul1,aadA5,dfrA17,aac(3)-IId	4
NZ_CP134355.1	IncI1	Gram-negative	IS26	15507-16327	18453-19272	2126	blaCTX-M-8	1
NZ_CP134359.1	IncI1	Gram-negative	IS26	17957-18777	20903-21722	2126	blaCTX-M-8	1
NZ_CP134363.1	IncF	Gram-negative	IS26	5439-6260	21904-22725	15644	qnrS1,blaLAP-2,tet(A)	3
NZ_CP134363.1	IncF	Gram-negative	IS26	21904-22725	35164-35987	12439	sul2,floR	2
NZ_CP134365.1	IncI1	Gram-negative	IS26	15515-16335	18461-19280	2126	blaCTX-M-8	1
NZ_CP134369.1	IncI1	Gram-negative	IS26	15508-16327	18454-19273	2127	blaCTX-M-8	1
NZ_CP134371.1	IncF	Gram-negative	IS1	16351-17118	42262-43029	25144	tet(A),sul2,aph(3'')-Ib,aph(6)-Id,dfrA1,aadA1	6
NZ_CP134372.1	IncI1	Gram-negative	IS26	18093-18913	21026-21845	2113	blaCTX-M-8	1
NZ_CP134378.1	IncI1	Gram-negative	IS26	15507-16327	18453-19275	2126	blaCTX-M-8	1
NZ_CP134378.1	IncI1	Gram-negative	IS26	36503-37322	46557-47377	9235	dfrA12,aadA2,cmlA1,aadA1,sul3	5
NZ_CP134381.1	IncI1	Gram-negative	IS26	15507-16327	18453-19273	2126	blaCTX-M-8	1
NZ_CP134386.1	IncI1	Gram-negative	IS26	18093-18913	21039-21858	2126	blaCTX-M-8	1
NZ_CP134392.1	IncI1	Gram-negative	IS26	15507-16327	18453-19272	2126	blaCTX-M-8	1
NZ_CP135644.1	IncF	Gram-negative	IS26	17269-18088	39594-40415	21506	tet(B),dfrA17,aadA5,sul1	4
NZ_CP135644.1	IncF	Gram-negative	IS26	39594-40415	46296-47116	5881	mrx(A),mph(A)	2
NZ_CP135644.1	IncF	Gram-negative	IS26	46296-47116	49033-49853	1917	blaTEM-1	1
NZ_CP135644.1	IncF	Gram-negative	IS26	49033-49853	54239-55058	4386	sul2,aph(3'')-Ib,aph(6)-Id	3
NZ_CP135644.1	IncF	Gram-negative	IS1	29178-29945	34458-35225	4513	tet(B)	1
NZ_CP135644.1	IncF	Gram-negative	IS1	34458-35225	55209-55976	19984	dfrA17,aadA5,sul1,mrx(A),mph(A),blaTEM-1,sul2,aph(3'')-Ib,aph(6)-Id	9
NZ_CP135647.1	IncF	Gram-negative	IS1	99916-100683	144866-145440	44183	blaTEM-1,aac(3)-IId,mph(A),mrx(A),sul1,aadA5,dfrA17	7
NZ_CP135647.1	IncF	Gram-negative	IS26	128763-129583	133261-134081	3678	aac(3)-IId	1
NZ_CP135647.1	IncF	Gram-negative	IS26	133261-134081	144047-144867	9966	mph(A),mrx(A),sul1,aadA5,dfrA17	5
NZ_CP135654.1	IncF	Gram-negative	IS1	40085-40852	86415-87182	45563	aac(3)-IId,dfrA17,aadA5,sul1,mrx(A),mph(A),sul2,aph(3'')-Ib,aph(6)-Id,tet(A)	10
NZ_CP135654.1	IncF	Gram-negative	IS26	47346-48168	51164-51985	2996	aac(3)-IId	1
NZ_CP135654.1	IncF	Gram-negative	IS26	51164-51985	61951-62772	9966	dfrA17,aadA5,sul1,mrx(A),mph(A)	5
NZ_CP135654.1	IncF	Gram-negative	IS26	61951-62772	69429-70248	6657	sul2,aph(3'')-Ib,aph(6)-Id,tet(A)	4
NZ_CP135657.1	IncF	Gram-negative	IS26	41325-42144	52110-52931	9966	dfrA17,aadA5,sul1,mrx(A),mph(A)	5
NZ_CP135657.1	IncF	Gram-negative	IS26	52110-52931	59588-60407	6657	sul2,aph(3'')-Ib,aph(6)-Id,tet(A)	4
NZ_CP135657.1	IncF	Gram-negative	IS26	64292-65113	68109-68928	2996	aac(3)-IId	1
NZ_CP135659.1	IncF	Gram-negative	IS1	39535-40302	45264-46031	4962	tet(B)	1
NZ_CP135692.1	IncF	Gram-negative	IS26	22751-23570	28868-29688	5298	tet(A),aph(6)-Id,aph(3'')-Ib	3
NZ_CP135692.1	IncF	Gram-negative	IS26	28868-29688	39654-40473	9966	mph(A),mrx(A),sul1,aadA5,dfrA17	5
NZ_CP135692.1	IncF	Gram-negative	IS26	63760-64581	67577-68396	2996	aac(3)-IId	1
NZ_CP135698.1	IncF	Gram-negative	IS26	41325-42144	52110-52931	9966	dfrA17,aadA5,sul1,mrx(A),mph(A)	5
NZ_CP135698.1	IncF	Gram-negative	IS26	52110-52931	59588-60407	6657	sul2,aph(3'')-Ib,aph(6)-Id,tet(A)	4
NZ_CP135698.1	IncF	Gram-negative	IS26	64292-65113	68099-68918	2986	aac(3)-IId	1
NZ_CP135713.1	IncF	Gram-negative	IS26	17269-18088	39518-40339	21430	tet(B),catA1	2
NZ_CP135713.1	IncF	Gram-negative	IS26	39518-40339	51528-52347	11189	mph(A),mrx(A),sul1,aadA5,dfrA17	5
NZ_CP135713.1	IncF	Gram-negative	IS26	51528-52347	54264-55084	1917	blaTEM-1	1
NZ_CP135713.1	IncF	Gram-negative	IS26	54264-55084	59470-60289	4386	sul2,aph(3'')-Ib,aph(6)-Id	3
NZ_CP135713.1	IncF	Gram-negative	IS26	59470-60289	68656-69476	8367	aac(3)-IId	1
NZ_CP135713.1	IncF	Gram-negative	IS1	29178-29945	33962-34729	4017	tet(B)	1
NZ_CP135720.1	IncF	Gram-negative	IS26	36216-37036	40971-41791	3935	mrx(A),mph(A)	2
NZ_CP135720.1	IncF	Gram-negative	IS26	40971-41791	46185-47006	4394	aadA5,sul1	2
NZ_CP135720.1	IncF	Gram-negative	IS26	46185-47006	55276-56095	8270	aac(3)-IId	1
NZ_CP135720.1	IncF	Gram-negative	IS26	55276-56095	57136-57955	1041	aph(3')-Ia	1
NZ_CP135720.1	IncF	Gram-negative	IS26	57136-57955	62341-63161	4386	aph(6)-Id,aph(3'')-Ib,sul2	3
NZ_CP135720.1	IncF	Gram-negative	IS26	62341-63161	65078-65899	1917	blaTEM-1	1
NZ_CP135720.1	IncF	Gram-negative	IS26	65078-65899	69014-69834	3115	dfrA17	1
NZ_CP135723.1	IncF	Gram-negative	IS26	15900-16719	26395-27214	9676	dfrA24,sul1,cmlA6,aadA1,ant(2'')-Ia	5
NZ_CP135723.1	IncF	Gram-negative	IS26	26395-27214	34825-35644	7611	tet(M)	1
NZ_CP138482.1	IncI1	Gram-negative	IS26	14302-15121	17562-18386	2441	erm(B)	1
NZ_CP138482.1	IncI1	Gram-negative	IS26	17562-18386	22208-23028	3822	mrx(A),mph(A)	2
NZ_CP138482.1	IncI1	Gram-negative	IS26	22208-23028	28375-29194	5347	aac(3)-IId	1
NZ_CP138482.1	IncI1	Gram-negative	IS26	28375-29194	33094-33913	3900	blaCTX-M-14	1
NZ_CP140474.1	IncFIB	Gram-negative	IS26	139525-140260	141301-142121	1041	aph(3')-Ia	1
NZ_CP150623.1	IncHI2	Gram-negative	IS26	248451-249270	252797-253616	3527	tet(D)	1
NZ_CP150623.1	IncHI2	Gram-negative	IS26	252797-253616	255016-255839	1400	catA2	1
NZ_CP150623.1	IncHI2	Gram-negative	IS26	261971-262793	267082-267904	4289	aac(6')-Ib3	1
NZ_CP150623.1	IncHI2	Gram-negative	IS26	267082-267904	272366-273185	4462	blaSHV-12	1
NZ_CP150623.1	IncHI2	Gram-negative	IS26	321858-322681	332535-333355	9854	aac(6')-IIc,aac(3)-IIg,arr,ere(A),sul1	5
NZ_CP150624.1	IncA	Gram-negative	IS26	109967-110787	120915-121734	10128	blaVIM-1,aac(6')-Ib4,aph(3')-XV,aadA1,catB2,sul1	6
NZ_KX518743.1	IncHI2	Gram-negative	IS26	71968-72787	77994-78814	5207	oqxB,oqxA	2
NZ_KX518743.1	IncHI2	Gram-negative	IS26	78819-79429	95382-96201	15953	floR,sul2,aph(4)-Ia,aac(3)-IVa	4
NZ_KX518743.1	IncHI2	Gram-negative	IS26	95382-96201	99578-100396	3377	fosA3,blaCTX-M-14	2
NZ_KX711879.1	repPae_large	Pseudomonas	IS26	2525-3344	25815-26635	22471	blaIMP-4	1
NZ_LN794248.1	IncHI2	Gram-negative	IS26	212737-213559	222173-222992	8614	sul2,aph(3'')-Ib,aph(6)-Id,blaTEM-1	4
NZ_LN794248.1	IncHI2	Gram-negative	IS26	248221-249040	252759-253578	3719	tet(A)	1
NZ_LN794248.1	IncHI2	Gram-negative	IS26	252759-253578	261667-262486	8089	dfrA14	1
NZ_LN794248.1	IncHI2	Gram-negative	IS26	261667-262486	264673-265493	2187	aac(6')-Ib-cr5,blaOXA-1,catB3	3
NZ_LN794248.1	IncHI2	Gram-negative	IS26	264673-265493	268093-268912	2600	aac(3)-IIe	1
NZ_LN794248.1	IncHI2	Gram-negative	IS26	268093-268912	274263-275091	5351	blaCTX-M-15	1
NZ_LN794248.1	IncHI2	Gram-negative	IS1	277168-277935	278812-279579	877	catA1	1
NZ_MF174859.1	IncHI2	Gram-negative	IS26	73206-74026	76806-77625	2780	aadA22,lnu(F)	2
NZ_MF174859.1	IncHI2	Gram-negative	IS26	76806-77625	86608-87427	8983	tet(M)	1
NZ_MF174859.1	IncHI2	Gram-negative	IS26	86608-87427	94187-95006	6760	aac(3)-IVa,aph(4)-Ia	2
NZ_MF174860.1	IncF	Gram-negative	IS10	54699-55733	62222-63550	6489	tet(B)	1
NZ_MG570092.1	IncX3	Gram-negative	IS26	36057-36894	49378-50198	12484	blaOXA-181,qnrS1	2
NZ_MG662415.1	IncHI2	Gram-negative	IS26	117282-118101	121478-122297	3377	fosA3,blaCTX-M-14	2
NZ_MG662415.1	IncHI2	Gram-negative	IS26	121478-122297	135890-136709	13593	aac(3)-IVa,aph(4)-Ia,sul2	3
NZ_MG825373.1	IncHI2	Gram-negative	IS26	38703-39527	43688-44509	4161	mrx(A),mph(A)	2
NZ_MG825373.1	IncHI2	Gram-negative	IS26	195374-196193	197234-198054	1041	aph(3')-Ia	1
NZ_MG825373.1	IncHI2	Gram-negative	IS26	197234-198054	229606-230425	31552	sul3,aadA1,cmlA1,aadA2,estX-3,floR,sul2,aph(4)-Ia,aac(3)-IVa	9
NZ_MG825373.1	IncHI2	Gram-negative	IS26	229606-230425	233802-234621	3377	blaCTX-M-14,fosA3	2
NZ_MG825373.1	IncHI2	Gram-negative	IS26	249391-250037	254914-255749	4877	tet(M)	1
NZ_MG825383.1	IncFIB	Gram-negative	IS26	1593-2412	8373-9192	5961	mph(A),mrx(A)	2
NZ_MG825383.1	IncFIB	Gram-negative	IS26	8373-9192	21458-22282	12266	aph(6)-Id,aph(3'')-Ib	2
NZ_MG825383.1	IncFIB	Gram-negative	IS26	21458-22282	26573-27393	4291	floR	1
NZ_MG825383.1	IncFIB	Gram-negative	IS26	149833-150652	155859-156678	5207	oqxB,oqxA	2
NZ_MG825383.1	IncFIB	Gram-negative	IS26	155859-156678	158200-159020	1522	bleO	1
NZ_MG825383.1	IncFIB	Gram-negative	IS26	158200-159020	172773-173577	13753	tet(A)	1
NZ_MG825383.1	IncFIB	Gram-negative	IS1	9638-10260	40577-41344	30317	aph(6)-Id,aph(3'')-Ib,floR	3
NZ_MH105050.1	IncX3	Gram-negative	IS26	105725-106544	107564-108384	1020	aph(3')-Ia	1
NZ_MH105051.1	IncHI2	Gram-negative	IS26	178544-179361	180402-181222	1041	aph(3')-Ia	1
NZ_MH422552.1	IncFIB	Gram-negative	IS10	43277-44605	51095-52423	6490	tet(B)	1
NZ_MH580300.1	IncF	Gram-negative	IS26	20833-21652	24714-25503	3062	dfrA17,aadA5	2
NZ_MH580300.1	IncF	Gram-negative	IS26	25503-26322	32890-33710	6568	aac(3)-IId	1
NZ_MH580300.1	IncF	Gram-negative	IS26	32890-33710	35697-36518	1987	qnrS2	1
NZ_MH580300.1	IncF	Gram-negative	IS26	35697-36518	41122-41945	4604	arr-3,catB3,blaOXA-1,aac(6')-Ib-cr5	4
NZ_MH580300.1	IncF	Gram-negative	IS26	41122-41945	54621-55442	12676	floR,tet(A),aph(6)-Id,aph(3'')-Ib,sul2	5
NZ_MH580300.1	IncF	Gram-negative	IS26	54621-55442	60649-61469	5207	oqxA,oqxB	2
NZ_MK293945.1	IncHI2	Gram-negative	IS26	5631-6450	17251-18073	10801	floR,aph(6)-Id,aph(3'')-Ib,sul2	4
NZ_MK293945.1	IncHI2	Gram-negative	IS26	17251-18073	49449-50268	31376	blaCMY-2,rmtB1	2
NZ_MN540571.1	IncHI2	Gram-negative	IS26	205761-206580	212451-213270	5871	qnrB1	1
NZ_MN540571.1	IncHI2	Gram-negative	IS26	212451-213270	220798-221617	7528	dfrA14	1
NZ_MN540571.1	IncHI2	Gram-negative	IS26	220798-221617	225336-226155	3719	tet(A)	1
NZ_MN540571.1	IncHI2	Gram-negative	IS26	225336-226155	228342-229162	2187	aac(6')-Ib-cr5,blaOXA-1,catB3	3
NZ_MN540571.1	IncHI2	Gram-negative	IS26	228342-229162	231762-232581	2600	aac(3)-IIe	1
NZ_MN540571.1	IncHI2	Gram-negative	IS26	231762-232581	246549-247377	13968	blaCTX-M-15,blaTEM-1,aph(6)-Id,aph(3'')-Ib,sul2	5
NZ_MN540571.1	IncHI2	Gram-negative	IS1	249454-250221	251098-251865	877	catA1	1
NZ_MT415057.1	IncR	Gram-negative	IS26	18226-19045	39044-39863	19999	ble,blaNDM-1	2
NZ_MT415057.1	IncR	Gram-negative	IS26	39044-39863	46935-47754	7072	dfrA14	1
NZ_MT415057.1	IncR	Gram-negative	IS26	46935-47754	49941-50760	2187	aac(6')-Ib-cr5,blaOXA-1,catB3	3
NZ_MT415058.1	IncR	Gram-negative	IS26	7631-8450	10637-11456	2187	aac(6')-Ib-cr5,blaOXA-1,catB3	3
NZ_MT415058.1	IncR	Gram-negative	IS26	13996-14815	17415-18235	2600	aac(3)-IIe	1
NZ_MT415058.1	IncR	Gram-negative	IS26	17415-18235	20422-21241	2187	catB3,blaOXA-1,aac(6')-Ib-cr5	3
NZ_MT415058.1	IncR	Gram-negative	IS26	20422-21241	25782-26601	4541	dfrA14	1
NZ_MT415059.1	IncR	Gram-negative	IS26	19683-20502	22689-23508	2187	aac(6')-Ib-cr5,blaOXA-1,catB3	3
NZ_MT415059.1	IncR	Gram-negative	IS26	22689-23508	30502-31321	6994	dfrA14	1
NZ_MW228449.1	IncF	Gram-negative	IS26	131918-132737	134654-135474	1917	blaTEM-1	1
NZ_MW228449.1	IncF	Gram-negative	IS26	134654-135474	139862-140681	4388	sul2,aph(3'')-Ib,aph(6)-Id	3
NZ_MW228449.1	IncF	Gram-negative	IS26	139862-140681	141722-142541	1041	aph(3')-Ia	1
NZ_MW390515.1	IncI	Gram-negative	IS26	10189-11008	26614-27433	15606	estX-3,aadA2,cmlA1,aadA1,sul3	5
NZ_MW390525.1	IncX4	Gram-negative	IS26	26155-26976	33238-34057	6262	lnu(G),aadA1	2
NZ_MW390538.1	IncF	Gram-negative	IS1	76107-76874	113820-114587	36946	sul3,aadA1,estX-3,qnrS1,tet(A),lnu(F),aadA12	7
NZ_MW390538.1	IncF	Gram-negative	IS26	77420-78242	84727-85548	6485	sul3,aadA1,estX-3	3
NZ_MW390538.1	IncF	Gram-negative	IS26	84727-85548	108593-109413	23045	qnrS1,tet(A)	2
NZ_MW390539.1	IncF	Gram-negative	IS26	2075-2894	14367-15189	11473	sul3,aadA1,estX-3,floR	4
NZ_MW390539.1	IncF	Gram-negative	IS26	17495-18314	20914-21734	2600	aac(3)-IIe	1
NZ_MW390541.1	IncF	Gram-negative	IS1	46118-46885	82830-83586	35945	aac(3)-IIe,blaCTX-M-15,dfrA17,aadA5,sul1	5
NZ_MW390541.1	IncF	Gram-negative	IS26	53832-54652	57252-58071	2600	aac(3)-IIe	1
NZ_MW390541.1	IncF	Gram-negative	IS26	57252-58071	62810-63629	4739	blaCTX-M-15	1
NZ_MW390541.1	IncF	Gram-negative	IS26	62810-63629	68720-69542	5091	dfrA17,aadA5,sul1	3
NZ_MW390548.1	IncF	Gram-negative	IS1	15283-16050	37050-37816	21000	tet(A),blaTEM-1	2
NZ_MW390549.1	IncR	Gram-negative	IS26	21865-22684	25117-25937	2433	aadA2	1
NZ_MW390549.1	IncR	Gram-negative	IS26	29253-30072	31947-32711	1875	aph(3')-Ia	1
NZ_MW390549.1	IncR	Gram-negative	IS26	31947-32711	36401-37220	3690	mph(A),mrx(A),blaCTX-M-1	3
NZ_MW390551.1	IncF	Gram-negative	IS1	15283-16050	37179-37945	21129	tet(A),blaTEM-1	2
NZ_MW390552.1	IncR	Gram-negative	IS26	15646-16465	20155-20919	3690	blaCTX-M-1,mrx(A),mph(A)	3
NZ_MW390552.1	IncR	Gram-negative	IS26	20155-20919	22794-23613	1875	aph(3')-Ia	1
NZ_MW390552.1	IncR	Gram-negative	IS26	26929-27749	30182-31001	2433	aadA2	1
NZ_OP594535.1	IncF	Gram-negative	IS26	5235-6072	18555-19375	12483	blaOXA-484,qnrS1	2
NZ_OP594535.1	IncF	Gram-negative	IS26	18555-19375	23443-24263	4068	erm(B)	1
NZ_OP594535.1	IncF	Gram-negative	IS26	23443-24263	35371-36190	11108	mph(A),mrx(A),sul1,aadA2,dfrA12	5
NZ_OQ362291.1	IncC	Gram-negative	IS26	37748-38568	54508-55327	15940	qnrS1,aph(3'')-Ib,sul2	3
NZ_OQ362291.1	IncC	Gram-negative	IS26	54508-55327	56347-57166	1020	aph(3')-Ia	1
NZ_OQ362291.1	IncC	Gram-negative	IS26	56347-57166	72084-72907	14918	dfrA23,blaVEB-25,ant(2'')-Ia,arr-2,cmlA5,blaOXA-10,aadA1,sul1	8
NZ_OQ362291.1	IncC	Gram-negative	IS26	72084-72907	81022-81839	8115	tet(A),aph(6)-Id,aph(3'')-Ib,sul2	4
NZ_OR395176.1	IncHI2	Gram-negative	IS26	102324-103143	106368-107188	3225	mrx(A),mph(A)	2
NZ_OR395176.1	IncHI2	Gram-negative	IS26	106368-107188	119788-120607	12600	erm(42),sul2,aph(4)-Ia,aac(3)-IVa	4
NZ_OR395176.1	IncHI2	Gram-negative	IS26	119788-120607	121648-122468	1041	aph(3')-Ia	1
NZ_OR395176.1	IncHI2	Gram-negative	IS26	121648-122468	130439-131258	7971	tet(M)	1
NZ_OR395176.1	IncHI2	Gram-negative	IS26	144279-145101	149812-150631	4711	sul1,arr-3,catB3,blaOXA-1,aac(6')-Ib-cr5	5
NZ_OV049813.1	IncR	Gram-negative	IS26	19459-20285	45722-46540	25437	aph(3'')-Ib,aph(6)-Id,sul2,aph(3'')-Ib,aph(6)-Id,blaTEM-1,blaCTX-M-15	7
NZ_OV049813.1	IncR	Gram-negative	IS26	45722-46540	52433-53252	5893	aadA2,dfrA12	2
NZ_OV049813.1	IncR	Gram-negative	IS26	52433-53252	54652-55471	1400	catA2	1
NZ_OV049813.1	IncR	Gram-negative	ISEcp1	20286-21704	34440-36095	12736	aph(3'')-Ib,aph(6)-Id,sul2,aph(3'')-Ib,aph(6)-Id,blaTEM-1	6
RefSeq_NC_003292.1	IncN	Gram-negative	IS26	1-820	40611-41431	39791	blaOXA-2,aadA1,blaOXA-2,sul1	4
RefSeq_NC_006816.1	IncFII	Gram-negative	IS26	19800-20619	21660-22479	1041	aph(3')-Ia	1
RefSeq_NC_006816.1	IncFII	Gram-negative	IS26	21660-22479	26865-27685	4386	aph(6)-Id,aph(3'')-Ib,sul2	3
RefSeq_NC_006816.1	IncFII	Gram-negative	IS26	26865-27685	52822-53642	25137	blaTEM-1	1
RefSeq_NC_006816.1	IncFII	Gram-negative	IS26	52822-53642	83686-84507	30044	aac(3)-IId,blaTEM-1,tet(A),mrx(A),mph(A)	5
RefSeq_NC_006816.1	IncFII	Gram-negative	IS1	38208-38975	63321-64088	24346	aac(3)-IId,blaTEM-1	2
RefSeq_NC_007682.3	IncN	Gram-negative	IS26	6729-7548	10326-11145	2778	aadA2,lnu(F)	2
RefSeq_NC_007682.3	IncN	Gram-negative	IS26	10326-11145	24787-25608	13642	aadA2,sul1,armA,msr(E),mph(E)	5
RefSeq_NC_007682.3	IncN	Gram-negative	IS26	24787-25608	26673-27492	1065	aph(3')-Ia	1
RefSeq_NC_010378.1	IncX1	Gram-negative	IS26	1-819	43234-44054	42415	blaTEM-1	1
RefSeq_NC_010378.1	IncX1	Gram-negative	IS26	43234-44054	45576-46395	1522	bleO	1
RefSeq_NC_010558.1	IncFII	Gram-negative	IS1	91946-92713	98303-99070	5590	tet(B)	1
RefSeq_NC_010558.1	IncFII	Gram-negative	IS1	98303-99070	143167-143934	44097	catA1,sul1,aadA5,dfrA17,blaTEM-1,rmtB1,qepA1	7
RefSeq_NC_010558.1	IncFII	Gram-negative	IS26	90452-91271	104371-105197	13100	tet(B),catA1	2
RefSeq_NC_010558.1	IncFII	Gram-negative	IS26	104371-105197	111188-112009	5991	sul1,aadA5,dfrA17	3
RefSeq_NC_010558.1	IncFII	Gram-negative	IS26	112567-113386	123301-124120	9915	blaTEM-1,rmtB1,qepA1	3
RefSeq_NC_011385.1	IncN	Gram-negative	IS26	21372-22209	49540-50149	27331	sul2,aph(3'')-Ib,aph(6)-Id,blaTEM-1,blaOXA-9,aadA1,aac(6')-Ib',blaKPC-3	8
RefSeq_NC_011617.1	IncN	Gram-negative	IS10	17755-19083	30848-32176	11765	fosA5,blaCTX-M-24	2
RefSeq_NC_013122.1	IncFII	Gram-negative	IS26	36285-37108	56490-57309	19382	blaTEM,tet(A)	2
RefSeq_NC_013122.1	IncFII	Gram-negative	IS26	56490-57309	59496-60315	2187	aac(6')-Ib-cr5,blaOXA-1,catB3	3
RefSeq_NC_013122.1	IncFII	Gram-negative	IS26	59496-60315	63900-64722	3585	blaCTX-M-15	1
RefSeq_NC_013122.1	IncFII	Gram-negative	IS26	63900-64722	75801-76621	11079	dfrA17,aadA5,sul1,mrx(A),mph(A)	5
RefSeq_NC_013951.1	IncFII	Gram-negative	IS26	35844-36666	46632-47453	9966	dfrA17,aadA5,sul1,mrx(A),mph(A)	5
RefSeq_NC_013951.1	IncFII	Gram-negative	IS26	46632-47453	54110-54929	6657	sul2,aph(3'')-Ib,aph(6)-Id,tet(A)	4
RefSeq_NC_014208.1	IncN	Gram-negative	IS26	17194-18014	40135-40973	22121	aac(6')-Ib4,blaVIM-1	2
RefSeq_NC_014208.1	IncN	Gram-negative	IS26	40135-40973	48242-49063	7269	qnrS1,blaSHV-12	2
RefSeq_NC_014231.1	IncN	Gram-negative	IS26	9564-10383	14033-14851	3650	mph(A),mrx(A),blaCTX-M-1	3
RefSeq_NC_014312.1	IncFII	Gram-negative	IS26	31871-32690	57447-58267	24757	mph(E),msr(E),armA,sul1,blaDHA-1,qnrB4	6
RefSeq_NC_014368.1	IncN	Gram-negative	IS26	22693-23512	24532-25294	1020	aph(3')-Ia	1
RefSeq_NC_014368.1	IncN	Gram-negative	IS26	24532-25294	40581-41400	15287	aadA1,dfrA1,aph(3'')-Ib,aph(6)-Id	4
RefSeq_NC_014368.1	IncN	Gram-negative	IS26	40581-41400	47101-47921	5701	sul1,aadA1,dfrA1,aac(6')-Il,blaVIM-1	5
RefSeq_NC_014384.1	IncFII	Gram-negative	IS26	102571-103390	106903-107723	3513	aac(6')-Ib-cr5,blaOXA-1,catB3	3
RefSeq_NC_014384.1	IncFII	Gram-negative	IS26	106903-107723	109906-110725	2183	catB3,blaOXA	2
RefSeq_NC_014385.1	IncN	Gram-negative	IS26	75224-76045	87600-88419	11555	blaCTX-M-15	1
RefSeq_NC_014385.1	IncN	Gram-negative	IS26	141055-141871	144052-144871	2181	catB3,blaOXA,aac(6')-Ib-cr	3
RefSeq_NC_015599.1	IncN	Gram-negative	IS26	39454-40273	50629-51449	10356	tet(A)	1
RefSeq_NC_016036.1	IncX1	Gram-negative	IS1	29002-29769	54167-54934	24398	sul2	1
RefSeq_NC_016846.1	IncFII	Gram-negative	IS26	17898-18717	40429-41249	21712	blaKPC-2	1
RefSeq_NC_016966.1	IncFII	Gram-negative	IS26	183788-184608	202036-202857	17428	mph(A),mrx(A),sul1,aadA2,dfrA12,blaTEM-1	6
RefSeq_NC_016966.1	IncFII	Gram-negative	IS26	202036-202857	206974-207793	4117	blaCTX-M-15	1
RefSeq_NC_016966.1	IncFII	Gram-negative	IS26	206974-207793	209980-210799	2187	aac(6')-Ib-cr5,blaOXA-1,catB3	3
RefSeq_NC_016966.1	IncFII	Gram-negative	IS26	209980-210799	217312-218047	6513	tet(A)	1
RefSeq_NC_019033.1	IncN	Gram-negative	IS26	18840-19670	20719-21540	1049	qnrB19	1
RefSeq_NC_019098.1	IncN	Gram-negative	IS26	320-1141	4831-5650	3690	mph(A),mrx(A),blaCTX-M-1	3
RefSeq_NC_019105.1	IncFII	Gram-negative	IS1	57740-58507	73225-73992	14718	blaTEM-1	1
RefSeq_NC_019155.1	IncFII	Gram-negative	IS26	112620-113439	114480-115299	1041	aph(3')-Ia	1
RefSeq_NC_019165.1	IncFII	Gram-negative	IS26	64311-65131	74839-75658	9708	armA,msr(E),mph(E)	3
RefSeq_NC_019165.1	IncFII	Gram-negative	IS26	74839-75658	104440-105270	28782	blaOXA,blaTEM-1	2
RefSeq_NC_019389.1	IncFII	Gram-negative	IS26	83927-84746	98227-99046	13481	qnrB1,tet(A)	2
RefSeq_NC_019389.1	IncFII	Gram-negative	IS26	98227-99046	101233-102053	2187	aac(6')-Ib-cr5,blaOXA-1,catB3	3
RefSeq_NC_019389.1	IncFII	Gram-negative	IS26	101233-102053	104653-105472	2600	aac(3)-IIe	1
RefSeq_NC_019389.1	IncFII	Gram-negative	IS26	104653-105472	119141-119961	13669	blaCTX-M-15,blaTEM-1,aph(6)-Id,aph(3'')-Ib,sul2	5
RefSeq_NC_019389.1	IncFII	Gram-negative	IS26	119141-119961	126689-127508	6728	dfrA14	1
RefSeq_NC_020086.1	IncN	Gram-negative	IS26	9408-10228	12855-13674	2627	aac(3)-IId	1
RefSeq_NC_020086.1	IncN	Gram-negative	IS26	13682-14519	59095-59916	44576	dfrA14,sul2	2
RefSeq_NC_020086.1	IncN	Gram-negative	IS26	59095-59916	63443-64262	3527	tet(D)	1
RefSeq_NC_020086.1	IncN	Gram-negative	IS26	63443-64262	72862-73682	8600	qnrS1,blaLAP-2	2
RefSeq_NC_020087.1	IncFII	Gram-negative	IS26	21293-22112	28391-29210	6279	dfrA12,aadA2,bleO	3
RefSeq_NC_020087.1	IncFII	Gram-negative	IS26	28391-29210	30251-31070	1041	aph(3')-Ia	1
RefSeq_NC_020087.1	IncFII	Gram-negative	IS26	30251-31070	52169-52988	21099	aac(3)-IVa,aph(4)-Ia,sul2,floR	4
RefSeq_NC_020087.1	IncFII	Gram-negative	IS26	52169-52988	69435-70255	16447	tet(A),blaLAP-2,qnrS1	3
RefSeq_NC_020088.1	IncN	Gram-negative	IS26	13754-14574	17626-18447	3052	aac(3)-IId	1
RefSeq_NC_020088.1	IncN	Gram-negative	IS26	17626-18447	31672-32491	13225	sul2,aph(3'')-Ib,aph(6)-Id,qnrS1,blaLAP	5
RefSeq_NC_020088.1	IncN	Gram-negative	IS26	31672-32491	35035-35873	2544	dfrA14	1
RefSeq_NC_021180.1	IncFII	Gram-negative	IS26	15300-16126	48514-49333	32388	dfrA14,arr-2,aph(3')-VI,blaNDM-1,ble,blaDHA,sul1,armA,msr(E),mph(E)	10
RefSeq_NC_021198.1	IncFII	Gram-negative	IS1	27790-28557	64369-65136	35812	catB,rmtF1,aac(6')-Ib,arr-2,catA1	5
RefSeq_NC_021198.1	IncFII	Gram-negative	IS26	166509-167244	168285-169105	1041	aph(3')-Ia	1
RefSeq_NC_021199.1	IncFII	Gram-negative	IS26	102308-103128	105728-106547	2600	aac(3)-IIe	1
RefSeq_NC_021199.1	IncFII	Gram-negative	IS26	105728-106547	114583-115402	8036	dfrA14	1
RefSeq_NC_021199.1	IncFII	Gram-negative	IS26	114583-115402	117589-118408	2187	catB3,blaOXA-1,aac(6')-Ib-cr5	3
RefSeq_NC_021199.1	IncFII	Gram-negative	IS26	117589-118408	132376-133195	13968	blaCTX-M-15,blaTEM-1,aph(6)-Id,aph(3'')-Ib,sul2	5
RefSeq_NC_021622.1	IncN	Gram-negative	IS26	6368-7205	14296-15117	7091	qnrS1,blaSHV-12	2
RefSeq_NC_021622.1	IncN	Gram-negative	IS26	14296-15117	37889-38709	22772	dfrA14	1
RefSeq_NC_021654.1	IncFII	Gram-negative	IS1	80891-81658	108094-108806	26436	catA1,dfrA12,aadA2,sul1,mrx(A),mph(A)	6
RefSeq_NC_022374.1	IncN	Gram-negative	IS10	14726-16054	17371-18699	1317	fosA5	1
RefSeq_NC_022375.2	IncN	Gram-negative	IS26	23560-24380	39204-40041	14824	qnrS1,ble,blaNDM-1	3
RefSeq_NC_022651.1	IncFII	Gram-negative	IS26	31187-32006	34193-35012	2187	catB3,blaOXA-1,aac(6')-Ib-cr5	3
RefSeq_NC_022651.1	IncFII	Gram-negative	IS26	34193-35012	47842-48661	12830	blaTEM-1	1
RefSeq_NC_022885.1	IncN	Gram-negative	IS26	66488-67307	70668-71487	3361	blaKPC-2	1
RefSeq_NC_023277.2	IncX1	Gram-negative	IS26	111972-112791	113832-114651	1041	aph(3')-Ia	1
RefSeq_NC_023277.2	IncX1	Gram-negative	IS26	113832-114651	119037-119864	4386	aph(6)-Id,aph(3'')-Ib,sul2	3
RefSeq_NC_023277.2	IncX1	Gram-negative	IS26	119037-119864	167550-168370	47686	blaTEM-1,qnrS1	2
RefSeq_NC_023277.2	IncX1	Gram-negative	IS26	167550-168370	172945-173766	4575	mrx(A),mph(A)	2
RefSeq_NC_023277.2	IncX1	Gram-negative	IS26	172945-173766	177459-178279	3693	blaCTX-M-1,mrx(A),mph(A)	3
RefSeq_NC_023277.2	IncX1	Gram-negative	IS26	177459-178279	182643-183463	4364	aac(3)-IId	1
RefSeq_NC_023323.1	IncX1	Gram-negative	IS26	4081-4901	9436-10256	4535	aac(3)-IId	1
RefSeq_NC_023323.1	IncX1	Gram-negative	IS26	9436-10256	24837-25660	14581	aph(3')-IIa	1
RefSeq_NC_023323.1	IncX1	Gram-negative	IS26	24837-25660	51757-52578	26097	floR	1
RefSeq_NC_023323.1	IncX1	Gram-negative	IS26	51757-52578	57785-58604	5207	oqxA,oqxB	2
RefSeq_NC_023332.1	IncFII	Gram-negative	IS26	199680-200493	205585-206404	5092	blaCTX-M-15	1
RefSeq_NC_023332.1	IncFII	Gram-negative	IS26	205585-206404	208591-209413	2187	aac(6')-Ib-cr5,blaOXA-1,catB3	3
RefSeq_NC_023333.1	IncFII	Gram-negative	IS26	234838-235534	237765-238521	2231	aac(6')-Ib-cr5,blaOXA-1,catB3	3
RefSeq_NC_024967.1	IncN	Gram-negative	IS26	9359-10178	31587-32406	21409	dfrA14	1
RefSeq_NC_024967.1	IncN	Gram-negative	IS26	31587-32406	52791-53418	20385	qnrS1,blaLAP-1,blaTEM-1,blaKPC-2	4
RefSeq_NC_024974.1	IncN	Gram-negative	IS26	31807-32626	34430-35251	1804	blaCTX-M-1	1
RefSeq_NC_024974.1	IncN	Gram-negative	IS26	34430-35251	37144-37967	1893	mph(A),mrx(A)	2
RefSeq_NC_025019.1	IncN	Gram-negative	IS26	2782-3601	6792-7615	3191	blaKPC-2	1
RefSeq_NC_025019.1	IncN	Gram-negative	IS26	6792-7615	34196-35016	26581	dfrA14,qnrS1	2
RefSeq_NC_025131.1	IncFII	Gram-negative	IS26	126239-127058	134705-135525	7647	dfrA14	1
RefSeq_NC_025141.1	IncN	Gram-negative	IS26	10403-11222	15445-16264	4223	blaTEM-1	1
RefSeq_NC_025141.1	IncN	Gram-negative	IS26	15445-16264	19055-19874	2791	mrx(A),blaCTX-M-1	2
RefSeq_NC_025183.1	IncN	Gram-negative	IS26	2002-2821	6182-7001	3361	blaKPC-2	1
RefSeq_NC_025183.1	IncN	Gram-negative	IS26	6182-7001	33582-34402	26581	dfrA14,qnrS1	2
RefSeq_NC_025185.1	IncFII	Gram-negative	IS26	58246-59065	66712-67532	7647	dfrA14	1
RefSeq_NC_025186.1	IncN	Gram-negative	IS26	23890-24709	42122-42960	17413	qnrS1,blaVIM-1,aac(6')-Ib4,aph(3')-XV,aadA1,catB2,sul1,mrx(A),mph(A)	9
RefSeq_NC_025187.1	IncFII	Gram-negative	IS26	21728-22547	45395-46214	22848	blaTEM-1,blaOXA	2
RefSeq_NZ_AP018137.1	IncFII	Gram-negative	IS26	4378-5197	7121-7941	1924	blaTEM-1	1
RefSeq_NZ_AP018137.1	IncFII	Gram-negative	IS26	7121-7941	15988-16807	8047	mph(A),mrx(A),blaTEM-1,rmtB1	4
RefSeq_NZ_AP018137.1	IncFII	Gram-negative	IS26	15988-16807	26254-27073	9447	blaNDM-5,ble,sul1,aadA2,dfrA12	5
RefSeq_NZ_AP018137.1	IncFII	Gram-negative	IS26	85439-86258	92430-93250	6172	blaTEM-1	1
RefSeq_NZ_AP018140.1	IncFII	Gram-negative	IS26	6188-7008	17039-17858	10031	tet(A),qnrS1	2
RefSeq_NZ_AP018363.1	IncN	Gram-negative	IS26	4815-5634	52410-53229	46776	blaCTX-M-2,tet(A),sul1,aadA2,blaIMP-6	5
RefSeq_NZ_AP018456.1	IncFII	Gram-negative	IS26	41082-41903	43288-44112	1385	dfrA17	1
RefSeq_NZ_AP018456.1	IncFII	Gram-negative	IS26	47997-48816	55473-56294	6657	tet(A),aph(6)-Id,aph(3'')-Ib,sul2	4
RefSeq_NZ_AP018456.1	IncFII	Gram-negative	IS26	55473-56294	64872-65698	8578	mph(A),mrx(A),sul1,aadA5	4
RefSeq_NZ_AP018456.1	IncFII	Gram-negative	IS26	66182-67001	69795-70614	2794	aac(3)-IId	1
RefSeq_NZ_AP018565.1	IncN	Gram-negative	IS26	4390-5204	15142-15931	9938	qepA1,blaTEM-1	2
RefSeq_NZ_AP018565.1	IncN	Gram-negative	IS26	15142-15931	28724-29420	12793	ble,blaNDM-1	2
RefSeq_NZ_AP018565.1	IncN	Gram-negative	IS26	28724-29420	71164-71983	41744	tet(A)	1
RefSeq_NZ_AP018572.1	IncN	Gram-negative	IS26	58497-59310	62078-62897	2768	blaCTX-M-55	1
RefSeq_NZ_AP018572.1	IncN	Gram-negative	IS26	62078-62897	65393-66211	2496	fosA3	1
RefSeq_NZ_AP018572.1	IncN	Gram-negative	IS26	65393-66211	70213-71029	4002	rmtB1,blaTEM	2
RefSeq_NZ_AP018572.1	IncN	Gram-negative	IS26	70213-71029	83833-84540	12804	ble,blaNDM-1	2
RefSeq_NZ_AP018574.1	IncFII	Gram-negative	IS26	24924-25743	34169-34989	8426	qepA1,rmtB1,blaTEM-1	3
RefSeq_NZ_AP018574.1	IncFII	Gram-negative	IS26	39285-40095	44370-45190	4275	mph(A),mrx(A)	2
RefSeq_NZ_AP018582.1	IncFII	Gram-negative	IS26	12779-13572	56194-57015	42622	rmtB1	1
RefSeq_NZ_AP018584.1	IncFII	Gram-negative	IS26	63218-64018	71748-72561	7730	ble,blaNDM-4	2
RefSeq_NZ_AP018584.1	IncFII	Gram-negative	IS26	71748-72561	75371-76191	2810	blaSHV-28	1
RefSeq_NZ_AP018673.1	IncFII	Gram-negative	IS26	1446-2267	40489-41308	38222	tet(A)	1
RefSeq_NZ_AP018673.1	IncFII	Gram-negative	IS26	40489-41308	43495-44315	2187	aac(6')-Ib,blaOXA-1,catB3	3
RefSeq_NZ_AP018673.1	IncFII	Gram-negative	IS26	43495-44315	46915-47734	2600	aac(3)-IIe	1
RefSeq_NZ_AP018674.1	IncN	Gram-negative	IS26	5053-5872	7148-7967	1276	fosA3	1
RefSeq_NZ_AP018674.1	IncN	Gram-negative	IS26	20037-20856	29301-30120	8445	blaKPC-2	1
RefSeq_NZ_AP018830.1	IncFII	Gram-negative	IS26	31509-32328	59060-59880	26732	dfrA12,aadA2,sul1,blaNDM-1,ble,sul1,qnrB6,sul1,mrx(A),mph(A)	10
RefSeq_NZ_AP018830.1	IncFII	Gram-negative	IS26	59060-59880	61280-62099	1400	catA2	1
RefSeq_NZ_AP018830.1	IncFII	Gram-negative	IS26	61280-62099	63435-64254	1336	aac(3)-IId	1
RefSeq_NZ_AP018830.1	IncFII	Gram-negative	IS26	63435-64254	65295-66114	1041	aph(3')-Ia	1
RefSeq_NZ_AP018830.1	IncFII	Gram-negative	IS26	65295-66114	70499-71320	4385	aph(6)-Id,aph(3'')-Ib,sul2	3
RefSeq_NZ_AP018830.1	IncFII	Gram-negative	IS26	173768-174587	191938-192738	17351	aac(6')-Ib-cr5,arr-3,dfrA27,aadA16,sul1,armA,msr(E),mph(E)	8
RefSeq_NZ_AP018939.1	IncFII	Gram-negative	IS26	30078-30897	38124-38943	7227	tet(B),aph(3')-Ia	2
RefSeq_NZ_AP018939.1	IncFII	Gram-negative	IS26	38124-38943	43331-44151	4388	aph(6)-Id,aph(3'')-Ib,sul2	3
RefSeq_NZ_AP018939.1	IncFII	Gram-negative	IS26	43331-44151	46068-46887	1917	blaTEM-1	1
RefSeq_NZ_AP018939.1	IncFII	Gram-negative	IS26	46068-46887	49611-50430	2724	dfrA17	1
RefSeq_NZ_AP018939.1	IncFII	Gram-negative	IS26	49611-50430	52239-53058	1809	aac(3)-IId	1
RefSeq_NZ_AP018939.1	IncFII	Gram-negative	IS26	52239-53058	57715-58534	4657	qnrS1	1
RefSeq_NZ_AP018939.1	IncFII	Gram-negative	IS26	57715-58534	65212-66032	6678	floR	1
RefSeq_NZ_AP018939.1	IncFII	Gram-negative	IS26	65212-66032	71876-72698	5844	blaCTX-M-55	1
RefSeq_NZ_AP018939.1	IncFII	Gram-negative	IS26	71876-72698	73464-74283	766	catA2	1
RefSeq_NZ_AP018939.1	IncFII	Gram-negative	IS26	74364-75183	81439-82260	6256	mcr-3.1,bleO	2
RefSeq_NZ_AP018939.1	IncFII	Gram-negative	IS26	81439-82260	86432-87251	4172	blaTEM	1
RefSeq_NZ_AP018939.1	IncFII	Gram-negative	IS26	86432-87251	92124-92945	4873	erm(B)	1
RefSeq_NZ_AP018939.1	IncFII	Gram-negative	IS1	29178-29945	36368-37135	6423	tet(B)	1
RefSeq_NZ_AP019191.1	IncFII	Gram-negative	IS26	4387-5206	9342-10162	4136	mrx(A),mph(A)	2
RefSeq_NZ_AP019191.1	IncFII	Gram-negative	IS26	9342-10162	15716-16535	5554	aac(3)-IId	1
RefSeq_NZ_AP019191.1	IncFII	Gram-negative	IS26	15716-16535	18294-19114	1759	blaTEM-1	1
RefSeq_NZ_AP019191.1	IncFII	Gram-negative	IS26	18294-19114	29033-29856	9919	dfrA17,aadA5,sul1,ble,blaNDM-5	5
RefSeq_NZ_AP019191.1	IncFII	Gram-negative	IS26	29033-29856	34760-35579	4904	dfrA12,aadA2,sul1	3
RefSeq_NZ_AP019191.1	IncFII	Gram-negative	IS26	94754-95574	97761-98580	2187	aac(6')-Ib-cr5,blaOXA-1,catB3	3
RefSeq_NZ_AP019191.1	IncFII	Gram-negative	IS26	97761-98580	102411-103242	3831	blaCTX-M-15	1
RefSeq_NZ_AP019191.1	IncFII	Gram-negative	IS26	102411-103242	109916-110735	6674	blaTEM-1	1
RefSeq_NZ_AP019401.1	IncFII	Gram-negative	IS26	20074-20895	32278-33098	11383	tet(A),dfrA1	2
RefSeq_NZ_AP019405.1	IncN	Gram-negative	IS26	87182-88001	100723-101544	12722	qnrS1,blaLAP-2	2
RefSeq_NZ_AP019526.1	IncFII	Gram-negative	IS1	12866-13633	43363-44130	29730	blaCTX-M-27	1
RefSeq_NZ_AP019526.1	IncFII	Gram-negative	IS26	39989-40808	42328-43147	1520	blaCTX-M-27	1
RefSeq_NZ_AP019539.1	IncFII	Gram-negative	IS26	17445-18265	24922-25741	6657	sul2,aph(3'')-Ib,aph(6)-Id,tet(A)	4
RefSeq_NZ_AP019539.1	IncFII	Gram-negative	IS26	24922-25741	29581-30401	3840	blaCTX-M-27	1
RefSeq_NZ_AP019539.1	IncFII	Gram-negative	IS26	29581-30401	39688-40521	9287	mph(A),mrx(A),sul1,aadA5,dfrA17	5
RefSeq_NZ_AP019539.1	IncFII	Gram-negative	IS26	39688-40521	44361-45181	3840	blaCTX-M-27	1
RefSeq_NZ_AP019539.1	IncFII	Gram-negative	IS26	44361-45181	54468-55301	9287	mph(A),mrx(A),sul1,aadA5,dfrA17	5
RefSeq_NZ_AP019539.1	IncFII	Gram-negative	IS26	54468-55301	59141-59961	3840	blaCTX-M-27	1
RefSeq_NZ_AP019539.1	IncFII	Gram-negative	IS26	59141-59961	69248-70081	9287	mph(A),mrx(A),sul1,aadA5,dfrA17	5
RefSeq_NZ_AP019539.1	IncFII	Gram-negative	IS26	69248-70081	73921-74741	3840	blaCTX-M-27	1
RefSeq_NZ_AP019539.1	IncFII	Gram-negative	IS26	73921-74741	84028-84861	9287	mph(A),mrx(A),sul1,aadA5,dfrA17	5
RefSeq_NZ_AP019539.1	IncFII	Gram-negative	IS26	84028-84861	88701-89521	3840	blaCTX-M-27	1
RefSeq_NZ_AP019539.1	IncFII	Gram-negative	IS26	88701-89521	98808-99641	9287	mph(A),mrx(A),sul1,aadA5,dfrA17	5
RefSeq_NZ_AP019672.1	IncFII	Gram-negative	IS26	4435-5254	8255-9074	3001	dfrA14	1
RefSeq_NZ_AP019672.1	IncFII	Gram-negative	IS26	8255-9074	21673-22498	12599	sul2,aph(3'')-Ib,aph(6)-Id,floR	4
RefSeq_NZ_AP019678.1	IncX1	Gram-negative	IS26	7559-8378	14286-15106	5908	floR	1
RefSeq_NZ_AP019678.1	IncX1	Gram-negative	IS26	14286-15106	16831-17650	1725	qnrS2	1
RefSeq_NZ_AP019678.1	IncX1	Gram-negative	IS26	18541-19362	21858-22677	2496	fosA3	1
RefSeq_NZ_AP019678.1	IncX1	Gram-negative	IS26	21858-22677	25445-26264	2768	blaCTX-M-55	1
RefSeq_NZ_AP021964.1	IncFII	Gram-negative	IS26	53698-54517	58958-59777	4441	erm(B)	1
RefSeq_NZ_AP021964.1	IncFII	Gram-negative	IS26	58958-59777	63617-64436	3840	blaCTX-M-27	1
RefSeq_NZ_AP021964.1	IncFII	Gram-negative	IS26	63617-64436	70713-71534	6277	tet(A),aph(6)-Id,aph(3'')-Ib,sul2	4
RefSeq_NZ_AP021964.1	IncFII	Gram-negative	IS26	70713-71534	81500-82319	9966	mph(A),mrx(A),sul1,aadA5,dfrA17	5
RefSeq_NZ_AP022070.1	IncFII	Gram-negative	IS26	15951-16771	26538-27359	9767	dfrA17,aadA5,sul1,mrx(A),mph(A)	5
RefSeq_NZ_AP022070.1	IncFII	Gram-negative	IS26	26538-27359	29959-30778	2600	aac(3)-IIe	1
RefSeq_NZ_AP022070.1	IncFII	Gram-negative	IS26	29959-30778	36684-37518	5906	blaCTX-M-15	1
RefSeq_NZ_AP022070.1	IncFII	Gram-negative	IS26	41456-42278	56823-57643	14545	tet(A),aph(6)-Id,aph(3'')-Ib,sul2	4
RefSeq_NZ_AP022070.1	IncFII	Gram-negative	IS26	56823-57643	59830-60649	2187	catB3,blaOXA-1,aac(6')-Ib-cr5	3
RefSeq_NZ_AP022070.1	IncFII	Gram-negative	IS26	59830-60649	65626-66445	4977	tet(A)	1
RefSeq_NZ_AP022162.1	IncFII	Gram-negative	IS26	7499-8318	18221-19041	9903	dfrA17,aadA5,sul1,mrx(A),mph(A)	5
RefSeq_NZ_AP022162.1	IncFII	Gram-negative	IS26	18221-19041	30042-30864	11001	blaCTX-M-15,blaTEM-1,aph(6)-Id,aph(3'')-Ib	4
RefSeq_NZ_AP022162.1	IncFII	Gram-negative	IS26	30042-30864	46753-47572	15889	tet(B)	1
RefSeq_NZ_AP022185.1	IncFII	Gram-negative	IS26	99125-99944	114819-115639	14875	qnrS1,blaTEM-1,blaCTX-M-15	3
RefSeq_NZ_AP022218.1	IncX1	Gram-negative	IS26	28936-29755	35571-36390	5816	dfrA14,aadA1,blaOXA-10,cmlA5,arr-2	5
RefSeq_NZ_AP022248.1	IncX1	Gram-negative	IS26	7559-8378	14286-15106	5908	floR	1
RefSeq_NZ_AP022248.1	IncX1	Gram-negative	IS26	14286-15106	16831-17650	1725	qnrS2	1
RefSeq_NZ_AP022248.1	IncX1	Gram-negative	IS26	18541-19362	21858-22677	2496	fosA3	1
RefSeq_NZ_AP022248.1	IncX1	Gram-negative	IS26	21858-22677	25445-26264	2768	blaCTX-M-55	1
RefSeq_NZ_AP022271.1	IncFII	Gram-negative	IS26	45144-45963	48964-49783	3001	dfrA14	1
RefSeq_NZ_AP022271.1	IncFII	Gram-negative	IS26	48964-49783	62382-63207	12599	sul2,aph(3'')-Ib,aph(6)-Id,floR	4
RefSeq_NZ_AP022327.1	IncFII	Gram-negative	IS1	40441-41169	88924-89691	47755	dfrA17,aadA5,sul1,mrx(A),mph(A),sul2,aph(3'')-Ib,aph(6)-Id,tet(A),blaTEM-1	10
RefSeq_NZ_AP022327.1	IncFII	Gram-negative	IS26	41170-41989	51955-52776	9966	dfrA17,aadA5,sul1,mrx(A),mph(A)	5
RefSeq_NZ_AP022327.1	IncFII	Gram-negative	IS26	51955-52776	59267-60086	6491	sul2,aph(3'')-Ib,aph(6)-Id,tet(A)	4
RefSeq_NZ_AP022327.1	IncFII	Gram-negative	IS26	59267-60086	83486-84305	23400	blaTEM-1	1
RefSeq_NZ_AP022353.1	IncN	Gram-negative	IS26	107863-108681	124691-125511	16010	mph(A),mrx(A),sul1,aadA2,blaIMP-6,aac(6')-Ib	6
RefSeq_NZ_AP022357.1	IncFII	Gram-negative	IS26	6837-7657	21877-22696	14220	aac(6')-Ib,blaIMP-6,aadA2,sul1	4
RefSeq_NZ_AP022361.1	IncFII	Gram-negative	IS26	28096-28915	40062-40882	11147	sul1,aadA2,blaIMP-6,aac(6')-Ib	4
RefSeq_NZ_AP022361.1	IncFII	Gram-negative	IS26	40062-40882	50849-51669	9967	dfrA17,aadA5,sul1,mrx(A),mph(A)	5
RefSeq_NZ_AP022363.1	IncFII	Gram-negative	IS26	28096-28916	35298-36118	6382	sul1,aadA2,blaIMP-6,aac(6')-Ib	4
RefSeq_NZ_AP022363.1	IncFII	Gram-negative	IS26	35298-36118	41314-42136	5196	sul1,aadA2,blaIMP,aac(6')-Ib	4
RefSeq_NZ_AP022363.1	IncFII	Gram-negative	IS26	47302-48122	58141-58961	10019	mph(A),mrx(A),sul1,aadA5,dfrA17	5
RefSeq_NZ_AP022364.1	IncFII	Gram-negative	IS26	71037-71857	75175-76003	3318	mph(A),mrx(A)	2
RefSeq_NZ_AP022364.1	IncFII	Gram-negative	IS26	75175-76003	87075-87898	11072	aac(6')-Ib,blaIMP-6,aadA2,sul1	4
RefSeq_NZ_AP022365.1	IncFII	Gram-negative	IS26	28096-28915	40062-40882	11147	sul1,aadA2,blaIMP-6,aac(6')-Ib	4
RefSeq_NZ_AP022365.1	IncFII	Gram-negative	IS26	40062-40882	50849-51669	9967	dfrA17,aadA5,sul1,mrx(A),mph(A)	5
RefSeq_NZ_AP022366.1	IncFII	Gram-negative	IS26	17269-18088	29235-30054	11147	sul1,aadA2,blaIMP-6,aac(6')-Ib	4
RefSeq_NZ_AP022366.1	IncFII	Gram-negative	IS26	29235-30054	40073-40893	10019	dfrA17,aadA5,sul1,mrx(A),mph(A)	5
RefSeq_NZ_AP022367.1	IncN	Gram-negative	IS26	11856-12675	15544-16364	2869	mrx(A),mph(A)	2
RefSeq_NZ_AP022368.1	IncFII	Gram-negative	IS26	28096-28915	36904-37723	7989	sul1	1
RefSeq_NZ_AP022368.1	IncFII	Gram-negative	IS26	36904-37723	40890-41709	3167	blaIMP-6,aac(6')-Ib	2
RefSeq_NZ_AP022368.1	IncFII	Gram-negative	IS26	40890-41709	51728-52548	10019	dfrA17,aadA5,sul1,mrx(A),mph(A)	5
RefSeq_NZ_AP022369.1	IncFII	Gram-negative	IS26	96895-97715	108266-109085	10551	mph(A),mrx(A),sul1,aadA2,blaIMP-6,aac(6')-Ib	6
RefSeq_NZ_AP022369.1	IncFII	Gram-negative	IS26	113960-114779	120910-121731	6131	dfrA17,aadA5	2
RefSeq_NZ_AP022479.1	IncFII	Gram-negative	IS26	17405-18225	24882-25701	6657	sul2,aph(3'')-Ib,aph(6)-Id,tet(A)	4
RefSeq_NZ_AP022479.1	IncFII	Gram-negative	IS26	24882-25701	29541-30361	3840	blaCTX-M-27	1
RefSeq_NZ_AP022479.1	IncFII	Gram-negative	IS26	29541-30361	39648-40481	9287	mph(A),mrx(A),sul1,aadA5,dfrA17	5
RefSeq_NZ_AP022483.1	IncFII	Gram-negative	IS26	81743-82562	91307-92126	8745	blaCTX-M-55,qnrS1	2
RefSeq_NZ_AP022483.1	IncFII	Gram-negative	IS26	91307-92126	93909-94728	1783	aac(3)-IId	1
RefSeq_NZ_AP022529.1	IncN	Gram-negative	IS26	17795-18617	31372-32191	12755	blaCTX-M-14	1
RefSeq_NZ_AP022537.1	IncFII	Gram-negative	IS26	17445-18265	24922-25741	6657	sul2,aph(3'')-Ib,aph(6)-Id,tet(A)	4
RefSeq_NZ_AP022537.1	IncFII	Gram-negative	IS26	24922-25741	29581-30401	3840	blaCTX-M-27	1
RefSeq_NZ_AP022537.1	IncFII	Gram-negative	IS26	29581-30401	39688-40521	9287	mph(A),mrx(A),sul1,aadA5,dfrA17	5
RefSeq_NZ_AP022537.1	IncFII	Gram-negative	IS26	39688-40521	44361-45181	3840	blaCTX-M-27	1
RefSeq_NZ_AP022537.1	IncFII	Gram-negative	IS26	44361-45181	54468-55301	9287	mph(A),mrx(A),sul1,aadA5,dfrA17	5
RefSeq_NZ_AP022537.1	IncFII	Gram-negative	IS26	54468-55301	59141-59961	3840	blaCTX-M-27	1
RefSeq_NZ_AP022537.1	IncFII	Gram-negative	IS26	59141-59961	69248-70081	9287	mph(A),mrx(A),sul1,aadA5,dfrA17	5
RefSeq_NZ_AP022537.1	IncFII	Gram-negative	IS26	69248-70081	73921-74741	3840	blaCTX-M-27	1
RefSeq_NZ_AP022537.1	IncFII	Gram-negative	IS26	73921-74741	84028-84861	9287	mph(A),mrx(A),sul1,aadA5,dfrA17	5
RefSeq_NZ_AP022537.1	IncFII	Gram-negative	IS26	84028-84861	88701-89521	3840	blaCTX-M-27	1
RefSeq_NZ_AP022537.1	IncFII	Gram-negative	IS26	88701-89521	98808-99641	9287	mph(A),mrx(A),sul1,aadA5,dfrA17	5
RefSeq_NZ_AP022545.1	IncX1	Gram-negative	IS26	10493-11316	20117-20941	8801	floR	1
RefSeq_NZ_AP022550.1	IncFII	Gram-negative	IS26	52304-53123	54643-55462	1520	blaCTX-M-27	1
RefSeq_NZ_AP022550.1	IncFII	Gram-negative	IS26	54643-55462	61076-61897	5614	tet(A),aph(6)-Id,aph(3'')-Ib,sul2	4
RefSeq_NZ_AP022550.1	IncFII	Gram-negative	IS26	61076-61897	71190-72010	9293	mph(A),mrx(A),sul1,aadA5,dfrA17	5
RefSeq_NZ_AP022651.1	IncFII	Gram-negative	IS26	40085-40909	50875-51696	9966	dfrA17,aadA5,sul1,mrx(A),mph(A)	5
RefSeq_NZ_AP022651.1	IncFII	Gram-negative	IS26	50875-51696	58353-59172	6657	sul2,aph(3'')-Ib,aph(6)-Id,tet(A)	4
RefSeq_NZ_AP022651.1	IncFII	Gram-negative	IS26	63110-63931	66133-66952	2202	blaCTX-M-27	1
RefSeq_NZ_AP023150.1	IncFII	Gram-negative	IS26	23811-24632	29018-29837	4386	sul2,aph(3'')-Ib,aph(6)-Id	3
RefSeq_NZ_AP023150.1	IncFII	Gram-negative	IS26	29018-29837	30878-31697	1041	aph(3')-Ia	1
RefSeq_NZ_AP023150.1	IncFII	Gram-negative	IS26	30878-31697	33451-34271	1754	aac(3)-IId	1
RefSeq_NZ_AP023150.1	IncFII	Gram-negative	IS26	33451-34271	51004-51824	16733	aac(6')-Ib,arr-3,dfrA27,aadA16,sul1,qnrB91,sul1,mrx(A),mph(A)	9
RefSeq_NZ_AP023150.1	IncFII	Gram-negative	IS26	51004-51824	73021-73842	21197	tet(A),floR,blaTEM-1,blaCTX-M-3,qnrS1	5
RefSeq_NZ_AP023225.1	IncFII	Gram-negative	IS26	5993-6824	10655-11474	3831	blaCTX-M-15	1
RefSeq_NZ_AP023225.1	IncFII	Gram-negative	IS26	10655-11474	13661-14481	2187	catB3,blaOXA-1,aac(6')-Ib-cr5	3
RefSeq_NZ_AP023225.1	IncFII	Gram-negative	IS26	71204-72023	76927-77750	4904	sul1,aadA2,dfrA12	3
RefSeq_NZ_AP023225.1	IncFII	Gram-negative	IS26	76927-77750	87668-88488	9918	blaNDM-5,ble,sul1,aadA5,dfrA17	5
RefSeq_NZ_AP023225.1	IncFII	Gram-negative	IS26	87668-88488	90247-91066	1759	blaTEM-1	1
RefSeq_NZ_AP023225.1	IncFII	Gram-negative	IS26	90247-91066	96620-97440	5554	aac(3)-IId	1
RefSeq_NZ_AP023225.1	IncFII	Gram-negative	IS26	96620-97440	101576-102395	4136	mph(A),mrx(A)	2
RefSeq_NZ_AP023225.1	IncFII	Gram-negative	IS26	101576-102395	106781-107601	4386	aph(6)-Id,aph(3'')-Ib,sul2	3
RefSeq_NZ_AP023238.1	IncFII	Gram-negative	IS26	7852-8671	13575-14398	4904	sul1,aadA2,dfrA12	3
RefSeq_NZ_AP023238.1	IncFII	Gram-negative	IS26	13575-14398	24317-25137	9919	blaNDM-5,ble,sul1,aadA5,dfrA17	5
RefSeq_NZ_AP023238.1	IncFII	Gram-negative	IS26	24317-25137	26896-27715	1759	blaTEM-1	1
RefSeq_NZ_AP023238.1	IncFII	Gram-negative	IS26	26896-27715	32197-33017	4482	aac(3)-IId	1
RefSeq_NZ_AP023238.1	IncFII	Gram-negative	IS26	32197-33017	37153-37972	4136	mph(A),mrx(A)	2
RefSeq_NZ_AP023238.1	IncFII	Gram-negative	IS26	37153-37972	42358-43179	4386	aph(6)-Id,aph(3'')-Ib,sul2	3
RefSeq_NZ_AP023238.1	IncFII	Gram-negative	IS26	42358-43179	43961-44781	782	aac(6')-Ib-cr5	1
RefSeq_NZ_AP024519.1	IncFII	Gram-negative	IS26	31518-32337	39351-40170	7014	sul1,aac(6')-Ib4,arr-3	3
RefSeq_NZ_AP024519.1	IncFII	Gram-negative	IS26	39351-40170	52019-52839	11849	tet(A),mrx(A),mph(A)	3
RefSeq_NZ_AP024569.1	IncFII	Gram-negative	IS26	69551-70370	106055-106874	35685	blaCTX-M-14,tet(A),dfrA1,sul1	4
RefSeq_NZ_AP024569.1	IncFII	Gram-negative	IS26	111895-112715	118322-119141	5607	aac(3)-IId	1
RefSeq_NZ_AP024569.1	IncFII	Gram-negative	IS26	118322-119141	124800-125620	5659	blaLAP-2,qnrS1	2
RefSeq_NZ_AP024571.1	IncFII	Gram-negative	IS26	69551-70370	106055-106874	35685	blaCTX-M-14,tet(A),dfrA1,sul1	4
RefSeq_NZ_AP024571.1	IncFII	Gram-negative	IS26	111895-112715	118322-119141	5607	aac(3)-IId	1
RefSeq_NZ_AP024571.1	IncFII	Gram-negative	IS26	118322-119141	124800-125620	5659	blaLAP-2,qnrS1	2
RefSeq_NZ_AP024573.1	IncFII	Gram-negative	IS26	69551-70370	106055-106874	35685	blaCTX-M-14,tet(A),dfrA1,sul1	4
RefSeq_NZ_AP024573.1	IncFII	Gram-negative	IS26	111895-112715	118322-119141	5607	aac(3)-IId	1
RefSeq_NZ_AP024573.1	IncFII	Gram-negative	IS26	118322-119141	124800-125620	5659	blaLAP-2,qnrS1	2
RefSeq_NZ_AP024577.1	IncFII	Gram-negative	IS26	69551-70370	106055-106874	35685	blaCTX-M-14,tet(A),dfrA1,sul1	4
RefSeq_NZ_AP024577.1	IncFII	Gram-negative	IS26	111895-112715	118322-119141	5607	aac(3)-IId	1
RefSeq_NZ_AP024577.1	IncFII	Gram-negative	IS26	118322-119141	124800-125620	5659	blaLAP-2,qnrS1	2
RefSeq_NZ_AP024580.1	IncFII	Gram-negative	IS26	69551-70370	106055-106874	35685	blaCTX-M-14,tet(A),dfrA1,sul1	4
RefSeq_NZ_AP024580.1	IncFII	Gram-negative	IS26	111895-112715	118322-119141	5607	aac(3)-IId	1
RefSeq_NZ_AP024580.1	IncFII	Gram-negative	IS26	118322-119141	124800-125620	5659	blaLAP-2,qnrS1	2
RefSeq_NZ_AP024584.1	IncX1	Gram-negative	IS26	41530-42353	45726-46545	3373	tet(M)	1
RefSeq_NZ_AP024584.1	IncX1	Gram-negative	IS26	45726-46545	50050-50869	3505	blaTEM-1	1
RefSeq_NZ_AP024584.1	IncX1	Gram-negative	IS26	50050-50869	54422-55242	3553	mrx(A),mph(A)	2
RefSeq_NZ_AP024584.1	IncX1	Gram-negative	IS26	54422-55242	61839-62658	6597	floR	1
RefSeq_NZ_AP024584.1	IncX1	Gram-negative	IS26	61839-62658	72672-73491	10014	dfrA12,aadA2,cmlA1,aadA1,sul3	5
RefSeq_NZ_AP024584.1	IncX1	Gram-negative	IS1	24718-25486	75318-76085	49832	tet(M),blaTEM-1,mrx(A),mph(A),floR,dfrA12,aadA2,cmlA1,aadA1,sul3	10
RefSeq_NZ_AP024689.1	IncX1	Gram-negative	IS1	8873-9640	55818-56585	46178	tet(A),qnrS4	2
RefSeq_NZ_AP024689.1	IncX1	Gram-negative	IS26	38868-39649	48283-49102	8634	qnrS4	1
RefSeq_NZ_AP024751.1	IncN	Gram-negative	IS1	13802-14569	59336-60103	44767	blaKPC-2,blaOXA,blaTEM-1	3
RefSeq_NZ_AP024751.1	IncN	Gram-negative	IS1	59336-60103	78723-79483	18620	aac(6')-Ib	1
RefSeq_NZ_AP024751.1	IncN	Gram-negative	IS26	50422-51241	69060-69882	17819	blaOXA,blaTEM-1,aac(6')-Ib	3
RefSeq_NZ_AP024751.1	IncN	Gram-negative	IS26	69060-69882	96494-97298	26612	estX-3,aadA2,cmlA1,aadA1	4
RefSeq_NZ_AP024754.1	IncN	Gram-negative	IS1	13804-14571	59344-60111	44773	blaKPC-2,blaOXA,blaTEM-1	3
RefSeq_NZ_AP024754.1	IncN	Gram-negative	IS1	59344-60111	78446-79208	18335	aac(6')-Ib	1
RefSeq_NZ_AP024754.1	IncN	Gram-negative	IS26	50424-51245	69068-69890	17823	blaOXA,blaTEM-1,aac(6')-Ib	3
RefSeq_NZ_AP024754.1	IncN	Gram-negative	IS26	69068-69890	96250-97053	26360	estX,aadA2,cmlA1,aadA1	4
RefSeq_NZ_AP024757.1	IncN	Gram-negative	IS1	13814-14581	59355-60122	44774	blaKPC-2,blaTEM	2
RefSeq_NZ_AP024757.1	IncN	Gram-negative	IS1	59355-60122	78747-79510	18625	aac(6')-Ib	1
RefSeq_NZ_AP024757.1	IncN	Gram-negative	IS26	50434-51258	69079-69901	17821	blaTEM,aac(6')-Ib	2
RefSeq_NZ_AP024757.1	IncN	Gram-negative	IS26	69079-69901	96542-97346	26641	estX-3,aadA2,cmlA1,aadA1	4
RefSeq_NZ_AP024764.1	IncN	Gram-negative	IS1	13025-13792	58559-59326	44767	blaKPC-2,blaOXA,blaTEM-1	3
RefSeq_NZ_AP024764.1	IncN	Gram-negative	IS1	58559-59326	77807-78564	18481	aac(6')-Ib	1
RefSeq_NZ_AP024764.1	IncN	Gram-negative	IS26	49645-50464	68283-69105	17819	blaOXA,blaTEM-1,aac(6')-Ib	3
RefSeq_NZ_AP024764.1	IncN	Gram-negative	IS26	68283-69105	95589-96393	26484	estX-3,aadA2,cmlA1,aadA1	4
RefSeq_NZ_AP024770.1	IncN	Gram-negative	IS1	13845-14612	59376-60143	44764	blaKPC-2,blaOXA,blaTEM-1	3
RefSeq_NZ_AP024770.1	IncN	Gram-negative	IS1	59376-60143	78767-79529	18624	aac(6')-Ib	1
RefSeq_NZ_AP024770.1	IncN	Gram-negative	IS26	50463-51282	69100-69922	17818	blaOXA,blaTEM-1,aac(6')-Ib	3
RefSeq_NZ_AP024770.1	IncN	Gram-negative	IS26	69100-69922	96558-97362	26636	estX-3,aadA2,cmlA1,aadA1	4
RefSeq_NZ_AP024773.1	IncN	Gram-negative	IS1	13804-14571	59336-60103	44765	blaKPC-2,blaOXA,blaTEM-1	3
RefSeq_NZ_AP024773.1	IncN	Gram-negative	IS1	59336-60103	78727-79489	18624	aac(6')-Ib	1
RefSeq_NZ_AP024773.1	IncN	Gram-negative	IS26	50424-51243	69060-69882	17817	blaOXA,blaTEM-1,aac(6')-Ib	3
RefSeq_NZ_AP024773.1	IncN	Gram-negative	IS26	69060-69882	96518-97322	26636	estX-3,aadA2,cmlA1,aadA1	4
RefSeq_NZ_AP024776.1	IncN	Gram-negative	IS1	13804-14571	59338-60105	44767	blaKPC-2,blaOXA,blaTEM-1	3
RefSeq_NZ_AP024776.1	IncN	Gram-negative	IS1	59338-60105	78729-79491	18624	aac(6')-Ib	1
RefSeq_NZ_AP024776.1	IncN	Gram-negative	IS26	50424-51243	69062-69884	17819	blaOXA,blaTEM-1,aac(6')-Ib	3
RefSeq_NZ_AP024776.1	IncN	Gram-negative	IS26	69062-69884	96511-97315	26627	estX-3,aadA2,cmlA1,aadA1	4
RefSeq_NZ_AP024779.1	IncN	Gram-negative	IS1	13802-14569	59336-60103	44767	blaKPC-2,blaOXA,blaTEM-1	3
RefSeq_NZ_AP024779.1	IncN	Gram-negative	IS1	59336-60103	78728-79491	18625	aac(6')-Ib	1
RefSeq_NZ_AP024779.1	IncN	Gram-negative	IS26	50422-51241	69060-69882	17819	blaOXA,blaTEM-1,aac(6')-Ib	3
RefSeq_NZ_AP024779.1	IncN	Gram-negative	IS26	69060-69882	96523-97327	26641	estX-3,aadA2,cmlA1,aadA1	4
RefSeq_NZ_AP024782.1	IncN	Gram-negative	IS1	13802-14569	59336-60103	44767	blaKPC-2,blaOXA,blaTEM	3
RefSeq_NZ_AP024782.1	IncN	Gram-negative	IS1	59336-60103	78726-79487	18623	aac(6')-Ib	1
RefSeq_NZ_AP024782.1	IncN	Gram-negative	IS26	50422-51239	69060-69882	17821	blaOXA,blaTEM,aac(6')-Ib	3
RefSeq_NZ_AP024782.1	IncN	Gram-negative	IS26	69060-69882	96516-97320	26634	estX-3,aadA2,cmlA1,aadA1	4
RefSeq_NZ_AP024786.1	IncN	Gram-negative	IS1	13395-14162	58929-59696	44767	blaKPC-2,blaOXA,blaTEM-1	3
RefSeq_NZ_AP024786.1	IncN	Gram-negative	IS1	58929-59696	84778-85541	25082	blaKPC-2,aac(6')-Ib	2
RefSeq_NZ_AP024786.1	IncN	Gram-negative	IS26	50015-50834	75110-75932	24276	blaOXA,blaTEM-1,blaKPC-2,aac(6')-Ib	4
RefSeq_NZ_AP024786.1	IncN	Gram-negative	IS26	75110-75932	102573-103377	26641	estX-3,aadA2,cmlA1,aadA1	4
RefSeq_NZ_AP024790.1	IncN	Gram-negative	IS1	13801-14568	59335-60102	44767	blaKPC-2,blaOXA,blaTEM-1	3
RefSeq_NZ_AP024790.1	IncN	Gram-negative	IS1	59335-60102	78726-79488	18624	aac(6')-Ib	1
RefSeq_NZ_AP024790.1	IncN	Gram-negative	IS26	50421-51240	69059-69881	17819	blaOXA,blaTEM-1,aac(6')-Ib	3
RefSeq_NZ_AP024790.1	IncN	Gram-negative	IS26	69059-69881	96525-97329	26644	estX-3,aadA2,cmlA1,aadA1	4
RefSeq_NZ_AP024793.1	IncN	Gram-negative	IS1	13284-14051	58818-59585	44767	blaKPC-2,blaOXA,blaTEM-1	3
RefSeq_NZ_AP024793.1	IncN	Gram-negative	IS1	58818-59585	78209-78971	18624	aac(6')-Ib	1
RefSeq_NZ_AP024793.1	IncN	Gram-negative	IS26	49904-50723	68542-69364	17819	blaOXA,blaTEM-1,aac(6')-Ib	3
RefSeq_NZ_AP024793.1	IncN	Gram-negative	IS26	68542-69364	105913-106717	36549	blaKPC,estX-3,aadA2,cmlA1,aadA1	5
RefSeq_NZ_AP024796.1	IncN	Gram-negative	IS1	13882-14649	43918-44681	29269	blaKPC-2	1
RefSeq_NZ_AP024796.1	IncN	Gram-negative	IS1	43918-44681	63306-64073	18625	aac(6')-Ib	1
RefSeq_NZ_AP024796.1	IncN	Gram-negative	IS26	53527-54349	72174-72992	17825	aac(6')-Ib,blaTEM,blaOXA	3
RefSeq_NZ_AP024796.1	IncN	Gram-negative	IS26	72174-72992	106520-107324	33528	blaKPC-2,estX-3,aadA2,cmlA1,aadA1	5
RefSeq_NZ_AP024923.1	IncFII	Gram-negative	IS26	2216-3035	7550-8369	4515	floR,aph(6)-Id,aph(3'')-Ib	3
RefSeq_NZ_AP025012.1	IncFII	Gram-negative	IS26	23765-24593	30948-31639	6355	qnrS1	1
RefSeq_NZ_AP025012.1	IncFII	Gram-negative	IS26	30948-31639	45612-46434	13973	blaNDM-1,ble	2
RefSeq_NZ_AP025658.1	IncFII	Gram-negative	IS26	67065-67884	69929-70752	2045	dfrA14	1
RefSeq_NZ_AP025660.1	IncN	Gram-negative	IS26	40460-41283	43328-44147	2045	dfrA14	1
RefSeq_NZ_AP025663.1	IncFII	Gram-negative	IS26	67065-67884	69929-70752	2045	dfrA14	1
RefSeq_NZ_AP026412.1	IncFII	Gram-negative	IS1	969-1736	22824-23555	21088	sul1,dfrA21,aph(6)-Id,aph(3'')-Ib	4
RefSeq_NZ_AP026425.1	IncFII	Gram-negative	IS1	969-1736	22822-23553	21086	sul1,dfrA21,aph(6)-Id,aph(3'')-Ib	4
RefSeq_NZ_AP026789.1	IncFII	Gram-negative	IS26	85928-86690	93972-94793	7282	tet(A),aph(6)-Id,aph(3'')-Ib,sul2	4
RefSeq_NZ_AP026789.1	IncFII	Gram-negative	IS26	93972-94793	104560-105385	9767	mph(A),mrx(A),sul1,aadA5,dfrA17	5
RefSeq_NZ_AP026789.1	IncFII	Gram-negative	IS26	142025-142861	148767-149586	5906	blaCTX-M-15	1
RefSeq_NZ_AP026789.1	IncFII	Gram-negative	IS26	148767-149586	151773-152592	2187	catB3,blaOXA-1,aac(6')-Ib-cr5	3
RefSeq_NZ_AP026795.1	IncFII	Gram-negative	IS26	85928-86690	93972-94793	7282	tet(A),aph(6)-Id,aph(3'')-Ib,sul2	4
RefSeq_NZ_AP026795.1	IncFII	Gram-negative	IS26	93972-94793	104560-105385	9767	mph(A),mrx(A),sul1,aadA5,dfrA17	5
RefSeq_NZ_AP026795.1	IncFII	Gram-negative	IS26	142035-142871	148777-149596	5906	blaCTX-M-15	1
RefSeq_NZ_AP026795.1	IncFII	Gram-negative	IS26	148777-149596	151783-152602	2187	catB3,blaOXA-1,aac(6')-Ib-cr5	3
RefSeq_NZ_AP026962.1	IncN	Gram-negative	IS26	97481-98307	99481-100300	1174	aph(3')-Ia	1
RefSeq_NZ_AP026962.1	IncN	Gram-negative	IS26	99481-100300	118127-118947	17827	tet(A)	1
RefSeq_NZ_AP026962.1	IncN	Gram-negative	IS26	120247-121066	127529-128352	6463	floR	1
RefSeq_NZ_AP026962.1	IncN	Gram-negative	IS26	127529-128352	147717-148536	19365	qnrS1,blaCTX-M-55	2
RefSeq_NZ_AP026962.1	IncN	Gram-negative	IS26	147717-148536	154841-155660	6305	aac(3)-IId	1
RefSeq_NZ_AP026962.1	IncN	Gram-negative	IS26	159369-160150	163703-164523	3553	mrx(A),mph(A)	2
RefSeq_NZ_AP026962.1	IncN	Gram-negative	IS26	163703-164523	166745-167564	2222	arr-2,dfrA14	2
RefSeq_NZ_AP026963.1	IncX1	Gram-negative	IS1	3933-4525	27715-28482	23190	aac(3)-IId	1
RefSeq_NZ_AP026963.1	IncX1	Gram-negative	IS1	29407-30174	75169-75937	44995	aadA1,qnrS1,sul2,floR,blaTEM-1	5
RefSeq_NZ_AP026963.1	IncX1	Gram-negative	IS26	14231-15050	19020-19837	3970	aac(3)-IId	1
RefSeq_NZ_AP026963.1	IncX1	Gram-negative	IS26	19020-19837	32210-33031	12373	aadA1	1
RefSeq_NZ_AP026963.1	IncX1	Gram-negative	IS26	32210-33031	36441-37260	3410	qnrS1	1
RefSeq_NZ_AP026963.1	IncX1	Gram-negative	IS26	36441-37260	50378-51198	13118	sul2,floR	2
RefSeq_NZ_AP027415.1	IncFII	Gram-negative	IS26	72906-73726	79561-80383	5835	sul3,aadA1	2
RefSeq_NZ_AP027415.1	IncFII	Gram-negative	IS26	79561-80383	94506-95325	14123	dfrA12,aadA2	2
RefSeq_NZ_AP027420.1	IncN	Gram-negative	IS26	11599-12419	16118-16937	3699	dfrA12,aadA2	2
RefSeq_NZ_AP027420.1	IncN	Gram-negative	IS26	16118-16937	18854-19673	1917	blaTEM-1	1
RefSeq_NZ_AP027958.1	IncFII	Gram-negative	IS26	19199-20015	43777-44596	23762	sul2,floR,dfrA12,aadA2,cmlA1,aadA1,tet(M)	7
RefSeq_NZ_AP027961.1	IncFII	Gram-negative	IS26	2816-3635	27393-28212	23758	tet(M),aadA1,cmlA1,aadA2,dfrA12,floR,sul2	7
RefSeq_NZ_AP027961.1	IncFII	Gram-negative	IS26	30436-31256	33784-34603	2528	aac(3)-IId	1
RefSeq_NZ_AP027966.1	IncX1	Gram-negative	IS26	11590-12409	18083-18904	5674	tet(M)	1
RefSeq_NZ_AP027972.1	IncFII	Gram-negative	IS26	44135-44954	67880-68699	22926	tet(A)	1
RefSeq_NZ_AP027972.1	IncFII	Gram-negative	IS26	67880-68699	70744-71567	2045	dfrA14	1
RefSeq_NZ_AP027980.1	IncX1	Gram-negative	IS26	5224-6043	10192-11011	4149	aac(3)-IId	1
RefSeq_NZ_AP027980.1	IncX1	Gram-negative	IS26	10192-11011	16767-17593	5756	dfrA12,aadA2,sul3	3
RefSeq_NZ_AP027980.1	IncX1	Gram-negative	IS26	21711-22530	39943-40763	17413	blaTEM	1
RefSeq_NZ_AP027980.1	IncX1	Gram-negative	IS26	39943-40763	53841-54656	13078	floR,sul2	2
RefSeq_NZ_AP027980.1	IncX1	Gram-negative	IS26	55971-56795	60012-60842	3217	qnrS	1
RefSeq_NZ_AP028096.1	IncFII	Gram-negative	IS26	66868-67687	70835-71658	3148	mrx(A),mph(A)	2
RefSeq_NZ_BFCA01000002.1	IncFII	Gram-negative	IS26	196649-197469	198510-199245	1041	aph(3')-Ia	1
RefSeq_NZ_CM004510.1	IncN	Gram-negative	IS26	988-1807	8172-8991	6365	qnrB1	1
RefSeq_NZ_CM004510.1	IncN	Gram-negative	IS26	8172-8991	29941-30760	20950	dfrA14	1
RefSeq_NZ_CM004510.1	IncN	Gram-negative	IS26	29941-30760	32947-33767	2187	aac(6')-Ib-cr5,blaOXA-1,catB3	3
RefSeq_NZ_CM004510.1	IncN	Gram-negative	IS26	32947-33767	36367-37186	2600	aac(3)-IIe	1
RefSeq_NZ_CM004510.1	IncN	Gram-negative	IS26	36367-37186	50855-51693	13669	blaCTX-M-15,blaTEM-1,aph(6)-Id,aph(3'')-Ib,sul2	5
RefSeq_NZ_CM008264.1	IncN	Gram-negative	IS26	109894-110717	113101-113922	2384	dfrA14	1
RefSeq_NZ_CM008264.1	IncN	Gram-negative	IS26	113101-113922	120753-121572	6831	tet(A)	1
RefSeq_NZ_CM008471.1	IncN	Gram-negative	IS26	20448-21285	36110-36930	14825	blaNDM-1,ble,qnrS1	3
RefSeq_NZ_CM010665.1	IncFII	Gram-negative	IS26	15895-16718	18107-18929	1389	catA2	1
RefSeq_NZ_CM010665.1	IncFII	Gram-negative	IS26	93678-94497	99027-99846	4530	blaKPC-2	1
RefSeq_NZ_CM012199.1	IncFII	Gram-negative	IS26	36519-37339	51592-52384	14253	sul2,aph(3'')-Ib,aph(6)-Id,blaTEM-1,blaCTX-M-15	5
RefSeq_NZ_CM012199.1	IncFII	Gram-negative	IS26	51592-52384	59112-59931	6728	dfrA14	1
RefSeq_NZ_CM012199.1	IncFII	Gram-negative	IS26	59112-59931	66564-67383	6633	qnrB1	1
RefSeq_NZ_CM016732.1	IncFII	Gram-negative	IS1	41890-42657	83585-84297	40928	tet(D)	1
RefSeq_NZ_CM016732.1	IncFII	Gram-negative	IS26	70779-71598	75125-75945	3527	tet(D)	1
RefSeq_NZ_CM016896.1	IncFII	Gram-negative	IS26	18052-18872	29359-30178	10487	bleO,mcr-3.22	2
RefSeq_NZ_CM017020.1	IncFII	Gram-negative	IS26	36989-37808	50252-51071	12444	blaTEM-1	1
RefSeq_NZ_CM017020.1	IncFII	Gram-negative	IS26	50252-51071	53543-54362	2472	aac(3)-IId	1
RefSeq_NZ_CM017020.1	IncFII	Gram-negative	IS26	53543-54362	64328-65149	9966	dfrA17,aadA5,sul1,mrx(A),mph(A)	5
RefSeq_NZ_CM017020.1	IncFII	Gram-negative	IS26	64328-65149	71806-72625	6657	sul2,aph(3'')-Ib,aph(6)-Id,tet(A)	4
RefSeq_NZ_CM017057.1	IncFII	Gram-negative	IS26	9126-9946	34606-35426	24660	dfrA14,mrx(A),mph(A)	3
RefSeq_NZ_CM017057.1	IncFII	Gram-negative	IS1	23412-24179	41511-42278	17332	dfrA14,mrx(A),mph(A)	3
RefSeq_NZ_CM017060.1	IncFII	Gram-negative	IS26	30199-31018	40984-41805	9966	dfrA17,aadA5,sul1,mrx(A),mph(A)	5
RefSeq_NZ_CM017060.1	IncFII	Gram-negative	IS26	40984-41805	48462-49281	6657	sul2,aph(3'')-Ib,aph(6)-Id,tet(A)	4
RefSeq_NZ_CM017060.1	IncFII	Gram-negative	IS26	49279-50072	53359-54179	3287	blaCTX-M-27	1
RefSeq_NZ_CM017060.1	IncFII	Gram-negative	IS26	53359-54179	58657-59476	4478	erm(B)	1
RefSeq_NZ_CM017061.1	IncFII	Gram-negative	IS26	14983-15802	25768-26589	9966	dfrA17,aadA5,sul1,mrx(A),mph(A)	5
RefSeq_NZ_CM017061.1	IncFII	Gram-negative	IS26	25768-26589	32203-33022	5614	sul2,aph(3'')-Ib,aph(6)-Id,tet(A)	4
RefSeq_NZ_CM017061.1	IncFII	Gram-negative	IS26	32203-33022	34542-35361	1520	blaCTX-M-27	1
RefSeq_NZ_CM017069.1	IncFII	Gram-negative	IS26	17269-18088	22474-23294	4386	aph(6)-Id,aph(3'')-Ib,sul2	3
RefSeq_NZ_CM017069.1	IncFII	Gram-negative	IS26	22474-23294	42328-43095	19034	blaTEM-1,tet(B)	2
RefSeq_NZ_CM017069.1	IncFII	Gram-negative	IS1	24747-25514	30476-31243	4962	tet(B)	1
RefSeq_NZ_CM017076.1	IncFII	Gram-negative	IS26	22202-23021	32987-33808	9966	dfrA17,aadA5,sul1,mrx(A),mph(A)	5
RefSeq_NZ_CM017076.1	IncFII	Gram-negative	IS26	32987-33808	39422-40241	5614	sul2,aph(3'')-Ib,aph(6)-Id,tet(A)	4
RefSeq_NZ_CM017076.1	IncFII	Gram-negative	IS26	39422-40241	41761-42580	1520	blaCTX-M-27	1
RefSeq_NZ_CM017081.1	IncFII	Gram-negative	IS26	4394-5213	6733-7552	1520	blaCTX-M-27	1
RefSeq_NZ_CM017081.1	IncFII	Gram-negative	IS26	6733-7552	13166-13987	5614	tet(A),aph(6)-Id,aph(3'')-Ib,sul2	4
RefSeq_NZ_CM017081.1	IncFII	Gram-negative	IS26	13166-13987	23953-24772	9966	mph(A),mrx(A),sul1,aadA5,dfrA17	5
RefSeq_NZ_CM017095.1	IncFII	Gram-negative	IS26	41344-42163	52129-52950	9966	dfrA17,aadA5,sul1,mrx(A),mph(A)	5
RefSeq_NZ_CM017095.1	IncFII	Gram-negative	IS26	52129-52950	55672-56491	2722	sul2,aph(3'')-Ib,aph(6)-Id	3
RefSeq_NZ_CM017095.1	IncFII	Gram-negative	IS26	57058-57877	60458-61284	2581	tet(A)	1
RefSeq_NZ_CM017095.1	IncFII	Gram-negative	IS26	66795-67616	70602-71421	2986	aac(3)-IId	1
RefSeq_NZ_CM017099.1	IncFII	Gram-negative	IS26	21727-22547	32513-33336	9966	dfrA17,aadA5,sul1,mrx(A),mph(A)	5
RefSeq_NZ_CM017099.1	IncFII	Gram-negative	IS26	32513-33336	36415-37236	3079	aph(6)-Id,aph(3'')-Ib,sul2	3
RefSeq_NZ_CM017099.1	IncFII	Gram-negative	IS26	36415-37236	39776-40595	2540	tet(A)	1
RefSeq_NZ_CM017099.1	IncFII	Gram-negative	IS26	39776-40595	42115-42934	1520	blaCTX-M-27	1
RefSeq_NZ_CM017107.1	IncFII	Gram-negative	IS26	17307-18126	34342-34988	16216	tet(B)	1
RefSeq_NZ_CM017107.1	IncFII	Gram-negative	IS26	34342-34988	36168-36995	1180	dfrA8	1
RefSeq_NZ_CM017107.1	IncFII	Gram-negative	IS1	29216-29983	33574-34341	3591	tet(B)	1
RefSeq_NZ_CM017107.1	IncFII	Gram-negative	IS1	33574-34341	50491-51258	16150	dfrA8,blaTEM-1,sul2,aph(3'')-Ib,aph(6)-Id	5
RefSeq_NZ_CM017127.1	IncFII	Gram-negative	IS26	41344-42163	52138-52959	9975	dfrA17,aadA5,sul1,mrx(A),mph(A)	5
RefSeq_NZ_CM017127.1	IncFII	Gram-negative	IS26	52138-52959	58471-59292	5512	sul2,aph(3'')-Ib,aph(6)-Id,tet(A)	4
RefSeq_NZ_CM017127.1	IncFII	Gram-negative	IS26	62883-63702	68737-69556	5035	blaCTX-M-27	1
RefSeq_NZ_CM017133.1	IncFII	Gram-negative	IS26	79081-79900	81080-81900	1180	dfrA8	1
RefSeq_NZ_CM017140.1	IncFII	Gram-negative	IS1	40342-41109	87438-88205	46329	blaCTX-M-15,catB3,blaOXA-1,aac(6')-Ib-cr5,aac(3)-IIe	5
RefSeq_NZ_CM017140.1	IncFII	Gram-negative	IS26	44246-45080	50986-51805	5906	blaCTX-M-15	1
RefSeq_NZ_CM017140.1	IncFII	Gram-negative	IS26	50986-51805	53992-54811	2187	catB3,blaOXA-1,aac(6')-Ib-cr5	3
RefSeq_NZ_CM017140.1	IncFII	Gram-negative	IS26	56237-57066	59666-60487	2600	aac(3)-IIe	1
RefSeq_NZ_CM017144.1	IncFII	Gram-negative	IS26	4766-5586	16665-17486	11079	mph(A),mrx(A),sul1,aadA5,dfrA17	5
RefSeq_NZ_CM017152.1	IncFII	Gram-negative	IS26	17269-18088	33977-34799	15889	tet(B)	1
RefSeq_NZ_CM017152.1	IncFII	Gram-negative	IS26	33977-34799	40336-41156	5537	blaCTX-M-15	1
RefSeq_NZ_CM017152.1	IncFII	Gram-negative	IS26	40336-41156	51059-51878	9903	mph(A),mrx(A),sul1,aadA5,dfrA17	5
RefSeq_NZ_CM017152.1	IncFII	Gram-negative	IS1	29178-29945	77671-78438	47726	tet(B),blaCTX-M-15,mph(A),mrx(A),sul1,aadA5,dfrA17	7
RefSeq_NZ_CM017157.1	IncN	Gram-negative	IS26	6117-6726	49185-50022	42459	dfrA14	1
RefSeq_NZ_CM017167.1	IncFII	Gram-negative	IS26	8166-8985	35691-36517	26706	sul3,aadA1,cmlA1,aadA2,estX-3,tet(M),tet(A),floR	8
RefSeq_NZ_CM017170.1	IncFII	Gram-negative	IS26	12879-13698	16270-17092	2572	blaCTX-M-15	1
RefSeq_NZ_CM017170.1	IncFII	Gram-negative	IS26	16270-17092	24922-25741	7830	dfrA17,aadA5,sul1	3
RefSeq_NZ_CM017170.1	IncFII	Gram-negative	IS26	35749-36569	39823-40646	3254	mph(A),mrx(A)	2
RefSeq_NZ_CM017199.1	IncFII	Gram-negative	IS26	40046-40870	42226-43045	1356	blaCTX-M-134	1
RefSeq_NZ_CM017219.1	IncX1	Gram-negative	IS26	20480-21299	22819-23639	1520	blaCTX-M-27	1
RefSeq_NZ_CM017249.1	IncFII	Gram-negative	IS1	40361-41128	70796-71563	29668	blaCTX-M-27	1
RefSeq_NZ_CM017249.1	IncFII	Gram-negative	IS26	41344-42163	43603-44422	1440	blaCTX-M-27	1
RefSeq_NZ_CM017260.1	IncN	Gram-negative	IS26	6528-7349	11039-11858	3690	mph(A),mrx(A),blaCTX-M-1	3
RefSeq_NZ_CM017263.1	IncFII	Gram-negative	IS26	15280-16099	19292-20111	3193	blaCTX-M-27	1
RefSeq_NZ_CM017265.1	IncFII	Gram-negative	IS26	15290-16109	19302-20121	3193	blaCTX-M-27	1
RefSeq_NZ_CM018324.1	IncN	Gram-negative	IS26	3418-4237	6491-7310	2254	blaIMP-4	1
RefSeq_NZ_CP006642.1	IncX1	Gram-negative	IS26	5806-6625	7666-8486	1041	aph(3')-Ia	1
RefSeq_NZ_CP006642.1	IncX1	Gram-negative	IS26	33471-34290	39497-40316	5207	oqxB,oqxA	2
RefSeq_NZ_CP006642.1	IncX1	Gram-negative	IS26	39497-40316	50628-51447	10312	dfrA17	1
RefSeq_NZ_CP006642.1	IncX1	Gram-negative	IS26	50628-51447	55640-56458	4193	aac(3)-IId	1
RefSeq_NZ_CP006642.1	IncX1	Gram-negative	IS26	55640-56458	75320-76139	18862	blaTEM-1	1
RefSeq_NZ_CP006642.1	IncX1	Gram-negative	IS26	75320-76139	77661-78480	1522	bleO	1
RefSeq_NZ_CP006642.1	IncX1	Gram-negative	IS1	65592-66359	86625-87392	20266	bleO	1
RefSeq_NZ_CP006663.1	IncFII	Gram-negative	IS26	13688-14508	17477-18299	2969	mrx(A),mph(A)	2
RefSeq_NZ_CP007729.1	IncFII	Gram-negative	IS1	43604-44371	72667-73379	28296	catA1,dfrA12,aadA2,sul1,mrx(A),mph(A),aph(3')-Ia	7
RefSeq_NZ_CP007729.1	IncFII	Gram-negative	IS26	60384-61204	62245-62980	1041	aph(3')-Ia	1
RefSeq_NZ_CP007732.1	IncN	Gram-negative	IS26	32816-33653	60979-61800	27326	dfrA14	1
RefSeq_NZ_CP007732.1	IncN	Gram-negative	IS26	160021-160840	163673-164493	2833	msr(E),mph(E)	2
RefSeq_NZ_CP007732.1	IncN	Gram-negative	IS26	163673-164493	167569-168388	3076	sul1	1
RefSeq_NZ_CP007732.1	IncN	Gram-negative	IS26	167569-168388	176079-176898	7691	blaKPC-2	1
RefSeq_NZ_CP007732.1	IncN	Gram-negative	IS26	211098-211917	219915-220735	7998	blaSHV-5	1
RefSeq_NZ_CP008715.1	IncFII	Gram-negative	IS1	42867-43634	89270-90037	45636	blaTEM,dfrA17,aadA5,sul1,mrx(A),mph(A)	6
RefSeq_NZ_CP008715.1	IncFII	Gram-negative	IS1	89270-90037	118944-119711	28907	tet(B)	1
RefSeq_NZ_CP008715.1	IncFII	Gram-negative	IS26	62804-63624	78511-79332	14887	blaTEM	1
RefSeq_NZ_CP008715.1	IncFII	Gram-negative	IS26	78511-79332	105865-106684	26533	dfrA17,aadA5,sul1,mrx(A),mph(A),tet(B)	6
RefSeq_NZ_CP008800.1	IncFII	Gram-negative	IS1	43604-44371	60207-60919	15836	catA1,estX-3,aadA2,cmlA1,aadA1	5
RefSeq_NZ_CP008824.1	IncN	Gram-negative	IS26	32816-33653	60968-61789	27315	dfrA14	1
RefSeq_NZ_CP008824.1	IncN	Gram-negative	IS26	207689-208508	211341-212161	2833	msr(E),mph(E)	2
RefSeq_NZ_CP008824.1	IncN	Gram-negative	IS26	211341-212161	215237-216056	3076	sul1	1
RefSeq_NZ_CP008824.1	IncN	Gram-negative	IS26	215237-216056	223747-224566	7691	blaKPC-2	1
RefSeq_NZ_CP008824.1	IncN	Gram-negative	IS26	258766-259585	267583-268403	7998	blaSHV-5	1
RefSeq_NZ_CP008829.1	IncFII	Gram-negative	IS1	43604-44371	72667-73379	28296	catA1,dfrA12,aadA2,sul1,mrx(A),mph(A),aph(3')-Ia	7
RefSeq_NZ_CP008829.1	IncFII	Gram-negative	IS26	60384-61204	62245-62980	1041	aph(3')-Ia	1
RefSeq_NZ_CP008901.1	IncN	Gram-negative	IS26	23562-24171	29594-30431	5423	blaKPC-2	1
RefSeq_NZ_CP008908.1	IncN	Gram-negative	IS26	23562-24171	29594-30431	5423	blaKPC-2	1
RefSeq_NZ_CP008930.1	IncFII	Gram-negative	IS26	36476-37211	40738-41347	3527	tet(D)	1
RefSeq_NZ_CP009231.1	IncFII	Gram-negative	IS26	48999-49818	73688-74507	23870	catA1,tet(B)	2
RefSeq_NZ_CP009231.1	IncFII	Gram-negative	IS26	73688-74507	85441-86261	10934	dfrA17,aadA5,sul1,mrx(A),mph(A)	5
RefSeq_NZ_CP009231.1	IncFII	Gram-negative	IS26	85441-86261	90319-91138	4058	blaCTX-M-15	1
RefSeq_NZ_CP009231.1	IncFII	Gram-negative	IS26	90319-91138	93324-94143	2186	catB3,blaOXA-1,aac(6')-Ib-cr5	3
RefSeq_NZ_CP009231.1	IncFII	Gram-negative	IS1	54562-55329	59041-59805	3712	tet(B)	1
RefSeq_NZ_CP009231.1	IncFII	Gram-negative	IS1	59041-59805	104085-104755	44280	dfrA17,aadA5,sul1,mrx(A),mph(A),blaCTX-M-15,catB3,blaOXA-1,aac(6')-Ib-cr5	9
RefSeq_NZ_CP009232.1	IncFII	Gram-negative	IS1	66818-67585	102837-103604	35252	blaCTX-M-15,aac(3)-IIe,catB3,blaOXA-1,aac(6')-Ib-cr5,dfrA17,aadA5,sul1,mph(A),mrx(A)	10
RefSeq_NZ_CP009232.1	IncFII	Gram-negative	IS1	102837-103604	109193-109960	5589	tet(B)	1
RefSeq_NZ_CP009232.1	IncFII	Gram-negative	IS26	77903-78722	83461-84280	4739	blaCTX-M-15	1
RefSeq_NZ_CP009232.1	IncFII	Gram-negative	IS26	83461-84280	86880-87700	2600	aac(3)-IIe	1
RefSeq_NZ_CP009232.1	IncFII	Gram-negative	IS26	86880-87700	89887-90706	2187	catB3,blaOXA-1,aac(6')-Ib-cr5	3
RefSeq_NZ_CP009232.1	IncFII	Gram-negative	IS26	91583-92402	97493-98316	5091	dfrA17,aadA5,sul1	3
RefSeq_NZ_CP009232.1	IncFII	Gram-negative	IS26	97493-98316	101947-102766	3631	mph(A),mrx(A)	2
RefSeq_NZ_CP009232.1	IncFII	Gram-negative	IS26	101947-102766	132101-132920	29335	tet(B)	1
RefSeq_NZ_CP009233.1	IncFII	Gram-negative	IS26	65863-66682	73693-74512	7011	blaCTX-M-14	1
RefSeq_NZ_CP009233.1	IncFII	Gram-negative	IS26	73693-74512	81171-81992	6659	tet(A),aph(6)-Id,aph(3'')-Ib,sul2	4
RefSeq_NZ_CP009233.1	IncFII	Gram-negative	IS26	81171-81992	91958-92777	9966	mph(A),mrx(A),sul1,aadA5,dfrA17	5
RefSeq_NZ_CP009767.1	IncX1	Gram-negative	IS26	17046-17865	19265-20084	1400	catA2	1
RefSeq_NZ_CP009773.1	IncFII	Gram-negative	IS26	58247-58938	70382-71202	11444	dfrA14	1
RefSeq_NZ_CP009776.1	IncFII	Gram-negative	IS26	58239-59058	66705-67525	7647	dfrA14	1
RefSeq_NZ_CP009776.1	IncFII	Gram-negative	IS26	66705-67525	110085-110904	42560	blaSHV-12	1
RefSeq_NZ_CP009777.1	IncFII	Gram-negative	IS26	12309-13129	14170-14905	1041	aph(3')-Ia	1
RefSeq_NZ_CP009860.1	IncFII	Gram-negative	IS26	56751-57570	62011-62831	4441	erm(B)	1
RefSeq_NZ_CP009860.1	IncFII	Gram-negative	IS26	62011-62831	72734-73553	9903	mph(A),mrx(A),sul1,aadA5,dfrA17	5
RefSeq_NZ_CP009862.1	IncN	Gram-negative	IS26	23562-24171	59447-60284	35276	blaKPC-2,aac(6')-Ib',aadA1,blaOXA-9,blaTEM-1,aph(6)-Id,aph(3'')-Ib,sul2	8
RefSeq_NZ_CP009864.1	IncN	Gram-negative	IS26	23562-24171	41919-42756	17748	blaKPC-3,aac(6')-Ib',aadA1,blaOXA-9,blaTEM	5
RefSeq_NZ_CP009879.1	IncFII	Gram-negative	IS26	33330-34149	36335-37154	2186	catB3,blaOXA-1,aac(6')-Ib-cr5	3
RefSeq_NZ_CP009879.1	IncFII	Gram-negative	IS26	36335-37154	49032-49851	11878	tet(A),qnrB1	2
RefSeq_NZ_CP009879.1	IncFII	Gram-negative	IS26	49032-49851	56247-57039	6396	dfrA14	1
RefSeq_NZ_CP010155.1	IncX1	Gram-negative	IS26	5901-6721	36043-36862	29322	aph(3')-Ia	1
RefSeq_NZ_CP010155.1	IncX1	Gram-negative	IS26	36043-36862	38587-39406	1725	qnrS2	1
RefSeq_NZ_CP010164.1	IncX1	Gram-negative	IS26	3113-3932	8536-9357	4604	aac(6')-Ib-cr5,blaOXA-1,catB3,arr-3	4
RefSeq_NZ_CP010164.1	IncX1	Gram-negative	IS26	8536-9357	11728-12547	2371	dfrA17,aadA5	2
RefSeq_NZ_CP010168.1	IncX1	Gram-negative	IS26	18924-19743	35454-36274	15711	aph(3')-IIa	1
RefSeq_NZ_CP010168.1	IncX1	Gram-negative	IS26	35454-36274	42090-42909	5816	dfrA14,aadA1,blaOXA-10,cmlA5,arr-2	5
RefSeq_NZ_CP010363.1	IncFII	Gram-negative	IS26	72408-73227	80874-81694	7647	dfrA14	1
RefSeq_NZ_CP010390.1	IncFII	Gram-negative	IS26	65513-66333	80586-81378	14253	sul2,aph(3'')-Ib,aph(6)-Id,blaTEM-1,blaCTX-M-15	5
RefSeq_NZ_CP010390.1	IncFII	Gram-negative	IS26	89434-90226	92826-93646	2600	aac(3)-IIe	1
RefSeq_NZ_CP010390.1	IncFII	Gram-negative	IS26	92826-93646	95833-96652	2187	catB3,blaOXA-1,aac(6')-Ib-cr5	3
RefSeq_NZ_CP010390.1	IncFII	Gram-negative	IS26	95833-96652	105385-106206	8733	tet(A)	1
RefSeq_NZ_CP010390.1	IncFII	Gram-negative	IS26	105385-106206	110869-111688	4663	qnrB1	1
RefSeq_NZ_CP010390.1	IncFII	Gram-negative	IS26	110869-111688	118250-119069	6562	dfrA14	1
RefSeq_NZ_CP010393.1	IncFII	Gram-negative	IS1	1517-2284	30786-31498	28502	catA1,dfrA12,aadA2,sul1,mrx(A),mph(A),aph(3')-Ia	7
RefSeq_NZ_CP010393.1	IncFII	Gram-negative	IS26	18503-19323	20364-21099	1041	aph(3')-Ia	1
RefSeq_NZ_CP010882.1	IncFII	Gram-negative	IS26	66528-67349	76154-76974	8805	blaTEM-1	1
RefSeq_NZ_CP011062.1	IncN	Gram-negative	IS26	91894-92713	97424-98246	4711	aac(6')-Ib-cr5,blaOXA-1,catB3,arr-3,sul1	5
RefSeq_NZ_CP011062.1	IncN	Gram-negative	IS26	113019-113665	116157-116978	2492	tet(M)	1
RefSeq_NZ_CP011062.1	IncN	Gram-negative	IS26	119965-120786	123664-124483	2878	mph(A),mrx(A)	2
RefSeq_NZ_CP011062.1	IncN	Gram-negative	IS26	130030-130849	159974-160794	29125	aac(3)-IVa,aph(4)-Ia,sul2,floR,estX-3,aadA2,cmlA1,aadA1,sul3	9
RefSeq_NZ_CP011062.1	IncN	Gram-negative	IS26	159974-160794	161835-162654	1041	aph(3')-Ia	1
RefSeq_NZ_CP011062.1	IncN	Gram-negative	IS26	161835-162654	167861-168680	5207	oqxA,oqxB	2
RefSeq_NZ_CP011493.1	IncFII	Gram-negative	IS1	44009-44777	84118-84885	39341	ant(2'')-Ia,aadA1,cmlA6,sul1	4
RefSeq_NZ_CP011493.1	IncFII	Gram-negative	IS26	75616-76435	88702-89522	12267	ant(2'')-Ia,aadA1,cmlA6,sul1	4
RefSeq_NZ_CP011589.1	IncN	Gram-negative	IS26	11532-12351	25751-26360	13400	blaKPC-3	1
RefSeq_NZ_CP011977.1	IncFII	Gram-negative	IS26	24446-25266	26307-27126	1041	aph(3')-Ia	1
RefSeq_NZ_CP011977.1	IncFII	Gram-negative	IS26	28352-29087	32589-33410	3502	aac(6')-Ib	1
RefSeq_NZ_CP011977.1	IncFII	Gram-negative	IS26	32589-33410	55152-55972	21742	blaSHV-12,blaTEM	2
RefSeq_NZ_CP012143.1	IncN	Gram-negative	IS26	37367-38186	40407-41227	2221	aac(3)-IId	1
RefSeq_NZ_CP012169.1	IncFII	Gram-negative	IS26	40991-41810	45324-46152	3514	tet(D)	1
RefSeq_NZ_CP012169.1	IncFII	Gram-negative	IS26	45324-46152	53348-54167	7196	dfrA14	1
RefSeq_NZ_CP012169.1	IncFII	Gram-negative	IS26	53348-54167	71827-72646	17660	sul2,aph(3'')-Ib,aph(6)-Id,blaTEM-1	4
RefSeq_NZ_CP012197.1	IncFII	Gram-negative	IS1	64394-65161	103364-104131	38203	qepA1,rmtB1,blaTEM,aac(3)-IIe,dfrA17,aadA5,sul1,mrx(A),mph(A),erm(B)	10
RefSeq_NZ_CP012197.1	IncFII	Gram-negative	IS1	103364-104131	109720-110487	5589	tet(B)	1
RefSeq_NZ_CP012197.1	IncFII	Gram-negative	IS26	73333-74152	85362-86181	11210	qepA1,rmtB1,blaTEM	3
RefSeq_NZ_CP012197.1	IncFII	Gram-negative	IS26	85362-86181	88781-89603	2600	aac(3)-IIe	1
RefSeq_NZ_CP012197.1	IncFII	Gram-negative	IS26	88781-89603	100682-101502	11079	dfrA17,aadA5,sul1,mrx(A),mph(A)	5
RefSeq_NZ_CP012197.1	IncFII	Gram-negative	IS26	100682-101502	146279-147098	44777	erm(B),tet(B)	2
RefSeq_NZ_CP012397.1	IncFII	Gram-negative	IS26	2608-3427	4468-5287	1041	aph(3')-Ia	1
RefSeq_NZ_CP012397.1	IncFII	Gram-negative	IS26	4468-5287	9150-9969	3863	aac(3)-IId	1
RefSeq_NZ_CP012397.1	IncFII	Gram-negative	IS26	9150-9969	54142-54961	44173	blaCTX-M-15,tet(A)	2
RefSeq_NZ_CP012564.1	IncFII	Gram-negative	IS26	24640-25432	29709-30529	4277	blaCTX-M-15	1
RefSeq_NZ_CP012566.1	IncFII	Gram-negative	IS26	81105-81937	90909-91733	8972	arr-3,dfrA1,sul1	3
RefSeq_NZ_CP012567.1	IncFII	Gram-negative	IS1	103872-104639	132091-132803	27452	aac(6')-Ib-cr5,blaOXA-1,catB3	3
RefSeq_NZ_CP012567.1	IncFII	Gram-negative	IS26	112779-113598	120342-121077	6744	aac(6')-Ib-cr5,blaOXA-1,catB3	3
RefSeq_NZ_CP012571.1	IncFII	Gram-negative	IS26	71135-71954	90082-90906	18128	sul1,dfrA1,arr-3	3
RefSeq_NZ_CP012988.3	IncFII	Gram-negative	IS26	77323-78142	91623-92442	13481	tet(A),qnrB1	2
RefSeq_NZ_CP012988.3	IncFII	Gram-negative	IS26	91623-92442	99170-99962	6728	dfrA14	1
RefSeq_NZ_CP012988.3	IncFII	Gram-negative	IS26	99170-99962	114215-115035	14253	blaCTX-M-15,blaTEM-1,aph(6)-Id,aph(3'')-Ib,sul2	5
RefSeq_NZ_CP012993.2	IncFII	Gram-negative	IS26	77323-78142	91623-92442	13481	tet(A),qnrB1	2
RefSeq_NZ_CP012993.2	IncFII	Gram-negative	IS26	91623-92442	99170-99962	6728	dfrA14	1
RefSeq_NZ_CP012993.2	IncFII	Gram-negative	IS26	99170-99962	114215-115035	14253	blaCTX-M-15,blaTEM-1,aph(6)-Id,aph(3'')-Ib,sul2	5
RefSeq_NZ_CP013657.1	IncFII	Gram-negative	IS26	83454-84277	90602-91421	6325	blaTEM-1	1
RefSeq_NZ_CP013657.1	IncFII	Gram-negative	IS26	90602-91421	129887-130706	38466	tet(A)	1
RefSeq_NZ_CP013657.1	IncFII	Gram-negative	IS26	129887-130706	132893-133712	2187	aac(6')-Ib-cr5,blaOXA-1,catB3	3
RefSeq_NZ_CP013657.1	IncFII	Gram-negative	IS26	132893-133712	137284-138106	3572	blaCTX-M-15	1
RefSeq_NZ_CP013832.1	IncFII	Gram-negative	IS1	403-1169	47922-48689	46753	sul1,aadA5,dfrA17	3
RefSeq_NZ_CP013833.1	IncFII	Gram-negative	IS26	67532-68351	70538-71357	2187	aac(6')-Ib-cr5,blaOXA-1,catB3	3
RefSeq_NZ_CP013833.1	IncFII	Gram-negative	IS26	70538-71357	78156-78975	6799	tet(A)	1
RefSeq_NZ_CP013833.1	IncFII	Gram-negative	IS26	88983-89802	99740-100559	9938	blaTEM	1
RefSeq_NZ_CP014005.1	IncFII	Gram-negative	IS26	49945-50764	54123-54943	3359	dfrA12,aadA2	2
RefSeq_NZ_CP014121.1	IncFII	Gram-negative	IS26	174716-175536	179063-179882	3527	tet(D)	1
RefSeq_NZ_CP014321.1	IncFII	Gram-negative	IS26	99995-100814	103001-103820	2187	catB3,blaOXA-1,aac(6')-Ib-cr5	3
RefSeq_NZ_CP014498.1	IncFII	Gram-negative	IS26	123728-124547	134513-135334	9966	dfrA17,aadA5,sul1,mrx(A),mph(A)	5
RefSeq_NZ_CP014498.1	IncFII	Gram-negative	IS26	134513-135334	141418-142237	6084	sul2,aph(3'')-Ib,aph(6)-Id,tet(A)	4
RefSeq_NZ_CP014498.1	IncFII	Gram-negative	IS26	141418-142237	152202-153023	9965	dfrA17,aadA5,sul1,mrx(A),mph(A)	5
RefSeq_NZ_CP014498.1	IncFII	Gram-negative	IS26	152202-153023	159106-159925	6083	sul2,aph(3'')-Ib,aph(6)-Id,tet(A)	4
RefSeq_NZ_CP014498.1	IncFII	Gram-negative	IS26	159106-159925	169860-170682	9935	dfrA17,aadA5,sul1	3
RefSeq_NZ_CP014498.1	IncFII	Gram-negative	IS26	169860-170682	176639-177458	5957	sul2,aph(3'')-Ib	2
RefSeq_NZ_CP014498.1	IncFII	Gram-negative	IS26	176639-177458	187423-188244	9965	dfrA,mrx(A),mph(A)	3
RefSeq_NZ_CP014498.1	IncFII	Gram-negative	IS26	187423-188244	194329-195148	6085	sul2,aph(3'')-Ib,aph(6)-Id,tet(A)	4
RefSeq_NZ_CP014498.1	IncFII	Gram-negative	IS26	199033-199854	202850-203669	2996	aac(3)-IId	1
RefSeq_NZ_CP014524.1	IncN	Gram-negative	IS26	23992-24812	29235-30072	4423	tet(D)	1
RefSeq_NZ_CP015077.1	IncFII	Gram-negative	IS1	71845-72612	92060-92827	19448	blaTEM-1,sul2,aph(3'')-Ib,aph(6)-Id	4
RefSeq_NZ_CP015077.1	IncFII	Gram-negative	IS26	77213-78034	79951-80771	1917	blaTEM-1	1
RefSeq_NZ_CP015077.1	IncFII	Gram-negative	IS26	79951-80771	85157-85976	4386	sul2,aph(3'')-Ib,aph(6)-Id	3
RefSeq_NZ_CP015086.1	IncFII	Gram-negative	IS26	3557-4376	11033-11854	6657	tet(A),aph(6)-Id,aph(3'')-Ib,sul2	4
RefSeq_NZ_CP015086.1	IncFII	Gram-negative	IS26	11033-11854	21621-22441	9767	mph(A),mrx(A),sul1,aadA5,dfrA17	5
RefSeq_NZ_CP015086.1	IncFII	Gram-negative	IS26	107705-108524	110711-111531	2187	aac(6')-Ib-cr5,blaOXA-1,catB3	3
RefSeq_NZ_CP015086.1	IncFII	Gram-negative	IS26	111537-112356	118262-119096	5906	blaCTX-M-15	1
RefSeq_NZ_CP015132.1	IncFII	Gram-negative	IS26	187229-188048	196046-196865	7998	blaSHV-1	1
RefSeq_NZ_CP015383.1	IncFII	Gram-negative	IS26	9860-10652	17048-17867	6396	dfrA14	1
RefSeq_NZ_CP015383.1	IncFII	Gram-negative	IS26	17048-17867	23857-24676	5990	qnrB1	1
RefSeq_NZ_CP015383.1	IncFII	Gram-negative	IS26	28558-29377	31977-32797	2600	aac(3)-IIe	1
RefSeq_NZ_CP015383.1	IncFII	Gram-negative	IS26	31977-32797	34983-35802	2186	catB3,blaOXA-1,aac(6')-Ib-cr5	3
RefSeq_NZ_CP015383.1	IncFII	Gram-negative	IS26	34983-35802	41698-42518	5896	tet(A)	1
RefSeq_NZ_CP015386.1	IncFII	Gram-negative	IS26	77294-78029	79070-79890	1041	aph(3')-Ia	1
RefSeq_NZ_CP015386.1	IncFII	Gram-negative	IS26	79070-79890	90612-91438	10722	mph(A),mrx(A),sul1,aadA2,dfrA12	5
RefSeq_NZ_CP015387.1	IncFII	Gram-negative	IS26	126231-127050	134697-135517	7647	dfrA14	1
RefSeq_NZ_CP015393.1	IncFII	Gram-negative	IS26	39696-40516	79679-80415	39163	catA1,mrx(A),mph(A)	3
RefSeq_NZ_CP015396.1	IncFII	Gram-negative	IS26	49496-50318	64873-65692	14555	aac(6')-Ib	1
RefSeq_NZ_CP015502.1	IncFII	Gram-negative	IS26	87792-88611	97309-98128	8698	dfrA14	1
RefSeq_NZ_CP015725.1	IncN	Gram-negative	IS26	1-809	11411-12231	10602	aac(6')-Ib-cr5,blaOXA-1,catB3,arr-3,sul1,mrx(A),mph(A)	7
RefSeq_NZ_CP015725.1	IncN	Gram-negative	IS26	18414-19234	29474-30293	10240	blaNDM-9,ble,sul1,aadA2,dfrA12	5
RefSeq_NZ_CP015725.1	IncN	Gram-negative	IS26	168111-168930	174128-174947	5198	oqxA,oqxB	2
RefSeq_NZ_CP015725.1	IncN	Gram-negative	IS26	174128-174947	179658-180478	4711	aadA5,dfrA17	2
RefSeq_NZ_CP015725.1	IncN	Gram-negative	IS26	179658-180478	182000-182819	1522	bleO	1
RefSeq_NZ_CP015725.1	IncN	Gram-negative	IS26	185448-186269	187077-187896	808	fosA3	1
RefSeq_NZ_CP015725.1	IncN	Gram-negative	IS26	187077-187896	191923-192743	4027	blaCTX-M-65	1
RefSeq_NZ_CP015823.1	IncFII	Gram-negative	IS1	55434-56146	84648-85415	28502	aph(3')-Ia,mph(A),mrx(A),sul1,aadA2,dfrA12,catA1	7
RefSeq_NZ_CP015823.1	IncFII	Gram-negative	IS26	65833-66568	67609-68429	1041	aph(3')-Ia	1
RefSeq_NZ_CP016402.1	IncFII	Gram-negative	IS26	22900-23721	25101-25919	1380	catA2	1
RefSeq_NZ_CP016402.1	IncFII	Gram-negative	IS26	25101-25919	29947-30761	4028	blaCTX-M-65	1
RefSeq_NZ_CP016810.1	IncFII	Gram-negative	IS26	70673-71496	80338-81157	8842	aph(6)-Id,aph(3'')-Ib,sul2	3
RefSeq_NZ_CP016810.1	IncFII	Gram-negative	IS26	82984-83805	84589-85408	784	aac(6')-Ib-cr5	1
RefSeq_NZ_CP016810.1	IncFII	Gram-negative	IS26	95761-96518	111489-112308	14971	dfrA14	1
RefSeq_NZ_CP016812.1	IncFII	Gram-negative	IS26	16278-17098	31821-32646	14723	catA1,ere(A),arr-2	3
RefSeq_NZ_CP016812.1	IncFII	Gram-negative	IS26	43746-44565	62616-63436	18051	tet(A)	1
RefSeq_NZ_CP017086.1	IncN	Gram-negative	IS26	257-1076	24550-25373	23474	blaKPC-2	1
RefSeq_NZ_CP017086.1	IncN	Gram-negative	IS26	41268-42087	46112-46931	4025	blaCTX-M-65	1
RefSeq_NZ_CP017086.1	IncN	Gram-negative	IS26	48607-49427	53235-54054	3808	rmtB1,blaTEM-1	2
RefSeq_NZ_CP017086.1	IncN	Gram-negative	IS26	53235-54054	55330-56149	1276	fosA3	1
RefSeq_NZ_CP017233.1	IncX1	Gram-negative	IS26	83298-84117	85517-86337	1400	catA2	1
RefSeq_NZ_CP017283.1	IncFII	Gram-negative	IS26	3330-4149	14389-15208	10240	blaNDM-9,ble,sul1,aadA2,dfrA12	5
RefSeq_NZ_CP017283.1	IncFII	Gram-negative	IS26	14389-15208	47480-48300	32272	aph(3')-Ia	1
RefSeq_NZ_CP017285.1	IncFII	Gram-negative	IS26	1252-2071	34328-35148	32257	aph(3')-Ia	1
RefSeq_NZ_CP017632.1	IncN	Gram-negative	IS26	14672-15491	17013-17832	1522	bleO	1
RefSeq_NZ_CP017632.1	IncN	Gram-negative	IS26	17013-17832	20837-21656	3005	sul1	1
RefSeq_NZ_CP017632.1	IncN	Gram-negative	IS26	20837-21656	22697-23517	1041	aph(3')-Ia	1
RefSeq_NZ_CP017632.1	IncN	Gram-negative	IS26	141675-142495	162836-163655	20341	floR,sul2,aph(4)-Ia,aac(3)-IVa	4
RefSeq_NZ_CP017632.1	IncN	Gram-negative	IS26	162836-163655	167032-167851	3377	fosA3,blaCTX-M-14	2
RefSeq_NZ_CP017632.1	IncN	Gram-negative	IS26	184636-185457	189618-190442	4161	mph(A),mrx(A)	2
RefSeq_NZ_CP017633.1	IncX1	Gram-negative	IS26	1-757	3525-4344	2768	blaCTX-M-55	1
RefSeq_NZ_CP017633.1	IncX1	Gram-negative	IS26	3525-4344	6840-7661	2496	fosA3	1
RefSeq_NZ_CP017633.1	IncX1	Gram-negative	IS26	11121-11946	17127-17946	5181	oqxA2,oqxB	2
RefSeq_NZ_CP017633.1	IncX1	Gram-negative	IS26	17127-17946	41227-42046	23281	aph(3')-IIa	1
RefSeq_NZ_CP017633.1	IncX1	Gram-negative	IS26	41227-42046	56817-57640	14771	sul2,aph(3'')-Ib,aph(6)-Id,tet(A),floR	5
RefSeq_NZ_CP017850.1	IncFII	Gram-negative	IS26	91670-92490	102735-103555	10245	blaNDM-9,ble,sul1,aadA2,dfrA12	5
RefSeq_NZ_CP017981.1	IncFII	Gram-negative	IS26	45452-46272	56318-57138	10046	blaNDM-5,ble	2
RefSeq_NZ_CP017981.1	IncFII	Gram-negative	IS26	56318-57138	65808-66627	8670	mph(A),mrx(A),blaTEM-1	3
RefSeq_NZ_CP017981.1	IncFII	Gram-negative	IS26	68653-69472	73540-74359	4068	erm(B)	1
RefSeq_NZ_CP018220.1	IncN	Gram-negative	IS26	8-829	2264-3084	1435	bleO	1
RefSeq_NZ_CP018220.1	IncN	Gram-negative	IS26	2264-3084	5676-6495	2592	dfrA12,aadA2	2
RefSeq_NZ_CP018220.1	IncN	Gram-negative	IS26	10073-10892	30823-31646	19931	aac(3)-IVa,blaTEM-1	2
RefSeq_NZ_CP018220.1	IncN	Gram-negative	IS26	34744-35566	51440-52257	15874	estX-3,aadA2,cmlA1,aadA1,sul3	5
RefSeq_NZ_CP018220.1	IncN	Gram-negative	IS26	72543-73360	106918-107737	33558	sul2,sul1	2
RefSeq_NZ_CP018220.1	IncN	Gram-negative	IS26	152742-153571	173570-174389	19999	tet(A)	1
RefSeq_NZ_CP018341.1	IncFII	Gram-negative	IS26	44730-45551	46951-47770	1400	catA2	1
RefSeq_NZ_CP018341.1	IncFII	Gram-negative	IS26	46951-47770	55925-56748	8155	sul2	1
RefSeq_NZ_CP018355.1	IncFII	Gram-negative	IS1	148476-149243	177745-178457	28502	catA1,dfrA12,aadA2,sul1,mrx(A),mph(A),aph(3')-Ia	7
RefSeq_NZ_CP018355.1	IncFII	Gram-negative	IS26	165462-166282	167323-168058	1041	aph(3')-Ia	1
RefSeq_NZ_CP018365.1	IncFII	Gram-negative	IS26	919-1736	5489-6309	3753	blaCTX-M-15	1
RefSeq_NZ_CP018365.1	IncFII	Gram-negative	IS26	5489-6309	11358-12178	5049	catA1	1
RefSeq_NZ_CP018365.1	IncFII	Gram-negative	IS26	11358-12178	48225-49044	36047	tet(A),dfrA1,sul1	3
RefSeq_NZ_CP018365.1	IncFII	Gram-negative	IS26	48225-49044	51231-52050	2187	aac(6')-Ib-cr5,blaOXA-1,catB3	3
RefSeq_NZ_CP018365.1	IncFII	Gram-negative	IS1	9641-10408	32699-33462	22291	catA1	1
RefSeq_NZ_CP018365.1	IncFII	Gram-negative	IS1	32699-33462	61920-62632	28458	tet(A),dfrA1,sul1,aac(6')-Ib-cr5,blaOXA-1,catB3	6
RefSeq_NZ_CP018424.1	IncFII	Gram-negative	IS1	2198-2965	31467-32179	28502	catA1,dfrA12,aadA2,sul1,mrx(A),mph(A),aph(3')-Ia	7
RefSeq_NZ_CP018424.1	IncFII	Gram-negative	IS26	19184-20004	21045-21780	1041	aph(3')-Ia	1
RefSeq_NZ_CP018430.1	IncFII	Gram-negative	IS1	2198-2965	31467-32179	28502	catA1,dfrA12,aadA2,sul1,mrx(A),mph(A),aph(3')-Ia	7
RefSeq_NZ_CP018430.1	IncFII	Gram-negative	IS26	19184-20004	21045-21780	1041	aph(3')-Ia	1
RefSeq_NZ_CP018434.1	IncFII	Gram-negative	IS1	2198-2965	31467-32179	28502	catA1,dfrA12,aadA2,sul1,mrx(A),mph(A),aph(3')-Ia	7
RefSeq_NZ_CP018434.1	IncFII	Gram-negative	IS26	19184-20004	21045-21780	1041	aph(3')-Ia	1
RefSeq_NZ_CP018441.1	IncFII	Gram-negative	IS26	58047-58782	59823-60644	1041	aph(3')-Ia	1
RefSeq_NZ_CP018441.1	IncFII	Gram-negative	IS26	59823-60644	62396-63215	1752	dfrA14	1
RefSeq_NZ_CP018441.1	IncFII	Gram-negative	IS26	74038-74860	78631-79450	3771	blaCTX-M-15	1
RefSeq_NZ_CP018441.1	IncFII	Gram-negative	IS26	78631-79450	82050-82870	2600	aac(3)-IIe	1
RefSeq_NZ_CP018441.1	IncFII	Gram-negative	IS26	82050-82870	85057-85876	2187	catB3,blaOXA-1,aac(6')-Ib-cr5	3
RefSeq_NZ_CP018442.1	IncN	Gram-negative	IS26	9727-10565	21309-22128	10744	mph(A),mrx(A),sul1,aadA2,dfrA12	5
RefSeq_NZ_CP018656.1	IncFII	Gram-negative	IS26	112949-113768	115685-116512	1917	blaTEM-1	1
RefSeq_NZ_CP018656.1	IncFII	Gram-negative	IS10	158662-159990	164127-165455	4137	tet(B)	1
RefSeq_NZ_CP018693.1	IncFII	Gram-negative	IS26	50465-51284	53471-54291	2187	aac(6')-Ib-cr5,blaOXA-1,catB3	3
RefSeq_NZ_CP018693.1	IncFII	Gram-negative	IS26	53471-54291	56891-57710	2600	aac(3)-IIe	1
RefSeq_NZ_CP018693.1	IncFII	Gram-negative	IS26	56891-57710	61481-62303	3771	blaCTX-M-15	1
RefSeq_NZ_CP018693.1	IncFII	Gram-negative	IS26	73126-73945	75697-76518	1752	dfrA14	1
RefSeq_NZ_CP018693.1	IncFII	Gram-negative	IS26	75697-76518	77559-78294	1041	aph(3')-Ia	1
RefSeq_NZ_CP018815.1	IncFII	Gram-negative	IS26	44663-45483	53130-53949	7647	dfrA14	1
RefSeq_NZ_CP018818.1	IncFII	Gram-negative	IS26	79139-79961	82930-83750	2969	mph(A),mrx(A)	2
RefSeq_NZ_CP018886.1	IncFII	Gram-negative	IS1	74425-75137	113359-114126	38222	aph(3')-Ia,mph(A),mrx(A),sul1	4
RefSeq_NZ_CP018886.1	IncFII	Gram-negative	IS26	84824-85559	86600-87420	1041	aph(3')-Ia	1
RefSeq_NZ_CP018887.1	IncN	Gram-negative	IS26	19623-20442	58074-58893	37632	dfrA30	1
RefSeq_NZ_CP018887.1	IncN	Gram-negative	IS26	58074-58893	72536-73355	13643	tet(A)	1
RefSeq_NZ_CP018887.1	IncN	Gram-negative	IS26	72536-73355	75542-76361	2187	catB3,blaOXA-1,aac(6')-Ib-cr5	3
RefSeq_NZ_CP018947.1	IncFII	Gram-negative	IS1	55783-56546	81558-82325	25012	catA1	1
RefSeq_NZ_CP018947.1	IncFII	Gram-negative	IS1	81558-82325	86727-87494	4402	tet(B)	1
RefSeq_NZ_CP018947.1	IncFII	Gram-negative	IS26	75321-76140	98584-99403	22444	catA1,tet(B)	2
RefSeq_NZ_CP018954.1	IncFII	Gram-negative	IS1	72487-73254	94775-95542	21521	mph(A),mrx(A),sul1,aadA5,dfrA17,aph(6)-Id,aph(3'')-Ib,sul2,blaTEM-1	9
RefSeq_NZ_CP018954.1	IncFII	Gram-negative	IS26	73387-74207	85767-86595	11560	mph(A),mrx(A),sul1,aadA5,dfrA17	5
RefSeq_NZ_CP018954.1	IncFII	Gram-negative	IS26	85767-86595	90981-91801	4386	aph(6)-Id,aph(3'')-Ib,sul2	3
RefSeq_NZ_CP018954.1	IncFII	Gram-negative	IS26	90981-91801	93718-94537	1917	blaTEM-1	1
RefSeq_NZ_CP018969.1	IncFII	Gram-negative	IS1	58021-58788	79652-80419	20864	blaCTX-M-27	1
RefSeq_NZ_CP018969.1	IncFII	Gram-negative	IS26	68410-69235	73999-74818	4764	blaCTX-M-27	1
RefSeq_NZ_CP018978.1	IncFII	Gram-negative	IS26	93658-94477	107554-108373	13077	tet(A)	1
RefSeq_NZ_CP018989.1	IncFII	Gram-negative	IS26	52438-53268	82051-82870	28783	blaTEM-1,blaOXA	2
RefSeq_NZ_CP019001.1	IncFII	Gram-negative	IS1	244189-244956	249013-249780	4057	tet(B)	1
RefSeq_NZ_CP019001.1	IncFII	Gram-negative	IS26	80735-81557	88445-89266	6888	blaKPC-2	1
RefSeq_NZ_CP019001.1	IncFII	Gram-negative	IS26	88445-89266	97861-98680	8595	mph(A),mrx(A),sul1,aac(6')-Il	4
RefSeq_NZ_CP019001.1	IncFII	Gram-negative	IS26	238751-239571	243301-244129	3730	mph(A),mrx(A)	2
RefSeq_NZ_CP019009.1	IncFII	Gram-negative	IS26	10005-10824	13633-14452	2809	aac(3)-IId	1
RefSeq_NZ_CP019009.1	IncFII	Gram-negative	IS26	117940-118762	128728-129549	9966	dfrA17,aadA5,sul1,mrx(A),mph(A)	5
RefSeq_NZ_CP019014.1	IncFII	Gram-negative	IS26	1969-2789	14392-15216	11603	blaKPC-3	1
RefSeq_NZ_CP019014.1	IncFII	Gram-negative	IS26	14392-15216	35868-36693	20652	tet(A)	1
RefSeq_NZ_CP019014.1	IncFII	Gram-negative	IS26	35868-36693	44954-45775	8261	sul1,aadA5,dfrA17	3
RefSeq_NZ_CP019028.1	IncFII	Gram-negative	IS1	44109-44872	82014-82781	37142	dfrA17,aadA5,sul1,mrx(A),mph(A),erm(B)	6
RefSeq_NZ_CP019028.1	IncFII	Gram-negative	IS26	53046-53865	63777-64597	9912	dfrA17,aadA5,sul1,mrx(A),mph(A)	5
RefSeq_NZ_CP019028.1	IncFII	Gram-negative	IS26	63777-64597	69038-69857	4441	erm(B)	1
RefSeq_NZ_CP019214.3	IncN	Gram-negative	IS26	100185-101017	105178-105999	4161	mrx(A),mph(A)	2
RefSeq_NZ_CP019214.3	IncN	Gram-negative	IS26	156526-157345	160722-161541	3377	blaCTX-M-14,fosA3	2
RefSeq_NZ_CP019214.3	IncN	Gram-negative	IS26	160722-161541	187934-188754	26393	aac(3)-IVa,aph(4)-Ia,sul2,dfrA12,aadA2,cmlA1,aadA1,sul3	8
RefSeq_NZ_CP019214.3	IncN	Gram-negative	IS26	187934-188754	190861-191680	2107	aph(3')-Ia	1
RefSeq_NZ_CP019214.3	IncN	Gram-negative	IS26	190861-191680	194685-195505	3005	sul1	1
RefSeq_NZ_CP019214.3	IncN	Gram-negative	IS26	194685-195505	197027-197846	1522	bleO	1
RefSeq_NZ_CP019214.3	IncN	Gram-negative	IS26	197027-197846	203053-203872	5207	oqxA2,oqxB2	2
RefSeq_NZ_CP019269.1	IncN	Gram-negative	IS26	29280-30100	32868-33687	2768	blaCTX-M-55	1
RefSeq_NZ_CP019269.1	IncN	Gram-negative	IS26	32868-33687	36183-37004	2496	fosA3	1
RefSeq_NZ_CP019272.1	IncX1	Gram-negative	IS26	6663-7486	22257-23076	14771	floR,tet(A),aph(6)-Id,aph(3'')-Ib,sul2	5
RefSeq_NZ_CP019272.1	IncX1	Gram-negative	IS26	22257-23076	28270-29089	5194	oqxA2,oqxB	2
RefSeq_NZ_CP019272.1	IncX1	Gram-negative	IS26	28270-29089	58032-58853	28943	aph(3')-IIa	1
RefSeq_NZ_CP019272.1	IncX1	Gram-negative	IS26	62934-63755	66251-67070	2496	fosA3	1
RefSeq_NZ_CP019272.1	IncX1	Gram-negative	IS26	66251-67070	69838-70658	2768	blaCTX-M-55	1
RefSeq_NZ_CP019276.1	IncFII	Gram-negative	IS26	22097-22917	25685-26504	2768	blaCTX-M-55	1
RefSeq_NZ_CP019276.1	IncFII	Gram-negative	IS26	25685-26504	29000-29821	2496	fosA3	1
RefSeq_NZ_CP019284.1	IncX1	Gram-negative	IS26	16009-16828	18228-19047	1400	catA2	1
RefSeq_NZ_CP019284.1	IncX1	Gram-negative	IS26	36129-36948	63612-64431	26664	aac(3)-IId,blaTEM-135	2
RefSeq_NZ_CP019284.1	IncX1	Gram-negative	IS26	63612-64431	84340-85159	19909	aph(3'')-Ib,aph(6)-Id	2
RefSeq_NZ_CP019284.1	IncX1	Gram-negative	IS26	84340-85159	86559-87378	1400	catA2	1
RefSeq_NZ_CP019353.1	IncN	Gram-negative	IS26	152869-153701	157862-158683	4161	mrx(A),mph(A)	2
RefSeq_NZ_CP019353.1	IncN	Gram-negative	IS26	161596-162418	184603-185422	22185	tet(A),qnrS1	2
RefSeq_NZ_CP019353.1	IncN	Gram-negative	IS26	184603-185422	191238-192059	5816	arr,cmlA5,blaOXA-10,aadA1,dfrA14	5
RefSeq_NZ_CP019353.1	IncN	Gram-negative	IS26	191238-192059	216303-217123	24244	sul2,floR,dfrA12,aadA2,cmlA1,aadA1,sul3	7
RefSeq_NZ_CP019353.1	IncN	Gram-negative	IS26	216303-217123	218164-218983	1041	aph(3')-Ia	1
RefSeq_NZ_CP019353.1	IncN	Gram-negative	IS26	218164-218983	221988-222807	3005	sul1	1
RefSeq_NZ_CP019353.1	IncN	Gram-negative	IS26	221988-222807	224329-225148	1522	bleO	1
RefSeq_NZ_CP019353.1	IncN	Gram-negative	IS26	224329-225148	230355-231174	5207	oqxA2,oqxB2	2
RefSeq_NZ_CP019356.1	IncN	Gram-negative	IS26	130008-130828	136035-136855	5207	oqxA,oqxB	2
RefSeq_NZ_CP019356.1	IncN	Gram-negative	IS26	250105-250924	251965-252784	1041	aph(3')-Ia	1
RefSeq_NZ_CP019356.1	IncN	Gram-negative	IS1	234832-235599	258869-259636	23270	estX-3,aadA2,cmlA1,aadA1,sul3,aph(3')-Ia	6
RefSeq_NZ_CP019395.1	IncX1	Gram-negative	IS26	2512-3332	7471-8290	4139	mph(A),mrx(A)	2
RefSeq_NZ_CP019395.1	IncX1	Gram-negative	IS26	7471-8290	13497-14316	5207	oqxA,oqxB	2
RefSeq_NZ_CP019395.1	IncX1	Gram-negative	IS26	13497-14316	30584-31403	16268	aph(3')-IIa	1
RefSeq_NZ_CP019395.1	IncX1	Gram-negative	IS26	30584-31403	43442-44265	12039	dfrA12,aadA2,sul1,rmtB1,blaTEM-1	5
RefSeq_NZ_CP019395.1	IncX1	Gram-negative	IS26	43442-44265	56941-57762	12676	floR,tet(A),aph(6)-Id,aph(3'')-Ib,sul2	5
RefSeq_NZ_CP019395.1	IncX1	Gram-negative	IS26	56941-57762	60258-61078	2496	fosA3	1
RefSeq_NZ_CP019647.1	IncN	Gram-negative	IS26	88986-89808	96364-97185	6556	tet(A),blaTEM-1	2
RefSeq_NZ_CP019647.1	IncN	Gram-negative	IS26	104404-105223	107961-108780	2738	sul3	1
RefSeq_NZ_CP019647.1	IncN	Gram-negative	IS26	107961-108780	117377-118201	8597	aadA1,cmlA1,aadA2,estX-3	4
RefSeq_NZ_CP019647.1	IncN	Gram-negative	IS26	238647-239466	245553-246373	6087	aph(3')-IIa	1
RefSeq_NZ_CP019647.1	IncN	Gram-negative	IS26	245553-246373	253162-253981	6789	bleO	1
RefSeq_NZ_CP019773.1	IncFII	Gram-negative	IS1	20417-21129	49631-50398	28502	aph(3')-Ia,mph(A),mrx(A),sul1,aadA2,dfrA12,catA1	7
RefSeq_NZ_CP019773.1	IncFII	Gram-negative	IS26	30816-31551	32592-33412	1041	aph(3')-Ia	1
RefSeq_NZ_CP019910.1	IncN	Gram-negative	IS26	22860-23679	30056-30875	6377	fosA8	1
RefSeq_NZ_CP020060.1	IncX1	Gram-negative	IS26	64-883	14396-15215	13513	tet(A)	1
RefSeq_NZ_CP020060.1	IncX1	Gram-negative	IS26	32820-33466	38377-39199	4911	blaTEM-1,sul3	2
RefSeq_NZ_CP020062.1	IncFII	Gram-negative	IS1	11421-12188	47907-48674	35719	blaSHV-5,sul1,catB3,ant(2'')-Ia,dfrA19	5
RefSeq_NZ_CP020062.1	IncFII	Gram-negative	IS26	31202-32021	39899-40718	7878	blaSHV-5	1
RefSeq_NZ_CP020066.1	IncN	Gram-negative	IS26	4624-5466	48930-49539	43464	dfrA14	1
RefSeq_NZ_CP020066.1	IncN	Gram-negative	IS26	48930-49539	64386-65208	14847	blaKPC-3,aac(6')-Ib	2
RefSeq_NZ_CP020069.1	IncFII	Gram-negative	IS1	109303-110070	145616-146383	35546	catA1	1
RefSeq_NZ_CP020072.1	IncFII	Gram-negative	IS1	24674-25386	53888-54655	28502	aph(3')-Ia,mph(A),mrx(A),sul1,aadA2,dfrA12,catA1	7
RefSeq_NZ_CP020072.1	IncFII	Gram-negative	IS26	35073-35808	36849-37669	1041	aph(3')-Ia	1
RefSeq_NZ_CP020109.1	IncFII	Gram-negative	IS1	126619-127386	154028-154740	26642	catA1,dfrA12,aadA2,sul1,mrx(A),mph(A)	6
RefSeq_NZ_CP020338.1	IncFII	Gram-negative	IS26	41978-42797	46826-47646	4029	dfrA17,aadA5,sul1	3
RefSeq_NZ_CP020338.1	IncFII	Gram-negative	IS26	46826-47646	52181-53001	4535	aac(3)-IId	1
RefSeq_NZ_CP020338.1	IncFII	Gram-negative	IS26	52181-53001	56453-57272	3452	mph(A),mrx(A)	2
RefSeq_NZ_CP020338.1	IncFII	Gram-negative	IS26	56453-57272	59262-60092	1990	blaTEM-1	1
RefSeq_NZ_CP020496.1	IncFII	Gram-negative	IS26	60952-61771	66202-67021	4431	dfrA17,aadA5,sul1	3
RefSeq_NZ_CP020496.1	IncFII	Gram-negative	IS26	66202-67021	73193-74024	6172	blaTEM-1	1
RefSeq_NZ_CP020496.1	IncFII	Gram-negative	IS26	73193-74024	77855-78674	3831	blaCTX-M-15	1
RefSeq_NZ_CP020496.1	IncFII	Gram-negative	IS26	77855-78674	80861-81680	2187	catB3,blaOXA-1,aac(6')-Ib-cr5	3
RefSeq_NZ_CP020496.1	IncFII	Gram-negative	IS26	99025-99844	103114-103933	3270	aac(3)-IId	1
RefSeq_NZ_CP020515.1	IncFII	Gram-negative	IS26	128128-128951	138678-139497	9727	dfrA12,aadA2,sul1,ble,blaNDM-5	5
RefSeq_NZ_CP020515.1	IncFII	Gram-negative	IS26	138678-139497	142837-143657	3340	rmtB1,blaTEM-1	2
RefSeq_NZ_CP020515.1	IncFII	Gram-negative	IS26	142837-143657	147716-148535	4059	blaCTX-M-15	1
RefSeq_NZ_CP020515.1	IncFII	Gram-negative	IS26	147716-148535	150722-151541	2187	catB3,blaOXA-1,aac(6')-Ib-cr5	3
RefSeq_NZ_CP020519.1	IncFII	Gram-negative	IS26	42366-43185	47616-48435	4431	dfrA17,aadA5,sul1	3
RefSeq_NZ_CP020519.1	IncFII	Gram-negative	IS26	47616-48435	54607-55438	6172	blaTEM-1	1
RefSeq_NZ_CP020519.1	IncFII	Gram-negative	IS26	54607-55438	59269-60088	3831	blaCTX-M-15	1
RefSeq_NZ_CP020519.1	IncFII	Gram-negative	IS26	59269-60088	62275-63094	2187	catB3,blaOXA-1,aac(6')-Ib-cr5	3
RefSeq_NZ_CP020519.1	IncFII	Gram-negative	IS26	80439-81258	84528-85347	3270	aac(3)-IId	1
RefSeq_NZ_CP020523.1	IncFII	Gram-negative	IS26	1831-2650	4837-5656	2187	aac(6')-Ib-cr5,blaOXA-1,catB3	3
RefSeq_NZ_CP020523.1	IncFII	Gram-negative	IS26	90501-91325	105578-106370	14253	sul2,aph(3'')-Ib,aph(6)-Id,blaTEM-1,blaCTX-M-15	5
RefSeq_NZ_CP020523.1	IncFII	Gram-negative	IS26	105578-106370	113098-113880	6728	dfrA14	1
RefSeq_NZ_CP020838.1	IncFII	Gram-negative	IS1	11344-12056	40558-41325	28502	aph(3')-Ia,mph(A),mrx(A),sul1,aadA2,dfrA12,catA1	7
RefSeq_NZ_CP020838.1	IncFII	Gram-negative	IS26	21743-22478	23519-24339	1041	aph(3')-Ia	1
RefSeq_NZ_CP020855.1	IncFII	Gram-negative	IS1	116697-117464	131906-132618	14442	catA1	1
RefSeq_NZ_CP020902.1	IncFII	Gram-negative	IS26	83245-84065	116124-116944	32059	mph(E),msr(E),armA,sul1,aadA2,dfrA12	6
RefSeq_NZ_CP020902.1	IncFII	Gram-negative	IS26	116124-116944	131552-132372	14608	qnrS1,aph(3')-VI,blaNDM-1,ble	4
RefSeq_NZ_CP020902.1	IncFII	Gram-negative	IS1	196258-197025	203434-204201	6409	blaCTX-M-15	1
RefSeq_NZ_CP020903.1	IncFII	Gram-negative	IS1	794-1561	30759-31471	29198	aac(6')-Ib-cr5,blaOXA-1,catB3,tet(A),aph(3')-Ia	5
RefSeq_NZ_CP020903.1	IncFII	Gram-negative	IS26	6812-7631	9818-10637	2187	aac(6')-Ib-cr5,blaOXA-1,catB3	3
RefSeq_NZ_CP020903.1	IncFII	Gram-negative	IS26	9818-10637	17150-17969	6513	tet(A)	1
RefSeq_NZ_CP020903.1	IncFII	Gram-negative	IS26	17150-17969	19010-19745	1041	aph(3')-Ia	1
RefSeq_NZ_CP020904.1	IncFII	Gram-negative	IS26	53536-54355	56542-57362	2187	catB3,blaOXA-1,aac(6')-Ib-cr5	3
RefSeq_NZ_CP020904.1	IncFII	Gram-negative	IS26	56542-57362	59962-60781	2600	aac(3)-IIe	1
RefSeq_NZ_CP021103.1	IncX1	Gram-negative	IS26	12015-12837	14156-14975	1319	bleO	1
RefSeq_NZ_CP021103.1	IncX1	Gram-negative	IS26	43686-44505	49712-50531	5207	oqxA,oqxB	2
RefSeq_NZ_CP021103.1	IncX1	Gram-negative	IS26	49712-50531	66336-67155	15805	aph(3')-IIa	1
RefSeq_NZ_CP021103.1	IncX1	Gram-negative	IS26	71356-72178	73497-74316	1319	bleO	1
RefSeq_NZ_CP021204.1	IncFII	Gram-negative	IS1	63281-64053	77471-78238	13418	blaTEM-1	1
RefSeq_NZ_CP021536.1	IncFII	Gram-negative	IS26	128401-129220	131820-132640	2600	aac(3)-IIe	1
RefSeq_NZ_CP021538.1	IncFII	Gram-negative	IS26	30897-31716	35631-36450	3915	blaCTX-M-15	1
RefSeq_NZ_CP021538.1	IncFII	Gram-negative	IS26	35631-36450	38637-39456	2187	catB3,blaOXA-1,aac(6')-Ib-cr5	3
RefSeq_NZ_CP021541.1	IncFII	Gram-negative	IS26	84869-85688	89215-90034	3527	tet(D)	1
RefSeq_NZ_CP021541.1	IncFII	Gram-negative	IS26	89215-90034	94030-94849	3996	blaSHV-5	1
RefSeq_NZ_CP021544.1	IncFII	Gram-negative	IS1	32517-33229	61731-62498	28502	aph(3')-Ia,mph(A),mrx(A),sul1,aadA2,dfrA12,catA1	7
RefSeq_NZ_CP021544.1	IncFII	Gram-negative	IS26	42916-43651	44692-45512	1041	aph(3')-Ia	1
RefSeq_NZ_CP021545.1	IncFII	Gram-negative	IS26	52514-53335	59485-60304	6150	blaSHV-12	1
RefSeq_NZ_CP021690.1	IncFII	Gram-negative	IS26	92449-93268	103234-104055	9966	dfrA17,aadA5,sul1,mrx(A),mph(A)	5
RefSeq_NZ_CP021690.1	IncFII	Gram-negative	IS26	103234-104055	110712-111531	6657	sul2,aph(3'')-Ib,aph(6)-Id,tet(A)	4
RefSeq_NZ_CP021690.1	IncFII	Gram-negative	IS26	110712-111531	113342-114161	1811	aac(3)-IId	1
RefSeq_NZ_CP021690.1	IncFII	Gram-negative	IS26	113342-114161	116547-117366	2386	blaTEM-20	1
RefSeq_NZ_CP021690.1	IncFII	Gram-negative	IS26	116547-117366	119752-120571	2386	blaTEM-20	1
RefSeq_NZ_CP021690.1	IncFII	Gram-negative	IS26	119752-120571	122957-123776	2386	blaTEM-20	1
RefSeq_NZ_CP021690.1	IncFII	Gram-negative	IS26	122957-123776	126161-126980	2385	blaTEM-20	1
RefSeq_NZ_CP021690.1	IncFII	Gram-negative	IS26	126161-126980	129366-130185	2386	blaTEM-20	1
RefSeq_NZ_CP021690.1	IncFII	Gram-negative	IS26	129366-130185	132571-133390	2386	blaTEM-20	1
RefSeq_NZ_CP021710.1	IncFII	Gram-negative	IS1	38165-38877	53319-54086	14442	catA1	1
RefSeq_NZ_CP021713.1	IncFII	Gram-negative	IS1	159101-159813	188315-189082	28502	aph(3')-Ia,mph(A),mrx(A),sul1,aadA2,dfrA12,catA1	7
RefSeq_NZ_CP021713.1	IncFII	Gram-negative	IS26	169500-170235	171276-172096	1041	aph(3')-Ia	1
RefSeq_NZ_CP021734.1	IncN	Gram-negative	IS26	22276-23100	45745-46354	22645	blaTEM-1,blaKPC-3	2
RefSeq_NZ_CP021734.1	IncN	Gram-negative	IS26	45745-46354	74415-75236	28061	sul1,dfrA5	2
RefSeq_NZ_CP021752.1	IncFII	Gram-negative	IS1	153272-153984	182486-183253	28502	aph(3')-Ia,mph(A),mrx(A),sul1,aadA2,dfrA12,catA1	7
RefSeq_NZ_CP021752.1	IncFII	Gram-negative	IS26	163671-164406	165447-166267	1041	aph(3')-Ia	1
RefSeq_NZ_CP021834.1	IncFII	Gram-negative	IS1	120140-120852	152650-153417	31798	aph(3')-Ia,mph(A),mrx(A),sul1,aadA2,dfrA12	6
RefSeq_NZ_CP021834.1	IncFII	Gram-negative	IS26	131866-132601	133642-134462	1041	aph(3')-Ia	1
RefSeq_NZ_CP021857.1	IncFII	Gram-negative	IS26	23929-24750	50286-51105	25536	blaSHV-12	1
RefSeq_NZ_CP021871.1	IncFII	Gram-negative	IS1	29663-30430	77434-78201	47004	dfrA17,aadA5,sul1,mrx(A),mph(A),sul2,aph(3'')-Ib,aph(6)-Id,tet(A),blaCTX-M-27	10
RefSeq_NZ_CP021871.1	IncFII	Gram-negative	IS26	30646-31465	41431-42252	9966	dfrA17,aadA5,sul1,mrx(A),mph(A)	5
RefSeq_NZ_CP021871.1	IncFII	Gram-negative	IS26	41431-42252	47866-48685	5614	sul2,aph(3'')-Ib,aph(6)-Id,tet(A)	4
RefSeq_NZ_CP021871.1	IncFII	Gram-negative	IS26	47866-48685	50205-51024	1520	blaCTX-M-27	1
RefSeq_NZ_CP021937.1	IncFII	Gram-negative	IS26	14494-15315	26394-27219	11079	dfrA17,aadA5,sul1,mrx(A),mph(A)	5
RefSeq_NZ_CP021937.1	IncFII	Gram-negative	IS26	81406-82225	84825-85650	2600	aac(3)-IIe	1
RefSeq_NZ_CP021937.1	IncFII	Gram-negative	IS26	84825-85650	106302-107121	20652	tet(A)	1
RefSeq_NZ_CP021937.1	IncFII	Gram-negative	IS26	106302-107121	109308-110127	2187	aac(6')-Ib-cr5,blaOXA-1,catB3	3
RefSeq_NZ_CP021937.1	IncFII	Gram-negative	IS26	123897-124724	135796-136617	11072	sul1,aadA5,dfrA17	3
RefSeq_NZ_CP021946.1	IncFII	Gram-negative	IS26	66309-67130	82774-83599	15644	qnrS1,blaLAP-2,tet(A)	3
RefSeq_NZ_CP021946.1	IncFII	Gram-negative	IS26	82774-83599	96038-96857	12439	floR,sul2	2
RefSeq_NZ_CP021959.1	IncFII	Gram-negative	IS26	73069-73890	77607-78427	3717	blaCTX-M-15	1
RefSeq_NZ_CP022061.1	IncX1	Gram-negative	IS26	30282-31102	34246-35070	3144	aph(3'')-Ib	1
RefSeq_NZ_CP022072.1	IncX1	Gram-negative	IS26	29192-30012	34398-35217	4386	sul2,aph(3'')-Ib,aph(6)-Id	3
RefSeq_NZ_CP022072.1	IncX1	Gram-negative	IS26	34398-35217	37134-37953	1917	blaTEM-1	1
RefSeq_NZ_CP022145.1	IncFII	Gram-negative	IS26	74892-75627	76668-77488	1041	aph(3')-Ia	1
RefSeq_NZ_CP022157.1	IncN	Gram-negative	IS26	18764-19583	22424-23244	2841	rmtB1,blaTEM-1	2
RefSeq_NZ_CP022166.1	IncFII	Gram-negative	IS26	13441-14264	16309-17128	2045	dfrA14	1
RefSeq_NZ_CP022451.1	IncN	Gram-negative	IS26	12271-13093	17804-18623	4711	sul1,arr-3,catB3,blaOXA-1,aac(6')-Ib-cr5	5
RefSeq_NZ_CP022451.1	IncN	Gram-negative	IS26	17804-18623	35976-36796	17353	aac(3)-IVa,aph(4)-Ia,sul2,floR	4
RefSeq_NZ_CP022451.1	IncN	Gram-negative	IS26	35976-36796	40821-41640	4025	blaCTX-M-65	1
RefSeq_NZ_CP022451.1	IncN	Gram-negative	IS26	40821-41640	42916-43735	1276	fosA3	1
RefSeq_NZ_CP022451.1	IncN	Gram-negative	IS26	42916-43735	45652-46472	1917	blaTEM-1	1
RefSeq_NZ_CP022451.1	IncN	Gram-negative	IS26	45652-46472	50858-51677	4386	sul2,aph(3'')-Ib,aph(6)-Id	3
RefSeq_NZ_CP022451.1	IncN	Gram-negative	IS26	50858-51677	56881-57704	5204	oqxA,oqxB	2
RefSeq_NZ_CP022451.1	IncN	Gram-negative	IS26	56881-57704	60075-60894	2371	aadA5,dfrA17	2
RefSeq_NZ_CP022451.1	IncN	Gram-negative	IS26	60075-60894	65994-66813	5100	armA	1
RefSeq_NZ_CP022453.1	IncX1	Gram-negative	IS26	11865-12686	15837-16658	3151	mph(A)	1
RefSeq_NZ_CP022692.2	IncFII	Gram-negative	IS1	64763-65475	93977-94744	28502	aph(3')-Ia,mph(A),mrx(A),sul1,aadA2,dfrA12,catA1	7
RefSeq_NZ_CP022692.2	IncFII	Gram-negative	IS26	75162-75897	76938-77758	1041	aph(3')-Ia	1
RefSeq_NZ_CP022697.1	IncFII	Gram-negative	IS26	34095-34914	44438-45261	9524	sul2	1
RefSeq_NZ_CP022697.1	IncFII	Gram-negative	IS26	44438-45261	46661-47480	1400	catA2	1
RefSeq_NZ_CP022697.1	IncFII	Gram-negative	IS26	46661-47480	51007-51826	3527	tet(D)	1
RefSeq_NZ_CP022697.1	IncFII	Gram-negative	IS26	51007-51826	69677-70496	17851	blaTEM-1	1
RefSeq_NZ_CP022917.1	IncFII	Gram-negative	IS1	10939-11651	57902-58669	46251	sul2,aph(3'')-Ib,aph(6)-Id,dfrA14,tet(A),qnrB1	6
RefSeq_NZ_CP022917.1	IncFII	Gram-negative	IS26	30350-31169	37897-38716	6728	dfrA14	1
RefSeq_NZ_CP022917.1	IncFII	Gram-negative	IS26	37897-38716	52124-52943	13408	tet(A),qnrB1	2
RefSeq_NZ_CP022920.1	IncFII	Gram-negative	IS1	109367-110134	156385-157097	46251	qnrB1,tet(A),dfrA14,aph(6)-Id,aph(3'')-Ib,sul2	6
RefSeq_NZ_CP022920.1	IncFII	Gram-negative	IS26	115093-115912	129320-130139	13408	qnrB1,tet(A)	2
RefSeq_NZ_CP022920.1	IncFII	Gram-negative	IS26	129320-130139	136867-137686	6728	dfrA14	1
RefSeq_NZ_CP022923.1	IncFII	Gram-negative	IS1	29439-30151	76402-77169	46251	sul2,aph(3'')-Ib,aph(6)-Id,dfrA14,tet(A),qnrB1	6
RefSeq_NZ_CP022923.1	IncFII	Gram-negative	IS26	48850-49669	56397-57216	6728	dfrA14	1
RefSeq_NZ_CP022923.1	IncFII	Gram-negative	IS26	56397-57216	70624-71443	13408	tet(A),qnrB1	2
RefSeq_NZ_CP022926.1	IncFII	Gram-negative	IS26	130609-131428	138156-138948	6728	dfrA14	1
RefSeq_NZ_CP022926.1	IncFII	Gram-negative	IS26	138156-138948	143363-144184	4415	blaCTX-M-15	1
RefSeq_NZ_CP022926.1	IncFII	Gram-negative	IS26	143363-144184	146784-147604	2600	aac(3)-IIe	1
RefSeq_NZ_CP022926.1	IncFII	Gram-negative	IS26	146784-147604	149791-150610	2187	aac(6')-Ib-cr5,blaOXA-1,catB3	3
RefSeq_NZ_CP022926.1	IncFII	Gram-negative	IS26	149791-150610	164018-164837	13408	tet(A),qnrB1	2
RefSeq_NZ_CP022964.1	IncX1	Gram-negative	ISAba1	15482-16627	25109-26256	8482	sul2	1
RefSeq_NZ_CP023145.1	IncFII	Gram-negative	IS26	6176-6996	15363-16182	8367	aac(3)-IId	1
RefSeq_NZ_CP023145.1	IncFII	Gram-negative	IS26	15363-16182	17223-18042	1041	aph(3')-Ia	1
RefSeq_NZ_CP023145.1	IncFII	Gram-negative	IS26	17223-18042	22428-23248	4386	aph(6)-Id,aph(3'')-Ib,sul2	3
RefSeq_NZ_CP023145.1	IncFII	Gram-negative	IS26	22428-23248	25165-25984	1917	blaTEM-1	1
RefSeq_NZ_CP023145.1	IncFII	Gram-negative	IS10	6993-8004	31958-33135	23954	aac(3)-IId,aph(3')-Ia,aph(6)-Id,aph(3'')-Ib,sul2,blaTEM-1,dfrA17,aadA5	8
RefSeq_NZ_CP023167.1	IncN	Gram-negative	IS1	159030-159797	202905-203672	43108	fosA4	1
RefSeq_NZ_CP023167.1	IncN	Gram-negative	IS26	82992-83811	91083-91906	7272	qnrS1	1
RefSeq_NZ_CP023167.1	IncN	Gram-negative	IS26	91083-91906	103200-104020	11294	floR,estX-3,aadA1,sul3	4
RefSeq_NZ_CP023167.1	IncN	Gram-negative	IS26	103200-104020	112176-112996	8156	dfrA15,tet(A),blaTEM-1	3
RefSeq_NZ_CP023167.1	IncN	Gram-negative	IS26	112176-112996	114349-115169	1353	mph(A)	1
RefSeq_NZ_CP023167.1	IncN	Gram-negative	IS26	114349-115169	116718-117539	1549	mrx(A)	1
RefSeq_NZ_CP023167.1	IncN	Gram-negative	IS26	120970-121791	124982-125810	3191	aac(3)-IVa,aph(4)-Ia	2
RefSeq_NZ_CP023167.1	IncN	Gram-negative	IS26	198197-199016	200951-201777	1935	fosA4	1
RefSeq_NZ_CP023259.1	IncFII	Gram-negative	IS26	74252-75071	76864-77683	1793	blaOXA-1,aac(6')-Ib-cr5	2
RefSeq_NZ_CP023259.1	IncFII	Gram-negative	IS26	76864-77683	101743-102563	24060	dfrA17,aadA5,sul1,aph(6)-Id,aph(3'')-Ib,aph(3'')-Ib,aph(6)-Id,mrx(A),mph(A)	9
RefSeq_NZ_CP023259.1	IncFII	Gram-negative	IS26	101743-102563	106631-107323	4068	erm(B)	1
RefSeq_NZ_CP023372.1	IncFII	Gram-negative	IS1	66154-66921	97736-98503	30815	tet(A)	1
RefSeq_NZ_CP023378.1	IncFII	Gram-negative	IS1	8422-9185	37316-38083	28131	sul1,aadA5,dfrA17,aph(3')-Ia,aph(6)-Id,aph(3'')-Ib,sul2,catA1	8
RefSeq_NZ_CP023378.1	IncFII	Gram-negative	IS26	17358-18177	22263-23082	4086	sul1,aadA5,dfrA17	3
RefSeq_NZ_CP023378.1	IncFII	Gram-negative	IS26	22263-23082	24123-24942	1041	aph(3')-Ia	1
RefSeq_NZ_CP023378.1	IncFII	Gram-negative	IS26	24123-24942	29328-30148	4386	aph(6)-Id,aph(3'')-Ib,sul2	3
RefSeq_NZ_CP023420.1	IncN	Gram-negative	IS26	23697-24521	26104-26923	1583	catA1	1
RefSeq_NZ_CP023420.1	IncN	Gram-negative	IS26	26104-26923	33436-34255	6513	qnrB19,blaSHV-12	2
RefSeq_NZ_CP023420.1	IncN	Gram-negative	IS26	33436-34255	44732-45571	10477	blaTEM-1,aac(3)-IIe,aac(6')-Ian	3
RefSeq_NZ_CP023438.1	IncX1	Gram-negative	IS26	14220-15041	42032-42851	26991	sul2,aph(3'')-Ib,aph(6)-Id,tet(A)	4
RefSeq_NZ_CP023438.1	IncX1	Gram-negative	IS26	42032-42851	45115-45934	2264	blaTEM	1
RefSeq_NZ_CP023442.1	IncFII	Gram-negative	IS26	32854-33676	34652-35471	976	aph(3')-Ia	1
RefSeq_NZ_CP023442.1	IncFII	Gram-negative	IS26	34652-35471	40319-41081	4848	dfrA1,aadA1	2
RefSeq_NZ_CP023442.1	IncFII	Gram-negative	IS26	90229-90992	95937-96757	4945	aadA1,dfrA1,aac(6')-Il,blaVIM-1	4
RefSeq_NZ_CP023442.1	IncFII	Gram-negative	IS26	96838-97657	100888-101710	3231	blaSHV-200	1
RefSeq_NZ_CP023442.1	IncFII	Gram-negative	IS1	90993-91760	119009-119776	27249	aadA1,dfrA1,aac(6')-Il,blaVIM-1,blaSHV-200	5
RefSeq_NZ_CP023488.1	IncFII	Gram-negative	IS26	124013-124833	132269-133089	7436	dfrA14	1
RefSeq_NZ_CP023488.1	IncFII	Gram-negative	IS26	132269-133089	137146-137966	4057	tet(D)	1
RefSeq_NZ_CP023488.1	IncFII	Gram-negative	IS26	137146-137966	153754-154577	15788	blaNDM-1,ble,blaDHA,sul1,armA,msr(E),mph(E)	7
RefSeq_NZ_CP023503.1	IncFII	Gram-negative	IS26	111856-112676	119749-120568	7073	blaSHV-11,qnrB1	2
RefSeq_NZ_CP023503.1	IncFII	Gram-negative	IS26	119749-120568	128088-128907	7520	dfrA14	1
RefSeq_NZ_CP023554.1	IncFII	Gram-negative	IS1	163536-164303	205919-206631	41616	catA2,tet(D),dfrA14	3
RefSeq_NZ_CP023554.1	IncFII	Gram-negative	IS26	182364-183199	184599-185418	1400	catA2	1
RefSeq_NZ_CP023554.1	IncFII	Gram-negative	IS26	184599-185418	188945-189764	3527	tet(D)	1
RefSeq_NZ_CP023554.1	IncFII	Gram-negative	IS26	188945-189764	197456-198278	7692	dfrA14	1
RefSeq_NZ_CP023555.1	IncFII	Gram-negative	IS26	20241-21060	27738-28562	6678	sul1,aadA1,dfrA1	3
RefSeq_NZ_CP023555.1	IncFII	Gram-negative	IS26	27738-28562	34335-35155	5773	aph(6)-Id,aph(3'')-Ib,sul2	3
RefSeq_NZ_CP023555.1	IncFII	Gram-negative	IS26	34335-35155	38907-39726	3752	blaCTX-M-15	1
RefSeq_NZ_CP023555.1	IncFII	Gram-negative	IS26	38907-39726	42326-43146	2600	aac(3)-IIe	1
RefSeq_NZ_CP023555.1	IncFII	Gram-negative	IS26	42326-43146	45333-46169	2187	catB3,blaOXA-1,aac(6')-Ib-cr5	3
RefSeq_NZ_CP023725.1	IncN	Gram-negative	IS26	73567-74386	82831-83650	8445	blaKPC-2	1
RefSeq_NZ_CP023816.1	IncFII	Gram-negative	IS26	74537-75358	92478-93297	17120	tet(A)	1
RefSeq_NZ_CP023816.1	IncFII	Gram-negative	IS26	95537-96357	98263-99083	1906	blaTEM-1	1
RefSeq_NZ_CP023816.1	IncFII	Gram-negative	IS26	98263-99083	109666-110486	10583	mph(A),mrx(A),sul1,aadA5,dfrA17	5
RefSeq_NZ_CP023816.1	IncFII	Gram-negative	IS26	109666-110486	114813-115632	4327	blaCTX-M-15	1
RefSeq_NZ_CP023816.1	IncFII	Gram-negative	IS26	114813-115632	119096-119916	3464	aph(6)-Id,aph(3'')-Ib,sul2	3
RefSeq_NZ_CP023816.1	IncFII	Gram-negative	IS26	119096-119916	125522-126342	5606	aac(3)-IId	1
RefSeq_NZ_CP023827.1	IncFII	Gram-negative	IS26	96570-97389	107355-108176	9966	dfrA17,aadA5,sul1,mrx(A),mph(A)	5
RefSeq_NZ_CP023827.1	IncFII	Gram-negative	IS26	107355-108176	114833-115652	6657	sul2,aph(3'')-Ib,aph(6)-Id,tet(A)	4
RefSeq_NZ_CP023827.1	IncFII	Gram-negative	IS26	117248-118068	120669-121488	2601	blaCTX-M-27	1
RefSeq_NZ_CP023835.1	IncFII	Gram-negative	IS1	70800-71567	101473-102047	29906	sul1,aadA5,dfrA17,aac(6')-Ib-cr5,blaOXA-1,catB3,aac(3)-IIe,blaCTX-M-15	8
RefSeq_NZ_CP023835.1	IncFII	Gram-negative	IS26	81053-81872	87657-88476	5785	sul1,aadA5,dfrA17	3
RefSeq_NZ_CP023835.1	IncFII	Gram-negative	IS26	87657-88476	90663-91483	2187	aac(6')-Ib-cr5,blaOXA-1,catB3	3
RefSeq_NZ_CP023835.1	IncFII	Gram-negative	IS26	90663-91483	94083-94902	2600	aac(3)-IIe	1
RefSeq_NZ_CP023835.1	IncFII	Gram-negative	IS26	94083-94902	100654-101476	5752	blaCTX-M-15	1
RefSeq_NZ_CP023845.1	IncFII	Gram-negative	IS26	25844-26663	28850-29669	2187	aac(6')-Ib-cr5,blaOXA-1,catB3	3
RefSeq_NZ_CP023845.1	IncFII	Gram-negative	IS26	28850-29669	40166-40985	10497	blaCTX-M-15,blaTEM-1	2
RefSeq_NZ_CP023845.1	IncFII	Gram-negative	IS26	40166-40985	42026-42846	1041	aph(3')-Ia	1
RefSeq_NZ_CP023845.1	IncFII	Gram-negative	IS26	42026-42846	53237-54060	10391	mph(A),mrx(A),sul1,aadA2,dfrA12	5
RefSeq_NZ_CP023850.1	IncFII	Gram-negative	IS26	100481-101302	112381-113202	11079	dfrA17,aadA5,sul1,mrx(A),mph(A)	5
RefSeq_NZ_CP023850.1	IncFII	Gram-negative	IS26	112381-113202	115802-116621	2600	aac(3)-IIe	1
RefSeq_NZ_CP023850.1	IncFII	Gram-negative	IS26	115802-116621	121972-122791	5351	blaCTX-M-15	1
RefSeq_NZ_CP023850.1	IncFII	Gram-negative	IS26	121972-122791	124978-125797	2187	catB3,blaOXA-1,aac(6')-Ib-cr5	3
RefSeq_NZ_CP023854.1	IncFII	Gram-negative	IS26	51218-52039	61942-62762	9903	dfrA17,aadA5,sul1,mrx(A),mph(A)	5
RefSeq_NZ_CP023854.1	IncFII	Gram-negative	IS26	63337-64162	80333-81152	16171	blaTEM-1	1
RefSeq_NZ_CP023854.1	IncFII	Gram-negative	IS26	80333-81152	96483-97302	15331	tet(B)	1
RefSeq_NZ_CP023878.1	IncN	Gram-negative	IS26	24376-25198	37059-37878	11861	sul2,aph(3'')-Ib,aph(6)-Id,qnrS1	4
RefSeq_NZ_CP023878.1	IncN	Gram-negative	IS26	37059-37878	64324-65142	26446	blaKPC-3,aac(6')-Ib',aadA1,blaOXA-9,blaTEM-1	5
RefSeq_NZ_CP023916.1	IncFII	Gram-negative	IS1	83448-84215	121387-122154	37172	catB3,blaOXA-1,aac(6')-Ib-cr5,blaTEM-1	4
RefSeq_NZ_CP023916.1	IncFII	Gram-negative	IS26	111166-111988	114175-114994	2187	catB3,blaOXA-1,aac(6')-Ib-cr5	3
RefSeq_NZ_CP023922.1	IncFII	Gram-negative	IS26	116454-117273	123143-123964	5870	qnrB1	1
RefSeq_NZ_CP023923.1	IncFII	Gram-negative	IS1	89439-90202	132642-133409	42440	dfrA12,aadA2,sul1,ble,blaNDM-1,mph(A),mrx(A),blaTEM,erm(B),rmtB1	10
RefSeq_NZ_CP023923.1	IncFII	Gram-negative	IS1	132642-133409	138998-139765	5589	tet(B)	1
RefSeq_NZ_CP023923.1	IncFII	Gram-negative	IS26	101615-102434	113288-114108	10854	dfrA12,aadA2,sul1,ble,blaNDM-1	5
RefSeq_NZ_CP023923.1	IncFII	Gram-negative	IS26	113288-114108	119816-120635	5708	mph(A),mrx(A),blaTEM	3
RefSeq_NZ_CP023923.1	IncFII	Gram-negative	IS26	119816-120635	124703-125522	4068	erm(B)	1
RefSeq_NZ_CP023923.1	IncFII	Gram-negative	IS26	124703-125522	127721-128540	2199	rmtB1	1
RefSeq_NZ_CP023942.1	IncFII	Gram-negative	IS26	4779-5598	6979-7799	1381	catA2	1
RefSeq_NZ_CP023942.1	IncFII	Gram-negative	IS26	82559-83378	87305-88126	3927	blaKPC-2	1
RefSeq_NZ_CP023942.1	IncFII	Gram-negative	IS26	142699-143519	147327-148146	3808	rmtB1,blaTEM-1	2
RefSeq_NZ_CP023942.1	IncFII	Gram-negative	IS26	149131-149950	153975-154794	4025	blaCTX-M-65	1
RefSeq_NZ_CP023942.1	IncFII	Gram-negative	IS26	170689-171512	172900-173722	1388	catA2	1
RefSeq_NZ_CP023943.1	IncFII	Gram-negative	IS26	32560-33379	34778-35598	1399	catA2	1
RefSeq_NZ_CP023943.1	IncFII	Gram-negative	IS26	34778-35598	42568-43388	6970	aac(6')-Ib-cr5,arr-3,dfrA27,aadA16,sul1	5
RefSeq_NZ_CP023947.1	IncFII	Gram-negative	IS26	123763-124582	128968-129788	4386	aph(6)-Id,aph(3'')-Ib,sul2	3
RefSeq_NZ_CP023947.1	IncFII	Gram-negative	IS26	128968-129788	137518-138337	7730	blaTEM-1,blaCTX-M-15	2
RefSeq_NZ_CP023947.1	IncFII	Gram-negative	IS26	137518-138337	140524-141343	2187	catB3,blaOXA-1,aac(6')-Ib-cr5	3
RefSeq_NZ_CP023953.1	IncFII	Gram-negative	IS26	120357-121176	122217-123036	1041	aph(3')-Ia	1
RefSeq_NZ_CP023953.1	IncFII	Gram-negative	IS26	144051-144870	151096-151915	6226	catA1	1
RefSeq_NZ_CP023953.1	IncFII	Gram-negative	IS26	151096-151915	159913-160732	7998	blaSHV-1	1
RefSeq_NZ_CP023953.1	IncFII	Gram-negative	IS26	159913-160732	164259-165078	3527	tet(D)	1
RefSeq_NZ_CP023953.1	IncFII	Gram-negative	IS26	164259-165078	170135-170957	5057	sul1,aadA1,dfrA1	3
RefSeq_NZ_CP023985.1	IncFII	Gram-negative	IS26	53326-54145	55545-56365	1400	catA2	1
RefSeq_NZ_CP024039.1	IncFII	Gram-negative	IS1	32717-33484	39073-39840	5589	tet(B)	1
RefSeq_NZ_CP024039.1	IncFII	Gram-negative	IS1	39073-39840	67020-67783	27180	dfrA12,aadA2,sul1,ble,blaNDM-1	5
RefSeq_NZ_CP024136.1	IncX1	Gram-negative	IS26	20141-20961	36644-37463	15683	aadA1,cmlA1,aadA2,tet(A)	4
RefSeq_NZ_CP024136.1	IncX1	Gram-negative	IS26	36644-37463	44716-45535	7253	sul3	1
RefSeq_NZ_CP024136.1	IncX1	Gram-negative	IS26	61855-62674	66693-67514	4019	dfrA12,aadA2,bleO	3
RefSeq_NZ_CP024136.1	IncX1	Gram-negative	IS26	66693-67514	72721-73540	5207	oqxA,oqxB	2
RefSeq_NZ_CP024136.1	IncX1	Gram-negative	IS26	72721-73540	89344-90163	15804	aph(3')-IIa	1
RefSeq_NZ_CP024136.1	IncX1	Gram-negative	IS1	50503-51270	86877-87644	35607	dfrA12,aadA2,bleO,oqxA,oqxB,ble,aph(3')-IIa	7
RefSeq_NZ_CP024143.1	IncN	Gram-negative	IS26	95651-96483	100644-101465	4161	mrx(A),mph(A)	2
RefSeq_NZ_CP024143.1	IncN	Gram-negative	IS26	119577-120396	123773-124592	3377	blaCTX-M-14,fosA3	2
RefSeq_NZ_CP024143.1	IncN	Gram-negative	IS26	123773-124592	154196-155016	29604	aac(3)-IVa,aph(4)-Ia,sul2,floR,dfrA12,aadA2,cmlA1,aadA1,sul3	9
RefSeq_NZ_CP024143.1	IncN	Gram-negative	IS26	154196-155016	156057-156876	1041	aph(3')-Ia	1
RefSeq_NZ_CP024143.1	IncN	Gram-negative	IS26	156057-156876	159881-160700	3005	sul1	1
RefSeq_NZ_CP024143.1	IncN	Gram-negative	IS26	159881-160700	162222-163041	1522	bleO	1
RefSeq_NZ_CP024143.1	IncN	Gram-negative	IS26	162222-163041	168248-169067	5207	oqxA2,oqxB2	2
RefSeq_NZ_CP024153.1	IncN	Gram-negative	IS26	17679-18498	33981-34800	15483	sul3,tet(A)	2
RefSeq_NZ_CP024153.1	IncN	Gram-negative	IS26	33981-34800	37344-38165	2544	qnrS2	1
RefSeq_NZ_CP024153.1	IncN	Gram-negative	IS26	37344-38165	42769-43588	4604	arr-3,catB3,blaOXA-1,aac(6')-Ib-cr5	4
RefSeq_NZ_CP024153.1	IncN	Gram-negative	IS26	42769-43588	47647-48471	4059	dfrA12,aadA2,bleO	3
RefSeq_NZ_CP024153.1	IncN	Gram-negative	IS26	52600-53421	59458-60277	6037	aph(3')-IIa	1
RefSeq_NZ_CP024153.1	IncN	Gram-negative	IS26	59458-60277	65474-66293	5197	oqxB,oqxA	2
RefSeq_NZ_CP024459.1	IncFII	Gram-negative	IS26	60215-61037	82575-83399	21538	sul2,aph(3'')-Ib,aph(6)-Id,tet(A),floR	5
RefSeq_NZ_CP024459.1	IncFII	Gram-negative	IS26	82575-83399	85999-86819	2600	aac(3)-IIe	1
RefSeq_NZ_CP024718.1	IncFII	Gram-negative	IS26	46236-47056	60599-61420	13543	blaTEM-1	1
RefSeq_NZ_CP024718.1	IncFII	Gram-negative	IS26	63413-64234	86419-87241	22185	dfrA17,aadA5,sul1	3
RefSeq_NZ_CP024721.1	IncFII	Gram-negative	IS26	23054-23874	37417-38238	13543	blaTEM-1	1
RefSeq_NZ_CP024721.1	IncFII	Gram-negative	IS26	40231-41052	63237-64059	22185	dfrA17,aadA5,sul1	3
RefSeq_NZ_CP024805.1	IncFII	Gram-negative	IS26	8547-9366	14518-15338	5152	sul1,aadA5,dfrA17	3
RefSeq_NZ_CP024805.1	IncFII	Gram-negative	IS26	14518-15338	25009-25832	9671	blaNDM-5,ble,sul1,aadA2,dfrA12	5
RefSeq_NZ_CP024805.1	IncFII	Gram-negative	IS26	25009-25832	27591-28410	1759	blaTEM-1	1
RefSeq_NZ_CP024805.1	IncFII	Gram-negative	IS26	27591-28410	33964-34784	5554	aac(3)-IId	1
RefSeq_NZ_CP024805.1	IncFII	Gram-negative	IS26	33964-34784	38911-39730	4127	mph(A),mrx(A)	2
RefSeq_NZ_CP024805.1	IncFII	Gram-negative	IS26	38911-39730	44116-44936	4386	aph(6)-Id,aph(3'')-Ib,sul2	3
RefSeq_NZ_CP024805.1	IncFII	Gram-negative	IS26	44116-44936	51610-52441	6674	blaTEM-1	1
RefSeq_NZ_CP024805.1	IncFII	Gram-negative	IS26	51610-52441	56272-57091	3831	blaCTX-M-15	1
RefSeq_NZ_CP024805.1	IncFII	Gram-negative	IS26	56272-57091	59278-60098	2187	catB3,blaOXA-1,aac(6')-Ib-cr5	3
RefSeq_NZ_CP024816.1	IncFII	Gram-negative	IS26	1281-2100	5941-6766	3841	aac(3)-IId	1
RefSeq_NZ_CP024816.1	IncFII	Gram-negative	IS26	15068-15887	34158-34977	18271	tet(B)	1
RefSeq_NZ_CP024816.1	IncFII	Gram-negative	IS26	34158-34977	39418-40238	4441	erm(B)	1
RefSeq_NZ_CP024816.1	IncFII	Gram-negative	IS26	39418-40238	50931-51759	10693	mph(A),mrx(A),sul1,aadA5,dfrA17	5
RefSeq_NZ_CP024816.1	IncFII	Gram-negative	IS1	26977-27744	33333-34100	5589	tet(B)	1
RefSeq_NZ_CP024816.1	IncFII	Gram-negative	IS1	33333-34100	63495-64262	29395	erm(B),mph(A),mrx(A),sul1,aadA5,dfrA17	6
RefSeq_NZ_CP024831.1	IncFII	Gram-negative	IS1	24182-24949	54343-55110	29394	dfrA17,aadA5,sul1,mrx(A),mph(A),erm(B)	6
RefSeq_NZ_CP024831.1	IncFII	Gram-negative	IS1	54343-55110	60699-61466	5589	tet(B)	1
RefSeq_NZ_CP024831.1	IncFII	Gram-negative	IS1	60699-61466	98653-99416	37187	aac(3)-IId,blaTEM-1	2
RefSeq_NZ_CP024831.1	IncFII	Gram-negative	IS26	36685-37513	48205-49025	10692	dfrA17,aadA5,sul1,mrx(A),mph(A)	5
RefSeq_NZ_CP024831.1	IncFII	Gram-negative	IS26	48205-49025	53466-54285	4441	erm(B)	1
RefSeq_NZ_CP024831.1	IncFII	Gram-negative	IS26	53466-54285	72556-73375	18271	tet(B)	1
RefSeq_NZ_CP024831.1	IncFII	Gram-negative	IS26	81677-82502	86343-87162	3841	aac(3)-IId	1
RefSeq_NZ_CP024835.1	IncFII	Gram-negative	IS26	80621-81440	90146-90965	8706	arr-2	1
RefSeq_NZ_CP024839.1	IncFII	Gram-negative	IS26	7470-8289	9689-10508	1400	catA2	1
RefSeq_NZ_CP024839.1	IncFII	Gram-negative	IS26	9689-10508	26082-26901	15574	catB,rmtF1,aac(6')-Ib,arr-2	4
RefSeq_NZ_CP024863.1	IncFII	Gram-negative	IS26	67215-68034	72372-73191	4338	dfrA17,aadA5,sul1	3
RefSeq_NZ_CP024863.1	IncFII	Gram-negative	IS26	76653-77472	81810-82629	4338	dfrA17,aadA5,sul1	3
RefSeq_NZ_CP024863.1	IncFII	Gram-negative	IS26	84877-85696	87883-88702	2187	aac(6')-Ib-cr5,blaOXA-1,catB3	3
RefSeq_NZ_CP024863.1	IncFII	Gram-negative	IS26	87883-88702	92473-93292	3771	blaCTX-M-15	1
RefSeq_NZ_CP024863.1	IncFII	Gram-negative	IS26	92473-93292	95198-96018	1906	blaTEM-1	1
RefSeq_NZ_CP024863.1	IncFII	Gram-negative	IS26	95198-96018	100145-100964	4127	mph(A),mrx(A)	2
RefSeq_NZ_CP024863.1	IncFII	Gram-negative	IS26	100145-100964	105350-106170	4386	aph(6)-Id,aph(3'')-Ib,sul2	3
RefSeq_NZ_CP024863.1	IncFII	Gram-negative	IS26	105350-106170	112342-113161	6172	blaTEM-1	1
RefSeq_NZ_CP024863.1	IncFII	Gram-negative	IS26	112342-113161	119787-120606	6626	aac(3)-IId	1
RefSeq_NZ_CP024876.1	IncFII	Gram-negative	IS26	110980-111800	116186-117005	4386	sul2,aph(3'')-Ib,aph(6)-Id	3
RefSeq_NZ_CP024876.1	IncFII	Gram-negative	IS26	116186-117005	118046-118865	1041	aph(3')-Ia	1
RefSeq_NZ_CP024876.1	IncFII	Gram-negative	IS26	118046-118865	120201-121021	1336	aac(3)-IId	1
RefSeq_NZ_CP025009.1	IncFII	Gram-negative	IS26	75212-75947	76988-77810	1041	aph(3')-Ia	1
RefSeq_NZ_CP025009.1	IncFII	Gram-negative	IS26	76988-77810	90829-91651	13019	aac(6')-Ib	1
RefSeq_NZ_CP025010.1	IncFII	Gram-negative	IS26	27767-28586	37412-38234	8826	aac(6')-Ib	1
RefSeq_NZ_CP025038.1	IncFII	Gram-negative	IS1	81417-82184	94692-95404	12508	catA1	1
RefSeq_NZ_CP025039.1	IncFII	Gram-negative	IS26	44343-45162	52809-53629	7647	dfrA14	1
RefSeq_NZ_CP025458.1	IncFII	Gram-negative	IS26	41597-42419	43808-44631	1389	catA2	1
RefSeq_NZ_CP025458.1	IncFII	Gram-negative	IS26	49444-50263	54288-55107	4025	blaCTX-M-65	1
RefSeq_NZ_CP025458.1	IncFII	Gram-negative	IS26	68002-68821	72629-73449	3808	blaTEM-1,rmtB1	2
RefSeq_NZ_CP025458.1	IncFII	Gram-negative	IS26	99465-100289	106819-107638	6530	blaSHV-12	1
RefSeq_NZ_CP025458.1	IncFII	Gram-negative	IS26	106819-107638	116212-117033	8574	blaKPC-2	1
RefSeq_NZ_CP025463.1	IncFII	Gram-negative	IS26	54141-54960	62949-63772	7989	blaKPC-2	1
RefSeq_NZ_CP025463.1	IncFII	Gram-negative	IS26	62949-63772	70892-71712	7120	blaSHV-12	1
RefSeq_NZ_CP025463.1	IncFII	Gram-negative	IS26	108009-108829	112638-113459	3809	rmtB1,blaTEM	2
RefSeq_NZ_CP025463.1	IncFII	Gram-negative	IS26	114444-115266	119291-120110	4025	blaCTX-M-65	1
RefSeq_NZ_CP025463.1	IncFII	Gram-negative	IS26	136005-136828	138205-139027	1377	catA2	1
RefSeq_NZ_CP025677.1	IncX1	Gram-negative	IS26	27808-28631	41611-42430	12980	floR,tet(A),aph(6)-Id,aph(3'')-Ib,sul2	5
RefSeq_NZ_CP025677.1	IncX1	Gram-negative	IS26	55478-56299	85250-86069	28951	aph(3')-IIa	1
RefSeq_NZ_CP025677.1	IncX1	Gram-negative	IS26	85250-86069	91263-92082	5194	oqxB,oqxA2	2
RefSeq_NZ_CP025677.1	IncX1	Gram-negative	IS26	91263-92082	94528-95348	2446	blaCTX-M-55	1
RefSeq_NZ_CP025708.1	IncFII	Gram-negative	IS26	17269-18088	45224-46044	27136	tet(B),dfrA17,aadA5,sul1,mrx(A),mph(A)	6
RefSeq_NZ_CP025708.1	IncFII	Gram-negative	IS26	45224-46044	50485-51304	4441	erm(B)	1
RefSeq_NZ_CP025708.1	IncFII	Gram-negative	IS26	50485-51304	55145-55965	3841	aac(3)-IId	1
RefSeq_NZ_CP025708.1	IncFII	Gram-negative	IS26	55145-55965	65192-66015	9227	blaTEM-1,aph(6)-Id,aph(3'')-Ib,sul2	4
RefSeq_NZ_CP025708.1	IncFII	Gram-negative	IS26	65192-66015	68060-68879	2045	dfrA14	1
RefSeq_NZ_CP025708.1	IncFII	Gram-negative	IS1	29178-29945	35534-36301	5589	tet(B)	1
RefSeq_NZ_CP025708.1	IncFII	Gram-negative	IS1	35534-36301	79582-80345	43281	aadA5,sul1,mrx(A),mph(A),erm(B),aac(3)-IId,blaTEM-1,aph(6)-Id,aph(3'')-Ib,sul2,dfrA14	11
RefSeq_NZ_CP025710.1	IncN	Gram-negative	IS26	24934-25753	50387-51014	24634	sul2,aph(3'')-Ib,aph(6)-Id,blaTEM-1,blaOXA-9,aadA1,aac(6')-Ib',blaKPC-3	8
RefSeq_NZ_CP025737.1	IncFII	Gram-negative	IS1	76734-77501	81025-81792	3524	tet(B)	1
RefSeq_NZ_CP025737.1	IncFII	Gram-negative	IS26	52137-52956	87392-88212	34436	sul1,aadA1,blaOXA-1,dfrA19,sul1,catB3,ant(2'')-Ia,catA1,tet(B)	9
RefSeq_NZ_CP025758.1	IncN	Gram-negative	IS26	23561-24170	41918-42755	17748	blaKPC-3,aac(6')-Ib',aadA1,blaOXA-9,blaTEM	5
RefSeq_NZ_CP025949.1	IncFII	Gram-negative	IS26	8478-9297	12138-12957	2841	blaTEM-1,rmtB1	2
RefSeq_NZ_CP025949.1	IncFII	Gram-negative	IS26	12138-12957	15725-16545	2768	blaCTX-M-55	1
RefSeq_NZ_CP025965.2	IncN	Gram-negative	IS26	24102-24922	39535-40372	14613	qnrS1,ble,blaNDM-1	3
RefSeq_NZ_CP025966.2	IncFII	Gram-negative	IS26	23811-24632	29018-29837	4386	sul2,aph(3'')-Ib,aph(6)-Id	3
RefSeq_NZ_CP025966.2	IncFII	Gram-negative	IS26	29018-29837	30878-31697	1041	aph(3')-Ia	1
RefSeq_NZ_CP025966.2	IncFII	Gram-negative	IS26	30878-31697	33451-34271	1754	aac(3)-IId	1
RefSeq_NZ_CP025966.2	IncFII	Gram-negative	IS26	33451-34271	50932-51752	16661	aac(6')-Ib-cr5,arr-3,dfrA27,aadA16,sul1,qnrB91,sul1,mrx(A),mph(A)	9
RefSeq_NZ_CP025966.2	IncFII	Gram-negative	IS26	50932-51752	61619-62440	9867	tet(A),floR	2
RefSeq_NZ_CP026131.1	IncFII	Gram-negative	IS26	551-1380	2764-3586	1384	catA2	1
RefSeq_NZ_CP026131.1	IncFII	Gram-negative	IS26	137072-137892	141700-142519	3808	rmtB1,blaTEM-1	2
RefSeq_NZ_CP026131.1	IncFII	Gram-negative	IS26	143504-144323	148348-149167	4025	blaCTX-M-65	1
RefSeq_NZ_CP026135.1	IncFII	Gram-negative	IS26	131549-132368	139441-140260	7073	sul1,aadA2,dfrA12	3
RefSeq_NZ_CP026135.1	IncFII	Gram-negative	IS26	139441-140260	146104-146923	5844	aac(3)-IId	1
RefSeq_NZ_CP026135.1	IncFII	Gram-negative	IS26	146104-146923	148323-149058	1400	catA2	1
RefSeq_NZ_CP026139.1	IncFII	Gram-negative	IS26	60293-61112	68185-69004	7073	dfrA12,aadA2,sul1	3
RefSeq_NZ_CP026141.1	IncFII	Gram-negative	IS26	38111-38931	42739-43558	3808	rmtB1,blaTEM-1	2
RefSeq_NZ_CP026141.1	IncFII	Gram-negative	IS26	44543-45362	49387-50206	4025	blaCTX-M-65	1
RefSeq_NZ_CP026141.1	IncFII	Gram-negative	IS26	66101-66924	68313-69135	1389	catA2	1
RefSeq_NZ_CP026151.1	IncFII	Gram-negative	IS26	126280-127015	128415-129234	1400	catA2	1
RefSeq_NZ_CP026152.1	IncFII	Gram-negative	IS26	3963-4783	45779-46598	40996	blaKPC,blaKPC-2	2
RefSeq_NZ_CP026152.1	IncFII	Gram-negative	IS26	62493-63316	64705-65527	1389	catA2	1
RefSeq_NZ_CP026152.1	IncFII	Gram-negative	IS1	10477-11240	13951-14718	2711	blaKPC-2	1
RefSeq_NZ_CP026169.1	IncN	Gram-negative	IS26	1236-1845	15078-15915	13233	blaKPC-2	1
RefSeq_NZ_CP026179.1	IncN	Gram-negative	IS26	16612-17431	37982-38801	20551	aac(6')-Ib',aadA1,blaOXA-9,blaTEM-1,aph(6)-Id,aph(3'')-Ib,sul2	7
RefSeq_NZ_CP026179.1	IncN	Gram-negative	IS26	39174-40011	75838-76657	35827	dfrA14,blaKPC-2	2
RefSeq_NZ_CP026179.1	IncN	Gram-negative	IS26	75838-76657	83170-83989	6513	qnrB19,blaSHV-12	2
RefSeq_NZ_CP026232.1	IncN	Gram-negative	IS1	12565-13332	39873-40640	26541	blaKPC-2	1
RefSeq_NZ_CP026241.1	IncFII	Gram-negative	IS26	146765-147585	151741-152561	4156	mrx(A),mph(A)	2
RefSeq_NZ_CP026241.1	IncFII	Gram-negative	IS26	151741-152561	167025-167844	14464	aac(3)-IId,blaTEM-1	2
RefSeq_NZ_CP026241.1	IncFII	Gram-negative	IS26	167025-167844	171371-172190	3527	tet(D)	1
RefSeq_NZ_CP026241.1	IncFII	Gram-negative	IS26	171371-172190	173590-174413	1400	catA2	1
RefSeq_NZ_CP026241.1	IncFII	Gram-negative	IS26	173590-174413	184334-185153	9921	sul2	1
RefSeq_NZ_CP026389.1	IncN	Gram-negative	IS26	10023-10632	16055-16892	5423	blaKPC-2	1
RefSeq_NZ_CP026474.1	IncFII	Gram-negative	IS26	5875-6695	8882-9701	2187	aac(6')-Ib-cr5,blaOXA-1,catB3	3
RefSeq_NZ_CP026474.1	IncFII	Gram-negative	IS26	8882-9701	13532-14363	3831	blaCTX-M-15	1
RefSeq_NZ_CP026474.1	IncFII	Gram-negative	IS26	13532-14363	21037-21857	6674	blaTEM-1	1
RefSeq_NZ_CP026474.1	IncFII	Gram-negative	IS26	21037-21857	26243-27062	4386	sul2,aph(3'')-Ib,aph(6)-Id	3
RefSeq_NZ_CP026474.1	IncFII	Gram-negative	IS26	26243-27062	31198-32018	4136	mrx(A),mph(A)	2
RefSeq_NZ_CP026474.1	IncFII	Gram-negative	IS26	31198-32018	37572-38391	5554	aac(3)-IId	1
RefSeq_NZ_CP026474.1	IncFII	Gram-negative	IS26	37572-38391	40150-40970	1759	blaTEM-1	1
RefSeq_NZ_CP026474.1	IncFII	Gram-negative	IS26	40150-40970	50889-51712	9919	dfrA17,aadA5,sul1,ble,blaNDM-5	5
RefSeq_NZ_CP026474.1	IncFII	Gram-negative	IS26	50889-51712	56616-57435	4904	dfrA12,aadA2,sul1	3
RefSeq_NZ_CP026492.1	IncN	Gram-negative	IS26	3051-3870	4911-5730	1041	aph(3')-Ia	1
RefSeq_NZ_CP026492.1	IncN	Gram-negative	IS26	4911-5730	27106-27926	21376	mef(B),sul3,aadA1,cmlA1,aadA2,dfrA12,floR	7
RefSeq_NZ_CP026492.1	IncN	Gram-negative	IS26	27106-27926	29651-30470	1725	qnrS2	1
RefSeq_NZ_CP026492.1	IncN	Gram-negative	IS26	29651-30470	36063-36885	5593	aac(6')-Ib-cr5,blaOXA-1,catB3,arr-3,sul1	5
RefSeq_NZ_CP026492.1	IncN	Gram-negative	IS26	36063-36885	57146-57792	20261	tet(A)	1
RefSeq_NZ_CP026492.1	IncN	Gram-negative	IS26	57146-57792	62906-63725	5114	tet(M)	1
RefSeq_NZ_CP026492.1	IncN	Gram-negative	IS26	67430-68250	72411-73019	4161	mph(A),mrx(A)	2
RefSeq_NZ_CP026492.1	IncN	Gram-negative	IS26	255205-256024	261231-262050	5207	oqxB,oqxA	2
RefSeq_NZ_CP026492.1	IncN	Gram-negative	IS26	261231-262050	263572-264344	1522	bleO	1
RefSeq_NZ_CP026496.1	IncN	Gram-negative	IS26	3544-4363	5927-6746	1564	blaCTX-M-15	1
RefSeq_NZ_CP026496.1	IncN	Gram-negative	IS26	5927-6746	27317-28136	20571	dfrA14	1
RefSeq_NZ_CP026496.1	IncN	Gram-negative	IS26	27317-28136	33547-34366	5411	dfrA14	1
RefSeq_NZ_CP026496.1	IncN	Gram-negative	IS26	33547-34366	38493-39330	4127	aph(6)-Id,aph(3'')-Ib,sul2	3
RefSeq_NZ_CP026570.1	IncX1	Gram-negative	IS26	48302-49122	81226-82047	32104	blaTEM-1,aph(6)-Id,aph(3'')-Ib,sul2	4
RefSeq_NZ_CP026576.2	IncFII	Gram-negative	IS26	4393-5212	7708-8529	2496	fosA3	1
RefSeq_NZ_CP026576.2	IncFII	Gram-negative	IS26	9420-10239	13007-13827	2768	blaCTX-M-55	1
RefSeq_NZ_CP026584.1	IncFII	Gram-negative	IS26	4393-5212	9139-9958	3927	blaKPC-2	1
RefSeq_NZ_CP026584.1	IncFII	Gram-negative	IS26	9139-9958	13983-14802	4025	blaCTX-M-65	1
RefSeq_NZ_CP026584.1	IncFII	Gram-negative	IS26	15787-16606	20414-21234	3808	blaTEM-1,rmtB1	2
RefSeq_NZ_CP026584.1	IncFII	Gram-negative	IS26	75813-76634	78023-78842	1389	catA2	1
RefSeq_NZ_CP026588.1	IncFII	Gram-negative	IS26	69725-70546	91743-92563	21197	qnrS1,blaCTX-M-3,blaTEM-1,floR,tet(A)	5
RefSeq_NZ_CP026588.1	IncFII	Gram-negative	IS26	91743-92563	105198-106019	12635	mph(A),mrx(A),sul1,aadA16,dfrA27,arr-3,aac(6')-Ib-cr5	7
RefSeq_NZ_CP026590.1	IncN	Gram-negative	IS26	11496-12330	32948-33768	20618	dfrA14	1
RefSeq_NZ_CP026642.1	IncN	Gram-negative	IS26	13255-14077	26602-27423	12525	floR,mrx(A),mph(A)	3
RefSeq_NZ_CP026642.1	IncN	Gram-negative	IS26	30410-31231	36441-37262	5210	blaCTX-M-65	1
RefSeq_NZ_CP026642.1	IncN	Gram-negative	IS26	36441-37262	41957-42603	4695	tet(M)	1
RefSeq_NZ_CP026642.1	IncN	Gram-negative	IS26	41957-42603	66585-67404	23982	tet(A),qnrS1	2
RefSeq_NZ_CP026642.1	IncN	Gram-negative	IS26	66585-67404	73042-73862	5638	arr-2,cmlA5,blaOXA-10,aadA1,dfrA14	5
RefSeq_NZ_CP026642.1	IncN	Gram-negative	IS1	42604-43371	82205-82972	38834	tet(A),qnrS1,arr-2,cmlA5,blaOXA-10,aadA1,dfrA14,sul2,aph(3'')-Ib,aph(6)-Id	10
RefSeq_NZ_CP026752.1	IncFII	Gram-negative	IS1	21921-22688	37130-37842	14442	catA1	1
RefSeq_NZ_CP026930.2	IncFII	Gram-negative	IS26	51807-52626	57187-58009	4561	blaTEM-1	1
RefSeq_NZ_CP027037.1	IncFII	Gram-negative	IS26	52379-53198	55385-56205	2187	aac(6')-Ib-cr5,blaOXA-1,catB3	3
RefSeq_NZ_CP027037.1	IncFII	Gram-negative	IS26	55385-56205	58805-59624	2600	aac(3)-IIe	1
RefSeq_NZ_CP027037.1	IncFII	Gram-negative	IS26	58805-59624	63395-64215	3771	blaCTX-M-15	1
RefSeq_NZ_CP027037.1	IncFII	Gram-negative	IS26	66053-66872	77616-78436	10744	dfrA12,aadA2,sul1,mrx(A),mph(A)	5
RefSeq_NZ_CP027037.1	IncFII	Gram-negative	IS26	77616-78436	79477-80212	1041	aph(3')-Ia	1
RefSeq_NZ_CP027044.1	IncFII	Gram-negative	IS26	105660-106442	107644-108462	1202	aph(3')-Ia	1
RefSeq_NZ_CP027044.1	IncFII	Gram-negative	IS26	107644-108462	112364-113126	3902	dfrA1,aadA1	2
RefSeq_NZ_CP027049.1	IncFII	Gram-negative	IS26	13760-14579	15620-16439	1041	aph(3')-Ia	1
RefSeq_NZ_CP027054.1	IncFII	Gram-negative	IS1	26319-27086	47309-48021	20223	catA1,dfrA12,aadA2,sul1,mrx(A),mph(A),aph(3')-Ia	7
RefSeq_NZ_CP027067.1	IncFII	Gram-negative	IS26	4393-5212	9237-10056	4025	blaCTX-M-65	1
RefSeq_NZ_CP027067.1	IncFII	Gram-negative	IS26	11041-11860	13136-13955	1276	fosA3	1
RefSeq_NZ_CP027067.1	IncFII	Gram-negative	IS26	13136-13955	17763-18583	3808	blaTEM-1,rmtB1	2
RefSeq_NZ_CP027067.1	IncFII	Gram-negative	IS26	49080-49899	55903-56724	6004	blaKPC-2	1
RefSeq_NZ_CP027067.1	IncFII	Gram-negative	IS26	105538-106360	107749-108572	1389	catA2	1
RefSeq_NZ_CP027119.1	IncFII	Gram-negative	IS1	48035-48802	56812-57579	8010	aph(3')-Ia	1
RefSeq_NZ_CP027119.1	IncFII	Gram-negative	IS1	56812-57579	77365-78132	19786	aph(6)-Id,aph(3'')-Ib,sul2,blaTEM	4
RefSeq_NZ_CP027119.1	IncFII	Gram-negative	IS1	77365-78132	82846-83613	4714	tet(B)	1
RefSeq_NZ_CP027119.1	IncFII	Gram-negative	IS26	54887-55705	57580-58342	1875	aph(3')-Ia	1
RefSeq_NZ_CP027119.1	IncFII	Gram-negative	IS26	57580-58342	62725-63545	4383	aph(6)-Id,aph(3'')-Ib,sul2	3
RefSeq_NZ_CP027119.1	IncFII	Gram-negative	IS26	62725-63545	65461-66280	1916	blaTEM	1
RefSeq_NZ_CP027138.1	IncX1	Gram-negative	IS26	19305-20132	63037-63864	42905	blaTEM-1	1
RefSeq_NZ_CP027138.1	IncX1	Gram-negative	IS26	63037-63864	65044-65863	1180	dfrA8	1
RefSeq_NZ_CP027152.1	IncFII	Gram-negative	IS1	152137-152904	182712-183424	29808	catA1,dfrA12,aadA2,sul1,mrx(A),mph(A),aph(3')-Ia	7
RefSeq_NZ_CP027152.1	IncFII	Gram-negative	IS26	170429-171249	172290-173025	1041	aph(3')-Ia	1
RefSeq_NZ_CP027161.1	IncFII	Gram-negative	IS1	102137-102849	131351-132118	28502	aph(3')-Ia,mph(A),mrx(A),sul1,aadA2,dfrA12,catA1	7
RefSeq_NZ_CP027161.1	IncFII	Gram-negative	IS26	110490-111310	112351-113086	1041	aph(3')-Ia	1
RefSeq_NZ_CP027202.2	IncN	Gram-negative	IS26	96344-97163	100030-100851	2867	mrx(A),mph(A)	2
RefSeq_NZ_CP027202.2	IncN	Gram-negative	IS26	103787-104620	109497-110143	4877	tet(M)	1
RefSeq_NZ_CP027202.2	IncN	Gram-negative	IS26	109497-110143	133317-134136	23174	tet(A),aph(6)-Id,aph(3'')-Ib,sul2,blaTEM-1	5
RefSeq_NZ_CP027202.2	IncN	Gram-negative	IS26	134573-135392	138173-138992	2781	aadA22,lnu(F)	2
RefSeq_NZ_CP027202.2	IncN	Gram-negative	IS26	138173-138992	149505-150326	10513	aph(3'')-Ib,aph(6)-Id,aph(3')-Ia,aph(4)-Ia,aac(3)-IVa	5
RefSeq_NZ_CP027202.2	IncN	Gram-negative	IS26	149505-150326	164728-165548	14402	floR,blaCTX-M-65	2
RefSeq_NZ_CP027202.2	IncN	Gram-negative	IS26	164728-165548	168553-169373	3005	sul1	1
RefSeq_NZ_CP027202.2	IncN	Gram-negative	IS26	168553-169373	170895-171714	1522	bleO	1
RefSeq_NZ_CP027202.2	IncN	Gram-negative	IS26	170895-171714	176921-177742	5207	oqxA,oqxB	2
RefSeq_NZ_CP027202.2	IncN	Gram-negative	IS1	110144-110911	139731-140498	28820	tet(A),aph(6)-Id,aph(3'')-Ib,sul2,blaTEM-1,aadA22,lnu(F)	7
RefSeq_NZ_CP027385.1	IncFII	Gram-negative	IS26	25946-26766	36217-37036	9451	mph(A),mrx(A),sul1,aadA2,dfrA12	5
RefSeq_NZ_CP027802.1	IncFII	Gram-negative	IS1	4958-5725	25218-25985	19493	aac(6')-Ib3,cmlA1,blaTEM-1	3
RefSeq_NZ_CP027802.1	IncFII	Gram-negative	IS26	13133-13952	20400-21219	6448	aac(6')-Ib3,cmlA1	2
RefSeq_NZ_CP027802.1	IncFII	Gram-negative	IS26	20400-21219	23148-23977	1929	blaTEM-1	1
RefSeq_NZ_CP027802.1	IncFII	Gram-negative	IS26	27038-27858	34746-35568	6888	blaKPC-2	1
RefSeq_NZ_CP027803.1	IncFII	Gram-negative	IS26	34005-34826	52337-53156	17511	mph(A),mrx(A),sul1,qnrB6,sul1,aadA16,dfrA27,arr-3,aac(6')-Ib-cr5	9
RefSeq_NZ_CP027865.1	IncFII	Gram-negative	IS26	87978-88799	106310-107129	17511	mph(A),mrx(A),sul1,qnrB6,sul1,aadA16,dfrA27,arr-3,aac(6')-Ib-cr5	9
RefSeq_NZ_CP027866.1	IncFII	Gram-negative	IS1	422-1189	25042-25809	23853	aac(6')-Ib3,cmlA1,blaCTX-M-14,blaTEM-1	4
RefSeq_NZ_CP027866.1	IncFII	Gram-negative	IS26	8596-9415	20224-21043	10809	aac(6')-Ib3,cmlA1,blaCTX-M-14	3
RefSeq_NZ_CP027866.1	IncFII	Gram-negative	IS26	20224-21043	22972-23801	1929	blaTEM-1	1
RefSeq_NZ_CP027866.1	IncFII	Gram-negative	IS26	26862-27682	34570-35392	6888	blaKPC-2	1
RefSeq_NZ_CP028177.1	IncFII	Gram-negative	IS26	41822-42642	64580-65400	21938	tet(D),blaTEM-1,aac(3)-IId,blaTEM-1,blaOXA,aadA1,aac(6')-Ib,blaSHV-12	8
RefSeq_NZ_CP028389.3	IncFII	Gram-negative	IS26	5161-5981	7022-7841	1041	aph(3')-Ia	1
RefSeq_NZ_CP028389.3	IncFII	Gram-negative	IS26	7022-7841	9595-10414	1754	aac(3)-IId	1
RefSeq_NZ_CP028389.3	IncFII	Gram-negative	IS26	9595-10414	14797-15618	4383	aph(6)-Id,aph(3'')-Ib,sul2	3
RefSeq_NZ_CP028389.3	IncFII	Gram-negative	IS26	106249-107070	153714-154534	46644	blaKPC-2,blaTEM,floR,tet(A)	4
RefSeq_NZ_CP028480.1	IncFII	Gram-negative	IS26	39074-39906	42791-43610	2885	dfrA14	1
RefSeq_NZ_CP028480.1	IncFII	Gram-negative	IS26	42791-43610	51763-52588	8153	sul2	1
RefSeq_NZ_CP028486.1	IncN	Gram-negative	IS26	16082-16901	45654-46474	28753	qnrS1	1
RefSeq_NZ_CP028537.1	IncN	Gram-negative	IS26	146771-147592	157936-158759	10344	sul2,floR	2
RefSeq_NZ_CP028537.1	IncN	Gram-negative	IS26	164761-165581	167103-167922	1522	bleO	1
RefSeq_NZ_CP028537.1	IncN	Gram-negative	IS26	167103-167922	173116-173935	5194	oqxA,oqxB	2
RefSeq_NZ_CP028537.1	IncN	Gram-negative	IS26	173116-173935	176708-177528	2773	dfrA17	1
RefSeq_NZ_CP028537.1	IncN	Gram-negative	IS26	181768-182589	188530-189356	5941	aph(3'')-Ib,aph(6)-Id,aph(3')-Ia	3
RefSeq_NZ_CP028537.1	IncN	Gram-negative	IS26	243421-244240	247767-248590	3527	tet(D)	1
RefSeq_NZ_CP028537.1	IncN	Gram-negative	IS26	254722-255544	259833-260655	4289	aac(6')-Ib3	1
RefSeq_NZ_CP028537.1	IncN	Gram-negative	IS26	259833-260655	287550-288373	26895	sul1,blaDHA-1,qnrB4,sul1,ere(A),arr,aac(3)-IIg,aac(6')-IIc	8
RefSeq_NZ_CP028541.2	IncFII	Gram-negative	IS26	4393-5212	9237-10056	4025	blaCTX-M-65	1
RefSeq_NZ_CP028541.2	IncFII	Gram-negative	IS26	11041-11860	13136-13955	1276	fosA3	1
RefSeq_NZ_CP028541.2	IncFII	Gram-negative	IS26	13136-13955	17763-18583	3808	blaTEM-1,rmtB1	2
RefSeq_NZ_CP028541.2	IncFII	Gram-negative	IS26	73156-73977	77904-78723	3927	blaKPC-2	1
RefSeq_NZ_CP028541.2	IncFII	Gram-negative	IS26	77904-78723	82650-83469	3927	blaKPC-2	1
RefSeq_NZ_CP028541.2	IncFII	Gram-negative	IS26	82650-83469	87396-88215	3927	blaKPC-2	1
RefSeq_NZ_CP028541.2	IncFII	Gram-negative	IS26	162980-163802	165191-166014	1389	catA2	1
RefSeq_NZ_CP028543.1	IncFII	Gram-negative	IS26	76489-77224	83068-83887	5844	aac(3)-IId	1
RefSeq_NZ_CP028543.1	IncFII	Gram-negative	IS26	83068-83887	90960-91779	7073	dfrA12,aadA2,sul1	3
RefSeq_NZ_CP028547.2	IncFII	Gram-negative	IS26	8129-8948	12144-12963	3196	blaTEM-1,rmtB1	2
RefSeq_NZ_CP028547.2	IncFII	Gram-negative	IS26	12144-12963	37004-37823	24041	blaKPC-2,blaSHV-12	2
RefSeq_NZ_CP028547.2	IncFII	Gram-negative	IS26	59258-60077	61466-62289	1389	catA2	1
RefSeq_NZ_CP028553.2	IncFII	Gram-negative	IS26	23827-24648	35588-36408	10940	mph(A),mrx(A),sul1,aadA16,dfrA27,arr-3,aac(6')-Ib-cr5	7
RefSeq_NZ_CP028553.2	IncFII	Gram-negative	IS26	35588-36408	49619-50440	13211	blaTEM-1,blaCTX-M-15,qnrS1	3
RefSeq_NZ_CP028576.1	IncFII	Gram-negative	IS1	3979-4746	15169-15936	10423	blaCTX-M-15	1
RefSeq_NZ_CP028576.1	IncFII	Gram-negative	IS1	15169-15936	54614-55381	38678	aac(3)-IId,blaTEM-1	2
RefSeq_NZ_CP028576.1	IncFII	Gram-negative	IS26	20754-21574	23187-24006	1613	aac(3)-IId	1
RefSeq_NZ_CP028576.1	IncFII	Gram-negative	IS26	82600-83419	85606-86425	2187	catB3,blaOXA-1,aac(6')-Ib-cr5	3
RefSeq_NZ_CP028576.1	IncFII	Gram-negative	IS26	85606-86425	96328-97149	9903	dfrA17,aadA5,sul1,mrx(A),mph(A)	5
RefSeq_NZ_CP028576.1	IncFII	Gram-negative	IS26	96328-97149	103806-104625	6657	sul2,aph(3'')-Ib,aph(6)-Id,tet(A)	4
RefSeq_NZ_CP028582.2	IncFII	Gram-negative	IS26	4393-5212	9237-10056	4025	blaCTX-M-65	1
RefSeq_NZ_CP028582.2	IncFII	Gram-negative	IS26	9237-10056	36092-36911	26036	aac(6')-Ib-cr5,arr-3,dfrA27,aadA16,sul1	5
RefSeq_NZ_CP028582.2	IncFII	Gram-negative	IS26	58619-59441	60830-61653	1389	catA2	1
RefSeq_NZ_CP028582.2	IncFII	Gram-negative	IS26	100259-101080	143888-144710	42808	blaKPC-2	1
RefSeq_NZ_CP028717.1	IncFII	Gram-negative	IS26	98400-99221	103607-104426	4386	sul2,aph(3'')-Ib,aph(6)-Id	3
RefSeq_NZ_CP028717.1	IncFII	Gram-negative	IS26	103607-104426	105467-106286	1041	aph(3')-Ia	1
RefSeq_NZ_CP028717.1	IncFII	Gram-negative	IS26	105467-106286	108040-108860	1754	aac(3)-IId	1
RefSeq_NZ_CP028717.1	IncFII	Gram-negative	IS26	108040-108860	119800-120620	10940	aac(6')-Ib-cr5,arr-3,dfrA27,aadA16,sul1,mrx(A),mph(A)	7
RefSeq_NZ_CP028790.2	IncFII	Gram-negative	IS26	4393-5212	9237-10056	4025	blaCTX-M-65	1
RefSeq_NZ_CP028790.2	IncFII	Gram-negative	IS26	11041-11860	13136-13955	1276	fosA3	1
RefSeq_NZ_CP028790.2	IncFII	Gram-negative	IS26	13136-13955	17763-18583	3808	blaTEM-1,rmtB1	2
RefSeq_NZ_CP028790.2	IncFII	Gram-negative	IS26	48470-49295	55523-56342	6228	blaKPC-2	1
RefSeq_NZ_CP028796.1	IncFII	Gram-negative	IS26	4393-5212	9237-10056	4025	blaCTX-M-65	1
RefSeq_NZ_CP028796.1	IncFII	Gram-negative	IS26	11041-11860	15668-16488	3808	blaTEM-1,rmtB1	2
RefSeq_NZ_CP028796.1	IncFII	Gram-negative	IS26	42498-43322	49851-50670	6529	blaSHV-12	1
RefSeq_NZ_CP028796.1	IncFII	Gram-negative	IS26	49851-50670	59244-60065	8574	blaKPC-2	1
RefSeq_NZ_CP028804.2	IncFII	Gram-negative	IS26	255250-256069	268140-268960	12071	dfrA12,aadA2,sul1,mrx(A),mph(A)	5
RefSeq_NZ_CP028804.2	IncFII	Gram-negative	IS26	268140-268960	270001-270736	1041	aph(3')-Ia	1
RefSeq_NZ_CP028804.2	IncFII	Gram-negative	IS26	275780-276603	279006-279826	2403	aac(3)-IIe	1
RefSeq_NZ_CP028804.2	IncFII	Gram-negative	IS26	279006-279826	284267-285087	4441	erm(B)	1
RefSeq_NZ_CP028817.1	IncFII	Gram-negative	IS26	7502-8321	15049-15841	6728	dfrA14	1
RefSeq_NZ_CP028817.1	IncFII	Gram-negative	IS26	15049-15841	30094-30914	14253	blaCTX-M-15,blaTEM-1,aph(6)-Id,aph(3'')-Ib,sul2	5
RefSeq_NZ_CP028853.1	IncFII	Gram-negative	IS26	15445-16265	32926-33746	16661	aac(6')-Ib-cr5,arr-3,dfrA27,aadA16,sul1,qnrB91,sul1,mrx(A),mph(A)	9
RefSeq_NZ_CP028853.1	IncFII	Gram-negative	IS26	32926-33746	34787-35607	1041	aph(3')-Ia	1
RefSeq_NZ_CP028955.1	IncFII	Gram-negative	IS26	40826-41645	52530-53349	10885	tet(A)	1
RefSeq_NZ_CP028955.1	IncFII	Gram-negative	IS26	52530-53349	68320-69077	14971	dfrA14	1
RefSeq_NZ_CP028955.1	IncFII	Gram-negative	IS26	79446-80265	81049-81870	784	aac(6')-Ib-cr5	1
RefSeq_NZ_CP028955.1	IncFII	Gram-negative	IS26	83697-84516	89492-90312	4976	sul2	1
RefSeq_NZ_CP028958.1	IncN	Gram-negative	IS26	38003-38822	42349-42958	3527	tet(D)	1
RefSeq_NZ_CP028958.1	IncN	Gram-negative	IS26	42349-42958	62800-63427	19842	blaKPC-2,blaKPC-2	2
RefSeq_NZ_CP028993.1	IncFII	Gram-negative	IS26	4105-4924	22975-23795	18051	tet(A)	1
RefSeq_NZ_CP028995.1	IncFII	Gram-negative	IS26	62820-63639	77128-77946	13489	blaDHA-1,qnrB4	2
RefSeq_NZ_CP029000.1	IncFII	Gram-negative	IS26	109471-110291	123788-124607	13497	qnrB4,blaDHA-1	2
RefSeq_NZ_CP029058.1	IncFII	Gram-negative	IS26	83901-84721	87346-88166	2625	blaTEM-135	1
RefSeq_NZ_CP029058.1	IncFII	Gram-negative	IS26	87346-88166	91153-91972	2987	aac(3)-IId	1
RefSeq_NZ_CP029058.1	IncFII	Gram-negative	IS26	91153-91972	101718-102537	9746	sul3,aadA1,cmlA1,aadA2,dfrA12	5
RefSeq_NZ_CP029101.1	IncFII	Gram-negative	IS1	91711-92423	120925-121692	28502	aph(3')-Ia,mph(A),mrx(A),sul1,aadA2,dfrA12,catA1	7
RefSeq_NZ_CP029101.1	IncFII	Gram-negative	IS26	102110-102845	103886-104706	1041	aph(3')-Ia	1
RefSeq_NZ_CP029214.1	IncFII	Gram-negative	IS26	68589-69408	87265-88084	17857	tet(A)	1
RefSeq_NZ_CP029223.1	IncFII	Gram-negative	IS26	5765-6584	9309-10128	2725	dfrA14	1
RefSeq_NZ_CP029223.1	IncFII	Gram-negative	IS26	81661-82482	83882-84705	1400	catA2	1
RefSeq_NZ_CP029225.1	IncFII	Gram-negative	IS26	4393-5212	9237-10056	4025	blaCTX-M-65	1
RefSeq_NZ_CP029225.1	IncFII	Gram-negative	IS26	11041-11860	15668-16488	3808	blaTEM-1,rmtB1	2
RefSeq_NZ_CP029225.1	IncFII	Gram-negative	IS26	72160-72980	88077-88896	15097	blaSHV-12,blaKPC-2	2
RefSeq_NZ_CP029244.1	IncN	Gram-negative	IS26	100690-101509	103031-103851	1522	bleO	1
RefSeq_NZ_CP029368.1	IncN	Gram-negative	IS26	48639-49462	51104-51923	1642	dfrA14	1
RefSeq_NZ_CP029381.1	IncFII	Gram-negative	IS26	4393-5212	9237-10056	4025	blaCTX-M-65	1
RefSeq_NZ_CP029381.1	IncFII	Gram-negative	IS26	11041-11860	15668-16488	3808	blaTEM-1,rmtB1	2
RefSeq_NZ_CP029381.1	IncFII	Gram-negative	IS26	79404-80223	95320-96140	15097	blaKPC-2,blaSHV-12	2
RefSeq_NZ_CP029382.1	IncFII	Gram-negative	IS26	801-1624	9779-10598	8155	sul2	1
RefSeq_NZ_CP029382.1	IncFII	Gram-negative	IS26	9779-10598	13323-14142	2725	dfrA14	1
RefSeq_NZ_CP029387.1	IncFII	Gram-negative	IS1	64763-65475	104662-105427	39187	tet(D)	1
RefSeq_NZ_CP029387.1	IncFII	Gram-negative	IS26	73116-73936	77462-78281	3526	tet(D)	1
RefSeq_NZ_CP029580.1	IncFII	Gram-negative	IS26	84136-84957	94923-95743	9966	dfrA17,aadA5,sul1,mrx(A),mph(A)	5
RefSeq_NZ_CP029580.1	IncFII	Gram-negative	IS26	94923-95743	97812-98632	2069	erm(B)	1
RefSeq_NZ_CP029580.1	IncFII	Gram-negative	IS26	97812-98632	101104-101923	2472	aac(3)-IId	1
RefSeq_NZ_CP029580.1	IncFII	Gram-negative	IS26	162671-163490	169185-170006	5695	tet(A),aph(6)-Id,aph(3'')-Ib,sul2	4
RefSeq_NZ_CP029580.1	IncFII	Gram-negative	IS1	83352-84119	130495-131262	46376	dfrA17,aadA5,sul1,mrx(A),mph(A),erm(B),aac(3)-IId,blaTEM-1	8
RefSeq_NZ_CP029588.1	IncFII	Gram-negative	IS1	60821-61533	109567-110334	48034	tet(A),catB3,blaOXA-1,aac(6')-Ib-cr5,blaCTX-M-15,blaTEM-1,sul1,aadA2,dfrA12	9
RefSeq_NZ_CP029588.1	IncFII	Gram-negative	IS26	71220-71955	78468-79287	6513	tet(A)	1
RefSeq_NZ_CP029588.1	IncFII	Gram-negative	IS26	78468-79287	81474-82293	2187	catB3,blaOXA-1,aac(6')-Ib-cr5	3
RefSeq_NZ_CP029588.1	IncFII	Gram-negative	IS26	81474-82293	100608-101427	18315	blaCTX-M-15,blaTEM-1,sul1,aadA2,dfrA12	5
RefSeq_NZ_CP029591.1	IncFII	Gram-negative	IS26	50681-51501	73039-73858	21538	mph(A),mrx(A),sul1,aadA2,dfrA12,blaTEM-1,blaCTX-M-15	7
RefSeq_NZ_CP029591.1	IncFII	Gram-negative	IS26	73039-73858	76045-76864	2187	aac(6')-Ib-cr5,blaOXA-1,catB3	3
RefSeq_NZ_CP029591.1	IncFII	Gram-negative	IS26	76045-76864	83377-84112	6513	tet(A)	1
RefSeq_NZ_CP029683.1	IncX1	Gram-negative	IS26	30773-31593	32993-33812	1400	catA2	1
RefSeq_NZ_CP029683.1	IncX1	Gram-negative	IS26	36273-37100	69210-70030	32110	sul2,aph(3'')-Ib,aph(6)-Id,blaTEM-1	4
RefSeq_NZ_CP029723.1	IncFII	Gram-negative	IS26	112-931	1715-2536	784	aac(6')-Ib-cr5	1
RefSeq_NZ_CP029723.1	IncFII	Gram-negative	IS26	4363-5182	10158-10978	4976	sul2	1
RefSeq_NZ_CP029723.1	IncFII	Gram-negative	IS26	145163-145982	156867-157686	10885	tet(A)	1
RefSeq_NZ_CP029723.1	IncFII	Gram-negative	IS26	156867-157686	172657-173414	14971	dfrA14	1
RefSeq_NZ_CP029724.1	IncFII	Gram-negative	IS26	108294-109113	123836-124661	14723	catA1,ere(A),arr-2	3
RefSeq_NZ_CP029731.1	IncFII	Gram-negative	IS1	97253-98020	106198-106965	8178	blaNDM-1,ble	2
RefSeq_NZ_CP029740.1	IncFII	Gram-negative	IS26	69538-70357	80943-81763	10586	tet(A)	1
RefSeq_NZ_CP029748.1	IncN	Gram-negative	IS26	177-996	13315-14136	12319	tet(A),tet(A)	2
RefSeq_NZ_CP029748.1	IncN	Gram-negative	IS26	13315-14136	16520-17343	2384	dfrA14	1
RefSeq_NZ_CP029748.1	IncN	Gram-negative	IS26	16520-17343	27100-27919	9757	sul2,aph(3'')-Ib,aph(6)-Id,blaTEM-1	4
RefSeq_NZ_CP029748.1	IncN	Gram-negative	IS26	126920-127741	131902-132726	4161	mph(A),mrx(A)	2
RefSeq_NZ_CP029748.1	IncN	Gram-negative	IS26	146957-147776	151153-151972	3377	fosA3,blaCTX-M-14	2
RefSeq_NZ_CP029748.1	IncN	Gram-negative	IS26	151153-151972	169356-170178	17384	aac(3)-IVa,aph(4)-Ia,sul2,floR,floR	5
RefSeq_NZ_CP030112.1	IncFII	Gram-negative	IS26	40526-41345	43817-44636	2472	aac(3)-IId	1
RefSeq_NZ_CP030283.1	IncX1	Gram-negative	IS26	30272-31092	33861-34679	2769	blaCTX-M-55	1
RefSeq_NZ_CP030283.1	IncX1	Gram-negative	IS26	33861-34679	37175-37996	2496	fosA3	1
RefSeq_NZ_CP030283.1	IncX1	Gram-negative	IS26	37175-37996	43190-44009	5194	oqxA2,oqxB	2
RefSeq_NZ_CP030283.1	IncX1	Gram-negative	IS26	43190-44009	64643-65462	20634	aph(3')-IIa	1
RefSeq_NZ_CP030283.1	IncX1	Gram-negative	IS26	64643-65462	80233-81056	14771	sul2,aph(3'')-Ib,aph(6)-Id,tet(A),floR	5
RefSeq_NZ_CP030294.1	IncN	Gram-negative	IS26	48356-49178	50567-51386	1389	catA2	1
RefSeq_NZ_CP030294.1	IncN	Gram-negative	IS26	132078-132897	140602-141421	7705	dfrA25,sul1	2
RefSeq_NZ_CP030294.1	IncN	Gram-negative	IS26	140602-141421	147884-148707	6463	blaKPC-2	1
RefSeq_NZ_CP030297.1	IncFII	Gram-negative	IS26	46118-46938	50895-51716	3957	mph(A),mrx(A)	2
RefSeq_NZ_CP030297.1	IncFII	Gram-negative	IS26	78453-79273	86399-87218	7126	tet(A)	1
RefSeq_NZ_CP030301.1	IncFII	Gram-negative	IS26	40989-41808	49415-50235	7607	blaKPC-2	1
RefSeq_NZ_CP030301.1	IncFII	Gram-negative	IS26	50522-51342	58667-59489	7325	blaSHV-12	1
RefSeq_NZ_CP030301.1	IncFII	Gram-negative	IS26	93757-94577	98385-99204	3808	rmtB1,blaTEM-1	2
RefSeq_NZ_CP030301.1	IncFII	Gram-negative	IS26	98385-99204	100480-101299	1276	fosA3	1
RefSeq_NZ_CP030301.1	IncFII	Gram-negative	IS26	102284-103103	106946-107765	3843	blaCTX-M-65	1
RefSeq_NZ_CP030308.1	IncFII	Gram-negative	IS26	18254-19073	23459-24279	4386	aph(6)-Id,aph(3'')-Ib,sul2	3
RefSeq_NZ_CP030308.1	IncFII	Gram-negative	IS26	23459-24279	28691-29510	4412	tet(A)	1
RefSeq_NZ_CP030308.1	IncFII	Gram-negative	IS26	28691-29510	34928-35747	5418	bleO	1
RefSeq_NZ_CP030308.1	IncFII	Gram-negative	IS26	61102-61921	63257-64076	1336	aac(3)-IId	1
RefSeq_NZ_CP030308.1	IncFII	Gram-negative	IS26	63257-64076	76309-77130	12233	dfrA12,aadA2,sul1,mrx(A),mph(A)	5
RefSeq_NZ_CP030310.1	IncN	Gram-negative	IS26	23920-24739	27366-28199	2627	qnrS1	1
RefSeq_NZ_CP030310.1	IncN	Gram-negative	IS26	27366-28199	35638-36475	7439	sul1	1
RefSeq_NZ_CP030343.1	IncFII	Gram-negative	IS1	7151-7918	36420-37132	28502	catA1,dfrA12,aadA2,sul1,mrx(A),mph(A),aph(3')-Ia	7
RefSeq_NZ_CP030343.1	IncFII	Gram-negative	IS26	24137-24957	25998-26733	1041	aph(3')-Ia	1
RefSeq_NZ_CP030719.1	IncFII	Gram-negative	IS26	73115-73935	86157-86976	12222	dfrA14,aph(3')-Ia,sul1	3
RefSeq_NZ_CP030726.1	IncFII	Gram-negative	IS26	73115-73935	86157-86976	12222	dfrA14,aph(3')-Ia,sul1	3
RefSeq_NZ_CP030735.1	IncFII	Gram-negative	IS26	73115-73935	86157-86976	12222	dfrA14,aph(3')-Ia,sul1	3
RefSeq_NZ_CP030743.1	IncFII	Gram-negative	IS26	73115-73935	86159-86978	12224	dfrA14,aph(3')-Ia,sul1	3
RefSeq_NZ_CP030876.1	IncFII	Gram-negative	IS26	69935-70649	77400-78219	6751	dfrA14	1
RefSeq_NZ_CP030876.1	IncFII	Gram-negative	IS26	77400-78219	80406-81225	2187	catB3,blaOXA-1,aac(6')-Ib	3
RefSeq_NZ_CP030876.1	IncFII	Gram-negative	IS26	80406-81225	94916-95714	13691	blaCTX-M-15,blaTEM,aph(6)-Id,aph(3'')-Ib,sul2	5
RefSeq_NZ_CP030876.1	IncFII	Gram-negative	IS26	94916-95714	125350-126169	29636	tet(A),ble,blaNDM-7,aph(3')-VI,qnrB1	5
RefSeq_NZ_CP031109.1	IncN	Gram-negative	IS26	18345-19166	21662-22482	2496	fosA3	1
RefSeq_NZ_CP031137.1	IncFII	Gram-negative	IS26	13184-14004	27290-28110	13286	blaTEM-1	1
RefSeq_NZ_CP031137.1	IncFII	Gram-negative	IS26	27290-28110	32668-33488	4558	aac(3)-IId	1
RefSeq_NZ_CP031137.1	IncFII	Gram-negative	IS26	32668-33488	37615-38434	4127	mph(A),mrx(A)	2
RefSeq_NZ_CP031137.1	IncFII	Gram-negative	IS26	37615-38434	41803-42622	3369	aadA5,dfrA17	2
RefSeq_NZ_CP031137.1	IncFII	Gram-negative	IS26	41803-42622	45331-46150	2709	aac(6')-Ib-cr5,blaOXA-1,catB3,arr	4
RefSeq_NZ_CP031137.1	IncFII	Gram-negative	IS1	46838-47605	55294-56061	7689	catA1	1
RefSeq_NZ_CP031583.1	IncFII	Gram-negative	IS1	153565-154277	169830-170597	15553	tet(D)	1
RefSeq_NZ_CP031583.1	IncFII	Gram-negative	IS26	161918-162738	166265-167084	3527	tet(D)	1
RefSeq_NZ_CP031614.1	IncFII	Gram-negative	IS26	87893-88712	95420-96239	6708	mrx(A),mph(A)	2
RefSeq_NZ_CP031720.1	IncFII	Gram-negative	IS26	78177-78997	82805-83624	3808	rmtB1,blaTEM-1	2
RefSeq_NZ_CP031720.1	IncFII	Gram-negative	IS26	84609-85428	89453-90272	4025	blaCTX-M-65	1
RefSeq_NZ_CP031720.1	IncFII	Gram-negative	IS26	89453-90272	94199-95018	3927	blaKPC-2	1
RefSeq_NZ_CP031723.1	IncFII	Gram-negative	IS26	51270-52089	55603-56431	3514	tet(D)	1
RefSeq_NZ_CP031723.1	IncFII	Gram-negative	IS26	55603-56431	63627-64448	7196	dfrA14	1
RefSeq_NZ_CP031723.1	IncFII	Gram-negative	IS26	63627-64448	72413-73231	7965	sul2,aph(3'')-Ib,aph(6)-Id,blaTEM	4
RefSeq_NZ_CP031883.1	IncFII	Gram-negative	IS26	96007-96827	101366-102185	4539	blaTEM-1,sul2,aph(3'')-Ib,aph(6)-Id	4
RefSeq_NZ_CP031937.1	IncFII	Gram-negative	IS26	44744-45565	46965-47788	1400	catA2	1
RefSeq_NZ_CP031937.1	IncFII	Gram-negative	IS26	46965-47788	55943-56762	8155	sul2	1
RefSeq_NZ_CP031937.1	IncFII	Gram-negative	IS26	55943-56762	59487-60306	2725	dfrA14	1
RefSeq_NZ_CP032075.1	IncN	Gram-negative	IS26	39679-40498	42021-42840	1523	bleO	1
RefSeq_NZ_CP032166.1	IncFII	Gram-negative	IS26	16657-17476	21284-22103	3808	rmtB1,blaTEM-1	2
RefSeq_NZ_CP032166.1	IncFII	Gram-negative	IS26	21284-22103	23379-24198	1276	fosA3	1
RefSeq_NZ_CP032166.1	IncFII	Gram-negative	IS26	25183-26002	30027-30846	4025	blaCTX-M-65	1
RefSeq_NZ_CP032166.1	IncFII	Gram-negative	IS26	54641-55460	74644-75463	19184	blaSHV-12,blaKPC-2	2
RefSeq_NZ_CP032186.1	IncFII	Gram-negative	IS1	54849-55616	89073-89785	33457	aac(6')-Ib-cr5,blaOXA-1,catB3,tet(A)	4
RefSeq_NZ_CP032186.1	IncFII	Gram-negative	IS26	63756-64575	71319-72138	6744	aac(6')-Ib-cr5,blaOXA-1,catB3	3
RefSeq_NZ_CP032186.1	IncFII	Gram-negative	IS26	71319-72138	78651-79386	6513	tet(A)	1
RefSeq_NZ_CP032188.1	IncFII	Gram-negative	IS26	31966-32758	37035-37828	4277	blaCTX-M-15	1
RefSeq_NZ_CP032188.1	IncFII	Gram-negative	IS26	37035-37828	42105-42925	4277	blaCTX-M-15	1
RefSeq_NZ_CP032189.1	IncFII	Gram-negative	IS26	34311-35137	41931-42750	6794	arr-3,dfrA1,sul1	3
RefSeq_NZ_CP032195.1	IncFII	Gram-negative	IS26	88708-89527	111301-112125	21774	dfrA12,aadA2,sul1	3
RefSeq_NZ_CP032239.1	IncN	Gram-negative	IS26	6763-7585	18779-19583	11194	aadA2,dfrA12	2
RefSeq_NZ_CP032239.1	IncN	Gram-negative	IS26	89188-90011	102111-102930	12100	floR,sul2	2
RefSeq_NZ_CP032239.1	IncN	Gram-negative	IS26	102111-102930	115208-116029	12278	blaTEM-1,sul3	2
RefSeq_NZ_CP032239.1	IncN	Gram-negative	IS26	115208-116029	117070-117889	1041	aph(3')-Ia	1
RefSeq_NZ_CP032239.1	IncN	Gram-negative	IS26	117070-117889	125210-126029	7321	tet(A)	1
RefSeq_NZ_CP032239.1	IncN	Gram-negative	IS26	125210-126029	131990-132809	5961	mrx(A),mph(A)	2
RefSeq_NZ_CP032239.1	IncN	Gram-negative	IS1	83186-83919	103376-103998	19457	tet(A),floR,sul2	3
RefSeq_NZ_CP032239.1	IncN	Gram-negative	IS1	103376-103998	145058-145825	41060	blaTEM-1,sul3,aph(3')-Ia,tet(A),mrx(A),mph(A)	6
RefSeq_NZ_CP032243.1	IncFII	Gram-negative	IS26	4935-5754	8478-9297	2724	dfrA14	1
RefSeq_NZ_CP032388.1	IncFII	Gram-negative	IS26	66622-67441	68484-69303	1043	aph(3')-Ia	1
RefSeq_NZ_CP032395.1	IncFII	Gram-negative	IS26	129626-130445	134703-135522	4258	blaTEM-1	1
RefSeq_NZ_CP032395.1	IncFII	Gram-negative	IS26	134703-135522	158571-159390	23049	aph(3')-Ia,floR,tet(A),aph(6)-Id,aph(3'')-Ib,sul2	6
RefSeq_NZ_CP032397.1	IncX1	Gram-negative	IS1	25775-26542	41259-42026	14717	blaTEM-1	1
RefSeq_NZ_CP032893.1	IncFII	Gram-negative	IS26	57831-58650	63242-64063	4592	aadA2,sul1	2
RefSeq_NZ_CP032988.1	IncX1	Gram-negative	IS1	14257-15020	48496-49263	33476	tet(A),dfrA12,aadA2,cmlA1,aadA1,sul3,aph(3')-Ia	7
RefSeq_NZ_CP032988.1	IncX1	Gram-negative	IS26	38479-39298	40339-41158	1041	aph(3')-Ia	1
RefSeq_NZ_CP032988.1	IncX1	Gram-negative	IS26	66085-66904	69301-70122	2397	qnrS2	1
RefSeq_NZ_CP032991.1	IncN	Gram-negative	IS26	20672-21492	23397-24216	1905	blaCTX-M-55	1
RefSeq_NZ_CP033093.1	IncX1	Gram-negative	IS26	576-1409	35129-35948	33720	qnrS1,blaTEM-1,tet(M)	3
RefSeq_NZ_CP033094.1	IncN	Gram-negative	IS26	59130-59949	64397-65217	4448	erm(B)	1
RefSeq_NZ_CP033094.1	IncN	Gram-negative	IS26	64397-65217	67447-68266	2230	mph(A),mrx(A)	2
RefSeq_NZ_CP033094.1	IncN	Gram-negative	IS26	72714-73534	81400-82219	7866	bleO,mcr-3.19,aac(3)-IId	3
RefSeq_NZ_CP033094.1	IncN	Gram-negative	IS26	213392-214211	215252-216071	1041	aph(3')-Ia	1
RefSeq_NZ_CP033094.1	IncN	Gram-negative	IS26	215252-216071	218391-219211	2320	mef(B)	1
RefSeq_NZ_CP033353.2	IncN	Gram-negative	IS26	3952-4771	6047-6866	1276	fosA3	1
RefSeq_NZ_CP033353.2	IncN	Gram-negative	IS26	6047-6866	8783-9603	1917	blaTEM-1	1
RefSeq_NZ_CP033353.2	IncN	Gram-negative	IS26	8783-9603	13989-14808	4386	sul2,aph(3'')-Ib,aph(6)-Id	3
RefSeq_NZ_CP033353.2	IncN	Gram-negative	IS26	13989-14808	17179-17998	2371	dfrA17,aadA5	2
RefSeq_NZ_CP033353.2	IncN	Gram-negative	IS26	17179-17998	23195-24015	5197	oqxB,oqxA	2
RefSeq_NZ_CP033353.2	IncN	Gram-negative	IS26	23195-24015	29126-29946	5111	armA	1
RefSeq_NZ_CP033353.2	IncN	Gram-negative	IS26	77633-78452	84422-85243	5970	aph(3')-IIa	1
RefSeq_NZ_CP033353.2	IncN	Gram-negative	IS26	84422-85243	88389-89209	3146	mrx(A),mph(A)	2
RefSeq_NZ_CP033353.2	IncN	Gram-negative	IS26	198753-199573	230729-231551	31156	tet(A)	1
RefSeq_NZ_CP033353.2	IncN	Gram-negative	IS26	230729-231551	236262-237081	4711	sul1,arr-3,catB3,blaOXA-1,aac(6')-Ib-cr5	5
RefSeq_NZ_CP033353.2	IncN	Gram-negative	IS26	236262-237081	254434-255254	17353	aac(3)-IVa,aph(4)-Ia,sul2,floR	4
RefSeq_NZ_CP033379.1	IncX1	Gram-negative	IS1	102463-103230	124123-124890	20893	tet(A)	1
RefSeq_NZ_CP033379.1	IncX1	Gram-negative	IS26	64948-65768	75419-76242	9651	blaTEM-1,aph(6)-Id,aph(3'')-Ib,sul2	4
RefSeq_NZ_CP033379.1	IncX1	Gram-negative	IS26	75419-76242	77884-78703	1642	dfrA14	1
RefSeq_NZ_CP033379.1	IncX1	Gram-negative	IS26	81123-81946	92614-93433	10668	floR,tet(A)	2
RefSeq_NZ_CP033382.2	IncN	Gram-negative	IS26	88837-89659	94370-95189	4711	sul1,arr-3,catB3,blaOXA-1,aac(6')-Ib-cr5	5
RefSeq_NZ_CP033382.2	IncN	Gram-negative	IS26	94370-95189	112543-113363	17354	aac(3)-IVa,aph(4)-Ia,sul2,floR	4
RefSeq_NZ_CP033382.2	IncN	Gram-negative	IS26	112543-113363	115280-116100	1917	blaTEM-1	1
RefSeq_NZ_CP033382.2	IncN	Gram-negative	IS26	115280-116100	120486-121305	4386	sul2,aph(3'')-Ib,aph(6)-Id	3
RefSeq_NZ_CP033382.2	IncN	Gram-negative	IS26	120486-121305	126502-127321	5197	oqxA,oqxB	2
RefSeq_NZ_CP033382.2	IncN	Gram-negative	IS26	126502-127321	129692-130512	2371	aadA5,dfrA17	2
RefSeq_NZ_CP033382.2	IncN	Gram-negative	IS26	129692-130512	135623-136442	5111	armA	1
RefSeq_NZ_CP033383.2	IncX1	Gram-negative	IS26	13338-14159	17305-18125	3146	mrx(A),mph(A)	2
RefSeq_NZ_CP033385.2	IncN	Gram-negative	IS26	143303-144125	148836-149655	4711	sul1,arr-3,catB3,blaOXA-1,aac(6')-Ib-cr5	5
RefSeq_NZ_CP033385.2	IncN	Gram-negative	IS26	148836-149655	152026-152846	2371	aadA5,dfrA17	2
RefSeq_NZ_CP033385.2	IncN	Gram-negative	IS26	152026-152846	157955-158775	5109	armA	1
RefSeq_NZ_CP033386.2	IncX1	Gram-negative	IS26	822-1643	3963-4783	2320	fosA3	1
RefSeq_NZ_CP033386.2	IncX1	Gram-negative	IS26	3963-4783	9876-10697	5093	blaCTX-M-65	1
RefSeq_NZ_CP033386.2	IncX1	Gram-negative	IS26	25273-26092	40673-41494	14581	aph(3')-IIa	1
RefSeq_NZ_CP033386.2	IncX1	Gram-negative	IS26	40673-41494	44640-45461	3146	mrx(A),mph(A)	2
RefSeq_NZ_CP033394.2	IncFII	Gram-negative	IS26	4393-5212	9237-10056	4025	blaCTX-M-65	1
RefSeq_NZ_CP033394.2	IncFII	Gram-negative	IS26	31764-32586	33317-34137	731	catA2	1
RefSeq_NZ_CP033394.2	IncFII	Gram-negative	IS26	44638-45457	61854-62675	16397	blaKPC-12	1
RefSeq_NZ_CP033400.1	IncFII	Gram-negative	IS1	4995-5762	8816-9583	3054	tet(B)	1
RefSeq_NZ_CP033400.1	IncFII	Gram-negative	IS26	15295-16115	20242-21062	4127	mrx(A),mph(A)	2
RefSeq_NZ_CP033400.1	IncFII	Gram-negative	IS26	20242-21062	26616-27435	5554	aac(3)-IId	1
RefSeq_NZ_CP033400.1	IncFII	Gram-negative	IS26	26616-27435	29194-30013	1759	blaTEM-1	1
RefSeq_NZ_CP033400.1	IncFII	Gram-negative	IS26	29194-30013	34399-35219	4386	aph(6)-Id,aph(3'')-Ib,sul2	3
RefSeq_NZ_CP033400.1	IncFII	Gram-negative	IS26	34399-35219	41817-42636	6598	blaTEM-1	1
RefSeq_NZ_CP033400.1	IncFII	Gram-negative	IS26	41817-42636	44823-45643	2187	catB3,blaOXA-1,aac(6')-Ib-cr5	3
RefSeq_NZ_CP033402.1	IncFII	Gram-negative	IS1	64763-65475	102154-102921	36679	aph(3')-Ia,aph(3')-Ia,dfrA12,aadA2,sul1,mrx(A),mph(A)	7
RefSeq_NZ_CP033402.1	IncFII	Gram-negative	IS26	76489-77224	78265-79084	1041	aph(3')-Ia	1
RefSeq_NZ_CP033402.1	IncFII	Gram-negative	IS26	78265-79084	80125-80944	1041	aph(3')-Ia	1
RefSeq_NZ_CP033402.1	IncFII	Gram-negative	IS26	80125-80944	93194-94014	12250	dfrA12,aadA2,sul1,mrx(A),mph(A)	5
RefSeq_NZ_CP033404.1	IncFII	Gram-negative	IS26	4393-5212	9139-9958	3927	blaKPC-2	1
RefSeq_NZ_CP033404.1	IncFII	Gram-negative	IS26	9139-9958	13983-14802	4025	blaCTX-M-65	1
RefSeq_NZ_CP033404.1	IncFII	Gram-negative	IS26	15787-16606	20414-21234	3808	blaTEM-1,rmtB1	2
RefSeq_NZ_CP033628.1	IncFII	Gram-negative	IS26	21729-22548	49886-50716	27338	blaOXA,blaTEM-1	2
RefSeq_NZ_CP033628.1	IncFII	Gram-negative	IS26	68118-68937	78644-79463	9707	mph(E),msr(E),armA	3
RefSeq_NZ_CP033761.1	IncFII	Gram-negative	IS1	58364-59131	85791-86558	26660	aph(6)-Id,aph(3'')-Ib,sul2,blaTEM-1	4
RefSeq_NZ_CP033761.1	IncFII	Gram-negative	IS1	85791-86558	91520-92287	4962	tet(B)	1
RefSeq_NZ_CP033761.1	IncFII	Gram-negative	IS26	78313-79132	83518-84338	4386	aph(6)-Id,aph(3'')-Ib,sul2	3
RefSeq_NZ_CP033761.1	IncFII	Gram-negative	IS26	83518-84338	103372-104139	19034	blaTEM-1,tet(B)	2
RefSeq_NZ_CP033775.1	IncFII	Gram-negative	IS26	62693-63514	64502-65326	988	aph(3')-Ia	1
RefSeq_NZ_CP033847.1	IncFII	Gram-negative	IS1	46627-47390	73799-74566	26409	erm(B)	1
RefSeq_NZ_CP033847.1	IncFII	Gram-negative	IS26	55563-56382	60823-61642	4441	erm(B)	1
RefSeq_NZ_CP033947.1	IncFII	Gram-negative	IS26	39064-39884	45234-46053	5350	catA1	1
RefSeq_NZ_CP033947.1	IncFII	Gram-negative	IS26	45234-46053	57428-58247	11375	blaTEM-1,qnrS1	2
RefSeq_NZ_CP033947.1	IncFII	Gram-negative	IS26	57428-58247	71629-72449	13382	arr-2,aac(6')-Ib,rmtF1,catB	4
RefSeq_NZ_CP033948.1	IncFII	Gram-negative	IS26	3378-4197	8265-9085	4068	erm(B)	1
RefSeq_NZ_CP033956.1	IncFII	Gram-negative	IS26	4393-5212	9237-10056	4025	blaCTX-M-65	1
RefSeq_NZ_CP033956.1	IncFII	Gram-negative	IS26	11041-11860	15668-16488	3808	blaTEM-1,rmtB1	2
RefSeq_NZ_CP033956.1	IncFII	Gram-negative	IS26	39283-40102	55199-56018	15097	blaSHV-12,blaKPC-2	2
RefSeq_NZ_CP033957.1	IncFII	Gram-negative	IS26	6599-7422	8822-9643	1400	catA2	1
RefSeq_NZ_CP033957.1	IncFII	Gram-negative	IS26	81176-81995	84720-85539	2725	dfrA14	1
RefSeq_NZ_CP033962.1	IncFII	Gram-negative	IS26	4393-5212	15739-16558	10527	blaCTX-M-65	1
RefSeq_NZ_CP033962.1	IncFII	Gram-negative	IS26	15739-16558	17834-18653	1276	fosA3	1
RefSeq_NZ_CP033962.1	IncFII	Gram-negative	IS26	47213-48033	51841-52660	3808	rmtB1,blaTEM-1	2
RefSeq_NZ_CP033962.1	IncFII	Gram-negative	IS26	51841-52660	57190-58009	4530	blaKPC-2	1
RefSeq_NZ_CP033962.1	IncFII	Gram-negative	IS26	121623-122445	123834-124657	1389	catA2	1
RefSeq_NZ_CP034108.1	IncFII	Gram-negative	IS26	38560-39380	42924-43743	3544	blaCTX-M-55	1
RefSeq_NZ_CP034108.1	IncFII	Gram-negative	IS26	42924-43743	46584-47403	2841	rmtB1,blaTEM-1	2
RefSeq_NZ_CP034125.1	IncFII	Gram-negative	IS26	6197-7016	10824-11644	3808	blaTEM-1,rmtB1	2
RefSeq_NZ_CP034125.1	IncFII	Gram-negative	IS26	34439-35258	50355-51174	15097	blaSHV-12,blaKPC-2	2
RefSeq_NZ_CP034126.1	IncFII	Gram-negative	IS26	6963-7782	10507-11326	2725	dfrA14	1
RefSeq_NZ_CP034126.1	IncFII	Gram-negative	IS26	81429-82250	83650-84473	1400	catA2	1
RefSeq_NZ_CP034131.1	IncFII	Gram-negative	IS26	10458-11250	17978-18797	6728	dfrA14	1
RefSeq_NZ_CP034131.1	IncFII	Gram-negative	IS26	17978-18797	32274-33093	13477	qnrB1,tet(A)	2
RefSeq_NZ_CP034131.1	IncFII	Gram-negative	IS26	32274-33093	35280-36100	2187	aac(6')-Ib-cr5,blaOXA-1,catB3	3
RefSeq_NZ_CP034131.1	IncFII	Gram-negative	IS26	35280-36100	38700-39519	2600	aac(3)-IIe	1
RefSeq_NZ_CP034131.1	IncFII	Gram-negative	IS26	38700-39519	53188-54008	13669	blaCTX-M-15,blaTEM-1,aph(6)-Id,aph(3'')-Ib,sul2	5
RefSeq_NZ_CP034137.1	IncFII	Gram-negative	IS26	9872-10692	24931-25723	14239	sul2,aph(3'')-Ib,aph(6)-Id,blaTEM-1,blaCTX-M	5
RefSeq_NZ_CP034137.1	IncFII	Gram-negative	IS26	24931-25723	32451-33268	6728	dfrA14	1
RefSeq_NZ_CP034137.1	IncFII	Gram-negative	IS26	32451-33268	46749-47567	13481	qnrB1,tet(A)	2
RefSeq_NZ_CP034137.1	IncFII	Gram-negative	IS26	46749-47567	49754-50574	2187	aac(6')-Ib-cr5,blaOXA-1,catB3	3
RefSeq_NZ_CP034137.1	IncFII	Gram-negative	IS26	49754-50574	53174-53992	2600	aac(3)-IIe	1
RefSeq_NZ_CP034137.1	IncFII	Gram-negative	IS26	53174-53992	67643-68458	13651	blaCTX-M-15,blaTEM-1,aph(6)-Id,aph(3'')-Ib,sul2	5
RefSeq_NZ_CP034137.1	IncFII	Gram-negative	ISEcp1	19137-20786	57549-59202	36763	blaCTX-M,dfrA14,qnrB1,tet(A),aac(6')-Ib-cr5,blaOXA-1,catB3,aac(3)-IIe,blaCTX-M-15	9
RefSeq_NZ_CP034282.1	IncFII	Gram-negative	IS26	9914-10706	17434-18253	6728	dfrA14	1
RefSeq_NZ_CP034282.1	IncFII	Gram-negative	IS26	17434-18253	31734-32553	13481	qnrB1,tet(A)	2
RefSeq_NZ_CP034282.1	IncFII	Gram-negative	IS26	31734-32553	34740-35560	2187	aac(6')-Ib-cr5,blaOXA-1,catB3	3
RefSeq_NZ_CP034282.1	IncFII	Gram-negative	IS26	34740-35560	38160-38979	2600	aac(3)-IIe	1
RefSeq_NZ_CP034319.1	IncFII	Gram-negative	IS26	14908-15731	25515-26335	9784	sul2	1
RefSeq_NZ_CP034319.1	IncFII	Gram-negative	IS26	25515-26335	40528-41349	14193	aac(3)-IId,blaTEM-1,blaCTX-M-15,dfrA30	4
RefSeq_NZ_CP034322.1	IncFII	Gram-negative	IS26	21409-22232	32016-32836	9784	sul2	1
RefSeq_NZ_CP034322.1	IncFII	Gram-negative	IS26	32016-32836	47029-47850	14193	aac(3)-IId,blaTEM-1,blaCTX-M-15,dfrA30	4
RefSeq_NZ_CP034361.1	IncFII	Gram-negative	IS26	13356-14179	23963-24783	9784	sul2	1
RefSeq_NZ_CP034361.1	IncFII	Gram-negative	IS26	23963-24783	38976-39797	14193	aac(3)-IId,blaTEM-1,blaCTX-M-15,dfrA30	4
RefSeq_NZ_CP034396.1	IncFII	Gram-negative	IS26	1915-2735	4641-5459	1906	blaTEM-1	1
RefSeq_NZ_CP034396.1	IncFII	Gram-negative	IS26	4641-5459	9845-10665	4386	aph(6)-Id,aph(3'')-Ib,sul2	3
RefSeq_NZ_CP034396.1	IncFII	Gram-negative	IS26	9845-10665	16272-17092	5607	aac(3)-IId	1
RefSeq_NZ_CP034396.1	IncFII	Gram-negative	IS26	123865-124684	127393-128212	2709	arr,catB3,blaOXA-1,aac(6')-Ib-cr5	4
RefSeq_NZ_CP034396.1	IncFII	Gram-negative	IS26	127393-128212	131583-132402	3371	dfrA17,aadA5	2
RefSeq_NZ_CP034396.1	IncFII	Gram-negative	IS1	118544-119311	123052-123819	3741	tet(B)	1
RefSeq_NZ_CP034401.1	IncFII	Gram-negative	IS1	64207-64974	68715-69482	3741	tet(B)	1
RefSeq_NZ_CP034401.1	IncFII	Gram-negative	IS26	69528-70347	73056-73875	2709	arr,catB3,blaOXA-1,aac(6')-Ib-cr5	4
RefSeq_NZ_CP034401.1	IncFII	Gram-negative	IS26	73056-73875	77244-78063	3369	dfrA17,aadA5	2
RefSeq_NZ_CP034401.1	IncFII	Gram-negative	IS26	77244-78063	82190-83010	4127	mrx(A),mph(A)	2
RefSeq_NZ_CP034401.1	IncFII	Gram-negative	IS26	82190-83010	84916-85735	1906	blaTEM-1	1
RefSeq_NZ_CP034401.1	IncFII	Gram-negative	IS26	84916-85735	90121-90941	4386	aph(6)-Id,aph(3'')-Ib,sul2	3
RefSeq_NZ_CP034401.1	IncFII	Gram-negative	IS26	90121-90941	96548-97368	5607	aac(3)-IId	1
RefSeq_NZ_CP034417.1	IncFII	Gram-negative	IS26	4393-5212	9237-10056	4025	blaCTX-M-65	1
RefSeq_NZ_CP034417.1	IncFII	Gram-negative	IS26	11041-11860	13136-13955	1276	fosA3	1
RefSeq_NZ_CP034417.1	IncFII	Gram-negative	IS26	13136-13955	17763-18583	3808	blaTEM-1,rmtB1	2
RefSeq_NZ_CP034417.1	IncFII	Gram-negative	IS26	53949-54775	69872-70691	15097	blaSHV-12,blaKPC-2	2
RefSeq_NZ_CP034761.1	IncX1	Gram-negative	IS26	34565-35384	38152-38971	2768	blaCTX-M-55	1
RefSeq_NZ_CP034761.1	IncX1	Gram-negative	IS26	38152-38971	53552-54371	14581	aph(3')-IIa	1
RefSeq_NZ_CP034761.1	IncX1	Gram-negative	IS26	53552-54371	55456-56279	1085	rmtB1	1
RefSeq_NZ_CP034761.1	IncX1	Gram-negative	IS26	55456-56279	71050-71869	14771	floR,tet(A),aph(6)-Id,aph(3'')-Ib,sul2	5
RefSeq_NZ_CP034761.1	IncX1	Gram-negative	IS26	71050-71869	73688-74507	1819	dfrA14	1
RefSeq_NZ_CP034788.1	IncN	Gram-negative	IS26	61854-62673	63714-64534	1041	aph(3')-Ia	1
RefSeq_NZ_CP034788.1	IncN	Gram-negative	IS26	63714-64534	77504-78337	12970	sul3,aadA1,cmlA1,aadA2,estX-3	5
RefSeq_NZ_CP034788.1	IncN	Gram-negative	IS26	77504-78337	83214-83860	4877	tet(M)	1
RefSeq_NZ_CP034788.1	IncN	Gram-negative	IS26	98633-99452	102829-103648	3377	fosA3,blaCTX-M-14	2
RefSeq_NZ_CP034788.1	IncN	Gram-negative	IS26	102829-103648	119811-120632	16163	aac(3)-IVa,aph(4)-Ia,sul2,floR	4
RefSeq_NZ_CP034788.1	IncN	Gram-negative	IS26	123619-124440	128601-129425	4161	mph(A),mrx(A)	2
RefSeq_NZ_CP034956.1	IncFII	Gram-negative	IS26	8547-9366	14518-15338	5152	sul1,aadA5,dfrA17	3
RefSeq_NZ_CP034956.1	IncFII	Gram-negative	IS26	14518-15338	19465-20285	4127	mrx(A),mph(A)	2
RefSeq_NZ_CP034956.1	IncFII	Gram-negative	IS26	19465-20285	25839-26658	5554	aac(3)-IId	1
RefSeq_NZ_CP034956.1	IncFII	Gram-negative	IS26	25839-26658	28417-29236	1759	blaTEM-1	1
RefSeq_NZ_CP034956.1	IncFII	Gram-negative	IS26	28417-29236	33622-34442	4386	aph(6)-Id,aph(3'')-Ib,sul2	3
RefSeq_NZ_CP034956.1	IncFII	Gram-negative	IS26	33622-34442	41040-41871	6598	blaTEM-1	1
RefSeq_NZ_CP034956.1	IncFII	Gram-negative	IS26	41040-41871	45702-46521	3831	blaCTX-M-15	1
RefSeq_NZ_CP034956.1	IncFII	Gram-negative	IS26	45702-46521	48708-49528	2187	catB3,blaOXA-1,aac(6')-Ib-cr5	3
RefSeq_NZ_CP035124.1	IncFII	Gram-negative	IS26	90685-91506	95892-96711	4386	sul2,aph(3'')-Ib,aph(6)-Id	3
RefSeq_NZ_CP035124.1	IncFII	Gram-negative	IS26	95892-96711	98465-99285	1754	aac(3)-IId	1
RefSeq_NZ_CP035124.1	IncFII	Gram-negative	IS26	98465-99285	115946-116766	16661	mph(A),mrx(A),sul1,qnrB91,sul1,aadA16,dfrA27,arr-3,aac(6')-Ib-cr5	9
RefSeq_NZ_CP035124.1	IncFII	Gram-negative	IS26	195564-196384	207422-208241	11038	mph(A),mrx(A),sul1,aadA5,dfrA17	5
RefSeq_NZ_CP035124.1	IncFII	Gram-negative	IS26	207422-208241	210428-211247	2187	aac(6')-Ib-cr5,blaOXA-1,catB3	3
RefSeq_NZ_CP035124.1	IncFII	Gram-negative	IS26	210428-211247	226590-227349	15343	blaTEM-1,blaCTX-M-3,qnrS1	3
RefSeq_NZ_CP035124.1	IncFII	Gram-negative	IS1	179960-180727	217654-218421	36927	mph(A),mrx(A),sul1,aadA5,dfrA17,aac(6')-Ib-cr5,blaOXA-1,catB3,blaTEM-1,blaCTX-M-3	10
RefSeq_NZ_CP035204.1	IncFII	Gram-negative	IS26	7106-7925	31491-32310	23566	sul3,aadA1,cmlA1,aadA2,dfrA12,floR,sul2	7
RefSeq_NZ_CP035216.1	IncFII	Gram-negative	IS1	197018-197786	217716-218447	19930	sul1,aph(6)-Id,aph(3'')-Ib	3
RefSeq_NZ_CP035277.1	IncFII	Gram-negative	IS26	30096-30915	60189-61009	29274	dfrA12,aadA2,sul1,qnrB4,blaDHA-1,sul1,mrx(A),mph(A)	8
RefSeq_NZ_CP035277.1	IncFII	Gram-negative	IS26	60189-61009	74203-75022	13194	aac(3)-IId,blaTEM-1	2
RefSeq_NZ_CP035277.1	IncFII	Gram-negative	IS26	74203-75022	84943-85766	9921	sul2	1
RefSeq_NZ_CP035277.1	IncFII	Gram-negative	IS26	84943-85766	87166-87985	1400	catA2	1
RefSeq_NZ_CP035277.1	IncFII	Gram-negative	IS26	87166-87985	91512-92336	3527	tet(D)	1
RefSeq_NZ_CP035314.1	IncN	Gram-negative	IS26	9986-10805	13573-14393	2768	blaCTX-M-55	1
RefSeq_NZ_CP035315.1	IncX1	Gram-negative	IS26	2376-3196	4921-5741	1725	qnrS2	1
RefSeq_NZ_CP035315.1	IncX1	Gram-negative	IS26	6159-6978	36302-37121	29324	aph(3')-Ia	1
RefSeq_NZ_CP035387.1	IncN	Gram-negative	IS26	3998-4819	31825-32646	27006	blaTEM-1,blaKPC-2	2
RefSeq_NZ_CP035387.1	IncN	Gram-negative	IS26	31825-32646	43174-43993	10528	qnrB5,sul1,dfrA19,aph(3'')-Ib,aph(6)-Id	5
RefSeq_NZ_CP035468.1	IncFII	Gram-negative	IS26	128906-129725	139691-140512	9966	dfrA17,aadA5,sul1,mrx(A),mph(A)	5
RefSeq_NZ_CP035468.1	IncFII	Gram-negative	IS26	139691-140512	147169-147988	6657	sul2,aph(3'')-Ib,aph(6)-Id,tet(A)	4
RefSeq_NZ_CP035468.1	IncFII	Gram-negative	IS26	147169-147988	149604-150423	1616	aac(3)-IId	1
RefSeq_NZ_CP035478.1	IncFII	Gram-negative	IS26	128906-129725	139691-140512	9966	dfrA17,aadA5,sul1,mrx(A),mph(A)	5
RefSeq_NZ_CP035478.1	IncFII	Gram-negative	IS26	139691-140512	147169-147988	6657	sul2,aph(3'')-Ib,aph(6)-Id,tet(A)	4
RefSeq_NZ_CP035517.1	IncFII	Gram-negative	IS1	84136-84864	132021-132788	47157	dfrA17,aadA5,sul1,mrx(A),mph(A),sul2,aph(3'')-Ib,aph(6)-Id,tet(A),blaTEM-1	10
RefSeq_NZ_CP035517.1	IncFII	Gram-negative	IS26	84865-85684	95650-96471	9966	dfrA17,aadA5,sul1,mrx(A),mph(A)	5
RefSeq_NZ_CP035517.1	IncFII	Gram-negative	IS26	95650-96471	103128-103947	6657	sul2,aph(3'')-Ib,aph(6)-Id,tet(A)	4
RefSeq_NZ_CP036178.1	IncN	Gram-negative	IS26	117027-117847	119369-120188	1522	bleO	1
RefSeq_NZ_CP036178.1	IncN	Gram-negative	IS26	119369-120188	128487-129307	8299	oqxA,oqxB	2
RefSeq_NZ_CP036178.1	IncN	Gram-negative	IS26	128487-129307	140582-141402	11275	mph(A),mrx(A),sul1,aadA16,dfrA27,arr-3	6
RefSeq_NZ_CP036180.1	IncN	Gram-negative	IS26	4393-5212	25491-26312	20279	dfrA14	1
RefSeq_NZ_CP036180.1	IncN	Gram-negative	IS26	30914-31733	46504-47327	14771	sul2,aph(3'')-Ib,aph(6)-Id,tet(A),floR	5
RefSeq_NZ_CP036180.1	IncN	Gram-negative	IS26	46504-47327	50412-51231	3085	blaTEM-1,rmtB1	2
RefSeq_NZ_CP036188.1	IncFII	Gram-negative	IS26	4020-4838	5879-6614	1041	aph(3')-Ia	1
RefSeq_NZ_CP036188.1	IncFII	Gram-negative	IS26	197752-198571	220093-220912	21522	mph(A),mrx(A),sul1,aadA2,dfrA12,blaTEM-1,blaCTX-M	7
RefSeq_NZ_CP036188.1	IncFII	Gram-negative	IS26	220093-220912	226321-227140	5409	blaCTX-M	1
RefSeq_NZ_CP036188.1	IncFII	Gram-negative	IS26	226321-227140	232547-233366	5407	blaCTX-M-15	1
RefSeq_NZ_CP036188.1	IncFII	Gram-negative	IS26	232547-233366	238780-239599	5414	blaCTX-M	1
RefSeq_NZ_CP036188.1	IncFII	Gram-negative	IS26	238780-239599	245010-245828	5411	blaCTX-M-15	1
RefSeq_NZ_CP036188.1	IncFII	Gram-negative	IS26	245010-245828	248015-248834	2187	aac(6')-Ib-cr5,blaOXA-1,catB3	3
RefSeq_NZ_CP036188.1	IncFII	Gram-negative	ISEcp1	214888-216540	221114-222766	4574	blaCTX-M	1
RefSeq_NZ_CP036188.1	IncFII	Gram-negative	ISEcp1	221114-222766	227343-228995	4577	blaCTX-M	1
RefSeq_NZ_CP036188.1	IncFII	Gram-negative	ISEcp1	227343-228995	233569-235221	4574	blaCTX-M-15	1
RefSeq_NZ_CP036188.1	IncFII	Gram-negative	ISEcp1	233569-235221	239802-241455	4581	blaCTX-M	1
RefSeq_NZ_CP036301.1	IncFII	Gram-negative	IS26	5214-6040	9967-10786	3927	blaKPC-2	1
RefSeq_NZ_CP036301.1	IncFII	Gram-negative	IS26	9967-10786	14811-15630	4025	blaCTX-M-65	1
RefSeq_NZ_CP036301.1	IncFII	Gram-negative	IS26	16615-17434	21242-22062	3808	blaTEM-1,rmtB1	2
RefSeq_NZ_CP036302.1	IncFII	Gram-negative	IS1	64763-65475	100294-101061	34819	aph(3')-Ia,dfrA12,aadA2,sul1,mrx(A),mph(A)	6
RefSeq_NZ_CP036302.1	IncFII	Gram-negative	IS26	76489-77224	78265-79084	1041	aph(3')-Ia	1
RefSeq_NZ_CP036302.1	IncFII	Gram-negative	IS26	78265-79084	91334-92154	12250	dfrA12,aadA2,sul1,mrx(A),mph(A)	5
RefSeq_NZ_CP036306.1	IncFII	Gram-negative	IS26	18851-19670	27448-28268	7778	blaKPC-2	1
RefSeq_NZ_CP036306.1	IncFII	Gram-negative	IS26	28555-29374	36712-37534	7338	blaSHV-12	1
RefSeq_NZ_CP036306.1	IncFII	Gram-negative	IS26	71802-72622	76430-77249	3808	rmtB1,blaTEM-1	2
RefSeq_NZ_CP036306.1	IncFII	Gram-negative	IS26	76430-77249	78525-79344	1276	fosA3	1
RefSeq_NZ_CP036306.1	IncFII	Gram-negative	IS26	80329-81148	85173-85992	4025	blaCTX-M-65	1
RefSeq_NZ_CP036307.1	IncFII	Gram-negative	IS26	74875-75695	81302-82121	5607	aac(3)-IId	1
RefSeq_NZ_CP036307.1	IncFII	Gram-negative	IS26	81302-82121	90778-91597	8657	blaLAP-2,qnrS1	2
RefSeq_NZ_CP036307.1	IncFII	Gram-negative	IS26	90778-91597	141375-142195	49778	sul1,dfrA1,tet(A)	3
RefSeq_NZ_CP036321.1	IncFII	Gram-negative	IS26	14145-14964	20312-21130	5348	catA1	1
RefSeq_NZ_CP036321.1	IncFII	Gram-negative	IS26	20312-21130	32502-33319	11372	blaTEM-1,qnrS1	2
RefSeq_NZ_CP036321.1	IncFII	Gram-negative	IS26	32502-33319	43248-44075	9929	arr-2,aac(6')-Ib,rmtF,catB	4
RefSeq_NZ_CP036321.1	IncFII	Gram-negative	IS26	43248-44075	52245-53065	8170	blaCTX-M	1
RefSeq_NZ_CP036328.1	IncFII	Gram-negative	IS26	39059-39879	60413-61232	20534	catA1,dfrA12,aadA2,sul1,mph(A)	5
RefSeq_NZ_CP036328.1	IncFII	Gram-negative	IS26	60413-61232	80922-81741	19690	catB,rmtF1,aac(6')-Ib,arr-2	4
RefSeq_NZ_CP036329.1	IncFII	Gram-negative	IS26	3378-4196	8264-9082	4068	erm(B)	1
RefSeq_NZ_CP036337.1	IncFII	Gram-negative	IS26	199687-200422	201463-202281	1041	aph(3')-Ia	1
RefSeq_NZ_CP036337.1	IncFII	Gram-negative	IS26	201463-202281	208810-209628	6529	tet(A)	1
RefSeq_NZ_CP036337.1	IncFII	Gram-negative	IS26	208810-209628	211815-212634	2187	catB3,blaOXA-1,aac(6')-Ib-cr5	3
RefSeq_NZ_CP036337.1	IncFII	Gram-negative	IS26	211815-212634	218056-218874	5422	blaCTX-M	1
RefSeq_NZ_CP036337.1	IncFII	Gram-negative	ISEcp1	216195-217853	222434-224090	4581	blaCTX-M	1
RefSeq_NZ_CP036366.1	IncFII	Gram-negative	IS26	4393-5212	9237-10056	4025	blaCTX-M-65	1
RefSeq_NZ_CP036366.1	IncFII	Gram-negative	IS26	31764-32586	33317-34137	731	catA2	1
RefSeq_NZ_CP036366.1	IncFII	Gram-negative	IS26	44638-45457	61854-62675	16397	blaKPC-12	1
RefSeq_NZ_CP036372.1	IncFII	Gram-negative	IS26	4393-5212	9237-10056	4025	blaCTX-M-65	1
RefSeq_NZ_CP036372.1	IncFII	Gram-negative	IS26	11041-11860	13136-13955	1276	fosA3	1
RefSeq_NZ_CP036372.1	IncFII	Gram-negative	IS26	13136-13955	17763-18583	3808	blaTEM-1,rmtB1	2
RefSeq_NZ_CP036372.1	IncFII	Gram-negative	IS26	73156-73977	77904-78723	3927	blaKPC-2	1
RefSeq_NZ_CP036372.1	IncFII	Gram-negative	IS26	77904-78723	82650-83469	3927	blaKPC-2	1
RefSeq_NZ_CP036372.1	IncFII	Gram-negative	IS26	158234-159056	160445-161268	1389	catA2	1
RefSeq_NZ_CP036446.1	IncFII	Gram-negative	IS26	63573-64392	65433-66168	1041	aph(3')-Ia	1
RefSeq_NZ_CP037912.1	IncFII	Gram-negative	IS26	7161-7980	14785-15604	6805	aadA22	1
RefSeq_NZ_CP037912.1	IncFII	Gram-negative	IS26	124023-124828	137886-138705	13058	blaCTX-M-14,cmlA1,aac(6')-Ib3	3
RefSeq_NZ_CP037912.1	IncFII	Gram-negative	IS26	137886-138705	146956-147775	8251	tet(M)	1
RefSeq_NZ_CP037912.1	IncFII	Gram-negative	IS1	11472-12239	26296-27063	14057	aadA22	1
RefSeq_NZ_CP037929.1	IncFII	Gram-negative	IS1	64763-65475	95098-95865	29623	aph(3')-Ia,mph(A),mrx(A),sul1,aadA2,dfrA12,catA1	7
RefSeq_NZ_CP037929.1	IncFII	Gram-negative	IS26	76489-77224	78265-79085	1041	aph(3')-Ia	1
RefSeq_NZ_CP037929.1	IncFII	Gram-negative	IS26	78265-79085	128935-129763	49850	mph(A),mrx(A),sul1,aadA2,dfrA12,catA1	6
RefSeq_NZ_CP037929.1	IncFII	Gram-negative	IS26	128935-129763	132363-133184	2600	aac(3)-IIe	1
RefSeq_NZ_CP037929.1	IncFII	Gram-negative	IS26	132363-133184	135315-136134	2131	aac(6')-Ib-cr5,blaOXA-1,catB3	3
RefSeq_NZ_CP037929.1	IncFII	Gram-negative	IS26	135315-136134	144143-144962	8009	qnrB1	1
RefSeq_NZ_CP037929.1	IncFII	Gram-negative	IS26	144143-144962	151690-152482	6728	dfrA14	1
RefSeq_NZ_CP037964.1	IncFII	Gram-negative	IS26	90435-91256	95642-96461	4386	sul2,aph(3'')-Ib,aph(6)-Id	3
RefSeq_NZ_CP037964.1	IncFII	Gram-negative	IS26	95642-96461	97502-98321	1041	aph(3')-Ia	1
RefSeq_NZ_CP037964.1	IncFII	Gram-negative	IS26	97502-98321	99657-100477	1336	aac(3)-IId	1
RefSeq_NZ_CP037964.1	IncFII	Gram-negative	IS26	99657-100477	111885-112708	11408	mph(A),mrx(A),sul1,aadA16,dfrA27,arr-3,aac(6')-Ib-cr5	7
RefSeq_NZ_CP037995.1	IncX1	Gram-negative	IS26	12823-13642	14742-15562	1100	blaTEM-176	1
RefSeq_NZ_CP037995.1	IncX1	Gram-negative	IS26	15709-16529	18473-19296	1944	qnrS1	1
RefSeq_NZ_CP037995.1	IncX1	Gram-negative	IS26	18473-19296	25178-25999	5882	tet(A),floR	2
RefSeq_NZ_CP037995.1	IncX1	Gram-negative	IS26	25178-25999	27818-28637	1819	dfrA14	1
RefSeq_NZ_CP038139.1	IncN	Gram-negative	IS26	153201-154022	159229-160048	5207	oqxB,oqxA	2
RefSeq_NZ_CP038139.1	IncN	Gram-negative	IS26	159229-160048	161570-162389	1522	bleO	1
RefSeq_NZ_CP038139.1	IncN	Gram-negative	IS26	161570-162389	165394-166214	3005	sul1	1
RefSeq_NZ_CP038139.1	IncN	Gram-negative	IS26	165394-166214	180612-181433	14398	blaCTX-M-65,floR	2
RefSeq_NZ_CP038139.1	IncN	Gram-negative	IS26	180612-181433	191946-192765	10513	aac(3)-IVa,aph(4)-Ia,aph(3')-Ia,aph(6)-Id,aph(3'')-Ib	5
RefSeq_NZ_CP038139.1	IncN	Gram-negative	IS26	191946-192765	195546-196365	2781	lnu(F),aadA22	2
RefSeq_NZ_CP038139.1	IncN	Gram-negative	IS26	196802-197621	220787-221433	23166	blaTEM-1,sul2,aph(3'')-Ib,aph(6)-Id,tet(A)	5
RefSeq_NZ_CP038139.1	IncN	Gram-negative	IS26	220787-221433	226310-227143	4877	tet(M)	1
RefSeq_NZ_CP038139.1	IncN	Gram-negative	IS26	226310-227143	230010-230831	2867	mrx(A),mph(A)	2
RefSeq_NZ_CP038139.1	IncN	Gram-negative	IS1	190440-191207	220019-220786	28812	lnu(F),aadA22,blaTEM-1,sul2,aph(3'')-Ib,aph(6)-Id,tet(A)	7
RefSeq_NZ_CP038140.1	IncX1	Gram-negative	IS1	94974-95741	127390-128158	31649	aph(6)-Id,aph(3'')-Ib	2
RefSeq_NZ_CP038140.1	IncX1	Gram-negative	IS26	11992-12811	47317-48141	34506	erm(42),tet(X4),tet(X4),tet(X4),tet(X4),floR	6
RefSeq_NZ_CP038140.1	IncX1	Gram-negative	IS26	48888-49707	53213-54032	3506	blaTEM	1
RefSeq_NZ_CP038140.1	IncX1	Gram-negative	IS26	53213-54032	82207-83026	28175	tet(M),tet(A),dfrA12,aadA2,cmlA1,aadA1,sul3	7
RefSeq_NZ_CP038140.1	IncX1	Gram-negative	IS26	82207-83026	104007-104826	20981	aph(6)-Id,aph(3'')-Ib	2
RefSeq_NZ_CP038299.1	IncFII	Gram-negative	IS26	24373-25192	30887-31714	5695	aph(6)-Id,aph(3'')-Ib,sul2,blaTEM-1	4
RefSeq_NZ_CP038299.1	IncFII	Gram-negative	IS26	30887-31714	32894-33713	1180	dfrA8	1
RefSeq_NZ_CP039385.1	IncFII	Gram-negative	IS26	65784-66604	67645-68464	1041	aph(3')-Ia	1
RefSeq_NZ_CP039385.1	IncFII	Gram-negative	IS26	67645-68464	80543-81362	12079	sul1,aadA2,dfrA12	3
RefSeq_NZ_CP039440.1	IncN	Gram-negative	IS26	1588-2409	8872-9695	6463	floR	1
RefSeq_NZ_CP039440.1	IncN	Gram-negative	IS26	8872-9695	13248-14068	3553	mrx(A),mph(A)	2
RefSeq_NZ_CP039440.1	IncN	Gram-negative	IS26	13248-14068	16319-17138	2251	arr-2,dfrA14	2
RefSeq_NZ_CP039440.1	IncN	Gram-negative	IS26	204732-205558	206732-207551	1174	aph(3')-Ia	1
RefSeq_NZ_CP039440.1	IncN	Gram-negative	IS26	217739-218520	236164-236983	17644	qnrS1,blaCTX-M-55,blaTEM-1,blaLAP-2	4
RefSeq_NZ_CP039440.1	IncN	Gram-negative	IS26	236164-236983	240739-241558	3756	aac(3)-IId	1
RefSeq_NZ_CP039440.1	IncN	Gram-negative	IS26	240739-241558	244339-245158	2781	aadA22,lnu(F)	2
RefSeq_NZ_CP039440.1	IncN	Gram-negative	IS26	244339-245158	262909-263728	17751	sul3	1
RefSeq_NZ_CP039440.1	IncN	Gram-negative	IS26	262909-263728	265117-265936	1389	catA2	1
RefSeq_NZ_CP039440.1	IncN	Gram-negative	IS26	265117-265936	267981-268804	2045	dfrA14	1
RefSeq_NZ_CP039580.1	IncFII	Gram-negative	IS26	64860-65685	67191-68010	1506	dfrA12	1
RefSeq_NZ_CP039580.1	IncFII	Gram-negative	IS26	67191-68010	83768-84587	15758	tet(A),tet(M)	2
RefSeq_NZ_CP039796.1	IncFII	Gram-negative	IS1	64764-65476	90788-91555	25312	blaTEM-1	1
RefSeq_NZ_CP039796.1	IncFII	Gram-negative	IS26	73117-73937	81829-82648	7892	blaTEM-1	1
RefSeq_NZ_CP039801.1	IncFII	Gram-negative	IS26	3931-4750	6914-7751	2164	qnrS1	1
RefSeq_NZ_CP039803.1	IncFII	Gram-negative	IS1	52736-53503	78815-79527	25312	blaTEM-1	1
RefSeq_NZ_CP039803.1	IncFII	Gram-negative	IS26	61643-62462	70354-71174	7892	blaTEM-1	1
RefSeq_NZ_CP039807.1	IncFII	Gram-negative	IS26	4918-5755	7919-8738	2164	qnrS1	1
RefSeq_NZ_CP039809.1	IncFII	Gram-negative	IS1	64763-65475	100294-101061	34819	aph(3')-Ia,dfrA12,aadA2,sul1,mrx(A),mph(A)	6
RefSeq_NZ_CP039809.1	IncFII	Gram-negative	IS26	76489-77224	78265-79084	1041	aph(3')-Ia	1
RefSeq_NZ_CP039809.1	IncFII	Gram-negative	IS26	78265-79084	91334-92154	12250	dfrA12,aadA2,sul1,mrx(A),mph(A)	5
RefSeq_NZ_CP039810.1	IncFII	Gram-negative	IS26	4393-5212	9139-9958	3927	blaKPC-2	1
RefSeq_NZ_CP039810.1	IncFII	Gram-negative	IS26	9139-9958	13650-14469	3692	blaCTX-M-65	1
RefSeq_NZ_CP039810.1	IncFII	Gram-negative	IS26	15454-16273	20081-20901	3808	blaTEM-1,rmtB1	2
RefSeq_NZ_CP039814.1	IncFII	Gram-negative	IS1	44278-44990	70302-71069	25312	blaTEM-1	1
RefSeq_NZ_CP039814.1	IncFII	Gram-negative	IS26	52631-53451	61343-62162	7892	blaTEM-1	1
RefSeq_NZ_CP039818.1	IncFII	Gram-negative	IS26	14319-15138	17302-18139	2164	qnrS1	1
RefSeq_NZ_CP039820.1	IncFII	Gram-negative	IS26	4393-5212	9237-10056	4025	blaCTX-M-65	1
RefSeq_NZ_CP039820.1	IncFII	Gram-negative	IS26	11041-11860	13136-13955	1276	fosA3	1
RefSeq_NZ_CP039820.1	IncFII	Gram-negative	IS26	13136-13955	17763-18583	3808	blaTEM-1,rmtB1	2
RefSeq_NZ_CP039820.1	IncFII	Gram-negative	IS26	75404-76226	82627-83446	6401	blaKPC-2	1
RefSeq_NZ_CP039820.1	IncFII	Gram-negative	IS26	134937-135757	137146-137968	1389	catA2	1
RefSeq_NZ_CP039821.1	IncN	Gram-negative	IS26	25419-26239	42850-43688	16611	qnrS1,blaNDM-1,ble,qnrS1	4
RefSeq_NZ_CP039971.1	IncFII	Gram-negative	IS26	18144-18965	39344-40164	20379	aac(6')-Ib	1
RefSeq_NZ_CP040025.1	IncFII	Gram-negative	IS26	62182-63001	76498-77318	13497	blaDHA-1,qnrB4	2
RefSeq_NZ_CP040025.1	IncFII	Gram-negative	IS26	76498-77318	78199-79018	881	catA1	1
RefSeq_NZ_CP040030.1	IncFII	Gram-negative	IS26	62182-63001	76498-77318	13497	blaDHA-1,qnrB4	2
RefSeq_NZ_CP040035.1	IncFII	Gram-negative	IS26	62182-63001	76498-77318	13497	blaDHA-1,qnrB4	2
RefSeq_NZ_CP040070.1	IncFII	Gram-negative	IS26	7196-8015	13658-14478	5643	erm(B)	1
RefSeq_NZ_CP040070.1	IncFII	Gram-negative	IS26	13658-14478	24381-25200	9903	mph(A),mrx(A),sul1,aadA5,dfrA17	5
RefSeq_NZ_CP040091.1	IncX1	Gram-negative	IS26	15183-16003	19230-20052	3227	floR	1
RefSeq_NZ_CP040091.1	IncX1	Gram-negative	IS26	19230-20052	21597-22419	1545	cfr	1
RefSeq_NZ_CP040124.1	IncFII	Gram-negative	IS26	22031-22850	26875-27694	4025	blaCTX-M-65	1
RefSeq_NZ_CP040124.1	IncFII	Gram-negative	IS26	47573-48392	52103-52923	3711	blaTEM-1,rmtB1	2
RefSeq_NZ_CP040398.1	IncFII	Gram-negative	IS26	4395-5216	7403-8222	2187	aac(6')-Ib-cr5,blaOXA-1,catB3	3
RefSeq_NZ_CP040398.1	IncFII	Gram-negative	IS26	7403-8222	12053-12884	3831	blaCTX-M-15	1
RefSeq_NZ_CP040398.1	IncFII	Gram-negative	IS26	12053-12884	19558-20381	6674	blaTEM-1	1
RefSeq_NZ_CP040398.1	IncFII	Gram-negative	IS26	19558-20381	24765-25582	4384	sul2,aph(3'')-Ib,aph(6)-Id	3
RefSeq_NZ_CP040398.1	IncFII	Gram-negative	IS26	24765-25582	29709-30530	4127	mrx(A),mph(A)	2
RefSeq_NZ_CP040398.1	IncFII	Gram-negative	IS26	29709-30530	36084-36902	5554	aac(3)-IId	1
RefSeq_NZ_CP040398.1	IncFII	Gram-negative	IS26	36084-36902	38661-39481	1759	blaTEM-1	1
RefSeq_NZ_CP040398.1	IncFII	Gram-negative	IS26	38661-39481	44634-45453	5153	dfrA17,aadA5,sul1	3
RefSeq_NZ_CP040541.1	IncFII	Gram-negative	IS26	4393-5212	9237-10056	4025	blaCTX-M-65	1
RefSeq_NZ_CP040541.1	IncFII	Gram-negative	IS26	11041-11860	13136-13955	1276	fosA3	1
RefSeq_NZ_CP040541.1	IncFII	Gram-negative	IS26	13136-13955	17763-18583	3808	blaTEM-1,rmtB1	2
RefSeq_NZ_CP040541.1	IncFII	Gram-negative	IS26	73977-74796	79326-80145	4530	blaKPC-2	1
RefSeq_NZ_CP040541.1	IncFII	Gram-negative	IS26	163049-163871	165260-166083	1389	catA2	1
RefSeq_NZ_CP040547.1	IncFII	Gram-negative	IS26	24186-25005	29535-30354	4530	blaKPC-2	1
RefSeq_NZ_CP040547.1	IncFII	Gram-negative	IS26	85739-86559	90367-91186	3808	rmtB1,blaTEM-1	2
RefSeq_NZ_CP040547.1	IncFII	Gram-negative	IS26	90367-91186	92462-93281	1276	fosA3	1
RefSeq_NZ_CP040547.1	IncFII	Gram-negative	IS26	94266-95085	99110-99929	4025	blaCTX-M-65	1
RefSeq_NZ_CP040547.1	IncFII	Gram-negative	IS26	115824-116647	118036-118858	1389	catA2	1
RefSeq_NZ_CP040713.1	IncFII	Gram-negative	IS26	4390-5205	9214-10030	4009	blaCTX-M	1
RefSeq_NZ_CP040713.1	IncFII	Gram-negative	IS26	9214-10030	16504-17320	6474	blaKPC-2	1
RefSeq_NZ_CP040807.1	IncFII	Gram-negative	IS26	2389-3208	5701-6521	2493	fosA3	1
RefSeq_NZ_CP040807.1	IncFII	Gram-negative	IS26	5701-6521	8046-8864	1525	rmtB1	1
RefSeq_NZ_CP040807.1	IncFII	Gram-negative	IS26	8046-8864	23628-24450	14764	sul2,aph(3'')-Ib,aph(6)-Id,tet(A),floR	5
RefSeq_NZ_CP040835.1	IncFII	Gram-negative	IS26	4393-5212	9237-10056	4025	blaCTX-M-65	1
RefSeq_NZ_CP040835.1	IncFII	Gram-negative	IS26	11041-11860	13136-13955	1276	fosA3	1
RefSeq_NZ_CP040835.1	IncFII	Gram-negative	IS26	13136-13955	17763-18583	3808	blaTEM-1,rmtB1	2
RefSeq_NZ_CP040835.1	IncFII	Gram-negative	IS26	100233-101052	107533-108358	6481	blaKPC-2	1
RefSeq_NZ_CP040835.1	IncFII	Gram-negative	IS26	159886-160709	162098-162920	1389	catA2	1
RefSeq_NZ_CP040859.1	IncN	Gram-negative	IS26	42062-42899	46426-47035	3527	tet(D)	1
RefSeq_NZ_CP040859.1	IncN	Gram-negative	IS26	46426-47035	58611-59430	11576	blaTEM-1,aph(6)-Id,aph(3'')-Ib,sul2	4
RefSeq_NZ_CP040895.1	IncN	Gram-negative	IS26	44415-45234	68930-69750	23696	blaIMP-4	1
RefSeq_NZ_CP040922.1	IncFII	Gram-negative	IS1	69855-70599	74655-75420	4056	tet(B)	1
RefSeq_NZ_CP040922.1	IncFII	Gram-negative	IS26	43952-44771	63936-64744	19165	aph(6)-Id,aph(3'')-Ib,aph(3'')-Ib,aph(6)-Id,mrx(A),mph(A)	6
RefSeq_NZ_CP040922.1	IncFII	Gram-negative	IS26	63936-64744	69176-69854	4432	erm(B)	1
RefSeq_NZ_CP040922.1	IncFII	Gram-negative	IS26	69176-69854	86510-87329	16656	tet(B)	1
RefSeq_NZ_CP040929.1	IncX1	Gram-negative	IS26	25948-26767	33007-33680	6240	blaSHV-12	1
RefSeq_NZ_CP040929.1	IncX1	Gram-negative	IS26	33007-33680	49297-50116	15617	tet(A),floR,tet(X4)	3
RefSeq_NZ_CP040929.1	IncX1	Gram-negative	IS26	49297-50116	52549-53368	2433	aadA2	1
RefSeq_NZ_CP041095.1	IncFII	Gram-negative	IS26	57434-58253	68740-69560	10487	mcr-3.22,bleO	2
RefSeq_NZ_CP041114.1	IncX1	Gram-negative	IS26	20769-21588	25019-25838	3431	blaTEM-1	1
RefSeq_NZ_CP041114.1	IncX1	Gram-negative	IS26	25019-25838	33061-33881	7223	mcr-3.5	1
RefSeq_NZ_CP041177.1	IncX1	Gram-negative	IS26	13644-14465	16961-17780	2496	fosA3	1
RefSeq_NZ_CP041177.1	IncX1	Gram-negative	IS26	16961-17780	20548-21368	2768	blaCTX-M-55	1
RefSeq_NZ_CP041177.1	IncX1	Gram-negative	IS26	84241-85060	88159-88983	3099	oqxB,oqxA2	2
RefSeq_NZ_CP041177.1	IncX1	Gram-negative	IS26	88159-88983	103754-104577	14771	sul2,aph(3'')-Ib,aph(6)-Id,tet(A),floR	5
RefSeq_NZ_CP041180.1	IncN	Gram-negative	IS26	118585-119404	124115-124937	4711	aac(6')-Ib-cr5,blaOXA-1,catB3,arr-3,sul1	5
RefSeq_NZ_CP041180.1	IncN	Gram-negative	IS26	124115-124937	128962-129781	4025	blaCTX-M-65	1
RefSeq_NZ_CP041180.1	IncN	Gram-negative	IS26	128962-129781	131057-131876	1276	fosA3	1
RefSeq_NZ_CP041180.1	IncN	Gram-negative	IS26	131057-131876	133793-134613	1917	blaTEM-1	1
RefSeq_NZ_CP041180.1	IncN	Gram-negative	IS26	133793-134613	138998-139817	4385	sul2,aph(3'')-Ib,aph(6)-Id	3
RefSeq_NZ_CP041180.1	IncN	Gram-negative	IS26	138998-139817	144528-145348	4711	aadA5,dfrA17	2
RefSeq_NZ_CP041180.1	IncN	Gram-negative	IS26	144528-145348	146858-147677	1510	bleO	1
RefSeq_NZ_CP041180.1	IncN	Gram-negative	IS26	191395-192214	210392-211212	18178	aac(3)-IVa,aph(4)-Ia,sul2,floR	4
RefSeq_NZ_CP041180.1	IncN	Gram-negative	IS26	210392-211212	215350-216169	4138	mph(A),mrx(A)	2
RefSeq_NZ_CP041180.1	IncN	Gram-negative	IS26	215350-216169	225112-225932	8943	qepA,rmtB1,blaTEM-1	3
RefSeq_NZ_CP041180.1	IncN	Gram-negative	IS26	225112-225932	229457-230277	3525	cmlA1,aadA1	2
RefSeq_NZ_CP041180.1	IncN	Gram-negative	IS26	229457-230277	235474-236217	5197	oqxA,oqxB	2
RefSeq_NZ_CP041182.1	IncN	Gram-negative	IS26	164554-165373	169758-170578	4385	aph(6)-Id,aph(3'')-Ib,sul2	3
RefSeq_NZ_CP041182.1	IncN	Gram-negative	IS26	169758-170578	172495-173314	1917	blaTEM-1	1
RefSeq_NZ_CP041182.1	IncN	Gram-negative	IS26	172495-173314	174590-175409	1276	fosA3	1
RefSeq_NZ_CP041182.1	IncN	Gram-negative	IS26	174590-175409	179434-180256	4025	blaCTX-M-65	1
RefSeq_NZ_CP041182.1	IncN	Gram-negative	IS26	179434-180256	184967-185786	4711	sul1,arr-3,catB3,blaOXA-1,aac(6')-Ib-cr5	5
RefSeq_NZ_CP041182.1	IncN	Gram-negative	IS26	184967-185786	203964-204784	18178	aac(3)-IVa,aph(4)-Ia,sul2,floR	4
RefSeq_NZ_CP041182.1	IncN	Gram-negative	IS26	203964-204784	208922-209741	4138	mph(A),mrx(A)	2
RefSeq_NZ_CP041182.1	IncN	Gram-negative	IS26	208922-209741	218684-219504	8943	qepA,rmtB1,blaTEM-1	3
RefSeq_NZ_CP041182.1	IncN	Gram-negative	IS26	218684-219504	223029-223849	3525	cmlA1,aadA1	2
RefSeq_NZ_CP041182.1	IncN	Gram-negative	IS26	223029-223849	229046-229865	5197	oqxA,oqxB	2
RefSeq_NZ_CP041182.1	IncN	Gram-negative	IS26	229046-229865	234576-235396	4711	aadA5,dfrA17	2
RefSeq_NZ_CP041182.1	IncN	Gram-negative	IS26	234576-235396	236906-237725	1510	bleO	1
RefSeq_NZ_CP041286.1	IncX1	Gram-negative	IS26	9548-10368	11772-12591	1404	qnrS1	1
RefSeq_NZ_CP041286.1	IncX1	Gram-negative	IS26	11772-12591	27936-28756	15345	tet(M),blaTEM-1,tet(A)	3
RefSeq_NZ_CP041286.1	IncX1	Gram-negative	IS26	27936-28756	42362-43182	13606	floR,tet(X4)	2
RefSeq_NZ_CP041286.1	IncX1	Gram-negative	IS26	42362-43182	45183-46002	2001	dfrA5	1
RefSeq_NZ_CP041286.1	IncX1	Gram-negative	IS26	45183-46002	51165-51984	5163	sul3,mef(B)	2
RefSeq_NZ_CP041338.1	IncFII	Gram-negative	IS26	63705-64525	75604-76425	11079	mph(A),mrx(A),sul1,aadA5,dfrA17	5
RefSeq_NZ_CP041375.1	IncFII	Gram-negative	IS26	4393-5212	9237-10056	4025	blaCTX-M-65	1
RefSeq_NZ_CP041375.1	IncFII	Gram-negative	IS26	11041-11860	15668-16488	3808	blaTEM-1,rmtB1	2
RefSeq_NZ_CP041375.1	IncFII	Gram-negative	IS26	39283-40102	55199-56018	15097	blaSHV-12,blaKPC-2	2
RefSeq_NZ_CP041376.1	IncFII	Gram-negative	IS26	45592-46413	47813-48636	1400	catA2	1
RefSeq_NZ_CP041376.1	IncFII	Gram-negative	IS26	47813-48636	56791-57610	8155	sul2	1
RefSeq_NZ_CP041376.1	IncFII	Gram-negative	IS26	56791-57610	60335-61154	2725	dfrA14	1
RefSeq_NZ_CP041439.1	IncX1	Gram-negative	IS26	59719-60539	79491-80312	18952	floR	1
RefSeq_NZ_CP041439.1	IncX1	Gram-negative	IS26	79491-80312	85609-86429	5297	dfrA14,aadA1,blaOXA-10,cmlA5,arr-2	5
RefSeq_NZ_CP041439.1	IncX1	Gram-negative	IS26	85609-86429	103241-104060	16812	blaTEM-1,rmtB1	2
RefSeq_NZ_CP041443.1	IncX1	Gram-negative	IS26	7056-7875	9279-10098	1404	qnrS1	1
RefSeq_NZ_CP041443.1	IncX1	Gram-negative	IS26	9279-10098	25443-26270	15345	tet(M),blaTEM-1,tet(A)	3
RefSeq_NZ_CP041443.1	IncX1	Gram-negative	IS26	25443-26270	39874-40694	13604	floR,tet(X4)	2
RefSeq_NZ_CP041443.1	IncX1	Gram-negative	IS26	39874-40694	42685-43504	1991	dfrA5	1
RefSeq_NZ_CP041443.1	IncX1	Gram-negative	IS26	42685-43504	48667-49486	5163	sul3,mef(B)	2
RefSeq_NZ_CP041444.1	IncX1	Gram-negative	IS26	44805-45625	75473-76292	29848	qnrS1,blaTEM-1,tet(A)	3
RefSeq_NZ_CP041444.1	IncX1	Gram-negative	IS1	35791-36558	64266-65029	27708	qnrS1,blaTEM-1	2
RefSeq_NZ_CP041444.1	IncX1	Gram-negative	IS1	64266-65029	77169-77936	12140	tet(A)	1
RefSeq_NZ_CP041453.1	IncX1	Gram-negative	IS1	3933-4525	47563-48330	43038	mef(B),sul3,dfrA5,tet(X4),tet(X4),floR	6
RefSeq_NZ_CP041453.1	IncX1	Gram-negative	IS26	12377-13196	18359-19178	5163	mef(B),sul3	2
RefSeq_NZ_CP041453.1	IncX1	Gram-negative	IS26	18359-19178	21179-21999	2001	dfrA5	1
RefSeq_NZ_CP041453.1	IncX1	Gram-negative	IS26	21179-21999	44919-45740	22920	tet(X4),tet(X4),floR	3
RefSeq_NZ_CP041527.1	IncN	Gram-negative	IS26	19216-20043	22555-23374	2512	qnrS1	1
RefSeq_NZ_CP041527.1	IncN	Gram-negative	IS26	22555-23374	33051-33870	9677	fosA8	1
RefSeq_NZ_CP041542.1	IncFII	Gram-negative	IS26	81777-82597	93676-94497	11079	mph(A),mrx(A),sul1,aadA5,dfrA17	5
RefSeq_NZ_CP041557.1	IncFII	Gram-negative	IS1	9863-10630	54118-54885	43488	dfrA17,aadA5,sul1	3
RefSeq_NZ_CP041579.1	IncN	Gram-negative	IS26	24864-25684	27402-28222	1718	blaCTX-M-15	1
RefSeq_NZ_CP041579.1	IncN	Gram-negative	IS26	54378-55197	57070-57892	1873	catB3,blaOXA-1,aac(6')-Ib-cr	3
RefSeq_NZ_CP041583.1	IncN	Gram-negative	IS26	41608-42428	44146-44966	1718	blaCTX-M-15	1
RefSeq_NZ_CP041583.1	IncN	Gram-negative	IS26	71729-72548	74421-75243	1873	catB3,blaOXA-1,aac(6')-Ib-cr	3
RefSeq_NZ_CP041619.1	IncFII	Gram-negative	IS1	50061-50724	65570-66337	14846	blaTEM-1,sul2,aph(3'')-Ib,aph(6)-Id	4
RefSeq_NZ_CP041619.1	IncFII	Gram-negative	IS26	50724-51544	53461-54281	1917	blaTEM-1	1
RefSeq_NZ_CP041619.1	IncFII	Gram-negative	IS26	53461-54281	58666-59485	4385	sul2,aph(3'')-Ib,aph(6)-Id	3
RefSeq_NZ_CP041631.1	IncX1	Gram-negative	IS26	11042-11865	16211-17030	4346	floR	1
RefSeq_NZ_CP041631.1	IncX1	Gram-negative	IS26	16211-17030	18434-19253	1404	qnrS1	1
RefSeq_NZ_CP041640.1	IncFII	Gram-negative	IS26	176347-177167	181321-182154	4154	mph(A),mrx(A)	2
RefSeq_NZ_CP041640.1	IncFII	Gram-negative	IS26	181321-182154	184341-185160	2187	catB3,blaOXA-1,aac(6')-Ib-cr5	3
RefSeq_NZ_CP041640.1	IncFII	Gram-negative	IS26	184341-185160	188813-189632	3653	blaCTX-M-15	1
RefSeq_NZ_CP041640.1	IncFII	Gram-negative	IS26	188813-189632	201575-202398	11943	blaTEM-1,dfrA12,aadA2,sul1	4
RefSeq_NZ_CP041640.1	IncFII	Gram-negative	IS26	201575-202398	206600-207425	4202	tet(A)	1
RefSeq_NZ_CP041642.1	IncFII	Gram-negative	IS26	53803-54622	62361-63180	7739	ble,blaNDM-4	2
RefSeq_NZ_CP041642.1	IncFII	Gram-negative	IS26	64369-65188	76439-77258	11251	aac(3)-IId,blaCTX-M-14,blaOXA,aadA1,aac(6')-Ib	5
RefSeq_NZ_CP041928.1	IncFII	Gram-negative	IS1	8948-9715	38782-39494	29067	mph(A),mrx(A),aac(6')-Ib-cr5,blaOXA-1,catB3,blaCTX-M-15	6
RefSeq_NZ_CP041928.1	IncFII	Gram-negative	IS26	17855-18675	22829-23662	4154	mph(A),mrx(A)	2
RefSeq_NZ_CP041928.1	IncFII	Gram-negative	IS26	22829-23662	25849-26668	2187	aac(6')-Ib-cr5,blaOXA-1,catB3	3
RefSeq_NZ_CP041928.1	IncFII	Gram-negative	IS26	25849-26668	30321-31141	3653	blaCTX-M-15	1
RefSeq_NZ_CP041949.1	IncFII	Gram-negative	IS1	45723-46435	71282-72049	24847	dfrA12,aadA2,sul1	3
RefSeq_NZ_CP041949.1	IncFII	Gram-negative	IS26	54076-54896	62321-63142	7425	dfrA12,aadA2,sul1	3
RefSeq_NZ_CP041997.1	IncN	Gram-negative	IS26	12110-12929	30727-31548	17798	tet(A),tet(A),tet(A)	3
RefSeq_NZ_CP041997.1	IncN	Gram-negative	IS26	30727-31548	33932-34755	2384	dfrA14	1
RefSeq_NZ_CP041997.1	IncN	Gram-negative	IS26	33932-34755	44510-45329	9755	sul2,aph(3'')-Ib,aph(6)-Id,blaTEM-1	4
RefSeq_NZ_CP041997.1	IncN	Gram-negative	IS26	144325-145146	149307-150131	4161	mph(A),mrx(A)	2
RefSeq_NZ_CP041997.1	IncN	Gram-negative	IS26	164362-165181	168558-169377	3377	fosA3,blaCTX-M-14	2
RefSeq_NZ_CP041997.1	IncN	Gram-negative	IS26	168558-169377	182477-183299	13100	aac(3)-IVa,aph(4)-Ia,sul2,floR	4
RefSeq_NZ_CP042480.1	IncFII	Gram-negative	IS26	22660-23479	50815-51635	27336	blaIMP-4,aac(6')-Ib4,catB3,blaOXA-10,aadA1,blaVEB-3,aac(6')-Ib-cr5,blaOXA-1,catB3,arr-3,sul1,mrx(A),mph(A)	13
RefSeq_NZ_CP042480.1	IncFII	Gram-negative	IS26	50815-51635	52981-53801	1346	aac(3)-IId	1
RefSeq_NZ_CP042519.1	IncFII	Gram-negative	IS26	22660-23479	50815-51635	27336	blaIMP-4,aac(6')-Ib4,catB3,blaOXA-10,aadA1,blaVEB-3,aac(6')-Ib-cr5,blaOXA-1,catB3,arr-3,sul1,mrx(A),mph(A)	13
RefSeq_NZ_CP042519.1	IncFII	Gram-negative	IS26	50815-51635	52981-53801	1346	aac(3)-IId	1
RefSeq_NZ_CP042541.1	IncFII	Gram-negative	IS26	40991-41810	49006-49834	7196	dfrA14	1
RefSeq_NZ_CP042541.1	IncFII	Gram-negative	IS26	49006-49834	51234-52053	1400	catA2	1
RefSeq_NZ_CP042541.1	IncFII	Gram-negative	IS26	51234-52053	69713-70532	17660	blaTEM-1,aph(6)-Id,aph(3'')-Ib,sul2	4
RefSeq_NZ_CP042553.1	IncFII	Gram-negative	IS26	22660-23479	50815-51635	27336	blaIMP-4,aac(6')-Ib4,catB3,blaOXA-10,aadA1,blaVEB-3,aac(6')-Ib-cr5,blaOXA-1,catB3,arr-3,sul1,mrx(A),mph(A)	13
RefSeq_NZ_CP042553.1	IncFII	Gram-negative	IS26	50815-51635	52981-53801	1346	aac(3)-IId	1
RefSeq_NZ_CP042567.1	IncFII	Gram-negative	IS26	40991-41810	49006-49834	7196	dfrA14	1
RefSeq_NZ_CP042567.1	IncFII	Gram-negative	IS26	49006-49834	67494-68313	17660	blaTEM-1,aph(6)-Id,aph(3'')-Ib,sul2	4
RefSeq_NZ_CP042587.1	IncN	Gram-negative	IS26	98220-99052	103213-104034	4161	mrx(A),mph(A)	2
RefSeq_NZ_CP042587.1	IncN	Gram-negative	IS26	122146-122965	126342-127161	3377	blaCTX-M-14,fosA3	2
RefSeq_NZ_CP042587.1	IncN	Gram-negative	IS26	126342-127161	152482-153302	25321	aac(3)-IVa,aph(4)-Ia,sul2,dfrA12,aadA2,cmlA1,aadA1,sul3	8
RefSeq_NZ_CP042587.1	IncN	Gram-negative	IS26	152482-153302	154343-155162	1041	aph(3')-Ia	1
RefSeq_NZ_CP042587.1	IncN	Gram-negative	IS26	154343-155162	158167-158987	3005	sul1	1
RefSeq_NZ_CP042587.1	IncN	Gram-negative	IS26	158167-158987	160509-161328	1522	bleO	1
RefSeq_NZ_CP042881.1	IncFII	Gram-negative	IS26	40034-40854	44222-45042	3368	blaTEM-1	1
RefSeq_NZ_CP042883.1	IncFII	Gram-negative	IS1	64436-65148	91415-92182	26267	blaCTX-M-15,blaTEM-1	2
RefSeq_NZ_CP042883.1	IncFII	Gram-negative	IS26	72789-73609	82456-83275	8847	blaCTX-M-15,blaTEM-1	2
RefSeq_NZ_CP042897.1	IncFII	Gram-negative	IS26	37405-38228	40273-41092	2045	dfrA14	1
RefSeq_NZ_CP042972.1	IncFII	Gram-negative	IS26	80506-81325	96652-97471	15327	sul3,aadA1,cmlA1,aadA2,dfrA12	5
RefSeq_NZ_CP043049.1	IncFII	Gram-negative	IS1	88714-89481	120087-120799	30606	catA1,dfrA12,mrx(A),mph(A)	4
RefSeq_NZ_CP043219.1	IncFII	Gram-negative	IS26	14303-15122	16163-16983	1041	aph(3')-Ia	1
RefSeq_NZ_CP043219.1	IncFII	Gram-negative	IS26	16163-16983	28200-29019	11217	mph(A),mrx(A),sul1,aadA2,dfrA12	5
RefSeq_NZ_CP043276.1	IncN	Gram-negative	IS26	48750-49573	51215-52034	1642	dfrA14	1
RefSeq_NZ_CP043345.1	IncFII	Gram-negative	IS26	4393-5212	9237-10056	4025	blaCTX-M-65	1
RefSeq_NZ_CP043345.1	IncFII	Gram-negative	IS26	11041-11860	13136-13955	1276	fosA3	1
RefSeq_NZ_CP043345.1	IncFII	Gram-negative	IS26	13136-13955	17763-18583	3808	blaTEM-1,rmtB1	2
RefSeq_NZ_CP043345.1	IncFII	Gram-negative	IS26	49080-49899	59686-60510	9787	blaKPC-2	1
RefSeq_NZ_CP043345.1	IncFII	Gram-negative	IS26	60797-61617	66931-67752	5314	blaSHV-12	1
RefSeq_NZ_CP043349.1	IncFII	Gram-negative	IS26	113165-113984	120477-121296	6493	dfrA14	1
RefSeq_NZ_CP043349.1	IncFII	Gram-negative	IS26	120477-121296	127353-128172	6057	qnrB1	1
RefSeq_NZ_CP043350.1	IncFII	Gram-negative	IS26	75906-76725	86915-87740	10190	sul2,floR	2
RefSeq_NZ_CP043350.1	IncFII	Gram-negative	IS26	86915-87740	102658-103477	14918	tet(A),blaLAP-2,qnrS1	3
RefSeq_NZ_CP043354.1	IncN	Gram-negative	IS26	15146-15965	19990-20809	4025	blaCTX-M-65	1
RefSeq_NZ_CP043354.1	IncN	Gram-negative	IS26	42517-43339	44728-45551	1389	catA2	1
RefSeq_NZ_CP043354.1	IncN	Gram-negative	IS26	54563-55382	60410-61231	5028	blaKPC-2	1
RefSeq_NZ_CP043358.1	IncFII	Gram-negative	IS26	5221-6040	9967-10786	3927	blaKPC-2	1
RefSeq_NZ_CP043358.1	IncFII	Gram-negative	IS26	9967-10786	14811-15630	4025	blaCTX-M-65	1
RefSeq_NZ_CP043358.1	IncFII	Gram-negative	IS26	16615-17434	21242-22062	3808	blaTEM-1,rmtB1	2
RefSeq_NZ_CP043359.1	IncFII	Gram-negative	IS1	64763-65475	100294-101061	34819	aph(3')-Ia,dfrA12,aadA2,sul1,mrx(A),mph(A)	6
RefSeq_NZ_CP043359.1	IncFII	Gram-negative	IS26	76489-77224	78265-79084	1041	aph(3')-Ia	1
RefSeq_NZ_CP043359.1	IncFII	Gram-negative	IS26	78265-79084	91334-92154	12250	dfrA12,aadA2,sul1,mrx(A),mph(A)	5
RefSeq_NZ_CP043364.1	IncFII	Gram-negative	IS26	35774-36595	40981-41800	4386	sul2,aph(3'')-Ib,aph(6)-Id	3
RefSeq_NZ_CP043380.1	IncFII	Gram-negative	IS26	22123-22942	25129-25948	2187	catB3,blaOXA-1,aac(6')-Ib-cr5	3
RefSeq_NZ_CP043380.1	IncFII	Gram-negative	IS26	25129-25948	33984-34803	8036	dfrA14	1
RefSeq_NZ_CP043380.1	IncFII	Gram-negative	IS26	33984-34803	61509-62329	26706	qnrB1,tet(A),dfrA12,aadA2,sul1,mrx(A),mph(A)	7
RefSeq_NZ_CP043380.1	IncFII	Gram-negative	IS26	61509-62329	68464-69287	6135	sul2	1
RefSeq_NZ_CP043407.1	IncFII	Gram-negative	IS26	9230-10050	37083-37903	27033	tet(B),dfrA14,mrx(A),mph(A)	4
RefSeq_NZ_CP043407.1	IncFII	Gram-negative	IS1	21140-21907	25898-26665	3991	tet(B)	1
RefSeq_NZ_CP043407.1	IncFII	Gram-negative	IS1	25898-26665	43988-44755	17323	dfrA14,mrx(A),mph(A)	3
RefSeq_NZ_CP043583.1	IncFII	Gram-negative	IS26	23819-24639	35782-36603	11143	blaCTX-M-15,qnrS1	2
RefSeq_NZ_CP043824.1	IncX1	Gram-negative	IS26	44716-45535	50197-51017	4662	mef(B),sul3	2
RefSeq_NZ_CP043860.1	IncFII	Gram-negative	IS1	27807-28574	43016-43728	14442	catA1	1
RefSeq_NZ_CP043935.1	IncX1	Gram-negative	IS26	26361-27180	32351-33166	5171	oqxA	1
RefSeq_NZ_CP043935.1	IncX1	Gram-negative	IS26	32351-33166	47914-48736	14748	sul2,aph(3'')-Ib,aph(6)-Id,tet(A),floR	5
RefSeq_NZ_CP043935.1	IncX1	Gram-negative	IS26	114224-115044	117812-118629	2768	blaCTX-M-55	1
RefSeq_NZ_CP043935.1	IncX1	Gram-negative	IS26	117812-118629	121125-121946	2496	fosA3	1
RefSeq_NZ_CP043935.1	IncX1	Gram-negative	IS26	121125-121946	153006-153815	31060	aph(3')-IIa	1
RefSeq_NZ_CP043935.1	IncX1	Gram-negative	IS26	153006-153815	159004-159821	5189	oqxB,oqxA2	2
RefSeq_NZ_CP043935.1	IncX1	Gram-negative	IS26	159004-159821	174527-175339	14706	sul2,aph(3'')-Ib,aph(6)-Id,tet(A),floR	5
RefSeq_NZ_CP043936.1	IncFII	Gram-negative	IS26	14482-15300	19439-20258	4139	mph(A),mrx(A)	2
RefSeq_NZ_CP043936.1	IncFII	Gram-negative	IS26	20282-21101	22142-22960	1041	aph(3')-Ia	1
RefSeq_NZ_CP043936.1	IncFII	Gram-negative	IS26	33955-34774	52034-52827	17260	aac(3)-IId,blaTEM-1,rmtB1,sul1,arr-3,catB3,blaOXA-1,aac(6')-Ib-cr5	8
RefSeq_NZ_CP043970.1	IncFII	Gram-negative	IS1	140230-140942	169444-170211	28502	aph(3')-Ia,mph(A),mrx(A),sul1,aadA2,dfrA12,catA1	7
RefSeq_NZ_CP043970.1	IncFII	Gram-negative	IS26	150629-151364	152405-153225	1041	aph(3')-Ia	1
RefSeq_NZ_CP044043.1	IncFII	Gram-negative	IS26	64445-65265	69333-70152	4068	erm(B)	1
RefSeq_NZ_CP044045.1	IncFII	Gram-negative	IS26	15757-16576	34932-35752	18356	arr-2,aac(6')-Ib,rmtF1,catB,blaCTX-M	5
RefSeq_NZ_CP044045.1	IncFII	Gram-negative	IS26	117197-118017	122884-123703	4867	catA1	1
RefSeq_NZ_CP044149.1	IncFII	Gram-negative	IS26	4110-4929	6109-6936	1180	dfrA8	1
RefSeq_NZ_CP044156.1	IncFII	Gram-negative	IS26	19549-20369	31303-32122	10934	mph(A),mrx(A),sul1,aadA5,dfrA17	5
RefSeq_NZ_CP044187.1	IncN	Gram-negative	IS26	21998-22607	41504-42341	18897	blaKPC-2,blaTEM-1,aph(6)-Id,aph(3'')-Ib,sul2	5
RefSeq_NZ_CP044259.1	IncFII	Gram-negative	IS26	4393-5212	9237-10056	4025	blaCTX-M-65	1
RefSeq_NZ_CP044259.1	IncFII	Gram-negative	IS26	11041-11860	13136-13955	1276	fosA3	1
RefSeq_NZ_CP044259.1	IncFII	Gram-negative	IS26	13136-13955	17763-18582	3808	blaTEM-1,rmtB1	2
RefSeq_NZ_CP044259.1	IncFII	Gram-negative	IS26	91193-92013	95287-96106	3274	blaKPC-2	1
RefSeq_NZ_CP044438.1	IncX1	Gram-negative	IS1	30214-30977	62153-62920	31176	tet(A),dfrA12,aadA2,cmlA1,aadA1,tet(M)	6
RefSeq_NZ_CP044438.1	IncX1	Gram-negative	IS26	80792-81611	82652-83471	1041	aph(3')-Ia	1
RefSeq_NZ_CP044438.1	IncX1	Gram-negative	IS26	84811-85631	89184-89965	3553	mph(A),mrx(A)	2
RefSeq_NZ_CP044438.1	IncX1	Gram-negative	IS26	89184-89965	96977-97797	7012	qnrS1	1
RefSeq_NZ_CP044438.1	IncX1	Gram-negative	IS26	96977-97797	99319-100138	1522	bleO	1
RefSeq_NZ_CP044438.1	IncX1	Gram-negative	IS26	99319-100138	105345-106164	5207	oqxA,oqxB	2
RefSeq_NZ_CP044438.1	IncX1	Gram-negative	IS26	105345-106164	112072-112892	5908	floR	1
RefSeq_NZ_CP044440.1	IncFII	Gram-negative	IS26	4393-5213	19394-20213	14181	aph(3')-VI,blaNDM-1,ble	3
RefSeq_NZ_CP044440.1	IncFII	Gram-negative	IS26	19394-20213	24021-24841	3808	blaTEM-1,rmtB1	2
RefSeq_NZ_CP045022.1	IncN	Gram-negative	IS26	22548-23157	35900-36719	12743	blaKPC-14	1
RefSeq_NZ_CP045188.1	IncX1	Gram-negative	IS26	15201-16021	17425-18245	1404	qnrS1	1
RefSeq_NZ_CP045188.1	IncX1	Gram-negative	IS26	72581-73400	78566-79385	5166	mef(B),sul3	2
RefSeq_NZ_CP045188.1	IncX1	Gram-negative	IS26	78566-79385	81386-82206	2001	dfrA5	1
RefSeq_NZ_CP045188.1	IncX1	Gram-negative	IS26	81386-82206	114440-115253	32234	tet(X4),tet(X4),tet(X4),floR	4
RefSeq_NZ_CP045256.1	IncN	Gram-negative	IS26	2285-3105	22047-22866	18942	blaKPC-2	1
RefSeq_NZ_CP045264.1	IncFII	Gram-negative	IS26	4393-5212	9237-10056	4025	blaCTX-M-65	1
RefSeq_NZ_CP045264.1	IncFII	Gram-negative	IS26	9237-10056	11332-12151	1276	fosA3	1
RefSeq_NZ_CP045264.1	IncFII	Gram-negative	IS26	13136-13955	17763-18583	3808	blaTEM-1,rmtB1	2
RefSeq_NZ_CP045264.1	IncFII	Gram-negative	IS26	44593-45417	51947-52766	6530	blaSHV-12	1
RefSeq_NZ_CP045264.1	IncFII	Gram-negative	IS26	51947-52766	61340-62161	8574	blaKPC-2	1
RefSeq_NZ_CP045264.1	IncFII	Gram-negative	IS26	114716-115538	116927-117750	1389	catA2	1
RefSeq_NZ_CP045676.1	IncFII	Gram-negative	IS26	1039-1858	8491-9310	6633	qnrB1	1
RefSeq_NZ_CP045676.1	IncFII	Gram-negative	IS26	8491-9310	16038-16830	6728	dfrA14	1
RefSeq_NZ_CP045676.1	IncFII	Gram-negative	IS26	16038-16830	31083-31903	14253	blaCTX-M-15,blaTEM-1,aph(6)-Id,aph(3'')-Ib,sul2	5
RefSeq_NZ_CP045742.1	IncN	Gram-negative	IS26	30935-31754	36645-37458	4891	blaCTX-M-14	1
RefSeq_NZ_CP045742.1	IncN	Gram-negative	IS26	59532-60353	62849-63671	2496	fosA3	1
RefSeq_NZ_CP045742.1	IncN	Gram-negative	IS26	62849-63671	102106-102925	38435	floR,tet(A),aph(6)-Id,aph(3'')-Ib,sul2	5
RefSeq_NZ_CP045742.1	IncN	Gram-negative	IS26	117871-118690	129715-130533	11025	aph(3')-IIa	1
RefSeq_NZ_CP045742.1	IncN	Gram-negative	IS26	129715-130533	133889-134709	3356	dfrA17,aadA5	2
RefSeq_NZ_CP045839.1	IncX1	Gram-negative	IS26	22909-23728	32950-33769	9222	dfrA12,aadA2,sul1,rmtB1,blaTEM-1	5
RefSeq_NZ_CP045839.1	IncX1	Gram-negative	IS26	32950-33769	56926-57745	23157	floR	1
RefSeq_NZ_CP045839.1	IncX1	Gram-negative	IS26	56926-57745	59267-60087	1522	bleO	1
RefSeq_NZ_CP045839.1	IncX1	Gram-negative	IS26	59267-60087	66653-67472	6566	tet(A),aph(6)-Id,aph(3'')-Ib,sul2	4
RefSeq_NZ_CP045839.1	IncX1	Gram-negative	IS26	72072-72893	77497-78316	4604	arr-3,catB3,blaOXA-1,aac(6')-Ib-cr5	4
RefSeq_NZ_CP045839.1	IncX1	Gram-negative	IS26	77497-78316	81382-82201	3066	aadA2	1
RefSeq_NZ_CP045842.1	IncX1	Gram-negative	IS26	22909-23728	32950-33769	9222	dfrA12,aadA2,sul1,rmtB1,blaTEM-1	5
RefSeq_NZ_CP045842.1	IncX1	Gram-negative	IS26	32950-33769	56926-57745	23157	floR	1
RefSeq_NZ_CP045842.1	IncX1	Gram-negative	IS26	56926-57745	59267-60087	1522	bleO	1
RefSeq_NZ_CP045842.1	IncX1	Gram-negative	IS26	59267-60087	66653-67472	6566	tet(A),aph(6)-Id,aph(3'')-Ib,sul2	4
RefSeq_NZ_CP045842.1	IncX1	Gram-negative	IS26	72072-72893	77497-78316	4604	arr-3,catB3,blaOXA-1,aac(6')-Ib-cr5	4
RefSeq_NZ_CP045842.1	IncX1	Gram-negative	IS26	77497-78316	81382-82201	3066	aadA2	1
RefSeq_NZ_CP045934.1	IncFII	Gram-negative	IS26	7301-8120	19054-19874	10934	dfrA17,aadA5,sul1,mrx(A),mph(A)	5
RefSeq_NZ_CP045943.1	IncFII	Gram-negative	IS1	4104-4871	25597-26364	20726	blaTEM-1,dfrA17,aadA5,sul1,mrx(A),mph(A),erm(B)	7
RefSeq_NZ_CP045943.1	IncFII	Gram-negative	IS26	8836-9655	11286-12105	1631	blaTEM-1	1
RefSeq_NZ_CP045943.1	IncFII	Gram-negative	IS26	11286-12105	23039-23859	10934	dfrA17,aadA5,sul1,mrx(A),mph(A)	5
RefSeq_NZ_CP045990.1	IncFII	Gram-negative	IS26	25755-26574	32931-33750	6357	blaKPC-2,blaTEM	2
RefSeq_NZ_CP045990.1	IncFII	Gram-negative	IS26	32931-33750	39807-40626	6057	qnrB1	1
RefSeq_NZ_CP045990.1	IncFII	Gram-negative	IS26	39807-40626	47119-47938	6493	dfrA14	1
RefSeq_NZ_CP045991.1	IncFII	Gram-negative	IS26	21724-22543	32733-33558	10190	sul2,floR	2
RefSeq_NZ_CP045991.1	IncFII	Gram-negative	IS26	32733-33558	48476-49295	14918	tet(A),blaLAP-2,qnrS1	3
RefSeq_NZ_CP045998.1	IncX1	Gram-negative	IS26	5186-5859	12099-12919	6240	blaSHV-12	1
RefSeq_NZ_CP045998.1	IncX1	Gram-negative	IS26	12099-12919	25238-26057	12319	tet(A),floR,tet(X4)	3
RefSeq_NZ_CP045998.1	IncX1	Gram-negative	IS26	25238-26057	28490-29309	2433	aadA2	1
RefSeq_NZ_CP046001.1	IncX1	Gram-negative	IS26	63872-64691	69854-70673	5163	mef(B),sul3	2
RefSeq_NZ_CP046001.1	IncX1	Gram-negative	IS26	69854-70673	72674-73494	2001	dfrA5	1
RefSeq_NZ_CP046002.1	IncX1	Gram-negative	IS26	5186-5859	12099-12919	6240	blaSHV-12	1
RefSeq_NZ_CP046002.1	IncX1	Gram-negative	IS26	12099-12919	25236-26055	12317	tet(A),floR,tet(X4)	3
RefSeq_NZ_CP046002.1	IncX1	Gram-negative	IS26	25236-26055	28488-29307	2433	aadA2	1
RefSeq_NZ_CP046117.1	IncFII	Gram-negative	IS26	4393-5212	9045-9864	3833	blaCTX-M-65	1
RefSeq_NZ_CP046117.1	IncFII	Gram-negative	IS26	9045-9864	15107-15927	5243	fosA,blaTEM-1,rmtB1	3
RefSeq_NZ_CP046118.1	IncN	Gram-negative	IS26	24107-24927	42612-43432	17685	qnrS1,blaNDM-1,ble	3
RefSeq_NZ_CP046273.1	IncFII	Gram-negative	IS26	40991-41810	45324-46152	3514	tet(D)	1
RefSeq_NZ_CP046273.1	IncFII	Gram-negative	IS26	45324-46152	53348-54167	7196	dfrA14	1
RefSeq_NZ_CP046273.1	IncFII	Gram-negative	IS26	53348-54167	59823-60642	5656	sul2,aph(3'')-Ib	2
RefSeq_NZ_CP046382.1	IncFII	Gram-negative	IS26	63487-64306	65347-66166	1041	aph(3')-Ia	1
RefSeq_NZ_CP046382.1	IncFII	Gram-negative	IS26	65347-66166	94260-95079	28094	mef(B),sul3,cmlA1,aadA2,estX-3,tet(A)	6
RefSeq_NZ_CP046382.1	IncFII	Gram-negative	IS26	94260-95079	97679-98499	2600	aac(3)-IIe	1
RefSeq_NZ_CP046382.1	IncFII	Gram-negative	IS26	97679-98499	100686-101505	2187	catB3,blaOXA-1,aac(6')-Ib-cr5	3
RefSeq_NZ_CP046382.1	IncFII	Gram-negative	IS26	100686-101505	114986-115805	13481	tet(A),qnrB1	2
RefSeq_NZ_CP046382.1	IncFII	Gram-negative	IS26	114986-115805	122267-123086	6462	dfrA14	1
RefSeq_NZ_CP046647.1	IncFII	Gram-negative	IS26	3451-4271	19594-20413	15323	ble,blaNDM-1,aph(3')-VI,qnrS1	4
RefSeq_NZ_CP046647.1	IncFII	Gram-negative	IS26	20513-21332	25794-26613	4462	blaSHV-12	1
RefSeq_NZ_CP046940.1	IncFII	Gram-negative	IS26	4200-5019	18500-19319	13481	qnrB1,tet(A)	2
RefSeq_NZ_CP046940.1	IncFII	Gram-negative	IS26	18500-19319	21506-22326	2187	aac(6')-Ib-cr5,blaOXA-1,catB3	3
RefSeq_NZ_CP046940.1	IncFII	Gram-negative	IS26	21506-22326	24926-25745	2600	aac(3)-IIe	1
RefSeq_NZ_CP046940.1	IncFII	Gram-negative	IS26	24926-25745	53841-54659	28096	blaTEM,estX-3,aadA2,cmlA1,sul3,mef(B)	6
RefSeq_NZ_CP046940.1	IncFII	Gram-negative	IS26	53841-54659	55700-56519	1041	aph(3')-Ia	1
RefSeq_NZ_CP046950.1	IncFII	Gram-negative	IS26	63487-64306	65347-66166	1041	aph(3')-Ia	1
RefSeq_NZ_CP046950.1	IncFII	Gram-negative	IS26	65347-66166	94279-95098	28113	mef(B),sul3,cmlA1,aadA2,estX-3,tet(A),blaTEM-1	7
RefSeq_NZ_CP046950.1	IncFII	Gram-negative	IS26	94279-95098	97698-98518	2600	aac(3)-IIe	1
RefSeq_NZ_CP046950.1	IncFII	Gram-negative	IS26	97698-98518	100705-101524	2187	catB3,blaOXA-1,aac(6')-Ib-cr5	3
RefSeq_NZ_CP046950.1	IncFII	Gram-negative	IS26	100705-101524	115005-115824	13481	tet(A),qnrB1	2
RefSeq_NZ_CP046950.1	IncFII	Gram-negative	IS26	115005-115824	122286-123105	6462	dfrA14	1
RefSeq_NZ_CP046958.1	IncN	Gram-negative	IS26	16423-17244	22272-23091	5028	blaKPC-2	1
RefSeq_NZ_CP046958.1	IncN	Gram-negative	IS26	32103-32926	34303-35125	1377	catA2	1
RefSeq_NZ_CP046958.1	IncN	Gram-negative	IS26	56833-57652	61677-62496	4025	blaCTX-M-65	1
RefSeq_NZ_CP046963.1	IncFII	Gram-negative	IS26	4393-5212	9139-9958	3927	blaKPC-2	1
RefSeq_NZ_CP046963.1	IncFII	Gram-negative	IS26	9139-9958	13983-14802	4025	blaCTX-M-65	1
RefSeq_NZ_CP046963.1	IncFII	Gram-negative	IS26	15787-16606	20414-21234	3808	blaTEM-1,rmtB1	2
RefSeq_NZ_CP047011.1	IncFII	Gram-negative	IS26	2816-3635	22491-23311	18856	tet(M),aadA1,cmlA1,aadA2,mrx(A),mph(A)	6
RefSeq_NZ_CP047011.1	IncFII	Gram-negative	IS26	22491-23311	27078-27901	3767	aac(3)-IId	1
RefSeq_NZ_CP047011.1	IncFII	Gram-negative	IS26	27078-27901	32776-33598	4875	blaTEM-1,sul3	2
RefSeq_NZ_CP047011.1	IncFII	Gram-negative	IS26	32776-33598	34639-35458	1041	aph(3')-Ia	1
RefSeq_NZ_CP047011.1	IncFII	Gram-negative	IS26	34639-35458	42779-43598	7321	tet(A)	1
RefSeq_NZ_CP047011.1	IncFII	Gram-negative	IS26	42779-43598	54139-54958	10541	sul2,floR,erm(42)	3
RefSeq_NZ_CP047011.1	IncFII	Gram-negative	IS26	54139-54958	60989-61808	6031	aadA22	1
RefSeq_NZ_CP047128.1	IncN	Gram-negative	IS26	34357-35176	46202-47020	11026	aph(3')-IIa	1
RefSeq_NZ_CP047128.1	IncN	Gram-negative	IS26	46202-47020	50376-51195	3356	dfrA17,aadA5	2
RefSeq_NZ_CP047128.1	IncN	Gram-negative	IS26	56247-57065	61956-62777	4891	blaCTX-M-14	1
RefSeq_NZ_CP047128.1	IncN	Gram-negative	IS26	61956-62777	65273-66096	2496	fosA3	1
RefSeq_NZ_CP047161.1	IncFII	Gram-negative	IS26	31221-32041	35849-36667	3808	rmtB1,blaTEM-1	2
RefSeq_NZ_CP047161.1	IncFII	Gram-negative	IS26	37652-38470	39746-40564	1276	fosA3	1
RefSeq_NZ_CP047161.1	IncFII	Gram-negative	IS26	39746-40564	44589-45409	4025	blaCTX-M-65	1
RefSeq_NZ_CP047161.1	IncFII	Gram-negative	IS26	44589-45409	51930-52749	6521	blaSHV-12	1
RefSeq_NZ_CP047161.1	IncFII	Gram-negative	IS26	51930-52749	61323-62144	8574	blaKPC-2	1
RefSeq_NZ_CP047194.1	IncFII	Gram-negative	IS26	47814-48633	63730-64549	15097	blaKPC-2,blaSHV-12	2
RefSeq_NZ_CP047194.1	IncFII	Gram-negative	IS26	112604-113424	117232-118051	3808	rmtB1,blaTEM-1	2
RefSeq_NZ_CP047194.1	IncFII	Gram-negative	IS26	117232-118051	119327-120146	1276	fosA3	1
RefSeq_NZ_CP047194.1	IncFII	Gram-negative	IS26	121131-121950	125975-126794	4025	blaCTX-M-65	1
RefSeq_NZ_CP047195.1	IncFII	Gram-negative	IS26	10213-11034	12434-13257	1400	catA2	1
RefSeq_NZ_CP047195.1	IncFII	Gram-negative	IS26	12434-13257	21412-22231	8155	sul2	1
RefSeq_NZ_CP047195.1	IncFII	Gram-negative	IS26	21412-22231	24956-25775	2725	dfrA14	1
RefSeq_NZ_CP047337.1	IncFII	Gram-negative	IS1	91979-92691	134191-134958	41500	aph(3')-Ia,mph(A),mrx(A)	3
RefSeq_NZ_CP047337.1	IncFII	Gram-negative	IS26	100332-101152	102193-102928	1041	aph(3')-Ia	1
RefSeq_NZ_CP047337.1	IncFII	Gram-negative	IS26	104154-104974	109563-110385	4589	mph(A),mrx(A)	2
RefSeq_NZ_CP047337.1	IncFII	Gram-negative	IS26	213063-213887	214928-215747	1041	aph(3')-Ia	1
RefSeq_NZ_CP047337.1	IncFII	Gram-negative	IS26	214928-215747	222420-223240	6673	dfrA12,aadA2,sul1	3
RefSeq_NZ_CP047337.1	IncFII	Gram-negative	IS26	222420-223240	252545-253365	29305	mph(A),mrx(A),sul1,blaDHA-1,qnrB4,sul1,aadA16,dfrA27,arr-3,aac(6')-Ib-cr5	10
RefSeq_NZ_CP047337.1	IncFII	Gram-negative	IS26	270952-271771	275298-276121	3527	tet(D)	1
RefSeq_NZ_CP047339.1	IncX1	Gram-negative	IS26	8902-9722	10763-11582	1041	aph(3')-Ia	1
RefSeq_NZ_CP047339.1	IncX1	Gram-negative	IS26	10763-11582	34921-35740	23339	aph(3')-IIa	1
RefSeq_NZ_CP047406.1	IncFII	Gram-negative	IS1	56190-56953	86052-86819	29099	aac(6')-Ib-cr5,blaOXA-1,catB3,aac(3)-IIe,blaNDM-1,ble,sul1,aadA2,dfrA12	9
RefSeq_NZ_CP047406.1	IncFII	Gram-negative	IS26	65085-65904	68091-68911	2187	aac(6')-Ib-cr5,blaOXA-1,catB3	3
RefSeq_NZ_CP047406.1	IncFII	Gram-negative	IS26	68091-68911	70651-71470	1740	aac(3)-IIe	1
RefSeq_NZ_CP047406.1	IncFII	Gram-negative	IS26	70651-71470	97909-98728	26439	blaNDM-1,ble,sul1,aadA2,dfrA12	5
RefSeq_NZ_CP047460.1	IncX1	Gram-negative	IS26	66426-67245	84424-85243	17179	tet(M),tet(A),qnrS1	3
RefSeq_NZ_CP047460.1	IncX1	Gram-negative	IS26	94842-95661	108365-109188	12704	sul3,aadA1,cmlA1,aadA2,dfrA12	5
RefSeq_NZ_CP047460.1	IncX1	Gram-negative	IS1	47945-48712	86977-87744	38265	tet(M),tet(A),qnrS1	3
RefSeq_NZ_CP047466.1	IncX1	Gram-negative	IS26	13742-14561	25980-26800	11419	tet(M),qnrS1	2
RefSeq_NZ_CP047466.1	IncX1	Gram-negative	IS26	36399-37220	49924-50743	12704	sul3,aadA1,cmlA1,aadA2,dfrA12	5
RefSeq_NZ_CP047466.1	IncX1	Gram-negative	IS26	54331-55150	89407-90226	34257	tet(X4),estT,erm(42),floR,sul2	5
RefSeq_NZ_CP047471.1	IncX1	Gram-negative	IS26	22584-23405	25675-26495	2270	cfr	1
RefSeq_NZ_CP047471.1	IncX1	Gram-negative	IS26	25675-26495	29331-30154	2836	dfrA17	1
RefSeq_NZ_CP047471.1	IncX1	Gram-negative	IS26	29331-30154	41441-42261	11287	floR	1
RefSeq_NZ_CP047573.1	IncFII	Gram-negative	IS26	27162-27985	34995-35819	7010	estX-3,aadA1,sul3	3
RefSeq_NZ_CP047573.1	IncFII	Gram-negative	IS26	40576-41395	48637-49456	7242	blaTEM-1	1
RefSeq_NZ_CP047573.1	IncFII	Gram-negative	IS26	57513-58334	62286-63105	3952	floR,tet(A)	2
RefSeq_NZ_CP047573.1	IncFII	Gram-negative	IS26	62286-63105	64963-65783	1858	dfrA5	1
RefSeq_NZ_CP047573.1	IncFII	Gram-negative	IS26	64963-65783	74230-75049	8447	tet(A),qnrS13	2
RefSeq_NZ_CP047573.1	IncFII	Gram-negative	IS1	55099-55866	80332-81099	24466	floR,tet(A),dfrA5,tet(A),qnrS13	5
RefSeq_NZ_CP047659.1	IncN	Gram-negative	IS26	98220-99052	103213-104034	4161	mrx(A),mph(A)	2
RefSeq_NZ_CP047659.1	IncN	Gram-negative	IS26	122146-122965	126342-127161	3377	blaCTX-M-14,fosA3	2
RefSeq_NZ_CP047659.1	IncN	Gram-negative	IS26	126342-127161	156766-157586	29605	aac(3)-IVa,aph(4)-Ia,sul2,floR,dfrA12,aadA2,cmlA1,aadA1,sul3	9
RefSeq_NZ_CP047659.1	IncN	Gram-negative	IS26	156766-157586	158627-159446	1041	aph(3')-Ia	1
RefSeq_NZ_CP047659.1	IncN	Gram-negative	IS26	158627-159446	162451-163271	3005	sul1	1
RefSeq_NZ_CP047659.1	IncN	Gram-negative	IS26	162451-163271	164793-165612	1522	bleO	1
RefSeq_NZ_CP047666.1	IncN	Gram-negative	IS26	98220-99052	103213-104034	4161	mrx(A),mph(A)	2
RefSeq_NZ_CP047666.1	IncN	Gram-negative	IS26	122146-122965	126342-127161	3377	blaCTX-M-14,fosA3	2
RefSeq_NZ_CP047666.1	IncN	Gram-negative	IS26	126342-127161	156766-157586	29605	aac(3)-IVa,aph(4)-Ia,sul2,floR,dfrA12,aadA2,cmlA1,aadA1,sul3	9
RefSeq_NZ_CP047666.1	IncN	Gram-negative	IS26	156766-157586	158627-159446	1041	aph(3')-Ia	1
RefSeq_NZ_CP047666.1	IncN	Gram-negative	IS26	158627-159446	162451-163271	3005	sul1	1
RefSeq_NZ_CP047666.1	IncN	Gram-negative	IS26	162451-163271	164793-165612	1522	bleO	1
RefSeq_NZ_CP047730.1	IncFII	Gram-negative	IS26	133533-134352	138071-138890	3719	tet(A)	1
RefSeq_NZ_CP047730.1	IncFII	Gram-negative	IS26	138071-138890	146418-147237	7528	dfrA14	1
RefSeq_NZ_CP047730.1	IncFII	Gram-negative	IS26	146418-147237	160037-160856	12800	qnrB1	1
RefSeq_NZ_CP047730.1	IncFII	Gram-negative	IS26	160037-160856	163043-163862	2187	catB3,blaOXA-1,aac(6')-Ib-cr5	3
RefSeq_NZ_CP047730.1	IncFII	Gram-negative	IS26	163043-163862	177830-178658	13968	blaCTX-M,blaTEM-1,aph(6)-Id,aph(3'')-Ib,sul2	5
RefSeq_NZ_CP047730.1	IncFII	Gram-negative	IS1	180735-181502	182379-183146	877	catA1	1
RefSeq_NZ_CP047737.1	IncN	Gram-negative	IS26	93444-94281	142636-143456	48355	dfrA14,qnrS1	2
RefSeq_NZ_CP047737.1	IncN	Gram-negative	IS1	199173-199940	236290-237057	36350	qseB,qseC,mcr-9.1	3
RefSeq_NZ_CP047737.1	IncN	Gram-negative	IS1	236290-237057	280118-280885	43061	sul1,aadA2,dfrA12,aac(3)-IId,blaTEM-1,catA1	6
RefSeq_NZ_CP047766.1	IncFII	Gram-negative	IS26	40991-41810	49490-50309	7680	dfrA14	1
RefSeq_NZ_CP047766.1	IncFII	Gram-negative	IS26	49490-50309	56180-56999	5871	qnrB1	1
RefSeq_NZ_CP047766.1	IncFII	Gram-negative	IS26	56180-56999	59186-60006	2187	aac(6')-Ib-cr5,blaOXA-1,catB3	3
RefSeq_NZ_CP047766.1	IncFII	Gram-negative	IS26	59186-60006	62606-63425	2600	aac(3)-IIe	1
RefSeq_NZ_CP047877.1	IncN	Gram-negative	IS26	98220-99052	103213-104034	4161	mrx(A),mph(A)	2
RefSeq_NZ_CP047877.1	IncN	Gram-negative	IS26	122146-122965	126342-127161	3377	blaCTX-M-14,fosA3	2
RefSeq_NZ_CP047877.1	IncN	Gram-negative	IS26	126342-127161	156766-157586	29605	aac(3)-IVa,aph(4)-Ia,sul2,floR,dfrA12,aadA2,cmlA1,aadA1,sul3	9
RefSeq_NZ_CP047877.1	IncN	Gram-negative	IS26	156766-157586	158627-159446	1041	aph(3')-Ia	1
RefSeq_NZ_CP047877.1	IncN	Gram-negative	IS26	158627-159446	162451-163271	3005	sul1	1
RefSeq_NZ_CP047877.1	IncN	Gram-negative	IS26	162451-163271	164793-165612	1522	bleO	1
RefSeq_NZ_CP048011.1	IncFII	Gram-negative	IS26	8547-9366	14518-15336	5152	sul1,aadA5,dfrA17	3
RefSeq_NZ_CP048011.1	IncFII	Gram-negative	IS26	14518-15336	17242-18073	1906	blaTEM	1
RefSeq_NZ_CP048011.1	IncFII	Gram-negative	IS26	17242-18073	21899-22718	3826	blaCTX-M-15	1
RefSeq_NZ_CP048011.1	IncFII	Gram-negative	IS26	21899-22718	24905-25725	2187	catB3,blaOXA-1,aac(6')-Ib-cr5	3
RefSeq_NZ_CP048331.1	IncFII	Gram-negative	IS26	29829-30650	41729-42549	11079	dfrA17,aadA5,sul1,mrx(A),mph(A)	5
RefSeq_NZ_CP048338.1	IncFII	Gram-negative	IS26	31604-32438	44922-45742	12484	blaOXA-181,qnrS1	2
RefSeq_NZ_CP048338.1	IncFII	Gram-negative	IS26	44922-45742	47517-48336	1775	dfrA17	1
RefSeq_NZ_CP048338.1	IncFII	Gram-negative	IS26	47517-48336	63297-64118	14961	qnrB4,blaDHA-1,sul1,mrx(A),mph(A)	5
RefSeq_NZ_CP048338.1	IncFII	Gram-negative	IS26	63297-64118	85832-86651	21714	catA1,tet(B)	2
RefSeq_NZ_CP048338.1	IncFII	Gram-negative	IS1	69152-69919	73975-74742	4056	tet(B)	1
RefSeq_NZ_CP048345.1	IncFII	Gram-negative	IS26	8547-9366	14518-15335	5152	sul1,aadA5,dfrA17	3
RefSeq_NZ_CP048345.1	IncFII	Gram-negative	IS26	14518-15335	17087-17906	1752	blaTEM	1
RefSeq_NZ_CP048345.1	IncFII	Gram-negative	IS26	17087-17906	23461-24281	5555	aac(3)-IId	1
RefSeq_NZ_CP048345.1	IncFII	Gram-negative	IS26	23461-24281	28408-29224	4127	mph(A),mrx(A)	2
RefSeq_NZ_CP048345.1	IncFII	Gram-negative	IS26	28408-29224	31402-32217	2178	aac(6')-Ib,blaOXA	2
RefSeq_NZ_CP048345.1	IncFII	Gram-negative	IS26	31402-32217	36047-36874	3830	blaCTX-M-15	1
RefSeq_NZ_CP048345.1	IncFII	Gram-negative	IS26	36047-36874	43548-44368	6674	blaTEM-1	1
RefSeq_NZ_CP048345.1	IncFII	Gram-negative	IS26	43548-44368	48754-49571	4386	sul2,aph(3'')-Ib,aph(6)-Id	3
RefSeq_NZ_CP048377.1	IncFII	Gram-negative	IS26	8547-9366	14518-15338	5152	sul1,aadA5,dfrA17	3
RefSeq_NZ_CP048377.1	IncFII	Gram-negative	IS26	14518-15338	25000-25818	9662	blaNDM-5,ble,sul1,aadA2,dfrA12	5
RefSeq_NZ_CP048377.1	IncFII	Gram-negative	IS26	33620-34440	36627-37441	2187	aac(6')-Ib-cr5,blaOXA-1,catB3	3
RefSeq_NZ_CP048377.1	IncFII	Gram-negative	IS26	36627-37441	41272-42103	3831	blaCTX-M-15	1
RefSeq_NZ_CP048779.1	IncFII	Gram-negative	IS26	120050-120869	126159-126982	5290	sul2,aph(3'')-Ib,aph(6)-Id	3
RefSeq_NZ_CP048779.1	IncFII	Gram-negative	IS26	126159-126982	128382-129201	1400	catA2	1
RefSeq_NZ_CP048779.1	IncFII	Gram-negative	IS26	128382-129201	133597-134418	4396	blaTEM-1	1
RefSeq_NZ_CP048780.1	IncFII	Gram-negative	IS26	3451-4271	19594-20413	15323	ble,blaNDM-1,aph(3')-VI,qnrS1	4
RefSeq_NZ_CP048780.1	IncFII	Gram-negative	IS26	20513-21332	25794-26613	4462	blaSHV-12	1
RefSeq_NZ_CP048802.1	IncFII	Gram-negative	IS26	35097-35917	51240-52060	15323	qnrS1,aph(3')-VI,blaNDM-1,ble	4
RefSeq_NZ_CP048802.1	IncFII	Gram-negative	IS26	86554-87373	91769-92590	4396	blaTEM-1	1
RefSeq_NZ_CP048825.1	IncN	Gram-negative	IS26	2149-2968	6159-6982	3191	blaKPC-2	1
RefSeq_NZ_CP048825.1	IncN	Gram-negative	IS26	6159-6982	33563-34383	26581	dfrA14,qnrS1	2
RefSeq_NZ_CP048916.1	IncFII	Gram-negative	IS26	8547-9366	14518-15338	5152	sul1,aadA5,dfrA17	3
RefSeq_NZ_CP048916.1	IncFII	Gram-negative	IS26	14518-15338	25009-25832	9671	blaNDM-5,ble,sul1,aadA2,dfrA12	5
RefSeq_NZ_CP048916.1	IncFII	Gram-negative	IS26	25009-25832	27591-28410	1759	blaTEM-1	1
RefSeq_NZ_CP048916.1	IncFII	Gram-negative	IS26	27591-28410	33964-34784	5554	aac(3)-IId	1
RefSeq_NZ_CP048916.1	IncFII	Gram-negative	IS26	33964-34784	38911-39730	4127	mph(A),mrx(A)	2
RefSeq_NZ_CP048916.1	IncFII	Gram-negative	IS26	38911-39730	44116-44936	4386	aph(6)-Id,aph(3'')-Ib,sul2	3
RefSeq_NZ_CP048916.1	IncFII	Gram-negative	IS26	44116-44936	51610-52441	6674	blaTEM-1	1
RefSeq_NZ_CP048916.1	IncFII	Gram-negative	IS26	51610-52441	56272-57091	3831	blaCTX-M-15	1
RefSeq_NZ_CP048916.1	IncFII	Gram-negative	IS26	56272-57091	59278-60098	2187	catB3,blaOXA-1,aac(6')-Ib-cr5	3
RefSeq_NZ_CP049079.2	IncFII	Gram-negative	IS26	89497-90317	100868-101687	10551	mph(A),mrx(A),sul1,aadA5,dfrA17	5
RefSeq_NZ_CP049079.2	IncFII	Gram-negative	IS26	100868-101687	104287-105107	2600	aac(3)-IIe	1
RefSeq_NZ_CP049079.2	IncFII	Gram-negative	IS26	104287-105107	107294-108113	2187	catB3,blaOXA-1,aac(6')-Ib-cr5	3
RefSeq_NZ_CP049079.2	IncFII	Gram-negative	IS26	127327-128147	131312-132132	3165	blaCTX-M-15	1
RefSeq_NZ_CP049114.1	IncN	Gram-negative	IS26	2859-3571	6451-7271	2880	fosA3,blaCTX-M-14	2
RefSeq_NZ_CP049114.1	IncN	Gram-negative	IS26	199199-200018	201059-201879	1041	aph(3')-Ia	1
RefSeq_NZ_CP049114.1	IncN	Gram-negative	IS26	201059-201879	228061-228881	26182	sul3,aadA1,cmlA1,aadA2,estX-3,sul2,aph(4)-Ia,aac(3)-IVa	8
RefSeq_NZ_CP049114.1	IncN	Gram-negative	IS26	228061-228881	233161-233981	4280	mph(A),mrx(A)	2
RefSeq_NZ_CP049121.1	IncX1	Gram-negative	IS26	31345-32164	43261-44080	11097	tet(A),floR,tet(X4)	3
RefSeq_NZ_CP049121.1	IncX1	Gram-negative	IS26	43261-44080	46513-47332	2433	aadA2	1
RefSeq_NZ_CP049717.1	IncFII	Gram-negative	IS1	64763-65475	77661-78428	12186	sul1,aadA2,dfrA12,catA1	4
RefSeq_NZ_CP049720.1	IncFII	Gram-negative	IS1	64763-65475	96034-96801	30559	sul1,blaDHA-1,qnrB4,sul1,arr-3,catB3,blaOXA-1,aac(6')-Ib-cr5,catA1	9
RefSeq_NZ_CP049840.1	IncFII	Gram-negative	IS1	40300-40963	56647-57414	15684	mrx(A),mph(A)	2
RefSeq_NZ_CP049840.1	IncFII	Gram-negative	IS26	45372-46191	49742-50562	3551	mrx(A),mph(A)	2
RefSeq_NZ_CP049853.1	IncFII	Gram-negative	IS1	41614-42381	67728-68495	25347	dfrA17,mrx(A),mph(A),blaTEM-1,sul2,aph(3'')-Ib,aph(6)-Id	7
RefSeq_NZ_CP049853.1	IncFII	Gram-negative	IS26	48511-49330	52881-53701	3551	mrx(A),mph(A)	2
RefSeq_NZ_CP049853.1	IncFII	Gram-negative	IS26	52881-53701	55618-56438	1917	blaTEM-1	1
RefSeq_NZ_CP049853.1	IncFII	Gram-negative	IS26	55618-56438	60824-61643	4386	sul2,aph(3'')-Ib,aph(6)-Id	3
RefSeq_NZ_CP050032.1	IncX1	Gram-negative	IS26	12099-12921	14355-15174	1434	dfrA14	1
RefSeq_NZ_CP050032.1	IncX1	Gram-negative	IS26	14355-15174	29888-30707	14714	aph(6)-Id	1
RefSeq_NZ_CP050037.1	IncX1	Gram-negative	IS26	12102-12921	26900-27719	13979	aph(6)-Id	1
RefSeq_NZ_CP050037.1	IncX1	Gram-negative	IS26	26900-27719	29153-29976	1434	dfrA14	1
RefSeq_NZ_CP050037.1	IncX1	Gram-negative	IS26	29153-29976	43872-44691	13896	tet(X4),floR,tet(A)	3
RefSeq_NZ_CP050041.1	IncX1	Gram-negative	IS1	3933-4525	48567-49331	44042	sul3,aadA2,dfrA12,floR,tet(X4),sul2,qnrS1	7
RefSeq_NZ_CP050041.1	IncX1	Gram-negative	IS1	48567-49331	69577-70344	20246	blaTEM-1	1
RefSeq_NZ_CP050041.1	IncX1	Gram-negative	IS26	13013-13832	39091-39910	25259	sul3,aadA2,dfrA12,floR,tet(X4),sul2	6
RefSeq_NZ_CP050041.1	IncX1	Gram-negative	IS26	39091-39910	57597-58416	17687	qnrS1	1
RefSeq_NZ_CP050046.1	IncX1	Gram-negative	IS26	12099-12921	26816-27639	13895	tet(A),floR,tet(X4)	3
RefSeq_NZ_CP050046.1	IncX1	Gram-negative	IS26	26816-27639	29073-29892	1434	dfrA14	1
RefSeq_NZ_CP050046.1	IncX1	Gram-negative	IS26	29073-29892	43871-44690	13979	aph(6)-Id	1
RefSeq_NZ_CP050049.1	IncX1	Gram-negative	IS26	13278-14100	26199-27018	12099	sul3,blaTEM-1,qnrS1	3
RefSeq_NZ_CP050155.1	IncFII	Gram-negative	IS26	23833-24653	33702-34521	9049	blaIMP-4	1
RefSeq_NZ_CP050155.1	IncFII	Gram-negative	IS26	35465-36285	46309-47132	10024	sul2,aph(3'')-Ib,aph(6)-Id	3
RefSeq_NZ_CP050159.1	IncN	Gram-negative	IS26	4617-5436	27907-28727	22471	blaIMP-26	1
RefSeq_NZ_CP050160.1	IncN	Gram-negative	IS26	3852-4671	27142-27962	22471	blaIMP-4	1
RefSeq_NZ_CP050169.1	IncFII	Gram-negative	IS26	78105-78923	94245-95065	15322	qnrS1,aph(3')-VI,blaNDM-1,ble	4
RefSeq_NZ_CP050170.1	IncFII	Gram-negative	IS26	83023-83843	86809-87628	2966	aac(6')-Ib-cr5,arr-3	2
RefSeq_NZ_CP050174.1	IncX1	Gram-negative	IS1	3940-4532	52055-52822	47523	mef(B),sul3,dfrA5,tet(X4),floR,tet(A),blaTEM-1,tet(M),qnrS1	9
RefSeq_NZ_CP050174.1	IncX1	Gram-negative	IS26	12397-13216	18382-19201	5166	mef(B),sul3	2
RefSeq_NZ_CP050174.1	IncX1	Gram-negative	IS26	18382-19201	21202-22022	2001	dfrA5	1
RefSeq_NZ_CP050174.1	IncX1	Gram-negative	IS26	21202-22022	30920-31740	8898	tet(X4),floR	2
RefSeq_NZ_CP050174.1	IncX1	Gram-negative	IS26	30920-31740	47093-47912	15353	tet(A),blaTEM-1,tet(M)	3
RefSeq_NZ_CP050174.1	IncX1	Gram-negative	IS26	47093-47912	49316-50136	1404	qnrS1	1
RefSeq_NZ_CP050337.1	IncFII	Gram-negative	IS26	37782-38602	64024-64843	25422	blaCTX-M-14	1
RefSeq_NZ_CP050337.1	IncFII	Gram-negative	IS26	101098-101918	106429-107248	4511	aac(3)-IId	1
RefSeq_NZ_CP050337.1	IncFII	Gram-negative	IS26	106429-107248	116727-117548	9479	blaLAP-2,qnrS1	2
RefSeq_NZ_CP050339.1	IncFII	Gram-negative	IS26	4393-5213	11694-12513	6481	blaKPC-2	1
RefSeq_NZ_CP050339.1	IncFII	Gram-negative	IS26	70889-71711	73100-73923	1389	catA2	1
RefSeq_NZ_CP050343.1	IncFII	Gram-negative	IS26	72072-72891	82370-83189	9479	blaLAP-2,qnrS1	2
RefSeq_NZ_CP050343.1	IncFII	Gram-negative	IS26	82370-83189	84230-85050	1041	aph(3')-Ia	1
RefSeq_NZ_CP050345.1	IncFII	Gram-negative	IS26	4393-5212	9237-10057	4025	blaCTX-M-65	1
RefSeq_NZ_CP050345.1	IncFII	Gram-negative	IS26	9237-10057	16538-17357	6481	blaKPC-2	1
RefSeq_NZ_CP050345.1	IncFII	Gram-negative	IS26	75733-76555	77944-78767	1389	catA2	1
RefSeq_NZ_CP050349.1	IncFII	Gram-negative	IS26	28327-29148	58618-59437	29470	mph(A),mrx(A),sul1,dfrA1,tet(A)	5
RefSeq_NZ_CP050349.1	IncFII	Gram-negative	IS26	58618-59437	68916-69735	9479	blaLAP-2,qnrS1	2
RefSeq_NZ_CP050349.1	IncFII	Gram-negative	IS26	122945-123764	128275-129094	4511	aac(3)-IId	1
RefSeq_NZ_CP050351.1	IncFII	Gram-negative	IS26	58969-59788	66269-67089	6481	blaKPC-33	1
RefSeq_NZ_CP050351.1	IncFII	Gram-negative	IS26	66269-67089	71114-71933	4025	blaCTX-M-65	1
RefSeq_NZ_CP050355.1	IncFII	Gram-negative	IS26	69218-70037	95459-96279	25422	blaCTX-M-65	1
RefSeq_NZ_CP050355.1	IncFII	Gram-negative	IS26	100271-101090	105601-106420	4511	aac(3)-IId	1
RefSeq_NZ_CP050355.1	IncFII	Gram-negative	IS26	105601-106420	115899-116718	9479	blaLAP-2,qnrS1	2
RefSeq_NZ_CP050355.1	IncFII	Gram-negative	IS26	115899-116718	117759-118579	1041	aph(3')-Ia	1
RefSeq_NZ_CP050357.1	IncFII	Gram-negative	IS26	4393-5212	9237-10057	4025	blaCTX-M-65	1
RefSeq_NZ_CP050357.1	IncFII	Gram-negative	IS26	9237-10057	16538-17357	6481	blaKPC-2	1
RefSeq_NZ_CP050357.1	IncFII	Gram-negative	IS26	75733-76555	77944-78767	1389	catA2	1
RefSeq_NZ_CP050374.1	IncFII	Gram-negative	IS26	1830-2649	29828-30648	27179	blaCTX-M-15	1
RefSeq_NZ_CP050374.1	IncFII	Gram-negative	IS26	29828-30648	70976-71796	40328	aac(3)-IIe	1
RefSeq_NZ_CP050374.1	IncFII	Gram-negative	IS26	70976-71796	112018-112837	40222	catB,rmtF1,aac(6')-Ib,arr-2,blaNDM-1,ble,arr-2,aac(6')-Ib,rmtF1,catB	10
RefSeq_NZ_CP050379.1	IncFII	Gram-negative	IS26	3436-4256	9863-10683	5607	aac(3)-IId	1
RefSeq_NZ_CP050379.1	IncFII	Gram-negative	IS26	9863-10683	14846-15667	4163	mph(A),mrx(A)	2
RefSeq_NZ_CP050379.1	IncFII	Gram-negative	IS26	14846-15667	21436-22255	5769	sul2,aph(3'')-Ib,aph(6)-Id,blaTEM-1	4
RefSeq_NZ_CP050379.1	IncFII	Gram-negative	IS26	23296-24115	26302-27121	2187	catB3,blaOXA-1,aac(6')-Ib-cr5	3
RefSeq_NZ_CP050379.1	IncFII	Gram-negative	IS26	26302-27121	34296-35119	7175	blaCTX-M-15	1
RefSeq_NZ_CP050379.1	IncFII	Gram-negative	IS26	34296-35119	36139-36874	1020	aph(3')-Ia	1
RefSeq_NZ_CP050707.1	IncX1	Gram-negative	IS26	3644-4463	20603-21422	16140	aph(3')-IIa	1
RefSeq_NZ_CP050707.1	IncX1	Gram-negative	IS26	20603-21422	26674-27502	5252	oqxB,oqxA2	2
RefSeq_NZ_CP050707.1	IncX1	Gram-negative	IS26	26674-27502	42273-43092	14771	floR,tet(A),aph(6)-Id,aph(3'')-Ib,sul2	5
RefSeq_NZ_CP050707.1	IncX1	Gram-negative	IS26	47247-48067	50835-51655	2768	blaCTX-M-55	1
RefSeq_NZ_CP050710.1	IncX1	Gram-negative	IS26	9158-9977	23040-23859	13063	aph(3')-IIa	1
RefSeq_NZ_CP050710.1	IncX1	Gram-negative	IS26	23040-23859	29111-29935	5252	oqxB,oqxA2	2
RefSeq_NZ_CP050710.1	IncX1	Gram-negative	IS26	29111-29935	32703-33523	2768	blaCTX-M-55	1
RefSeq_NZ_CP050713.1	IncX1	Gram-negative	IS26	7791-8610	19097-19925	10487	sul2,aph(3'')-Ib,aph(6)-Id,tet(A)	4
RefSeq_NZ_CP050713.1	IncX1	Gram-negative	IS26	19097-19925	25177-25996	5252	oqxA2,oqxB	2
RefSeq_NZ_CP050713.1	IncX1	Gram-negative	IS26	25177-25996	42136-42957	16140	aph(3')-IIa	1
RefSeq_NZ_CP050713.1	IncX1	Gram-negative	IS26	42136-42957	45453-46272	2496	fosA3	1
RefSeq_NZ_CP050713.1	IncX1	Gram-negative	IS26	45453-46272	49040-49860	2768	blaCTX-M-55	1
RefSeq_NZ_CP050717.1	IncX1	Gram-negative	IS26	9158-9977	23040-23859	13063	aph(3')-IIa	1
RefSeq_NZ_CP050717.1	IncX1	Gram-negative	IS26	23040-23859	29111-29935	5252	oqxB,oqxA2	2
RefSeq_NZ_CP050717.1	IncX1	Gram-negative	IS26	29111-29935	32703-33523	2768	blaCTX-M-55	1
RefSeq_NZ_CP050724.1	IncX1	Gram-negative	IS26	18149-18970	47921-48740	28951	aph(3')-IIa	1
RefSeq_NZ_CP050724.1	IncX1	Gram-negative	IS26	47921-48740	53934-54753	5194	oqxB,oqxA2	2
RefSeq_NZ_CP050724.1	IncX1	Gram-negative	IS26	53934-54753	57521-58341	2768	blaCTX-M-55	1
RefSeq_NZ_CP050735.1	IncFII	Gram-negative	IS26	8779-9598	16403-17222	6805	aadA22	1
RefSeq_NZ_CP050735.1	IncFII	Gram-negative	IS26	16403-17222	24722-25541	7500	erm(42),sul2	2
RefSeq_NZ_CP050735.1	IncFII	Gram-negative	IS26	24722-25541	32080-32899	6539	tet(M)	1
RefSeq_NZ_CP050735.1	IncFII	Gram-negative	IS26	32080-32899	41707-42527	8808	qepA1,rmtB1,blaTEM-1	3
RefSeq_NZ_CP050735.1	IncFII	Gram-negative	IS26	48616-49435	53202-54027	3767	aac(3)-IId	1
RefSeq_NZ_CP050736.1	IncFII	Gram-negative	IS26	77999-78818	85055-85877	6237	dfrA12,aadA2,sul1	3
RefSeq_NZ_CP050736.1	IncFII	Gram-negative	IS26	85055-85877	89904-90723	4027	aac(3)-IId	1
RefSeq_NZ_CP050759.1	IncX1	Gram-negative	IS26	13198-14016	19206-20025	5190	oqxB,oqxA	2
RefSeq_NZ_CP050759.1	IncX1	Gram-negative	IS26	19206-20025	22789-23608	2764	blaCTX-M	1
RefSeq_NZ_CP050761.1	IncN	Gram-negative	IS26	119529-120350	125061-125880	4711	sul1,arr-3,catB3,blaOXA-1,aac(6')-Ib-cr5	5
RefSeq_NZ_CP050761.1	IncN	Gram-negative	IS26	125061-125880	138838-139656	12958	aac(3)-IVa,aph(4)-Ia,floR	3
RefSeq_NZ_CP050761.1	IncN	Gram-negative	IS26	140276-141110	143606-144422	2496	fosA3	1
RefSeq_NZ_CP050761.1	IncN	Gram-negative	IS26	143606-144422	149175-149994	4753	blaCTX-M-65	1
RefSeq_NZ_CP050761.1	IncN	Gram-negative	IS26	149175-149994	155191-156006	5197	oqxA,oqxB	2
RefSeq_NZ_CP050761.1	IncN	Gram-negative	IS26	157987-158812	161532-162349	2720	dfrA17,aadA5	2
RefSeq_NZ_CP050761.1	IncN	Gram-negative	IS26	161532-162349	163872-164690	1523	bleO	1
RefSeq_NZ_CP050763.1	IncN	Gram-negative	IS1	125335-126102	148769-149536	22667	aph(6)-Id,aph(3'')-Ib,sul2,mph(A),mrx(A),tet(M)	6
RefSeq_NZ_CP050763.1	IncN	Gram-negative	IS26	138253-139074	148122-148768	9048	mph(A),mrx(A),tet(M)	3
RefSeq_NZ_CP050763.1	IncN	Gram-negative	IS26	148122-148768	169028-169848	20260	tet(A)	1
RefSeq_NZ_CP050763.1	IncN	Gram-negative	IS26	169028-169848	171370-172189	1522	bleO	1
RefSeq_NZ_CP050765.1	IncX1	Gram-negative	IS26	21411-22231	25377-26198	3146	mph(A),mrx(A)	2
RefSeq_NZ_CP050770.1	IncFII	Gram-negative	IS26	8390-9212	13031-13688	3819	mph(A),mrx(A)	2
RefSeq_NZ_CP050770.1	IncFII	Gram-negative	IS26	13031-13688	36340-37159	22652	blaCTX-M-27,dfrA17	2
RefSeq_NZ_CP050770.1	IncFII	Gram-negative	IS26	36340-37159	50519-51338	13360	tet(A)	1
RefSeq_NZ_CP050770.1	IncFII	Gram-negative	IS26	50519-51338	60680-61499	9342	qepA1,rmtB1,blaTEM-1	3
RefSeq_NZ_CP050770.1	IncFII	Gram-negative	IS26	60680-61499	65935-66756	4436	blaTEM,aph(6)-Id,aph(3'')-Ib	3
RefSeq_NZ_CP050772.1	IncN	Gram-negative	IS26	115110-115932	120643-121462	4711	sul1,arr-3,catB3,blaOXA-1,aac(6')-Ib-cr5	5
RefSeq_NZ_CP050772.1	IncN	Gram-negative	IS26	120643-121462	138815-139635	17353	aac(3)-IVa,aph(4)-Ia,sul2,floR	4
RefSeq_NZ_CP050772.1	IncN	Gram-negative	IS26	138815-139635	141552-142371	1917	blaTEM	1
RefSeq_NZ_CP050772.1	IncN	Gram-negative	IS26	141552-142371	145377-146196	3006	sul2,aph(3'')-Ib,aph(6)-Id	3
RefSeq_NZ_CP050773.1	IncX1	Gram-negative	IS26	20460-21279	24047-24866	2768	blaCTX-M-55	1
RefSeq_NZ_CP050778.1	IncN	Gram-negative	IS1	120316-121083	143750-144517	22667	tet(M),mrx(A),mph(A),sul2,aph(3'')-Ib,aph(6)-Id	6
RefSeq_NZ_CP050778.1	IncN	Gram-negative	IS26	94471-95291	100002-100824	4711	aac(6')-Ib-cr5,blaOXA-1,catB3,arr-3,sul1	5
RefSeq_NZ_CP050778.1	IncN	Gram-negative	IS26	100002-100824	121084-121730	20260	tet(A)	1
RefSeq_NZ_CP050778.1	IncN	Gram-negative	IS26	121084-121730	130778-131599	9048	tet(M),mrx(A),mph(A)	3
RefSeq_NZ_CP050780.1	IncN	Gram-negative	IS26	86528-87348	118504-119326	31156	tet(A)	1
RefSeq_NZ_CP050780.1	IncN	Gram-negative	IS26	118504-119326	124037-124856	4711	sul1,arr-3,catB3,blaOXA-1,aac(6')-Ib-cr5	5
RefSeq_NZ_CP050780.1	IncN	Gram-negative	IS26	124037-124856	142209-143029	17353	aac(3)-IVa,aph(4)-Ia,sul2,floR	4
RefSeq_NZ_CP050780.1	IncN	Gram-negative	IS26	142209-143029	147054-147873	4025	blaCTX-M-65	1
RefSeq_NZ_CP050780.1	IncN	Gram-negative	IS26	147054-147873	150244-151064	2371	aadA5,dfrA17	2
RefSeq_NZ_CP050780.1	IncN	Gram-negative	IS26	150244-151064	156175-156995	5111	armA	1
RefSeq_NZ_CP050780.1	IncN	Gram-negative	IS26	203130-203949	209919-210740	5970	aph(3')-IIa	1
RefSeq_NZ_CP050780.1	IncN	Gram-negative	IS26	209919-210740	213886-214706	3146	mrx(A),mph(A)	2
RefSeq_NZ_CP050784.1	IncN	Gram-negative	IS1	97961-98728	120211-120978	21483	sul3,aadA1,cmlA1,aadA2,estX-3	5
RefSeq_NZ_CP050784.1	IncN	Gram-negative	IS26	172886-173708	178419-179238	4711	sul1,arr-3,catB3,blaOXA-1,aac(6')-Ib-cr5	5
RefSeq_NZ_CP050784.1	IncN	Gram-negative	IS26	178419-179238	195305-196124	16067	aac(3)-IVa,aph(4)-Ia,sul2,floR	4
RefSeq_NZ_CP050784.1	IncN	Gram-negative	IS26	195305-196124	200835-201654	4711	aadA5,dfrA17	2
RefSeq_NZ_CP050859.2	IncN	Gram-negative	IS26	24102-24921	39746-40583	14825	qnrS,ble,blaNDM-1	3
RefSeq_NZ_CP050860.1	IncFII	Gram-negative	IS1	70385-71152	102291-103057	31139	arr-2,cmlA5,blaOXA-10,aadA1,dfrA14,floR,tet(A),aph(6)-Id,aph(3'')-Ib,sul2	10
RefSeq_NZ_CP050860.1	IncFII	Gram-negative	IS26	78528-79346	85164-85987	5818	arr-2,cmlA5,blaOXA-10,aadA1,dfrA14	5
RefSeq_NZ_CP051393.1	IncX1	Gram-negative	IS26	22512-23331	26475-27299	3144	aph(3'')-Ib	1
RefSeq_NZ_CP051393.1	IncX1	Gram-negative	IS26	27413-28235	31379-32203	3144	aph(3'')-Ib	1
RefSeq_NZ_CP051492.1	IncFII	Gram-negative	IS26	129277-130097	134478-135297	4381	sul2,aph(3'')-Ib	2
RefSeq_NZ_CP051492.1	IncFII	Gram-negative	IS26	134478-135297	136338-137157	1041	aph(3')-Ia	1
RefSeq_NZ_CP051492.1	IncFII	Gram-negative	IS26	136338-137157	138911-139730	1754	aac(3)-IId	1
RefSeq_NZ_CP051492.1	IncFII	Gram-negative	IS26	138911-139730	147581-148399	7851	floR,tet(A)	2
RefSeq_NZ_CP051492.1	IncFII	Gram-negative	IS26	147581-148399	165060-165880	16661	mph(A),mrx(A),sul1,qnrB91,sul1,aadA16,dfrA27,arr-3,aac(6')-Ib-cr5	9
RefSeq_NZ_CP051492.1	IncFII	Gram-negative	IS26	165060-165880	179194-180010	13314	blaTEM-1,blaCTX-M-3,qnrS1	3
RefSeq_NZ_CP051610.1	IncFII	Gram-negative	IS26	4394-5213	6733-7552	1520	blaCTX-M-27	1
RefSeq_NZ_CP051610.1	IncFII	Gram-negative	IS26	6733-7552	13166-13987	5614	tet(A),aph(6)-Id,aph(3'')-Ib,sul2	4
RefSeq_NZ_CP051610.1	IncFII	Gram-negative	IS26	13166-13987	23939-24759	9952	mph(A),mrx(A),sul1,aadA5,dfrA17	5
RefSeq_NZ_CP051616.1	IncFII	Gram-negative	IS1	40360-41127	88077-88844	46950	dfrA17,aadA5,sul1,mrx(A),mph(A),sul2,aph(3'')-Ib,aph(6)-Id,tet(A),blaCTX-M-27	10
RefSeq_NZ_CP051616.1	IncFII	Gram-negative	IS26	41343-42162	52128-52949	9966	dfrA17,aadA5,sul1,mrx(A),mph(A)	5
RefSeq_NZ_CP051616.1	IncFII	Gram-negative	IS26	52128-52949	58563-59382	5614	sul2,aph(3'')-Ib,aph(6)-Id,tet(A)	4
RefSeq_NZ_CP051616.1	IncFII	Gram-negative	IS26	58563-59382	60902-61721	1520	blaCTX-M-27	1
RefSeq_NZ_CP051665.1	IncFII	Gram-negative	IS26	47940-48760	58574-59394	9814	dfrA17,aadA5,sul1,mrx(A),mph(A)	5
RefSeq_NZ_CP051665.1	IncFII	Gram-negative	IS26	58574-59394	65942-66764	6548	sul2,aph(3'')-Ib,aph(6)-Id,tet(A)	4
RefSeq_NZ_CP051665.1	IncFII	Gram-negative	IS26	70489-71310	74296-75115	2986	aac(3)-IId	1
RefSeq_NZ_CP051690.1	IncFII	Gram-negative	IS26	1802-2621	21360-22180	18739	blaTEM-1	1
RefSeq_NZ_CP051690.1	IncFII	Gram-negative	IS26	21360-22180	27965-28785	5785	mrx(A)	1
RefSeq_NZ_CP051695.1	IncFII	Gram-negative	IS26	30161-30976	40938-41759	9962	dfrA17,aadA5,sul1,mrx(A),mph(A)	5
RefSeq_NZ_CP051695.1	IncFII	Gram-negative	IS26	40938-41759	48423-49242	6664	sul2,aph(3'')-Ib,aph(6)-Id,tet(A)	4
RefSeq_NZ_CP052762.1	IncFII	Gram-negative	IS26	67891-68710	94132-94952	25422	blaCTX-M-14	1
RefSeq_NZ_CP052762.1	IncFII	Gram-negative	IS26	98944-99764	105371-106190	5607	aac(3)-IId	1
RefSeq_NZ_CP052762.1	IncFII	Gram-negative	IS26	111873-112696	114096-114915	1400	catA2	1
RefSeq_NZ_CP052762.1	IncFII	Gram-negative	IS26	114096-114915	117959-118778	3044	tet(D)	1
RefSeq_NZ_CP052762.1	IncFII	Gram-negative	IS26	117959-118778	168609-169428	49831	tet(A),dfrA1,sul1	3
RefSeq_NZ_CP052763.1	IncN	Gram-negative	IS26	3789-4608	27079-27899	22471	blaIMP-4	1
RefSeq_NZ_CP052879.1	IncX1	Gram-negative	IS26	4186-5005	10212-11033	5207	oqxB,oqxA	2
RefSeq_NZ_CP052879.1	IncX1	Gram-negative	IS26	14351-15171	39993-40816	24822	dfrA12,aadA2,sul1,rmtB1,blaTEM-1,aac(3)-IId	6
RefSeq_NZ_CP052879.1	IncX1	Gram-negative	IS26	39993-40816	52214-53039	11398	floR,tet(A),aph(6)-Id,aph(3'')-Ib,sul2	5
RefSeq_NZ_CP053018.1	IncFII	Gram-negative	IS26	59183-60003	61044-61863	1041	aph(3')-Ia	1
RefSeq_NZ_CP053018.1	IncFII	Gram-negative	IS26	61044-61863	72294-73113	10431	qnrS1,blaLAP-2	2
RefSeq_NZ_CP053018.1	IncFII	Gram-negative	IS26	72294-73113	77624-78444	4511	aac(3)-IId	1
RefSeq_NZ_CP053036.1	IncFII	Gram-negative	IS1	64669-65381	94677-95444	29296	mph(A),mrx(A),sul1,aadA2,dfrA12,catA1	6
RefSeq_NZ_CP053047.1	IncX1	Gram-negative	IS26	15830-16649	19081-19900	2432	aadA2	1
RefSeq_NZ_CP053047.1	IncX1	Gram-negative	IS26	19081-19900	35519-36192	15619	tet(X4),floR,tet(A)	3
RefSeq_NZ_CP053047.1	IncX1	Gram-negative	IS26	35519-36192	42432-43251	6240	blaSHV-12	1
RefSeq_NZ_CP053050.1	IncX1	Gram-negative	IS26	45267-46086	47608-48428	1522	bleO	1
RefSeq_NZ_CP053253.1	IncFII	Gram-negative	IS1	62414-63077	75299-76064	12222	sul2,aph(3'')-Ib,aph(6)-Id	3
RefSeq_NZ_CP053253.1	IncFII	Gram-negative	IS26	63189-64010	68396-69214	4386	sul2,aph(3'')-Ib,aph(6)-Id	3
RefSeq_NZ_CP053359.1	IncFII	Gram-negative	IS26	120050-120869	126159-126982	5290	sul2,aph(3'')-Ib,aph(6)-Id	3
RefSeq_NZ_CP053359.1	IncFII	Gram-negative	IS26	126159-126982	128382-129201	1400	catA2	1
RefSeq_NZ_CP053359.1	IncFII	Gram-negative	IS26	128382-129201	133597-134418	4396	blaTEM-1	1
RefSeq_NZ_CP053360.1	IncFII	Gram-negative	IS26	3451-4271	19594-20413	15323	ble,blaNDM-1,aph(3')-VI,qnrS1	4
RefSeq_NZ_CP053360.1	IncFII	Gram-negative	IS26	20513-21332	25794-26613	4462	blaSHV-12	1
RefSeq_NZ_CP053365.1	IncFII	Gram-negative	IS1	55497-56263	70216-70983	13953	catA1,aac(6')-Ib3,sul1,rmtC	4
RefSeq_NZ_CP053365.1	IncFII	Gram-negative	IS26	204241-205059	210626-211444	5567	qnrB1	1
RefSeq_NZ_CP053365.1	IncFII	Gram-negative	IS26	210626-211444	219477-220296	8033	dfrA14	1
RefSeq_NZ_CP053648.1	IncFII	Gram-negative	IS26	40991-41810	45324-46152	3514	tet(D)	1
RefSeq_NZ_CP053648.1	IncFII	Gram-negative	IS26	45324-46152	53348-54167	7196	dfrA14	1
RefSeq_NZ_CP053648.1	IncFII	Gram-negative	IS26	53348-54167	71827-72646	17660	sul2,aph(3'')-Ib,aph(6)-Id,blaTEM-1	4
RefSeq_NZ_CP053663.1	IncFII	Gram-negative	IS1	208665-209432	215021-215788	5589	tet(B)	1
RefSeq_NZ_CP053663.1	IncFII	Gram-negative	IS26	151629-152448	167875-168694	15427	blaTEM-1,aac(3)-IId	2
RefSeq_NZ_CP053663.1	IncFII	Gram-negative	IS26	167875-168694	178934-179754	10240	dfrA12,aadA2,sul1,ble,blaNDM-1	5
RefSeq_NZ_CP053663.1	IncFII	Gram-negative	IS26	185936-186755	194463-195282	7708	blaTEM-1,aph(6)-Id,aph(3'')-Ib,sul2	4
RefSeq_NZ_CP053696.1	IncFII	Gram-negative	IS26	40991-41810	45324-46152	3514	tet(D)	1
RefSeq_NZ_CP053696.1	IncFII	Gram-negative	IS26	45324-46152	53348-54167	7196	dfrA14	1
RefSeq_NZ_CP053696.1	IncFII	Gram-negative	IS26	53348-54167	71827-72646	17660	sul2,aph(3'')-Ib,aph(6)-Id,blaTEM-1	4
RefSeq_NZ_CP053728.1	IncX1	Gram-negative	IS26	31646-32469	45277-46096	12808	tet(A)	1
RefSeq_NZ_CP053728.1	IncX1	Gram-negative	IS26	45277-46096	47145-47964	1049	aph(3')-Ia	1
RefSeq_NZ_CP053728.1	IncX1	Gram-negative	IS26	61604-62423	64473-65292	2050	qnrS2	1
RefSeq_NZ_CP053729.1	IncN	Gram-negative	IS26	16129-16949	65245-66065	48296	blaTEM-1,mcr-3.1,bleO	3
RefSeq_NZ_CP053729.1	IncN	Gram-negative	IS26	65245-66065	73031-73852	6966	aadA22,aac(3)-VIa	2
RefSeq_NZ_CP053729.1	IncN	Gram-negative	IS26	76728-77549	81604-82423	4055	floR	1
RefSeq_NZ_CP053755.1	IncFII	Gram-negative	IS26	50758-51578	62512-63331	10934	mph(A),mrx(A),sul1,aadA5,dfrA17	5
RefSeq_NZ_CP053767.1	IncFII	Gram-negative	IS1	69765-70477	84919-85686	14442	catA1	1
RefSeq_NZ_CP054165.1	IncFII	Gram-negative	IS26	2902-3721	6430-7249	2709	arr,catB3,blaOXA-1,aac(6')-Ib-cr5	4
RefSeq_NZ_CP054165.1	IncFII	Gram-negative	IS26	6430-7249	13034-13854	5785	dfrA17,aadA5,sul1	3
RefSeq_NZ_CP054166.1	IncFII	Gram-negative	IS26	23446-24266	26866-27685	2600	aac(3)-IIe	1
RefSeq_NZ_CP054166.1	IncFII	Gram-negative	IS26	26866-27685	31744-32563	4059	blaCTX-M-15	1
RefSeq_NZ_CP054166.1	IncFII	Gram-negative	IS26	31744-32563	34750-35569	2187	catB3,blaOXA-1,aac(6')-Ib-cr5	3
RefSeq_NZ_CP054215.1	IncFII	Gram-negative	IS1	26606-27269	40502-41269	13233	blaTEM-1,aph(6)-Id,aph(3'')-Ib,sul2,tet(B)	5
RefSeq_NZ_CP054215.1	IncFII	Gram-negative	IS1	40502-41269	54303-55070	13034	dfrA17	1
RefSeq_NZ_CP054215.1	IncFII	Gram-negative	IS26	27269-28089	30006-30825	1917	blaTEM-1	1
RefSeq_NZ_CP054215.1	IncFII	Gram-negative	IS26	30006-30825	35211-36031	4386	aph(6)-Id,aph(3'')-Ib,sul2	3
RefSeq_NZ_CP054215.1	IncFII	Gram-negative	IS26	35211-36031	47399-48218	11368	tet(B),dfrA17	2
RefSeq_NZ_CP054237.1	IncFII	Gram-negative	IS26	30888-31707	33624-34444	1917	blaTEM-1	1
RefSeq_NZ_CP054237.1	IncFII	Gram-negative	IS26	33624-34444	39187-40006	4743	sul2,aph(3'')-Ib,aph(6)-Id	3
RefSeq_NZ_CP054265.1	IncFII	Gram-negative	IS1	66404-67171	95673-96385	28502	catA1,dfrA12,aadA2,sul1,mrx(A),mph(A),aph(3')-Ia	7
RefSeq_NZ_CP054265.1	IncFII	Gram-negative	IS26	83390-84210	85251-85986	1041	aph(3')-Ia	1
RefSeq_NZ_CP054272.1	IncN	Gram-negative	IS26	57037-57664	78050-78869	20386	blaKPC-2,blaTEM-1,blaLAP-1,qnrS1	4
RefSeq_NZ_CP054279.1	IncFII	Gram-negative	IS26	1-804	6600-7423	5796	mph(A),mrx(A)	2
RefSeq_NZ_CP054279.1	IncFII	Gram-negative	IS26	43668-44487	50933-51752	6446	dfrA12,aadA2,sul1	3
RefSeq_NZ_CP054279.1	IncFII	Gram-negative	IS26	50933-51752	58350-59173	6598	sul2	1
RefSeq_NZ_CP054287.1	IncFII	Gram-negative	IS26	88977-89796	92396-93216	2600	aac(3)-IIe	1
RefSeq_NZ_CP054287.1	IncFII	Gram-negative	IS26	92396-93216	95403-96222	2187	catB3,blaOXA-1,aac(6')-Ib-cr5	3
RefSeq_NZ_CP054287.1	IncFII	Gram-negative	IS26	95403-96222	110191-111010	13969	blaCTX-M-15,blaTEM,aph(6)-Id,aph(3'')-Ib,sul2	5
RefSeq_NZ_CP054287.1	IncFII	Gram-negative	IS26	110191-111010	119046-119865	8036	dfrA14	1
RefSeq_NZ_CP054291.1	IncFII	Gram-negative	IS26	88882-89701	92301-93121	2600	aac(3)-IIe	1
RefSeq_NZ_CP054291.1	IncFII	Gram-negative	IS26	92301-93121	95308-96127	2187	catB3,blaOXA-1,aac(6')-Ib-cr5	3
RefSeq_NZ_CP054291.1	IncFII	Gram-negative	IS26	95308-96127	110094-110913	13967	blaCTX-M-15,blaTEM-1,aph(6)-Id,aph(3'')-Ib,sul2	5
RefSeq_NZ_CP054291.1	IncFII	Gram-negative	IS26	110094-110913	118949-119768	8036	dfrA14	1
RefSeq_NZ_CP054373.1	IncFII	Gram-negative	IS26	8622-9443	13511-14330	4068	aac(3)-IId	1
RefSeq_NZ_CP054373.1	IncFII	Gram-negative	IS26	13511-14330	36897-37716	22567	blaTEM-1	1
RefSeq_NZ_CP054414.1	IncFII	Gram-negative	IS1	40291-40954	53177-53944	12223	sul2,aph(3'')-Ib,aph(6)-Id	3
RefSeq_NZ_CP054414.1	IncFII	Gram-negative	IS26	41066-41887	46273-47092	4386	sul2,aph(3'')-Ib,aph(6)-Id	3
RefSeq_NZ_CP054722.1	IncFII	Gram-negative	IS26	4393-5212	9237-10056	4025	blaCTX-M-65	1
RefSeq_NZ_CP054722.1	IncFII	Gram-negative	IS26	11041-11860	15668-16488	3808	blaTEM-1,rmtB1	2
RefSeq_NZ_CP054722.1	IncFII	Gram-negative	IS26	39283-40102	55199-56018	15097	blaSHV-12,blaKPC-2	2
RefSeq_NZ_CP054723.1	IncFII	Gram-negative	IS26	34536-35355	38080-38899	2725	dfrA14	1
RefSeq_NZ_CP054723.1	IncFII	Gram-negative	IS26	38080-38899	47054-47877	8155	sul2	1
RefSeq_NZ_CP054723.1	IncFII	Gram-negative	IS26	47054-47877	49277-50098	1400	catA2	1
RefSeq_NZ_CP054728.1	IncFII	Gram-negative	IS26	4393-5212	9237-10056	4025	blaCTX-M-65	1
RefSeq_NZ_CP054728.1	IncFII	Gram-negative	IS26	11041-11860	15668-16488	3808	blaTEM-1,rmtB1	2
RefSeq_NZ_CP054728.1	IncFII	Gram-negative	IS26	39283-40102	55199-56018	15097	blaSHV-12,blaKPC-2	2
RefSeq_NZ_CP054729.1	IncFII	Gram-negative	IS26	34536-35355	38080-38899	2725	dfrA14	1
RefSeq_NZ_CP054729.1	IncFII	Gram-negative	IS26	38080-38899	47054-47877	8155	sul2	1
RefSeq_NZ_CP054729.1	IncFII	Gram-negative	IS26	47054-47877	49277-50098	1400	catA2	1
RefSeq_NZ_CP054734.1	IncFII	Gram-negative	IS26	4393-5212	28688-29507	23476	blaCTX-M-65	1
RefSeq_NZ_CP054734.1	IncFII	Gram-negative	IS26	28688-29507	44604-45423	15097	blaSHV-12,blaKPC-2	2
RefSeq_NZ_CP054735.1	IncFII	Gram-negative	IS26	35027-35848	37248-38071	1400	catA2	1
RefSeq_NZ_CP054735.1	IncFII	Gram-negative	IS26	37248-38071	46226-47045	8155	sul2	1
RefSeq_NZ_CP054735.1	IncFII	Gram-negative	IS26	46226-47045	49770-50589	2725	dfrA14	1
RefSeq_NZ_CP054740.1	IncFII	Gram-negative	IS26	4393-5212	28688-29507	23476	blaCTX-M-65	1
RefSeq_NZ_CP054740.1	IncFII	Gram-negative	IS26	28688-29507	44604-45423	15097	blaSHV-12,blaKPC-2	2
RefSeq_NZ_CP054741.1	IncFII	Gram-negative	IS26	35027-35848	37248-38071	1400	catA2	1
RefSeq_NZ_CP054741.1	IncFII	Gram-negative	IS26	37248-38071	46226-47045	8155	sul2	1
RefSeq_NZ_CP054741.1	IncFII	Gram-negative	IS26	46226-47045	49770-50589	2725	dfrA14	1
RefSeq_NZ_CP054746.1	IncFII	Gram-negative	IS26	4393-5212	9237-10056	4025	blaCTX-M-65	1
RefSeq_NZ_CP054746.1	IncFII	Gram-negative	IS26	11041-11860	15668-16488	3808	blaTEM-1,rmtB1	2
RefSeq_NZ_CP054746.1	IncFII	Gram-negative	IS26	39283-40102	55199-56018	15097	blaSHV-12,blaKPC-2	2
RefSeq_NZ_CP054747.1	IncFII	Gram-negative	IS26	45101-45920	48645-49464	2725	dfrA14	1
RefSeq_NZ_CP054747.1	IncFII	Gram-negative	IS26	48645-49464	57619-58442	8155	sul2	1
RefSeq_NZ_CP054747.1	IncFII	Gram-negative	IS26	57619-58442	59842-60663	1400	catA2	1
RefSeq_NZ_CP054752.1	IncFII	Gram-negative	IS26	4393-5212	9237-10056	4025	blaCTX-M-65	1
RefSeq_NZ_CP054752.1	IncFII	Gram-negative	IS26	11041-11860	15668-16488	3808	blaTEM-1,rmtB1	2
RefSeq_NZ_CP054752.1	IncFII	Gram-negative	IS26	39283-40102	55199-56018	15097	blaSHV-12,blaKPC-2	2
RefSeq_NZ_CP054753.1	IncFII	Gram-negative	IS26	34536-35355	38080-38899	2725	dfrA14	1
RefSeq_NZ_CP054753.1	IncFII	Gram-negative	IS26	38080-38899	47054-47877	8155	sul2	1
RefSeq_NZ_CP054753.1	IncFII	Gram-negative	IS26	47054-47877	49277-50098	1400	catA2	1
RefSeq_NZ_CP054758.1	IncFII	Gram-negative	IS26	4393-5212	28688-29507	23476	blaCTX-M-65	1
RefSeq_NZ_CP054758.1	IncFII	Gram-negative	IS26	28688-29507	44604-45423	15097	blaSHV-12,blaKPC-2	2
RefSeq_NZ_CP054759.1	IncFII	Gram-negative	IS26	34536-35355	38080-38899	2725	dfrA14	1
RefSeq_NZ_CP054759.1	IncFII	Gram-negative	IS26	38080-38899	47054-47877	8155	sul2	1
RefSeq_NZ_CP054759.1	IncFII	Gram-negative	IS26	47054-47877	49277-50098	1400	catA2	1
RefSeq_NZ_CP054764.1	IncFII	Gram-negative	IS26	4393-5212	9237-10056	4025	blaCTX-M-65	1
RefSeq_NZ_CP054764.1	IncFII	Gram-negative	IS26	11041-11860	15668-16488	3808	blaTEM-1,rmtB1	2
RefSeq_NZ_CP054764.1	IncFII	Gram-negative	IS26	39283-40102	55199-56018	15097	blaSHV-12,blaKPC-2	2
RefSeq_NZ_CP054765.1	IncFII	Gram-negative	IS26	5771-6590	9315-10134	2725	dfrA14	1
RefSeq_NZ_CP054765.1	IncFII	Gram-negative	IS26	81667-82488	83888-84711	1400	catA2	1
RefSeq_NZ_CP054770.1	IncFII	Gram-negative	IS26	4393-5212	9237-10056	4025	blaCTX-M-65	1
RefSeq_NZ_CP054770.1	IncFII	Gram-negative	IS26	11041-11860	15668-16488	3808	blaTEM-1,rmtB1	2
RefSeq_NZ_CP054770.1	IncFII	Gram-negative	IS26	39283-40102	55199-56018	15097	blaSHV-12,blaKPC-2	2
RefSeq_NZ_CP054771.1	IncFII	Gram-negative	IS26	34536-35355	38080-38899	2725	dfrA14	1
RefSeq_NZ_CP054771.1	IncFII	Gram-negative	IS26	38080-38899	47054-47877	8155	sul2	1
RefSeq_NZ_CP054771.1	IncFII	Gram-negative	IS26	47054-47877	49277-50098	1400	catA2	1
RefSeq_NZ_CP054776.1	IncFII	Gram-negative	IS26	4393-5212	9237-10056	4025	blaCTX-M-65	1
RefSeq_NZ_CP054776.1	IncFII	Gram-negative	IS26	11041-11860	15668-16488	3808	blaTEM-1,rmtB1	2
RefSeq_NZ_CP054776.1	IncFII	Gram-negative	IS26	39283-40102	55199-56018	15097	blaSHV-12,blaKPC-2	2
RefSeq_NZ_CP054777.1	IncFII	Gram-negative	IS26	35027-35848	37248-38071	1400	catA2	1
RefSeq_NZ_CP054777.1	IncFII	Gram-negative	IS26	37248-38071	46226-47045	8155	sul2	1
RefSeq_NZ_CP054777.1	IncFII	Gram-negative	IS26	46226-47045	49770-50589	2725	dfrA14	1
RefSeq_NZ_CP054782.1	IncFII	Gram-negative	IS26	4393-5212	9237-10056	4025	blaCTX-M-65	1
RefSeq_NZ_CP054782.1	IncFII	Gram-negative	IS26	11041-11860	15668-16487	3808	blaTEM-1,rmtB1	2
RefSeq_NZ_CP054782.1	IncFII	Gram-negative	IS26	39282-40101	55198-56017	15097	blaSHV-12,blaKPC-2	2
RefSeq_NZ_CP054783.1	IncFII	Gram-negative	IS26	34536-35355	38080-38899	2725	dfrA14	1
RefSeq_NZ_CP054783.1	IncFII	Gram-negative	IS26	38080-38899	47054-47877	8155	sul2	1
RefSeq_NZ_CP054783.1	IncFII	Gram-negative	IS26	47054-47877	49277-50098	1400	catA2	1
RefSeq_NZ_CP054941.1	IncFII	Gram-negative	IS1	56186-56949	86048-86815	29099	aac(6')-Ib-cr5,blaOXA-1,catB3,aac(3)-IIe,blaNDM-1,ble,sul1,aadA2,dfrA12	9
RefSeq_NZ_CP054941.1	IncFII	Gram-negative	IS26	65081-65900	68087-68907	2187	aac(6')-Ib-cr5,blaOXA-1,catB3	3
RefSeq_NZ_CP054941.1	IncFII	Gram-negative	IS26	68087-68907	70647-71466	1740	aac(3)-IIe	1
RefSeq_NZ_CP054941.1	IncFII	Gram-negative	IS26	70647-71466	97905-98724	26439	blaNDM-1,ble,sul1,aadA2,dfrA12	5
RefSeq_NZ_CP054966.1	IncFII	Gram-negative	IS26	8033-8852	28957-29776	20105	tet(B),catA1	2
RefSeq_NZ_CP054966.1	IncFII	Gram-negative	IS26	28957-29776	30817-31636	1041	aph(3')-Ia	1
RefSeq_NZ_CP054966.1	IncFII	Gram-negative	IS1	19942-20709	23815-24582	3106	tet(B)	1
RefSeq_NZ_CP054966.1	IncFII	Gram-negative	IS1	23815-24582	42714-43443	18132	catA1,aph(3')-Ia,blaTEM-1	3
RefSeq_NZ_CP054969.1	IncFII	Gram-negative	IS26	23787-24608	31806-32626	7198	sul1,aadA16,dfrA27,arr-3,aac(6')-Ib-cr5	5
RefSeq_NZ_CP054969.1	IncFII	Gram-negative	IS26	32773-33597	34638-35457	1041	aph(3')-Ia	1
RefSeq_NZ_CP054969.1	IncFII	Gram-negative	IS26	34638-35457	37061-37888	1604	aac(3)-IId	1
RefSeq_NZ_CP054969.1	IncFII	Gram-negative	IS26	37061-37888	42274-43094	4386	sul2,aph(3'')-Ib,aph(6)-Id	3
RefSeq_NZ_CP054969.1	IncFII	Gram-negative	IS26	42274-43094	46843-47663	3749	mrx(A),mph(A)	2
RefSeq_NZ_CP054969.1	IncFII	Gram-negative	IS26	46843-47663	68860-69681	21197	tet(A),floR,blaTEM-1,blaCTX-M-3,qnrS1	5
RefSeq_NZ_CP054973.1	IncFII	Gram-negative	IS26	23819-24640	29026-29845	4386	sul2,aph(3'')-Ib,aph(6)-Id	3
RefSeq_NZ_CP054973.1	IncFII	Gram-negative	IS26	29026-29845	31599-32418	1754	aac(3)-IId	1
RefSeq_NZ_CP054973.1	IncFII	Gram-negative	IS26	31599-32418	33459-34279	1041	aph(3')-Ia	1
RefSeq_NZ_CP054973.1	IncFII	Gram-negative	IS26	33459-34279	50940-51760	16661	aac(6')-Ib-cr5,arr-3,dfrA27,aadA16,sul1,qnrB91,sul1,mrx(A),mph(A)	9
RefSeq_NZ_CP054973.1	IncFII	Gram-negative	IS26	50940-51760	72957-73778	21197	tet(A),floR,blaTEM-1,blaCTX-M-3,qnrS1	5
RefSeq_NZ_CP054986.1	IncFII	Gram-negative	IS26	23833-24654	35594-36414	10940	mph(A),mrx(A),sul1,aadA16,dfrA27,arr-3,aac(6')-Ib-cr5	7
RefSeq_NZ_CP054986.1	IncFII	Gram-negative	IS26	35594-36414	38168-38987	1754	aac(3)-IId	1
RefSeq_NZ_CP054986.1	IncFII	Gram-negative	IS26	59114-59935	72060-72880	12125	qnrS1,blaCTX-M-3,blaTEM-1	3
RefSeq_NZ_CP054999.1	IncFII	Gram-negative	IS26	23811-24631	25672-26492	1041	aph(3')-Ia	1
RefSeq_NZ_CP054999.1	IncFII	Gram-negative	IS26	25672-26492	44217-45037	17725	aac(6')-Ib-cr5,arr-3,dfrA27,aadA16,sul1,qnrB91,sul1,mrx(A),mph(A)	9
RefSeq_NZ_CP054999.1	IncFII	Gram-negative	IS26	44217-45037	66234-67055	21197	tet(A),floR,blaTEM-1,blaCTX-M-3,qnrS1	5
RefSeq_NZ_CP055007.1	IncX1	Gram-negative	IS26	33356-34176	52114-52933	17938	aph(3')-IIa	1
RefSeq_NZ_CP055007.1	IncX1	Gram-negative	IS26	52114-52933	55870-56690	2937	mrx(A),mph(A)	2
RefSeq_NZ_CP055007.1	IncX1	Gram-negative	IS26	55870-56690	57731-58550	1041	aph(3')-Ia	1
RefSeq_NZ_CP055017.1	IncX1	Gram-negative	IS26	13993-14813	16799-17618	1986	qnrS2	1
RefSeq_NZ_CP055017.1	IncX1	Gram-negative	IS26	17701-18521	32943-33762	14422	aph(3')-IIa	1
RefSeq_NZ_CP055020.1	IncFII	Gram-negative	IS26	2816-3635	27397-28216	23762	tet(M),aadA1,cmlA1,aadA2,dfrA12,floR,sul2	7
RefSeq_NZ_CP055020.1	IncFII	Gram-negative	IS26	27397-28216	35537-36356	7321	tet(A)	1
RefSeq_NZ_CP055020.1	IncFII	Gram-negative	IS26	35537-36356	39543-40365	3187	aadA2,lnu(F)	2
RefSeq_NZ_CP055020.1	IncFII	Gram-negative	IS26	39543-40365	44370-45189	4005	aac(3)-IId	1
RefSeq_NZ_CP055020.1	IncFII	Gram-negative	IS26	44370-45189	46230-47052	1041	aph(3')-Ia	1
RefSeq_NZ_CP055020.1	IncFII	Gram-negative	IS26	46230-47052	50121-50948	3069	sul3	1
RefSeq_NZ_CP055020.1	IncFII	Gram-negative	IS26	81092-81916	119294-120116	37378	blaTEM-1	1
RefSeq_NZ_CP055020.1	IncFII	Gram-negative	IS1	108703-109470	135779-136535	26309	blaTEM-1	1
RefSeq_NZ_CP055026.1	IncX1	Gram-negative	IS26	572-1393	35115-35934	33722	blaTEM-176,aph(3')-Ia	2
RefSeq_NZ_CP055031.1	IncN	Gram-negative	IS26	2409-3233	12031-12851	8798	floR	1
RefSeq_NZ_CP055031.1	IncN	Gram-negative	IS26	12031-12851	24127-24946	11276	blaTEM-1	1
RefSeq_NZ_CP055038.1	IncFII	Gram-negative	IS26	23827-24648	29034-29853	4386	sul2,aph(3'')-Ib,aph(6)-Id	3
RefSeq_NZ_CP055038.1	IncFII	Gram-negative	IS26	29034-29853	30894-31713	1041	aph(3')-Ia	1
RefSeq_NZ_CP055038.1	IncFII	Gram-negative	IS26	30894-31713	33467-34287	1754	aac(3)-IId	1
RefSeq_NZ_CP055038.1	IncFII	Gram-negative	IS26	33467-34287	50948-51768	16661	aac(6')-Ib-cr5,arr-3,dfrA27,aadA16,sul1,qnrB91,sul1,mrx(A),mph(A)	9
RefSeq_NZ_CP055038.1	IncFII	Gram-negative	IS26	50948-51768	72965-73786	21197	tet(A),floR,blaTEM-1,blaCTX-M-3,qnrS1	5
RefSeq_NZ_CP055039.1	IncX1	Gram-negative	IS26	24383-25203	51790-52609	26587	tet(A),qnrS1	2
RefSeq_NZ_CP055039.1	IncX1	Gram-negative	IS26	51790-52609	63834-64657	11225	blaTEM-1,tet(A)	2
RefSeq_NZ_CP055042.1	IncN	Gram-negative	IS26	30241-31061	32583-33402	1522	bleO	1
RefSeq_NZ_CP055042.1	IncN	Gram-negative	IS26	32583-33402	47016-47837	13614	sul2,aph(3'')-Ib,aph(6)-Id,tet(A),blaTEM-176	5
RefSeq_NZ_CP055042.1	IncN	Gram-negative	IS26	50861-51682	68722-69541	17040	mph(A),mrx(A),sul1,aadA2,dfrA12,tet(M)	6
RefSeq_NZ_CP055043.1	IncX1	Gram-negative	IS26	6705-7524	42364-43185	34840	blaTEM-176,aph(3')-Ia	2
RefSeq_NZ_CP055050.1	IncX1	Gram-negative	IS26	8704-9525	15407-16230	5882	floR,tet(A)	2
RefSeq_NZ_CP055050.1	IncX1	Gram-negative	IS26	15407-16230	18174-18993	1944	qnrS1	1
RefSeq_NZ_CP055050.1	IncX1	Gram-negative	IS26	18174-18993	20812-21631	1819	dfrA14	1
RefSeq_NZ_CP055059.1	IncFII	Gram-negative	IS26	23835-24656	29042-29861	4386	sul2,aph(3'')-Ib,aph(6)-Id	3
RefSeq_NZ_CP055059.1	IncFII	Gram-negative	IS26	29042-29861	30902-31721	1041	aph(3')-Ia	1
RefSeq_NZ_CP055059.1	IncFII	Gram-negative	IS26	30902-31721	33475-34295	1754	aac(3)-IId	1
RefSeq_NZ_CP055059.1	IncFII	Gram-negative	IS26	33475-34295	56677-57497	22382	aac(6')-Ib-cr5,arr-3,dfrA27,aadA16,sul1,qnrB91,sul1,qnrB91,sul1,mrx(A),mph(A)	11
RefSeq_NZ_CP055059.1	IncFII	Gram-negative	IS26	56677-57497	78694-79515	21197	tet(A),floR,blaTEM-1,blaCTX-M-3,qnrS1	5
RefSeq_NZ_CP055067.1	IncFII	Gram-negative	IS26	72776-73595	74995-75815	1400	catA2	1
RefSeq_NZ_CP055067.1	IncFII	Gram-negative	IS26	74995-75815	80201-81020	4386	sul2,aph(3'')-Ib,aph(6)-Id	3
RefSeq_NZ_CP055067.1	IncFII	Gram-negative	IS26	80201-81020	82061-82880	1041	aph(3')-Ia	1
RefSeq_NZ_CP055067.1	IncFII	Gram-negative	IS26	82061-82880	84216-85035	1336	aac(3)-IId	1
RefSeq_NZ_CP055067.1	IncFII	Gram-negative	IS26	85372-86192	92454-93274	6262	floR	1
RefSeq_NZ_CP055067.1	IncFII	Gram-negative	IS26	92454-93274	109271-110091	15997	aac(6')-Ib-cr5,arr-3,dfrA27,aadA16,sul1,qnrB91,sul1,mrx(A),mph(A)	9
RefSeq_NZ_CP055073.1	IncX1	Gram-negative	IS26	103-926	2870-3689	1944	qnrS1	1
RefSeq_NZ_CP055073.1	IncX1	Gram-negative	IS26	2870-3689	37331-38150	33642	blaTEM-176,aph(3')-Ia	2
RefSeq_NZ_CP055073.1	IncX1	Gram-negative	IS26	37331-38150	39969-40790	1819	dfrA14	1
RefSeq_NZ_CP055076.1	IncFII	Gram-negative	IS26	19539-20358	43360-44181	23002	tet(B),catA1	2
RefSeq_NZ_CP055076.1	IncFII	Gram-negative	IS26	43360-44181	55370-56189	11189	mph(A),mrx(A),sul1,aadA5,dfrA17	5
RefSeq_NZ_CP055076.1	IncFII	Gram-negative	IS26	55370-56189	58106-58926	1917	blaTEM-1	1
RefSeq_NZ_CP055076.1	IncFII	Gram-negative	IS26	58106-58926	63314-64133	4388	sul2,aph(3'')-Ib,aph(6)-Id	3
RefSeq_NZ_CP055076.1	IncFII	Gram-negative	IS26	63314-64133	65174-65993	1041	aph(3')-Ia	1
RefSeq_NZ_CP055076.1	IncFII	Gram-negative	IS26	65174-65993	74071-74890	8078	aac(3)-IId	1
RefSeq_NZ_CP055076.1	IncFII	Gram-negative	IS1	31448-32215	37804-38571	5589	tet(B)	1
RefSeq_NZ_CP055097.1	IncFII	Gram-negative	IS26	23811-24632	29018-29837	4386	sul2,aph(3'')-Ib,aph(6)-Id	3
RefSeq_NZ_CP055097.1	IncFII	Gram-negative	IS26	29018-29837	30878-31697	1041	aph(3')-Ia	1
RefSeq_NZ_CP055097.1	IncFII	Gram-negative	IS26	30878-31697	33451-34271	1754	aac(3)-IId	1
RefSeq_NZ_CP055097.1	IncFII	Gram-negative	IS26	33451-34271	50932-51752	16661	aac(6')-Ib-cr5,arr-3,dfrA27,aadA16,sul1,qnrB91,sul1,mrx(A),mph(A)	9
RefSeq_NZ_CP055097.1	IncFII	Gram-negative	IS26	50932-51752	72955-73776	21203	tet(A),floR,blaTEM-1,blaCTX-M-3,qnrS1	5
RefSeq_NZ_CP055108.1	IncN	Gram-negative	IS26	31044-31863	32904-33723	1041	aph(3')-Ia	1
RefSeq_NZ_CP055108.1	IncN	Gram-negative	IS26	32904-33723	42398-43221	8675	mef(B),sul3,aadA1,cmlA1	4
RefSeq_NZ_CP055108.1	IncN	Gram-negative	IS26	42398-43221	50873-51692	7652	floR,tet(A)	2
RefSeq_NZ_CP055108.1	IncN	Gram-negative	IS26	50873-51692	57508-58327	5816	dfrA14,aadA1,blaOXA-10,cmlA5,arr-2	5
RefSeq_NZ_CP055120.1	IncFII	Gram-negative	IS26	97639-98459	99500-100319	1041	aph(3')-Ia	1
RefSeq_NZ_CP055183.1	IncX1	Gram-negative	IS26	20351-21174	23118-23937	1944	qnrS1	1
RefSeq_NZ_CP055185.1	IncX1	Gram-negative	IS26	8704-9525	15407-16230	5882	floR,tet(A)	2
RefSeq_NZ_CP055185.1	IncX1	Gram-negative	IS26	15407-16230	18174-18993	1944	qnrS1	1
RefSeq_NZ_CP055185.1	IncX1	Gram-negative	IS26	18174-18993	20812-21631	1819	dfrA14	1
RefSeq_NZ_CP055200.1	IncFII	Gram-negative	IS26	2816-3635	23290-24109	19655	tet(M),aadA1,cmlA1,aadA2,dfrA12,floR	6
RefSeq_NZ_CP055200.1	IncFII	Gram-negative	IS26	23290-24109	29599-30421	5490	blaTEM-30,sul3	2
RefSeq_NZ_CP055200.1	IncFII	Gram-negative	IS26	29599-30421	31462-32281	1041	aph(3')-Ia	1
RefSeq_NZ_CP055200.1	IncFII	Gram-negative	IS26	31462-32281	39602-40421	7321	tet(A)	1
RefSeq_NZ_CP055200.1	IncFII	Gram-negative	IS26	39602-40421	47953-48772	7532	sul2,erm(42)	2
RefSeq_NZ_CP055200.1	IncFII	Gram-negative	IS26	47953-48772	54803-55622	6031	aadA22	1
RefSeq_NZ_CP055211.1	IncFII	Gram-negative	IS26	75162-75897	76938-77757	1041	aph(3')-Ia	1
RefSeq_NZ_CP055211.1	IncFII	Gram-negative	IS26	76938-77757	84270-85090	6513	tet(A)	1
RefSeq_NZ_CP055211.1	IncFII	Gram-negative	IS26	84270-85090	106628-107447	21538	mph(A),mrx(A),sul1,aadA2,dfrA12,blaTEM-1,blaCTX-M-15	7
RefSeq_NZ_CP055211.1	IncFII	Gram-negative	IS26	106628-107447	109634-110453	2187	aac(6')-Ib-cr5,blaOXA-1,catB3	3
RefSeq_NZ_CP055212.1	IncFII	Gram-negative	IS26	9418-10236	19279-20100	9043	floR,sul2	2
RefSeq_NZ_CP055212.1	IncFII	Gram-negative	IS26	19279-20100	37920-38739	17820	aph(3')-IIa	1
RefSeq_NZ_CP055212.1	IncFII	Gram-negative	IS26	37920-38739	41580-42399	2841	blaTEM-1,rmtB1	2
RefSeq_NZ_CP055212.1	IncFII	Gram-negative	IS26	41580-42399	45167-45987	2768	blaCTX-M-55	1
RefSeq_NZ_CP055214.1	IncFII	Gram-negative	IS26	39637-40457	41498-42317	1041	aph(3')-Ia	1
RefSeq_NZ_CP055214.1	IncFII	Gram-negative	IS26	41498-42317	52736-53559	10419	sul2,floR	2
RefSeq_NZ_CP055214.1	IncFII	Gram-negative	IS26	52736-53559	54959-55778	1400	catA2	1
RefSeq_NZ_CP055214.1	IncFII	Gram-negative	IS26	54959-55778	66197-67020	10419	sul2,floR	2
RefSeq_NZ_CP055214.1	IncFII	Gram-negative	IS26	66197-67020	68420-69239	1400	catA2	1
RefSeq_NZ_CP055217.1	IncFII	Gram-negative	IS26	4928-5747	10283-11104	4536	msr(E),mph(E)	2
RefSeq_NZ_CP055217.1	IncFII	Gram-negative	IS26	10283-11104	12169-12988	1065	aph(3')-Ia	1
RefSeq_NZ_CP055221.1	IncFII	Gram-negative	IS26	30306-31125	37266-38091	6141	floR	1
RefSeq_NZ_CP055248.1	IncFII	Gram-negative	IS26	4393-5212	25162-25983	19950	floR,tet(A),aph(6)-Id,aph(3'')-Ib,sul2	5
RefSeq_NZ_CP055248.1	IncFII	Gram-negative	IS26	25162-25983	28479-29298	2496	fosA3	1
RefSeq_NZ_CP055248.1	IncFII	Gram-negative	IS26	28479-29298	32066-32886	2768	blaCTX-M-55	1
RefSeq_NZ_CP055254.1	IncFII	Gram-negative	IS26	6103-6924	9420-10239	2496	fosA3	1
RefSeq_NZ_CP055254.1	IncFII	Gram-negative	IS26	9420-10239	13007-13827	2768	blaCTX-M-55	1
RefSeq_NZ_CP055296.1	IncFII	Gram-negative	IS26	4393-5212	9237-10056	4025	blaCTX-M-65	1
RefSeq_NZ_CP055296.1	IncFII	Gram-negative	IS26	11041-11860	15668-16488	3808	blaTEM-1,rmtB1	2
RefSeq_NZ_CP055296.1	IncFII	Gram-negative	IS26	39283-40102	55193-56012	15091	blaSHV-12,blaKPC-74	2
RefSeq_NZ_CP055297.1	IncFII	Gram-negative	IS26	55666-56485	59210-60029	2725	dfrA14	1
RefSeq_NZ_CP055297.1	IncFII	Gram-negative	IS26	59210-60029	68184-69007	8155	sul2	1
RefSeq_NZ_CP055297.1	IncFII	Gram-negative	IS26	68184-69007	70407-71228	1400	catA2	1
RefSeq_NZ_CP055807.1	IncX1	Gram-negative	ISAba1	23383-24528	38707-39854	14179	estX-3,aadA1,aph(6)-Id,dfrA14,aph(3'')-Ib,sul2	6
RefSeq_NZ_CP056037.1	IncFII	Gram-negative	IS26	51369-52191	55339-56158	3148	mph(A),mrx(A)	2
RefSeq_NZ_CP056037.1	IncFII	Gram-negative	IS26	55339-56158	61712-62531	5554	aac(3)-IId	1
RefSeq_NZ_CP056037.1	IncFII	Gram-negative	IS26	61712-62531	64396-65216	1865	dfrA17	1
RefSeq_NZ_CP056037.1	IncFII	Gram-negative	IS26	66414-67233	70001-70820	2768	blaCTX-M-55	1
RefSeq_NZ_CP056037.1	IncFII	Gram-negative	IS26	70001-70820	73316-74137	2496	fosA3	1
RefSeq_NZ_CP056038.1	IncN	Gram-negative	IS26	27801-28620	32145-32964	3525	qepA1	1
RefSeq_NZ_CP056038.1	IncN	Gram-negative	IS26	32145-32964	46031-46850	13067	tet(A),qnrS	2
RefSeq_NZ_CP056039.1	IncX1	Gram-negative	IS26	16971-17790	28628-29451	10838	floR	1
RefSeq_NZ_CP056075.1	IncX1	Gram-negative	IS26	14993-15816	27971-28790	12155	floR	1
RefSeq_NZ_CP056075.1	IncX1	Gram-negative	IS26	27971-28790	33997-34816	5207	oqxA2,oqxB	2
RefSeq_NZ_CP056115.1	IncFII	Gram-negative	IS26	7105-7933	19012-19834	11079	mph(A),mrx(A),sul1,aadA5,dfrA17	5
RefSeq_NZ_CP056115.1	IncFII	Gram-negative	IS26	19012-19834	23419-24238	3585	blaCTX-M-15	1
RefSeq_NZ_CP056115.1	IncFII	Gram-negative	IS26	23419-24238	26425-27244	2187	catB3,blaOXA-1,aac(6')-Ib-cr5	3
RefSeq_NZ_CP056115.1	IncFII	Gram-negative	IS26	26425-27244	30829-31651	3585	blaCTX-M-15	1
RefSeq_NZ_CP056115.1	IncFII	Gram-negative	IS26	30829-31651	42730-43550	11079	dfrA17,aadA5,sul1,mrx(A),mph(A)	5
RefSeq_NZ_CP056302.1	IncFII	Gram-negative	IS26	137805-138624	143086-143905	4462	blaSHV-2A	1
RefSeq_NZ_CP056302.1	IncFII	Gram-negative	IS26	143086-143905	148367-149186	4462	blaSHV-2A	1
RefSeq_NZ_CP056302.1	IncFII	Gram-negative	IS26	148367-149186	153648-154467	4462	blaSHV-2A	1
RefSeq_NZ_CP056302.1	IncFII	Gram-negative	IS26	153648-154467	158929-159748	4462	blaSHV-2A	1
RefSeq_NZ_CP056302.1	IncFII	Gram-negative	IS26	158929-159748	164210-165029	4462	blaSHV-2A	1
RefSeq_NZ_CP056302.1	IncFII	Gram-negative	IS26	164210-165029	169491-170310	4462	blaSHV-2A	1
RefSeq_NZ_CP056302.1	IncFII	Gram-negative	IS26	169491-170310	174772-175591	4462	blaSHV-2A	1
RefSeq_NZ_CP056302.1	IncFII	Gram-negative	IS26	174772-175591	182038-182857	6447	dfrA1,aadA1,sul1	3
RefSeq_NZ_CP056435.1	IncFII	Gram-negative	IS26	5196-6021	34891-35710	28870	qnrB1	1
RefSeq_NZ_CP056435.1	IncFII	Gram-negative	IS26	34891-35710	42438-43230	6728	dfrA14	1
RefSeq_NZ_CP056435.1	IncFII	Gram-negative	IS26	42438-43230	57483-58303	14253	blaCTX-M-15,blaTEM-1,aph(6)-Id,aph(3'')-Ib,sul2	5
RefSeq_NZ_CP056879.1	IncFII	Gram-negative	IS1	64763-65475	90166-90933	24691	tet(D),blaSHV-12	2
RefSeq_NZ_CP056879.1	IncFII	Gram-negative	IS26	73116-73936	77463-78282	3527	tet(D)	1
RefSeq_NZ_CP056879.1	IncFII	Gram-negative	IS26	77463-78282	86268-87087	7986	blaSHV-12	1
RefSeq_NZ_CP056880.1	IncFII	Gram-negative	IS26	74741-75560	83654-84473	8094	aph(3')-Ia,aac(3)-IId	2
RefSeq_NZ_CP056880.1	IncFII	Gram-negative	IS26	88139-88958	91911-92731	2953	blaSHV-12	1
RefSeq_NZ_CP056880.1	IncFII	Gram-negative	IS26	91911-92731	96221-97042	3490	mph(A),mrx(A)	2
RefSeq_NZ_CP056880.1	IncFII	Gram-negative	IS26	96221-97042	103395-104214	6353	blaTEM	1
RefSeq_NZ_CP056880.1	IncFII	Gram-negative	IS1	76147-76914	105922-106689	29008	aac(3)-IId,blaSHV-12,mph(A),mrx(A),blaTEM	5
RefSeq_NZ_CP056884.1	IncFII	Gram-negative	IS1	64763-65475	89347-90114	23872	tet(D),blaLEN	2
RefSeq_NZ_CP056884.1	IncFII	Gram-negative	IS26	73116-73936	77463-78282	3527	tet(D)	1
RefSeq_NZ_CP056884.1	IncFII	Gram-negative	IS26	77463-78282	85449-86268	7167	blaLEN	1
RefSeq_NZ_CP056885.1	IncFII	Gram-negative	IS26	74741-75560	83654-84473	8094	aph(3')-Ia,aac(3)-IId	2
RefSeq_NZ_CP056885.1	IncFII	Gram-negative	IS26	88139-88958	91911-92731	2953	blaSHV-12	1
RefSeq_NZ_CP056885.1	IncFII	Gram-negative	IS26	91911-92731	96221-97042	3490	mph(A),mrx(A)	2
RefSeq_NZ_CP056885.1	IncFII	Gram-negative	IS26	96221-97042	103395-104214	6353	blaTEM	1
RefSeq_NZ_CP056885.1	IncFII	Gram-negative	IS1	76147-76914	105922-106689	29008	aac(3)-IId,blaSHV-12,mph(A),mrx(A),blaTEM	5
RefSeq_NZ_CP058311.1	IncN	Gram-negative	IS26	57591-58411	62769-63591	4358	aac(6')-Ib3	1
RefSeq_NZ_CP058311.1	IncN	Gram-negative	IS26	62769-63591	66712-67531	3121	aadA5,dfrA17	2
RefSeq_NZ_CP058311.1	IncN	Gram-negative	IS26	66712-67531	72738-73557	5207	oqxB,oqxA2	2
RefSeq_NZ_CP058311.1	IncN	Gram-negative	IS26	72738-73557	75079-75898	1522	bleO	1
RefSeq_NZ_CP058326.1	IncFII	Gram-negative	IS1	64763-65475	95284-96051	29809	aph(3')-Ia,mph(A),mrx(A),sul1,aadA2,dfrA12,catA1	7
RefSeq_NZ_CP058326.1	IncFII	Gram-negative	IS26	75078-75897	76938-77758	1041	aph(3')-Ia	1
RefSeq_NZ_CP058327.1	IncFII	Gram-negative	IS26	51985-52807	55392-56211	2585	aac(6')-Ib',blaOXA	2
RefSeq_NZ_CP058620.1	IncFII	Gram-negative	IS1	4995-5762	8630-9397	2868	tet(B)	1
RefSeq_NZ_CP058620.1	IncFII	Gram-negative	IS1	8630-9397	57846-58613	48449	aph(6)-Id,aph(3'')-Ib,sul2,aac(3)-IId,blaTEM-1	5
RefSeq_NZ_CP058620.1	IncFII	Gram-negative	IS26	9690-10509	14895-15715	4386	aph(6)-Id,aph(3'')-Ib,sul2	3
RefSeq_NZ_CP058620.1	IncFII	Gram-negative	IS26	14895-15715	20250-21070	4535	aac(3)-IId	1
RefSeq_NZ_CP058653.1	IncN	Gram-negative	IS26	20556-21375	23017-23840	1642	dfrA14	1
RefSeq_NZ_CP058653.1	IncN	Gram-negative	IS26	58837-59656	89802-90621	30146	blaTEM-135	1
RefSeq_NZ_CP058658.1	IncN	Gram-negative	IS26	48750-49573	51215-52034	1642	dfrA14	1
RefSeq_NZ_CP058711.1	IncX1	Gram-negative	IS26	3940-4759	18416-19236	13657	sul2,aph(3'')-Ib,aph(6)-Id,tet(A),aac(3)-IId	5
RefSeq_NZ_CP058711.1	IncX1	Gram-negative	IS26	41891-42714	58502-59321	15788	floR,blaCTX-M-65	2
RefSeq_NZ_CP058711.1	IncX1	Gram-negative	IS26	61503-62322	75979-76799	13657	sul2,aph(3'')-Ib,aph(6)-Id,tet(A),aac(3)-IId	5
RefSeq_NZ_CP058717.1	IncX1	Gram-negative	IS26	1591-2410	6435-7254	4025	blaCTX-M-65	1
RefSeq_NZ_CP058717.1	IncX1	Gram-negative	IS26	6435-7254	11657-12477	4403	qepA	1
RefSeq_NZ_CP058717.1	IncX1	Gram-negative	IS26	11657-12477	33120-33938	20643	blaTEM-1,aph(3')-IIa	2
RefSeq_NZ_CP058717.1	IncX1	Gram-negative	IS26	33120-33938	38529-39348	4591	tet(A)	1
RefSeq_NZ_CP058717.1	IncX1	Gram-negative	IS26	38529-39348	44641-45460	5293	arr-2,cmlA5,blaOXA-10,aadA1,dfrA14	5
RefSeq_NZ_CP058717.1	IncX1	Gram-negative	IS26	50286-51103	55128-55947	4025	blaCTX-M-65	1
RefSeq_NZ_CP058717.1	IncX1	Gram-negative	IS26	55128-55947	60350-61170	4403	qepA	1
RefSeq_NZ_CP058717.1	IncX1	Gram-negative	IS26	60350-61170	81813-82632	20643	blaTEM-1,aph(3')-IIa	2
RefSeq_NZ_CP058717.1	IncX1	Gram-negative	IS26	81813-82632	87223-88042	4591	tet(A)	1
RefSeq_NZ_CP058717.1	IncX1	Gram-negative	IS26	87223-88042	93335-94154	5293	arr-2,cmlA5,blaOXA-10,aadA1,dfrA14	5
RefSeq_NZ_CP058718.1	IncX1	Gram-negative	IS26	16702-17522	21925-22744	4403	qepA	1
RefSeq_NZ_CP058718.1	IncX1	Gram-negative	IS26	21925-22744	26769-27586	4025	blaCTX-M-65	1
RefSeq_NZ_CP058718.1	IncX1	Gram-negative	IS26	32411-33230	38523-39342	5293	dfrA14,aadA1,blaOXA-10,cmlA5,arr-2	5
RefSeq_NZ_CP058718.1	IncX1	Gram-negative	IS26	38523-39342	43933-44752	4591	tet(A)	1
RefSeq_NZ_CP058721.1	IncX1	Gram-negative	IS26	1883-2702	3978-4797	1276	fosA3	1
RefSeq_NZ_CP058721.1	IncX1	Gram-negative	IS26	3978-4797	20555-21375	15758	blaTEM-1	1
RefSeq_NZ_CP058721.1	IncX1	Gram-negative	IS26	20555-21375	26668-27487	5293	dfrA14,aadA1,blaOXA-10,cmlA5,arr-2	5
RefSeq_NZ_CP058721.1	IncX1	Gram-negative	IS26	26668-27487	32078-32897	4591	tet(A)	1
RefSeq_NZ_CP058721.1	IncX1	Gram-negative	IS26	32078-32897	36407-37227	3510	aph(3')-IIa	1
RefSeq_NZ_CP058721.1	IncX1	Gram-negative	IS26	41275-42094	46113-46932	4019	blaCTX-M	1
RefSeq_NZ_CP058721.1	IncX1	Gram-negative	IS26	50363-51183	55586-56405	4403	qepA	1
RefSeq_NZ_CP058727.1	IncX1	Gram-negative	IS26	1656-2476	23119-23938	20643	blaTEM-1,aph(3')-IIa	2
RefSeq_NZ_CP058727.1	IncX1	Gram-negative	IS26	23119-23938	28529-29348	4591	tet(A)	1
RefSeq_NZ_CP058727.1	IncX1	Gram-negative	IS26	28529-29348	34641-35460	5293	arr-2,cmlA5,blaOXA-10,aadA1,dfrA14	5
RefSeq_NZ_CP058727.1	IncX1	Gram-negative	IS26	40286-41105	45130-45949	4025	blaCTX-M-65	1
RefSeq_NZ_CP058727.1	IncX1	Gram-negative	IS26	45130-45949	50352-51172	4403	qepA	1
RefSeq_NZ_CP058727.1	IncX1	Gram-negative	IS26	50352-51172	71815-72634	20643	blaTEM-1,aph(3')-IIa	2
RefSeq_NZ_CP058727.1	IncX1	Gram-negative	IS26	71815-72634	77225-78044	4591	tet(A)	1
RefSeq_NZ_CP058727.1	IncX1	Gram-negative	IS26	77225-78044	83337-84156	5293	arr-2,cmlA5,blaOXA-10,aadA1,dfrA14	5
RefSeq_NZ_CP058755.1	IncFII	Gram-negative	IS26	43847-44668	65865-66685	21197	qnrS1,blaCTX-M-3,blaTEM-1,floR,tet(A)	5
RefSeq_NZ_CP058755.1	IncFII	Gram-negative	IS26	65865-66685	83346-84166	16661	mph(A),mrx(A),sul1,qnrB91,sul1,aadA16,dfrA27,arr-3,aac(6')-Ib-cr5	9
RefSeq_NZ_CP058755.1	IncFII	Gram-negative	IS26	83346-84166	85207-86026	1041	aph(3')-Ia	1
RefSeq_NZ_CP058755.1	IncFII	Gram-negative	IS26	85207-86026	87780-88599	1754	aac(3)-IId	1
RefSeq_NZ_CP058755.1	IncFII	Gram-negative	IS26	87780-88599	92985-93806	4386	aph(6)-Id,aph(3'')-Ib,sul2	3
RefSeq_NZ_CP058759.1	IncFII	Gram-negative	IS26	23835-24656	29042-29861	4386	sul2,aph(3'')-Ib,aph(6)-Id	3
RefSeq_NZ_CP058759.1	IncFII	Gram-negative	IS26	29042-29861	30902-31721	1041	aph(3')-Ia	1
RefSeq_NZ_CP058759.1	IncFII	Gram-negative	IS26	30902-31721	33475-34294	1754	aac(3)-IId	1
RefSeq_NZ_CP058759.1	IncFII	Gram-negative	IS26	33475-34294	42132-42952	7838	floR,tet(A)	2
RefSeq_NZ_CP058759.1	IncFII	Gram-negative	IS26	42132-42952	59613-60436	16661	mph(A),mrx(A),sul1,qnrB91,sul1,aadA16,dfrA27,arr-3,aac(6')-Ib-cr5	9
RefSeq_NZ_CP058759.1	IncFII	Gram-negative	IS26	59613-60436	73801-74622	13365	blaTEM-1,blaCTX-M-3,qnrS1	3
RefSeq_NZ_CP058797.1	IncX1	Gram-negative	IS26	2758-3581	5525-6353	1944	qnrS1	1
RefSeq_NZ_CP058797.1	IncX1	Gram-negative	IS26	5525-6353	8270-9090	1917	dfrA5	1
RefSeq_NZ_CP058797.1	IncX1	Gram-negative	IS26	8270-9090	13382-14202	4292	floR	1
RefSeq_NZ_CP058827.1	IncX1	Gram-negative	IS26	8704-9523	11467-12290	1944	qnrS1	1
RefSeq_NZ_CP058827.1	IncX1	Gram-negative	IS26	11467-12290	18172-18993	5882	tet(A),floR	2
RefSeq_NZ_CP058827.1	IncX1	Gram-negative	IS26	18172-18993	20812-21631	1819	dfrA14	1
RefSeq_NZ_CP058830.1	IncX1	Gram-negative	IS26	3942-4761	19695-20514	14934	blaTEM-1	1
RefSeq_NZ_CP058855.1	IncX1	Gram-negative	IS26	18975-19794	21466-22285	1672	qnrS2	1
RefSeq_NZ_CP058855.1	IncX1	Gram-negative	IS26	21466-22285	28193-29013	5908	floR	1
RefSeq_NZ_CP058861.1	IncFII	Gram-negative	IS26	23835-24656	29042-29861	4386	sul2,aph(3'')-Ib,aph(6)-Id	3
RefSeq_NZ_CP058861.1	IncFII	Gram-negative	IS26	29042-29861	30902-31721	1041	aph(3')-Ia	1
RefSeq_NZ_CP058861.1	IncFII	Gram-negative	IS26	30902-31721	33475-34294	1754	aac(3)-IId	1
RefSeq_NZ_CP058861.1	IncFII	Gram-negative	IS26	33475-34294	42137-42957	7843	floR,tet(A)	2
RefSeq_NZ_CP058861.1	IncFII	Gram-negative	IS26	42137-42957	59618-60438	16661	mph(A),mrx(A),sul1,qnrB91,sul1,aadA16,dfrA27,arr-3,aac(6')-Ib-cr5	9
RefSeq_NZ_CP058861.1	IncFII	Gram-negative	IS26	59618-60438	73801-74622	13363	blaTEM-1,blaCTX-M-3,qnrS1	3
RefSeq_NZ_CP058877.1	IncFII	Gram-negative	IS26	2356-3176	5944-6763	2768	blaCTX-M-55	1
RefSeq_NZ_CP058877.1	IncFII	Gram-negative	IS26	5944-6763	9612-10432	2849	rmtB1,blaTEM-1	2
RefSeq_NZ_CP058898.1	IncFII	Gram-negative	IS26	50432-51251	53688-54507	2437	aac(3)-IId	1
RefSeq_NZ_CP058898.1	IncFII	Gram-negative	IS26	53688-54507	64473-65294	9966	dfrA17,aadA5,sul1,mrx(A),mph(A)	5
RefSeq_NZ_CP058898.1	IncFII	Gram-negative	IS26	64473-65294	71951-72772	6657	sul2,aph(3'')-Ib,aph(6)-Id,tet(A)	4
RefSeq_NZ_CP058918.1	IncFII	Gram-negative	IS26	76866-77685	87651-88471	9966	dfrA17,aadA5,sul1,mrx(A),mph(A)	5
RefSeq_NZ_CP058923.1	IncFII	Gram-negative	IS26	32702-33521	36614-37434	3093	aac(3)-IId	1
RefSeq_NZ_CP058923.1	IncFII	Gram-negative	IS26	36614-37434	47400-48221	9966	dfrA17,aadA5,sul1,mrx(A),mph(A)	5
RefSeq_NZ_CP058923.1	IncFII	Gram-negative	IS26	47400-48221	49804-50630	1583	sul2	1
RefSeq_NZ_CP058941.1	IncFII	Gram-negative	IS1	66747-67459	81900-82667	14441	catA1	1
RefSeq_NZ_CP058961.1	IncFII	Gram-negative	IS26	22344-23164	63397-64216	40233	blaTEM-1	1
RefSeq_NZ_CP058961.1	IncFII	Gram-negative	IS26	63397-64216	74013-74832	9797	bleO,tet(A)	2
RefSeq_NZ_CP058961.1	IncFII	Gram-negative	IS26	74013-74832	86548-87368	11716	aac(6')-Ib-cr5,arr-3,dfrA27,aadA16,sul1,mrx(A),mph(A)	7
RefSeq_NZ_CP058961.1	IncFII	Gram-negative	IS26	86548-87368	93630-94450	6262	floR	1
RefSeq_NZ_CP058961.1	IncFII	Gram-negative	IS26	94787-95606	96942-97761	1336	aac(3)-IId	1
RefSeq_NZ_CP058961.1	IncFII	Gram-negative	IS26	96942-97761	98802-99621	1041	aph(3')-Ia	1
RefSeq_NZ_CP058961.1	IncFII	Gram-negative	IS26	98802-99621	104007-104828	4386	aph(6)-Id,aph(3'')-Ib,sul2	3
RefSeq_NZ_CP059005.1	IncFII	Gram-negative	IS26	17308-18127	37304-38123	19177	tet(B),dfrA	2
RefSeq_NZ_CP059005.1	IncFII	Gram-negative	IS26	37304-38123	40040-40859	1917	blaTEM-1	1
RefSeq_NZ_CP059005.1	IncFII	Gram-negative	IS26	40040-40859	43459-44279	2600	aac(3)-IIe	1
RefSeq_NZ_CP059005.1	IncFII	Gram-negative	IS1	29217-29984	34141-34908	4157	tet(B)	1
RefSeq_NZ_CP059131.1	IncFII	Gram-negative	IS26	43865-44685	54452-55273	9767	dfrA17,aadA5,sul1,mrx(A),mph(A)	5
RefSeq_NZ_CP059131.1	IncFII	Gram-negative	IS26	54452-55273	61764-62583	6491	sul2,aph(3'')-Ib,aph(6)-Id,tet(A)	4
RefSeq_NZ_CP059131.1	IncFII	Gram-negative	IS26	65254-66073	68260-69079	2187	aac(6')-Ib-cr5,blaOXA-1,catB3	3
RefSeq_NZ_CP059131.1	IncFII	Gram-negative	IS26	68260-69079	74985-75819	5906	blaCTX-M-15	1
RefSeq_NZ_CP059280.1	IncFII	Gram-negative	IS1	47413-48180	85765-86532	37585	erm(B),mph(A),mrx(A),sul1,dfrA17,aadA5	6
RefSeq_NZ_CP059280.1	IncFII	Gram-negative	IS26	68418-69237	73305-74125	4068	erm(B)	1
RefSeq_NZ_CP059280.1	IncFII	Gram-negative	IS26	73305-74125	81545-82374	7420	mph(A),mrx(A),sul1	3
RefSeq_NZ_CP059280.1	IncFII	Gram-negative	IS26	81545-82374	84724-85549	2350	dfrA17,aadA5	2
RefSeq_NZ_CP059282.1	IncFII	Gram-negative	IS1	85095-85862	122628-123395	36766	erm(B),mph(A),mrx(A),sul1,aadA5,dfrA17	6
RefSeq_NZ_CP059282.1	IncFII	Gram-negative	IS26	106109-106928	110996-111816	4068	erm(B)	1
RefSeq_NZ_CP059282.1	IncFII	Gram-negative	IS26	110996-111816	121592-122412	9776	mph(A),mrx(A),sul1,aadA5,dfrA17	5
RefSeq_NZ_CP059292.1	IncX1	Gram-negative	IS26	8426-9245	12656-13478	3411	tet(M)	1
RefSeq_NZ_CP059292.1	IncX1	Gram-negative	IS26	12656-13478	22648-23467	9170	qnrS1,floR	2
RefSeq_NZ_CP059333.1	IncFII	Gram-negative	IS26	80504-81323	91289-92111	9966	dfrA17,aadA5,sul1,mrx(A),mph(A)	5
RefSeq_NZ_CP059333.1	IncFII	Gram-negative	IS26	91289-92111	98781-99602	6670	sul2,aph(3'')-Ib,aph(6)-Id,tet(A)	4
RefSeq_NZ_CP059333.1	IncFII	Gram-negative	IS26	98781-99602	102695-103514	3093	aac(3)-IId	1
RefSeq_NZ_CP059340.1	IncFII	Gram-negative	IS26	29957-30770	34309-35128	3539	mph(A)	1
RefSeq_NZ_CP059340.1	IncFII	Gram-negative	IS26	34309-35128	37040-37857	1912	blaTEM	1
RefSeq_NZ_CP059340.1	IncFII	Gram-negative	IS26	41632-42449	45990-46808	3541	mph(A)	1
RefSeq_NZ_CP059340.1	IncFII	Gram-negative	IS26	45990-46808	48722-49539	1914	blaTEM	1
RefSeq_NZ_CP059340.1	IncFII	Gram-negative	IS26	53316-54133	57673-58490	3540	mph(A)	1
RefSeq_NZ_CP059340.1	IncFII	Gram-negative	IS26	57673-58490	60404-61221	1914	blaTEM	1
RefSeq_NZ_CP059340.1	IncFII	Gram-negative	IS26	64996-65814	69352-70171	3538	mph(A)	1
RefSeq_NZ_CP059340.1	IncFII	Gram-negative	IS26	69352-70171	72083-72900	1912	blaTEM	1
RefSeq_NZ_CP059340.1	IncFII	Gram-negative	IS26	76668-77484	81016-81834	3532	mph(A)	1
RefSeq_NZ_CP059340.1	IncFII	Gram-negative	IS26	81016-81834	83747-84563	1913	blaTEM	1
RefSeq_NZ_CP059340.1	IncFII	Gram-negative	IS26	93411-94225	97760-98576	3535	mph(A)	1
RefSeq_NZ_CP059340.1	IncFII	Gram-negative	IS26	97760-98576	100488-101303	1912	blaTEM	1
RefSeq_NZ_CP059340.1	IncFII	Gram-negative	IS26	105074-105890	109426-110243	3536	mph(A)	1
RefSeq_NZ_CP059340.1	IncFII	Gram-negative	IS26	109426-110243	112156-112974	1913	blaTEM	1
RefSeq_NZ_CP059340.1	IncFII	Gram-negative	IS26	116745-117562	121099-121916	3537	mph(A)	1
RefSeq_NZ_CP059340.1	IncFII	Gram-negative	IS26	121099-121916	123828-124648	1912	blaTEM	1
RefSeq_NZ_CP059470.1	IncFII	Gram-negative	IS1	69766-70478	84920-85687	14442	catA1	1
RefSeq_NZ_CP059691.1	IncN	Gram-negative	IS26	43-863	38890-39709	38027	blaTEM-1	1
RefSeq_NZ_CP059836.1	IncN	Gram-negative	IS26	22104-22925	27086-27911	4161	mph(A),mrx(A)	2
RefSeq_NZ_CP059836.1	IncN	Gram-negative	IS26	27086-27911	32620-33444	4709	aac(6')-Ib-cr5,blaOXA-1,catB3,arr-3,sul1	5
RefSeq_NZ_CP059836.1	IncN	Gram-negative	IS26	32620-33444	53712-54358	20268	tet(A)	1
RefSeq_NZ_CP059836.1	IncN	Gram-negative	IS26	53712-54358	59235-60068	4877	tet(M)	1
RefSeq_NZ_CP059836.1	IncN	Gram-negative	IS26	60959-61778	63503-64323	1725	qnrS2	1
RefSeq_NZ_CP059836.1	IncN	Gram-negative	IS26	63503-64323	85700-86519	21377	floR,dfrA12,aadA2,cmlA1,aadA1,sul3,mef(B)	7
RefSeq_NZ_CP059836.1	IncN	Gram-negative	IS26	85700-86519	87560-88379	1041	aph(3')-Ia	1
RefSeq_NZ_CP059836.1	IncN	Gram-negative	IS26	87560-88379	91384-92203	3005	sul1	1
RefSeq_NZ_CP059836.1	IncN	Gram-negative	IS26	91384-92203	93725-94544	1522	bleO	1
RefSeq_NZ_CP059836.1	IncN	Gram-negative	IS26	93725-94544	99751-100570	5207	oqxA,oqxB	2
RefSeq_NZ_CP059850.1	IncX1	Gram-negative	IS26	14095-14916	19779-20598	4863	tet(X4)	1
RefSeq_NZ_CP059934.1	IncN	Gram-negative	IS26	1543-2364	3405-4224	1041	aph(3')-Ia	1
RefSeq_NZ_CP060133.1	IncX1	Gram-negative	IS26	2780-3604	6431-7270	2827	rmtB1,blaTEM-1	2
RefSeq_NZ_CP060133.1	IncX1	Gram-negative	IS26	6431-7270	21657-22476	14387	aph(3')-IIa	1
RefSeq_NZ_CP060133.1	IncX1	Gram-negative	IS26	21657-22476	38887-39707	16411	aac(6')-Ib-cr5,arr-3,dfrA27,aadA16,sul1,qnrB6,sul1,mrx(A),mph(A)	9
RefSeq_NZ_CP060133.1	IncX1	Gram-negative	IS26	111737-112560	125236-126057	12676	floR,tet(A),aph(6)-Id,aph(3'')-Ib,sul2	5
RefSeq_NZ_CP060133.1	IncX1	Gram-negative	IS26	125236-126057	127457-128276	1400	catA2	1
RefSeq_NZ_CP060133.1	IncX1	Gram-negative	IS26	127457-128276	141413-142232	13137	blaTEM-1,aac(3)-IId	2
RefSeq_NZ_CP060133.1	IncX1	Gram-negative	IS26	141413-142232	145013-145832	2781	aadA22,lnu(F)	2
RefSeq_NZ_CP060136.1	IncX1	Gram-negative	IS26	2780-3604	18185-19006	14581	aph(3')-IIa	1
RefSeq_NZ_CP060136.1	IncX1	Gram-negative	IS26	18185-19006	21833-22652	2827	blaTEM-1,rmtB1	2
RefSeq_NZ_CP060136.1	IncX1	Gram-negative	IS26	21833-22652	25433-26252	2781	aadA22,lnu(F)	2
RefSeq_NZ_CP060283.1	IncFII	Gram-negative	IS26	4912-5731	12459-13278	6728	dfrA14	1
RefSeq_NZ_CP060283.1	IncFII	Gram-negative	IS26	12459-13278	26759-27578	13481	qnrB1,tet(A)	2
RefSeq_NZ_CP060667.1	IncFII	Gram-negative	IS26	37404-38223	41657-42476	3434	aac(3)-IId	1
RefSeq_NZ_CP060667.1	IncFII	Gram-negative	IS26	41657-42476	86649-87468	44173	blaCTX-M-15,tet(A)	2
RefSeq_NZ_CP060669.1	IncFII	Gram-negative	IS26	37075-37894	41328-42147	3434	aac(3)-IId	1
RefSeq_NZ_CP060669.1	IncFII	Gram-negative	IS26	41328-42147	86320-87139	44173	blaCTX-M-15,tet(A)	2
RefSeq_NZ_CP060671.1	IncFII	Gram-negative	IS26	34407-35226	79399-80218	44173	tet(A),blaCTX-M-15	2
RefSeq_NZ_CP060671.1	IncFII	Gram-negative	IS26	79399-80218	83652-84471	3434	aac(3)-IId	1
RefSeq_NZ_CP060673.1	IncFII	Gram-negative	IS26	37075-37894	41328-42147	3434	aac(3)-IId	1
RefSeq_NZ_CP060673.1	IncFII	Gram-negative	IS26	41328-42147	86320-87139	44173	blaCTX-M-15,tet(A)	2
RefSeq_NZ_CP060675.1	IncFII	Gram-negative	IS26	37075-37894	41328-42147	3434	aac(3)-IId	1
RefSeq_NZ_CP060675.1	IncFII	Gram-negative	IS26	41328-42147	86320-87139	44173	blaCTX-M-15,tet(A)	2
RefSeq_NZ_CP060677.1	IncFII	Gram-negative	IS26	37075-37894	41328-42147	3434	aac(3)-IId	1
RefSeq_NZ_CP060677.1	IncFII	Gram-negative	IS26	41328-42147	86320-87139	44173	blaCTX-M-15,tet(A)	2
RefSeq_NZ_CP060679.1	IncFII	Gram-negative	IS26	38134-38953	83126-83945	44173	tet(A),blaCTX-M-15	2
RefSeq_NZ_CP060679.1	IncFII	Gram-negative	IS26	83126-83945	87379-88198	3434	aac(3)-IId	1
RefSeq_NZ_CP060745.1	IncFII	Gram-negative	IS26	24954-25777	33932-34751	8155	sul2	1
RefSeq_NZ_CP060745.1	IncFII	Gram-negative	IS26	33932-34751	36151-36970	1400	catA2	1
RefSeq_NZ_CP060745.1	IncFII	Gram-negative	IS26	36151-36970	44528-45347	7558	catA2,sul2	2
RefSeq_NZ_CP060745.1	IncFII	Gram-negative	IS26	44528-45347	46747-47568	1400	catA2	1
RefSeq_NZ_CP060749.1	IncX1	Gram-negative	IS26	7159-7978	9063-9886	1085	rmtB1	1
RefSeq_NZ_CP060749.1	IncX1	Gram-negative	IS26	9063-9886	24657-25476	14771	floR,tet(A),aph(6)-Id,aph(3'')-Ib,sul2	5
RefSeq_NZ_CP060749.1	IncX1	Gram-negative	IS26	24657-25476	37488-38307	12012	dfrA14	1
RefSeq_NZ_CP060749.1	IncX1	Gram-negative	IS26	37488-38307	41075-41894	2768	blaCTX-M-55	1
RefSeq_NZ_CP060749.1	IncX1	Gram-negative	IS26	41075-41894	56475-57294	14581	aph(3')-IIa	1
RefSeq_NZ_CP060749.1	IncX1	Gram-negative	IS26	56475-57294	60356-61176	3062	mrx(A),mph(A)	2
RefSeq_NZ_CP060749.1	IncX1	Gram-negative	IS26	60356-61176	62564-63383	1388	catA2	1
RefSeq_NZ_CP060749.1	IncX1	Gram-negative	IS26	62564-63383	64973-65794	1590	aac(6')-Ib-cr5	1
RefSeq_NZ_CP060749.1	IncX1	Gram-negative	IS26	64973-65794	68290-69111	2496	fosA3	1
RefSeq_NZ_CP060751.1	IncN	Gram-negative	IS26	73325-74144	75185-76005	1041	aph(3')-Ia	1
RefSeq_NZ_CP060925.1	IncN	Gram-negative	IS26	31494-32312	39140-39961	6828	tet(A)	1
RefSeq_NZ_CP060925.1	IncN	Gram-negative	IS26	39140-39961	82538-83375	42577	dfrA14	1
RefSeq_NZ_CP060925.1	IncN	Gram-negative	IS26	85447-86266	88866-89686	2600	aac(3)-IIe	1
RefSeq_NZ_CP060948.1	IncFII	Gram-negative	IS26	4393-5212	28629-29450	23417	fosA3,mrx(A),mph(A)	3
RefSeq_NZ_CP060955.1	IncFII	Gram-negative	IS1	40361-41128	89378-90145	48250	dfrA17,aadA5,sul1,mrx(A),mph(A),sul2,aph(3'')-Ib,aph(6)-Id,tet(A),aac(3)-IId,blaTEM-1	11
RefSeq_NZ_CP060955.1	IncFII	Gram-negative	IS26	41363-42182	52148-52969	9966	dfrA17,aadA5,sul1,mrx(A),mph(A)	5
RefSeq_NZ_CP060955.1	IncFII	Gram-negative	IS26	52148-52969	59626-60445	6657	sul2,aph(3'')-Ib,aph(6)-Id,tet(A)	4
RefSeq_NZ_CP060955.1	IncFII	Gram-negative	IS26	61623-62442	64914-65733	2472	aac(3)-IId	1
RefSeq_NZ_CP060971.1	IncN	Gram-negative	IS26	27091-27910	42681-43504	14771	sul2,aph(3'')-Ib,aph(6)-Id,tet(A),floR	5
RefSeq_NZ_CP060971.1	IncN	Gram-negative	IS26	44395-45216	47712-48531	2496	fosA3	1
RefSeq_NZ_CP060971.1	IncN	Gram-negative	IS26	47712-48531	51299-52119	2768	blaCTX-M-55	1
RefSeq_NZ_CP061109.1	IncFII	Gram-negative	IS26	17271-18090	47195-48015	29105	tet(B),catA1,dfrA14,mrx(A),mph(A)	5
RefSeq_NZ_CP061109.1	IncFII	Gram-negative	IS26	47195-48015	49932-50752	1917	blaTEM-1	1
RefSeq_NZ_CP061109.1	IncFII	Gram-negative	IS26	49932-50752	55138-55957	4386	sul2,aph(3'')-Ib,aph(6)-Id	3
RefSeq_NZ_CP061109.1	IncFII	Gram-negative	IS1	29180-29947	34371-35137	4424	tet(B)	1
RefSeq_NZ_CP061109.1	IncFII	Gram-negative	IS1	34371-35137	62042-62809	26905	catA1,dfrA14,mrx(A),mph(A),blaTEM-1,sul2,aph(3'')-Ib,aph(6)-Id	8
RefSeq_NZ_CP061188.1	IncFII	Gram-negative	IS26	61577-62396	64441-65264	2045	dfrA14	1
RefSeq_NZ_CP061347.1	IncFII	Gram-negative	IS26	4393-5212	9237-10056	4025	blaCTX-M-65	1
RefSeq_NZ_CP061347.1	IncFII	Gram-negative	IS26	11041-11860	13136-13955	1276	fosA3	1
RefSeq_NZ_CP061347.1	IncFII	Gram-negative	IS26	13136-13955	17763-18583	3808	blaTEM-1,rmtB1	2
RefSeq_NZ_CP061347.1	IncFII	Gram-negative	IS26	73147-73968	78841-79660	4873	blaKPC-2	1
RefSeq_NZ_CP061347.1	IncFII	Gram-negative	IS26	154424-155246	156635-157458	1389	catA2	1
RefSeq_NZ_CP061352.1	IncFII	Gram-negative	IS26	4912-5731	7918-8737	2187	catB3,blaOXA,aac(6')-Ib-cr5	3
RefSeq_NZ_CP061352.1	IncFII	Gram-negative	IS26	7918-8737	22135-22954	13398	tet(A),qnrB1	2
RefSeq_NZ_CP061352.1	IncFII	Gram-negative	IS26	22135-22954	29533-30352	6579	dfrA14	1
RefSeq_NZ_CP061355.1	IncFII	Gram-negative	IS1	10456-11223	42604-43371	31381	blaKPC-2	1
RefSeq_NZ_CP061355.1	IncFII	Gram-negative	IS1	42604-43371	59980-60747	16609	blaTEM-1	1
RefSeq_NZ_CP061355.1	IncFII	Gram-negative	IS26	18426-19245	45172-45993	25927	blaKPC-2,blaTEM-1	2
RefSeq_NZ_CP061382.1	IncFII	Gram-negative	IS26	48998-49817	67205-68025	17388	blaKPC-3,dfrA14	2
RefSeq_NZ_CP061397.1	IncFII	Gram-negative	IS1	33797-34509	63011-63778	28502	aph(3')-Ia,mph(A),mrx(A),sul1,aadA2,dfrA12,catA1	7
RefSeq_NZ_CP061397.1	IncFII	Gram-negative	IS26	44196-44931	45972-46792	1041	aph(3')-Ia	1
RefSeq_NZ_CP061406.1	IncFII	Gram-negative	IS26	22283-23102	44442-45264	21340	blaKPC-3,aac(6')-Ib	2
RefSeq_NZ_CP061833.1	IncFII	Gram-negative	IS1	13329-14096	60421-61188	46325	qnrB19	1
RefSeq_NZ_CP061833.1	IncFII	Gram-negative	IS26	56533-57352	65864-66683	8512	qnrB19	1
RefSeq_NZ_CP061833.1	IncFII	Gram-negative	IS26	69112-69931	72531-73351	2600	aac(3)-IIe	1
RefSeq_NZ_CP061833.1	IncFII	Gram-negative	IS26	72531-73351	75538-76357	2187	catB3,blaOXA-1,aac(6')-Ib-cr5	3
RefSeq_NZ_CP061833.1	IncFII	Gram-negative	IS26	75538-76357	89746-90567	13389	tet(A),qnrB1	2
RefSeq_NZ_CP061833.1	IncFII	Gram-negative	IS26	89746-90567	94792-95612	4225	blaCTX-M-15	1
RefSeq_NZ_CP061833.1	IncFII	Gram-negative	IS26	94792-95612	102340-103132	6728	dfrA14	1
RefSeq_NZ_CP061843.1	IncFII	Gram-negative	IS26	27629-28449	45110-45930	16661	mph(A),mrx(A),sul1,qnrB91,sul1,aadA16,dfrA27,arr-3,aac(6')-Ib-cr5	9
RefSeq_NZ_CP061843.1	IncFII	Gram-negative	IS26	45110-45930	46971-47790	1041	aph(3')-Ia	1
RefSeq_NZ_CP061843.1	IncFII	Gram-negative	IS26	46971-47790	56013-56842	8223	tet(A),floR	2
RefSeq_NZ_CP061843.1	IncFII	Gram-negative	IS26	56013-56842	65066-65895	8224	tet(A),floR	2
RefSeq_NZ_CP061843.1	IncFII	Gram-negative	IS26	65066-65895	74118-74947	8223	tet(A),floR	2
RefSeq_NZ_CP061843.1	IncFII	Gram-negative	IS26	74118-74947	83170-83999	8223	tet(A),floR	2
RefSeq_NZ_CP061843.1	IncFII	Gram-negative	IS26	83170-83999	92223-93052	8224	tet(A),floR	2
RefSeq_NZ_CP061843.1	IncFII	Gram-negative	IS26	92223-93052	106028-106849	12976	blaTEM-1,blaCTX-M-3,qnrS	3
RefSeq_NZ_CP061953.1	IncFII	Gram-negative	IS26	122910-123646	127030-127852	3384	mph(A),mrx(A)	2
RefSeq_NZ_CP061953.1	IncFII	Gram-negative	IS26	127030-127852	132664-133483	4812	aac(3)-IId	1
RefSeq_NZ_CP061953.1	IncFII	Gram-negative	IS26	132664-133483	140085-140904	6602	blaSHV-5	1
RefSeq_NZ_CP061972.1	IncFII	Gram-negative	IS26	7972-8793	28607-29429	19814	qnrS1,blaCTX-M-3,blaTEM-1,floR,tet(A)	5
RefSeq_NZ_CP061972.1	IncFII	Gram-negative	IS26	28607-29429	31183-32002	1754	aac(3)-IId	1
RefSeq_NZ_CP061972.1	IncFII	Gram-negative	IS26	31183-32002	33043-33862	1041	aph(3')-Ia	1
RefSeq_NZ_CP061972.1	IncFII	Gram-negative	IS26	33043-33862	38248-39069	4386	aph(6)-Id,aph(3'')-Ib,sul2	3
RefSeq_NZ_CP061976.1	IncX1	Gram-negative	IS26	13321-14143	16911-17730	2768	blaCTX-M-55	1
RefSeq_NZ_CP061976.1	IncX1	Gram-negative	IS26	16911-17730	20226-21049	2496	fosA3	1
RefSeq_NZ_CP061979.1	IncFII	Gram-negative	IS26	35818-36637	40281-41102	3644	dfrA27,arr-3,aac(6')-Ib-cr5	3
RefSeq_NZ_CP062212.1	IncFII	Gram-negative	IS26	60482-61301	69220-70040	7919	tet(A)	1
RefSeq_NZ_CP062212.1	IncFII	Gram-negative	IS26	69220-70040	72085-72908	2045	dfrA14	1
RefSeq_NZ_CP062214.1	IncFII	Gram-negative	IS26	4393-5212	17000-17821	11788	aac(3)-IVa,aph(4)-Ia,floR	3
RefSeq_NZ_CP062214.1	IncFII	Gram-negative	IS26	17000-17821	20244-21063	2423	blaTEM-1,rmtB1	2
RefSeq_NZ_CP062214.1	IncFII	Gram-negative	IS26	20244-21063	23831-24651	2768	blaCTX-M-55	1
RefSeq_NZ_CP062793.1	IncN	Gram-negative	IS26	4892-5711	12077-12900	6366	qnrB1	1
RefSeq_NZ_CP062793.1	IncN	Gram-negative	IS26	12077-12900	20949-21741	8049	blaTEM-1,blaCTX-M-15	2
RefSeq_NZ_CP062793.1	IncN	Gram-negative	IS26	20949-21741	39991-40814	18250	sul1,aadA16,dfrA27,arr-3,aac(6')-Ib-cr5	5
RefSeq_NZ_CP062793.1	IncN	Gram-negative	IS26	39991-40814	47019-47839	6205	aph(6)-Id,aph(3'')-Ib,sul2	3
RefSeq_NZ_CP062971.1	IncFII	Gram-negative	IS26	58618-59437	61624-62443	2187	aac(6')-Ib-cr5,blaOXA-1,catB3	3
RefSeq_NZ_CP062971.1	IncFII	Gram-negative	IS26	61624-62443	66502-67329	4059	blaCTX-M-15	1
RefSeq_NZ_CP062971.1	IncFII	Gram-negative	IS26	66502-67329	77343-78166	10014	dfrA17,aadA5,sul1	3
RefSeq_NZ_CP062971.1	IncFII	Gram-negative	IS26	77343-78166	88501-89321	10335	sul1,mrx(A),mph(A)	3
RefSeq_NZ_CP062981.1	IncFII	Gram-negative	IS26	5456-6275	7795-8614	1520	blaCTX-M-27	1
RefSeq_NZ_CP063227.1	IncN	Gram-negative	IS26	18322-19141	40678-41498	21537	qnrB19,aph(3'')-Ib,aph(6)-Id,blaVIM-1,aac(6')-Ib4,dfrB1,aadA1,aac(6')-Ib-cr5,blaOXA-1,catB3,arr-3,sul1,mrx(A),mph(A)	14
RefSeq_NZ_CP063279.1	IncFII	Gram-negative	IS26	1039-1858	4045-4864	2187	aac(6')-Ib-cr5,blaOXA-1,catB3	3
RefSeq_NZ_CP063279.1	IncFII	Gram-negative	IS26	4045-4864	18345-19164	13481	tet(A),qnrB1	2
RefSeq_NZ_CP063279.1	IncFII	Gram-negative	IS26	18345-19164	25878-26670	6714	blaCTX-M-15	1
RefSeq_NZ_CP063279.1	IncFII	Gram-negative	IS26	25878-26670	33385-34205	6715	dfrA14	1
RefSeq_NZ_CP063279.1	IncFII	Gram-negative	IS26	33385-34205	41755-42575	7550	blaTEM-1,aph(6)-Id,aph(3'')-Ib,sul2	4
RefSeq_NZ_CP063333.1	IncX1	Gram-negative	IS26	3764-4583	8692-9511	4109	qnrS1	1
RefSeq_NZ_CP063333.1	IncX1	Gram-negative	IS26	43563-44382	69646-70465	25264	tet(M),tet(A),dfrA12,aadA2,sul3	5
RefSeq_NZ_CP063333.1	IncX1	Gram-negative	IS26	88876-89695	102814-103633	13119	sul2,floR	2
RefSeq_NZ_CP063333.1	IncX1	Gram-negative	IS1	34483-35075	72292-73059	37217	tet(M),tet(A),dfrA12,aadA2,sul3	5
RefSeq_NZ_CP063344.1	IncX1	Gram-negative	IS1	6403-7170	23926-24510	16756	tet(A)	1
RefSeq_NZ_CP063351.1	IncX1	Gram-negative	IS1	9519-10286	34714-35482	24428	sul2,floR	2
RefSeq_NZ_CP063351.1	IncX1	Gram-negative	IS26	12205-13027	26339-27158	13312	sul2,floR	2
RefSeq_NZ_CP063430.1	IncFII	Gram-negative	IS26	23786-24607	37979-38797	13372	mph(A),mrx(A),sul1,aadA16,dfrA27,arr-3,aac(6')-Ib-cr5	7
RefSeq_NZ_CP063481.1	IncFII	Gram-negative	IS26	82018-82837	86946-87765	4109	blaTEM-1,rmtB1	2
RefSeq_NZ_CP063493.1	IncFII	Gram-negative	IS26	5819-6639	30401-31220	23762	tet(M),aadA1,cmlA1,aadA2,dfrA12,floR,sul2	7
RefSeq_NZ_CP063493.1	IncFII	Gram-negative	IS26	30401-31220	38541-39361	7321	tet(A)	1
RefSeq_NZ_CP063493.1	IncFII	Gram-negative	IS26	39361-39995	45088-45910	5093	blaTEM-1,sul3	2
RefSeq_NZ_CP063493.1	IncFII	Gram-negative	IS26	45088-45910	48843-49663	2933	aac(3)-IId	1
RefSeq_NZ_CP063703.1	IncFII	Gram-negative	IS26	52421-53245	61143-61964	7898	tet(A)	1
RefSeq_NZ_CP063703.1	IncFII	Gram-negative	IS26	77956-78775	81715-82536	2940	catA2	1
RefSeq_NZ_CP063703.1	IncFII	Gram-negative	IS26	81715-82536	86470-87289	3934	sul1,dfrA7	2
RefSeq_NZ_CP063703.1	IncFII	Gram-negative	IS26	96116-96935	104837-105660	7902	blaTEM-1,aph(6)-Id,aph(3'')-Ib,sul2	4
RefSeq_NZ_CP063706.1	IncFII	Gram-negative	IS26	39453-40276	43216-44035	2940	catA2	1
RefSeq_NZ_CP063706.1	IncFII	Gram-negative	IS26	43216-44035	65338-66157	21303	aph(3'')-Ib,aph(6)-Id,blaTEM-1,blaTEM-1	4
RefSeq_NZ_CP063706.1	IncFII	Gram-negative	IS26	65338-66157	67401-68221	1244	aph(3')-Ia	1
RefSeq_NZ_CP063706.1	IncFII	Gram-negative	IS26	67401-68221	76119-76943	7898	tet(A)	1
RefSeq_NZ_CP063761.1	IncFII	Gram-negative	IS26	4393-5212	9237-10056	4025	blaCTX-M-65	1
RefSeq_NZ_CP063761.1	IncFII	Gram-negative	IS26	11041-11860	15668-16488	3808	blaTEM-1,rmtB1	2
RefSeq_NZ_CP063761.1	IncFII	Gram-negative	IS26	74240-75060	90157-90976	15097	blaSHV-12,blaKPC-2	2
RefSeq_NZ_CP063761.1	IncFII	Gram-negative	IS1	64563-65330	98540-99307	33210	blaSHV-12,blaKPC-2	2
RefSeq_NZ_CP063835.1	IncFII	Gram-negative	IS26	4393-5212	9237-10056	4025	blaCTX-M-65	1
RefSeq_NZ_CP063835.1	IncFII	Gram-negative	IS26	11041-11860	13136-13955	1276	fosA3	1
RefSeq_NZ_CP063835.1	IncFII	Gram-negative	IS26	13136-13955	17763-18583	3808	blaTEM-1,rmtB1	2
RefSeq_NZ_CP063835.1	IncFII	Gram-negative	IS26	62551-63370	69852-70671	6482	blaKPC-2	1
RefSeq_NZ_CP063836.1	IncFII	Gram-negative	IS26	35200-36019	38744-39563	2725	dfrA14	1
RefSeq_NZ_CP063836.1	IncFII	Gram-negative	IS26	38744-39563	47718-48541	8155	sul2	1
RefSeq_NZ_CP063836.1	IncFII	Gram-negative	IS26	47718-48541	49941-50762	1400	catA2	1
RefSeq_NZ_CP063852.1	IncFII	Gram-negative	IS26	87550-88369	100061-100881	11692	mef(B),sul3,aadA1,cmlA1,aadA2,dfrA12	6
RefSeq_NZ_CP063852.1	IncFII	Gram-negative	IS26	100061-100881	105267-106086	4386	sul2,aph(3'')-Ib,aph(6)-Id	3
RefSeq_NZ_CP063852.1	IncFII	Gram-negative	IS26	105267-106086	107127-107945	1041	aph(3')-Ia	1
RefSeq_NZ_CP063852.1	IncFII	Gram-negative	IS26	107127-107945	109281-110100	1336	aac(3)-IId	1
RefSeq_NZ_CP063852.1	IncFII	Gram-negative	IS26	109281-110100	122117-122937	12017	aac(6')-Ib-cr5,blaOXA-1,catB3,arr-3,sul1,mrx(A),mph(A)	7
RefSeq_NZ_CP063852.1	IncFII	Gram-negative	IS26	122117-122937	124337-125154	1400	catA2	1
RefSeq_NZ_CP063857.1	IncFII	Gram-negative	IS26	6513-7333	8669-9488	1336	aac(3)-IId	1
RefSeq_NZ_CP063857.1	IncFII	Gram-negative	IS26	8669-9488	10529-11348	1041	aph(3')-Ia	1
RefSeq_NZ_CP063857.1	IncFII	Gram-negative	IS26	10529-11348	15734-16554	4386	aph(6)-Id,aph(3'')-Ib,sul2	3
RefSeq_NZ_CP063857.1	IncFII	Gram-negative	IS26	65707-66528	87725-88544	21197	qnrS1,blaCTX-M-3,blaTEM-1,floR,tet(A)	5
RefSeq_NZ_CP063859.1	IncFII	Gram-negative	IS26	114837-115656	117056-117876	1400	catA2	1
RefSeq_NZ_CP063859.1	IncFII	Gram-negative	IS26	117056-117876	129897-130716	12021	mph(A),mrx(A),sul1,arr-3,catB3,blaOXA-1,aac(6')-Ib-cr5	7
RefSeq_NZ_CP063859.1	IncFII	Gram-negative	IS26	129897-130716	132052-132871	1336	aac(3)-IId	1
RefSeq_NZ_CP063859.1	IncFII	Gram-negative	IS26	132052-132871	133912-134731	1041	aph(3')-Ia	1
RefSeq_NZ_CP063859.1	IncFII	Gram-negative	IS26	133912-134731	139117-139938	4386	aph(6)-Id,aph(3'')-Ib,sul2	3
RefSeq_NZ_CP063859.1	IncFII	Gram-negative	IS26	139117-139938	151629-152448	11691	dfrA12,aadA2,cmlA1,aadA1,sul3,mef(B)	6
RefSeq_NZ_CP063875.1	IncX1	Gram-negative	IS26	10800-11620	16023-16842	4403	qepA	1
RefSeq_NZ_CP063875.1	IncX1	Gram-negative	IS26	19183-20002	24027-24846	4025	blaCTX-M-65	1
RefSeq_NZ_CP063875.1	IncX1	Gram-negative	IS26	29672-30491	35784-36603	5293	dfrA14,aadA1,blaOXA-10,cmlA5,arr-2	5
RefSeq_NZ_CP063875.1	IncX1	Gram-negative	IS26	35784-36603	41194-42013	4591	tet(A)	1
RefSeq_NZ_CP063879.1	IncFII	Gram-negative	ISEcp1	2886-4541	33350-35001	28809	blaCTX-M-15,catB3,blaOXA,aac(6')-Ib-cr5,tet(A),aph(6)-Id,aph(3'')-Ib,sul2,aac(6')-Ib-cr,blaOXA-1,catB3,blaCTX-M	12
RefSeq_NZ_CP063879.1	IncFII	Gram-negative	IS26	8103-8922	11107-11919	2185	catB3,blaOXA,aac(6')-Ib-cr5	3
RefSeq_NZ_CP063879.1	IncFII	Gram-negative	IS26	11107-11919	18145-18964	6226	tet(A)	1
RefSeq_NZ_CP063879.1	IncFII	Gram-negative	IS26	18145-18964	25978-26797	7014	aph(6)-Id,aph(3'')-Ib,sul2	3
RefSeq_NZ_CP063879.1	IncFII	Gram-negative	IS26	25978-26797	28983-29803	2186	aac(6')-Ib-cr,blaOXA-1,catB3	3
RefSeq_NZ_CP063879.1	IncFII	Gram-negative	IS26	28983-29803	39810-40629	10007	blaCTX-M	1
RefSeq_NZ_CP063914.1	IncFII	Gram-negative	IS26	37051-37871	49892-50711	12021	mph(A),mrx(A),sul1,arr-3,catB3,blaOXA-1,aac(6')-Ib-cr5	7
RefSeq_NZ_CP063914.1	IncFII	Gram-negative	IS26	49892-50711	52047-52866	1336	aac(3)-IId	1
RefSeq_NZ_CP063914.1	IncFII	Gram-negative	IS26	208369-209188	213574-214395	4386	aph(6)-Id,aph(3'')-Ib,sul2	3
RefSeq_NZ_CP063914.1	IncFII	Gram-negative	IS26	213574-214395	226087-226904	11692	dfrA12,aadA2,cmlA1,aadA1,sul3,mef(B)	6
RefSeq_NZ_CP063924.1	IncFII	Gram-negative	IS26	2346-3166	17631-18452	14465	blaTEM-1,blaCTX-M-3,qnrS1	3
RefSeq_NZ_CP063929.1	IncFII	Gram-negative	IS26	1076-1895	5121-5941	3226	aac(3)-IId	1
RefSeq_NZ_CP063929.1	IncFII	Gram-negative	IS26	6564-7383	11804-12624	4421	erm(B)	1
RefSeq_NZ_CP063929.1	IncFII	Gram-negative	IS26	11804-12624	16596-17415	3972	mph(A),mrx(A)	2
RefSeq_NZ_CP063929.1	IncFII	Gram-negative	IS26	45258-46077	51505-52326	5428	sul1,aadA5,dfrA17	3
RefSeq_NZ_CP063929.1	IncFII	Gram-negative	IS26	82677-83497	86265-87084	2768	blaCTX-M-55	1
RefSeq_NZ_CP063929.1	IncFII	Gram-negative	IS26	86265-87084	89580-90401	2496	fosA3	1
RefSeq_NZ_CP063929.1	IncFII	Gram-negative	IS26	89580-90401	92562-93383	2161	rmtB1,blaTEM-1	2
RefSeq_NZ_CP063949.1	IncN	Gram-negative	ISEcp1	18552-20205	65472-67124	45267	blaCTX-M-15,qepA,blaTEM	3
RefSeq_NZ_CP063949.1	IncN	Gram-negative	IS26	23765-24585	28988-29807	4403	qepA	1
RefSeq_NZ_CP063949.1	IncN	Gram-negative	IS26	28988-29807	70682-71492	40875	blaTEM,blaCTX-M-15	2
RefSeq_NZ_CP064012.1	IncX1	Gram-negative	IS26	8733-9552	12869-13688	3317	aac(3)-IId	1
RefSeq_NZ_CP064012.1	IncX1	Gram-negative	IS26	14564-15383	19992-20813	4609	mcr-3.1,bleO	2
RefSeq_NZ_CP064012.1	IncX1	Gram-negative	IS26	19992-20813	39271-40090	18458	blaCTX-M-14,qnrS1	2
RefSeq_NZ_CP064020.1	IncX1	Gram-negative	IS26	2334-3153	29527-30282	26374	mcr-3.5,tet(A),qnrS1,blaCTX-M-55	4
RefSeq_NZ_CP064020.1	IncX1	Gram-negative	IS26	29527-30282	32101-32893	1819	dfrA14	1
RefSeq_NZ_CP064024.1	IncX1	Gram-negative	IS26	13526-14346	31248-32067	16902	mph(A),mrx(A),blaCTX-M-14,blaCTX-M-55,qnrS1	5
RefSeq_NZ_CP064025.1	IncX1	Gram-negative	IS26	26783-27602	33423-34242	5821	mcr-3.5	1
RefSeq_NZ_CP064025.1	IncX1	Gram-negative	IS26	36994-37818	39405-40224	1587	blaCTX-M-55	1
RefSeq_NZ_CP064025.1	IncX1	Gram-negative	IS26	39405-40224	41628-42447	1404	qnrS1	1
RefSeq_NZ_CP064025.1	IncX1	Gram-negative	IS26	41628-42447	44880-45699	2433	aadA2	1
RefSeq_NZ_CP064116.1	IncFII	Gram-negative	IS26	26392-27211	44871-45690	17660	blaTEM-1,aph(6)-Id,aph(3'')-Ib,sul2	4
RefSeq_NZ_CP064116.1	IncFII	Gram-negative	IS26	44871-45690	52886-53714	7196	dfrA14	1
RefSeq_NZ_CP064116.1	IncFII	Gram-negative	IS26	52886-53714	57228-58047	3514	tet(D)	1
RefSeq_NZ_CP064175.1	IncFII	Gram-negative	IS26	127205-128025	129066-129885	1041	aph(3')-Ia	1
RefSeq_NZ_CP064181.1	IncN	Gram-negative	IS26	9024-9843	38523-39343	28680	qnrS1	1
RefSeq_NZ_CP064214.1	IncFII	Gram-negative	IS26	66312-67131	79558-80377	12427	aac(6')-Ib3,cmlA1,blaCTX-M-14	3
RefSeq_NZ_CP064214.1	IncFII	Gram-negative	IS26	79558-80377	85521-86340	5144	blaTEM-1	1
RefSeq_NZ_CP064219.1	IncFII	Gram-negative	IS26	84989-85808	95706-96527	9898	blaSHV-12,tet(A)	2
RefSeq_NZ_CP064219.1	IncFII	Gram-negative	IS26	95706-96527	97927-98746	1400	catA2	1
RefSeq_NZ_CP064219.1	IncFII	Gram-negative	IS26	97927-98746	101471-102290	2725	dfrA14	1
RefSeq_NZ_CP064219.1	IncFII	Gram-negative	IS26	101471-102290	110445-111268	8155	sul2	1
RefSeq_NZ_CP064220.1	IncFII	Gram-negative	IS26	63605-64424	76455-77274	12031	aac(6')-Ib3,cmlA1,blaCTX-M-14	3
RefSeq_NZ_CP064220.1	IncFII	Gram-negative	IS26	76455-77274	81986-82805	4712	blaTEM-1	1
RefSeq_NZ_CP064225.1	IncFII	Gram-negative	IS26	70252-71072	73797-74616	2725	dfrA14	1
RefSeq_NZ_CP064225.1	IncFII	Gram-negative	IS26	73797-74616	82607-83428	7991	sul2	1
RefSeq_NZ_CP064226.1	IncFII	Gram-negative	IS26	64224-65043	77074-77893	12031	aac(6')-Ib3,cmlA1,blaCTX-M-14	3
RefSeq_NZ_CP064237.1	IncFII	Gram-negative	IS26	74053-74873	89969-90788	15096	blaSHV-12,blaKPC-2	2
RefSeq_NZ_CP064237.1	IncFII	Gram-negative	IS26	89969-90788	95500-96319	4712	blaTEM-1	1
RefSeq_NZ_CP064238.1	IncFII	Gram-negative	IS26	1-757	8912-9735	8155	sul2	1
RefSeq_NZ_CP064238.1	IncFII	Gram-negative	IS26	81268-82089	83489-84308	1400	catA2	1
RefSeq_NZ_CP064244.1	IncFII	Gram-negative	IS26	24620-25443	33598-34417	8155	sul2	1
RefSeq_NZ_CP064244.1	IncFII	Gram-negative	IS26	33598-34417	37142-37961	2725	dfrA14	1
RefSeq_NZ_CP064244.1	IncFII	Gram-negative	IS26	37142-37961	39361-40182	1400	catA2	1
RefSeq_NZ_CP064247.1	IncFII	Gram-negative	IS26	48361-49180	53664-54483	4484	aac(3)-IId	1
RefSeq_NZ_CP064247.1	IncFII	Gram-negative	IS26	53664-54483	64808-65627	10325	blaLAP-2,qnrS1	2
RefSeq_NZ_CP064247.1	IncFII	Gram-negative	IS26	118726-119545	120945-121768	1400	catA2	1
RefSeq_NZ_CP064247.1	IncFII	Gram-negative	IS26	120945-121768	129961-130780	8193	aph(6)-Id,aph(3'')-Ib,sul2	3
RefSeq_NZ_CP064253.1	IncFII	Gram-negative	IS26	22905-23724	27651-28472	3927	blaKPC-2	1
RefSeq_NZ_CP064253.1	IncFII	Gram-negative	IS26	83039-83859	87667-88486	3808	rmtB1,blaTEM-1	2
RefSeq_NZ_CP064253.1	IncFII	Gram-negative	IS26	87667-88486	89762-90581	1276	fosA3	1
RefSeq_NZ_CP064253.1	IncFII	Gram-negative	IS26	91566-92385	96410-97229	4025	blaCTX-M-65	1
RefSeq_NZ_CP064253.1	IncFII	Gram-negative	IS26	112944-113767	115156-115978	1389	catA2	1
RefSeq_NZ_CP064659.1	IncFII	Gram-negative	IS26	40991-41810	45324-46143	3514	tet(D)	1
RefSeq_NZ_CP064659.1	IncFII	Gram-negative	IS26	45324-46143	56592-57411	10449	qnrA1,sul1	2
RefSeq_NZ_CP064659.1	IncFII	Gram-negative	IS26	56592-57411	58811-59630	1400	catA2	1
RefSeq_NZ_CP064659.1	IncFII	Gram-negative	IS26	58811-59630	83086-83905	23456	sul2,aph(3'')-Ib,aph(6)-Id,qnrS1,blaTEM-1	5
RefSeq_NZ_CP064769.1	IncFII	Gram-negative	IS26	80067-80886	85348-86168	4462	mrx(A),mph(A)	2
RefSeq_NZ_CP064771.1	IncFII	Gram-negative	IS26	18849-19668	26209-27028	6541	blaKPC-2	1
RefSeq_NZ_CP064771.1	IncFII	Gram-negative	IS26	26209-27028	33569-34388	6541	blaKPC-2	1
RefSeq_NZ_CP065103.1	IncX1	Gram-negative	IS26	9819-10641	16523-17346	5882	floR,tet(A)	2
RefSeq_NZ_CP065103.1	IncX1	Gram-negative	IS26	16523-17346	19290-20109	1944	qnrS1	1
RefSeq_NZ_CP065103.1	IncX1	Gram-negative	IS26	19290-20109	21928-22747	1819	dfrA14	1
RefSeq_NZ_CP065113.1	IncX1	Gram-negative	IS26	11338-12157	14932-15751	2775	aadA22,lnu(F)	2
RefSeq_NZ_CP065164.1	IncFII	Gram-negative	IS26	129816-130636	144889-145681	14253	sul2,aph(3'')-Ib,aph(6)-Id,blaTEM-1,blaCTX-M-15	5
RefSeq_NZ_CP065164.1	IncFII	Gram-negative	IS26	144889-145681	152409-153228	6728	dfrA14	1
RefSeq_NZ_CP065164.1	IncFII	Gram-negative	IS26	152409-153228	166709-167528	13481	qnrB1,tet(A)	2
RefSeq_NZ_CP065164.1	IncFII	Gram-negative	IS26	166709-167528	169715-170534	2187	aac(6')-Ib-cr5,blaOXA-1,catB3	3
RefSeq_NZ_CP065168.1	IncFII	Gram-negative	IS26	129816-130636	144889-145681	14253	sul2,aph(3'')-Ib,aph(6)-Id,blaTEM-1,blaCTX-M-15	5
RefSeq_NZ_CP065168.1	IncFII	Gram-negative	IS26	144889-145681	152409-153228	6728	dfrA14	1
RefSeq_NZ_CP065168.1	IncFII	Gram-negative	IS26	152409-153228	159819-160639	6591	qnrB1	1
RefSeq_NZ_CP065168.1	IncFII	Gram-negative	IS26	159819-160639	162826-163645	2187	aac(6')-Ib-cr5,blaOXA-1,catB3	3
RefSeq_NZ_CP065173.1	IncFII	Gram-negative	IS26	132099-132919	147172-147964	14253	sul2,aph(3'')-Ib,aph(6)-Id,blaTEM-1,blaCTX-M-15	5
RefSeq_NZ_CP065173.1	IncFII	Gram-negative	IS26	147172-147964	154692-155511	6728	dfrA14	1
RefSeq_NZ_CP065173.1	IncFII	Gram-negative	IS26	154692-155511	162737-163557	7226	qnrB1	1
RefSeq_NZ_CP065344.1	IncFII	Gram-negative	IS26	817-1637	34101-34919	32464	tet(A)	1
RefSeq_NZ_CP065344.1	IncFII	Gram-negative	IS26	34101-34919	36319-37139	1400	catA2	1
RefSeq_NZ_CP065344.1	IncFII	Gram-negative	IS26	36319-37139	59184-60003	22045	mph(A),mrx(A),sul1,qnrB52,sul1,qnrB,sul1,aadA16,dfrA27,arr-3,aac(6')-Ib-cr5	11
RefSeq_NZ_CP065344.1	IncFII	Gram-negative	IS26	59184-60003	66265-67084	6262	floR	1
RefSeq_NZ_CP065344.1	IncFII	Gram-negative	IS26	67421-68240	69576-70395	1336	aac(3)-IId	1
RefSeq_NZ_CP065344.1	IncFII	Gram-negative	IS26	69576-70395	71436-72255	1041	aph(3')-Ia	1
RefSeq_NZ_CP065348.1	IncFII	Gram-negative	IS26	817-1637	34095-34916	32458	tet(A)	1
RefSeq_NZ_CP065348.1	IncFII	Gram-negative	IS26	34095-34916	36316-37136	1400	catA2	1
RefSeq_NZ_CP065348.1	IncFII	Gram-negative	IS26	36316-37136	59186-60005	22050	mph(A),mrx(A),sul1,qnrB52,sul1,qnrB52,sul1,aadA16,dfrA27,arr-3,aac(6')-Ib-cr5	11
RefSeq_NZ_CP065348.1	IncFII	Gram-negative	IS26	59186-60005	66267-67087	6262	floR	1
RefSeq_NZ_CP065348.1	IncFII	Gram-negative	IS26	67424-68243	69579-70398	1336	aac(3)-IId	1
RefSeq_NZ_CP065348.1	IncFII	Gram-negative	IS26	69579-70398	71439-72260	1041	aph(3')-Ia	1
RefSeq_NZ_CP065437.1	IncFII	Gram-negative	IS26	59573-60392	68057-68876	7665	blaDHA-1,qnrB4	2
RefSeq_NZ_CP065437.1	IncFII	Gram-negative	IS26	68057-68876	72008-72826	3132	aph(6)-Id,blaTEM-1	2
RefSeq_NZ_CP065437.1	IncFII	Gram-negative	IS26	72008-72826	83540-84359	10714	aac(3)-IId,floR,sul2	3
RefSeq_NZ_CP065437.1	IncFII	Gram-negative	IS26	83540-84359	85400-86220	1041	aph(3')-Ia	1
RefSeq_NZ_CP065440.1	IncFII	Gram-negative	IS26	16392-17211	23783-24603	6572	blaKPC-2	1
RefSeq_NZ_CP065440.1	IncFII	Gram-negative	IS26	23783-24603	28628-29447	4025	blaCTX-M-90	1
RefSeq_NZ_CP065449.1	IncFII	Gram-negative	IS26	15898-16717	30206-31024	13489	blaDHA-1,qnrB4	2
RefSeq_NZ_CP065449.1	IncFII	Gram-negative	IS26	30206-31024	31905-32724	881	catA1	1
RefSeq_NZ_CP065461.1	IncFII	Gram-negative	IS26	32403-33222	38497-39316	5275	blaKPC-2	1
RefSeq_NZ_CP065461.1	IncFII	Gram-negative	IS26	38497-39316	43341-44160	4025	blaCTX-M-65	1
RefSeq_NZ_CP065461.1	IncFII	Gram-negative	IS26	82589-83409	89418-90237	6009	tet(A)	1
RefSeq_NZ_CP065462.1	IncFII	Gram-negative	IS26	8857-9649	16377-17196	6728	dfrA14	1
RefSeq_NZ_CP065462.1	IncFII	Gram-negative	IS26	16377-17196	30677-31496	13481	qnrB1,tet(A)	2
RefSeq_NZ_CP065462.1	IncFII	Gram-negative	IS26	30677-31496	33683-34503	2187	aac(6')-Ib-cr5,blaOXA-1,catB3	3
RefSeq_NZ_CP065462.1	IncFII	Gram-negative	IS26	33683-34503	37103-37922	2600	aac(3)-IIe	1
RefSeq_NZ_CP065462.1	IncFII	Gram-negative	IS26	37103-37922	43273-44092	5351	blaCTX-M-15	1
RefSeq_NZ_CP065466.1	IncFII	Gram-negative	IS26	37620-38439	43714-44533	5275	blaKPC-2	1
RefSeq_NZ_CP065466.1	IncFII	Gram-negative	IS26	43714-44533	48558-49377	4025	blaCTX-M-65	1
RefSeq_NZ_CP065466.1	IncFII	Gram-negative	IS26	87806-88626	94636-95455	6010	tet(A)	1
RefSeq_NZ_CP065470.1	IncFII	Gram-negative	IS26	5169-5989	7030-7849	1041	aph(3')-Ia	1
RefSeq_NZ_CP065470.1	IncFII	Gram-negative	IS26	7030-7849	18563-19382	10714	sul2,floR,aac(3)-IId	3
RefSeq_NZ_CP065470.1	IncFII	Gram-negative	IS26	18563-19382	22514-23332	3132	blaTEM-1,aph(6)-Id	2
RefSeq_NZ_CP065470.1	IncFII	Gram-negative	IS26	22514-23332	30997-31816	7665	qnrB4,blaDHA-1	2
RefSeq_NZ_CP065556.1	IncFII	Gram-negative	IS26	33083-33904	36458-37280	2554	dfrA	1
RefSeq_NZ_CP065556.1	IncFII	Gram-negative	IS26	36458-37280	45446-46272	8166	sul2	1
RefSeq_NZ_CP065557.1	IncFII	Gram-negative	IS26	1180-2001	9587-10406	7586	blaKPC	1
RefSeq_NZ_CP065557.1	IncFII	Gram-negative	IS26	10613-11434	18981-19804	7547	blaSHV	1
RefSeq_NZ_CP065952.1	IncFII	Gram-negative	IS26	4393-5212	9237-10056	4025	blaCTX-M-65	1
RefSeq_NZ_CP065952.1	IncFII	Gram-negative	IS26	14449-15268	28512-29331	13244	blaSHV-12,blaKPC-2	2
RefSeq_NZ_CP065952.1	IncFII	Gram-negative	IS26	85371-86193	87582-88405	1389	catA2	1
RefSeq_NZ_CP065953.1	IncN	Gram-negative	IS26	129727-130546	134060-134879	3514	tet(D)	1
RefSeq_NZ_CP065953.1	IncN	Gram-negative	IS26	142726-143547	149488-150314	5941	aph(3'')-Ib,aph(6)-Id,aph(3')-Ia	3
RefSeq_NZ_CP065953.1	IncN	Gram-negative	IS1	192201-192968	218373-219140	25405	aac(3)-IIe,blaTEM-1,sul3,aadA1,cmlA1,aadA2,estX-3	7
RefSeq_NZ_CP066153.1	IncFII	Gram-negative	IS26	4393-5212	9087-9907	3875	blaCTX-M-65	1
RefSeq_NZ_CP066153.1	IncFII	Gram-negative	IS26	10892-11711	15519-16339	3808	blaTEM-1,rmtB1	2
RefSeq_NZ_CP066153.1	IncFII	Gram-negative	IS26	39134-39953	55053-55872	15100	blaSHV-12,blaKPC-71	2
RefSeq_NZ_CP066154.1	IncFII	Gram-negative	IS26	45101-45920	48645-49464	2725	dfrA14	1
RefSeq_NZ_CP066154.1	IncFII	Gram-negative	IS26	48645-49464	57619-58442	8155	sul2	1
RefSeq_NZ_CP066154.1	IncFII	Gram-negative	IS26	57619-58442	59842-60663	1400	catA2	1
RefSeq_NZ_CP066251.1	IncFII	Gram-negative	IS26	4393-5212	9237-10056	4025	blaCTX-M-65	1
RefSeq_NZ_CP066251.1	IncFII	Gram-negative	IS26	11041-11860	15668-16487	3808	blaTEM-1,rmtB1	2
RefSeq_NZ_CP066251.1	IncFII	Gram-negative	IS26	27588-28407	43503-44322	15096	blaSHV-12,blaKPC-2	2
RefSeq_NZ_CP066252.1	IncFII	Gram-negative	IS26	30669-31490	32890-33713	1400	catA2	1
RefSeq_NZ_CP066252.1	IncFII	Gram-negative	IS26	32890-33713	41868-42687	8155	sul2	1
RefSeq_NZ_CP066252.1	IncFII	Gram-negative	IS26	41868-42687	45412-46231	2725	dfrA14	1
RefSeq_NZ_CP066256.1	IncFII	Gram-negative	IS26	4393-5212	9237-10056	4025	blaCTX-M-65	1
RefSeq_NZ_CP066256.1	IncFII	Gram-negative	IS26	11041-11860	16524-17345	4664	blaSHV-12	1
RefSeq_NZ_CP066256.1	IncFII	Gram-negative	IS26	71909-72729	76537-77356	3808	rmtB1,blaTEM-1	2
RefSeq_NZ_CP066256.1	IncFII	Gram-negative	IS26	76537-77356	78632-79451	1276	fosA3	1
RefSeq_NZ_CP066256.1	IncFII	Gram-negative	IS26	79720-80539	90981-91800	10442	blaKPC-2	1
RefSeq_NZ_CP066257.1	IncFII	Gram-negative	IS26	5881-6700	9425-10244	2725	dfrA14	1
RefSeq_NZ_CP066257.1	IncFII	Gram-negative	IS26	81644-82465	83865-84688	1400	catA2	1
RefSeq_NZ_CP066518.1	IncFII	Gram-negative	IS26	18843-19662	27275-28095	7613	blaKPC-2	1
RefSeq_NZ_CP066518.1	IncFII	Gram-negative	IS26	28382-29202	36540-37362	7338	blaSHV-12	1
RefSeq_NZ_CP066518.1	IncFII	Gram-negative	IS26	71630-72450	76258-77077	3808	rmtB1,blaTEM-1	2
RefSeq_NZ_CP066518.1	IncFII	Gram-negative	IS26	76258-77077	78353-79172	1276	fosA3	1
RefSeq_NZ_CP066518.1	IncFII	Gram-negative	IS26	80157-80976	85001-85820	4025	blaCTX-M-65	1
RefSeq_NZ_CP066519.1	IncFII	Gram-negative	IS26	74875-75695	81302-82121	5607	aac(3)-IId	1
RefSeq_NZ_CP066519.1	IncFII	Gram-negative	IS26	81302-82121	90268-90967	8147	blaLAP-2,qnrS1	2
RefSeq_NZ_CP066519.1	IncFII	Gram-negative	IS26	90268-90967	140745-141565	49778	sul1,dfrA1,tet(A)	3
RefSeq_NZ_CP066525.1	IncFII	Gram-negative	IS1	65963-66675	101494-102261	34819	aph(3')-Ia,dfrA12,aadA2,sul1,mrx(A),mph(A)	6
RefSeq_NZ_CP066525.1	IncFII	Gram-negative	IS26	77689-78424	79465-80284	1041	aph(3')-Ia	1
RefSeq_NZ_CP066525.1	IncFII	Gram-negative	IS26	79465-80284	92534-93354	12250	dfrA12,aadA2,sul1,mrx(A),mph(A)	5
RefSeq_NZ_CP066530.1	IncFII	Gram-negative	IS26	74875-75695	81302-82121	5607	aac(3)-IId	1
RefSeq_NZ_CP066535.1	IncFII	Gram-negative	IS26	91078-91870	98598-99417	6728	dfrA14	1
RefSeq_NZ_CP066535.1	IncFII	Gram-negative	IS26	98598-99417	102017-102837	2600	aac(3)-IIe	1
RefSeq_NZ_CP066535.1	IncFII	Gram-negative	IS26	102017-102837	105024-105843	2187	aac(6')-Ib-cr5,blaOXA-1,catB3	3
RefSeq_NZ_CP066535.1	IncFII	Gram-negative	IS26	105024-105843	119251-120073	13408	tet(A),qnrB1	2
RefSeq_NZ_CP066536.1	IncFII	Gram-negative	IS26	5214-6040	9967-10786	3927	blaKPC-2	1
RefSeq_NZ_CP066536.1	IncFII	Gram-negative	IS26	9967-10786	14811-15630	4025	blaCTX-M-65	1
RefSeq_NZ_CP066536.1	IncFII	Gram-negative	IS26	16615-17434	21242-22062	3808	blaTEM-1,rmtB1	2
RefSeq_NZ_CP066544.1	IncFII	Gram-negative	IS26	2-821	7392-8213	6571	blaKPC-2	1
RefSeq_NZ_CP066544.1	IncFII	Gram-negative	IS26	10204-11023	15048-15867	4025	blaCTX-M-65	1
RefSeq_NZ_CP066845.1	IncFII	Gram-negative	IS26	22201-23020	25065-25888	2045	dfrA14	1
RefSeq_NZ_CP066846.1	IncN	Gram-negative	IS26	23325-24145	40739-41577	16594	qnrS1,blaNDM-29,ble,qnrS1	4
RefSeq_NZ_CP066892.1	IncFII	Gram-negative	IS26	23613-24432	39522-40342	15090	blaKPC-2,blaSHV-12	2
RefSeq_NZ_CP066892.1	IncFII	Gram-negative	IS26	64214-65033	68839-69658	3806	rmtB,blaTEM	2
RefSeq_NZ_CP066892.1	IncFII	Gram-negative	IS26	68839-69658	70933-71752	1275	fosA	1
RefSeq_NZ_CP066892.1	IncFII	Gram-negative	IS26	72737-73556	77580-78399	4024	blaCTX-M-65	1
RefSeq_NZ_CP066892.1	IncFII	Gram-negative	IS26	94292-95115	96504-97326	1389	catA2	1
RefSeq_NZ_CP066896.1	IncFII	Gram-negative	IS1	1329-2041	36860-37627	34819	aph(3')-Ia,dfrA12,aadA2,sul1,mrx(A),mph(A)	6
RefSeq_NZ_CP066896.1	IncFII	Gram-negative	IS26	13055-13790	14831-15650	1041	aph(3')-Ia	1
RefSeq_NZ_CP066896.1	IncFII	Gram-negative	IS26	14831-15650	27900-28720	12250	dfrA12,aadA2,sul1,mrx(A),mph(A)	5
RefSeq_NZ_CP066906.1	IncFII	Gram-negative	IS26	17141-17960	33057-33876	15097	blaKPC-2,blaSHV-12	2
RefSeq_NZ_CP066906.1	IncFII	Gram-negative	IS26	34861-35680	39705-40524	4025	blaCTX-M-65	1
RefSeq_NZ_CP066907.1	IncFII	Gram-negative	IS26	36059-36880	38280-39103	1400	catA2	1
RefSeq_NZ_CP066907.1	IncFII	Gram-negative	IS26	38280-39103	47258-48077	8155	sul2	1
RefSeq_NZ_CP066907.1	IncFII	Gram-negative	IS26	47258-48077	50802-51621	2725	dfrA14	1
RefSeq_NZ_CP066912.1	IncFII	Gram-negative	IS26	16321-17143	18532-19351	1389	catA2	1
RefSeq_NZ_CP066912.1	IncFII	Gram-negative	IS26	18532-19351	23278-24099	3927	blaKPC-2	1
RefSeq_NZ_CP066912.1	IncFII	Gram-negative	IS26	78669-79489	83297-84116	3808	rmtB1,blaTEM-1	2
RefSeq_NZ_CP066912.1	IncFII	Gram-negative	IS26	85101-85920	89945-90764	4025	blaCTX-M-65	1
RefSeq_NZ_CP066912.1	IncFII	Gram-negative	IS26	89945-90764	94789-95608	4025	blaCTX-M-65	1
RefSeq_NZ_CP066912.1	IncFII	Gram-negative	IS26	94789-95608	99633-100452	4025	blaCTX-M-65	1
RefSeq_NZ_CP067047.1	IncFII	Gram-negative	IS26	49671-50494	61445-62265	10951	arr-2,aac(6')-Ib,rmtF1,catB	4
RefSeq_NZ_CP067067.1	IncN	Gram-negative	IS26	126755-127577	154470-155289	26893	aac(6')-IIc,aac(3)-IIg,arr,ere(A),sul1,qnrB4,blaDHA-1,sul1	8
RefSeq_NZ_CP067067.1	IncN	Gram-negative	IS26	161421-162244	163644-164463	1400	catA2	1
RefSeq_NZ_CP067067.1	IncN	Gram-negative	IS26	163644-164463	167990-168809	3527	tet(D)	1
RefSeq_NZ_CP067067.1	IncN	Gram-negative	IS26	222875-223701	229642-230463	5941	aph(3')-Ia,aph(6)-Id,aph(3'')-Ib	3
RefSeq_NZ_CP067067.1	IncN	Gram-negative	IS26	234703-235523	238295-239114	2772	dfrA17	1
RefSeq_NZ_CP067067.1	IncN	Gram-negative	IS26	238295-239114	244452-245271	5338	oqxB,oqxA	2
RefSeq_NZ_CP067067.1	IncN	Gram-negative	IS26	244452-245271	246793-247612	1522	bleO	1
RefSeq_NZ_CP067067.1	IncN	Gram-negative	IS26	253614-254436	264778-265599	10342	floR,sul2	2
RefSeq_NZ_CP067233.1	IncN	Gram-negative	IS26	6022-6842	8777-9597	1935	fosA4	1
RefSeq_NZ_CP067246.1	IncN	Gram-negative	IS26	24615-25438	40209-41028	14771	floR,tet(A),aph(6)-Id,aph(3'')-Ib,sul2	5
RefSeq_NZ_CP067246.1	IncN	Gram-negative	IS26	41919-42740	45236-46055	2496	fosA3	1
RefSeq_NZ_CP067246.1	IncN	Gram-negative	IS26	45236-46055	48823-49643	2768	blaCTX-M-55	1
RefSeq_NZ_CP067252.1	IncX1	Gram-negative	IS26	1498-2319	20109-20928	17790	aph(3')-IIa	1
RefSeq_NZ_CP067252.1	IncX1	Gram-negative	IS26	20109-20928	31206-32029	10278	tet(A),floR	2
RefSeq_NZ_CP067256.1	IncFII	Gram-negative	IS26	91072-91864	98117-98936	6253	dfrA14	1
RefSeq_NZ_CP067257.1	IncN	Gram-negative	IS26	2969-3792	26996-27815	23204	floR,tet(A),estX-3,aadA2,cmlA1,aadA1,sul3	7
RefSeq_NZ_CP067257.1	IncN	Gram-negative	IS26	26996-27815	53398-54227	25583	aac(3)-IVa,aph(4)-Ia	2
RefSeq_NZ_CP067257.1	IncN	Gram-negative	IS26	53398-54227	55276-56095	1049	qnrB19	1
RefSeq_NZ_CP067263.1	IncN	Gram-negative	IS26	20920-21739	25116-25954	3377	blaCTX-M-14,fosA3	2
RefSeq_NZ_CP067269.1	IncN	Gram-negative	IS26	20920-21739	25116-25935	3377	blaCTX-M-14,fosA3	2
RefSeq_NZ_CP067278.1	IncN	Gram-negative	IS26	21006-21825	25202-26021	3377	blaCTX-M-14,fosA3	2
RefSeq_NZ_CP067313.1	IncFII	Gram-negative	IS26	6624-7288	24180-24999	16892	blaTEM-1,blaLAP-2,qnrS1,aph(6)-Id,aph(3'')-Ib,sul2	6
RefSeq_NZ_CP067313.1	IncFII	Gram-negative	IS26	24180-24999	26908-27727	1909	dfrA14	1
RefSeq_NZ_CP067315.1	IncN	Gram-negative	IS26	20920-21739	25116-25935	3377	blaCTX-M-14,fosA3	2
RefSeq_NZ_CP067371.1	IncFII	Gram-negative	IS26	106782-107601	145028-145820	37427	sul2,aph(3'')-Ib,aph(6)-Id,blaTEM-1,blaCTX-M-15	5
RefSeq_NZ_CP067371.1	IncFII	Gram-negative	IS26	145028-145820	152548-153367	6728	dfrA14	1
RefSeq_NZ_CP067371.1	IncFII	Gram-negative	IS26	152548-153367	155967-156787	2600	aac(3)-IIe	1
RefSeq_NZ_CP067371.1	IncFII	Gram-negative	IS26	155967-156787	158974-159793	2187	aac(6')-Ib-cr5,blaOXA-1,catB3	3
RefSeq_NZ_CP067371.1	IncFII	Gram-negative	IS26	158974-159793	173201-174020	13408	tet(A),qnrB1	2
RefSeq_NZ_CP067373.1	IncFII	Gram-negative	IS26	106414-107233	109420-110239	2187	catB3,blaOXA-1,aac(6')-Ib-cr5	3
RefSeq_NZ_CP067373.1	IncFII	Gram-negative	IS26	109420-110239	124207-125026	13968	blaCTX-M-15,blaTEM-1,aph(6)-Id,aph(3'')-Ib,sul2	5
RefSeq_NZ_CP067373.1	IncFII	Gram-negative	IS26	124207-125026	132895-133714	7869	dfrA14	1
RefSeq_NZ_CP067382.1	IncFII	Gram-negative	IS26	5550-6369	12185-13005	5816	arr-2,cmlA5,blaOXA-10,aadA1,dfrA14	5
RefSeq_NZ_CP067435.1	IncFII	Gram-negative	IS26	80885-81704	97163-97983	15459	sul1,blaGES-5	2
RefSeq_NZ_CP068042.1	IncN	Gram-negative	IS26	95031-95857	97031-97850	1174	aph(3')-Ia	1
RefSeq_NZ_CP068042.1	IncN	Gram-negative	IS26	108038-108861	115324-116145	6463	floR	1
RefSeq_NZ_CP068042.1	IncN	Gram-negative	IS26	117128-117948	141187-142006	23239	tet(A),sul3	2
RefSeq_NZ_CP068042.1	IncN	Gram-negative	IS26	141187-142006	144787-145606	2781	lnu(F),aadA22	2
RefSeq_NZ_CP068042.1	IncN	Gram-negative	IS26	144787-145606	149362-150181	3756	aac(3)-IId	1
RefSeq_NZ_CP068042.1	IncN	Gram-negative	IS26	149362-150181	156239-157059	6058	blaLAP-2,blaTEM-1	2
RefSeq_NZ_CP068042.1	IncN	Gram-negative	IS26	156239-157059	160612-161393	3553	mph(A),mrx(A)	2
RefSeq_NZ_CP068042.1	IncN	Gram-negative	IS26	160612-161393	172518-173338	11125	qnrS1,blaCTX-M-55	2
RefSeq_NZ_CP068042.1	IncN	Gram-negative	IS26	172518-173338	175589-176408	2251	arr-2,dfrA14	2
RefSeq_NZ_CP068140.1	IncFII	Gram-negative	IS26	158368-159188	162715-163534	3527	tet(D)	1
RefSeq_NZ_CP068333.1	IncFII	Gram-negative	IS26	17308-18127	37305-38124	19178	tet(B),dfrA	2
RefSeq_NZ_CP068333.1	IncFII	Gram-negative	IS26	37305-38124	40041-40861	1917	blaTEM-1	1
RefSeq_NZ_CP068333.1	IncFII	Gram-negative	IS26	40041-40861	50790-51609	9929	mph(A),mrx(A),sul1,aadA5,dfrA17	5
RefSeq_NZ_CP068333.1	IncFII	Gram-negative	IS1	29217-29984	34141-34908	4157	tet(B)	1
RefSeq_NZ_CP068333.1	IncFII	Gram-negative	IS1	34141-34908	54500-55267	19592	blaTEM-1,mph(A),mrx(A),sul1,aadA5,dfrA17,blaOXA-48	7
RefSeq_NZ_CP068344.1	IncFII	Gram-negative	IS26	5689-6509	18120-18954	11611	blaOXA-48	1
RefSeq_NZ_CP068344.1	IncFII	Gram-negative	IS26	75062-75882	83080-83899	7198	tet(A)	1
RefSeq_NZ_CP068344.1	IncFII	Gram-negative	IS26	83080-83899	86086-86905	2187	aac(6')-Ib-cr5,blaOXA-1,catB3	3
RefSeq_NZ_CP068344.1	IncFII	Gram-negative	IS26	86086-86905	90490-91312	3585	blaCTX-M-15	1
RefSeq_NZ_CP068344.1	IncFII	Gram-negative	IS26	90490-91312	102391-103212	11079	dfrA17,aadA5,sul1,mrx(A),mph(A)	5
RefSeq_NZ_CP068387.1	IncX1	Gram-negative	ISAba1	8176-9323	17805-18950	8482	sul2	1
RefSeq_NZ_CP068608.1	IncFII	Gram-negative	IS1	65960-66672	95175-95942	28503	aph(3')-Ia,mph(A),mrx(A),sul1,aadA2,dfrA12,catA1	7
RefSeq_NZ_CP068608.1	IncFII	Gram-negative	IS26	76276-77095	78136-78956	1041	aph(3')-Ia	1
RefSeq_NZ_CP068616.1	IncFII	Gram-negative	IS1	64763-65475	93977-94744	28502	aph(3')-Ia,mph(A),mrx(A),sul1,aadA2,dfrA12,catA1	7
RefSeq_NZ_CP068616.1	IncFII	Gram-negative	IS26	75162-75897	76938-77758	1041	aph(3')-Ia	1
RefSeq_NZ_CP068620.1	IncFII	Gram-negative	IS1	64763-65475	93065-93832	27590	aph(3')-Ia,mph(A),mrx(A),sul1,aadA2,dfrA12	6
RefSeq_NZ_CP068620.1	IncFII	Gram-negative	IS26	75162-75897	76938-77758	1041	aph(3')-Ia	1
RefSeq_NZ_CP068687.1	IncFII	Gram-negative	IS26	17907-18730	22657-23476	3927	blaKPC-2	1
RefSeq_NZ_CP068687.1	IncFII	Gram-negative	IS26	150336-151156	154964-155783	3808	rmtB1,blaTEM-1	2
RefSeq_NZ_CP068691.1	IncFII	Gram-negative	IS26	140107-140926	141967-142787	1041	aph(3')-Ia	1
RefSeq_NZ_CP068691.1	IncFII	Gram-negative	IS26	141967-142787	161991-162811	19204	mph(A),mrx(A),sul1,blaDHA,sul1,aadA16,dfrA27,arr-3,aac(6')-Ib-cr5	9
RefSeq_NZ_CP068691.1	IncFII	Gram-negative	IS26	180361-181180	184707-185530	3527	tet(D)	1
RefSeq_NZ_CP068692.1	IncFII	Gram-negative	IS26	17907-18730	22657-23476	3927	blaKPC-2	1
RefSeq_NZ_CP068692.1	IncFII	Gram-negative	IS26	150333-151153	154961-155780	3808	rmtB1,blaTEM-1	2
RefSeq_NZ_CP068849.1	IncFII	Gram-negative	IS1	7770-8537	28865-29632	20328	blaOXA-48	1
RefSeq_NZ_CP068850.1	IncFII	Gram-negative	IS26	17308-18127	37305-38124	19178	tet(B),dfrA	2
RefSeq_NZ_CP068850.1	IncFII	Gram-negative	IS26	37305-38124	40041-40861	1917	blaTEM-1	1
RefSeq_NZ_CP068850.1	IncFII	Gram-negative	IS26	40041-40861	50777-51596	9916	mph(A),mrx(A),sul1,aadA5,dfrA17	5
RefSeq_NZ_CP068850.1	IncFII	Gram-negative	IS1	29217-29984	34141-34908	4157	tet(B)	1
RefSeq_NZ_CP068850.1	IncFII	Gram-negative	IS1	34141-34908	54487-55254	19579	blaTEM-1,mph(A),mrx(A),sul1,aadA5,dfrA17,blaOXA-48	7
RefSeq_NZ_CP068889.1	IncFII	Gram-negative	IS26	107600-108419	112555-113374	4136	mph(A),mrx(A)	2
RefSeq_NZ_CP068889.1	IncFII	Gram-negative	IS26	112555-113374	121110-121927	7736	catA1	1
RefSeq_NZ_CP068889.1	IncFII	Gram-negative	IS1	80624-81391	120320-121086	38929	blaOXA-48,mph(A),mrx(A),catA1	4
RefSeq_NZ_CP069047.1	IncFII	Gram-negative	IS1	66297-67009	79518-80285	12509	catA1	1
RefSeq_NZ_CP069172.1	IncFII	Gram-negative	IS26	11877-12697	16505-17324	3808	rmtB1,blaTEM-1	2
RefSeq_NZ_CP069172.1	IncFII	Gram-negative	IS26	18309-19128	23153-23972	4025	blaCTX-M-65	1
RefSeq_NZ_CP069172.1	IncFII	Gram-negative	IS26	107319-108138	123235-124054	15097	blaKPC-2,blaSHV-12	2
RefSeq_NZ_CP069176.1	IncFII	Gram-negative	IS26	19591-20410	23135-23954	2725	dfrA14	1
RefSeq_NZ_CP069176.1	IncFII	Gram-negative	IS26	23135-23954	32109-32932	8155	sul2	1
RefSeq_NZ_CP069176.1	IncFII	Gram-negative	IS26	32109-32932	34332-35153	1400	catA2	1
RefSeq_NZ_CP069201.1	IncFII	Gram-negative	IS26	4393-5212	9237-10057	4025	blaCTX-M-14	1
RefSeq_NZ_CP069201.1	IncFII	Gram-negative	IS26	9237-10057	16538-17357	6481	blaKPC-2	1
RefSeq_NZ_CP069560.1	IncFII	Gram-negative	IS26	14223-15042	33674-34493	18632	blaKPC-2	1
RefSeq_NZ_CP069590.1	IncFII	Gram-negative	IS26	613-1432	3619-4438	2187	aac(6')-Ib-cr5,blaOXA-1,catB3	3
RefSeq_NZ_CP069590.1	IncFII	Gram-negative	IS26	4646-5469	26227-27046	20758	blaTEM-1	1
RefSeq_NZ_CP069590.1	IncFII	Gram-negative	IS26	26227-27046	34566-35385	7520	tet(A)	1
RefSeq_NZ_CP069590.1	IncFII	Gram-negative	IS26	107656-108475	116546-117365	8071	blaCTX-M-15	1
RefSeq_NZ_CP069693.1	IncFII	Gram-negative	IS1	4994-5760	29367-30129	23607	aph(3')-Ia,blaTEM,dfrA1,aadA1,sul1,aph(6)-Id,aph(3'')-Ib,sul2	8
RefSeq_NZ_CP069693.1	IncFII	Gram-negative	IS1	29367-30129	33937-34704	3808	tet(B)	1
RefSeq_NZ_CP069693.1	IncFII	Gram-negative	IS26	10370-11188	12229-13046	1041	aph(3')-Ia	1
RefSeq_NZ_CP069693.1	IncFII	Gram-negative	IS26	12229-13046	14839-15658	1793	blaTEM	1
RefSeq_NZ_CP069693.1	IncFII	Gram-negative	IS26	14839-15658	23399-24218	7741	dfrA1,aadA1,sul1	3
RefSeq_NZ_CP069693.1	IncFII	Gram-negative	IS26	23399-24218	28604-29366	4386	aph(6)-Id,aph(3'')-Ib,sul2	3
RefSeq_NZ_CP069708.1	IncX1	Gram-negative	IS1	13187-13950	53253-54020	39303	blaTEM-1,floR	2
RefSeq_NZ_CP069708.1	IncX1	Gram-negative	IS26	45362-46181	52089-52909	5908	floR	1
RefSeq_NZ_CP069711.1	IncX1	Gram-negative	IS26	5258-6078	7600-8419	1522	bleO	1
RefSeq_NZ_CP069711.1	IncX1	Gram-negative	IS26	7600-8419	13626-14445	5207	oqxA,oqxB	2
RefSeq_NZ_CP069711.1	IncX1	Gram-negative	IS26	13626-14445	20353-21173	5908	floR	1
RefSeq_NZ_CP069711.1	IncX1	Gram-negative	IS26	73424-74243	77525-78344	3282	sul3	1
RefSeq_NZ_CP069711.1	IncX1	Gram-negative	IS26	79186-80007	85633-86452	5626	tet(M)	1
RefSeq_NZ_CP069711.1	IncX1	Gram-negative	IS26	111611-112430	113471-114291	1041	aph(3')-Ia	1
RefSeq_NZ_CP069711.1	IncX1	Gram-negative	IS26	113471-114291	117844-118625	3553	mph(A),mrx(A)	2
RefSeq_NZ_CP069713.1	IncFII	Gram-negative	IS26	2816-3635	27397-28216	23762	tet(M),aadA1,cmlA1,aadA2,dfrA12,floR,sul2	7
RefSeq_NZ_CP069713.1	IncFII	Gram-negative	IS26	27397-28216	34247-35066	6031	aadA22	1
RefSeq_NZ_CP069713.1	IncFII	Gram-negative	IS26	34247-35066	41343-42163	6277	erm(42),tet(A)	2
RefSeq_NZ_CP069713.1	IncFII	Gram-negative	IS26	41343-42163	43685-44504	1522	bleO	1
RefSeq_NZ_CP069713.1	IncFII	Gram-negative	IS26	43685-44504	45705-46524	1201	aadA1,dfrA14	2
RefSeq_NZ_CP069713.1	IncFII	Gram-negative	IS26	53704-54524	60631-61451	6107	mrx(A),mph(A)	2
RefSeq_NZ_CP069713.1	IncFII	Gram-negative	IS26	60631-61451	65218-66041	3767	aac(3)-IId	1
RefSeq_NZ_CP069713.1	IncFII	Gram-negative	IS26	65218-66041	70916-71738	4875	blaTEM-1,sul3	2
RefSeq_NZ_CP069713.1	IncFII	Gram-negative	IS26	70916-71738	72779-73598	1041	aph(3')-Ia	1
RefSeq_NZ_CP069822.1	IncFII	Gram-negative	IS26	152934-153753	155940-156759	2187	catB3,blaOXA-1,aac(6')-Ib-cr5	3
RefSeq_NZ_CP069822.1	IncFII	Gram-negative	IS26	155940-156759	160499-161318	3740	blaCTX-M-15	1
RefSeq_NZ_CP069822.1	IncFII	Gram-negative	IS26	160499-161318	163918-164738	2600	aac(3)-IIe	1
RefSeq_NZ_CP069822.1	IncFII	Gram-negative	IS26	163918-164738	166925-167744	2187	catB3,blaOXA-1,aac(6')-Ib-cr5	3
RefSeq_NZ_CP069822.1	IncFII	Gram-negative	IS26	166925-167744	181133-181952	13389	tet(A),qnrB1	2
RefSeq_NZ_CP069866.1	IncN	Gram-negative	IS26	1305-2124	6659-7479	4535	aac(3)-IId	1
RefSeq_NZ_CP069866.1	IncN	Gram-negative	IS26	6659-7479	50906-51749	43427	dfrA14	1
RefSeq_NZ_CP069883.1	IncFII	Gram-negative	IS1	56855-57622	91349-92116	33727	aph(6)-Id,aph(3'')-Ib,sul2,blaTEM-1,dfrA8	5
RefSeq_NZ_CP069883.1	IncFII	Gram-negative	IS1	91349-92116	95707-96474	3591	tet(B)	1
RefSeq_NZ_CP069883.1	IncFII	Gram-negative	IS26	89199-90026	107564-108383	17538	dfrA8,tet(B)	2
RefSeq_NZ_CP069974.1	IncFII	Gram-negative	IS26	15425-16244	20675-21494	4431	dfrA17,aadA5,sul1	3
RefSeq_NZ_CP069974.1	IncFII	Gram-negative	IS26	20675-21494	23417-24248	1923	blaTEM-1	1
RefSeq_NZ_CP069974.1	IncFII	Gram-negative	IS26	23417-24248	37222-38041	12974	blaCTX-M-15,qnrS1	2
RefSeq_NZ_CP069974.1	IncFII	Gram-negative	IS26	37222-38041	42482-43302	4441	erm(B)	1
RefSeq_NZ_CP069974.1	IncFII	Gram-negative	IS26	42482-43302	53154-53973	9852	mph(A),mrx(A),sul1,aadA5,dfrA17	5
RefSeq_NZ_CP069974.1	IncFII	Gram-negative	IS26	66991-67810	73364-74183	5554	aac(3)-IId	1
RefSeq_NZ_CP069982.1	IncFII	Gram-negative	IS1	86249-87016	115732-116491	28716	blaTEM-1,aph(6)-Id,aph(3'')-Ib,sul2,mph(A),mrx(A),dfrA14	7
RefSeq_NZ_CP069982.1	IncFII	Gram-negative	IS26	93101-93920	101628-102447	7708	blaTEM-1,aph(6)-Id,aph(3'')-Ib,sul2	4
RefSeq_NZ_CP070008.1	IncFII	Gram-negative	IS26	144810-145629	173902-174721	28273	tet(B),dfrA14,mrx(A),mph(A)	4
RefSeq_NZ_CP070008.1	IncFII	Gram-negative	IS26	173902-174721	182429-183248	7708	blaTEM-1,aph(6)-Id,aph(3'')-Ib,sul2	4
RefSeq_NZ_CP070008.1	IncFII	Gram-negative	IS1	156719-157486	163075-163842	5589	tet(B)	1
RefSeq_NZ_CP070008.1	IncFII	Gram-negative	IS1	163075-163842	193474-194240	29632	dfrA14,mrx(A),mph(A),blaTEM-1,aph(6)-Id,aph(3'')-Ib,sul2	7
RefSeq_NZ_CP070016.1	IncFII	Gram-negative	IS26	31798-32626	41885-42704	9259	qnrB1	1
RefSeq_NZ_CP070016.1	IncFII	Gram-negative	IS26	41885-42704	50740-51559	8036	dfrA14	1
RefSeq_NZ_CP070016.1	IncFII	Gram-negative	IS26	50740-51559	65527-66346	13968	sul2,aph(3'')-Ib,aph(6)-Id,blaTEM-1,blaCTX-M-15	5
RefSeq_NZ_CP070016.1	IncFII	Gram-negative	IS26	65527-66346	68533-69353	2187	aac(6')-Ib-cr5,blaOXA-1391,catB3	3
RefSeq_NZ_CP070016.1	IncFII	Gram-negative	IS26	68533-69353	71953-72772	2600	aac(3)-IIe	1
RefSeq_NZ_CP070021.1	IncFII	Gram-negative	IS26	160913-161733	175377-176194	13644	sul2,aph(3'')-Ib,aph(6)-Id,blaTEM-1,blaCTX-M-15	5
RefSeq_NZ_CP070047.1	IncFII	Gram-negative	IS26	13680-14499	18026-18845	3527	tet(D)	1
RefSeq_NZ_CP070047.1	IncFII	Gram-negative	IS26	20071-20807	35754-36573	14947	dfrA7,sul1	2
RefSeq_NZ_CP070047.1	IncFII	Gram-negative	IS26	35754-36573	40579-41399	4006	blaSHV-1	1
RefSeq_NZ_CP070093.1	IncN	Gram-negative	IS26	169982-170801	175032-175855	4231	tet(A)	1
RefSeq_NZ_CP070093.1	IncN	Gram-negative	IS26	175032-175855	176904-177734	1049	qnrB19	1
RefSeq_NZ_CP070097.1	IncFII	Gram-negative	IS26	65957-66791	72697-73517	5906	blaCTX-M-15	1
RefSeq_NZ_CP070097.1	IncFII	Gram-negative	IS26	72697-73517	83284-84104	9767	mph(A),mrx(A),sul1,aadA5,dfrA17	5
RefSeq_NZ_CP070159.1	IncFII	Gram-negative	IS26	3727-4555	16909-17728	12354	tet(A),qnrB1	2
RefSeq_NZ_CP070159.1	IncFII	Gram-negative	IS26	16909-17728	25764-26583	8036	dfrA14	1
RefSeq_NZ_CP070159.1	IncFII	Gram-negative	IS26	25764-26583	40551-41370	13968	sul2,aph(3'')-Ib,aph(6)-Id,blaTEM-1,blaCTX-M-15	5
RefSeq_NZ_CP070159.1	IncFII	Gram-negative	IS26	40551-41370	43557-44377	2187	aac(6')-Ib-cr5,blaOXA-1391,catB3	3
RefSeq_NZ_CP070159.1	IncFII	Gram-negative	IS26	43557-44377	46977-47796	2600	aac(3)-IIe	1
RefSeq_NZ_CP070171.1	IncFII	Gram-negative	IS26	17419-18238	39468-40287	21230	tet(B),catA1	2
RefSeq_NZ_CP070171.1	IncFII	Gram-negative	IS26	39468-40287	41299-42126	1012	dfrA8	1
RefSeq_NZ_CP070171.1	IncFII	Gram-negative	IS1	29328-30095	33686-34453	3591	tet(B)	1
RefSeq_NZ_CP070171.1	IncFII	Gram-negative	IS1	33686-34453	65852-66619	31399	catA1,dfrA8,blaTEM-1,sul2,aph(3'')-Ib,aph(6)-Id	6
RefSeq_NZ_CP070293.1	IncN	Gram-negative	IS26	52937-53619	58389-59208	4770	fosA3	1
RefSeq_NZ_CP070293.1	IncN	Gram-negative	IS26	58389-59208	61976-62796	2768	blaCTX-M-55	1
RefSeq_NZ_CP070300.1	IncN	Gram-negative	IS26	76487-77307	80075-80894	2768	blaCTX-M-55	1
RefSeq_NZ_CP070300.1	IncN	Gram-negative	IS26	80075-80894	83390-84211	2496	fosA3	1
RefSeq_NZ_CP070411.1	IncFII	Gram-negative	IS26	39064-39884	45234-46053	5350	catA1	1
RefSeq_NZ_CP070411.1	IncFII	Gram-negative	IS26	45234-46053	57428-58247	11375	blaTEM-1,qnrS1	2
RefSeq_NZ_CP070411.1	IncFII	Gram-negative	IS26	57428-58247	77947-78767	19700	catB,rmtF1,aac(6')-Ib,arr-2	4
RefSeq_NZ_CP070416.1	IncFII	Gram-negative	IS26	39064-39884	45234-46053	5350	catA1	1
RefSeq_NZ_CP070416.1	IncFII	Gram-negative	IS26	45234-46053	57428-58247	11375	blaTEM-1,qnrS1	2
RefSeq_NZ_CP070416.1	IncFII	Gram-negative	IS26	57428-58247	77947-78767	19700	catB,rmtF1,aac(6')-Ib,arr-2	4
RefSeq_NZ_CP070426.1	IncFII	Gram-negative	IS26	39064-39884	45234-46053	5350	catA1	1
RefSeq_NZ_CP070426.1	IncFII	Gram-negative	IS26	45234-46053	57428-58247	11375	blaTEM-1,qnrS1	2
RefSeq_NZ_CP070426.1	IncFII	Gram-negative	IS26	57428-58247	77947-78767	19700	catB,rmtF1,aac(6')-Ib,arr-2	4
RefSeq_NZ_CP070431.1	IncFII	Gram-negative	IS26	39064-39884	45234-46053	5350	catA1	1
RefSeq_NZ_CP070431.1	IncFII	Gram-negative	IS26	45234-46053	57428-58247	11375	blaTEM-1,qnrS1	2
RefSeq_NZ_CP070431.1	IncFII	Gram-negative	IS26	57428-58247	77947-78767	19700	catB,rmtF1,aac(6')-Ib,arr-2	4
RefSeq_NZ_CP070438.1	IncFII	Gram-negative	IS26	7111-7930	40194-40986	32264	blaTEM-1,blaOXA-9,aadA1,aac(6')-Ib,blaCTX-M-15	5
RefSeq_NZ_CP070446.1	IncFII	Gram-negative	IS26	39064-39884	45234-46053	5350	catA1	1
RefSeq_NZ_CP070446.1	IncFII	Gram-negative	IS26	45234-46053	57428-58247	11375	blaTEM-1,qnrS1	2
RefSeq_NZ_CP070446.1	IncFII	Gram-negative	IS26	57428-58247	77947-78767	19700	catB,rmtF1,aac(6')-Ib,arr-2	4
RefSeq_NZ_CP070450.1	IncFII	Gram-negative	IS26	39064-39884	45234-46053	5350	catA1	1
RefSeq_NZ_CP070450.1	IncFII	Gram-negative	IS26	45234-46053	57428-58247	11375	blaTEM-1,qnrS1	2
RefSeq_NZ_CP070450.1	IncFII	Gram-negative	IS26	57428-58247	77947-78767	19700	catB,rmtF1,aac(6')-Ib,arr-2	4
RefSeq_NZ_CP070460.1	IncFII	Gram-negative	IS26	39064-39884	45234-46053	5350	catA1	1
RefSeq_NZ_CP070460.1	IncFII	Gram-negative	IS26	45234-46053	57428-58247	11375	blaTEM-1,qnrS1	2
RefSeq_NZ_CP070460.1	IncFII	Gram-negative	IS26	57428-58247	82902-83722	24655	catB,blaTEM-1,rmtF,aac(6')-Ib,arr-2	5
RefSeq_NZ_CP070465.1	IncFII	Gram-negative	IS26	33704-34524	48777-49569	14253	sul2,aph(3'')-Ib,aph(6)-Id,blaTEM-1,blaCTX-M-15	5
RefSeq_NZ_CP070465.1	IncFII	Gram-negative	IS26	48777-49569	56297-57116	6728	dfrA14	1
RefSeq_NZ_CP070465.1	IncFII	Gram-negative	IS26	56297-57116	70597-71416	13481	qnrB1,tet(A)	2
RefSeq_NZ_CP070465.1	IncFII	Gram-negative	IS26	70597-71416	73603-74423	2187	aac(6')-Ib-cr5,blaOXA-1,catB3	3
RefSeq_NZ_CP070465.1	IncFII	Gram-negative	IS26	73603-74423	77023-77842	2600	aac(3)-IIe	1
RefSeq_NZ_CP070525.1	IncFII	Gram-negative	IS1	17294-18061	62434-63201	44373	blaKPC-2,blaOXA,blaTEM-1	3
RefSeq_NZ_CP070525.1	IncFII	Gram-negative	IS26	53520-54339	83122-83952	28783	blaOXA,blaTEM-1	2
RefSeq_NZ_CP070531.1	IncN	Gram-negative	IS26	53897-54716	65255-66076	10539	aph(6)-Id,aph(3'')-Ib,dfrA19,sul1,qnrB2	5
RefSeq_NZ_CP070535.1	IncN	Gram-negative	IS26	5097-5917	47808-48630	41891	aac(6')-Ib,blaKPC-2,mph(A),mrx(A),sul1,arr-3,catB3,blaOXA-1,aac(6')-Ib-cr5	9
RefSeq_NZ_CP070535.1	IncN	Gram-negative	IS26	55700-56519	58706-59526	2187	catB3,blaOXA-1,aac(6')-Ib-cr5	3
RefSeq_NZ_CP070538.1	IncN	Gram-negative	IS26	17649-18468	29007-29829	10539	aph(6)-Id,aph(3'')-Ib,dfrA19,sul1,qnrB2	5
RefSeq_NZ_CP070538.1	IncN	Gram-negative	IS26	29007-29829	37251-38072	7422	mph(A),mrx(A),sul1	3
RefSeq_NZ_CP070562.1	IncFII	Gram-negative	IS1	75082-75794	104295-105062	28501	aph(3')-Ia,mph(A),mrx(A),sul1,aadA2,dfrA12,catA1	7
RefSeq_NZ_CP070562.1	IncFII	Gram-negative	IS26	85481-86216	87257-88077	1041	aph(3')-Ia	1
RefSeq_NZ_CP070565.1	IncFII	Gram-negative	IS26	1-722	10429-11248	9707	armA,msr(E),mph(E)	3
RefSeq_NZ_CP070565.1	IncFII	Gram-negative	IS26	27383-28213	65463-66282	37250	blaKPC-2,blaTEM-1,blaOXA	3
RefSeq_NZ_CP070577.1	IncFII	Gram-negative	IS1	103856-104623	118141-118853	13518	catA1,aac(6')-Ib-cr5,blaOXA-1,catB3,arr-3,sul1	6
RefSeq_NZ_CP070581.1	IncFII	Gram-negative	IS26	54230-55049	61777-62596	6728	dfrA14	1
RefSeq_NZ_CP070581.1	IncFII	Gram-negative	IS26	61777-62596	65997-66821	3401	qnrB1	1
RefSeq_NZ_CP070581.1	IncFII	Gram-negative	IS26	65997-66821	74731-75551	7910	blaTEM-1,aph(6)-Id,aph(3'')-Ib,sul2	4
RefSeq_NZ_CP070590.1	IncFII	Gram-negative	IS26	79056-79876	86229-87050	6353	sul2,aph(3'')-Ib,aph(6)-Id	3
RefSeq_NZ_CP070590.1	IncFII	Gram-negative	IS26	86229-87050	93779-94609	6729	dfrA14	1
RefSeq_NZ_CP070595.1	IncFII	Gram-negative	IS1	55442-56209	86768-87480	30559	catA1,aac(6')-Ib-cr5,blaOXA-1,catB3,arr-3,sul1,qnrB4,blaDHA-1,sul1	9
RefSeq_NZ_CP070599.1	IncFII	Gram-negative	IS26	14826-15645	25352-26171	9707	armA,msr(E),mph(E)	3
RefSeq_NZ_CP070599.1	IncFII	Gram-negative	IS26	54062-54895	83678-84497	28783	blaTEM-1,blaOXA	2
RefSeq_NZ_CP070599.1	IncFII	Gram-negative	IS1	74816-75583	119956-120723	44373	blaTEM-1,blaOXA,blaKPC-2	3
RefSeq_NZ_CP070900.1	IncFII	Gram-negative	IS26	41649-42469	57299-58118	14830	qnrS1,ble,blaNDM-1	3
RefSeq_NZ_CP070925.1	IncX1	Gram-negative	IS26	40317-41136	42955-43774	1819	dfrA14	1
RefSeq_NZ_CP070952.1	IncN	Gram-negative	IS1	91462-92229	114897-115664	22668	aph(6)-Id,aph(3'')-Ib,sul2,mph(A),mrx(A),tet(M)	6
RefSeq_NZ_CP070952.1	IncN	Gram-negative	IS26	104381-105202	114250-114896	9048	mph(A),mrx(A),tet(M)	3
RefSeq_NZ_CP070952.1	IncN	Gram-negative	IS26	114250-114896	134455-135274	19559	tet(A)	1
RefSeq_NZ_CP070952.1	IncN	Gram-negative	IS26	134455-135274	137093-137915	1819	dfrA14	1
RefSeq_NZ_CP070952.1	IncN	Gram-negative	IS26	137093-137915	148708-149527	10793	sul3,blaTEM-1,oqxB,oqxA	4
RefSeq_NZ_CP070952.1	IncN	Gram-negative	IS26	148708-149527	151050-151869	1523	bleO	1
RefSeq_NZ_CP070952.1	IncN	Gram-negative	IS26	151050-151869	156047-156866	4178	qnrS1	1
RefSeq_NZ_CP070963.1	IncFII	Gram-negative	IS1	624-1359	44758-45525	43399	sul1,aadA1,blaOXA-1	3
RefSeq_NZ_CP070963.1	IncFII	Gram-negative	IS1	114797-115564	152236-153003	36672	tet(B)	1
RefSeq_NZ_CP071440.1	IncFII	Gram-negative	IS26	16379-17198	19115-19935	1917	blaTEM-1	1
RefSeq_NZ_CP071440.1	IncFII	Gram-negative	IS26	19115-19935	30168-30996	10233	mph(A),mrx(A),sul1,aadA5,dfrA17	5
RefSeq_NZ_CP071440.1	IncFII	Gram-negative	IS26	30168-30996	37466-38285	6470	tet(B)	1
RefSeq_NZ_CP071440.1	IncFII	Gram-negative	IS26	52031-52851	57237-58056	4386	sul2,aph(3'')-Ib,aph(6)-Id	3
RefSeq_NZ_CP071440.1	IncFII	Gram-negative	IS1	51131-51898	64141-64908	12243	sul2,aph(3'')-Ib,aph(6)-Id	3
RefSeq_NZ_CP071694.1	IncFII	Gram-negative	IS26	86744-87563	91463-92282	3900	blaTEM-1	1
RefSeq_NZ_CP071694.1	IncFII	Gram-negative	IS26	92719-93538	96319-97138	2781	aadA22,lnu(F)	2
RefSeq_NZ_CP071694.1	IncFII	Gram-negative	IS26	96319-97138	107651-108470	10513	aph(3'')-Ib,aph(6)-Id,aph(3')-Ia,aph(4)-Ia,aac(3)-IVa	5
RefSeq_NZ_CP071694.1	IncFII	Gram-negative	IS26	107651-108470	120182-121003	11712	sul3,aadA1,cmlA1,aadA2,estX-3	5
RefSeq_NZ_CP071694.1	IncFII	Gram-negative	IS26	190284-191103	202304-203123	11201	floR,tet(A)	2
RefSeq_NZ_CP071694.1	IncFII	Gram-negative	IS26	202304-203123	208939-209758	5816	dfrA14,aadA1,blaOXA-10,cmlA5,arr-2	5
RefSeq_NZ_CP071694.1	IncFII	Gram-negative	IS26	208939-209758	236156-236975	26398	qnrS1,tet(A)	2
RefSeq_NZ_CP071694.1	IncFII	Gram-negative	IS1	89215-89829	97877-98644	8048	aadA22,lnu(F)	2
RefSeq_NZ_CP071712.1	IncN	Gram-negative	IS26	93656-94482	95656-96476	1174	aph(3')-Ia	1
RefSeq_NZ_CP071712.1	IncN	Gram-negative	IS26	95656-96476	103807-104626	7331	blaTEM-1,blaLAP-2	2
RefSeq_NZ_CP071712.1	IncN	Gram-negative	IS26	103807-104626	108382-109201	3756	aac(3)-IId	1
RefSeq_NZ_CP071712.1	IncN	Gram-negative	IS26	108382-109201	111982-112801	2781	aadA22,lnu(F)	2
RefSeq_NZ_CP071712.1	IncN	Gram-negative	IS26	111982-112801	136040-136860	23239	sul3,tet(A)	2
RefSeq_NZ_CP071712.1	IncN	Gram-negative	IS26	137843-138664	145127-145950	6463	floR	1
RefSeq_NZ_CP071712.1	IncN	Gram-negative	IS26	156138-156961	166809-167590	9848	blaCTX-M-55,qnrS1	2
RefSeq_NZ_CP071712.1	IncN	Gram-negative	IS26	166809-167590	171143-171963	3553	mrx(A),mph(A)	2
RefSeq_NZ_CP071712.1	IncN	Gram-negative	IS26	171143-171963	174214-175033	2251	arr-2,dfrA14	2
RefSeq_NZ_CP071820.1	IncN	Gram-negative	IS26	124372-125193	142654-143473	17461	mcr-3.40,qnrS1	2
RefSeq_NZ_CP071820.1	IncN	Gram-negative	IS26	142654-143473	145504-146324	2031	mrx(A),mph(A)	2
RefSeq_NZ_CP071836.1	IncFII	Gram-negative	IS26	89135-89954	91354-92177	1400	catA2	1
RefSeq_NZ_CP071836.1	IncFII	Gram-negative	IS26	91354-92177	102098-102917	9921	sul2	1
RefSeq_NZ_CP071836.1	IncFII	Gram-negative	IS26	124657-125479	129006-129825	3527	tet(D)	1
RefSeq_NZ_CP071836.1	IncFII	Gram-negative	IS26	129006-129825	142207-143037	12382	sul2	1
RefSeq_NZ_CP071836.1	IncFII	Gram-negative	IS26	143228-144048	155186-156005	11138	mph(A),mrx(A),sul1,arr-3,catB3,blaOXA-1,aac(6')-Ib	7
RefSeq_NZ_CP071909.1	IncFII	Gram-negative	IS26	102233-103052	114190-115010	11138	aac(6')-Ib,blaOXA-1,catB3,arr-3,sul1,mrx(A),mph(A)	7
RefSeq_NZ_CP072404.1	IncFII	Gram-negative	IS26	39064-39884	45234-46053	5350	catA1	1
RefSeq_NZ_CP072404.1	IncFII	Gram-negative	IS26	45234-46053	57428-58247	11375	blaTEM-1,qnrS1	2
RefSeq_NZ_CP072404.1	IncFII	Gram-negative	IS26	57428-58247	77947-78767	19700	catB,rmtF1,aac(6')-Ib,arr-2	4
RefSeq_NZ_CP072409.1	IncFII	Gram-negative	IS26	39064-39884	45234-46053	5350	catA1	1
RefSeq_NZ_CP072409.1	IncFII	Gram-negative	IS26	45234-46053	57428-58247	11375	blaTEM-1,qnrS1	2
RefSeq_NZ_CP072409.1	IncFII	Gram-negative	IS26	57428-58247	77947-78767	19700	catB,rmtF1,aac(6')-Ib,arr-2	4
RefSeq_NZ_CP072414.1	IncFII	Gram-negative	IS26	39064-39884	45234-46053	5350	catA1	1
RefSeq_NZ_CP072414.1	IncFII	Gram-negative	IS26	45234-46053	57428-58247	11375	blaTEM-1,qnrS1	2
RefSeq_NZ_CP072414.1	IncFII	Gram-negative	IS26	57428-58247	77947-78767	19700	catB,rmtF1,aac(6')-Ib,arr-2	4
RefSeq_NZ_CP072423.1	IncFII	Gram-negative	IS26	33704-34524	48777-49569	14253	sul2,aph(3'')-Ib,aph(6)-Id,blaTEM-1,blaCTX-M-15	5
RefSeq_NZ_CP072423.1	IncFII	Gram-negative	IS26	48777-49569	56297-57116	6728	dfrA14	1
RefSeq_NZ_CP072423.1	IncFII	Gram-negative	IS26	56297-57116	70597-71416	13481	qnrB1,tet(A)	2
RefSeq_NZ_CP072423.1	IncFII	Gram-negative	IS26	70597-71416	73603-74423	2187	aac(6')-Ib-cr5,blaOXA-1,catB3	3
RefSeq_NZ_CP072423.1	IncFII	Gram-negative	IS26	73603-74423	77023-77842	2600	aac(3)-IIe	1
RefSeq_NZ_CP072458.1	IncN	Gram-negative	IS26	76470-77289	78330-79149	1041	aph(3')-Ia	1
RefSeq_NZ_CP072458.1	IncN	Gram-negative	IS26	78330-79149	87824-88647	8675	mef(B),sul3,aadA1,cmlA1	4
RefSeq_NZ_CP072458.1	IncN	Gram-negative	IS26	87824-88647	101007-101826	12360	floR,tet(A)	2
RefSeq_NZ_CP072458.1	IncN	Gram-negative	IS26	101007-101826	107642-108461	5816	dfrA14,aadA1,blaOXA-10,cmlA5,arr-2	5
RefSeq_NZ_CP072461.1	IncN	Gram-negative	IS1	220256-221022	227813-228580	6791	blaTEM,aadA22	2
RefSeq_NZ_CP072461.1	IncN	Gram-negative	IS26	187414-188233	189274-190093	1041	aph(3')-Ia	1
RefSeq_NZ_CP072461.1	IncN	Gram-negative	IS26	189274-190093	198768-199591	8675	mef(B),sul3,aadA1,cmlA1	4
RefSeq_NZ_CP072461.1	IncN	Gram-negative	IS26	198768-199591	207243-208062	7652	floR,tet(A)	2
RefSeq_NZ_CP072461.1	IncN	Gram-negative	IS26	207243-208062	213878-214697	5816	dfrA14,aadA1,blaOXA-10,cmlA5,arr-2	5
RefSeq_NZ_CP072461.1	IncN	Gram-negative	IS26	213878-214697	217105-217922	2408	qnrS1	1
RefSeq_NZ_CP072461.1	IncN	Gram-negative	IS26	221113-221930	224553-225371	2623	blaTEM	1
RefSeq_NZ_CP072557.1	IncFII	Gram-negative	IS26	26651-27470	42566-43386	15096	blaKPC-2,blaSHV-11	2
RefSeq_NZ_CP072557.1	IncFII	Gram-negative	IS26	62110-62932	65475-66294	2543	blaCTX-M-65	1
RefSeq_NZ_CP072859.1	IncFII	Gram-negative	IS1	4995-5762	9118-9885	3356	tet(B)	1
RefSeq_NZ_CP072859.1	IncFII	Gram-negative	IS1	9118-9885	57887-58654	48002	catA1,qepA4,dfrA12,aadA2,sul1,mrx(A),mph(A),erm(B)	8
RefSeq_NZ_CP072859.1	IncFII	Gram-negative	IS26	33634-34454	38522-39341	4068	erm(B)	1
RefSeq_NZ_CP072979.1	IncN	Gram-negative	IS26	1077-1886	28613-29433	26727	blaCTX-M-3,blaTEM-1	2
RefSeq_NZ_CP072979.1	IncN	Gram-negative	IS26	31232-32052	58411-59234	26359	qnrS1,dfrA14	2
RefSeq_NZ_CP072979.1	IncN	Gram-negative	IS26	58411-59234	62591-63410	3357	blaKPC-2	1
RefSeq_NZ_CP072981.1	IncN	Gram-negative	IS26	2607-3430	10656-11476	7226	arr-3,aac(6')-Ib3	2
RefSeq_NZ_CP072981.1	IncN	Gram-negative	IS26	10656-11476	37835-38654	26359	qnrS1,dfrA14	2
RefSeq_NZ_CP072981.1	IncN	Gram-negative	IS26	37835-38654	66408-67227	27754	blaTEM-1,blaCTX-M-3	2
RefSeq_NZ_CP072982.1	IncFII	Gram-negative	IS26	5010-5829	8406-9225	2577	blaCTX-M-27	1
RefSeq_NZ_CP073045.1	IncFII	Gram-negative	IS26	19539-20358	48989-49809	28631	tet(B),dfrA14,mrx(A),mph(A)	4
RefSeq_NZ_CP073045.1	IncFII	Gram-negative	IS26	51945-52764	60472-61291	7708	sul2,aph(3'')-Ib,aph(6)-Id,blaTEM-1	4
RefSeq_NZ_CP073045.1	IncFII	Gram-negative	IS1	31448-32215	37804-38571	5589	tet(B)	1
RefSeq_NZ_CP073045.1	IncFII	Gram-negative	IS1	37804-38571	67376-68143	28805	dfrA14,mrx(A),mph(A),sul2,aph(3'')-Ib,aph(6)-Id,blaTEM-1	7
RefSeq_NZ_CP073303.1	IncFII	Gram-negative	IS26	4393-5212	9237-10056	4025	blaCTX-M-65	1
RefSeq_NZ_CP073303.1	IncFII	Gram-negative	IS26	9237-10056	11332-12151	1276	fosA3	1
RefSeq_NZ_CP073303.1	IncFII	Gram-negative	IS26	39343-40163	43971-44790	3808	rmtB1,blaTEM-1	2
RefSeq_NZ_CP073303.1	IncFII	Gram-negative	IS26	47696-48515	57089-57910	8574	blaKPC-2	1
RefSeq_NZ_CP073303.1	IncFII	Gram-negative	IS26	111083-111905	113294-114117	1389	catA2	1
RefSeq_NZ_CP073352.1	IncFII	Gram-negative	IS26	60081-60900	64545-65364	3645	blaKPC-2	1
RefSeq_NZ_CP073352.1	IncFII	Gram-negative	IS26	69773-70592	74617-75436	4025	blaCTX-M-65	1
RefSeq_NZ_CP073361.1	IncN	Gram-negative	IS26	54083-54902	60099-60918	5197	oqxB,oqxA	2
RefSeq_NZ_CP073361.1	IncN	Gram-negative	IS26	60099-60918	62440-63260	1522	bleO	1
RefSeq_NZ_CP073361.1	IncN	Gram-negative	IS26	62440-63260	66265-67084	3005	sul1	1
RefSeq_NZ_CP073361.1	IncN	Gram-negative	IS26	66265-67084	73716-74536	6632	blaCTX-M-65	1
RefSeq_NZ_CP073361.1	IncN	Gram-negative	IS26	111725-112546	116707-117531	4161	mph(A),mrx(A)	2
RefSeq_NZ_CP073361.1	IncN	Gram-negative	IS26	116707-117531	121713-122359	4182	tet(M)	1
RefSeq_NZ_CP073361.1	IncN	Gram-negative	IS26	121713-122359	145533-146352	23174	tet(A),aph(6)-Id,aph(3'')-Ib,sul2,blaTEM-1	5
RefSeq_NZ_CP073361.1	IncN	Gram-negative	IS26	146789-147608	150389-151208	2781	aadA22,lnu(F)	2
RefSeq_NZ_CP073361.1	IncN	Gram-negative	IS26	150389-151208	161721-162542	10513	aph(3'')-Ib,aph(6)-Id,aph(3')-Ia,aph(4)-Ia,aac(3)-IVa	5
RefSeq_NZ_CP073361.1	IncN	Gram-negative	IS26	161721-162542	170318-171140	7776	floR	1
RefSeq_NZ_CP073361.1	IncN	Gram-negative	IS26	170318-171140	180021-180842	8881	mcr-1.1	1
RefSeq_NZ_CP073361.1	IncN	Gram-negative	IS1	122360-123127	151947-152714	28820	tet(A),aph(6)-Id,aph(3'')-Ib,sul2,blaTEM-1,aadA22,lnu(F)	7
RefSeq_NZ_CP073375.1	IncFII	Gram-negative	IS26	6357-7180	9905-10724	2725	dfrA14	1
RefSeq_NZ_CP073375.1	IncFII	Gram-negative	IS26	9905-10724	12124-12945	1400	catA2	1
RefSeq_NZ_CP073379.1	IncFII	Gram-negative	IS26	137970-138790	144449-145268	5659	qnrS1,blaLAP-2	2
RefSeq_NZ_CP073379.1	IncFII	Gram-negative	IS26	144449-145268	157682-158501	12414	sul1,dfrA1,tet(A)	3
RefSeq_NZ_CP073379.1	IncFII	Gram-negative	IS26	162493-163313	188724-189543	25411	blaCTX-M-14	1
RefSeq_NZ_CP073380.1	IncFII	Gram-negative	IS26	19916-20736	24544-25363	3808	rmtB1,blaTEM-1	2
RefSeq_NZ_CP073380.1	IncFII	Gram-negative	IS26	26334-27153	31178-31997	4025	blaCTX-M-65	1
RefSeq_NZ_CP073380.1	IncFII	Gram-negative	IS26	47892-48715	50104-50923	1389	catA2	1
RefSeq_NZ_CP073380.1	IncFII	Gram-negative	IS26	84482-85305	86694-87513	1389	catA2	1
RefSeq_NZ_CP073380.1	IncFII	Gram-negative	IS26	156521-157340	161267-162088	3927	blaKPC-2	1
RefSeq_NZ_CP073623.1	IncN	Gram-negative	IS26	18421-19243	26327-27147	7084	sul1,aadA2,dfrA12	3
RefSeq_NZ_CP073628.1	IncFII	Gram-negative	IS26	129954-130774	145027-145819	14253	sul2,aph(3'')-Ib,aph(6)-Id,blaTEM-206,blaCTX-M-15	5
RefSeq_NZ_CP073628.1	IncFII	Gram-negative	IS26	145027-145819	152547-153366	6728	dfrA14	1
RefSeq_NZ_CP073628.1	IncFII	Gram-negative	IS26	152547-153366	166847-167666	13481	qnrB1,tet(A)	2
RefSeq_NZ_CP073628.1	IncFII	Gram-negative	IS26	166847-167666	169853-170673	2187	aac(6')-Ib-cr5,blaOXA-1,catB3	3
RefSeq_NZ_CP073628.1	IncFII	Gram-negative	IS26	169853-170673	173273-174092	2600	aac(3)-IIe	1
RefSeq_NZ_CP073773.1	IncFII	Gram-negative	IS26	147113-147944	149848-150667	1904	dfrA14	1
RefSeq_NZ_CP073773.1	IncFII	Gram-negative	IS26	149848-150667	163106-163931	12439	sul2,floR	2
RefSeq_NZ_CP073774.1	IncN	Gram-negative	IS26	3565-4384	22618-23439	18234	aph(3'')-Ib,aph(6)-Id	2
RefSeq_NZ_CP073774.1	IncN	Gram-negative	IS26	22618-23439	26681-27501	3242	rmtB1,blaTEM-1	2
RefSeq_NZ_CP073785.1	IncFII	Gram-negative	IS26	26770-27589	29776-30595	2187	catB3,blaOXA-1,aac(6')-Ib-cr5	3
RefSeq_NZ_CP073785.1	IncFII	Gram-negative	IS26	29776-30595	42804-43624	12209	sul1,cmlA5,aadA1,ere(A),arr-2	5
RefSeq_NZ_CP073785.1	IncFII	Gram-negative	IS26	42804-43624	46224-47043	2600	aac(3)-IIe	1
RefSeq_NZ_CP073790.1	IncN	Gram-negative	IS26	6343-7162	8375-9194	1213	blaCTX-M-1	1
RefSeq_NZ_CP073922.1	IncFII	Gram-negative	IS26	4478-5297	6338-7157	1041	aph(3')-Ia	1
RefSeq_NZ_CP073922.1	IncFII	Gram-negative	IS26	6338-7157	8493-9313	1336	aac(3)-IId	1
RefSeq_NZ_CP073922.1	IncFII	Gram-negative	IS26	8493-9313	26824-27643	17511	mph(A),mrx(A),sul1,qnrB6,sul1,aadA16,dfrA27,arr-3,aac(6')-Ib-cr5	9
RefSeq_NZ_CP073922.1	IncFII	Gram-negative	IS26	26824-27643	37796-38620	10153	blaCTX-M-15,tet(A)	2
RefSeq_NZ_CP073923.1	IncN	Gram-negative	IS26	27063-27883	50353-51172	22470	blaIMP-4	1
RefSeq_NZ_CP073937.1	IncX1	Gram-negative	IS1	10162-10929	35537-36304	24608	qnrB19,qnrB19,sul3,aadA1,cmlA1,aadA2,dfrA12	7
RefSeq_NZ_CP073937.1	IncX1	Gram-negative	IS26	17101-17920	18884-19703	964	qnrB19	1
RefSeq_NZ_CP073937.1	IncX1	Gram-negative	IS26	18884-19703	20667-21486	964	qnrB19	1
RefSeq_NZ_CP074014.1	IncN	Gram-negative	IS26	3532-4350	7131-7948	2781	aadA22,lnu(F)	2
RefSeq_NZ_CP074025.1	IncX1	Gram-negative	IS1	7712-8479	31240-32007	22761	dfrA12,aadA2,cmlA1,aadA1,sul3,blaCTX-M-32	6
RefSeq_NZ_CP074025.1	IncX1	Gram-negative	IS1	31240-32007	47554-48321	15547	tet(A)	1
RefSeq_NZ_CP074025.1	IncX1	Gram-negative	IS26	22530-23349	45139-45958	21790	blaCTX-M-32,tet(A)	2
RefSeq_NZ_CP074029.1	IncX1	Gram-negative	IS1	877-1644	12188-12955	10544	blaCTX-M-32	1
RefSeq_NZ_CP074029.1	IncX1	Gram-negative	IS26	21203-22022	22986-23805	964	qnrB19	1
RefSeq_NZ_CP074029.1	IncX1	Gram-negative	IS26	22986-23805	24769-25588	964	qnrB19	1
RefSeq_NZ_CP074029.1	IncX1	Gram-negative	IS26	24769-25588	26552-27371	964	qnrB19	1
RefSeq_NZ_CP074050.1	IncX1	Gram-negative	IS1	5312-6079	9145-9912	3066	aph(3'')-Ib,aph(6)-Id	2
RefSeq_NZ_CP074118.1	IncN	Gram-negative	IS26	55155-55976	64550-65370	8574	blaKPC-2	1
RefSeq_NZ_CP074124.1	IncN	Gram-negative	IS26	22719-23540	32743-33562	9203	qnrS1	1
RefSeq_NZ_CP074124.1	IncN	Gram-negative	IS26	32743-33562	35085-35904	1523	bleO	1
RefSeq_NZ_CP074124.1	IncN	Gram-negative	IS26	35085-35904	38646-39465	2742	fosA3	1
RefSeq_NZ_CP074124.1	IncN	Gram-negative	IS26	38646-39465	42233-43053	2768	blaCTX-M-55	1
RefSeq_NZ_CP074186.1	IncFII	Gram-negative	IS26	13225-14045	30706-31526	16661	aac(6')-Ib-cr5,arr-3,dfrA27,aadA16,sul1,qnrB91,sul1,mrx(A),mph(A)	9
RefSeq_NZ_CP074357.1	IncN	Gram-negative	IS26	127276-128095	130346-131166	2251	dfrA14,arr-2	2
RefSeq_NZ_CP074357.1	IncN	Gram-negative	IS26	130346-131166	134719-135500	3553	mph(A),mrx(A)	2
RefSeq_NZ_CP074357.1	IncN	Gram-negative	IS26	134719-135500	152675-153494	17175	qnrS1,blaCTX-M-55,blaTEM-1,blaLAP-2	4
RefSeq_NZ_CP074357.1	IncN	Gram-negative	IS26	152675-153494	157250-158069	3756	aac(3)-IId	1
RefSeq_NZ_CP074357.1	IncN	Gram-negative	IS26	157250-158069	160850-161669	2781	aadA22,lnu(F)	2
RefSeq_NZ_CP074357.1	IncN	Gram-negative	IS26	160850-161669	184908-185728	23239	sul3,tet(A)	2
RefSeq_NZ_CP074357.1	IncN	Gram-negative	IS26	186711-187532	193995-194818	6463	floR	1
RefSeq_NZ_CP074357.1	IncN	Gram-negative	IS26	205006-205825	206999-207825	1174	aph(3')-Ia	1
RefSeq_NZ_CP074426.1	IncX1	Gram-negative	IS26	47975-48794	64992-65816	16198	aph(3')-IIa,ble	2
RefSeq_NZ_CP074426.1	IncX1	Gram-negative	IS26	64992-65816	80587-81410	14771	sul2,aph(3'')-Ib,aph(6)-Id,tet(A),floR	5
RefSeq_NZ_CP074426.1	IncX1	Gram-negative	IS26	82301-83120	85888-86708	2768	blaCTX-M-55	1
RefSeq_NZ_CP074524.1	IncFII	Gram-negative	IS1	65973-66685	87643-88410	20958	aph(3')-Ia,mph(A),mrx(A),sul1	4
RefSeq_NZ_CP074524.1	IncFII	Gram-negative	IS1	87643-88410	137785-138552	49375	aac(6')-Ib	1
RefSeq_NZ_CP074524.1	IncFII	Gram-negative	IS26	77699-78434	79475-80295	1041	aph(3')-Ia	1
RefSeq_NZ_CP074536.1	IncFII	Gram-negative	IS1	64764-65476	96632-97399	31156	aph(3')-Ia,mph(A),mrx(A),sul1,aadA2,dfrA12,catA1	7
RefSeq_NZ_CP074536.1	IncFII	Gram-negative	IS26	76490-77225	78266-79086	1041	aph(3')-Ia	1
RefSeq_NZ_CP074542.1	IncFII	Gram-negative	IS1	64773-65485	95314-96081	29829	aph(3')-Ia,mph(A),mrx(A),sul1,aadA2,dfrA12,catA1	7
RefSeq_NZ_CP074542.1	IncFII	Gram-negative	IS1	95314-96081	145456-146223	49375	aac(6')-Ib	1
RefSeq_NZ_CP074542.1	IncFII	Gram-negative	IS26	76499-77234	78275-79095	1041	aph(3')-Ia	1
RefSeq_NZ_CP074554.1	IncFII	Gram-negative	IS26	60805-61624	69271-70091	7647	dfrA14	1
RefSeq_NZ_CP074559.1	IncFII	Gram-negative	IS1	64773-65485	95314-96081	29829	aph(3')-Ia,mph(A),mrx(A),sul1,aadA2,dfrA12,catA1	7
RefSeq_NZ_CP074559.1	IncFII	Gram-negative	IS26	76499-77234	78275-79095	1041	aph(3')-Ia	1
RefSeq_NZ_CP074559.1	IncFII	Gram-negative	IS26	78275-79095	126248-127067	47153	mph(A),mrx(A),sul1,aadA2,dfrA12,catA1	6
RefSeq_NZ_CP074559.1	IncFII	Gram-negative	IS26	126248-127067	134714-135534	7647	dfrA14	1
RefSeq_NZ_CP074559.1	IncFII	Gram-negative	IS26	134714-135534	178870-179689	43336	blaSHV-12	1
RefSeq_NZ_CP074562.1	IncFII	Gram-negative	IS26	103506-104326	111973-112793	7647	dfrA14	1
RefSeq_NZ_CP074562.1	IncFII	Gram-negative	IS26	111973-112793	153908-154728	41115	mph(A),mrx(A),catA1	3
RefSeq_NZ_CP074581.1	IncFII	Gram-negative	IS26	33704-34524	48777-49569	14253	sul2,aph(3'')-Ib,aph(6)-Id,blaTEM-1,blaCTX-M-15	5
RefSeq_NZ_CP074581.1	IncFII	Gram-negative	IS26	48777-49569	56297-57116	6728	dfrA14	1
RefSeq_NZ_CP074581.1	IncFII	Gram-negative	IS26	56297-57116	70597-71416	13481	qnrB1,tet(A)	2
RefSeq_NZ_CP074581.1	IncFII	Gram-negative	IS26	70597-71416	73603-74423	2187	aac(6')-Ib-cr5,blaOXA-1,catB3	3
RefSeq_NZ_CP074581.1	IncFII	Gram-negative	IS26	73603-74423	77023-77842	2600	aac(3)-IIe	1
RefSeq_NZ_CP074703.1	IncFII	Gram-negative	IS26	17269-18088	37503-38322	19415	tet(B),dfrA17	2
RefSeq_NZ_CP074703.1	IncFII	Gram-negative	IS26	37503-38322	42615-43434	4293	floR	1
RefSeq_NZ_CP074703.1	IncFII	Gram-negative	IS26	42615-43434	46467-47289	3033	aac(3)-IIe,blaTEM-1	2
RefSeq_NZ_CP074703.1	IncFII	Gram-negative	IS26	46467-47289	49092-49911	1803	blaTEM-1	1
RefSeq_NZ_CP074703.1	IncFII	Gram-negative	IS26	49092-49911	54297-55117	4386	aph(6)-Id,aph(3'')-Ib,sul2	3
RefSeq_NZ_CP074703.1	IncFII	Gram-negative	IS26	54297-55117	56158-56977	1041	aph(3')-Ia	1
RefSeq_NZ_CP074703.1	IncFII	Gram-negative	IS26	56158-56977	65343-66163	8366	aac(3)-IId	1
RefSeq_NZ_CP074703.1	IncFII	Gram-negative	IS1	29178-29945	34102-34869	4157	tet(B)	1
RefSeq_NZ_CP075057.1	IncFII	Gram-negative	IS1	4995-5762	8652-9419	2890	tet(B)	1
RefSeq_NZ_CP075057.1	IncFII	Gram-negative	IS26	10170-10989	14358-15177	3369	dfrA17,aadA5	2
RefSeq_NZ_CP075057.1	IncFII	Gram-negative	IS26	14358-15177	19304-20124	4127	mrx(A),mph(A)	2
RefSeq_NZ_CP075057.1	IncFII	Gram-negative	IS26	19304-20124	22030-22849	1906	blaTEM-1	1
RefSeq_NZ_CP075057.1	IncFII	Gram-negative	IS26	22030-22849	27766-28585	4917	aph(6)-Id,aph(3'')-Ib,sul2	3
RefSeq_NZ_CP075057.1	IncFII	Gram-negative	IS26	27766-28585	34192-35012	5607	aac(3)-IId	1
RefSeq_NZ_CP075064.1	IncN	Gram-negative	IS26	36756-37577	40073-40892	2496	fosA3	1
RefSeq_NZ_CP075064.1	IncN	Gram-negative	IS26	40073-40892	43660-44480	2768	blaCTX-M-55	1
RefSeq_NZ_CP075253.1	IncFII	Gram-negative	IS26	88978-89798	94184-95003	4386	sul2,aph(3'')-Ib,aph(6)-Id	3
RefSeq_NZ_CP075253.1	IncFII	Gram-negative	IS26	94184-95003	96023-96842	1020	aph(3')-Ia	1
RefSeq_NZ_CP075253.1	IncFII	Gram-negative	IS26	96023-96842	98178-98998	1336	aac(3)-IId	1
RefSeq_NZ_CP075253.1	IncFII	Gram-negative	IS26	98178-98998	109194-110017	10196	aac(6')-Ib-cr5,arr-3,dfrA27,aadA16,sul1,mrx(A)	6
RefSeq_NZ_CP075261.1	IncX1	Gram-negative	IS26	96605-97426	118776-119599	21350	qnrS1,blaCTX-M-3,blaTEM-1,floR	4
RefSeq_NZ_CP075261.1	IncX1	Gram-negative	IS26	136718-137538	150014-150833	12476	floR,tet(A)	2
RefSeq_NZ_CP075264.1	IncFII	Gram-negative	IS26	88978-89798	94184-95003	4386	sul2,aph(3'')-Ib,aph(6)-Id	3
RefSeq_NZ_CP075264.1	IncFII	Gram-negative	IS26	94184-95003	96044-96863	1041	aph(3')-Ia	1
RefSeq_NZ_CP075264.1	IncFII	Gram-negative	IS26	96044-96863	98199-99019	1336	aac(3)-IId	1
RefSeq_NZ_CP075264.1	IncFII	Gram-negative	IS26	98199-99019	109959-110780	10940	aac(6')-Ib-cr5,arr-3,dfrA27,aadA16,sul1,mrx(A),mph(A)	7
RefSeq_NZ_CP075272.1	IncFII	Gram-negative	IS26	88978-89798	94184-95003	4386	sul2,aph(3'')-Ib,aph(6)-Id	3
RefSeq_NZ_CP075272.1	IncFII	Gram-negative	IS26	94184-95003	96023-96842	1020	aph(3')-Ia	1
RefSeq_NZ_CP075272.1	IncFII	Gram-negative	IS26	96023-96842	98178-98998	1336	aac(3)-IId	1
RefSeq_NZ_CP075272.1	IncFII	Gram-negative	IS26	98178-98998	109938-110759	10940	aac(6')-Ib-cr5,arr-3,dfrA27,aadA16,sul1,mrx(A),mph(A)	7
RefSeq_NZ_CP075278.1	IncFII	Gram-negative	IS26	28419-29239	39513-40333	10274	aac(6')-Ib-cr5,arr-3,dfrA27,aadA16,sul1,mrx(A),mph(A)	7
RefSeq_NZ_CP075278.1	IncFII	Gram-negative	IS26	39513-40333	61530-62351	21197	tet(A),floR,blaTEM-1,blaCTX-M-3,qnrS1	5
RefSeq_NZ_CP075288.1	IncFII	Gram-negative	IS26	115303-116123	117164-117899	1041	aph(3')-Ia	1
RefSeq_NZ_CP075292.1	IncFII	Gram-negative	IS26	88978-89798	94184-95003	4386	sul2,aph(3'')-Ib,aph(6)-Id	3
RefSeq_NZ_CP075292.1	IncFII	Gram-negative	IS26	94184-95003	96044-96863	1041	aph(3')-Ia	1
RefSeq_NZ_CP075292.1	IncFII	Gram-negative	IS26	96044-96863	98199-99019	1336	aac(3)-IId	1
RefSeq_NZ_CP075292.1	IncFII	Gram-negative	IS26	98199-99019	109215-110038	10196	aac(6')-Ib-cr5,arr-3,dfrA27,aadA16,sul1,mrx(A)	6
RefSeq_NZ_CP075297.1	IncFII	Gram-negative	IS26	88977-89797	94183-95002	4386	sul2,aph(3'')-Ib,aph(6)-Id	3
RefSeq_NZ_CP075297.1	IncFII	Gram-negative	IS26	94183-95002	96022-96841	1020	aph(3')-Ia	1
RefSeq_NZ_CP075297.1	IncFII	Gram-negative	IS26	96022-96841	98177-98997	1336	aac(3)-IId	1
RefSeq_NZ_CP075297.1	IncFII	Gram-negative	IS26	98177-98997	109937-110758	10940	aac(6')-Ib-cr5,arr-3,dfrA27,aadA16,sul1,mrx(A),mph(A)	7
RefSeq_NZ_CP075304.1	IncFII	Gram-negative	IS26	88978-89798	94184-95003	4386	sul2,aph(3'')-Ib,aph(6)-Id	3
RefSeq_NZ_CP075304.1	IncFII	Gram-negative	IS26	94184-95003	96023-96842	1020	aph(3')-Ia	1
RefSeq_NZ_CP075304.1	IncFII	Gram-negative	IS26	96023-96842	98178-98998	1336	aac(3)-IId	1
RefSeq_NZ_CP075304.1	IncFII	Gram-negative	IS26	98178-98998	109938-110759	10940	aac(6')-Ib-cr5,arr-3,dfrA27,aadA16,sul1,mrx(A),mph(A)	7
RefSeq_NZ_CP075310.1	IncFII	Gram-negative	IS26	5439-6260	21904-22729	15644	qnrS1,blaLAP-2,tet(A)	3
RefSeq_NZ_CP075310.1	IncFII	Gram-negative	IS26	21904-22729	35168-35987	12439	floR,sul2	2
RefSeq_NZ_CP075318.1	IncFII	Gram-negative	IS26	18897-19717	26226-27045	6509	blaKPC-2	1
RefSeq_NZ_CP075453.1	IncFII	Gram-negative	IS26	88978-89798	94184-95003	4386	sul2,aph(3'')-Ib,aph(6)-Id	3
RefSeq_NZ_CP075453.1	IncFII	Gram-negative	IS26	94184-95003	96044-96863	1041	aph(3')-Ia	1
RefSeq_NZ_CP075453.1	IncFII	Gram-negative	IS26	96044-96863	98199-99019	1336	aac(3)-IId	1
RefSeq_NZ_CP075453.1	IncFII	Gram-negative	IS26	98199-99019	109959-110780	10940	aac(6')-Ib-cr5,arr-3,dfrA27,aadA16,sul1,mrx(A),mph(A)	7
RefSeq_NZ_CP075458.1	IncFII	Gram-negative	IS26	88966-89786	94173-94993	4387	sul2,aph(3'')-Ib,aph(6)-Id	3
RefSeq_NZ_CP075458.1	IncFII	Gram-negative	IS26	94173-94993	99777-100596	4784	aadA16,dfrA27,arr-3,aac(6')-Ib-cr5	4
RefSeq_NZ_CP075458.1	IncFII	Gram-negative	IS26	99777-100596	101930-102751	1334	aac(3)-II,aac(3)-IId	2
RefSeq_NZ_CP075458.1	IncFII	Gram-negative	IS26	101930-102751	108909-109730	6158	sul1,mrx(A),mph(A)	3
RefSeq_NZ_CP075463.1	IncX1	Gram-negative	IS1	3933-4525	23469-24236	18944	mef(B),sul3,dfrA5	3
RefSeq_NZ_CP075463.1	IncX1	Gram-negative	IS1	23469-24236	52803-53570	28567	tet(X4),floR,tet(A),blaTEM-1,tet(M),qnrS1	6
RefSeq_NZ_CP075463.1	IncX1	Gram-negative	IS26	12380-13199	18362-19181	5163	mef(B),sul3	2
RefSeq_NZ_CP075463.1	IncX1	Gram-negative	IS26	18362-19181	21182-22002	2001	dfrA5	1
RefSeq_NZ_CP075463.1	IncX1	Gram-negative	IS26	21182-22002	31676-32496	9674	tet(X4),floR	2
RefSeq_NZ_CP075463.1	IncX1	Gram-negative	IS26	31676-32496	47841-48660	15345	tet(A),blaTEM-1,tet(M)	3
RefSeq_NZ_CP075463.1	IncX1	Gram-negative	IS26	47841-48660	50064-50884	1404	qnrS1	1
RefSeq_NZ_CP075467.1	IncX1	Gram-negative	IS26	7300-8119	9523-10343	1404	qnrS1	1
RefSeq_NZ_CP075467.1	IncX1	Gram-negative	IS26	9523-10343	28671-29491	18328	tet(X4)	1
RefSeq_NZ_CP075467.1	IncX1	Gram-negative	IS26	28671-29491	31492-32311	2001	dfrA5	1
RefSeq_NZ_CP075467.1	IncX1	Gram-negative	IS26	31492-32311	37474-38293	5163	sul3,mef(B)	2
RefSeq_NZ_CP075467.1	IncX1	Gram-negative	IS26	88767-89587	94216-95036	4629	floR	1
RefSeq_NZ_CP075467.1	IncX1	Gram-negative	IS1	20348-21115	46148-46740	25033	tet(X4),dfrA5,sul3,mef(B)	4
RefSeq_NZ_CP075470.1	IncX1	Gram-negative	IS26	12380-13199	18362-19181	5163	mef(B),sul3	2
RefSeq_NZ_CP075470.1	IncX1	Gram-negative	IS26	18362-19181	21182-22002	2001	dfrA5	1
RefSeq_NZ_CP075470.1	IncX1	Gram-negative	IS26	21182-22002	35608-36428	13606	tet(X4),floR	2
RefSeq_NZ_CP075470.1	IncX1	Gram-negative	IS26	35608-36428	51773-52592	15345	tet(A),blaTEM-1,tet(M)	3
RefSeq_NZ_CP075470.1	IncX1	Gram-negative	IS26	51773-52592	53996-54816	1404	qnrS1	1
RefSeq_NZ_CP075471.1	IncX1	Gram-negative	IS26	1-820	2821-3640	2001	dfrA5	1
RefSeq_NZ_CP075471.1	IncX1	Gram-negative	IS26	2821-3640	8803-9622	5163	sul3,mef(B)	2
RefSeq_NZ_CP075471.1	IncX1	Gram-negative	IS26	69334-70154	71558-72377	1404	qnrS1	1
RefSeq_NZ_CP075471.1	IncX1	Gram-negative	IS26	71558-72377	87722-88542	15345	tet(M),blaTEM-1,tet(A)	3
RefSeq_NZ_CP075473.1	IncX1	Gram-negative	IS26	1-820	2821-3640	2001	dfrA5	1
RefSeq_NZ_CP075473.1	IncX1	Gram-negative	IS26	2821-3640	8803-9622	5163	sul3,mef(B)	2
RefSeq_NZ_CP075473.1	IncX1	Gram-negative	IS26	69291-70111	71515-72334	1404	qnrS1	1
RefSeq_NZ_CP075473.1	IncX1	Gram-negative	IS26	71515-72334	80651-81470	8317	tet(M),blaTEM-1	2
RefSeq_NZ_CP075473.1	IncX1	Gram-negative	IS26	80651-81470	88507-89327	7037	tet(A)	1
RefSeq_NZ_CP075479.1	IncX1	Gram-negative	IS26	11544-12363	13767-14587	1404	qnrS1	1
RefSeq_NZ_CP075479.1	IncX1	Gram-negative	IS26	67230-68050	70051-70870	2001	dfrA5	1
RefSeq_NZ_CP075479.1	IncX1	Gram-negative	IS26	70051-70870	76033-76852	5163	sul3,mef(B)	2
RefSeq_NZ_CP075479.1	IncX1	Gram-negative	IS26	81357-82176	97507-98327	15331	tet(X4),floR	2
RefSeq_NZ_CP075479.1	IncX1	Gram-negative	IS1	65168-65760	84707-85299	18947	dfrA5,sul3,mef(B)	3
RefSeq_NZ_CP075481.1	IncX1	Gram-negative	IS1	3933-4525	29544-30311	25019	mef(B),sul3,dfrA5,tet(X4)	4
RefSeq_NZ_CP075481.1	IncX1	Gram-negative	IS1	29544-30311	58505-59272	28194	floR,tet(A),blaTEM-1,tet(M),qnrS1	5
RefSeq_NZ_CP075481.1	IncX1	Gram-negative	IS26	12380-13199	18362-19181	5163	mef(B),sul3	2
RefSeq_NZ_CP075481.1	IncX1	Gram-negative	IS26	18362-19181	21182-22002	2001	dfrA5	1
RefSeq_NZ_CP075481.1	IncX1	Gram-negative	IS26	21182-22002	31764-32602	9762	tet(X4)	1
RefSeq_NZ_CP075481.1	IncX1	Gram-negative	IS26	31764-32602	37378-38198	4776	floR	1
RefSeq_NZ_CP075481.1	IncX1	Gram-negative	IS26	37378-38198	53543-54362	15345	tet(A),blaTEM-1,tet(M)	3
RefSeq_NZ_CP075481.1	IncX1	Gram-negative	IS26	53543-54362	55766-56586	1404	qnrS1	1
RefSeq_NZ_CP075483.1	IncFII	Gram-negative	IS26	4393-5212	6794-7614	1582	erm(B)	1
RefSeq_NZ_CP075483.1	IncFII	Gram-negative	IS26	6794-7614	11641-12460	4027	mph(A),mrx(A)	2
RefSeq_NZ_CP075483.1	IncFII	Gram-negative	IS26	13351-14170	16938-17758	2768	blaCTX-M-55	1
RefSeq_NZ_CP075485.1	IncX1	Gram-negative	IS26	7936-8756	24101-24920	15345	tet(A),blaTEM-1,tet(M)	3
RefSeq_NZ_CP075485.1	IncX1	Gram-negative	IS26	24101-24920	26324-27144	1404	qnrS1	1
RefSeq_NZ_CP075485.1	IncX1	Gram-negative	IS26	86629-87448	92611-93430	5163	mef(B),sul3	2
RefSeq_NZ_CP075485.1	IncX1	Gram-negative	IS26	92611-93430	95431-96251	2001	dfrA5	1
RefSeq_NZ_CP075486.1	IncX1	Gram-negative	IS26	1-758	2759-3578	2001	dfrA5	1
RefSeq_NZ_CP075486.1	IncX1	Gram-negative	IS26	2759-3578	8741-9560	5163	sul3,mef(B)	2
RefSeq_NZ_CP075486.1	IncX1	Gram-negative	IS26	69229-70049	71453-72272	1404	qnrS1	1
RefSeq_NZ_CP075486.1	IncX1	Gram-negative	IS26	71453-72272	87617-88437	15345	tet(M),blaTEM-1,tet(A)	3
RefSeq_NZ_CP075549.1	IncFII	Gram-negative	IS26	88978-89798	94184-95003	4386	sul2,aph(3'')-Ib,aph(6)-Id	3
RefSeq_NZ_CP075549.1	IncFII	Gram-negative	IS26	94184-95003	96044-96863	1041	aph(3')-Ia	1
RefSeq_NZ_CP075549.1	IncFII	Gram-negative	IS26	96044-96863	98199-99019	1336	aac(3)-IId	1
RefSeq_NZ_CP075549.1	IncFII	Gram-negative	IS26	98199-99019	109959-110780	10940	aac(6')-Ib-cr5,arr-3,dfrA27,aadA16,sul1,mrx(A),mph(A)	7
RefSeq_NZ_CP075554.1	IncFII	Gram-negative	IS26	24401-25220	26261-27080	1041	aph(3')-Ia	1
RefSeq_NZ_CP075554.1	IncFII	Gram-negative	IS26	26261-27080	28833-29652	1753	aac(3)-IId,aac(3)-II	2
RefSeq_NZ_CP075554.1	IncFII	Gram-negative	IS26	28833-29652	39926-40746	10274	aac(6')-Ib-cr5,arr-3,dfrA27,aadA16,sul1,mrx(A),mph(A)	7
RefSeq_NZ_CP075554.1	IncFII	Gram-negative	IS26	39926-40746	61943-62764	21197	tet(A),floR,blaTEM-1,blaCTX-M-3,qnrS1	5
RefSeq_NZ_CP075724.1	IncX1	Gram-negative	IS1	31713-32480	57200-57967	24720	estX,aadA1,blaTEM-1	3
RefSeq_NZ_CP075724.1	IncX1	Gram-negative	IS26	39198-40021	48528-49353	8507	estX,aadA1,blaTEM-1	3
RefSeq_NZ_CP075724.1	IncX1	Gram-negative	IS26	69048-69655	72910-73729	3255	tet(M)	1
RefSeq_NZ_CP075724.1	IncX1	Gram-negative	IS26	72910-73729	74770-75589	1041	aph(3')-Ia	1
RefSeq_NZ_CP075724.1	IncX1	Gram-negative	IS26	74770-75589	84606-85425	9017	sul3,aadA1,cmlA1,aadA2,dfrA12	5
RefSeq_NZ_CP075738.1	IncN	Gram-negative	IS26	91831-92652	98497-99317	5845	mcr-3.2,bleO	2
RefSeq_NZ_CP075738.1	IncN	Gram-negative	IS26	98497-99317	103217-104043	3900	aph(3'')-Ib,aph(6)-Id,aph(3')-Ia	3
RefSeq_NZ_CP075738.1	IncN	Gram-negative	IS26	107312-108133	129096-129915	20963	aadA1,cmlA1,aadA2,dfrA12,tet(A)	5
RefSeq_NZ_CP075738.1	IncN	Gram-negative	IS26	187102-187921	192039-192858	4118	sul3	1
RefSeq_NZ_CP075738.1	IncN	Gram-negative	IS26	196611-197430	201580-202399	4150	aac(3)-IId	1
RefSeq_NZ_CP075738.1	IncN	Gram-negative	IS26	201580-202399	211462-212282	9063	qnrS1,blaCTX-M-55	2
RefSeq_NZ_CP076032.1	IncFII	Gram-negative	IS26	35563-36384	40770-41589	4386	sul2,aph(3'')-Ib,aph(6)-Id	3
RefSeq_NZ_CP076032.1	IncFII	Gram-negative	IS26	40770-41589	42630-43449	1041	aph(3')-Ia	1
RefSeq_NZ_CP076032.1	IncFII	Gram-negative	IS26	42630-43449	44785-45604	1336	aac(3)-IId	1
RefSeq_NZ_CP076032.1	IncFII	Gram-negative	IS26	44785-45604	47004-47824	1400	catA2	1
RefSeq_NZ_CP076032.1	IncFII	Gram-negative	IS26	47004-47824	64698-65521	16874	mph(A),mrx(A),sul1,qnrB6,sul1,aadA16,dfrA27,arr-3,aac(6')-Ib-cr5	9
RefSeq_NZ_CP076032.1	IncFII	Gram-negative	IS26	64698-65521	75491-76310	9970	floR,tet(A),aph(6)-Id,aph(3'')-Ib	4
RefSeq_NZ_CP076034.1	IncFII	Gram-negative	IS26	10869-11688	24876-25695	13188	aph(3')-IIa	1
RefSeq_NZ_CP076034.1	IncFII	Gram-negative	IS26	24876-25695	30889-31710	5194	oqxB,oqxA2	2
RefSeq_NZ_CP076034.1	IncFII	Gram-negative	IS26	30889-31710	34206-35025	2496	fosA3	1
RefSeq_NZ_CP076034.1	IncFII	Gram-negative	IS26	34206-35025	37793-38613	2768	blaCTX-M-55	1
RefSeq_NZ_CP076057.1	IncFII	Gram-negative	IS26	90598-91418	102497-103318	11079	mph(A),mrx(A),sul1,aadA5,dfrA17	5
RefSeq_NZ_CP076107.1	IncFII	Gram-negative	IS26	188788-189607	221580-222430	31973	blaCTX-M-14,blaLAP-2,qnrS1	3
RefSeq_NZ_CP076107.1	IncFII	Gram-negative	IS26	221580-222430	225474-226294	3044	tet(D)	1
RefSeq_NZ_CP076108.1	IncFII	Gram-negative	IS26	112871-113690	116656-117476	2966	arr-3,aac(6')-Ib-cr5	2
RefSeq_NZ_CP076112.1	IncFII	Gram-negative	IS26	36727-37546	40512-41332	2966	arr-3,aac(6')-Ib-cr5	2
RefSeq_NZ_CP076345.1	IncFII	Gram-negative	IS26	41282-42101	52067-52888	9966	dfrA17,aadA5,sul1,mrx(A),mph(A)	5
RefSeq_NZ_CP076345.1	IncFII	Gram-negative	IS26	52067-52888	59545-60364	6657	sul2,aph(3'')-Ib,aph(6)-Id,tet(A)	4
RefSeq_NZ_CP076345.1	IncFII	Gram-negative	IS26	60946-61765	65605-66424	3840	blaCTX-M-27	1
RefSeq_NZ_CP076519.1	IncFII	Gram-negative	IS26	161477-162296	163337-164156	1041	aph(3')-Ia	1
RefSeq_NZ_CP076520.1	IncX1	Gram-negative	IS26	53191-54010	55095-55914	1085	rmtB1	1
RefSeq_NZ_CP076521.1	IncN	Gram-negative	IS26	3040-3859	25263-26021	21404	blaKPC-2	1
RefSeq_NZ_CP076529.1	IncFII	Gram-negative	IS1	4995-5762	8630-9397	2868	tet(B)	1
RefSeq_NZ_CP076529.1	IncFII	Gram-negative	IS1	8630-9397	57846-58613	48449	aph(6)-Id,aph(3'')-Ib,sul2,aac(3)-IId,blaTEM-1	5
RefSeq_NZ_CP076529.1	IncFII	Gram-negative	IS26	9690-10509	14895-15715	4386	aph(6)-Id,aph(3'')-Ib,sul2	3
RefSeq_NZ_CP076529.1	IncFII	Gram-negative	IS26	14895-15715	20250-21070	4535	aac(3)-IId	1
RefSeq_NZ_CP076554.1	IncFII	Gram-negative	IS26	4393-5212	9237-10057	4025	blaCTX-M-65	1
RefSeq_NZ_CP076554.1	IncFII	Gram-negative	IS26	46424-47244	51052-51871	3808	rmtB1,blaTEM-1	2
RefSeq_NZ_CP076554.1	IncFII	Gram-negative	IS26	52158-52978	60091-60912	7113	blaSHV-12	1
RefSeq_NZ_CP076649.1	IncX1	Gram-negative	IS26	26591-27410	32703-33522	5293	dfrA14,aadA1,blaOXA-10,cmlA5,arr-2	5
RefSeq_NZ_CP076649.1	IncX1	Gram-negative	IS26	32703-33522	38128-38947	4606	tet(A)	1
RefSeq_NZ_CP076649.1	IncX1	Gram-negative	IS26	38128-38947	50323-51144	11376	floR,tet(A),aph(6)-Id,aph(3'')-Ib,sul2	5
RefSeq_NZ_CP076649.1	IncX1	Gram-negative	IS26	50323-51144	53640-54461	2496	fosA3	1
RefSeq_NZ_CP076650.1	IncX1	Gram-negative	IS26	560-1377	7438-8261	6061	sul2	1
RefSeq_NZ_CP076650.1	IncX1	Gram-negative	IS26	7438-8261	20300-21119	12039	blaTEM-1,rmtB1,sul1,aadA2,dfrA12	5
RefSeq_NZ_CP076650.1	IncX1	Gram-negative	IS26	20300-21119	35700-36519	14581	aph(3')-IIa	1
RefSeq_NZ_CP076650.1	IncX1	Gram-negative	IS26	35700-36519	41726-42545	5207	oqxB,oqxA2	2
RefSeq_NZ_CP076650.1	IncX1	Gram-negative	IS26	41726-42545	44067-44887	1522	bleO	1
RefSeq_NZ_CP076699.1	IncFII	Gram-negative	IS26	493-1315	4900-5719	3585	blaCTX-M-15	1
RefSeq_NZ_CP076699.1	IncFII	Gram-negative	IS26	4900-5719	7906-8725	2187	catB3,blaOXA-1,aac(6')-Ib-cr5	3
RefSeq_NZ_CP076699.1	IncFII	Gram-negative	IS26	7906-8725	16158-16977	7433	tet(A)	1
RefSeq_NZ_CP077413.1	IncN	Gram-negative	IS26	18463-19282	29821-30642	10539	aph(6)-Id,aph(3'')-Ib,dfrA19,sul1,qnrB2	5
RefSeq_NZ_CP077413.1	IncN	Gram-negative	IS26	29821-30642	42463-43282	11821	mph(A),mrx(A),sul1,arr-3,catB3,blaOXA-1,aac(6')-Ib-cr5	7
RefSeq_NZ_CP077776.1	IncFII	Gram-negative	IS26	34467-35290	43444-44259	8154	sul2	1
RefSeq_NZ_CP077776.1	IncFII	Gram-negative	IS26	43444-44259	46983-47801	2724	dfrA14	1
RefSeq_NZ_CP077776.1	IncFII	Gram-negative	IS26	46983-47801	49201-50022	1400	catA2	1
RefSeq_NZ_CP077777.1	IncFII	Gram-negative	IS26	4393-5212	9758-10581	4546	blaCTX-M-65	1
RefSeq_NZ_CP077777.1	IncFII	Gram-negative	IS26	66253-67073	82084-82903	15011	blaSHV,blaSHV,blaKPC-2	3
RefSeq_NZ_CP078123.1	IncFII	Gram-negative	IS26	45488-46307	61404-62223	15097	blaKPC-2,blaSHV-12	2
RefSeq_NZ_CP078123.1	IncFII	Gram-negative	IS26	91534-92354	96162-96981	3808	rmtB1,blaTEM-1	2
RefSeq_NZ_CP078123.1	IncFII	Gram-negative	IS26	96162-96981	98257-99076	1276	fosA3	1
RefSeq_NZ_CP078126.1	IncN	Gram-negative	IS26	5563-6382	14537-15360	8155	sul2	1
RefSeq_NZ_CP078126.1	IncN	Gram-negative	IS26	14537-15360	16760-17581	1400	catA2	1
RefSeq_NZ_CP079116.1	IncFII	Gram-negative	IS26	125635-126454	128641-129460	2187	catB3,blaOXA-1,aac(6')-Ib-cr5	3
RefSeq_NZ_CP079116.1	IncFII	Gram-negative	IS26	128641-129460	139517-140336	10057	qnrB1	1
RefSeq_NZ_CP079121.1	IncFII	Gram-negative	IS1	92421-93188	132869-133636	39681	catA1	1
RefSeq_NZ_CP079121.1	IncFII	Gram-negative	IS26	80401-81221	99169-99988	17948	catA1	1
RefSeq_NZ_CP079132.1	IncFII	Gram-negative	IS1	92421-93188	132869-133636	39681	catA1	1
RefSeq_NZ_CP079132.1	IncFII	Gram-negative	IS26	80401-81221	99169-99988	17948	catA1	1
RefSeq_NZ_CP079140.1	IncFII	Gram-negative	IS1	69765-70477	84919-85686	14442	catA1	1
RefSeq_NZ_CP079147.1	IncFII	Gram-negative	IS1	69765-70477	84919-85686	14442	catA1	1
RefSeq_NZ_CP079152.1	IncFII	Gram-negative	IS1	69765-70477	84919-85686	14442	catA1	1
RefSeq_NZ_CP079157.1	IncFII	Gram-negative	IS1	69765-70477	84919-85686	14442	catA1	1
RefSeq_NZ_CP079165.1	IncFII	Gram-negative	IS1	69765-70477	84919-85686	14442	catA1	1
RefSeq_NZ_CP079173.1	IncFII	Gram-negative	IS26	125635-126454	154553-155372	28099	qnrB1	1
RefSeq_NZ_CP079173.1	IncFII	Gram-negative	IS26	154553-155372	157972-158792	2600	aac(3)-IIe	1
RefSeq_NZ_CP079173.1	IncFII	Gram-negative	IS26	157972-158792	160979-161798	2187	catB3,blaOXA-1,aac(6')-Ib-cr5	3
RefSeq_NZ_CP079174.1	IncFII	Gram-negative	IS26	26353-27172	30060-30882	2888	dfrA1	1
RefSeq_NZ_CP079180.1	IncFII	Gram-negative	IS26	39064-39884	45234-46053	5350	catA1	1
RefSeq_NZ_CP079180.1	IncFII	Gram-negative	IS26	47809-48629	67401-68220	18772	blaCTX-M,catB,rmtF1,aac(6')-Ib,arr-2	5
RefSeq_NZ_CP079180.1	IncFII	Gram-negative	IS26	67401-68220	77848-78667	9628	qnrS1,blaTEM-1	2
RefSeq_NZ_CP079180.1	IncFII	Gram-negative	IS26	79911-80730	87072-87892	6342	blaSHV-11	1
RefSeq_NZ_CP079181.1	IncFII	Gram-negative	IS26	3378-4197	8265-9085	4068	erm(B)	1
RefSeq_NZ_CP079187.1	IncFII	Gram-negative	IS26	39064-39884	45234-46053	5350	catA1	1
RefSeq_NZ_CP079187.1	IncFII	Gram-negative	IS26	47809-48629	67401-68220	18772	blaCTX-M,catB,rmtF1,aac(6')-Ib,arr-2	5
RefSeq_NZ_CP079187.1	IncFII	Gram-negative	IS26	67401-68220	77848-78667	9628	qnrS1,blaTEM-1	2
RefSeq_NZ_CP079187.1	IncFII	Gram-negative	IS26	79911-80730	87072-87892	6342	blaSHV-11	1
RefSeq_NZ_CP079188.1	IncFII	Gram-negative	IS26	3378-4197	8265-9085	4068	erm(B)	1
RefSeq_NZ_CP079600.1	IncFII	Gram-negative	IS1	69765-70477	84919-85686	14442	catA1	1
RefSeq_NZ_CP079607.1	IncFII	Gram-negative	IS26	39064-39884	45234-46053	5350	catA1	1
RefSeq_NZ_CP079607.1	IncFII	Gram-negative	IS26	51287-52114	70461-71289	18347	blaSHV-12,arr-2,aac(6')-Ib,rmtF1,catB	5
RefSeq_NZ_CP079609.1	IncFII	Gram-negative	IS26	3378-4197	8265-9085	4068	erm(B)	1
RefSeq_NZ_CP079619.1	IncFII	Gram-negative	IS26	26353-27172	30060-30882	2888	dfrA1	1
RefSeq_NZ_CP079625.1	IncFII	Gram-negative	IS1	69765-70477	84919-85686	14442	catA1	1
RefSeq_NZ_CP079630.1	IncFII	Gram-negative	IS1	69765-70477	84919-85686	14442	catA1	1
RefSeq_NZ_CP079637.1	IncFII	Gram-negative	IS26	39064-39884	45234-46053	5350	catA1	1
RefSeq_NZ_CP079637.1	IncFII	Gram-negative	IS26	45234-46053	57428-58247	11375	blaTEM-1,qnrS1	2
RefSeq_NZ_CP079637.1	IncFII	Gram-negative	IS26	57428-58247	77947-78767	19700	catB,rmtF1,aac(6')-Ib,arr-2	4
RefSeq_NZ_CP079638.1	IncFII	Gram-negative	IS26	3378-4197	8265-9085	4068	erm(B)	1
RefSeq_NZ_CP079643.1	IncFII	Gram-negative	IS26	39064-39884	45234-46053	5350	catA1	1
RefSeq_NZ_CP079643.1	IncFII	Gram-negative	IS26	45234-46053	57428-58247	11375	blaTEM-1,qnrS1	2
RefSeq_NZ_CP079643.1	IncFII	Gram-negative	IS26	57428-58247	77947-78767	19700	catB,rmtF1,aac(6')-Ib,arr-2	4
RefSeq_NZ_CP079644.1	IncFII	Gram-negative	IS26	3378-4197	8265-9085	4068	erm(B)	1
RefSeq_NZ_CP079657.1	IncFII	Gram-negative	IS26	26353-27172	30060-30882	2888	dfrA1	1
RefSeq_NZ_CP079670.1	IncFII	Gram-negative	IS1	69765-70477	84919-85686	14442	catA1	1
RefSeq_NZ_CP079674.1	IncFII	Gram-negative	IS1	69765-70477	84919-85686	14442	catA1	1
RefSeq_NZ_CP079684.1	IncFII	Gram-negative	IS26	39064-39884	45233-46052	5349	catA1	1
RefSeq_NZ_CP079684.1	IncFII	Gram-negative	IS26	51286-52113	70455-71283	18342	blaSHV,blaSHV,arr-2,aac(6')-Ib,rmtF1,catB	6
RefSeq_NZ_CP079685.1	IncFII	Gram-negative	IS26	3378-4197	8265-9085	4068	erm(B)	1
RefSeq_NZ_CP079694.1	IncFII	Gram-negative	IS26	3378-4197	14254-15073	10057	qnrB1	1
RefSeq_NZ_CP079694.1	IncFII	Gram-negative	IS26	14254-15073	17260-18080	2187	aac(6')-Ib-cr5,blaOXA-1,catB3	3
RefSeq_NZ_CP079694.1	IncFII	Gram-negative	IS26	17260-18080	20680-21499	2600	aac(3)-IIe	1
RefSeq_NZ_CP079694.1	IncFII	Gram-negative	IS26	20680-21499	28070-28890	6571	blaTEM-1,tet(D)	2
RefSeq_NZ_CP079727.1	IncFII	Gram-negative	IS26	1039-1858	8491-9310	6633	qnrB1	1
RefSeq_NZ_CP079727.1	IncFII	Gram-negative	IS26	8491-9310	16038-16830	6728	dfrA14	1
RefSeq_NZ_CP079727.1	IncFII	Gram-negative	IS26	16038-16830	33171-33991	16341	blaCTX-M-15,blaTEM-1,aph(6)-Id,aph(3'')-Ib,sul2	5
RefSeq_NZ_CP079727.1	IncFII	Gram-negative	ISEcp1	20976-22631	28501-30156	5870	blaTEM-1,aph(6)-Id,aph(3'')-Ib,sul2	4
RefSeq_NZ_CP079765.1	IncN	Gram-negative	IS26	8381-9202	19715-20534	10513	aac(3)-IVa,aph(4)-Ia,aph(3')-Ia,aph(6)-Id,aph(3'')-Ib	5
RefSeq_NZ_CP079765.1	IncN	Gram-negative	IS26	19715-20534	23315-24134	2781	lnu(F),aadA22	2
RefSeq_NZ_CP079765.1	IncN	Gram-negative	IS26	24571-25390	48564-49210	23174	blaTEM-1,sul2,aph(3'')-Ib,aph(6)-Id,tet(A)	5
RefSeq_NZ_CP079765.1	IncN	Gram-negative	IS26	48564-49210	54087-54920	4877	tet(M)	1
RefSeq_NZ_CP079765.1	IncN	Gram-negative	IS26	54087-54920	57787-58608	2867	mrx(A),mph(A)	2
RefSeq_NZ_CP079765.1	IncN	Gram-negative	IS26	246554-247375	252582-253401	5207	oqxB,oqxA	2
RefSeq_NZ_CP079765.1	IncN	Gram-negative	IS26	252582-253401	254923-255742	1522	bleO	1
RefSeq_NZ_CP079765.1	IncN	Gram-negative	IS26	254923-255742	258747-259567	3005	sul1	1
RefSeq_NZ_CP079765.1	IncN	Gram-negative	IS1	18209-18976	47796-48563	28820	lnu(F),aadA22,blaTEM-1,sul2,aph(3'')-Ib,aph(6)-Id,tet(A)	7
RefSeq_NZ_CP079769.1	IncN	Gram-negative	IS26	141443-142264	147471-148290	5207	oqxB,oqxA	2
RefSeq_NZ_CP079769.1	IncN	Gram-negative	IS26	147471-148290	149812-150631	1522	bleO	1
RefSeq_NZ_CP079769.1	IncN	Gram-negative	IS26	149812-150631	153636-154456	3005	sul1	1
RefSeq_NZ_CP079769.1	IncN	Gram-negative	IS26	153636-154456	168858-169679	14402	blaCTX-M-65,floR	2
RefSeq_NZ_CP079769.1	IncN	Gram-negative	IS26	168858-169679	180192-181011	10513	aac(3)-IVa,aph(4)-Ia,aph(3')-Ia,aph(6)-Id,aph(3'')-Ib	5
RefSeq_NZ_CP079769.1	IncN	Gram-negative	IS26	180192-181011	183792-184611	2781	lnu(F),aadA22	2
RefSeq_NZ_CP079769.1	IncN	Gram-negative	IS26	185048-185867	209041-209687	23174	blaTEM-1,sul2,aph(3'')-Ib,aph(6)-Id,tet(A)	5
RefSeq_NZ_CP079769.1	IncN	Gram-negative	IS26	209041-209687	214564-215397	4877	tet(M)	1
RefSeq_NZ_CP079769.1	IncN	Gram-negative	IS26	214564-215397	218264-219085	2867	mrx(A),mph(A)	2
RefSeq_NZ_CP079769.1	IncN	Gram-negative	IS1	178686-179453	208273-209040	28820	lnu(F),aadA22,blaTEM-1,sul2,aph(3'')-Ib,aph(6)-Id,tet(A)	7
RefSeq_NZ_CP079809.1	IncFII	Gram-negative	IS26	3378-4197	14254-15073	10057	qnrB1	1
RefSeq_NZ_CP079809.1	IncFII	Gram-negative	IS26	14254-15073	17260-18080	2187	aac(6')-Ib-cr5,blaOXA-1,catB3	3
RefSeq_NZ_CP079809.1	IncFII	Gram-negative	IS26	17260-18080	20680-21499	2600	aac(3)-IIe	1
RefSeq_NZ_CP079809.1	IncFII	Gram-negative	IS26	20680-21499	28070-28890	6571	blaTEM-1,tet(D)	2
RefSeq_NZ_CP079853.1	IncFII	Gram-negative	IS26	75906-76725	86915-87740	10190	sul2,floR	2
RefSeq_NZ_CP079853.1	IncFII	Gram-negative	IS26	86915-87740	102658-103477	14918	tet(A),blaLAP-2,qnrS1	3
RefSeq_NZ_CP079854.1	IncFII	Gram-negative	IS26	23500-24323	45139-45960	20816	tet(X4),tet(X4)	2
RefSeq_NZ_CP079886.1	IncX1	Gram-negative	IS26	3527-4346	29398-30219	25052	floR	1
RefSeq_NZ_CP079886.1	IncX1	Gram-negative	IS1	11059-11826	60588-61351	48762	floR	1
RefSeq_NZ_CP080058.1	IncX1	Gram-negative	IS26	12819-13639	47794-48613	34155	erm(42),floR,tet(A),dfrA12,aadA2,cmlA1,aadA1,sul3	8
RefSeq_NZ_CP080058.1	IncX1	Gram-negative	IS26	47794-48613	69608-70427	20995	aph(6)-Id,aph(3'')-Ib	2
RefSeq_NZ_CP080058.1	IncX1	Gram-negative	IS1	60561-61328	92991-93759	31663	aph(6)-Id,aph(3'')-Ib	2
RefSeq_NZ_CP080077.1	IncX1	Gram-negative	IS26	1315-2134	4567-5386	2433	aadA2	1
RefSeq_NZ_CP080081.1	IncX1	Gram-negative	IS1	52825-53592	90150-90917	36558	tet(X4),floR,tet(A),sul3,aadA1,cmlA1,aadA2,dfrA12	8
RefSeq_NZ_CP080081.1	IncX1	Gram-negative	IS1	100563-101330	128001-128768	26671	bleO,qnrS1,qnrS1,blaTEM-1,aadA22	5
RefSeq_NZ_CP080081.1	IncX1	Gram-negative	IS1	189102-189869	236035-236802	46166	lnu(G)	1
RefSeq_NZ_CP080081.1	IncX1	Gram-negative	IS26	67842-68664	75280-76099	6616	tet(A)	1
RefSeq_NZ_CP080081.1	IncX1	Gram-negative	IS26	75280-76099	92275-93094	16176	sul3,aadA1,cmlA1,aadA2,dfrA12	5
RefSeq_NZ_CP080081.1	IncX1	Gram-negative	IS26	92275-93094	102174-102994	9080	bleO	1
RefSeq_NZ_CP080081.1	IncX1	Gram-negative	IS26	111417-112198	118528-119351	6330	qnrS1	1
RefSeq_NZ_CP080081.1	IncX1	Gram-negative	IS26	118528-119351	121295-122115	1944	qnrS1	1
RefSeq_NZ_CP080081.1	IncX1	Gram-negative	IS26	121295-122115	124740-125559	2625	blaTEM-1	1
RefSeq_NZ_CP080137.1	IncX1	Gram-negative	IS26	537-1360	3304-4122	1944	qnrS1	1
RefSeq_NZ_CP080157.1	IncFII	Gram-negative	IS26	60890-61670	66941-67760	5271	qnrS1	1
RefSeq_NZ_CP080157.1	IncFII	Gram-negative	IS26	66941-67760	69579-70398	1819	dfrA14	1
RefSeq_NZ_CP080165.1	IncFII	Gram-negative	IS26	60890-61669	66940-67759	5271	qnrS1	1
RefSeq_NZ_CP080165.1	IncFII	Gram-negative	IS26	66940-67759	69578-70397	1819	dfrA14	1
RefSeq_NZ_CP080173.1	IncFII	Gram-negative	IS26	8980-9801	16101-16882	6300	qnrS1	1
RefSeq_NZ_CP080259.1	IncN	Gram-negative	IS26	1-803	3156-3975	2353	cfr	1
RefSeq_NZ_CP080259.1	IncN	Gram-negative	IS26	3156-3975	5482-6295	1507	cfr	1
RefSeq_NZ_CP080259.1	IncN	Gram-negative	IS26	49247-50066	62634-63452	12568	blaTEM-1,tet(A),aph(6)-Id,aph(3'')-Ib,sul2	5
RefSeq_NZ_CP080299.1	IncFII	Gram-negative	IS26	6197-7016	10824-11644	3808	blaTEM-1,rmtB1	2
RefSeq_NZ_CP080299.1	IncFII	Gram-negative	IS26	34439-35258	50355-51174	15097	blaSHV-12,blaKPC-2	2
RefSeq_NZ_CP080300.1	IncFII	Gram-negative	IS26	18529-19350	20750-21573	1400	catA2	1
RefSeq_NZ_CP080300.1	IncFII	Gram-negative	IS26	20750-21573	29728-30547	8155	sul2	1
RefSeq_NZ_CP080300.1	IncFII	Gram-negative	IS26	29728-30547	33272-34091	2725	dfrA14	1
RefSeq_NZ_CP080305.1	IncFII	Gram-negative	IS26	6197-7016	10824-11644	3808	blaTEM-1,rmtB1	2
RefSeq_NZ_CP080305.1	IncFII	Gram-negative	IS26	34439-35258	50355-51174	15097	blaSHV-12,blaKPC-2	2
RefSeq_NZ_CP080306.1	IncFII	Gram-negative	IS26	28018-28839	30239-31062	1400	catA2	1
RefSeq_NZ_CP080306.1	IncFII	Gram-negative	IS26	30239-31062	39217-40036	8155	sul2	1
RefSeq_NZ_CP080306.1	IncFII	Gram-negative	IS26	39217-40036	42761-43580	2725	dfrA14	1
RefSeq_NZ_CP080311.1	IncFII	Gram-negative	IS26	6197-7016	10824-11644	3808	blaTEM-1,rmtB1	2
RefSeq_NZ_CP080311.1	IncFII	Gram-negative	IS26	34439-35258	50355-51174	15097	blaSHV-12,blaKPC-2	2
RefSeq_NZ_CP080312.1	IncFII	Gram-negative	IS26	18529-19350	20750-21573	1400	catA2	1
RefSeq_NZ_CP080312.1	IncFII	Gram-negative	IS26	20750-21573	29728-30547	8155	sul2	1
RefSeq_NZ_CP080312.1	IncFII	Gram-negative	IS26	29728-30547	33272-34091	2725	dfrA14	1
RefSeq_NZ_CP080359.1	IncFII	Gram-negative	IS26	4193-5012	11495-12314	6483	qnrB1	1
RefSeq_NZ_CP080359.1	IncFII	Gram-negative	IS26	16017-16837	30506-31325	13669	sul2,aph(3'')-Ib,aph(6)-Id,blaTEM-1,blaCTX-M-15	5
RefSeq_NZ_CP080359.1	IncFII	Gram-negative	IS26	30506-31325	33512-34332	2187	catB3,blaOXA-1,aac(6')-Ib-cr5	3
RefSeq_NZ_CP080359.1	IncFII	Gram-negative	IS26	33512-34332	36932-37751	2600	aac(3)-IIe	1
RefSeq_NZ_CP080359.1	IncFII	Gram-negative	IS26	36932-37751	44756-45577	7005	tet(A)	1
RefSeq_NZ_CP080366.1	IncFII	Gram-negative	IS26	6964-7786	15525-16344	7739	ble,blaNDM-4	2
RefSeq_NZ_CP080372.1	IncFII	Gram-negative	IS26	3-823	4948-5767	4125	mph(A),mrx(A)	2
RefSeq_NZ_CP080372.1	IncFII	Gram-negative	IS26	4948-5767	10153-10973	4386	aph(6)-Id,aph(3'')-Ib,sul2	3
RefSeq_NZ_CP080372.1	IncFII	Gram-negative	IS26	10153-10973	17647-18478	6674	blaTEM-1	1
RefSeq_NZ_CP080372.1	IncFII	Gram-negative	IS26	17647-18478	22309-23128	3831	blaCTX-M-15	1
RefSeq_NZ_CP080372.1	IncFII	Gram-negative	IS26	22309-23128	25315-26135	2187	catB3,blaOXA-1,aac(6')-Ib-cr5	3
RefSeq_NZ_CP080372.1	IncFII	Gram-negative	IS26	82691-83510	88662-89482	5152	sul1,aadA5,dfrA17	3
RefSeq_NZ_CP080372.1	IncFII	Gram-negative	IS26	88662-89482	91242-92061	1760	blaTEM-1	1
RefSeq_NZ_CP080446.1	IncFII	Gram-negative	IS26	33699-34519	52688-53507	18169	mph(A),mrx(A),sul1,qnrB52,sul1,aadA16,dfrA27,arr-3,catB3,blaOXA-1,aac(6')-Ib-cr5	11
RefSeq_NZ_CP080446.1	IncFII	Gram-negative	IS26	52688-53507	54843-55662	1336	aac(3)-IId	1
RefSeq_NZ_CP080446.1	IncFII	Gram-negative	IS26	54843-55662	56703-57522	1041	aph(3')-Ia	1
RefSeq_NZ_CP080446.1	IncFII	Gram-negative	IS26	56703-57522	61909-62730	4387	aph(6)-Id,aph(3'')-Ib,sul2	3
RefSeq_NZ_CP080447.1	IncFII	Gram-negative	IS26	4393-5212	15318-16137	10106	fosA3	1
RefSeq_NZ_CP080447.1	IncFII	Gram-negative	IS26	15318-16137	18905-19725	2768	blaCTX-M-55	1
RefSeq_NZ_CP081307.1	IncFII	Gram-negative	IS26	8547-9366	14518-15338	5152	sul1,aadA5,dfrA17	3
RefSeq_NZ_CP081307.1	IncFII	Gram-negative	IS26	14518-15338	17097-17916	1759	blaTEM-1	1
RefSeq_NZ_CP081307.1	IncFII	Gram-negative	IS26	17097-17916	23470-24290	5554	aac(3)-IId	1
RefSeq_NZ_CP081307.1	IncFII	Gram-negative	IS26	23470-24290	28417-29236	4127	mph(A),mrx(A)	2
RefSeq_NZ_CP081307.1	IncFII	Gram-negative	IS26	28417-29236	33622-34442	4386	aph(6)-Id,aph(3'')-Ib,sul2	3
RefSeq_NZ_CP081307.1	IncFII	Gram-negative	IS26	33622-34442	41116-41947	6674	blaTEM-1	1
RefSeq_NZ_CP081307.1	IncFII	Gram-negative	IS26	41116-41947	45778-46597	3831	blaCTX-M-15	1
RefSeq_NZ_CP081307.1	IncFII	Gram-negative	IS26	45778-46597	48784-49604	2187	catB3,blaOXA-1,aac(6')-Ib-cr5	3
RefSeq_NZ_CP081814.1	IncX1	Gram-negative	IS26	4553-5374	21117-21936	15743	blaTEM-176	1
RefSeq_NZ_CP081814.1	IncX1	Gram-negative	IS26	21117-21936	39844-40663	17908	aph(3')-Ia	1
RefSeq_NZ_CP081814.1	IncX1	Gram-negative	IS26	39844-40663	42304-43123	1641	dfrA14	1
RefSeq_NZ_CP081814.1	IncX1	Gram-negative	IS26	42304-43123	45067-45890	1944	qnrS1	1
RefSeq_NZ_CP081821.1	IncFII	Gram-negative	IS26	68496-69315	73242-74062	3927	blaKPC-2	1
RefSeq_NZ_CP081821.1	IncFII	Gram-negative	IS26	128626-129446	133254-134073	3808	rmtB1,blaTEM-1	2
RefSeq_NZ_CP081821.1	IncFII	Gram-negative	IS26	133254-134073	135349-136168	1276	fosA3	1
RefSeq_NZ_CP081821.1	IncFII	Gram-negative	IS26	137153-137972	141997-142816	4025	blaCTX-M-65	1
RefSeq_NZ_CP081821.1	IncFII	Gram-negative	IS26	141997-142816	146843-147661	4027	blaCTX-M-65	1
RefSeq_NZ_CP081821.1	IncFII	Gram-negative	IS26	163558-164381	165770-166592	1389	catA2	1
RefSeq_NZ_CP081822.1	IncFII	Gram-negative	IS26	32862-33682	35909-36728	2227	dfrA14	1
RefSeq_NZ_CP081822.1	IncFII	Gram-negative	IS26	35909-36728	44882-45707	8154	sul2	1
RefSeq_NZ_CP082003.1	IncN	Gram-negative	IS26	8383-9203	17777-18598	8574	blaKPC-2	1
RefSeq_NZ_CP082003.1	IncN	Gram-negative	IS26	54905-55727	57116-57939	1389	catA2	1
RefSeq_NZ_CP082003.1	IncN	Gram-negative	IS26	73834-74653	78678-79497	4025	blaCTX-M-65	1
RefSeq_NZ_CP082003.1	IncN	Gram-negative	IS26	78678-79497	80773-81592	1276	fosA3	1
RefSeq_NZ_CP082003.1	IncN	Gram-negative	IS26	108790-109610	113418-114237	3808	rmtB1,blaTEM-1	2
RefSeq_NZ_CP082004.1	IncFII	Gram-negative	IS26	18871-19691	26200-27019	6509	blaKPC-2	1
RefSeq_NZ_CP082007.1	IncFII	Gram-negative	IS1	94517-95229	121804-122571	26575	aph(3')-Ia	1
RefSeq_NZ_CP082007.1	IncFII	Gram-negative	IS26	106243-106978	108019-108838	1041	aph(3')-Ia	1
RefSeq_NZ_CP082012.1	IncN	Gram-negative	IS26	8198-9018	17592-18413	8574	blaKPC-2	1
RefSeq_NZ_CP082012.1	IncN	Gram-negative	IS26	54720-55542	56931-57754	1389	catA2	1
RefSeq_NZ_CP082012.1	IncN	Gram-negative	IS26	73649-74468	78493-79312	4025	blaCTX-M-65	1
RefSeq_NZ_CP082012.1	IncN	Gram-negative	IS26	78493-79312	80588-81407	1276	fosA3	1
RefSeq_NZ_CP082012.1	IncN	Gram-negative	IS26	108605-109425	113233-114052	3808	rmtB1,blaTEM-1	2
RefSeq_NZ_CP082020.1	IncFII	Gram-negative	IS26	4393-5212	9237-10056	4025	blaCTX-M-65	1
RefSeq_NZ_CP082020.1	IncFII	Gram-negative	IS26	9237-10056	11332-12151	1276	fosA3	1
RefSeq_NZ_CP082020.1	IncFII	Gram-negative	IS26	13136-13955	17763-18583	3808	blaTEM-1,rmtB1	2
RefSeq_NZ_CP082020.1	IncFII	Gram-negative	IS26	44593-45417	51947-52766	6530	blaSHV-12	1
RefSeq_NZ_CP082020.1	IncFII	Gram-negative	IS26	51947-52766	59296-60115	6530	blaSHV-12	1
RefSeq_NZ_CP082020.1	IncFII	Gram-negative	IS26	59296-60115	68689-69510	8574	blaKPC-2	1
RefSeq_NZ_CP082025.1	IncFII	Gram-negative	IS26	1332-2152	6177-6996	4025	blaCTX-M-65	1
RefSeq_NZ_CP082025.1	IncFII	Gram-negative	IS26	6177-6996	8272-9091	1276	fosA3	1
RefSeq_NZ_CP082025.1	IncFII	Gram-negative	IS26	8272-9091	10367-11186	1276	fosA3	1
RefSeq_NZ_CP082025.1	IncFII	Gram-negative	IS26	12171-12990	16798-17618	3808	blaTEM-1,rmtB1	2
RefSeq_NZ_CP082025.1	IncFII	Gram-negative	IS26	43628-44452	50995-51814	6543	blaSHV-11	1
RefSeq_NZ_CP082025.1	IncFII	Gram-negative	IS26	50995-51814	60388-61209	8574	blaKPC-2	1
RefSeq_NZ_CP082030.1	IncFII	Gram-negative	IS26	18881-19701	26210-27029	6509	blaKPC-2	1
RefSeq_NZ_CP082031.1	IncFII	Gram-negative	IS1	67047-67759	105921-106688	38162	aph(3')-Ia,dfrA12,aadA2,sul1,mrx(A),mph(A)	6
RefSeq_NZ_CP082031.1	IncFII	Gram-negative	IS26	78773-79508	80549-81368	1041	aph(3')-Ia	1
RefSeq_NZ_CP082031.1	IncFII	Gram-negative	IS26	80549-81368	96961-97781	15593	dfrA12,aadA2,sul1,mrx(A),mph(A)	5
RefSeq_NZ_CP082034.1	IncFII	Gram-negative	IS26	33083-33906	40433-41252	6527	blaSHV-12	1
RefSeq_NZ_CP082034.1	IncFII	Gram-negative	IS26	40433-41252	49826-50647	8574	blaKPC-2	1
RefSeq_NZ_CP082039.1	IncN	Gram-negative	IS26	8383-9203	17777-18598	8574	blaKPC-2	1
RefSeq_NZ_CP082039.1	IncN	Gram-negative	IS26	54905-55727	57116-57939	1389	catA2	1
RefSeq_NZ_CP082039.1	IncN	Gram-negative	IS26	73834-74653	78678-79497	4025	blaCTX-M-65	1
RefSeq_NZ_CP082039.1	IncN	Gram-negative	IS26	78678-79497	80773-81592	1276	fosA3	1
RefSeq_NZ_CP082039.1	IncN	Gram-negative	IS26	108789-109609	113417-114236	3808	rmtB1,blaTEM-1	2
RefSeq_NZ_CP082039.1	IncN	Gram-negative	IS26	114872-115691	122221-123040	6530	blaSHV-11	1
RefSeq_NZ_CP082042.1	IncN	Gram-negative	IS26	8198-9018	17592-18413	8574	blaKPC-2	1
RefSeq_NZ_CP082042.1	IncN	Gram-negative	IS26	54720-55542	56931-57754	1389	catA2	1
RefSeq_NZ_CP082042.1	IncN	Gram-negative	IS26	73649-74468	78493-79312	4025	blaCTX-M-65	1
RefSeq_NZ_CP082042.1	IncN	Gram-negative	IS26	78493-79312	80588-81407	1276	fosA3	1
RefSeq_NZ_CP082042.1	IncN	Gram-negative	IS26	108605-109425	113233-114052	3808	rmtB1,blaTEM-1	2
RefSeq_NZ_CP082042.1	IncN	Gram-negative	IS26	114688-115507	122037-122856	6530	blaSHV-12	1
RefSeq_NZ_CP082043.1	IncFII	Gram-negative	IS26	129954-130774	145026-145818	14252	sul2,aph(3'')-Ib,aph(6)-Id,blaTEM-1,blaCTX-M-15	5
RefSeq_NZ_CP082043.1	IncFII	Gram-negative	IS26	145026-145818	152546-153365	6728	dfrA14	1
RefSeq_NZ_CP082043.1	IncFII	Gram-negative	IS26	152546-153365	155965-156785	2600	aac(3)-IIe	1
RefSeq_NZ_CP082043.1	IncFII	Gram-negative	IS26	155965-156785	158972-159791	2187	aac(6')-Ib-cr5,blaOXA-1,catB3	3
RefSeq_NZ_CP082043.1	IncFII	Gram-negative	IS26	158972-159791	173583-174402	13792	tet(A),qnrB1	2
RefSeq_NZ_CP082048.1	IncFII	Gram-negative	IS1	635-1402	6693-7356	5291	tet(B)	1
RefSeq_NZ_CP082048.1	IncFII	Gram-negative	IS26	85292-86111	90497-91317	4386	aph(6)-Id,aph(3'')-Ib,sul2	3
RefSeq_NZ_CP082057.1	IncFII	Gram-negative	IS1	45058-45825	85796-86563	39971	erm(B),mph(A),mrx(A),dfrA14	4
RefSeq_NZ_CP082057.1	IncFII	Gram-negative	IS1	85796-86563	92152-92919	5589	tet(B)	1
RefSeq_NZ_CP082057.1	IncFII	Gram-negative	IS26	69662-70481	74549-75369	4068	erm(B)	1
RefSeq_NZ_CP082063.1	IncFII	Gram-negative	IS1	17152-17919	60267-61034	42348	aac(3)-IId,blaTEM-1	2
RefSeq_NZ_CP082063.1	IncFII	Gram-negative	IS26	22911-23730	26202-27021	2472	aac(3)-IId	1
RefSeq_NZ_CP082068.1	IncFII	Gram-negative	IS1	49374-50141	53616-54383	3475	tet(B)	1
RefSeq_NZ_CP082098.1	IncFII	Gram-negative	IS26	73843-74665	81994-82813	7329	tet(A),aph(6)-Id,aph(3'')-Ib,sul2,blaTEM-1	5
RefSeq_NZ_CP082098.1	IncFII	Gram-negative	IS26	81994-82813	91130-91949	8317	aac(3)-IId	1
RefSeq_NZ_CP082098.1	IncFII	Gram-negative	IS26	91130-91949	94905-95725	2956	dfrA17	1
RefSeq_NZ_CP082104.1	IncFII	Gram-negative	IS1	16144-16911	40641-41408	23730	sul1,aadA1,dfrA1,aph(6)-Id,aph(3'')-Ib,sul2,blaTEM-1	7
RefSeq_NZ_CP082104.1	IncFII	Gram-negative	IS26	27762-28581	33324-34144	4743	aph(6)-Id,aph(3'')-Ib,sul2	3
RefSeq_NZ_CP082104.1	IncFII	Gram-negative	IS26	33324-34144	36061-36881	1917	blaTEM-1	1
RefSeq_NZ_CP082104.1	IncFII	Gram-negative	IS26	36061-36881	53933-54752	17052	catA1	1
RefSeq_NZ_CP082121.1	IncFII	Gram-negative	IS1	4995-5762	8652-9419	2890	tet(B)	1
RefSeq_NZ_CP082121.1	IncFII	Gram-negative	IS26	10170-10989	14358-15177	3369	dfrA17,aadA5	2
RefSeq_NZ_CP082121.1	IncFII	Gram-negative	IS26	14358-15177	19304-20124	4127	mrx(A),mph(A)	2
RefSeq_NZ_CP082121.1	IncFII	Gram-negative	IS26	19304-20124	22030-22850	1906	blaTEM-1	1
RefSeq_NZ_CP082121.1	IncFII	Gram-negative	IS26	22030-22850	28457-29276	5607	aac(3)-IId	1
RefSeq_NZ_CP082121.1	IncFII	Gram-negative	IS26	28457-29276	34193-35012	4917	sul2,aph(3'')-Ib,aph(6)-Id	3
RefSeq_NZ_CP082155.1	IncFII	Gram-negative	IS1	135289-136001	165830-166597	29829	aph(3')-Ia,mph(A),mrx(A),sul1,aadA2,dfrA12,catA1	7
RefSeq_NZ_CP082155.1	IncFII	Gram-negative	IS26	147015-147750	148791-149611	1041	aph(3')-Ia	1
RefSeq_NZ_CP082755.1	IncFII	Gram-negative	IS26	4393-5212	9237-10056	4025	blaCTX-M-65	1
RefSeq_NZ_CP082755.1	IncFII	Gram-negative	IS26	11041-11860	15668-16488	3808	blaTEM-1,rmtB1	2
RefSeq_NZ_CP082755.1	IncFII	Gram-negative	IS26	39283-40102	55199-56018	15097	blaSHV-12,blaKPC-2	2
RefSeq_NZ_CP082756.1	IncFII	Gram-negative	IS26	9517-10338	11738-12561	1400	catA2	1
RefSeq_NZ_CP082756.1	IncFII	Gram-negative	IS26	11738-12561	20716-21535	8155	sul2	1
RefSeq_NZ_CP082756.1	IncFII	Gram-negative	IS26	20716-21535	24260-25079	2725	dfrA14	1
RefSeq_NZ_CP082761.1	IncFII	Gram-negative	IS26	4393-5212	9237-10056	4025	blaCTX-M-65	1
RefSeq_NZ_CP082761.1	IncFII	Gram-negative	IS26	11041-11860	15668-16488	3808	blaTEM-1,rmtB1	2
RefSeq_NZ_CP082761.1	IncFII	Gram-negative	IS26	39283-40102	55198-56017	15096	blaSHV-12,blaKPC-2	2
RefSeq_NZ_CP082762.1	IncFII	Gram-negative	IS26	34536-35355	38080-38899	2725	dfrA14	1
RefSeq_NZ_CP082762.1	IncFII	Gram-negative	IS26	38080-38899	47054-47877	8155	sul2	1
RefSeq_NZ_CP082762.1	IncFII	Gram-negative	IS26	47054-47877	49277-50098	1400	catA2	1
RefSeq_NZ_CP082767.1	IncFII	Gram-negative	IS26	4393-5212	9237-10056	4025	blaCTX-M-65	1
RefSeq_NZ_CP082767.1	IncFII	Gram-negative	IS26	11041-11860	15668-16488	3808	blaTEM-1,rmtB1	2
RefSeq_NZ_CP082767.1	IncFII	Gram-negative	IS26	39283-40102	55199-56018	15097	blaSHV-12,blaKPC-2	2
RefSeq_NZ_CP082768.1	IncFII	Gram-negative	IS26	9026-9845	12570-13389	2725	dfrA14	1
RefSeq_NZ_CP082768.1	IncFII	Gram-negative	IS26	12570-13389	21544-22367	8155	sul2	1
RefSeq_NZ_CP082768.1	IncFII	Gram-negative	IS26	21544-22367	23767-24588	1400	catA2	1
RefSeq_NZ_CP082825.1	IncFII	Gram-negative	IS1	30333-31100	40445-41212	9345	dfrA17	1
RefSeq_NZ_CP082825.1	IncFII	Gram-negative	IS1	40445-41212	63333-63996	22121	tet(B),sul2,aph(3'')-Ib,aph(6)-Id,mrx(A),mph(A),blaTEM-1	7
RefSeq_NZ_CP082825.1	IncFII	Gram-negative	IS26	37185-38004	45683-46503	7679	dfrA17,tet(B)	2
RefSeq_NZ_CP082825.1	IncFII	Gram-negative	IS26	45683-46503	50889-51708	4386	sul2,aph(3'')-Ib,aph(6)-Id	3
RefSeq_NZ_CP082825.1	IncFII	Gram-negative	IS26	55406-56225	59776-60596	3551	mrx(A),mph(A)	2
RefSeq_NZ_CP082825.1	IncFII	Gram-negative	IS26	59776-60596	62513-63333	1917	blaTEM-1	1
RefSeq_NZ_CP082899.1	IncFII	Gram-negative	IS26	52323-53142	61297-62120	8155	sul2	1
RefSeq_NZ_CP082899.1	IncFII	Gram-negative	IS26	61297-62120	63520-64341	1400	catA2	1
RefSeq_NZ_CP082937.1	IncFII	Gram-negative	IS26	86937-87757	91884-92704	4127	mrx(A),mph(A)	2
RefSeq_NZ_CP082937.1	IncFII	Gram-negative	IS26	91884-92704	114497-115318	21793	tet(A),floR,blaTEM-1,blaCTX-M-3,qnrS1	5
RefSeq_NZ_CP082990.1	IncFII	Gram-negative	IS26	23811-24631	43469-44289	18838	aac(6')-Ib-cr5,arr-3,dfrA27,aadA16,sul1,qnrB6,sul1,mrx(A),mph(A)	9
RefSeq_NZ_CP083001.1	IncFII	Gram-negative	IS26	2-832	29616-30435	28784	blaTEM-1,blaOXA	2
RefSeq_NZ_CP083001.1	IncFII	Gram-negative	IS26	102995-103814	113521-114340	9707	mph(E),msr(E),armA	3
RefSeq_NZ_CP083037.1	IncFII	Gram-negative	IS26	65408-66200	72928-73747	6728	dfrA14	1
RefSeq_NZ_CP083037.1	IncFII	Gram-negative	IS26	72928-73747	87120-87939	13373	qnrB1,tet(A)	2
RefSeq_NZ_CP083037.1	IncFII	Gram-negative	IS26	87120-87939	90126-90946	2187	aac(6')-Ib-cr5,blaOXA-1,catB3	3
RefSeq_NZ_CP083037.1	IncFII	Gram-negative	IS26	90126-90946	93546-94365	2600	aac(3)-IIe	1
RefSeq_NZ_CP083037.1	IncFII	Gram-negative	IS26	93546-94365	108034-108854	13669	blaCTX-M-15,blaTEM-1,aph(6)-Id,aph(3'')-Ib,sul2	5
RefSeq_NZ_CP083045.1	IncFII	Gram-negative	IS26	81178-81998	99916-100735	17918	catA1	1
RefSeq_NZ_CP083049.1	IncFII	Gram-negative	IS26	81178-81998	99916-100735	17918	catA1	1
RefSeq_NZ_CP083056.1	IncFII	Gram-negative	IS26	22449-23268	39863-40682	16595	catB,rmtF1,aac(6')-Ib,arr-2	4
RefSeq_NZ_CP083056.1	IncFII	Gram-negative	IS26	131256-132076	137426-138245	5350	catA1	1
RefSeq_NZ_CP083056.1	IncFII	Gram-negative	IS26	137426-138245	170381-171202	32136	blaTEM-1,qnrS1	2
RefSeq_NZ_CP083057.1	IncFII	Gram-negative	IS26	3378-4197	8265-9085	4068	erm(B)	1
RefSeq_NZ_CP083072.1	IncFII	Gram-negative	IS26	62300-63120	76789-77608	13669	sul2,aph(3'')-Ib,aph(6)-Id,blaTEM-1,blaCTX-M-15	5
RefSeq_NZ_CP083072.1	IncFII	Gram-negative	IS26	76789-77608	80208-81028	2600	aac(3)-IIe	1
RefSeq_NZ_CP083072.1	IncFII	Gram-negative	IS26	80208-81028	88945-89764	7917	qnrB1	1
RefSeq_NZ_CP083072.1	IncFII	Gram-negative	IS26	88945-89764	91951-92770	2187	aac(6')-Ib-cr5,blaOXA-1,catB3	3
RefSeq_NZ_CP083072.1	IncFII	Gram-negative	IS26	91951-92770	99498-100290	6728	dfrA14	1
RefSeq_NZ_CP083447.1	IncN	Gram-negative	IS26	1-757	4084-4921	3327	qnrS1	1
RefSeq_NZ_CP083484.1	IncFII	Gram-negative	IS26	47745-48564	52897-53716	4333	aac(3)-IId	1
RefSeq_NZ_CP083498.1	IncFII	Gram-negative	IS26	47518-48337	54994-55815	6657	tet(A),aph(6)-Id,aph(3'')-Ib,sul2	4
RefSeq_NZ_CP083498.1	IncFII	Gram-negative	IS26	54994-55815	65781-66600	9966	mph(A),mrx(A),sul1,aadA5,dfrA17	5
RefSeq_NZ_CP083513.1	IncFII	Gram-negative	IS26	62980-63803	65848-66667	2045	dfrA14	1
RefSeq_NZ_CP083531.1	IncFII	Gram-negative	IS26	82701-83520	85565-86385	2045	dfrA14	1
RefSeq_NZ_CP083538.1	IncFII	Gram-negative	IS26	50399-51221	58534-59353	7313	tet(A),aph(6)-Id,aph(3'')-Ib,sul2,blaTEM-1	5
RefSeq_NZ_CP083538.1	IncFII	Gram-negative	IS26	58534-59353	67670-68489	8317	aac(3)-IId	1
RefSeq_NZ_CP083538.1	IncFII	Gram-negative	IS26	67670-68489	71445-72265	2956	dfrA17	1
RefSeq_NZ_CP083791.1	IncFII	Gram-negative	ISEcp1	85133-86788	120141-121796	33353	blaCTX-M-15,dfrA14,qnrB1,tet(A),aac(6')-Ib-cr5,blaOXA-1,catB3,blaCTX-M-15	8
RefSeq_NZ_CP083791.1	IncFII	Gram-negative	ISEcp1	120141-121796	167394-169049	45598	blaTEM-1,aph(6)-Id,aph(3'')-Ib,sul2,sul2,aph(3'')-Ib,aph(6)-Id,blaTEM-1	8
RefSeq_NZ_CP083791.1	IncFII	Gram-negative	IS26	90934-91726	98454-99273	6728	dfrA14	1
RefSeq_NZ_CP083791.1	IncFII	Gram-negative	IS26	98454-99273	112754-113573	13481	qnrB1,tet(A)	2
RefSeq_NZ_CP083791.1	IncFII	Gram-negative	IS26	112754-113573	115760-116579	2187	aac(6')-Ib-cr5,blaOXA-1,catB3	3
RefSeq_NZ_CP083791.1	IncFII	Gram-negative	IS26	115760-116579	153421-154240	36842	blaCTX-M-15,blaTEM-1,aph(6)-Id,aph(3'')-Ib,sul2	5
RefSeq_NZ_CP083791.1	IncFII	Gram-negative	IS26	158122-158942	172611-173430	13669	sul2,aph(3'')-Ib,aph(6)-Id,blaTEM-1,blaCTX-M-15	5
RefSeq_NZ_CP083791.1	IncFII	Gram-negative	IS26	172611-173430	175617-176436	2187	catB3,blaOXA-1,aac(6')-Ib-cr5	3
RefSeq_NZ_CP083791.1	IncFII	Gram-negative	IS26	175617-176436	189917-190736	13481	tet(A),qnrB1	2
RefSeq_NZ_CP083791.1	IncFII	Gram-negative	IS26	189917-190736	197464-198256	6728	dfrA14	1
RefSeq_NZ_CP083820.1	IncFII	Gram-negative	IS26	14093-14913	27582-28402	12669	mcr-10.1	1
RefSeq_NZ_CP083867.1	IncFII	Gram-negative	IS26	38480-39299	41486-42305	2187	aac(6')-Ib-cr5,blaOXA-1,catB3	3
RefSeq_NZ_CP083867.1	IncFII	Gram-negative	IS26	41486-42305	46364-47183	4059	blaCTX-M-15	1
RefSeq_NZ_CP083867.1	IncFII	Gram-negative	IS26	46364-47183	50942-51762	3759	mrx(A),mph(A)	2
RefSeq_NZ_CP083867.1	IncFII	Gram-negative	IS26	50942-51762	61433-62256	9671	blaNDM-5,ble,sul1,aadA2,dfrA12	5
RefSeq_NZ_CP083875.1	IncFII	Gram-negative	IS26	5819-6638	10394-11213	3756	mph(A),mrx(A)	2
RefSeq_NZ_CP083875.1	IncFII	Gram-negative	IS26	10394-11213	15272-16094	4059	blaCTX-M-15	1
RefSeq_NZ_CP083875.1	IncFII	Gram-negative	IS26	15272-16094	18281-19100	2187	catB3,blaOXA-1,aac(6')-Ib-cr5	3
RefSeq_NZ_CP083878.1	IncFII	Gram-negative	IS1	77800-78567	120153-120920	41586	tet(A),aac(6')-Ib-cr5,blaOXA-1,catB3,blaCTX-M-15,mrx(A),mph(A),blaNDM-5,ble,sul1,aadA2,dfrA12	12
RefSeq_NZ_CP083878.1	IncFII	Gram-negative	IS26	95225-96044	98231-99050	2187	aac(6')-Ib-cr5,blaOXA-1,catB3	3
RefSeq_NZ_CP083878.1	IncFII	Gram-negative	IS26	98231-99050	103109-103928	4059	blaCTX-M-15	1
RefSeq_NZ_CP083878.1	IncFII	Gram-negative	IS26	103109-103928	107687-108507	3759	mrx(A),mph(A)	2
RefSeq_NZ_CP083878.1	IncFII	Gram-negative	IS26	107687-108507	118178-119001	9671	blaNDM-5,ble,sul1,aadA2,dfrA12	5
RefSeq_NZ_CP083881.1	IncFII	Gram-negative	IS26	6910-7729	9916-10735	2187	aac(6')-Ib-cr5,blaOXA-1,catB3	3
RefSeq_NZ_CP083881.1	IncFII	Gram-negative	IS26	9916-10735	14793-15610	4058	blaCTX-M-15	1
RefSeq_NZ_CP083881.1	IncFII	Gram-negative	IS26	14793-15610	19366-20186	3756	mrx(A),mph(A)	2
RefSeq_NZ_CP083881.1	IncFII	Gram-negative	IS26	19366-20186	29856-30679	9670	blaNDM-5,ble,sul1,aadA2,dfrA12	5
RefSeq_NZ_CP083881.1	IncFII	Gram-negative	IS26	144525-145346	147533-148352	2187	aac(6')-Ib-cr5,blaOXA-1,catB3	3
RefSeq_NZ_CP083881.1	IncFII	Gram-negative	IS26	147533-148352	152410-153229	4058	blaCTX-M-15	1
RefSeq_NZ_CP083881.1	IncFII	Gram-negative	IS26	152410-153229	156988-157808	3759	mrx(A),mph(A)	2
RefSeq_NZ_CP084027.1	IncFII	Gram-negative	IS26	162364-163183	169676-170495	6493	dfrA14	1
RefSeq_NZ_CP084027.1	IncFII	Gram-negative	IS26	169676-170495	176552-177371	6057	qnrB1	1
RefSeq_NZ_CP084027.1	IncFII	Gram-negative	IS26	176552-177371	205730-206551	28359	blaTEM,blaKPC-2	2
RefSeq_NZ_CP084045.1	IncFII	Gram-negative	IS26	43055-43875	49225-50044	5350	catA1	1
RefSeq_NZ_CP084045.1	IncFII	Gram-negative	IS26	55278-56106	64545-65373	8439	aac(6')-Ib,rmtF1,catB	3
RefSeq_NZ_CP084169.1	IncFII	Gram-negative	IS26	33704-34524	48777-49569	14253	sul2,aph(3'')-Ib,aph(6)-Id,blaTEM-1,blaCTX-M-15	5
RefSeq_NZ_CP084169.1	IncFII	Gram-negative	IS26	48777-49569	56297-57116	6728	dfrA14	1
RefSeq_NZ_CP084169.1	IncFII	Gram-negative	IS26	56297-57116	70597-71416	13481	qnrB1,tet(A)	2
RefSeq_NZ_CP084169.1	IncFII	Gram-negative	IS26	70597-71416	73603-74423	2187	aac(6')-Ib-cr5,blaOXA-1,catB3	3
RefSeq_NZ_CP084169.1	IncFII	Gram-negative	IS26	73603-74423	77023-77842	2600	aac(3)-IIe	1
RefSeq_NZ_CP084206.1	IncN	Gram-negative	IS26	25710-26529	41625-42445	15096	blaKPC-2,blaSHV-11	2
RefSeq_NZ_CP084206.1	IncN	Gram-negative	IS26	61169-61991	64534-65353	2543	blaCTX-M-65	1
RefSeq_NZ_CP084208.1	IncN	Gram-negative	IS26	25440-26259	28802-29621	2543	blaCTX-M-65	1
RefSeq_NZ_CP084208.1	IncN	Gram-negative	IS26	85132-85952	101048-101867	15096	blaSHV-11,blaKPC-2	2
RefSeq_NZ_CP084211.1	IncFII	Gram-negative	IS26	4393-5212	7755-8577	2543	blaCTX-M-65	1
RefSeq_NZ_CP084211.1	IncFII	Gram-negative	IS26	27301-28121	43217-44036	15096	blaSHV-11,blaKPC-2	2
RefSeq_NZ_CP084242.1	IncFII	Gram-negative	IS1	135645-136411	183489-184256	47078	sul2,aph(3'')-Ib,aph(6)-Id,tet(A),floR,tet(X4),lnu(F),aadA2,blaOXA-181	9
RefSeq_NZ_CP084242.1	IncFII	Gram-negative	IS26	157882-158701	161134-161971	2433	aadA2	1
RefSeq_NZ_CP084242.1	IncFII	Gram-negative	IS26	161134-161971	175291-176113	13320	blaOXA-181	1
RefSeq_NZ_CP084494.1	IncFII	Gram-negative	IS26	4393-5212	9237-10056	4025	blaCTX-M-65	1
RefSeq_NZ_CP084494.1	IncFII	Gram-negative	IS26	11041-11860	13136-13955	1276	fosA3	1
RefSeq_NZ_CP084494.1	IncFII	Gram-negative	IS26	13136-13955	17763-18583	3808	blaTEM-1,rmtB1	2
RefSeq_NZ_CP084494.1	IncFII	Gram-negative	IS26	53106-53926	69023-69842	15097	blaSHV-12,blaKPC-2	2
RefSeq_NZ_CP084498.1	IncFII	Gram-negative	IS26	6197-7016	11601-12421	4585	blaTEM-1,rmtB1	2
RefSeq_NZ_CP084498.1	IncFII	Gram-negative	IS26	88847-89667	104764-105583	15097	blaSHV-12,blaKPC-2	2
RefSeq_NZ_CP084503.1	IncFII	Gram-negative	IS26	100688-101515	103334-104153	1819	dfrA14	1
RefSeq_NZ_CP084503.1	IncFII	Gram-negative	IS26	103334-104153	132475-133295	28322	sul2,aph(3'')-Ib,aph(6)-Id,blaTEM-1,blaCTX-M-15,qnrS1	6
RefSeq_NZ_CP084504.1	IncFII	Gram-negative	IS26	90941-91760	96946-97768	5186	qnrB1	1
RefSeq_NZ_CP084708.1	IncFII	Gram-negative	IS26	43551-44374	45774-46595	1400	catA2	1
RefSeq_NZ_CP084708.1	IncFII	Gram-negative	IS26	116700-117519	120244-121063	2725	dfrA14	1
RefSeq_NZ_CP084745.1	IncFII	Gram-negative	IS26	6197-7016	10824-11644	3808	blaTEM-1,rmtB1	2
RefSeq_NZ_CP084745.1	IncFII	Gram-negative	IS26	34439-35258	50355-51174	15097	blaSHV-12,blaKPC-2	2
RefSeq_NZ_CP084747.1	IncFII	Gram-negative	IS26	56760-57581	58981-59804	1400	catA2	1
RefSeq_NZ_CP084747.1	IncFII	Gram-negative	IS26	58981-59804	67959-68778	8155	sul2	1
RefSeq_NZ_CP084784.1	IncFII	Gram-negative	IS26	75162-75898	91085-91904	15187	aadA1,sul1	2
RefSeq_NZ_CP085034.1	IncFII	Gram-negative	IS26	82420-83239	95461-96280	12222	sul1,aph(3')-Ia,dfrA14	3
RefSeq_NZ_CP085034.1	IncFII	Gram-negative	IS26	99220-99829	103356-104175	3527	tet(D)	1
RefSeq_NZ_CP085064.1	IncFII	Gram-negative	IS26	30811-31634	41361-42180	9727	dfrA12,aadA2,sul1,ble,blaNDM-5	5
RefSeq_NZ_CP085064.1	IncFII	Gram-negative	IS26	41361-42180	45660-46480	3480	rmtB1,blaTEM-1	2
RefSeq_NZ_CP085070.1	IncFII	Gram-negative	IS26	30810-31634	41361-42180	9727	dfrA12,aadA2,sul1,ble,blaNDM-5	5
RefSeq_NZ_CP085070.1	IncFII	Gram-negative	IS26	41361-42180	50250-51070	8070	rmtB1,blaTEM-1,mrx(A),mph(A)	4
RefSeq_NZ_CP085070.1	IncFII	Gram-negative	IS26	50250-51070	55138-55957	4068	erm(B)	1
RefSeq_NZ_CP085186.1	IncFII	Gram-negative	IS26	4393-5212	11436-12256	6224	blaCTX-M-65,blaTEM-1,rmtB1	3
RefSeq_NZ_CP085189.1	IncN	Gram-negative	IS26	97418-98242	102412-103233	4170	mrx(A),mph(A)	2
RefSeq_NZ_CP085189.1	IncN	Gram-negative	IS26	120018-120837	124214-125033	3377	blaCTX-M-14,fosA3	2
RefSeq_NZ_CP085189.1	IncN	Gram-negative	IS26	124214-125033	153326-154146	28293	aac(3)-IVa,aph(4)-Ia,sul2,floR,dfrA12,aadA2,cmlA1,aadA1,sul3	9
RefSeq_NZ_CP085189.1	IncN	Gram-negative	IS26	153326-154146	155187-156006	1041	aph(3')-Ia	1
RefSeq_NZ_CP085189.1	IncN	Gram-negative	IS26	155187-156006	159011-159831	3005	sul1	1
RefSeq_NZ_CP085189.1	IncN	Gram-negative	IS26	159011-159831	161353-162172	1522	bleO	1
RefSeq_NZ_CP085189.1	IncN	Gram-negative	IS26	161353-162172	167379-168199	5207	oqxA2,oqxB2	2
RefSeq_NZ_CP085190.1	IncFII	Gram-negative	IS26	7852-8671	13575-14398	4904	sul1,aadA2,dfrA12	3
RefSeq_NZ_CP085190.1	IncFII	Gram-negative	IS26	13575-14398	24317-25137	9919	blaNDM-5,ble,sul1,aadA5,dfrA17	5
RefSeq_NZ_CP085190.1	IncFII	Gram-negative	IS26	24317-25137	26896-27715	1759	blaTEM-1	1
RefSeq_NZ_CP085190.1	IncFII	Gram-negative	IS26	26896-27715	33269-34089	5554	aac(3)-IId	1
RefSeq_NZ_CP085190.1	IncFII	Gram-negative	IS26	33269-34089	38225-39044	4136	mph(A),mrx(A)	2
RefSeq_NZ_CP085190.1	IncFII	Gram-negative	IS26	38225-39044	43431-44252	4387	aph(6)-Id,aph(3'')-Ib,sul2	3
RefSeq_NZ_CP085731.1	IncFII	Gram-negative	IS26	12812-13591	14632-15451	1041	aph(3')-Ia	1
RefSeq_NZ_CP085746.1	IncFII	Gram-negative	IS26	2163-2982	10662-11481	7680	dfrA14	1
RefSeq_NZ_CP085746.1	IncFII	Gram-negative	IS26	140258-141077	155046-155866	13969	sul2,aph(3'')-Ib,aph(6)-Id,blaTEM-1,blaCTX-M-15	5
RefSeq_NZ_CP085763.1	IncFII	Gram-negative	IS26	57296-58116	60303-61123	2187	aac(6')-Ib-cr5,blaOXA-1,catB3	3
RefSeq_NZ_CP085763.1	IncFII	Gram-negative	IS26	60303-61123	63723-64542	2600	aac(3)-IIe	1
RefSeq_NZ_CP085763.1	IncFII	Gram-negative	IS26	63723-64542	72222-73041	7680	dfrA14	1
RefSeq_NZ_CP085892.1	IncFII	Gram-negative	IS26	791-1612	3012-3831	1400	catA2	1
RefSeq_NZ_CP085892.1	IncFII	Gram-negative	IS26	3012-3831	6556-7375	2725	dfrA14	1
RefSeq_NZ_CP085892.1	IncFII	Gram-negative	IS26	6556-7375	15530-16353	8155	sul2	1
RefSeq_NZ_CP086389.1	IncN	Gram-negative	IS26	132091-132910	140576-141395	7666	sul1,catB3,aac(6')-Ib4,blaIMP-4	4
RefSeq_NZ_CP086456.1	IncFII	Gram-negative	IS26	129649-130469	144722-145514	14253	sul2,aph(3'')-Ib,aph(6)-Id,blaTEM-1,blaCTX-M-15	5
RefSeq_NZ_CP086456.1	IncFII	Gram-negative	IS26	144722-145514	152242-153061	6728	dfrA14	1
RefSeq_NZ_CP086456.1	IncFII	Gram-negative	IS26	152242-153061	166542-167361	13481	qnrB1,tet(A)	2
RefSeq_NZ_CP086456.1	IncFII	Gram-negative	IS26	166542-167361	169548-170368	2187	aac(6')-Ib-cr5,blaOXA-1,catB3	3
RefSeq_NZ_CP086456.1	IncFII	Gram-negative	IS26	169548-170368	172968-173787	2600	aac(3)-IIe	1
RefSeq_NZ_CP086459.1	IncFII	Gram-negative	IS26	129951-130771	145024-145816	14253	sul2,aph(3'')-Ib,aph(6)-Id,blaTEM-1,blaCTX-M-15	5
RefSeq_NZ_CP086459.1	IncFII	Gram-negative	IS26	145024-145816	152544-153363	6728	dfrA14	1
RefSeq_NZ_CP086459.1	IncFII	Gram-negative	IS26	152544-153363	166844-167663	13481	qnrB1,tet(A)	2
RefSeq_NZ_CP086459.1	IncFII	Gram-negative	IS26	166844-167663	169850-170670	2187	aac(6')-Ib-cr5,blaOXA-1,catB3	3
RefSeq_NZ_CP086459.1	IncFII	Gram-negative	IS26	169850-170670	173270-174089	2600	aac(3)-IIe	1
RefSeq_NZ_CP086462.1	IncFII	Gram-negative	IS26	129649-130469	144722-145514	14253	sul2,aph(3'')-Ib,aph(6)-Id,blaTEM-1,blaCTX-M-15	5
RefSeq_NZ_CP086462.1	IncFII	Gram-negative	IS26	144722-145514	152242-153061	6728	dfrA14	1
RefSeq_NZ_CP086462.1	IncFII	Gram-negative	IS26	152242-153061	166542-167361	13481	qnrB1,tet(A)	2
RefSeq_NZ_CP086462.1	IncFII	Gram-negative	IS26	166542-167361	169548-170368	2187	aac(6')-Ib-cr5,blaOXA-1,catB3	3
RefSeq_NZ_CP086462.1	IncFII	Gram-negative	IS26	169548-170368	172968-173787	2600	aac(3)-IIe	1
RefSeq_NZ_CP086465.1	IncFII	Gram-negative	IS26	129951-130771	145024-145816	14253	sul2,aph(3'')-Ib,aph(6)-Id,blaTEM-1,blaCTX-M-15	5
RefSeq_NZ_CP086465.1	IncFII	Gram-negative	IS26	145024-145816	152544-153363	6728	dfrA14	1
RefSeq_NZ_CP086465.1	IncFII	Gram-negative	IS26	152544-153363	166844-167663	13481	qnrB1,tet(A)	2
RefSeq_NZ_CP086465.1	IncFII	Gram-negative	IS26	166844-167663	169850-170670	2187	aac(6')-Ib-cr5,blaOXA-1,catB3	3
RefSeq_NZ_CP086465.1	IncFII	Gram-negative	IS26	169850-170670	173270-174089	2600	aac(3)-IIe	1
RefSeq_NZ_CP086468.1	IncFII	Gram-negative	IS26	129951-130771	145024-145816	14253	sul2,aph(3'')-Ib,aph(6)-Id,blaTEM-1,blaCTX-M-15	5
RefSeq_NZ_CP086468.1	IncFII	Gram-negative	IS26	145024-145816	152544-153363	6728	dfrA14	1
RefSeq_NZ_CP086468.1	IncFII	Gram-negative	IS26	152544-153363	166844-167663	13481	qnrB1,tet(A)	2
RefSeq_NZ_CP086468.1	IncFII	Gram-negative	IS26	166844-167663	169850-170670	2187	aac(6')-Ib-cr5,blaOXA-1,catB3	3
RefSeq_NZ_CP086468.1	IncFII	Gram-negative	IS26	169850-170670	173270-174089	2600	aac(3)-IIe	1
RefSeq_NZ_CP086680.1	IncX1	Gram-negative	IS26	3979-4800	6619-7438	1819	dfrA14	1
RefSeq_NZ_CP086680.1	IncX1	Gram-negative	IS26	6619-7438	18746-19566	11308	blaTEM-176	1
RefSeq_NZ_CP086680.1	IncX1	Gram-negative	IS26	18746-19566	21240-22064	1674	qnrS	1
RefSeq_NZ_CP086680.1	IncX1	Gram-negative	IS26	21240-22064	26337-27156	4273	floR	1
RefSeq_NZ_CP086680.1	IncX1	Gram-negative	IS26	26337-27156	28976-29797	1820	dfrA	1
RefSeq_NZ_CP086680.1	IncX1	Gram-negative	IS26	28976-29797	41107-41927	11310	blaTEM-176	1
RefSeq_NZ_CP086680.1	IncX1	Gram-negative	IS26	41107-41927	43598-44421	1671	qnrS1	1
RefSeq_NZ_CP086725.1	IncFII	Gram-negative	IS26	106414-107233	109833-110653	2600	aac(3)-IIe	1
RefSeq_NZ_CP086725.1	IncFII	Gram-negative	IS26	109833-110653	112840-113659	2187	catB3,blaOXA-1,aac(6')-Ib-cr5	3
RefSeq_NZ_CP086725.1	IncFII	Gram-negative	IS26	116207-117026	130345-131164	13319	blaCTX-M-15,blaTEM-1,aph(6)-Id,aph(3'')-Ib,sul2	5
RefSeq_NZ_CP086725.1	IncFII	Gram-negative	IS26	130345-131164	138981-139800	7817	dfrA14	1
RefSeq_NZ_CP086725.1	IncFII	Gram-negative	IS26	138981-139800	153049-153868	13249	qnrB1,tet(A)	2
RefSeq_NZ_CP087144.1	IncFII	Gram-negative	IS26	4393-5212	9237-10056	4025	blaCTX-M-65	1
RefSeq_NZ_CP087144.1	IncFII	Gram-negative	IS26	11041-11860	15668-16488	3808	blaTEM-1,rmtB1	2
RefSeq_NZ_CP087144.1	IncFII	Gram-negative	IS26	39232-40051	54540-55360	14489	blaSHV-12,blaKPC-2	2
RefSeq_NZ_CP087145.1	IncFII	Gram-negative	IS26	8653-9476	10876-11697	1400	catA2	1
RefSeq_NZ_CP087148.1	IncFII	Gram-negative	IS26	4393-5212	9237-10056	4025	blaCTX-M-65	1
RefSeq_NZ_CP087148.1	IncFII	Gram-negative	IS26	11041-11860	15668-16488	3808	blaTEM-1,rmtB1	2
RefSeq_NZ_CP087148.1	IncFII	Gram-negative	IS26	39232-40051	54555-55375	14504	blaSHV-12,blaKPC-93	2
RefSeq_NZ_CP087149.1	IncFII	Gram-negative	IS26	6599-7422	8822-9643	1400	catA2	1
RefSeq_NZ_CP087149.1	IncFII	Gram-negative	IS26	81176-81995	84720-85539	2725	dfrA14	1
RefSeq_NZ_CP087153.1	IncFII	Gram-negative	IS26	4393-5212	9237-10056	4025	blaCTX-M-65	1
RefSeq_NZ_CP087153.1	IncFII	Gram-negative	IS26	11041-11860	15668-16488	3808	blaTEM-1,rmtB1	2
RefSeq_NZ_CP087153.1	IncFII	Gram-negative	IS26	39232-40051	54555-55375	14504	blaSHV-12,blaKPC-93	2
RefSeq_NZ_CP087154.1	IncFII	Gram-negative	IS26	5771-6590	9315-10134	2725	dfrA14	1
RefSeq_NZ_CP087154.1	IncFII	Gram-negative	IS26	81667-82488	83888-84711	1400	catA2	1
RefSeq_NZ_CP087273.1	IncFII	Gram-negative	IS26	75012-75832	78801-79623	2969	mrx(A),mph(A)	2
RefSeq_NZ_CP087571.1	IncFII	Gram-negative	IS26	2496-3316	7443-8263	4127	mrx(A),mph(A)	2
RefSeq_NZ_CP087571.1	IncFII	Gram-negative	IS26	7443-8263	13817-14636	5554	aac(3)-IId	1
RefSeq_NZ_CP087571.1	IncFII	Gram-negative	IS26	16796-17615	19802-20619	2187	catB3,blaOXA-1,aac(6')-Ib-cr5	3
RefSeq_NZ_CP087571.1	IncFII	Gram-negative	IS26	74527-75343	82793-83609	7450	sul1	1
RefSeq_NZ_CP087571.1	IncFII	Gram-negative	IS26	84500-85317	87813-88632	2496	fosA3	1
RefSeq_NZ_CP087571.1	IncFII	Gram-negative	IS26	87813-88632	91400-92220	2768	blaCTX-M-55	1
RefSeq_NZ_CP087607.1	IncFII	Gram-negative	IS26	67891-68710	76710-77533	8000	sul2,aph(3'')-Ib,aph(6)-Id	3
RefSeq_NZ_CP087607.1	IncFII	Gram-negative	IS26	76710-77533	78933-79752	1400	catA2	1
RefSeq_NZ_CP087607.1	IncFII	Gram-negative	IS26	80069-80888	130719-131538	49831	tet(A),dfrA1,sul1	3
RefSeq_NZ_CP087607.1	IncFII	Gram-negative	IS26	130719-131538	141863-142683	10325	qnrS1,blaLAP-2	2
RefSeq_NZ_CP087608.1	IncFII	Gram-negative	IS26	4393-5212	9237-10056	4025	blaCTX-M-65	1
RefSeq_NZ_CP087608.1	IncFII	Gram-negative	IS26	11041-11860	13136-13955	1276	fosA3	1
RefSeq_NZ_CP087608.1	IncFII	Gram-negative	IS26	13136-13955	17763-18583	3808	blaTEM-1,rmtB1	2
RefSeq_NZ_CP087608.1	IncFII	Gram-negative	IS26	73156-73977	77904-78723	3927	blaKPC-2	1
RefSeq_NZ_CP087608.1	IncFII	Gram-negative	IS26	87735-88558	89958-90780	1400	catA2	1
RefSeq_NZ_CP087613.1	IncFII	Gram-negative	IS26	18905-19724	26234-27053	6510	blaKPC-2	1
RefSeq_NZ_CP087613.1	IncFII	Gram-negative	IS26	26234-27053	31528-32349	4475	blaSHV-11	1
RefSeq_NZ_CP087619.1	IncFII	Gram-negative	IS1	64763-65475	97817-98584	32342	aph(3')-Ia,mph(A),mrx(A),sul1,blaDHA-1,qnrB4	6
RefSeq_NZ_CP087619.1	IncFII	Gram-negative	IS26	76405-77224	78265-79085	1041	aph(3')-Ia	1
RefSeq_NZ_CP087625.1	IncFII	Gram-negative	IS26	4393-5212	9237-10056	4025	blaCTX-M-65	1
RefSeq_NZ_CP087625.1	IncFII	Gram-negative	IS26	11041-11860	15668-16488	3808	blaTEM-1,rmtB1	2
RefSeq_NZ_CP087625.1	IncFII	Gram-negative	IS26	40483-41302	45764-46583	4462	blaSHV-12	1
RefSeq_NZ_CP087625.1	IncFII	Gram-negative	IS26	45764-46583	61680-62499	15097	blaSHV-12,blaKPC-2	2
RefSeq_NZ_CP087626.1	IncFII	Gram-negative	IS26	11762-12581	15306-16125	2725	dfrA14	1
RefSeq_NZ_CP087626.1	IncFII	Gram-negative	IS26	15306-16125	24280-25105	8155	sul2	1
RefSeq_NZ_CP087630.1	IncFII	Gram-negative	IS26	4393-5212	10437-11256	5225	blaCTX-M-65	1
RefSeq_NZ_CP087630.1	IncFII	Gram-negative	IS26	12241-13060	14336-15155	1276	fosA3	1
RefSeq_NZ_CP087630.1	IncFII	Gram-negative	IS26	14336-15155	18963-19783	3808	blaTEM-1,rmtB1	2
RefSeq_NZ_CP087630.1	IncFII	Gram-negative	IS26	75186-76005	80535-81354	4530	blaKPC-2	1
RefSeq_NZ_CP087630.1	IncFII	Gram-negative	IS26	164276-165098	166487-167310	1389	catA2	1
RefSeq_NZ_CP087635.1	IncFII	Gram-negative	IS26	4393-5212	9219-10038	4007	blaCTX-M-65	1
RefSeq_NZ_CP087635.1	IncFII	Gram-negative	IS26	9219-10038	16579-17398	6541	blaKPC-2	1
RefSeq_NZ_CP087640.1	IncFII	Gram-negative	IS26	4393-5212	9237-10056	4025	blaCTX-M-65	1
RefSeq_NZ_CP087640.1	IncFII	Gram-negative	IS26	11041-11860	15668-16488	3808	blaTEM-1,rmtB1	2
RefSeq_NZ_CP087640.1	IncFII	Gram-negative	IS26	39283-40102	55199-56018	15097	blaSHV-12,blaKPC-2	2
RefSeq_NZ_CP087642.1	IncFII	Gram-negative	IS26	45592-46413	47813-48636	1400	catA2	1
RefSeq_NZ_CP087642.1	IncFII	Gram-negative	IS26	47813-48636	56791-57610	8155	sul2	1
RefSeq_NZ_CP087642.1	IncFII	Gram-negative	IS26	56791-57610	60335-61154	2725	dfrA14	1
RefSeq_NZ_CP087646.1	IncFII	Gram-negative	IS26	67891-68710	76903-77726	8193	sul2,aph(3'')-Ib,aph(6)-Id	3
RefSeq_NZ_CP087646.1	IncFII	Gram-negative	IS26	76903-77726	79126-79945	1400	catA2	1
RefSeq_NZ_CP087646.1	IncFII	Gram-negative	IS26	133044-133863	144188-145007	10325	qnrS1,blaLAP-2	2
RefSeq_NZ_CP087646.1	IncFII	Gram-negative	IS26	144188-145007	149491-150310	4484	aac(3)-IId	1
RefSeq_NZ_CP087647.1	IncFII	Gram-negative	IS26	4393-5212	9237-10056	4025	blaCTX-M-65	1
RefSeq_NZ_CP087647.1	IncFII	Gram-negative	IS26	9237-10056	14081-14900	4025	blaCTX-M-65	1
RefSeq_NZ_CP087647.1	IncFII	Gram-negative	IS26	14081-14900	18925-19744	4025	blaCTX-M-65	1
RefSeq_NZ_CP087647.1	IncFII	Gram-negative	IS26	18925-19744	23769-24588	4025	blaCTX-M-65	1
RefSeq_NZ_CP087647.1	IncFII	Gram-negative	IS26	25573-26392	27668-28487	1276	fosA3	1
RefSeq_NZ_CP087647.1	IncFII	Gram-negative	IS26	27668-28487	32295-33115	3808	blaTEM-1,rmtB1	2
RefSeq_NZ_CP087647.1	IncFII	Gram-negative	IS26	87688-88509	92436-93255	3927	blaKPC-2	1
RefSeq_NZ_CP087647.1	IncFII	Gram-negative	IS26	168020-168842	170231-171054	1389	catA2	1
RefSeq_NZ_CP087653.1	IncFII	Gram-negative	IS26	4393-5212	9237-10056	4025	blaCTX-M-65	1
RefSeq_NZ_CP087653.1	IncFII	Gram-negative	IS26	11041-11860	13136-13955	1276	fosA3	1
RefSeq_NZ_CP087653.1	IncFII	Gram-negative	IS26	13136-13955	17763-18583	3808	blaTEM-1,rmtB1	2
RefSeq_NZ_CP087653.1	IncFII	Gram-negative	IS26	48799-49619	64716-65535	15097	blaSHV-12,blaKPC-2	2
RefSeq_NZ_CP087654.1	IncFII	Gram-negative	IS26	23819-24639	25680-26499	1041	aph(3')-Ia	1
RefSeq_NZ_CP087654.1	IncFII	Gram-negative	IS26	25680-26499	27540-28359	1041	aph(3')-Ia	1
RefSeq_NZ_CP087654.1	IncFII	Gram-negative	IS26	27540-28359	29400-30219	1041	aph(3')-Ia	1
RefSeq_NZ_CP087654.1	IncFII	Gram-negative	IS26	29400-30219	31260-32079	1041	aph(3')-Ia	1
RefSeq_NZ_CP087654.1	IncFII	Gram-negative	IS26	31260-32079	36466-37286	4387	aph(6)-Id,aph(3'')-Ib,sul2	3
RefSeq_NZ_CP087654.1	IncFII	Gram-negative	IS26	36466-37286	38327-39146	1041	aph(3')-Ia	1
RefSeq_NZ_CP087654.1	IncFII	Gram-negative	IS26	38327-39146	40900-41720	1754	aac(3)-IId	1
RefSeq_NZ_CP087654.1	IncFII	Gram-negative	IS26	40900-41720	52660-53480	10940	aac(6')-Ib-cr5,arr-3,dfrA27,aadA16,sul1,mrx(A),mph(A)	7
RefSeq_NZ_CP087654.1	IncFII	Gram-negative	IS26	52660-53480	74677-75498	21197	tet(A),floR,blaTEM-1,blaCTX-M-3,qnrS1	5
RefSeq_NZ_CP087659.1	IncFII	Gram-negative	IS26	23819-24639	25680-26499	1041	aph(3')-Ia	1
RefSeq_NZ_CP087659.1	IncFII	Gram-negative	IS26	25680-26499	27540-28359	1041	aph(3')-Ia	1
RefSeq_NZ_CP087659.1	IncFII	Gram-negative	IS26	27540-28359	29400-30219	1041	aph(3')-Ia	1
RefSeq_NZ_CP087659.1	IncFII	Gram-negative	IS26	29400-30219	31260-32079	1041	aph(3')-Ia	1
RefSeq_NZ_CP087659.1	IncFII	Gram-negative	IS26	31260-32079	36862-37682	4783	aph(6)-Id,aph(3'')-Ib,sul2	3
RefSeq_NZ_CP087659.1	IncFII	Gram-negative	IS26	38667-39486	40527-41346	1041	aph(3')-Ia	1
RefSeq_NZ_CP087659.1	IncFII	Gram-negative	IS26	40527-41346	42387-43206	1041	aph(3')-Ia	1
RefSeq_NZ_CP087659.1	IncFII	Gram-negative	IS26	42387-43206	44247-45066	1041	aph(3')-Ia	1
RefSeq_NZ_CP087659.1	IncFII	Gram-negative	IS26	44247-45066	46107-46926	1041	aph(3')-Ia	1
RefSeq_NZ_CP087659.1	IncFII	Gram-negative	IS26	46107-46926	51313-52133	4387	aph(6)-Id,aph(3'')-Ib,sul2	3
RefSeq_NZ_CP087659.1	IncFII	Gram-negative	IS26	51313-52133	53174-53993	1041	aph(3')-Ia	1
RefSeq_NZ_CP087659.1	IncFII	Gram-negative	IS26	53174-53993	55747-56567	1754	aac(3)-IId	1
RefSeq_NZ_CP087659.1	IncFII	Gram-negative	IS26	55747-56567	67507-68327	10940	aac(6')-Ib-cr5,arr-3,dfrA27,aadA16,sul1,mrx(A),mph(A)	7
RefSeq_NZ_CP087659.1	IncFII	Gram-negative	IS26	67507-68327	89524-90345	21197	tet(A),floR,blaTEM-1,blaCTX-M-3,qnrS1	5
RefSeq_NZ_CP087660.1	IncFII	Gram-negative	IS26	4393-5212	9237-10056	4025	blaCTX-M-65	1
RefSeq_NZ_CP087660.1	IncFII	Gram-negative	IS26	11041-11860	13136-13955	1276	fosA3	1
RefSeq_NZ_CP087660.1	IncFII	Gram-negative	IS26	13136-13955	17763-18583	3808	blaTEM-1,rmtB1	2
RefSeq_NZ_CP087660.1	IncFII	Gram-negative	IS26	48799-49619	64716-65535	15097	blaSHV-12,blaKPC-2	2
RefSeq_NZ_CP087665.1	IncFII	Gram-negative	IS26	23811-24631	25672-26491	1041	aph(3')-Ia	1
RefSeq_NZ_CP087665.1	IncFII	Gram-negative	IS26	25672-26491	27532-28351	1041	aph(3')-Ia	1
RefSeq_NZ_CP087665.1	IncFII	Gram-negative	IS26	27532-28351	29392-30211	1041	aph(3')-Ia	1
RefSeq_NZ_CP087665.1	IncFII	Gram-negative	IS26	29392-30211	34598-35418	4387	aph(6)-Id,aph(3'')-Ib,sul2	3
RefSeq_NZ_CP087665.1	IncFII	Gram-negative	IS26	34598-35418	36459-37278	1041	aph(3')-Ia	1
RefSeq_NZ_CP087665.1	IncFII	Gram-negative	IS26	36459-37278	39032-39852	1754	aac(3)-IId	1
RefSeq_NZ_CP087665.1	IncFII	Gram-negative	IS26	39032-39852	50792-51612	10940	aac(6')-Ib-cr5,arr-3,dfrA27,aadA16,sul1,mrx(A),mph(A)	7
RefSeq_NZ_CP087665.1	IncFII	Gram-negative	IS26	50792-51612	72809-73630	21197	tet(A),floR,blaTEM-1,blaCTX-M-3,qnrS1	5
RefSeq_NZ_CP087666.1	IncFII	Gram-negative	IS26	4393-5212	9237-10056	4025	blaCTX-M-65	1
RefSeq_NZ_CP087666.1	IncFII	Gram-negative	IS26	11041-11860	13136-13955	1276	fosA3	1
RefSeq_NZ_CP087666.1	IncFII	Gram-negative	IS26	13136-13955	17763-18583	3808	blaTEM-1,rmtB1	2
RefSeq_NZ_CP087666.1	IncFII	Gram-negative	IS26	48799-49619	64716-65535	15097	blaSHV-12,blaKPC-2	2
RefSeq_NZ_CP087672.1	IncFII	Gram-negative	IS26	58826-59646	67504-68324	7858	bleO,floR,tet(A)	3
RefSeq_NZ_CP087708.1	IncFII	Gram-negative	IS26	81567-82359	89087-89907	6728	dfrA14	1
RefSeq_NZ_CP087708.1	IncFII	Gram-negative	IS26	91908-92727	95327-96147	2600	aac(3)-IIe	1
RefSeq_NZ_CP087708.1	IncFII	Gram-negative	IS26	95327-96147	98334-99153	2187	catB3,blaOXA-1,aac(6')-Ib-cr5	3
RefSeq_NZ_CP087708.1	IncFII	Gram-negative	IS26	98334-99153	112634-113453	13481	tet(A),qnrB1	2
RefSeq_NZ_CP087708.1	IncFII	Gram-negative	IS26	112634-113453	125125-125945	11672	blaCTX-M-15,blaTEM-1,aph(6)-Id,aph(3'')-Ib,sul2	5
RefSeq_NZ_CP088124.1	IncFII	Gram-negative	IS26	139858-140677	147721-148540	7044	floR	1
RefSeq_NZ_CP088124.1	IncFII	Gram-negative	IS26	147721-148540	164125-164944	15585	tet(A),qnrB52,sul1	3
RefSeq_NZ_CP088129.1	IncFII	Gram-negative	IS26	139848-140666	147709-148529	7043	floR	1
RefSeq_NZ_CP088129.1	IncFII	Gram-negative	IS26	147709-148529	164110-164929	15581	tet(A),qnrB52,sul1	3
RefSeq_NZ_CP088983.1	IncFII	Gram-negative	IS26	2030-2850	16347-17166	13497	qnrB4,blaDHA-1	2
RefSeq_NZ_CP088994.1	IncFII	Gram-negative	IS26	70810-71631	73031-73850	1400	catA2	1
RefSeq_NZ_CP088994.1	IncFII	Gram-negative	IS26	73031-73850	82004-82827	8154	sul2	1
RefSeq_NZ_CP088995.1	IncFII	Gram-negative	IS26	4393-5212	9759-10582	4547	blaCTX-M-65	1
RefSeq_NZ_CP088995.1	IncFII	Gram-negative	IS26	66205-67025	82122-82941	15097	blaSHV-12,blaKPC-2	2
RefSeq_NZ_CP089000.1	IncFII	Gram-negative	IS26	4393-5212	9237-10056	4025	blaCTX-M-65	1
RefSeq_NZ_CP089000.1	IncFII	Gram-negative	IS26	11041-11860	13136-13955	1276	fosA3	1
RefSeq_NZ_CP089000.1	IncFII	Gram-negative	IS26	13136-13955	17763-18583	3808	blaTEM-1,rmtB1	2
RefSeq_NZ_CP089000.1	IncFII	Gram-negative	IS26	73147-73968	78841-79660	4873	blaKPC-2	1
RefSeq_NZ_CP089000.1	IncFII	Gram-negative	IS26	264674-265496	266885-267708	1389	catA2	1
RefSeq_NZ_CP089017.1	IncFII	Gram-negative	IS26	19234-20053	33550-34370	13497	blaDHA-1,qnrB4	2
RefSeq_NZ_CP089022.1	IncFII	Gram-negative	IS26	2030-2850	16347-17166	13497	qnrB4,blaDHA-1	2
RefSeq_NZ_CP089028.1	IncFII	Gram-negative	IS26	80437-81256	92872-93691	11616	mph(E),msr(E),armA,sul1,aac(6')-Ib-cr5	5
RefSeq_NZ_CP089029.1	IncFII	Gram-negative	IS26	1039-1858	4045-4864	2187	aac(6')-Ib-cr5,blaOXA-1,catB3	3
RefSeq_NZ_CP089029.1	IncFII	Gram-negative	IS26	4045-4864	18345-19165	13481	tet(A),qnrB1	2
RefSeq_NZ_CP089029.1	IncFII	Gram-negative	IS26	18345-19165	25880-26672	6715	dfrA14	1
RefSeq_NZ_CP089029.1	IncFII	Gram-negative	IS26	25880-26672	41224-42043	14552	blaCTX-M-15,blaTEM-1,aph(6)-Id,aph(3'')-Ib,sul2	5
RefSeq_NZ_CP089099.1	IncFII	Gram-negative	IS26	8779-9598	16403-17222	6805	aadA22	1
RefSeq_NZ_CP089099.1	IncFII	Gram-negative	IS26	16403-17222	24726-25545	7504	erm(42),sul2	2
RefSeq_NZ_CP089099.1	IncFII	Gram-negative	IS26	24726-25545	33796-34615	8251	tet(M)	1
RefSeq_NZ_CP089099.1	IncFII	Gram-negative	IS26	33796-34615	37840-38660	3225	mrx(A),mph(A)	2
RefSeq_NZ_CP089099.1	IncFII	Gram-negative	IS26	37840-38660	43101-43920	4441	erm(B)	1
RefSeq_NZ_CP089099.1	IncFII	Gram-negative	IS26	43101-43920	52072-52891	8152	blaCTX-M-14,cmlA1,aac(6')-Ib3	3
RefSeq_NZ_CP089135.1	IncFII	Gram-negative	IS26	3792-4611	27271-28091	22660	tet(M),aadA1,cmlA1,aadA2,dfrA12,tet(A)	6
RefSeq_NZ_CP089135.1	IncFII	Gram-negative	IS26	27271-28091	39879-40699	11788	aac(3)-IVa,aph(4)-Ia,floR	3
RefSeq_NZ_CP089135.1	IncFII	Gram-negative	IS26	39879-40699	44701-45521	4002	mrx(A),mph(A)	2
RefSeq_NZ_CP089135.1	IncFII	Gram-negative	IS26	44701-45521	49962-50783	4441	erm(B)	1
RefSeq_NZ_CP089135.1	IncFII	Gram-negative	IS26	49962-50783	56306-57125	5523	sul3	1
RefSeq_NZ_CP089137.1	IncFII	Gram-negative	IS26	6477-7297	16945-17764	9648	ble,blaNDM-1,aph(3')-VI	3
RefSeq_NZ_CP089137.1	IncFII	Gram-negative	IS26	21329-22152	25960-26780	3808	blaTEM-1,rmtB1	2
RefSeq_NZ_CP089384.1	IncFII	Gram-negative	IS26	129816-130636	144889-145681	14253	sul2,aph(3'')-Ib,aph(6)-Id,blaTEM-1,blaCTX-M-15	5
RefSeq_NZ_CP089384.1	IncFII	Gram-negative	IS26	144889-145681	152409-153228	6728	dfrA14	1
RefSeq_NZ_CP089384.1	IncFII	Gram-negative	IS26	152409-153228	166709-167528	13481	qnrB1,tet(A)	2
RefSeq_NZ_CP089384.1	IncFII	Gram-negative	IS26	166709-167528	169715-170534	2187	aac(6')-Ib-cr5,blaOXA-1,catB3	3
RefSeq_NZ_CP089386.1	IncFII	Gram-negative	IS26	129815-130635	144888-145680	14253	sul2,aph(3'')-Ib,aph(6)-Id,blaTEM-1,blaCTX-M-15	5
RefSeq_NZ_CP089386.1	IncFII	Gram-negative	IS26	144888-145680	152408-153227	6728	dfrA14	1
RefSeq_NZ_CP089386.1	IncFII	Gram-negative	IS26	152408-153227	166684-167499	13457	qnrB1	1
RefSeq_NZ_CP089386.1	IncFII	Gram-negative	IS26	212662-213477	215634-216450	2157	aac(6')-Ib	1
RefSeq_NZ_CP089406.1	IncN	Gram-negative	IS26	18813-19650	39162-39981	19512	sul2,aph(3'')-Ib,aph(6)-Id,blaTEM-1,blaSHV-12	5
RefSeq_NZ_CP089406.1	IncN	Gram-negative	IS26	39162-39981	41381-42200	1400	catA2	1
RefSeq_NZ_CP089440.1	IncX1	Gram-negative	IS26	29063-29886	31830-32652	1944	qnrS1	1
RefSeq_NZ_CP089440.1	IncX1	Gram-negative	IS26	31830-32652	34238-35058	1586	dfrA5	1
RefSeq_NZ_CP089447.1	IncFII	Gram-negative	IS26	6197-7016	8292-9111	1276	fosA3	1
RefSeq_NZ_CP089447.1	IncFII	Gram-negative	IS26	8292-9111	12919-13739	3808	blaTEM-1,rmtB1	2
RefSeq_NZ_CP089447.1	IncFII	Gram-negative	IS26	44236-45055	60152-60972	15097	blaKPC-2,blaSHV-12	2
RefSeq_NZ_CP089447.1	IncFII	Gram-negative	IS26	109715-110538	111927-112749	1389	catA2	1
RefSeq_NZ_CP089510.1	IncFII	Gram-negative	IS26	146796-147615	148656-149475	1041	aph(3')-Ia	1
RefSeq_NZ_CP089510.1	IncFII	Gram-negative	IS26	148656-149475	160911-161730	11436	dfrA12,aadA2,cmlA1,aadA1,sul3,mef(B)	6
RefSeq_NZ_CP089600.1	IncFII	Gram-negative	IS26	25348-26167	34656-35475	8489	blaTEM-1,aph(6)-Id,aph(3'')-Ib,sul2	4
RefSeq_NZ_CP089600.1	IncFII	Gram-negative	IS26	105048-105868	124281-125101	18413	blaCTX-M-71,qnrS1	2
RefSeq_NZ_CP089763.1	IncFII	Gram-negative	IS26	4393-5212	9237-10056	4025	blaCTX-M-65	1
RefSeq_NZ_CP089763.1	IncFII	Gram-negative	IS26	11041-11860	15668-16488	3808	blaTEM-1,rmtB1	2
RefSeq_NZ_CP089763.1	IncFII	Gram-negative	IS26	37428-38249	44753-45572	6504	blaKPC-2	1
RefSeq_NZ_CP089876.1	IncFII	Gram-negative	IS26	18749-19570	28113-28932	8543	blaCTX-M-3,blaTEM-1	2
RefSeq_NZ_CP089876.1	IncFII	Gram-negative	IS26	28113-28932	30686-31505	1754	aac(3)-IId	1
RefSeq_NZ_CP089876.1	IncFII	Gram-negative	IS26	30686-31505	32546-33365	1041	aph(3')-Ia	1
RefSeq_NZ_CP089876.1	IncFII	Gram-negative	IS26	32546-33365	37751-38572	4386	aph(6)-Id,aph(3'')-Ib,sul2	3
RefSeq_NZ_CP089881.1	IncFII	Gram-negative	IS1	19474-20186	42805-43570	22619	blaTEM-1,aph(6)-Id,aph(3'')-Ib,sul2	4
RefSeq_NZ_CP089881.1	IncFII	Gram-negative	IS26	195162-195981	221403-222223	25422	blaCTX-M-14	1
RefSeq_NZ_CP089881.1	IncFII	Gram-negative	IS26	221403-222223	232548-233367	10325	blaLAP-2,qnrS1	2
RefSeq_NZ_CP089885.1	IncFII	Gram-negative	IS26	58093-58913	72582-73401	13669	sul2,aph(3'')-Ib,aph(6)-Id,blaTEM-1,blaCTX-M-15	5
RefSeq_NZ_CP089885.1	IncFII	Gram-negative	IS26	72582-73401	76002-76822	2601	aac(3)-IIe	1
RefSeq_NZ_CP089885.1	IncFII	Gram-negative	IS26	76002-76822	79009-79828	2187	catB3,blaOXA-1,aac(6')-Ib-cr5	3
RefSeq_NZ_CP089885.1	IncFII	Gram-negative	IS26	79009-79828	93309-94128	13481	tet(A),qnrB1	2
RefSeq_NZ_CP089885.1	IncFII	Gram-negative	IS26	93309-94128	100856-101648	6728	dfrA14	1
RefSeq_NZ_CP089886.1	IncFII	Gram-negative	IS26	10502-11322	16702-17523	5380	qnrS	1
RefSeq_NZ_CP089886.1	IncFII	Gram-negative	IS26	108790-109611	113997-114816	4386	sul2,aph(3'')-Ib,aph(6)-Id	3
RefSeq_NZ_CP089886.1	IncFII	Gram-negative	IS26	113997-114816	115857-116676	1041	aph(3')-Ia	1
RefSeq_NZ_CP089886.1	IncFII	Gram-negative	IS26	115857-116676	118430-119251	1754	aac(3)-IId	1
RefSeq_NZ_CP089886.1	IncFII	Gram-negative	IS26	120080-120899	121940-122759	1041	aph(3')-Ia	1
RefSeq_NZ_CP089886.1	IncFII	Gram-negative	IS26	121940-122759	124513-125333	1754	aac(3)-IId	1
RefSeq_NZ_CP090062.1	IncFII	Gram-negative	IS26	70428-71248	84062-84884	12814	aac(6')-Ib	1
RefSeq_NZ_CP090062.1	IncFII	Gram-negative	IS26	86110-86846	98029-98848	11183	mph(A),mrx(A),sul1,aadA2,dfrA12	5
RefSeq_NZ_CP090204.1	IncFII	Gram-negative	IS26	36193-37013	40821-41640	3808	rmtB1,blaTEM-1	2
RefSeq_NZ_CP090204.1	IncFII	Gram-negative	IS26	42625-43444	47469-48288	4025	blaCTX-M-65	1
RefSeq_NZ_CP090213.1	IncN	Gram-negative	IS26	8299-9119	14110-14929	4991	floR	1
RefSeq_NZ_CP090213.1	IncN	Gram-negative	IS26	35780-36601	38123-38942	1522	bleO	1
RefSeq_NZ_CP090213.1	IncN	Gram-negative	IS26	38123-38942	41008-41830	2066	dfrA17	1
RefSeq_NZ_CP090213.1	IncN	Gram-negative	IS26	41008-41830	51492-52314	9662	aac(3)-IId	1
RefSeq_NZ_CP090213.1	IncN	Gram-negative	IS26	51492-52314	57570-58388	5256	tet(M)	1
RefSeq_NZ_CP090213.1	IncN	Gram-negative	IS26	57570-58388	67368-68187	8980	blaCARB-2,aadA2,cmlA1,aadA1,sul3	5
RefSeq_NZ_CP090213.1	IncN	Gram-negative	IS26	67368-68187	69228-70047	1041	aph(3')-Ia	1
RefSeq_NZ_CP090219.1	IncFII	Gram-negative	IS26	4393-5212	9237-10056	4025	blaCTX-M-65	1
RefSeq_NZ_CP090219.1	IncFII	Gram-negative	IS26	11041-11860	13136-13955	1276	fosA3	1
RefSeq_NZ_CP090219.1	IncFII	Gram-negative	IS26	13136-13955	17763-18583	3808	blaTEM-1,rmtB1	2
RefSeq_NZ_CP090219.1	IncFII	Gram-negative	IS26	75404-76226	82627-83446	6401	blaKPC-2	1
RefSeq_NZ_CP090219.1	IncFII	Gram-negative	IS26	134937-135757	137146-137968	1389	catA2	1
RefSeq_NZ_CP090220.1	IncFII	Gram-negative	IS26	86514-87333	91268-92087	3935	aac(3)-IId	1
RefSeq_NZ_CP090345.1	IncFII	Gram-negative	IS26	55076-55895	94049-94869	38154	blaKPC-2,blaSHV-11	2
RefSeq_NZ_CP090345.1	IncFII	Gram-negative	IS26	94049-94869	98677-99496	3808	rmtB1,blaTEM-1	2
RefSeq_NZ_CP090345.1	IncFII	Gram-negative	IS26	100481-101300	105325-106144	4025	blaCTX-M-65	1
RefSeq_NZ_CP090346.1	IncFII	Gram-negative	IS26	34143-34964	36364-37187	1400	catA2	1
RefSeq_NZ_CP090346.1	IncFII	Gram-negative	IS26	36364-37187	45341-46160	8154	sul2	1
RefSeq_NZ_CP090346.1	IncFII	Gram-negative	IS26	45341-46160	48885-49704	2725	dfrA14	1
RefSeq_NZ_CP090390.1	IncFII	Gram-negative	IS26	129952-130772	142446-143265	11674	sul2,aph(3'')-Ib,aph(6)-Id,blaTEM-1,blaCTX-M-15	5
RefSeq_NZ_CP090390.1	IncFII	Gram-negative	IS26	142446-143265	156746-157565	13481	qnrB1,tet(A)	2
RefSeq_NZ_CP090390.1	IncFII	Gram-negative	IS26	156746-157565	159752-160572	2187	aac(6')-Ib-cr5,blaOXA-1,catB3	3
RefSeq_NZ_CP090390.1	IncFII	Gram-negative	IS26	159752-160572	163172-163991	2600	aac(3)-IIe	1
RefSeq_NZ_CP090390.1	IncFII	Gram-negative	IS26	165994-166814	173542-174334	6728	dfrA14	1
RefSeq_NZ_CP090394.1	IncFII	Gram-negative	IS26	129956-130776	142450-143269	11674	sul2,aph(3'')-Ib,aph(6)-Id,blaTEM-1,blaCTX-M-15	5
RefSeq_NZ_CP090394.1	IncFII	Gram-negative	IS26	142450-143269	156750-157569	13481	qnrB1,tet(A)	2
RefSeq_NZ_CP090394.1	IncFII	Gram-negative	IS26	156750-157569	159756-160575	2187	aac(6')-Ib-cr5,blaOXA-1,catB3	3
RefSeq_NZ_CP090394.1	IncFII	Gram-negative	IS26	159756-160575	167303-168095	6728	dfrA14	1
RefSeq_NZ_CP090434.1	IncFII	Gram-negative	IS26	4393-5212	9237-10056	4025	blaCTX-M-65	1
RefSeq_NZ_CP090434.1	IncFII	Gram-negative	IS26	11041-11860	15668-16488	3808	blaTEM-1,rmtB1	2
RefSeq_NZ_CP090434.1	IncFII	Gram-negative	IS26	39283-40102	55199-56018	15097	blaSHV-12,blaKPC-2	2
RefSeq_NZ_CP090435.1	IncFII	Gram-negative	IS26	6599-7422	8822-9643	1400	catA2	1
RefSeq_NZ_CP090435.1	IncFII	Gram-negative	IS26	81176-81995	84720-85539	2725	dfrA14	1
RefSeq_NZ_CP090458.1	IncFII	Gram-negative	IS26	7100-7919	12360-13179	4441	erm(B)	1
RefSeq_NZ_CP090458.1	IncFII	Gram-negative	IS26	12360-13179	21331-22153	8152	blaCTX-M-14,cmlA1,aac(6')-Ib3	3
RefSeq_NZ_CP090458.1	IncFII	Gram-negative	IS26	22139-22966	34754-35573	11788	sul2,floR,erm(42)	3
RefSeq_NZ_CP090458.1	IncFII	Gram-negative	IS26	34754-35573	42378-43197	6805	aadA22	1
RefSeq_NZ_CP090458.1	IncFII	Gram-negative	IS1	39065-39832	53890-54657	14058	aadA22	1
RefSeq_NZ_CP090464.1	IncFII	Gram-negative	IS26	63002-63821	78918-79737	15097	blaKPC-2,blaSHV-12	2
RefSeq_NZ_CP090464.1	IncFII	Gram-negative	IS26	102532-103352	107160-107979	3808	rmtB1,blaTEM-1	2
RefSeq_NZ_CP090464.1	IncFII	Gram-negative	IS26	108964-109783	113808-114627	4025	blaCTX-M-65	1
RefSeq_NZ_CP090465.1	IncFII	Gram-negative	IS26	52943-53762	61917-62740	8155	sul2	1
RefSeq_NZ_CP090465.1	IncFII	Gram-negative	IS26	61917-62740	64140-64961	1400	catA2	1
RefSeq_NZ_CP090471.1	IncFII	Gram-negative	IS26	1-757	7485-8305	6728	dfrA14	1
RefSeq_NZ_CP090471.1	IncFII	Gram-negative	IS26	107158-107977	114610-115430	6633	qnrB1	1
RefSeq_NZ_CP090571.1	IncN	Gram-negative	IS26	8299-9119	14110-14929	4991	floR	1
RefSeq_NZ_CP090571.1	IncN	Gram-negative	IS26	35780-36601	38123-38942	1522	bleO	1
RefSeq_NZ_CP090571.1	IncN	Gram-negative	IS26	38123-38942	41008-41830	2066	dfrA17	1
RefSeq_NZ_CP090571.1	IncN	Gram-negative	IS26	41008-41830	51492-52314	9662	aac(3)-IId	1
RefSeq_NZ_CP090571.1	IncN	Gram-negative	IS26	51492-52314	57570-58388	5256	tet(M)	1
RefSeq_NZ_CP090571.1	IncN	Gram-negative	IS26	57570-58388	67368-68187	8980	blaCARB-2,aadA2,cmlA1,aadA1,sul3	5
RefSeq_NZ_CP090571.1	IncN	Gram-negative	IS26	67368-68187	69228-70047	1041	aph(3')-Ia	1
RefSeq_NZ_CP090620.1	IncFII	Gram-negative	IS26	6078-6896	8716-9533	1820	dfrA14	1
RefSeq_NZ_CP090620.1	IncFII	Gram-negative	IS26	8716-9533	10977-11800	1444	rmtB1	1
RefSeq_NZ_CP090620.1	IncFII	Gram-negative	IS26	10977-11800	26598-27417	14798	floR,tet(A),aph(6)-Id,aph(3'')-Ib,sul2	5
RefSeq_NZ_CP090620.1	IncFII	Gram-negative	IS26	28308-29127	31623-32442	2496	fosA3	1
RefSeq_NZ_CP090620.1	IncFII	Gram-negative	IS26	31623-32442	35210-36030	2768	blaCTX-M-55	1
RefSeq_NZ_CP090835.1	IncFII	Gram-negative	IS26	7807-8628	15175-15996	6547	blaKPC-2	1
RefSeq_NZ_CP090835.1	IncFII	Gram-negative	IS26	15175-15996	37224-38043	21228	mph(A),mrx(A),sul1,dfrA25,blaCTX-M-3	5
RefSeq_NZ_CP090835.1	IncFII	Gram-negative	IS26	37224-38043	41478-42297	3435	sul2,aph(3'')-Ib,aph(6)-Id	3
RefSeq_NZ_CP090910.1	IncFII	Gram-negative	IS26	71360-72179	73579-74398	1400	catA2	1
RefSeq_NZ_CP090910.1	IncFII	Gram-negative	IS26	73579-74398	77912-78740	3514	tet(D)	1
RefSeq_NZ_CP090910.1	IncFII	Gram-negative	IS26	77912-78740	87161-87980	8421	dfrA14	1
RefSeq_NZ_CP090969.1	IncN	Gram-negative	IS26	25099-25918	29445-30054	3527	tet(D)	1
RefSeq_NZ_CP090969.1	IncN	Gram-negative	IS26	29445-30054	38049-38886	7995	blaTEM-1,qnrS1	2
RefSeq_NZ_CP091051.1	IncFII	Gram-negative	IS26	5439-6260	21904-22729	15644	qnrS1,blaLAP-2,tet(A)	3
RefSeq_NZ_CP091051.1	IncFII	Gram-negative	IS26	21904-22729	35168-35987	12439	floR,sul2	2
RefSeq_NZ_CP091060.1	IncFII	Gram-negative	IS26	25348-26167	34656-35475	8489	blaTEM-1,aph(6)-Id,aph(3'')-Ib,sul2	4
RefSeq_NZ_CP091063.1	IncFII	Gram-negative	IS26	25109-25929	34418-35237	8489	blaTEM-1,aph(6)-Id,aph(3'')-Ib,sul2	4
RefSeq_NZ_CP091063.1	IncFII	Gram-negative	IS26	34418-35237	53650-54470	18413	blaCTX-M-15,qnrS1	2
RefSeq_NZ_CP091070.1	IncFII	Gram-negative	IS26	4393-5212	9237-10056	4025	blaCTX-M-65	1
RefSeq_NZ_CP091070.1	IncFII	Gram-negative	IS26	11041-11860	15668-16488	3808	blaTEM-1,rmtB1	2
RefSeq_NZ_CP091070.1	IncFII	Gram-negative	IS26	46704-47532	54253-55072	6721	blaKPC-2	1
RefSeq_NZ_CP091071.1	IncFII	Gram-negative	IS26	55666-56485	59210-60029	2725	dfrA14	1
RefSeq_NZ_CP091071.1	IncFII	Gram-negative	IS26	59210-60029	68184-69007	8155	sul2	1
RefSeq_NZ_CP091071.1	IncFII	Gram-negative	IS26	68184-69007	70407-71228	1400	catA2	1
RefSeq_NZ_CP091331.1	IncFII	Gram-negative	IS26	136687-137422	143781-144601	6359	tet(A)	1
RefSeq_NZ_CP091331.1	IncFII	Gram-negative	IS26	143781-144601	154986-155805	10385	blaTEM-1,blaCTX-M-15	2
RefSeq_NZ_CP091331.1	IncFII	Gram-negative	IS26	154986-155805	157992-158811	2187	aac(6')-Ib-cr5,blaOXA-1,catB3	3
RefSeq_NZ_CP091331.1	IncFII	Gram-negative	IS26	158974-159793	164255-165075	4462	mrx(A),mph(A)	2
RefSeq_NZ_CP091489.1	IncN	Gram-negative	IS26	17145-17982	30315-31135	12333	qnrS1	1
RefSeq_NZ_CP091489.1	IncN	Gram-negative	IS26	30315-31135	74494-75328	43359	dfrA14	1
RefSeq_NZ_CP091489.1	IncN	Gram-negative	IS26	74494-75328	87658-88478	12330	qnrS1	1
RefSeq_NZ_CP091574.1	IncFII	Gram-negative	IS26	14277-14884	17380-18199	2496	fosA3	1
RefSeq_NZ_CP091574.1	IncFII	Gram-negative	IS26	17380-18199	20967-21787	2768	blaCTX-M-55	1
RefSeq_NZ_CP091584.1	IncFII	Gram-negative	IS26	77305-78124	81651-82470	3527	tet(D)	1
RefSeq_NZ_CP091591.1	IncN	Gram-negative	IS26	55927-56746	61262-62082	4516	mrx(A),mph(A)	2
RefSeq_NZ_CP091591.1	IncN	Gram-negative	IS26	82842-83663	96774-97593	13111	aph(3'')-Ib,aph(6)-Id	2
RefSeq_NZ_CP091591.1	IncN	Gram-negative	IS26	96774-97593	98634-99453	1041	aph(3')-Ia	1
RefSeq_NZ_CP091591.1	IncN	Gram-negative	IS26	98634-99453	103330-104092	3877	dfrA12,aadA2,sul1	3
RefSeq_NZ_CP091591.1	IncN	Gram-negative	IS1	78274-79037	104093-104860	25056	aph(3'')-Ib,aph(6)-Id,aph(3')-Ia,dfrA12,aadA2,sul1	6
RefSeq_NZ_CP091672.1	IncX1	Gram-negative	IS26	167756-168575	178999-179818	10424	dfrA17,aadA5,sul1,mrx(A),mph(A)	5
RefSeq_NZ_CP091672.1	IncX1	Gram-negative	IS26	178999-179818	184259-185078	4441	erm(B)	1
RefSeq_NZ_CP091672.1	IncX1	Gram-negative	IS26	184259-185078	189412-190232	4334	aac(3)-IId	1
RefSeq_NZ_CP091672.1	IncX1	Gram-negative	IS26	189412-190232	198726-199546	8494	blaTEM-1,tet(A),floR	3
RefSeq_NZ_CP091672.1	IncX1	Gram-negative	IS26	198726-199546	206204-207023	6658	sul2,aph(3'')-Ib,aph(6)-Id,tet(A)	4
RefSeq_NZ_CP091685.1	IncFII	Gram-negative	IS1	40361-41128	82892-83659	41764	sul2,aph(3'')-Ib,aph(6)-Id,tet(A),blaTEM-1	5
RefSeq_NZ_CP091685.1	IncFII	Gram-negative	IS26	41344-42164	48821-49640	6657	sul2,aph(3'')-Ib,aph(6)-Id,tet(A)	4
RefSeq_NZ_CP091692.1	IncFII	Gram-negative	IS26	80461-81281	92234-93054	10953	dfrA12,aadA2,sul1,mrx(A),mph(A)	5
RefSeq_NZ_CP091692.1	IncFII	Gram-negative	IS26	92234-93054	97495-98315	4441	erm(B)	1
RefSeq_NZ_CP091705.1	IncFII	Gram-negative	IS1	31486-32253	37554-38321	5301	tet(B)	1
RefSeq_NZ_CP091753.1	IncFII	Gram-negative	IS1	211352-212119	246344-247109	34225	blaKPC-3	1
RefSeq_NZ_CP091753.1	IncFII	Gram-negative	IS26	90487-91306	93906-94727	2600	aac(3)-IIe	1
RefSeq_NZ_CP091753.1	IncFII	Gram-negative	IS26	93906-94727	95856-96675	1129	aac(6')-Ib-cr5	1
RefSeq_NZ_CP091753.1	IncFII	Gram-negative	IS26	95856-96675	110156-110975	13481	tet(A),qnrB1	2
RefSeq_NZ_CP091753.1	IncFII	Gram-negative	IS26	110156-110975	117703-118495	6728	dfrA14	1
RefSeq_NZ_CP091757.1	IncFII	Gram-negative	IS1	257368-258135	292360-293125	34225	blaKPC-3	1
RefSeq_NZ_CP091757.1	IncFII	Gram-negative	IS26	90487-91306	93906-94727	2600	aac(3)-IIe	1
RefSeq_NZ_CP091757.1	IncFII	Gram-negative	IS26	93906-94727	95856-96675	1129	aac(6')-Ib-cr5	1
RefSeq_NZ_CP091757.1	IncFII	Gram-negative	IS26	95856-96675	110156-110975	13481	tet(A),qnrB1	2
RefSeq_NZ_CP091757.1	IncFII	Gram-negative	IS26	110156-110975	117703-118495	6728	dfrA14	1
RefSeq_NZ_CP091782.1	IncFII	Gram-negative	IS26	49789-50609	72071-72890	21462	blaKPC-2	1
RefSeq_NZ_CP091812.1	IncFII	Gram-negative	IS26	54936-55755	74831-75650	19076	blaTEM-1,aac(3)-IId	2
RefSeq_NZ_CP091812.1	IncFII	Gram-negative	IS26	74831-75650	81552-82371	5902	dfrA12,aadA2,sul1	3
RefSeq_NZ_CP091812.1	IncFII	Gram-negative	IS26	81552-82371	94258-95077	11887	sul1,aac(6')-Il,blaVIM-4	3
RefSeq_NZ_CP091812.1	IncFII	Gram-negative	IS26	104871-105691	108564-109384	2873	mrx(A),mph(A)	2
RefSeq_NZ_CP091848.1	IncFII	Gram-negative	IS1	68246-68958	116811-117578	47853	aph(3')-Ia,mph(A),mrx(A)	3
RefSeq_NZ_CP091848.1	IncFII	Gram-negative	IS26	79972-80707	81748-82568	1041	aph(3')-Ia	1
RefSeq_NZ_CP091848.1	IncFII	Gram-negative	IS26	81748-82568	86737-87556	4169	mph(A),mrx(A)	2
RefSeq_NZ_CP091849.1	IncN	Gram-negative	IS26	2817-3636	6993-7816	3357	blaKPC-2	1
RefSeq_NZ_CP091849.1	IncN	Gram-negative	IS26	6993-7816	37148-37968	29332	dfrA14,arr-3,aac(6')-Ib3	3
RefSeq_NZ_CP091849.1	IncN	Gram-negative	IS1	27748-28515	52321-53088	23806	arr-3,aac(6')-Ib3,qnrS1,blaTEM-1,blaCTX-M-3	5
RefSeq_NZ_CP091987.1	IncFII	Gram-negative	IS1	68246-68958	116811-117578	47853	aph(3')-Ia,mph(A),mrx(A)	3
RefSeq_NZ_CP091987.1	IncFII	Gram-negative	IS26	79972-80707	81748-82568	1041	aph(3')-Ia	1
RefSeq_NZ_CP091987.1	IncFII	Gram-negative	IS26	81748-82568	86736-87555	4168	mph(A),mrx(A)	2
RefSeq_NZ_CP092254.1	IncFII	Gram-negative	IS26	24179-24999	28251-29070	3252	blaCTX-M-55,blaTEM-1	2
RefSeq_NZ_CP092254.1	IncFII	Gram-negative	IS26	28251-29070	30869-31688	1799	rmtB1,blaTEM	2
RefSeq_NZ_CP092259.1	IncN	Gram-negative	IS26	109623-110445	115156-115975	4711	sul1,arr-3,catB3,blaOXA-1,aac(6')-Ib-cr5	5
RefSeq_NZ_CP092259.1	IncN	Gram-negative	IS26	115156-115975	133328-134148	17353	aac(3)-IVa,aph(4)-Ia,sul2,floR	4
RefSeq_NZ_CP092259.1	IncN	Gram-negative	IS26	133328-134148	138173-138992	4025	blaCTX-M-65	1
RefSeq_NZ_CP092259.1	IncN	Gram-negative	IS26	138173-138992	140268-141087	1276	fosA3	1
RefSeq_NZ_CP092259.1	IncN	Gram-negative	IS26	140268-141087	143004-143824	1917	blaTEM-1	1
RefSeq_NZ_CP092259.1	IncN	Gram-negative	IS26	143004-143824	148210-149029	4386	sul2,aph(3'')-Ib,aph(6)-Id	3
RefSeq_NZ_CP092259.1	IncN	Gram-negative	IS26	148210-149029	154226-155045	5197	oqxA,oqxB	2
RefSeq_NZ_CP092259.1	IncN	Gram-negative	IS26	154226-155045	157416-158235	2371	aadA5,dfrA17	2
RefSeq_NZ_CP092259.1	IncN	Gram-negative	IS26	157416-158235	163335-164154	5100	armA	1
RefSeq_NZ_CP092260.1	IncX1	Gram-negative	IS26	16558-17379	20525-21346	3146	mph(A),mrx(A)	2
RefSeq_NZ_CP092260.1	IncX1	Gram-negative	IS26	20525-21346	35927-36746	14581	aph(3')-IIa	1
RefSeq_NZ_CP092274.1	IncFII	Gram-negative	IS26	4393-5212	9237-10056	4025	blaCTX-M-65	1
RefSeq_NZ_CP092274.1	IncFII	Gram-negative	IS26	11041-11860	13136-13955	1276	fosA3	1
RefSeq_NZ_CP092274.1	IncFII	Gram-negative	IS26	13136-13955	17763-18583	3808	blaTEM-1,rmtB1	2
RefSeq_NZ_CP092274.1	IncFII	Gram-negative	IS26	152007-152829	154218-155041	1389	catA2	1
RefSeq_NZ_CP092337.1	IncFII	Gram-negative	IS26	51445-52265	66518-67310	14253	sul2,aph(3'')-Ib,aph(6)-Id,blaTEM-1,blaCTX-M-15	5
RefSeq_NZ_CP092337.1	IncFII	Gram-negative	IS26	66518-67310	74038-74857	6728	dfrA14	1
RefSeq_NZ_CP092337.1	IncFII	Gram-negative	IS26	101043-101862	108441-109260	6579	qnrB1	1
RefSeq_NZ_CP092337.1	IncFII	Gram-negative	IS26	108441-109260	131830-132651	22570	arr-2,aac(6')-Ib,rmtF1,catB	4
RefSeq_NZ_CP092465.1	IncN	Gram-negative	IS26	23325-24145	38970-39807	14825	qnrS1,ble,blaNDM-1	3
RefSeq_NZ_CP092649.1	IncFII	Gram-negative	IS26	23811-24632	29018-29837	4386	sul2,aph(3'')-Ib,aph(6)-Id	3
RefSeq_NZ_CP092649.1	IncFII	Gram-negative	IS26	29018-29837	30878-31697	1041	aph(3')-Ia	1
RefSeq_NZ_CP092649.1	IncFII	Gram-negative	IS26	30878-31697	33451-34271	1754	aac(3)-IId	1
RefSeq_NZ_CP092649.1	IncFII	Gram-negative	IS26	33451-34271	43793-44613	9522	aac(6')-Ib-cr5,arr-3,dfrA27,aadA16,sul1,mrx(A),mph(A)	7
RefSeq_NZ_CP092649.1	IncFII	Gram-negative	IS26	43793-44613	65810-66631	21197	tet(A),floR,blaTEM-1,blaCTX-M-3,qnrS1	5
RefSeq_NZ_CP092654.1	IncFII	Gram-negative	IS1	68246-68958	116825-117592	47867	aph(3')-Ia,mph(A),mrx(A)	3
RefSeq_NZ_CP092654.1	IncFII	Gram-negative	IS26	79972-80707	81748-82568	1041	aph(3')-Ia	1
RefSeq_NZ_CP092654.1	IncFII	Gram-negative	IS26	81748-82568	86737-87556	4169	mph(A),mrx(A)	2
RefSeq_NZ_CP092655.1	IncN	Gram-negative	IS26	2484-3303	6660-7483	3357	blaKPC-2	1
RefSeq_NZ_CP092655.1	IncN	Gram-negative	IS26	6660-7483	36816-37636	29333	dfrA14,arr-3,aac(6')-Ib3	3
RefSeq_NZ_CP092655.1	IncN	Gram-negative	IS1	27416-28183	51989-52756	23806	arr-3,aac(6')-Ib3,qnrS1,blaTEM-1,blaCTX-M-3	5
RefSeq_NZ_CP092754.1	IncFII	Gram-negative	IS1	100478-101189	129678-130445	28489	aph(3')-Ia,mph(A),mrx(A),sul1,aadA2,dfrA12,catA1	7
RefSeq_NZ_CP092754.1	IncFII	Gram-negative	IS26	110870-111606	112647-113466	1041	aph(3')-Ia	1
RefSeq_NZ_CP092760.1	IncFII	Gram-negative	IS26	164049-164783	165822-166640	1039	aph(3')-Ia	1
RefSeq_NZ_CP092760.1	IncFII	Gram-negative	IS1	153660-154371	182852-183615	28481	aph(3')-Ia,mph(A),mrx(A),sul1,aadA2,dfrA12,catA1	7
RefSeq_NZ_CP092766.1	IncFII	Gram-negative	IS1	64763-65475	93977-94744	28502	aph(3')-Ia,mph(A),mrx(A),sul1,aadA2,dfrA12,catA1	7
RefSeq_NZ_CP092766.1	IncFII	Gram-negative	IS26	75162-75897	76938-77758	1041	aph(3')-Ia	1
RefSeq_NZ_CP092788.1	IncFII	Gram-negative	IS26	4393-5212	9237-10056	4025	blaCTX-M-65	1
RefSeq_NZ_CP092788.1	IncFII	Gram-negative	IS26	11041-11860	15668-16488	3808	blaTEM-1,rmtB1	2
RefSeq_NZ_CP092788.1	IncFII	Gram-negative	IS26	39283-40102	55199-56018	15097	blaSHV-12,blaKPC-2	2
RefSeq_NZ_CP092789.1	IncFII	Gram-negative	IS26	66231-67050	69775-70594	2725	dfrA14	1
RefSeq_NZ_CP092789.1	IncFII	Gram-negative	IS26	69775-70594	78749-79572	8155	sul2	1
RefSeq_NZ_CP092789.1	IncFII	Gram-negative	IS26	78749-79572	80972-81793	1400	catA2	1
RefSeq_NZ_CP092795.1	IncFII	Gram-negative	IS26	4393-5212	9237-10056	4025	blaCTX-M-65	1
RefSeq_NZ_CP092795.1	IncFII	Gram-negative	IS26	11041-11860	15668-16488	3808	blaTEM-1,rmtB1	2
RefSeq_NZ_CP092795.1	IncFII	Gram-negative	IS26	39283-40102	55199-56018	15097	blaSHV-12,blaKPC-2	2
RefSeq_NZ_CP092796.1	IncFII	Gram-negative	IS26	66231-67050	69775-70594	2725	dfrA14	1
RefSeq_NZ_CP092796.1	IncFII	Gram-negative	IS26	69775-70594	78749-79572	8155	sul2	1
RefSeq_NZ_CP092796.1	IncFII	Gram-negative	IS26	78749-79572	80972-81793	1400	catA2	1
RefSeq_NZ_CP092903.1	IncFII	Gram-negative	IS26	24330-25150	31129-31948	5979	tet(A)	1
RefSeq_NZ_CP092903.1	IncFII	Gram-negative	IS26	31129-31948	52748-53569	20800	dfrA12,aadA2,sul1,qnrA1,sul1,floR2,tet(G),rmtB1,blaTEM-1	9
RefSeq_NZ_CP092903.1	IncFII	Gram-negative	IS26	143149-143968	150795-151615	6827	ble	1
RefSeq_NZ_CP092903.1	IncFII	Gram-negative	IS26	150795-151615	154109-154928	2494	blaSHV-12	1
RefSeq_NZ_CP093152.1	IncFII	Gram-negative	IS1	143623-144389	189390-190157	45001	sul2,aph(3'')-Ib,aph(6)-Id,tet(A),floR,dfrA14,aadA1,blaOXA-10,cmlA5,arr-2,blaLAP-2,qnrS1	12
RefSeq_NZ_CP093152.1	IncFII	Gram-negative	IS26	160692-161515	167331-168150	5816	dfrA14,aadA1,blaOXA-10,cmlA5,arr-2	5
RefSeq_NZ_CP093152.1	IncFII	Gram-negative	IS26	167331-168150	181192-182014	13042	blaLAP-2,qnrS1	2
RefSeq_NZ_CP093153.1	IncFII	Gram-negative	IS26	4393-5212	9139-9958	3927	blaKPC-2	1
RefSeq_NZ_CP093153.1	IncFII	Gram-negative	IS26	9139-9958	13983-14802	4025	blaCTX-M-65	1
RefSeq_NZ_CP093153.1	IncFII	Gram-negative	IS26	15787-16606	20414-21234	3808	blaTEM-1,rmtB1	2
RefSeq_NZ_CP093156.1	IncN	Gram-negative	IS26	24069-24889	43294-44131	18405	qnrS1,ble,blaNDM-1	3
RefSeq_NZ_CP093241.1	IncN	Gram-negative	IS26	3329-4149	7366-8186	3217	blaCTX-M-32	1
RefSeq_NZ_CP093261.1	IncN	Gram-negative	IS26	12153-12972	14013-14835	1041	aph(3')-Ia	1
RefSeq_NZ_CP093284.1	IncN	Gram-negative	IS26	121290-122110	123632-124451	1522	bleO	1
RefSeq_NZ_CP093284.1	IncN	Gram-negative	IS26	123632-124451	127588-128409	3137	dfrA17,aadA5	2
RefSeq_NZ_CP093284.1	IncN	Gram-negative	IS26	127588-128409	135299-136118	6890	sul2,floR	2
RefSeq_NZ_CP093284.1	IncN	Gram-negative	IS26	135299-136118	140468-141288	4350	aac(6')-Ib3	1
RefSeq_NZ_CP093284.1	IncN	Gram-negative	IS26	198329-199151	201647-202469	2496	fosA3	1
RefSeq_NZ_CP093466.1	IncFII	Gram-negative	IS26	77689-78424	79465-80284	1041	aph(3')-Ia	1
RefSeq_NZ_CP093466.1	IncFII	Gram-negative	IS26	79465-80284	82471-83291	2187	aac(6')-Ib-cr5,blaOXA-1,catB3	3
RefSeq_NZ_CP093466.1	IncFII	Gram-negative	IS26	82471-83291	85891-86710	2600	aac(3)-IIe	1
RefSeq_NZ_CP093466.1	IncFII	Gram-negative	IS26	85891-86710	90481-91300	3771	blaCTX-M-15	1
RefSeq_NZ_CP093466.1	IncFII	Gram-negative	IS26	90481-91300	96944-97763	5644	sul1,aadA2,dfrA12	3
RefSeq_NZ_CP093466.1	IncFII	Gram-negative	IS26	99765-100586	107020-107840	6434	mrx(A),mph(A)	2
RefSeq_NZ_CP093482.1	IncFII	Gram-negative	IS26	61234-62054	67826-68646	5772	sul2,aph(3'')-Ib,aph(6)-Id	3
RefSeq_NZ_CP093482.1	IncFII	Gram-negative	IS26	67826-68646	73967-74786	5321	blaCTX-M-15	1
RefSeq_NZ_CP093482.1	IncFII	Gram-negative	IS26	73967-74786	77386-78206	2600	aac(3)-IIe	1
RefSeq_NZ_CP093482.1	IncFII	Gram-negative	IS26	77386-78206	80393-81212	2187	catB3,blaOXA-1,aac(6')-Ib-cr5	3
RefSeq_NZ_CP093482.1	IncFII	Gram-negative	IS26	80393-81212	87940-88732	6728	dfrA14	1
RefSeq_NZ_CP093487.1	IncN	Gram-negative	IS26	12912-13731	60352-61173	46621	blaTEM,blaKPC-2,sul1,aadA1	4
RefSeq_NZ_CP093491.1	IncFII	Gram-negative	IS26	55215-56035	63882-64704	7847	sul2,aph(3'')-Ib,aph(6)-Id,blaTEM-1	4
RefSeq_NZ_CP093491.1	IncFII	Gram-negative	IS26	63882-64704	68929-69749	4225	blaCTX-M-15	1
RefSeq_NZ_CP093491.1	IncFII	Gram-negative	IS26	68929-69749	79588-80407	9839	qnrB19	1
RefSeq_NZ_CP093491.1	IncFII	Gram-negative	IS26	84982-85801	92529-93348	6728	dfrA14	1
RefSeq_NZ_CP093496.1	IncFII	Gram-negative	IS26	77689-78424	79465-80285	1041	aph(3')-Ia	1
RefSeq_NZ_CP093496.1	IncFII	Gram-negative	IS26	79465-80285	84363-85182	4078	mph(A),mrx(A)	2
RefSeq_NZ_CP093496.1	IncFII	Gram-negative	IS26	87184-88003	91774-92593	3771	blaCTX-M-15	1
RefSeq_NZ_CP093496.1	IncFII	Gram-negative	IS26	91774-92593	94780-95600	2187	aac(6')-Ib-cr5,blaOXA-1,catB3	3
RefSeq_NZ_CP093496.1	IncFII	Gram-negative	IS26	94780-95600	96110-96930	510	aac(3)-IIe	1
RefSeq_NZ_CP093496.1	IncFII	Gram-negative	IS26	103609-104428	116499-117319	12071	dfrA12,aadA2,sul1,mrx(A),mph(A)	5
RefSeq_NZ_CP093498.1	IncFII	Gram-negative	IS26	61944-62765	69279-70098	6514	sul2,aph(3'')-Ib,aph(6)-Id,blaTEM-1	4
RefSeq_NZ_CP093502.1	IncFII	Gram-negative	IS26	55215-56035	64390-65210	8355	sul2,aph(3'')-Ib,aph(6)-Id,blaTEM-1	4
RefSeq_NZ_CP093502.1	IncFII	Gram-negative	IS26	64390-65210	67810-68630	2600	aac(3)-IIe	1
RefSeq_NZ_CP093502.1	IncFII	Gram-negative	IS26	67810-68630	70817-71636	2187	catB3,blaOXA-1,aac(6')-Ib-cr5	3
RefSeq_NZ_CP093502.1	IncFII	Gram-negative	IS26	70817-71636	84160-84981	12524	tet(A),qnrB1	2
RefSeq_NZ_CP093502.1	IncFII	Gram-negative	IS26	84160-84981	89206-90026	4225	blaCTX-M-15	1
RefSeq_NZ_CP093502.1	IncFII	Gram-negative	IS26	89206-90026	99865-100684	9839	qnrB19	1
RefSeq_NZ_CP093502.1	IncFII	Gram-negative	IS26	105259-106078	112806-113625	6728	dfrA14	1
RefSeq_NZ_CP094334.1	IncFII	Gram-negative	IS26	2428-3250	7017-7836	3767	aac(3)-IId	1
RefSeq_NZ_CP094453.1	IncFII	Gram-negative	IS26	21113-21932	53878-54697	31946	blaSHV-12,blaKPC-2	2
RefSeq_NZ_CP094453.1	IncFII	Gram-negative	IS26	63415-64234	66387-67206	2153	blaCTX-M	1
RefSeq_NZ_CP094453.1	IncFII	Gram-negative	IS26	70753-71572	73644-74465	2072	rmtB1,blaTEM	2
RefSeq_NZ_CP095089.1	IncX1	Gram-negative	IS26	18165-18985	30759-31579	11774	sul2,aph(3'')-Ib,aph(6)-Id,mrx(A),mph(A)	5
RefSeq_NZ_CP095128.1	IncFII	Gram-negative	IS1	4995-5762	9118-9885	3356	tet(B)	1
RefSeq_NZ_CP095128.1	IncFII	Gram-negative	IS1	9118-9885	17199-17966	7314	catA1,blaCTX-M-15	2
RefSeq_NZ_CP095133.1	IncFII	Gram-negative	IS26	76767-77587	95301-95917	17714	aac(3)-IIe,blaTEM-1,blaCTX-M-15	3
RefSeq_NZ_CP095146.1	IncFII	Gram-negative	IS26	73116-73937	78993-79811	5056	dfrA1,aadA1,sul1	3
RefSeq_NZ_CP095146.1	IncFII	Gram-negative	IS26	78993-79811	90597-91416	10786	tet(D),blaSHV-1	2
RefSeq_NZ_CP095146.1	IncFII	Gram-negative	IS26	90597-91416	96315-97135	4899	catA1	1
RefSeq_NZ_CP095236.1	IncFII	Gram-negative	IS26	4393-5212	9723-10542	4511	aac(3)-IId	1
RefSeq_NZ_CP095242.1	IncFII	Gram-negative	IS26	6919-7738	11546-12366	3808	blaTEM-1,rmtB1	2
RefSeq_NZ_CP095242.1	IncFII	Gram-negative	IS26	35161-35980	51077-51896	15097	blaSHV-12,blaKPC-2	2
RefSeq_NZ_CP095243.1	IncFII	Gram-negative	IS26	35033-35854	37254-38077	1400	catA2	1
RefSeq_NZ_CP095243.1	IncFII	Gram-negative	IS26	37254-38077	46232-47051	8155	sul2	1
RefSeq_NZ_CP095243.1	IncFII	Gram-negative	IS26	46232-47051	49776-50595	2725	dfrA14	1
RefSeq_NZ_CP095248.1	IncFII	Gram-negative	IS26	61159-61978	75744-76563	13766	blaKPC-2,blaSHV-12	2
RefSeq_NZ_CP095249.1	IncFII	Gram-negative	IS26	43582-44401	47126-47945	2725	dfrA14	1
RefSeq_NZ_CP095249.1	IncFII	Gram-negative	IS26	47126-47945	56100-56923	8155	sul2	1
RefSeq_NZ_CP095249.1	IncFII	Gram-negative	IS26	56100-56923	58323-59144	1400	catA2	1
RefSeq_NZ_CP095265.1	IncFII	Gram-negative	IS26	4393-5212	9237-10056	4025	blaCTX-M-65	1
RefSeq_NZ_CP095265.1	IncFII	Gram-negative	IS26	11041-11860	15668-16488	3808	blaTEM-1,rmtB1	2
RefSeq_NZ_CP095265.1	IncFII	Gram-negative	IS26	39283-40102	55199-56018	15097	blaSHV-12,blaKPC-2	2
RefSeq_NZ_CP095266.1	IncFII	Gram-negative	IS26	35834-36659	44814-45633	8155	sul2	1
RefSeq_NZ_CP095266.1	IncFII	Gram-negative	IS26	44814-45633	48358-49177	2725	dfrA14	1
RefSeq_NZ_CP095423.1	IncFII	Gram-negative	IS26	5410-6233	14676-15495	8443	blaKPC-2	1
RefSeq_NZ_CP095423.1	IncFII	Gram-negative	IS26	14676-15495	22025-22849	6530	blaSHV-12	1
RefSeq_NZ_CP095423.1	IncFII	Gram-negative	IS26	48859-49679	53487-54306	3808	rmtB1,blaTEM-1	2
RefSeq_NZ_CP095423.1	IncFII	Gram-negative	IS26	54942-55761	59786-60605	4025	blaCTX-M-65	1
RefSeq_NZ_CP095423.1	IncFII	Gram-negative	IS26	76500-77323	78712-79531	1389	catA2	1
RefSeq_NZ_CP095423.1	IncFII	Gram-negative	IS26	78712-79531	80920-81742	1389	catA2	1
RefSeq_NZ_CP095427.1	IncFII	Gram-negative	IS26	25972-26792	27547-28366	755	rmtB	1
RefSeq_NZ_CP095427.1	IncFII	Gram-negative	IS26	27547-28366	29642-30495	1276	fosA3	1
RefSeq_NZ_CP095427.1	IncFII	Gram-negative	IS26	98061-98885	107459-108278	8574	blaKPC-2	1
RefSeq_NZ_CP095427.1	IncFII	Gram-negative	IS26	107459-108278	114821-115624	6543	blaSHV-12	1
RefSeq_NZ_CP095430.1	IncFII	Gram-negative	IS26	5058-5878	13769-14589	7891	tet(A),floR	2
RefSeq_NZ_CP095430.1	IncFII	Gram-negative	IS26	104320-105141	117849-118669	12708	qnrS1,blaCTX-M-3,blaTEM-1	3
RefSeq_NZ_CP095431.1	IncFII	Gram-negative	IS26	10114-10933	14420-15239	3487	blaCTX-M-65	1
RefSeq_NZ_CP095431.1	IncFII	Gram-negative	IS26	59148-59968	66478-67297	6510	blaKPC-2	1
RefSeq_NZ_CP095451.1	IncX1	Gram-negative	IS26	2590-3410	15446-16264	12036	blaTEM,rmtB1,sul1,aadA2,dfrA12	5
RefSeq_NZ_CP095451.1	IncX1	Gram-negative	IS26	32170-32990	37126-37945	4136	mph(A),mrx(A)	2
RefSeq_NZ_CP095451.1	IncX1	Gram-negative	IS26	37126-37945	43145-43963	5200	oqxA,oqxB	2
RefSeq_NZ_CP095451.1	IncX1	Gram-negative	IS26	43145-43963	76802-77623	32839	aph(3')-IIa	1
RefSeq_NZ_CP095451.1	IncX1	Gram-negative	IS26	76802-77623	80118-80944	2495	fosA3	1
RefSeq_NZ_CP095547.1	IncFII	Gram-negative	IS1	13222-13963	42875-43642	28912	blaTEM-1	1
RefSeq_NZ_CP095558.1	IncFII	Gram-negative	IS26	58551-59379	70482-71301	11103	catB,rmtF1,aac(6')-Ib,arr-2	4
RefSeq_NZ_CP095559.1	IncFII	Gram-negative	IS26	3378-4197	8265-9085	4068	erm(B)	1
RefSeq_NZ_CP095570.1	IncFII	Gram-negative	IS26	102949-103768	104788-105609	1020	aph(3')-Ia	1
RefSeq_NZ_CP095570.1	IncFII	Gram-negative	IS1	236815-237560	273041-273808	35481	aac(6')-Ib,sul1,rmtC	3
RefSeq_NZ_CP095571.1	IncFII	Gram-negative	IS26	39064-39884	45234-46053	5350	catA1	1
RefSeq_NZ_CP095571.1	IncFII	Gram-negative	IS26	45234-46053	51857-52676	5804	blaTEM-1,rmtB1	2
RefSeq_NZ_CP095571.1	IncFII	Gram-negative	IS26	51857-52676	64316-65139	11640	blaNDM-5,ble,sul1,aadA2,dfrA12	5
RefSeq_NZ_CP095571.1	IncFII	Gram-negative	IS26	64316-65139	83483-84310	18344	blaSHV-12,arr-2,aac(6')-Ib,rmtF1,catB	5
RefSeq_NZ_CP095598.1	IncFII	Gram-negative	IS26	69923-70744	79474-80294	8730	ble,blaNDM-1,qnrB1	3
RefSeq_NZ_CP095600.1	IncFII	Gram-negative	IS26	3452-4272	8388-9207	4116	blaCTX-M-15	1
RefSeq_NZ_CP095600.1	IncFII	Gram-negative	IS26	8388-9207	14404-15223	5197	rmtB1,blaTEM-1	2
RefSeq_NZ_CP095600.1	IncFII	Gram-negative	IS26	14404-15223	22296-23116	7073	blaNDM-5,ble,sul1	3
RefSeq_NZ_CP095600.1	IncFII	Gram-negative	IS26	22296-23116	25131-25950	2015	catA1	1
RefSeq_NZ_CP095600.1	IncFII	Gram-negative	IS26	25131-25950	31300-32120	5350	catA1	1
RefSeq_NZ_CP095602.1	IncFII	Gram-negative	IS26	10605-11424	14123-14943	2699	aac(3)-IIe	1
RefSeq_NZ_CP095602.1	IncFII	Gram-negative	IS26	14123-14943	17130-17950	2187	catB3,blaOXA-1,aac(6')-Ib-cr5	3
RefSeq_NZ_CP095602.1	IncFII	Gram-negative	IS26	17950-18665	36511-37330	17846	blaCTX-M,blaTEM,qnrS,qnrB	4
RefSeq_NZ_CP095602.1	IncFII	Gram-negative	IS26	36511-37330	53118-53938	15788	mph(E),msr(E),armA,sul1,blaDHA,ble,blaNDM-1	7
RefSeq_NZ_CP095602.1	IncFII	Gram-negative	IS26	57498-58318	59642-60461	1324	catA1	1
RefSeq_NZ_CP095604.1	IncFII	Gram-negative	IS26	3233-4060	30387-31212	26327	catB,rmtF,aac(6')-Ib,ble,blaNDM-1	5
RefSeq_NZ_CP095607.1	IncFII	Gram-negative	IS1	2557-3324	7065-7832	3741	tet(B)	1
RefSeq_NZ_CP095607.1	IncFII	Gram-negative	IS26	24586-25405	33475-34294	8070	rmtB1,blaTEM-1,mrx(A),mph(A)	4
RefSeq_NZ_CP095607.1	IncFII	Gram-negative	IS26	33475-34294	38354-39173	4060	erm(B)	1
RefSeq_NZ_CP095635.1	IncFII	Gram-negative	IS26	79846-80666	94303-95123	13637	qnrB1,blaNDM-1,ble	3
RefSeq_NZ_CP095636.1	IncFII	Gram-negative	IS26	64741-65561	74291-75111	8730	ble,blaNDM-1,qnrB1	3
RefSeq_NZ_CP095637.1	IncFII	Gram-negative	IS26	22562-23379	31458-32279	8079	blaTEM,mrx(A),mph(A)	3
RefSeq_NZ_CP095638.1	IncFII	Gram-negative	IS26	12892-13711	15898-16717	2187	catB3,blaOXA-1,aac(6')-Ib-cr5	3
RefSeq_NZ_CP095638.1	IncFII	Gram-negative	IS26	15898-16717	22102-22922	5385	blaCTX-M-15	1
RefSeq_NZ_CP095638.1	IncFII	Gram-negative	IS26	39115-39934	71142-71967	31208	blaTEM-1	1
RefSeq_NZ_CP095638.1	IncFII	Gram-negative	IS26	71142-71967	80088-80909	8121	rmtB1,blaTEM-1,mrx(A),mph(A)	4
RefSeq_NZ_CP095638.1	IncFII	Gram-negative	IS26	80088-80909	87067-87890	6158	sul2,aph(3'')-Ib,aph(6)-Id,tet(A)	4
RefSeq_NZ_CP095638.1	IncFII	Gram-negative	IS26	87891-88655	97957-98776	9302	blaNDM-5,ble,sul1,aadA5,dfrA17	5
RefSeq_NZ_CP095638.1	IncFII	Gram-negative	IS26	97957-98776	99359-100178	583	aac(3)-IId	1
RefSeq_NZ_CP095646.1	IncFII	Gram-negative	IS26	116792-117612	135061-135881	17449	mph(E),msr(E),armA,sul1,blaDHA,ble,blaNDM-1	7
RefSeq_NZ_CP095647.1	IncFII	Gram-negative	IS26	93005-93825	103128-103947	9303	blaCTX-M-15,blaTEM,rmtB1	3
RefSeq_NZ_CP095647.1	IncFII	Gram-negative	IS26	103128-103947	113618-114441	9671	blaNDM-5,ble,sul1,aadA2,dfrA12	5
RefSeq_NZ_CP095647.1	IncFII	Gram-negative	IS26	113618-114441	119791-120611	5350	catA1	1
RefSeq_NZ_CP095651.1	IncFII	Gram-negative	IS26	7580-8397	15290-16115	6893	blaNDM-4,ble,sul1	3
RefSeq_NZ_CP095651.1	IncFII	Gram-negative	IS26	21239-22059	26527-27347	4468	mph(A),mrx(A)	2
RefSeq_NZ_CP095651.1	IncFII	Gram-negative	IS26	26527-27347	35773-36592	8426	blaTEM-1,rmtB1,qepA1	3
RefSeq_NZ_CP095652.1	IncFII	Gram-negative	IS26	39064-39884	45228-46049	5344	catA1	1
RefSeq_NZ_CP095652.1	IncFII	Gram-negative	IS26	45228-46049	51850-52669	5801	blaTEM-1,rmtB1	2
RefSeq_NZ_CP095652.1	IncFII	Gram-negative	IS26	51850-52669	71823-72651	19154	blaNDM-5,ble,sul1,arr-2,blaSHV-12	5
RefSeq_NZ_CP095652.1	IncFII	Gram-negative	IS26	72795-73617	83223-84051	9606	arr,aac(6')-Ib,rmtF1,catB	4
RefSeq_NZ_CP095654.1	IncFII	Gram-negative	IS26	21323-22147	27495-28318	5348	catA1	1
RefSeq_NZ_CP095654.1	IncFII	Gram-negative	IS26	27495-28318	37989-38808	9671	dfrA12,aadA2,sul1,ble,blaNDM-5	5
RefSeq_NZ_CP095654.1	IncFII	Gram-negative	IS26	37989-38808	48110-48930	9302	rmtB,blaTEM,blaCTX-M-15	3
RefSeq_NZ_CP095660.1	IncFII	Gram-negative	IS26	3378-4197	8264-9084	4067	erm(B)	1
RefSeq_NZ_CP095660.1	IncFII	Gram-negative	IS26	8264-9084	17154-17973	8070	mph(A),mrx(A),blaTEM-1,rmtB1	4
RefSeq_NZ_CP095660.1	IncFII	Gram-negative	IS26	26108-26929	37344-38163	10415	dfrA17,aadA5,sul1,ble,blaNDM-5	5
RefSeq_NZ_CP095661.1	IncFII	Gram-negative	IS26	80023-80843	94589-95409	13746	qnrB1,blaNDM-1,ble	3
RefSeq_NZ_CP095661.1	IncFII	Gram-negative	IS26	94589-95409	120007-120829	24598	mph(A),mrx(A),sul1,catB,rmtF1,aac(6')-Ib,arr-2	7
RefSeq_NZ_CP095661.1	IncFII	Gram-negative	IS26	120007-120829	128356-129175	7527	blaTEM-1,blaCTX-M-15	2
RefSeq_NZ_CP095661.1	IncFII	Gram-negative	IS26	128356-129175	131362-132181	2187	aac(6')-Ib-cr5,blaOXA-1,catB3	3
RefSeq_NZ_CP095661.1	IncFII	Gram-negative	IS26	131362-132181	133222-133957	1041	aph(3')-Ia	1
RefSeq_NZ_CP095673.1	IncFII	Gram-negative	IS26	18479-19298	46783-47604	27485	blaSFO-1,mrx(A),mph(A)	3
RefSeq_NZ_CP095673.1	IncFII	Gram-negative	IS26	51118-51938	55585-56407	3647	aac(6')-Ib11	1
RefSeq_NZ_CP095682.1	IncFII	Gram-negative	IS26	64741-65563	74293-75113	8730	ble,blaNDM-5,qnrB1	3
RefSeq_NZ_CP095781.1	IncFII	Gram-negative	IS26	317395-318130	319171-319991	1041	aph(3')-Ia	1
RefSeq_NZ_CP095782.1	IncFII	Gram-negative	IS26	27717-28536	54248-55070	25712	blaKPC-121,aac(6')-Ib	2
RefSeq_NZ_CP095859.1	IncFII	Gram-negative	IS1	6465-7232	12821-13588	5589	tet(B)	1
RefSeq_NZ_CP096111.2	IncFII	Gram-negative	IS26	3646-4465	7611-8431	3146	mrx(A),mph(A)	2
RefSeq_NZ_CP096111.2	IncFII	Gram-negative	IS26	71249-72068	75653-76473	3585	blaCTX-M-15	1
RefSeq_NZ_CP096111.2	IncFII	Gram-negative	IS26	75653-76473	78660-79479	2187	catB3,blaOXA-1,aac(6')-Ib-cr5	3
RefSeq_NZ_CP096119.1	IncN	Gram-negative	IS26	7330-8149	9190-10009	1041	aph(3')-Ia	1
RefSeq_NZ_CP096119.1	IncN	Gram-negative	IS26	9190-10009	25839-26663	15830	aac(3)-IVa,aph(4)-Ia,sul2,floR	4
RefSeq_NZ_CP096119.1	IncN	Gram-negative	IS26	208084-208903	216775-217594	7872	sul2,aph(3'')-Ib,aph(6)-Id,tet(A)	4
RefSeq_NZ_CP096173.1	IncFII	Gram-negative	IS26	39064-39884	51705-52524	11821	catA1,blaOXA-232,blaTEM-1,rmtB1	4
RefSeq_NZ_CP096173.1	IncFII	Gram-negative	IS26	51705-52524	64165-64988	11641	blaNDM-5,ble,sul1,aadA2,dfrA12	5
RefSeq_NZ_CP096173.1	IncFII	Gram-negative	IS26	65132-65959	84309-85138	18350	blaSHV-12,arr-2,aac(6')-Ib,rmtF1,catB	5
RefSeq_NZ_CP096174.1	IncFII	Gram-negative	IS26	39064-39884	51705-52524	11821	catA1,blaOXA-232,blaTEM-1,rmtB1	4
RefSeq_NZ_CP096174.1	IncFII	Gram-negative	IS26	51705-52524	64165-64988	11641	blaNDM-5,ble,sul1,aadA2,dfrA12	5
RefSeq_NZ_CP096174.1	IncFII	Gram-negative	IS26	65132-65959	84309-85138	18350	blaSHV-12,arr-2,aac(6')-Ib,rmtF1,catB	5
RefSeq_NZ_CP096232.1	IncFII	Gram-negative	IS26	7946-8765	13240-14059	4475	blaSHV-12	1
RefSeq_NZ_CP096232.1	IncFII	Gram-negative	IS26	13240-14059	28523-29342	14464	aac(3)-IId,blaTEM-1	2
RefSeq_NZ_CP096241.1	IncN	Gram-negative	IS26	3043-3862	10821-11641	6959	arr-3,aac(6')-Ib3	2
RefSeq_NZ_CP096241.1	IncN	Gram-negative	IS26	10821-11641	33762-34585	22121	qnrS,dfrA14	2
RefSeq_NZ_CP096241.1	IncN	Gram-negative	IS26	33762-34585	37942-38761	3357	blaKPC-2	1
RefSeq_NZ_CP096836.1	IncX1	Gram-negative	IS26	6874-7693	9512-10334	1819	dfrA14	1
RefSeq_NZ_CP096836.1	IncX1	Gram-negative	IS26	9512-10334	15199-16021	4865	sul3,blaTEM-1	2
RefSeq_NZ_CP096836.1	IncX1	Gram-negative	IS26	15199-16021	20287-21106	4266	floR	1
RefSeq_NZ_CP096838.1	IncX1	Gram-negative	IS26	1932-2751	14850-15672	12099	qnrS1,blaTEM-1,sul3	3
RefSeq_NZ_CP096838.1	IncX1	Gram-negative	IS26	14850-15672	38786-39609	23114	tet(A),floR,tet(X4),tet(X4),tet(X4)	5
RefSeq_NZ_CP096838.1	IncX1	Gram-negative	IS26	38786-39609	41043-41862	1434	dfrA14	1
RefSeq_NZ_CP096924.1	IncN	Gram-negative	IS26	4163-4984	10866-11686	5882	qnrS1	1
RefSeq_NZ_CP097077.1	IncN	Gram-negative	IS26	201940-202759	221718-222539	18959	aac(6')-Ib3,arr-3,blaKPC-2	3
RefSeq_NZ_CP097081.1	IncN	Gram-negative	IS26	17508-18328	67755-68574	49427	dfrA14	1
RefSeq_NZ_CP097084.1	IncN	Gram-negative	IS26	16465-17285	36244-37063	18959	blaKPC-2,arr-3,aac(6')-Ib3	3
RefSeq_NZ_CP097098.1	IncN	Gram-negative	IS26	2372-3191	6548-7371	3357	blaKPC-2	1
RefSeq_NZ_CP097098.1	IncN	Gram-negative	IS26	6548-7371	33952-34772	26581	dfrA14,qnrS1	2
RefSeq_NZ_CP097182.1	IncX1	Gram-negative	IS26	15067-15886	21049-21868	5163	mef(B),sul3	2
RefSeq_NZ_CP097182.1	IncX1	Gram-negative	IS26	21049-21868	23869-24689	2001	dfrA5	1
RefSeq_NZ_CP097182.1	IncX1	Gram-negative	IS26	23869-24689	38295-39115	13606	tet(X4),floR	2
RefSeq_NZ_CP097182.1	IncX1	Gram-negative	IS26	38295-39115	54460-55279	15345	tet(A),blaTEM-1,tet(M)	3
RefSeq_NZ_CP097182.1	IncX1	Gram-negative	IS26	54460-55279	56683-57503	1404	qnrS1	1
RefSeq_NZ_CP097194.1	IncX1	Gram-negative	IS26	3086-3905	7437-8256	3532	floR	1
RefSeq_NZ_CP097200.1	IncFII	Gram-negative	IS26	6770-7590	10358-11176	2768	blaCTX-M-55	1
RefSeq_NZ_CP097200.1	IncFII	Gram-negative	IS26	10358-11176	14017-14836	2841	rmtB1,blaTEM-1	2
RefSeq_NZ_CP097201.1	IncX1	Gram-negative	IS26	35846-36665	39097-39916	2432	aadA2	1
RefSeq_NZ_CP097344.1	IncN	Gram-negative	IS26	46324-47143	57682-58503	10539	aph(6)-Id,aph(3'')-Ib,dfrA19,sul1,qnrB2	5
RefSeq_NZ_CP097344.1	IncN	Gram-negative	IS26	57682-58503	71651-72470	13148	mph(A),mrx(A),sul1,arr-3,catB3,blaOXA-1,aac(6')-Ib-cr5	7
RefSeq_NZ_CP097368.1	IncFII	Gram-negative	IS1	40332-41099	88085-88852	46986	dfrA17,aadA5,sul1,mrx(A),mph(A),sul2,aph(3'')-Ib,aph(6)-Id,tet(A),blaCTX-M-27	10
RefSeq_NZ_CP097368.1	IncFII	Gram-negative	IS26	41315-42134	52100-52921	9966	dfrA17,aadA5,sul1,mrx(A),mph(A)	5
RefSeq_NZ_CP097368.1	IncFII	Gram-negative	IS26	52100-52921	58535-59354	5614	sul2,aph(3'')-Ib,aph(6)-Id,tet(A)	4
RefSeq_NZ_CP097368.1	IncFII	Gram-negative	IS26	58535-59354	60874-61693	1520	blaCTX-M-27	1
RefSeq_NZ_CP097388.1	IncFII	Gram-negative	IS26	1039-1858	8491-9310	6633	qnrB1	1
RefSeq_NZ_CP097388.1	IncFII	Gram-negative	IS26	8491-9310	16038-16857	6728	dfrA14	1
RefSeq_NZ_CP097389.1	IncFII	Gram-negative	IS26	18162-18981	21475-22295	2494	blaSHV-12	1
RefSeq_NZ_CP097389.1	IncFII	Gram-negative	IS26	30982-31801	49461-50280	17660	blaTEM-1,aph(6)-Id,aph(3'')-Ib,sul2	4
RefSeq_NZ_CP097412.1	IncFII	Gram-negative	IS26	129955-130775	144444-145263	13669	sul2,aph(3'')-Ib,aph(6)-Id,blaTEM-1,blaCTX-M-15	5
RefSeq_NZ_CP097412.1	IncFII	Gram-negative	IS26	144444-145263	151516-152308	6253	dfrA14	1
RefSeq_NZ_CP097416.1	IncFII	Gram-negative	IS26	129955-130775	144444-145263	13669	sul2,aph(3'')-Ib,aph(6)-Id,blaTEM-1,blaCTX-M-15	5
RefSeq_NZ_CP097416.1	IncFII	Gram-negative	IS26	144444-145263	151516-152308	6253	dfrA14	1
RefSeq_NZ_CP097627.1	IncFII	Gram-negative	IS26	113566-114386	118194-119013	3808	rmtB1,blaTEM-1	2
RefSeq_NZ_CP097627.1	IncFII	Gram-negative	IS26	119998-120817	124842-125661	4025	blaCTX-M-65	1
RefSeq_NZ_CP097627.1	IncFII	Gram-negative	IS26	124842-125661	129588-130407	3927	blaKPC-2	1
RefSeq_NZ_CP097628.1	IncFII	Gram-negative	IS1	64763-65475	100294-101061	34819	aph(3')-Ia,dfrA12,aadA2,sul1,mrx(A),mph(A)	6
RefSeq_NZ_CP097628.1	IncFII	Gram-negative	IS26	76489-77224	78265-79084	1041	aph(3')-Ia	1
RefSeq_NZ_CP097628.1	IncFII	Gram-negative	IS26	78265-79084	91334-92154	12250	dfrA12,aadA2,sul1,mrx(A),mph(A)	5
RefSeq_NZ_CP097662.1	IncFII	Gram-negative	IS26	61597-62416	67630-68450	5214	blaKPC-2	1
RefSeq_NZ_CP097662.1	IncFII	Gram-negative	IS26	94824-95643	96919-97738	1276	fosA3	1
RefSeq_NZ_CP097662.1	IncFII	Gram-negative	IS26	98723-99542	101102-101921	1560	blaCTX-M-65	1
RefSeq_NZ_CP097662.1	IncFII	Gram-negative	IS26	136456-137276	141084-141906	3808	rmtB1,blaTEM-1	2
RefSeq_NZ_CP097666.1	IncFII	Gram-negative	IS26	67196-68016	76630-77450	8614	mph(A),mrx(A),sul1,dfrA25	4
RefSeq_NZ_CP097666.1	IncFII	Gram-negative	IS26	76630-77450	84338-85157	6888	blaKPC-2	1
RefSeq_NZ_CP097666.1	IncFII	Gram-negative	IS26	84338-85157	86493-87312	1336	aac(3)-IId	1
RefSeq_NZ_CP097666.1	IncFII	Gram-negative	IS26	95396-96216	100602-101421	4386	sul2,aph(3'')-Ib,aph(6)-Id	3
RefSeq_NZ_CP097666.1	IncFII	Gram-negative	IS26	112168-112987	116309-117090	3322	mrx(A),mph(A)	2
RefSeq_NZ_CP097668.1	IncFII	Gram-negative	IS26	21786-22606	29014-29833	6408	aac(3)-IId	1
RefSeq_NZ_CP097668.1	IncFII	Gram-negative	IS26	29014-29833	30858-31678	1025	blaTEM	1
RefSeq_NZ_CP097668.1	IncFII	Gram-negative	IS26	30858-31678	34722-35541	3044	tet(D)	1
RefSeq_NZ_CP097668.1	IncFII	Gram-negative	IS26	34722-35541	85372-86191	49831	tet(A),dfrA1,sul1	3
RefSeq_NZ_CP097668.1	IncFII	Gram-negative	IS26	85372-86191	96516-97335	10325	qnrS1,blaLAP-2	2
RefSeq_NZ_CP097668.1	IncFII	Gram-negative	IS26	96516-97335	102942-103762	5607	aac(3)-IId	1
RefSeq_NZ_CP097687.1	IncFII	Gram-negative	IS26	2565-3384	4425-5245	1041	aph(3')-Ia	1
RefSeq_NZ_CP097687.1	IncFII	Gram-negative	IS26	4425-5245	35210-36029	29965	mph(A),mrx(A),sul1,dfrA1,tet(A)	5
RefSeq_NZ_CP097687.1	IncFII	Gram-negative	IS26	150903-151723	159210-160030	7487	dfrA1,sul1,mrx(A),mph(A)	4
RefSeq_NZ_CP097695.1	IncFII	Gram-negative	IS26	18232-19054	26289-27108	7235	blaKPC-2	1
RefSeq_NZ_CP097695.1	IncFII	Gram-negative	IS26	55314-56134	59942-60761	3808	rmtB1,blaTEM-1	2
RefSeq_NZ_CP097704.1	IncFII	Gram-negative	IS26	70246-71065	72819-73638	1754	aac(3)-IId	1
RefSeq_NZ_CP097704.1	IncFII	Gram-negative	IS26	72819-73638	74679-75498	1041	aph(3')-Ia	1
RefSeq_NZ_CP097704.1	IncFII	Gram-negative	IS26	74679-75498	79884-80705	4386	aph(6)-Id,aph(3'')-Ib,sul2	3
RefSeq_NZ_CP097717.1	IncFII	Gram-negative	IS26	7234-8055	14355-15136	6300	qnrS1	1
RefSeq_NZ_CP098124.1	IncFII	Gram-negative	IS26	67371-68191	82444-83236	14253	sul2,aph(3'')-Ib,aph(6)-Id,blaTEM-1,blaCTX-M-15	5
RefSeq_NZ_CP098124.1	IncFII	Gram-negative	IS26	82444-83236	89964-90783	6728	dfrA14	1
RefSeq_NZ_CP098124.1	IncFII	Gram-negative	IS26	89964-90783	93383-94203	2600	aac(3)-IIe	1
RefSeq_NZ_CP098124.1	IncFII	Gram-negative	IS26	93383-94203	96390-97209	2187	catB3,blaOXA-1,aac(6')-Ib-cr5	3
RefSeq_NZ_CP098124.1	IncFII	Gram-negative	IS26	96390-97209	110598-111417	13389	tet(A),qnrB1	2
RefSeq_NZ_CP098132.1	IncFII	Gram-negative	IS26	99426-100246	113915-114734	13669	sul2,aph(3'')-Ib,aph(6)-Id,blaTEM-1,blaCTX-M-15	5
RefSeq_NZ_CP098132.1	IncFII	Gram-negative	IS26	113915-114734	116921-117741	2187	aac(6')-Ib-cr5,blaOXA-1,catB3	3
RefSeq_NZ_CP098132.1	IncFII	Gram-negative	IS26	116921-117741	120341-121160	2600	aac(3)-IIe	1
RefSeq_NZ_CP098137.1	IncFII	Gram-negative	IS26	62188-63008	76677-77496	13669	sul2,aph(3'')-Ib,aph(6)-Id,blaTEM-1,blaCTX-M-15	5
RefSeq_NZ_CP098137.1	IncFII	Gram-negative	IS26	76677-77496	80096-80916	2600	aac(3)-IIe	1
RefSeq_NZ_CP098137.1	IncFII	Gram-negative	IS26	80096-80916	83103-83922	2187	catB3,blaOXA-1,aac(6')-Ib-cr5	3
RefSeq_NZ_CP098137.1	IncFII	Gram-negative	IS26	83103-83922	97311-98130	13389	tet(A),qnrB1	2
RefSeq_NZ_CP098137.1	IncFII	Gram-negative	IS26	97311-98130	104858-105650	6728	dfrA14	1
RefSeq_NZ_CP098142.1	IncFII	Gram-negative	IS26	62189-63009	76678-77497	13669	sul2,aph(3'')-Ib,aph(6)-Id,blaTEM-1,blaCTX-M-15	5
RefSeq_NZ_CP098142.1	IncFII	Gram-negative	IS26	76678-77497	80097-80917	2600	aac(3)-IIe	1
RefSeq_NZ_CP098142.1	IncFII	Gram-negative	IS26	80097-80917	83104-83923	2187	catB3,blaOXA-1,aac(6')-Ib-cr5	3
RefSeq_NZ_CP098142.1	IncFII	Gram-negative	IS26	83104-83923	97312-98131	13389	tet(A),qnrB1	2
RefSeq_NZ_CP098142.1	IncFII	Gram-negative	IS26	97312-98131	104859-105651	6728	dfrA14	1
RefSeq_NZ_CP098150.1	IncFII	Gram-negative	IS26	62224-63044	77297-78089	14253	sul2,aph(3'')-Ib,aph(6)-Id,blaTEM-1,blaCTX-M-15	5
RefSeq_NZ_CP098150.1	IncFII	Gram-negative	IS26	77297-78089	84817-85636	6728	dfrA14	1
RefSeq_NZ_CP098150.1	IncFII	Gram-negative	IS26	84817-85636	87823-88643	2187	aac(6')-Ib-cr5,blaOXA-1,catB3	3
RefSeq_NZ_CP098150.1	IncFII	Gram-negative	IS26	87823-88643	91243-92062	2600	aac(3)-IIe	1
RefSeq_NZ_CP098172.1	IncFII	Gram-negative	IS26	62241-63061	77314-78106	14253	sul2,aph(3'')-Ib,aph(6)-Id,blaTEM-1,blaCTX-M-15	5
RefSeq_NZ_CP098172.1	IncFII	Gram-negative	IS26	77314-78106	84834-85653	6728	dfrA14	1
RefSeq_NZ_CP098172.1	IncFII	Gram-negative	IS26	84834-85653	99042-99861	13389	qnrB1,tet(A)	2
RefSeq_NZ_CP098172.1	IncFII	Gram-negative	IS26	99042-99861	101971-102791	2110	aac(6')-Ib-cr5,blaOXA-1,catB3	3
RefSeq_NZ_CP098172.1	IncFII	Gram-negative	IS26	101971-102791	105391-106210	2600	aac(3)-IIe	1
RefSeq_NZ_CP098176.1	IncFII	Gram-negative	IS1	83371-84136	109436-110148	25300	sul2,aph(3'')-Ib,aph(6)-Id,blaTEM-1	4
RefSeq_NZ_CP098176.1	IncFII	Gram-negative	IS26	99483-100302	150133-150952	49831	tet(A),dfrA1,sul1	3
RefSeq_NZ_CP098176.1	IncFII	Gram-negative	IS26	150133-150952	161277-162096	10325	qnrS1,blaLAP-2	2
RefSeq_NZ_CP098176.1	IncFII	Gram-negative	IS26	161277-162096	166249-167069	4153	aac(3)-IId	1
RefSeq_NZ_CP098176.1	IncFII	Gram-negative	IS26	170886-171706	197128-197947	25422	blaCTX-M-14	1
RefSeq_NZ_CP098337.1	IncFII	Gram-negative	IS26	7851-8671	16318-17137	7647	dfrA14	1
RefSeq_NZ_CP098337.1	IncFII	Gram-negative	IS26	154362-155181	158683-159504	3502	aac(6')-Ib	1
RefSeq_NZ_CP098339.1	IncFII	Gram-negative	IS26	7851-8671	16318-17137	7647	dfrA14	1
RefSeq_NZ_CP098339.1	IncFII	Gram-negative	IS26	154362-155181	158683-159504	3502	aac(6')-Ib	1
RefSeq_NZ_CP098342.1	IncFII	Gram-negative	IS26	10802-11520	41209-42031	29689	aac(6')-Ib,aadA1,cmlA1,aadA2,estX-3	5
RefSeq_NZ_CP098345.1	IncFII	Gram-negative	IS26	10802-11520	40988-41810	29468	aac(6')-Ib,aadA1,cmlA1,aadA2,estX-3	5
RefSeq_NZ_CP098348.1	IncFII	Gram-negative	IS26	7851-8671	16318-17137	7647	dfrA14	1
RefSeq_NZ_CP098348.1	IncFII	Gram-negative	IS26	150816-151635	157785-158606	6150	blaSHV-11	1
RefSeq_NZ_CP098351.1	IncFII	Gram-negative	IS26	7851-8671	16318-17137	7647	dfrA14	1
RefSeq_NZ_CP098351.1	IncFII	Gram-negative	IS26	150816-151635	157785-158606	6150	blaSHV-11	1
RefSeq_NZ_CP098353.1	IncFII	Gram-negative	IS26	7851-8671	16318-17137	7647	dfrA14	1
RefSeq_NZ_CP098353.1	IncFII	Gram-negative	IS26	150816-151635	157785-158606	6150	blaSHV-11	1
RefSeq_NZ_CP098357.1	IncFII	Gram-negative	IS1	64763-65475	93977-94744	28502	aph(3')-Ia,mph(A),mrx(A),sul1,aadA2,dfrA12,catA1	7
RefSeq_NZ_CP098357.1	IncFII	Gram-negative	IS26	75162-75897	76938-77758	1041	aph(3')-Ia	1
RefSeq_NZ_CP098376.1	IncFII	Gram-negative	IS26	81431-82250	89989-90808	7739	ble,blaNDM-4	2
RefSeq_NZ_CP098376.1	IncFII	Gram-negative	IS26	89989-90808	98899-99718	8091	blaCTX-M-14,aac(3)-IId	2
RefSeq_NZ_CP098377.1	IncFII	Gram-negative	IS26	101056-101875	109966-110785	8091	aac(3)-IId,blaCTX-M-14	2
RefSeq_NZ_CP098379.1	IncFII	Gram-negative	IS26	24769-25588	33679-34498	8091	aac(3)-IId,blaCTX-M-14	2
RefSeq_NZ_CP098379.1	IncFII	Gram-negative	IS26	33679-34498	42237-43056	7739	blaNDM-4,ble	2
RefSeq_NZ_CP098382.1	IncFII	Gram-negative	IS26	61101-61920	70012-70831	8092	aac(3)-IId,blaCTX-M-14	2
RefSeq_NZ_CP098382.1	IncFII	Gram-negative	IS26	70012-70831	78570-79389	7739	blaNDM-4,ble	2
RefSeq_NZ_CP098385.1	IncFII	Gram-negative	IS26	19876-20696	30772-31591	10076	aac(3)-IId,blaOXA,aadA1,aac(6')-Ib	4
RefSeq_NZ_CP098385.1	IncFII	Gram-negative	IS26	30772-31591	39330-40149	7739	blaNDM-4,ble	2
RefSeq_NZ_CP098386.1	IncFII	Gram-negative	IS26	23279-24098	31837-32659	7739	ble,blaNDM-4	2
RefSeq_NZ_CP098424.1	IncFII	Gram-negative	IS26	21728-22547	51330-52160	28783	blaOXA,blaTEM-1	2
RefSeq_NZ_CP098424.1	IncFII	Gram-negative	IS26	69931-70750	80457-81276	9707	mph(E),msr(E),armA	3
RefSeq_NZ_CP098488.1	IncN	Gram-negative	IS26	24303-25123	37194-38031	12071	qnrS1,ble,blaNDM-1	3
RefSeq_NZ_CP098759.1	IncFII	Gram-negative	IS26	5765-6603	18853-19676	12250	sul2,aph(3'')-Ib,aph(6)-Id,tet(A),floR	5
RefSeq_NZ_CP098759.1	IncFII	Gram-negative	IS26	18853-19676	25492-26311	5816	dfrA14,aadA1,blaOXA-10,cmlA5,arr-2	5
RefSeq_NZ_CP098832.1	IncN	Gram-negative	IS26	37480-38304	42736-43555	4432	oqxB	1
RefSeq_NZ_CP098832.1	IncN	Gram-negative	IS26	42736-43555	46335-47157	2780	lnu(F),aadA22	2
RefSeq_NZ_CP098832.1	IncN	Gram-negative	IS26	46335-47157	49653-50472	2496	fosA3	1
RefSeq_NZ_CP098832.1	IncN	Gram-negative	IS26	64348-65168	82519-83338	17351	floR,sul2,aph(4)-Ia,aac(3)-IVa	4
RefSeq_NZ_CP098832.1	IncN	Gram-negative	IS26	82519-83338	88043-88871	4705	aac(6')-Ib-cr5,blaOXA-1,catB3,arr-3,sul1	5
RefSeq_NZ_CP098832.1	IncN	Gram-negative	IS26	88043-88871	111547-112366	22676	tet(A)	1
RefSeq_NZ_CP098832.1	IncN	Gram-negative	IS26	111547-112366	114859-115679	2493	blaTEM-1,rmtB1	2
RefSeq_NZ_CP098832.1	IncN	Gram-negative	IS26	126370-127190	130494-131314	3304	mph(A),mrx(A)	2
RefSeq_NZ_CP098832.1	IncN	Gram-negative	IS26	130494-131314	135701-136521	4387	aph(6)-Id,aph(3'')-Ib,sul2	3
RefSeq_NZ_CP098832.1	IncN	Gram-negative	IS26	135701-136521	140460-141279	3939	aadA5,dfrA17	2
RefSeq_NZ_CP099415.1	IncFII	Gram-negative	IS26	4393-5212	9237-10056	4025	blaCTX-M-65	1
RefSeq_NZ_CP099415.1	IncFII	Gram-negative	IS26	11041-11860	13136-13955	1276	fosA3	1
RefSeq_NZ_CP099415.1	IncFII	Gram-negative	IS26	13136-13955	17763-18583	3808	blaTEM-1,rmtB1	2
RefSeq_NZ_CP099415.1	IncFII	Gram-negative	IS26	74255-75075	90172-90991	15097	blaSHV-12,blaKPC-2	2
RefSeq_NZ_CP099416.1	IncFII	Gram-negative	IS26	6599-7422	8822-9643	1400	catA2	1
RefSeq_NZ_CP099416.1	IncFII	Gram-negative	IS26	81176-81995	84720-85539	2725	dfrA14	1
RefSeq_NZ_CP099521.1	IncN	Gram-negative	IS26	24357-25176	49605-50425	24429	sul2,aph(3'')-Ib,aph(6)-Id,blaKPC-2,arr-3,aac(6')-Ib3	6
RefSeq_NZ_CP099524.1	IncFII	Gram-negative	IS26	4393-5212	9237-10056	4025	blaCTX-M-65	1
RefSeq_NZ_CP099524.1	IncFII	Gram-negative	IS26	32595-33414	34803-35622	1389	catA2	1
RefSeq_NZ_CP099524.1	IncFII	Gram-negative	IS26	34803-35622	39549-40372	3927	blaKPC-2	1
RefSeq_NZ_CP099722.1	IncN	Gram-negative	IS26	100152-100973	103840-104673	2867	mph(A),mrx(A)	2
RefSeq_NZ_CP099722.1	IncN	Gram-negative	IS26	103840-104673	109550-110196	4877	tet(M)	1
RefSeq_NZ_CP099722.1	IncN	Gram-negative	IS26	109550-110196	133358-134178	23162	tet(A),aph(6)-Id,aph(3'')-Ib,sul2,blaTEM-1	5
RefSeq_NZ_CP099722.1	IncN	Gram-negative	IS26	134615-135434	138215-139034	2781	aadA22,lnu(F)	2
RefSeq_NZ_CP099722.1	IncN	Gram-negative	IS26	138215-139034	149547-150368	10513	aph(3'')-Ib,aph(6)-Id,aph(3')-Ia,aph(4)-Ia,aac(3)-IVa	5
RefSeq_NZ_CP099722.1	IncN	Gram-negative	IS26	149547-150368	163444-164265	13076	floR,blaCTX-M-65	2
RefSeq_NZ_CP099722.1	IncN	Gram-negative	IS26	163444-164265	169472-170293	5207	oqxA,oqxB	2
RefSeq_NZ_CP099722.1	IncN	Gram-negative	IS1	110197-110964	139773-140540	28809	tet(A),aph(6)-Id,aph(3'')-Ib,sul2,blaTEM-1,aadA22,lnu(F)	7
RefSeq_NZ_CP099722.1	IncN	Gram-negative	IS1	139773-140540	170486-171253	29946	aph(3'')-Ib,aph(6)-Id,aph(3')-Ia,aph(4)-Ia,aac(3)-IVa,floR,blaCTX-M-65,oqxA,oqxB	9
RefSeq_NZ_CP099765.1	IncFII	Gram-negative	IS26	29619-30438	38961-39780	8523	blaCTX-M-15,blaOXA	2
RefSeq_NZ_CP099765.1	IncFII	Gram-negative	IS26	38961-39780	42675-43495	2895	mrx(A),mph(A)	2
RefSeq_NZ_CP099836.1	IncFII	Gram-negative	IS26	10488-11309	32326-33146	21017	qnrS1,blaCTX-M-3,blaTEM-1,floR,tet(A)	5
RefSeq_NZ_CP099836.1	IncFII	Gram-negative	IS26	32326-33146	42562-43383	9416	mph(A),sul1,aadA16,dfrA27,arr-3,aac(6')-Ib-cr5	6
RefSeq_NZ_CP100073.1	IncFII	Gram-negative	IS26	18857-19676	23603-24424	3927	blaKPC-2	1
RefSeq_NZ_CP100073.1	IncFII	Gram-negative	IS26	78997-79817	83625-84444	3808	rmtB1,blaTEM-1	2
RefSeq_NZ_CP100073.1	IncFII	Gram-negative	IS26	83625-84444	85720-86539	1276	fosA3	1
RefSeq_NZ_CP100073.1	IncFII	Gram-negative	IS26	87524-88343	92368-93187	4025	blaCTX-M-65	1
RefSeq_NZ_CP100073.1	IncFII	Gram-negative	IS26	109082-109905	111305-112127	1400	catA2	1
RefSeq_NZ_CP100074.1	IncFII	Gram-negative	IS26	2018-2837	10992-11810	8155	sul2	1
RefSeq_NZ_CP100074.1	IncFII	Gram-negative	IS26	10992-11810	14316-15137	2506	catA2	1
RefSeq_NZ_CP100077.1	IncFII	Gram-negative	IS26	100055-100873	107486-108304	6613	qnrB	1
RefSeq_NZ_CP100077.1	IncFII	Gram-negative	IS26	107486-108304	115009-115798	6705	dfrA14	1
RefSeq_NZ_CP100077.1	IncFII	Gram-negative	IS26	115009-115798	130032-130852	14234	blaCTX-M,blaTEM-1,aph(6)-Id,aph(3'')-Ib,sul2	5
RefSeq_NZ_CP100085.1	IncFII	Gram-negative	IS1	64764-65476	112190-112957	46714	tet(A),catB3,blaOXA-1,aac(6')-Ib-cr5,blaCTX-M-15,blaTEM-1,mrx(A),mph(A)	8
RefSeq_NZ_CP100085.1	IncFII	Gram-negative	IS26	76490-77225	83738-84557	6513	tet(A)	1
RefSeq_NZ_CP100085.1	IncFII	Gram-negative	IS26	83738-84557	86744-87563	2187	catB3,blaOXA-1,aac(6')-Ib-cr5	3
RefSeq_NZ_CP100085.1	IncFII	Gram-negative	IS26	86744-87563	97948-98768	10385	blaCTX-M-15,blaTEM-1	2
RefSeq_NZ_CP100085.1	IncFII	Gram-negative	IS26	97948-98768	103230-104050	4462	mrx(A),mph(A)	2
RefSeq_NZ_CP100089.1	IncFII	Gram-negative	IS26	150967-151701	158202-159020	6501	tet(A)	1
RefSeq_NZ_CP100089.1	IncFII	Gram-negative	IS26	158202-159020	161207-162025	2187	catB3,blaOXA-1,aac(6')-Ib-cr5	3
RefSeq_NZ_CP100089.1	IncFII	Gram-negative	IS26	161207-162025	172410-173230	10385	blaCTX-M-15,blaTEM-1	2
RefSeq_NZ_CP100089.1	IncFII	Gram-negative	IS26	172410-173230	177692-178511	4462	mrx(A),mph(A)	2
RefSeq_NZ_CP100090.1	IncFII	Gram-negative	IS26	1-817	3542-4361	2725	dfrA14	1
RefSeq_NZ_CP100090.1	IncFII	Gram-negative	IS26	3542-4361	12511-13333	8150	sul2	1
RefSeq_NZ_CP100090.1	IncFII	Gram-negative	IS26	12511-13333	14733-15552	1400	catA2	1
RefSeq_NZ_CP100095.1	IncFII	Gram-negative	IS26	76490-77225	83738-84557	6513	tet(A)	1
RefSeq_NZ_CP100095.1	IncFII	Gram-negative	IS26	83738-84557	86744-87563	2187	catB3,blaOXA-1,aac(6')-Ib-cr5	3
RefSeq_NZ_CP100095.1	IncFII	Gram-negative	IS26	86744-87563	97948-98768	10385	blaCTX-M-15,blaTEM-1	2
RefSeq_NZ_CP100095.1	IncFII	Gram-negative	IS26	97948-98768	103230-104050	4462	mrx(A),mph(A)	2
RefSeq_NZ_CP100097.1	IncFII	Gram-negative	IS26	34536-35355	38080-38899	2725	dfrA14	1
RefSeq_NZ_CP100097.1	IncFII	Gram-negative	IS26	38080-38899	47054-47877	8155	sul2	1
RefSeq_NZ_CP100097.1	IncFII	Gram-negative	IS26	47054-47877	49277-50098	1400	catA2	1
RefSeq_NZ_CP100099.1	IncFII	Gram-negative	IS26	76490-77225	83738-84557	6513	tet(A)	1
RefSeq_NZ_CP100099.1	IncFII	Gram-negative	IS26	83738-84557	86744-87563	2187	catB3,blaOXA-1,aac(6')-Ib-cr5	3
RefSeq_NZ_CP100099.1	IncFII	Gram-negative	IS26	86744-87563	97948-98768	10385	blaCTX-M-15,blaTEM-1	2
RefSeq_NZ_CP100099.1	IncFII	Gram-negative	IS26	97948-98768	103230-104050	4462	mrx(A),mph(A)	2
RefSeq_NZ_CP100101.1	IncFII	Gram-negative	IS26	66730-67551	68951-69774	1400	catA2	1
RefSeq_NZ_CP100101.1	IncFII	Gram-negative	IS26	68951-69774	77929-78748	8155	sul2	1
RefSeq_NZ_CP100101.1	IncFII	Gram-negative	IS26	77929-78748	81473-82292	2725	dfrA14	1
RefSeq_NZ_CP100104.1	IncFII	Gram-negative	IS1	65250-66016	98574-99340	32558	blaKPC,dfrA14	2
RefSeq_NZ_CP100104.1	IncFII	Gram-negative	IS26	73655-74471	77820-78642	3349	blaKPC	1
RefSeq_NZ_CP100104.1	IncFII	Gram-negative	IS26	77820-78642	105222-106041	26580	dfrA14,qnrS1	2
RefSeq_NZ_CP100107.1	IncFII	Gram-negative	IS26	76490-77225	83738-84557	6513	tet(A)	1
RefSeq_NZ_CP100107.1	IncFII	Gram-negative	IS26	83738-84557	86744-87563	2187	catB3,blaOXA-1,aac(6')-Ib-cr5	3
RefSeq_NZ_CP100107.1	IncFII	Gram-negative	IS26	86744-87563	97948-98768	10385	blaCTX-M-15,blaTEM-1	2
RefSeq_NZ_CP100107.1	IncFII	Gram-negative	IS26	97948-98768	103230-104050	4462	mrx(A),mph(A)	2
RefSeq_NZ_CP100109.1	IncFII	Gram-negative	IS26	45599-46420	47820-48643	1400	catA2	1
RefSeq_NZ_CP100109.1	IncFII	Gram-negative	IS26	47820-48643	56798-57617	8155	sul2	1
RefSeq_NZ_CP100109.1	IncFII	Gram-negative	IS26	56798-57617	60342-61161	2725	dfrA14	1
RefSeq_NZ_CP100111.1	IncFII	Gram-negative	IS26	76490-77225	83738-84557	6513	tet(A)	1
RefSeq_NZ_CP100111.1	IncFII	Gram-negative	IS26	83738-84557	86744-87563	2187	catB3,blaOXA-1,aac(6')-Ib-cr5	3
RefSeq_NZ_CP100111.1	IncFII	Gram-negative	IS26	86744-87563	97948-98768	10385	blaCTX-M-15,blaTEM-1	2
RefSeq_NZ_CP100111.1	IncFII	Gram-negative	IS26	97948-98768	103230-104050	4462	mrx(A),mph(A)	2
RefSeq_NZ_CP100113.1	IncFII	Gram-negative	IS26	35034-35855	37255-38078	1400	catA2	1
RefSeq_NZ_CP100113.1	IncFII	Gram-negative	IS26	37255-38078	46233-47052	8155	sul2	1
RefSeq_NZ_CP100113.1	IncFII	Gram-negative	IS26	46233-47052	49777-50596	2725	dfrA14	1
RefSeq_NZ_CP100115.1	IncFII	Gram-negative	IS26	51256-52077	56004-56823	3927	blaKPC-2	1
RefSeq_NZ_CP100115.1	IncFII	Gram-negative	IS26	56004-56823	69033-69852	12210	sul1,aadA2,dfrA12	3
RefSeq_NZ_CP100115.1	IncFII	Gram-negative	IS26	87729-88552	89941-90760	1389	catA2	1
RefSeq_NZ_CP100116.1	IncFII	Gram-negative	IS26	8779-9598	21660-22479	12062	aadA22,cmlA1,aac(6')-Ib3	3
RefSeq_NZ_CP101199.1	IncFII	Gram-negative	IS26	21379-22200	25293-26112	3093	aac(3)-IId	1
RefSeq_NZ_CP101224.1	IncFII	Gram-negative	IS26	21379-22200	25293-26112	3093	aac(3)-IId	1
RefSeq_NZ_CP101389.1	IncN	Gram-negative	IS26	96345-97165	114104-114925	16939	aph(4)-Ia,sul2,floR	3
RefSeq_NZ_CP101389.1	IncN	Gram-negative	IS26	114104-114925	119086-119918	4161	mph(A),mrx(A)	2
RefSeq_NZ_CP101389.1	IncN	Gram-negative	IS26	119904-120727	121660-122479	933	aac(3)-IVa	1
RefSeq_NZ_CP101389.1	IncN	Gram-negative	IS26	121660-122479	125856-126675	3377	fosA3,blaCTX-M-14	2
RefSeq_NZ_CP101389.1	IncN	Gram-negative	IS26	139455-140277	156331-157151	16054	dfrA12,aadA2,cmlA1,aadA1,sul3	5
RefSeq_NZ_CP101389.1	IncN	Gram-negative	IS26	156331-157151	158192-159011	1041	aph(3')-Ia	1
RefSeq_NZ_CP101389.1	IncN	Gram-negative	IS26	158192-159011	162016-162836	3005	sul1	1
RefSeq_NZ_CP101389.1	IncN	Gram-negative	IS26	162016-162836	164358-165177	1522	bleO	1
RefSeq_NZ_CP101389.1	IncN	Gram-negative	IS26	164358-165177	170384-171203	5207	oqxA2,oqxB2	2
RefSeq_NZ_CP101514.1	IncN	Gram-negative	IS26	1593-2412	8373-9191	5961	mph(A),mrx(A)	2
RefSeq_NZ_CP101514.1	IncN	Gram-negative	IS26	8373-9191	23451-24272	14260	aph(6)-Id,aph(3'')-Ib,sul2	3
RefSeq_NZ_CP101514.1	IncN	Gram-negative	IS26	27812-28631	30153-30973	1522	bleO	1
RefSeq_NZ_CP101514.1	IncN	Gram-negative	IS26	30153-30973	67801-68620	36828	tet(A)	1
RefSeq_NZ_CP101514.1	IncN	Gram-negative	IS1	66092-66859	70272-70886	3413	blaTEM-1	1
RefSeq_NZ_CP101534.1	IncFII	Gram-negative	IS26	5214-6040	9967-10786	3927	blaKPC-2	1
RefSeq_NZ_CP101534.1	IncFII	Gram-negative	IS26	9967-10786	14811-15630	4025	blaCTX-M-65	1
RefSeq_NZ_CP101534.1	IncFII	Gram-negative	IS26	16615-17434	21242-22062	3808	blaTEM-1,rmtB1	2
RefSeq_NZ_CP101547.1	IncFII	Gram-negative	IS26	196900-197719	223141-223961	25422	blaCTX-M-14	1
RefSeq_NZ_CP101547.1	IncFII	Gram-negative	IS26	227953-228773	234380-235199	5607	aac(3)-IId	1
RefSeq_NZ_CP101547.1	IncFII	Gram-negative	IS26	234380-235199	245524-246343	10325	blaLAP-2,qnrS1	2
RefSeq_NZ_CP101548.1	IncFII	Gram-negative	IS26	16177-16996	29041-29861	12045	aac(6')-Ib-cr5,arr-3,dfrA27,aadA16,sul1,mrx(A),mph(A)	7
RefSeq_NZ_CP101548.1	IncFII	Gram-negative	IS26	29041-29861	31197-32016	1336	aac(3)-IId	1
RefSeq_NZ_CP101548.1	IncFII	Gram-negative	IS26	31197-32016	33057-33876	1041	aph(3')-Ia	1
RefSeq_NZ_CP101548.1	IncFII	Gram-negative	IS26	33057-33876	38262-39083	4386	aph(6)-Id,aph(3'')-Ib,sul2	3
RefSeq_NZ_CP101555.1	IncFII	Gram-negative	IS1	160000-160712	175023-175790	14311	catA1	1
RefSeq_NZ_CP101568.1	IncFII	Gram-negative	IS26	83942-84762	89297-90116	4535	aac(3)-IId	1
RefSeq_NZ_CP101568.1	IncFII	Gram-negative	IS26	89297-90116	137293-138112	47177	blaLAP-2,qnrS1	2
RefSeq_NZ_CP101568.1	IncFII	Gram-negative	IS26	137293-138112	141156-141979	3044	tet(D)	1
RefSeq_NZ_CP101568.1	IncFII	Gram-negative	IS26	143873-144692	153096-153916	8404	sul2,aph(3'')-Ib,aph(6)-Id,blaTEM-1	4
RefSeq_NZ_CP101569.1	IncFII	Gram-negative	IS26	35694-36514	43713-44534	7199	blaSHV-12	1
RefSeq_NZ_CP101569.1	IncFII	Gram-negative	IS26	43713-44534	52438-53257	7904	blaKPC-2	1
RefSeq_NZ_CP101569.1	IncFII	Gram-negative	IS26	83755-84575	88387-89206	3812	rmtB1,blaTEM	2
RefSeq_NZ_CP101569.1	IncFII	Gram-negative	IS26	88387-89206	90482-91301	1276	fosA3	1
RefSeq_NZ_CP101569.1	IncFII	Gram-negative	IS26	92286-93105	97132-97951	4027	blaCTX-M-65	1
RefSeq_NZ_CP101569.1	IncFII	Gram-negative	IS26	113846-114670	116059-116881	1389	catA2	1
RefSeq_NZ_CP101618.1	IncFII	Gram-negative	IS26	59125-59946	64073-64893	4127	mph(A),mrx(A)	2
RefSeq_NZ_CP101618.1	IncFII	Gram-negative	IS26	64073-64893	70047-70866	5154	dfrA17,aadA5,sul1	3
RefSeq_NZ_CP101668.1	IncX1	Gram-negative	IS26	11678-12497	16522-17341	4025	blaCTX-M-65	1
RefSeq_NZ_CP101668.1	IncX1	Gram-negative	IS26	22167-22986	28279-29098	5293	dfrA14,aadA1,blaOXA-10,cmlA5,arr-2	5
RefSeq_NZ_CP101668.1	IncX1	Gram-negative	IS26	28279-29098	33689-34508	4591	tet(A)	1
RefSeq_NZ_CP101668.1	IncX1	Gram-negative	IS26	33689-34508	55150-55970	20642	aph(3')-IIa,blaTEM-1	2
RefSeq_NZ_CP101668.1	IncX1	Gram-negative	IS26	55150-55970	60373-61192	4403	qepA	1
RefSeq_NZ_CP101728.1	IncFII	Gram-negative	IS26	68326-69145	71190-72013	2045	dfrA14	1
RefSeq_NZ_CP101736.1	IncX1	Gram-negative	IS26	18320-19139	24955-25774	5816	dfrA14,aadA1,blaOXA-10,cmlA5,arr-2	5
RefSeq_NZ_CP101736.1	IncX1	Gram-negative	IS26	24955-25774	34255-35074	8481	qnrS1,tet(A)	2
RefSeq_NZ_CP101765.1	IncFII	Gram-negative	IS26	43876-44695	52491-53310	7796	blaSHV-12	1
RefSeq_NZ_CP101765.1	IncFII	Gram-negative	IS26	76105-76925	80733-81552	3808	rmtB1,blaTEM-1	2
RefSeq_NZ_CP101765.1	IncFII	Gram-negative	IS26	82537-83356	87381-88200	4025	blaCTX-M-65	1
RefSeq_NZ_CP101765.1	IncFII	Gram-negative	IS26	171052-171871	179667-180486	7796	blaSHV-12	1
RefSeq_NZ_CP101766.1	IncFII	Gram-negative	IS26	4393-5212	9237-10056	4025	blaCTX-M-65	1
RefSeq_NZ_CP101766.1	IncFII	Gram-negative	IS26	11041-11860	15668-16488	3808	blaTEM-1,rmtB1	2
RefSeq_NZ_CP101766.1	IncFII	Gram-negative	IS26	39283-40102	47898-48717	7796	blaSHV-12	1
RefSeq_NZ_CP101767.1	IncFII	Gram-negative	IS26	66722-67547	75702-76521	8155	sul2	1
RefSeq_NZ_CP101767.1	IncFII	Gram-negative	IS26	75702-76521	79246-80065	2725	dfrA14	1
RefSeq_NZ_CP101772.1	IncFII	Gram-negative	IS26	66722-67547	75702-76521	8155	sul2	1
RefSeq_NZ_CP101772.1	IncFII	Gram-negative	IS26	75702-76521	79246-80065	2725	dfrA14	1
RefSeq_NZ_CP101775.1	IncFII	Gram-negative	IS26	4393-5212	9237-10056	4025	blaCTX-M-65	1
RefSeq_NZ_CP101775.1	IncFII	Gram-negative	IS26	11041-11860	15668-16488	3808	blaTEM-1,rmtB1	2
RefSeq_NZ_CP101775.1	IncFII	Gram-negative	IS26	39283-40102	55199-56018	15097	blaSHV-12,blaKPC-2	2
RefSeq_NZ_CP101778.1	IncFII	Gram-negative	IS26	23824-24650	35591-36414	10941	aac(6')-Ib-cr5,arr-3,dfrA27,aadA16,sul1,mrx(A),mph(A)	7
RefSeq_NZ_CP101782.1	IncFII	Gram-negative	IS26	4393-5212	9237-10056	4025	blaCTX-M-65	1
RefSeq_NZ_CP101782.1	IncFII	Gram-negative	IS26	11041-11860	15668-16488	3808	blaTEM-1,rmtB1	2
RefSeq_NZ_CP101782.1	IncFII	Gram-negative	IS26	39283-40102	55199-56018	15097	blaSHV-12,blaKPC-2	2
RefSeq_NZ_CP101783.1	IncFII	Gram-negative	IS26	66722-67547	75702-76521	8155	sul2	1
RefSeq_NZ_CP101783.1	IncFII	Gram-negative	IS26	75702-76521	79246-80065	2725	dfrA14	1
RefSeq_NZ_CP101785.1	IncFII	Gram-negative	IS26	4393-5212	9237-10056	4025	blaCTX-M-65	1
RefSeq_NZ_CP101785.1	IncFII	Gram-negative	IS26	11041-11860	15668-16488	3808	blaTEM-1,rmtB1	2
RefSeq_NZ_CP101785.1	IncFII	Gram-negative	IS26	39283-40102	55199-56018	15097	blaSHV-12,blaKPC-2	2
RefSeq_NZ_CP101788.1	IncFII	Gram-negative	IS26	66722-67547	75702-76521	8155	sul2	1
RefSeq_NZ_CP101788.1	IncFII	Gram-negative	IS26	75702-76521	79246-80065	2725	dfrA14	1
RefSeq_NZ_CP101836.1	IncFII	Gram-negative	IS26	107610-108430	114972-115764	6542	blaCTX-M-15	1
RefSeq_NZ_CP101836.1	IncFII	Gram-negative	IS26	114972-115764	122492-123311	6728	dfrA14	1
RefSeq_NZ_CP101836.1	IncFII	Gram-negative	IS26	122492-123311	136792-137611	13481	qnrB1,tet(A)	2
RefSeq_NZ_CP101836.1	IncFII	Gram-negative	IS26	136792-137611	139798-140618	2187	aac(6')-Ib-cr5,blaOXA-1,catB3	3
RefSeq_NZ_CP101836.1	IncFII	Gram-negative	IS26	139798-140618	142804-143623	2186	aac(6')-Ib-cr5,blaOXA-1,catB3	3
RefSeq_NZ_CP101878.1	IncFII	Gram-negative	IS1	6371-7138	12727-13494	5589	tet(B)	1
RefSeq_NZ_CP101878.1	IncFII	Gram-negative	IS1	12727-13494	37469-38236	23975	dfrA12,aadA2,sul1	3
RefSeq_NZ_CP101880.1	IncFII	Gram-negative	IS1	6065-6832	25537-26304	18705	blaOXA-48	1
RefSeq_NZ_CP101898.1	IncFII	Gram-negative	IS1	71392-72159	82599-83364	10440	catA1	1
RefSeq_NZ_CP101898.1	IncFII	Gram-negative	IS26	61429-62221	70513-71338	8292	sul1,dfrA5	2
RefSeq_NZ_CP102079.1	IncFII	Gram-negative	IS26	109001-109821	117538-118358	7717	floR,tet(A)	2
RefSeq_NZ_CP102079.1	IncFII	Gram-negative	IS26	117538-118358	135019-135839	16661	mph(A),mrx(A),sul1,qnrB91,sul1,aadA16,dfrA27,arr-3,aac(6')-Ib-cr5	9
RefSeq_NZ_CP102188.1	IncFII	Gram-negative	IS26	1-806	2206-3025	1400	catA2	1
RefSeq_NZ_CP102188.1	IncFII	Gram-negative	IS26	2206-3025	5750-6569	2725	dfrA14	1
RefSeq_NZ_CP102188.1	IncFII	Gram-negative	IS26	5750-6569	14724-15547	8155	sul2	1
RefSeq_NZ_CP102190.1	IncFII	Gram-negative	IS26	42618-43437	55468-56287	12031	aac(6')-Ib3,cmlA1,blaCTX-M-14	3
RefSeq_NZ_CP102190.1	IncFII	Gram-negative	IS26	55468-56287	60999-61818	4712	blaTEM-1	1
RefSeq_NZ_CP102194.1	IncFII	Gram-negative	IS26	4804-5627	13782-14601	8155	sul2	1
RefSeq_NZ_CP102194.1	IncFII	Gram-negative	IS26	13782-14601	17326-18145	2725	dfrA14	1
RefSeq_NZ_CP102194.1	IncFII	Gram-negative	IS26	17326-18145	19545-20366	1400	catA2	1
RefSeq_NZ_CP102392.1	IncFII	Gram-negative	IS26	4393-5212	9237-10056	4025	blaCTX-M-65	1
RefSeq_NZ_CP102392.1	IncFII	Gram-negative	IS26	11041-11860	15668-16487	3808	blaTEM-1,rmtB1	2
RefSeq_NZ_CP102392.1	IncFII	Gram-negative	IS26	15668-16487	24676-25495	8189	blaSHV-12	1
RefSeq_NZ_CP102392.1	IncFII	Gram-negative	IS26	48284-49105	56021-56840	6916	blaKPC-2	1
RefSeq_NZ_CP102394.1	IncFII	Gram-negative	IS26	66722-67547	75702-76521	8155	sul2	1
RefSeq_NZ_CP102394.1	IncFII	Gram-negative	IS26	75702-76521	79246-80065	2725	dfrA14	1
RefSeq_NZ_CP102491.1	IncFII	Gram-negative	IS26	24775-25594	29308-30130	3714	dfrA1	1
RefSeq_NZ_CP102547.1	IncFII	Gram-negative	IS1	12668-13435	46366-47133	32931	qnrB1	1
RefSeq_NZ_CP102547.1	IncFII	Gram-negative	IS26	30267-31087	36957-37776	5870	qnrB1	1
RefSeq_NZ_CP102547.1	IncFII	Gram-negative	IS26	49148-49967	64486-65305	14519	blaTEM-1,blaOXA-9,aadA1,aac(6')-Ib,blaCTX-M-15	5
RefSeq_NZ_CP102548.1	IncFII	Gram-negative	IS1	6371-7138	12727-13494	5589	tet(B)	1
RefSeq_NZ_CP102548.1	IncFII	Gram-negative	IS1	12727-13494	40674-41441	27180	dfrA12,aadA2,sul1,ble,blaNDM-1	5
RefSeq_NZ_CP102614.1	IncN	Gram-negative	IS26	23957-24566	48989-49826	24423	blaKPC-3,aac(6')-Ib',aadA1,blaOXA-9,blaTEM-1,aph(6)-Id,aph(3'')-Ib,sul2	8
RefSeq_NZ_CP102634.1	IncFII	Gram-negative	IS26	88054-88873	92687-93507	3814	blaTEM,rmtB1	2
RefSeq_NZ_CP102634.1	IncFII	Gram-negative	IS26	148074-148895	152822-153641	3927	blaKPC-2	1
RefSeq_NZ_CP102635.1	IncFII	Gram-negative	IS26	12725-13545	26824-27645	13279	blaTEM-1,blaCTX-M-3,qnrS1	3
RefSeq_NZ_CP102635.1	IncFII	Gram-negative	IS26	26824-27645	32997-33816	5352	floR,tet(A)	2
RefSeq_NZ_CP102635.1	IncFII	Gram-negative	IS26	32997-33816	34857-35676	1041	aph(3')-Ia	1
RefSeq_NZ_CP102635.1	IncFII	Gram-negative	IS26	34857-35676	40062-40883	4386	aph(6)-Id,aph(3'')-Ib,sul2	3
RefSeq_NZ_CP102637.1	IncN	Gram-negative	IS26	30951-31770	34444-35267	2674	qnrS1	1
RefSeq_NZ_CP102637.1	IncN	Gram-negative	IS26	34444-35267	41069-41888	5802	aac(6')-Ib3,arr-3	2
RefSeq_NZ_CP102641.1	IncFII	Gram-negative	IS26	3209-4028	6753-7572	2725	dfrA14	1
RefSeq_NZ_CP102641.1	IncFII	Gram-negative	IS26	77165-77986	79386-80209	1400	catA2	1
RefSeq_NZ_CP102688.1	IncFII	Gram-negative	IS26	107610-108430	114972-115764	6542	blaCTX-M-15	1
RefSeq_NZ_CP102688.1	IncFII	Gram-negative	IS26	114972-115764	122492-123311	6728	dfrA14	1
RefSeq_NZ_CP102688.1	IncFII	Gram-negative	IS26	122492-123311	136792-137611	13481	qnrB1,tet(A)	2
RefSeq_NZ_CP102688.1	IncFII	Gram-negative	IS26	136792-137611	139798-140618	2187	aac(6')-Ib-cr5,blaOXA-1,catB3	3
RefSeq_NZ_CP102688.1	IncFII	Gram-negative	IS26	139798-140618	142804-143623	2186	aac(6')-Ib-cr5,blaOXA-1,catB3	3
RefSeq_NZ_CP102693.1	IncFII	Gram-negative	IS26	149125-149944	158701-159520	8757	qnrB4,blaDHA-1,sul1	3
RefSeq_NZ_CP102828.1	IncX1	Gram-negative	IS26	28893-29714	32860-33680	3146	mrx(A),mph(A)	2
RefSeq_NZ_CP102828.1	IncX1	Gram-negative	IS26	50588-51410	61812-62631	10402	aph(3')-IIa	1
RefSeq_NZ_CP102828.1	IncX1	Gram-negative	IS26	61812-62631	67731-68550	5100	armA	1
RefSeq_NZ_CP102828.1	IncX1	Gram-negative	IS26	67731-68550	70921-71740	2371	dfrA17,aadA5	2
RefSeq_NZ_CP102828.1	IncX1	Gram-negative	IS26	70921-71740	76937-77756	5197	oqxB,oqxA	2
RefSeq_NZ_CP102828.1	IncX1	Gram-negative	IS26	76937-77756	81781-82601	4025	blaCTX-M-65	1
RefSeq_NZ_CP102828.1	IncX1	Gram-negative	IS26	81781-82601	99954-100773	17353	floR,sul2,aph(4)-Ia,aac(3)-IVa	4
RefSeq_NZ_CP102828.1	IncX1	Gram-negative	IS26	99954-100773	105484-106306	4711	aac(6')-Ib-cr5,blaOXA-1,catB3,arr-3,sul1	5
RefSeq_NZ_CP102834.1	IncFII	Gram-negative	IS26	104651-105471	111717-112538	6246	tet(A),floR	2
RefSeq_NZ_CP102834.1	IncFII	Gram-negative	IS26	111717-112538	121346-122167	8808	blaTEM-1,blaCTX-M-3,qnrS1	3
RefSeq_NZ_CP102834.1	IncFII	Gram-negative	IS1	115821-116588	125450-126217	8862	qnrS1,blaTEM-1,blaCTX-M-3	3
RefSeq_NZ_CP102839.1	IncFII	Gram-negative	IS26	80465-81284	84009-84828	2725	dfrA14	1
RefSeq_NZ_CP102842.1	IncFII	Gram-negative	IS26	1709-2528	8489-9310	5961	sul2	1
RefSeq_NZ_CP102842.1	IncFII	Gram-negative	IS26	8489-9310	13825-14644	4515	dfrA12,aadA2	2
RefSeq_NZ_CP102872.1	IncFII	Gram-negative	IS26	4799-5618	7047-7854	1429	bleO	1
RefSeq_NZ_CP102874.1	IncFII	Gram-negative	IS26	8603-9423	10488-11309	1065	aph(3')-Ia	1
RefSeq_NZ_CP102899.1	IncFII	Gram-negative	IS26	43058-43877	44918-45737	1041	aph(3')-Ia	1
RefSeq_NZ_CP102899.1	IncFII	Gram-negative	IS26	44918-45737	52016-52835	6279	bleO,aadA2,dfrA12	3
RefSeq_NZ_CP102904.1	IncFII	Gram-negative	IS26	43058-43877	44918-45737	1041	aph(3')-Ia	1
RefSeq_NZ_CP102904.1	IncFII	Gram-negative	IS26	44918-45737	52016-52835	6279	bleO,aadA2,dfrA12	3
RefSeq_NZ_CP102941.1	IncFII	Gram-negative	IS26	94817-95636	105961-106781	10325	qnrS1,blaLAP-2	2
RefSeq_NZ_CP102941.1	IncFII	Gram-negative	IS26	105961-106781	132203-133022	25422	blaCTX-M-14	1
RefSeq_NZ_CP103064.1	IncFII	Gram-negative	IS26	50443-51264	96018-96837	44754	tet(A)	1
RefSeq_NZ_CP103064.1	IncFII	Gram-negative	IS26	96018-96837	107128-107951	10291	sul2,aph(3'')-Ib,aph(6)-Id,blaTEM-1	4
RefSeq_NZ_CP103297.1	IncN	Gram-negative	IS26	7050-7871	10367-11186	2496	fosA3	1
RefSeq_NZ_CP103297.1	IncN	Gram-negative	IS26	10367-11186	13954-14774	2768	blaCTX-M-55	1
RefSeq_NZ_CP103297.1	IncN	Gram-negative	IS26	28191-29010	31419-32242	2409	blaTEM-1,rmtB1	2
RefSeq_NZ_CP103297.1	IncN	Gram-negative	IS26	31419-32242	60060-60881	27818	floR,tet(A),aph(6)-Id	3
RefSeq_NZ_CP103318.1	IncFII	Gram-negative	IS26	5771-6590	9315-10134	2725	dfrA14	1
RefSeq_NZ_CP103318.1	IncFII	Gram-negative	IS26	81667-82488	83888-84711	1400	catA2	1
RefSeq_NZ_CP103319.1	IncFII	Gram-negative	IS26	4393-5212	9104-9923	3892	blaCTX-M-65	1
RefSeq_NZ_CP103319.1	IncFII	Gram-negative	IS26	9104-9923	25020-25839	15097	blaSHV-12,blaKPC-2	2
RefSeq_NZ_CP103466.1	IncFII	Gram-negative	IS1	38988-39755	60565-61332	20810	blaCTX-M-27,tet(A),aph(6)-Id,aph(3'')-Ib,sul2,mph(A),mrx(A),sul1,aadA5,dfrA17	10
RefSeq_NZ_CP103466.1	IncFII	Gram-negative	IS26	39971-40790	42310-43129	1520	blaCTX-M-27	1
RefSeq_NZ_CP103466.1	IncFII	Gram-negative	IS26	42310-43129	48743-49564	5614	tet(A),aph(6)-Id,aph(3'')-Ib,sul2	4
RefSeq_NZ_CP103466.1	IncFII	Gram-negative	IS26	48743-49564	59530-60349	9966	mph(A),mrx(A),sul1,aadA5,dfrA17	5
RefSeq_NZ_CP103480.1	IncFII	Gram-negative	IS1	65389-66156	102856-103623	36700	erm(B),blaCTX-M-27,tet(A),aph(6)-Id,aph(3'')-Ib,sul2,mph(A),mrx(A),sul1,aadA5,dfrA17	11
RefSeq_NZ_CP103480.1	IncFII	Gram-negative	IS26	74328-75147	79588-80407	4441	erm(B)	1
RefSeq_NZ_CP103480.1	IncFII	Gram-negative	IS26	79588-80407	83557-84377	3150	blaCTX-M-27	1
RefSeq_NZ_CP103480.1	IncFII	Gram-negative	IS26	83557-84377	91034-91855	6657	tet(A),aph(6)-Id,aph(3'')-Ib,sul2	4
RefSeq_NZ_CP103480.1	IncFII	Gram-negative	IS26	91034-91855	101821-102640	9966	mph(A),mrx(A),sul1,aadA5,dfrA17	5
RefSeq_NZ_CP103481.1	IncN	Gram-negative	IS26	107083-107902	110104-110925	2202	blaCTX-M-195	1
RefSeq_NZ_CP103509.1	IncFII	Gram-negative	IS1	40342-41083	63641-64408	22558	blaTEM	1
RefSeq_NZ_CP103516.1	IncFII	Gram-negative	IS1	129482-130249	135558-136325	5309	tet(B)	1
RefSeq_NZ_CP103516.1	IncFII	Gram-negative	IS26	77050-77869	80056-80875	2187	aac(6')-Ib-cr5,blaOXA-1,catB3	3
RefSeq_NZ_CP103516.1	IncFII	Gram-negative	IS26	80056-80875	85019-85840	4144	blaCTX-M-15	1
RefSeq_NZ_CP103516.1	IncFII	Gram-negative	IS26	85019-85840	90931-91754	5091	dfrA17,aadA5,sul1	3
RefSeq_NZ_CP103516.1	IncFII	Gram-negative	IS26	90931-91754	95385-96204	3631	mph(A),mrx(A)	2
RefSeq_NZ_CP103516.1	IncFII	Gram-negative	IS26	95385-96204	100348-101169	4144	blaCTX-M-15	1
RefSeq_NZ_CP103516.1	IncFII	Gram-negative	IS26	100348-101169	106260-107083	5091	dfrA17,aadA5,sul1	3
RefSeq_NZ_CP103516.1	IncFII	Gram-negative	IS26	106260-107083	110714-111533	3631	mph(A),mrx(A)	2
RefSeq_NZ_CP103516.1	IncFII	Gram-negative	IS26	110714-111533	115677-116498	4144	blaCTX-M-15	1
RefSeq_NZ_CP103516.1	IncFII	Gram-negative	IS26	115677-116498	121589-122412	5091	dfrA17,aadA5,sul1	3
RefSeq_NZ_CP103516.1	IncFII	Gram-negative	IS26	121589-122412	126043-126862	3631	mph(A),mrx(A)	2
RefSeq_NZ_CP103516.1	IncFII	Gram-negative	IS26	128592-129411	158466-159285	29055	tet(B)	1
RefSeq_NZ_CP103523.1	IncFII	Gram-negative	IS26	33695-34520	36707-37526	2187	aac(6')-Ib-cr5,blaOXA-1,catB3	3
RefSeq_NZ_CP103523.1	IncFII	Gram-negative	IS26	36707-37526	41357-42188	3831	blaCTX-M-15	1
RefSeq_NZ_CP103523.1	IncFII	Gram-negative	IS26	41357-42188	44111-44930	1923	blaTEM-1	1
RefSeq_NZ_CP103523.1	IncFII	Gram-negative	IS26	44111-44930	49361-50180	4431	sul1,aadA5,dfrA17	3
RefSeq_NZ_CP103530.1	IncFII	Gram-negative	IS26	81535-82354	84541-85360	2187	aac(6')-Ib-cr5,blaOXA-1,catB3	3
RefSeq_NZ_CP103530.1	IncFII	Gram-negative	IS26	84541-85360	89419-90242	4059	blaCTX-M-15	1
RefSeq_NZ_CP103530.1	IncFII	Gram-negative	IS26	89419-90242	99913-100732	9671	dfrA12,aadA2,sul1,ble,blaNDM-5	5
RefSeq_NZ_CP103530.1	IncFII	Gram-negative	IS26	99913-100732	108802-109622	8070	rmtB1,blaTEM-1,mrx(A),mph(A)	4
RefSeq_NZ_CP103536.1	IncN	Gram-negative	IS26	10734-11553	21414-22233	9861	qnrS1,blaSHV-12	2
RefSeq_NZ_CP103536.1	IncN	Gram-negative	IS26	21414-22233	24420-25257	2187	aac(6')-Ib-cr5,blaOXA-1,catB3	3
RefSeq_NZ_CP103541.1	IncFII	Gram-negative	IS1	83467-84234	125661-126428	41427	tet(A),aac(6')-Ib-cr5,blaOXA-1,catB3,blaCTX-M-15,mrx(A),mph(A),blaNDM-5,ble,sul1,aadA2,dfrA12	12
RefSeq_NZ_CP103541.1	IncFII	Gram-negative	IS26	100892-101711	103898-104717	2187	aac(6')-Ib-cr5,blaOXA-1,catB3	3
RefSeq_NZ_CP103541.1	IncFII	Gram-negative	IS26	103898-104717	108776-109595	4059	blaCTX-M-15	1
RefSeq_NZ_CP103541.1	IncFII	Gram-negative	IS26	108776-109595	113195-114015	3600	mrx(A),mph(A)	2
RefSeq_NZ_CP103541.1	IncFII	Gram-negative	IS26	113195-114015	123686-124509	9671	blaNDM-5,ble,sul1,aadA2,dfrA12	5
RefSeq_NZ_CP103558.1	IncFII	Gram-negative	IS26	16310-17129	23642-24461	6513	tet(A)	1
RefSeq_NZ_CP103568.1	IncFII	Gram-negative	IS26	54429-55248	57848-58668	2600	aac(3)-IIe	1
RefSeq_NZ_CP103568.1	IncFII	Gram-negative	IS26	57848-58668	60855-61674	2187	catB3,blaOXA-1,aac(6')-Ib-cr5	3
RefSeq_NZ_CP103568.1	IncFII	Gram-negative	IS26	60855-61674	75155-75974	13481	tet(A),qnrB1	2
RefSeq_NZ_CP103568.1	IncFII	Gram-negative	IS26	75155-75974	82702-83494	6728	dfrA14	1
RefSeq_NZ_CP103568.1	IncFII	Gram-negative	IS26	82702-83494	97747-98567	14253	blaCTX-M-15,blaTEM-1,aph(6)-Id,aph(3'')-Ib,sul2	5
RefSeq_NZ_CP103571.1	IncFII	Gram-negative	IS1	66826-67593	98761-99528	31168	aac(6')-Ib-cr5,blaOXA-1,catB3,blaCTX-M-15,dfrA17,aadA5,sul1,mph(A),mrx(A)	9
RefSeq_NZ_CP103571.1	IncFII	Gram-negative	IS1	98761-99528	105117-105884	5589	tet(B)	1
RefSeq_NZ_CP103571.1	IncFII	Gram-negative	IS26	78779-79598	81785-82604	2187	aac(6')-Ib-cr5,blaOXA-1,catB3	3
RefSeq_NZ_CP103571.1	IncFII	Gram-negative	IS26	81785-82604	87343-88162	4739	blaCTX-M-15	1
RefSeq_NZ_CP103571.1	IncFII	Gram-negative	IS26	87343-88162	93253-94076	5091	dfrA17,aadA5,sul1	3
RefSeq_NZ_CP103571.1	IncFII	Gram-negative	IS26	93253-94076	97863-98690	3787	mph(A),mrx(A)	2
RefSeq_NZ_CP103571.1	IncFII	Gram-negative	IS26	97863-98690	128025-128844	29335	tet(B)	1
RefSeq_NZ_CP103587.1	IncFII	Gram-negative	IS26	129955-130774	137502-138321	6728	dfrA14	1
RefSeq_NZ_CP103587.1	IncFII	Gram-negative	IS26	137502-138321	143781-144618	5460	qnrB1	1
RefSeq_NZ_CP103587.1	IncFII	Gram-negative	IS26	181956-182776	197809-198628	15033	qnrS1,blaOXA-181	2
RefSeq_NZ_CP103587.1	IncFII	Gram-negative	IS26	197809-198628	200815-201634	2187	aac(6')-Ib-cr5,blaOXA-1,catB3	3
RefSeq_NZ_CP103587.1	IncFII	Gram-negative	IS26	200815-201634	208362-209181	6728	dfrA14	1
RefSeq_NZ_CP103587.1	IncFII	Gram-negative	IS26	208362-209181	212900-213719	3719	blaCTX-M-15	1
RefSeq_NZ_CP103593.1	IncFII	Gram-negative	IS26	68818-69637	71157-71976	1520	blaCTX-M-27	1
RefSeq_NZ_CP103593.1	IncFII	Gram-negative	IS26	71157-71976	78218-79039	6242	tet(A),aph(6)-Id,aph(3'')-Ib,sul2	4
RefSeq_NZ_CP103593.1	IncFII	Gram-negative	IS26	78218-79039	89005-89829	9966	mph(A),mrx(A),sul1,aadA5,dfrA17	5
RefSeq_NZ_CP103598.1	IncN	Gram-negative	IS26	32356-33175	56841-57660	23666	blaTEM-12,blaTEM-12	2
RefSeq_NZ_CP103598.1	IncN	Gram-negative	IS26	56841-57660	61940-62762	4280	floR,tet(A)	2
RefSeq_NZ_CP103599.1	IncX1	Gram-negative	IS26	1825-2646	28112-28931	25466	dfrA12,aadA2,cmlA1,aadA1,sul3	5
RefSeq_NZ_CP103606.1	IncFII	Gram-negative	IS26	5740-6560	20229-21048	13669	sul2,aph(3'')-Ib,aph(6)-Id,blaTEM-1,blaCTX-M-15	5
RefSeq_NZ_CP103606.1	IncFII	Gram-negative	IS26	20229-21048	23648-24468	2600	aac(3)-IIe	1
RefSeq_NZ_CP103606.1	IncFII	Gram-negative	IS26	23648-24468	26655-27474	2187	catB3,blaOXA-1,aac(6')-Ib-cr5	3
RefSeq_NZ_CP103606.1	IncFII	Gram-negative	IS26	26655-27474	35483-36302	8009	qnrB1	1
RefSeq_NZ_CP103606.1	IncFII	Gram-negative	IS26	35483-36302	43030-43849	6728	dfrA14	1
RefSeq_NZ_CP103619.1	IncFII	Gram-negative	IS1	64763-65475	113751-114518	48276	aph(3')-Ia,sul1,aac(6')-Ib-cr5,blaCTX-M-15,blaTEM-1,dfrA12,aadA2,sul1,mrx(A),mph(A)	10
RefSeq_NZ_CP103619.1	IncFII	Gram-negative	IS26	75162-75897	76938-77757	1041	aph(3')-Ia	1
RefSeq_NZ_CP103619.1	IncFII	Gram-negative	IS26	76938-77757	81209-82028	3452	sul1,aac(6')-Ib-cr5	2
RefSeq_NZ_CP103619.1	IncFII	Gram-negative	IS26	81209-82028	99134-99954	17106	blaCTX-M-15,blaTEM-1,dfrA12,aadA2,sul1	5
RefSeq_NZ_CP103619.1	IncFII	Gram-negative	IS26	99134-99954	104791-105611	4837	mrx(A),mph(A)	2
RefSeq_NZ_CP103622.1	IncFII	Gram-negative	IS26	170582-171401	175787-176607	4386	aph(6)-Id,aph(3'')-Ib,sul2	3
RefSeq_NZ_CP103622.1	IncFII	Gram-negative	IS26	175787-176607	197858-198677	21251	blaCTX-M-15,dfrA14	2
RefSeq_NZ_CP103622.1	IncFII	Gram-negative	IS26	197858-198677	203063-203883	4386	aph(6)-Id,aph(3'')-Ib,sul2	3
RefSeq_NZ_CP103634.1	IncFII	Gram-negative	IS1	68274-69041	108869-109636	39828	sul1,aadA5,dfrA17,blaCTX-M-15,aac(6')-Ib-cr5,blaOXA-1,catB3,aac(3)-IIe,mrx(A),mph(A),tet(B)	11
RefSeq_NZ_CP103634.1	IncFII	Gram-negative	IS26	77143-77965	83056-83875	5091	sul1,aadA5,dfrA17	3
RefSeq_NZ_CP103634.1	IncFII	Gram-negative	IS26	83056-83875	88614-89433	4739	blaCTX-M-15	1
RefSeq_NZ_CP103634.1	IncFII	Gram-negative	IS26	88614-89433	91620-92439	2187	aac(6')-Ib-cr5,blaOXA-1,catB3	3
RefSeq_NZ_CP103634.1	IncFII	Gram-negative	IS26	94427-95246	97846-98674	2600	aac(3)-IIe	1
RefSeq_NZ_CP103634.1	IncFII	Gram-negative	IS26	97846-98674	102461-103281	3787	mrx(A),mph(A)	2
RefSeq_NZ_CP103634.1	IncFII	Gram-negative	IS26	102461-103281	131777-132596	28496	tet(B)	1
RefSeq_NZ_CP103636.1	IncFII	Gram-negative	IS26	106305-107125	117056-117875	9931	sul2,aph(3'')-Ib,aph(6)-Id,blaTEM-1	4
RefSeq_NZ_CP103636.1	IncFII	Gram-negative	IS26	117056-117875	131356-132175	13481	tet(A),qnrB1	2
RefSeq_NZ_CP103636.1	IncFII	Gram-negative	IS26	131356-132175	138903-139695	6728	dfrA14	1
RefSeq_NZ_CP103636.1	IncFII	Gram-negative	IS26	138903-139695	144026-144845	4331	blaCTX-M	1
RefSeq_NZ_CP103636.1	IncFII	Gram-negative	IS26	144026-144845	147032-147852	2187	aac(6')-Ib-cr5,blaOXA-1,catB3	3
RefSeq_NZ_CP103636.1	IncFII	Gram-negative	IS26	147032-147852	150452-151271	2600	aac(3)-IIe	1
RefSeq_NZ_CP103636.1	IncFII	Gram-negative	IS26	150452-151271	155018-155837	3747	blaCTX-M	1
RefSeq_NZ_CP103636.1	IncFII	Gram-negative	IS26	155018-155837	158024-158844	2187	aac(6')-Ib-cr5,blaOXA-1,catB3	3
RefSeq_NZ_CP103636.1	IncFII	Gram-negative	IS26	158024-158844	161444-162263	2600	aac(3)-IIe	1
RefSeq_NZ_CP103636.1	IncFII	Gram-negative	IS26	161444-162263	166010-166829	3747	blaCTX-M	1
RefSeq_NZ_CP103636.1	IncFII	Gram-negative	IS26	166010-166829	169016-169836	2187	aac(6')-Ib-cr5,blaOXA-1,catB3	3
RefSeq_NZ_CP103636.1	IncFII	Gram-negative	IS26	169016-169836	172436-173255	2600	aac(3)-IIe	1
RefSeq_NZ_CP103646.1	IncFII	Gram-negative	IS1	69485-70252	91361-92127	21109	dfrA12,aadA2,sul1,ble,blaNDM-5	5
RefSeq_NZ_CP103646.1	IncFII	Gram-negative	IS1	91361-92127	114785-115551	22658	dfrA12,aadA2,sul1,ble,blaNDM-5	5
RefSeq_NZ_CP103646.1	IncFII	Gram-negative	IS1	114785-115551	138209-138975	22658	dfrA12,aadA2,sul1,ble,blaNDM-5	5
RefSeq_NZ_CP103646.1	IncFII	Gram-negative	IS26	78424-79243	89731-90550	10488	dfrA12,aadA2,sul1,ble,blaNDM-5	5
RefSeq_NZ_CP103646.1	IncFII	Gram-negative	IS26	101848-102667	113155-113974	10488	dfrA12,aadA2,sul1,ble,blaNDM-5	5
RefSeq_NZ_CP103646.1	IncFII	Gram-negative	IS26	125272-126091	136579-137398	10488	dfrA12,aadA2,sul1,ble,blaNDM-5	5
RefSeq_NZ_CP103658.1	IncFII	Gram-negative	IS26	31515-32334	35043-35862	2709	arr,catB3,blaOXA-1,aac(6')-Ib-cr5	4
RefSeq_NZ_CP103658.1	IncFII	Gram-negative	IS26	35043-35862	45774-46594	9912	dfrA17,aadA5,sul1,mrx(A),mph(A)	5
RefSeq_NZ_CP103658.1	IncFII	Gram-negative	IS26	45774-46594	67807-68626	21213	erm(B),tet(B)	2
RefSeq_NZ_CP103658.1	IncFII	Gram-negative	IS1	51443-52210	55950-56717	3740	tet(B)	1
RefSeq_NZ_CP103677.1	IncFII	Gram-negative	IS26	86785-87604	101085-101904	13481	tet(A),qnrB1	2
RefSeq_NZ_CP103677.1	IncFII	Gram-negative	IS26	101085-101904	108632-109424	6728	dfrA14	1
RefSeq_NZ_CP103677.1	IncFII	Gram-negative	IS26	108632-109424	113720-114539	4296	blaCTX-M-15	1
RefSeq_NZ_CP103677.1	IncFII	Gram-negative	IS26	113720-114539	116726-117518	2187	aac(6')-Ib-cr5,blaOXA-1,catB3	3
RefSeq_NZ_CP103677.1	IncFII	Gram-negative	IS26	116726-117518	121814-122633	4296	blaCTX-M-15	1
RefSeq_NZ_CP103677.1	IncFII	Gram-negative	IS26	121814-122633	124820-125612	2187	aac(6')-Ib-cr5,blaOXA-1,catB3	3
RefSeq_NZ_CP103677.1	IncFII	Gram-negative	IS26	124820-125612	129908-130727	4296	blaCTX-M-15	1
RefSeq_NZ_CP103677.1	IncFII	Gram-negative	IS26	129908-130727	132914-133706	2187	aac(6')-Ib-cr5,blaOXA-1,catB3	3
RefSeq_NZ_CP103700.1	IncFII	Gram-negative	IS26	106305-107125	116675-117494	9550	sul2,aph(3'')-Ib,aph(6)-Id,blaTEM-1	4
RefSeq_NZ_CP103700.1	IncFII	Gram-negative	IS26	124966-125785	128385-129205	2600	aac(3)-IIe	1
RefSeq_NZ_CP103700.1	IncFII	Gram-negative	IS26	128385-129205	131392-132211	2187	catB3,blaOXA-1,aac(6')-Ib-cr5	3
RefSeq_NZ_CP103700.1	IncFII	Gram-negative	IS26	131392-132211	145692-146511	13481	tet(A),qnrB1	2
RefSeq_NZ_CP103700.1	IncFII	Gram-negative	IS26	145692-146511	153239-154031	6728	dfrA14	1
RefSeq_NZ_CP103700.1	IncFII	Gram-negative	IS26	153239-154031	158743-159562	4712	blaCTX-M-15	1
RefSeq_NZ_CP103705.1	IncFII	Gram-negative	IS1	66818-67585	97719-98486	30134	aac(6')-Ib-cr5,blaOXA-1,catB3,blaCTX-M-15,dfrA17,aadA5,sul1,mph(A),mrx(A)	9
RefSeq_NZ_CP103705.1	IncFII	Gram-negative	IS1	97719-98486	104075-104842	5589	tet(B)	1
RefSeq_NZ_CP103705.1	IncFII	Gram-negative	IS26	77750-78569	80756-81575	2187	aac(6')-Ib-cr5,blaOXA-1,catB3	3
RefSeq_NZ_CP103705.1	IncFII	Gram-negative	IS26	80756-81575	86314-87133	4739	blaCTX-M-15	1
RefSeq_NZ_CP103705.1	IncFII	Gram-negative	IS26	86314-87133	92224-93047	5091	dfrA17,aadA5,sul1	3
RefSeq_NZ_CP103705.1	IncFII	Gram-negative	IS26	92224-93047	96834-97661	3787	mph(A),mrx(A)	2
RefSeq_NZ_CP103705.1	IncFII	Gram-negative	IS26	96834-97661	126983-127802	29322	tet(B)	1
RefSeq_NZ_CP103719.1	IncFII	Gram-negative	IS1	168381-169148	216960-217727	47812	sul1,aadA5,dfrA17,blaCTX-M-15,catB3,blaOXA-1,aac(6')-Ib-cr5,blaCTX-M-15,catB3,blaOXA-1,aac(6')-Ib-cr5,mph(A),mrx(A),tet(B)	14
RefSeq_NZ_CP103719.1	IncFII	Gram-negative	IS26	179571-180394	185485-186304	5091	sul1,aadA5,dfrA17	3
RefSeq_NZ_CP103719.1	IncFII	Gram-negative	IS26	185485-186304	191043-191862	4739	blaCTX-M-15	1
RefSeq_NZ_CP103719.1	IncFII	Gram-negative	IS26	191043-191862	194049-194868	2187	catB3,blaOXA-1,aac(6')-Ib-cr5	3
RefSeq_NZ_CP103719.1	IncFII	Gram-negative	IS26	195639-196458	201197-202016	4739	blaCTX-M-15	1
RefSeq_NZ_CP103719.1	IncFII	Gram-negative	IS26	201197-202016	204203-205022	2187	catB3,blaOXA-1,aac(6')-Ib-cr5	3
RefSeq_NZ_CP103719.1	IncFII	Gram-negative	IS26	205793-206613	210400-211227	3787	mph(A),mrx(A)	2
RefSeq_NZ_CP103719.1	IncFII	Gram-negative	IS26	210400-211227	230814-231635	19587	tet(B)	1
RefSeq_NZ_CP103719.1	IncFII	Gram-negative	ISEcp1	186305-187481	196459-197635	8978	blaCTX-M-15,catB3,blaOXA-1,aac(6')-Ib-cr5	4
RefSeq_NZ_CP103730.1	IncFII	Gram-negative	IS26	9330-10149	12749-13569	2600	aac(3)-IIe	1
RefSeq_NZ_CP103730.1	IncFII	Gram-negative	IS26	12749-13569	15756-16575	2187	catB3,blaOXA-1,aac(6')-Ib-cr5	3
RefSeq_NZ_CP103730.1	IncFII	Gram-negative	IS26	15756-16575	30056-30875	13481	tet(A),qnrB1	2
RefSeq_NZ_CP103730.1	IncFII	Gram-negative	IS26	30056-30875	37603-38422	6728	dfrA14	1
RefSeq_NZ_CP103730.1	IncFII	Gram-negative	IS26	42304-43123	80550-81343	37427	sul2,aph(3'')-Ib,aph(6)-Id,blaTEM-1,blaCTX-M-15	5
RefSeq_NZ_CP103730.1	IncFII	Gram-negative	ISEcp1	74749-76404	111543-113198	35139	blaCTX-M-15,blaCTX-M-15	2
RefSeq_NZ_CP103740.1	IncFII	Gram-negative	IS26	75102-75921	78521-79341	2600	aac(3)-IIe	1
RefSeq_NZ_CP103740.1	IncFII	Gram-negative	IS26	78521-79341	81528-82347	2187	catB3,blaOXA-1,aac(6')-Ib-cr5	3
RefSeq_NZ_CP103740.1	IncFII	Gram-negative	IS26	81528-82347	88253-89087	5906	blaCTX-M-15	1
RefSeq_NZ_CP103740.1	IncFII	Gram-negative	IS26	93025-93844	100525-101345	6681	tet(A),aph(6)-Id,aph(3'')-Ib,sul2	4
RefSeq_NZ_CP103740.1	IncFII	Gram-negative	IS26	100525-101345	103532-104351	2187	catB3,blaOXA-1,aac(6')-Ib-cr5	3
RefSeq_NZ_CP103740.1	IncFII	Gram-negative	IS26	103532-104351	110257-111091	5906	blaCTX-M-15	1
RefSeq_NZ_CP103740.1	IncFII	Gram-negative	IS26	115029-115848	122529-123349	6681	tet(A),aph(6)-Id,aph(3'')-Ib,sul2	4
RefSeq_NZ_CP103740.1	IncFII	Gram-negative	IS26	122529-123349	125536-126355	2187	catB3,blaOXA-1,aac(6')-Ib-cr5	3
RefSeq_NZ_CP103740.1	IncFII	Gram-negative	IS26	125536-126355	132261-133095	5906	blaCTX-M-15	1
RefSeq_NZ_CP103740.1	IncFII	Gram-negative	IS26	137033-137852	144533-145354	6681	tet(A),aph(6)-Id,aph(3'')-Ib,sul2	4
RefSeq_NZ_CP103740.1	IncFII	Gram-negative	IS26	144533-145354	155121-155941	9767	mph(A),mrx(A),sul1,aadA5,dfrA17	5
RefSeq_NZ_CP103740.1	IncFII	Gram-negative	ISEcp1	85909-87564	107913-109568	20349	tet(A),aph(6)-Id,aph(3'')-Ib,sul2,catB3,blaOXA-1,aac(6')-Ib-cr5,blaCTX-M-15	8
RefSeq_NZ_CP103740.1	IncFII	Gram-negative	ISEcp1	107913-109568	129917-131572	20349	tet(A),aph(6)-Id,aph(3'')-Ib,sul2,catB3,blaOXA-1,aac(6')-Ib-cr5,blaCTX-M-15	8
RefSeq_NZ_CP103743.1	IncFII	Gram-negative	IS26	54030-54849	56369-57188	1520	blaCTX-M-27	1
RefSeq_NZ_CP103743.1	IncFII	Gram-negative	IS26	56369-57188	62802-63623	5614	tet(A),aph(6)-Id,aph(3'')-Ib,sul2	4
RefSeq_NZ_CP103743.1	IncFII	Gram-negative	IS26	62802-63623	73589-74408	9966	mph(A),mrx(A),sul1,aadA5,dfrA17	5
RefSeq_NZ_CP103756.1	IncFII	Gram-negative	IS26	89497-90317	100868-101687	10551	mph(A),mrx(A),sul1,aadA5,dfrA17	5
RefSeq_NZ_CP103756.1	IncFII	Gram-negative	IS26	100868-101687	104287-105107	2600	aac(3)-IIe	1
RefSeq_NZ_CP103756.1	IncFII	Gram-negative	IS26	104287-105107	107294-108113	2187	catB3,blaOXA-1,aac(6')-Ib-cr5	3
RefSeq_NZ_CP103756.1	IncFII	Gram-negative	IS26	127327-128147	131312-132132	3165	blaCTX-M-15	1
RefSeq_NZ_CP103763.1	IncFII	Gram-negative	IS26	11028-11847	16278-17097	4431	dfrA17,aadA5,sul1	3
RefSeq_NZ_CP103763.1	IncFII	Gram-negative	IS26	16278-17097	19020-19851	1923	blaTEM-1	1
RefSeq_NZ_CP103763.1	IncFII	Gram-negative	IS26	19020-19851	23682-24501	3831	blaCTX-M-15	1
RefSeq_NZ_CP103763.1	IncFII	Gram-negative	IS26	23682-24501	26688-27507	2187	catB3,blaOXA-1,aac(6')-Ib-cr5	3
RefSeq_NZ_CP103763.1	IncFII	Gram-negative	IS26	43539-44358	49860-50680	5502	aac(3)-IId	1
RefSeq_NZ_CP103763.1	IncFII	Gram-negative	IS26	49860-50680	54807-55626	4127	mph(A),mrx(A)	2
RefSeq_NZ_CP103763.1	IncFII	Gram-negative	IS26	54807-55626	60012-60832	4386	aph(6)-Id,aph(3'')-Ib,sul2	3
RefSeq_NZ_CP103763.1	IncFII	Gram-negative	IS26	60012-60832	67004-67823	6172	blaTEM-1	1
RefSeq_NZ_CP103967.1	IncN	Gram-negative	IS26	28873-29692	34403-35222	4711	dfrA17,aadA5	2
RefSeq_NZ_CP103967.1	IncN	Gram-negative	IS26	34403-35222	40419-41238	5197	oqxB,oqxA	2
RefSeq_NZ_CP103967.1	IncN	Gram-negative	IS26	63500-64322	69033-69852	4711	sul1,arr-3,catB3,blaOXA-1,aac(6')-Ib-cr5	5
RefSeq_NZ_CP103967.1	IncN	Gram-negative	IS26	69033-69852	73845-74665	3993	mrx(A),mph(A)	2
RefSeq_NZ_CP103967.1	IncN	Gram-negative	IS26	73845-74665	81900-82721	7235	blaCTX-M-14,fosA3	2
RefSeq_NZ_CP103967.1	IncN	Gram-negative	IS26	81900-82721	100074-100894	17353	aac(3)-IVa,aph(4)-Ia,sul2,floR	4
RefSeq_NZ_CP103967.1	IncN	Gram-negative	IS26	147826-148645	150167-150987	1522	bleO	1
RefSeq_NZ_CP103969.1	IncN	Gram-negative	IS26	20323-21142	35967-36805	14825	blaNDM-1,ble,qnrS1	3
RefSeq_NZ_CP104032.1	IncFII	Gram-negative	IS26	68326-69145	71190-72013	2045	dfrA14	1
RefSeq_NZ_CP104080.1	IncX1	Gram-negative	IS26	41471-42292	54750-55571	12458	sul2,aph(3'')-Ib,aph(6)-Id,tet(A),floR	5
RefSeq_NZ_CP104199.1	IncX1	Gram-negative	IS26	10258-11077	12162-12985	1085	rmtB1	1
RefSeq_NZ_CP104199.1	IncX1	Gram-negative	IS26	12162-12985	27756-28575	14771	floR,tet(A),aph(6)-Id,aph(3'')-Ib,sul2	5
RefSeq_NZ_CP104199.1	IncX1	Gram-negative	IS26	27756-28575	40587-41406	12012	dfrA14	1
RefSeq_NZ_CP104199.1	IncX1	Gram-negative	IS26	40587-41406	44174-44993	2768	blaCTX-M-55	1
RefSeq_NZ_CP104314.1	IncFII	Gram-negative	IS26	7418-8237	10962-11781	2725	dfrA14	1
RefSeq_NZ_CP104327.1	IncX1	Gram-negative	IS26	31114-31936	36063-36883	4127	mrx(A),mph(A)	2
RefSeq_NZ_CP104327.1	IncX1	Gram-negative	IS26	36063-36883	38751-39570	1868	blaTEM-1	1
RefSeq_NZ_CP104327.1	IncX1	Gram-negative	IS26	38751-39570	54151-54973	14581	aph(3')-IIa	1
RefSeq_NZ_CP104327.1	IncX1	Gram-negative	IS26	87202-88023	100481-101302	12458	sul2,aph(3'')-Ib,aph(6)-Id,tet(A),floR	5
RefSeq_NZ_CP104327.1	IncX1	Gram-negative	IS26	100481-101302	102279-103098	977	rmtB1	1
RefSeq_NZ_CP104327.1	IncX1	Gram-negative	IS26	102279-103098	105866-106686	2768	blaCTX-M-55	1
RefSeq_NZ_CP104331.1	IncX1	Gram-negative	IS26	31114-31937	36064-36884	4127	mrx(A),mph(A)	2
RefSeq_NZ_CP104331.1	IncX1	Gram-negative	IS26	36064-36884	51465-52286	14581	aph(3')-IIa	1
RefSeq_NZ_CP104331.1	IncX1	Gram-negative	IS26	84513-85334	97792-98613	12458	sul2,aph(3'')-Ib,aph(6)-Id,tet(A),floR	5
RefSeq_NZ_CP104331.1	IncX1	Gram-negative	IS26	97792-98613	101449-102268	2836	blaTEM-1,rmtB1	2
RefSeq_NZ_CP104331.1	IncX1	Gram-negative	IS26	101449-102268	105036-105856	2768	blaCTX-M-55	1
RefSeq_NZ_CP104480.1	IncX1	Gram-negative	IS26	8648-9467	12248-13068	2781	aadA2,lnu(F)	2
RefSeq_NZ_CP104480.1	IncX1	Gram-negative	IS26	12248-13068	15216-16035	2148	aac(3)-IId	1
RefSeq_NZ_CP104489.1	IncX1	Gram-negative	IS26	8648-9467	12248-13068	2781	aadA2,lnu(F)	2
RefSeq_NZ_CP104489.1	IncX1	Gram-negative	IS26	12248-13068	15216-16035	2148	aac(3)-IId	1
RefSeq_NZ_CP104504.1	IncFII	Gram-negative	IS10	119945-121273	127763-129091	6490	tet(B)	1
RefSeq_NZ_CP104504.1	IncFII	Gram-negative	IS26	263729-264548	308015-308834	43467	aac(3)-IVa,aph(4)-Ia	2
RefSeq_NZ_CP104596.1	IncFII	Gram-negative	IS26	59616-60435	85535-86354	25100	tet(M),aadA1,cmlA1,aadA2,dfrA12,floR,sul2	7
RefSeq_NZ_CP104596.1	IncFII	Gram-negative	IS26	88276-89095	90136-90958	1041	aph(3')-Ia	1
RefSeq_NZ_CP104596.1	IncFII	Gram-negative	IS26	90136-90958	94513-95336	3555	sul3	1
RefSeq_NZ_CP104596.1	IncFII	Gram-negative	IS26	94513-95336	100905-101724	5569	blaCTX-M-27	1
RefSeq_NZ_CP104596.1	IncFII	Gram-negative	IS26	100905-101724	104949-105770	3225	mrx(A),mph(A)	2
RefSeq_NZ_CP104600.1	IncX1	Gram-negative	IS26	32980-33801	46477-47300	12676	sul2,aph(3'')-Ib,aph(6)-Id,tet(A),floR	5
RefSeq_NZ_CP104600.1	IncX1	Gram-negative	IS26	46477-47300	53778-54597	6478	blaTEM-1,rmtB1	2
RefSeq_NZ_CP104600.1	IncX1	Gram-negative	IS26	53778-54597	64060-64879	9463	blaNDM-5,ble,sul1,aadA2,dfrA12	5
RefSeq_NZ_CP104600.1	IncX1	Gram-negative	IS26	64060-64879	79417-80236	14538	aph(3')-IIa	1
RefSeq_NZ_CP104600.1	IncX1	Gram-negative	IS26	79417-80236	85427-86247	5191	oqxB,oqxA	2
RefSeq_NZ_CP104600.1	IncX1	Gram-negative	IS26	85427-86247	90386-91207	4139	mrx(A),mph(A)	2
RefSeq_NZ_CP104615.1	IncX1	Gram-negative	IS26	46649-47470	51609-52429	4139	mph(A),mrx(A)	2
RefSeq_NZ_CP104615.1	IncX1	Gram-negative	IS26	51609-52429	57620-58439	5191	oqxA,oqxB	2
RefSeq_NZ_CP104615.1	IncX1	Gram-negative	IS26	57620-58439	72977-73796	14538	aph(3')-IIa	1
RefSeq_NZ_CP104615.1	IncX1	Gram-negative	IS26	72977-73796	83259-84078	9463	dfrA12,aadA2,sul1,ble,blaNDM-5	5
RefSeq_NZ_CP104615.1	IncX1	Gram-negative	IS26	83259-84078	90556-91379	6478	rmtB1,blaTEM-1	2
RefSeq_NZ_CP104621.1	IncFII	Gram-negative	IS26	18858-19677	22445-23264	2768	blaCTX-M-55	1
RefSeq_NZ_CP104621.1	IncFII	Gram-negative	IS26	22445-23264	26152-26973	2888	rmtB1,blaTEM-1	2
RefSeq_NZ_CP104623.1	IncX1	Gram-negative	IS26	5110-5933	18547-19367	12614	floR	1
RefSeq_NZ_CP104798.1	IncFII	Gram-negative	IS1	66748-67460	96527-97294	29067	blaCTX-M-15,mph(A),mrx(A),catB3,blaOXA-1,aac(6')-Ib-cr5	6
RefSeq_NZ_CP104798.1	IncFII	Gram-negative	IS26	75101-75921	79574-80394	3653	blaCTX-M-15	1
RefSeq_NZ_CP104798.1	IncFII	Gram-negative	IS26	79574-80394	84548-85381	4154	mph(A),mrx(A)	2
RefSeq_NZ_CP104798.1	IncFII	Gram-negative	IS26	84548-85381	87568-88387	2187	catB3,blaOXA-1,aac(6')-Ib-cr5	3
RefSeq_NZ_CP104852.1	IncFII	Gram-negative	IS26	7852-8671	14072-14892	5401	sul1,aadA2,dfrA12	3
RefSeq_NZ_CP104852.1	IncFII	Gram-negative	IS26	14072-14892	24811-25631	9919	blaNDM-5,ble,sul1,aadA5,dfrA17	5
RefSeq_NZ_CP104852.1	IncFII	Gram-negative	IS26	24811-25631	27390-28209	1759	blaTEM-1	1
RefSeq_NZ_CP104852.1	IncFII	Gram-negative	IS26	27390-28209	33763-34583	5554	aac(3)-IId	1
RefSeq_NZ_CP104852.1	IncFII	Gram-negative	IS26	33763-34583	38719-39538	4136	mph(A),mrx(A)	2
RefSeq_NZ_CP104852.1	IncFII	Gram-negative	IS26	38719-39538	43924-44744	4386	aph(6)-Id,aph(3'')-Ib,sul2	3
RefSeq_NZ_CP104852.1	IncFII	Gram-negative	IS26	47590-48409	50596-51416	2187	catB3,blaOXA-1,aac(6')-Ib-cr5	3
RefSeq_NZ_CP104937.1	IncN	Gram-negative	IS26	7647-8466	19005-19826	10539	aph(6)-Id,aph(3'')-Ib,dfrA19,sul1,qnrB2	5
RefSeq_NZ_CP104937.1	IncN	Gram-negative	IS26	19005-19826	31647-32466	11821	mph(A),mrx(A),sul1,arr-3,catB3,blaOXA-1,aac(6')-Ib-cr5	7
RefSeq_NZ_CP104938.1	IncN	Gram-negative	IS26	48634-49453	54102-54921	4649	aph(6)-Id,aph(3'')-Ib	2
RefSeq_NZ_CP104939.1	IncN	Gram-negative	IS26	49174-49994	54641-55459	4647	aph(6)-Id,aph(3'')-Ib	2
RefSeq_NZ_CP104940.1	IncN	Gram-negative	IS26	33105-33924	45745-46566	11821	aac(6')-Ib-cr5,blaOXA-1,catB3,arr-3,sul1,mrx(A),mph(A)	7
RefSeq_NZ_CP104940.1	IncN	Gram-negative	IS26	45745-46566	57105-57924	10539	qnrB2,sul1,dfrA19,aph(3'')-Ib,aph(6)-Id	5
RefSeq_NZ_CP104948.1	IncN	Gram-negative	IS26	46324-47143	57682-58503	10539	aph(6)-Id,aph(3'')-Ib,dfrA19,sul1,qnrB2	5
RefSeq_NZ_CP104948.1	IncN	Gram-negative	IS26	57682-58503	71651-72470	13148	mph(A),mrx(A),sul1,arr-3,catB3,blaOXA-1,aac(6')-Ib-cr5	7
RefSeq_NZ_CP104949.1	IncN	Gram-negative	IS26	46406-47225	59046-59867	11821	aac(6')-Ib-cr5,blaOXA-1,catB3,arr-3,sul1,mrx(A),mph(A)	7
RefSeq_NZ_CP104949.1	IncN	Gram-negative	IS26	59046-59867	70406-71225	10539	qnrB2,sul1,dfrA19,aph(3'')-Ib,aph(6)-Id	5
RefSeq_NZ_CP104950.1	IncN	Gram-negative	IS26	33038-33857	47702-48521	13845	aac(6')-Ib-cr5,blaOXA-1,catB3,arr-3,sul1,dfrA19,aph(3'')-Ib,aph(6)-Id	8
RefSeq_NZ_CP104951.1	IncN	Gram-negative	IS26	48978-49797	60332-61153	10535	aph(6)-Id,aph(3'')-Ib,dfrA19,sul1,qnrB2	5
RefSeq_NZ_CP104951.1	IncN	Gram-negative	IS26	60332-61153	74301-75120	13148	mph(A),mrx(A),sul1,arr-3,catB3,blaOXA-1,aac(6')-Ib-cr5	7
RefSeq_NZ_CP104951.1	IncN	Gram-negative	IS26	74301-75120	102509-103329	27389	aac(3)-IId,blaTEM-1,blaKPC-2	3
RefSeq_NZ_CP104951.1	IncN	Gram-negative	IS26	165409-166228	169321-170140	3093	aac(3)-IId	1
RefSeq_NZ_CP104952.1	IncN	Gram-negative	IS26	7149-7969	12618-13437	4649	aph(6)-Id,aph(3'')-Ib	2
RefSeq_NZ_CP104953.1	IncN	Gram-negative	IS26	24322-25141	38987-39806	13846	aac(6')-Ib-cr5,blaOXA-1,catB3,arr-3,sul1,dfrA19,aph(3'')-Ib,aph(6)-Id	8
RefSeq_NZ_CP104954.1	IncN	Gram-negative	IS26	29611-30430	35079-35898	4649	aph(6)-Id,aph(3'')-Ib	2
RefSeq_NZ_CP104956.1	IncN	Gram-negative	IS26	44539-45358	57179-58000	11821	aac(6')-Ib-cr5,blaOXA-1,catB3,arr-3,sul1,mrx(A),mph(A)	7
RefSeq_NZ_CP104956.1	IncN	Gram-negative	IS26	57179-58000	68515-69335	10515	qnrB2,sul1,dfrA19,aph(3'')-Ib	4
RefSeq_NZ_CP104957.1	IncN	Gram-negative	IS26	7484-8303	18842-19663	10539	aph(6)-Id,aph(3'')-Ib,dfrA19,sul1,qnrB2	5
RefSeq_NZ_CP104957.1	IncN	Gram-negative	IS26	18842-19663	32811-33630	13148	mph(A),mrx(A),sul1,arr-3,catB3,blaOXA-1,aac(6')-Ib-cr5	7
RefSeq_NZ_CP104958.1	IncN	Gram-negative	IS26	21575-22394	32933-33754	10539	aph(6)-Id,aph(3'')-Ib,dfrA19,sul1,qnrB2	5
RefSeq_NZ_CP104958.1	IncN	Gram-negative	IS26	32933-33754	46902-47721	13148	mph(A),mrx(A),sul1,arr-3,catB3,blaOXA-1,aac(6')-Ib-cr5	7
RefSeq_NZ_CP104959.1	IncN	Gram-negative	IS26	33205-34024	47869-48688	13845	aac(6')-Ib-cr5,blaOXA-1,catB3,arr-3,sul1,dfrA19,aph(3'')-Ib,aph(6)-Id	8
RefSeq_NZ_CP104960.1	IncN	Gram-negative	IS26	33099-33918	45734-46555	11816	aac(6')-Ib-cr5,blaOXA-1,catB3,arr-3,mrx(A),mph(A)	6
RefSeq_NZ_CP104960.1	IncN	Gram-negative	IS26	45734-46555	57094-57913	10539	qnrB2,sul1,dfrA19,aph(3'')-Ib,aph(6)-Id	5
RefSeq_NZ_CP104961.1	IncN	Gram-negative	IS26	46304-47124	58945-59765	11821	mph(A),mrx(A),sul1,arr-3,catB3,blaOXA-1,aac(6')-Ib-cr5	7
RefSeq_NZ_CP104961.1	IncN	Gram-negative	IS26	58945-59765	75357-76176	15592	qnrB2,sul1,dfrA19	3
RefSeq_NZ_CP106762.1	IncFII	Gram-negative	IS26	11567-12387	16195-17014	3808	rmtB1,blaTEM-1	2
RefSeq_NZ_CP106762.1	IncFII	Gram-negative	IS26	17999-18818	22843-23662	4025	blaCTX-M-65	1
RefSeq_NZ_CP106762.1	IncFII	Gram-negative	IS26	106910-107729	122826-123645	15097	blaKPC-2,blaSHV-12	2
RefSeq_NZ_CP106763.1	IncFII	Gram-negative	IS26	22189-23014	31169-31988	8155	sul2	1
RefSeq_NZ_CP106763.1	IncFII	Gram-negative	IS26	31169-31988	34713-35532	2725	dfrA14	1
RefSeq_NZ_CP106907.1	IncFII	Gram-negative	IS26	63758-64578	68386-69205	3808	rmtB1,blaTEM-1	2
RefSeq_NZ_CP106907.1	IncFII	Gram-negative	IS26	69202-69836	71112-71932	1276	fosA3	1
RefSeq_NZ_CP106907.1	IncFII	Gram-negative	IS26	129048-129867	136826-137646	6959	blaKPC-2	1
RefSeq_NZ_CP107017.1	IncFII	Gram-negative	IS26	4393-5212	9237-10056	4025	blaCTX-M-65	1
RefSeq_NZ_CP107017.1	IncFII	Gram-negative	IS26	11041-11860	15668-16488	3808	blaTEM-1,rmtB1	2
RefSeq_NZ_CP107017.1	IncFII	Gram-negative	IS26	17912-18731	37915-38734	19184	blaSHV-12,blaKPC-2	2
RefSeq_NZ_CP107044.1	IncFII	Gram-negative	IS26	129809-130628	140448-141268	9820	bleO,tet(A)	2
RefSeq_NZ_CP107044.1	IncFII	Gram-negative	IS26	140448-141268	151056-151875	9788	mph(A),aadA16,dfrA27,arr-3,aac(6')-Ib-cr5	5
RefSeq_NZ_CP107044.1	IncFII	Gram-negative	IS26	151056-151875	158137-158957	6262	floR	1
RefSeq_NZ_CP107044.1	IncFII	Gram-negative	IS26	159128-159947	161283-162102	1336	aac(3)-IId	1
RefSeq_NZ_CP107044.1	IncFII	Gram-negative	IS26	161283-162102	163143-163962	1041	aph(3')-Ia	1
RefSeq_NZ_CP107063.1	IncFII	Gram-negative	IS1	21067-21823	67069-67836	45246	catA1,dfrA17,aadA5,sul1,ble,blaNDM-5,mph(A),mrx(A),blaCTX-M-15,catB3,blaOXA-1,aac(6')-Ib-cr5,tet(A)	13
RefSeq_NZ_CP107063.1	IncFII	Gram-negative	IS26	7041-7860	37129-37949	29269	catA1,dfrA17,aadA5,sul1,ble,blaNDM-5	6
RefSeq_NZ_CP107063.1	IncFII	Gram-negative	IS26	37129-37949	41708-42527	3759	mph(A),mrx(A)	2
RefSeq_NZ_CP107063.1	IncFII	Gram-negative	IS26	41708-42527	46586-47405	4059	blaCTX-M-15	1
RefSeq_NZ_CP107063.1	IncFII	Gram-negative	IS26	46586-47405	49592-50411	2187	catB3,blaOXA-1,aac(6')-Ib-cr5	3
RefSeq_NZ_CP107129.1	IncFII	Gram-negative	IS26	4766-5586	16665-17486	11079	mph(A),mrx(A),sul1,aadA5,dfrA17	5
RefSeq_NZ_CP107144.1	IncFII	Gram-negative	IS26	92639-93458	100115-100935	6657	tet(A),aph(6)-Id,aph(3'')-Ib,sul2	4
RefSeq_NZ_CP107144.1	IncFII	Gram-negative	IS26	100115-100935	103122-103941	2187	catB3,blaOXA-1,aac(6')-Ib-cr5	3
RefSeq_NZ_CP107144.1	IncFII	Gram-negative	IS26	103122-103941	113489-114308	9548	tet(A)	1
RefSeq_NZ_CP107156.1	IncFII	Gram-negative	IS1	3231-3998	48985-49752	44987	blaTEM,aac(6')-Ib-cr5,blaOXA-1,catB3,tet(A)	5
RefSeq_NZ_CP107156.1	IncFII	Gram-negative	IS26	7565-8384	10571-11390	2187	aac(6')-Ib-cr5,blaOXA-1,catB3	3
RefSeq_NZ_CP107173.1	IncFII	Gram-negative	IS26	40027-40851	43585-44404	2734	sul1	1
RefSeq_NZ_CP107173.1	IncFII	Gram-negative	IS26	48342-49176	55082-55901	5906	blaCTX-M-15	1
RefSeq_NZ_CP107173.1	IncFII	Gram-negative	IS26	55082-55901	58501-59321	2600	aac(3)-IIe	1
RefSeq_NZ_CP107173.1	IncFII	Gram-negative	IS26	58501-59321	61508-62327	2187	catB3,blaOXA-1,aac(6')-Ib-cr5	3
RefSeq_NZ_CP107176.1	IncFII	Gram-negative	IS26	92639-93458	98630-99449	5172	tet(A)	1
RefSeq_NZ_CP107176.1	IncFII	Gram-negative	IS26	98630-99449	101636-102456	2187	aac(6')-Ib-cr5,blaOXA-1,catB3	3
RefSeq_NZ_CP107176.1	IncFII	Gram-negative	IS26	101636-102456	113489-114308	11033	sul2,aph(3'')-Ib,aph(6)-Id,tet(A)	4
RefSeq_NZ_CP107189.1	IncFII	Gram-negative	IS26	32082-32905	43296-44116	10391	dfrA12,aadA2,sul1,mrx(A),mph(A)	5
RefSeq_NZ_CP107189.1	IncFII	Gram-negative	IS26	43296-44116	48175-48994	4059	blaCTX-M-15	1
RefSeq_NZ_CP107189.1	IncFII	Gram-negative	IS26	48175-48994	51181-52000	2187	catB3,blaOXA-1,aac(6')-Ib-cr5	3
RefSeq_NZ_CP107293.1	IncFII	Gram-negative	IS26	1-757	4565-5384	3808	rmtB1,blaTEM-1	2
RefSeq_NZ_CP107293.1	IncFII	Gram-negative	IS26	4565-5384	6660-7479	1276	fosA3	1
RefSeq_NZ_CP107293.1	IncFII	Gram-negative	IS26	8464-9287	17442-18261	8155	sul2	1
RefSeq_NZ_CP107293.1	IncFII	Gram-negative	IS26	17442-18261	20809-21628	2548	dfrA14	1
RefSeq_NZ_CP107293.1	IncFII	Gram-negative	IS26	93161-93982	98007-98826	4025	blaCTX-M-65	1
RefSeq_NZ_CP107293.1	IncFII	Gram-negative	IS26	160976-161795	176892-177712	15097	blaKPC-2,blaSHV-12	2
RefSeq_NZ_CP107299.1	IncFII	Gram-negative	IS26	1-757	4565-5385	3808	blaTEM-1,rmtB1	2
RefSeq_NZ_CP107299.1	IncFII	Gram-negative	IS26	33121-33941	49038-49857	15097	blaSHV-12,blaKPC-2	2
RefSeq_NZ_CP107299.1	IncFII	Gram-negative	IS26	112254-113073	117098-117917	4025	blaCTX-M-65	1
RefSeq_NZ_CP107299.1	IncFII	Gram-negative	IS26	117098-117917	121942-122761	4025	blaCTX-M-65	1
RefSeq_NZ_CP107299.1	IncFII	Gram-negative	IS26	121942-122761	126786-127607	4025	blaCTX-M-65	1
RefSeq_NZ_CP107299.1	IncFII	Gram-negative	IS26	199140-199959	202507-203326	2548	dfrA14	1
RefSeq_NZ_CP107299.1	IncFII	Gram-negative	IS26	202507-203326	211481-212304	8155	sul2	1
RefSeq_NZ_CP107309.1	IncFII	Gram-negative	IS26	11592-12411	16338-17159	3927	blaKPC-2	1
RefSeq_NZ_CP107309.1	IncFII	Gram-negative	IS26	91069-91892	93281-94103	1389	catA2	1
RefSeq_NZ_CP107313.1	IncFII	Gram-negative	IS26	57482-58302	62110-62929	3808	rmtB1,blaTEM-1	2
RefSeq_NZ_CP107313.1	IncFII	Gram-negative	IS26	63914-64733	68758-69577	4025	blaCTX-M-65	1
RefSeq_NZ_CP107316.1	IncFII	Gram-negative	IS26	47455-48274	50822-51641	2548	dfrA14	1
RefSeq_NZ_CP107316.1	IncFII	Gram-negative	IS26	50822-51641	59796-60621	8155	sul2	1
RefSeq_NZ_CP107322.1	IncFII	Gram-negative	IS26	11214-12033	27130-27949	15097	blaKPC-2,blaSHV-12	2
RefSeq_NZ_CP107322.1	IncFII	Gram-negative	IS26	50738-51558	55366-56185	3808	rmtB1,blaTEM-1	2
RefSeq_NZ_CP107322.1	IncFII	Gram-negative	IS26	57170-57989	62014-62833	4025	blaCTX-M-65	1
RefSeq_NZ_CP107324.1	IncFII	Gram-negative	IS26	47455-48274	50999-51818	2725	dfrA14	1
RefSeq_NZ_CP107324.1	IncFII	Gram-negative	IS26	50999-51818	59973-60798	8155	sul2	1
RefSeq_NZ_CP107329.1	IncFII	Gram-negative	IS26	11214-12033	27130-27949	15097	blaKPC-2,blaSHV-12	2
RefSeq_NZ_CP107329.1	IncFII	Gram-negative	IS26	50738-51558	55366-56185	3808	rmtB1,blaTEM-1	2
RefSeq_NZ_CP107329.1	IncFII	Gram-negative	IS26	57170-57989	62014-62833	4025	blaCTX-M-65	1
RefSeq_NZ_CP107331.1	IncFII	Gram-negative	IS26	24620-25439	28164-28983	2725	dfrA14	1
RefSeq_NZ_CP107331.1	IncFII	Gram-negative	IS26	28164-28983	37138-37963	8155	sul2	1
RefSeq_NZ_CP107336.1	IncFII	Gram-negative	IS26	11214-12033	27130-27949	15097	blaKPC-2,blaSHV-12	2
RefSeq_NZ_CP107336.1	IncFII	Gram-negative	IS26	50738-51558	55366-56185	3808	rmtB1,blaTEM-1	2
RefSeq_NZ_CP107336.1	IncFII	Gram-negative	IS26	57170-57989	62014-62833	4025	blaCTX-M-65	1
RefSeq_NZ_CP107338.1	IncFII	Gram-negative	IS26	24620-25439	28164-28983	2725	dfrA14	1
RefSeq_NZ_CP107338.1	IncFII	Gram-negative	IS26	28164-28983	37138-37963	8155	sul2	1
RefSeq_NZ_CP107342.1	IncFII	Gram-negative	IS26	33528-34350	38277-39103	3927	blaKPC-2	1
RefSeq_NZ_CP107347.1	IncFII	Gram-negative	IS26	11214-12033	27130-27949	15097	blaKPC-2,blaSHV-12	2
RefSeq_NZ_CP107347.1	IncFII	Gram-negative	IS26	50738-51558	55366-56185	3808	rmtB1,blaTEM-1	2
RefSeq_NZ_CP107347.1	IncFII	Gram-negative	IS26	57170-57989	62014-62833	4025	blaCTX-M-65	1
RefSeq_NZ_CP107349.1	IncFII	Gram-negative	IS26	24620-25439	28164-28983	2725	dfrA14	1
RefSeq_NZ_CP107349.1	IncFII	Gram-negative	IS26	28164-28983	37138-37963	8155	sul2	1
RefSeq_NZ_CP107354.1	IncFII	Gram-negative	IS26	7622-8443	29472-30293	21029	qnrS1,blaCTX-M-3,blaTEM-1,floR,tet(A)	5
RefSeq_NZ_CP107354.1	IncFII	Gram-negative	IS26	29472-30293	46954-47774	16661	mph(A),mrx(A),sul1,qnrB91,sul1,aadA16,dfrA27,arr-3,aac(6')-Ib-cr5	9
RefSeq_NZ_CP107354.1	IncFII	Gram-negative	IS26	46954-47774	49110-49929	1336	aac(3)-IId	1
RefSeq_NZ_CP107354.1	IncFII	Gram-negative	IS26	49110-49929	50970-51789	1041	aph(3')-Ia	1
RefSeq_NZ_CP107354.1	IncFII	Gram-negative	IS26	50970-51789	56175-56996	4386	aph(6)-Id,aph(3'')-Ib,sul2	3
RefSeq_NZ_CP107360.1	IncFII	Gram-negative	IS26	56127-56947	60755-61574	3808	rmtB1,blaTEM-1	2
RefSeq_NZ_CP107360.1	IncFII	Gram-negative	IS26	62559-63378	67403-68222	4025	blaCTX-M-65	1
RefSeq_NZ_CP107360.1	IncFII	Gram-negative	IS26	67403-68222	72149-72975	3927	blaKPC-2	1
RefSeq_NZ_CP107368.1	IncFII	Gram-negative	IS26	73912-74735	76124-76946	1389	catA2	1
RefSeq_NZ_CP107374.1	IncFII	Gram-negative	IS26	11214-12033	27130-27949	15097	blaKPC-2,blaSHV-12	2
RefSeq_NZ_CP107374.1	IncFII	Gram-negative	IS26	50738-51558	55366-56185	3808	rmtB1,blaTEM-1	2
RefSeq_NZ_CP107374.1	IncFII	Gram-negative	IS26	57170-57989	62014-62833	4025	blaCTX-M-65	1
RefSeq_NZ_CP107376.1	IncFII	Gram-negative	IS26	47455-48274	50999-51818	2725	dfrA14	1
RefSeq_NZ_CP107376.1	IncFII	Gram-negative	IS26	50999-51818	59973-60798	8155	sul2	1
RefSeq_NZ_CP107380.1	IncFII	Gram-negative	IS26	55838-56658	60466-61285	3808	rmtB1,blaTEM-1	2
RefSeq_NZ_CP107380.1	IncFII	Gram-negative	IS26	62270-63089	67114-67933	4025	blaCTX-M-65	1
RefSeq_NZ_CP107380.1	IncFII	Gram-negative	IS26	67114-67933	71860-72679	3927	blaKPC-2	1
RefSeq_NZ_CP107385.1	IncFII	Gram-negative	IS26	11214-12033	27130-27949	15097	blaKPC-2,blaSHV-12	2
RefSeq_NZ_CP107385.1	IncFII	Gram-negative	IS26	50738-51558	55366-56185	3808	rmtB1,blaTEM-1	2
RefSeq_NZ_CP107385.1	IncFII	Gram-negative	IS26	57170-57989	62014-62833	4025	blaCTX-M-65	1
RefSeq_NZ_CP107387.1	IncFII	Gram-negative	IS26	47455-48274	50999-51818	2725	dfrA14	1
RefSeq_NZ_CP107387.1	IncFII	Gram-negative	IS26	50999-51818	59973-60798	8155	sul2	1
RefSeq_NZ_CP107391.1	IncFII	Gram-negative	IS26	55283-56103	58203-59023	2100	rmtB1,blaTEM	2
RefSeq_NZ_CP107391.1	IncFII	Gram-negative	IS26	62543-63362	67387-68206	4025	blaCTX-M-65	1
RefSeq_NZ_CP107391.1	IncFII	Gram-negative	IS26	67387-68206	72133-72959	3927	blaKPC-2	1
RefSeq_NZ_CP107395.1	IncFII	Gram-negative	IS26	55283-56103	59911-60730	3808	rmtB1,blaTEM-1	2
RefSeq_NZ_CP107395.1	IncFII	Gram-negative	IS26	61715-62534	66559-67378	4025	blaCTX-M-65	1
RefSeq_NZ_CP107395.1	IncFII	Gram-negative	IS26	66559-67378	71305-72124	3927	blaKPC-2	1
RefSeq_NZ_CP107399.1	IncFII	Gram-negative	IS1	2228-2995	37814-38526	34819	mph(A),mrx(A),sul1,aadA2,dfrA12,aph(3')-Ia	6
RefSeq_NZ_CP107399.1	IncFII	Gram-negative	IS26	11135-11955	24205-25024	12250	mph(A),mrx(A),sul1,aadA2,dfrA12	5
RefSeq_NZ_CP107399.1	IncFII	Gram-negative	IS26	24205-25024	26065-26800	1041	aph(3')-Ia	1
RefSeq_NZ_CP107404.1	IncFII	Gram-negative	IS26	55338-56158	59966-60785	3808	rmtB1,blaTEM-1	2
RefSeq_NZ_CP107404.1	IncFII	Gram-negative	IS26	61770-62589	66614-67433	4025	blaCTX-M-65	1
RefSeq_NZ_CP107404.1	IncFII	Gram-negative	IS26	66614-67433	71360-72179	3927	blaKPC-2	1
RefSeq_NZ_CP107409.1	IncFII	Gram-negative	IS26	11102-11921	15848-16669	3927	blaKPC-2	1
RefSeq_NZ_CP107409.1	IncFII	Gram-negative	IS26	90573-91396	92785-93607	1389	catA2	1
RefSeq_NZ_CP107413.1	IncFII	Gram-negative	IS1	2228-2995	37814-38526	34819	mph(A),mrx(A),sul1,aadA2,dfrA12,aph(3')-Ia	6
RefSeq_NZ_CP107413.1	IncFII	Gram-negative	IS26	11135-11955	24205-25024	12250	mph(A),mrx(A),sul1,aadA2,dfrA12	5
RefSeq_NZ_CP107413.1	IncFII	Gram-negative	IS26	24205-25024	26065-26800	1041	aph(3')-Ia	1
RefSeq_NZ_CP107419.1	IncFII	Gram-negative	IS1	2228-2995	37814-38526	34819	mph(A),mrx(A),sul1,aadA2,dfrA12,aph(3')-Ia	6
RefSeq_NZ_CP107419.1	IncFII	Gram-negative	IS26	11135-11955	24205-25024	12250	mph(A),mrx(A),sul1,aadA2,dfrA12	5
RefSeq_NZ_CP107419.1	IncFII	Gram-negative	IS26	24205-25024	26065-26800	1041	aph(3')-Ia	1
RefSeq_NZ_CP107427.1	IncFII	Gram-negative	IS1	2228-2995	37814-38526	34819	mph(A),mrx(A),sul1,aadA2,dfrA12,aph(3')-Ia	6
RefSeq_NZ_CP107427.1	IncFII	Gram-negative	IS26	11135-11955	24205-25024	12250	mph(A),mrx(A),sul1,aadA2,dfrA12	5
RefSeq_NZ_CP107427.1	IncFII	Gram-negative	IS26	24205-25024	26065-26800	1041	aph(3')-Ia	1
RefSeq_NZ_CP107428.1	IncFII	Gram-negative	IS26	55344-56164	59972-60791	3808	rmtB1,blaTEM-1	2
RefSeq_NZ_CP107428.1	IncFII	Gram-negative	IS26	61776-62595	66620-67439	4025	blaCTX-M-65	1
RefSeq_NZ_CP107428.1	IncFII	Gram-negative	IS26	66620-67439	71366-72185	3927	blaKPC-2	1
RefSeq_NZ_CP107433.1	IncN	Gram-negative	IS26	68702-69524	70913-71736	1389	catA2	1
RefSeq_NZ_CP107433.1	IncN	Gram-negative	IS26	90666-91487	95414-96233	3927	blaKPC-2	1
RefSeq_NZ_CP107433.1	IncN	Gram-negative	IS26	119149-119988	136852-137672	16864	dfrA14	1
RefSeq_NZ_CP107434.1	IncX1	Gram-negative	IS26	65475-66298	81069-81888	14771	floR,tet(A),aph(6)-Id,aph(3'')-Ib,sul2	5
RefSeq_NZ_CP107434.1	IncX1	Gram-negative	IS26	81069-81888	110767-111588	28879	aph(3')-IIa	1
RefSeq_NZ_CP107434.1	IncX1	Gram-negative	IS26	114372-115191	116635-117454	1444	rmtB1	1
RefSeq_NZ_CP107437.1	IncFII	Gram-negative	IS1	2228-2995	37811-38523	34816	mph(A),mrx(A),sul1,aadA2,dfrA12,aph(3')-Ia	6
RefSeq_NZ_CP107437.1	IncFII	Gram-negative	IS26	11135-11955	24202-25021	12247	mph(A),mrx(A),sul1,aadA2,dfrA12	5
RefSeq_NZ_CP107437.1	IncFII	Gram-negative	IS26	24202-25021	26062-26797	1041	aph(3')-Ia	1
RefSeq_NZ_CP107438.1	IncFII	Gram-negative	IS26	55338-56158	59966-60785	3808	rmtB1,blaTEM-1	2
RefSeq_NZ_CP107438.1	IncFII	Gram-negative	IS26	61770-62589	66614-67433	4025	blaCTX-M-65	1
RefSeq_NZ_CP107438.1	IncFII	Gram-negative	IS26	66614-67433	71360-72179	3927	blaKPC-2	1
RefSeq_NZ_CP107442.1	IncFII	Gram-negative	IS1	2228-2995	37814-38526	34819	mph(A),mrx(A),sul1,aadA2,dfrA12,aph(3')-Ia	6
RefSeq_NZ_CP107442.1	IncFII	Gram-negative	IS26	11135-11955	24205-25024	12250	mph(A),mrx(A),sul1,aadA2,dfrA12	5
RefSeq_NZ_CP107442.1	IncFII	Gram-negative	IS26	24205-25024	26065-26800	1041	aph(3')-Ia	1
RefSeq_NZ_CP107443.1	IncFII	Gram-negative	IS26	55344-56164	59972-60791	3808	rmtB1,blaTEM-1	2
RefSeq_NZ_CP107443.1	IncFII	Gram-negative	IS26	61776-62595	66620-67439	4025	blaCTX-M-65	1
RefSeq_NZ_CP107443.1	IncFII	Gram-negative	IS26	66620-67439	71366-72185	3927	blaKPC-2	1
RefSeq_NZ_CP107448.1	IncFII	Gram-negative	IS1	2228-2995	37814-38526	34819	mph(A),mrx(A),sul1,aadA2,dfrA12,aph(3')-Ia	6
RefSeq_NZ_CP107448.1	IncFII	Gram-negative	IS26	11135-11955	24205-25024	12250	mph(A),mrx(A),sul1,aadA2,dfrA12	5
RefSeq_NZ_CP107448.1	IncFII	Gram-negative	IS26	24205-25024	26065-26800	1041	aph(3')-Ia	1
RefSeq_NZ_CP107449.1	IncFII	Gram-negative	IS26	55338-56158	59966-60785	3808	rmtB1,blaTEM-1	2
RefSeq_NZ_CP107449.1	IncFII	Gram-negative	IS26	61770-62589	66614-67433	4025	blaCTX-M-65	1
RefSeq_NZ_CP107449.1	IncFII	Gram-negative	IS26	66614-67433	71360-72179	3927	blaKPC-2	1
RefSeq_NZ_CP107453.1	IncFII	Gram-negative	IS26	152671-153490	160218-161037	6728	dfrA14	1
RefSeq_NZ_CP107453.1	IncFII	Gram-negative	IS26	160218-161037	166419-167238	5382	blaCTX-M-15	1
RefSeq_NZ_CP107453.1	IncFII	Gram-negative	IS26	166419-167238	169838-170659	2600	aac(3)-IIe	1
RefSeq_NZ_CP107454.1	IncFII	Gram-negative	IS26	8194-8858	12785-13604	3927	blaKPC-2	1
RefSeq_NZ_CP107454.1	IncFII	Gram-negative	IS26	12785-13604	14993-15815	1389	catA2	1
RefSeq_NZ_CP107454.1	IncFII	Gram-negative	IS26	37523-38342	42367-43186	4025	blaCTX-M-65	1
RefSeq_NZ_CP107459.1	IncFII	Gram-negative	IS1	2228-2995	37814-38526	34819	mph(A),mrx(A),sul1,aadA2,dfrA12,aph(3')-Ia	6
RefSeq_NZ_CP107459.1	IncFII	Gram-negative	IS26	11135-11955	24205-25024	12250	mph(A),mrx(A),sul1,aadA2,dfrA12	5
RefSeq_NZ_CP107459.1	IncFII	Gram-negative	IS26	24205-25024	26065-26800	1041	aph(3')-Ia	1
RefSeq_NZ_CP107460.1	IncFII	Gram-negative	IS26	55338-56158	59966-60785	3808	rmtB1,blaTEM-1	2
RefSeq_NZ_CP107460.1	IncFII	Gram-negative	IS26	61770-62589	66614-67433	4025	blaCTX-M-65	1
RefSeq_NZ_CP107460.1	IncFII	Gram-negative	IS26	66614-67433	71360-72179	3927	blaKPC-2	1
RefSeq_NZ_CP107464.1	IncFII	Gram-negative	IS26	2549-3369	11839-12658	8470	blaKPC-2	1
RefSeq_NZ_CP107464.1	IncFII	Gram-negative	IS26	11839-12658	19188-20007	6530	blaSHV-12	1
RefSeq_NZ_CP107464.1	IncFII	Gram-negative	IS26	19188-20007	24032-24851	4025	blaCTX-M-65	1
RefSeq_NZ_CP107464.1	IncFII	Gram-negative	IS26	24032-24851	26127-26946	1276	fosA3	1
RefSeq_NZ_CP107464.1	IncFII	Gram-negative	IS26	27931-28750	32558-33378	3808	blaTEM-1,rmtB1	2
RefSeq_NZ_CP107469.1	IncFII	Gram-negative	IS1	2228-2995	37814-38526	34819	mph(A),mrx(A),sul1,aadA2,dfrA12,aph(3')-Ia	6
RefSeq_NZ_CP107469.1	IncFII	Gram-negative	IS26	11135-11955	24205-25024	12250	mph(A),mrx(A),sul1,aadA2,dfrA12	5
RefSeq_NZ_CP107469.1	IncFII	Gram-negative	IS26	24205-25024	26065-26800	1041	aph(3')-Ia	1
RefSeq_NZ_CP107470.1	IncFII	Gram-negative	IS26	55338-56158	59966-60785	3808	rmtB1,blaTEM-1	2
RefSeq_NZ_CP107470.1	IncFII	Gram-negative	IS26	61770-62589	66614-67433	4025	blaCTX-M-65	1
RefSeq_NZ_CP107470.1	IncFII	Gram-negative	IS26	66614-67433	71360-72179	3927	blaKPC-2	1
RefSeq_NZ_CP107474.1	IncFII	Gram-negative	IS1	2228-2995	37812-38524	34817	mph(A),mrx(A),sul1,aadA8,dfrA12,aph(3')-Ia	6
RefSeq_NZ_CP107474.1	IncFII	Gram-negative	IS26	11135-11955	24204-25023	12249	mph(A),mrx(A),sul1,aadA8,dfrA12	5
RefSeq_NZ_CP107474.1	IncFII	Gram-negative	IS26	24204-25023	26064-26799	1041	aph(3')-Ia	1
RefSeq_NZ_CP107475.1	IncFII	Gram-negative	IS26	55344-56164	59972-60791	3808	rmtB1,blaTEM-1	2
RefSeq_NZ_CP107475.1	IncFII	Gram-negative	IS26	61776-62595	66620-67439	4025	blaCTX-M-65	1
RefSeq_NZ_CP107475.1	IncFII	Gram-negative	IS26	66620-67439	71366-72185	3927	blaKPC-2	1
RefSeq_NZ_CP107479.1	IncFII	Gram-negative	IS1	2228-2995	37814-38526	34819	mph(A),mrx(A),sul1,aadA2,dfrA12,aph(3')-Ia	6
RefSeq_NZ_CP107479.1	IncFII	Gram-negative	IS26	11135-11955	24205-25024	12250	mph(A),mrx(A),sul1,aadA2,dfrA12	5
RefSeq_NZ_CP107479.1	IncFII	Gram-negative	IS26	24205-25024	26065-26800	1041	aph(3')-Ia	1
RefSeq_NZ_CP107480.1	IncFII	Gram-negative	IS26	55344-56164	59972-60791	3808	rmtB1,blaTEM-1	2
RefSeq_NZ_CP107480.1	IncFII	Gram-negative	IS26	61776-62595	66620-67439	4025	blaCTX-M-65	1
RefSeq_NZ_CP107480.1	IncFII	Gram-negative	IS26	66620-67439	71366-72185	3927	blaKPC-2	1
RefSeq_NZ_CP107484.1	IncFII	Gram-negative	IS1	2228-2995	37814-38526	34819	mph(A),mrx(A),sul1,aadA2,dfrA12,aph(3')-Ia	6
RefSeq_NZ_CP107484.1	IncFII	Gram-negative	IS26	11135-11955	24205-25024	12250	mph(A),mrx(A),sul1,aadA2,dfrA12	5
RefSeq_NZ_CP107484.1	IncFII	Gram-negative	IS26	24205-25024	26065-26800	1041	aph(3')-Ia	1
RefSeq_NZ_CP107485.1	IncFII	Gram-negative	IS26	55338-56158	59966-60785	3808	rmtB1,blaTEM-1	2
RefSeq_NZ_CP107485.1	IncFII	Gram-negative	IS26	61770-62589	66614-67433	4025	blaCTX-M-65	1
RefSeq_NZ_CP107485.1	IncFII	Gram-negative	IS26	66614-67433	71360-72179	3927	blaKPC-2	1
RefSeq_NZ_CP107489.1	IncFII	Gram-negative	IS1	2228-2995	37814-38526	34819	mph(A),mrx(A),sul1,aadA2,dfrA12,aph(3')-Ia	6
RefSeq_NZ_CP107489.1	IncFII	Gram-negative	IS26	11135-11955	24205-25024	12250	mph(A),mrx(A),sul1,aadA2,dfrA12	5
RefSeq_NZ_CP107489.1	IncFII	Gram-negative	IS26	24205-25024	26065-26800	1041	aph(3')-Ia	1
RefSeq_NZ_CP107490.1	IncFII	Gram-negative	IS26	55344-56164	59972-60791	3808	rmtB1,blaTEM-1	2
RefSeq_NZ_CP107490.1	IncFII	Gram-negative	IS26	61776-62595	66620-67439	4025	blaCTX-M-65	1
RefSeq_NZ_CP107490.1	IncFII	Gram-negative	IS26	66620-67439	71366-72185	3927	blaKPC-2	1
RefSeq_NZ_CP107494.1	IncFII	Gram-negative	IS1	2228-2995	37814-38526	34819	mph(A),mrx(A),sul1,aadA2,dfrA12,aph(3')-Ia	6
RefSeq_NZ_CP107494.1	IncFII	Gram-negative	IS26	11135-11955	24205-25024	12250	mph(A),mrx(A),sul1,aadA2,dfrA12	5
RefSeq_NZ_CP107494.1	IncFII	Gram-negative	IS26	24205-25024	26065-26800	1041	aph(3')-Ia	1
RefSeq_NZ_CP107495.1	IncFII	Gram-negative	IS26	55344-56164	59972-60791	3808	rmtB1,blaTEM-1	2
RefSeq_NZ_CP107495.1	IncFII	Gram-negative	IS26	61776-62595	66620-67439	4025	blaCTX-M-65	1
RefSeq_NZ_CP107495.1	IncFII	Gram-negative	IS26	66620-67439	71366-72185	3927	blaKPC-2	1
RefSeq_NZ_CP107499.1	IncFII	Gram-negative	IS1	2228-2995	37814-38526	34819	mph(A),mrx(A),sul1,aadA2,dfrA12,aph(3')-Ia	6
RefSeq_NZ_CP107499.1	IncFII	Gram-negative	IS26	11135-11955	24205-25024	12250	mph(A),mrx(A),sul1,aadA2,dfrA12	5
RefSeq_NZ_CP107499.1	IncFII	Gram-negative	IS26	24205-25024	26065-26800	1041	aph(3')-Ia	1
RefSeq_NZ_CP107500.1	IncFII	Gram-negative	IS26	55344-56164	59972-60791	3808	rmtB1,blaTEM-1	2
RefSeq_NZ_CP107500.1	IncFII	Gram-negative	IS26	61776-62595	66620-67439	4025	blaCTX-M-65	1
RefSeq_NZ_CP107500.1	IncFII	Gram-negative	IS26	66620-67439	71366-72185	3927	blaKPC-2	1
RefSeq_NZ_CP107504.1	IncFII	Gram-negative	IS1	2228-2995	37814-38526	34819	mph(A),mrx(A),sul1,aadA2,dfrA12,aph(3')-Ia	6
RefSeq_NZ_CP107504.1	IncFII	Gram-negative	IS26	11135-11955	24205-25024	12250	mph(A),mrx(A),sul1,aadA2,dfrA12	5
RefSeq_NZ_CP107504.1	IncFII	Gram-negative	IS26	24205-25024	26065-26800	1041	aph(3')-Ia	1
RefSeq_NZ_CP107505.1	IncFII	Gram-negative	IS26	55338-56158	59966-60785	3808	rmtB1,blaTEM-1	2
RefSeq_NZ_CP107505.1	IncFII	Gram-negative	IS26	61770-62589	66614-67433	4025	blaCTX-M-65	1
RefSeq_NZ_CP107505.1	IncFII	Gram-negative	IS26	66614-67433	71360-72186	3927	blaKPC-2	1
RefSeq_NZ_CP107509.1	IncFII	Gram-negative	IS1	2228-2995	37814-38526	34819	mph(A),mrx(A),sul1,aadA2,dfrA12,aph(3')-Ia	6
RefSeq_NZ_CP107509.1	IncFII	Gram-negative	IS26	11135-11955	24205-25024	12250	mph(A),mrx(A),sul1,aadA2,dfrA12	5
RefSeq_NZ_CP107509.1	IncFII	Gram-negative	IS26	24205-25024	26065-26800	1041	aph(3')-Ia	1
RefSeq_NZ_CP107510.1	IncFII	Gram-negative	IS26	55344-56164	59972-60791	3808	rmtB1,blaTEM-1	2
RefSeq_NZ_CP107510.1	IncFII	Gram-negative	IS26	61776-62595	66620-67439	4025	blaCTX-M-65	1
RefSeq_NZ_CP107510.1	IncFII	Gram-negative	IS26	66620-67439	71366-72185	3927	blaKPC-2	1
RefSeq_NZ_CP107514.1	IncFII	Gram-negative	IS1	2228-2995	37814-38526	34819	mph(A),mrx(A),sul1,aadA2,dfrA12,aph(3')-Ia	6
RefSeq_NZ_CP107514.1	IncFII	Gram-negative	IS26	11135-11955	24205-25024	12250	mph(A),mrx(A),sul1,aadA2,dfrA12	5
RefSeq_NZ_CP107514.1	IncFII	Gram-negative	IS26	24205-25024	26065-26884	1041	aph(3')-Ia	1
RefSeq_NZ_CP107515.1	IncFII	Gram-negative	IS26	55338-56158	59966-60785	3808	rmtB1,blaTEM-1	2
RefSeq_NZ_CP107515.1	IncFII	Gram-negative	IS26	61770-62589	66614-67433	4025	blaCTX-M-65	1
RefSeq_NZ_CP107515.1	IncFII	Gram-negative	IS26	66614-67433	71360-72179	3927	blaKPC-2	1
RefSeq_NZ_CP107519.1	IncFII	Gram-negative	IS1	2228-2995	37814-38526	34819	mph(A),mrx(A),sul1,aadA2,dfrA12,aph(3')-Ia	6
RefSeq_NZ_CP107519.1	IncFII	Gram-negative	IS26	11135-11955	24205-25024	12250	mph(A),mrx(A),sul1,aadA2,dfrA12	5
RefSeq_NZ_CP107519.1	IncFII	Gram-negative	IS26	24205-25024	26065-26800	1041	aph(3')-Ia	1
RefSeq_NZ_CP107520.1	IncFII	Gram-negative	IS26	55344-56164	59972-60791	3808	rmtB1,blaTEM-1	2
RefSeq_NZ_CP107520.1	IncFII	Gram-negative	IS26	61776-62595	66620-67439	4025	blaCTX-M-65	1
RefSeq_NZ_CP107520.1	IncFII	Gram-negative	IS26	66620-67439	71366-72185	3927	blaKPC-2	1
RefSeq_NZ_CP109678.1	IncFII	Gram-negative	IS26	90319-91138	107464-108285	16326	blaIMP-8,aac(6')-Ib,catB3,sul1,qnrB2,sul1,mrx(A),mph(A)	8
RefSeq_NZ_CP109774.1	IncFII	Gram-negative	IS26	19396-20215	30749-31570	10534	floR,sul2	2
RefSeq_NZ_CP109774.1	IncFII	Gram-negative	IS26	30749-31570	38391-39208	6821	dfrA12,aadA2,bleO	3
RefSeq_NZ_CP109875.1	IncFII	Gram-negative	IS26	32949-33768	43671-44491	9903	dfrA17,aadA5,sul1,mrx(A),mph(A)	5
RefSeq_NZ_CP109875.1	IncFII	Gram-negative	IS26	43671-44491	61563-62382	17072	tet(B)	1
RefSeq_NZ_CP109875.1	IncFII	Gram-negative	IS1	44883-45650	49706-50473	4056	tet(B)	1
RefSeq_NZ_CP109951.1	IncFII	Gram-negative	IS26	62632-63451	66176-66995	2725	dfrA14	1
RefSeq_NZ_CP109951.1	IncFII	Gram-negative	IS26	66176-66995	75150-75975	8155	sul2	1
RefSeq_NZ_CP109975.1	IncFII	Gram-negative	IS26	4393-5212	9237-10056	4025	blaCTX-M-65	1
RefSeq_NZ_CP109975.1	IncFII	Gram-negative	IS26	11041-11860	15668-16488	3808	blaTEM-1,rmtB1	2
RefSeq_NZ_CP109975.1	IncFII	Gram-negative	IS26	39283-40102	71752-72573	31650	blaSHV-12,tet(A),tet(A),tet(A),tet(A),tet(A)	6
RefSeq_NZ_CP109975.1	IncFII	Gram-negative	IS26	71752-72573	73973-74796	1400	catA2	1
RefSeq_NZ_CP109975.1	IncFII	Gram-negative	IS26	73973-74796	82951-83770	8155	sul2	1
RefSeq_NZ_CP109976.1	IncFII	Gram-negative	IS26	66722-67543	68943-69766	1400	catA2	1
RefSeq_NZ_CP109976.1	IncFII	Gram-negative	IS26	68943-69766	77921-78740	8155	sul2	1
RefSeq_NZ_CP110118.1	IncFII	Gram-negative	IS26	19086-19906	27967-28786	8061	mph(A),mrx(A),blaTEM-1,rmtB1	4
RefSeq_NZ_CP110118.1	IncFII	Gram-negative	IS26	27967-28786	38513-39336	9727	blaNDM-6,ble,sul1,aadA2,dfrA12	5
RefSeq_NZ_CP110124.1	IncX1	Gram-negative	IS26	17158-17977	20247-21066	2270	aadA2	1
RefSeq_NZ_CP110144.1	IncFII	Gram-negative	IS26	129954-130774	145027-145819	14253	sul2,aph(3'')-Ib,aph(6)-Id,blaTEM-1,blaCTX-M-3	5
RefSeq_NZ_CP110144.1	IncFII	Gram-negative	IS26	145027-145819	152547-153366	6728	dfrA14	1
RefSeq_NZ_CP110144.1	IncFII	Gram-negative	IS26	152547-153366	155966-156786	2600	aac(3)-IIe	1
RefSeq_NZ_CP110144.1	IncFII	Gram-negative	IS26	155966-156786	158973-159792	2187	aac(6')-Ib-cr5,blaOXA-1,catB3	3
RefSeq_NZ_CP110144.1	IncFII	Gram-negative	IS26	158973-159792	173200-174019	13408	tet(A),qnrB1	2
RefSeq_NZ_CP110156.1	IncX1	Gram-negative	IS26	5522-6345	17632-18452	11287	floR	1
RefSeq_NZ_CP110169.1	IncFII	Gram-negative	IS26	24632-25453	27806-28625	2353	aac(6')-Ib-cr5	1
RefSeq_NZ_CP110169.1	IncFII	Gram-negative	IS26	27806-28625	38324-39144	9699	floR,tet(A)	2
RefSeq_NZ_CP110169.1	IncFII	Gram-negative	IS26	38324-39144	49592-50411	10448	mph(A),mrx(A),sul1,aadA16,dfrA27,arr-3,aac(6')-Ib-cr5	7
RefSeq_NZ_CP110169.1	IncFII	Gram-negative	IS26	49592-50411	62540-63361	12129	blaTEM-1,blaCTX-M-3,qnrS1	3
RefSeq_NZ_CP110171.1	IncFII	Gram-negative	IS26	54152-54973	59359-60178	4386	sul2,aph(3'')-Ib,aph(6)-Id	3
RefSeq_NZ_CP110171.1	IncFII	Gram-negative	IS26	59359-60178	61219-62038	1041	aph(3')-Ia	1
RefSeq_NZ_CP110171.1	IncFII	Gram-negative	IS26	61219-62038	63374-64193	1336	aac(3)-IId	1
RefSeq_NZ_CP110171.1	IncFII	Gram-negative	IS26	64364-65184	71446-72265	6262	floR	1
RefSeq_NZ_CP110171.1	IncFII	Gram-negative	IS26	71446-72265	90464-91284	18199	aac(6')-Ib-cr5,arr-3,dfrA27,aadA16,sul1,qnrB52,sul1,mrx(A),mph(A)	9
RefSeq_NZ_CP110171.1	IncFII	Gram-negative	IS26	90464-91284	101105-101924	9821	tet(A),bleO	2
RefSeq_NZ_CP110525.1	IncN	Gram-negative	IS26	97349-98168	99342-100168	1174	aph(3')-Ia	1
RefSeq_NZ_CP110525.1	IncN	Gram-negative	IS26	110356-111179	129139-129960	17960	tet(X4),floR	2
RefSeq_NZ_CP110525.1	IncN	Gram-negative	IS26	146035-146854	153671-154491	6817	tet(M)	1
RefSeq_NZ_CP110525.1	IncN	Gram-negative	IS26	153671-154491	158037-158857	3546	aac(3)-IId	1
RefSeq_NZ_CP110525.1	IncN	Gram-negative	IS26	158037-158857	164935-165754	6078	dfrA5,sul1	2
RefSeq_NZ_CP110778.1	IncFII	Gram-negative	IS26	21729-22548	51195-52014	28647	blaOXA,blaTEM-1	2
RefSeq_NZ_CP110778.1	IncFII	Gram-negative	IS26	69754-70573	80280-81101	9707	mph(E),msr(E),armA	3
RefSeq_NZ_CP110815.1	IncX1	Gram-negative	IS26	31114-31937	36063-36883	4126	mrx(A),mph(A)	2
RefSeq_NZ_CP110815.1	IncX1	Gram-negative	IS26	36063-36883	39719-40538	2836	blaTEM-1,rmtB1	2
RefSeq_NZ_CP110815.1	IncX1	Gram-negative	IS26	41131-41950	56531-57352	14581	aph(3')-IIa	1
RefSeq_NZ_CP110815.1	IncX1	Gram-negative	IS26	89577-90398	102856-103681	12458	sul2,aph(3'')-Ib,aph(6)-Id,tet(A),floR	5
RefSeq_NZ_CP110815.1	IncX1	Gram-negative	IS26	102856-103681	105860-106680	2179	blaCTX-M-55	1
RefSeq_NZ_CP110817.1	IncX1	Gram-negative	IS26	24691-25512	37970-38791	12458	sul2,aph(3'')-Ib,aph(6)-Id,tet(A),floR	5
RefSeq_NZ_CP110817.1	IncX1	Gram-negative	IS26	37970-38791	53372-54193	14581	aph(3')-IIa	1
RefSeq_NZ_CP110817.1	IncX1	Gram-negative	IS26	54543-55364	92832-93655	37468	dfrA12,aadA2	2
RefSeq_NZ_CP110817.1	IncX1	Gram-negative	IS26	92832-93655	97782-98602	4127	mrx(A),mph(A)	2
RefSeq_NZ_CP110817.1	IncX1	Gram-negative	IS26	97782-98602	101438-102257	2836	blaTEM-1,rmtB1	2
RefSeq_NZ_CP110817.1	IncX1	Gram-negative	IS26	101438-102257	105025-105845	2768	blaCTX-M-55	1
RefSeq_NZ_CP110938.1	IncFII	Gram-negative	IS1	64759-65471	95280-96047	29809	aph(3')-Ia,mph(A),mrx(A),sul1,aadA2,dfrA12,catA1	7
RefSeq_NZ_CP110938.1	IncFII	Gram-negative	IS26	75074-75893	76934-77754	1041	aph(3')-Ia	1
RefSeq_NZ_CP110942.1	IncFII	Gram-negative	IS1	64763-65475	95284-96051	29809	aph(3')-Ia,mph(A),mrx(A),sul1,aadA2,dfrA12,catA1	7
RefSeq_NZ_CP110942.1	IncFII	Gram-negative	IS26	75078-75897	76938-77758	1041	aph(3')-Ia	1
RefSeq_NZ_CP110943.1	IncFII	Gram-negative	IS26	50841-51660	54245-55067	2585	blaOXA,aac(6')-Ib	2
RefSeq_NZ_CP110948.1	IncFII	Gram-negative	IS1	64500-65212	93714-94481	28502	aph(3')-Ia,mph(A),mrx(A),sul1,aadA2,dfrA12,catA1	7
RefSeq_NZ_CP110948.1	IncFII	Gram-negative	IS26	74899-75634	76675-77495	1041	aph(3')-Ia	1
RefSeq_NZ_CP110949.1	IncFII	Gram-negative	IS26	31394-32204	73669-74488	41465	blaKPC-3,blaKPC-3	2
RefSeq_NZ_CP110953.1	IncFII	Gram-negative	IS26	27717-28536	70118-70937	41582	blaKPC-3,blaKPC-3	2
RefSeq_NZ_CP110958.1	IncFII	Gram-negative	IS1	64500-65212	93714-94481	28502	aph(3')-Ia,mph(A),mrx(A),sul1,aadA2,dfrA12,catA1	7
RefSeq_NZ_CP110958.1	IncFII	Gram-negative	IS26	74899-75634	76675-77495	1041	aph(3')-Ia	1
RefSeq_NZ_CP110959.1	IncFII	Gram-negative	IS26	27717-28536	70118-70937	41582	blaKPC-3,blaKPC-3	2
RefSeq_NZ_CP110963.1	IncFII	Gram-negative	IS1	64500-65212	93714-94481	28502	aph(3')-Ia,mph(A),mrx(A),sul1,aadA2,dfrA12,catA1	7
RefSeq_NZ_CP110963.1	IncFII	Gram-negative	IS26	74899-75634	76675-77495	1041	aph(3')-Ia	1
RefSeq_NZ_CP110964.1	IncFII	Gram-negative	IS26	31019-31838	72935-73720	41097	blaKPC-3,blaKPC-3	2
RefSeq_NZ_CP110980.1	IncX1	Gram-negative	IS26	6613-7432	9865-10684	2433	aadA2	1
RefSeq_NZ_CP110998.1	IncFII	Gram-negative	IS26	14109-14932	33936-34757	19004	floR,tet(A),dfrA12,aadA2,cmlA1,aadA1	6
RefSeq_NZ_CP110998.1	IncFII	Gram-negative	IS26	33936-34757	38907-39726	4150	aac(3)-IId	1
RefSeq_NZ_CP110998.1	IncFII	Gram-negative	IS26	38907-39726	51570-52389	11844	qnrS1,blaTEM-1,sul3	3
RefSeq_NZ_CP110998.1	IncFII	Gram-negative	IS26	51570-52389	59097-59916	6708	ble,blaNDM-5	2
RefSeq_NZ_CP110998.1	IncFII	Gram-negative	IS26	59097-59916	66721-67540	6805	aadA22	1
RefSeq_NZ_CP110998.1	IncFII	Gram-negative	IS1	63408-64175	78232-78999	14057	aadA22	1
RefSeq_NZ_CP111001.1	IncN	Gram-negative	IS26	8752-9571	58215-59035	48644	dfrA14	1
RefSeq_NZ_CP111010.1	IncN	Gram-negative	IS26	8752-9571	58215-59035	48644	dfrA14	1
RefSeq_NZ_CP113180.1	IncFII	Gram-negative	IS26	23847-24669	29057-29876	4388	sul2,aph(3'')-Ib,aph(6)-Id	3
RefSeq_NZ_CP113180.1	IncFII	Gram-negative	IS26	29057-29876	30917-31736	1041	aph(3')-Ia	1
RefSeq_NZ_CP113180.1	IncFII	Gram-negative	IS26	30917-31736	33490-34310	1754	aac(3)-IId	1
RefSeq_NZ_CP113180.1	IncFII	Gram-negative	IS26	35630-36488	47758-48577	11270	qnrS1,blaCTX-M-3	2
RefSeq_NZ_CP113180.1	IncFII	Gram-negative	IS26	47758-48577	56440-57260	7863	aac(6')-Ib-cr5,arr-3,dfrA27,aadA16,sul1,mph(A)	6
RefSeq_NZ_CP113180.1	IncFII	Gram-negative	IS26	56440-57260	67501-68320	10241	tet(A),floR,blaTEM-1	3
RefSeq_NZ_CP113188.1	IncFII	Gram-negative	IS26	6428-7247	10088-10907	2841	blaTEM-1,rmtB1	2
RefSeq_NZ_CP113188.1	IncFII	Gram-negative	IS26	10088-10907	12769-13591	1862	rmtB1	1
RefSeq_NZ_CP113189.1	IncFII	Gram-negative	IS26	25182-26001	35229-36049	9228	bleO,floR,tet(A)	3
RefSeq_NZ_CP113189.1	IncFII	Gram-negative	IS26	35229-36049	52710-53530	16661	mph(A),mrx(A),sul1,qnrB91,sul1,aadA16,dfrA27,arr-3,aac(6')-Ib-cr5	9
RefSeq_NZ_CP113193.1	IncX1	Gram-negative	IS26	130942-131761	138524-139343	6763	aac(3)-IVa,aph(4)-Ia	2
RefSeq_NZ_CP113193.1	IncX1	Gram-negative	IS26	138524-139343	152323-153142	12980	aph(6)-Id,aph(3'')-Ib,toprJ1,tmexD,tmexC	5
RefSeq_NZ_CP113193.1	IncX1	Gram-negative	IS26	152323-153142	154207-155028	1065	aph(3')-Ia	1
RefSeq_NZ_CP113193.1	IncX1	Gram-negative	IS26	154207-155028	171968-172806	16940	mph(E),msr(E),armA,sul1,aadA2,dfrA12	6
RefSeq_NZ_CP113193.1	IncX1	Gram-negative	IS26	171968-172806	187193-188013	14387	aph(3')-IIa	1
RefSeq_NZ_CP113193.1	IncX1	Gram-negative	IS26	187193-188013	192152-192971	4139	mph(A),mrx(A)	2
RefSeq_NZ_CP113193.1	IncX1	Gram-negative	IS26	212105-212926	215422-216242	2496	fosA3	1
RefSeq_NZ_CP113193.1	IncX1	Gram-negative	IS26	216417-217238	229914-230737	12676	sul2,aph(3'')-Ib,aph(6)-Id,tet(A),floR	5
RefSeq_NZ_CP113199.1	IncX1	Gram-negative	IS26	3302-4121	17458-18277	13337	aph(3')-IIa	1
RefSeq_NZ_CP113201.1	IncFII	Gram-negative	IS26	4682-5505	14592-15415	9087	blaTEM-1,tet(A),floR	3
RefSeq_NZ_CP113204.1	IncFII	Gram-negative	IS26	98520-99340	107658-108481	8318	sul1,aadA2,estX	3
RefSeq_NZ_CP113204.1	IncFII	Gram-negative	IS26	107658-108481	117568-118391	9087	blaTEM-1,tet(A),floR	3
RefSeq_NZ_CP113206.1	IncX1	Gram-negative	IS26	3302-4121	17458-18277	13337	aph(3')-IIa	1
RefSeq_NZ_CP113213.1	IncFII	Gram-negative	IS26	98524-99344	107662-108485	8318	sul1,aadA2,estX-3	3
RefSeq_NZ_CP113213.1	IncFII	Gram-negative	IS26	107662-108485	117572-118395	9087	blaTEM-1,tet(A),floR	3
RefSeq_NZ_CP113213.1	IncFII	Gram-negative	IS26	117572-118395	119348-120153	953	aph(3')-Ia	1
RefSeq_NZ_CP113218.1	IncFII	Gram-negative	IS26	108348-109167	112681-113501	3514	tet(D)	1
RefSeq_NZ_CP113218.1	IncFII	Gram-negative	IS26	112681-113501	131151-131970	17650	mph(A),mrx(A),sul1,qnrB91,sul1,arr-3,catB3,blaOXA-1,aac(6')-Ib-cr5	9
RefSeq_NZ_CP113218.1	IncFII	Gram-negative	IS26	131151-131970	162421-163241	30451	aac(3)-IVa,aph(4)-Ia,sul2,floR,estX-3,aadA2,cmlA1,aadA1,sul3	9
RefSeq_NZ_CP113218.1	IncFII	Gram-negative	IS26	162421-163241	164282-165101	1041	aph(3')-Ia	1
RefSeq_NZ_CP113218.1	IncFII	Gram-negative	IS26	164282-165101	166920-167756	1819	dfrA12	1
RefSeq_NZ_CP113218.1	IncFII	Gram-negative	IS26	166920-167756	171998-172818	4242	sul1	1
RefSeq_NZ_CP113218.1	IncFII	Gram-negative	IS26	171998-172818	174340-175075	1522	bleO	1
RefSeq_NZ_CP113792.1	IncFII	Gram-negative	IS26	4913-5732	10706-11525	4974	blaTEM-1,tet(D)	2
RefSeq_NZ_CP113792.1	IncFII	Gram-negative	IS26	12767-13595	16577-17397	2982	dfrA5	1
RefSeq_NZ_CP113905.1	IncFII	Gram-negative	IS26	9330-10149	18158-18977	8009	qnrB1	1
RefSeq_NZ_CP113905.1	IncFII	Gram-negative	IS26	18158-18977	21164-21984	2187	aac(6')-Ib-cr5,blaOXA-1,catB3	3
RefSeq_NZ_CP113905.1	IncFII	Gram-negative	IS26	21164-21984	24584-25403	2600	aac(3)-IIe	1
RefSeq_NZ_CP113905.1	IncFII	Gram-negative	IS26	24584-25403	32131-32923	6728	dfrA14	1
RefSeq_NZ_CP113905.1	IncFII	Gram-negative	IS26	32131-32923	47176-47996	14253	blaCTX-M-15,blaTEM-1,aph(6)-Id,aph(3'')-Ib,sul2	5
RefSeq_NZ_CP114378.1	IncN	Gram-negative	IS26	22919-23738	31395-32233	7657	blaSHV-2A	1
RefSeq_NZ_CP114793.1	IncX1	Gram-negative	IS26	9374-10194	11919-12739	1725	qnrS2	1
RefSeq_NZ_CP114793.1	IncX1	Gram-negative	IS26	11919-12739	18654-19473	5915	floR	1
RefSeq_NZ_CP114854.1	IncFII	Gram-negative	IS26	194587-195407	208782-209601	13375	sul2,aph(3'')-Ib,aph(6)-Id,blaTEM-1,blaCTX-M-15	5
RefSeq_NZ_CP114854.1	IncFII	Gram-negative	IS26	208782-209601	223009-223828	13408	qnrB1,tet(A)	2
RefSeq_NZ_CP114854.1	IncFII	Gram-negative	IS26	223009-223828	226428-227250	2600	aac(3)-IIe	1
RefSeq_NZ_CP114854.1	IncFII	Gram-negative	IS26	226428-227250	239967-240759	12717	dfrA14	1
RefSeq_NZ_CP114987.1	IncFII	Gram-negative	IS26	4393-5212	9996-10816	4784	blaTEM-1,rmtB1	2
RefSeq_NZ_CP115012.1	IncFII	Gram-negative	IS26	2752-3571	6148-6967	2577	aadA2,lnu(F)	2
RefSeq_NZ_CP115018.1	IncFII	Gram-negative	IS26	24031-24850	27427-28246	2577	lnu(F),aadA2	2
RefSeq_NZ_CP115018.1	IncFII	Gram-negative	IS26	27427-28246	34047-34866	5801	qnrS1	1
RefSeq_NZ_CP115315.1	IncN	Gram-negative	IS26	2646-3465	8909-9731	5444	qnrS1	1
RefSeq_NZ_CP115321.1	IncFII	Gram-negative	IS26	39984-40808	50686-51507	9878	dfrA17,aadA5,sul1,mrx(A),mph(A)	5
RefSeq_NZ_CP115321.1	IncFII	Gram-negative	IS26	50686-51507	58164-58983	6657	sul2,aph(3'')-Ib,aph(6)-Id,tet(A)	4
RefSeq_NZ_CP115321.1	IncFII	Gram-negative	IS26	58164-58983	62823-63642	3840	blaCTX-M-27	1
RefSeq_NZ_CP115331.1	IncFII	Gram-negative	IS26	41325-42144	52110-52931	9966	dfrA17,aadA5,sul1,mrx(A),mph(A)	5
RefSeq_NZ_CP115331.1	IncFII	Gram-negative	IS26	52110-52931	58443-59264	5512	sul2,aph(3'')-Ib,aph(6)-Id,tet(A)	4
RefSeq_NZ_CP115331.1	IncFII	Gram-negative	IS26	62855-63675	67501-68320	3826	blaCTX-M-27	1
RefSeq_NZ_CP115331.1	IncFII	Gram-negative	IS26	67501-68320	72761-73580	4441	erm(B)	1
RefSeq_NZ_CP115344.1	IncFII	Gram-negative	IS26	44789-45608	46844-47663	1236	aac(3)-IId	1
RefSeq_NZ_CP115352.1	IncFII	Gram-negative	IS26	64361-65180	67225-68048	2045	dfrA14	1
RefSeq_NZ_CP115352.1	IncFII	Gram-negative	IS26	67225-68048	77698-78518	9650	sul2,aph(3'')-Ib,aph(6)-Id,blaTEM-1	4
RefSeq_NZ_CP115367.1	IncFII	Gram-negative	IS26	4393-5212	9996-10816	4784	blaTEM-1,rmtB1	2
RefSeq_NZ_CP115368.1	IncX1	Gram-negative	IS1	21594-22199	42248-43015	20049	tet(M)	1
RefSeq_NZ_CP115377.1	IncFII	Gram-negative	IS26	20874-21694	36869-37689	15175	blaTEM-1	1
RefSeq_NZ_CP115377.1	IncFII	Gram-negative	IS26	36869-37689	43127-43947	5438	aac(3)-IId	1
RefSeq_NZ_CP115377.1	IncFII	Gram-negative	IS26	43127-43947	53850-54669	9903	mph(A),mrx(A),sul1,aadA5,dfrA17	5
RefSeq_NZ_CP115377.1	IncFII	Gram-negative	IS26	53850-54669	57378-58199	2709	aac(6')-Ib-cr5,blaOXA-1,catB3,arr	4
RefSeq_NZ_CP115377.1	IncFII	Gram-negative	IS26	57378-58199	62213-63034	4014	mrx(A),mph(A)	2
RefSeq_NZ_CP115387.1	IncFII	Gram-negative	IS26	39098-39919	44234-45053	4315	dfrA17,aadA5,sul1	3
RefSeq_NZ_CP115387.1	IncFII	Gram-negative	IS26	44234-45053	51710-52531	6657	tet(A),aph(6)-Id,aph(3'')-Ib,sul2	4
RefSeq_NZ_CP115387.1	IncFII	Gram-negative	IS26	51710-52531	58190-59009	5659	mph(A),mrx(A)	2
RefSeq_NZ_CP115387.1	IncFII	Gram-negative	IS26	61084-61903	63139-63958	1236	aac(3)-IId	1
RefSeq_NZ_CP115716.1	IncFII	Gram-negative	IS26	3995-4814	5855-6676	1041	aph(3')-Ia	1
RefSeq_NZ_CP115716.1	IncFII	Gram-negative	IS26	5855-6676	8848-9668	2172	aac(3)-IId	1
RefSeq_NZ_CP115716.1	IncFII	Gram-negative	IS26	8848-9668	26593-27413	16925	aac(6')-Ib-cr,arr-3,dfrA27,aadA16,sul1,qnrB91,sul1,mrx(A),mph(A)	9
RefSeq_NZ_CP115716.1	IncFII	Gram-negative	IS26	26593-27413	48610-49431	21197	tet(A),floR,blaTEM-1,blaCTX-M-3,qnrS1	5
RefSeq_NZ_CP115716.1	IncFII	Gram-negative	IS26	140067-140888	145274-146093	4386	sul2,aph(3'')-Ib,aph(6)-Id	3
RefSeq_NZ_CP115716.1	IncFII	Gram-negative	IS26	145274-146093	193221-194043	47128	ble,blaNDM	2
RefSeq_NZ_CP115716.1	IncFII	Gram-negative	IS26	193221-194043	207993-208812	13950	mph(E),msr(E),sul1,aadA2,dfrA12	5
RefSeq_NZ_CP115716.1	IncFII	Gram-negative	IS26	207993-208812	209852-210671	1040	aph(3')-Ia	1
RefSeq_NZ_CP115716.1	IncFII	Gram-negative	IS26	209852-210671	212844-213664	2173	aac(3)-IId	1
RefSeq_NZ_CP115835.1	IncN	Gram-negative	IS26	143482-144305	171200-172022	26895	aac(6')-IIc,aac(3)-IIg,arr,ere(A),sul1,qnrB4,blaDHA-1,sul1	8
RefSeq_NZ_CP115835.1	IncN	Gram-negative	IS26	171200-172022	176311-177133	4289	aac(6')-Ib3	1
RefSeq_NZ_CP115835.1	IncN	Gram-negative	IS26	190090-190909	192431-193250	1522	bleO	1
RefSeq_NZ_CP115835.1	IncN	Gram-negative	IS26	192431-193250	198444-199263	5194	oqxA,oqxB	2
RefSeq_NZ_CP115835.1	IncN	Gram-negative	IS26	198444-199263	202036-202856	2773	dfrA17	1
RefSeq_NZ_CP115835.1	IncN	Gram-negative	IS26	207096-207917	213858-214684	5941	aph(3'')-Ib,aph(6)-Id,aph(3')-Ia	3
RefSeq_NZ_CP115835.1	IncN	Gram-negative	IS26	268750-269569	273096-273919	3527	tet(D)	1
RefSeq_NZ_CP115835.1	IncN	Gram-negative	IS26	273096-273919	284263-285084	10344	floR,sul2	2
RefSeq_NZ_CP115838.1	IncFII	Gram-negative	IS26	51630-52450	55853-56672	3403	blaSHV-12	1
RefSeq_NZ_CP115838.1	IncFII	Gram-negative	IS26	55853-56672	63435-64254	6763	aph(4)-Ia,aac(3)-IVa	2
RefSeq_NZ_CP115838.1	IncFII	Gram-negative	IS26	63435-64254	79955-80774	15701	sul3,aadA1,cmlA1,aadA2,estX-3	5
RefSeq_NZ_CP115933.1	IncFII	Gram-negative	IS1	88329-89096	115737-116449	26641	catA1,dfrA12,aadA2,sul1,mrx(A),mph(A)	6
RefSeq_NZ_CP115933.1	IncFII	Gram-negative	IS26	107361-108097	137920-138742	29823	aac(6')-Ib	1
RefSeq_NZ_CP116048.1	IncFII	Gram-negative	IS26	4393-5212	8048-8867	2836	rmtB1,blaTEM-1	2
RefSeq_NZ_CP116048.1	IncFII	Gram-negative	IS26	8048-8867	11635-12455	2768	blaCTX-M-55	1
RefSeq_NZ_CP116089.1	IncFII	Gram-negative	IS26	100960-101741	108041-108861	6300	qnrS1	1
RefSeq_NZ_CP116101.1	IncFII	Gram-negative	IS26	55677-56496	58138-58961	1642	dfrA14	1
RefSeq_NZ_CP116104.1	IncFII	Gram-negative	IS1	40300-40963	57940-58707	16977	mrx(A),mph(A),blaTEM-1,tet(B)	4
RefSeq_NZ_CP116104.1	IncFII	Gram-negative	IS1	57940-58707	73196-73963	14489	dfrA17,sul2,aph(3'')-Ib,aph(6)-Id	4
RefSeq_NZ_CP116104.1	IncFII	Gram-negative	IS26	40963-41783	45334-46154	3551	mrx(A),mph(A)	2
RefSeq_NZ_CP116104.1	IncFII	Gram-negative	IS26	45334-46154	48071-48890	1917	blaTEM-1	1
RefSeq_NZ_CP116104.1	IncFII	Gram-negative	IS26	52649-53469	61086-61906	7617	tet(B),dfrA17	2
RefSeq_NZ_CP116104.1	IncFII	Gram-negative	IS26	61086-61906	66292-67111	4386	sul2,aph(3'')-Ib,aph(6)-Id	3
RefSeq_NZ_CP116111.1	IncN	Gram-negative	IS26	45004-45824	47346-48165	1522	bleO	1
RefSeq_NZ_CP116111.1	IncN	Gram-negative	IS26	47346-48165	53381-54201	5216	oqxA,oqxB	2
RefSeq_NZ_CP116111.1	IncN	Gram-negative	IS26	53381-54201	55328-56149	1127	aac(3)-IIe	1
RefSeq_NZ_CP116111.1	IncN	Gram-negative	IS26	55328-56149	66756-67576	10607	mph(A),mrx(A),sul1,aadA5,dfrA17	5
RefSeq_NZ_CP116113.1	IncN	Gram-negative	IS26	18141-18960	21456-22277	2496	fosA3	1
RefSeq_NZ_CP116113.1	IncN	Gram-negative	IS26	23168-23987	38758-39581	14771	sul2,aph(3'')-Ib,aph(6)-Id,tet(A),floR	5
RefSeq_NZ_CP116113.1	IncN	Gram-negative	IS26	38758-39581	42587-43406	3006	rmtB1,blaTEM-1	2
RefSeq_NZ_CP116113.1	IncN	Gram-negative	IS26	42587-43406	46158-46978	2752	blaTEM,blaCTX-M-55	2
RefSeq_NZ_CP116124.1	IncFII	Gram-negative	IS1	31486-32253	59109-59876	26856	blaTEM-1	1
RefSeq_NZ_CP116137.1	IncFII	Gram-negative	IS26	19577-20396	42233-43052	21837	tet(B),dfrA1	2
RefSeq_NZ_CP116137.1	IncFII	Gram-negative	IS26	42233-43052	58383-59203	15331	blaCTX-M-14,cmlA1,aac(6')-Ib3,mrx(A),mph(A)	5
RefSeq_NZ_CP116137.1	IncFII	Gram-negative	IS26	58383-59203	63446-64265	4243	erm(B)	1
RefSeq_NZ_CP116137.1	IncFII	Gram-negative	IS26	63446-64265	67943-68763	3678	aac(3)-IId	1
RefSeq_NZ_CP116137.1	IncFII	Gram-negative	IS1	31486-32253	37554-38321	5301	tet(B)	1
RefSeq_NZ_CP116146.1	IncFII	Gram-negative	IS26	21439-22260	28614-29433	6354	sul1,aadA5,dfrA17	3
RefSeq_NZ_CP116146.1	IncFII	Gram-negative	IS26	28614-29433	33054-33883	3621	mrx(A),mph(A)	2
RefSeq_NZ_CP116146.1	IncFII	Gram-negative	IS26	33054-33883	39408-40227	5525	blaTEM-1	1
RefSeq_NZ_CP116146.1	IncFII	Gram-negative	IS26	39408-40227	43223-44044	2996	aac(3)-IId	1
RefSeq_NZ_CP116147.1	IncN	Gram-negative	IS26	18400-19219	22225-23044	3006	rmtB1,blaTEM-1	2
RefSeq_NZ_CP116147.1	IncN	Gram-negative	IS26	22225-23044	25796-26616	2752	blaTEM,blaCTX-M-55	2
RefSeq_NZ_CP116154.1	IncFII	Gram-negative	IS26	10692-11511	18316-19135	6805	aadA22	1
RefSeq_NZ_CP116154.1	IncFII	Gram-negative	IS26	18316-19135	22369-23189	3234	mrx(A),mph(A)	2
RefSeq_NZ_CP116154.1	IncFII	Gram-negative	IS26	22369-23189	29897-30716	6708	blaNDM-5,ble	2
RefSeq_NZ_CP116155.1	IncX1	Gram-negative	IS26	3979-4800	13844-14663	9044	sul2,floR	2
RefSeq_NZ_CP116155.1	IncX1	Gram-negative	IS26	13844-14663	19399-20218	4736	tet(A)	1
RefSeq_NZ_CP116155.1	IncX1	Gram-negative	IS26	19399-20218	25511-26330	5293	arr-2,cmlA5,blaOXA-10,aadA1,dfrA14	5
RefSeq_NZ_CP116182.1	IncFII	Gram-negative	IS26	21439-22260	28614-29433	6354	sul1,aadA5,dfrA17	3
RefSeq_NZ_CP116182.1	IncFII	Gram-negative	IS26	28614-29433	33054-33883	3621	mrx(A),mph(A)	2
RefSeq_NZ_CP116182.1	IncFII	Gram-negative	IS26	33054-33883	39408-40227	5525	blaTEM-1	1
RefSeq_NZ_CP116182.1	IncFII	Gram-negative	IS26	39408-40227	43223-44044	2996	aac(3)-IId	1
RefSeq_NZ_CP116183.1	IncN	Gram-negative	IS26	18399-19218	21714-22535	2496	fosA3	1
RefSeq_NZ_CP116183.1	IncN	Gram-negative	IS26	23426-24245	39016-39839	14771	sul2,aph(3'')-Ib,aph(6)-Id,tet(A),floR	5
RefSeq_NZ_CP116183.1	IncN	Gram-negative	IS26	39016-39839	42845-43664	3006	rmtB1,blaTEM-1	2
RefSeq_NZ_CP116183.1	IncN	Gram-negative	IS26	42845-43664	46416-47236	2752	blaTEM,blaCTX-M-55	2
RefSeq_NZ_CP116192.1	IncFII	Gram-negative	IS1	40300-40963	57940-58707	16977	mrx(A),mph(A),blaTEM-1,tet(B)	4
RefSeq_NZ_CP116192.1	IncFII	Gram-negative	IS1	57940-58707	73196-73963	14489	dfrA17,sul2,aph(3'')-Ib,aph(6)-Id	4
RefSeq_NZ_CP116192.1	IncFII	Gram-negative	IS26	40963-41783	45334-46154	3551	mrx(A),mph(A)	2
RefSeq_NZ_CP116192.1	IncFII	Gram-negative	IS26	45334-46154	48071-48890	1917	blaTEM-1	1
RefSeq_NZ_CP116192.1	IncFII	Gram-negative	IS26	52649-53469	61086-61906	7617	tet(B),dfrA17	2
RefSeq_NZ_CP116192.1	IncFII	Gram-negative	IS26	61086-61906	66292-67111	4386	sul2,aph(3'')-Ib,aph(6)-Id	3
RefSeq_NZ_CP116195.1	IncFII	Gram-negative	IS1	40300-40963	57933-58700	16970	mrx(A),mph(A),blaTEM-1,tet(B)	4
RefSeq_NZ_CP116195.1	IncFII	Gram-negative	IS1	57933-58700	73189-73956	14489	dfrA17,sul2,aph(3'')-Ib,aph(6)-Id	4
RefSeq_NZ_CP116195.1	IncFII	Gram-negative	IS26	40963-41783	45334-46154	3551	mrx(A),mph(A)	2
RefSeq_NZ_CP116195.1	IncFII	Gram-negative	IS26	45334-46154	48071-48890	1917	blaTEM-1	1
RefSeq_NZ_CP116195.1	IncFII	Gram-negative	IS26	52649-53462	61079-61899	7617	tet(B),dfrA17	2
RefSeq_NZ_CP116195.1	IncFII	Gram-negative	IS26	61079-61899	66285-67104	4386	sul2,aph(3'')-Ib,aph(6)-Id	3
RefSeq_NZ_CP116481.1	IncFII	Gram-negative	IS1	4995-5762	8129-8896	2367	tet(B)	1
RefSeq_NZ_CP116481.1	IncFII	Gram-negative	IS26	15005-15824	27627-28452	11803	sul1,aadA2,dfrA12,qepA4	4
RefSeq_NZ_CP116481.1	IncFII	Gram-negative	IS26	27627-28452	33516-34336	5064	mrx(A),mph(A)	2
RefSeq_NZ_CP116481.1	IncFII	Gram-negative	IS26	33516-34336	38777-39597	4441	erm(B)	1
RefSeq_NZ_CP116481.1	IncFII	Gram-negative	IS26	108896-109722	114332-115151	4610	msr(E),mph(E)	2
RefSeq_NZ_CP116481.1	IncFII	Gram-negative	IS26	114332-115151	124468-125287	9317	qnrB4,blaDHA-1,sul1	3
RefSeq_NZ_CP116493.1	IncFII	Gram-negative	IS26	56808-57627	60175-60994	2548	dfrA14	1
RefSeq_NZ_CP116493.1	IncFII	Gram-negative	IS26	60175-60994	69149-69974	8155	sul2	1
RefSeq_NZ_CP116901.1	IncFII	Gram-negative	IS26	59966-60786	62973-63792	2187	aac(6')-Ib-cr5,blaOXA-1,catB3	3
RefSeq_NZ_CP116901.1	IncFII	Gram-negative	IS26	62973-63792	70466-71286	6674	blaTEM-1	1
RefSeq_NZ_CP116901.1	IncFII	Gram-negative	IS26	70466-71286	75672-76491	4386	sul2,aph(3'')-Ib,aph(6)-Id	3
RefSeq_NZ_CP116901.1	IncFII	Gram-negative	IS26	75672-76491	86371-87191	9880	blaNDM-5,ble,sul1,dfrA17	4
RefSeq_NZ_CP116901.1	IncFII	Gram-negative	IS26	86371-87191	88950-89769	1759	blaTEM-1	1
RefSeq_NZ_CP116901.1	IncFII	Gram-negative	IS26	88950-89769	95323-96143	5554	aac(3)-IId	1
RefSeq_NZ_CP116901.1	IncFII	Gram-negative	IS26	95323-96143	100271-101094	4128	mph(A),mrx(A)	2
RefSeq_NZ_CP116905.1	IncFII	Gram-negative	IS26	21907-22726	37823-38642	15097	blaKPC-2,blaSHV-12	2
RefSeq_NZ_CP116905.1	IncFII	Gram-negative	IS26	61438-62258	66066-66885	3808	rmtB1,blaTEM-1	2
RefSeq_NZ_CP116905.1	IncFII	Gram-negative	IS26	67870-68689	72714-73533	4025	blaCTX-M-65	1
RefSeq_NZ_CP116906.1	IncFII	Gram-negative	IS26	46514-47335	48735-49554	1400	catA2	1
RefSeq_NZ_CP116906.1	IncFII	Gram-negative	IS26	48735-49554	50954-51777	1400	catA2	1
RefSeq_NZ_CP116906.1	IncFII	Gram-negative	IS26	50954-51777	57697-58516	5920	sul2	1
RefSeq_NZ_CP116979.1	IncX1	Gram-negative	IS26	46230-47049	48993-49816	1944	qnrS1	1
RefSeq_NZ_CP116984.1	IncX1	Gram-negative	IS26	31025-31844	34277-35096	2433	aadA2	1
RefSeq_NZ_CP116984.1	IncX1	Gram-negative	IS26	34277-35096	50739-51555	15643	tet(X4),floR,tet(A),blaSHV-12	4
RefSeq_NZ_CP117185.1	IncFII	Gram-negative	IS26	4392-5211	7413-8235	2202	blaCTX-M-27	1
RefSeq_NZ_CP117190.1	IncFII	Gram-negative	IS26	6103-6922	9690-10510	2768	blaCTX-M-55	1
RefSeq_NZ_CP117225.1	IncFII	Gram-negative	IS26	89515-90337	93306-94126	2969	mph(A),mrx(A)	2
RefSeq_NZ_CP117337.1	IncX1	Gram-negative	IS26	65577-66400	85134-85959	18734	floR,tet(A),aph(6)-Id,aph(3'')-Ib,sul2	5
RefSeq_NZ_CP117347.1	IncX1	Gram-negative	IS26	4867-5686	9812-10631	4126	blaTEM	1
RefSeq_NZ_CP117347.1	IncX1	Gram-negative	IS26	9812-10631	11674-12493	1043	aph(3')-Ia	1
RefSeq_NZ_CP117347.1	IncX1	Gram-negative	IS26	11674-12493	53782-54605	41289	blaCMY-2,sul2,aph(3'')-Ib,aph(6)-Id,tet(A),floR	6
RefSeq_NZ_CP117477.1	IncN	Gram-negative	IS26	32302-33122	44641-45460	11519	qnrS1,arr-3,aac(6')-Ib3	3
RefSeq_NZ_CP118391.1	IncN	Gram-negative	IS26	25284-26103	29630-30239	3527	tet(D)	1
RefSeq_NZ_CP118391.1	IncN	Gram-negative	IS26	29630-30239	38234-39071	7995	blaTEM-1,qnrS1	2
RefSeq_NZ_CP118693.1	IncFII	Gram-negative	IS26	60254-61073	76170-76989	15097	blaSHV-12,blaKPC-2	2
RefSeq_NZ_CP118694.1	IncFII	Gram-negative	IS26	66729-67550	68950-69773	1400	catA2	1
RefSeq_NZ_CP118694.1	IncFII	Gram-negative	IS26	68950-69773	77928-78747	8155	sul2	1
RefSeq_NZ_CP118694.1	IncFII	Gram-negative	IS26	77928-78747	81472-82291	2725	dfrA14	1
RefSeq_NZ_CP118904.1	IncFII	Gram-negative	IS26	16937-17757	36595-37415	18838	mph(A),mrx(A),sul1,qnrB6,sul1,aadA16,dfrA27,arr-3,aac(6')-Ib-cr5	9
RefSeq_NZ_CP118928.1	IncN	Gram-negative	IS26	2448-3267	25378-26197	22111	dfrA14	1
RefSeq_NZ_CP119014.1	IncFII	Gram-negative	IS26	6312-7132	22229-23049	15097	blaKPC-2,blaSHV-12	2
RefSeq_NZ_CP119014.1	IncFII	Gram-negative	IS26	23776-24595	29820-30639	5225	blaCTX-M-65	1
RefSeq_NZ_CP119177.1	IncFII	Gram-negative	IS26	34505-35328	43483-44302	8155	sul2	1
RefSeq_NZ_CP119177.1	IncFII	Gram-negative	IS26	43483-44302	47027-47846	2725	dfrA14	1
RefSeq_NZ_CP119177.1	IncFII	Gram-negative	IS26	47027-47846	49246-50067	1400	catA2	1
RefSeq_NZ_CP119578.1	IncN	Gram-negative	IS26	7596-8416	12577-13415	4161	mph(A),mrx(A)	2
RefSeq_NZ_CP119578.1	IncN	Gram-negative	IS26	12577-13415	18292-18938	4877	tet(M)	1
RefSeq_NZ_CP119578.1	IncN	Gram-negative	IS26	218886-219705	220746-221566	1041	aph(3')-Ia	1
RefSeq_NZ_CP119578.1	IncN	Gram-negative	IS26	220746-221566	252017-252836	30451	sul3,aadA1,cmlA1,aadA2,estX-3,floR,sul2,aph(4)-Ia,aac(3)-IVa	9
RefSeq_NZ_CP119578.1	IncN	Gram-negative	IS26	252017-252836	256213-257019	3377	blaCTX-M-14,fosA3	2
RefSeq_NZ_CP119582.2	IncX1	Gram-negative	IS26	8425-9246	13537-14360	4291	floR	1
RefSeq_NZ_CP119582.2	IncX1	Gram-negative	IS26	13537-14360	16304-17123	1944	qnrS1	1
RefSeq_NZ_CP120330.1	IncX1	Gram-negative	IS26	15862-16682	25503-26322	8821	floR	1
RefSeq_NZ_CP120342.1	IncX1	Gram-negative	IS26	15863-16683	31551-32370	14868	floR,sul2	2
RefSeq_NZ_CP120848.1	IncFII	Gram-negative	IS26	100396-101215	116679-117498	15464	blaKPC-33,tet(A)	2
RefSeq_NZ_CP120888.1	IncFII	Gram-negative	IS1	59508-60275	89659-90371	29384	catA1,dfrA12,aadA2,sul1,mrx(A),mph(A)	6
RefSeq_NZ_CP121128.1	IncFII	Gram-negative	IS26	24392-25212	38881-39700	13669	sul2,aph(3'')-Ib,aph(6)-Id,blaTEM-1,blaCTX-M-15	5
RefSeq_NZ_CP121128.1	IncFII	Gram-negative	IS26	38881-39700	42300-43120	2600	aac(3)-IIe	1
RefSeq_NZ_CP121128.1	IncFII	Gram-negative	IS26	42300-43120	45307-46126	2187	catB3,blaOXA-1,aac(6')-Ib-cr5	3
RefSeq_NZ_CP121128.1	IncFII	Gram-negative	IS26	45307-46126	59607-60426	13481	tet(A),qnrB1	2
RefSeq_NZ_CP121128.1	IncFII	Gram-negative	IS26	59607-60426	67154-67946	6728	dfrA14	1
RefSeq_NZ_CP121130.1	IncFII	Gram-negative	IS26	2197-3016	16497-17316	13481	qnrB1,tet(A)	2
RefSeq_NZ_CP121130.1	IncFII	Gram-negative	IS26	16497-17316	19503-20323	2187	aac(6')-Ib-cr5,blaOXA-1,catB3	3
RefSeq_NZ_CP121130.1	IncFII	Gram-negative	IS26	19503-20323	22923-23742	2600	aac(3)-IIe	1
RefSeq_NZ_CP121130.1	IncFII	Gram-negative	IS26	22923-23742	37411-38231	13669	blaCTX-M-15,blaTEM-1,aph(6)-Id,aph(3'')-Ib,sul2	5
RefSeq_NZ_CP121132.1	IncFII	Gram-negative	IS26	218112-218904	225632-226451	6728	dfrA14	1
RefSeq_NZ_CP121132.1	IncFII	Gram-negative	IS26	225632-226451	239932-240751	13481	qnrB1,tet(A)	2
RefSeq_NZ_CP121132.1	IncFII	Gram-negative	IS26	239932-240751	242938-243758	2187	aac(6')-Ib-cr5,blaOXA-1,catB3	3
RefSeq_NZ_CP121132.1	IncFII	Gram-negative	IS26	242938-243758	246358-247177	2600	aac(3)-IIe	1
RefSeq_NZ_CP121134.1	IncFII	Gram-negative	IS26	141618-142410	149138-149957	6728	dfrA14	1
RefSeq_NZ_CP121134.1	IncFII	Gram-negative	IS26	149138-149957	163438-164257	13481	qnrB1,tet(A)	2
RefSeq_NZ_CP121134.1	IncFII	Gram-negative	IS26	163438-164257	166444-167264	2187	aac(6')-Ib-cr5,blaOXA-1,catB3	3
RefSeq_NZ_CP121134.1	IncFII	Gram-negative	IS26	166444-167264	169864-170683	2600	aac(3)-IIe	1
RefSeq_NZ_CP121134.1	IncFII	Gram-negative	IS26	169864-170683	184352-185172	13669	blaCTX-M-15,blaTEM-1,aph(6)-Id,aph(3'')-Ib,sul2	5
RefSeq_NZ_CP121136.1	IncFII	Gram-negative	IS26	2061-2880	5480-6300	2600	aac(3)-IIe	1
RefSeq_NZ_CP121136.1	IncFII	Gram-negative	IS26	5480-6300	8487-9306	2187	catB3,blaOXA-1,aac(6')-Ib-cr5	3
RefSeq_NZ_CP121136.1	IncFII	Gram-negative	IS26	8487-9306	22787-23606	13481	tet(A),qnrB1	2
RefSeq_NZ_CP121136.1	IncFII	Gram-negative	IS26	22787-23606	30334-31126	6728	dfrA14	1
RefSeq_NZ_CP121138.1	IncFII	Gram-negative	IS26	203017-203837	218090-218882	14253	sul2,aph(3'')-Ib,aph(6)-Id,blaTEM-1,blaCTX-M-15	5
RefSeq_NZ_CP121138.1	IncFII	Gram-negative	IS26	218090-218882	225610-226429	6728	dfrA14	1
RefSeq_NZ_CP121138.1	IncFII	Gram-negative	IS26	225610-226429	239910-240729	13481	qnrB1,tet(A)	2
RefSeq_NZ_CP121138.1	IncFII	Gram-negative	IS26	239910-240729	242916-243736	2187	aac(6')-Ib-cr5,blaOXA-1,catB3	3
RefSeq_NZ_CP121138.1	IncFII	Gram-negative	IS26	242916-243736	246336-247155	2600	aac(3)-IIe	1
RefSeq_NZ_CP121140.1	IncFII	Gram-negative	IS26	35896-36688	43416-44235	6728	dfrA14	1
RefSeq_NZ_CP121140.1	IncFII	Gram-negative	IS26	43416-44235	57716-58535	13481	qnrB1,tet(A)	2
RefSeq_NZ_CP121140.1	IncFII	Gram-negative	IS26	57716-58535	60722-61542	2187	aac(6')-Ib-cr5,blaOXA-1,catB3	3
RefSeq_NZ_CP121140.1	IncFII	Gram-negative	IS26	60722-61542	64142-64961	2600	aac(3)-IIe	1
RefSeq_NZ_CP121140.1	IncFII	Gram-negative	IS26	64142-64961	78630-79450	13669	blaCTX-M-15,blaTEM-1,aph(6)-Id,aph(3'')-Ib,sul2	5
RefSeq_NZ_CP121142.1	IncFII	Gram-negative	IS26	203038-203858	217527-218346	13669	sul2,aph(3'')-Ib,aph(6)-Id,blaTEM-1,blaCTX-M-15	5
RefSeq_NZ_CP121142.1	IncFII	Gram-negative	IS26	217527-218346	220946-221766	2600	aac(3)-IIe	1
RefSeq_NZ_CP121142.1	IncFII	Gram-negative	IS26	220946-221766	223953-224772	2187	catB3,blaOXA-1,aac(6')-Ib-cr5	3
RefSeq_NZ_CP121142.1	IncFII	Gram-negative	IS26	223953-224772	238253-239072	13481	tet(A),qnrB1	2
RefSeq_NZ_CP121142.1	IncFII	Gram-negative	IS26	238253-239072	245800-246592	6728	dfrA14	1
RefSeq_NZ_CP121144.1	IncFII	Gram-negative	IS26	10506-11325	18053-18845	6728	dfrA14	1
RefSeq_NZ_CP121144.1	IncFII	Gram-negative	IS26	222470-223290	236959-237778	13669	sul2,aph(3'')-Ib,aph(6)-Id,blaTEM-1,blaCTX-M-15	5
RefSeq_NZ_CP121144.1	IncFII	Gram-negative	IS26	236959-237778	240378-241198	2600	aac(3)-IIe	1
RefSeq_NZ_CP121144.1	IncFII	Gram-negative	IS26	240378-241198	243385-244204	2187	catB3,blaOXA-1,aac(6')-Ib-cr5	3
RefSeq_NZ_CP121146.1	IncFII	Gram-negative	IS26	73455-74275	87944-88763	13669	sul2,aph(3'')-Ib,aph(6)-Id,blaTEM-1,blaCTX-M-15	5
RefSeq_NZ_CP121146.1	IncFII	Gram-negative	IS26	87944-88763	91363-92183	2600	aac(3)-IIe	1
RefSeq_NZ_CP121146.1	IncFII	Gram-negative	IS26	91363-92183	94370-95189	2187	catB3,blaOXA-1,aac(6')-Ib-cr5	3
RefSeq_NZ_CP121146.1	IncFII	Gram-negative	IS26	94370-95189	108670-109489	13481	tet(A),qnrB1	2
RefSeq_NZ_CP121146.1	IncFII	Gram-negative	IS26	108670-109489	116217-117009	6728	dfrA14	1
RefSeq_NZ_CP121152.1	IncX1	Gram-negative	IS26	44664-45485	51393-52212	5908	floR	1
RefSeq_NZ_CP121152.1	IncX1	Gram-negative	IS26	51393-52212	81540-82359	29328	aph(3')-Ia	1
RefSeq_NZ_CP121152.1	IncX1	Gram-negative	IS26	82777-83599	88203-89022	4604	arr-3,catB3,blaOXA-1,aac(6')-Ib-cr5	4
RefSeq_NZ_CP121152.1	IncX1	Gram-negative	IS26	88203-89022	90747-91566	1725	qnrS2	1
RefSeq_NZ_CP121158.1	IncFII	Gram-negative	IS26	3862-4681	13873-14692	9192	sul2,erm(42)	2
RefSeq_NZ_CP121158.1	IncFII	Gram-negative	IS26	13873-14692	21497-22316	6805	aadA22	1
RefSeq_NZ_CP121158.1	IncFII	Gram-negative	IS26	137476-138297	140793-141612	2496	fosA3	1
RefSeq_NZ_CP121158.1	IncFII	Gram-negative	IS26	140793-141612	144380-145202	2768	blaCTX-M-55	1
RefSeq_NZ_CP121158.1	IncFII	Gram-negative	IS26	144380-145202	148969-149789	3767	aac(3)-IId	1
RefSeq_NZ_CP121158.1	IncFII	Gram-negative	IS26	148969-149789	153014-153833	3225	mph(A),mrx(A)	2
RefSeq_NZ_CP121158.1	IncFII	Gram-negative	IS1	18184-18951	64974-65741	46023	aadA22	1
RefSeq_NZ_CP121363.1	IncX1	Gram-negative	IS26	8949-9768	12552-13372	2784	aadA1,cmlA1	2
RefSeq_NZ_CP121363.1	IncX1	Gram-negative	IS26	12552-13372	16978-17797	3606	sul3	1
RefSeq_NZ_CP121399.1	IncN	Gram-negative	IS1	140139-140906	184629-185396	43723	dfrA12,aadA2,sul1	3
RefSeq_NZ_CP121399.1	IncN	Gram-negative	IS26	117948-118767	132540-133361	13773	tet(M),blaTEM-1,blaCTX-M-55	3
RefSeq_NZ_CP121399.1	IncN	Gram-negative	IS26	132540-133361	147971-148790	14610	aac(3)-IId,dfrA12,aadA2,sul1	4
RefSeq_NZ_CP121403.1	IncN	Gram-negative	IS26	96664-97487	124904-125725	27417	tet(X4),floR,erm(42),tet(A),aph(6)-Id,aph(3'')-Ib	6
RefSeq_NZ_CP121403.1	IncN	Gram-negative	IS26	178542-179361	183673-184494	4312	blaCTX-M-55	1
RefSeq_NZ_CP121403.1	IncN	Gram-negative	IS26	183673-184494	198314-199133	13820	aac(3)-IId,dfrA12,aadA2,sul1	4
RefSeq_NZ_CP121403.1	IncN	Gram-negative	IS26	198314-199133	207488-208307	8355	blaTEM,tet(M)	2
RefSeq_NZ_CP121407.1	IncN	Gram-negative	IS26	96664-97487	124904-125725	27417	tet(X4),floR,erm(42),tet(A),aph(6)-Id,aph(3'')-Ib	6
RefSeq_NZ_CP121407.1	IncN	Gram-negative	IS26	178542-179361	183673-184494	4312	blaCTX-M-55	1
RefSeq_NZ_CP121407.1	IncN	Gram-negative	IS26	183673-184494	198314-199133	13820	aac(3)-IId,dfrA12,aadA2,sul1	4
RefSeq_NZ_CP121407.1	IncN	Gram-negative	IS26	198314-199133	207488-208307	8355	blaTEM,tet(M)	2
RefSeq_NZ_CP121411.1	IncN	Gram-negative	IS26	96664-97487	124904-125725	27417	tet(X4),floR,erm(42),tet(A),aph(6)-Id,aph(3'')-Ib	6
RefSeq_NZ_CP121411.1	IncN	Gram-negative	IS26	178542-179361	183673-184494	4312	blaCTX-M-55	1
RefSeq_NZ_CP121411.1	IncN	Gram-negative	IS26	183673-184494	198314-199133	13820	aac(3)-IId,dfrA12,aadA2,sul1	4
RefSeq_NZ_CP121411.1	IncN	Gram-negative	IS26	198314-199133	207488-208307	8355	blaTEM,tet(M)	2
RefSeq_NZ_CP121416.1	IncN	Gram-negative	IS26	94288-95111	112993-113814	17882	tet(X4),floR,tet(A),aph(6)-Id,aph(3'')-Ib	5
RefSeq_NZ_CP121416.1	IncN	Gram-negative	IS26	167174-167993	182603-183424	14610	sul1,aadA2,dfrA12,aac(3)-IId	4
RefSeq_NZ_CP121416.1	IncN	Gram-negative	IS26	182603-183424	197197-198016	13773	blaCTX-M-55,blaTEM-1,tet(M)	3
RefSeq_NZ_CP121416.1	IncN	Gram-negative	IS1	163839-164606	175058-175825	10452	sul1,aadA2,dfrA12	3
RefSeq_NZ_CP122339.1	IncFII	Gram-negative	IS1	78692-79459	107961-108673	28502	catA1,dfrA12,aadA2,sul1,mrx(A),mph(A),aph(3')-Ia	7
RefSeq_NZ_CP122339.1	IncFII	Gram-negative	IS26	95678-96498	97539-98274	1041	aph(3')-Ia	1
RefSeq_NZ_CP122450.1	IncFII	Gram-negative	IS10	10320-11648	18138-19105	6490	tet(B)	1
RefSeq_NZ_CP122453.1	IncFII	Gram-negative	IS10	10320-11648	18138-19105	6490	tet(B)	1
RefSeq_NZ_CP122456.1	IncFII	Gram-negative	IS10	10320-11648	18138-19105	6490	tet(B)	1
RefSeq_NZ_CP122462.1	IncFII	Gram-negative	IS26	84638-85457	86498-87317	1041	aph(3')-Ia	1
RefSeq_NZ_CP122462.1	IncFII	Gram-negative	IS26	86498-87317	89504-90323	2187	catB3,blaOXA-1,aac(6')-Ib-cr5	3
RefSeq_NZ_CP122462.1	IncFII	Gram-negative	IS26	89504-90323	97850-98670	7527	blaCTX-M-15,blaTEM-1	2
RefSeq_NZ_CP122462.1	IncFII	Gram-negative	IS26	97850-98670	113666-114488	14996	mph(A),mrx(A),sul1,aadA2,dfrA12	5
RefSeq_NZ_CP122495.1	IncX1	Gram-negative	IS26	39008-39831	54599-55418	14768	floR,tet(A),aph(6)-Id,aph(3'')-Ib,sul2	5
RefSeq_NZ_CP122495.1	IncX1	Gram-negative	IS26	54599-55418	60612-61431	5194	oqxA2,oqxB	2
RefSeq_NZ_CP122495.1	IncX1	Gram-negative	IS26	60612-61431	86081-86900	24650	aph(3')-IIa	1
RefSeq_NZ_CP122495.1	IncX1	Gram-negative	IS26	86081-86900	89668-90488	2768	blaCTX-M-55	1
RefSeq_NZ_CP122509.1	IncFII	Gram-negative	IS26	1911-2737	7178-7997	4441	erm(B)	1
RefSeq_NZ_CP122509.1	IncFII	Gram-negative	IS26	14150-14969	18450-19270	3481	mrx(A),mph(A)	2
RefSeq_NZ_CP122509.1	IncFII	Gram-negative	IS26	106892-107715	119391-120214	11676	aph(3'')-Ib,aph(6)-Id,tet(A),floR	4
RefSeq_NZ_CP122514.1	IncX1	Gram-negative	IS26	16736-17557	19707-20526	2150	qnrS2	1
RefSeq_NZ_CP122520.1	IncX1	Gram-negative	IS26	11567-12386	14819-15638	2433	aadA2	1
RefSeq_NZ_CP122571.1	IncFII	Gram-negative	IS26	19234-20053	33550-34370	13497	blaDHA-1,qnrB4	2
RefSeq_NZ_CP122583.1	IncFII	Gram-negative	IS26	19242-20061	33558-34378	13497	blaDHA-1,qnrB4	2
RefSeq_NZ_CP122931.1	IncN	Gram-negative	IS26	5059-5879	9330-10149	3451	mph(A),mrx(A)	2
RefSeq_NZ_CP122931.1	IncN	Gram-negative	IS26	47276-48095	51731-52552	3636	blaCTX-M-1,mrx(A)	2
RefSeq_NZ_CP122931.1	IncN	Gram-negative	IS26	51731-52552	59392-60211	6840	sul1,aadA12	2
RefSeq_NZ_CP123014.1	IncFII	Gram-negative	IS26	7852-8671	13575-14398	4904	sul1,aadA2,dfrA12	3
RefSeq_NZ_CP123014.1	IncFII	Gram-negative	IS26	13575-14398	24069-24892	9671	blaNDM-5,ble,sul1,aadA2,dfrA12	5
RefSeq_NZ_CP123014.1	IncFII	Gram-negative	IS26	24069-24892	26651-27470	1759	blaTEM-1	1
RefSeq_NZ_CP123014.1	IncFII	Gram-negative	IS26	26651-27470	33024-33844	5554	aac(3)-IId	1
RefSeq_NZ_CP123014.1	IncFII	Gram-negative	IS26	33024-33844	37980-38799	4136	mph(A),mrx(A)	2
RefSeq_NZ_CP123014.1	IncFII	Gram-negative	IS26	37980-38799	43185-44005	4386	aph(6)-Id,aph(3'')-Ib,sul2	3
RefSeq_NZ_CP123014.1	IncFII	Gram-negative	IS26	43185-44005	50502-51333	6497	blaTEM-1	1
RefSeq_NZ_CP123014.1	IncFII	Gram-negative	IS26	50502-51333	55164-55983	3831	blaCTX-M-15	1
RefSeq_NZ_CP123014.1	IncFII	Gram-negative	IS26	55164-55983	58170-58990	2187	catB3,blaOXA-1,aac(6')-Ib-cr5	3
RefSeq_NZ_CP123019.1	IncFII	Gram-negative	IS26	7852-8671	13575-14398	4904	sul1,aadA2,dfrA12	3
RefSeq_NZ_CP123019.1	IncFII	Gram-negative	IS26	13575-14398	24318-25140	9920	blaNDM-5,ble,sul1,aadA5,dfrA17	5
RefSeq_NZ_CP123019.1	IncFII	Gram-negative	IS26	24318-25140	26541-27371	1401	blaTEM-1	1
RefSeq_NZ_CP123019.1	IncFII	Gram-negative	IS26	26541-27371	31202-32021	3831	blaCTX-M-15	1
RefSeq_NZ_CP123019.1	IncFII	Gram-negative	IS26	31202-32021	34208-35028	2187	catB3,blaOXA-1,aac(6')-Ib-cr5	3
RefSeq_NZ_CP123025.1	IncFII	Gram-negative	IS26	7852-8671	13575-14398	4904	sul1,aadA2,dfrA12	3
RefSeq_NZ_CP123025.1	IncFII	Gram-negative	IS26	13575-14398	24317-25137	9919	blaNDM-5,ble,sul1,aadA5,dfrA17	5
RefSeq_NZ_CP123025.1	IncFII	Gram-negative	IS26	26366-27186	31322-32141	4136	mph(A),mrx(A)	2
RefSeq_NZ_CP123025.1	IncFII	Gram-negative	IS26	31322-32141	36527-37347	4386	aph(6)-Id,aph(3'')-Ib,sul2	3
RefSeq_NZ_CP123025.1	IncFII	Gram-negative	IS26	36527-37347	43246-44077	5899	blaTEM-1	1
RefSeq_NZ_CP123025.1	IncFII	Gram-negative	IS26	43246-44077	47908-48727	3831	blaCTX-M-15	1
RefSeq_NZ_CP123025.1	IncFII	Gram-negative	IS26	47908-48727	50914-51734	2187	catB3,blaOXA-1,aac(6')-Ib-cr5	3
RefSeq_NZ_CP123031.1	IncFII	Gram-negative	IS26	7852-8671	13575-14398	4904	sul1,aadA2,dfrA12	3
RefSeq_NZ_CP123031.1	IncFII	Gram-negative	IS26	13575-14398	24566-25386	10168	blaNDM-5,ble,sul1,aadA2,dfrA12	5
RefSeq_NZ_CP123031.1	IncFII	Gram-negative	IS26	24566-25386	26788-27619	1402	blaTEM-1	1
RefSeq_NZ_CP123031.1	IncFII	Gram-negative	IS26	26788-27619	31450-32269	3831	blaCTX-M-15	1
RefSeq_NZ_CP123031.1	IncFII	Gram-negative	IS26	31450-32269	34456-35276	2187	catB3,blaOXA-1,aac(6')-Ib-cr5	3
RefSeq_NZ_CP123037.1	IncFII	Gram-negative	IS26	7852-8671	13575-14398	4904	sul1,aadA2,dfrA12	3
RefSeq_NZ_CP123037.1	IncFII	Gram-negative	IS26	13575-14398	21072-21892	6674	blaTEM-1	1
RefSeq_NZ_CP123037.1	IncFII	Gram-negative	IS26	21072-21892	26278-27097	4386	sul2,aph(3'')-Ib,aph(6)-Id	3
RefSeq_NZ_CP123037.1	IncFII	Gram-negative	IS26	26278-27097	31233-32053	4136	mrx(A),mph(A)	2
RefSeq_NZ_CP123037.1	IncFII	Gram-negative	IS26	31233-32053	37607-38426	5554	aac(3)-IId	1
RefSeq_NZ_CP123037.1	IncFII	Gram-negative	IS26	37607-38426	40185-41005	1759	blaTEM-1	1
RefSeq_NZ_CP123037.1	IncFII	Gram-negative	IS26	40185-41005	50924-51755	9919	dfrA17,aadA5,sul1,ble,blaNDM-5	5
RefSeq_NZ_CP123037.1	IncFII	Gram-negative	IS26	50924-51755	55586-56405	3831	blaCTX-M-15	1
RefSeq_NZ_CP123037.1	IncFII	Gram-negative	IS26	55586-56405	58592-59412	2187	catB3,blaOXA-1,aac(6')-Ib-cr5	3
RefSeq_NZ_CP123041.1	IncFII	Gram-negative	IS26	13423-14243	18629-19449	4386	sul2,aph(3'')-Ib,aph(6)-Id	3
RefSeq_NZ_CP123044.1	IncFII	Gram-negative	IS26	27694-28515	49712-50532	21197	qnrS1,blaCTX-M-3,blaTEM-1,floR,tet(A)	5
RefSeq_NZ_CP123044.1	IncFII	Gram-negative	IS26	49712-50532	54918-55738	4386	sul2,aph(3'')-Ib,aph(6)-Id	3
RefSeq_NZ_CP123196.1	IncX1	Gram-negative	IS26	54664-55484	58252-59071	2768	blaCTX-M-55	1
RefSeq_NZ_CP123196.1	IncX1	Gram-negative	IS26	60818-61637	64656-65478	3019	fosA3	1
RefSeq_NZ_CP123196.1	IncX1	Gram-negative	IS26	64656-65478	86119-86938	20641	aph(3')-IIa	1
RefSeq_NZ_CP123196.1	IncX1	Gram-negative	IS26	86119-86938	101706-102531	14768	sul2,aph(3'')-Ib,aph(6)-Id,tet(A),floR	5
RefSeq_NZ_CP123233.1	IncFII	Gram-negative	IS1	11687-12454	23730-24393	11276	mph(A),mrx(A)	2
RefSeq_NZ_CP123233.1	IncFII	Gram-negative	IS26	18539-19359	22910-23730	3551	mph(A),mrx(A)	2
RefSeq_NZ_CP123250.1	IncX1	Gram-negative	IS26	4128-4947	6766-7587	1819	dfrA14	1
RefSeq_NZ_CP123250.1	IncX1	Gram-negative	IS26	6766-7587	13456-14279	5869	floR,tet(A)	2
RefSeq_NZ_CP123250.1	IncX1	Gram-negative	IS26	13456-14279	16223-17042	1944	qnrS1	1
RefSeq_NZ_CP123257.1	IncFII	Gram-negative	IS26	4393-5212	18029-18849	12817	ble,blaNDM-5,blaTEM-1,rmtB	4
RefSeq_NZ_CP123267.1	IncN	Gram-negative	IS26	57410-58230	61071-61890	2841	blaTEM-1,rmtB1	2
RefSeq_NZ_CP123267.1	IncN	Gram-negative	IS26	61071-61890	71139-71958	9249	sul3,aadA1,cmlA1,aadA2,dfrA12	5
RefSeq_NZ_CP123267.1	IncN	Gram-negative	IS26	71139-71958	72999-73818	1041	aph(3')-Ia	1
RefSeq_NZ_CP123267.1	IncN	Gram-negative	IS26	72999-73818	89482-90301	15664	fosA3	1
RefSeq_NZ_CP123283.1	IncX1	Gram-negative	IS26	6927-7746	11788-12610	4042	blaTEM-1,sul3	2
RefSeq_NZ_CP123283.1	IncX1	Gram-negative	IS26	11788-12610	14668-15487	2058	qnrS1	1
RefSeq_NZ_CP123283.1	IncX1	Gram-negative	IS26	14668-15487	19094-19914	3607	aadA2	1
RefSeq_NZ_CP123432.1	IncFII	Gram-negative	IS26	25044-25865	30240-31059	4375	sul2,aph(3'')-Ib,aph(6)-Id	3
RefSeq_NZ_CP123432.1	IncFII	Gram-negative	IS26	30240-31059	32100-32919	1041	aph(3')-Ia	1
RefSeq_NZ_CP123432.1	IncFII	Gram-negative	IS26	32100-32919	34673-35493	1754	aac(3)-IId	1
RefSeq_NZ_CP123432.1	IncFII	Gram-negative	IS26	34673-35493	52154-52974	16661	aac(6')-Ib-cr5,arr-3,dfrA27,aadA16,sul1,qnrB91,sul1,mrx(A),mph(A)	9
RefSeq_NZ_CP123432.1	IncFII	Gram-negative	IS26	52154-52974	71827-72648	18853	tet(A),floR,blaTEM-1,blaCTX-M-3	4
RefSeq_NZ_CP123965.1	IncX1	Gram-negative	IS26	18650-19472	20903-21721	1431	dfrA14	1
RefSeq_NZ_CP123965.1	IncX1	Gram-negative	IS26	35619-36437	48523-49344	12086	qnrS1,blaTEM,sul3	3
RefSeq_NZ_CP124133.1	IncFII	Gram-negative	IS26	2596-3416	7353-8174	3937	catB3,blaOXA-1,aac(6')-Ib-cr5	3
RefSeq_NZ_CP124133.1	IncFII	Gram-negative	IS26	84273-85092	88232-89051	3140	blaTEM-1	1
RefSeq_NZ_CP124133.1	IncFII	Gram-negative	IS26	95252-96072	101244-102063	5172	sul2,aph(3'')-Ib	2
RefSeq_NZ_CP124139.1	IncFII	Gram-negative	IS26	16349-17168	19768-20588	2600	aac(3)-IIe	1
RefSeq_NZ_CP124139.1	IncFII	Gram-negative	IS26	19768-20588	24524-25345	3936	catB3,blaOXA-1,aac(6')-Ib-cr5	3
RefSeq_NZ_CP124139.1	IncFII	Gram-negative	IS26	101448-102267	105407-106226	3140	blaTEM-1	1
RefSeq_NZ_CP124144.1	IncFII	Gram-negative	IS26	138600-139335	140376-141196	1041	aph(3')-Ia	1
RefSeq_NZ_CP124144.1	IncFII	Gram-negative	IS26	140376-141196	151940-152759	10744	mph(A),mrx(A),sul1,aadA2,dfrA12	5
RefSeq_NZ_CP124144.1	IncFII	Gram-negative	IS26	154761-155580	159353-160172	3773	blaCTX-M-15	1
RefSeq_NZ_CP124144.1	IncFII	Gram-negative	IS26	159353-160172	162772-163592	2600	aac(3)-IIe	1
RefSeq_NZ_CP124144.1	IncFII	Gram-negative	IS26	162772-163592	165779-166598	2187	aac(6')-Ib-cr5,blaOXA-1,catB3	3
RefSeq_NZ_CP124153.1	IncFII	Gram-negative	IS26	15276-16095	22823-23642	6728	dfrA14	1
RefSeq_NZ_CP124153.1	IncFII	Gram-negative	IS26	22823-23642	37123-37943	13481	qnrB1,tet(A)	2
RefSeq_NZ_CP124153.1	IncFII	Gram-negative	IS26	37123-37943	51611-52430	13668	sul2,aph(3'')-Ib,aph(6)-Id,blaTEM-1,blaCTX-M-15	5
RefSeq_NZ_CP124153.1	IncFII	Gram-negative	IS26	51611-52430	54617-55437	2187	aac(6')-Ib-cr5,blaOXA-1,catB3	3
RefSeq_NZ_CP124153.1	IncFII	Gram-negative	IS26	54617-55437	58037-58856	2600	aac(3)-IIe	1
RefSeq_NZ_CP124164.1	IncFII	Gram-negative	IS26	44196-45015	47615-48435	2600	aac(3)-IIe	1
RefSeq_NZ_CP124164.1	IncFII	Gram-negative	IS26	47615-48435	50622-51441	2187	catB3,blaOXA-1,aac(6')-Ib-cr5	3
RefSeq_NZ_CP124164.1	IncFII	Gram-negative	IS26	50622-51441	65110-65930	13669	blaCTX-M-15,blaTEM-1,aph(6)-Id,aph(3'')-Ib,sul2	5
RefSeq_NZ_CP124164.1	IncFII	Gram-negative	IS26	65110-65930	79411-80230	13481	tet(A),qnrB1	2
RefSeq_NZ_CP124164.1	IncFII	Gram-negative	IS26	79411-80230	86958-87776	6728	dfrA14	1
RefSeq_NZ_CP124170.1	IncFII	Gram-negative	IS26	48510-49302	56030-56849	6728	dfrA14	1
RefSeq_NZ_CP124170.1	IncFII	Gram-negative	IS26	56030-56849	59036-59856	2187	aac(6')-Ib-cr5,blaOXA-1,catB3	3
RefSeq_NZ_CP124170.1	IncFII	Gram-negative	IS26	59036-59856	62456-63275	2600	aac(3)-IIe	1
RefSeq_NZ_CP124170.1	IncFII	Gram-negative	IS26	62456-63275	76946-77766	13671	blaCTX-M-15,blaTEM-1,aph(6)-Id,aph(3'')-Ib,sul2	5
RefSeq_NZ_CP124178.1	IncFII	Gram-negative	IS26	92076-92895	100931-101754	8036	dfrA14	1
RefSeq_NZ_CP124178.1	IncFII	Gram-negative	IS26	100931-101754	104990-105809	3236	qnrB1	1
RefSeq_NZ_CP124178.1	IncFII	Gram-negative	IS26	109306-110125	115544-116363	5419	blaCTX-M-15	1
RefSeq_NZ_CP124178.1	IncFII	Gram-negative	IS26	115544-116363	118550-119369	2187	catB3,blaOXA-1,aac(6')-Ib-cr5	3
RefSeq_NZ_CP124368.1	IncFII	Gram-negative	IS26	5445-6264	14280-15100	8016	sul1,mrx(A),mph(A)	3
RefSeq_NZ_CP124368.1	IncFII	Gram-negative	IS26	29786-30606	33678-34500	3072	dfrA17	1
RefSeq_NZ_CP124368.1	IncFII	Gram-negative	IS26	33678-34500	38085-38904	3585	blaCTX-M-15	1
RefSeq_NZ_CP124368.1	IncFII	Gram-negative	IS26	38085-38904	41091-41910	2187	catB3,blaOXA-1,aac(6')-Ib-cr5	3
RefSeq_NZ_CP124375.1	IncFII	Gram-negative	IS26	11301-12120	14307-15126	2187	aac(6')-Ib-cr5,blaOXA-1,catB3	3
RefSeq_NZ_CP124375.1	IncFII	Gram-negative	IS26	14307-15126	18711-19533	3585	blaCTX-M-15	1
RefSeq_NZ_CP124375.1	IncFII	Gram-negative	IS26	18711-19533	30612-31432	11079	dfrA17,aadA5,sul1,mrx(A),mph(A)	5
RefSeq_NZ_CP124388.1	IncFII	Gram-negative	IS26	39826-40645	42165-42984	1520	blaCTX-M-27	1
RefSeq_NZ_CP124393.1	IncFII	Gram-negative	IS1	40339-41106	88026-88793	46920	dfrA17,aadA5,sul1,mrx(A),mph(A),blaCTX-M-27,tet(A),aph(6)-Id,aph(3'')-Ib,sul2	10
RefSeq_NZ_CP124393.1	IncFII	Gram-negative	IS26	41322-42138	52104-52924	9966	dfrA17,aadA5,sul1,mrx(A),mph(A)	5
RefSeq_NZ_CP124393.1	IncFII	Gram-negative	IS26	52104-52924	54444-55263	1520	blaCTX-M-27	1
RefSeq_NZ_CP124393.1	IncFII	Gram-negative	IS26	54444-55263	60877-61697	5614	tet(A),aph(6)-Id,aph(3'')-Ib,sul2	4
RefSeq_NZ_CP124399.1	IncFII	Gram-negative	IS1	24334-25101	53894-54661	28793	dfrA17,aadA5,sul1,mrx(A),mph(A),sul2,aph(3'')-Ib,aph(6)-Id,tet(A),blaCTX-M-27	10
RefSeq_NZ_CP124399.1	IncFII	Gram-negative	IS26	25317-26136	36102-36923	9966	dfrA17,aadA5,sul1,mrx(A),mph(A)	5
RefSeq_NZ_CP124399.1	IncFII	Gram-negative	IS26	36102-36923	42537-43356	5614	sul2,aph(3'')-Ib,aph(6)-Id,tet(A)	4
RefSeq_NZ_CP124399.1	IncFII	Gram-negative	IS26	42537-43356	44876-45695	1520	blaCTX-M-27	1
RefSeq_NZ_CP124401.1	IncFII	Gram-negative	IS1	40329-41096	63282-64050	22186	blaCTX-M-27	1
RefSeq_NZ_CP124401.1	IncFII	Gram-negative	IS26	41304-42119	43639-44457	1520	blaCTX-M-27	1
RefSeq_NZ_CP124406.1	IncFII	Gram-negative	IS26	28116-28936	38902-39723	9966	dfrA17,aadA5,sul1,mrx(A),mph(A)	5
RefSeq_NZ_CP124406.1	IncFII	Gram-negative	IS26	38902-39723	45337-46156	5614	sul2,aph(3'')-Ib,aph(6)-Id,tet(A)	4
RefSeq_NZ_CP124406.1	IncFII	Gram-negative	IS26	45337-46156	47676-48495	1520	blaCTX-M-27	1
RefSeq_NZ_CP124411.1	IncFII	Gram-negative	IS1	40342-41109	88604-89371	47495	dfrA17,aadA5,sul1,mrx(A),mph(A),sul2,aph(3'')-Ib,aph(6)-Id,tet(A),blaCTX-M-27	10
RefSeq_NZ_CP124411.1	IncFII	Gram-negative	IS26	42533-43352	52937-53758	9585	dfrA17,aadA5,sul1,mrx(A),mph(A)	5
RefSeq_NZ_CP124411.1	IncFII	Gram-negative	IS26	52937-53758	59372-60191	5614	sul2,aph(3'')-Ib,aph(6)-Id,tet(A)	4
RefSeq_NZ_CP124411.1	IncFII	Gram-negative	IS26	59372-60191	61711-62530	1520	blaCTX-M-27	1
RefSeq_NZ_CP124416.1	IncFII	Gram-negative	IS26	40795-41613	51579-52400	9966	dfrA17,aadA5,sul1,mrx(A),mph(A)	5
RefSeq_NZ_CP124416.1	IncFII	Gram-negative	IS26	51579-52400	58014-58833	5614	sul2,aph(3'')-Ib,aph(6)-Id,tet(A)	4
RefSeq_NZ_CP124416.1	IncFII	Gram-negative	IS26	58014-58833	60353-61167	1520	blaCTX-M-27	1
RefSeq_NZ_CP124421.1	IncFII	Gram-negative	IS1	39424-40186	87126-87893	46940	dfrA17,aadA5,sul1,mrx(A),mph(A),sul2,aph(3'')-Ib,aph(6)-Id,tet(A),blaCTX-M-27	10
RefSeq_NZ_CP124421.1	IncFII	Gram-negative	IS26	40402-41220	51186-52007	9966	dfrA17,aadA5,sul1,mrx(A),mph(A)	5
RefSeq_NZ_CP124421.1	IncFII	Gram-negative	IS26	51186-52007	57621-58440	5614	sul2,aph(3'')-Ib,aph(6)-Id,tet(A)	4
RefSeq_NZ_CP124421.1	IncFII	Gram-negative	IS26	57621-58440	59960-60779	1520	blaCTX-M-27	1
RefSeq_NZ_CP124425.1	IncFII	Gram-negative	IS1	40338-41104	62411-63178	21307	mrx(A),mph(A),sul2,aph(3'')-Ib,aph(6)-Id,tet(A),blaCTX-M-27	7
RefSeq_NZ_CP124425.1	IncFII	Gram-negative	IS26	41320-42139	44369-45190	2230	mrx(A),mph(A)	2
RefSeq_NZ_CP124425.1	IncFII	Gram-negative	IS26	44369-45190	50804-51623	5614	sul2,aph(3'')-Ib,aph(6)-Id,tet(A)	4
RefSeq_NZ_CP124425.1	IncFII	Gram-negative	IS26	50804-51623	53143-53962	1520	blaCTX-M-27	1
RefSeq_NZ_CP124430.1	IncFII	Gram-negative	IS1	40320-41084	70803-71570	29719	blaCTX-M-27	1
RefSeq_NZ_CP124430.1	IncFII	Gram-negative	IS26	41299-42117	43637-44456	1520	blaCTX-M-27	1
RefSeq_NZ_CP124437.1	IncFII	Gram-negative	IS26	54914-55738	57258-58077	1520	blaCTX-M-27	1
RefSeq_NZ_CP124437.1	IncFII	Gram-negative	IS26	57258-58077	63691-64516	5614	tet(A),aph(6)-Id,aph(3'')-Ib,sul2	4
RefSeq_NZ_CP124443.1	IncFII	Gram-negative	IS26	54914-55739	61353-62172	5614	sul2,aph(3'')-Ib,aph(6)-Id,tet(A)	4
RefSeq_NZ_CP124443.1	IncFII	Gram-negative	IS26	61353-62172	63692-64516	1520	blaCTX-M-27	1
RefSeq_NZ_CP124476.1	IncFII	Gram-negative	IS26	16449-17268	22882-23703	5614	tet(A),aph(6)-Id,aph(3'')-Ib,sul2	4
RefSeq_NZ_CP124476.1	IncFII	Gram-negative	IS26	22882-23703	33669-34487	9966	mph(A),mrx(A),sul1,aadA5,dfrA17	5
RefSeq_NZ_CP124476.1	IncFII	Gram-negative	IS26	59308-60125	61645-62463	1520	blaCTX-M-27	1
RefSeq_NZ_CP124476.1	IncFII	Gram-negative	IS1	58326-59092	88679-89445	29587	blaCTX-M-27	1
RefSeq_NZ_CP124482.1	IncFII	Gram-negative	IS26	38342-39056	44670-45489	5614	sul2,aph(3'')-Ib,aph(6)-Id,tet(A)	4
RefSeq_NZ_CP124482.1	IncFII	Gram-negative	IS26	44670-45489	47009-47828	1520	blaCTX-M-27	1
RefSeq_NZ_CP124488.1	IncFII	Gram-negative	IS26	5388-6207	7727-8546	1520	blaCTX-M-27	1
RefSeq_NZ_CP124518.1	IncFII	Gram-negative	IS1	39432-40199	85353-86120	45154	dfrA17,aadA5,sul1,mrx(A),mph(A),sul2,aph(3'')-Ib,aph(6)-Id,tet(A),blaCTX-M-27	10
RefSeq_NZ_CP124518.1	IncFII	Gram-negative	IS26	40415-41233	51199-52020	9966	dfrA17,aadA5,sul1,mrx(A),mph(A)	5
RefSeq_NZ_CP124518.1	IncFII	Gram-negative	IS26	51199-52020	57634-58453	5614	sul2,aph(3'')-Ib,aph(6)-Id,tet(A)	4
RefSeq_NZ_CP124518.1	IncFII	Gram-negative	IS26	57634-58453	59973-60792	1520	blaCTX-M-27	1
RefSeq_NZ_CP124697.1	IncFII	Gram-negative	IS26	42601-43420	54339-55161	10919	dfrA14	1
RefSeq_NZ_CP124697.1	IncFII	Gram-negative	IS26	54339-55161	58561-59382	3400	tet(D)	1
RefSeq_NZ_CP124701.1	IncN	Gram-negative	IS26	3721-4541	24793-25613	20252	dfrA14	1
RefSeq_NZ_CP124701.1	IncN	Gram-negative	IS26	24793-25613	41207-42044	15594	mph(A),mrx(A),sul1,blaIMP-4	4
RefSeq_NZ_CP124706.1	IncN	Gram-negative	IS26	3715-4534	27005-27825	22471	blaIMP-4	1
RefSeq_NZ_CP124828.1	IncFII	Gram-negative	IS1	64763-65475	86728-87495	21253	sul1,aadA2,dfrA12,catA1	4
RefSeq_NZ_CP124874.1	IncN	Gram-negative	IS26	50753-51572	54949-55769	3377	fosA3,blaCTX-M-14	2
RefSeq_NZ_CP124874.1	IncN	Gram-negative	IS26	274833-275652	279029-279848	3377	blaCTX-M-14,fosA3	2
RefSeq_NZ_CP125089.1	IncFII	Gram-negative	IS26	18889-19708	47627-48446	27919	blaKPC-2,blaCTX-M-14	2
RefSeq_NZ_CP125091.1	IncN	Gram-negative	IS26	42658-43480	44869-45688	1389	catA2	1
RefSeq_NZ_CP125314.1	IncFII	Gram-negative	IS26	24278-25098	29657-30415	4559	rmtB1,blaTEM-1	2
RefSeq_NZ_CP125314.1	IncFII	Gram-negative	IS26	29657-30415	31691-32510	1276	fosA3	1
RefSeq_NZ_CP125335.1	IncFII	Gram-negative	IS26	239632-240451	241851-242674	1400	catA2	1
RefSeq_NZ_CP125335.1	IncFII	Gram-negative	IS26	241851-242674	250829-251650	8155	sul2	1
RefSeq_NZ_CP125341.1	IncFII	Gram-negative	IS26	32542-33361	34761-35584	1400	catA2	1
RefSeq_NZ_CP125341.1	IncFII	Gram-negative	IS26	34761-35584	43739-44560	8155	sul2	1
RefSeq_NZ_CP125342.1	IncFII	Gram-negative	IS26	4261-5080	20177-20997	15097	blaKPC-2,blaSHV-12	2
RefSeq_NZ_CP125342.1	IncFII	Gram-negative	IS26	41576-42396	46204-47023	3808	rmtB1,blaTEM-1	2
RefSeq_NZ_CP125346.1	IncFII	Gram-negative	IS26	9776-10596	14404-15223	3808	rmtB1,blaTEM-1	2
RefSeq_NZ_CP125346.1	IncFII	Gram-negative	IS26	29604-30426	38901-39721	8475	blaSHV-12	1
RefSeq_NZ_CP125348.1	IncFII	Gram-negative	IS26	26442-27261	28661-29484	1400	catA2	1
RefSeq_NZ_CP125348.1	IncFII	Gram-negative	IS26	28661-29484	37639-38460	8155	sul2	1
RefSeq_NZ_CP125352.1	IncX1	Gram-negative	IS1	6166-6929	37994-38761	31065	tet(A),dfrA12,aadA2,cmlA1,aadA1,tet(M)	6
RefSeq_NZ_CP125352.1	IncX1	Gram-negative	IS26	49226-50045	55953-56773	5908	floR	1
RefSeq_NZ_CP125674.1	IncFII	Gram-negative	IS26	40745-41564	42964-43783	1400	catA2	1
RefSeq_NZ_CP125674.1	IncFII	Gram-negative	IS26	42964-43783	50018-50838	6235	aac(3)-IId,blaTEM-1	2
RefSeq_NZ_CP125677.1	IncFII	Gram-negative	IS26	93063-93882	95282-96101	1400	catA2	1
RefSeq_NZ_CP125677.1	IncFII	Gram-negative	IS26	95282-96101	102336-103156	6235	aac(3)-IId,blaTEM-1	2
RefSeq_NZ_CP125683.1	IncFII	Gram-negative	IS26	36534-37353	38753-39572	1400	catA2	1
RefSeq_NZ_CP125683.1	IncFII	Gram-negative	IS26	38753-39572	45807-46627	6235	aac(3)-IId,blaTEM-1	2
RefSeq_NZ_CP125690.1	IncFII	Gram-negative	IS26	18353-19172	20572-21391	1400	catA2	1
RefSeq_NZ_CP125690.1	IncFII	Gram-negative	IS26	20572-21391	27626-28446	6235	aac(3)-IId,blaTEM-1	2
RefSeq_NZ_CP125698.1	IncFII	Gram-negative	IS26	41942-42761	44161-44980	1400	catA2	1
RefSeq_NZ_CP125698.1	IncFII	Gram-negative	IS26	44161-44980	51215-52035	6235	aac(3)-IId,blaTEM-1	2
RefSeq_NZ_CP125703.1	IncFII	Gram-negative	IS26	93068-93887	95287-96106	1400	catA2	1
RefSeq_NZ_CP125703.1	IncFII	Gram-negative	IS26	95287-96106	102341-103161	6235	aac(3)-IId,blaTEM-1	2
RefSeq_NZ_CP125707.1	IncFII	Gram-negative	IS26	111170-111989	113389-114208	1400	catA2	1
RefSeq_NZ_CP125708.1	IncFII	Gram-negative	IS26	90151-90970	92370-93189	1400	catA2	1
RefSeq_NZ_CP125708.1	IncFII	Gram-negative	IS26	92370-93189	99424-100244	6235	aac(3)-IId,blaTEM-1	2
RefSeq_NZ_CP125712.1	IncFII	Gram-negative	IS26	25778-26597	27997-28816	1400	catA2	1
RefSeq_NZ_CP125712.1	IncFII	Gram-negative	IS26	27997-28816	35051-35871	6235	aac(3)-IId,blaTEM-1	2
RefSeq_NZ_CP125716.1	IncFII	Gram-negative	IS26	61445-62265	68500-69319	6235	blaTEM-1,aac(3)-IId	2
RefSeq_NZ_CP125716.1	IncFII	Gram-negative	IS26	68500-69319	70719-71538	1400	catA2	1
RefSeq_NZ_CP125782.1	IncN	Gram-negative	IS26	20920-21739	28968-29805	7229	qnrS1	1
RefSeq_NZ_CP125884.1	IncFII	Gram-negative	IS26	18858-19677	22445-23264	2768	blaCTX-M-55	1
RefSeq_NZ_CP125884.1	IncFII	Gram-negative	IS26	22445-23264	26152-26973	2888	rmtB1,blaTEM-1	2
RefSeq_NZ_CP125886.1	IncFII	Gram-negative	IS26	8634-9415	22160-22980	12745	qnrS1,mrx(A),mph(A)	3
RefSeq_NZ_CP125886.1	IncFII	Gram-negative	IS26	23871-24692	27188-28007	2496	fosA3	1
RefSeq_NZ_CP125886.1	IncFII	Gram-negative	IS26	27188-28007	30775-31595	2768	blaCTX-M-55	1
RefSeq_NZ_CP125888.1	IncFII	Gram-negative	IS26	4382-5201	9226-10045	4025	blaCTX-M-65	1
RefSeq_NZ_CP125888.1	IncFII	Gram-negative	IS26	9226-10045	11321-12140	1276	fosA3	1
RefSeq_NZ_CP125888.1	IncFII	Gram-negative	IS26	11321-12140	16924-17744	4784	blaTEM-1,rmtB1	2
RefSeq_NZ_CP125892.1	IncFII	Gram-negative	IS26	10753-11572	16865-17684	5293	dfrA14,aadA1,blaOXA-10,cmlA5,arr-2	5
RefSeq_NZ_CP125892.1	IncFII	Gram-negative	IS26	38463-39282	42123-42942	2841	rmtB1,blaTEM-1	2
RefSeq_NZ_CP125892.1	IncFII	Gram-negative	IS26	43838-44657	47425-48245	2768	blaCTX-M-55	1
RefSeq_NZ_CP125894.1	IncX1	Gram-negative	IS26	4393-5212	18173-18992	12961	floR,tet(A),aph(6)-Id,aph(3'')-Ib,sul2	5
RefSeq_NZ_CP125894.1	IncX1	Gram-negative	IS26	18173-18992	24186-25005	5194	oqxA2,oqxB	2
RefSeq_NZ_CP125894.1	IncX1	Gram-negative	IS26	24186-25005	55680-56503	30675	aph(3')-IIa	1
RefSeq_NZ_CP125894.1	IncX1	Gram-negative	IS26	55680-56503	58999-59818	2496	fosA3	1
RefSeq_NZ_CP125894.1	IncX1	Gram-negative	IS26	58999-59818	63838-64472	4020	blaCTX-M-55	1
RefSeq_NZ_CP126059.1	IncFII	Gram-negative	IS26	62172-62992	77245-78037	14253	sul2,aph(3'')-Ib,aph(6)-Id,blaTEM-1,blaCTX-M-15	5
RefSeq_NZ_CP126059.1	IncFII	Gram-negative	IS26	77245-78037	84894-85713	6857	dfrA14	1
RefSeq_NZ_CP126059.1	IncFII	Gram-negative	IS26	84894-85713	91807-92626	6094	qnrB1	1
RefSeq_NZ_CP126344.1	IncX1	Gram-negative	IS26	20540-21363	34972-35791	13609	floR,tet(A),aph(6)-Id,aph(3'')-Ib,sul2,blaTEM-1	6
RefSeq_NZ_CP126344.1	IncX1	Gram-negative	IS26	40861-41680	46227-47046	4547	tet(M)	1
RefSeq_NZ_CP126344.1	IncX1	Gram-negative	IS26	71506-72325	118888-119709	46563	sul3,aadA1,cmlA1,aadA2,dfrA12	5
RefSeq_NZ_CP126344.1	IncX1	Gram-negative	IS26	118888-119709	122106-122925	2397	qnrS2	1
RefSeq_NZ_CP126344.1	IncX1	Gram-negative	IS1	64038-64805	90296-91059	25491	sul3,aadA1,cmlA1,aadA2,dfrA12	5
RefSeq_NZ_CP126344.1	IncX1	Gram-negative	IS1	90296-91059	126655-127422	35596	qnrS2	1
RefSeq_NZ_CP126347.1	IncX1	Gram-negative	IS26	4875-5694	51586-52405	45892	qnrS,tet(A),aph(3')-Ia,blaCTX-M-55	4
RefSeq_NZ_CP126349.1	IncX1	Gram-negative	IS26	7300-8120	27548-28367	19428	aph(3')-IIa	1
RefSeq_NZ_CP126349.1	IncX1	Gram-negative	IS26	27548-28367	31135-31954	2768	blaCTX-M-55	1
RefSeq_NZ_CP126349.1	IncX1	Gram-negative	IS26	31135-31954	45032-45855	13078	dfrA14	1
RefSeq_NZ_CP126755.1	IncFII	Gram-negative	IS26	949-1768	8964-9792	7196	dfrA14	1
RefSeq_NZ_CP126755.1	IncFII	Gram-negative	IS26	8964-9792	13306-14125	3514	tet(D)	1
RefSeq_NZ_CP126755.1	IncFII	Gram-negative	IS26	54176-54995	72673-73492	17678	sul2,aph(3'')-Ib,aph(6)-Id,blaTEM-1	4
RefSeq_NZ_CP126759.1	IncFII	Gram-negative	IS26	949-1768	8964-9792	7196	dfrA14	1
RefSeq_NZ_CP126759.1	IncFII	Gram-negative	IS26	8964-9792	13306-14125	3514	tet(D)	1
RefSeq_NZ_CP126759.1	IncFII	Gram-negative	IS26	54176-54995	72673-73492	17678	sul2,aph(3'')-Ib,aph(6)-Id,blaTEM-1	4
RefSeq_NZ_CP126762.1	IncFII	Gram-negative	IS26	40991-41810	49490-50309	7680	dfrA14	1
RefSeq_NZ_CP126762.1	IncFII	Gram-negative	IS26	49490-50309	56180-56999	5871	qnrB1	1
RefSeq_NZ_CP126762.1	IncFII	Gram-negative	IS26	56180-56999	59186-60005	2187	aac(6')-Ib-cr5,blaOXA-1,catB3	3
RefSeq_NZ_CP126762.1	IncFII	Gram-negative	IS26	59186-60005	63724-64543	3719	blaCTX-M-15	1
RefSeq_NZ_CP126762.1	IncFII	Gram-negative	IS26	63724-64543	67143-67963	2600	aac(3)-IIe	1
RefSeq_NZ_CP126762.1	IncFII	Gram-negative	IS26	67143-67963	78221-79040	10258	blaTEM-1,aph(6)-Id,aph(3'')-Ib,sul2	4
RefSeq_NZ_CP126762.1	IncFII	Gram-negative	IS26	78221-79040	80440-81259	1400	catA2	1
RefSeq_NZ_CP126768.1	IncFII	Gram-negative	IS26	41787-42606	50286-51105	7680	dfrA14	1
RefSeq_NZ_CP126768.1	IncFII	Gram-negative	IS26	50286-51105	56976-57795	5871	qnrB1	1
RefSeq_NZ_CP126768.1	IncFII	Gram-negative	IS26	56976-57795	59982-60802	2187	aac(6')-Ib-cr5,blaOXA-1,catB3	3
RefSeq_NZ_CP126768.1	IncFII	Gram-negative	IS26	59982-60802	63402-64221	2600	aac(3)-IIe	1
RefSeq_NZ_CP126768.1	IncFII	Gram-negative	IS26	63402-64221	78189-79008	13968	blaCTX-M-15,blaTEM-1,aph(6)-Id,aph(3'')-Ib,sul2	5
RefSeq_NZ_CP126768.1	IncFII	Gram-negative	IS26	78189-79008	80408-81227	1400	catA2	1
RefSeq_NZ_CP126870.1	IncFII	Gram-negative	IS26	22688-23507	31187-32006	7680	dfrA14	1
RefSeq_NZ_CP126870.1	IncFII	Gram-negative	IS26	31187-32006	37877-38696	5871	qnrB1	1
RefSeq_NZ_CP126870.1	IncFII	Gram-negative	IS26	37877-38696	40883-41703	2187	aac(6')-Ib-cr5,blaOXA-1,catB3	3
RefSeq_NZ_CP126870.1	IncFII	Gram-negative	IS26	40883-41703	44303-45122	2600	aac(3)-IIe	1
RefSeq_NZ_CP126870.1	IncFII	Gram-negative	IS26	44303-45122	59090-59909	13968	blaCTX-M-15,blaTEM-1,aph(6)-Id,aph(3'')-Ib,sul2	5
RefSeq_NZ_CP126870.1	IncFII	Gram-negative	IS26	59090-59909	61309-62128	1400	catA2	1
RefSeq_NZ_CP126874.1	IncFII	Gram-negative	IS1	4681-5448	25776-26543	20328	blaOXA-48	1
RefSeq_NZ_CP126874.1	IncFII	Gram-negative	IS26	53648-54467	62147-62966	7680	dfrA14	1
RefSeq_NZ_CP126874.1	IncFII	Gram-negative	IS26	62147-62966	68837-69656	5871	qnrB1	1
RefSeq_NZ_CP126874.1	IncFII	Gram-negative	IS26	68837-69656	71843-72663	2187	aac(6')-Ib-cr5,blaOXA-1,catB3	3
RefSeq_NZ_CP126874.1	IncFII	Gram-negative	IS26	71843-72663	75263-76082	2600	aac(3)-IIe	1
RefSeq_NZ_CP126874.1	IncFII	Gram-negative	IS26	75263-76082	90050-90869	13968	blaCTX-M-15,blaTEM-1,aph(6)-Id,aph(3'')-Ib,sul2	5
RefSeq_NZ_CP126874.1	IncFII	Gram-negative	IS26	90050-90869	92269-93088	1400	catA2	1
RefSeq_NZ_CP127000.1	IncFII	Gram-negative	IS26	22924-23747	41562-42383	17815	tet(X4)	1
RefSeq_NZ_CP127000.1	IncFII	Gram-negative	IS26	41562-42383	44604-45423	2221	aac(3)-IId	1
RefSeq_NZ_CP127109.1	IncFII	Gram-negative	IS26	22688-23507	31187-32006	7680	dfrA14	1
RefSeq_NZ_CP127109.1	IncFII	Gram-negative	IS26	31187-32006	37877-38696	5871	qnrB1	1
RefSeq_NZ_CP127109.1	IncFII	Gram-negative	IS26	37877-38696	40883-41703	2187	aac(6')-Ib-cr5,blaOXA-1,catB3	3
RefSeq_NZ_CP127109.1	IncFII	Gram-negative	IS26	40883-41703	44303-45122	2600	aac(3)-IIe	1
RefSeq_NZ_CP127109.1	IncFII	Gram-negative	IS26	44303-45122	59090-59909	13968	blaCTX-M-15,blaTEM-1,aph(6)-Id,aph(3'')-Ib,sul2	5
RefSeq_NZ_CP127109.1	IncFII	Gram-negative	IS26	59090-59909	61309-62128	1400	catA2	1
RefSeq_NZ_CP127113.1	IncFII	Gram-negative	IS26	22688-23507	28904-29723	5397	blaCTX-M-15	1
RefSeq_NZ_CP127113.1	IncFII	Gram-negative	IS26	28904-29723	32323-33143	2600	aac(3)-IIe	1
RefSeq_NZ_CP127113.1	IncFII	Gram-negative	IS26	32323-33143	35330-36149	2187	catB3,blaOXA-1,aac(6')-Ib-cr5	3
RefSeq_NZ_CP127113.1	IncFII	Gram-negative	IS26	35330-36149	42020-42839	5871	qnrB1	1
RefSeq_NZ_CP127113.1	IncFII	Gram-negative	IS26	42020-42839	50519-51338	7680	dfrA14	1
RefSeq_NZ_CP127113.1	IncFII	Gram-negative	IS26	50519-51338	59918-60737	8580	blaTEM-1,aph(6)-Id,aph(3'')-Ib,sul2	4
RefSeq_NZ_CP127113.1	IncFII	Gram-negative	IS26	59918-60737	62137-62956	1400	catA2	1
RefSeq_NZ_CP127155.1	IncFII	Gram-negative	IS26	4393-5212	9237-10056	4025	blaCTX-M-65	1
RefSeq_NZ_CP127155.1	IncFII	Gram-negative	IS26	13318-14137	16496-17315	2359	rmtB1,blaTEM-1	2
RefSeq_NZ_CP127155.1	IncFII	Gram-negative	IS26	48302-49121	64218-65037	15097	blaSHV-12,blaKPC-2	2
RefSeq_NZ_CP127156.1	IncFII	Gram-negative	IS26	13755-14574	22729-23552	8155	sul2	1
RefSeq_NZ_CP127156.1	IncFII	Gram-negative	IS26	22729-23552	24952-25773	1400	catA2	1
RefSeq_NZ_CP127230.1	IncFII	Gram-negative	IS26	5221-6040	9967-10786	3927	blaKPC-2	1
RefSeq_NZ_CP127230.1	IncFII	Gram-negative	IS26	9967-10786	14811-15630	4025	blaCTX-M-65	1
RefSeq_NZ_CP127230.1	IncFII	Gram-negative	IS26	14811-15630	19557-20376	3927	blaKPC-2	1
RefSeq_NZ_CP127230.1	IncFII	Gram-negative	IS26	19557-20376	24401-25220	4025	blaCTX-M-65	1
RefSeq_NZ_CP127230.1	IncFII	Gram-negative	IS26	26205-27024	30832-31652	3808	blaTEM-1,rmtB1	2
RefSeq_NZ_CP127231.1	IncFII	Gram-negative	IS1	144689-145455	190275-191042	44820	sul2,aph(3'')-Ib,aph(6)-Id,tet(A),floR,dfrA14,aadA1,blaOXA-10,cmlA5,arr-2,blaLAP-2,qnrS1	12
RefSeq_NZ_CP127231.1	IncFII	Gram-negative	IS26	161758-162581	168381-169200	5800	dfrA14,aadA1,blaOXA-10,cmlA5,arr-2	5
RefSeq_NZ_CP127231.1	IncFII	Gram-negative	IS26	168381-169200	182077-182899	12877	blaLAP-2,qnrS1	2
RefSeq_NZ_CP127236.1	IncFII	Gram-negative	IS26	112492-113312	117120-117939	3808	rmtB1,blaTEM-1	2
RefSeq_NZ_CP127236.1	IncFII	Gram-negative	IS26	118924-119743	123768-124587	4025	blaCTX-M-65	1
RefSeq_NZ_CP127236.1	IncFII	Gram-negative	IS26	123768-124587	128514-129333	3927	blaKPC-2	1
RefSeq_NZ_CP127237.1	IncFII	Gram-negative	IS1	64763-65475	100294-101061	34819	aph(3')-Ia,dfrA12,aadA2,sul1,mrx(A),mph(A)	6
RefSeq_NZ_CP127237.1	IncFII	Gram-negative	IS26	76489-77224	78265-79084	1041	aph(3')-Ia	1
RefSeq_NZ_CP127237.1	IncFII	Gram-negative	IS26	78265-79084	91334-92154	12250	dfrA12,aadA2,sul1,mrx(A),mph(A)	5
RefSeq_NZ_CP127494.1	IncFII	Gram-negative	IS26	28346-29166	32176-33007	3010	blaCTX-M-15	1
RefSeq_NZ_CP127494.1	IncFII	Gram-negative	IS26	32176-33007	39681-40501	6674	blaTEM-1	1
RefSeq_NZ_CP127494.1	IncFII	Gram-negative	IS26	39681-40501	44887-45706	4386	sul2,aph(3'')-Ib,aph(6)-Id	3
RefSeq_NZ_CP127494.1	IncFII	Gram-negative	IS26	44887-45706	49833-50653	4127	mrx(A),mph(A)	2
RefSeq_NZ_CP127494.1	IncFII	Gram-negative	IS26	49833-50653	60324-61147	9671	blaNDM-5,ble,sul1,aadA2,dfrA12	5
RefSeq_NZ_CP127494.1	IncFII	Gram-negative	IS26	60324-61147	62906-63725	1759	blaTEM-1	1
RefSeq_NZ_CP127494.1	IncFII	Gram-negative	IS26	62906-63725	68793-69612	5068	aac(3)-IId	1
RefSeq_NZ_CP127502.1	IncFII	Gram-negative	IS26	91960-92779	107387-108207	14608	qnrS1,aph(3')-VI,blaNDM-1,ble	4
RefSeq_NZ_CP127502.1	IncFII	Gram-negative	IS1	198250-199017	217400-218167	18383	blaTEM-1,blaOXA,aadA1,aac(6')-Ib,blaCTX-M-15	5
RefSeq_NZ_CP127850.1	IncFII	Gram-negative	IS26	23398-24217	28344-29164	4127	mrx(A),mph(A)	2
RefSeq_NZ_CP127850.1	IncFII	Gram-negative	IS26	28344-29164	31070-31890	1906	blaTEM-1	1
RefSeq_NZ_CP127850.1	IncFII	Gram-negative	IS26	31070-31890	36276-37095	4386	sul2,aph(3'')-Ib,aph(6)-Id	3
RefSeq_NZ_CP127850.1	IncFII	Gram-negative	IS1	38092-38859	41727-42494	2868	tet(B)	1
RefSeq_NZ_CP128193.1	IncFII	Gram-negative	IS26	6197-7016	8292-9111	1276	fosA3	1
RefSeq_NZ_CP128193.1	IncFII	Gram-negative	IS26	8292-9111	13985-14807	4874	blaTEM-1,rmtB1	2
RefSeq_NZ_CP128193.1	IncFII	Gram-negative	IS26	33703-34537	38012-38831	3475	blaKPC-2	1
RefSeq_NZ_CP128565.1	IncN	Gram-negative	IS26	8198-9018	17592-18413	8574	blaKPC-2	1
RefSeq_NZ_CP128565.1	IncN	Gram-negative	IS26	71440-72259	76284-77103	4025	blaCTX-M-65	1
RefSeq_NZ_CP128565.1	IncN	Gram-negative	IS26	76284-77103	78379-79198	1276	fosA3	1
RefSeq_NZ_CP128565.1	IncN	Gram-negative	IS26	111793-112616	122287-123106	9671	dfrA12,aadA2,sul1,ble,blaNDM-5	5
RefSeq_NZ_CP128565.1	IncN	Gram-negative	IS26	122287-123106	127700-128519	4594	rmtB1,blaTEM-1	2
RefSeq_NZ_CP128898.1	IncFII	Gram-negative	IS1	40335-41102	67538-68305	26436	blaTEM-1	1
RefSeq_NZ_CP128913.1	IncFII	Gram-negative	IS1	62390-63157	68747-69514	5590	tet(B)	1
RefSeq_NZ_CP128913.1	IncFII	Gram-negative	IS1	68747-69514	105703-106470	36189	dfrA7,blaTEM-1,sul2,aph(3'')-Ib,aph(6)-Id	5
RefSeq_NZ_CP128913.1	IncFII	Gram-negative	IS26	72495-73314	75231-76051	1917	blaTEM-1	1
RefSeq_NZ_CP128913.1	IncFII	Gram-negative	IS26	75231-76051	80437-81256	4386	sul2,aph(3'')-Ib,aph(6)-Id	3
RefSeq_NZ_CP129274.1	IncX1	Gram-negative	IS26	54110-54929	60181-61005	5252	oqxB,oqxA2	2
RefSeq_NZ_CP129274.1	IncX1	Gram-negative	IS26	76798-77619	80115-80934	2496	fosA3	1
RefSeq_NZ_CP129274.1	IncX1	Gram-negative	IS26	80115-80934	83702-84522	2768	blaCTX-M-55	1
RefSeq_NZ_CP129516.1	IncFII	Gram-negative	IS26	10946-11765	17635-18454	5870	qnrB1	1
RefSeq_NZ_CP129516.1	IncFII	Gram-negative	IS26	17635-18454	21054-21874	2600	aac(3)-IIe	1
RefSeq_NZ_CP129697.1	IncFII	Gram-negative	IS26	20368-21188	34684-35503	13496	qnrB4,blaDHA-1	2
RefSeq_NZ_CP129707.1	IncFII	Gram-negative	IS26	53215-54034	94943-95762	40909	tet(A),sul1,qnrB6,sul1,aadA16,dfrA27,arr-3,aac(6')-Ib-cr5	8
RefSeq_NZ_CP129713.1	IncFII	Gram-negative	IS26	53502-54321	95232-96051	40911	tet(A),sul1,qnrB6,sul1,aadA16,dfrA27,arr-3,aac(6')-Ib-cr5	8
RefSeq_NZ_CP129720.1	IncFII	Gram-negative	IS26	64428-65248	78745-79564	13497	qnrB4,blaDHA-1	2
RefSeq_NZ_CP129723.1	IncFII	Gram-negative	IS26	64371-65191	78688-79507	13497	qnrB4,blaDHA-1	2
RefSeq_NZ_CP129728.1	IncFII	Gram-negative	IS26	64405-65225	78722-79541	13497	qnrB4,blaDHA-1	2
RefSeq_NZ_CP129737.1	IncFII	Gram-negative	IS26	69723-70542	84039-84859	13497	blaDHA-1,qnrB4	2
RefSeq_NZ_CP129742.1	IncFII	Gram-negative	IS26	12739-13558	20129-20949	6571	blaKPC-2	1
RefSeq_NZ_CP129742.1	IncFII	Gram-negative	IS26	20129-20949	24974-25793	4025	blaCTX-M-90	1
RefSeq_NZ_CP129754.1	IncFII	Gram-negative	IS26	32885-33707	40976-41795	7269	blaKPC-2	1
RefSeq_NZ_CP129761.1	IncFII	Gram-negative	IS26	97909-98728	112225-113045	13497	blaDHA-1,qnrB4	2
RefSeq_NZ_CP129773.1	IncFII	Gram-negative	IS26	6589-7408	13979-14800	6571	blaKPC-2	1
RefSeq_NZ_CP129773.1	IncFII	Gram-negative	IS26	16791-17610	21635-22454	4025	blaCTX-M-24	1
RefSeq_NZ_CP129776.1	IncFII	Gram-negative	IS26	64487-65307	78804-79623	13497	qnrB4,blaDHA-1	2
RefSeq_NZ_CP129780.1	IncFII	Gram-negative	IS26	71102-71922	85419-86238	13497	qnrB4,blaDHA-1	2
RefSeq_NZ_CP129786.1	IncFII	Gram-negative	IS26	7532-8351	21846-22666	13495	blaDHA-1,qnrB4	2
RefSeq_NZ_CP129788.1	IncFII	Gram-negative	IS26	64389-65209	78733-79552	13524	qnrB4,blaDHA-1	2
RefSeq_NZ_CP129791.1	IncFII	Gram-negative	IS26	2251-3073	9708-10527	6635	qnrB1	1
RefSeq_NZ_CP129791.1	IncFII	Gram-negative	IS26	9708-10527	17255-18047	6728	dfrA14	1
RefSeq_NZ_CP129791.1	IncFII	Gram-negative	IS26	17255-18047	23982-24801	5935	blaCTX-M-15	1
RefSeq_NZ_CP129791.1	IncFII	Gram-negative	IS26	224961-225781	234108-234927	8327	sul2,aph(3'')-Ib,aph(6)-Id,blaTEM-1	4
RefSeq_NZ_CP129791.1	IncFII	Gram-negative	IS26	236989-237808	240408-241161	2600	aac(3)-IIe	1
RefSeq_NZ_CP129800.1	IncFII	Gram-negative	IS26	134341-135161	143488-144307	8327	sul2,aph(3'')-Ib,aph(6)-Id,blaTEM-1	4
RefSeq_NZ_CP129800.1	IncFII	Gram-negative	IS26	146369-147188	149788-150608	2600	aac(3)-IIe	1
RefSeq_NZ_CP129800.1	IncFII	Gram-negative	IS26	149788-150608	152795-153617	2187	catB3,blaOXA-1,aac(6')-Ib-cr5	3
RefSeq_NZ_CP129800.1	IncFII	Gram-negative	IS26	152795-153617	160252-161071	6635	qnrB1	1
RefSeq_NZ_CP129800.1	IncFII	Gram-negative	IS26	160252-161071	167799-168591	6728	dfrA14	1
RefSeq_NZ_CP129800.1	IncFII	Gram-negative	IS26	167799-168591	174526-175345	5935	blaCTX-M-15	1
RefSeq_NZ_CP129816.1	IncFII	Gram-negative	IS26	2182-3002	7029-7848	4027	blaCTX-M	1
RefSeq_NZ_CP129820.1	IncFII	Gram-negative	IS26	51664-52483	60148-60967	7665	blaDHA-1,qnrB4	2
RefSeq_NZ_CP129820.1	IncFII	Gram-negative	IS26	60148-60967	64099-64918	3132	aph(6)-Id,blaTEM-1	2
RefSeq_NZ_CP129820.1	IncFII	Gram-negative	IS26	64099-64918	75632-76451	10714	aac(3)-IId,floR,sul2	3
RefSeq_NZ_CP129820.1	IncFII	Gram-negative	IS26	75632-76451	77492-78312	1041	aph(3')-Ia	1
RefSeq_NZ_CP129823.1	IncFII	Gram-negative	IS26	37031-37851	39626-40445	1775	dfrA17	1
RefSeq_NZ_CP129823.1	IncFII	Gram-negative	IS26	49386-50212	53569-54391	3357	blaKPC-2	1
RefSeq_NZ_CP129831.1	IncFII	Gram-negative	IS26	74339-75159	76934-77753	1775	dfrA17	1
RefSeq_NZ_CP129839.1	IncFII	Gram-negative	IS26	11717-12539	27636-28455	15097	blaSHV-12,blaKPC-2	2
RefSeq_NZ_CP129839.1	IncFII	Gram-negative	IS26	80305-81127	85856-86678	4729	blaSHV-12	1
RefSeq_NZ_CP129844.1	IncFII	Gram-negative	IS26	3125-3944	9219-10038	5275	blaKPC-2	1
RefSeq_NZ_CP129858.1	IncFII	Gram-negative	IS26	127205-128025	141694-142513	13669	sul2,aph(3'')-Ib,aph(6)-Id,blaTEM-1,blaCTX-M-15	5
RefSeq_NZ_CP129858.1	IncFII	Gram-negative	IS26	141694-142513	148635-149454	6122	qnrB1	1
RefSeq_NZ_CP129956.1	IncFII	Gram-negative	IS26	79869-80688	116402-117221	35714	mcr-9.1,qseC,qseB	3
RefSeq_NZ_CP130062.1	IncFII	Gram-negative	IS26	5929-6759	31377-32197	24618	dfrA14,mrx(A),mph(A)	3
RefSeq_NZ_CP130062.1	IncFII	Gram-negative	IS26	119985-120804	139727-140546	18923	blaTEM-1,aph(6)-Id,aph(3'')-Ib,sul2	4
RefSeq_NZ_CP130062.1	IncFII	Gram-negative	IS1	134078-134845	147381-148148	12536	blaTEM-1,aph(6)-Id,aph(3'')-Ib,sul2	4
RefSeq_NZ_CP130158.1	IncFII	Gram-negative	IS26	21942-22762	25530-26349	2768	blaCTX-M-55	1
RefSeq_NZ_CP130259.1	IncFII	Gram-negative	IS26	4393-5212	9237-10056	4025	blaCTX-M-65	1
RefSeq_NZ_CP130259.1	IncFII	Gram-negative	IS26	11041-11860	15668-16488	3808	blaTEM-1,rmtB1	2
RefSeq_NZ_CP130259.1	IncFII	Gram-negative	IS26	39283-40102	55198-56017	15096	blaSHV-12,blaKPC-2	2
RefSeq_NZ_CP130261.1	IncFII	Gram-negative	IS26	34721-35542	36942-37762	1400	catA2	1
RefSeq_NZ_CP130261.1	IncFII	Gram-negative	IS26	37782-38605	46760-47579	8155	sul2	1
RefSeq_NZ_CP130261.1	IncFII	Gram-negative	IS26	46760-47579	50304-51123	2725	dfrA14	1
RefSeq_NZ_CP130265.1	IncFII	Gram-negative	IS26	4393-5212	9237-10056	4025	blaCTX-M-65	1
RefSeq_NZ_CP130265.1	IncFII	Gram-negative	IS26	11041-11860	15668-16488	3808	blaTEM-1,rmtB1	2
RefSeq_NZ_CP130265.1	IncFII	Gram-negative	IS26	39283-40102	55199-56018	15097	blaSHV-12,blaKPC-2	2
RefSeq_NZ_CP130267.1	IncFII	Gram-negative	IS26	5915-6734	9459-10278	2725	dfrA14	1
RefSeq_NZ_CP130267.1	IncFII	Gram-negative	IS26	81811-82632	84032-84852	1400	catA2	1
RefSeq_NZ_CP130563.1	IncFII	Gram-negative	IS26	23827-24648	29034-29853	4386	sul2,aph(3'')-Ib,aph(6)-Id	3
RefSeq_NZ_CP130563.1	IncFII	Gram-negative	IS26	29034-29853	30894-31713	1041	aph(3')-Ia	1
RefSeq_NZ_CP130563.1	IncFII	Gram-negative	IS26	30894-31713	33467-34287	1754	aac(3)-IId	1
RefSeq_NZ_CP130563.1	IncFII	Gram-negative	IS26	33467-34287	45227-46048	10940	aac(6')-Ib-cr5,arr-3,dfrA27,aadA16,sul1,mrx(A),mph(A)	7
RefSeq_NZ_CP130563.1	IncFII	Gram-negative	IS26	45227-46048	53860-54681	7812	qnrS1	1
RefSeq_NZ_CP130664.1	IncFII	Gram-negative	IS26	17975-18796	20195-21018	1399	catA2	1
RefSeq_NZ_CP130664.1	IncFII	Gram-negative	IS26	20195-21018	29172-29991	8154	sul2	1
RefSeq_NZ_CP130664.1	IncFII	Gram-negative	IS26	29172-29991	32716-33535	2725	dfrA14	1
RefSeq_NZ_CP130665.1	IncFII	Gram-negative	IS26	18151-18971	35632-36452	16661	aac(6')-Ib-cr5,arr-3,dfrA27,aadA16,sul1,qnrB91,sul1,mrx(A),mph(A)	9
RefSeq_NZ_CP130665.1	IncFII	Gram-negative	IS26	35632-36452	37493-38313	1041	aph(3')-Ia	1
RefSeq_NZ_CP130686.1	IncFII	Gram-negative	IS26	78746-79565	87720-88543	8155	sul2	1
RefSeq_NZ_CP130686.1	IncFII	Gram-negative	IS26	87720-88543	89943-90764	1400	catA2	1
RefSeq_NZ_CP130686.1	IncFII	Gram-negative	IS26	89943-90764	100662-101482	9898	tet(A),blaSHV-12	2
RefSeq_NZ_CP130689.1	IncFII	Gram-negative	IS26	5696-6516	10324-11143	3808	rmtB1,blaTEM-1	2
RefSeq_NZ_CP130689.1	IncFII	Gram-negative	IS26	10324-11143	12419-13238	1276	fosA3	1
RefSeq_NZ_CP130689.1	IncFII	Gram-negative	IS26	67524-68343	74689-75508	6346	blaKPC-14	1
RefSeq_NZ_CP130692.1	IncFII	Gram-negative	IS26	9898-10719	12119-12942	1400	catA2	1
RefSeq_NZ_CP130692.1	IncFII	Gram-negative	IS26	12119-12942	21097-21916	8155	sul2	1
RefSeq_NZ_CP131917.1	IncFII	Gram-negative	IS26	7041-7864	20932-21752	13068	dfrA12,aadA2,sul1,sul1,ble,blaNDM-5	6
RefSeq_NZ_CP131917.1	IncFII	Gram-negative	IS26	20932-21752	25511-26330	3759	mph(A),mrx(A)	2
RefSeq_NZ_CP131917.1	IncFII	Gram-negative	IS26	25511-26330	30284-31103	3954	blaCTX-M-15	1
RefSeq_NZ_CP131917.1	IncFII	Gram-negative	IS26	30284-31103	33290-34109	2187	catB3,blaOXA-1,aac(6')-Ib-cr5	3
RefSeq_NZ_CP131917.1	IncFII	Gram-negative	IS26	33290-34109	41517-42336	7408	tet(A)	1
RefSeq_NZ_CP131917.1	IncFII	Gram-negative	IS26	55205-56024	57413-58235	1389	catA2	1
RefSeq_NZ_CP131917.1	IncFII	Gram-negative	IS26	67917-68736	70012-70831	1276	fosA3	1
RefSeq_NZ_CP131917.1	IncFII	Gram-negative	IS26	70012-70831	74856-75675	4025	blaCTX-M-65	1
RefSeq_NZ_CP131920.1	IncFII	Gram-negative	IS26	5480-6299	8379-9199	2080	blaTEM,rmtB1	2
RefSeq_NZ_CP131920.1	IncFII	Gram-negative	IS26	35209-36033	44607-45428	8574	blaKPC-2	1
RefSeq_NZ_CP131947.1	IncFII	Gram-negative	IS26	76721-77541	91794-92586	14253	sul2,aph(3'')-Ib,aph(6)-Id,blaTEM-1,blaCTX-M-15	5
RefSeq_NZ_CP131947.1	IncFII	Gram-negative	IS26	91794-92586	99314-100133	6728	dfrA14	1
RefSeq_NZ_CP131947.1	IncFII	Gram-negative	IS26	99314-100133	102733-103553	2600	aac(3)-IIe	1
RefSeq_NZ_CP131947.1	IncFII	Gram-negative	IS26	102733-103553	105740-106559	2187	aac(6')-Ib-cr5,blaOXA-1,catB3	3
RefSeq_NZ_CP131947.1	IncFII	Gram-negative	IS26	105740-106559	119967-120786	13408	tet(A),qnrB1	2
RefSeq_NZ_CP131956.1	IncFII	Gram-negative	IS1	31976-32741	81806-82518	49065	sul2,aph(3'')-Ib,aph(6)-Id,sul1,dfrA1,tet(A)	6
RefSeq_NZ_CP131956.1	IncFII	Gram-negative	IS1	81806-82518	122657-123424	40139	qnrS1,blaLAP-2,aac(3)-IId	3
RefSeq_NZ_CP131956.1	IncFII	Gram-negative	IS26	48472-49291	96934-97753	47643	sul1,dfrA1,tet(A),qnrS1,blaLAP-2	5
RefSeq_NZ_CP131956.1	IncFII	Gram-negative	IS26	96934-97753	102237-103056	4484	aac(3)-IId	1
RefSeq_NZ_CP131958.1	IncFII	Gram-negative	IS26	15076-15896	19921-20740	4025	blaCTX-M-65	1
RefSeq_NZ_CP132000.1	IncFII	Gram-negative	IS1	12204-12971	50115-50882	37144	tet(D)	1
RefSeq_NZ_CP132000.1	IncFII	Gram-negative	IS26	14621-15440	18967-19786	3527	tet(D)	1
RefSeq_NZ_CP132044.1	IncFII	Gram-negative	IS26	10324-11143	14951-15771	3808	blaTEM-1,rmtB1	2
RefSeq_NZ_CP132044.1	IncFII	Gram-negative	IS26	38566-39385	54482-55301	15097	blaSHV-12,blaKPC-2	2
RefSeq_NZ_CP132050.1	IncFII	Gram-negative	IS26	10324-11143	14951-15771	3808	blaTEM-1,rmtB1	2
RefSeq_NZ_CP132050.1	IncFII	Gram-negative	IS26	38566-39385	54482-55301	15097	blaSHV-12,blaKPC-2	2
RefSeq_NZ_CP132051.1	IncFII	Gram-negative	IS26	60147-60966	63691-64510	2725	dfrA14	1
RefSeq_NZ_CP132051.1	IncFII	Gram-negative	IS26	63691-64510	72665-73488	8155	sul2	1
RefSeq_NZ_CP132051.1	IncFII	Gram-negative	IS26	72665-73488	74888-75709	1400	catA2	1
RefSeq_NZ_CP132217.1	IncFII	Gram-negative	IS26	39020-39841	44227-45046	4386	sul2,aph(3'')-Ib,aph(6)-Id	3
RefSeq_NZ_CP132217.1	IncFII	Gram-negative	IS26	44227-45046	46087-46906	1041	aph(3')-Ia	1
RefSeq_NZ_CP132217.1	IncFII	Gram-negative	IS26	46087-46906	48660-49480	1754	aac(3)-IId	1
RefSeq_NZ_CP132217.1	IncFII	Gram-negative	IS26	48660-49480	66141-66961	16661	aac(6')-Ib-cr5,arr-3,dfrA27,aadA16,sul1,qnrB52,sul1,mrx(A),mph(A)	9
RefSeq_NZ_CP132217.1	IncFII	Gram-negative	IS26	66141-66961	76189-77008	9228	tet(A),floR,bleO	3
RefSeq_NZ_CP132218.1	IncFII	Gram-negative	IS26	89380-90199	96962-97781	6763	aac(3)-IVa,aph(4)-Ia	2
RefSeq_NZ_CP132218.1	IncFII	Gram-negative	IS26	101137-101956	131323-132142	29367	aph(6)-Id,aph(3'')-Ib,toprJ1,tmexD1,tmexC1	5
RefSeq_NZ_CP132221.1	IncFII	Gram-negative	IS26	109001-109821	117538-118358	7717	floR,tet(A)	2
RefSeq_NZ_CP132221.1	IncFII	Gram-negative	IS26	117538-118358	135019-135839	16661	mph(A),mrx(A),sul1,qnrB91,sul1,aadA16,dfrA27,arr-3,aac(6')-Ib-cr5	9
RefSeq_NZ_CP132224.1	IncFII	Gram-negative	IS26	39020-39841	44227-45046	4386	sul2,aph(3'')-Ib,aph(6)-Id	3
RefSeq_NZ_CP132224.1	IncFII	Gram-negative	IS26	44227-45046	46087-46906	1041	aph(3')-Ia	1
RefSeq_NZ_CP132224.1	IncFII	Gram-negative	IS26	46087-46906	48660-49480	1754	aac(3)-IId	1
RefSeq_NZ_CP132224.1	IncFII	Gram-negative	IS26	48660-49480	66141-66961	16661	aac(6')-Ib-cr5,arr-3,dfrA27,aadA16,sul1,qnrB52,sul1,mrx(A),mph(A)	9
RefSeq_NZ_CP132224.1	IncFII	Gram-negative	IS26	66141-66961	96328-97147	29367	aph(6)-Id,aph(3'')-Ib,toprJ1,tmexD1,tmexC1	5
RefSeq_NZ_CP132225.1	IncFII	Gram-negative	IS26	89380-90199	96962-97781	6763	aac(3)-IVa,aph(4)-Ia	2
RefSeq_NZ_CP132225.1	IncFII	Gram-negative	IS26	101137-101956	111184-112003	9228	tet(A),floR,bleO	3
RefSeq_NZ_CP132282.1	IncFII	Gram-negative	IS26	30096-30915	59588-60408	28673	aac(6')-Ib-cr5,blaOXA-1,catB3,arr-3,sul1,qnrB4,blaDHA-1,sul1,mrx(A),mph(A)	10
RefSeq_NZ_CP132617.1	IncFII	Gram-negative	IS26	23769-24590	36635-37454	12045	mph(A),mrx(A),sul1,aadA16,dfrA27,arr-3,aac(6')-Ib-cr5	7
RefSeq_NZ_CP132626.1	IncFII	Gram-negative	IS26	15293-16112	20586-21405	4474	blaSHV-12	1
RefSeq_NZ_CP132626.1	IncFII	Gram-negative	IS26	20586-21405	31801-32620	10396	aph(3'')-Ib,aph(6)-Id,sul2	3
RefSeq_NZ_CP132655.1	IncFII	Gram-negative	IS26	3452-4272	13812-14631	9540	blaSHV-12,aac(6')-Ib	2
RefSeq_NZ_CP132662.1	IncFII	Gram-negative	IS26	56533-57352	59539-60358	2187	aac(6')-Ib-cr5,blaOXA-1,catB3	3
RefSeq_NZ_CP132665.1	IncFII	Gram-negative	IS26	88491-89313	110851-111675	21538	sul2,aph(3'')-Ib,aph(6)-Id,tet(A),floR	5
RefSeq_NZ_CP132665.1	IncFII	Gram-negative	IS26	110851-111675	114275-115095	2600	aac(3)-IIe	1
RefSeq_NZ_CP132671.1	IncFII	Gram-negative	IS26	140896-141716	146102-146922	4386	aph(6)-Id,aph(3'')-Ib,sul2	3
RefSeq_NZ_CP132671.1	IncFII	Gram-negative	IS26	146102-146922	147963-148782	1041	aph(3')-Ia	1
RefSeq_NZ_CP132671.1	IncFII	Gram-negative	IS26	147963-148782	150118-150937	1336	aac(3)-IId	1
RefSeq_NZ_CP132671.1	IncFII	Gram-negative	IS26	150118-150937	161843-162663	10906	dfrA12,aadA2,sul1,mrx(A),mph(A)	5
RefSeq_NZ_CP132689.1	IncFII	Gram-negative	IS26	155862-156684	165965-166785	9281	sul2,aph(3'')-Ib,qnrS1	3
RefSeq_NZ_CP132693.1	IncFII	Gram-negative	IS26	1039-1858	8420-9239	6562	dfrA14	1
RefSeq_NZ_CP132693.1	IncFII	Gram-negative	IS26	8420-9239	17248-18067	8009	qnrB1	1
RefSeq_NZ_CP132693.1	IncFII	Gram-negative	IS26	17248-18067	20254-21073	2187	aac(6')-Ib-cr5,blaOXA-1,catB3	3
RefSeq_NZ_CP132693.1	IncFII	Gram-negative	IS26	21227-22046	24646-25467	2600	aac(3)-IIe	1
RefSeq_NZ_CP132693.1	IncFII	Gram-negative	IS26	24646-25467	41121-41941	15654	sul2,aph(3'')-Ib,aph(6)-Id,blaTEM-1,blaCTX-M-15	5
RefSeq_NZ_CP132698.1	IncFII	Gram-negative	IS26	4912-5732	12553-13372	6821	sul2	1
RefSeq_NZ_CP132704.1	IncFII	Gram-negative	IS26	1039-1858	8420-9239	6562	dfrA14	1
RefSeq_NZ_CP132704.1	IncFII	Gram-negative	IS26	8420-9239	17248-18067	8009	qnrB1	1
RefSeq_NZ_CP132704.1	IncFII	Gram-negative	IS26	17248-18067	20254-21073	2187	aac(6')-Ib-cr5,blaOXA-1,catB3	3
RefSeq_NZ_CP132704.1	IncFII	Gram-negative	IS26	21227-22046	24646-25467	2600	aac(3)-IIe	1
RefSeq_NZ_CP132704.1	IncFII	Gram-negative	IS26	24646-25467	41120-41940	15653	sul2,aph(3'')-Ib,aph(6)-Id,blaTEM-1,blaCTX-M-15	5
RefSeq_NZ_CP132711.1	IncFII	Gram-negative	IS1	64763-65475	93829-94596	28354	aph(3')-Ia,mph(A),mrx(A),sul1,aadA2,dfrA12,catA1	7
RefSeq_NZ_CP132711.1	IncFII	Gram-negative	IS26	75162-75897	76790-77610	893	aph(3')-Ia	1
RefSeq_NZ_CP132715.1	IncFII	Gram-negative	IS26	76471-77290	81765-82584	4475	blaSHV-12	1
RefSeq_NZ_CP132715.1	IncFII	Gram-negative	IS26	81765-82584	92980-93800	10396	aph(3'')-Ib,aph(6)-Id,sul2	3
RefSeq_NZ_CP132727.1	IncFII	Gram-negative	IS26	17717-18452	24965-25784	6513	tet(A)	1
RefSeq_NZ_CP132727.1	IncFII	Gram-negative	IS26	24965-25784	27971-28790	2187	catB3,blaOXA-1,aac(6')-Ib-cr5	3
RefSeq_NZ_CP132727.1	IncFII	Gram-negative	IS26	27971-28790	49343-50163	20553	blaCTX-M-15,blaTEM-1,dfrA12,aadA2,sul1,mrx(A),mph(A)	7
RefSeq_NZ_CP132730.1	IncFII	Gram-negative	IS26	68705-69524	71957-72776	2433	aadA2	1
RefSeq_NZ_CP132730.1	IncFII	Gram-negative	IS26	71957-72776	87366-88185	14590	tet(X4),floR,tet(A),qnrS1	4
RefSeq_NZ_CP132730.1	IncFII	Gram-negative	IS26	87366-88185	90004-90823	1819	dfrA14	1
RefSeq_NZ_CP132730.1	IncFII	Gram-negative	IS26	90004-90823	98323-99142	7500	tet(A),aph(6)-Id,aph(3'')-Ib,sul2	4
RefSeq_NZ_CP132948.1	IncFII	Gram-negative	IS26	86050-86869	101640-102463	14771	sul2,aph(3'')-Ib,aph(6)-Id,tet(A),floR	5
RefSeq_NZ_CP132982.1	IncN	Gram-negative	IS26	2579-3402	11754-12535	8352	qnrS1	1
RefSeq_NZ_CP132982.1	IncN	Gram-negative	IS26	11754-12535	16088-16908	3553	mrx(A),mph(A)	2
RefSeq_NZ_CP132982.1	IncN	Gram-negative	IS26	16088-16908	19159-19978	2251	arr-2,dfrA14	2
RefSeq_NZ_CP132982.1	IncN	Gram-negative	IS26	206118-206944	208118-208937	1174	aph(3')-Ia	1
RefSeq_NZ_CP132982.1	IncN	Gram-negative	IS26	219125-219948	226411-227230	6463	floR	1
RefSeq_NZ_CP132982.1	IncN	Gram-negative	IS26	226411-227230	236060-236879	8830	blaCTX-M-55,blaTEM-1,blaLAP-2	3
RefSeq_NZ_CP132982.1	IncN	Gram-negative	IS26	236060-236879	240635-241454	3756	aac(3)-IId	1
RefSeq_NZ_CP132982.1	IncN	Gram-negative	IS26	240635-241454	244235-245054	2781	aadA22,lnu(F)	2
RefSeq_NZ_CP133207.1	IncN	Gram-negative	IS26	23697-24517	39158-39995	14641	qnrS1,ble,blaNDM-1	3
RefSeq_NZ_CP133225.1	IncN	Gram-negative	IS26	40874-41694	56335-57172	14641	qnrS1,ble,blaNDM-1	3
RefSeq_NZ_CP133281.1	IncX1	Gram-negative	IS1	7640-8407	19331-20098	10924	aadA1,cmlA1,aadA2,dfrA12	4
RefSeq_NZ_CP133338.1	IncX1	Gram-negative	IS1	13765-14532	45659-46426	31127	floR	1
RefSeq_NZ_CP133338.1	IncX1	Gram-negative	IS26	20670-21493	34107-34927	12614	floR	1
RefSeq_NZ_CP133403.1	IncFII	Gram-negative	IS26	4393-5212	9185-10004	3973	blaCTX-M-65	1
RefSeq_NZ_CP133403.1	IncFII	Gram-negative	IS26	10989-11808	15616-16436	3808	blaTEM-1,rmtB1	2
RefSeq_NZ_CP133403.1	IncFII	Gram-negative	IS26	39231-40050	55147-55966	15097	blaSHV-12,blaKPC-2	2
RefSeq_NZ_CP133742.1	IncFII	Gram-negative	IS26	202665-203485	217738-218530	14253	sul2,aph(3'')-Ib,aph(6)-Id,blaTEM-1,blaCTX-M-15	5
RefSeq_NZ_CP133742.1	IncFII	Gram-negative	IS26	217738-218530	225258-226077	6728	dfrA14	1
RefSeq_NZ_CP133742.1	IncFII	Gram-negative	IS26	225258-226077	228677-229497	2600	aac(3)-IIe	1
RefSeq_NZ_CP133742.1	IncFII	Gram-negative	IS26	228677-229497	231684-232503	2187	aac(6')-Ib-cr5,blaOXA-1,catB3	3
RefSeq_NZ_CP133742.1	IncFII	Gram-negative	IS26	231684-232503	245911-246730	13408	tet(A),qnrB1	2
RefSeq_NZ_CP133845.1	IncFII	Gram-negative	IS26	120893-121713	135967-136759	14254	sul2,aph(3'')-Ib,aph(6)-Id,blaTEM-1,blaCTX-M	5
RefSeq_NZ_CP133845.1	IncFII	Gram-negative	IS26	135967-136759	143487-144306	6728	dfrA14	1
RefSeq_NZ_CP133845.1	IncFII	Gram-negative	IS26	143487-144306	146906-147726	2600	aac(3)-IIe	1
RefSeq_NZ_CP133867.1	IncN	Gram-negative	IS26	3179-3998	25531-26140	21533	blaKPC-2	1
RefSeq_NZ_CP133867.1	IncN	Gram-negative	IS26	25531-26140	69492-70329	43352	dfrA14	1
RefSeq_NZ_CP133879.1	IncFII	Gram-negative	IS26	19242-20061	33558-34378	13497	blaDHA-1,qnrB4	2
RefSeq_NZ_CP133918.1	IncX1	Gram-negative	IS26	117002-117821	137014-137833	19193	tet(A)	1
RefSeq_NZ_CP134001.1	IncFII	Gram-negative	IS26	62182-63001	76498-77318	13497	blaDHA-1,qnrB4	2
RefSeq_NZ_CP134027.1	IncFII	Gram-negative	IS26	108058-108877	122373-123193	13496	blaDHA-1,qnrB4	2
RefSeq_NZ_CP134028.1	IncFII	Gram-negative	IS26	10692-11512	12553-13372	1041	aph(3')-Ia	1
RefSeq_NZ_CP134038.1	IncFII	Gram-negative	IS26	64465-65284	78781-79601	13497	blaDHA-1,qnrB4	2
RefSeq_NZ_CP134043.1	IncFII	Gram-negative	IS26	62182-63001	76498-77318	13497	blaDHA-1,qnrB4	2
RefSeq_NZ_CP134363.1	IncFII	Gram-negative	IS26	5439-6260	21904-22725	15644	qnrS1,blaLAP-2,tet(A)	3
RefSeq_NZ_CP134363.1	IncFII	Gram-negative	IS26	21904-22725	35164-35987	12439	sul2,floR	2
RefSeq_NZ_CP134378.1	IncX1	Gram-negative	IS26	15507-16327	18453-19275	2126	blaCTX-M-8	1
RefSeq_NZ_CP134378.1	IncX1	Gram-negative	IS26	36503-37322	46557-47377	9235	dfrA12,aadA2,cmlA1,aadA1,sul3	5
RefSeq_NZ_CP134809.1	IncFII	Gram-negative	IS26	4393-5212	9104-9923	3892	blaCTX-M-65	1
RefSeq_NZ_CP134809.1	IncFII	Gram-negative	IS26	9104-9923	24742-25561	14819	blaSHV-12,blaKPC-2	2
RefSeq_NZ_CP134810.1	IncFII	Gram-negative	IS26	69146-69967	71367-72190	1400	catA2	1
RefSeq_NZ_CP134810.1	IncFII	Gram-negative	IS26	71367-72190	80345-81164	8155	sul2	1
RefSeq_NZ_CP135170.1	IncX1	Gram-negative	IS26	18269-19088	22002-22821	2914	blaTEM-1,blaCTX-M-55	2
RefSeq_NZ_CP135226.1	IncFII	Gram-negative	IS26	41317-42141	52107-52928	9966	dfrA17,aadA5,sul1,mrx(A),mph(A)	5
RefSeq_NZ_CP135226.1	IncFII	Gram-negative	IS26	52107-52928	59585-60404	6657	sul2,aph(3'')-Ib,aph(6)-Id,tet(A)	4
RefSeq_NZ_CP135226.1	IncFII	Gram-negative	IS26	64342-65163	67365-68184	2202	blaCTX-M-27	1
RefSeq_NZ_CP135226.1	IncFII	Gram-negative	IS26	67365-68184	72625-73445	4441	erm(B)	1
RefSeq_NZ_CP135226.1	IncFII	Gram-negative	IS26	72625-73445	77572-78391	4127	mph(A),mrx(A)	2
RefSeq_NZ_CP135232.1	IncFII	Gram-negative	IS26	50231-51051	62130-62952	11079	mph(A),mrx(A),sul1,aadA5,dfrA17	5
RefSeq_NZ_CP135232.1	IncFII	Gram-negative	IS26	62130-62952	66537-67356	3585	blaCTX-M-15	1
RefSeq_NZ_CP135232.1	IncFII	Gram-negative	IS26	66537-67356	68563-69382	1207	catB3	1
RefSeq_NZ_CP135234.1	IncFII	Gram-negative	IS1	25564-26292	76088-76855	49796	dfrA17,aadA5,sul1,mrx(A),mph(A),sul2,aph(3'')-Ib,aph(6)-Id,tet(A),aac(3)-IId,blaTEM-1	11
RefSeq_NZ_CP135234.1	IncFII	Gram-negative	IS26	26293-27112	37078-37899	9966	dfrA17,aadA5,sul1,mrx(A),mph(A)	5
RefSeq_NZ_CP135234.1	IncFII	Gram-negative	IS26	37078-37899	44556-45375	6657	sul2,aph(3'')-Ib,aph(6)-Id,tet(A)	4
RefSeq_NZ_CP135234.1	IncFII	Gram-negative	IS26	44556-45375	47186-48005	1811	aac(3)-IId	1
RefSeq_NZ_CP135452.1	IncN	Gram-negative	IS26	46133-46952	65601-66228	18649	blaKPC-3	1
RefSeq_NZ_CP135460.1	IncN	Gram-negative	IS1	17814-18581	35793-36560	17212	blaKPC-3	1
RefSeq_NZ_CP135476.1	IncFII	Gram-negative	IS26	29338-30157	42390-43210	12233	dfrA12,aadA2,sul1,mrx(A),mph(A)	5
RefSeq_NZ_CP135476.1	IncFII	Gram-negative	IS26	42390-43210	68961-69784	25751	aac(3)-IId,blaTEM-1,qnrB4,sul1,ere(A),arr,aac(3)-IIg,aac(6')-IIc	8
RefSeq_NZ_CP135495.1	IncFII	Gram-negative	IS26	114141-114960	117009-117828	2049	dfrA14	1
RefSeq_NZ_CP135509.1	IncFII	Gram-negative	IS26	3378-4197	8265-9085	4068	erm(B)	1
RefSeq_NZ_CP135509.1	IncFII	Gram-negative	IS26	8265-9085	13641-14462	4556	mph(A),mrx(A)	2
RefSeq_NZ_CP135509.1	IncFII	Gram-negative	IS26	13641-14462	27440-28259	12978	blaSHV-31,qnrB1	2
RefSeq_NZ_CP135509.1	IncFII	Gram-negative	IS26	27440-28259	30446-31265	2187	catB3,blaOXA-1,aac(6')-Ib-cr5	3
RefSeq_NZ_CP135509.1	IncFII	Gram-negative	IS26	30446-31265	35382-36201	4117	blaCTX-M-15	1
RefSeq_NZ_CP135509.1	IncFII	Gram-negative	IS1	63421-64188	78323-79090	14135	aadA2,dfrA12	2
RefSeq_NZ_CP135644.1	IncFII	Gram-negative	IS26	17269-18088	39594-40415	21506	tet(B),dfrA17,aadA5,sul1	4
RefSeq_NZ_CP135644.1	IncFII	Gram-negative	IS26	39594-40415	46296-47116	5881	mrx(A),mph(A)	2
RefSeq_NZ_CP135644.1	IncFII	Gram-negative	IS26	46296-47116	49033-49853	1917	blaTEM-1	1
RefSeq_NZ_CP135644.1	IncFII	Gram-negative	IS26	49033-49853	54239-55058	4386	sul2,aph(3'')-Ib,aph(6)-Id	3
RefSeq_NZ_CP135644.1	IncFII	Gram-negative	IS1	29178-29945	34458-35225	4513	tet(B)	1
RefSeq_NZ_CP135644.1	IncFII	Gram-negative	IS1	34458-35225	55209-55976	19984	dfrA17,aadA5,sul1,mrx(A),mph(A),blaTEM-1,sul2,aph(3'')-Ib,aph(6)-Id	9
RefSeq_NZ_CP135657.1	IncFII	Gram-negative	IS26	41325-42144	52110-52931	9966	dfrA17,aadA5,sul1,mrx(A),mph(A)	5
RefSeq_NZ_CP135657.1	IncFII	Gram-negative	IS26	52110-52931	59588-60407	6657	sul2,aph(3'')-Ib,aph(6)-Id,tet(A)	4
RefSeq_NZ_CP135657.1	IncFII	Gram-negative	IS26	64292-65113	68109-68928	2996	aac(3)-IId	1
RefSeq_NZ_CP135690.1	IncX1	Gram-negative	IS26	10090-10911	20587-21406	9676	tet(A)	1
RefSeq_NZ_CP135690.1	IncX1	Gram-negative	IS26	20587-21406	26613-27432	5207	oqxA,oqxB	2
RefSeq_NZ_CP135692.1	IncFII	Gram-negative	IS26	22751-23570	28868-29688	5298	tet(A),aph(6)-Id,aph(3'')-Ib	3
RefSeq_NZ_CP135692.1	IncFII	Gram-negative	IS26	28868-29688	39654-40473	9966	mph(A),mrx(A),sul1,aadA5,dfrA17	5
RefSeq_NZ_CP135692.1	IncFII	Gram-negative	IS26	63760-64581	67577-68396	2996	aac(3)-IId	1
RefSeq_NZ_CP135698.1	IncFII	Gram-negative	IS26	41325-42144	52110-52931	9966	dfrA17,aadA5,sul1,mrx(A),mph(A)	5
RefSeq_NZ_CP135698.1	IncFII	Gram-negative	IS26	52110-52931	59588-60407	6657	sul2,aph(3'')-Ib,aph(6)-Id,tet(A)	4
RefSeq_NZ_CP135698.1	IncFII	Gram-negative	IS26	64292-65113	68099-68918	2986	aac(3)-IId	1
RefSeq_NZ_CP135713.1	IncFII	Gram-negative	IS26	17269-18088	39518-40339	21430	tet(B),catA1	2
RefSeq_NZ_CP135713.1	IncFII	Gram-negative	IS26	39518-40339	51528-52347	11189	mph(A),mrx(A),sul1,aadA5,dfrA17	5
RefSeq_NZ_CP135713.1	IncFII	Gram-negative	IS26	51528-52347	54264-55084	1917	blaTEM-1	1
RefSeq_NZ_CP135713.1	IncFII	Gram-negative	IS26	54264-55084	59470-60289	4386	sul2,aph(3'')-Ib,aph(6)-Id	3
RefSeq_NZ_CP135713.1	IncFII	Gram-negative	IS26	59470-60289	68656-69476	8367	aac(3)-IId	1
RefSeq_NZ_CP135713.1	IncFII	Gram-negative	IS1	29178-29945	33962-34729	4017	tet(B)	1
RefSeq_NZ_CP135720.1	IncFII	Gram-negative	IS26	36216-37036	40971-41791	3935	mrx(A),mph(A)	2
RefSeq_NZ_CP135720.1	IncFII	Gram-negative	IS26	40971-41791	46185-47006	4394	aadA5,sul1	2
RefSeq_NZ_CP135720.1	IncFII	Gram-negative	IS26	46185-47006	55276-56095	8270	aac(3)-IId	1
RefSeq_NZ_CP135720.1	IncFII	Gram-negative	IS26	55276-56095	57136-57955	1041	aph(3')-Ia	1
RefSeq_NZ_CP135720.1	IncFII	Gram-negative	IS26	57136-57955	62341-63161	4386	aph(6)-Id,aph(3'')-Ib,sul2	3
RefSeq_NZ_CP135720.1	IncFII	Gram-negative	IS26	62341-63161	65078-65899	1917	blaTEM-1	1
RefSeq_NZ_CP135720.1	IncFII	Gram-negative	IS26	65078-65899	69014-69834	3115	dfrA17	1
RefSeq_NZ_CP135723.1	IncFII	Gram-negative	IS26	15900-16719	26395-27214	9676	dfrA24,sul1,cmlA6,aadA1,ant(2'')-Ia	5
RefSeq_NZ_CP135723.1	IncFII	Gram-negative	IS26	26395-27214	34825-35644	7611	tet(M)	1
RefSeq_NZ_CP136044.1	IncFII	Gram-negative	IS26	39064-39884	45234-46053	5350	catA1	1
RefSeq_NZ_CP136044.1	IncFII	Gram-negative	IS26	45234-46053	57428-58247	11375	blaTEM-1,qnrS1	2
RefSeq_NZ_CP136044.1	IncFII	Gram-negative	IS26	62254-63073	76455-77275	13382	arr-2,aac(6')-Ib,rmtF1,catB	4
RefSeq_NZ_CP136045.1	IncFII	Gram-negative	IS26	3378-4197	8265-9085	4068	erm(B)	1
RefSeq_NZ_CP136251.1	IncFII	Gram-negative	IS26	88978-89798	94184-95003	4386	sul2,aph(3'')-Ib,aph(6)-Id	3
RefSeq_NZ_CP136251.1	IncFII	Gram-negative	IS26	94184-95003	96044-96863	1041	aph(3')-Ia	1
RefSeq_NZ_CP136251.1	IncFII	Gram-negative	IS26	96044-96863	98199-99019	1336	aac(3)-IId	1
RefSeq_NZ_CP136251.1	IncFII	Gram-negative	IS26	98199-99019	109959-110780	10940	aac(6')-Ib-cr5,arr-3,dfrA27,aadA16,sul1,mrx(A),mph(A)	7
RefSeq_NZ_CP136253.1	IncFII	Gram-negative	IS26	88978-89798	94184-95003	4386	sul2,aph(3'')-Ib,aph(6)-Id	3
RefSeq_NZ_CP136253.1	IncFII	Gram-negative	IS26	94184-95003	96044-96863	1041	aph(3')-Ia	1
RefSeq_NZ_CP136253.1	IncFII	Gram-negative	IS26	96044-96863	98199-99019	1336	aac(3)-IId	1
RefSeq_NZ_CP136253.1	IncFII	Gram-negative	IS26	98199-99019	109959-110780	10940	aac(6')-Ib-cr5,arr-3,dfrA27,aadA16,sul1,mrx(A),mph(A)	7
RefSeq_NZ_CP136259.1	IncX1	Gram-negative	IS26	1171-1990	16761-17584	14771	sul2,aph(3'')-Ib,aph(6)-Id,tet(A),floR	5
RefSeq_NZ_CP136259.1	IncX1	Gram-negative	IS26	80464-81284	83730-84549	2446	blaCTX-M-55	1
RefSeq_NZ_CP136259.1	IncX1	Gram-negative	IS26	88047-88868	117619-118438	28751	aph(3')-IIa	1
RefSeq_NZ_CP136269.1	IncFII	Gram-negative	IS26	4393-5212	9237-10056	4025	blaCTX-M-65	1
RefSeq_NZ_CP136269.1	IncFII	Gram-negative	IS26	11041-11860	15668-16488	3808	blaTEM-1,rmtB1	2
RefSeq_NZ_CP136269.1	IncFII	Gram-negative	IS26	39283-40102	55199-56018	15097	blaSHV-12,blaKPC-2	2
RefSeq_NZ_CP136270.1	IncFII	Gram-negative	IS26	6680-7499	8775-9594	1276	fosA3	1
RefSeq_NZ_CP136270.1	IncFII	Gram-negative	IS26	10579-11398	15423-16242	4025	blaCTX-M-65	1
RefSeq_NZ_CP136271.1	IncFII	Gram-negative	IS26	45101-45920	48645-49464	2725	dfrA14	1
RefSeq_NZ_CP136271.1	IncFII	Gram-negative	IS26	48645-49464	57619-58442	8155	sul2	1
RefSeq_NZ_CP136271.1	IncFII	Gram-negative	IS26	57619-58442	59842-60663	1400	catA2	1
RefSeq_NZ_CP136406.1	IncFII	Gram-negative	IS1	31657-32424	62253-62965	29829	catA1,dfrA12,aadA2,sul1,mrx(A),mph(A),aph(3')-Ia	7
RefSeq_NZ_CP136406.1	IncFII	Gram-negative	IS26	48643-49463	50504-51239	1041	aph(3')-Ia	1
RefSeq_NZ_CP136434.1	IncN	Gram-negative	IS26	2285-3105	22066-22885	18961	blaKPC-2	1
RefSeq_NZ_CP136603.1	IncFII	Gram-negative	IS26	45270-46091	48587-49407	2496	fosA3	1
RefSeq_NZ_CP136603.1	IncFII	Gram-negative	IS26	48587-49407	52197-53019	2790	blaSFO-1	1
RefSeq_NZ_CP136809.1	IncN	Gram-negative	IS26	2782-3601	6409-7232	2808	blaKPC-2	1
RefSeq_NZ_CP136809.1	IncN	Gram-negative	IS26	18295-19114	22248-23067	3134	arr-3,aac(6')-Ib3	2
RefSeq_NZ_CP136809.1	IncN	Gram-negative	IS26	22248-23067	36517-37336	13450	qnrS1	1
RefSeq_NZ_CP136809.1	IncN	Gram-negative	IS26	36517-37336	48756-49575	11420	dfrA14	1
RefSeq_NZ_CP136815.1	IncN	Gram-negative	IS26	24107-24926	40571-41391	15645	sul2,aph(3'')-Ib,aph(6)-Id,qnrS1	4
RefSeq_NZ_CP136820.1	IncN	Gram-negative	IS26	2782-3601	6958-7781	3357	blaKPC-2	1
RefSeq_NZ_CP136820.1	IncN	Gram-negative	IS26	9340-10160	35823-36642	25663	qnrS1,dfrA14	2
RefSeq_NZ_CP136820.1	IncN	Gram-negative	IS26	35823-36642	41891-42712	5249	arr-3,aac(6')-Ib3	2
RefSeq_NZ_CP136822.1	IncN	Gram-negative	IS26	2782-3601	6958-7781	3357	blaKPC-2	1
RefSeq_NZ_CP136822.1	IncN	Gram-negative	IS26	9340-10159	13516-14339	3357	blaKPC-2	1
RefSeq_NZ_CP136822.1	IncN	Gram-negative	IS26	15898-16718	42381-43200	25663	qnrS1,dfrA14	2
RefSeq_NZ_CP136822.1	IncN	Gram-negative	IS26	42381-43200	48449-49270	5249	arr-3,aac(6')-Ib3	2
RefSeq_NZ_CP136826.1	IncN	Gram-negative	IS26	2782-3601	6792-7615	3191	blaKPC-2	1
RefSeq_NZ_CP136826.1	IncN	Gram-negative	IS26	6792-7615	9148-9971	1533	dfrA14	1
RefSeq_NZ_CP136826.1	IncN	Gram-negative	IS26	31847-32667	35481-36301	2814	qnrS1	1
RefSeq_NZ_CP136845.1	IncFII	Gram-negative	IS26	4393-5212	9237-10056	4025	blaCTX-M-65	1
RefSeq_NZ_CP136845.1	IncFII	Gram-negative	IS26	11041-11860	15668-16488	3808	blaTEM-1,rmtB1	2
RefSeq_NZ_CP136845.1	IncFII	Gram-negative	IS26	39283-40102	55199-56018	15097	blaSHV-12,blaKPC-2	2
RefSeq_NZ_CP136846.1	IncFII	Gram-negative	IS26	6680-7499	8775-9594	1276	fosA3	1
RefSeq_NZ_CP136846.1	IncFII	Gram-negative	IS26	10579-11398	15423-16242	4025	blaCTX-M-65	1
RefSeq_NZ_CP136848.1	IncFII	Gram-negative	IS26	35027-35848	37248-38071	1400	catA2	1
RefSeq_NZ_CP136848.1	IncFII	Gram-negative	IS26	37248-38071	46226-47045	8155	sul2	1
RefSeq_NZ_CP136848.1	IncFII	Gram-negative	IS26	46226-47045	49770-50589	2725	dfrA14	1
RefSeq_NZ_CP137122.1	IncN	Gram-negative	IS26	3863-4682	27153-27973	22471	blaIMP-4	1
RefSeq_NZ_CP137127.1	IncN	Gram-negative	IS26	3864-4683	27154-27974	22471	blaIMP-4	1
RefSeq_NZ_CP137172.1	IncN	Gram-negative	IS26	3864-4683	27154-27974	22471	blaIMP-4	1
RefSeq_NZ_CP137225.1	IncN	Gram-negative	IS26	2285-3105	22066-22885	18961	blaKPC-2	1
RefSeq_NZ_CP137341.1	IncFII	Gram-negative	IS1	65829-66541	101360-102127	34819	aph(3')-Ia,dfrA12,aadA2,sul1,mrx(A),mph(A)	6
RefSeq_NZ_CP137341.1	IncFII	Gram-negative	IS26	77555-78290	79331-80150	1041	aph(3')-Ia	1
RefSeq_NZ_CP137341.1	IncFII	Gram-negative	IS26	79331-80150	92400-93220	12250	dfrA12,aadA2,sul1,mrx(A),mph(A)	5
RefSeq_NZ_CP137342.1	IncFII	Gram-negative	IS26	5214-6040	9967-10786	3927	blaKPC-2	1
RefSeq_NZ_CP137342.1	IncFII	Gram-negative	IS26	9967-10786	14811-15630	4025	blaCTX-M-65	1
RefSeq_NZ_CP137342.1	IncFII	Gram-negative	IS26	16615-17434	21242-22062	3808	blaTEM-1,rmtB1	2
RefSeq_NZ_CP137348.1	IncFII	Gram-negative	IS26	4393-5212	9237-10056	4025	blaCTX-M-65	1
RefSeq_NZ_CP137349.1	IncFII	Gram-negative	IS26	5897-6716	9441-10260	2725	dfrA14	1
RefSeq_NZ_CP137349.1	IncFII	Gram-negative	IS26	82569-83390	84790-85613	1400	catA2	1
RefSeq_NZ_CP137741.1	IncFII	Gram-negative	IS26	4393-5213	8029-8850	2816	blaTEM-1,rmtB1	2
RefSeq_NZ_CP137741.1	IncFII	Gram-negative	IS26	8029-8850	14896-15715	6046	fosA3	1
RefSeq_NZ_CP137741.1	IncFII	Gram-negative	IS26	17890-18709	21477-22297	2768	blaCTX-M-55	1
RefSeq_NZ_CP138347.1	IncFII	Gram-negative	IS26	74569-75388	85209-86029	9821	bleO,tet(A)	2
RefSeq_NZ_CP138347.1	IncFII	Gram-negative	IS26	85209-86029	103466-104286	17437	mph(A),mrx(A),sul1,qnrB52,sul1,aadA16,dfrA27,arr-3,aac(6')-Ib-cr5	9
RefSeq_NZ_CP138347.1	IncFII	Gram-negative	IS26	105710-106529	113223-114044	6694	floR	1
RefSeq_NZ_CP138395.1	IncX1	Gram-negative	IS26	2814-3635	5454-6273	1819	dfrA14	1
RefSeq_NZ_CP138395.1	IncX1	Gram-negative	IS26	5454-6273	39915-40734	33642	aph(3')-Ia,blaTEM-176	2
RefSeq_NZ_CP138395.1	IncX1	Gram-negative	IS26	39915-40734	42678-43501	1944	qnrS1	1
RefSeq_NZ_CP138404.1	IncX1	Gram-negative	IS26	10628-11453	30485-31305	19032	qnrS	1
RefSeq_NZ_CP138404.1	IncX1	Gram-negative	IS1	20368-21135	43946-44713	22811	qnrS1	1
RefSeq_NZ_CP138411.1	IncX1	Gram-negative	IS26	1812-2631	47179-48001	44548	qnrS1,tet(A),aph(3')-Ia	3
RefSeq_NZ_CP138417.1	IncX1	Gram-negative	IS26	29968-30787	46940-47586	16153	blaTEM-1,sul3	2
RefSeq_NZ_CP138417.1	IncX1	Gram-negative	IS1	41839-42606	46172-46939	3566	sul3	1
RefSeq_NZ_CP138417.1	IncX1	Gram-negative	IS1	46172-46939	71655-72423	24716	blaTEM	1
RefSeq_NZ_CP138430.1	IncX1	Gram-negative	IS26	50912-51731	98952-99771	47221	blaTEM-176,aph(3')-Ia,tet(A),qnrS13	4
RefSeq_NZ_CP138434.1	IncFII	Gram-negative	IS26	5441-6260	18698-19523	12438	sul2,floR	2
RefSeq_NZ_CP138434.1	IncFII	Gram-negative	IS26	18698-19523	35167-35988	15644	tet(A),blaLAP-2,qnrS1	3
RefSeq_NZ_CP138438.1	IncFII	Gram-negative	IS26	32553-33373	44525-45346	11152	sul1,mcr-3,tet(X4)	3
RefSeq_NZ_CP138484.1	IncFII	Gram-negative	IS26	6058-6877	25181-26001	18304	aac(3)-IId	1
RefSeq_NZ_CP138522.1	IncFII	Gram-negative	IS26	6411-7230	9955-10774	2725	dfrA14	1
RefSeq_NZ_CP138523.1	IncN	Gram-negative	IS26	11048-11885	55349-56169	43464	dfrA14	1
RefSeq_NZ_CP138529.1	IncFII	Gram-negative	IS26	55338-56158	59966-60785	3808	rmtB1,blaTEM-1	2
RefSeq_NZ_CP138529.1	IncFII	Gram-negative	IS26	61770-62589	66614-67433	4025	blaCTX-M-65	1
RefSeq_NZ_CP138529.1	IncFII	Gram-negative	IS26	66614-67433	71360-72179	3927	blaKPC-2	1
RefSeq_NZ_CP138535.1	IncFII	Gram-negative	IS26	45049-45869	49677-50496	3808	rmtB1,blaTEM-1	2
RefSeq_NZ_CP138535.1	IncFII	Gram-negative	IS26	51481-52300	56325-57144	4025	blaCTX-M-65	1
RefSeq_NZ_CP138535.1	IncFII	Gram-negative	IS26	56325-57144	61071-61897	3927	blaKPC-2	1
RefSeq_NZ_CP138536.1	IncN	Gram-negative	IS26	10423-11260	54727-55547	43467	dfrA14	1
RefSeq_NZ_CP138537.1	IncFII	Gram-negative	IS1	15913-16679	61660-62427	44981	sul2,aph(3'')-Ib,aph(6)-Id,tet(A),floR,tet(A),blaLAP,qnrS1	8
RefSeq_NZ_CP138537.1	IncFII	Gram-negative	IS26	32982-33807	53462-54284	19655	tet(A),blaLAP,qnrS1	3
RefSeq_NZ_CP138543.1	IncFII	Gram-negative	IS26	14453-15273	16609-17428	1336	aac(3)-IId	1
RefSeq_NZ_CP138543.1	IncFII	Gram-negative	IS26	16609-17428	18469-19288	1041	aph(3')-Ia	1
RefSeq_NZ_CP138543.1	IncFII	Gram-negative	IS26	18469-19288	23674-24495	4386	aph(6)-Id,aph(3'')-Ib,sul2	3
RefSeq_NZ_CP138543.1	IncFII	Gram-negative	IS26	85175-85996	110053-110873	24057	qnrS1,blaCTX-M-3,blaTEM-1,floR,tet(A)	5
RefSeq_NZ_CP138550.1	IncFII	Gram-negative	IS26	4051-4871	26068-26889	21197	tet(A),floR,blaTEM-1,blaCTX-M-3,qnrS1	5
RefSeq_NZ_CP138550.1	IncFII	Gram-negative	IS26	87569-88390	92776-93595	4386	sul2,aph(3'')-Ib,aph(6)-Id	3
RefSeq_NZ_CP138550.1	IncFII	Gram-negative	IS26	92776-93595	94636-95455	1041	aph(3')-Ia	1
RefSeq_NZ_CP138550.1	IncFII	Gram-negative	IS26	94636-95455	96791-97611	1336	aac(3)-IId	1
RefSeq_NZ_CP138557.1	IncFII	Gram-negative	IS26	4051-4871	26069-26890	21198	tet(A),floR,blaTEM-1,blaCTX-M-3,qnrS1	5
RefSeq_NZ_CP138557.1	IncFII	Gram-negative	IS26	87570-88391	92777-93596	4386	sul2,aph(3'')-Ib,aph(6)-Id	3
RefSeq_NZ_CP138557.1	IncFII	Gram-negative	IS26	92777-93596	94637-95456	1041	aph(3')-Ia	1
RefSeq_NZ_CP138557.1	IncFII	Gram-negative	IS26	94637-95456	96792-97612	1336	aac(3)-IId	1
RefSeq_NZ_CP138564.1	IncFII	Gram-negative	IS26	7595-8416	29445-30266	21029	qnrS1,blaCTX-M-3,blaTEM-1,floR,tet(A)	5
RefSeq_NZ_CP138564.1	IncFII	Gram-negative	IS26	29445-30266	46927-47747	16661	mph(A),mrx(A),sul1,qnrB91,sul1,aadA16,dfrA27,arr-3,aac(6')-Ib-cr5	9
RefSeq_NZ_CP138564.1	IncFII	Gram-negative	IS26	46927-47747	49083-49902	1336	aac(3)-IId	1
RefSeq_NZ_CP138564.1	IncFII	Gram-negative	IS26	49083-49902	50943-51762	1041	aph(3')-Ia	1
RefSeq_NZ_CP138564.1	IncFII	Gram-negative	IS26	50943-51762	56148-56969	4386	aph(6)-Id,aph(3'')-Ib,sul2	3
RefSeq_NZ_CP138684.1	IncFII	Gram-negative	IS26	23851-24672	48111-48932	23439	sul2,aph(3'')-Ib,aph(6)-Id,tet(A),floR,blaTEM-1,qnrS1	7
RefSeq_NZ_CP138694.1	IncFII	Gram-negative	IS26	23835-24656	29042-29861	4386	sul2,aph(3'')-Ib,aph(6)-Id	3
RefSeq_NZ_CP138694.1	IncFII	Gram-negative	IS26	29042-29861	49260-50081	19399	blaTEM-1,qnrS1	2
RefSeq_NZ_CP138699.1	IncFII	Gram-negative	IS26	61234-62053	64240-65059	2187	aac(6')-Ib-cr5,blaOXA-1,catB3	3
RefSeq_NZ_CP138699.1	IncFII	Gram-negative	IS26	70210-71029	77757-78549	6728	dfrA14	1
RefSeq_NZ_CP138699.1	IncFII	Gram-negative	IS26	77757-78549	92802-93622	14253	blaCTX-M-15,blaTEM-1,aph(6)-Id,aph(3'')-Ib,sul2	5
RefSeq_NZ_CP138708.1	IncFII	Gram-negative	IS26	23819-24640	35580-36400	10940	aac(6')-Ib-cr5,arr-3,dfrA27,aadA16,sul1,mrx(A),mph(A)	7
RefSeq_NZ_CP138708.1	IncFII	Gram-negative	IS26	35580-36400	56615-57436	20215	tet(A),floR,blaTEM-1,blaCTX-M-3,qnrS1	5
RefSeq_NZ_CP138729.1	IncFII	Gram-negative	IS26	6103-6926	21697-22516	14771	floR,tet(A),aph(6)-Id,aph(3'')-Ib,sul2	5
RefSeq_NZ_CP138729.1	IncFII	Gram-negative	IS26	21697-22516	27710-28529	5194	oqxA2,oqxB	2
RefSeq_NZ_CP138729.1	IncFII	Gram-negative	IS26	27710-28529	55708-56529	27179	aph(3')-IIa	1
RefSeq_NZ_CP138729.1	IncFII	Gram-negative	IS26	55708-56529	59025-59844	2496	fosA3	1
RefSeq_NZ_CP138729.1	IncFII	Gram-negative	IS26	59025-59844	62612-63432	2768	blaCTX-M-55	1
RefSeq_NZ_CP138730.1	IncFII	Gram-negative	IS26	2654-3473	4514-5334	1041	aph(3')-Ia	1
RefSeq_NZ_CP138730.1	IncFII	Gram-negative	IS26	4514-5334	9473-10267	4139	mph(A),mrx(A)	2
RefSeq_NZ_CP138730.1	IncFII	Gram-negative	IS26	10267-11087	54231-55050	43144	mcr-8.2	1
RefSeq_NZ_CP138740.1	IncFII	Gram-negative	IS26	6103-6926	21697-22516	14771	floR,tet(A),aph(6)-Id,aph(3'')-Ib,sul2	5
RefSeq_NZ_CP138740.1	IncFII	Gram-negative	IS26	21697-22516	27710-28529	5194	oqxA2,oqxB	2
RefSeq_NZ_CP138740.1	IncFII	Gram-negative	IS26	27710-28529	55708-56529	27179	aph(3')-IIa	1
RefSeq_NZ_CP138740.1	IncFII	Gram-negative	IS26	55708-56529	59025-59844	2496	fosA3	1
RefSeq_NZ_CP138740.1	IncFII	Gram-negative	IS26	59025-59844	62612-63432	2768	blaCTX-M-55	1
RefSeq_NZ_CP138741.1	IncFII	Gram-negative	IS26	2654-3475	4561-5381	1086	aph(3')-Ia	1
RefSeq_NZ_CP138741.1	IncFII	Gram-negative	IS26	4561-5381	9520-10314	4139	mph(A),mrx(A)	2
RefSeq_NZ_CP138741.1	IncFII	Gram-negative	IS26	10314-11134	54762-55581	43628	mcr-8.2	1
RefSeq_NZ_CP138786.1	IncFII	Gram-negative	IS26	23843-24664	29050-29869	4386	sul2,aph(3'')-Ib,aph(6)-Id	3
RefSeq_NZ_CP138786.1	IncFII	Gram-negative	IS26	29050-29869	30910-31729	1041	aph(3')-Ia	1
RefSeq_NZ_CP138786.1	IncFII	Gram-negative	IS26	30910-31729	32770-33589	1041	aph(3')-Ia	1
RefSeq_NZ_CP138786.1	IncFII	Gram-negative	IS26	32770-33589	35343-36163	1754	aac(3)-IId	1
RefSeq_NZ_CP138786.1	IncFII	Gram-negative	IS26	35343-36163	52824-53644	16661	aac(6')-Ib-cr5,arr-3,dfrA27,aadA16,sul1,qnrB91,sul1,mrx(A),mph(A)	9
RefSeq_NZ_CP138786.1	IncFII	Gram-negative	IS26	52824-53644	70495-71316	16851	tet(A),floR,blaTEM-1,blaCTX-M-3,qnrS1	5
RefSeq_NZ_CP138786.1	IncFII	Gram-negative	IS1	65905-66672	92217-92980	25545	qnrS1	1
RefSeq_NZ_CP138797.1	IncFII	Gram-negative	IS26	23843-24664	29050-29869	4386	sul2,aph(3'')-Ib,aph(6)-Id	3
RefSeq_NZ_CP138797.1	IncFII	Gram-negative	IS26	29050-29869	30910-31729	1041	aph(3')-Ia	1
RefSeq_NZ_CP138797.1	IncFII	Gram-negative	IS26	30910-31729	32770-33589	1041	aph(3')-Ia	1
RefSeq_NZ_CP138797.1	IncFII	Gram-negative	IS26	32770-33589	35343-36163	1754	aac(3)-IId	1
RefSeq_NZ_CP138797.1	IncFII	Gram-negative	IS26	35343-36163	52824-53644	16661	aac(6')-Ib-cr5,arr-3,dfrA27,aadA16,sul1,qnrB91,sul1,mrx(A),mph(A)	9
RefSeq_NZ_CP138797.1	IncFII	Gram-negative	IS26	52824-53644	70495-71316	16851	tet(A),floR,blaTEM-1,blaCTX-M-3,qnrS1	5
RefSeq_NZ_CP138797.1	IncFII	Gram-negative	IS1	65905-66672	92217-92980	25545	qnrS1	1
RefSeq_NZ_CP138809.1	IncFII	Gram-negative	IS26	23843-24664	48103-48924	23439	sul2,aph(3'')-Ib,aph(6)-Id,tet(A),floR,blaTEM-1,qnrS1	7
RefSeq_NZ_CP138816.1	IncFII	Gram-negative	IS26	198924-199743	206453-207272	6710	aac(3)-IVa,aph(4)-Ia	2
RefSeq_NZ_CP138816.1	IncFII	Gram-negative	IS26	218469-219289	223675-224495	4386	aph(6)-Id,aph(3'')-Ib,sul2	3
RefSeq_NZ_CP138816.1	IncFII	Gram-negative	IS26	223675-224495	226220-227039	1725	aac(3)-IId	1
RefSeq_NZ_CP138816.1	IncFII	Gram-negative	IS26	226220-227039	231825-232645	4786	mrx(A),mph(A)	2
RefSeq_NZ_CP138816.1	IncFII	Gram-negative	IS26	231825-232645	239706-240531	7061	tet(A),floR	2
RefSeq_NZ_CP138816.1	IncFII	Gram-negative	IS26	239706-240531	246688-247508	6157	sul1,aadA16,dfrA27,arr-3,aac(6')-Ib-cr5	5
RefSeq_NZ_CP138824.1	IncFII	Gram-negative	IS26	84943-85762	92472-93291	6710	aph(4)-Ia,aac(3)-IVa	2
RefSeq_NZ_CP139127.1	IncX1	Gram-negative	IS26	6613-7432	9865-10684	2433	aadA2	1
RefSeq_NZ_CP139131.1	IncX1	Gram-negative	IS26	12380-13199	18362-19181	5163	mef(B),sul3	2
RefSeq_NZ_CP139131.1	IncX1	Gram-negative	IS26	18362-19181	21182-22002	2001	dfrA5	1
RefSeq_NZ_CP139131.1	IncX1	Gram-negative	IS26	21182-22002	27681-28501	5679	tet(X4)	1
RefSeq_NZ_CP139131.1	IncX1	Gram-negative	IS26	27681-28501	36436-37256	7935	floR	1
RefSeq_NZ_CP139131.1	IncX1	Gram-negative	IS26	36436-37256	44920-45739	7664	tet(A)	1
RefSeq_NZ_CP139131.1	IncX1	Gram-negative	IS26	44920-45739	53429-54248	7690	blaTEM-1,tet(M)	2
RefSeq_NZ_CP139131.1	IncX1	Gram-negative	IS26	53429-54248	55652-56472	1404	qnrS1	1
RefSeq_NZ_CP139342.1	IncX1	Gram-negative	IS26	5265-6087	10998-11817	4911	sul3,blaTEM-1	2
RefSeq_NZ_CP139371.1	IncFII	Gram-negative	IS26	5149-5968	9895-10714	3927	blaKPC-2	1
RefSeq_NZ_CP139371.1	IncFII	Gram-negative	IS26	9895-10714	14739-15559	4025	blaCTX-M-65	1
RefSeq_NZ_CP139397.1	IncFII	Gram-negative	IS26	18716-19535	39652-40471	20117	blaKPC-2,blaLAP-2,qnrS1	3
RefSeq_NZ_CP139410.1	IncFII	Gram-negative	IS26	6133-6952	11543-12364	4591	tet(M)	1
RefSeq_NZ_CP139410.1	IncFII	Gram-negative	IS26	13691-14472	27217-28037	12745	qnrS1,mrx(A),mph(A)	3
RefSeq_NZ_CP139410.1	IncFII	Gram-negative	IS26	28928-29749	32245-33064	2496	fosA3	1
RefSeq_NZ_CP139410.1	IncFII	Gram-negative	IS26	32245-33064	35832-36652	2768	blaCTX-M-55	1
RefSeq_NZ_CP139412.1	IncFII	Gram-negative	IS26	23867-24687	32761-33581	8074	qnrB91,sul1	2
RefSeq_NZ_CP139412.1	IncFII	Gram-negative	IS26	32761-33581	39278-40098	5697	sul1,mrx(A),mph(A)	3
RefSeq_NZ_CP139412.1	IncFII	Gram-negative	IS26	39278-40098	61295-62116	21197	tet(A),floR,blaTEM-1,blaCTX-M-3,qnrS1	5
RefSeq_NZ_CP139489.1	IncFII	Gram-negative	IS26	74804-75624	84642-85461	9018	sul1,dfrA1,tet(A)	3
RefSeq_NZ_CP139490.1	IncN	Gram-negative	IS26	24615-25438	37303-38122	11865	floR,tet(A),aph(6)-Id,aph(3'')-Ib,sul2	5
RefSeq_NZ_CP139490.1	IncN	Gram-negative	IS26	37303-38122	40890-41710	2768	blaCTX-M-55	1
RefSeq_NZ_CP139785.1	IncFII	Gram-negative	IS26	133188-134007	142077-142897	8070	rmtB1,blaTEM-1,mrx(A),mph(A)	4
RefSeq_NZ_CP139785.1	IncFII	Gram-negative	IS26	142077-142897	143938-144673	1041	aph(3')-Ia	1
RefSeq_NZ_CP139807.1	IncX1	Gram-negative	IS26	4722-5542	13328-14158	7786	blaCTX-M-65	1
RefSeq_NZ_CP139807.1	IncX1	Gram-negative	IS26	13328-14158	16654-17473	2496	fosA3	1
RefSeq_NZ_CP139807.1	IncX1	Gram-negative	IS26	16654-17473	32092-32912	14619	ble,aph(3')-IIa	2
RefSeq_NZ_CP139807.1	IncX1	Gram-negative	IS26	32092-32912	37447-38267	4535	aac(3)-IId	1
RefSeq_NZ_CP139811.1	IncX1	Gram-negative	IS26	1146-1965	34761-35580	32796	aph(3')-Ia	1
RefSeq_NZ_CP139856.1	IncFII	Gram-negative	IS26	13187-14006	22432-23252	8426	qepA1,rmtB1,blaTEM-1	3
RefSeq_NZ_CP139905.1	IncX1	Gram-negative	IS26	6951-7770	19080-19899	11310	blaTEM-1,rmtB1,sul1,aadA2,dfrA12	5
RefSeq_NZ_CP139905.1	IncX1	Gram-negative	IS26	93499-94318	108937-109756	14619	aph(3')-IIa,ble	2
RefSeq_NZ_CP139905.1	IncX1	Gram-negative	IS26	108937-109756	112252-113082	2496	fosA3	1
RefSeq_NZ_CP139905.1	IncX1	Gram-negative	IS26	112252-113082	120868-121688	7786	blaCTX-M-65	1
RefSeq_NZ_CP139905.1	IncX1	Gram-negative	IS26	120868-121688	129477-130297	7789	mrx(A),mph(A)	2
RefSeq_NZ_CP139905.1	IncX1	Gram-negative	IS26	129477-130297	134832-135652	4535	aac(3)-IId	1
RefSeq_NZ_CP139936.1	IncFII	Gram-negative	IS26	62184-63004	69934-70753	6930	sul2,aph(3'')-Ib,aph(6)-Id	3
RefSeq_NZ_CP139936.1	IncFII	Gram-negative	IS26	69934-70753	77481-78273	6728	dfrA14	1
RefSeq_NZ_CP140258.1	IncFII	Gram-negative	IS26	29514-30333	42020-42841	11687	blaCTX-M-3,qnrS1	2
RefSeq_NZ_CP140258.1	IncFII	Gram-negative	IS26	48094-48913	50965-51784	2052	aac(3)-IId	1
RefSeq_NZ_CP140258.1	IncFII	Gram-negative	IS26	50965-51784	52825-53644	1041	aph(3')-Ia	1
RefSeq_NZ_CP140258.1	IncFII	Gram-negative	IS26	52825-53644	58030-58851	4386	aph(6)-Id,aph(3'')-Ib,sul2	3
RefSeq_NZ_CP140290.1	IncFII	Gram-negative	IS26	203902-204722	218391-219210	13669	sul2,aph(3'')-Ib,aph(6)-Id,blaTEM-1,blaCTX-M-15	5
RefSeq_NZ_CP140290.1	IncFII	Gram-negative	IS26	218391-219210	220238-221058	1028	aac(3)-IIe	1
RefSeq_NZ_CP140290.1	IncFII	Gram-negative	IS26	220238-221058	223245-224064	2187	catB3,blaOXA-1,aac(6')-Ib-cr5	3
RefSeq_NZ_CP140290.1	IncFII	Gram-negative	IS26	223245-224064	237545-238364	13481	tet(A),qnrB1	2
RefSeq_NZ_CP140290.1	IncFII	Gram-negative	IS26	237545-238364	245092-245884	6728	dfrA14	1
RefSeq_NZ_CP140500.1	IncFII	Gram-negative	IS26	75578-76398	86667-87486	10269	blaTEM-1,blaCTX-M-15	2
RefSeq_NZ_CP140500.1	IncFII	Gram-negative	IS26	86667-87486	89673-90492	2187	aac(6')-Ib-cr5,blaOXA-1,catB3	3
RefSeq_NZ_CP140500.1	IncFII	Gram-negative	IS26	89673-90492	97005-97824	6513	tet(A)	1
RefSeq_NZ_CP140500.1	IncFII	Gram-negative	IS26	97005-97824	98865-99600	1041	aph(3')-Ia	1
RefSeq_NZ_CP140500.1	IncFII	Gram-negative	IS26	100826-101645	112923-113743	11278	dfrA12,aadA2,sul1,mrx(A),mph(A)	5
RefSeq_NZ_CP140501.1	IncN	Gram-negative	IS26	80308-81127	82599-83418	1472	qnrB4	1
RefSeq_NZ_CP140505.1	IncFII	Gram-negative	IS26	30037-30860	40587-41406	9727	dfrA12,aadA2,sul1,ble,blaNDM-5	5
RefSeq_NZ_CP140505.1	IncFII	Gram-negative	IS26	40587-41406	49476-50296	8070	rmtB1,blaTEM-1,mrx(A),mph(A)	4
RefSeq_NZ_CP140505.1	IncFII	Gram-negative	IS26	49476-50296	54364-55183	4068	erm(B)	1
RefSeq_NZ_CP141068.1	IncFII	Gram-negative	IS26	60753-61572	64297-65116	2725	dfrA14	1
RefSeq_NZ_CP141068.1	IncFII	Gram-negative	IS26	64297-65116	73271-74096	8155	sul2	1
RefSeq_NZ_CP141070.1	IncFII	Gram-negative	IS26	31703-32522	36547-37366	4025	blaCTX-M-65	1
RefSeq_NZ_CP141070.1	IncFII	Gram-negative	IS26	69406-70225	85322-86141	15097	blaKPC-33,blaSHV-12	2
RefSeq_NZ_CP141070.1	IncFII	Gram-negative	IS26	108936-109756	113240-114061	3484	rmtB1,blaTEM-1	2
RefSeq_NZ_CP141078.1	IncFII	Gram-negative	IS26	1-757	2944-3763	2187	catB3,blaOXA-1,aac(6')-Ib-cr5	3
RefSeq_NZ_CP141078.1	IncFII	Gram-negative	IS26	133027-133851	141995-142816	8144	sul1,mrx(A),mph(A)	3
RefSeq_NZ_CP141078.1	IncFII	Gram-negative	IS26	141995-142816	149473-150292	6657	sul2,aph(3'')-Ib,aph(6)-Id,tet(A)	4
RefSeq_NZ_CP141081.1	IncFII	Gram-negative	IS1	12816-13583	51979-52746	38396	aph(6)-Id,aph(3'')-Ib,sul2,blaTEM-1,dfrA8	5
RefSeq_NZ_CP141081.1	IncFII	Gram-negative	IS1	51979-52746	56337-57104	3591	tet(B)	1
RefSeq_NZ_CP141081.1	IncFII	Gram-negative	IS26	45196-46023	47203-48022	1180	dfrA8	1
RefSeq_NZ_CP141081.1	IncFII	Gram-negative	IS26	47203-48022	68194-69013	20172	tet(B)	1
RefSeq_NZ_CP141094.1	IncFII	Gram-negative	IS1	20220-20987	57693-58460	36706	aph(6)-Id,aph(3'')-Ib,sul2,mrx(A),mph(A),blaTEM-1	6
RefSeq_NZ_CP141094.1	IncFII	Gram-negative	IS26	27072-27891	32277-33097	4386	aph(6)-Id,aph(3'')-Ib,sul2	3
RefSeq_NZ_CP141094.1	IncFII	Gram-negative	IS26	32277-33097	36862-37682	3765	mrx(A),mph(A)	2
RefSeq_NZ_CP141094.1	IncFII	Gram-negative	IS26	36862-37682	39813-40632	2131	blaTEM-1	1
RefSeq_NZ_CP141206.1	IncFII	Gram-negative	IS1	40361-41128	64748-65515	23620	blaCTX-M-255	1
RefSeq_NZ_CP141206.1	IncFII	Gram-negative	IS26	41344-42163	45356-46175	3193	blaCTX-M-255	1
RefSeq_NZ_CP141219.1	IncFII	Gram-negative	IS26	20535-21355	27864-28683	6509	blaKPC-2	1
RefSeq_NZ_CP141542.1	IncFII	Gram-negative	IS26	61898-62690	69418-70237	6728	dfrA14	1
RefSeq_NZ_CP141542.1	IncFII	Gram-negative	IS26	69418-70237	83718-84537	13481	qnrB1,tet(A)	2
RefSeq_NZ_CP141542.1	IncFII	Gram-negative	IS26	83718-84537	86724-87543	2187	aac(6')-Ib-cr5,blaOXA-1,catB3	3
RefSeq_NZ_CP141542.1	IncFII	Gram-negative	IS26	86724-87543	91094-91915	3551	mrx(A),mph(A)	2
RefSeq_NZ_CP141542.1	IncFII	Gram-negative	IS26	91094-91915	94515-95334	2600	aac(3)-IIe	1
RefSeq_NZ_CP141555.1	IncFII	Gram-negative	IS26	217154-217973	231381-232200	13408	qnrB1,tet(A)	2
RefSeq_NZ_CP141555.1	IncFII	Gram-negative	IS26	231381-232200	234387-235207	2187	catB3,blaOXA-1,aac(6')-Ib-cr5	3
RefSeq_NZ_CP141555.1	IncFII	Gram-negative	IS26	234387-235207	237807-238626	2600	aac(3)-IIe	1
RefSeq_NZ_CP141555.1	IncFII	Gram-negative	IS26	237807-238626	245354-246146	6728	dfrA14	1
RefSeq_NZ_CP141566.1	IncFII	Gram-negative	IS26	206696-207515	220923-221742	13408	qnrB1,tet(A)	2
RefSeq_NZ_CP141566.1	IncFII	Gram-negative	IS26	220923-221742	223929-224749	2187	catB3,blaOXA-1,aac(6')-Ib-cr5	3
RefSeq_NZ_CP141566.1	IncFII	Gram-negative	IS26	223929-224749	227349-228168	2600	aac(3)-IIe	1
RefSeq_NZ_CP141566.1	IncFII	Gram-negative	IS26	227349-228168	234896-235688	6728	dfrA14	1
RefSeq_NZ_CP141579.1	IncN	Gram-negative	IS26	58-879	26083-26903	25204	blaTEM-1,blaKPC-2	2
RefSeq_NZ_CP141580.1	IncFII	Gram-negative	IS26	107346-108166	122419-123211	14253	sul2,aph(3'')-Ib,aph(6)-Id,blaTEM-1,blaCTX-M-15	5
RefSeq_NZ_CP141580.1	IncFII	Gram-negative	IS26	122419-123211	129939-130758	6728	dfrA14	1
RefSeq_NZ_CP141580.1	IncFII	Gram-negative	IS26	129939-130758	133358-134178	2600	aac(3)-IIe	1
RefSeq_NZ_CP141580.1	IncFII	Gram-negative	IS26	133358-134178	136365-137184	2187	aac(6')-Ib-cr5,blaOXA-1,catB3	3
RefSeq_NZ_CP141580.1	IncFII	Gram-negative	IS26	136365-137184	150592-151411	13408	tet(A),qnrB1	2
RefSeq_NZ_CP141602.1	IncFII	Gram-negative	IS26	39495-40314	55411-56230	15097	blaKPC-2,blaSHV-12	2
RefSeq_NZ_CP141602.1	IncFII	Gram-negative	IS26	55411-56230	83988-84808	27758	erm(B)	1
RefSeq_NZ_CP141602.1	IncFII	Gram-negative	IS26	83988-84808	88977-89797	4169	mph(A),mrx(A)	2
RefSeq_NZ_CP141602.1	IncFII	Gram-negative	IS26	91828-92648	105487-106310	12839	blaTEM-1,sul2,aph(3'')-Ib,aph(6)-Id,tet(A),floR	6
RefSeq_NZ_CP141603.1	IncFII	Gram-negative	IS26	25934-26753	29478-30297	2725	dfrA14	1
RefSeq_NZ_CP141603.1	IncFII	Gram-negative	IS26	29478-30297	38452-39277	8155	sul2	1
RefSeq_NZ_CP141626.1	IncFII	Gram-negative	IS1	31976-32741	81806-82518	49065	sul2,aph(3'')-Ib,aph(6)-Id,sul1,dfrA1,tet(A)	6
RefSeq_NZ_CP141626.1	IncFII	Gram-negative	IS1	81806-82518	122657-123424	40139	qnrS1,blaLAP-2,aac(3)-IId	3
RefSeq_NZ_CP141626.1	IncFII	Gram-negative	IS26	48472-49291	96934-97753	47643	sul1,dfrA1,tet(A),qnrS1,blaLAP-2	5
RefSeq_NZ_CP141626.1	IncFII	Gram-negative	IS26	96934-97753	102237-103056	4484	aac(3)-IId	1
RefSeq_NZ_CP141628.1	IncFII	Gram-negative	IS26	15076-15896	19921-20740	4025	blaCTX-M-65	1
RefSeq_NZ_CP141660.1	IncFII	Gram-negative	IS26	61053-61874	68531-69352	6657	tet(A),aph(6)-Id,aph(3'')-Ib,sul2	4
RefSeq_NZ_CP141660.1	IncFII	Gram-negative	IS26	68531-69352	79110-79930	9758	mph(A),mrx(A),sul1,aadA5,dfrA17	5
RefSeq_NZ_CP141660.1	IncFII	Gram-negative	IS26	79110-79930	83306-84125	3376	erm(B)	1
RefSeq_NZ_CP141664.1	IncFII	Gram-negative	IS26	62664-63485	71795-72620	8310	tet(A)	1
RefSeq_NZ_CP141664.1	IncFII	Gram-negative	IS26	71795-72620	85059-85878	12439	floR,sul2	2
RefSeq_NZ_CP141668.1	IncFII	Gram-negative	IS26	10030-10849	25946-26765	15097	blaKPC-2,blaSHV-12	2
RefSeq_NZ_CP141668.1	IncFII	Gram-negative	IS26	49560-50380	54188-55007	3808	rmtB1,blaTEM-1	2
RefSeq_NZ_CP141668.1	IncFII	Gram-negative	IS26	55992-56811	60836-61655	4025	blaCTX-M-65	1
RefSeq_NZ_CP141669.1	IncFII	Gram-negative	IS26	47455-48274	50999-51818	2725	dfrA14	1
RefSeq_NZ_CP141669.1	IncFII	Gram-negative	IS26	50999-51818	59973-60798	8155	sul2	1
RefSeq_NZ_CP141673.1	IncFII	Gram-negative	IS26	186456-187276	192935-193754	5659	qnrS1,blaLAP-2	2
RefSeq_NZ_CP141673.1	IncFII	Gram-negative	IS26	192935-193754	199361-200181	5607	aac(3)-IId	1
RefSeq_NZ_CP141782.1	IncFII	Gram-negative	IS26	3300-4119	9503-10322	5384	blaKPC-2	1
RefSeq_NZ_CP141782.1	IncFII	Gram-negative	IS26	30676-31495	35303-36122	3808	rmtB1,blaTEM-1	2
RefSeq_NZ_CP141782.1	IncFII	Gram-negative	IS26	35303-36122	37398-38217	1276	fosA3	1
RefSeq_NZ_CP141782.1	IncFII	Gram-negative	IS26	39202-40021	44046-44865	4025	blaCTX-M-65	1
RefSeq_NZ_CP141783.1	IncFII	Gram-negative	IS26	30278-31097	33822-34641	2725	dfrA14	1
RefSeq_NZ_CP141783.1	IncFII	Gram-negative	IS26	33822-34641	42796-43621	8155	sul2	1
RefSeq_NZ_CP141788.1	IncN	Gram-negative	IS26	4537-5363	11781-12600	6418	blaKPC-2	1
RefSeq_NZ_CP141790.1	IncN	Gram-negative	IS26	4537-5363	11781-12600	6418	blaKPC-2	1
RefSeq_NZ_CP141790.1	IncN	Gram-negative	IS26	67739-68558	72583-73402	4025	blaCTX-M-65	1
RefSeq_NZ_CP141802.1	IncFII	Gram-negative	IS26	62402-63223	67150-67969	3927	blaKPC-2	1
RefSeq_NZ_CP141802.1	IncFII	Gram-negative	IS26	143835-144657	146046-146869	1389	catA2	1
RefSeq_NZ_CP141843.1	IncX1	Gram-negative	IS26	3140-3961	9168-9987	5207	oqxA,oqxB	2
RefSeq_NZ_CP141843.1	IncX1	Gram-negative	IS26	9168-9987	24067-24892	14080	aph(3')-IIa	1
RefSeq_NZ_CP141843.1	IncX1	Gram-negative	IS26	25362-26189	37587-38406	11398	floR,tet(A),aph(6)-Id,aph(3'')-Ib,sul2	5
RefSeq_NZ_CP141843.1	IncX1	Gram-negative	IS26	37587-38406	42555-43382	4149	dfrA12,aadA2	2
RefSeq_NZ_CP141843.1	IncX1	Gram-negative	IS26	42555-43382	45878-46550	2496	fosA3	1
RefSeq_NZ_CP141849.1	IncN	Gram-negative	IS26	19105-19924	30463-31285	10539	aph(6)-Id,aph(3'')-Ib,dfrA19,sul1,qnrB2	5
RefSeq_NZ_CP141866.1	IncX1	Gram-negative	IS26	31621-32444	47215-48034	14771	floR,tet(A),aph(6)-Id,aph(3'')-Ib,sul2	5
RefSeq_NZ_CP141866.1	IncX1	Gram-negative	IS26	47215-48034	78651-79472	30617	aph(3')-IIa	1
RefSeq_NZ_CP141866.1	IncX1	Gram-negative	IS26	92557-93376	95670-96489	2294	blaTEM-1,rmtB1	2
RefSeq_NZ_CP141866.1	IncX1	Gram-negative	IS26	95670-96489	99257-100077	2768	blaCTX-M-55	1
RefSeq_NZ_CP141989.1	IncFII	Gram-negative	IS26	47670-48491	69688-70508	21197	qnrS1,blaCTX-M-3,blaTEM-1,floR,tet(A)	5
RefSeq_NZ_CP141989.1	IncFII	Gram-negative	IS26	69688-70508	86473-87293	15965	mph(A),mrx(A),sul1,qnrB91,sul1,aadA16,dfrA27,arr-3,aac(6')-Ib-cr5	9
RefSeq_NZ_CP141989.1	IncFII	Gram-negative	IS26	86473-87293	89047-89866	1754	aac(3)-IId	1
RefSeq_NZ_CP141989.1	IncFII	Gram-negative	IS26	89047-89866	90907-91726	1041	aph(3')-Ia	1
RefSeq_NZ_CP141989.1	IncFII	Gram-negative	IS26	90907-91726	96112-96933	4386	aph(6)-Id,aph(3'')-Ib,sul2	3
RefSeq_NZ_CP142036.1	IncN	Gram-negative	IS26	11461-12280	15657-16476	3377	blaCTX-M-14,fosA3	2
RefSeq_NZ_CP142036.1	IncN	Gram-negative	IS26	29323-30142	31183-32002	1041	aph(3')-Ia	1
RefSeq_NZ_CP142036.1	IncN	Gram-negative	IS26	224740-225560	229721-230546	4161	mph(A),mrx(A)	2
RefSeq_NZ_CP142046.1	IncX1	Gram-negative	IS26	4109-4932	19703-20522	14771	floR,tet(A),aph(6)-Id,aph(3'')-Ib,sul2	5
RefSeq_NZ_CP142046.1	IncX1	Gram-negative	IS26	19703-20522	25729-26548	5207	oqxA2,oqxB	2
RefSeq_NZ_CP142046.1	IncX1	Gram-negative	IS26	25729-26548	48538-49359	21990	aph(3')-IIa	1
RefSeq_NZ_CP142046.1	IncX1	Gram-negative	IS26	48538-49359	51855-52674	2496	fosA3	1
RefSeq_NZ_CP142388.1	IncFII	Gram-negative	IS26	48361-49180	53664-54483	4484	aac(3)-IId	1
RefSeq_NZ_CP142388.1	IncFII	Gram-negative	IS26	53664-54483	64808-65627	10325	blaLAP-2,qnrS1	2
RefSeq_NZ_CP142388.1	IncFII	Gram-negative	IS26	118726-119545	120945-121768	1400	catA2	1
RefSeq_NZ_CP142388.1	IncFII	Gram-negative	IS26	120945-121768	129961-130780	8193	aph(6)-Id,aph(3'')-Ib,sul2	3
RefSeq_NZ_CP142389.1	IncFII	Gram-negative	IS26	37038-37857	41784-42605	3927	blaKPC-2	1
RefSeq_NZ_CP142389.1	IncFII	Gram-negative	IS26	97178-97998	101806-102625	3808	rmtB1,blaTEM-1	2
RefSeq_NZ_CP142389.1	IncFII	Gram-negative	IS26	101806-102625	103901-104720	1276	fosA3	1
RefSeq_NZ_CP142389.1	IncFII	Gram-negative	IS26	105705-106524	110549-111368	4025	blaCTX-M-65	1
RefSeq_NZ_CP142389.1	IncFII	Gram-negative	IS26	127263-128086	129475-130297	1389	catA2	1
RefSeq_NZ_CP142678.1	IncN	Gram-negative	IS26	89723-90548	94709-95530	4161	mrx(A),mph(A)	2
RefSeq_NZ_CP142678.1	IncN	Gram-negative	IS26	98517-99338	104215-105048	4877	tet(M)	1
RefSeq_NZ_CP142678.1	IncN	Gram-negative	IS26	127673-128492	131869-132688	3377	fosA3,blaCTX-M-14	2
RefSeq_NZ_CP142678.1	IncN	Gram-negative	IS26	131869-132688	158855-159675	26167	aac(3)-IVa,aph(4)-Ia,sul2,estX-3,aadA2,cmlA1,aadA1,sul3	8
RefSeq_NZ_CP142678.1	IncN	Gram-negative	IS26	158855-159675	160716-161535	1041	aph(3')-Ia	1
RefSeq_NZ_CP142693.1	IncFII	Gram-negative	IS26	4393-5212	9237-10056	4025	blaCTX-M-65	1
RefSeq_NZ_CP142693.1	IncFII	Gram-negative	IS26	11041-11860	15668-16488	3808	blaTEM-1,rmtB1	2
RefSeq_NZ_CP142693.1	IncFII	Gram-negative	IS26	39283-40102	55199-56020	15097	blaSHV-12,blaKPC-2	2
RefSeq_NZ_CP142694.1	IncFII	Gram-negative	IS26	66231-67050	75205-76030	8155	sul2	1
RefSeq_NZ_CP142905.1	IncFII	Gram-negative	IS26	30096-30915	40593-41412	9678	dfrA12,aadA2,sul1	3
RefSeq_NZ_CP142905.1	IncFII	Gram-negative	IS26	98757-99576	102140-102960	2564	mrx(A),mph(A)	2
RefSeq_NZ_CP142905.1	IncFII	Gram-negative	IS26	102140-102960	109858-110678	6898	aac(3)-IId,blaTEM-1	2
RefSeq_NZ_CP142911.1	IncFII	Gram-negative	IS1	64764-65476	93978-94745	28502	aph(3')-Ia,mph(A),mrx(A),sul1,aadA2,dfrA12,catA1	7
RefSeq_NZ_CP142911.1	IncFII	Gram-negative	IS26	75163-75898	76939-77759	1041	aph(3')-Ia	1
RefSeq_NZ_CP142916.1	IncFII	Gram-negative	IS26	50513-51332	61820-62639	10488	dfrA12,aadA2,sul1,ble,blaNDM-5	5
RefSeq_NZ_CP142920.1	IncFII	Gram-negative	IS26	14945-15765	25265-26084	9500	blaNDM-5,ble,sul1,aadA2,dfrA12	5
RefSeq_NZ_CP142954.1	IncFII	Gram-negative	IS26	3538-4358	19903-20723	15545	ble,blaNDM-5,aph(3')-VI,qnrS1	4
RefSeq_NZ_CP142966.1	IncFII	Gram-negative	IS26	3538-4358	19903-20722	15545	ble,blaNDM-5,aph(3')-VI,qnrS1	4
RefSeq_NZ_CP142987.1	IncFII	Gram-negative	IS26	82512-83331	96828-97648	13497	blaDHA-1,qnrB4	2
RefSeq_NZ_CP142990.1	IncFII	Gram-negative	IS26	7396-8216	9257-9992	1041	aph(3')-Ia	1
RefSeq_NZ_CP142997.1	IncFII	Gram-negative	IS26	72989-73808	87305-88125	13497	blaDHA-1,qnrB4	2
RefSeq_NZ_CP143000.1	IncFII	Gram-negative	IS26	5395-6214	19711-20531	13497	blaDHA-1,qnrB4	2
RefSeq_NZ_CP143002.1	IncFII	Gram-negative	IS26	46755-47575	61072-61891	13497	qnrB4,blaDHA-1	2
RefSeq_NZ_CP143003.1	IncFII	Gram-negative	IS26	58297-59116	66182-67004	7066	tet(A)	1
RefSeq_NZ_CP143003.1	IncFII	Gram-negative	IS26	66182-67004	80501-81320	13497	qnrB4,blaDHA-1	2
RefSeq_NZ_CP143094.1	IncX1	Gram-negative	IS26	12207-13026	18060-18880	5034	qnrS1	1
RefSeq_NZ_CP143094.1	IncX1	Gram-negative	IS26	18881-19586	21405-22224	1819	dfrA14	1
RefSeq_NZ_CP143282.1	IncFII	Gram-negative	IS26	9330-10149	12749-13569	2600	aac(3)-IIe	1
RefSeq_NZ_CP143282.1	IncFII	Gram-negative	IS26	12749-13569	15756-16575	2187	catB3,blaOXA-1,aac(6')-Ib-cr5	3
RefSeq_NZ_CP143282.1	IncFII	Gram-negative	IS26	15756-16575	30056-30875	13481	tet(A),qnrB1	2
RefSeq_NZ_CP143282.1	IncFII	Gram-negative	IS26	30056-30875	37603-38395	6728	dfrA14	1
RefSeq_NZ_CP143282.1	IncFII	Gram-negative	IS26	37603-38395	52648-53468	14253	blaCTX-M-15,blaTEM-1,aph(6)-Id,aph(3'')-Ib,sul2	5
RefSeq_NZ_CP143301.1	IncFII	Gram-negative	IS26	11714-12533	17476-18296	4943	blaTEM-1,rmtB1	2
RefSeq_NZ_CP143301.1	IncFII	Gram-negative	IS26	32449-33268	48365-49184	15097	blaKPC,blaSHV-12	2
RefSeq_NZ_CP143301.1	IncFII	Gram-negative	IS26	55818-56639	61932-62751	5293	dfrA14,aadA1,blaOXA-10,cmlA5,arr-2	5
RefSeq_NZ_CP143301.1	IncFII	Gram-negative	IS26	70400-71221	73717-74536	2496	fosA3	1
RefSeq_NZ_CP143302.1	IncFII	Gram-negative	IS26	36499-37324	45479-46298	8155	sul2	1
RefSeq_NZ_CP143508.1	IncFII	Gram-negative	IS1	200092-200859	213971-214738	13112	blaOXA,blaTEM-1	2
RefSeq_NZ_CP143630.1	IncX1	Gram-negative	IS26	23877-24696	36249-37068	11553	tet(A),floR,erm(42)	3
RefSeq_NZ_CP143630.1	IncX1	Gram-negative	IS26	40377-41196	44451-45270	3255	tet(M)	1
RefSeq_NZ_CP143911.1	IncFII	Gram-negative	IS26	22596-23419	29554-30373	6135	sul2	1
RefSeq_NZ_CP143911.1	IncFII	Gram-negative	IS26	29554-30373	48139-48959	17766	aac(6')-Ib-cr5,arr-3,dfrA27,aadA16,sul1,qnrB91,sul1,mrx(A),mph(A)	9
RefSeq_NZ_CP143911.1	IncFII	Gram-negative	IS26	48139-48959	50000-50819	1041	aph(3')-Ia	1
RefSeq_NZ_CP143921.1	IncFII	Gram-negative	IS26	22596-23419	29554-30373	6135	sul2	1
RefSeq_NZ_CP143921.1	IncFII	Gram-negative	IS26	29554-30373	48139-48959	17766	aac(6')-Ib-cr5,arr-3,dfrA27,aadA16,sul1,qnrB91,sul1,mrx(A),mph(A)	9
RefSeq_NZ_CP143921.1	IncFII	Gram-negative	IS26	48139-48959	50000-50819	1041	aph(3')-Ia	1
RefSeq_NZ_CP144139.1	IncFII	Gram-negative	IS26	6375-7194	17248-18067	10054	blaTEM-1,blaCTX-M-15	2
RefSeq_NZ_CP144139.1	IncFII	Gram-negative	IS26	17248-18067	21875-22695	3808	blaTEM-1,rmtB1	2
RefSeq_NZ_CP144139.1	IncFII	Gram-negative	IS26	77232-78053	81980-82799	3927	blaKPC-189	1
RefSeq_NZ_CP144139.1	IncFII	Gram-negative	IS26	81980-82799	86726-87548	3927	blaKPC-189	1
RefSeq_NZ_CP144305.1	IncFII	Gram-negative	IS26	4393-5212	9185-10004	3973	blaCTX-M-65	1
RefSeq_NZ_CP144305.1	IncFII	Gram-negative	IS26	10989-11808	15616-16436	3808	blaTEM-1,rmtB1	2
RefSeq_NZ_CP144305.1	IncFII	Gram-negative	IS26	39231-40050	55147-55966	15097	blaSHV-12,blaKPC-2	2
RefSeq_NZ_CP144318.1	IncFII	Gram-negative	IS26	77782-78601	92098-92918	13497	blaDHA-1,qnrB4	2
RefSeq_NZ_EU880929.1	IncN	Gram-negative	IS26	1-820	1862-2685	1042	aph(3')-Ia	1
RefSeq_NZ_EU880929.1	IncN	Gram-negative	IS26	1862-2685	7230-8053	4545	blaSHV-12	1
RefSeq_NZ_FR997667.1	IncX1	Gram-negative	IS26	73085-73900	76320-77138	2420	aadA2	1
RefSeq_NZ_HG941719.1	IncFII	Gram-negative	IS26	36287-37110	43435-44254	6325	blaTEM-1	1
RefSeq_NZ_HG941719.1	IncFII	Gram-negative	IS26	86144-86965	98044-98865	11079	dfrA17,aadA5,sul1,mrx(A),mph(A)	5
RefSeq_NZ_HG941719.1	IncFII	Gram-negative	IS26	98044-98865	102450-103269	3585	blaCTX-M-15	1
RefSeq_NZ_HG941719.1	IncFII	Gram-negative	IS26	102450-103269	105456-106275	2187	catB3,blaOXA-1,aac(6')-Ib-cr5	3
RefSeq_NZ_HG941719.1	IncFII	Gram-negative	IS26	105456-106275	113687-114508	7412	tet(A)	1
RefSeq_NZ_HG969996.1	IncFII	Gram-negative	IS26	25540-26370	55223-56042	28853	blaTEM-1,blaOXA	2
RefSeq_NZ_JAADCD010000003.1	IncX1	Gram-negative	IS26	37722-38546	45732-46552	7186	sul3,aadA1,estX-3	3
RefSeq_NZ_JAAUVL010000001.1	IncFII	Gram-negative	IS26	65060-65881	75847-76667	9966	dfrA17,aadA5,sul1,mrx(A),mph(A)	5
RefSeq_NZ_JAAUVL010000001.1	IncFII	Gram-negative	IS26	75847-76667	78736-79556	2069	erm(B)	1
RefSeq_NZ_JAAUVL010000001.1	IncFII	Gram-negative	IS26	78736-79556	82028-82847	2472	aac(3)-IId	1
RefSeq_NZ_JAAUVL010000001.1	IncFII	Gram-negative	IS26	85030-85849	125773-126552	39924	blaTEM-1,cmlA1,aac(6')-Ib3,mrx(A),blaCTX-M-14,blaOXA	6
RefSeq_NZ_JABENA010000003.1	IncFII	Gram-negative	IS1	64763-65475	94771-95538	29296	mph(A),mrx(A),sul1,aadA2,dfrA12,catA1	6
RefSeq_NZ_JABSUB010000002.1	IncFII	Gram-negative	IS26	28291-29110	31297-32116	2187	catB3,blaOXA-1,aac(6')-Ib-cr5	3
RefSeq_NZ_JABWHZ010000057.1	IncFII	Gram-negative	IS26	71399-72209	76321-77141	4112	mrx(A),mph(A)	2
RefSeq_NZ_JABWHZ010000057.1	IncFII	Gram-negative	IS26	76321-77141	83410-84230	6269	blaTEM-1	1
RefSeq_NZ_JABWHZ010000057.1	IncFII	Gram-negative	IS26	83410-84230	86830-87649	2600	aac(3)-IIe	1
RefSeq_NZ_JABWHZ010000057.1	IncFII	Gram-negative	IS26	86830-87649	91886-92705	4237	blaCTX-M-15	1
RefSeq_NZ_JABWHZ010000057.1	IncFII	Gram-negative	IS26	91886-92705	94892-95711	2187	catB3,blaOXA-1,aac(6')-Ib-cr5	3
RefSeq_NZ_JABWPS010000002.1	IncN	Gram-negative	IS26	16269-17088	20465-21284	3377	fosA3,blaCTX-M-14	2
RefSeq_NZ_JABWPS010000002.1	IncN	Gram-negative	IS26	39395-40216	44377-45201	4161	mph(A),mrx(A)	2
RefSeq_NZ_JABWPS010000002.1	IncN	Gram-negative	IS26	227416-228234	233440-234259	5206	oqxB,oqxA2	2
RefSeq_NZ_JABWPS010000002.1	IncN	Gram-negative	IS26	233440-234259	235781-236600	1522	bleO	1
RefSeq_NZ_JABWPS010000002.1	IncN	Gram-negative	IS26	235781-236600	239605-240424	3005	sul1	1
RefSeq_NZ_JABWPS010000002.1	IncN	Gram-negative	IS26	239605-240424	241465-242285	1041	aph(3')-Ia	1
RefSeq_NZ_JABXRQ010000004.1	IncFII	Gram-negative	IS26	74741-75560	83654-84473	8094	aph(3')-Ia,aac(3)-IId	2
RefSeq_NZ_JABXRQ010000004.1	IncFII	Gram-negative	IS26	88139-88958	91911-92730	2953	blaSHV-12	1
RefSeq_NZ_JABXRQ010000004.1	IncFII	Gram-negative	IS26	91911-92730	97192-98012	4462	blaSHV-12	1
RefSeq_NZ_JABXRQ010000004.1	IncFII	Gram-negative	IS26	97192-98012	101502-102323	3490	mph(A),mrx(A)	2
RefSeq_NZ_JABXRQ010000004.1	IncFII	Gram-negative	IS26	101502-102323	108676-109495	6353	blaTEM	1
RefSeq_NZ_JABXRQ010000004.1	IncFII	Gram-negative	IS1	76147-76914	111203-111970	34289	aac(3)-IId,blaSHV-12,blaSHV-12,mph(A),mrx(A),blaTEM	6
RefSeq_NZ_JABXRS010000002.1	IncFII	Gram-negative	IS1	64763-65475	90172-90939	24697	tet(D),blaSHV	2
RefSeq_NZ_JABXRS010000002.1	IncFII	Gram-negative	IS26	73116-73933	77460-78279	3527	tet(D)	1
RefSeq_NZ_JABXRS010000002.1	IncFII	Gram-negative	IS26	77460-78279	86274-87093	7995	blaSHV	1
RefSeq_NZ_JABXRS010000004.1	IncFII	Gram-negative	IS26	74741-75560	83654-84473	8094	aph(3')-Ia,aac(3)-IId	2
RefSeq_NZ_JABXRS010000004.1	IncFII	Gram-negative	IS26	88139-88958	91911-92730	2953	blaSHV-12	1
RefSeq_NZ_JABXRS010000004.1	IncFII	Gram-negative	IS26	91911-92730	97192-98012	4462	blaSHV-12	1
RefSeq_NZ_JABXRS010000004.1	IncFII	Gram-negative	IS26	97192-98012	101502-102323	3490	mph(A),mrx(A)	2
RefSeq_NZ_JABXRS010000004.1	IncFII	Gram-negative	IS26	101502-102323	108676-109495	6353	blaTEM	1
RefSeq_NZ_JABXRS010000004.1	IncFII	Gram-negative	IS1	76147-76914	111203-111970	34289	aac(3)-IId,blaSHV-12,blaSHV-12,mph(A),mrx(A),blaTEM	6
RefSeq_NZ_JABXVT010000004.1	IncX1	Gram-negative	ISAba1	7972-9117	23296-24443	14179	estX-3,aadA1,aph(6)-Id,dfrA14,aph(3'')-Ib,sul2	6
RefSeq_NZ_JACYGB010000005.1	IncN	Gram-negative	IS26	27898-28717	31498-32317	2781	lnu(F),ant(3'')-Ia	2
RefSeq_NZ_JACYGM010000010.1	IncFII	Gram-negative	IS1	48178-48945	53102-53869	4157	tet(B)	1
RefSeq_NZ_JACYGM010000010.1	IncFII	Gram-negative	IS1	53102-53869	55695-56462	1826	blaOXA-48	1
RefSeq_NZ_JACYGN010000002.1	IncFII	Gram-negative	IS1	2052-2819	6976-7743	4157	tet(B)	1
RefSeq_NZ_JACYGN010000002.1	IncFII	Gram-negative	IS1	6976-7743	9569-10336	1826	blaOXA-48	1
RefSeq_NZ_JACYGQ010000006.1	IncFII	Gram-negative	IS26	22053-22873	32834-33653	9961	sul2,aph(3'')-Ib,aph(6)-Id,blaTEM-1	4
RefSeq_NZ_JACYGQ010000006.1	IncFII	Gram-negative	IS26	32834-33653	35840-36660	2187	aac(6')-Ib-cr5,blaOXA-1,catB3	3
RefSeq_NZ_JACYGQ010000006.1	IncFII	Gram-negative	IS26	35840-36660	39260-40079	2600	aac(3)-IIe	1
RefSeq_NZ_JACYGQ010000006.1	IncFII	Gram-negative	IS26	39260-40079	53560-54379	13481	tet(A),qnrB1	2
RefSeq_NZ_JACYGQ010000006.1	IncFII	Gram-negative	IS26	53560-54379	60960-61779	6581	dfrA14	1
RefSeq_NZ_JADPQD010000002.1	IncFII	Gram-negative	IS26	3452-4272	21652-22471	17380	qnrS1,blaTEM-1,blaCTX-M-15	3
RefSeq_NZ_JADPQD010000002.1	IncFII	Gram-negative	IS26	21652-22471	25071-25891	2600	aac(3)-IIe	1
RefSeq_NZ_JADPQD010000002.1	IncFII	Gram-negative	IS26	25071-25891	28078-28897	2187	catB3,blaOXA-1,aac(6')-Ib-cr5	3
RefSeq_NZ_JADPQD010000002.1	IncFII	Gram-negative	IS26	28078-28897	34604-35424	5707	catA1	1
RefSeq_NZ_JAENHY010000004.1	IncFII	Gram-negative	IS26	4393-5212	9237-10056	4025	blaCTX-M-65	1
RefSeq_NZ_JAENHY010000004.1	IncFII	Gram-negative	IS26	11041-11860	15668-16488	3808	blaTEM-1,rmtB1	2
RefSeq_NZ_JAENHY010000004.1	IncFII	Gram-negative	IS26	71052-71873	86618-87438	14745	blaSHV-11,blaKPC-2	2
RefSeq_NZ_JAENHY010000006.1	IncFII	Gram-negative	IS26	6254-7077	8477-9298	1400	catA2	1
RefSeq_NZ_JAENHY010000006.1	IncFII	Gram-negative	IS26	8477-9298	33564-34385	24266	tet(A),blaLAP-2,qnrS1	3
RefSeq_NZ_JAESGZ010000002.1	IncN	Gram-negative	IS26	97405-98224	99746-100566	1522	bleO	1
RefSeq_NZ_JAESGZ010000002.1	IncN	Gram-negative	IS26	99746-100566	103571-104390	3005	sul1	1
RefSeq_NZ_JAESGZ010000002.1	IncN	Gram-negative	IS26	103571-104390	105431-106251	1041	aph(3')-Ia	1
RefSeq_NZ_JAESGZ010000002.1	IncN	Gram-negative	IS26	105431-106251	135856-136675	29605	sul3,aadA1,cmlA1,aadA2,dfrA12,floR,sul2,aph(4)-Ia,aac(3)-IVa	9
RefSeq_NZ_JAESGZ010000002.1	IncN	Gram-negative	IS26	135856-136675	140052-140871	3377	fosA3,blaCTX-M-14	2
RefSeq_NZ_JAESGZ010000002.1	IncN	Gram-negative	IS26	158983-159804	163965-164797	4161	mph(A),mrx(A)	2
RefSeq_NZ_JAESGZ010000002.1	IncN	Gram-negative	IS26	164783-165605	170812-171631	5207	oqxA2,oqxB2	2
RefSeq_NZ_JAFFIC010000003.1	IncFII	Gram-negative	IS1	281874-282641	304870-305637	22229	sul1,aadA1,blaOXA-1,catA1	4
RefSeq_NZ_JAFHEJ010000575.1	IncN	Gram-negative	IS26	26218-27037	45606-46425	18569	aph(6)-Id,aph(3'')-Ib,dfrA19,qnrB17,mph(A),mrx(A),arr-3,catB3,blaOXA-1,aac(6')-Ib-cr5	10
RefSeq_NZ_JAFHEM010000630.1	IncN	Gram-negative	IS26	26126-26945	36292-37113	9347	aph(6)-Id,aph(3'')-Ib,dfrA19,sul1	4
RefSeq_NZ_JAFHEM010000630.1	IncN	Gram-negative	IS26	36292-37113	42949-43768	5836	sul1,arr-3,catB3,blaOXA-1,aac(6')-Ib-cr5	5
RefSeq_NZ_JAFHHD010000079.1	IncN	Gram-negative	IS26	26218-27037	37576-38397	10539	aph(6)-Id,aph(3'')-Ib,dfrA19,sul1,qnrB2	5
RefSeq_NZ_JAFHHD010000079.1	IncN	Gram-negative	IS26	37576-38397	50218-51037	11821	mph(A),mrx(A),sul1,arr-3,catB3,blaOXA-1,aac(6')-Ib-cr5	7
RefSeq_NZ_JAFHHG010000259.1	IncN	Gram-negative	IS26	26218-27037	37576-38397	10539	aph(6)-Id,aph(3'')-Ib,dfrA19,sul1,qnrB2	5
RefSeq_NZ_JAFHHG010000259.1	IncN	Gram-negative	IS26	37576-38397	50218-51037	11821	mph(A),mrx(A),sul1,arr-3,catB3,blaOXA-1,aac(6')-Ib-cr5	7
RefSeq_NZ_JAFHHJ010000127.1	IncN	Gram-negative	IS26	26218-27037	37576-38397	10539	aph(6)-Id,aph(3'')-Ib,dfrA19,sul1,qnrB2	5
RefSeq_NZ_JAFHHJ010000127.1	IncN	Gram-negative	IS26	37576-38397	50218-51037	11821	mph(A),mrx(A),sul1,arr-3,catB3,blaOXA-1,aac(6')-Ib-cr5	7
RefSeq_NZ_JAFHHL010000264.1	IncN	Gram-negative	IS26	26218-27037	37576-38397	10539	aph(6)-Id,aph(3'')-Ib,dfrA19,sul1,qnrB2	5
RefSeq_NZ_JAFHHL010000264.1	IncN	Gram-negative	IS26	37576-38397	50218-51037	11821	mph(A),mrx(A),sul1,arr-3,catB3,blaOXA-1,aac(6')-Ib-cr5	7
RefSeq_NZ_JAFHID010000069.1	IncN	Gram-negative	IS26	26218-27037	37576-38397	10539	aph(6)-Id,aph(3'')-Ib,dfrA19,sul1,qnrB2	5
RefSeq_NZ_JAFHID010000069.1	IncN	Gram-negative	IS26	37576-38397	50218-51037	11821	mph(A),mrx(A),sul1,arr-3,catB3,blaOXA-1,aac(6')-Ib-cr5	7
RefSeq_NZ_JAFHMR010000177.1	IncN	Gram-negative	IS26	26218-27037	36229-37050	9192	aph(6)-Id,aph(3'')-Ib,dfrA19,sul1,qnrB2	5
RefSeq_NZ_JAFHMR010000177.1	IncN	Gram-negative	IS26	36229-37050	48871-49690	11821	mph(A),mrx(A),sul1,arr-3,catB3,blaOXA-1,aac(6')-Ib-cr5	7
RefSeq_NZ_JAFHMW010000240.1	IncN	Gram-negative	IS26	26218-27037	37308-38129	10271	aph(6)-Id,aph(3'')-Ib,dfrA19,sul1,qnrB2	5
RefSeq_NZ_JAFHMW010000240.1	IncN	Gram-negative	IS26	37308-38129	49922-50741	11793	mph(A),mrx(A),sul1,arr-3,catB3,blaOXA-1,aac(6')-Ib-cr5	7
RefSeq_NZ_JAFHMX010000099.1	IncN	Gram-negative	IS26	26218-27037	37576-38397	10539	aph(6)-Id,aph(3'')-Ib,dfrA19,sul1,qnrB2	5
RefSeq_NZ_JAFHMX010000099.1	IncN	Gram-negative	IS26	37576-38397	50218-51037	11821	mph(A),mrx(A),sul1,arr-3,catB3,blaOXA-1,aac(6')-Ib-cr5	7
RefSeq_NZ_JAFHNL010000259.1	IncN	Gram-negative	IS26	25872-26691	40914-41733	14223	aph(6)-Id,aph(3'')-Ib,dfrA19,arr-3,catB3,blaOXA-1,aac(6')-Ib-cr5	7
RefSeq_NZ_JAFHOF010000434.1	IncN	Gram-negative	IS26	27744-28565	33198-34017	4633	mph(A),mrx(A)	2
RefSeq_NZ_JAFHPF010000114.1	IncN	Gram-negative	IS26	26218-27037	43537-44356	16500	aph(6)-Id,aph(3'')-Ib,dfrA19,sul1,sul1,arr-3,catB3,blaOXA-1,aac(6')-Ib-cr5	9
RefSeq_NZ_JAFHUD010000191.1	IncN	Gram-negative	IS26	26218-27037	37576-38397	10539	aph(6)-Id,aph(3'')-Ib,dfrA19,sul1,qnrB2	5
RefSeq_NZ_JAFHUD010000191.1	IncN	Gram-negative	IS26	37576-38397	50218-51037	11821	mph(A),mrx(A),sul1,arr-3,catB3,blaOXA-1,aac(6')-Ib-cr5	7
RefSeq_NZ_JAFHUN010000112.1	IncN	Gram-negative	IS26	26218-27037	37576-38397	10539	aph(6)-Id,aph(3'')-Ib,dfrA19,sul1,qnrB2	5
RefSeq_NZ_JAFHUN010000112.1	IncN	Gram-negative	IS26	37576-38397	50218-51037	11821	mph(A),mrx(A),sul1,arr-3,catB3,blaOXA-1,aac(6')-Ib-cr5	7
RefSeq_NZ_JAFHUO010000184.1	IncN	Gram-negative	IS26	26218-27037	37576-38397	10539	aph(6)-Id,aph(3'')-Ib,dfrA19,sul1,qnrB2	5
RefSeq_NZ_JAFHUO010000184.1	IncN	Gram-negative	IS26	37576-38397	50218-51037	11821	mph(A),mrx(A),sul1,arr-3,catB3,blaOXA-1,aac(6')-Ib-cr5	7
RefSeq_NZ_JAFHUU010000083.1	IncN	Gram-negative	IS26	26218-27037	37558-38379	10521	aph(6)-Id,aph(3'')-Ib,dfrA19,sul1,qnrB2	5
RefSeq_NZ_JAFHUU010000083.1	IncN	Gram-negative	IS26	37558-38379	50200-50868	11821	mph(A),mrx(A),sul1,arr-3,catB3,blaOXA-1,aac(6')-Ib-cr5	7
RefSeq_NZ_JAFHVA010000115.1	IncN	Gram-negative	IS26	26218-27037	37576-38397	10539	aph(6)-Id,aph(3'')-Ib,dfrA19,sul1,qnrB2	5
RefSeq_NZ_JAFHVA010000115.1	IncN	Gram-negative	IS26	37576-38397	50218-51037	11821	mph(A),mrx(A),sul1,arr-3,catB3,blaOXA-1,aac(6')-Ib-cr5	7
RefSeq_NZ_JAFHVK010000127.1	IncN	Gram-negative	IS26	23235-24054	34593-35414	10539	aph(6)-Id,aph(3'')-Ib,dfrA19,sul1,qnrB2	5
RefSeq_NZ_JAFHVK010000127.1	IncN	Gram-negative	IS26	34593-35414	47235-48054	11821	mph(A),mrx(A),sul1,arr-3,catB3,blaOXA-1,aac(6')-Ib-cr5	7
RefSeq_NZ_JAFHWL010000110.1	IncN	Gram-negative	IS26	26218-27037	37576-38397	10539	aph(6)-Id,aph(3'')-Ib,dfrA19,sul1,qnrB2	5
RefSeq_NZ_JAFHWL010000110.1	IncN	Gram-negative	IS26	37576-38397	50218-51037	11821	mph(A),mrx(A),sul1,arr-3,catB3,blaOXA-1,aac(6')-Ib-cr5	7
RefSeq_NZ_JAFHXO010000153.1	IncN	Gram-negative	IS26	26218-27037	37163-37984	10126	aph(6)-Id,aph(3'')-Ib,dfrA19,sul1,qnrB2	5
RefSeq_NZ_JAFHXO010000153.1	IncN	Gram-negative	IS26	37163-37984	49805-50624	11821	mph(A),mrx(A),sul1,arr-3,catB3,blaOXA-1,aac(6')-Ib-cr5	7
RefSeq_NZ_JAFHYB010000181.1	IncN	Gram-negative	IS26	22164-22959	27381-28076	4422	aph(6)-Id,aph(3'')-Ib	2
RefSeq_NZ_JAFHYH010000055.1	IncN	Gram-negative	IS26	26218-27037	37576-38397	10539	aph(6)-Id,aph(3'')-Ib,dfrA19,sul1,qnrB2	5
RefSeq_NZ_JAFHYH010000055.1	IncN	Gram-negative	IS26	37576-38397	50218-51037	11821	mph(A),mrx(A),sul1,arr-3,catB3,blaOXA-1,aac(6')-Ib-cr5	7
RefSeq_NZ_JAFHYL010000047.1	IncN	Gram-negative	IS26	26218-27037	31966-32785	4929	aph(6)-Id,aph(3'')-Ib	2
RefSeq_NZ_JAFHYN010000134.1	IncN	Gram-negative	IS26	25344-26163	36702-37503	10539	aph(6)-Id,aph(3'')-Ib,dfrA19,sul1,qnrB2	5
RefSeq_NZ_JAFHYN010000134.1	IncN	Gram-negative	IS26	36702-37503	49324-50143	11821	mph(A),mrx(A),sul1,arr-3,catB3,blaOXA-1,aac(6')-Ib-cr5	7
RefSeq_NZ_JAFHYQ010000112.1	IncN	Gram-negative	IS26	26218-27037	37576-38397	10539	aph(6)-Id,aph(3'')-Ib,dfrA19,sul1,qnrB2	5
RefSeq_NZ_JAFHYQ010000112.1	IncN	Gram-negative	IS26	37576-38397	50218-51037	11821	mph(A),mrx(A),sul1,arr-3,catB3,blaOXA-1,aac(6')-Ib-cr5	7
RefSeq_NZ_JAFHYX010000114.1	IncN	Gram-negative	IS26	26218-27037	37576-38397	10539	aph(6)-Id,aph(3'')-Ib,dfrA19,sul1,qnrB2	5
RefSeq_NZ_JAFHYX010000114.1	IncN	Gram-negative	IS26	37576-38397	50218-51037	11821	mph(A),mrx(A),sul1,arr-3,catB3,blaOXA-1,aac(6')-Ib-cr5	7
RefSeq_NZ_JAFHZD010000135.1	IncN	Gram-negative	IS26	26218-27037	42844-43663	15807	aph(6)-Id,aph(3'')-Ib,dfrA19,sul1,sul1,arr-3,catB3,blaOXA-1,aac(6')-Ib-cr5	9
RefSeq_NZ_JAFHZH010000306.1	IncN	Gram-negative	IS26	26193-27012	42327-43146	15315	aph(6)-Id,aph(3'')-Ib,dfrA19,sul1,arr-3,catB3,blaOXA-1,aac(6')-Ib-cr5	8
RefSeq_NZ_JAFIAB010000074.1	IncN	Gram-negative	IS26	26218-27037	36385-37207	9348	aph(6)-Id,aph(3'')-Ib,dfrA19,sul1	4
RefSeq_NZ_JAFIAB010000074.1	IncN	Gram-negative	IS26	36385-37207	44064-44883	6857	sul1,arr-3,catB3,blaOXA-1,aac(6')-Ib-cr5	5
RefSeq_NZ_JAFIAF010000215.1	IncN	Gram-negative	IS26	26218-27037	37576-38397	10539	aph(6)-Id,aph(3'')-Ib,dfrA19,sul1,qnrB2	5
RefSeq_NZ_JAFIAF010000215.1	IncN	Gram-negative	IS26	37576-38397	50218-51037	11821	mph(A),mrx(A),sul1,arr-3,catB3,blaOXA-1,aac(6')-Ib-cr5	7
RefSeq_NZ_JAFIAR010000155.1	IncN	Gram-negative	IS26	22389-23208	27845-28664	4637	aph(6)-Id,aph(3'')-Ib	2
RefSeq_NZ_JAFIQF010000007.1	IncN	Gram-negative	IS26	36333-37152	47691-48512	10539	aph(6)-Id,aph(3'')-Ib,dfrA19,sul1,qnrB2	5
RefSeq_NZ_JAFIQF010000007.1	IncN	Gram-negative	IS26	47691-48512	57261-58082	8749	mph(A),mrx(A),sul1	3
RefSeq_NZ_JAFIQG010000005.1	IncN	Gram-negative	IS26	46311-47130	57669-58490	10539	aph(6)-Id,aph(3'')-Ib,dfrA19,sul1,qnrB2	5
RefSeq_NZ_JAFIQG010000005.1	IncN	Gram-negative	IS26	57669-58490	65912-66733	7422	mph(A),mrx(A),sul1	3
RefSeq_NZ_JAGEVC010000002.1	IncFII	Gram-negative	IS26	29619-30438	39153-39972	8715	blaCTX-M-15,blaOXA,catB3	3
RefSeq_NZ_JAGEVC010000002.1	IncFII	Gram-negative	IS26	39153-39972	42867-43687	2895	mrx(A),mph(A)	2
RefSeq_NZ_JAGSXX010000005.1	IncFII	Gram-negative	IS26	155915-156734	162765-163584	6031	dfrA14	1
RefSeq_NZ_JAGSXX010000005.1	IncFII	Gram-negative	IS26	162765-163584	165771-166590	2187	aac(6')-Ib-cr5,blaOXA-1,catB3	3
RefSeq_NZ_JAHBNK010000002.1	IncFII	Gram-negative	IS26	74316-75136	92955-93774	17819	aac(6')-Ib,blaTEM-1,blaOXA	3
RefSeq_NZ_JAHBNK010000002.1	IncFII	Gram-negative	IS26	92955-93774	117372-118176	23598	blaKPC-3,aph(4)-Ia,aac(3)-IVa	3
RefSeq_NZ_JAHBNN010000002.1	IncFII	Gram-negative	IS26	137797-138617	146264-147084	7647	dfrA14	1
RefSeq_NZ_JAHBNS010000002.1	IncFII	Gram-negative	IS26	95385-96205	103852-104672	7647	dfrA14	1
RefSeq_NZ_JAHBNT010000002.1	IncFII	Gram-negative	IS26	135867-136687	144334-145154	7647	dfrA14	1
RefSeq_NZ_JAHBOD010000005.1	IncFII	Gram-negative	IS26	40235-41055	48702-49522	7647	dfrA14	1
RefSeq_NZ_JAHBOD010000005.1	IncFII	Gram-negative	IS26	48702-49522	90637-91457	41115	mph(A),mrx(A),catA1	3
RefSeq_NZ_JAHQXS010000196.1	IncFII	Gram-negative	IS26	109603-110424	125873-126699	15449	blaSCO-1,aac(3)-IIe,blaTEM-1	3
RefSeq_NZ_JAHQXU010000164.1	IncFII	Gram-negative	IS1	71330-72097	94127-94839	22030	catA1,mrx(A),mph(A),aph(3')-Ia	4
RefSeq_NZ_JAHQXU010000164.1	IncFII	Gram-negative	IS26	75210-76029	80494-81314	4465	mrx(A),mph(A)	2
RefSeq_NZ_JAHQXU010000164.1	IncFII	Gram-negative	IS26	80494-81314	82372-83111	1058	aph(3')-Ia	1
RefSeq_NZ_JAHQXV010000118.1	IncFII	Gram-negative	IS26	2410-3230	16791-17610	13561	sul2,aph(3'')-Ib,aph(6)-Id,blaTEM-1,blaCTX-M-15	5
RefSeq_NZ_JAHQXV010000118.1	IncFII	Gram-negative	IS26	22040-22832	27133-27954	4301	blaCTX-M-15	1
RefSeq_NZ_JAHQXV010000118.1	IncFII	Gram-negative	IS26	56966-57759	60066-60885	2307	dfrA14	1
RefSeq_NZ_JAHQXV010000118.1	IncFII	Gram-negative	IS26	60066-60885	63072-63891	2187	aac(6')-Ib-cr5,blaOXA-1,catB3	3
RefSeq_NZ_JAHQYA010000341.1	IncFII	Gram-negative	IS26	2410-3230	16791-17610	13561	sul2,aph(3'')-Ib,aph(6)-Id,blaTEM-1,blaCTX-M-15	5
RefSeq_NZ_JAHQYA010000341.1	IncFII	Gram-negative	IS26	22040-22832	27133-27954	4301	blaCTX-M-15	1
RefSeq_NZ_JAHQYA010000341.1	IncFII	Gram-negative	IS26	56966-57759	60066-60885	2307	dfrA14	1
RefSeq_NZ_JAHQYA010000341.1	IncFII	Gram-negative	IS26	60066-60885	63072-63891	2187	aac(6')-Ib-cr5,blaOXA-1,catB3	3
RefSeq_NZ_JAHQYC010000118.1	IncFII	Gram-negative	IS26	28479-29298	32822-33641	3524	tet(D)	1
RefSeq_NZ_JAHQYC010000118.1	IncFII	Gram-negative	IS26	35041-35650	48935-49755	13285	blaTEM,aph(6)-Id,aph(3'')-Ib,sul2	4
RefSeq_NZ_JAHQYE010000153.1	IncFII	Gram-negative	IS26	2410-3230	16791-17610	13561	sul2,aph(3'')-Ib,aph(6)-Id,blaTEM-1,blaCTX-M-15	5
RefSeq_NZ_JAHQYE010000153.1	IncFII	Gram-negative	IS26	22040-22832	27133-27954	4301	blaCTX-M-15	1
RefSeq_NZ_JAHQYE010000153.1	IncFII	Gram-negative	IS26	56966-57759	60066-60885	2307	dfrA14	1
RefSeq_NZ_JAHQYE010000153.1	IncFII	Gram-negative	IS26	60066-60885	63072-63891	2187	aac(6')-Ib-cr5,blaOXA-1,catB3	3
RefSeq_NZ_JAIELB010000003.1	IncFII	Gram-negative	IS26	8547-9366	14518-15338	5152	sul1,aadA5,dfrA17	3
RefSeq_NZ_JAIELB010000003.1	IncFII	Gram-negative	IS26	14518-15338	19465-20286	4127	mrx(A),mph(A)	2
RefSeq_NZ_JAIEUC010000004.1	IncN	Gram-negative	IS26	2895-3714	17790-18610	14076	blaIMP-4	1
RefSeq_NZ_JAIEUD010000004.1	IncN	Gram-negative	IS26	2895-3714	13881-14700	10167	blaIMP-4	1
RefSeq_NZ_JAIEUE010000004.1	IncN	Gram-negative	IS26	2858-3677	17753-18573	14076	blaIMP-4	1
RefSeq_NZ_JAIEUF010000004.1	IncN	Gram-negative	IS26	2895-3714	17790-18610	14076	blaIMP-4	1
RefSeq_NZ_JAJHPW010000004.1	IncN	Gram-negative	IS1	62292-63059	101735-102502	38676	mph(A),mrx(A),sul1,arr-3,catB3,blaOXA-1,aac(6')-Ib-cr5,aac(3)-IId,blaTEM-1	9
RefSeq_NZ_JAJHPW010000004.1	IncN	Gram-negative	IS26	70471-71291	88118-88937	16827	mph(A),mrx(A),sul1,arr-3,catB3,blaOXA-1,aac(6')-Ib-cr5	7
RefSeq_NZ_JAJHPW010000004.1	IncN	Gram-negative	IS26	88118-88937	96334-97154	7397	aac(3)-IId,blaTEM-1	2
RefSeq_NZ_JAJHPW010000004.1	IncN	Gram-negative	IS26	96334-97154	121217-122038	24063	tet(A)	1
RefSeq_NZ_JAJHPW010000004.1	IncN	Gram-negative	IS26	129328-130147	133094-133917	2947	blaIMP-4	1
RefSeq_NZ_JAKVTB010000015.1	IncFII	Gram-negative	IS26	47198-48017	50489-51308	2472	aac(3)-IId	1
RefSeq_NZ_JALJQN010000003.1	IncFII	Gram-negative	IS26	65973-66793	77872-78693	11079	mph(A),mrx(A),sul1,aadA5,dfrA17	5
RefSeq_NZ_JAMOLP010000006.1	IncFII	Gram-negative	IS26	67412-68232	82485-83277	14253	sul2,aph(3'')-Ib,aph(6)-Id,blaTEM-1,blaCTX-M-15	5
RefSeq_NZ_JAMOLP010000006.1	IncFII	Gram-negative	IS26	82485-83277	90005-90824	6728	dfrA14	1
RefSeq_NZ_JAMOLP010000006.1	IncFII	Gram-negative	IS26	90005-90824	93424-94244	2600	aac(3)-IIe	1
RefSeq_NZ_JAMOLP010000006.1	IncFII	Gram-negative	IS26	93424-94244	96431-97250	2187	catB3,blaOXA-1,aac(6')-Ib-cr5	3
RefSeq_NZ_JAMOLP010000006.1	IncFII	Gram-negative	IS26	96431-97250	110639-111458	13389	tet(A),qnrB1	2
RefSeq_NZ_JAMOLQ010000002.1	IncFII	Gram-negative	IS1	139497-140209	172536-173301	32327	tet(D),catA2,blaTEM-1,aph(6)-Id,aph(3'')-Ib,sul2	6
RefSeq_NZ_JAMOLQ010000002.1	IncFII	Gram-negative	IS26	69010-69829	76859-77679	7030	blaCTX-M-14	1
RefSeq_NZ_JAMOLQ010000002.1	IncFII	Gram-negative	IS26	81671-82490	87549-88368	5059	aac(3)-IId	1
RefSeq_NZ_JAMOLQ010000002.1	IncFII	Gram-negative	IS26	87549-88368	98693-99512	10325	blaLAP-2,qnrS1	2
RefSeq_NZ_JAMOLQ010000002.1	IncFII	Gram-negative	IS26	98693-99512	149328-150147	49816	sul1,dfrA1,tet(A)	3
RefSeq_NZ_JAMOLQ010000002.1	IncFII	Gram-negative	IS26	149328-150147	153191-154010	3044	tet(D)	1
RefSeq_NZ_JAMOLQ010000002.1	IncFII	Gram-negative	IS26	153191-154010	155410-156233	1400	catA2	1
RefSeq_NZ_JAMOLS010000003.1	IncFII	Gram-negative	IS26	55384-56211	66820-67639	10609	dfrA12,aadA2,cmlA1,aadA1,sul3	5
RefSeq_NZ_JAMOLS010000003.1	IncFII	Gram-negative	IS26	66820-67639	102527-103346	34888	blaTEM-1	1
RefSeq_NZ_JAMOLS010000003.1	IncFII	Gram-negative	IS26	102527-103346	124781-125605	21435	tet(A)	1
RefSeq_NZ_JAMSKU010000005.1	IncFII	Gram-negative	IS26	4393-5212	9237-10056	4025	blaCTX-M-65	1
RefSeq_NZ_JAMSKU010000005.1	IncFII	Gram-negative	IS26	11041-11860	13136-13955	1276	fosA3	1
RefSeq_NZ_JAMSKU010000005.1	IncFII	Gram-negative	IS26	13136-13955	17763-18583	3808	blaTEM-1,rmtB1	2
RefSeq_NZ_JAMSKU010000005.1	IncFII	Gram-negative	IS26	74255-75075	90172-90991	15097	blaSHV-12,blaKPC-2	2
RefSeq_NZ_JAMSKU010000006.1	IncFII	Gram-negative	IS26	5771-6590	9315-10134	2725	dfrA14	1
RefSeq_NZ_JAMSKU010000006.1	IncFII	Gram-negative	IS26	81667-82488	83888-84711	1400	catA2	1
RefSeq_NZ_JANCTJ010000011.1	IncFII	Gram-negative	IS26	23022-23842	40183-40975	16341	sul2,aph(3'')-Ib,aph(6)-Id,blaTEM-1,blaCTX-M-15	5
RefSeq_NZ_JANCTJ010000011.1	IncFII	Gram-negative	IS26	40183-40975	47702-48521	6727	dfrA14	1
RefSeq_NZ_JANCTJ010000011.1	IncFII	Gram-negative	IS26	47702-48521	55154-55973	6633	qnrB1	1
RefSeq_NZ_JANCTJ010000011.1	IncFII	Gram-negative	ISEcp1	26857-28512	34382-36037	5870	sul2,aph(3'')-Ib,aph(6)-Id,blaTEM-1	4
RefSeq_NZ_JANIDU010000008.1	IncX1	Gram-negative	IS26	4393-5212	25848-26667	20636	aph(3')-IIa	1
RefSeq_NZ_JANIDU010000008.1	IncX1	Gram-negative	IS26	25848-26667	27400-28219	733	fosA	1
RefSeq_NZ_JANIDU010000008.1	IncX1	Gram-negative	IS26	27400-28219	30987-31807	2768	blaCTX-M-55	1
RefSeq_NZ_JANPXL010000002.1	IncFII	Gram-negative	IS26	4393-5212	9913-10733	4701	blaCTX-M-65,blaTEM-1,rmtB1	3
RefSeq_NZ_JANPXL010000002.1	IncFII	Gram-negative	IS26	28052-28871	43968-44787	15097	blaSHV-12,blaKPC-2	2
RefSeq_NZ_JANPXL010000004.1	IncFII	Gram-negative	IS26	64801-65620	68345-69164	2725	dfrA14	1
RefSeq_NZ_JANPXL010000004.1	IncFII	Gram-negative	IS26	68345-69164	77319-78142	8155	sul2	1
RefSeq_NZ_JANPXL010000004.1	IncFII	Gram-negative	IS26	77319-78142	79542-80363	1400	catA2	1
RefSeq_NZ_JANPXM010000003.1	IncFII	Gram-negative	IS26	4393-5212	9237-10056	4025	blaCTX-M-65	1
RefSeq_NZ_JANPXM010000003.1	IncFII	Gram-negative	IS26	11041-11860	15668-16488	3808	blaTEM-1,rmtB1	2
RefSeq_NZ_JANPXM010000003.1	IncFII	Gram-negative	IS26	39289-40108	55205-56024	15097	blaSHV-12,blaKPC-2	2
RefSeq_NZ_JANPXN010000003.1	IncFII	Gram-negative	IS26	4393-5212	9237-10056	4025	blaCTX-M-65	1
RefSeq_NZ_JANPXN010000003.1	IncFII	Gram-negative	IS26	11041-11860	13136-13955	1276	fosA3	1
RefSeq_NZ_JANPXN010000003.1	IncFII	Gram-negative	IS26	13136-13955	17763-18583	3808	blaTEM-1,rmtB1	2
RefSeq_NZ_JANPXN010000003.1	IncFII	Gram-negative	IS26	73977-74796	79326-80145	4530	blaKPC-2	1
RefSeq_NZ_JANPXN010000003.1	IncFII	Gram-negative	IS26	101837-102659	103904-104727	1245	catA2	1
RefSeq_NZ_JANPXO010000003.1	IncFII	Gram-negative	IS26	4393-5212	9913-10733	4701	blaCTX-M-65,blaTEM-1,rmtB1	3
RefSeq_NZ_JANPXO010000003.1	IncFII	Gram-negative	IS26	33528-34347	49444-50263	15097	blaSHV-12,blaKPC-2	2
RefSeq_NZ_JANPXO010000004.1	IncFII	Gram-negative	IS26	66722-67543	68943-69766	1400	catA2	1
RefSeq_NZ_JANPXO010000004.1	IncFII	Gram-negative	IS26	68943-69766	77921-78740	8155	sul2	1
RefSeq_NZ_JANPXO010000004.1	IncFII	Gram-negative	IS26	77921-78740	81465-82284	2725	dfrA14	1
RefSeq_NZ_JANPXP010000002.1	IncFII	Gram-negative	IS26	18913-19732	26242-27063	6510	blaKPC-2	1
RefSeq_NZ_JANPYK010000002.1	IncFII	Gram-negative	IS1	34863-35630	49687-50454	14057	aadA22	1
RefSeq_NZ_JANPYK010000002.1	IncFII	Gram-negative	IS26	46322-47141	54007-54826	6866	aadA22	1
RefSeq_NZ_JANPYK010000002.1	IncFII	Gram-negative	IS26	54007-54826	64044-64863	9218	blaCTX-M-14,cmlA1,aac(6')-Ib3	3
RefSeq_NZ_JANPYK010000002.1	IncFII	Gram-negative	IS26	80758-81581	82970-83792	1389	catA2	1
RefSeq_NZ_JANPYK010000003.1	IncFII	Gram-negative	IS26	49233-50052	53979-54799	3927	blaKPC-2	1
RefSeq_NZ_JANVCW010000005.1	IncFII	Gram-negative	IS26	9656-10478	58871-59690	48393	blaKPC-2	1
RefSeq_NZ_JANVCW010000005.1	IncFII	Gram-negative	IS26	74575-75394	86314-87135	10920	blaKPC-2	1
RefSeq_NZ_JANVCW010000005.1	IncFII	Gram-negative	IS26	141699-142519	146327-147146	3808	rmtB1,blaTEM-1	2
RefSeq_NZ_JANVCW010000005.1	IncFII	Gram-negative	IS26	146327-147146	148422-149241	1276	fosA3	1
RefSeq_NZ_JANVCW010000012.1	IncFII	Gram-negative	IS26	17058-17879	19278-20100	1399	catA2	1
RefSeq_NZ_JANVCW010000012.1	IncFII	Gram-negative	IS26	28249-29068	31793-32612	2725	dfrA14	1
RefSeq_NZ_JANVCX010000004.1	IncFII	Gram-negative	IS26	28302-29121	31305-32125	2184	blaTEM-1	1
RefSeq_NZ_JANVCX010000004.1	IncFII	Gram-negative	IS26	31305-32125	60038-60857	27913	blaCTX-M-14,blaKPC-2	2
RefSeq_NZ_JAOAOE010000006.1	IncN	Gram-negative	IS26	1769-2588	6991-7812	4403	qepA8	1
RefSeq_NZ_JAODHS010000007.1	IncFII	Gram-negative	IS26	6103-6922	9690-10510	2768	blaCTX-M-55	1
RefSeq_NZ_JAOVSH010000006.1	IncFII	Gram-negative	IS26	9555-10374	16883-17702	6509	blaKPC-2	1
RefSeq_NZ_JAOVSH010000010.1	IncFII	Gram-negative	IS26	580-1398	11845-12670	10447	blaNDM-5,ble,sul1,aadA2,dfrA12	5
RefSeq_NZ_JAOVSH010000010.1	IncFII	Gram-negative	IS26	82293-83112	85837-86656	2725	dfrA14	1
RefSeq_NZ_JAOVSH010000010.1	IncFII	Gram-negative	IS26	85837-86656	94811-95634	8155	sul2	1
RefSeq_NZ_JAOVSH010000010.1	IncFII	Gram-negative	IS26	94811-95634	97034-97853	1400	catA2	1
RefSeq_NZ_JAOVSH010000010.1	IncFII	Gram-negative	IS26	97034-97853	108300-109125	10447	blaNDM-5,ble,sul1,aadA2,dfrA12	5
RefSeq_NZ_JAQLSH010000478.1	IncFII	Gram-negative	IS1	10007-10772	28830-29542	18058	sul1	1
RefSeq_NZ_JAQLSH010000478.1	IncFII	Gram-negative	IS26	14111-14930	21642-22461	6712	sul1	1
RefSeq_NZ_JAQMVB010000006.1	IncX1	Gram-negative	IS26	7546-8366	11767-12591	3401	qnrS1	1
RefSeq_NZ_JAQMVB010000006.1	IncX1	Gram-negative	IS1	85334-86097	122914-123681	36817	tet(A),aph(6)-Id,aph(3'')-Ib	3
RefSeq_NZ_JARVRB010000001.1	IncFII	Gram-negative	IS26	129948-130768	145021-145813	14253	sul2,aph(3'')-Ib,aph(6)-Id,blaTEM-1,blaCTX-M-15	5
RefSeq_NZ_JARVRB010000001.1	IncFII	Gram-negative	IS26	145021-145813	152541-153360	6728	dfrA14	1
RefSeq_NZ_JARVRB010000001.1	IncFII	Gram-negative	IS26	152541-153360	155960-156780	2600	aac(3)-IIe	1
RefSeq_NZ_JARVRB010000001.1	IncFII	Gram-negative	IS26	155960-156780	158967-159786	2187	aac(6')-Ib-cr5,blaOXA-1,catB3	3
RefSeq_NZ_JARVRB010000001.1	IncFII	Gram-negative	IS26	158967-159786	173194-174013	13408	tet(A),qnrB1	2
RefSeq_NZ_JARVXA010000004.1	IncN	Gram-negative	IS26	1610-2429	6832-7653	4403	qepA8	1
RefSeq_NZ_JASBCL010000002.1	IncN	Gram-negative	IS1	153572-154339	164791-165558	10452	dfrA12,aadA2,sul1	3
RefSeq_NZ_JASBCL010000002.1	IncN	Gram-negative	IS26	131381-132200	145973-146794	13773	tet(M),blaTEM-1,blaCTX-M-55	3
RefSeq_NZ_JASBCL010000002.1	IncN	Gram-negative	IS26	145973-146794	161404-162223	14610	aac(3)-IId,dfrA12,aadA2,sul1	4
RefSeq_NZ_JASBCL010000002.1	IncN	Gram-negative	IS26	215583-216404	234286-235109	17882	aph(3'')-Ib,aph(6)-Id,tet(A),floR,tet(X4)	5
RefSeq_NZ_JASISG010000005.1	IncFII	Gram-negative	IS26	49200-50019	63500-64319	13481	tet(A),qnrB1	2
RefSeq_NZ_JASISG010000005.1	IncFII	Gram-negative	IS26	63500-64319	71047-71839	6728	dfrA14	1
RefSeq_NZ_JASISG010000005.1	IncFII	Gram-negative	IS26	71047-71839	86092-86912	14253	blaCTX-M-15,blaTEM-1,aph(6)-Id,aph(3'')-Ib,sul2	5
RefSeq_NZ_JAUAMN010000014.1	IncX1	Gram-negative	IS26	4061-4880	6284-7103	1404	qnrS1	1
RefSeq_NZ_JAUAMN010000014.1	IncX1	Gram-negative	IS26	6284-7103	9536-10355	2433	aadA2	1
RefSeq_NZ_JAUANO010000015.1	IncX1	Gram-negative	IS26	8445-9264	11697-12516	2433	aadA2	1
RefSeq_NZ_JAZBHJ010000015.1	IncFII	Gram-negative	IS1	8351-9118	22230-22997	13112	blaOXA,blaTEM-1	2
RefSeq_NZ_JAZBHJ010000015.1	IncFII	Gram-negative	IS1	22230-22997	45922-46689	22925	blaKPC-2	1
RefSeq_NZ_JBAFZR010000002.1	IncFII	Gram-negative	IS26	129948-130768	145021-145813	14253	sul2,aph(3'')-Ib,aph(6)-Id,blaTEM-1,blaCTX-M-15	5
RefSeq_NZ_JBAFZR010000002.1	IncFII	Gram-negative	IS26	145021-145813	152541-153360	6728	dfrA14	1
RefSeq_NZ_JBAFZR010000002.1	IncFII	Gram-negative	IS26	152541-153360	155960-156780	2600	aac(3)-IIe	1
RefSeq_NZ_JBAFZR010000002.1	IncFII	Gram-negative	IS26	155960-156780	158967-159786	2187	aac(6')-Ib-cr5,blaOXA-1,catB3	3
RefSeq_NZ_JBAFZR010000002.1	IncFII	Gram-negative	IS26	158967-159786	173194-174013	13408	tet(A),qnrB1	2
RefSeq_NZ_JDVF01000123.1	IncFII	Gram-negative	IS26	21720-22540	27075-27895	4535	aac(3)-IId	1
RefSeq_NZ_JDVF01000123.1	IncFII	Gram-negative	IS26	27075-27895	43070-43847	15175	blaTEM-1	1
RefSeq_NZ_KJ020575.1	IncN	Gram-negative	IS26	32377-33197	36038-36859	2841	blaTEM-1,rmtB1	2
RefSeq_NZ_KJ020575.1	IncN	Gram-negative	IS26	36038-36859	39355-40174	2496	fosA3	1
RefSeq_NZ_KJ020575.1	IncN	Gram-negative	IS26	39355-40174	42942-43762	2768	blaCTX-M-55	1
RefSeq_NZ_KJ187751.1	IncFII	Gram-negative	IS26	4814-5633	7850-8639	2217	catB3,blaOXA,aac(6')-Ib-cr5	3
RefSeq_NZ_KJ187751.1	IncFII	Gram-negative	IS26	7850-8639	11239-12058	2600	aac(3)-IIe	1
RefSeq_NZ_KJ721789.1	IncFII	Gram-negative	IS26	120343-121162	128809-129629	7647	dfrA14	1
RefSeq_NZ_KM660724.1	IncN	Gram-negative	IS26	21854-22674	36614-37451	13940	qnrS1,blaOXA-181	2
RefSeq_NZ_KM877517.1	IncN	Gram-negative	IS26	6588-7410	15122-15941	7712	fosC2,blaIMP-34	2
RefSeq_NZ_KM877517.1	IncN	Gram-negative	IS26	15122-15941	20061-20890	4120	aac(3)-IId	1
RefSeq_NZ_KM877517.1	IncN	Gram-negative	IS26	25828-26651	50604-51424	23953	aph(3'')-Ib,aph(6)-Id	2
RefSeq_NZ_KM877517.1	IncN	Gram-negative	IS26	50604-51424	58135-58955	6711	dfrA14	1
RefSeq_NZ_KM877517.1	IncN	Gram-negative	IS26	58135-58955	61930-62749	2975	mph(A),mrx(A)	2
RefSeq_NZ_KM877517.1	IncN	Gram-negative	IS26	61930-62749	71713-72532	8964	blaTEM-1	1
RefSeq_NZ_KP345882.1	IncFII	Gram-negative	IS26	58245-59064	66711-67531	7647	dfrA14	1
RefSeq_NZ_KP453775.1	IncFII	Gram-negative	IS26	264121-264942	266868-267645	1926	blaCTX-M-15	1
RefSeq_NZ_KT148595.1	IncN	Gram-negative	IS1	5617-6384	23596-24363	17212	blaKPC-3	1
RefSeq_NZ_KT754160.1	IncFII	Gram-negative	IS1	122266-123033	128621-129388	5588	tet(B)	1
RefSeq_NZ_KT754164.1	IncFII	Gram-negative	IS1	2-769	4929-5696	4160	tet(B)	1
RefSeq_NZ_KT754164.1	IncFII	Gram-negative	IS1	4929-5696	27925-28692	22229	catA1,blaOXA-1,aadA1,sul1	4
RefSeq_NZ_KT982613.1	IncN	Gram-negative	IS26	25002-25822	48281-49100	22459	blaIMP-4	1
RefSeq_NZ_KT982614.1	IncN	Gram-negative	IS26	25601-26421	51752-52571	25331	blaIMP-4	1
RefSeq_NZ_KT982615.1	IncN	Gram-negative	IS26	25601-26421	51752-52571	25331	blaIMP-4	1
RefSeq_NZ_KT982616.1	IncN	Gram-negative	IS26	25601-26421	51752-52571	25331	blaIMP-4	1
RefSeq_NZ_KT982617.1	IncN	Gram-negative	IS26	25601-26421	51752-52571	25331	blaIMP-4	1
RefSeq_NZ_KT982618.1	IncN	Gram-negative	IS26	25601-26421	48892-49711	22471	blaIMP-4	1
RefSeq_NZ_KT988018.1	IncFII	Gram-negative	IS26	3930-4750	8335-9155	3585	blaCTX-M-15	1
RefSeq_NZ_KT988018.1	IncFII	Gram-negative	IS26	8335-9155	11342-12161	2187	catB3,blaOXA-1,aac(6')-Ib-cr5	3
RefSeq_NZ_KT988018.1	IncFII	Gram-negative	IS26	11342-12161	51626-52445	39465	tet(A)	1
RefSeq_NZ_KT989376.1	IncN	Gram-negative	IS26	25601-26421	51752-52571	25331	blaIMP-4	1
RefSeq_NZ_KT989598.1	IncN	Gram-negative	IS26	25901-26722	51972-52791	25250	blaIMP-4	1
RefSeq_NZ_KT990220.1	IncX1	Gram-negative	IS26	6115-6938	21523-22342	14585	floR,tet(A),aph(6)-Id,aph(3'')-Ib,sul2	5
RefSeq_NZ_KT990220.1	IncX1	Gram-negative	IS26	21523-22342	42291-43110	19949	aph(3')-IIa	1
RefSeq_NZ_KT990220.1	IncX1	Gram-negative	IS26	42291-43110	48304-49125	5194	oqxB,oqxA2	2
RefSeq_NZ_KT990220.1	IncX1	Gram-negative	IS26	48304-49125	51621-52440	2496	fosA3	1
RefSeq_NZ_KT990220.1	IncX1	Gram-negative	IS26	51621-52440	55208-56028	2768	blaCTX-M-55	1
RefSeq_NZ_KU051707.1	IncN	Gram-negative	IS26	25374-26194	48665-49484	22471	blaIMP-4	1
RefSeq_NZ_KU051708.1	IncN	Gram-negative	IS26	25481-26301	48772-49591	22471	blaIMP-4	1
RefSeq_NZ_KU051709.1	IncN	Gram-negative	IS26	25612-26432	48903-49722	22471	blaIMP-4	1
RefSeq_NZ_KU051710.1	IncN	Gram-negative	IS26	25167-25987	48458-49277	22471	blaIMP-4	1
RefSeq_NZ_KU254580.1	IncX1	Gram-negative	IS26	33087-33906	41095-41917	7189	sul3,aadA1,estX-3	3
RefSeq_NZ_KU295131.1	IncN	Gram-negative	IS26	64307-65131	87776-88403	22645	blaTEM-1,blaKPC-3	2
RefSeq_NZ_KU321583.1	IncX1	Gram-negative	IS26	4953-5772	23945-24764	18173	floR,tet(A),aph(6)-Id,aph(3'')-Ib,sul2	5
RefSeq_NZ_KU321583.1	IncX1	Gram-negative	IS26	23945-24764	29958-30777	5194	oqxA2,oqxB	2
RefSeq_NZ_KU321583.1	IncX1	Gram-negative	IS26	29958-30777	51413-52232	20636	aph(3')-IIa	1
RefSeq_NZ_KU321583.1	IncX1	Gram-negative	IS26	81595-82417	83576-84395	1159	fosA3	1
RefSeq_NZ_KU321583.1	IncX1	Gram-negative	IS26	83576-84395	87163-87983	2768	blaCTX-M-55	1
RefSeq_NZ_KU726588.1	IncN	Gram-negative	IS26	25601-26421	51752-52571	25331	blaIMP-4	1
RefSeq_NZ_KU862632.1	IncN	Gram-negative	IS26	25605-26425	48894-49713	22469	blaIMP-4	1
RefSeq_NZ_KU886034.1	IncN	Gram-negative	IS26	25611-26431	48902-49721	22471	blaIMP-4	1
RefSeq_NZ_KX236178.1	IncFII	Gram-negative	IS26	68124-68943	76651-77470	7708	dfrA25,sul1	2
RefSeq_NZ_KX236178.1	IncFII	Gram-negative	IS26	76651-77470	105392-106211	27922	blaCTX-M-14,blaKPC-2	2
RefSeq_NZ_KX276657.1	IncN	Gram-negative	IS26	104079-104898	114655-115478	9757	blaTEM-1,aph(6)-Id,aph(3'')-Ib,sul2	4
RefSeq_NZ_KX276657.1	IncN	Gram-negative	IS26	114655-115478	117862-118683	2384	dfrA14	1
RefSeq_NZ_KX276657.1	IncN	Gram-negative	IS26	117862-118683	125514-126333	6831	tet(A)	1
RefSeq_NZ_KX518744.1	IncX1	Gram-negative	IS26	9868-10688	13817-14636	3129	mph(A),mrx(A)	2
RefSeq_NZ_KX518744.1	IncX1	Gram-negative	IS26	16586-17406	42674-43493	25268	floR,aph(4)-Ia,aac(3)-IV,dfrA12,aadA2,cmlA1,aadA1,sul3	8
RefSeq_NZ_KX518744.1	IncX1	Gram-negative	IS26	42674-43493	44534-45353	1041	aph(3')-Ia	1
RefSeq_NZ_KX518744.1	IncX1	Gram-negative	IS26	44534-45353	49794-50613	4441	erm(B)	1
RefSeq_NZ_KX518744.1	IncX1	Gram-negative	IS26	52504-53328	56072-56894	2744	aac(3)-IId	1
RefSeq_NZ_KX518744.1	IncX1	Gram-negative	IS26	69013-69833	75039-75858	5206	oqxA,oqxB	2
RefSeq_NZ_KX518744.1	IncX1	Gram-negative	IS26	75039-75858	79205-80026	3347	tet(M)	1
RefSeq_NZ_KX518744.1	IncX1	Gram-negative	IS1	65354-66121	93068-93836	26947	oqxA,oqxB,tet(M)	3
RefSeq_NZ_KX608544.1	IncFII	Gram-negative	IS26	9310-10115	12661-13483	2546	fosA3	1
RefSeq_NZ_KX636095.1	IncFII	Gram-negative	IS26	175174-175966	182694-183513	6728	dfrA14	1
RefSeq_NZ_KX636095.1	IncFII	Gram-negative	IS26	182694-183513	196902-197721	13389	qnrB1,tet(A)	2
RefSeq_NZ_KX636095.1	IncFII	Gram-negative	IS26	196902-197721	199908-200728	2187	aac(6')-Ib-cr5,blaOXA-1,catB3	3
RefSeq_NZ_KX636095.1	IncFII	Gram-negative	IS26	199908-200728	203328-204147	2600	aac(3)-IIe	1
RefSeq_NZ_KX636095.1	IncFII	Gram-negative	IS26	203328-204147	222138-222957	17991	blaCTX-M-15,blaTEM-1,aph(6)-Id,aph(3'')-Ib,sul2	5
RefSeq_NZ_KX683283.1	IncFII	Gram-negative	IS1	6755-7521	54897-55664	47376	dfrA17,aadA5,sul1,mrx(A),mph(A),aac(3)-IId	6
RefSeq_NZ_KX683283.1	IncFII	Gram-negative	IS1	102482-103249	108838-109605	5589	tet(B)	1
RefSeq_NZ_KX683283.1	IncFII	Gram-negative	IS26	18607-19426	29883-30703	10457	dfrA17,aadA5,sul1,mrx(A),mph(A)	5
RefSeq_NZ_KX683283.1	IncFII	Gram-negative	IS26	29883-30703	34896-35715	4193	aac(3)-IId	1
RefSeq_NZ_KX683283.1	IncFII	Gram-negative	IS26	120695-121514	123431-124251	1917	blaTEM-1	1
RefSeq_NZ_KX683283.1	IncFII	Gram-negative	IS26	123431-124251	128637-129456	4386	sul2,aph(3'')-Ib,aph(6)-Id	3
RefSeq_NZ_KX683283.1	IncFII	Gram-negative	IS26	128637-129456	139909-140727	10453	dfrA17,aadA5,sul1,mrx(A)	4
RefSeq_NZ_KX711879.1	IncN	Gram-negative	IS26	2525-3344	25815-26635	22471	blaIMP-4	1
RefSeq_NZ_KX711880.1	IncN	Gram-negative	IS26	20873-21692	26792-27611	5100	blaIMP-4	1
RefSeq_NZ_KX807610.1	IncFII	Gram-negative	IS26	22068-22887	30604-31428	7717	tet(A)	1
RefSeq_NZ_KX807610.1	IncFII	Gram-negative	IS26	30604-31428	34368-35189	2940	catA2	1
RefSeq_NZ_KX807610.1	IncFII	Gram-negative	IS26	34368-35189	39123-39942	3934	sul1,dfrA7	2
RefSeq_NZ_KX807610.1	IncFII	Gram-negative	IS26	81101-81920	92103-92923	10183	blaTEM-1,aph(6)-Id,aph(3'')-Ib,sul2	4
RefSeq_NZ_KX815983.1	IncX1	Gram-negative	IS26	50541-51360	86131-86950	34771	blaCMY-2,sul2	2
RefSeq_NZ_KX815983.1	IncX1	Gram-negative	IS26	86131-86950	92768-93587	5818	blaTEM-1	1
RefSeq_NZ_KX815983.1	IncX1	Gram-negative	IS26	110121-110944	121212-122031	10268	floR,tet(A),aph(6)-Id	3
RefSeq_NZ_KX815983.1	IncX1	Gram-negative	IS26	152043-152862	159304-160123	6442	ant(2'')-Ia,cmlA5	2
RefSeq_NZ_KX856066.1	IncN	Gram-negative	IS26	18125-18946	23107-23939	4161	mph(A),mrx(A)	2
RefSeq_NZ_KX856066.1	IncN	Gram-negative	IS26	23925-24747	29954-30773	5207	oqxA2,oqxB2	2
RefSeq_NZ_KX856066.1	IncN	Gram-negative	IS26	215988-216807	218329-219148	1522	bleO	1
RefSeq_NZ_KX856066.1	IncN	Gram-negative	IS26	218329-219148	222152-222971	3004	sul1	1
RefSeq_NZ_KX856066.1	IncN	Gram-negative	IS26	222152-222971	224012-224832	1041	aph(3')-Ia	1
RefSeq_NZ_KX928750.1	IncN	Gram-negative	IS26	3353-4172	7529-8352	3357	blaKPC-2	1
RefSeq_NZ_KX928750.1	IncN	Gram-negative	IS26	7529-8352	31907-32726	23555	dfrA14	1
RefSeq_NZ_KX928750.1	IncN	Gram-negative	IS26	31907-32726	34806-35625	2080	qnrS1	1
RefSeq_NZ_KX928751.1	IncN	Gram-negative	IS26	2984-3802	7162-7981	3360	blaKPC-2	1
RefSeq_NZ_KX928751.1	IncN	Gram-negative	IS26	7162-7981	12126-12945	4145	arr-3,aac(6')-Ib3	2
RefSeq_NZ_KX928751.1	IncN	Gram-negative	IS26	12126-12945	39545-40365	26600	qnrS1,dfrA14	2
RefSeq_NZ_KX928751.1	IncN	Gram-negative	IS26	39545-40365	60381-61200	20016	blaCTX-M-3,blaTEM-1	2
RefSeq_NZ_KX928752.1	IncFII	Gram-negative	IS26	10423-11241	19387-20205	8146	qepA1,rmtB1,blaTEM-1	3
RefSeq_NZ_KX928752.1	IncFII	Gram-negative	IS26	19387-20205	23298-24117	3093	aac(3)-IId	1
RefSeq_NZ_KX928752.1	IncFII	Gram-negative	IS26	29135-29955	33312-34135	3357	blaKPC-2	1
RefSeq_NZ_KY128483.1	IncN	Gram-negative	IS26	23325-23934	48568-49405	24634	blaKPC-2,aac(6')-Ib',aadA1,blaOXA-9,blaTEM-1,aph(6)-Id,aph(3'')-Ib,sul2	8
RefSeq_NZ_KY128484.1	IncN	Gram-negative	IS26	23622-24231	37201-38020	12970	blaKPC-2	1
RefSeq_NZ_KY128484.1	IncN	Gram-negative	IS26	37201-38020	49693-50530	11673	aac(6')-Ib,aadA1,blaOXA-9,blaTEM-1,aph(6)-Id,aph(3'')-Ib,sul2	7
RefSeq_NZ_KY271406.1	IncFII	Gram-negative	IS26	4877-5696	21492-22311	15796	aac(6')-Ib-cr5,blaOXA-1,catB3,tet(A),qnrB1	5
RefSeq_NZ_KY271406.1	IncFII	Gram-negative	IS26	21492-22311	28787-29606	6476	dfrA14	1
RefSeq_NZ_KY271407.1	IncFII	Gram-negative	IS26	96649-97468	103895-104714	6427	dfrA14	1
RefSeq_NZ_KY271407.1	IncFII	Gram-negative	IS26	103895-104714	112500-113319	7786	qnrB1	1
RefSeq_NZ_KY271407.1	IncFII	Gram-negative	IS26	112500-113319	115506-116325	2187	aac(6')-Ib-cr5,blaOXA-1,catB3	3
RefSeq_NZ_KY401053.1	IncFII	Gram-negative	IS26	71847-72665	80394-81214	7729	sul2,aph(4)-Ia,aac(3)-IVa	3
RefSeq_NZ_KY401053.1	IncFII	Gram-negative	IS26	143968-144787	148163-148981	3376	blaCTX-M-14,fosA	2
RefSeq_NZ_KY865321.1	IncFII	Gram-negative	IS26	4393-5212	28023-28844	22811	floR,tet(A),aph(6)-Id,aph(3'')-Ib,sul2	5
RefSeq_NZ_KY865321.1	IncFII	Gram-negative	IS26	28023-28844	31340-32159	2496	fosA3	1
RefSeq_NZ_KY865321.1	IncFII	Gram-negative	IS26	31340-32159	34927-35747	2768	blaCTX-M-55	1
RefSeq_NZ_KY865322.1	IncFII	Gram-negative	IS26	6940-7763	18250-19069	10487	tet(A),aph(6)-Id,aph(3'')-Ib,sul2	4
RefSeq_NZ_KY865322.1	IncFII	Gram-negative	IS26	18250-19069	20762-21582	1693	blaCTX-M-55	1
RefSeq_NZ_KY913900.1	IncN	Gram-negative	IS26	7467-8286	32929-33749	24643	blaIMP-4	1
RefSeq_NZ_LC483178.1	IncFII	Gram-negative	IS26	8640-9455	14359-15163	4904	sul1,aadA2,dfrA12	3
RefSeq_NZ_LC483178.1	IncFII	Gram-negative	IS26	14359-15163	21751-22558	6588	blaNDM-5,ble	2
RefSeq_NZ_LC483178.1	IncFII	Gram-negative	IS26	21751-22558	29082-29900	6524	blaTEM-1	1
RefSeq_NZ_LC483178.1	IncFII	Gram-negative	IS26	29082-29900	34286-35093	4386	sul2,aph(3'')-Ib,aph(6)-Id	3
RefSeq_NZ_LC483178.1	IncFII	Gram-negative	IS26	34286-35093	39229-40042	4136	mrx(A),mph(A)	2
RefSeq_NZ_LC483178.1	IncFII	Gram-negative	IS26	39229-40042	44997-45802	4955	aac(3)-IId	1
RefSeq_NZ_LC492469.1	IncFII	Gram-negative	IS1	43329-44101	85558-86325	41457	blaTEM-1,mph(A),mrx(A),sul1,dfrB4,qepA8,catA1	7
RefSeq_NZ_LC492469.1	IncFII	Gram-negative	IS1	85558-86325	90727-91494	4402	tet(B)	1
RefSeq_NZ_LC492469.1	IncFII	Gram-negative	IS26	58918-59737	64870-65690	5133	blaTEM-1	1
RefSeq_NZ_LC492469.1	IncFII	Gram-negative	IS26	64870-65690	102584-103403	36894	mph(A),mrx(A),sul1,dfrB4,qepA8,catA1,tet(B)	7
RefSeq_NZ_LC511657.1	IncN	Gram-negative	IS26	96131-96950	98017-98836	1067	aph(3')-Ia	1
RefSeq_NZ_LC511657.1	IncN	Gram-negative	IS26	109024-109847	116310-117129	6463	floR	1
RefSeq_NZ_LC511657.1	IncN	Gram-negative	IS26	133469-134288	143535-144355	9247	tet(M),blaTEM-135	2
RefSeq_NZ_LC520268.1	IncFII	Gram-negative	IS26	7758-8577	10097-10916	1520	blaCTX-M-27	1
RefSeq_NZ_LC520269.1	IncFII	Gram-negative	IS26	40016-40841	46455-47278	5614	sul2,aph(3'')-Ib,aph(6)-Id,tet(A)	4
RefSeq_NZ_LC520269.1	IncFII	Gram-negative	IS26	47764-48583	50103-50922	1520	blaCTX-M-27	1
RefSeq_NZ_LC520270.1	IncFII	Gram-negative	IS1	40342-41109	88077-88844	46968	dfrA17,aadA5,sul1,mrx(A),mph(A),sul2,aph(3'')-Ib,aph(6)-Id,tet(A),blaCTX-M-27	10
RefSeq_NZ_LC520270.1	IncFII	Gram-negative	IS26	41325-42144	52110-52931	9966	dfrA17,aadA5,sul1,mrx(A),mph(A)	5
RefSeq_NZ_LC520270.1	IncFII	Gram-negative	IS26	52110-52931	58545-59364	5614	sul2,aph(3'')-Ib,aph(6)-Id,tet(A)	4
RefSeq_NZ_LC520270.1	IncFII	Gram-negative	IS26	58545-59364	60884-61703	1520	blaCTX-M-27	1
RefSeq_NZ_LC520271.1	IncFII	Gram-negative	IS26	40010-40834	42300-43120	1466	blaCTX-M-27	1
RefSeq_NZ_LC520272.1	IncFII	Gram-negative	IS26	60511-61336	66950-67773	5614	sul2,aph(3'')-Ib,aph(6)-Id,tet(A)	4
RefSeq_NZ_LC520272.1	IncFII	Gram-negative	IS26	68259-69078	70598-71417	1520	blaCTX-M-27	1
RefSeq_NZ_LC520273.1	IncFII	Gram-negative	IS26	40027-40852	46466-47289	5614	sul2,aph(3'')-Ib,aph(6)-Id,tet(A)	4
RefSeq_NZ_LC520273.1	IncFII	Gram-negative	IS26	47775-48594	50114-50933	1520	blaCTX-M-27	1
RefSeq_NZ_LC520274.1	IncFII	Gram-negative	IS26	75349-76168	77689-78510	1521	blaCTX-M-27	1
RefSeq_NZ_LC520274.1	IncFII	Gram-negative	IS26	82719-83539	85060-85879	1521	blaCTX-M-27	1
RefSeq_NZ_LC520274.1	IncFII	Gram-negative	IS26	90096-90916	92437-93257	1521	blaCTX-M-27	1
RefSeq_NZ_LC520274.1	IncFII	Gram-negative	IS26	97466-98288	99810-100631	1522	blaCTX-M-27	1
RefSeq_NZ_LC520274.1	IncFII	Gram-negative	IS26	104837-105657	107177-107997	1520	blaCTX-M-27	1
RefSeq_NZ_LC520275.1	IncFII	Gram-negative	IS1	18138-18905	58358-59125	39453	blaCTX-M-27	1
RefSeq_NZ_LC520275.1	IncFII	Gram-negative	IS26	28799-29618	31138-31957	1520	blaCTX-M-27	1
RefSeq_NZ_LC520276.1	IncFII	Gram-negative	IS26	12641-13460	19484-20303	6024	dfrA17,aadA5,sul1	3
RefSeq_NZ_LC520276.1	IncFII	Gram-negative	IS26	19484-20303	23536-24355	3233	blaCTX-M-27	1
RefSeq_NZ_LC520277.1	IncFII	Gram-negative	IS26	10826-11646	17702-18521	6056	sul1,aadA5,dfrA17	3
RefSeq_NZ_LC520277.1	IncFII	Gram-negative	IS26	43078-43899	45960-46779	2061	blaCTX-M-27	1
RefSeq_NZ_LC520278.1	IncFII	Gram-negative	IS26	13647-14466	21123-21944	6657	tet(A),aph(6)-Id,aph(3'')-Ib,sul2	4
RefSeq_NZ_LC520278.1	IncFII	Gram-negative	IS26	21123-21944	29632-30451	7688	mph(A),mrx(A),sul1	3
RefSeq_NZ_LC520278.1	IncFII	Gram-negative	IS26	29632-30451	31971-32790	1520	blaCTX-M-27	1
RefSeq_NZ_LC520281.1	IncFII	Gram-negative	IS26	63190-64009	73975-74794	9966	dfrA17,aadA5,sul1,mrx(A),mph(A)	5
RefSeq_NZ_LC520281.1	IncFII	Gram-negative	IS26	73975-74794	80408-81227	5614	sul2,aph(3'')-Ib,aph(6)-Id,tet(A)	4
RefSeq_NZ_LC520281.1	IncFII	Gram-negative	IS26	80408-81227	82747-83566	1520	blaCTX-M-27	1
RefSeq_NZ_LC520283.1	IncFII	Gram-negative	IS26	41833-42652	52618-53439	9966	dfrA17,aadA5,sul1,mrx(A),mph(A)	5
RefSeq_NZ_LC520283.1	IncFII	Gram-negative	IS26	52618-53439	59053-59872	5614	sul2,aph(3'')-Ib,aph(6)-Id,tet(A)	4
RefSeq_NZ_LC520283.1	IncFII	Gram-negative	IS26	59053-59872	61392-62211	1520	blaCTX-M-27	1
RefSeq_NZ_LC520284.1	IncFII	Gram-negative	IS26	31425-32244	42210-43030	9966	dfrA17,aadA5,sul1,mrx(A),mph(A)	5
RefSeq_NZ_LC520284.1	IncFII	Gram-negative	IS26	42210-43030	44550-45369	1520	blaCTX-M-27	1
RefSeq_NZ_LC520284.1	IncFII	Gram-negative	IS26	44550-45369	50983-51803	5614	tet(A),aph(6)-Id,aph(3'')-Ib,sul2	4
RefSeq_NZ_LC520285.1	IncFII	Gram-negative	IS1	40342-41109	88113-88880	47004	dfrA17,aadA5,sul1,mrx(A),mph(A),sul2,aph(3'')-Ib,aph(6)-Id,tet(A),blaCTX-M-27	10
RefSeq_NZ_LC520285.1	IncFII	Gram-negative	IS26	41325-42144	52110-52931	9966	dfrA17,aadA5,sul1,mrx(A),mph(A)	5
RefSeq_NZ_LC520285.1	IncFII	Gram-negative	IS26	52110-52931	58545-59364	5614	sul2,aph(3'')-Ib,aph(6)-Id,tet(A)	4
RefSeq_NZ_LC520285.1	IncFII	Gram-negative	IS26	58545-59364	60884-61703	1520	blaCTX-M-27	1
RefSeq_NZ_LC520286.1	IncFII	Gram-negative	IS26	21591-22410	32376-33197	9966	dfrA17,aadA5,sul1,mrx(A),mph(A)	5
RefSeq_NZ_LC520286.1	IncFII	Gram-negative	IS26	32376-33197	38811-39630	5614	sul2,aph(3'')-Ib,aph(6)-Id,tet(A)	4
RefSeq_NZ_LC520286.1	IncFII	Gram-negative	IS26	38811-39630	41150-41969	1520	blaCTX-M-27	1
RefSeq_NZ_LC520287.1	IncFII	Gram-negative	IS1	40342-41109	88104-88871	46995	dfrA17,aadA5,sul1,mrx(A),mph(A),sul2,aph(3'')-Ib,aph(6)-Id,tet(A),blaCTX-M-27	10
RefSeq_NZ_LC520287.1	IncFII	Gram-negative	IS26	41325-42144	52110-52931	9966	dfrA17,aadA5,sul1,mrx(A),mph(A)	5
RefSeq_NZ_LC520287.1	IncFII	Gram-negative	IS26	52110-52931	58545-59364	5614	sul2,aph(3'')-Ib,aph(6)-Id,tet(A)	4
RefSeq_NZ_LC520287.1	IncFII	Gram-negative	IS26	58545-59364	60884-61703	1520	blaCTX-M-27	1
RefSeq_NZ_LC520288.1	IncFII	Gram-negative	IS1	40342-41109	70980-71747	29871	dfrA17,aadA5,sul1,mrx(A),mph(A),blaCTX-M-27,tet(A),aph(6)-Id,aph(3'')-Ib,sul2	10
RefSeq_NZ_LC520288.1	IncFII	Gram-negative	IS26	41325-42144	43598-44417	1454	dfrA17	1
RefSeq_NZ_LC520288.1	IncFII	Gram-negative	IS26	43598-44417	52938-53758	8521	aadA5,sul1,mrx(A),mph(A)	4
RefSeq_NZ_LC520288.1	IncFII	Gram-negative	IS26	52938-53758	55278-56097	1520	blaCTX-M-27	1
RefSeq_NZ_LC520288.1	IncFII	Gram-negative	IS26	55278-56097	61711-62531	5614	tet(A),aph(6)-Id,aph(3'')-Ib,sul2	4
RefSeq_NZ_LC520289.1	IncFII	Gram-negative	IS26	5342-6161	16127-16948	9966	dfrA17,aadA5,sul1,mrx(A),mph(A)	5
RefSeq_NZ_LC520289.1	IncFII	Gram-negative	IS26	16127-16948	22562-23381	5614	sul2,aph(3'')-Ib,aph(6)-Id,tet(A)	4
RefSeq_NZ_LC520289.1	IncFII	Gram-negative	IS26	22562-23381	24901-25720	1520	blaCTX-M-27	1
RefSeq_NZ_LN824135.1	IncFII	Gram-negative	IS26	78041-78860	87558-88377	8698	dfrA14	1
RefSeq_NZ_LR025089.1	IncFII	Gram-negative	IS26	85780-86600	108138-108957	21538	mph(A),mrx(A),sul1,aadA2,dfrA12,blaTEM-1,blaCTX-M-15	7
RefSeq_NZ_LR025089.1	IncFII	Gram-negative	IS26	108138-108957	111144-111963	2187	aac(6')-Ib-cr5,blaOXA-1,catB3	3
RefSeq_NZ_LR025089.1	IncFII	Gram-negative	IS26	111144-111963	118476-119211	6513	tet(A)	1
RefSeq_NZ_LR025093.1	IncFII	Gram-negative	IS26	178329-179064	185577-186396	6513	tet(A)	1
RefSeq_NZ_LR025093.1	IncFII	Gram-negative	IS26	185577-186396	188583-189402	2187	catB3,blaOXA-1,aac(6')-Ib-cr5	3
RefSeq_NZ_LR025093.1	IncFII	Gram-negative	IS26	188583-189402	210940-211760	21538	blaCTX-M-15,blaTEM-1,dfrA12,aadA2,sul1,mrx(A),mph(A)	7
RefSeq_NZ_LR025102.1	IncFII	Gram-negative	IS1	11756-12523	25458-26225	12935	dfrA17,aadA5,sul1,mrx(A),mph(A)	5
RefSeq_NZ_LR025102.1	IncFII	Gram-negative	IS1	50238-51005	66089-66856	15084	blaTEM-1,sul2,aph(3'')-Ib,aph(6)-Id	4
RefSeq_NZ_LR025102.1	IncFII	Gram-negative	IS26	13444-14272	24505-25325	10233	dfrA17,aadA5,sul1,mrx(A),mph(A)	5
RefSeq_NZ_LR025102.1	IncFII	Gram-negative	IS26	51243-52062	53979-54799	1917	blaTEM-1	1
RefSeq_NZ_LR025102.1	IncFII	Gram-negative	IS26	53979-54799	59185-60004	4386	sul2,aph(3'')-Ib,aph(6)-Id	3
RefSeq_NZ_LR130542.1	IncFII	Gram-negative	IS26	75078-75898	91085-91904	15187	aadA1,sul1	2
RefSeq_NZ_LR130542.1	IncFII	Gram-negative	IS26	91085-91904	95431-96250	3527	tet(D)	1
RefSeq_NZ_LR130542.1	IncFII	Gram-negative	IS26	95431-96250	104248-105067	7998	blaSHV-44	1
RefSeq_NZ_LR130546.1	IncFII	Gram-negative	IS26	41798-42618	51547-52368	8929	tet(A)	1
RefSeq_NZ_LR130546.1	IncFII	Gram-negative	IS26	51547-52368	63366-64187	10998	dfrA17,aadA5,sul1,mrx(A),mph(A)	5
RefSeq_NZ_LR130546.1	IncFII	Gram-negative	IS26	63366-64187	67772-68591	3585	blaCTX-M-15	1
RefSeq_NZ_LR130546.1	IncFII	Gram-negative	IS26	67772-68591	70778-71597	2187	catB3,blaOXA-1,aac(6')-Ib-cr5	3
RefSeq_NZ_LR130549.1	IncFII	Gram-negative	IS1	64763-65475	93824-94591	28349	aph(3')-Ia,mph(A),mrx(A),sul1,aadA2,dfrA12,catA1	7
RefSeq_NZ_LR130549.1	IncFII	Gram-negative	IS26	75009-75744	76785-77605	1041	aph(3')-Ia	1
RefSeq_NZ_LR130556.1	IncFII	Gram-negative	IS26	17269-18088	40582-41404	22494	tet(B),blaTEM-1,aph(6)-Id,aph(3'')-Ib	4
RefSeq_NZ_LR130556.1	IncFII	Gram-negative	IS26	40582-41404	51307-52126	9903	mph(A),mrx(A),sul1,aadA5,dfrA17	5
RefSeq_NZ_LR130556.1	IncFII	Gram-negative	IS1	29178-29945	34001-34762	4056	tet(B)	1
RefSeq_NZ_LR130556.1	IncFII	Gram-negative	IS1	34001-34762	77531-78298	42769	blaTEM-1,aph(6)-Id,aph(3'')-Ib,mph(A),mrx(A),sul1,aadA5,dfrA17	8
RefSeq_NZ_LR213453.1	IncFII	Gram-negative	IS26	6021-6841	17775-18594	10934	mph(A),mrx(A),sul1,aadA5,dfrA17	5
RefSeq_NZ_LR213457.1	IncFII	Gram-negative	IS1	2104-2871	17353-18120	14482	erm(B),mph(A),mrx(A),blaTEM-1	4
RefSeq_NZ_LR213457.1	IncFII	Gram-negative	IS26	4609-5429	10119-10938	4690	mph(A),mrx(A)	2
RefSeq_NZ_LR213457.1	IncFII	Gram-negative	IS26	10119-10938	12569-13388	1631	blaTEM-1	1
RefSeq_NZ_LR595692.1	IncFII	Gram-negative	IS26	2344-3164	8718-9537	5554	aac(3)-IId	1
RefSeq_NZ_LR595692.1	IncFII	Gram-negative	IS26	8718-9537	11296-12116	1759	blaTEM-1	1
RefSeq_NZ_LR595692.1	IncFII	Gram-negative	IS26	11296-12116	17268-18087	5152	dfrA17,aadA5,sul1	3
RefSeq_NZ_LR595692.1	IncFII	Gram-negative	IS26	75503-76323	78510-79329	2187	aac(6')-Ib-cr5,blaOXA-1,catB3	3
RefSeq_NZ_LR595692.1	IncFII	Gram-negative	IS26	78510-79329	83160-83991	3831	blaCTX-M-15	1
RefSeq_NZ_LR595692.1	IncFII	Gram-negative	IS26	83160-83991	90665-91485	6674	blaTEM-1	1
RefSeq_NZ_LR595692.1	IncFII	Gram-negative	IS26	90665-91485	95871-96690	4386	sul2,aph(3'')-Ib,aph(6)-Id	3
RefSeq_NZ_LR595874.1	IncFII	Gram-negative	IS26	4797-5617	9890-10710	4273	erm(B)	1
RefSeq_NZ_LR595874.1	IncFII	Gram-negative	IS26	9890-10710	13310-14129	2600	aac(3)-IIe	1
RefSeq_NZ_LR595874.1	IncFII	Gram-negative	IS26	13310-14129	26791-27613	12662	blaCTX-M-15,blaTEM-1,aph(6)-Id,aph(3'')-Ib	4
RefSeq_NZ_LR595874.1	IncFII	Gram-negative	IS26	26791-27613	43502-44321	15889	tet(B)	1
RefSeq_NZ_LR595879.1	IncFII	Gram-negative	IS26	1125-1944	6010-6830	4066	tet(A)	1
RefSeq_NZ_LR595879.1	IncFII	Gram-negative	IS26	6010-6830	16597-17417	9767	mph(A),mrx(A),sul1,aadA5,dfrA17	5
RefSeq_NZ_LR595879.1	IncFII	Gram-negative	IS26	16597-17417	22797-23631	5380	tet(A),aph(6)-Id,aph(3'')-Ib	3
RefSeq_NZ_LR595879.1	IncFII	Gram-negative	IS26	22797-23631	29537-30356	5906	blaCTX-M-15	1
RefSeq_NZ_LR595879.1	IncFII	Gram-negative	IS26	29537-30356	32956-33776	2600	aac(3)-IIe	1
RefSeq_NZ_LR595879.1	IncFII	Gram-negative	IS26	32956-33776	35963-36782	2187	catB3,blaOXA-1,aac(6')-Ib-cr5	3
RefSeq_NZ_LR595879.1	IncFII	Gram-negative	IS26	35963-36782	46354-47173	9572	tet(A)	1
RefSeq_NZ_LR595882.1	IncFII	Gram-negative	IS26	33366-34185	44088-44908	9903	dfrA17,aadA5,sul1,mrx(A),mph(A)	5
RefSeq_NZ_LR595882.1	IncFII	Gram-negative	IS26	44088-44908	49181-50001	4273	erm(B)	1
RefSeq_NZ_LR595882.1	IncFII	Gram-negative	IS26	49181-50001	52601-53420	2600	aac(3)-IIe	1
RefSeq_NZ_LR595882.1	IncFII	Gram-negative	IS26	52601-53420	66082-66904	12662	blaCTX-M-15,blaTEM-1,aph(6)-Id,aph(3'')-Ib	4
RefSeq_NZ_LR595882.1	IncFII	Gram-negative	IS26	66082-66904	82793-83612	15889	tet(B)	1
RefSeq_NZ_LR595884.1	IncFII	Gram-negative	IS26	1190-2010	7390-8224	5380	tet(A),aph(6)-Id,aph(3'')-Ib	3
RefSeq_NZ_LR595884.1	IncFII	Gram-negative	IS26	7390-8224	14130-14949	5906	blaCTX-M-15	1
RefSeq_NZ_LR595884.1	IncFII	Gram-negative	IS26	14130-14949	17549-18369	2600	aac(3)-IIe	1
RefSeq_NZ_LR595884.1	IncFII	Gram-negative	IS26	17549-18369	20556-21375	2187	catB3,blaOXA-1,aac(6')-Ib-cr5	3
RefSeq_NZ_LR595884.1	IncFII	Gram-negative	IS26	20556-21375	30947-31766	9572	tet(A)	1
RefSeq_NZ_LR595886.1	IncN	Gram-negative	IS26	23238-24059	38123-38942	14064	tet(A)	1
RefSeq_NZ_LR595886.1	IncN	Gram-negative	IS26	38123-38942	41075-41895	2133	aac(6')-Ib-cr5,blaOXA-1,catB3	3
RefSeq_NZ_LR595886.1	IncN	Gram-negative	IS26	41075-41895	45480-46300	3585	blaCTX-M-15	1
RefSeq_NZ_LR595886.1	IncN	Gram-negative	IS26	92408-93228	104307-105128	11079	mph(A),mrx(A),sul1,aadA5,dfrA17	5
RefSeq_NZ_LR697129.1	IncFII	Gram-negative	IS26	8547-9366	14518-15338	5152	sul1,aadA5,dfrA17	3
RefSeq_NZ_LR697129.1	IncFII	Gram-negative	IS26	14518-15338	22012-22843	6674	blaTEM-1	1
RefSeq_NZ_LR697129.1	IncFII	Gram-negative	IS26	22012-22843	26674-27493	3831	blaCTX-M-15	1
RefSeq_NZ_LR697129.1	IncFII	Gram-negative	IS26	26674-27493	29680-30500	2187	catB3,blaOXA-1,aac(6')-Ib-cr5	3
RefSeq_NZ_LR701156.1	IncX1	Gram-negative	IS26	33488-34307	35372-36193	1065	aph(3')-Ia	1
RefSeq_NZ_LR701156.1	IncX1	Gram-negative	IS26	35372-36193	49827-50646	13634	mph(E),msr(E),armA,sul1,aadA2	5
RefSeq_NZ_LR701156.1	IncX1	Gram-negative	IS26	54104-54926	64175-64994	9249	sul3,aadA1,cmlA1,aadA2,dfrA12	5
RefSeq_NZ_LR701156.1	IncX1	Gram-negative	IS26	64175-64994	66035-66854	1041	aph(3')-Ia	1
RefSeq_NZ_LR878367.1	IncFII	Gram-negative	IS26	7943-8763	12902-13728	4139	mph(A),mrx(A)	2
RefSeq_NZ_LR882053.1	IncFII	Gram-negative	IS26	17269-18088	35710-36529	17622	tet(B)	1
RefSeq_NZ_LR882053.1	IncFII	Gram-negative	IS26	35710-36529	37570-38389	1041	aph(3')-Ia	1
RefSeq_NZ_LR882053.1	IncFII	Gram-negative	IS26	37570-38389	39430-40249	1041	aph(3')-Ia	1
RefSeq_NZ_LR882053.1	IncFII	Gram-negative	IS26	39430-40249	41290-42109	1041	aph(3')-Ia	1
RefSeq_NZ_LR882053.1	IncFII	Gram-negative	IS26	41290-42109	43150-43969	1041	aph(3')-Ia	1
RefSeq_NZ_LR882053.1	IncFII	Gram-negative	IS26	43150-43969	45010-45829	1041	aph(3')-Ia	1
RefSeq_NZ_LR882053.1	IncFII	Gram-negative	IS26	45010-45829	46870-47689	1041	aph(3')-Ia	1
RefSeq_NZ_LR882053.1	IncFII	Gram-negative	IS26	46870-47689	52075-52895	4386	aph(6)-Id,aph(3'')-Ib,sul2	3
RefSeq_NZ_LR882053.1	IncFII	Gram-negative	IS26	52075-52895	54798-55617	1903	blaTEM-1	1
RefSeq_NZ_LR882053.1	IncFII	Gram-negative	IS26	54798-55617	57432-58253	1815	aac(3)-IIe	1
RefSeq_NZ_LR882053.1	IncFII	Gram-negative	IS26	57432-58253	68024-68843	9771	mph(A),mrx(A),sul1,aadA5,dfrA17	5
RefSeq_NZ_LR882053.1	IncFII	Gram-negative	IS1	29178-29945	74928-75695	44983	tet(B),aph(3')-Ia,aph(3')-Ia,aph(3')-Ia,aph(3')-Ia,aph(3')-Ia,aph(3')-Ia,aph(6)-Id,aph(3'')-Ib,sul2,blaTEM-1,aac(3)-IIe,mph(A),mrx(A),sul1,aadA5,dfrA17	17
RefSeq_NZ_LR882943.1	IncN	Gram-negative	IS26	149256-150076	160683-161503	10607	mph(A),mrx(A),sul1,aadA5,dfrA17	5
RefSeq_NZ_LR890191.1	IncFII	Gram-negative	IS26	131017-131837	141396-142217	9559	sul2,aph(3'')-Ib,aph(6)-Id,blaTEM-1	4
RefSeq_NZ_LR890191.1	IncFII	Gram-negative	IS26	144863-145655	152383-153202	6728	dfrA14	1
RefSeq_NZ_LR890191.1	IncFII	Gram-negative	IS26	152383-153202	166683-167502	13481	qnrB1,tet(A)	2
RefSeq_NZ_LR890191.1	IncFII	Gram-negative	IS26	166683-167502	169689-170508	2187	aac(6')-Ib-cr5,blaOXA-1,catB3	3
RefSeq_NZ_LR890191.1	IncFII	Gram-negative	IS26	169689-170508	174625-175444	4117	blaCTX-M-15	1
RefSeq_NZ_LR890199.1	IncFII	Gram-negative	IS26	17269-18088	33977-34799	15889	tet(B)	1
RefSeq_NZ_LR890199.1	IncFII	Gram-negative	IS26	33977-34799	40336-41155	5537	blaCTX-M-15	1
RefSeq_NZ_LR890199.1	IncFII	Gram-negative	IS1	29178-29945	66930-67697	36985	tet(B),blaCTX-M-15	2
RefSeq_NZ_LR890203.1	IncFII	Gram-negative	IS26	126995-127814	130001-130820	2187	catB3,blaOXA-1,aac(6')-Ib-cr5	3
RefSeq_NZ_LR890203.1	IncFII	Gram-negative	IS26	130001-130820	144301-145120	13481	tet(A),qnrB1	2
RefSeq_NZ_LR890203.1	IncFII	Gram-negative	IS26	144301-145120	151848-152640	6728	dfrA14	1
RefSeq_NZ_LR890203.1	IncFII	Gram-negative	IS26	151848-152640	166893-167713	14253	blaCTX-M-15,blaTEM-1,aph(6)-Id,aph(3'')-Ib,sul2	5
RefSeq_NZ_LR890205.1	IncFII	Gram-negative	IS26	128411-129231	139192-140011	9961	sul2,aph(3'')-Ib,aph(6)-Id,blaTEM-1	4
RefSeq_NZ_LR890205.1	IncFII	Gram-negative	IS26	139192-140011	154819-155638	14808	tet(A),qnrB1	2
RefSeq_NZ_LR890205.1	IncFII	Gram-negative	IS26	154819-155638	162366-163158	6728	dfrA14	1
RefSeq_NZ_LR890205.1	IncFII	Gram-negative	IS26	162366-163158	167458-168278	4300	blaCTX-M-15	1
RefSeq_NZ_LR890205.1	IncFII	Gram-negative	IS26	167458-168278	170465-171284	2187	aac(6')-Ib-cr5,blaOXA-1,catB3	3
RefSeq_NZ_LR890205.1	IncFII	Gram-negative	IS26	170465-171284	175000-175820	3716	blaCTX-M-15	1
RefSeq_NZ_LR890205.1	IncFII	Gram-negative	IS26	175000-175820	178007-178826	2187	aac(6')-Ib-cr5,blaOXA-1,catB3	3
RefSeq_NZ_LR890205.1	IncFII	Gram-negative	IS26	178007-178826	182542-183362	3716	blaCTX-M-15	1
RefSeq_NZ_LR890205.1	IncFII	Gram-negative	IS26	182542-183362	185549-186368	2187	aac(6')-Ib-cr5,blaOXA-1,catB3	3
RefSeq_NZ_LR890231.1	IncFII	Gram-negative	IS26	131041-131861	146114-146906	14253	sul2,aph(3'')-Ib,aph(6)-Id,blaTEM-1,blaCTX-M-15	5
RefSeq_NZ_LR890231.1	IncFII	Gram-negative	IS26	146114-146906	153634-154453	6728	dfrA14	1
RefSeq_NZ_LR890231.1	IncFII	Gram-negative	IS26	153634-154453	156640-157459	2187	catB3,blaOXA-1,aac(6')-Ib-cr5	3
RefSeq_NZ_LR890231.1	IncFII	Gram-negative	IS26	156640-157459	170940-171759	13481	tet(A),qnrB1	2
RefSeq_NZ_LR890300.1	IncFII	Gram-negative	IS26	41325-42144	52110-52931	9966	dfrA17,aadA5,sul1,mrx(A),mph(A)	5
RefSeq_NZ_LR890300.1	IncFII	Gram-negative	IS26	52110-52931	58443-59264	5512	sul2,aph(3'')-Ib,aph(6)-Id,tet(A)	4
RefSeq_NZ_LR890300.1	IncFII	Gram-negative	IS26	62855-63677	71713-72532	8036	blaTEM-1,blaCTX-M-27	2
RefSeq_NZ_LR890300.1	IncFII	Gram-negative	IS26	71713-72532	76973-77792	4441	erm(B)	1
RefSeq_NZ_LR890327.1	IncFII	Gram-negative	IS26	1-671	18562-19381	17891	dfrA,tet(B)	2
RefSeq_NZ_LR890327.1	IncFII	Gram-negative	IS26	71733-72552	82468-83288	9916	dfrA17,aadA5,sul1,mrx(A),mph(A)	5
RefSeq_NZ_LR890327.1	IncFII	Gram-negative	IS26	83796-84616	92982-93802	8366	aac(3)-IId	1
RefSeq_NZ_LR890327.1	IncFII	Gram-negative	IS1	1781-2548	6705-7472	4157	tet(B)	1
RefSeq_NZ_LR890335.1	IncFII	Gram-negative	IS26	30161-30980	40946-41767	9966	dfrA17,aadA5,sul1,mrx(A),mph(A)	5
RefSeq_NZ_LR890335.1	IncFII	Gram-negative	IS26	40946-41767	48424-49243	6657	sul2,aph(3'')-Ib,aph(6)-Id,tet(A)	4
RefSeq_NZ_LR890335.1	IncFII	Gram-negative	IS26	48424-49243	53083-53902	3840	blaCTX-M-27	1
RefSeq_NZ_LR890335.1	IncFII	Gram-negative	IS1	29178-29945	79668-80435	49723	dfrA17,aadA5,sul1,mrx(A),mph(A),sul2,aph(3'')-Ib,aph(6)-Id,tet(A),blaCTX-M-27	10
RefSeq_NZ_LR890344.1	IncFII	Gram-negative	IS26	131044-131865	146118-146909	14253	sul2,aph(3'')-Ib,aph(6)-Id,blaTEM-1,blaCTX-M-15	5
RefSeq_NZ_LR890344.1	IncFII	Gram-negative	IS26	146118-146909	153633-154452	6724	dfrA14	1
RefSeq_NZ_LR890344.1	IncFII	Gram-negative	IS26	153633-154452	156640-157459	2188	catB3,blaOXA,aac(6')-Ib-cr	3
RefSeq_NZ_LR890344.1	IncFII	Gram-negative	IS26	156640-157459	161758-162550	4299	blaCTX-M	1
RefSeq_NZ_LR890344.1	IncFII	Gram-negative	IS26	161758-162550	169277-170094	6727	dfrA14	1
RefSeq_NZ_LR890344.1	IncFII	Gram-negative	IS26	169277-170094	172280-173099	2186	catB3,blaOXA-1,aac(6')-Ib-cr5	3
RefSeq_NZ_LR890344.1	IncFII	Gram-negative	IS26	172280-173099	186581-187400	13482	tet(A),qnrB1	2
RefSeq_NZ_LR890355.1	IncN	Gram-negative	IS26	15363-16183	20658-21479	4475	blaSHV-2A	1
RefSeq_NZ_LR890355.1	IncN	Gram-negative	IS26	20658-21479	66979-67799	45500	aph(3'')-Ib,aph(6)-Id,dfrA17,aadA5,sul1,qnrB2,sul1,mrx(A),mph(A)	9
RefSeq_NZ_LR890370.1	IncFII	Gram-negative	IS26	129816-130636	144305-145124	13669	sul2,aph(3'')-Ib,aph(6)-Id,blaTEM-1,blaCTX-M-15	5
RefSeq_NZ_LR890370.1	IncFII	Gram-negative	IS26	144305-145124	147311-148130	2187	catB3,blaOXA-1,aac(6')-Ib-cr5	3
RefSeq_NZ_LR890370.1	IncFII	Gram-negative	IS26	147311-148130	161611-162430	13481	tet(A),qnrB1	2
RefSeq_NZ_LR890370.1	IncFII	Gram-negative	IS26	161611-162430	169158-169977	6728	dfrA14	1
RefSeq_NZ_LR890375.1	IncFII	Gram-negative	IS26	129819-130639	144308-145127	13669	sul2,aph(3'')-Ib,aph(6)-Id,blaTEM-1,blaCTX-M-15	5
RefSeq_NZ_LR890375.1	IncFII	Gram-negative	IS26	144308-145127	147314-148133	2187	catB3,blaOXA-1,aac(6')-Ib-cr5	3
RefSeq_NZ_LR890375.1	IncFII	Gram-negative	IS26	147314-148133	161614-162433	13481	tet(A),qnrB1	2
RefSeq_NZ_LR890375.1	IncFII	Gram-negative	IS26	161614-162433	169161-169953	6728	dfrA14	1
RefSeq_NZ_LR890385.1	IncFII	Gram-negative	IS26	131041-131861	146114-146906	14253	sul2,aph(3'')-Ib,aph(6)-Id,blaTEM-1,blaCTX-M-15	5
RefSeq_NZ_LR890385.1	IncFII	Gram-negative	IS26	146114-146906	153634-154453	6728	dfrA14	1
RefSeq_NZ_LR890385.1	IncFII	Gram-negative	IS26	153634-154453	156640-157459	2187	catB3,blaOXA-1,aac(6')-Ib-cr5	3
RefSeq_NZ_LR890385.1	IncFII	Gram-negative	IS26	156640-157459	170940-171759	13481	tet(A),qnrB1	2
RefSeq_NZ_LR890392.1	IncFII	Gram-negative	IS26	131041-131861	146114-146906	14253	sul2,aph(3'')-Ib,aph(6)-Id,blaTEM-1,blaCTX-M-15	5
RefSeq_NZ_LR890392.1	IncFII	Gram-negative	IS26	146114-146906	153634-154453	6728	dfrA14	1
RefSeq_NZ_LR890392.1	IncFII	Gram-negative	IS26	153634-154453	156640-157459	2187	catB3,blaOXA-1,aac(6')-Ib-cr5	3
RefSeq_NZ_LR890392.1	IncFII	Gram-negative	IS26	156640-157459	170940-171759	13481	tet(A),qnrB1	2
RefSeq_NZ_LR890396.1	IncFII	Gram-negative	IS26	130938-131758	132799-133534	1041	aph(3')-Ia	1
RefSeq_NZ_LR890396.1	IncFII	Gram-negative	IS26	167302-168121	171525-172344	3404	tet(D),blaTEM-1	2
RefSeq_NZ_LR890396.1	IncFII	Gram-negative	IS26	171525-172344	178496-179315	6152	blaCTX-M-15	1
RefSeq_NZ_LR890396.1	IncFII	Gram-negative	IS26	178496-179315	181502-182321	2187	aac(6')-Ib-cr5,blaOXA-1,catB3	3
RefSeq_NZ_LR890396.1	IncFII	Gram-negative	IS26	181502-182321	185692-186512	3371	catA1	1
RefSeq_NZ_LR890396.1	IncFII	Gram-negative	IS1	143221-143933	183975-184742	40042	tet(D),blaTEM-1,blaCTX-M-15,aac(6')-Ib-cr5,blaOXA-1,catB3	6
RefSeq_NZ_LR890396.1	IncFII	Gram-negative	IS1	183975-184742	226447-227214	41705	catA1	1
RefSeq_NZ_LR890411.1	IncFII	Gram-negative	IS26	10590-11410	14503-15322	3093	aac(3)-IId	1
RefSeq_NZ_LR890416.1	IncFII	Gram-negative	IS26	129816-130636	144305-145124	13669	sul2,aph(3'')-Ib,aph(6)-Id,blaTEM-1,blaCTX-M-15	5
RefSeq_NZ_LR890416.1	IncFII	Gram-negative	IS26	144305-145124	147311-148130	2187	catB3,blaOXA-1,aac(6')-Ib-cr5	3
RefSeq_NZ_LR890416.1	IncFII	Gram-negative	IS26	147311-148130	161611-162430	13481	tet(A),qnrB1	2
RefSeq_NZ_LR890416.1	IncFII	Gram-negative	IS26	161611-162430	169158-169950	6728	dfrA14	1
RefSeq_NZ_LR890467.1	IncFII	Gram-negative	IS26	41325-42144	52110-52931	9966	dfrA17,aadA5,sul1,mrx(A),mph(A)	5
RefSeq_NZ_LR890467.1	IncFII	Gram-negative	IS26	52110-52931	58443-59264	5512	sul2,aph(3'')-Ib,aph(6)-Id,tet(A)	4
RefSeq_NZ_LR890467.1	IncFII	Gram-negative	IS26	62855-63677	71713-72532	8036	blaTEM-1,blaCTX-M-27	2
RefSeq_NZ_LR890467.1	IncFII	Gram-negative	IS26	71713-72532	76973-77792	4441	erm(B)	1
RefSeq_NZ_LR890485.1	IncFII	Gram-negative	IS26	131041-131861	146114-146906	14253	sul2,aph(3'')-Ib,aph(6)-Id,blaTEM-1,blaCTX-M-15	5
RefSeq_NZ_LR890485.1	IncFII	Gram-negative	IS26	146114-146906	153634-154453	6728	dfrA14	1
RefSeq_NZ_LR890485.1	IncFII	Gram-negative	IS26	153634-154453	156640-157459	2187	catB3,blaOXA-1,aac(6')-Ib-cr5	3
RefSeq_NZ_LR890485.1	IncFII	Gram-negative	IS26	156640-157459	170940-171759	13481	tet(A),qnrB1	2
RefSeq_NZ_LR890537.1	IncFII	Gram-negative	IS26	32668-33487	37555-38375	4068	erm(B)	1
RefSeq_NZ_LR890537.1	IncFII	Gram-negative	IS26	37555-38375	78923-79742	40548	mph(A),mrx(A),sul1,aadA2,dfrA12,qepA4,catA1,tet(B)	8
RefSeq_NZ_LR890537.1	IncFII	Gram-negative	IS1	62243-63010	67066-67833	4056	tet(B)	1
RefSeq_NZ_LR890572.1	IncFII	Gram-negative	IS26	129816-130636	144889-145681	14253	sul2,aph(3'')-Ib,aph(6)-Id,blaTEM-1,blaCTX-M-15	5
RefSeq_NZ_LR890572.1	IncFII	Gram-negative	IS26	144889-145681	152409-153228	6728	dfrA14	1
RefSeq_NZ_LR890607.1	IncFII	Gram-negative	IS1	40333-41100	81722-82489	40622	dfrA17,aadA5,sul1,mrx(A),mph(A),erm(B)	6
RefSeq_NZ_LR890607.1	IncFII	Gram-negative	IS26	41316-42135	52110-52930	9975	dfrA17,aadA5,sul1,mrx(A),mph(A)	5
RefSeq_NZ_LR890607.1	IncFII	Gram-negative	IS26	52110-52930	56998-57817	4068	erm(B)	1
RefSeq_NZ_LR890617.1	IncFII	Gram-negative	IS1	155386-156098	184577-185342	28479	catA2,blaTEM-1,aph(6)-Id,aph(3'')-Ib,sul2	5
RefSeq_NZ_LR890617.1	IncFII	Gram-negative	IS26	67891-68710	94132-94952	25422	blaCTX-M-14	1
RefSeq_NZ_LR890617.1	IncFII	Gram-negative	IS26	98769-99589	104124-104943	4535	aac(3)-IId	1
RefSeq_NZ_LR890617.1	IncFII	Gram-negative	IS26	104124-104943	115268-116101	10325	blaLAP-2,qnrS1	2
RefSeq_NZ_LR890617.1	IncFII	Gram-negative	IS26	115268-116101	165232-166051	49131	sul1,dfrA1,tet(A)	3
RefSeq_NZ_LR890617.1	IncFII	Gram-negative	IS26	165232-166051	167451-168274	1400	catA2	1
RefSeq_NZ_LR890680.1	IncFII	Gram-negative	IS26	129819-130639	144308-145127	13669	sul2,aph(3'')-Ib,aph(6)-Id,blaTEM-1,blaCTX-M-15	5
RefSeq_NZ_LR890680.1	IncFII	Gram-negative	IS26	144308-145127	147314-148133	2187	catB3,blaOXA-1,aac(6')-Ib-cr5	3
RefSeq_NZ_LR890680.1	IncFII	Gram-negative	IS26	147314-148133	161614-162433	13481	tet(A),qnrB1	2
RefSeq_NZ_LR890680.1	IncFII	Gram-negative	IS26	161614-162433	169161-169953	6728	dfrA14	1
RefSeq_NZ_LR890694.1	IncFII	Gram-negative	IS26	24301-25121	28722-29541	3601	blaCTX-M-27	1
RefSeq_NZ_LR890723.1	IncFII	Gram-negative	IS26	128411-129231	136386-137205	7155	qnrB1	1
RefSeq_NZ_LR890723.1	IncFII	Gram-negative	IS26	136386-137205	143933-144725	6728	dfrA14	1
RefSeq_NZ_LR890723.1	IncFII	Gram-negative	IS26	143933-144725	149025-149845	4300	blaCTX-M-15	1
RefSeq_NZ_LR890723.1	IncFII	Gram-negative	IS26	149025-149845	152032-152851	2187	aac(6')-Ib-cr5,blaOXA-1,catB3	3
RefSeq_NZ_LR890736.1	IncFII	Gram-negative	IS26	129816-130638	143131-143950	12493	sul2,aph(3'')-Ib,aph(6)-Id,blaTEM-1,blaCTX-M-15	5
RefSeq_NZ_LR890736.1	IncFII	Gram-negative	IS26	143131-143950	146137-146956	2187	catB3,blaOXA-1,aac(6')-Ib-cr5	3
RefSeq_NZ_LR890736.1	IncFII	Gram-negative	IS26	146137-146956	160437-161256	13481	tet(A),qnrB1	2
RefSeq_NZ_LR890736.1	IncFII	Gram-negative	IS26	160437-161256	167984-168776	6728	dfrA14	1
RefSeq_NZ_LR999863.1	IncN	Gram-negative	IS26	4218-5037	7470-8289	2433	aadA2	1
RefSeq_NZ_LR999863.1	IncN	Gram-negative	IS26	7470-8289	40658-41477	32369	qnrS1,blaCTX-M-1	2
RefSeq_NZ_LS992176.1	IncFII	Gram-negative	IS26	125153-125972	136387-137207	10415	blaVIM-1,aac(6')-Ib4,aadA1,sul1,mrx(A),mph(A)	6
RefSeq_NZ_LS992176.1	IncFII	Gram-negative	IS26	136387-137207	149210-150029	12003	aac(3)-IId,blaTEM-1	2
RefSeq_NZ_LS992182.1	IncFII	Gram-negative	IS26	22199-23018	25205-26024	2187	aac(6')-Ib-cr5,blaOXA-1,catB3	3
RefSeq_NZ_LS992182.1	IncFII	Gram-negative	IS26	25205-26024	29609-30431	3585	blaCTX-M-15	1
RefSeq_NZ_LS992182.1	IncFII	Gram-negative	IS26	29609-30431	41510-42330	11079	dfrA17,aadA5,sul1,mrx(A),mph(A)	5
RefSeq_NZ_LS992191.1	IncFII	Gram-negative	IS26	22199-23018	25205-26024	2187	aac(6')-Ib-cr5,blaOXA-1,catB3	3
RefSeq_NZ_LS992191.1	IncFII	Gram-negative	IS26	25205-26024	29609-30431	3585	blaCTX-M-15	1
RefSeq_NZ_LS992191.1	IncFII	Gram-negative	IS26	29609-30431	41510-42330	11079	dfrA17,aadA5,sul1,mrx(A),mph(A)	5
RefSeq_NZ_LS999207.1	IncFII	Gram-negative	IS26	55626-56446	57700-58519	1254	aph(3')-Ia	1
RefSeq_NZ_LT009688.1	IncFII	Gram-negative	IS26	163860-164679	165720-166484	1041	aph(3')-Ia	1
RefSeq_NZ_LT009689.1	IncFII	Gram-negative	IS26	62515-63335	73042-73861	9707	armA,msr(E),mph(E)	3
RefSeq_NZ_LT009689.1	IncFII	Gram-negative	IS26	73042-73861	102644-103447	28783	blaOXA,blaTEM-1	2
RefSeq_NZ_LT216439.1	IncFII	Gram-negative	IS26	134712-135447	136488-137308	1041	aph(3')-Ia	1
RefSeq_NZ_LT221037.1	IncN	Gram-negative	IS26	20079-20916	29543-30362	8627	sul2,aph(3'')-Ib,aph(6)-Id,blaTEM-1	4
RefSeq_NZ_LT221037.1	IncN	Gram-negative	IS26	29543-30362	31762-32581	1400	catA2	1
RefSeq_NZ_LT221037.1	IncN	Gram-negative	IS26	31762-32581	36095-36914	3514	tet(D)	1
RefSeq_NZ_LT221038.1	IncN	Gram-negative	IS26	3446-4265	48003-48823	43738	aph(3'')-Ib,aph(6)-Id	2
RefSeq_NZ_LT221038.1	IncN	Gram-negative	IS26	48003-48823	54130-54950	5307	sul2	1
RefSeq_NZ_LT221038.1	IncN	Gram-negative	IS26	54130-54950	58477-59296	3527	tet(D)	1
RefSeq_NZ_LT599827.1	IncN	Gram-negative	IS26	26255-27074	46423-47244	19349	aph(6)-Id,aph(3'')-Ib,dfrA19,sul1,qnrB2	5
RefSeq_NZ_LT599827.1	IncN	Gram-negative	IS26	46423-47244	60392-61211	13148	mph(A),mrx(A),sul1,arr-3,catB3,blaOXA-1,aac(6')-Ib-cr5	7
RefSeq_NZ_LT632321.1	IncFII	Gram-negative	IS26	44184-45004	56083-56905	11079	mph(A),mrx(A),sul1,aadA5,dfrA17	5
RefSeq_NZ_LT632321.1	IncFII	Gram-negative	IS26	56083-56905	60490-61310	3585	blaCTX-M-15	1
RefSeq_NZ_LT632321.1	IncFII	Gram-negative	IS26	60490-61310	72389-73211	11079	mph(A),mrx(A),sul1,aadA5,dfrA17	5
RefSeq_NZ_LT632321.1	IncFII	Gram-negative	IS26	72389-73211	76796-77615	3585	blaCTX-M-15	1
RefSeq_NZ_LT632321.1	IncFII	Gram-negative	IS26	76796-77615	79802-80621	2187	catB3,blaOXA-1,aac(6')-Ib-cr5	3
RefSeq_NZ_LT632321.1	IncFII	Gram-negative	IS26	79802-80621	120086-120905	39465	tet(A)	1
RefSeq_NZ_LT632321.1	IncFII	Gram-negative	IS26	120086-120905	127230-128053	6325	blaTEM-1	1
RefSeq_NZ_LT795508.1	IncN	Gram-negative	IS26	339-1160	4850-5667	3690	mph(A),mrx(A),blaCTX-M-1	3
RefSeq_NZ_LT985213.1	IncFII	Gram-negative	IS26	106319-107138	125617-126436	18479	tet(A),blaCTX-M-15	2
RefSeq_NZ_LT985213.1	IncFII	Gram-negative	IS26	125617-126436	128622-129394	2186	aac(6')-Ib-cr5,blaOXA,catB3	3
RefSeq_NZ_LT985221.1	IncFII	Gram-negative	IS26	2600-3420	5604-6423	2184	catB3,blaOXA,aac(6')-Ib-cr5	3
RefSeq_NZ_LT985223.1	IncN	Gram-negative	IS26	10665-11484	13947-14766	2463	blaSHV-5	1
RefSeq_NZ_LT985229.1	IncFII	Gram-negative	IS26	28299-29119	32646-33465	3527	tet(D)	1
RefSeq_NZ_LT985229.1	IncFII	Gram-negative	IS26	32646-33465	41463-42282	7998	blaSHV-4	1
RefSeq_NZ_LT985242.1	IncN	Gram-negative	IS26	33700-34519	38209-39030	3690	blaCTX-M-1,mrx(A),mph(A)	3
RefSeq_NZ_LT985245.1	IncN	Gram-negative	IS26	31563-32382	36072-36893	3690	blaCTX-M-1,mrx(A),mph(A)	3
RefSeq_NZ_LT985250.1	IncN	Gram-negative	IS26	6348-7167	8208-9027	1041	aph(3')-Ia	1
RefSeq_NZ_LT985250.1	IncN	Gram-negative	IS26	146550-147371	150078-150897	2707	mph(E),msr(E)	2
RefSeq_NZ_LT985250.1	IncN	Gram-negative	IS26	150078-150897	163800-164619	12903	ant(2'')-Ia,sul1	2
RefSeq_NZ_LT985250.1	IncN	Gram-negative	IS26	163800-164619	168908-169733	4289	blaSHV-12	1
RefSeq_NZ_LT985250.1	IncN	Gram-negative	IS26	168908-169733	172440-173266	2707	mph(E),msr(E)	2
RefSeq_NZ_LT985251.1	IncN	Gram-negative	IS26	31619-32440	36130-36951	3690	blaCTX-M-1,mrx(A),mph(A)	3
RefSeq_NZ_LT985259.1	IncN	Gram-negative	IS26	31625-32444	36134-36955	3690	blaCTX-M-1,mrx(A),mph(A)	3
RefSeq_NZ_LT985266.1	IncN	Gram-negative	IS26	4815-5634	49099-49936	43465	dfrA14	1
RefSeq_NZ_LT985271.1	IncFII	Gram-negative	IS26	104267-105086	107686-108506	2600	aac(3)-IIe	1
RefSeq_NZ_LT985271.1	IncFII	Gram-negative	IS26	107686-108506	110693-111512	2187	catB3,blaOXA-1,aac(6')-Ib-cr5	3
RefSeq_NZ_LT985275.1	IncFII	Gram-negative	IS26	1-820	8818-9637	7998	blaSHV-1	1
RefSeq_NZ_LT985275.1	IncFII	Gram-negative	IS26	8818-9637	13164-13983	3527	tet(D)	1
RefSeq_NZ_LT985315.1	IncX1	Gram-negative	ISAba1	3714-4861	13343-14488	8482	sul2	1
RefSeq_NZ_LT994840.1	IncFII	Gram-negative	IS1	155271-155983	202467-203234	46484	aac(6')-Ib-cr5,blaOXA-1,catB3,tet(A),blaCTX-M-15,dfrA12,aadA2,sul1,mrx(A),mph(A)	10
RefSeq_NZ_LT994840.1	IncFII	Gram-negative	IS26	165670-166405	168592-169411	2187	aac(6')-Ib-cr5,blaOXA-1,catB3	3
RefSeq_NZ_LT994840.1	IncFII	Gram-negative	IS26	168592-169411	175924-176743	6513	tet(A)	1
RefSeq_NZ_LT994840.1	IncFII	Gram-negative	IS26	175924-176743	181921-182749	5178	blaCTX-M-15	1
RefSeq_NZ_LT994840.1	IncFII	Gram-negative	IS26	181921-182749	193507-194327	10758	dfrA12,aadA2,sul1,mrx(A),mph(A)	5
RefSeq_NZ_LXEL01000011.1	IncX1	Gram-negative	IS26	30048-30868	35160-35979	4292	floR	1
RefSeq_NZ_LXEL01000011.1	IncX1	Gram-negative	IS26	35160-35979	44380-45122	8401	tet(M),blaTEM-171	2
RefSeq_NZ_MF072962.1	IncN	Gram-negative	IS26	2525-3344	25815-26635	22471	blaIMP-4	1
RefSeq_NZ_MF133496.1	IncFII	Gram-negative	IS26	5038-5857	14012-14837	8155	sul2	1
RefSeq_NZ_MF156696.1	IncFII	Gram-negative	IS26	67841-68660	101433-102220	32773	tet(A),dfrA1,sul1,mrx(A),mph(A)	5
RefSeq_NZ_MF156696.1	IncFII	Gram-negative	IS26	101433-102220	105782-106601	3562	blaSHV-12	1
RefSeq_NZ_MF156696.1	IncFII	Gram-negative	IS26	105782-106601	117009-117626	10408	qnrS1,blaLAP-2	2
RefSeq_NZ_MF156696.1	IncFII	Gram-negative	IS26	117009-117626	122206-122827	4580	aac(3)-IId	1
RefSeq_NZ_MF156696.1	IncFII	Gram-negative	IS26	122206-122827	128335-128953	5508	blaSHV-11	1
RefSeq_NZ_MF156697.1	IncFII	Gram-negative	IS26	6912-7731	17634-18454	9903	dfrA17,aadA5,sul1,mrx(A),mph(A)	5
RefSeq_NZ_MF156697.1	IncFII	Gram-negative	IS26	17634-18454	22727-23547	4273	erm(B)	1
RefSeq_NZ_MF156697.1	IncFII	Gram-negative	IS26	22727-23547	26147-26966	2600	aac(3)-IIe	1
RefSeq_NZ_MF156697.1	IncFII	Gram-negative	IS26	26147-26966	32503-33325	5537	blaCTX-M-15	1
RefSeq_NZ_MF156697.1	IncFII	Gram-negative	IS26	32503-33325	49214-50033	15889	tet(B)	1
RefSeq_NZ_MF156708.1	IncFII	Gram-negative	IS26	14386-15206	39952-40771	24746	blaKPC-2	1
RefSeq_NZ_MF156713.1	IncFII	Gram-negative	IS26	81519-82342	92012-92831	9670	dfrA12,aadA2,sul1,ble,blaNDM-5	5
RefSeq_NZ_MF156713.1	IncFII	Gram-negative	IS26	92012-92831	99159-99982	6328	rmtB1,blaTEM-1	2
RefSeq_NZ_MF156713.1	IncFII	Gram-negative	IS26	99159-99982	110068-110882	10086	dfrA17,aadA5,sul1,mrx(A),mph(A)	5
RefSeq_NZ_MF156714.1	IncFII	Gram-negative	IS26	91793-92612	102841-103661	10229	dfrA17,aadA5,sul1,mrx(A),mph(A)	5
RefSeq_NZ_MF156715.1	IncFII	Gram-negative	IS26	8547-9366	14518-15338	5152	sul1,aadA5,dfrA17	3
RefSeq_NZ_MF156715.1	IncFII	Gram-negative	IS26	14518-15338	19465-20285	4127	mrx(A),mph(A)	2
RefSeq_NZ_MF156715.1	IncFII	Gram-negative	IS26	19465-20285	25839-26658	5554	aac(3)-IId	1
RefSeq_NZ_MF156715.1	IncFII	Gram-negative	IS26	25839-26658	28417-29236	1759	blaTEM-1	1
RefSeq_NZ_MF156715.1	IncFII	Gram-negative	IS26	28417-29236	33622-34442	4386	aph(6)-Id,aph(3'')-Ib,sul2	3
RefSeq_NZ_MF156715.1	IncFII	Gram-negative	IS26	33622-34442	41116-41947	6674	blaTEM-1	1
RefSeq_NZ_MF156715.1	IncFII	Gram-negative	IS26	41116-41947	45778-46597	3831	blaCTX-M-15	1
RefSeq_NZ_MF156715.1	IncFII	Gram-negative	IS26	45778-46597	48784-49604	2187	catB3,blaOXA-1,aac(6')-Ib-cr5	3
RefSeq_NZ_MF190369.1	IncFII	Gram-negative	IS26	4744-5563	11016-11835	5453	aac(3)-IId	1
RefSeq_NZ_MF344557.1	IncN	Gram-negative	IS26	1900-2719	26440-27260	23721	qnrS1	1
RefSeq_NZ_MF344557.1	IncN	Gram-negative	IS26	26440-27260	53714-54533	26454	fosA5,blaIMP-4	2
RefSeq_NZ_MF344557.1	IncN	Gram-negative	IS10	40856-42184	43501-44829	1317	fosA5	1
RefSeq_NZ_MF344559.1	IncN	Gram-negative	IS26	25612-26432	39619-40438	13187	blaIMP-4	1
RefSeq_NZ_MF437312.1	IncFII	Gram-negative	IS26	4393-5212	9237-10056	4025	blaCTX-M-65	1
RefSeq_NZ_MF437312.1	IncFII	Gram-negative	IS26	11041-11860	13136-13955	1276	fosA3	1
RefSeq_NZ_MF437312.1	IncFII	Gram-negative	IS26	13136-13955	17763-18583	3808	blaTEM-1,rmtB1	2
RefSeq_NZ_MF437312.1	IncFII	Gram-negative	IS26	73977-74796	79326-80145	4530	blaKPC-2	1
RefSeq_NZ_MF437312.1	IncFII	Gram-negative	IS26	163049-163871	165260-166083	1389	catA2	1
RefSeq_NZ_MF474175.1	IncN	Gram-negative	IS26	10220-11041	13537-14357	2496	fosA3	1
RefSeq_NZ_MF474175.1	IncN	Gram-negative	IS26	13537-14357	45645-46464	31288	blaCTX-M-65	1
RefSeq_NZ_MF474175.1	IncN	Gram-negative	IS26	61608-62427	67634-68453	5207	oqxB,oqxA	2
RefSeq_NZ_MF474175.1	IncN	Gram-negative	IS26	67634-68453	69975-70794	1522	bleO	1
RefSeq_NZ_MF474175.1	IncN	Gram-negative	IS26	69975-70794	73805-74625	3011	sul1	1
RefSeq_NZ_MF535908.1	IncN	Gram-negative	IS26	2800-3621	6117-6936	2496	fosA3	1
RefSeq_NZ_MF535908.1	IncN	Gram-negative	IS26	6117-6936	9704-10524	2768	blaCTX-M-55	1
RefSeq_NZ_MF535908.1	IncN	Gram-negative	IS26	9704-10524	36141-36747	25617	blaTEM-1	1
RefSeq_NZ_MF535908.1	IncN	Gram-negative	IS26	36141-36747	66236-67008	29489	sul2,aph(3'')-Ib,aph(6)-Id,tet(A),floR	5
RefSeq_NZ_MF589339.1	IncX1	Gram-negative	IS26	6662-7482	18536-19355	11054	aac(3)-IId,blaTEM-1,rmtB1	3
RefSeq_NZ_MF589339.1	IncX1	Gram-negative	IS26	18536-19355	33936-34757	14581	aph(3')-IIa	1
RefSeq_NZ_MF589339.1	IncX1	Gram-negative	IS26	66405-67226	69722-70543	2496	fosA3	1
RefSeq_NZ_MF589339.1	IncX1	Gram-negative	IS26	69722-70543	83219-84042	12676	sul2,aph(3'')-Ib,aph(6)-Id,tet(A),floR	5
RefSeq_NZ_MF589339.1	IncX1	Gram-negative	IS26	89041-89861	93988-94807	4127	mph(A),mrx(A)	2
RefSeq_NZ_MF589339.1	IncX1	Gram-negative	IS26	93988-94807	98852-99671	4045	aadA2,dfrA12	2
RefSeq_NZ_MF589339.1	IncX1	Gram-negative	IS26	98852-99671	104878-105697	5207	oqxB,oqxA	2
RefSeq_NZ_MF589339.1	IncX1	Gram-negative	IS26	104878-105697	107219-108039	1522	bleO	1
RefSeq_NZ_MF788069.1	IncFII	Gram-negative	IS26	23069-23888	26780-27600	2892	aadA2,sul1	2
RefSeq_NZ_MF918373.1	IncFII	Gram-negative	IS1	8509-9276	56071-56783	46795	aph(3')-Ia,aac(3)-IIe,sul1,aadA1,dfrA1	5
RefSeq_NZ_MF918373.1	IncFII	Gram-negative	IS26	34040-34859	35900-36719	1041	aph(3')-Ia	1
RefSeq_NZ_MF918373.1	IncFII	Gram-negative	IS26	35900-36719	41732-42551	5013	aac(3)-IIe	1
RefSeq_NZ_MF918373.1	IncFII	Gram-negative	IS26	41732-42551	47608-48430	5057	sul1,aadA1,dfrA1	3
RefSeq_NZ_MF953243.1	IncN	Gram-negative	IS26	31806-32625	36315-37136	3690	blaCTX-M-1,mrx(A),mph(A)	3
RefSeq_NZ_MG014721.1	IncN	Gram-negative	IS26	84165-84987	89591-90410	4604	arr-3,catB3,blaOXA,aac(6')-Ib-cr5	4
RefSeq_NZ_MG014721.1	IncN	Gram-negative	IS26	89591-90410	93010-93831	2600	aac(3)-IIe	1
RefSeq_NZ_MG014721.1	IncN	Gram-negative	IS26	93010-93831	105106-105925	11275	mph(A),mrx(A),sul1,aadA16,dfrA27,arr-3	6
RefSeq_NZ_MG014721.1	IncN	Gram-negative	IS26	105106-105925	107876-108695	1951	qnrS2	1
RefSeq_NZ_MG014721.1	IncN	Gram-negative	IS26	107876-108695	116994-117813	8299	oqxB,oqxA	2
RefSeq_NZ_MG197488.1	IncN	Gram-negative	IS26	5061-5880	26714-27535	20834	fosA3	1
RefSeq_NZ_MG197488.1	IncN	Gram-negative	IS26	40422-41245	44086-44905	2841	blaTEM-1,rmtB1	2
RefSeq_NZ_MG197488.1	IncN	Gram-negative	IS26	44086-44905	47673-48493	2768	blaCTX-M-55	1
RefSeq_NZ_MG197490.1	IncN	Gram-negative	IS26	5061-5880	26714-27535	20834	fosA3	1
RefSeq_NZ_MG197490.1	IncN	Gram-negative	IS26	40422-41245	44086-44905	2841	blaTEM-1,rmtB1	2
RefSeq_NZ_MG197490.1	IncN	Gram-negative	IS26	44086-44905	47673-48493	2768	blaCTX-M-55	1
RefSeq_NZ_MG197491.1	IncX1	Gram-negative	IS26	6771-7594	22365-23184	14771	floR,tet(A),aph(6)-Id,aph(3'')-Ib,sul2	5
RefSeq_NZ_MG197491.1	IncX1	Gram-negative	IS26	22365-23184	39324-40143	16140	aph(3')-IIa	1
RefSeq_NZ_MG197491.1	IncX1	Gram-negative	IS26	39324-40143	45337-46158	5194	oqxB,oqxA2	2
RefSeq_NZ_MG197491.1	IncX1	Gram-negative	IS26	45337-46158	48654-49473	2496	fosA3	1
RefSeq_NZ_MG197491.1	IncX1	Gram-negative	IS26	48654-49473	52241-53061	2768	blaCTX-M-55	1
RefSeq_NZ_MG197493.1	IncN	Gram-negative	IS26	30137-30958	33454-34273	2496	fosA3	1
RefSeq_NZ_MG197493.1	IncN	Gram-negative	IS26	33454-34273	37041-37861	2768	blaCTX-M-55	1
RefSeq_NZ_MG197494.1	IncN	Gram-negative	IS26	32528-33349	35845-36664	2496	fosA3	1
RefSeq_NZ_MG197494.1	IncN	Gram-negative	IS26	35845-36664	39432-40252	2768	blaCTX-M-55	1
RefSeq_NZ_MG197495.1	IncX1	Gram-negative	IS26	6771-7594	22188-23007	14594	floR,tet(A),aph(6)-Id,aph(3'')-Ib,sul2	5
RefSeq_NZ_MG197495.1	IncX1	Gram-negative	IS26	37456-38277	67228-68047	28951	aph(3')-IIa	1
RefSeq_NZ_MG197495.1	IncX1	Gram-negative	IS26	67228-68047	73241-74066	5194	oqxB,oqxA2	2
RefSeq_NZ_MG197495.1	IncX1	Gram-negative	IS26	78295-79115	81956-82777	2841	blaTEM-1,rmtB1	2
RefSeq_NZ_MG197495.1	IncX1	Gram-negative	IS26	81956-82777	85273-86092	2496	fosA3	1
RefSeq_NZ_MG197495.1	IncX1	Gram-negative	IS26	85273-86092	88860-89680	2768	blaCTX-M-55	1
RefSeq_NZ_MG197498.1	IncX1	Gram-negative	IS26	6771-7594	20606-21425	13012	floR,tet(A),aph(6)-Id,aph(3'')-Ib,sul2	5
RefSeq_NZ_MG197498.1	IncX1	Gram-negative	IS26	34547-35368	64319-65138	28951	aph(3')-IIa	1
RefSeq_NZ_MG197498.1	IncX1	Gram-negative	IS26	64319-65138	70332-71157	5194	oqxB,oqxA2	2
RefSeq_NZ_MG197498.1	IncX1	Gram-negative	IS26	75393-76213	79054-79875	2841	blaTEM-1,rmtB1	2
RefSeq_NZ_MG197498.1	IncX1	Gram-negative	IS26	79054-79875	82371-83190	2496	fosA3	1
RefSeq_NZ_MG197498.1	IncX1	Gram-negative	IS26	82371-83190	85958-86778	2768	blaCTX-M-55	1
RefSeq_NZ_MG197502.1	IncX1	Gram-negative	IS26	6771-7594	22188-23007	14594	floR,tet(A),aph(6)-Id,aph(3'')-Ib,sul2	5
RefSeq_NZ_MG197502.1	IncX1	Gram-negative	IS26	37456-38277	67228-68047	28951	aph(3')-IIa	1
RefSeq_NZ_MG197502.1	IncX1	Gram-negative	IS26	67228-68047	73241-74066	5194	oqxB,oqxA2	2
RefSeq_NZ_MG197502.1	IncX1	Gram-negative	IS26	78295-79115	81956-82777	2841	blaTEM-1,rmtB1	2
RefSeq_NZ_MG197502.1	IncX1	Gram-negative	IS26	81956-82777	85273-86092	2496	fosA3	1
RefSeq_NZ_MG197502.1	IncX1	Gram-negative	IS26	85273-86092	88860-89680	2768	blaCTX-M-55	1
RefSeq_NZ_MG197503.1	IncX1	Gram-negative	IS26	6771-7594	22188-23007	14594	floR,tet(A),aph(6)-Id,aph(3'')-Ib,sul2	5
RefSeq_NZ_MG197503.1	IncX1	Gram-negative	IS26	37456-38277	67228-68047	28951	aph(3')-IIa	1
RefSeq_NZ_MG197503.1	IncX1	Gram-negative	IS26	67228-68047	73241-74066	5194	oqxB,oqxA2	2
RefSeq_NZ_MG197503.1	IncX1	Gram-negative	IS26	78295-79115	81956-82777	2841	blaTEM-1,rmtB1	2
RefSeq_NZ_MG197503.1	IncX1	Gram-negative	IS26	81956-82777	85273-86092	2496	fosA3	1
RefSeq_NZ_MG197503.1	IncX1	Gram-negative	IS26	85273-86092	88860-89680	2768	blaCTX-M-55	1
RefSeq_NZ_MG252036.1	IncN	Gram-negative	IS1	3065-3832	40437-41204	36605	fosA4,aph(3')-Ia	2
RefSeq_NZ_MG252036.1	IncN	Gram-negative	IS26	26653-27472	29286-30105	1814	fosA4	1
RefSeq_NZ_MG252036.1	IncN	Gram-negative	IS26	33776-34595	35636-36455	1041	aph(3')-Ia	1
RefSeq_NZ_MG252036.1	IncN	Gram-negative	IS26	35636-36455	70775-71595	34320	blaTEM-1,tet(A),dfrA16,blaCARB-2,aadA2,cmlA1,aadA1,sul3	8
RefSeq_NZ_MG288676.1	IncFII	Gram-negative	IS26	146998-147817	148858-149678	1041	aph(3')-Ia	1
RefSeq_NZ_MG288676.1	IncFII	Gram-negative	IS26	148858-149678	159593-160412	9915	mph(A),mrx(A),sul1,aadA2,dfrA12	5
RefSeq_NZ_MG288676.1	IncFII	Gram-negative	IS26	159593-160412	161812-162631	1400	catA2	1
RefSeq_NZ_MG288677.1	IncX1	Gram-negative	IS26	2341-3160	5941-6760	2781	aadA22,lnu(F)	2
RefSeq_NZ_MG288677.1	IncX1	Gram-negative	IS26	40858-41679	44175-44994	2496	fosA3	1
RefSeq_NZ_MG385063.1	IncN	Gram-negative	IS26	74630-75449	76490-77310	1041	aph(3')-Ia	1
RefSeq_NZ_MG385063.1	IncN	Gram-negative	IS26	76490-77310	103492-104312	26182	sul3,aadA1,cmlA1,aadA2,estX-3,sul2,aph(4)-Ia,aac(3)-IVa	8
RefSeq_NZ_MG385063.1	IncN	Gram-negative	IS26	103492-104312	108592-109412	4280	mph(A),mrx(A)	2
RefSeq_NZ_MG385063.1	IncN	Gram-negative	IS26	124185-124831	129361-130181	4530	tet(M)	1
RefSeq_NZ_MG385063.1	IncN	Gram-negative	IS26	129361-130181	134308-135128	4127	mrx(A),mph(A)	2
RefSeq_NZ_MG385063.1	IncN	Gram-negative	IS26	134308-135128	138448-139267	3320	aac(3)-IId	1
RefSeq_NZ_MG385063.1	IncN	Gram-negative	IS26	138448-139267	144474-145293	5207	oqxB,oqxA	2
RefSeq_NZ_MG385063.1	IncN	Gram-negative	IS26	144474-145293	146815-147634	1522	bleO	1
RefSeq_NZ_MG385063.1	IncN	Gram-negative	IS26	274048-274760	277640-278460	2880	fosA3,blaCTX-M-14	2
RefSeq_NZ_MG385063.1	IncN	Gram-negative	IS1	123417-124184	162546-163314	38362	tet(M),mrx(A),mph(A),aac(3)-IId,oqxB,oqxA,bleO	7
RefSeq_NZ_MG462728.1	IncFII	Gram-negative	IS26	69837-70629	77357-78176	6728	dfrA14	1
RefSeq_NZ_MG462728.1	IncFII	Gram-negative	IS26	77357-78176	80363-81182	2187	catB3,blaOXA-1,aac(6')-Ib-cr5	3
RefSeq_NZ_MG462728.1	IncFII	Gram-negative	IS26	80363-81182	94851-95671	13669	blaCTX-M-15,blaTEM-1,aph(6)-Id,aph(3'')-Ib,sul2	5
RefSeq_NZ_MG462728.1	IncFII	Gram-negative	IS26	94851-95671	125301-126120	29630	tet(A),ble,blaNDM-1,aph(3')-VI,qnrB1	5
RefSeq_NZ_MG591702.1	IncN	Gram-negative	IS26	47861-48680	52057-52876	3377	fosA3,blaCTX-M-14	2
RefSeq_NZ_MG591702.1	IncN	Gram-negative	IS26	69661-70482	74643-75475	4161	mph(A),mrx(A)	2
RefSeq_NZ_MG656414.1	IncN	Gram-negative	IS26	75677-76496	77537-78357	1041	aph(3')-Ia	1
RefSeq_NZ_MG656414.1	IncN	Gram-negative	IS26	77537-78357	108801-109620	30444	sul3,aadA1,cmlA1,aadA2,estX,floR,sul2,aph(4)-Ia,aac(3)-IVa	9
RefSeq_NZ_MG656414.1	IncN	Gram-negative	IS26	108801-109620	112995-113814	3375	blaCTX-M-14,fosA	2
RefSeq_NZ_MG656414.1	IncN	Gram-negative	IS26	239486-240305	242769-243590	2464	mrx(A),mph(A)	2
RefSeq_NZ_MG702490.1	IncFII	Gram-negative	IS26	44138-44958	58226-59046	13268	blaNDM-5,ble	2
RefSeq_NZ_MG702490.1	IncFII	Gram-negative	IS26	58226-59046	64198-65017	5152	dfrA17,aadA5,sul1	3
RefSeq_NZ_MG702492.1	IncFII	Gram-negative	IS26	41755-42575	44762-45581	2187	aac(6')-Ib-cr5,blaOXA-1,catB3	3
RefSeq_NZ_MG702492.1	IncFII	Gram-negative	IS26	44762-45581	49412-50243	3831	blaCTX-M-15	1
RefSeq_NZ_MG702492.1	IncFII	Gram-negative	IS26	49412-50243	54074-54905	3831	blaCTX-M-15	1
RefSeq_NZ_MG702492.1	IncFII	Gram-negative	IS26	54074-54905	61579-62399	6674	blaTEM-1	1
RefSeq_NZ_MG702492.1	IncFII	Gram-negative	IS26	61579-62399	66785-67604	4386	sul2,aph(3'')-Ib,aph(6)-Id	3
RefSeq_NZ_MG702492.1	IncFII	Gram-negative	IS26	66785-67604	71740-72560	4136	mrx(A),mph(A)	2
RefSeq_NZ_MG702492.1	IncFII	Gram-negative	IS26	71740-72560	78114-78933	5554	aac(3)-IId	1
RefSeq_NZ_MG702492.1	IncFII	Gram-negative	IS26	78114-78933	80692-81512	1759	blaTEM-1	1
RefSeq_NZ_MG702492.1	IncFII	Gram-negative	IS26	80692-81512	91430-92253	9918	dfrA17,aadA5,sul1,ble,blaNDM-5	5
RefSeq_NZ_MG702492.1	IncFII	Gram-negative	IS26	91430-92253	97157-97976	4904	dfrA12,aadA2,sul1	3
RefSeq_NZ_MG764553.1	IncN	Gram-negative	IS26	67588-68408	76186-77005	7778	blaKPC-2	1
RefSeq_NZ_MG825373.1	IncN	Gram-negative	IS26	38703-39527	43688-44509	4161	mrx(A),mph(A)	2
RefSeq_NZ_MG825373.1	IncN	Gram-negative	IS26	195374-196193	197234-198054	1041	aph(3')-Ia	1
RefSeq_NZ_MG825373.1	IncN	Gram-negative	IS26	197234-198054	229606-230425	31552	sul3,aadA1,cmlA1,aadA2,estX-3,floR,sul2,aph(4)-Ia,aac(3)-IVa	9
RefSeq_NZ_MG825373.1	IncN	Gram-negative	IS26	229606-230425	233802-234621	3377	blaCTX-M-14,fosA3	2
RefSeq_NZ_MG825373.1	IncN	Gram-negative	IS26	249391-250037	254914-255749	4877	tet(M)	1
RefSeq_NZ_MG825381.1	IncX1	Gram-negative	IS26	25659-26479	30618-31437	4139	mph(A),mrx(A)	2
RefSeq_NZ_MG825381.1	IncX1	Gram-negative	IS26	30618-31437	36644-37463	5207	oqxA,oqxB	2
RefSeq_NZ_MG825381.1	IncX1	Gram-negative	IS26	36644-37463	54932-55751	17469	aph(3')-IIa	1
RefSeq_NZ_MG825381.1	IncX1	Gram-negative	IS26	54932-55751	65578-66397	9827	dfrA12,aadA2,sul1,ble,blaNDM-1	5
RefSeq_NZ_MG825381.1	IncX1	Gram-negative	IS26	65578-66397	72863-73695	6466	rmtB1,blaTEM-1	2
RefSeq_NZ_MG825381.1	IncX1	Gram-negative	IS26	72863-73695	86371-87195	12676	sul2,aph(3'')-Ib,aph(6)-Id,tet(A),floR	5
RefSeq_NZ_MG878866.1	IncN	Gram-negative	IS26	63107-63926	69497-70316	5571	aac(3)-IId	1
RefSeq_NZ_MG878866.1	IncN	Gram-negative	IS26	69497-70316	71858-72680	1542	blaTEM	1
RefSeq_NZ_MG878868.1	IncFII	Gram-negative	IS26	79676-80495	99933-100753	19438	aac(6')-Ib-cr5,arr-3,aadA16,sul1,ble,blaNDM-1,blaOXA,aadA1,sul1,mrx(A),mph(A)	11
RefSeq_NZ_MG878868.1	IncFII	Gram-negative	IS26	99933-100753	102153-102972	1400	catA2	1
RefSeq_NZ_MG878868.1	IncFII	Gram-negative	IS26	102153-102972	104308-105127	1336	aac(3)-IId	1
RefSeq_NZ_MG878868.1	IncFII	Gram-negative	IS26	104308-105127	106168-106987	1041	aph(3')-Ia	1
RefSeq_NZ_MG878868.1	IncFII	Gram-negative	IS26	106168-106987	111373-112194	4386	aph(6)-Id,aph(3'')-Ib,sul2	3
RefSeq_NZ_MH128095.1	IncN	Gram-negative	IS26	564-1402	20602-21369	19200	dfrA14	1
RefSeq_NZ_MH255829.1	IncFII	Gram-negative	IS26	4393-5212	9237-10056	4025	blaCTX-M-65	1
RefSeq_NZ_MH255829.1	IncFII	Gram-negative	IS26	31293-32112	33388-34207	1276	fosA3	1
RefSeq_NZ_MH255829.1	IncFII	Gram-negative	IS26	33388-34207	38015-38835	3808	blaTEM-1,rmtB1	2
RefSeq_NZ_MH316133.1	IncFII	Gram-negative	IS26	7826-8645	17567-18221	8922	qepA1,rmtB1,blaTEM-1	3
RefSeq_NZ_MH316133.1	IncFII	Gram-negative	IS26	17567-18221	40883-41702	22662	blaCTX-M-27,dfrA17	2
RefSeq_NZ_MH316134.1	IncFII	Gram-negative	IS26	4461-5280	14202-15021	8922	qepA1,rmtB1,blaTEM-1	3
RefSeq_NZ_MH316135.1	IncFII	Gram-negative	IS26	9547-10366	19288-19942	8922	qepA1,rmtB1,blaTEM-1	3
RefSeq_NZ_MH316135.1	IncFII	Gram-negative	IS26	19288-19942	42604-43423	22662	blaCTX-M-27,dfrA17	2
RefSeq_NZ_MH316136.1	IncFII	Gram-negative	IS26	9547-10366	19288-19942	8922	qepA1,rmtB1,blaTEM-1	3
RefSeq_NZ_MH316136.1	IncFII	Gram-negative	IS26	19288-19942	42604-43423	22662	blaCTX-M-27,dfrA17	2
RefSeq_NZ_MH341574.1	IncFII	Gram-negative	IS26	60293-61113	97420-98241	36307	bleO,mcr-3.11,sul2,aph(3'')-Ib,aph(6)-Id,blaTEM-1,aac(3)-IId	7
RefSeq_NZ_MH454107.1	IncFII	Gram-negative	IS1	3888-4617	18990-19757	14373	blaCTX-M-55,aac(3)-IId	2
RefSeq_NZ_MH454107.1	IncFII	Gram-negative	IS26	9257-10079	14177-14998	4098	aac(3)-IId	1
RefSeq_NZ_MH454107.1	IncFII	Gram-negative	IS26	25192-26014	36243-37063	10229	dfrA17,aadA5,sul1,mrx(A),mph(A)	5
RefSeq_NZ_MH459020.1	IncN	Gram-negative	IS26	74630-75449	76490-77311	1041	aph(3')-Ia	1
RefSeq_NZ_MH459020.1	IncN	Gram-negative	IS26	80298-81119	85280-86118	4161	mph(A),mrx(A)	2
RefSeq_NZ_MH459020.1	IncN	Gram-negative	IS26	85280-86118	90995-91815	4877	tet(M)	1
RefSeq_NZ_MH459020.1	IncN	Gram-negative	IS26	90995-91815	122266-123085	30451	sul3,aadA1,cmlA1,aadA2,estX-3,floR,sul2,aph(4)-Ia,aac(3)-IVa	9
RefSeq_NZ_MH459020.1	IncN	Gram-negative	IS26	122266-123085	126462-127281	3377	blaCTX-M-14,fosA3	2
RefSeq_NZ_MH464586.1	IncFII	Gram-negative	IS26	4722-5541	19964-20784	14423	blaTEM-1,aac(3)-IId	2
RefSeq_NZ_MH464586.1	IncFII	Gram-negative	IS26	19964-20784	32829-33648	12045	mph(A),mrx(A),sul1,aadA16,dfrA27,arr-3,aac(6')-Ib-cr5	7
RefSeq_NZ_MH477636.1	IncN	Gram-negative	IS26	25315-26134	30119-30938	3985	sul1,dfrA25	2
RefSeq_NZ_MH477636.1	IncN	Gram-negative	IS26	111397-112216	113605-114427	1389	catA2	1
RefSeq_NZ_MH477636.1	IncN	Gram-negative	IS26	140031-140850	147313-148136	6463	blaKPC-2	1
RefSeq_NZ_MH491004.1	IncN	Gram-negative	IS26	196805-197625	208900-209721	11275	arr-3,dfrA27,aadA16,sul1,mrx(A),mph(A)	6
RefSeq_NZ_MH491004.1	IncN	Gram-negative	IS26	208900-209721	212321-213140	2600	aac(3)-IIe	1
RefSeq_NZ_MH491004.1	IncN	Gram-negative	IS26	212321-213140	217744-218565	4604	aac(6')-Ib-cr5,blaOXA,catB3,arr-3	4
RefSeq_NZ_MH491004.1	IncN	Gram-negative	IS26	217744-218565	220516-221335	1951	qnrS2	1
RefSeq_NZ_MH491004.1	IncN	Gram-negative	IS26	220516-221335	229634-230453	8299	oqxB,oqxA	2
RefSeq_NZ_MH491004.1	IncN	Gram-negative	IS26	229634-230453	231975-232794	1522	bleO	1
RefSeq_NZ_MH523448.1	IncFII	Gram-negative	IS1	29000-29767	56947-57690	27180	blaNDM-1,ble,sul1,aadA2,dfrA12	5
RefSeq_NZ_MH523448.1	IncFII	Gram-negative	IS1	56947-57690	63279-64070	5589	tet(B)	1
RefSeq_NZ_MH643787.1	IncFII	Gram-negative	IS26	7716-8535	10357-11176	1822	aac(3)-IId	1
RefSeq_NZ_MH643787.1	IncFII	Gram-negative	IS26	10357-11176	16864-17693	5688	dfrA17,aadA5,sul1	3
RefSeq_NZ_MH643787.1	IncFII	Gram-negative	IS26	52857-53677	64960-65780	11283	blaKPC-2	1
RefSeq_NZ_MH643787.1	IncFII	Gram-negative	IS26	64960-65780	69848-70669	4068	mph(A),mrx(A)	2
RefSeq_NZ_MH643787.1	IncFII	Gram-negative	IS26	71396-72216	76284-77105	4068	mrx(A),mph(A)	2
RefSeq_NZ_MH643787.1	IncFII	Gram-negative	IS26	76284-77105	83543-84362	6438	sul2,aph(3'')-Ib,aph(6)-Id,tet(A)	4
RefSeq_NZ_MH643789.1	IncFII	Gram-negative	IS26	57961-58779	73733-74546	14954	blaKPC-2	1
RefSeq_NZ_MH643789.1	IncFII	Gram-negative	IS26	130183-131003	134811-135627	3808	rmtB1,blaTEM-1	2
RefSeq_NZ_MH643789.1	IncFII	Gram-negative	IS26	134811-135627	136903-137717	1276	fosA3	1
RefSeq_NZ_MH643789.1	IncFII	Gram-negative	IS26	138702-139517	143540-144357	4023	blaCTX-M-65	1
RefSeq_NZ_MH643790.1	IncFII	Gram-negative	IS26	5088-5907	8632-9451	2725	dfrA14	1
RefSeq_NZ_MH643790.1	IncFII	Gram-negative	IS26	8632-9451	17606-18429	8155	sul2	1
RefSeq_NZ_MH643790.1	IncFII	Gram-negative	IS26	17606-18429	19829-20650	1400	catA2	1
RefSeq_NZ_MH643791.1	IncFII	Gram-negative	IS26	69075-69896	71296-72119	1400	catA2	1
RefSeq_NZ_MH643791.1	IncFII	Gram-negative	IS26	298138-298957	301682-302501	2725	dfrA14	1
RefSeq_NZ_MH643792.1	IncFII	Gram-negative	IS26	4393-5212	9237-10056	4025	blaCTX-M-65	1
RefSeq_NZ_MH643792.1	IncFII	Gram-negative	IS26	11041-11860	13136-13955	1276	fosA3	1
RefSeq_NZ_MH643792.1	IncFII	Gram-negative	IS26	13136-13955	17868-18688	3913	blaTEM-1,rmtB1	2
RefSeq_NZ_MH643792.1	IncFII	Gram-negative	IS26	74352-75164	90211-91030	15047	blaKPC-2	1
RefSeq_NZ_MH727565.1	IncN	Gram-negative	IS26	21152-21974	26440-27260	4466	qnrS1	1
RefSeq_NZ_MH727565.1	IncN	Gram-negative	IS26	26440-27260	49704-50526	22444	blaIMP-4	1
RefSeq_NZ_MH884649.1	IncX1	Gram-negative	IS26	1-820	26953-27772	26133	qnrS1,tet(A),aph(6)-Id,aph(3'')-Ib	4
RefSeq_NZ_MH884651.1	IncX1	Gram-negative	IS26	51445-52264	78397-79216	26133	qnrS1,tet(A),aph(6)-Id,aph(3'')-Ib	4
RefSeq_NZ_MH909334.1	IncN	Gram-negative	IS26	3267-4086	26557-27377	22471	blaIMP-4	1
RefSeq_NZ_MH909337.1	IncN	Gram-negative	IS26	2636-3455	25926-26746	22471	blaIMP-4	1
RefSeq_NZ_MH909338.1	IncFII	Gram-negative	IS26	12693-13513	15723-16542	2210	aac(3)-IId	1
RefSeq_NZ_MH909338.1	IncFII	Gram-negative	IS26	15723-16542	38959-39778	22417	blaKPC-2	1
RefSeq_NZ_MH909338.1	IncFII	Gram-negative	IS26	38959-39778	43439-44258	3661	aac(3)-IId	1
RefSeq_NZ_MH909338.1	IncFII	Gram-negative	IS26	43439-44258	56664-57484	12406	blaLAP-2,qnrS1	2
RefSeq_NZ_MH909339.1	IncN	Gram-negative	IS26	2562-3381	25681-26502	22300	blaIMP-4	1
RefSeq_NZ_MH909341.1	IncN	Gram-negative	IS26	2562-3381	25681-26502	22300	blaIMP-4	1
RefSeq_NZ_MH909344.1	IncFII	Gram-negative	IS10	143295-144623	145940-147268	1317	fosA5	1
RefSeq_NZ_MH917123.1	IncN	Gram-negative	IS26	2671-3490	6851-7670	3361	blaKPC-2	1
RefSeq_NZ_MH917123.1	IncN	Gram-negative	IS26	6851-7670	34251-35071	26581	dfrA14,qnrS1	2
RefSeq_NZ_MJDM01000045.1	IncFII	Gram-negative	IS26	53389-54208	57186-58005	2978	catA1	1
RefSeq_NZ_MK033499.1	IncN	Gram-negative	IS26	1-820	19412-20231	18592	dfrA23,sul1,blaDHA-1,qnrB4	4
RefSeq_NZ_MK033499.1	IncN	Gram-negative	IS26	19412-20231	23009-23828	2778	lnu(F),aadA2	2
RefSeq_NZ_MK033499.1	IncN	Gram-negative	IS26	69236-70055	90134-90957	20079	sul2,aph(3'')-Ib,aph(6)-Id,tet(A),floR	5
RefSeq_NZ_MK033500.1	IncN	Gram-negative	IS26	24621-25441	44034-44853	18593	dfrA23,sul1,blaDHA-1,qnrB4	4
RefSeq_NZ_MK033500.1	IncN	Gram-negative	IS26	44034-44853	47631-48450	2778	lnu(F),aadA2	2
RefSeq_NZ_MK033501.1	IncN	Gram-negative	IS26	13532-14351	17129-17948	2778	aadA2,lnu(F)	2
RefSeq_NZ_MK033501.1	IncN	Gram-negative	IS26	17129-17948	38027-38850	20079	sul2,aph(3'')-Ib,aph(6)-Id,tet(A),floR	5
RefSeq_NZ_MK036886.1	IncFII	Gram-negative	IS26	23448-24268	28076-28895	3808	rmtB1,blaTEM-1	2
RefSeq_NZ_MK036886.1	IncFII	Gram-negative	IS26	28076-28895	32787-33606	3892	blaCTX-M-65	1
RefSeq_NZ_MK036886.1	IncFII	Gram-negative	IS26	83593-84412	92190-93009	7778	blaKPC-2	1
RefSeq_NZ_MK036890.1	IncN	Gram-negative	IS26	12152-12972	36693-37512	23721	qnrS1	1
RefSeq_NZ_MK036890.1	IncN	Gram-negative	IS10	50660-51988	53305-54633	1317	fosA5	1
RefSeq_NZ_MK079574.1	IncN	Gram-negative	IS26	6103-6926	29919-30740	22993	floR	1
RefSeq_NZ_MK079574.1	IncN	Gram-negative	IS26	46775-47595	50436-51257	2841	blaTEM-1,rmtB1	2
RefSeq_NZ_MK079574.1	IncN	Gram-negative	IS26	50436-51257	53753-54572	2496	fosA3	1
RefSeq_NZ_MK079574.1	IncN	Gram-negative	IS26	53753-54572	57340-58160	2768	blaCTX-M-55	1
RefSeq_NZ_MK124610.1	IncFII	Gram-negative	IS26	241-1066	10984-11803	9918	sul2	1
RefSeq_NZ_MK124610.1	IncFII	Gram-negative	IS26	131221-132040	151479-152301	19439	aac(6')-Ib-cr5,arr-3,dfrA27,aadA16,sul1,ble,blaNDM-1,blaOXA,aadA1,sul1,mrx(A),mph(A)	12
RefSeq_NZ_MK124610.1	IncFII	Gram-negative	IS26	151479-152301	165438-166257	13137	aac(3)-IId,blaTEM-1	2
RefSeq_NZ_MK124610.1	IncFII	Gram-negative	IS26	165438-166257	169784-170601	3527	tet(D)	1
RefSeq_NZ_MK167989.1	IncFII	Gram-negative	IS26	8548-9367	11863-12684	2496	fosA3	1
RefSeq_NZ_MK248692.1	IncFII	Gram-negative	IS26	3460-4279	5320-6139	1041	aph(3')-Ia	1
RefSeq_NZ_MK248692.1	IncFII	Gram-negative	IS26	5320-6139	10523-11343	4384	aph(6)-Id,aph(3'')-Ib,sul2	3
RefSeq_NZ_MK248692.1	IncFII	Gram-negative	IS26	10523-11343	12679-13498	1336	aac(3)-IId	1
RefSeq_NZ_MK248692.1	IncFII	Gram-negative	IS26	13835-14655	20917-21736	6262	floR	1
RefSeq_NZ_MK248692.1	IncFII	Gram-negative	IS26	20917-21736	32352-33172	10616	aac(6')-Ib-cr5,arr-3,dfrA27,aadA16,sul1,mrx(A),mph(A)	7
RefSeq_NZ_MK248692.1	IncFII	Gram-negative	IS26	32352-33172	34572-35392	1400	catA2	1
RefSeq_NZ_MK295818.1	IncFII	Gram-negative	IS26	60413-61189	71364-72184	10175	dfrA17,aadA5,sul1,mrx(A),mph(A)	5
RefSeq_NZ_MK295818.1	IncFII	Gram-negative	IS26	71364-72184	77535-78354	5351	blaCTX-M-15	1
RefSeq_NZ_MK295818.1	IncFII	Gram-negative	IS26	77535-78354	80954-81774	2600	aac(3)-IIe	1
RefSeq_NZ_MK295818.1	IncFII	Gram-negative	IS26	80954-81774	83961-84737	2187	catB3,blaOXA-1,aac(6')-Ib-cr5	3
RefSeq_NZ_MK295821.1	IncFII	Gram-negative	IS26	81959-82735	84922-85741	2187	catB3,blaOXA,aac(6')-Ib-cr5	3
RefSeq_NZ_MK295822.1	IncFII	Gram-negative	IS26	36998-37776	48855-49675	11079	dfrA17,aadA5,sul1,mrx(A),mph(A)	5
RefSeq_NZ_MK295822.1	IncFII	Gram-negative	IS26	48855-49675	54668-55444	4993	blaCTX-M-15	1
RefSeq_NZ_MK295822.1	IncFII	Gram-negative	IS26	55572-56348	58535-59354	2187	catB3,blaOXA-1,aac(6')-Ib-cr5	3
RefSeq_NZ_MK295823.1	IncFII	Gram-negative	IS26	72698-73519	84598-85418	11079	dfrA17,aadA5,sul1,mrx(A),mph(A)	5
RefSeq_NZ_MK295823.1	IncFII	Gram-negative	IS26	84598-85418	90769-91588	5351	blaCTX-M-15	1
RefSeq_NZ_MK295823.1	IncFII	Gram-negative	IS26	90769-91588	94188-95008	2600	aac(3)-IIe	1
RefSeq_NZ_MK295823.1	IncFII	Gram-negative	IS26	94188-95008	97195-98014	2187	catB3,blaOXA-1,aac(6')-Ib-cr5	3
RefSeq_NZ_MK295825.1	IncFII	Gram-negative	IS26	72806-73627	76319-77138	2692	sul2,aph(3'')-Ib,aph(6)-Id	3
RefSeq_NZ_MK295825.1	IncFII	Gram-negative	IS26	81076-81910	86479-87298	4569	blaCTX-M-15	1
RefSeq_NZ_MK295825.1	IncFII	Gram-negative	IS26	86479-87298	89485-90304	2187	catB3,blaOXA-1,aac(6')-Ib-cr5	3
RefSeq_NZ_MK295825.1	IncFII	Gram-negative	IS26	89485-90304	94357-95181	4053	tet(A)	1
RefSeq_NZ_MK295826.1	IncFII	Gram-negative	IS26	38454-39232	50311-51131	11079	dfrA17,aadA5,sul1,mrx(A),mph(A)	5
RefSeq_NZ_MK295826.1	IncFII	Gram-negative	IS26	50311-51131	55014-55790	3883	blaCTX-M-15	1
RefSeq_NZ_MK295826.1	IncFII	Gram-negative	IS26	55918-56694	58881-59700	2187	catB3,blaOXA-1,aac(6')-Ib-cr5	3
RefSeq_NZ_MK295830.1	IncFII	Gram-negative	IS26	38000-38819	40339-41158	1520	blaCTX-M-27	1
RefSeq_NZ_MK295830.1	IncFII	Gram-negative	IS26	55557-56376	61990-62811	5614	tet(A),aph(6)-Id,aph(3'')-Ib,sul2	4
RefSeq_NZ_MK295830.1	IncFII	Gram-negative	IS26	61990-62811	72777-73596	9966	mph(A),mrx(A),sul1,aadA5,dfrA17	5
RefSeq_NZ_MK295831.1	IncFII	Gram-negative	IS26	73642-74463	85542-86362	11079	dfrA17,aadA5,sul1,mrx(A),mph(A)	5
RefSeq_NZ_MK295831.1	IncFII	Gram-negative	IS26	85542-86362	91713-92532	5351	blaCTX-M-15	1
RefSeq_NZ_MK295831.1	IncFII	Gram-negative	IS26	91713-92532	95132-95952	2600	aac(3)-IIe	1
RefSeq_NZ_MK295831.1	IncFII	Gram-negative	IS26	95132-95952	98139-98958	2187	catB3,blaOXA-1,aac(6')-Ib-cr5	3
RefSeq_NZ_MK295833.1	IncFII	Gram-negative	IS26	97749-98570	109649-110469	11079	dfrA17,aadA5,sul1,mrx(A),mph(A)	5
RefSeq_NZ_MK295833.1	IncFII	Gram-negative	IS26	109649-110469	115820-116639	5351	blaCTX-M-15	1
RefSeq_NZ_MK295833.1	IncFII	Gram-negative	IS26	115820-116639	119239-120059	2600	aac(3)-IIe	1
RefSeq_NZ_MK295833.1	IncFII	Gram-negative	IS26	119239-120059	122246-123065	2187	catB3,blaOXA-1,aac(6')-Ib-cr5	3
RefSeq_NZ_MK312240.2	IncN	Gram-negative	IS26	3040-3859	25263-26021	21404	blaKPC-2	1
RefSeq_NZ_MK312242.1	IncFII	Gram-negative	IS26	4393-5212	9237-9847	4025	blaCTX-M-65	1
RefSeq_NZ_MK312242.1	IncFII	Gram-negative	IS26	13296-13906	17714-18534	3808	blaTEM-1,rmtB1	2
RefSeq_NZ_MK312242.1	IncFII	Gram-negative	IS26	49214-50033	56275-56877	6242	blaKPC-2	1
RefSeq_NZ_MK312244.1	IncFII	Gram-negative	IS26	4490-5309	9348-10167	4039	blaCTX-M	1
RefSeq_NZ_MK312244.1	IncFII	Gram-negative	IS26	11152-11971	17445-18266	5474	blaTEM-1,rmtB1	2
RefSeq_NZ_MK312244.1	IncFII	Gram-negative	IS26	48981-49800	55816-56635	6016	blaKPC-2	1
RefSeq_NZ_MK312245.1	IncFII	Gram-negative	IS26	4418-5237	9270-10095	4033	blaCTX-M-65	1
RefSeq_NZ_MK312245.1	IncFII	Gram-negative	IS26	11177-11996	17729-18549	5733	blaOXA,blaTEM-1,rmtB1	3
RefSeq_NZ_MK312245.1	IncFII	Gram-negative	IS26	49167-49986	56919-57738	6933	blaKPC-2	1
RefSeq_NZ_MK312245.1	IncFII	Gram-negative	IS26	101019-101841	107434-108257	5593	aph(3')-Ia,catA2	2
RefSeq_NZ_MK312246.1	IncFII	Gram-negative	IS26	13197-14016	17926-18694	3910	blaTEM-1,rmtB1	2
RefSeq_NZ_MK312246.1	IncFII	Gram-negative	IS26	49288-50107	56117-56937	6010	blaKPC-2	1
RefSeq_NZ_MK312247.1	IncFII	Gram-negative	IS26	13796-14615	16804-17623	2189	catB3	1
RefSeq_NZ_MK312247.1	IncFII	Gram-negative	IS26	36351-37173	53927-54747	16754	blaKPC-2	1
RefSeq_NZ_MK356560.1	IncN	Gram-negative	IS26	9125-9945	19381-20200	9436	tet(A)	1
RefSeq_NZ_MK356561.1	IncN	Gram-negative	IS26	8459-9279	23834-24653	14555	qnrS1	1
RefSeq_NZ_MK356561.1	IncN	Gram-negative	IS26	23834-24653	29590-30409	4937	tet(A)	1
RefSeq_NZ_MK416152.1	IncN	Gram-negative	IS26	40330-41150	43918-44737	2768	blaCTX-M-55	1
RefSeq_NZ_MK416152.1	IncN	Gram-negative	IS26	43918-44737	47225-48045	2488	fosA3	1
RefSeq_NZ_MK419152.1	IncN	Gram-negative	IS26	127242-128061	130829-131649	2768	blaCTX-M-55	1
RefSeq_NZ_MK433206.1	IncN	Gram-negative	IS26	61923-62743	65151-65972	2408	blaTEM-1,rmtB1	2
RefSeq_NZ_MK433206.1	IncN	Gram-negative	IS26	65151-65972	68468-69287	2496	fosA3	1
RefSeq_NZ_MK433206.1	IncN	Gram-negative	IS26	68468-69287	72055-72874	2768	blaCTX-M-55	1
RefSeq_NZ_MK477611.1	IncN	Gram-negative	IS26	72103-72922	78129-78948	5207	oqxB2,oqxA2	2
RefSeq_NZ_MK477611.1	IncN	Gram-negative	IS26	78129-78948	80470-81290	1522	bleO	1
RefSeq_NZ_MK477611.1	IncN	Gram-negative	IS26	80470-81290	85622-86441	4332	sul1	1
RefSeq_NZ_MK477611.1	IncN	Gram-negative	IS26	85622-86441	87482-88302	1041	aph(3')-Ia	1
RefSeq_NZ_MK477611.1	IncN	Gram-negative	IS26	87482-88302	117907-118726	29605	sul3,aadA1,cmlA1,aadA2,dfrA12,floR,sul2,aph(4)-Ia,aac(3)-IVa	9
RefSeq_NZ_MK477611.1	IncN	Gram-negative	IS26	117907-118726	122103-122922	3377	fosA3,blaCTX-M-14	2
RefSeq_NZ_MK477611.1	IncN	Gram-negative	IS26	141034-141855	146016-146840	4161	mph(A),mrx(A)	2
RefSeq_NZ_MK656937.1	IncX1	Gram-negative	IS1	39360-40127	62340-62932	22213	blaTEM-1,qnrS1,tet(A)	3
RefSeq_NZ_MK656937.1	IncX1	Gram-negative	IS1	62340-62932	75335-76103	12403	mcr-3.5	1
RefSeq_NZ_MK656937.1	IncX1	Gram-negative	IS26	25665-26487	65270-66089	38783	blaTEM-1,qnrS1,tet(A)	3
RefSeq_NZ_MK673546.1	IncX1	Gram-negative	IS26	4405-5224	33755-34576	28531	aph(3')-IIa	1
RefSeq_NZ_MK673546.1	IncX1	Gram-negative	IS26	33755-34576	37072-37891	2496	fosA3	1
RefSeq_NZ_MK673546.1	IncX1	Gram-negative	IS26	37072-37891	40659-41479	2768	blaCTX-M-55	1
RefSeq_NZ_MK731977.1	IncX1	Gram-negative	IS26	1716-2540	13721-14502	11181	mcr-5.1	1
RefSeq_NZ_MK731977.1	IncX1	Gram-negative	IS26	13721-14502	49031-49854	34529	blaTEM-176,aph(3')-Ia	2
RefSeq_NZ_MK731977.1	IncX1	Gram-negative	IS26	49031-49854	51798-52617	1944	qnrS1	1
RefSeq_NZ_MK773536.1	IncFII	Gram-negative	IS26	88016-88837	110034-110854	21197	qnrS1,blaCTX-M-3,blaTEM-1,floR,tet(A)	5
RefSeq_NZ_MK773536.1	IncFII	Gram-negative	IS26	110034-110854	121794-122614	10940	mph(A),mrx(A),sul1,aadA16,dfrA27,arr-3,aac(6')-Ib-cr5	7
RefSeq_NZ_MK773536.1	IncFII	Gram-negative	IS26	121794-122614	123950-124769	1336	aac(3)-IId	1
RefSeq_NZ_MK773536.1	IncFII	Gram-negative	IS26	123950-124769	125810-126629	1041	aph(3')-Ia	1
RefSeq_NZ_MK773536.1	IncFII	Gram-negative	IS26	125810-126629	131015-131836	4386	aph(6)-Id,aph(3'')-Ib,sul2	3
RefSeq_NZ_MK797990.1	IncFII	Gram-negative	IS26	19539-20358	54724-55543	34366	tet(B),catA1,blaOXA-1,aadA1,sul1	5
RefSeq_NZ_MK797990.1	IncFII	Gram-negative	IS26	54724-55543	56584-57403	1041	aph(3')-Ia	1
RefSeq_NZ_MK797990.1	IncFII	Gram-negative	IS1	32098-32865	37804-38571	4939	tet(B)	1
RefSeq_NZ_MK797990.1	IncFII	Gram-negative	IS1	37804-38571	63488-64255	24917	catA1,blaOXA-1,aadA1,sul1,aph(3')-Ia	5
RefSeq_NZ_MK797990.1	IncFII	Gram-negative	IS1	63488-64255	93361-94128	29106	blaTEM-1	1
RefSeq_NZ_MK862125.1	IncN	Gram-negative	IS26	23325-23934	34880-35718	10946	blaKPC-40	1
RefSeq_NZ_MK878892.1	IncN	Gram-negative	IS26	111738-112557	120654-121475	8097	qepA1,rmtB1,blaTEM-1	3
RefSeq_NZ_MK878892.1	IncN	Gram-negative	IS10	69326-70660	71977-73305	1317	fosA5	1
RefSeq_NZ_MK878894.1	IncN	Gram-negative	IS10	30435-31763	33080-34408	1317	fosA5	1
RefSeq_NZ_MN101857.1	IncFII	Gram-negative	IS26	4393-5212	28023-28844	22811	floR,tet(A),aph(6)-Id,aph(3'')-Ib,sul2	5
RefSeq_NZ_MN101857.1	IncFII	Gram-negative	IS26	28023-28844	31340-32159	2496	fosA3	1
RefSeq_NZ_MN101857.1	IncFII	Gram-negative	IS26	31340-32159	34927-35747	2768	blaCTX-M-55	1
RefSeq_NZ_MN101858.1	IncFII	Gram-negative	IS26	84010-84833	86777-87597	1944	qnrS1	1
RefSeq_NZ_MN101858.1	IncFII	Gram-negative	IS26	86777-87597	90222-91041	2625	blaTEM-1	1
RefSeq_NZ_MN101858.1	IncFII	Gram-negative	IS26	90222-91041	113852-114671	22811	sul2,aph(3'')-Ib,aph(6)-Id,tet(A),floR	5
RefSeq_NZ_MN101858.1	IncFII	Gram-negative	IS26	175850-176670	179438-180257	2768	blaCTX-M-55	1
RefSeq_NZ_MN101858.1	IncFII	Gram-negative	IS26	179438-180257	182753-183574	2496	fosA3	1
RefSeq_NZ_MN175388.1	IncFII	Gram-negative	IS26	5162-5982	27995-28814	22013	mph(A),mrx(A),sul1,blaNDM-1,ble,sul1,arr-3,catB3,blaOXA-1,aac(6')-Ib-cr5	10
RefSeq_NZ_MN182748.1	IncFII	Gram-negative	IS26	6998-7817	15972-16795	8155	sul2	1
RefSeq_NZ_MN182748.1	IncFII	Gram-negative	IS26	15972-16795	18195-19016	1400	catA2	1
RefSeq_NZ_MN197360.1	IncFII	Gram-negative	IS26	36093-36913	42298-43117	5385	blaCTX-M-15	1
RefSeq_NZ_MN197360.1	IncFII	Gram-negative	IS26	42298-43117	45304-46123	2187	aac(6')-Ib-cr5,blaOXA-1,catB3	3
RefSeq_NZ_MN197360.1	IncFII	Gram-negative	IS26	103106-103925	113227-114046	9302	dfrA17,aadA5,sul1,ble,blaNDM-5	5
RefSeq_NZ_MN197360.1	IncFII	Gram-negative	IS26	113227-114046	117612-118435	3566	rmtB1,blaTEM-1	2
RefSeq_NZ_MN197360.1	IncFII	Gram-negative	IS1	20116-20883	61154-61921	40271	blaCTX-M-15,aac(6')-Ib-cr5,blaOXA-1,catB3	4
RefSeq_NZ_MN218686.1	IncFII	Gram-negative	IS26	6908-7727	9914-10736	2187	aac(6')-Ib-cr5,blaOXA-1,catB3	3
RefSeq_NZ_MN218686.1	IncFII	Gram-negative	IS26	9914-10736	30990-31809	20254	catA1,tet(B)	2
RefSeq_NZ_MN218686.1	IncFII	Gram-negative	IS26	127866-128685	132753-133573	4068	erm(B)	1
RefSeq_NZ_MN218686.1	IncFII	Gram-negative	IS26	132753-133573	140596-141419	7023	mph(A),mrx(A),dfrA14	3
RefSeq_NZ_MN218686.1	IncFII	Gram-negative	IS26	140596-141419	144910-145729	3491	blaTEM-1,rmtB1	2
RefSeq_NZ_MN218686.1	IncFII	Gram-negative	IS1	12777-13544	19133-19900	5589	tet(B)	1
RefSeq_NZ_MN241904.1	IncN	Gram-negative	IS26	1101-1920	10475-11294	8555	blaTEM-1,blaCTX-M-14	2
RefSeq_NZ_MN256104.1	IncX1	Gram-negative	IS26	5902-6723	11012-11832	4289	tet(C)	1
RefSeq_NZ_MN328348.1	IncFII	Gram-negative	IS1	6339-7106	13529-14296	6423	tet(B)	1
RefSeq_NZ_MN328348.1	IncFII	Gram-negative	IS1	13529-14296	54290-55057	39994	tet(M),sul2,aph(3'')-Ib,aph(6)-Id,blaTEM-1	5
RefSeq_NZ_MN328348.1	IncFII	Gram-negative	IS26	25386-26205	34783-35601	8578	tet(M)	1
RefSeq_NZ_MN436006.1	IncX1	Gram-negative	IS26	1267-2086	4519-5338	2433	aadA2	1
RefSeq_NZ_MN436007.1	IncX1	Gram-negative	IS26	1013-1832	4265-5086	2433	aadA2	1
RefSeq_NZ_MN480461.1	IncFII	Gram-negative	IS26	18468-19294	20081-20900	787	fosA3	1
RefSeq_NZ_MN480461.1	IncFII	Gram-negative	IS26	29841-30664	39139-39959	8475	tet(A)	1
RefSeq_NZ_MN480461.1	IncFII	Gram-negative	IS26	39139-39959	46489-47313	6530	blaSHV-12	1
RefSeq_NZ_MN480461.1	IncFII	Gram-negative	IS26	121507-122329	123718-124541	1389	catA2	1
RefSeq_NZ_MN480461.1	IncFII	Gram-negative	IS26	130673-131492	144035-144854	12543	blaTEM-1,blaCTX-M-3	2
RefSeq_NZ_MN480461.1	IncFII	Gram-negative	IS26	150094-150914	154722-155541	3808	rmtB1,blaTEM-1	2
RefSeq_NZ_MN480461.1	IncFII	Gram-negative	IS26	154722-155541	166127-166946	10586	qnrB6,sul1,aadA16,dfrA27,arr-3,aac(6')-Ib-cr5	6
RefSeq_NZ_MN480461.1	IncFII	Gram-negative	IS26	166127-166946	174170-174989	7224	blaKPC-2	1
RefSeq_NZ_MN486052.1	IncN	Gram-negative	IS26	5085-5904	12434-13260	6530	blaSHV-12	1
RefSeq_NZ_MN486052.1	IncN	Gram-negative	IS26	17616-18440	36612-37435	18172	tet(A)	1
RefSeq_NZ_MN543570.1	IncFII	Gram-negative	IS26	23803-24624	29010-29829	4386	sul2,aph(3'')-Ib,aph(6)-Id	3
RefSeq_NZ_MN543570.1	IncFII	Gram-negative	IS26	29010-29829	30870-31689	1041	aph(3')-Ia	1
RefSeq_NZ_MN543570.1	IncFII	Gram-negative	IS26	30870-31689	33443-34263	1754	aac(3)-IId	1
RefSeq_NZ_MN543570.1	IncFII	Gram-negative	IS26	33443-34263	50924-51744	16661	mph(A),mrx(A),sul1,qnrB91,sul1,aadA16,dfrA27,arr-3,aac(6')-Ib-cr5	9
RefSeq_NZ_MN543570.1	IncFII	Gram-negative	IS26	50924-51744	72941-73762	21197	tet(A),floR,blaTEM-1,blaCTX-M-3,qnrS1	5
RefSeq_NZ_MN543573.1	IncFII	Gram-negative	IS26	77445-78180	79221-80041	1041	aph(3')-Ia	1
RefSeq_NZ_MN543573.1	IncFII	Gram-negative	IS26	79221-80041	109342-110162	29301	mph(A),mrx(A),sul1,blaDHA-1,qnrB4,sul1,aadA16,dfrA27,arr-3,aac(6')-Ib-cr5	10
RefSeq_NZ_MN543573.1	IncFII	Gram-negative	IS26	116609-117428	120955-121778	3527	tet(D)	1
RefSeq_NZ_MN543577.1	IncFII	Gram-negative	IS26	77445-78180	79221-80041	1041	aph(3')-Ia	1
RefSeq_NZ_MN543577.1	IncFII	Gram-negative	IS26	79221-80041	109342-110162	29301	mph(A),mrx(A),sul1,blaDHA-1,qnrB4,sul1,aadA16,dfrA27,arr-3,aac(6')-Ib-cr5	10
RefSeq_NZ_MN543577.1	IncFII	Gram-negative	IS26	116609-117428	120955-121778	3527	tet(D)	1
RefSeq_NZ_MN543580.1	IncFII	Gram-negative	IS26	30929-31752	42692-43515	10940	aac(6')-Ib-cr5,arr-3,dfrA27,aadA16,sul1,mrx(A),mph(A)	7
RefSeq_NZ_MN543580.1	IncFII	Gram-negative	IS26	42692-43515	55612-56433	12097	blaTEM-1,blaCTX-M-3,qnrS1	3
RefSeq_NZ_MN543583.1	IncFII	Gram-negative	IS26	30929-31752	42692-43515	10940	aac(6')-Ib-cr5,arr-3,dfrA27,aadA16,sul1,mrx(A),mph(A)	7
RefSeq_NZ_MN543583.1	IncFII	Gram-negative	IS26	42692-43515	55612-56433	12097	blaTEM-1,blaCTX-M-3,qnrS1	3
RefSeq_NZ_MN577015.1	IncN	Gram-negative	IS26	119132-119954	124665-125484	4711	sul1,arr-3,catB3,blaOXA-1,aac(6')-Ib-cr5	5
RefSeq_NZ_MN577015.1	IncN	Gram-negative	IS26	124665-125484	138447-139267	12963	aac(3)-IVa,aph(4)-Ia,floR	3
RefSeq_NZ_MN577015.1	IncN	Gram-negative	IS26	138447-139267	143457-144276	4190	mph(A),mrx(A)	2
RefSeq_NZ_MN577015.1	IncN	Gram-negative	IS26	143457-144276	147201-148020	2925	dfrA17,aadA5	2
RefSeq_NZ_MN577015.1	IncN	Gram-negative	IS26	147201-148020	153217-154036	5197	oqxB,oqxA	2
RefSeq_NZ_MN577015.1	IncN	Gram-negative	IS26	153217-154036	158789-159608	4753	blaCTX-M-65	1
RefSeq_NZ_MN577015.1	IncN	Gram-negative	IS26	158789-159608	162104-162939	2496	fosA3	1
RefSeq_NZ_MN577015.1	IncN	Gram-negative	IS26	163560-164379	165420-166239	1041	aph(3')-Ia	1
RefSeq_NZ_MN577015.1	IncN	Gram-negative	IS26	172422-173242	185268-186088	12026	blaNDM-9,ble,sul1,aadA2,dfrA12	5
RefSeq_NZ_MN577015.1	IncN	Gram-negative	IS26	185268-186088	187610-188429	1522	bleO	1
RefSeq_NZ_MN626601.1	IncFII	Gram-negative	IS26	2-821	8819-9638	7998	blaSHV-1	1
RefSeq_NZ_MN626601.1	IncFII	Gram-negative	IS26	8819-9638	13165-13984	3527	tet(D)	1
RefSeq_NZ_MN702385.1	IncFII	Gram-negative	IS26	4393-5215	7492-8311	2277	blaTEM-1,rmtB1	2
RefSeq_NZ_MN702385.1	IncFII	Gram-negative	IS26	7492-8311	11079-11899	2768	blaCTX-M-55	1
RefSeq_NZ_MN783746.1	IncX1	Gram-negative	IS26	23444-24263	30079-30843	5816	arr-2,cmlA5,blaOXA-10,aadA1,dfrA14	5
RefSeq_NZ_MN822124.1	IncFII	Gram-negative	IS26	82588-83408	94086-94916	10678	mph(A),mrx(A),sul1,aadA5,dfrA17	5
RefSeq_NZ_MN822125.1	IncFII	Gram-negative	IS26	62908-63728	66496-67315	2768	blaCTX-M-55	1
RefSeq_NZ_MN822125.1	IncFII	Gram-negative	IS26	66496-67315	69811-70632	2496	fosA3	1
RefSeq_NZ_MN823989.1	IncFII	Gram-negative	IS26	73922-74741	84707-85528	9966	dfrA17,aadA5,sul1,mrx(A),mph(A)	5
RefSeq_NZ_MN823989.1	IncFII	Gram-negative	IS26	84707-85528	92185-93004	6657	sul2,aph(3'')-Ib,aph(6)-Id,tet(A)	4
RefSeq_NZ_MN823989.1	IncFII	Gram-negative	IS26	96700-97519	98900-99719	1381	aac(3)-IId	1
RefSeq_NZ_MN823990.1	IncN	Gram-negative	IS26	26254-27075	34400-35222	7325	blaSHV-12	1
RefSeq_NZ_MN823991.1	IncN	Gram-negative	IS26	26192-27012	29817-30638	2805	blaTEM-1,rmtB1	2
RefSeq_NZ_MN823991.1	IncN	Gram-negative	IS26	29817-30638	33134-33953	2496	fosA3	1
RefSeq_NZ_MN823991.1	IncN	Gram-negative	IS26	33134-33953	36721-37540	2768	blaCTX-M-55	1
RefSeq_NZ_MN823996.1	IncFII	Gram-negative	IS26	52141-52960	58426-59245	5466	sul1,aadA2,dfrA12	3
RefSeq_NZ_MN823997.1	IncFII	Gram-negative	IS1	34452-35215	69013-69725	33798	sul1,dfrA7,aph(3')-Ia,aph(6)-Id,aph(3'')-Ib,sul2	6
RefSeq_NZ_MN823997.1	IncFII	Gram-negative	IS26	39725-40544	51525-52344	10981	sul1,dfrA7	2
RefSeq_NZ_MN823997.1	IncFII	Gram-negative	IS26	51525-52344	53385-54204	1041	aph(3')-Ia	1
RefSeq_NZ_MN823997.1	IncFII	Gram-negative	IS26	53385-54204	58590-59326	4386	aph(6)-Id,aph(3'')-Ib,sul2	3
RefSeq_NZ_MN823998.1	IncFII	Gram-negative	IS26	80031-80850	87923-88742	7073	sul1,aadA2,dfrA12	3
RefSeq_NZ_MN823998.1	IncFII	Gram-negative	IS26	87923-88742	94570-95305	5828	aac(3)-IId	1
RefSeq_NZ_MN823999.1	IncFII	Gram-negative	IS26	27868-28689	32646-33466	3957	mrx(A),mph(A)	2
RefSeq_NZ_MN823999.1	IncFII	Gram-negative	IS26	157304-158123	173566-174387	15443	dfrA12,aadA2,sul1,floR2,tet(G),rmtB1,blaTEM-1	7
RefSeq_NZ_MN823999.1	IncFII	Gram-negative	IS26	173566-174387	181513-182333	7126	tet(A)	1
RefSeq_NZ_MN824000.1	IncFII	Gram-negative	IS1	74527-75239	116953-117718	41714	tet(D)	1
RefSeq_NZ_MN824000.1	IncFII	Gram-negative	IS26	84080-84900	88426-89245	3526	tet(D)	1
RefSeq_NZ_MN824001.1	IncFII	Gram-negative	IS26	18254-19073	23459-24279	4386	aph(6)-Id,aph(3'')-Ib,sul2	3
RefSeq_NZ_MN824001.1	IncFII	Gram-negative	IS26	23459-24279	28691-29510	4412	tet(A)	1
RefSeq_NZ_MN824001.1	IncFII	Gram-negative	IS26	28691-29510	34928-35747	5418	bleO	1
RefSeq_NZ_MN824001.1	IncFII	Gram-negative	IS26	61102-61921	63257-64076	1336	aac(3)-IId	1
RefSeq_NZ_MN824001.1	IncFII	Gram-negative	IS26	63257-64076	76309-77130	12233	dfrA12,aadA2,sul1,mrx(A),mph(A)	5
RefSeq_NZ_MN842292.1	IncFII	Gram-negative	IS26	3773-4592	5868-6687	1276	fosA3	1
RefSeq_NZ_MN842292.1	IncFII	Gram-negative	IS26	7672-8491	9982-10801	1491	blaCTX-M-65	1
RefSeq_NZ_MN842292.1	IncFII	Gram-negative	IS26	49017-49839	51228-52047	1389	catA2	1
RefSeq_NZ_MN842292.1	IncFII	Gram-negative	IS26	104285-105104	120201-121021	15097	blaKPC-2,blaSHV-12	2
RefSeq_NZ_MN842293.1	IncFII	Gram-negative	IS26	46118-46938	50895-51716	3957	mph(A),mrx(A)	2
RefSeq_NZ_MN842293.1	IncFII	Gram-negative	IS26	78453-79273	86399-87218	7126	tet(A)	1
RefSeq_NZ_MN865122.1	IncFII	Gram-negative	IS26	61291-62111	64879-65698	2768	blaCTX-M-55	1
RefSeq_NZ_MN865122.1	IncFII	Gram-negative	IS26	64879-65698	68194-69015	2496	fosA3	1
RefSeq_NZ_MN865122.1	IncFII	Gram-negative	IS26	68194-69015	70540-71359	1525	rmtB1	1
RefSeq_NZ_MN865122.1	IncFII	Gram-negative	IS26	70540-71359	86130-86953	14771	sul2,aph(3'')-Ib,aph(6)-Id,tet(A),floR	5
RefSeq_NZ_MN868652.1	IncX1	Gram-negative	IS1	68640-69413	93337-94108	23924	aadA22	1
RefSeq_NZ_MN868653.1	IncX1	Gram-negative	IS1	68713-69486	93420-94191	23934	floR,aadA22	2
RefSeq_NZ_MN868655.1	IncX1	Gram-negative	IS26	82946-83769	85713-86533	1944	qnrS1	1
RefSeq_NZ_MN868655.1	IncX1	Gram-negative	IS26	87368-88187	110998-111819	22811	floR,tet(A),aph(6)-Id,aph(3'')-Ib,sul2	5
RefSeq_NZ_MN868655.1	IncX1	Gram-negative	IS26	110998-111819	114315-115134	2496	fosA3	1
RefSeq_NZ_MN868655.1	IncX1	Gram-negative	IS26	114315-115134	117902-118722	2768	blaCTX-M-55	1
RefSeq_NZ_MN868655.1	IncX1	Gram-negative	IS26	179901-180720	182519-183338	1799	blaTEM-1	1
RefSeq_NZ_MN891675.1	IncFII	Gram-negative	IS26	41-833	7561-8380	6728	dfrA14	1
RefSeq_NZ_MN891675.1	IncFII	Gram-negative	IS26	7561-8380	21769-22588	13389	qnrB1,tet(A)	2
RefSeq_NZ_MN891675.1	IncFII	Gram-negative	IS26	21769-22588	24775-25595	2187	aac(6')-Ib-cr5,blaOXA-1,catB3	3
RefSeq_NZ_MN891675.1	IncFII	Gram-negative	IS26	24775-25595	28195-29014	2600	aac(3)-IIe	1
RefSeq_NZ_MN891681.1	IncFII	Gram-negative	IS26	17350-18169	22194-23013	4025	blaCTX-M-65	1
RefSeq_NZ_MN891681.1	IncFII	Gram-negative	IS26	103151-103970	109453-110272	5483	blaKPC-2	1
RefSeq_NZ_MN891682.1	IncN	Gram-negative	IS26	5623-6444	26856-27675	20412	dfrA14	1
RefSeq_NZ_MN891682.1	IncN	Gram-negative	IS26	92898-93718	96485-97304	2767	blaCTX-M-55	1
RefSeq_NZ_MN891682.1	IncN	Gram-negative	IS26	96485-97304	99800-100627	2496	fosA3	1
RefSeq_NZ_MN891682.1	IncN	Gram-negative	IS26	99800-100627	125432-126255	24805	blaTEM-1,blaCTX-M-3,dfrA14	3
RefSeq_NZ_MN891682.1	IncN	Gram-negative	IS26	125432-126255	129612-130431	3357	blaKPC-2	1
RefSeq_NZ_MN891683.1	IncFII	Gram-negative	IS26	84806-85633	86969-87788	1336	aac(3)-IId	1
RefSeq_NZ_MN891683.1	IncFII	Gram-negative	IS26	86969-87788	108673-109492	20885	dfrA25,blaCTX-M-14	2
RefSeq_NZ_MN891683.1	IncFII	Gram-negative	IS26	108673-109492	117387-118210	7895	blaKPC-2	1
RefSeq_NZ_MN891684.1	IncFII	Gram-negative	IS26	17487-18309	25634-26453	7325	blaSHV-12	1
RefSeq_NZ_MN891684.1	IncFII	Gram-negative	IS26	27438-28257	32282-33101	4025	blaCTX-M-65	1
RefSeq_NZ_MN891684.1	IncFII	Gram-negative	IS26	52933-53752	60691-61510	6939	blaKPC-2	1
RefSeq_NZ_MN891686.1	IncN	Gram-negative	IS26	6577-7396	8785-9608	1389	catA2	1
RefSeq_NZ_MN891686.1	IncN	Gram-negative	IS26	55690-56509	60553-61375	4044	qnrB6	1
RefSeq_NZ_MN891686.1	IncN	Gram-negative	IS26	66618-67438	73968-74787	6530	blaSHV-12	1
RefSeq_NZ_MN891686.1	IncN	Gram-negative	IS26	106252-107071	112698-113517	5627	blaKPC-2	1
RefSeq_NZ_MN922301.1	IncFII	Gram-negative	IS1	64763-65475	95098-95865	29623	aph(3')-Ia,mph(A),mrx(A),sul1,aadA2,dfrA12,catA1	7
RefSeq_NZ_MN922301.1	IncFII	Gram-negative	IS26	76489-77224	78265-79085	1041	aph(3')-Ia	1
RefSeq_NZ_MN922301.1	IncFII	Gram-negative	IS26	78265-79085	128935-129763	49850	mph(A),mrx(A),sul1,aadA2,dfrA12,catA1	6
RefSeq_NZ_MN922301.1	IncFII	Gram-negative	IS26	128935-129763	132363-133184	2600	aac(3)-IIe	1
RefSeq_NZ_MN922301.1	IncFII	Gram-negative	IS26	132363-133184	135315-136134	2131	aac(6')-Ib-cr5,blaOXA-1,catB3	3
RefSeq_NZ_MN922301.1	IncFII	Gram-negative	IS26	135315-136134	144143-144962	8009	qnrB1	1
RefSeq_NZ_MN922301.1	IncFII	Gram-negative	IS26	144143-144962	151690-152482	6728	dfrA14	1
RefSeq_NZ_MN967025.1	IncN	Gram-negative	IS26	29590-30409	44752-45572	14343	blaSHV-12,qnrS1,blaOXA,aac(6')-Ib	4
RefSeq_NZ_MT010563.1	IncN	Gram-negative	IS26	28960-29779	32060-32880	2281	fosA3	1
RefSeq_NZ_MT035876.1	IncFII	Gram-negative	IS26	55666-56485	59210-60029	2725	dfrA14	1
RefSeq_NZ_MT035876.1	IncFII	Gram-negative	IS26	59210-60029	68184-69007	8155	sul2	1
RefSeq_NZ_MT035876.1	IncFII	Gram-negative	IS26	68184-69007	70407-71228	1400	catA2	1
RefSeq_NZ_MT066418.1	IncFII	Gram-negative	IS26	49712-50532	54340-55159	3808	rmtB1,blaTEM-1	2
RefSeq_NZ_MT066418.1	IncFII	Gram-negative	IS26	56144-56963	64741-65560	7778	blaKPC-2	1
RefSeq_NZ_MT066418.1	IncFII	Gram-negative	IS26	93182-94001	98026-98845	4025	blaCTX-M-65	1
RefSeq_NZ_MT074415.1	IncFII	Gram-negative	IS10	3954-5282	6953-8281	1671	fosA10	1
RefSeq_NZ_MT077882.1	IncFII	Gram-negative	IS26	2531-3354	5954-6773	2600	aac(3)-IIe	1
RefSeq_NZ_MT077882.1	IncFII	Gram-negative	IS26	87855-88675	91486-92305	2811	mph(A),mrx(A)	2
RefSeq_NZ_MT077882.1	IncFII	Gram-negative	IS26	91486-92305	94215-95035	1910	aadA5,dfrA17	2
RefSeq_NZ_MT090958.1	IncFII	Gram-negative	IS26	4393-5212	9237-10056	4025	blaCTX-M-65	1
RefSeq_NZ_MT090958.1	IncFII	Gram-negative	IS26	11041-11860	13136-13955	1276	fosA3	1
RefSeq_NZ_MT090958.1	IncFII	Gram-negative	IS26	13136-13955	17763-18582	3808	blaTEM-1,rmtB1	2
RefSeq_NZ_MT090960.1	IncFII	Gram-negative	IS26	20873-21692	24240-25059	2548	dfrA14	1
RefSeq_NZ_MT090960.1	IncFII	Gram-negative	IS26	24240-25059	33214-34039	8155	sul2	1
RefSeq_NZ_MT108206.1	IncFII	Gram-negative	IS26	7419-8239	12469-13289	4230	rmtB1,blaTEM-1	2
RefSeq_NZ_MT108206.1	IncFII	Gram-negative	IS26	31393-32216	33605-34427	1389	catA2	1
RefSeq_NZ_MT108206.1	IncFII	Gram-negative	IS26	56135-56954	67026-67845	10072	blaKPC-2	1
RefSeq_NZ_MT108207.1	IncFII	Gram-negative	IS26	40-863	2252-3074	1389	catA2	1
RefSeq_NZ_MT108207.1	IncFII	Gram-negative	IS26	77839-78658	93755-94574	15097	blaKPC-2,blaSHV-12	2
RefSeq_NZ_MT108210.1	IncFII	Gram-negative	IS26	18977-19800	46658-47477	26858	blaKPC-2,blaCTX-M-14	2
RefSeq_NZ_MT108210.1	IncFII	Gram-negative	IS26	46658-47477	55182-56001	7705	sul1,dfrA25	2
RefSeq_NZ_MT108211.1	IncFII	Gram-negative	IS26	9987-10807	17273-18093	6466	blaKPC-2	1
RefSeq_NZ_MT108211.1	IncFII	Gram-negative	IS26	17273-18093	22118-22937	4025	blaCTX-M-65	1
RefSeq_NZ_MT180430.1	IncN	Gram-negative	IS1	119319-120086	158762-159529	38676	mph(A),mrx(A),sul1,arr-3,catB3,blaOXA-1,aac(6')-Ib-cr5,aac(3)-IId,blaTEM-1	9
RefSeq_NZ_MT180430.1	IncN	Gram-negative	IS26	127498-128318	145145-145964	16827	mph(A),mrx(A),sul1,arr-3,catB3,blaOXA-1,aac(6')-Ib-cr5	7
RefSeq_NZ_MT180430.1	IncN	Gram-negative	IS26	145145-145964	153361-154181	7397	aac(3)-IId,blaTEM-1	2
RefSeq_NZ_MT180430.1	IncN	Gram-negative	IS26	153361-154181	178244-179065	24063	tet(A)	1
RefSeq_NZ_MT180430.1	IncN	Gram-negative	IS26	186355-187174	190121-190941	2947	blaIMP-4	1
RefSeq_NZ_MT197111.1	IncX1	Gram-negative	IS26	18853-19672	22105-22924	2433	aadA2	1
RefSeq_NZ_MT199177.1	IncN	Gram-negative	IS26	26407-27230	36955-37774	9725	dfrA12,aadA2,sul1,ble,blaNDM-5	5
RefSeq_NZ_MT199177.1	IncN	Gram-negative	IS26	36955-37774	41745-42565	3971	mrx(A),mph(A)	2
RefSeq_NZ_MT199177.1	IncN	Gram-negative	IS26	41745-42565	45221-45985	2656	aac(3)-IIe	1
RefSeq_NZ_MT199177.1	IncN	Gram-negative	IS26	82065-82884	86599-87419	3715	blaCTX-M-1,mrx(A),mph(A)	3
RefSeq_NZ_MT219817.1	IncX1	Gram-negative	IS26	2002-2821	7984-8803	5163	sul3,mef(B)	2
RefSeq_NZ_MT219817.1	IncX1	Gram-negative	IS26	67842-68662	70066-70885	1404	qnrS1	1
RefSeq_NZ_MT219817.1	IncX1	Gram-negative	IS26	70066-70885	86230-87050	15345	tet(M),blaTEM-1,tet(A)	3
RefSeq_NZ_MT219817.1	IncX1	Gram-negative	IS26	86230-87050	100554-101373	13504	floR,tet(X4),tet(X4)	3
RefSeq_NZ_MT219818.1	IncX1	Gram-negative	IS1	3933-4525	35095-35862	30570	sul3,aadA1,cmlA1,aadA2,dfrA12,tet(A)	6
RefSeq_NZ_MT219818.1	IncX1	Gram-negative	IS26	11992-12811	32449-33268	19638	sul3,aadA1,cmlA1,aadA2,dfrA12,tet(A)	6
RefSeq_NZ_MT219818.1	IncX1	Gram-negative	IS26	32449-33268	53771-54590	20503	aph(6)-Id,aph(3'')-Ib	2
RefSeq_NZ_MT219818.1	IncX1	Gram-negative	IS26	53771-54590	58701-59521	4111	mrx(A),mph(A)	2
RefSeq_NZ_MT219818.1	IncX1	Gram-negative	IS26	58701-59521	70725-71544	11204	floR,tet(X4)	2
RefSeq_NZ_MT219818.1	IncX1	Gram-negative	IS26	70725-71544	80092-80911	8548	tet(M)	1
RefSeq_NZ_MT219818.1	IncX1	Gram-negative	IS26	80092-80911	84685-85505	3774	blaTEM-1	1
RefSeq_NZ_MT219819.1	IncX1	Gram-negative	IS1	84349-85117	116717-117484	31600	aph(3'')-Ib,aph(6)-Id	2
RefSeq_NZ_MT219819.1	IncX1	Gram-negative	IS26	10252-11071	39248-40067	28177	sul3,aadA1,cmlA1,aadA2,dfrA12,tet(A),tet(M)	7
RefSeq_NZ_MT219819.1	IncX1	Gram-negative	IS26	39248-40067	60790-61609	20723	floR,tet(X4),erm(42)	3
RefSeq_NZ_MT219820.1	IncX1	Gram-negative	IS1	26089-26681	74183-74950	47502	mef(B),sul3,dfrA5,tet(X4),floR,tet(A),blaTEM-1,tet(M),qnrS1	9
RefSeq_NZ_MT219820.1	IncX1	Gram-negative	IS26	34536-35355	40518-41337	5163	mef(B),sul3	2
RefSeq_NZ_MT219820.1	IncX1	Gram-negative	IS26	40518-41337	43338-44158	2001	dfrA5	1
RefSeq_NZ_MT219820.1	IncX1	Gram-negative	IS26	43338-44158	53056-53876	8898	tet(X4),floR	2
RefSeq_NZ_MT219820.1	IncX1	Gram-negative	IS26	53056-53876	69221-70040	15345	tet(A),blaTEM-1,tet(M)	3
RefSeq_NZ_MT219820.1	IncX1	Gram-negative	IS26	69221-70040	71444-72264	1404	qnrS1	1
RefSeq_NZ_MT219821.1	IncX1	Gram-negative	IS26	9690-10509	12942-13761	2433	aadA2	1
RefSeq_NZ_MT219822.1	IncX1	Gram-negative	IS26	14217-15040	16984-17803	1944	qnrS1	1
RefSeq_NZ_MT219823.1	IncX1	Gram-negative	IS1	75297-76064	107494-108262	31430	aph(6)-Id,aph(3'')-Ib	2
RefSeq_NZ_MT219823.1	IncX1	Gram-negative	IS26	11992-12811	33534-34353	20723	erm(42),tet(X4),floR	3
RefSeq_NZ_MT219823.1	IncX1	Gram-negative	IS26	33534-34353	62530-63349	28177	tet(M),tet(A),dfrA12,aadA2,cmlA1,aadA1,sul3	7
RefSeq_NZ_MT219823.1	IncX1	Gram-negative	IS26	62530-63349	84111-84930	20762	aph(6)-Id,aph(3'')-Ib	2
RefSeq_NZ_MT219825.1	IncX1	Gram-negative	IS1	75156-75923	123942-124709	48019	aadA22,blaTEM-1,aph(3')-Ia,qnrS2,floR	5
RefSeq_NZ_MT219825.1	IncX1	Gram-negative	IS1	123942-124709	144886-145653	20177	qnrS1,floR,tet(X4)	3
RefSeq_NZ_MT219825.1	IncX1	Gram-negative	IS26	78365-79184	81846-82667	2662	blaTEM-1	1
RefSeq_NZ_MT219825.1	IncX1	Gram-negative	IS26	81846-82667	111991-112810	29324	aph(3')-Ia	1
RefSeq_NZ_MT219825.1	IncX1	Gram-negative	IS26	112985-113809	115534-116354	1725	qnrS2	1
RefSeq_NZ_MT219825.1	IncX1	Gram-negative	IS26	115534-116354	122242-123061	5888	floR	1
RefSeq_NZ_MT219825.1	IncX1	Gram-negative	IS26	127049-127868	129812-130635	1944	qnrS1	1
RefSeq_NZ_MT219826.1	IncX1	Gram-negative	IS1	3933-4525	35085-35852	30560	sul3,aadA1,cmlA1,aadA2,dfrA12,tet(A)	6
RefSeq_NZ_MT219826.1	IncX1	Gram-negative	IS26	11982-12801	32439-33258	19638	sul3,aadA1,cmlA1,aadA2,dfrA12,tet(A)	6
RefSeq_NZ_MT219826.1	IncX1	Gram-negative	IS26	32439-33258	54242-55061	20984	aph(6)-Id,aph(3'')-Ib	2
RefSeq_NZ_MT219826.1	IncX1	Gram-negative	IS26	54242-55061	59172-59992	4111	mrx(A),mph(A)	2
RefSeq_NZ_MT219826.1	IncX1	Gram-negative	IS26	59172-59992	71196-72015	11204	floR,tet(X4)	2
RefSeq_NZ_MT219826.1	IncX1	Gram-negative	IS26	71196-72015	80563-81382	8548	tet(M)	1
RefSeq_NZ_MT219826.1	IncX1	Gram-negative	IS26	80563-81382	84887-85706	3505	blaTEM-1	1
RefSeq_NZ_MT265678.1	IncFII	Gram-negative	IS26	7097-7917	20801-21621	12884	blaCTX-M-3,blaTEM-1,floR,tet(A)	4
RefSeq_NZ_MT265678.1	IncFII	Gram-negative	IS26	20801-21621	37829-38649	16208	mph(A),mrx(A),sul1,qnrB91,sul1,aadA16,dfrA27,aac(6')-Ib-cr5	8
RefSeq_NZ_MT265678.1	IncFII	Gram-negative	IS26	37829-38649	40403-41222	1754	aac(3)-IId	1
RefSeq_NZ_MT265678.1	IncFII	Gram-negative	IS26	40403-41222	42263-43082	1041	aph(3')-Ia	1
RefSeq_NZ_MT265678.1	IncFII	Gram-negative	IS26	42263-43082	47465-48286	4383	aph(6)-Id,aph(3'')-Ib,sul2	3
RefSeq_NZ_MT269821.1	IncFII	Gram-negative	IS26	10239-11058	18836-19655	7778	blaKPC-2	1
RefSeq_NZ_MT269823.1	IncFII	Gram-negative	IS26	18761-19580	24964-25783	5384	blaKPC-2	1
RefSeq_NZ_MT269823.1	IncFII	Gram-negative	IS26	24964-25783	35505-36325	9722	blaSHV-12	1
RefSeq_NZ_MT269823.1	IncFII	Gram-negative	IS26	89333-90153	93961-94780	3808	rmtB1,blaTEM-1	2
RefSeq_NZ_MT269823.1	IncFII	Gram-negative	IS26	95765-96584	100609-101428	4025	blaCTX-M-65	1
RefSeq_NZ_MT269824.1	IncFII	Gram-negative	IS26	18761-19580	24964-25783	5384	blaKPC-2	1
RefSeq_NZ_MT269824.1	IncFII	Gram-negative	IS26	24964-25783	35505-36325	9722	blaSHV-12	1
RefSeq_NZ_MT269824.1	IncFII	Gram-negative	IS26	79660-80481	84506-85325	4025	blaCTX-M-65	1
RefSeq_NZ_MT269824.1	IncFII	Gram-negative	IS26	86310-87129	90937-91757	3808	blaTEM-1,rmtB1	2
RefSeq_NZ_MT269837.1	IncFII	Gram-negative	IS1	10414-11181	36854-37621	25673	blaKPC-2	1
RefSeq_NZ_MT269844.1	IncFII	Gram-negative	IS26	4749-5568	9593-10412	4025	blaCTX-M-65	1
RefSeq_NZ_MT269844.1	IncFII	Gram-negative	IS26	33144-33963	37771-38591	3808	blaTEM-1,rmtB1	2
RefSeq_NZ_MT269844.1	IncFII	Gram-negative	IS26	110316-111138	117130-117949	5992	blaKPC-2	1
RefSeq_NZ_MT269844.1	IncFII	Gram-negative	IS1	24859-25626	59919-60686	34293	blaTEM-1,rmtB1	2
RefSeq_NZ_MT269845.1	IncFII	Gram-negative	IS26	3311-4130	8155-8974	4025	blaCTX-M-65	1
RefSeq_NZ_MT269845.1	IncFII	Gram-negative	IS26	98800-99620	103428-104247	3808	rmtB1,blaTEM-1	2
RefSeq_NZ_MT269845.1	IncFII	Gram-negative	IS26	105232-106051	113829-114648	7778	blaKPC-2	1
RefSeq_NZ_MT269849.1	IncFII	Gram-negative	IS26	157663-158482	159523-160342	1041	aph(3')-Ia	1
RefSeq_NZ_MT269851.1	IncFII	Gram-negative	IS26	69149-69969	80867-81698	10898	qnrS1,blaLAP-2	2
RefSeq_NZ_MT269851.1	IncFII	Gram-negative	IS26	80867-81698	87553-88372	5855	dfrA12,aadA2,bleO	3
RefSeq_NZ_MT407546.1	IncX1	Gram-negative	IS26	13527-14346	19553-20372	5207	oqxB,oqxA	2
RefSeq_NZ_MT407546.1	IncX1	Gram-negative	IS26	19553-20372	24511-25331	4139	mrx(A),mph(A)	2
RefSeq_NZ_MT407546.1	IncX1	Gram-negative	IS26	57529-58350	60846-61666	2496	fosA3	1
RefSeq_NZ_MT407546.1	IncX1	Gram-negative	IS26	61841-62662	75338-76161	12676	sul2,aph(3'')-Ib,aph(6)-Id,tet(A),floR	5
RefSeq_NZ_MT407546.1	IncX1	Gram-negative	IS26	75338-76161	88200-89019	12039	blaTEM-1,rmtB1,sul1,aadA2,dfrA12	5
RefSeq_NZ_MT407546.1	IncX1	Gram-negative	IS26	88200-89019	113025-113844	24006	blaNDM-5,ble	2
RefSeq_NZ_MT554517.1	IncX1	Gram-negative	IS26	42191-43011	67931-68754	24920	dfrA12,aadA2,sul1,rmtB1,blaTEM-1,aac(3)-IId	6
RefSeq_NZ_MT554517.1	IncX1	Gram-negative	IS26	67931-68754	80152-80977	11398	floR,tet(A),aph(6)-Id,aph(3'')-Ib,sul2	5
RefSeq_NZ_MT560072.1	IncFII	Gram-negative	IS1	64763-65475	97144-97911	31669	aph(3')-Ia,aph(3')-Ia,mph(A),mrx(A),sul1,aadA2,dfrA12,catA1	8
RefSeq_NZ_MT560072.1	IncFII	Gram-negative	IS26	75162-75897	76938-77757	1041	aph(3')-Ia	1
RefSeq_NZ_MT560072.1	IncFII	Gram-negative	IS26	76938-77757	78798-79618	1041	aph(3')-Ia	1
RefSeq_NZ_MT560073.1	IncFII	Gram-negative	IS26	27704-28523	29564-30383	1041	aph(3')-Ia	1
RefSeq_NZ_MT635909.1	IncFII	Gram-negative	IS26	7691-8511	12665-13486	4154	mph(A),mrx(A)	2
RefSeq_NZ_MT635909.1	IncFII	Gram-negative	IS26	12665-13486	22260-23056	8774	blaOXA-181	1
RefSeq_NZ_MT647837.1	IncFII	Gram-negative	IS26	49062-49881	55171-55991	5290	dfrA12,aadA2,bleO	3
RefSeq_NZ_MT648513.1	IncFII	Gram-negative	IS26	4393-5212	9237-10056	4025	blaCTX-M-65	1
RefSeq_NZ_MT648513.1	IncFII	Gram-negative	IS26	9237-10056	11332-12151	1276	fosA3	1
RefSeq_NZ_MT648513.1	IncFII	Gram-negative	IS26	13136-13955	17763-18583	3808	blaTEM-1,rmtB1	2
RefSeq_NZ_MT648513.1	IncFII	Gram-negative	IS26	44593-45417	51947-52766	6530	blaSHV-12	1
RefSeq_NZ_MT648513.1	IncFII	Gram-negative	IS26	51947-52766	61340-62161	8574	blaKPC-2	1
RefSeq_NZ_MT648513.1	IncFII	Gram-negative	IS26	115333-116155	117544-118367	1389	catA2	1
RefSeq_NZ_MT657397.1	IncN	Gram-negative	IS26	43894-44714	47482-48301	2768	blaCTX-M-55	1
RefSeq_NZ_MT657397.1	IncN	Gram-negative	IS26	111268-112088	126943-127762	14855	tet(M),aadA1,cmlA1,aadA2,dfrA12	5
RefSeq_NZ_MT657397.1	IncN	Gram-negative	IS26	126943-127762	129284-130103	1522	bleO	1
RefSeq_NZ_MT657397.1	IncN	Gram-negative	IS26	129284-130103	135310-136130	5207	oqxA,oqxB	2
RefSeq_NZ_MT742153.1	IncX1	Gram-negative	IS26	12400-13219	15987-16807	2768	blaCTX-M-55	1
RefSeq_NZ_MT742153.1	IncX1	Gram-negative	IS26	100300-101123	112425-113245	11302	floR	1
RefSeq_NZ_MT745953.1	IncX1	Gram-negative	IS26	14095-14916	19779-20598	4863	tet(X4)	1
RefSeq_NZ_MT756840.1	IncN	Gram-negative	IS26	2372-3191	6548-7371	3357	blaKPC-2	1
RefSeq_NZ_MT756840.1	IncN	Gram-negative	IS26	6548-7371	33952-34772	26581	dfrA14,qnrS1	2
RefSeq_NZ_MT809692.1	IncFII	Gram-negative	IS26	54852-55671	65377-66196	9706	mph(E),msr(E),armA	3
RefSeq_NZ_MT809698.1	IncFII	Gram-negative	IS26	56182-57001	66705-67524	9704	mph(E),msr(E),armA	3
RefSeq_NZ_MT810352.1	IncFII	Gram-negative	IS26	29731-30550	34231-35050	3681	aph(6)-Id,aph(3'')-Ib,sul2	3
RefSeq_NZ_MT810352.1	IncFII	Gram-negative	IS26	34231-35050	56275-57096	21225	blaCTX-M-3,dfrA25,sul1,mrx(A),mph(A)	5
RefSeq_NZ_MT810352.1	IncFII	Gram-negative	IS26	56275-57096	63643-64464	6547	blaKPC-2	1
RefSeq_NZ_MT810354.1	IncFII	Gram-negative	IS26	4393-5212	9237-10056	4025	blaCTX-M-65	1
RefSeq_NZ_MT810354.1	IncFII	Gram-negative	IS26	11041-11860	13136-13955	1276	fosA3	1
RefSeq_NZ_MT810354.1	IncFII	Gram-negative	IS26	13136-13955	17763-18583	3808	blaTEM-1,rmtB1	2
RefSeq_NZ_MT810354.1	IncFII	Gram-negative	IS26	73147-73971	81296-82116	7325	blaSHV-12	1
RefSeq_NZ_MT810354.1	IncFII	Gram-negative	IS26	82403-83222	91000-91819	7778	blaKPC-2	1
RefSeq_NZ_MT810355.1	IncFII	Gram-negative	IS26	6057-6879	13767-14588	6888	blaKPC-2	1
RefSeq_NZ_MT810355.1	IncFII	Gram-negative	IS26	13767-14588	23202-24021	8614	mph(A),mrx(A),sul1,dfrA25	4
RefSeq_NZ_MT810356.1	IncFII	Gram-negative	IS26	4393-5212	9237-10056	4025	blaCTX-M-65	1
RefSeq_NZ_MT810356.1	IncFII	Gram-negative	IS26	9237-10056	14039-14859	3983	blaTEM-1,rmtB1	2
RefSeq_NZ_MT810356.1	IncFII	Gram-negative	IS26	69423-70245	78040-78860	7795	blaSHV-12	1
RefSeq_NZ_MT810356.1	IncFII	Gram-negative	IS26	79147-79966	87276-88095	7310	blaKPC-2	1
RefSeq_NZ_MT810357.1	IncFII	Gram-negative	IS26	4393-5212	9237-10056	4025	blaCTX-M-65	1
RefSeq_NZ_MT810357.1	IncFII	Gram-negative	IS26	11041-11860	13136-13955	1276	fosA3	1
RefSeq_NZ_MT810357.1	IncFII	Gram-negative	IS26	13136-13955	17185-18005	3230	blaTEM-1	1
RefSeq_NZ_MT810357.1	IncFII	Gram-negative	IS26	48502-49321	64418-65238	15097	blaKPC-2,blaSHV-12	2
RefSeq_NZ_MT810357.1	IncFII	Gram-negative	IS26	114052-114874	116263-117086	1389	catA2	1
RefSeq_NZ_MT810358.1	IncFII	Gram-negative	IS26	4393-5212	9237-10056	4025	blaCTX-M-65	1
RefSeq_NZ_MT810358.1	IncFII	Gram-negative	IS26	11041-11860	13136-13955	1276	fosA3	1
RefSeq_NZ_MT810358.1	IncFII	Gram-negative	IS26	13136-13955	17763-18583	3808	blaTEM-1,rmtB1	2
RefSeq_NZ_MT810358.1	IncFII	Gram-negative	IS26	49202-50021	65118-65938	15097	blaKPC-2,blaSHV-12	2
RefSeq_NZ_MT810358.1	IncFII	Gram-negative	IS26	114738-115560	116949-117772	1389	catA2	1
RefSeq_NZ_MT810359.1	IncFII	Gram-negative	IS26	4393-5212	9139-9958	3927	blaKPC-2	1
RefSeq_NZ_MT810359.1	IncFII	Gram-negative	IS26	9139-9958	13983-14802	4025	blaCTX-M-65	1
RefSeq_NZ_MT810359.1	IncFII	Gram-negative	IS26	15787-16606	20414-21234	3808	blaTEM-1,rmtB1	2
RefSeq_NZ_MT810363.1	IncFII	Gram-negative	IS26	4393-5212	9237-10056	4025	blaCTX-M-65	1
RefSeq_NZ_MT810363.1	IncFII	Gram-negative	IS26	11041-11860	13136-13955	1276	fosA3	1
RefSeq_NZ_MT810363.1	IncFII	Gram-negative	IS26	13136-13955	17763-18583	3808	blaTEM-1,rmtB1	2
RefSeq_NZ_MT810363.1	IncFII	Gram-negative	IS26	22669-23488	42672-43491	19184	blaSHV-12,blaKPC-2	2
RefSeq_NZ_MT810364.1	IncFII	Gram-negative	IS26	18873-19693	26202-27021	6509	blaKPC-2	1
RefSeq_NZ_MT810365.1	IncFII	Gram-negative	IS26	18811-19630	27408-28227	7778	blaKPC-2	1
RefSeq_NZ_MT810365.1	IncFII	Gram-negative	IS26	28514-29334	36659-37481	7325	blaSHV-12	1
RefSeq_NZ_MT810365.1	IncFII	Gram-negative	IS26	36659-37481	44806-45628	7325	blaSHV-12	1
RefSeq_NZ_MT810365.1	IncFII	Gram-negative	IS26	44806-45628	52953-53775	7325	blaSHV-12	1
RefSeq_NZ_MT810366.1	IncFII	Gram-negative	IS26	6375-7195	9757-10576	2562	mph(A),mrx(A)	2
RefSeq_NZ_MT810366.1	IncFII	Gram-negative	IS26	16708-17531	18920-19742	1389	catA2	1
RefSeq_NZ_MT810366.1	IncFII	Gram-negative	IS26	120450-121269	125196-126015	3927	blaKPC-2	1
RefSeq_NZ_MT810368.1	IncFII	Gram-negative	IS26	60168-60988	64796-65615	3808	rmtB1,blaTEM-1	2
RefSeq_NZ_MT810368.1	IncFII	Gram-negative	IS26	64796-65615	74149-74971	8534	blaSHV-12	1
RefSeq_NZ_MT810368.1	IncFII	Gram-negative	IS26	96623-97442	104014-104833	6572	blaKPC-2	1
RefSeq_NZ_MT810368.1	IncFII	Gram-negative	IS26	104860-105679	116809-117633	11130	sul1,aadA16,dfrA27,arr-3,aac(6')-Ib-cr5	5
RefSeq_NZ_MT810369.1	IncFII	Gram-negative	IS26	4393-5212	9237-10056	4025	blaCTX-M-65	1
RefSeq_NZ_MT810369.1	IncFII	Gram-negative	IS26	11041-11860	13136-13955	1276	fosA3	1
RefSeq_NZ_MT810369.1	IncFII	Gram-negative	IS26	13136-13955	17763-18583	3808	blaTEM-1,rmtB1	2
RefSeq_NZ_MT810369.1	IncFII	Gram-negative	IS26	73147-73969	80450-81272	6481	blaKPC-2	1
RefSeq_NZ_MT810371.1	IncFII	Gram-negative	IS26	69816-70638	72027-72850	1389	catA2	1
RefSeq_NZ_MT810372.1	IncFII	Gram-negative	IS26	4393-5212	9237-10056	4025	blaCTX-M-65	1
RefSeq_NZ_MT810372.1	IncFII	Gram-negative	IS26	11041-11860	13136-13955	1276	fosA3	1
RefSeq_NZ_MT810372.1	IncFII	Gram-negative	IS26	13136-13955	17763-18583	3808	blaTEM-1,rmtB1	2
RefSeq_NZ_MT810372.1	IncFII	Gram-negative	IS26	50017-50840	65937-66756	15097	blaSHV-12,blaKPC-2	2
RefSeq_NZ_MT810376.1	IncFII	Gram-negative	IS26	18889-19708	67295-68114	47587	blaKPC-2,sul1,aadA16,dfrA27,arr-3,catB3,blaOXA-1,aac(6')-Ib-cr5	8
RefSeq_NZ_MT810376.1	IncFII	Gram-negative	IS26	67295-68114	69450-70269	1336	aac(3)-IId	1
RefSeq_NZ_MT810376.1	IncFII	Gram-negative	IS26	69450-70269	71162-71982	893	aph(3')-Ia	1
RefSeq_NZ_MT840283.1	IncFII	Gram-negative	IS1	3989-4756	28610-29377	23854	aac(6')-Ib3,cmlA1,blaCTX-M-14,blaTEM-1	4
RefSeq_NZ_MT840283.1	IncFII	Gram-negative	IS26	12164-12983	23792-24611	10809	aac(6')-Ib3,cmlA1,blaCTX-M-14	3
RefSeq_NZ_MT840283.1	IncFII	Gram-negative	IS26	23792-24611	26540-27369	1929	blaTEM-1	1
RefSeq_NZ_MT840283.1	IncFII	Gram-negative	IS26	30430-31250	38138-38960	6888	blaKPC-2	1
RefSeq_NZ_MT859326.1	IncX1	Gram-negative	IS26	5893-6712	8116-8935	1404	qnrS1	1
RefSeq_NZ_MT859326.1	IncX1	Gram-negative	IS26	8116-8935	17335-18154	8400	tet(M),blaTEM-1	2
RefSeq_NZ_MT859326.1	IncX1	Gram-negative	IS26	17335-18154	20587-21406	2433	aadA2	1
RefSeq_NZ_MT859327.1	IncX1	Gram-negative	IS26	13118-13937	15881-16704	1944	qnrS1	1
RefSeq_NZ_MT859328.1	IncX1	Gram-negative	IS26	9657-10476	21949-22771	11473	sul3,aadA1,estX-3,floR	4
RefSeq_NZ_MT875328.1	IncFII	Gram-negative	IS26	54141-54960	70078-70904	15118	blaKPC-79,blaSHV-12	2
RefSeq_NZ_MT875328.1	IncFII	Gram-negative	IS26	97392-98211	102019-102838	3808	rmtB1,blaTEM-1	2
RefSeq_NZ_MT875328.1	IncFII	Gram-negative	IS26	103823-104642	108667-109486	4025	blaCTX-M-65	1
RefSeq_NZ_MT920902.1	IncFII	Gram-negative	IS26	4393-5212	9237-10056	4025	blaCTX-M-65	1
RefSeq_NZ_MT920902.1	IncFII	Gram-negative	IS26	11041-11860	13136-13955	1276	fosA3	1
RefSeq_NZ_MT920902.1	IncFII	Gram-negative	IS26	13136-13955	17763-18583	3808	blaTEM-1,rmtB1	2
RefSeq_NZ_MT920902.1	IncFII	Gram-negative	IS26	49080-49899	64996-65816	15097	blaKPC-2,blaSHV-12	2
RefSeq_NZ_MT920902.1	IncFII	Gram-negative	IS26	92085-92907	94296-95119	1389	catA2	1
RefSeq_NZ_MT920904.1	IncFII	Gram-negative	IS26	4393-5212	6849-7669	1637	blaCTX-M-65	1
RefSeq_NZ_MT920904.1	IncFII	Gram-negative	IS26	6849-7669	14150-14969	6481	blaKPC-2	1
RefSeq_NZ_MT920905.1	IncFII	Gram-negative	IS26	4393-5212	9237-10056	4025	blaCTX-M-65	1
RefSeq_NZ_MT920905.1	IncFII	Gram-negative	IS26	57164-57986	64467-65286	6481	blaKPC-2	1
RefSeq_NZ_MT920905.1	IncFII	Gram-negative	IS26	116777-117597	118986-119808	1389	catA2	1
RefSeq_NZ_MW013145.1	IncN	Gram-negative	IS26	7097-7919	15257-16076	7338	blaSHV-12	1
RefSeq_NZ_MW025958.1	IncN	Gram-negative	IS26	116442-117264	121196-122015	3932	sul1,arr-3,catB3,blaOXA	4
RefSeq_NZ_MW025958.1	IncN	Gram-negative	IS26	121196-122015	139368-140188	17353	aac(3)-IVa,aph(4)-Ia,sul2,floR	4
RefSeq_NZ_MW025958.1	IncN	Gram-negative	IS26	139368-140188	142558-143379	2370	blaTEM-1,rmtB1	2
RefSeq_NZ_MW025958.1	IncN	Gram-negative	IS26	142558-143379	145875-146694	2496	fosA3	1
RefSeq_NZ_MW025958.1	IncN	Gram-negative	IS26	145875-146694	160595-161417	13901	blaCTX-M-55	1
RefSeq_NZ_MW025958.1	IncN	Gram-negative	IS26	174498-175318	178622-179442	3304	mph(A),mrx(A)	2
RefSeq_NZ_MW025958.1	IncN	Gram-negative	IS26	178622-179442	183828-184648	4386	aph(6)-Id,aph(3'')-Ib,sul2	3
RefSeq_NZ_MW025958.1	IncN	Gram-negative	IS26	183828-184648	189359-190179	4711	aadA5,dfrA17	2
RefSeq_NZ_MW025958.1	IncN	Gram-negative	IS26	189359-190179	191701-192520	1522	bleO	1
RefSeq_NZ_MW025965.1	IncN	Gram-negative	IS26	108402-109223	117269-118087	8046	tet(A)	1
RefSeq_NZ_MW025965.1	IncN	Gram-negative	IS26	131171-131992	134488-135307	2496	fosA3	1
RefSeq_NZ_MW025965.1	IncN	Gram-negative	IS26	134488-135307	149208-150030	13901	blaCTX-M-55	1
RefSeq_NZ_MW025965.1	IncN	Gram-negative	IS26	149208-150030	154741-155560	4711	sul1,arr-3,catB3,blaOXA-1,aac(6')-Ib-cr5	5
RefSeq_NZ_MW025965.1	IncN	Gram-negative	IS26	154741-155560	172913-173733	17353	aac(3)-IVa,aph(4)-Ia,sul2,floR	4
RefSeq_NZ_MW025965.1	IncN	Gram-negative	IS26	172913-173733	178444-179264	4711	dfrA17,aadA5	2
RefSeq_NZ_MW025965.1	IncN	Gram-negative	IS26	178444-179264	182568-183389	3304	mph(A),mrx(A)	2
RefSeq_NZ_MW025965.1	IncN	Gram-negative	IS26	182568-183389	184911-185730	1522	bleO	1
RefSeq_NZ_MW057772.1	IncFII	Gram-negative	IS26	98315-99134	105109-105929	5975	sul2,aph(3'')-Ib,aph(6)-Id	3
RefSeq_NZ_MW057772.1	IncFII	Gram-negative	IS26	105109-105929	117532-118356	11603	blaKPC-3	1
RefSeq_NZ_MW057772.1	IncFII	Gram-negative	IS26	117532-118356	139008-139833	20652	tet(A)	1
RefSeq_NZ_MW077913.1	IncX1	Gram-negative	IS26	13053-13872	15694-16516	1822	dfrA14	1
RefSeq_NZ_MW077913.1	IncX1	Gram-negative	IS26	15694-16516	20543-21366	4027	sul3,blaTEM-1	2
RefSeq_NZ_MW077913.1	IncX1	Gram-negative	IS26	22898-23717	26498-27317	2781	lnu(F),aadA2	2
RefSeq_NZ_MW082014.1	IncX1	Gram-negative	IS26	14853-15672	19697-20515	4025	blaCTX-M-65	1
RefSeq_NZ_MW082014.1	IncX1	Gram-negative	IS26	19697-20515	23649-24469	3134	mph(A)	1
RefSeq_NZ_MW191860.1	IncFII	Gram-negative	IS26	6064-6887	8276-9098	1389	catA2	1
RefSeq_NZ_MW191860.1	IncFII	Gram-negative	IS26	83815-84634	91116-91940	6482	blaKPC-2	1
RefSeq_NZ_MW191860.1	IncFII	Gram-negative	IS26	117950-118770	122429-123248	3659	rmtB1,blaTEM-1	2
RefSeq_NZ_MW191860.1	IncFII	Gram-negative	IS26	122429-123248	124524-125343	1276	fosA3	1
RefSeq_NZ_MW191860.1	IncFII	Gram-negative	IS26	126328-127147	130953-131772	3806	blaCTX-M-65	1
RefSeq_NZ_MW218143.1	IncFII	Gram-negative	IS26	11235-12054	15862-16682	3808	blaTEM-1,rmtB1	2
RefSeq_NZ_MW218143.1	IncFII	Gram-negative	IS26	71234-72055	88449-89268	16394	blaSHV-11,blaKPC-2	2
RefSeq_NZ_MW245022.1	IncFII	Gram-negative	IS26	4393-5212	9237-10056	4025	blaCTX-M-65	1
RefSeq_NZ_MW245022.1	IncFII	Gram-negative	IS26	9237-10056	11332-12151	1276	fosA3	1
RefSeq_NZ_MW245022.1	IncFII	Gram-negative	IS26	13136-13955	17763-18583	3808	blaTEM-1,rmtB1	2
RefSeq_NZ_MW245022.1	IncFII	Gram-negative	IS26	24426-25245	26634-27456	1389	catA2	1
RefSeq_NZ_MW298654.1	IncFII	Gram-negative	IS26	8030-8849	10518-11338	1669	blaCTX-M-55	1
RefSeq_NZ_MW298658.1	IncFII	Gram-negative	IS26	6103-6924	9420-10239	2496	fosA3	1
RefSeq_NZ_MW298658.1	IncFII	Gram-negative	IS26	9420-10239	13007-13827	2768	blaCTX-M-55	1
RefSeq_NZ_MW363911.1	IncFII	Gram-negative	IS26	10479-11298	13882-14703	2584	aac(3)-IIe	1
RefSeq_NZ_MW363911.1	IncFII	Gram-negative	IS26	13882-14703	16890-17709	2187	aac(6')-Ib-cr5,blaOXA-1,catB3	3
RefSeq_NZ_MW363913.1	IncFII	Gram-negative	IS26	10479-11298	13882-14703	2584	aac(3)-IIe	1
RefSeq_NZ_MW363913.1	IncFII	Gram-negative	IS26	13882-14703	16890-17709	2187	aac(6')-Ib-cr5,blaOXA-1,catB3	3
RefSeq_NZ_MW363913.1	IncFII	Gram-negative	IS26	21567-22386	24573-25393	2187	aac(6')-Ib-cr5,blaOXA-1,catB3	3
RefSeq_NZ_MW363913.1	IncFII	Gram-negative	IS26	24573-25393	27993-28812	2600	aac(3)-IIe	1
RefSeq_NZ_MW363913.1	IncFII	Gram-negative	IS26	27993-28812	43360-44180	14548	sul1,dfrA1,tet(A),catA1	4
RefSeq_NZ_MW363913.1	IncFII	Gram-negative	IS1	41643-42410	62719-63482	20309	catA1	1
RefSeq_NZ_MW363913.1	IncFII	Gram-negative	IS1	62719-63482	93626-94393	30144	aph(3'')-Ib,aph(6)-Id,blaTEM-1,blaNDM-1,ble,qnrB1	6
RefSeq_NZ_MW363913.1	IncFII	Gram-negative	ISEcp1	68109-69527	75600-76992	6073	aph(3'')-Ib,aph(6)-Id	2
RefSeq_NZ_MW363916.1	IncFII	Gram-negative	IS26	10479-11298	13898-14718	2600	aac(3)-IIe	1
RefSeq_NZ_MW363916.1	IncFII	Gram-negative	IS26	13898-14718	16905-17724	2187	aac(6')-Ib-cr5,blaOXA-1,catB3	3
RefSeq_NZ_MW363917.1	IncFII	Gram-negative	IS26	10479-11298	13898-14718	2600	aac(3)-IIe	1
RefSeq_NZ_MW390537.1	IncN	Gram-negative	IS26	36565-37384	38736-39555	1352	blaSHV-12	1
RefSeq_NZ_MW390547.1	IncX1	Gram-negative	IS26	22834-23653	29291-30110	5638	floR	1
RefSeq_NZ_MW390550.1	IncX1	Gram-negative	IS26	33969-34788	40426-41245	5638	floR	1
RefSeq_NZ_MW423609.1	IncX1	Gram-negative	IS26	12254-13073	18236-19055	5163	mef(B),sul3	2
RefSeq_NZ_MW423609.1	IncX1	Gram-negative	IS26	18236-19055	21056-21876	2001	dfrA5	1
RefSeq_NZ_MW423609.1	IncX1	Gram-negative	IS26	21056-21876	44796-45616	22920	tet(X4),tet(X4),floR	3
RefSeq_NZ_MW423609.1	IncX1	Gram-negative	IS26	44796-45616	60959-61778	15343	tet(A),blaTEM-1,tet(M)	3
RefSeq_NZ_MW423609.1	IncX1	Gram-negative	IS26	60959-61778	63182-64002	1404	qnrS1	1
RefSeq_NZ_MW439254.1	IncX1	Gram-negative	IS26	6613-7432	9865-10684	2433	aadA2	1
RefSeq_NZ_MW439254.1	IncX1	Gram-negative	IS26	9865-10684	22842-23661	12158	tet(X4),floR,tet(A)	3
RefSeq_NZ_MW465706.1	IncFII	Gram-negative	IS26	4393-5212	9237-10056	4025	blaCTX-M-65	1
RefSeq_NZ_MW465706.1	IncFII	Gram-negative	IS26	11041-11860	31044-31863	19184	blaKPC-2,blaSHV-12	2
RefSeq_NZ_MW465706.1	IncFII	Gram-negative	IS26	35949-36769	40577-41396	3808	rmtB1,blaTEM-1	2
RefSeq_NZ_MW478298.1	IncFII	Gram-negative	IS26	4393-5212	9237-10056	4025	blaCTX-M-65	1
RefSeq_NZ_MW478298.1	IncFII	Gram-negative	IS26	11041-11860	26957-27777	15097	blaKPC-2,blaSHV-12	2
RefSeq_NZ_MW478298.1	IncFII	Gram-negative	IS26	83431-84251	88059-88878	3808	rmtB1,blaTEM-1	2
RefSeq_NZ_MW478298.1	IncFII	Gram-negative	IS26	88059-88878	90154-90973	1276	fosA3	1
RefSeq_NZ_MW574936.1	IncN	Gram-negative	IS26	14849-15686	36574-37393	20888	dfrA14	1
RefSeq_NZ_MW574936.1	IncN	Gram-negative	IS26	36574-37393	58516-59335	21123	qnrS1,blaTEM-1,aph(3'')-Ib,sul2	4
RefSeq_NZ_MW574945.1	IncN	Gram-negative	IS26	9318-10155	53616-54435	43461	dfrA14	1
RefSeq_NZ_MW574948.1	IncN	Gram-negative	IS26	32304-33124	36341-37161	3217	blaCTX-M-32	1
RefSeq_NZ_MW574949.1	IncN	Gram-negative	IS26	15266-16103	36992-37811	20889	dfrA14	1
RefSeq_NZ_MW574949.1	IncN	Gram-negative	IS26	36992-37811	58934-59753	21123	qnrS1,blaTEM-1,aph(3'')-Ib,sul2	4
RefSeq_NZ_MW581616.1	IncFII	Gram-negative	IS1	14803-15570	64862-65629	49292	sul2,aph(3'')-Ib,aph(6)-Id,aph(3')-Ia,aac(3)-IId,aac(6')-Ib-cr5,arr-3,dfrA27,aadA16,sul1,qnrB91,sul1,mrx(A),mph(A),tet(A),floR,blaTEM-1,blaCTX-M-3	18
RefSeq_NZ_MW581616.1	IncFII	Gram-negative	IS26	24588-25409	29795-30614	4386	sul2,aph(3'')-Ib,aph(6)-Id	3
RefSeq_NZ_MW581616.1	IncFII	Gram-negative	IS26	29795-30614	31655-32474	1041	aph(3')-Ia	1
RefSeq_NZ_MW581616.1	IncFII	Gram-negative	IS26	31655-32474	34228-35048	1754	aac(3)-IId	1
RefSeq_NZ_MW581616.1	IncFII	Gram-negative	IS26	34228-35048	51781-52601	16733	aac(6')-Ib-cr5,arr-3,dfrA27,aadA16,sul1,qnrB91,sul1,mrx(A),mph(A)	9
RefSeq_NZ_MW581616.1	IncFII	Gram-negative	IS26	51781-52601	73798-74619	21197	tet(A),floR,blaTEM-1,blaCTX-M-3,qnrS1	5
RefSeq_NZ_MW590809.1	IncN	Gram-negative	IS26	1604-2423	24706-25526	22283	blaIMP-4	1
RefSeq_NZ_MW590809.1	IncN	Gram-negative	IS26	24706-25526	58902-59721	33376	qnrS1	1
RefSeq_NZ_MW598248.1	IncFII	Gram-negative	IS26	4393-5212	9237-10056	4025	blaCTX-M-65	1
RefSeq_NZ_MW598248.1	IncFII	Gram-negative	IS26	11041-11860	13136-13955	1276	fosA3	1
RefSeq_NZ_MW598248.1	IncFII	Gram-negative	IS26	13136-13955	17763-18583	3808	blaTEM-1,rmtB1	2
RefSeq_NZ_MW598248.1	IncFII	Gram-negative	IS26	73977-74796	79326-80145	4530	blaKPC-2	1
RefSeq_NZ_MW598248.1	IncFII	Gram-negative	IS26	79326-80145	84675-85494	4530	blaKPC-2	1
RefSeq_NZ_MW598248.1	IncFII	Gram-negative	IS26	168057-168879	170268-171091	1389	catA2	1
RefSeq_NZ_MW646300.1	IncFII	Gram-negative	IS26	32399-33218	71684-72503	38466	tet(A)	1
RefSeq_NZ_MW646300.1	IncFII	Gram-negative	IS26	71684-72503	74690-75509	2187	aac(6')-Ib-cr5,blaOXA-1,catB3	3
RefSeq_NZ_MW646300.1	IncFII	Gram-negative	IS26	74690-75509	79081-79903	3572	blaCTX-M-15	1
RefSeq_NZ_MW646300.1	IncFII	Gram-negative	IS26	79081-79903	90982-91802	11079	dfrA17,aadA5,sul1,mrx(A),mph(A)	5
RefSeq_NZ_MW650887.1	IncFII	Gram-negative	IS1	194097-194864	231994-232759	37130	blaTEM-1,blaOXA,tet(A),qnrB1	4
RefSeq_NZ_MW650887.1	IncFII	Gram-negative	IS26	75374-76166	82894-83713	6728	dfrA14	1
RefSeq_NZ_MW650887.1	IncFII	Gram-negative	IS26	82894-83713	86313-87133	2600	aac(3)-IIe	1
RefSeq_NZ_MW650887.1	IncFII	Gram-negative	IS26	86313-87133	89320-90139	2187	aac(6')-Ib-cr5,blaOXA-1,catB3	3
RefSeq_NZ_MW650887.1	IncFII	Gram-negative	IS26	202959-203778	217186-218008	13408	tet(A),qnrB1	2
RefSeq_NZ_MW650888.1	IncFII	Gram-negative	IS1	64763-65475	93977-94744	28502	aph(3')-Ia,mph(A),mrx(A),sul1,aadA2,dfrA12,catA1	7
RefSeq_NZ_MW650888.1	IncFII	Gram-negative	IS26	75162-75897	76938-77758	1041	aph(3')-Ia	1
RefSeq_NZ_MW800641.1	IncN	Gram-negative	IS26	58805-59624	61750-62569	2126	blaCTX-M-8	1
RefSeq_NZ_MW800641.1	IncN	Gram-negative	IS26	61750-62569	86521-87340	23952	aph(6)-Id,aph(3'')-Ib,sul2,blaTEM-1	4
RefSeq_NZ_MW940616.1	IncX1	Gram-negative	IS26	15836-16655	19088-19907	2433	aadA2	1
RefSeq_NZ_MW940616.1	IncX1	Gram-negative	IS26	19088-19907	35516-36189	15609	tet(X4),floR,tet(A)	3
RefSeq_NZ_MW940616.1	IncX1	Gram-negative	IS26	35516-36189	42429-43248	6240	blaSHV-12	1
RefSeq_NZ_MW940618.1	IncX1	Gram-negative	IS26	315-1135	4378-5197	3243	blaSHV-12	1
RefSeq_NZ_MW940618.1	IncX1	Gram-negative	IS26	34881-35700	38133-38952	2433	aadA2	1
RefSeq_NZ_MW940619.1	IncX1	Gram-negative	IS26	22757-23576	26009-26828	2433	aadA2	1
RefSeq_NZ_MW940619.1	IncX1	Gram-negative	IS26	26009-26828	42446-43119	15618	tet(X4),floR,tet(A)	3
RefSeq_NZ_MW940619.1	IncX1	Gram-negative	IS26	42446-43119	49359-50178	6240	blaSHV-12	1
RefSeq_NZ_MW940620.1	IncX1	Gram-negative	IS26	32157-32976	34701-35521	1725	qnrS2	1
RefSeq_NZ_MW940620.1	IncX1	Gram-negative	IS26	34701-35521	48355-49136	12834	floR,tet(X4)	2
RefSeq_NZ_MW940624.1	IncX1	Gram-negative	IS26	8338-9157	15397-16070	6240	blaSHV-12	1
RefSeq_NZ_MW940624.1	IncX1	Gram-negative	IS26	15397-16070	31688-32507	15618	tet(A),floR,tet(X4)	3
RefSeq_NZ_MW940624.1	IncX1	Gram-negative	IS26	31688-32507	34940-35759	2433	aadA2	1
RefSeq_NZ_MW940626.1	IncX1	Gram-negative	IS26	18853-19672	22105-22924	2433	aadA2	1
RefSeq_NZ_MW940628.1	IncX1	Gram-negative	IS1	77171-77938	88971-89738	11033	aph(3'')-Ib,aph(6)-Id	2
RefSeq_NZ_MW940628.1	IncX1	Gram-negative	IS26	13596-14416	35140-35960	20724	erm(42),tet(X4),floR	3
RefSeq_NZ_MW940628.1	IncX1	Gram-negative	IS26	35140-35960	39513-40332	3553	mph(A),mrx(A)	2
RefSeq_NZ_MW940628.1	IncX1	Gram-negative	IS26	39513-40332	43837-44656	3505	blaTEM-1	1
RefSeq_NZ_MW940628.1	IncX1	Gram-negative	IS26	43837-44656	72833-73652	28177	tet(M),tet(A),dfrA12,aadA2,cmlA1,aadA1,sul3	7
RefSeq_NZ_MW940628.1	IncX1	Gram-negative	IS26	80105-80924	95242-96061	14318	aph(3'')-Ib,aph(6)-Id	2
RefSeq_NZ_MW940629.1	IncX1	Gram-negative	IS26	3751-4570	10644-11317	6074	blaSHV	1
RefSeq_NZ_MW940629.1	IncX1	Gram-negative	IS26	10644-11317	26935-27754	15618	tet(A),floR,tet(X4)	3
RefSeq_NZ_MW940629.1	IncX1	Gram-negative	IS26	26935-27754	30187-31006	2433	aadA2	1
RefSeq_NZ_MZ054178.1	IncX1	Gram-negative	IS26	27131-27951	77044-77863	49093	blaTEM-1	1
RefSeq_NZ_MZ054178.1	IncX1	Gram-negative	IS26	77044-77863	81273-82094	3410	qnrS1	1
RefSeq_NZ_MZ054178.1	IncX1	Gram-negative	IS26	81273-82094	94036-94855	11942	aadA1	1
RefSeq_NZ_MZ054178.1	IncX1	Gram-negative	IS26	100699-101518	117200-118019	15682	tet(M),tet(A)	2
RefSeq_NZ_MZ054178.1	IncX1	Gram-negative	IS1	70256-70848	84130-84897	13282	qnrS1,aadA1	2
RefSeq_NZ_MZ152088.1	IncN	Gram-negative	IS26	127276-128095	130346-131166	2251	dfrA14,arr-2	2
RefSeq_NZ_MZ152088.1	IncN	Gram-negative	IS26	130346-131166	134719-135500	3553	mph(A),mrx(A)	2
RefSeq_NZ_MZ152088.1	IncN	Gram-negative	IS26	134719-135500	152675-153494	17175	qnrS1,blaCTX-M-55,blaTEM-1,blaLAP-2	4
RefSeq_NZ_MZ152088.1	IncN	Gram-negative	IS26	152675-153494	157250-158069	3756	aac(3)-IId	1
RefSeq_NZ_MZ152088.1	IncN	Gram-negative	IS26	157250-158069	160850-161669	2781	aadA22,lnu(F)	2
RefSeq_NZ_MZ152088.1	IncN	Gram-negative	IS26	160850-161669	184908-185728	23239	sul3,tet(A)	2
RefSeq_NZ_MZ152088.1	IncN	Gram-negative	IS26	186711-187532	193995-194818	6463	floR	1
RefSeq_NZ_MZ152088.1	IncN	Gram-negative	IS26	205006-205825	206999-207825	1174	aph(3')-Ia	1
RefSeq_NZ_MZ156798.1	IncFII	Gram-negative	IS26	251160-251977	255903-256725	3926	blaKPC-2	1
RefSeq_NZ_MZ156798.1	IncFII	Gram-negative	IS26	344388-345205	349131-349953	3926	blaKPC	1
RefSeq_NZ_MZ156800.1	IncFII	Gram-negative	IS26	73180-73999	84705-85525	10706	dfrA12,aadA2,sul1,mrx(A),mph(A)	5
RefSeq_NZ_MZ156800.1	IncFII	Gram-negative	IS26	84705-85525	86566-87388	1041	aph(3')-Ia	1
RefSeq_NZ_MZ342958.1	IncFII	Gram-negative	IS26	4393-5212	20576-21395	15364	aph(3')-VI,blaNDM-1,ble	3
RefSeq_NZ_MZ342958.1	IncFII	Gram-negative	IS26	20576-21395	22671-23490	1276	fosA3	1
RefSeq_NZ_MZ342958.1	IncFII	Gram-negative	IS26	22671-23490	27298-28118	3808	blaTEM-1,rmtB1	2
RefSeq_NZ_MZ367886.1	IncFII	Gram-negative	IS26	126199-127018	128987-129810	1969	dfrA14	1
RefSeq_NZ_MZ367886.1	IncFII	Gram-negative	IS26	134964-135784	147176-147998	11392	tet(A)	1
RefSeq_NZ_MZ375739.1	IncX1	Gram-negative	IS26	2072-2745	8985-9804	6240	blaSHV-12	1
RefSeq_NZ_MZ375739.1	IncX1	Gram-negative	IS26	39488-40307	42740-43559	2433	aadA2	1
RefSeq_NZ_MZ475696.1	IncFII	Gram-negative	IS26	14229-15049	45464-46284	30415	blaTEM-1,aph(6)-Id,aph(3'')-Ib,sul2	4
RefSeq_NZ_MZ475696.1	IncFII	Gram-negative	IS26	45464-46284	60344-61163	14060	blaTEM-1,rmtB1,tet(G),floR2,sul1,aadA2,dfrA12	7
RefSeq_NZ_MZ475698.1	IncFII	Gram-negative	IS26	90255-91075	112784-113603	21709	blaKPC-2	1
RefSeq_NZ_MZ475699.1	IncFII	Gram-negative	IS26	10994-11813	29250-30070	17437	aac(6')-Ib-cr5,arr-3,dfrA27,aadA16,sul1,qnrB52,sul1,mrx(A),mph(A)	9
RefSeq_NZ_MZ475710.1	IncFII	Gram-negative	IS26	676-1496	23205-24024	21709	blaKPC-2	1
RefSeq_NZ_MZ513634.1	IncFII	Gram-negative	IS1	40439-41206	88156-88923	46950	dfrA17,aadA5,sul1,mrx(A),mph(A),sul2,aph(3'')-Ib,aph(6)-Id,tet(A),blaCTX-M-27	10
RefSeq_NZ_MZ513634.1	IncFII	Gram-negative	IS26	41422-42241	52207-53028	9966	dfrA17,aadA5,sul1,mrx(A),mph(A)	5
RefSeq_NZ_MZ513634.1	IncFII	Gram-negative	IS26	52207-53028	58642-59461	5614	sul2,aph(3'')-Ib,aph(6)-Id,tet(A)	4
RefSeq_NZ_MZ513634.1	IncFII	Gram-negative	IS26	58642-59461	60981-61800	1520	blaCTX-M-27	1
RefSeq_NZ_MZ546615.1	IncFII	Gram-negative	IS26	4393-5212	9237-10056	4025	blaCTX-M-65	1
RefSeq_NZ_MZ546615.1	IncFII	Gram-negative	IS26	11041-11860	15668-16488	3808	blaTEM-1,rmtB1	2
RefSeq_NZ_MZ546615.1	IncFII	Gram-negative	IS26	51854-52687	67776-68595	15089	blaSHV-12,blaKPC-2	2
RefSeq_NZ_MZ606380.1	IncFII	Gram-negative	IS26	55698-56517	63444-64263	6927	mph(E),msr(E)	2
RefSeq_NZ_MZ606382.1	IncFII	Gram-negative	IS26	56078-56897	64130-64949	7233	mph(E),msr(E),rmt	3
RefSeq_NZ_MZ634322.1	IncFII	Gram-negative	IS26	12946-13765	15952-16771	2187	aac(6')-Ib-cr5,blaOXA-1,catB3	3
RefSeq_NZ_MZ634322.1	IncFII	Gram-negative	IS26	15952-16771	20356-21178	3585	blaCTX-M-15	1
RefSeq_NZ_MZ634322.1	IncFII	Gram-negative	IS26	20356-21178	32257-33077	11079	dfrA17,aadA5,sul1,mrx(A),mph(A)	5
RefSeq_NZ_MZ634323.1	IncFII	Gram-negative	IS26	17246-18066	29145-29966	11079	mph(A),mrx(A),sul1,aadA5,dfrA17	5
RefSeq_NZ_MZ634323.1	IncFII	Gram-negative	IS26	112168-112987	117682-118502	4695	blaTEM-1	1
RefSeq_NZ_MZ634323.1	IncFII	Gram-negative	IS26	117682-118502	122134-122954	3632	blaCTX-M-15	1
RefSeq_NZ_MZ634324.1	IncFII	Gram-negative	IS26	12946-13765	15952-16771	2187	aac(6')-Ib-cr5,blaOXA-1,catB3	3
RefSeq_NZ_MZ634324.1	IncFII	Gram-negative	IS26	15952-16771	20356-21178	3585	blaCTX-M-15	1
RefSeq_NZ_MZ634324.1	IncFII	Gram-negative	IS26	20356-21178	32257-33077	11079	dfrA17,aadA5,sul1,mrx(A),mph(A)	5
RefSeq_NZ_MZ634325.1	IncFII	Gram-negative	IS26	4651-5470	13771-14593	8301	tet(A)	1
RefSeq_NZ_MZ634325.1	IncFII	Gram-negative	IS26	13771-14593	16780-17599	2187	aac(6')-Ib-cr5,blaOXA-1,catB3	3
RefSeq_NZ_MZ634325.1	IncFII	Gram-negative	IS26	16780-17599	21171-21993	3572	blaCTX-M-15	1
RefSeq_NZ_MZ634325.1	IncFII	Gram-negative	IS26	21171-21993	33072-33892	11079	dfrA17,aadA5,sul1,mrx(A),mph(A)	5
RefSeq_NZ_MZ634325.1	IncFII	Gram-negative	IS26	111095-111918	118243-119062	6325	blaTEM-1	1
RefSeq_NZ_MZ634326.1	IncFII	Gram-negative	IS26	76301-77122	88201-89021	11079	dfrA17,aadA5,sul1,mrx(A),mph(A)	5
RefSeq_NZ_MZ709016.1	IncFII	Gram-negative	IS26	4393-5212	9237-10056	4025	blaCTX-M-65	1
RefSeq_NZ_MZ709016.1	IncFII	Gram-negative	IS26	9237-10056	11332-12151	1276	fosA3	1
RefSeq_NZ_MZ709016.1	IncFII	Gram-negative	IS26	13136-13955	17763-18583	3808	blaTEM-1,rmtB1	2
RefSeq_NZ_MZ709016.1	IncFII	Gram-negative	IS26	44599-45423	51953-52772	6530	blaSHV-12	1
RefSeq_NZ_MZ709016.1	IncFII	Gram-negative	IS26	51953-52772	61346-62167	8574	blaKPC-2	1
RefSeq_NZ_MZ726784.1	IncFII	Gram-negative	IS26	9648-10469	17417-18236	6948	blaKPC-2	1
RefSeq_NZ_MZ750393.1	IncFII	Gram-negative	IS26	32588-33407	35594-36414	2187	aac(6')-Ib-cr5,blaOXA-1,catB3	3
RefSeq_NZ_MZ750393.1	IncFII	Gram-negative	IS26	35594-36414	39014-39833	2600	aac(3)-IIe	1
RefSeq_NZ_MZ750395.1	IncFII	Gram-negative	IS26	195892-196711	206596-207415	9885	aac(6')-Ib-cr5,blaOXA-1,catB3,arr-3,sul1,armA	6
RefSeq_NZ_MZ750396.1	IncFII	Gram-negative	IS26	32588-33407	35594-36414	2187	aac(6')-Ib-cr5,blaOXA-1,catB3	3
RefSeq_NZ_MZ750396.1	IncFII	Gram-negative	IS26	35594-36414	39014-39833	2600	aac(3)-IIe	1
RefSeq_NZ_MZ750397.1	IncFII	Gram-negative	IS1	10337-11104	47812-48579	36708	blaNDM-1,ble,aac(6')-Ib-cr5,blaOXA-1,catB3,aac(3)-IIe,blaCTX-M-15,aac(6')-Ib	8
RefSeq_NZ_MZ750397.1	IncFII	Gram-negative	IS26	33365-34184	36371-37191	2187	aac(6')-Ib-cr5,blaOXA-1,catB3	3
RefSeq_NZ_MZ750397.1	IncFII	Gram-negative	IS26	36371-37191	39790-40609	2599	aac(3)-IIe	1
RefSeq_NZ_MZ750398.1	IncFII	Gram-negative	IS26	32588-33407	35594-36413	2187	aac(6')-Ib4,blaOXA-1,catB3	3
RefSeq_NZ_MZ779047.1	IncN	Gram-negative	IS26	15869-16689	23159-23978	6470	dfrA14	1
RefSeq_NZ_MZ779047.1	IncN	Gram-negative	IS26	94081-94900	97373-98210	2473	qnrS1	1
RefSeq_NZ_MZ836798.1	IncN	Gram-negative	IS26	2306-3013	17519-18338	14506	blaNDM-1,ble	2
RefSeq_NZ_MZ836798.1	IncN	Gram-negative	IS26	17519-18338	28350-29169	10012	blaTEM-1,rmtB1,qepA1	3
RefSeq_NZ_MZ836802.1	IncFII	Gram-negative	IS26	53191-54010	63265-64084	9255	dfrA12,aadA2,sul1,ble,blaNDM-5	5
RefSeq_NZ_MZ836802.1	IncFII	Gram-negative	IS26	63265-64084	72154-72974	8070	rmtB1,blaTEM-1,mrx(A),mph(A)	4
RefSeq_NZ_MZ836802.1	IncFII	Gram-negative	IS26	72154-72974	77042-77861	4068	erm(B)	1
RefSeq_NZ_MZ855469.1	IncFII	Gram-negative	IS26	32588-33407	35591-36409	2184	aac(6')-Ib-cr5,blaOXA-1,catB3	3
RefSeq_NZ_MZ857202.1	IncFII	Gram-negative	IS26	5162-5982	27995-28814	22013	mph(A),mrx(A),sul1,blaNDM-1,ble,sul1,arr-3,catB3,blaOXA-1,aac(6')-Ib-cr5	10
RefSeq_NZ_NCTN01000003.1	IncFII	Gram-negative	IS26	157277-157893	203172-203991	45279	blaTEM-1,aac(3)-IIe	2
RefSeq_NZ_OK605583.1	IncFII	Gram-negative	IS26	6364-7185	11476-12297	4291	floR	1
RefSeq_NZ_OK605583.1	IncFII	Gram-negative	IS26	11476-12297	14793-15612	2496	fosA3	1
RefSeq_NZ_OK605583.1	IncFII	Gram-negative	IS26	14793-15612	18380-19200	2768	blaCTX-M-55	1
RefSeq_NZ_OL348379.1	IncFII	Gram-negative	IS26	52513-53333	61191-62011	7858	bleO,floR,tet(A)	3
RefSeq_NZ_OL348379.1	IncFII	Gram-negative	IS26	209138-209957	216720-217539	6763	aac(3)-IVa,aph(4)-Ia	2
RefSeq_NZ_OL348379.1	IncFII	Gram-negative	IS26	216720-217539	230519-231338	12980	aph(6)-Id,aph(3'')-Ib,toprJ1,tmexD1,tmexC1	5
RefSeq_NZ_OL348379.1	IncFII	Gram-negative	IS26	230519-231338	232403-233224	1065	aph(3')-Ia	1
RefSeq_NZ_OL348380.1	IncFII	Gram-negative	IS26	80809-81629	89487-90306	7858	bleO,floR,tet(A)	3
RefSeq_NZ_OL348380.1	IncFII	Gram-negative	IS26	89487-90306	108751-109571	18445	aac(6')-Ib-cr5,arr-3,dfrA27,aadA16,sul1,ble,blaNDM-1,catB3,arr-3,sul1,mrx(A),mph(A)	12
RefSeq_NZ_OL348380.1	IncFII	Gram-negative	IS26	108751-109571	110907-111730	1336	aac(3)-IId	1
RefSeq_NZ_OL348380.1	IncFII	Gram-negative	IS26	110907-111730	120457-121276	8727	floR,tet(A)	2
RefSeq_NZ_OL348381.1	IncFII	Gram-negative	IS26	58826-59646	67504-68324	7858	bleO,floR,tet(A)	3
RefSeq_NZ_OL763373.1	IncX1	Gram-negative	IS26	4050-4870	9009-9828	4139	mph(A),mrx(A)	2
RefSeq_NZ_OL763373.1	IncX1	Gram-negative	IS26	9009-9828	15035-15854	5207	oqxA,oqxB	2
RefSeq_NZ_OL763373.1	IncX1	Gram-negative	IS26	15035-15854	33323-34142	17469	aph(3')-IIa	1
RefSeq_NZ_OL763373.1	IncX1	Gram-negative	IS26	33323-34142	43969-44788	9827	dfrA12,aadA2,sul1,ble,blaNDM-1	5
RefSeq_NZ_OL763373.1	IncX1	Gram-negative	IS26	43969-44788	51254-52086	6466	rmtB1,blaTEM-1	2
RefSeq_NZ_OL763373.1	IncX1	Gram-negative	IS26	51254-52086	64762-65586	12676	sul2,aph(3'')-Ib,aph(6)-Id,tet(A),floR	5
RefSeq_NZ_OL804391.1	IncFII	Gram-negative	IS26	40413-41234	57888-58707	16654	mph(A),mrx(A),sul1,qnrB91,sul1,aadA16,dfrA27,arr-3,aac(6')-Ib-cr5	9
RefSeq_NZ_OL804391.1	IncFII	Gram-negative	IS26	57888-58707	64969-65789	6262	floR	1
RefSeq_NZ_OL804391.1	IncFII	Gram-negative	IS26	66126-66945	68281-69100	1336	aac(3)-IId	1
RefSeq_NZ_OL804391.1	IncFII	Gram-negative	IS26	68281-69100	70141-70960	1041	aph(3')-Ia	1
RefSeq_NZ_OL804391.1	IncFII	Gram-negative	IS26	70141-70960	75346-76166	4386	aph(6)-Id,aph(3'')-Ib,sul2	3
RefSeq_NZ_OL804391.1	IncFII	Gram-negative	IS26	75346-76166	81760-82579	5594	bleO	1
RefSeq_NZ_OL804392.1	IncFII	Gram-negative	IS26	2654-3473	4514-5334	1041	aph(3')-Ia	1
RefSeq_NZ_OL804392.1	IncFII	Gram-negative	IS26	4514-5334	9473-10292	4139	mph(A),mrx(A)	2
RefSeq_NZ_OL804392.1	IncFII	Gram-negative	IS26	63072-63891	69089-69908	5198	rmtB1,blaTEM-1	2
RefSeq_NZ_OL804392.1	IncFII	Gram-negative	IS26	69089-69908	74266-75085	4358	aac(3)-IId	1
RefSeq_NZ_OL804393.1	IncFII	Gram-negative	IS26	2654-3473	4514-5334	1041	aph(3')-Ia	1
RefSeq_NZ_OL804393.1	IncFII	Gram-negative	IS26	4514-5334	9473-10292	4139	mph(A),mrx(A)	2
RefSeq_NZ_OL804393.1	IncFII	Gram-negative	IS26	62850-63669	68867-69686	5198	rmtB1,blaTEM-1	2
RefSeq_NZ_OL804393.1	IncFII	Gram-negative	IS26	68867-69686	74044-74863	4358	aac(3)-IId	1
RefSeq_NZ_OL891652.1	IncFII	Gram-negative	IS26	4393-5212	9139-9958	3927	blaKPC-2	1
RefSeq_NZ_OL891652.1	IncFII	Gram-negative	IS26	10943-11762	15570-16390	3808	blaTEM-1,rmtB1	2
RefSeq_NZ_OL891656.1	IncFII	Gram-negative	IS26	25218-26037	29845-30664	3808	rmtB1,blaTEM-1	2
RefSeq_NZ_OL891656.1	IncFII	Gram-negative	IS26	31649-32468	36395-37214	3927	blaKPC-2	1
RefSeq_NZ_OL891656.1	IncFII	Gram-negative	IS26	36395-37214	41141-41960	3927	blaKPC-2	1
RefSeq_NZ_OL964515.1	IncFII	Gram-negative	IS26	183954-184773	192682-193502	7909	aac(3)-IId	1
RefSeq_NZ_OM048934.1	IncFII	Gram-negative	IS26	8626-9441	13975-14791	4534	aac(3)-IId	1
RefSeq_NZ_OM048934.1	IncFII	Gram-negative	IS26	17613-18429	23663-24481	5234	mrx(A)	1
RefSeq_NZ_OM048934.1	IncFII	Gram-negative	IS26	57732-58547	59562-60379	1015	aph(3')-Ia	1
RefSeq_NZ_OM144977.1	IncFII	Gram-negative	IS26	4393-5212	9237-10056	4025	blaCTX-M-65	1
RefSeq_NZ_OM144977.1	IncFII	Gram-negative	IS26	11041-11860	13136-13955	1276	fosA3	1
RefSeq_NZ_OM144977.1	IncFII	Gram-negative	IS26	13136-13955	17763-18583	3808	blaTEM-1,rmtB1	2
RefSeq_NZ_OM144977.1	IncFII	Gram-negative	IS26	73129-73950	77877-78696	3927	blaKPC-2	1
RefSeq_NZ_OM144977.1	IncFII	Gram-negative	IS26	77877-78696	82623-83442	3927	blaKPC-2	1
RefSeq_NZ_OM144977.1	IncFII	Gram-negative	IS26	135680-136499	137888-138710	1389	catA2	1
RefSeq_NZ_OM146019.1	IncFII	Gram-negative	IS26	115909-116728	134410-135231	17682	qnrB4,blaDHA-1,sul1	3
RefSeq_NZ_OM489431.1	IncFII	Gram-negative	IS26	27717-28536	56257-57076	27721	blaKPC-31	1
RefSeq_NZ_OM791347.1	IncFII	Gram-negative	IS26	4393-5212	9104-9923	3892	blaCTX-M-65	1
RefSeq_NZ_OM791347.1	IncFII	Gram-negative	IS26	9104-9923	25020-25839	15097	blaSHV-12,blaKPC-2	2
RefSeq_NZ_OM928503.1	IncFII	Gram-negative	IS26	41837-42656	57752-58572	15096	blaKPC-33,blaSHV-12	2
RefSeq_NZ_OM928503.1	IncFII	Gram-negative	IS26	88788-89608	93416-94235	3808	rmtB1,blaTEM-1	2
RefSeq_NZ_OM928503.1	IncFII	Gram-negative	IS26	95220-96039	100064-100883	4025	blaCTX-M-65	1
RefSeq_NZ_OM975893.1	IncFII	Gram-negative	IS1	34871-35638	49695-50462	14057	aadA22	1
RefSeq_NZ_OM975893.1	IncFII	Gram-negative	IS26	46330-47149	59211-60030	12062	aadA22,cmlA1,aac(6')-Ib3	3
RefSeq_NZ_OM975893.1	IncFII	Gram-negative	IS26	75925-76748	78137-78959	1389	catA2	1
RefSeq_NZ_ON002622.2	IncFII	Gram-negative	IS1	211523-212287	249417-250182	37130	blaTEM-1,blaOXA,tet(A),qnrB1	4
RefSeq_NZ_ON002622.2	IncFII	Gram-negative	IS26	91849-92641	99369-100188	6728	dfrA14	1
RefSeq_NZ_ON002622.2	IncFII	Gram-negative	IS26	99369-100188	102788-103608	2600	aac(3)-IIe	1
RefSeq_NZ_ON002622.2	IncFII	Gram-negative	IS26	102788-103608	105795-106614	2187	aac(6')-Ib-cr5,blaOXA-1,catB3	3
RefSeq_NZ_ON002622.2	IncFII	Gram-negative	IS26	220382-221201	234609-235431	13408	tet(A),qnrB1	2
RefSeq_NZ_ON111447.1	IncN	Gram-negative	IS26	1-820	2096-2915	1276	fosA3	1
RefSeq_NZ_ON111447.1	IncN	Gram-negative	IS26	19542-20361	24386-25205	4025	blaCTX-M-65	1
RefSeq_NZ_ON111447.1	IncN	Gram-negative	IS26	36272-37092	52189-53008	15097	blaKPC-2,blaSHV-12	2
RefSeq_NZ_ON111447.1	IncN	Gram-negative	IS26	75229-76067	110107-110927	34040	qnrS1,ble,blaNDM-1,dfrA14	4
RefSeq_NZ_ON111448.1	IncN	Gram-negative	IS26	1-820	2096-2915	1276	fosA3	1
RefSeq_NZ_ON111448.1	IncN	Gram-negative	IS26	5868-6689	37061-37889	30372	ble,blaNDM-1,dfrA14	3
RefSeq_NZ_ON111448.1	IncN	Gram-negative	IS26	40561-41380	45405-46224	4025	blaCTX-M-65	1
RefSeq_NZ_ON111448.1	IncN	Gram-negative	IS26	56185-57004	60675-61513	3671	qnrS1	1
RefSeq_NZ_ON111448.1	IncN	Gram-negative	IS26	136260-137079	144697-145516	7618	blaSHV-12	1
RefSeq_NZ_ON111448.1	IncN	Gram-negative	IS26	145803-146623	154111-154930	7488	blaKPC-2	1
RefSeq_NZ_ON111450.1	IncN	Gram-negative	IS26	1-820	2096-2915	1276	fosA3	1
RefSeq_NZ_ON111450.1	IncN	Gram-negative	IS26	5868-6689	37061-37889	30372	blaNDM-1,ble,dfrA14	3
RefSeq_NZ_ON111450.1	IncN	Gram-negative	IS26	40561-41380	45405-46224	4025	blaCTX-M-65	1
RefSeq_NZ_ON111450.1	IncN	Gram-negative	IS26	56185-57004	60675-61513	3671	qnrS1	1
RefSeq_NZ_ON111451.1	IncFII	Gram-negative	IS26	13768-14588	29685-30505	15097	blaKPC-2,blaSHV-12	2
RefSeq_NZ_ON111451.1	IncFII	Gram-negative	IS26	37318-38137	42162-42981	4025	blaCTX-M-65	1
RefSeq_NZ_ON111451.1	IncFII	Gram-negative	IS26	48037-48856	50132-50951	1276	fosA3	1
RefSeq_NZ_ON111451.1	IncFII	Gram-negative	IS26	50132-50951	52547-53367	1596	rmtB1	1
RefSeq_NZ_ON209143.1	IncFII	Gram-negative	IS26	7638-8459	12598-13418	4139	blaNDM-1,ble	2
RefSeq_NZ_ON324203.1	IncFII	Gram-negative	IS26	18785-19604	22076-22895	2472	aac(3)-IId	1
RefSeq_NZ_ON324203.1	IncFII	Gram-negative	IS26	22076-22895	32861-33682	9966	dfrA17,aadA5,sul1,mrx(A),mph(A)	5
RefSeq_NZ_ON324203.1	IncFII	Gram-negative	IS26	32861-33682	40339-41158	6657	sul2,aph(3'')-Ib,aph(6)-Id,tet(A)	4
RefSeq_NZ_ON390802.1	IncX1	Gram-negative	IS1	120680-121447	128244-129011	6797	blaTEM-1,aadA22	2
RefSeq_NZ_ON390802.1	IncX1	Gram-negative	IS26	68187-69010	70954-71773	1944	qnrS1	1
RefSeq_NZ_ON390802.1	IncX1	Gram-negative	IS26	70954-71773	105413-106232	33640	blaTEM,aph(3')-Ia	2
RefSeq_NZ_ON390802.1	IncX1	Gram-negative	IS26	105413-106232	108051-108872	1819	dfrA14	1
RefSeq_NZ_ON390802.1	IncX1	Gram-negative	IS26	108051-108872	114754-115577	5882	floR,tet(A)	2
RefSeq_NZ_ON390802.1	IncX1	Gram-negative	IS26	114754-115577	117521-118340	1944	qnrS1	1
RefSeq_NZ_ON390802.1	IncX1	Gram-negative	IS26	121538-122358	124983-125802	2625	blaTEM-1	1
RefSeq_NZ_ON390803.1	IncX1	Gram-negative	IS26	42491-43310	45743-46562	2433	aadA2	1
RefSeq_NZ_ON390804.1	IncX1	Gram-negative	IS26	15335-16154	18587-19406	2433	aadA2	1
RefSeq_NZ_ON390805.1	IncX1	Gram-negative	IS26	2580-3399	5832-6651	2433	aadA2	1
RefSeq_NZ_ON390805.1	IncX1	Gram-negative	IS26	36335-37154	43394-44067	6240	blaSHV-12	1
RefSeq_NZ_ON390806.1	IncX1	Gram-negative	IS26	204-1023	3456-4275	2433	aadA2	1
RefSeq_NZ_ON390806.1	IncX1	Gram-negative	IS26	33959-34778	41018-41691	6240	blaSHV-12	1
RefSeq_NZ_ON390807.1	IncX1	Gram-negative	IS26	30710-31532	43631-44450	12099	sul3,blaTEM-1,qnrS1	3
RefSeq_NZ_ON390807.1	IncX1	Gram-negative	IS26	43631-44450	59168-59987	14718	aph(6)-Id	1
RefSeq_NZ_ON390807.1	IncX1	Gram-negative	IS26	59168-59987	61421-62244	1434	dfrA14	1
RefSeq_NZ_ON390811.1	IncX1	Gram-negative	IS26	17257-18076	20509-21328	2433	aadA2	1
RefSeq_NZ_ON390813.1	IncX1	Gram-negative	IS26	17279-18098	20531-21350	2433	aadA2	1
RefSeq_NZ_ON390815.1	IncX1	Gram-negative	IS26	55367-56186	72931-73750	16745	qnrS1,blaTEM-1	2
RefSeq_NZ_ON390815.1	IncX1	Gram-negative	IS26	72931-73750	76183-77002	2433	aadA2	1
RefSeq_NZ_ON390818.1	IncX1	Gram-negative	IS26	27278-28097	30530-31272	2433	aadA2	1
RefSeq_NZ_ON390819.1	IncX1	Gram-negative	IS26	2585-3404	5837-6656	2433	aadA2	1
RefSeq_NZ_ON843497.1	IncFII	Gram-negative	IS26	87543-88364	105297-106117	16933	aac(3)-IId,blaTEM,floR,tet(A)	4
RefSeq_NZ_ON843497.1	IncFII	Gram-negative	IS26	105297-106117	122777-123597	16660	aac(6')-Ib-cr5,arr-3,dfrA27,aadA16,sul1,qnrB,sul1,mrx(A),mph(A)	9
RefSeq_NZ_ON843497.1	IncFII	Gram-negative	IS26	122777-123597	124638-125457	1041	aph(3')-Ia	1
RefSeq_NZ_ON843497.1	IncFII	Gram-negative	IS26	124638-125457	126477-127296	1020	aph(3')-Ia	1
RefSeq_NZ_ON843497.1	IncFII	Gram-negative	IS26	126477-127296	128316-129135	1020	aph(3')-Ia	1
RefSeq_NZ_ON843497.1	IncFII	Gram-negative	IS26	128316-129135	130155-130974	1020	aph(3')-Ia	1
RefSeq_NZ_ON843497.1	IncFII	Gram-negative	IS26	130155-130974	131994-132814	1020	aph(3')-Ia	1
RefSeq_NZ_ON882014.1	IncN	Gram-negative	IS26	3732-4551	26993-27813	22442	blaIMP-4	1
RefSeq_NZ_ON934551.1	IncX1	Gram-negative	IS26	5032-5851	7285-8108	1434	dfrA14	1
RefSeq_NZ_ON934551.1	IncX1	Gram-negative	IS26	7285-8108	22002-22824	13894	tet(X4),floR,tet(A)	3
RefSeq_NZ_ON934551.1	IncX1	Gram-negative	IS26	22002-22824	34923-35742	12099	sul3,blaTEM-1,qnrS1	3
RefSeq_NZ_ON960334.1	IncN	Gram-negative	IS26	78847-79667	84323-85143	4656	dfrA17,aadA5,sul1	3
RefSeq_NZ_ON960334.1	IncN	Gram-negative	IS26	84323-85143	91103-91923	5960	mph(A),mrx(A)	2
RefSeq_NZ_ON960334.1	IncN	Gram-negative	IS26	91103-91923	93050-93870	1127	aac(3)-IIe	1
RefSeq_NZ_ON960334.1	IncN	Gram-negative	IS26	93050-93870	117316-118097	23446	tet(A)	1
RefSeq_NZ_ON960334.1	IncN	Gram-negative	IS26	117316-118097	125109-125929	7012	qnrS1	1
RefSeq_NZ_ON960334.1	IncN	Gram-negative	IS26	125109-125929	127451-128270	1522	bleO	1
RefSeq_NZ_ON960334.1	IncN	Gram-negative	IS26	127451-128270	133477-134296	5207	oqxA,oqxB	2
RefSeq_NZ_ON960334.1	IncN	Gram-negative	IS26	133477-134296	136213-137033	1917	blaTEM-1	1
RefSeq_NZ_ON960334.1	IncN	Gram-negative	IS26	136213-137033	141420-142239	4387	sul2,aph(3'')-Ib,aph(6)-Id	3
RefSeq_NZ_ON960335.1	IncN	Gram-negative	IS26	78497-79317	86997-87820	7680	aph(6)-Id,aph(3'')-Ib,sul2	3
RefSeq_NZ_ON960335.1	IncN	Gram-negative	IS26	86997-87820	105571-106390	17751	sul3	1
RefSeq_NZ_ON960335.1	IncN	Gram-negative	IS26	105571-106390	109171-109990	2781	lnu(F),aadA22	2
RefSeq_NZ_ON960335.1	IncN	Gram-negative	IS26	109171-109990	113746-114565	3756	aac(3)-IId	1
RefSeq_NZ_ON960335.1	IncN	Gram-negative	IS26	113746-114565	129859-130640	15294	blaTEM-1,blaCTX-M-55,qnrS1	3
RefSeq_NZ_ON960335.1	IncN	Gram-negative	IS26	129859-130640	134193-135013	3553	mrx(A),mph(A)	2
RefSeq_NZ_ON960335.1	IncN	Gram-negative	IS26	134193-135013	137264-138083	2251	arr-2,dfrA14	2
RefSeq_NZ_ON960335.1	IncN	Gram-negative	IS26	137264-138083	144546-145369	6463	floR	1
RefSeq_NZ_ON960335.1	IncN	Gram-negative	IS26	155557-156376	157550-158376	1174	aph(3')-Ia	1
RefSeq_NZ_ON960336.1	IncN	Gram-negative	IS26	84419-85239	90597-91418	5358	aac(6')-Ib-cr5,blaOXA,catB3,arr-3	4
RefSeq_NZ_ON960336.1	IncN	Gram-negative	IS26	90597-91418	93369-94188	1951	qnrS2	1
RefSeq_NZ_ON960336.1	IncN	Gram-negative	IS26	93369-94188	102487-103306	8299	oqxB,oqxA	2
RefSeq_NZ_ON960336.1	IncN	Gram-negative	IS26	102487-103306	104828-105647	1522	bleO	1
RefSeq_NZ_ON960337.1	IncN	Gram-negative	IS26	73981-74802	80009-80828	5207	oqxB,oqxA	2
RefSeq_NZ_ON960337.1	IncN	Gram-negative	IS26	80009-80828	82350-83170	1522	bleO	1
RefSeq_NZ_ON960337.1	IncN	Gram-negative	IS26	82350-83170	86175-86995	3005	sul1	1
RefSeq_NZ_ON960337.1	IncN	Gram-negative	IS26	86175-86995	102588-103407	15593	blaCTX-M-65,floR,tet(A)	3
RefSeq_NZ_ON960337.1	IncN	Gram-negative	IS26	102588-103407	109223-110042	5816	dfrA14,aadA1,blaOXA-10,cmlA5,arr-2	5
RefSeq_NZ_ON960337.1	IncN	Gram-negative	IS26	109223-110042	133622-134447	23580	qnrS1,tet(A)	2
RefSeq_NZ_ON960337.1	IncN	Gram-negative	IS26	133622-134447	139348-139994	4901	tet(M)	1
RefSeq_NZ_ON960337.1	IncN	Gram-negative	IS26	174328-175149	179310-180134	4161	mph(A),mrx(A)	2
RefSeq_NZ_ON960338.1	IncN	Gram-negative	IS26	73980-74801	80008-80827	5207	oqxB,oqxA	2
RefSeq_NZ_ON960338.1	IncN	Gram-negative	IS26	80008-80827	82349-83169	1522	bleO	1
RefSeq_NZ_ON960338.1	IncN	Gram-negative	IS26	82349-83169	86174-86994	3005	sul1	1
RefSeq_NZ_ON960338.1	IncN	Gram-negative	IS26	86174-86994	102587-103406	15593	blaCTX-M-65,floR,tet(A)	3
RefSeq_NZ_ON960338.1	IncN	Gram-negative	IS26	102587-103406	109222-110041	5816	dfrA14,aadA1,blaOXA-10,cmlA5,arr-2	5
RefSeq_NZ_ON960338.1	IncN	Gram-negative	IS26	164142-164788	169689-170512	4901	tet(M)	1
RefSeq_NZ_ON960338.1	IncN	Gram-negative	IS26	173499-174320	178481-179305	4161	mph(A),mrx(A)	2
RefSeq_NZ_ON960339.1	IncN	Gram-negative	IS26	79717-80537	84879-85701	4342	aac(6')-Ib3	1
RefSeq_NZ_ON960339.1	IncN	Gram-negative	IS26	84879-85701	92591-93412	6890	floR,sul2	2
RefSeq_NZ_ON960339.1	IncN	Gram-negative	IS26	94900-95738	99115-99934	3377	fosA3,blaCTX-M-14	2
RefSeq_NZ_ON960340.1	IncN	Gram-negative	IS26	74387-75208	76730-77550	1522	bleO	1
RefSeq_NZ_ON960340.1	IncN	Gram-negative	IS26	79094-79913	90426-91245	10513	aac(3)-IVa,aph(4)-Ia,aph(3')-Ia,aph(6)-Id,aph(3'')-Ib	5
RefSeq_NZ_ON960340.1	IncN	Gram-negative	IS26	90426-91245	94026-94845	2781	lnu(F),aadA22	2
RefSeq_NZ_ON960340.1	IncN	Gram-negative	IS26	95282-96101	119275-119921	23174	blaTEM-1,sul2,aph(3'')-Ib,aph(6)-Id,tet(A)	5
RefSeq_NZ_ON960340.1	IncN	Gram-negative	IS26	119275-119921	124798-125631	4877	tet(M)	1
RefSeq_NZ_ON960340.1	IncN	Gram-negative	IS26	124798-125631	128498-129319	2867	mrx(A),mph(A)	2
RefSeq_NZ_ON960340.1	IncN	Gram-negative	IS1	88920-89687	118507-119274	28820	lnu(F),aadA22,blaTEM-1,sul2,aph(3'')-Ib,aph(6)-Id,tet(A)	7
RefSeq_NZ_ON960341.1	IncN	Gram-negative	IS26	81404-82228	86389-87210	4161	mrx(A),mph(A)	2
RefSeq_NZ_ON960341.1	IncN	Gram-negative	IS26	113515-114161	119038-119871	4877	tet(M)	1
RefSeq_NZ_ON960341.1	IncN	Gram-negative	IS26	136410-137229	140606-141425	3377	fosA3,blaCTX-M-14	2
RefSeq_NZ_ON960341.1	IncN	Gram-negative	IS26	140606-141425	170549-171369	29124	aac(3)-IVa,aph(4)-Ia,sul2,floR,estX-3,aadA2,cmlA1,aadA1,sul3	9
RefSeq_NZ_ON960341.1	IncN	Gram-negative	IS26	170549-171369	172410-173229	1041	aph(3')-Ia	1
RefSeq_NZ_ON960341.1	IncN	Gram-negative	IS26	172410-173229	178436-179255	5207	oqxA2,oqxB2	2
RefSeq_NZ_ON960342.1	IncN	Gram-negative	IS26	74387-75208	80415-81234	5207	oqxB,oqxA	2
RefSeq_NZ_ON960342.1	IncN	Gram-negative	IS26	80415-81234	82756-83576	1522	bleO	1
RefSeq_NZ_ON960342.1	IncN	Gram-negative	IS26	82756-83576	86581-87401	3005	sul1	1
RefSeq_NZ_ON960342.1	IncN	Gram-negative	IS26	86581-87401	101803-102624	14402	blaCTX-M-65,floR	2
RefSeq_NZ_ON960342.1	IncN	Gram-negative	IS26	101803-102624	113137-113956	10513	aac(3)-IVa,aph(4)-Ia,aph(3')-Ia,aph(6)-Id,aph(3'')-Ib	5
RefSeq_NZ_ON960342.1	IncN	Gram-negative	IS26	113137-113956	116737-117556	2781	lnu(F),aadA22	2
RefSeq_NZ_ON960342.1	IncN	Gram-negative	IS26	117993-118812	141986-142632	23174	blaTEM-1,sul2,aph(3'')-Ib,aph(6)-Id,tet(A)	5
RefSeq_NZ_ON960342.1	IncN	Gram-negative	IS26	141986-142632	147509-148342	4877	tet(M)	1
RefSeq_NZ_ON960342.1	IncN	Gram-negative	IS26	147509-148342	151209-152030	2867	mrx(A),mph(A)	2
RefSeq_NZ_ON960342.1	IncN	Gram-negative	IS1	111631-112398	141218-141985	28820	lnu(F),aadA22,blaTEM-1,sul2,aph(3'')-Ib,aph(6)-Id,tet(A)	7
RefSeq_NZ_ON960343.1	IncN	Gram-negative	IS26	7140-7960	11343-12162	3383	fosA3	1
RefSeq_NZ_ON960343.1	IncN	Gram-negative	IS26	13535-14356	16932-17752	2576	blaCTX-M-15	1
RefSeq_NZ_ON960343.1	IncN	Gram-negative	IS26	16932-17752	19617-20436	1865	dfrA17	1
RefSeq_NZ_ON960343.1	IncN	Gram-negative	IS26	76475-77294	81585-82406	4291	floR	1
RefSeq_NZ_ON960343.1	IncN	Gram-negative	IS26	107659-108480	114421-115247	5941	aph(3'')-Ib,aph(6)-Id,aph(3')-Ia	3
RefSeq_NZ_ON960344.1	IncN	Gram-negative	IS26	69122-69942	81217-82038	11275	arr-3,dfrA27,aadA16,sul1,mrx(A),mph(A)	6
RefSeq_NZ_ON960344.1	IncN	Gram-negative	IS26	81217-82038	84638-85457	2600	aac(3)-IIe	1
RefSeq_NZ_ON960344.1	IncN	Gram-negative	IS26	84638-85457	87408-88227	1951	qnrS2	1
RefSeq_NZ_ON960344.1	IncN	Gram-negative	IS26	87408-88227	96526-97345	8299	oqxB,oqxA	2
RefSeq_NZ_ON960344.1	IncN	Gram-negative	IS26	96526-97345	98867-99687	1522	bleO	1
RefSeq_NZ_ON960345.1	IncN	Gram-negative	IS26	71943-72763	86191-87010	13428	sul2,aph(4)-Ia,aac(3)-IVa	3
RefSeq_NZ_ON960345.1	IncN	Gram-negative	IS26	86191-87010	90387-91206	3377	fosA3,blaCTX-M-14	2
RefSeq_NZ_ON960345.1	IncN	Gram-negative	IS26	105979-106627	111528-112349	4901	tet(M)	1
RefSeq_NZ_ON960345.1	IncN	Gram-negative	IS26	115336-116157	120318-121142	4161	mph(A),mrx(A)	2
RefSeq_NZ_ON960347.1	IncN	Gram-negative	IS26	70643-71462	76669-77488	5207	oqxB2,oqxA2	2
RefSeq_NZ_ON960347.1	IncN	Gram-negative	IS26	76669-77488	79010-79830	1522	bleO	1
RefSeq_NZ_ON960347.1	IncN	Gram-negative	IS26	79010-79830	82835-83654	3005	sul1	1
RefSeq_NZ_ON960347.1	IncN	Gram-negative	IS26	82835-83654	84695-85515	1041	aph(3')-Ia	1
RefSeq_NZ_ON960347.1	IncN	Gram-negative	IS26	84695-85515	115120-115939	29605	sul3,aadA1,cmlA1,aadA2,dfrA12,floR,sul2,aph(4)-Ia,aac(3)-IVa	9
RefSeq_NZ_ON960347.1	IncN	Gram-negative	IS26	115120-115939	119316-120135	3377	fosA3,blaCTX-M-14	2
RefSeq_NZ_ON960347.1	IncN	Gram-negative	IS26	136920-137741	141857-142679	4116	mph(A),mrx(A)	2
RefSeq_NZ_ON960348.1	IncN	Gram-negative	IS26	70643-71462	76641-77461	5179	aadA1,sul3	2
RefSeq_NZ_ON960348.1	IncN	Gram-negative	IS26	76641-77461	78502-79321	1041	aph(3')-Ia	1
RefSeq_NZ_ON960348.1	IncN	Gram-negative	IS26	78502-79321	82326-83146	3005	sul1	1
RefSeq_NZ_ON960348.1	IncN	Gram-negative	IS26	82326-83146	84668-85487	1522	bleO	1
RefSeq_NZ_ON960348.1	IncN	Gram-negative	IS26	84668-85487	90694-91513	5207	oqxA2,oqxB2	2
RefSeq_NZ_ON960348.1	IncN	Gram-negative	IS26	90694-91513	102360-103182	10847	aadA2,dfrA12	2
RefSeq_NZ_ON960348.1	IncN	Gram-negative	IS26	115962-116781	120158-120977	3377	blaCTX-M-14,fosA3	2
RefSeq_NZ_ON960348.1	IncN	Gram-negative	IS26	120158-120977	138842-139663	17865	aac(3)-IVa,aph(4)-Ia,sul2,floR	4
RefSeq_NZ_ON960348.1	IncN	Gram-negative	IS26	138842-139663	143824-144656	4161	mph(A),mrx(A)	2
RefSeq_NZ_ON960349.1	IncN	Gram-negative	IS26	70656-71475	76682-77501	5207	oqxB2,oqxA2	2
RefSeq_NZ_ON960349.1	IncN	Gram-negative	IS26	76682-77501	79023-79843	1522	bleO	1
RefSeq_NZ_ON960349.1	IncN	Gram-negative	IS26	79023-79843	83432-84252	3589	sul1	1
RefSeq_NZ_ON960349.1	IncN	Gram-negative	IS26	83432-84252	101644-102466	17392	sul3,aadA1,cmlA1,aadA2,dfrA12	5
RefSeq_NZ_ON960349.1	IncN	Gram-negative	IS26	115246-116065	119442-120261	3377	blaCTX-M-14,fosA3	2
RefSeq_NZ_ON960349.1	IncN	Gram-negative	IS26	119442-120261	138126-138947	17865	aac(3)-IVa,aph(4)-Ia,sul2,floR	4
RefSeq_NZ_ON960349.1	IncN	Gram-negative	IS26	138126-138947	143108-143940	4161	mph(A),mrx(A)	2
RefSeq_NZ_ON960350.1	IncN	Gram-negative	IS26	86208-87030	91741-92560	4711	sul1,arr-3,catB3,blaOXA-1,aac(6')-Ib-cr5	5
RefSeq_NZ_ON960350.1	IncN	Gram-negative	IS26	91741-92560	121684-122504	29124	aac(3)-IVa,aph(4)-Ia,sul2,floR,estX-3,aadA2,cmlA1,aadA1,sul3	9
RefSeq_NZ_ON960351.1	IncN	Gram-negative	IS26	36186-37005	38527-39347	1522	bleO	1
RefSeq_NZ_ON960351.1	IncN	Gram-negative	IS26	38527-39347	44058-44877	4711	dfrA17,aadA5	2
RefSeq_NZ_ON960351.1	IncN	Gram-negative	IS26	44058-44877	46153-46972	1276	fosA3	1
RefSeq_NZ_ON960351.1	IncN	Gram-negative	IS26	46153-46972	64314-65128	17342	aph(4)-Ia	1
RefSeq_NZ_ON960351.1	IncN	Gram-negative	IS26	70308-71127	75838-76660	4711	aac(6')-Ib-cr5,blaOXA-1,catB3,arr-3,sul1	5
RefSeq_NZ_ON960352.1	IncN	Gram-negative	IS26	38687-39506	44217-45036	4711	dfrA17,aadA5	2
RefSeq_NZ_ON960352.1	IncN	Gram-negative	IS26	44217-45036	50233-51053	5197	oqxB,oqxA	2
RefSeq_NZ_ON960352.1	IncN	Gram-negative	IS26	106520-107342	112053-112872	4711	sul1,arr-3,catB3,blaOXA-1,aac(6')-Ib-cr5	5
RefSeq_NZ_ON960352.1	IncN	Gram-negative	IS26	112053-112872	141798-142618	28926	aac(3)-IVa,aph(4)-Ia,sul2,floR,estX-3,aadA2,cmlA1,aadA1,sul3	9
RefSeq_NZ_OP006451.1	IncFII	Gram-negative	IS26	5214-6040	10065-10884	4025	blaCTX-M-65	1
RefSeq_NZ_OP006451.1	IncFII	Gram-negative	IS26	11869-12688	16496-17316	3808	blaTEM-1,rmtB1	2
RefSeq_NZ_OP038277.1	IncFII	Gram-negative	IS26	6483-7302	18236-19056	10934	dfrA17,aadA5,sul1,mrx(A),mph(A)	5
RefSeq_NZ_OP038284.1	IncFII	Gram-negative	IS26	4392-5211	6731-7550	1520	blaCTX-M-134	1
RefSeq_NZ_OP038284.1	IncFII	Gram-negative	IS26	6731-7550	10050-10871	2500	aph(3'')-Ib,sul2	2
RefSeq_NZ_OP038293.1	IncFII	Gram-negative	IS26	6484-7303	18237-19057	10934	dfrA17,aadA5,sul1,mrx(A),mph(A)	5
RefSeq_NZ_OP038301.1	IncFII	Gram-negative	IS26	6483-7302	18236-19056	10934	dfrA17,aadA5,sul1,mrx(A),mph(A)	5
RefSeq_NZ_OP066426.1	IncFII	Gram-negative	IS26	5783-6602	10435-11255	3833	mrx(A),mph(A)	2
RefSeq_NZ_OP066426.1	IncFII	Gram-negative	IS26	10435-11255	16809-17629	5554	aac(3)-IId	1
RefSeq_NZ_OP066426.1	IncFII	Gram-negative	IS26	16809-17629	20401-21220	2772	tet(B)	1
RefSeq_NZ_OP066426.1	IncFII	Gram-negative	IS26	20401-21220	26372-27192	5152	sul1,aadA5,dfrA17	3
RefSeq_NZ_OP066426.1	IncFII	Gram-negative	IS26	26372-27192	28951-29770	1759	blaTEM-1	1
RefSeq_NZ_OP066426.1	IncFII	Gram-negative	IS26	28951-29770	36616-37447	6846	sul1,ble,blaNDM-5	3
RefSeq_NZ_OP066426.1	IncFII	Gram-negative	IS26	36616-37447	41278-42097	3831	blaCTX-M-15	1
RefSeq_NZ_OP066426.1	IncFII	Gram-negative	IS26	41278-42097	44284-45104	2187	catB3,blaOXA-1,aac(6')-Ib-cr5	3
RefSeq_NZ_OP156879.1	IncFII	Gram-negative	IS1	40360-41127	70902-71669	29775	blaCTX-M-27	1
RefSeq_NZ_OP156879.1	IncFII	Gram-negative	IS26	41343-42162	43682-44501	1520	blaCTX-M-27	1
RefSeq_NZ_OP242215.1	IncFII	Gram-negative	IS26	28863-29687	39653-40474	9966	dfrA17,aadA5,sul1,mrx(A),mph(A)	5
RefSeq_NZ_OP242215.1	IncFII	Gram-negative	IS26	39653-40474	47131-47950	6657	sul2,aph(3'')-Ib,aph(6)-Id,tet(A)	4
RefSeq_NZ_OP242215.1	IncFII	Gram-negative	IS26	47131-47950	52177-52996	4227	blaCTX-M-27	1
RefSeq_NZ_OP242217.1	IncX1	Gram-negative	IS26	45893-46712	52528-53347	5816	arr-2,cmlA5,blaOXA-10,aadA1,dfrA14	5
RefSeq_NZ_OP242217.1	IncX1	Gram-negative	IS26	52528-53347	60999-61822	7652	tet(A),floR	2
RefSeq_NZ_OP242217.1	IncX1	Gram-negative	IS26	177883-178702	184518-185337	5816	arr-2,cmlA5,blaOXA-10,aadA1,dfrA14	5
RefSeq_NZ_OP242242.1	IncFII	Gram-negative	IS26	3077-3896	7736-8555	3840	blaCTX-M-27	1
RefSeq_NZ_OP242242.1	IncFII	Gram-negative	IS26	7736-8555	17170-17990	8615	tet(A),aph(6)-Id,aph(3'')-Ib,sul2,blaTEM-1	5
RefSeq_NZ_OP242242.1	IncFII	Gram-negative	IS26	17170-17990	19170-19989	1180	dfrA8	1
RefSeq_NZ_OP242256.1	IncFII	Gram-negative	IS26	19539-20358	48989-49809	28631	tet(B),dfrA14,mrx(A),mph(A)	4
RefSeq_NZ_OP242256.1	IncFII	Gram-negative	IS26	51945-52764	60472-61291	7708	sul2,aph(3'')-Ib,aph(6)-Id,blaTEM-1	4
RefSeq_NZ_OP242256.1	IncFII	Gram-negative	IS1	31448-32215	37804-38571	5589	tet(B)	1
RefSeq_NZ_OP242256.1	IncFII	Gram-negative	IS1	37804-38571	67376-68143	28805	dfrA14,mrx(A),mph(A),sul2,aph(3'')-Ib,aph(6)-Id,blaTEM-1	7
RefSeq_NZ_OP242268.1	IncX1	Gram-negative	IS1	15597-16364	30685-31452	14321	blaTEM-1,cmlA1,aadA1,tet(M)	4
RefSeq_NZ_OP242268.1	IncX1	Gram-negative	IS26	16899-17718	25134-25953	7416	blaTEM-1,cmlA1,aadA1,tet(M)	4
RefSeq_NZ_OP242268.1	IncX1	Gram-negative	IS26	56412-57231	70385-71204	13154	sul3,aadA1,cmlA1,aadA2,dfrA12	5
RefSeq_NZ_OP242268.1	IncX1	Gram-negative	IS26	70385-71204	103481-104310	32277	qnrS1	1
RefSeq_NZ_OP242282.1	IncFII	Gram-negative	IS26	12879-13698	15885-16704	2187	aac(6')-Ib-cr5,blaOXA-1,catB3	3
RefSeq_NZ_OP242282.1	IncFII	Gram-negative	IS26	15885-16704	20289-21111	3585	blaCTX-M-15	1
RefSeq_NZ_OP242282.1	IncFII	Gram-negative	IS26	20289-21111	32190-33010	11079	dfrA17,aadA5,sul1,mrx(A),mph(A)	5
RefSeq_NZ_OP242283.1	IncFII	Gram-negative	IS26	10754-11573	21539-22360	9966	dfrA17,aadA5,sul1,mrx(A),mph(A)	5
RefSeq_NZ_OP242283.1	IncFII	Gram-negative	IS26	21539-22360	29017-29839	6657	sul2,aph(3'')-Ib,aph(6)-Id,tet(A)	4
RefSeq_NZ_OP242283.1	IncFII	Gram-negative	IS26	30283-31104	34944-35763	3840	blaCTX-M-27	1
RefSeq_NZ_OP242283.1	IncFII	Gram-negative	IS26	34944-35763	40204-41023	4441	erm(B)	1
RefSeq_NZ_OP242286.1	IncX1	Gram-negative	IS26	3441-4261	24261-25080	20000	mcr-3.5	1
RefSeq_NZ_OP242286.1	IncX1	Gram-negative	IS1	17222-17989	45631-46398	27642	mcr-3.5	1
RefSeq_NZ_OP242301.1	IncX1	Gram-negative	IS26	25895-26714	29969-30788	3255	tet(M)	1
RefSeq_NZ_OP242309.1	IncX1	Gram-negative	IS1	3933-4525	22458-23225	17933	qnrS1	1
RefSeq_NZ_OP242309.1	IncX1	Gram-negative	IS26	11032-11852	16161-16980	4309	qnrS1	1
RefSeq_NZ_OP242309.1	IncX1	Gram-negative	IS26	18628-19338	35725-36547	16387	blaTEM-1	1
RefSeq_NZ_OP242309.1	IncX1	Gram-negative	IS26	53433-54252	55293-56112	1041	aph(3')-Ia	1
RefSeq_NZ_OP378607.1	IncFII	Gram-negative	IS26	41406-42225	49064-49884	6839	sul1,aadA5,dfrA17	3
RefSeq_NZ_OP378607.1	IncFII	Gram-negative	IS26	49064-49884	52821-53642	2937	mrx(A),mph(A)	2
RefSeq_NZ_OP378607.1	IncFII	Gram-negative	IS26	52821-53642	60299-61118	6657	sul2,aph(3'')-Ib,aph(6)-Id,tet(A)	4
RefSeq_NZ_OP378607.1	IncFII	Gram-negative	IS26	65056-65890	71796-72615	5906	blaCTX-M-15	1
RefSeq_NZ_OP378607.1	IncFII	Gram-negative	IS26	71796-72615	74802-75621	2187	catB3,blaOXA-1,aac(6')-Ib-cr5	3
RefSeq_NZ_OP378618.1	IncN	Gram-negative	IS26	20260-21079	41554-42373	20475	dfrA14	1
RefSeq_NZ_OP378618.1	IncN	Gram-negative	IS26	41554-42373	52748-53375	10375	qnrS1,blaLAP-1,blaTEM-168	3
RefSeq_NZ_OP378618.1	IncN	Gram-negative	IS26	52748-53375	89430-90252	36055	blaSHV-12	1
RefSeq_NZ_OP378618.1	IncN	Gram-negative	IS26	123072-123893	125704-126523	1811	aac(3)-IId	1
RefSeq_NZ_OP378619.1	IncFII	Gram-negative	IS26	12879-13698	16310-17129	2612	aac(6')-Ib-cr5,blaOXA-1,catB3	3
RefSeq_NZ_OP378621.1	IncFII	Gram-negative	IS26	19539-20358	44668-45488	24310	dfrA14,mrx(A),mph(A)	3
RefSeq_NZ_OP378621.1	IncFII	Gram-negative	IS26	47624-48443	56151-56967	7708	sul2,aph(3'')-Ib,aph(6)-Id,blaTEM-1	4
RefSeq_NZ_OP378621.1	IncFII	Gram-negative	IS1	33490-34254	63049-63816	28795	dfrA14,mrx(A),mph(A),sul2,aph(3'')-Ib,aph(6)-Id,blaTEM-1	7
RefSeq_NZ_OP378627.1	IncFII	Gram-negative	IS26	2004-2823	40662-41481	37839	tet(A)	1
RefSeq_NZ_OP378636.1	IncFII	Gram-negative	IS26	42915-43738	51878-52695	8140	sul2	1
RefSeq_NZ_OP378637.1	IncN	Gram-negative	IS26	28753-29573	40104-40941	10531	blaLAP-2,qnrS1,qnrS1	3
RefSeq_NZ_OP378647.1	IncFII	Gram-negative	IS26	7851-8671	16318-17137	7647	dfrA14	1
RefSeq_NZ_OP378647.1	IncFII	Gram-negative	IS26	154370-155189	161339-162160	6150	blaSHV-11	1
RefSeq_NZ_OP378652.1	IncFII	Gram-negative	IS26	134744-135564	149233-150052	13669	sul2,aph(3'')-Ib,aph(6)-Id,blaTEM-1,blaCTX-M-15	5
RefSeq_NZ_OP378652.1	IncFII	Gram-negative	IS26	149233-150052	152239-153058	2187	aac(6')-Ib-cr5,blaOXA-1,catB3	3
RefSeq_NZ_OP378652.1	IncFII	Gram-negative	IS26	152239-153058	159967-160786	6909	tet(A)	1
RefSeq_NZ_OP378652.1	IncFII	Gram-negative	IS26	159967-160786	163391-164210	2605	qnrB1	1
RefSeq_NZ_OP378652.1	IncFII	Gram-negative	IS26	163391-164210	170938-171757	6728	dfrA14	1
RefSeq_NZ_OP378658.1	IncN	Gram-negative	IS26	15872-16691	24308-25127	7617	qnrB1	1
RefSeq_NZ_OP378658.1	IncN	Gram-negative	IS26	24308-25127	31455-32247	6328	dfrA14	1
RefSeq_NZ_OP378658.1	IncN	Gram-negative	IS26	31455-32247	46500-47320	14253	blaCTX-M-15,blaTEM-1,aph(6)-Id,aph(3'')-Ib,sul2	5
RefSeq_NZ_OP378659.1	IncFII	Gram-negative	IS26	61234-62054	76272-77058	14218	sul2,aph(3'')-Ib,aph(6)-Id,blaTEM-1	4
RefSeq_NZ_OP378659.1	IncFII	Gram-negative	IS26	76272-77058	83786-84605	6728	dfrA14	1
RefSeq_NZ_OP378659.1	IncFII	Gram-negative	IS26	83786-84605	99913-100732	15308	qnrB1,tet(A)	2
RefSeq_NZ_OP378659.1	IncFII	Gram-negative	IS26	99913-100732	102919-103739	2187	aac(6')-Ib-cr5,blaOXA-1,catB3	3
RefSeq_NZ_OP378659.1	IncFII	Gram-negative	IS26	102919-103739	106339-107158	2600	aac(3)-IIe	1
RefSeq_NZ_OP378663.1	IncFII	Gram-negative	IS26	91072-91864	98592-99411	6728	dfrA14	1
RefSeq_NZ_OP378664.1	IncFII	Gram-negative	IS26	75162-75897	76938-77760	1041	aph(3')-Ia	1
RefSeq_NZ_OP378664.1	IncFII	Gram-negative	IS26	76938-77760	90779-91598	13019	aac(6')-Ib	1
RefSeq_NZ_OP378664.1	IncFII	Gram-negative	IS26	90779-91598	92639-93459	1041	aph(3')-Ia	1
RefSeq_NZ_OP905632.1	IncFII	Gram-negative	IS26	60588-61407	68077-68896	6670	aac(6')-Il,sul1	2
RefSeq_NZ_OP905632.1	IncFII	Gram-negative	IS26	68077-68896	72801-73620	3905	aac(3)-IId	1
RefSeq_NZ_OP927725.1	IncFII	Gram-negative	IS26	75907-76726	78677-79496	1951	qnrS2	1
RefSeq_NZ_OP927725.1	IncFII	Gram-negative	IS26	78677-79496	81447-82266	1951	qnrS2	1
RefSeq_NZ_OP927725.1	IncFII	Gram-negative	IS26	83430-84249	92548-93368	8299	oqxB,oqxA	2
RefSeq_NZ_OP950836.1	IncN	Gram-negative	IS26	1-812	1853-2673	1041	aph(3')-Ia	1
RefSeq_NZ_OP950836.1	IncN	Gram-negative	IS26	1853-2673	33124-33943	30451	sul3,aadA1,cmlA1,aadA2,estX-3,floR,sul2,aph(4)-Ia,aac(3)-IVa	9
RefSeq_NZ_OP950836.1	IncN	Gram-negative	IS26	33124-33943	37320-38139	3377	blaCTX-M-14,fosA3	2
RefSeq_NZ_OP950836.1	IncN	Gram-negative	IS26	37320-38139	60026-60847	21887	mrx(A),mph(A)	2
RefSeq_NZ_OQ230386.1	IncFII	Gram-negative	IS26	13216-14036	18457-19276	4421	erm(B)	1
RefSeq_NZ_OQ230386.1	IncFII	Gram-negative	IS26	18457-19276	22040-22860	2764	blaCTX-M-15	1
RefSeq_NZ_OQ230388.1	IncFII	Gram-negative	IS26	35058-35878	38641-39461	2763	blaCTX-M-15	1
RefSeq_NZ_OQ230388.1	IncFII	Gram-negative	IS26	38641-39461	43600-44419	4139	mph(A),mrx(A)	2
RefSeq_NZ_OQ230388.1	IncFII	Gram-negative	IS26	43600-44419	48986-49805	4567	aac(3)-IId	1
RefSeq_NZ_OQ401024.1	IncN	Gram-negative	IS26	22264-23086	41761-42581	18675	aadA1,dfrA1,mph(A),mrx(A),blaTEM-1	5
RefSeq_NZ_OQ401024.1	IncN	Gram-negative	IS26	42582-43234	44277-45096	1043	aph(3')-Ia	1
RefSeq_NZ_OQ414671.1	IncFII	Gram-negative	IS26	4393-5212	30306-31126	25094	fosA3,mrx(A),mph(A)	3
RefSeq_NZ_OQ414671.1	IncFII	Gram-negative	IS26	30306-31126	33962-34781	2836	blaTEM-1,rmtB1	2
RefSeq_NZ_OQ414671.1	IncFII	Gram-negative	IS26	33962-34781	37549-38369	2768	blaCTX-M-55	1
RefSeq_NZ_OQ423470.1	IncN	Gram-negative	IS26	1631-2451	11495-12316	9044	floR,sul2	2
RefSeq_NZ_OQ423470.1	IncN	Gram-negative	IS26	11495-12316	18370-19189	6054	aph(3')-IIa	1
RefSeq_NZ_OQ423470.1	IncN	Gram-negative	IS26	34387-35207	37975-38794	2768	blaCTX-M-55	1
RefSeq_NZ_OQ423470.1	IncN	Gram-negative	IS26	37975-38794	41282-42102	2488	fosA3	1
RefSeq_NZ_OQ423473.1	IncX1	Gram-negative	IS26	7028-7851	20831-21650	12980	floR,tet(A),aph(6)-Id,aph(3'')-Ib,sul2	5
RefSeq_NZ_OQ423473.1	IncX1	Gram-negative	IS26	20831-21650	51914-52735	30264	aph(3')-IIa	1
RefSeq_NZ_OQ423473.1	IncX1	Gram-negative	IS26	65117-65937	67252-68072	1315	blaCTX-M-55	1
RefSeq_NZ_OQ423474.1	IncN	Gram-negative	IS26	3939-4758	25592-26413	20834	fosA3	1
RefSeq_NZ_OQ423474.1	IncN	Gram-negative	IS26	38906-39725	42566-43385	2841	blaTEM-1,rmtB1	2
RefSeq_NZ_OQ423474.1	IncN	Gram-negative	IS26	42566-43385	45114-45933	1729	rmtB1	1
RefSeq_NZ_OQ423474.1	IncN	Gram-negative	IS26	45114-45933	48701-49521	2768	blaCTX-M-55	1
RefSeq_NZ_OQ423475.1	IncN	Gram-negative	IS26	15073-15893	18661-19480	2768	blaCTX-M-55	1
RefSeq_NZ_OQ423475.1	IncN	Gram-negative	IS26	18661-19480	21209-22028	1729	rmtB1	1
RefSeq_NZ_OQ423475.1	IncN	Gram-negative	IS26	21209-22028	24869-25688	2841	rmtB1,blaTEM-1	2
RefSeq_NZ_OQ423475.1	IncN	Gram-negative	IS26	38181-39002	59836-60655	20834	fosA3	1
RefSeq_NZ_OQ423476.1	IncFII	Gram-negative	IS26	4393-5212	30306-31126	25094	fosA3,mrx(A),mph(A)	3
RefSeq_NZ_OQ423476.1	IncFII	Gram-negative	IS26	30306-31126	33962-34781	2836	blaTEM-1,rmtB1	2
RefSeq_NZ_OQ423476.1	IncFII	Gram-negative	IS26	33962-34781	37549-38369	2768	blaCTX-M-55	1
RefSeq_NZ_OQ423478.1	IncFII	Gram-negative	IS26	17269-18088	33977-34797	15889	tet(B)	1
RefSeq_NZ_OQ423478.1	IncFII	Gram-negative	IS26	33977-34797	38626-39445	3829	blaCTX-M-55	1
RefSeq_NZ_OQ423478.1	IncFII	Gram-negative	IS26	38626-39445	42045-42865	2600	aac(3)-IIe	1
RefSeq_NZ_OQ423478.1	IncFII	Gram-negative	IS26	42045-42865	47138-47958	4273	erm(B)	1
RefSeq_NZ_OQ423478.1	IncFII	Gram-negative	IS26	47138-47958	57861-58680	9903	mph(A),mrx(A),sul1,aadA5,dfrA17	5
RefSeq_NZ_OQ423480.1	IncFII	Gram-negative	IS26	6103-6924	9420-10239	2496	fosA3	1
RefSeq_NZ_OQ423480.1	IncFII	Gram-negative	IS26	9420-10239	13007-13827	2768	blaCTX-M-55	1
RefSeq_NZ_OQ683453.1	IncN	Gram-negative	IS26	14051-14871	25227-26046	10356	tet(A)	1
RefSeq_NZ_OQ747074.1	IncX1	Gram-negative	IS1	8717-9484	28466-29233	18982	aph(3'')-Ib,aph(6)-Id,blaTEM,blaCTX-M-32	4
RefSeq_NZ_OQ747074.1	IncX1	Gram-negative	IS26	9501-10320	12260-13081	1940	aph(3'')-Ib,aph(6)-Id	2
RefSeq_NZ_OQ747074.1	IncX1	Gram-negative	IS26	17370-18189	25927-26747	7738	blaCTX-M-32	1
RefSeq_NZ_OQ801413.1	IncFII	Gram-negative	IS26	239632-240451	241851-242674	1400	catA2	1
RefSeq_NZ_OQ801413.1	IncFII	Gram-negative	IS26	241851-242674	250829-251650	8155	sul2	1
RefSeq_NZ_OQ821018.1	IncN	Gram-negative	IS26	56429-57266	65932-66751	8666	qnrS1	1
RefSeq_NZ_OQ821032.1	IncN	Gram-negative	IS1	5616-6383	23595-24362	17212	blaKPC-3	1
RefSeq_NZ_OQ821033.1	IncN	Gram-negative	IS1	5611-6378	23590-24357	17212	blaKPC-3	1
RefSeq_NZ_OQ821037.1	IncN	Gram-negative	IS1	5611-6378	23047-23814	16669	blaKPC-3	1
RefSeq_NZ_OQ821041.1	IncN	Gram-negative	IS1	5617-6384	33607-34374	27223	blaKPC-3,blaKPC-3	2
RefSeq_NZ_OQ821046.1	IncN	Gram-negative	IS1	5613-6380	23592-24359	17212	blaKPC-3	1
RefSeq_NZ_OQ821052.1	IncN	Gram-negative	IS26	6117-6726	10253-11072	3527	tet(D)	1
RefSeq_NZ_OQ821052.1	IncN	Gram-negative	IS26	10253-11072	54311-55148	43239	dfrA14	1
RefSeq_NZ_OQ821055.1	IncN	Gram-negative	IS26	6117-6726	10253-11072	3527	tet(D)	1
RefSeq_NZ_OQ821055.1	IncN	Gram-negative	IS26	10253-11072	53755-54592	42683	dfrA14	1
RefSeq_NZ_OQ821060.1	IncN	Gram-negative	IS26	6117-6726	10253-11072	3527	tet(D)	1
RefSeq_NZ_OQ821060.1	IncN	Gram-negative	IS26	10253-11072	49863-50682	38791	dfrA14	1
RefSeq_NZ_OQ821062.1	IncFII	Gram-negative	IS26	75162-75897	76938-77758	1041	aph(3')-Ia	1
RefSeq_NZ_OQ821063.1	IncN	Gram-negative	IS26	6117-6726	10253-11072	3527	tet(D)	1
RefSeq_NZ_OQ821065.1	IncX1	Gram-negative	IS26	6117-6726	10253-11072	3527	tet(D)	1
RefSeq_NZ_OQ821065.1	IncX1	Gram-negative	IS26	10253-11072	14991-15813	3919	blaSHV-2	1
RefSeq_NZ_OQ821065.1	IncX1	Gram-negative	IS26	17016-17836	23237-24056	5401	aadA16,dfrA27,arr-3,aac(6')-Ib-cr5	4
RefSeq_NZ_OQ821065.1	IncX1	Gram-negative	IS26	23237-24056	43099-43918	19043	qnrB6,sul1	2
RefSeq_NZ_OQ821065.1	IncX1	Gram-negative	IS26	43099-43918	52273-53092	8355	tet(D)	1
RefSeq_NZ_OQ821066.1	IncX1	Gram-negative	IS26	6117-6726	10253-11072	3527	tet(D)	1
RefSeq_NZ_OQ821066.1	IncX1	Gram-negative	IS26	10253-11072	14991-15813	3919	blaSHV-2	1
RefSeq_NZ_OQ821066.1	IncX1	Gram-negative	IS26	17016-17836	23237-24056	5401	aadA16,dfrA27,arr-3,aac(6')-Ib-cr5	4
RefSeq_NZ_OQ821066.1	IncX1	Gram-negative	IS26	23237-24056	43099-43918	19043	qnrB6,sul1	2
RefSeq_NZ_OQ821066.1	IncX1	Gram-negative	IS26	43099-43918	52273-53092	8355	tet(D)	1
RefSeq_NZ_OQ821067.1	IncX1	Gram-negative	IS26	6117-6726	10253-11072	3527	tet(D)	1
RefSeq_NZ_OQ821067.1	IncX1	Gram-negative	IS26	10253-11072	14991-15813	3919	blaSHV-2	1
RefSeq_NZ_OQ821067.1	IncX1	Gram-negative	IS26	17016-17836	23237-24056	5401	aadA16,dfrA27,arr-3,aac(6')-Ib-cr5	4
RefSeq_NZ_OQ821067.1	IncX1	Gram-negative	IS26	23237-24056	43099-43918	19043	qnrB6,sul1	2
RefSeq_NZ_OQ821067.1	IncX1	Gram-negative	IS26	43099-43918	52273-53092	8355	tet(D)	1
RefSeq_NZ_OQ821073.1	IncN	Gram-negative	IS26	6117-6726	10253-11072	3527	tet(D)	1
RefSeq_NZ_OQ821073.1	IncN	Gram-negative	IS26	10253-11072	54497-55334	43425	dfrA14	1
RefSeq_NZ_OQ821074.1	IncN	Gram-negative	IS26	6117-6726	10253-11072	3527	tet(D)	1
RefSeq_NZ_OQ821074.1	IncN	Gram-negative	IS26	10253-11072	54497-55334	43425	dfrA14	1
RefSeq_NZ_OQ821081.1	IncN	Gram-negative	IS26	6117-6726	10253-11072	3527	tet(D)	1
RefSeq_NZ_OQ821081.1	IncN	Gram-negative	IS26	10253-11072	53551-54371	42479	dfrA14	1
RefSeq_NZ_OQ821084.1	IncN	Gram-negative	IS26	6117-6726	10253-11072	3527	tet(D)	1
RefSeq_NZ_OQ821084.1	IncN	Gram-negative	IS26	10253-11072	54497-55334	43425	dfrA14	1
RefSeq_NZ_OQ821092.1	IncN	Gram-negative	IS26	6117-6726	10253-11072	3527	tet(D)	1
RefSeq_NZ_OQ821092.1	IncN	Gram-negative	IS26	10253-11072	54311-55148	43239	dfrA14	1
RefSeq_NZ_OQ821093.1	IncN	Gram-negative	IS26	6117-6726	10253-11072	3527	tet(D)	1
RefSeq_NZ_OQ821093.1	IncN	Gram-negative	IS26	10253-11072	54127-54964	43055	dfrA14	1
RefSeq_NZ_OQ821095.1	IncFII	Gram-negative	IS26	76362-77097	78138-78958	1041	aph(3')-Ia	1
RefSeq_NZ_OQ821098.1	IncN	Gram-negative	IS26	3196-4017	49402-50029	45385	sul1,aadA16,dfrA27,arr-3,aac(6')-Ib-cr5	5
RefSeq_NZ_OQ821107.1	IncFII	Gram-negative	IS26	75162-75897	76938-77758	1041	aph(3')-Ia	1
RefSeq_NZ_OQ821107.1	IncFII	Gram-negative	IS26	76938-77758	88664-89483	10906	mph(A),mrx(A),sul1,aadA2,dfrA12	5
RefSeq_NZ_OQ821109.1	IncN	Gram-negative	IS26	6132-6741	49461-50299	42720	dfrA14	1
RefSeq_NZ_OQ821110.1	IncN	Gram-negative	IS26	6117-6726	10253-11072	3527	tet(D)	1
RefSeq_NZ_OQ821110.1	IncN	Gram-negative	IS26	10253-11072	52518-53355	41446	dfrA14	1
RefSeq_NZ_OQ821181.1	IncN	Gram-negative	IS26	6117-6726	10253-11072	3527	tet(D)	1
RefSeq_NZ_OQ821181.1	IncN	Gram-negative	IS26	10253-11072	59264-60101	48192	dfrA14	1
RefSeq_NZ_OQ821183.1	IncN	Gram-negative	IS26	6117-6726	10253-11072	3527	tet(D)	1
RefSeq_NZ_OQ821183.1	IncN	Gram-negative	IS26	10253-11072	60045-60882	48973	dfrA14	1
RefSeq_NZ_OQ821184.1	IncN	Gram-negative	IS26	6117-6726	10253-11072	3527	tet(D)	1
RefSeq_NZ_OQ821184.1	IncN	Gram-negative	IS26	10253-11072	53569-54406	42497	dfrA14	1
RefSeq_NZ_OQ821189.1	IncN	Gram-negative	IS26	6117-6726	22929-23766	16203	aac(6')-Ib',aadA1,blaOXA-9,blaTEM-1,aph(6)-Id,aph(3'')-Ib,sul2	7
RefSeq_NZ_OQ821190.1	IncN	Gram-negative	IS26	6117-6726	10253-11072	3527	tet(D)	1
RefSeq_NZ_OQ821190.1	IncN	Gram-negative	IS26	10253-11072	53169-54006	42097	dfrA14	1
RefSeq_NZ_OQ821200.1	IncN	Gram-negative	IS1	5617-6384	23596-24363	17212	blaKPC-3	1
RefSeq_NZ_OQ821201.1	IncN	Gram-negative	IS1	5617-6384	23596-24363	17212	blaKPC-3	1
RefSeq_NZ_OQ821202.1	IncN	Gram-negative	IS1	5615-6382	23594-24361	17212	blaKPC-3	1
RefSeq_NZ_OQ821203.1	IncFII	Gram-negative	IS26	4393-5212	9237-10056	4025	blaCTX-M-65	1
RefSeq_NZ_OQ821203.1	IncFII	Gram-negative	IS26	11041-11860	13136-13955	1276	fosA3	1
RefSeq_NZ_OQ821203.1	IncFII	Gram-negative	IS26	13136-13955	17763-18583	3808	blaTEM-1,rmtB1	2
RefSeq_NZ_OQ821203.1	IncFII	Gram-negative	IS26	73168-73989	77916-78735	3927	blaKPC-2	1
RefSeq_NZ_OQ821203.1	IncFII	Gram-negative	IS26	153501-154323	155712-156535	1389	catA2	1
RefSeq_NZ_OQ821204.1	IncN	Gram-negative	IS1	5613-6380	23592-24359	17212	blaKPC-3	1
RefSeq_NZ_OQ821205.1	IncN	Gram-negative	IS1	5613-6380	23592-24359	17212	blaKPC-3	1
RefSeq_NZ_OQ821206.1	IncN	Gram-negative	IS1	5612-6379	24657-25424	18278	blaKPC-3	1
RefSeq_NZ_OQ821209.1	IncN	Gram-negative	IS26	29227-30046	58709-59528	28663	sul1,qnrB6,sul1,aadA16,dfrA27,arr-3,aac(6')-Ib-cr	7
RefSeq_NZ_OR041627.1	IncFII	Gram-negative	IS26	165881-166701	170509-171328	3808	rmtB1,blaTEM-1	2
RefSeq_NZ_OR041627.1	IncFII	Gram-negative	IS26	172313-173132	177157-177976	4025	blaCTX-M-65	1
RefSeq_NZ_OR041629.1	IncFII	Gram-negative	IS26	56480-57299	61324-62143	4025	blaCTX-M-65	1
RefSeq_NZ_OR041629.1	IncFII	Gram-negative	IS26	124147-124966	140063-140889	15097	blaKPC-2,blaSHV-12	2
RefSeq_NZ_OR041629.1	IncFII	Gram-negative	IS26	176255-177075	180883-181702	3808	rmtB1,blaTEM-1	2
RefSeq_NZ_OR060874.1	IncFII	Gram-negative	IS26	56164-56984	60447-61267	3463	blaCTX-M-55,blaTEM-1	2
RefSeq_NZ_OR060875.1	IncX1	Gram-negative	IS26	8344-9182	12559-13378	3377	blaCTX-M-14,fosA3	2
RefSeq_NZ_OR095741.1	IncFII	Gram-negative	IS26	214020-214839	215880-216699	1041	aph(3')-Ia	1
RefSeq_NZ_OR095741.1	IncFII	Gram-negative	IS1	203115-203882	216884-217651	13002	aph(3')-Ia	1
RefSeq_NZ_OR095743.1	IncX1	Gram-negative	IS26	2252-3071	4761-5581	1690	blaCTX-M-55	1
RefSeq_NZ_OR095743.1	IncX1	Gram-negative	IS26	54172-54991	76306-77125	21315	blaKPC-2	1
RefSeq_NZ_OR095743.1	IncX1	Gram-negative	IS26	94593-95412	109993-110812	14581	aph(3')-IIa	1
RefSeq_NZ_OR095743.1	IncX1	Gram-negative	IS26	109993-110812	112502-113322	1690	blaCTX-M-55	1
RefSeq_NZ_OU015329.1	IncN	Gram-negative	IS26	95482-96308	100208-101028	3900	aph(3')-Ia,aph(6)-Id,aph(3'')-Ib	3
RefSeq_NZ_OU015329.1	IncN	Gram-negative	IS26	100208-101028	108055-108875	7027	bleO,mcr-3.2	2
RefSeq_NZ_OU015329.1	IncN	Gram-negative	IS26	167328-168147	172297-173116	4150	aac(3)-IId	1
RefSeq_NZ_OU342707.1	IncFII	Gram-negative	IS26	16286-17107	32545-33371	15438	blaSCO-1,aac(3)-IIe,blaTEM-1	3
RefSeq_NZ_OV408203.1	IncFII	Gram-negative	IS26	6689-7508	14236-15028	6728	dfrA14	1
RefSeq_NZ_OV408203.1	IncFII	Gram-negative	IS26	14236-15028	29281-30101	14253	blaCTX-M-15,blaTEM-1,aph(6)-Id,aph(3'')-Ib,sul2	5
RefSeq_NZ_OV408203.1	IncFII	Gram-negative	IS26	228442-229261	231861-232681	2600	aac(3)-IIe	1
RefSeq_NZ_OV408203.1	IncFII	Gram-negative	IS26	231861-232681	234868-235687	2187	aac(6')-Ib-cr5,blaOXA-1,catB3	3
RefSeq_NZ_OW848786.1	IncFII	Gram-negative	IS26	7407-8226	10413-11232	2187	aac(6')-Ib-cr5,blaOXA-1,catB3	3
RefSeq_NZ_OW849065.1	IncFII	Gram-negative	IS26	12879-13698	15885-16704	2187	catB3,blaOXA-1,aac(6')-Ib-cr5	3
RefSeq_NZ_OW849065.1	IncFII	Gram-negative	IS26	15885-16704	20289-21111	3585	blaCTX-M-15	1
RefSeq_NZ_OW849065.1	IncFII	Gram-negative	IS26	20289-21111	47314-48133	26203	dfrA17,aadA5,sul1	3
RefSeq_NZ_OW849471.1	IncFII	Gram-negative	IS26	74836-75571	86298-87118	10727	dfrA12,aadA2,sul1,mrx(A),mph(A)	5
RefSeq_NZ_OW849471.1	IncFII	Gram-negative	IS26	86298-87118	92332-93151	5214	blaCTX-M-15	1
RefSeq_NZ_OW849471.1	IncFII	Gram-negative	IS26	92332-93151	95338-96157	2187	aac(6')-Ib-cr5,blaOXA-1,catB3	3
RefSeq_NZ_OW849471.1	IncFII	Gram-negative	IS26	95338-96157	97198-98017	1041	aph(3')-Ia	1
RefSeq_NZ_OW967375.1	IncFII	Gram-negative	IS26	136164-136983	151205-151997	14222	sul2,aph(3'')-Ib,aph(6)-Id,blaTEM-1,blaCTX-M-15	5
RefSeq_NZ_OW967375.1	IncFII	Gram-negative	IS26	151205-151997	158725-159544	6728	dfrA14	1
RefSeq_NZ_OW967375.1	IncFII	Gram-negative	IS26	158725-159544	173025-173844	13481	qnrB1,tet(A)	2
RefSeq_NZ_OW967375.1	IncFII	Gram-negative	IS26	173025-173844	176031-176851	2187	aac(6')-Ib-cr5,blaOXA-1,catB3	3
RefSeq_NZ_OW967375.1	IncFII	Gram-negative	IS26	176031-176851	179451-180270	2600	aac(3)-IIe	1
RefSeq_NZ_OW967803.1	IncFII	Gram-negative	IS26	7852-8671	13575-14398	4904	sul1,aadA2,dfrA12	3
RefSeq_NZ_OW967803.1	IncFII	Gram-negative	IS26	13575-14398	24317-25137	9919	blaNDM-5,ble,sul1,aadA5,dfrA17	5
RefSeq_NZ_OW967803.1	IncFII	Gram-negative	IS26	24317-25137	26896-27715	1759	blaTEM-1	1
RefSeq_NZ_OW967803.1	IncFII	Gram-negative	IS26	26896-27715	33269-34089	5554	aac(3)-IId	1
RefSeq_NZ_OW967803.1	IncFII	Gram-negative	IS26	33269-34089	38225-39044	4136	mph(A),mrx(A)	2
RefSeq_NZ_OW967803.1	IncFII	Gram-negative	IS26	38225-39044	43430-44250	4386	aph(6)-Id,aph(3'')-Ib,sul2	3
RefSeq_NZ_OW967803.1	IncFII	Gram-negative	IS26	43430-44250	50924-51743	6674	blaTEM-1	1
RefSeq_NZ_OW967803.1	IncFII	Gram-negative	IS26	59454-60274	62461-63280	2187	aac(6')-Ib-cr5,blaOXA-1,catB3	3
RefSeq_NZ_OW967803.1	IncFII	Gram-negative	IS26	62461-63280	67111-67943	3831	blaCTX-M-15	1
RefSeq_NZ_OW967967.1	IncFII	Gram-negative	IS26	9951-10770	12563-13382	1793	blaOXA-1,aac(6')-Ib-cr5	2
RefSeq_NZ_OW967967.1	IncFII	Gram-negative	IS26	12563-13382	37442-38262	24060	dfrA17,aadA5,sul1,aph(6)-Id,aph(3'')-Ib,aph(3'')-Ib,aph(6)-Id,mrx(A),mph(A)	9
RefSeq_NZ_OW967967.1	IncFII	Gram-negative	IS26	37442-38262	42330-43149	4068	erm(B)	1
RefSeq_NZ_OW968128.1	IncX1	Gram-negative	IS1	3178-3945	22300-23067	18355	aadA2,sul3,aac(3)-IVa,aph(4)-Ia,floR	5
RefSeq_NZ_OW968128.1	IncX1	Gram-negative	IS26	5127-5946	11980-12799	6034	aadA2,sul3	2
RefSeq_NZ_OW968128.1	IncX1	Gram-negative	IS26	11980-12799	20978-21799	8179	aac(3)-IVa,aph(4)-Ia,floR	3
RefSeq_NZ_OW969634.1	IncFII	Gram-negative	IS26	62300-63119	65306-66098	2187	aac(6')-Ib-cr5,blaOXA-1,catB3	3
RefSeq_NZ_OW969634.1	IncFII	Gram-negative	IS26	68744-69564	79456-80249	9892	blaTEM-1,aph(6)-Id,aph(3'')-Ib,sul2	4
RefSeq_NZ_OW969634.1	IncFII	Gram-negative	IS26	82895-83714	86314-87134	2600	aac(3)-IIe	1
RefSeq_NZ_OW969634.1	IncFII	Gram-negative	IS26	86314-87134	89321-90113	2187	aac(6')-Ib-cr5,blaOXA-1,catB3	3
RefSeq_NZ_OW969634.1	IncFII	Gram-negative	IS26	92759-93578	96178-96998	2600	aac(3)-IIe	1
RefSeq_NZ_OW969634.1	IncFII	Gram-negative	IS26	96178-96998	99185-99977	2187	aac(6')-Ib-cr5,blaOXA-1,catB3	3
RefSeq_NZ_OW969634.1	IncFII	Gram-negative	IS26	102623-103442	106042-106862	2600	aac(3)-IIe	1
RefSeq_NZ_OW969634.1	IncFII	Gram-negative	IS26	106042-106862	109049-109868	2187	aac(6')-Ib-cr5,blaOXA-1,catB3	3
RefSeq_NZ_OW969660.1	IncFII	Gram-negative	IS26	36546-37365	57313-58132	19948	blaTEM-1	1
RefSeq_NZ_OW969688.1	IncN	Gram-negative	IS26	5806-6625	31614-32435	24989	tet(A),aph(6)-Id,aph(3'')-Ib	3
RefSeq_NZ_OW969688.1	IncN	Gram-negative	IS26	34654-35473	65932-66752	30459	aac(6')-Ib-cr5,blaOXA-1,catB3,arr-3,sul1,qnrB4,blaDHA-15,sul1,mrx(A),mph(A)	10
RefSeq_NZ_OW969688.1	IncN	Gram-negative	IS26	65932-66752	67793-68612	1041	aph(3')-Ia	1
RefSeq_NZ_OW969688.1	IncN	Gram-negative	IS26	67793-68612	74747-75570	6135	sul2	1
RefSeq_NZ_OW969877.1	IncFII	Gram-negative	IS26	48553-49373	61606-62425	12233	mph(A),mrx(A),sul1,aadA2,dfrA12	5
RefSeq_NZ_OW970375.1	IncFII	Gram-negative	IS26	79034-79853	86265-87084	6412	blaCTX-M-15	1
RefSeq_NZ_OW970453.1	IncFII	Gram-negative	IS26	47936-48755	56765-57584	8010	dfrA12	1
RefSeq_NZ_OX030729.1	IncFII	Gram-negative	IS26	2015-2834	6675-7494	3841	aac(3)-IId	1
RefSeq_NZ_OX030729.1	IncFII	Gram-negative	IS26	6675-7494	11935-12755	4441	erm(B)	1
RefSeq_NZ_OX030729.1	IncFII	Gram-negative	IS26	11935-12755	22658-23477	9903	mph(A),mrx(A),sul1,aadA5,dfrA17	5
RefSeq_NZ_OX030729.1	IncFII	Gram-negative	IS26	22658-23477	26186-27005	2709	aac(6')-Ib-cr5,blaOXA-1,catB3,arr	4
RefSeq_NZ_OX337253.1	IncFII	Gram-negative	IS26	131171-131991	145660-146479	13669	sul2,aph(3'')-Ib,aph(6)-Id,blaTEM-1,blaCTX-M-15	5
RefSeq_NZ_OX337253.1	IncFII	Gram-negative	IS26	145660-146479	147507-148327	1028	aac(3)-IIe	1
RefSeq_NZ_OX337253.1	IncFII	Gram-negative	IS26	147507-148327	150514-151333	2187	catB3,blaOXA-1,aac(6')-Ib-cr5	3
RefSeq_NZ_OX337253.1	IncFII	Gram-negative	IS26	150514-151333	155783-156602	4450	qnrB1	1
RefSeq_NZ_OX337253.1	IncFII	Gram-negative	IS26	155783-156602	163330-164122	6728	dfrA14	1
RefSeq_NZ_OX637962.1	IncFII	Gram-negative	IS1	40343-41071	87851-88618	46780	dfrA17,aadA5,sul1,mrx(A),mph(A),sul2,aph(3'')-Ib,aph(6)-Id,tet(A),blaCTX-M-27	10
RefSeq_NZ_OX637962.1	IncFII	Gram-negative	IS26	41072-41891	51857-52678	9966	dfrA17,aadA5,sul1,mrx(A),mph(A)	5
RefSeq_NZ_OX637962.1	IncFII	Gram-negative	IS26	51857-52678	58292-59111	5614	sul2,aph(3'')-Ib,aph(6)-Id,tet(A)	4
RefSeq_NZ_OX637962.1	IncFII	Gram-negative	IS26	58292-59111	60631-61450	1520	blaCTX-M-27	1
RefSeq_NZ_OX637965.1	IncFII	Gram-negative	IS26	32985-33805	38365-39184	4560	dfrA17,aadA5,sul1	3
RefSeq_NZ_OY754350.1	IncFII	Gram-negative	IS26	69176-69995	72040-72861	2045	dfrA14	1
RefSeq_NZ_OY757098.1	IncFII	Gram-negative	IS26	69176-69995	72040-72861	2045	dfrA14	1
RefSeq_NZ_OY839927.1	IncFII	Gram-negative	IS26	69176-69995	72040-72861	2045	dfrA14	1
RefSeq_NZ_QURI01000003.1	IncFII	Gram-negative	IS26	4393-5212	9237-10056	4025	blaCTX-M-65	1
RefSeq_NZ_QURI01000003.1	IncFII	Gram-negative	IS26	11041-11860	15668-16488	3808	blaTEM-1,rmtB1	2
RefSeq_NZ_QURI01000003.1	IncFII	Gram-negative	IS26	39283-40102	55199-56018	15097	blaSHV-12,blaKPC-2	2
RefSeq_NZ_RSEZ01000005.1	IncFII	Gram-negative	IS26	13356-14175	16125-16948	1950	catA2	1
RefSeq_NZ_RSEZ01000005.1	IncFII	Gram-negative	IS26	16125-16948	26732-27552	9784	sul2	1
RefSeq_NZ_RSEZ01000005.1	IncFII	Gram-negative	IS26	26732-27552	41745-42566	14193	aac(3)-IId,blaTEM-1,blaCTX-M-15,dfrA30	4
RefSeq_NZ_SBIL01000003.1	IncFII	Gram-negative	IS26	73524-74345	96898-97514	22553	blaSCO-1,aac(3)-IIe,blaTEM-1,blaCTX-M-15	4
RefSeq_NZ_SBIL01000004.1	IncFII	Gram-negative	IS1	46834-47601	53815-54582	6214	aac(3)-IId	1
RefSeq_NZ_SJZK01000010.1	IncN	Gram-negative	IS26	2759-3580	9640-10463	6060	sul2	1
RefSeq_NZ_SJZK01000010.1	IncN	Gram-negative	IS26	9640-10463	38990-39809	28527	aadA5,dfrA17,tet(A)	3
RefSeq_NZ_SJZK02000012.1	IncN	Gram-negative	IS26	2759-3580	9640-10463	6060	sul2	1
RefSeq_NZ_SJZK02000012.1	IncN	Gram-negative	IS26	9640-10463	38990-39809	28527	aadA5,dfrA17,tet(A)	3
RefSeq_NZ_SPTY01000002.1	IncFII	Gram-negative	IS26	67890-68709	94131-94951	25422	blaCTX-M-14	1
RefSeq_NZ_SPTY01000002.1	IncFII	Gram-negative	IS26	98775-99595	104130-104949	4535	aac(3)-IId	1
RefSeq_NZ_SPTY01000002.1	IncFII	Gram-negative	IS26	104130-104949	115274-116093	10325	blaLAP-2,qnrS1	2
RefSeq_NZ_VKLZ01000146.1	IncN	Gram-negative	IS26	26218-27037	37576-38397	10539	aph(6)-Id,aph(3'')-Ib,dfrA19,sul1,qnrB2	5
RefSeq_NZ_VKLZ01000146.1	IncN	Gram-negative	IS26	37576-38397	50218-51037	11821	mph(A),mrx(A),sul1,arr-3,catB3,blaOXA-1,aac(6')-Ib-cr5	7
RefSeq_NZ_VKMA01000036.1	IncN	Gram-negative	IS26	25402-26220	30874-31693	4654	aph(3'')-Ib	1
RefSeq_NZ_VKMB01000109.1	IncN	Gram-negative	IS26	26218-27037	37576-38397	10539	aph(6)-Id,aph(3'')-Ib,dfrA19,sul1,qnrB2	5
RefSeq_NZ_VKMB01000109.1	IncN	Gram-negative	IS26	37576-38397	50218-51037	11821	mph(A),mrx(A),sul1,arr-3,catB3,blaOXA-1,aac(6')-Ib-cr5	7
RefSeq_NZ_VKMC01000109.1	IncN	Gram-negative	IS26	26218-27037	37576-38397	10539	aph(6)-Id,aph(3'')-Ib,dfrA19,sul1,qnrB2	5
RefSeq_NZ_VKMC01000109.1	IncN	Gram-negative	IS26	37576-38397	50218-51037	11821	mph(A),mrx(A),sul1,arr-3,catB3,blaOXA-1,aac(6')-Ib-cr5	7
RefSeq_NZ_VKME01000146.1	IncN	Gram-negative	IS26	26218-27037	37576-38397	10539	aph(6)-Id,aph(3'')-Ib,dfrA19,sul1,qnrB2	5
RefSeq_NZ_VKME01000146.1	IncN	Gram-negative	IS26	37576-38397	49301-50121	10904	mph(A),mrx(A),sul1,arr-3,catB3,blaOXA-1,aac(6')-Ib-cr5	7
RefSeq_NZ_VKMF01000347.1	IncN	Gram-negative	IS26	26219-27038	37577-38398	10539	aph(6)-Id,aph(3'')-Ib,dfrA19,sul1,qnrB2	5
RefSeq_NZ_VKMF01000347.1	IncN	Gram-negative	IS26	37577-38398	50219-51038	11821	mph(A),mrx(A),sul1,arr-3,catB3,blaOXA-1,aac(6')-Ib-cr5	7
RefSeq_NZ_VKMF01000348.1	IncN	Gram-negative	IS26	26219-27038	37577-38398	10539	aph(6)-Id,aph(3'')-Ib,dfrA19,sul1,qnrB2	5
RefSeq_NZ_VKMF01000348.1	IncN	Gram-negative	IS26	37577-38398	50219-51038	11821	mph(A),mrx(A),sul1,arr-3,catB3,blaOXA-1,aac(6')-Ib-cr5	7
RefSeq_NZ_VKMG01000183.1	IncN	Gram-negative	IS26	26218-27037	37576-38397	10539	aph(6)-Id,aph(3'')-Ib,dfrA19,sul1,qnrB2	5
RefSeq_NZ_VKMG01000183.1	IncN	Gram-negative	IS26	37576-38397	50218-51037	11821	mph(A),mrx(A),sul1,arr-3,catB3,blaOXA-1,aac(6')-Ib-cr5	7
RefSeq_NZ_VKMG01000184.1	IncN	Gram-negative	IS26	26218-27037	37576-38397	10539	aph(6)-Id,aph(3'')-Ib,dfrA19,sul1,qnrB2	5
RefSeq_NZ_VKMG01000184.1	IncN	Gram-negative	IS26	37576-38397	50218-51037	11821	mph(A),mrx(A),sul1,arr-3,catB3,blaOXA-1,aac(6')-Ib-cr5	7
RefSeq_NZ_VKMH01000253.1	IncN	Gram-negative	IS26	26218-27037	37577-38398	10540	aph(6)-Id,aph(3'')-Ib,dfrA19,sul1,qnrB	5
RefSeq_NZ_VKMH01000253.1	IncN	Gram-negative	IS26	37577-38398	50219-51038	11821	mph(A),mrx(A),sul1,arr-3,catB3,blaOXA-1,aac(6')-Ib-cr5	7
RefSeq_NZ_VKMK01000094.1	IncN	Gram-negative	IS26	27299-28118	38404-39224	10286	aph(6)-Id,aph(3'')-Ib,dfrA19,sul1,qnrB2	5
RefSeq_NZ_VKMK01000094.1	IncN	Gram-negative	IS26	38404-39224	51045-51865	11821	aac(6')-Ib-cr5,blaOXA-1,catB3,arr-3,sul1,mrx(A),mph(A)	7
RefSeq_NZ_VKML01000077.1	IncN	Gram-negative	IS26	27299-28118	38404-39224	10286	aph(6)-Id,aph(3'')-Ib,dfrA19,sul1,qnrB2	5
RefSeq_NZ_VKML01000077.1	IncN	Gram-negative	IS26	38404-39224	51045-51865	11821	aac(6')-Ib-cr5,blaOXA-1,catB3,arr-3,sul1,mrx(A),mph(A)	7
RefSeq_NZ_VKMM01000079.1	IncN	Gram-negative	IS26	27299-28118	38404-39224	10286	aph(6)-Id,aph(3'')-Ib,dfrA19,sul1,qnrB2	5
RefSeq_NZ_VKMM01000079.1	IncN	Gram-negative	IS26	38404-39224	51045-51865	11821	aac(6')-Ib-cr5,blaOXA-1,catB3,arr-3,sul1,mrx(A),mph(A)	7
RefSeq_NZ_VKMN01000123.1	IncN	Gram-negative	IS26	22346-23165	28384-29204	5219	aph(6)-Id,aph(3'')-Ib	2
RefSeq_NZ_VKMN01000123.1	IncN	Gram-negative	IS26	28384-29204	35009-35828	5805	mph(A),mrx(A)	2
RefSeq_NZ_VKMO01000193.1	IncN	Gram-negative	IS26	26218-27037	37576-38397	10539	aph(6)-Id,aph(3'')-Ib,dfrA19,sul1,qnrB2	5
RefSeq_NZ_VKMO01000193.1	IncN	Gram-negative	IS26	37576-38397	50218-51037	11821	mph(A),mrx(A),sul1,arr-3,catB3,blaOXA-1,aac(6')-Ib-cr5	7
RefSeq_NZ_VKMP01000126.1	IncN	Gram-negative	IS26	26218-27037	37574-38395	10537	aph(6)-Id,aph(3'')-Ib,dfrA19,sul1,qnrB19	5
RefSeq_NZ_VKMP01000126.1	IncN	Gram-negative	IS26	37574-38395	50199-51018	11804	mph(A),mrx(A),sul1,arr-3,catB3,blaOXA-1,aac(6')-Ib-cr5	7
RefSeq_NZ_VKMR01000046.1	IncN	Gram-negative	IS26	26218-27037	37576-38397	10539	aph(6)-Id,aph(3'')-Ib,dfrA19,sul1,qnrB2	5
RefSeq_NZ_VKMR01000046.1	IncN	Gram-negative	IS26	37576-38397	50218-51037	11821	mph(A),mrx(A),sul1,arr-3,catB3,blaOXA-1,aac(6')-Ib-cr5	7
RefSeq_NZ_VKMS01000111.1	IncN	Gram-negative	IS26	26218-27037	37576-38397	10539	aph(6)-Id,aph(3'')-Ib,dfrA19,sul1,qnrB2	5
RefSeq_NZ_VKMS01000111.1	IncN	Gram-negative	IS26	37576-38397	50218-51037	11821	mph(A),mrx(A),sul1,arr-3,catB3,blaOXA-1,aac(6')-Ib-cr5	7
RefSeq_NZ_VKMT01000144.1	IncN	Gram-negative	IS26	26218-27037	37576-38397	10539	aph(6)-Id,aph(3'')-Ib,dfrA19,sul1,qnrB2	5
RefSeq_NZ_VKMT01000144.1	IncN	Gram-negative	IS26	37576-38397	50218-51037	11821	mph(A),mrx(A),sul1,arr-3,catB3,blaOXA-1,aac(6')-Ib-cr5	7
RefSeq_NZ_VKMU01000116.1	IncN	Gram-negative	IS26	26218-27037	37576-38397	10539	aph(6)-Id,aph(3'')-Ib,dfrA19,sul1,qnrB2	5
RefSeq_NZ_VKMU01000116.1	IncN	Gram-negative	IS26	37576-38397	50218-51037	11821	mph(A),mrx(A),sul1,arr-3,catB3,blaOXA-1,aac(6')-Ib-cr5	7
RefSeq_NZ_VKMV01000063.1	IncN	Gram-negative	IS26	26218-27037	37576-38397	10539	aph(6)-Id,aph(3'')-Ib,dfrA19,sul1,qnrB2	5
RefSeq_NZ_VKMV01000063.1	IncN	Gram-negative	IS26	37576-38397	50218-51037	11821	mph(A),mrx(A),sul1,arr-3,catB3,blaOXA-1,aac(6')-Ib-cr5	7
RefSeq_NZ_VKMW01000116.1	IncN	Gram-negative	IS26	26218-27037	37576-38397	10539	aph(6)-Id,aph(3'')-Ib,dfrA19,sul1,qnrB2	5
RefSeq_NZ_VKMW01000116.1	IncN	Gram-negative	IS26	37576-38397	50218-51037	11821	mph(A),mrx(A),sul1,arr-3,catB3,blaOXA-1,aac(6')-Ib-cr5	7
RefSeq_NZ_VKMX01000101.1	IncN	Gram-negative	IS26	26218-27037	37576-38397	10539	aph(6)-Id,aph(3'')-Ib,dfrA19,sul1,qnrB2	5
RefSeq_NZ_VKMX01000101.1	IncN	Gram-negative	IS26	37576-38397	50218-51037	11821	mph(A),mrx(A),sul1,arr-3,catB3,blaOXA-1,aac(6')-Ib-cr5	7
RefSeq_NZ_VKMY01000050.1	IncN	Gram-negative	IS26	26218-27037	37576-38397	10539	aph(6)-Id,aph(3'')-Ib,dfrA19,sul1,qnrB2	5
RefSeq_NZ_VKMY01000050.1	IncN	Gram-negative	IS26	37576-38397	50218-51037	11821	mph(A),mrx(A),sul1,arr-3,catB3,blaOXA-1,aac(6')-Ib-cr5	7
RefSeq_NZ_VKMZ01000118.1	IncN	Gram-negative	IS26	26218-27037	37576-38397	10539	aph(6)-Id,aph(3'')-Ib,dfrA19,sul1,qnrB2	5
RefSeq_NZ_VKMZ01000118.1	IncN	Gram-negative	IS26	37576-38397	50218-51037	11821	mph(A),mrx(A),sul1,arr-3,catB3,blaOXA-1,aac(6')-Ib-cr5	7
RefSeq_NZ_VKNA01000110.1	IncN	Gram-negative	IS26	26218-27037	37576-38397	10539	aph(6)-Id,aph(3'')-Ib,dfrA19,sul1,qnrB2	5
RefSeq_NZ_VKNA01000110.1	IncN	Gram-negative	IS26	37576-38397	50218-51037	11821	mph(A),mrx(A),sul1,arr-3,catB3,blaOXA-1,aac(6')-Ib-cr5	7
RefSeq_NZ_VKNB01000047.1	IncN	Gram-negative	IS26	26218-27037	37576-38397	10539	aph(6)-Id,aph(3'')-Ib,dfrA19,sul1,qnrB2	5
RefSeq_NZ_VKNB01000047.1	IncN	Gram-negative	IS26	37576-38397	50218-51037	11821	mph(A),mrx(A),sul1,arr-3,catB3,blaOXA-1,aac(6')-Ib-cr5	7
RefSeq_NZ_VKNC01000072.1	IncN	Gram-negative	IS26	26218-27037	37576-38397	10539	aph(6)-Id,aph(3'')-Ib,dfrA19,sul1,qnrB2	5
RefSeq_NZ_VKNC01000072.1	IncN	Gram-negative	IS26	37576-38397	50218-51037	11821	mph(A),mrx(A),sul1,arr-3,catB3,blaOXA-1,aac(6')-Ib-cr5	7
RefSeq_NZ_VKND01000090.1	IncN	Gram-negative	IS26	26218-27037	37576-38397	10539	aph(6)-Id,aph(3'')-Ib,dfrA19,sul1,qnrB2	5
RefSeq_NZ_VKND01000090.1	IncN	Gram-negative	IS26	37576-38397	50218-51037	11821	mph(A),mrx(A),sul1,arr-3,catB3,blaOXA-1,aac(6')-Ib-cr5	7
RefSeq_NZ_VKNE01000099.1	IncN	Gram-negative	IS26	26218-27037	37576-38397	10539	aph(6)-Id,aph(3'')-Ib,dfrA19,sul1,qnrB2	5
RefSeq_NZ_VKNE01000099.1	IncN	Gram-negative	IS26	37576-38397	50218-51037	11821	mph(A),mrx(A),sul1,arr-3,catB3,blaOXA-1,aac(6')-Ib-cr5	7
RefSeq_NZ_VKNF01000119.1	IncN	Gram-negative	IS26	25509-26328	36867-37688	10539	aph(6)-Id,aph(3'')-Ib,dfrA19,sul1,qnrB2	5
RefSeq_NZ_VKNF01000119.1	IncN	Gram-negative	IS26	36867-37688	49509-50328	11821	mph(A),mrx(A),sul1,arr-3,catB3,blaOXA-1,aac(6')-Ib-cr5	7
RefSeq_NZ_VKNG01000152.1	IncN	Gram-negative	IS26	26171-26990	37529-38350	10539	aph(6)-Id,aph(3'')-Ib,dfrA19,sul1,qnrB2	5
RefSeq_NZ_VKNG01000152.1	IncN	Gram-negative	IS26	37529-38350	50171-50990	11821	mph(A),mrx(A),sul1,arr-3,catB3,blaOXA-1,aac(6')-Ib-cr5	7
RefSeq_NZ_VKNH01000084.1	IncN	Gram-negative	IS26	26218-27037	37576-38397	10539	aph(6)-Id,aph(3'')-Ib,dfrA19,sul1,qnrB2	5
RefSeq_NZ_VKNH01000084.1	IncN	Gram-negative	IS26	37576-38397	50218-51037	11821	mph(A),mrx(A),sul1,arr-3,catB3,blaOXA-1,aac(6')-Ib-cr5	7
RefSeq_NZ_VKNI01000099.1	IncN	Gram-negative	IS26	26218-27037	37576-38397	10539	aph(6)-Id,aph(3'')-Ib,dfrA19,sul1,qnrB2	5
RefSeq_NZ_VKNI01000099.1	IncN	Gram-negative	IS26	37576-38397	50218-51037	11821	mph(A),mrx(A),sul1,arr-3,catB3,blaOXA-1,aac(6')-Ib-cr5	7
RefSeq_NZ_VKNJ01000140.1	IncN	Gram-negative	IS26	25822-26641	37180-38001	10539	aph(6)-Id,aph(3'')-Ib,dfrA19,sul1,qnrB2	5
RefSeq_NZ_VKNJ01000140.1	IncN	Gram-negative	IS26	37180-38001	49816-50635	11815	mph(A),mrx(A),sul1,arr-3,catB3,blaOXA-1,aac(6')-Ib-cr5	7
RefSeq_NZ_VKNK01000077.1	IncN	Gram-negative	IS26	25822-26641	37180-38001	10539	aph(6)-Id,aph(3'')-Ib,dfrA19,sul1,qnrB2	5
RefSeq_NZ_VKNK01000077.1	IncN	Gram-negative	IS26	37180-38001	49816-50635	11815	mph(A),mrx(A),sul1,arr-3,catB3,blaOXA-1,aac(6')-Ib-cr5	7
RefSeq_NZ_VKNL01000120.1	IncFII	Gram-negative	IS26	36926-37747	63958-64777	26211	blaKPC-2	1
RefSeq_NZ_VKNM01000153.1	IncN	Gram-negative	IS26	26218-27037	37576-38397	10539	aph(6)-Id,aph(3'')-Ib,dfrA19,sul1,qnrB2	5
RefSeq_NZ_VKNM01000153.1	IncN	Gram-negative	IS26	37576-38397	50218-51037	11821	mph(A),mrx(A),sul1,arr-3,catB3,blaOXA-1,aac(6')-Ib-cr5	7
RefSeq_NZ_VKNN01000158.1	IncN	Gram-negative	IS26	26218-27037	37576-38397	10539	aph(6)-Id,aph(3'')-Ib,dfrA19,sul1,qnrB2	5
RefSeq_NZ_VKNN01000158.1	IncN	Gram-negative	IS26	37576-38397	50218-51037	11821	mph(A),mrx(A),sul1,arr-3,catB3,blaOXA-1,aac(6')-Ib-cr5	7
RefSeq_NZ_VKNO01000140.1	IncN	Gram-negative	IS26	26218-27037	37576-38397	10539	aph(6)-Id,aph(3'')-Ib,dfrA19,sul1,qnrB2	5
RefSeq_NZ_VKNO01000140.1	IncN	Gram-negative	IS26	37576-38397	50218-51037	11821	mph(A),mrx(A),sul1,arr-3,catB3,blaOXA-1,aac(6')-Ib-cr5	7
RefSeq_NZ_VKNP01000116.1	IncN	Gram-negative	IS26	26218-27037	37576-38397	10539	aph(6)-Id,aph(3'')-Ib,dfrA19,sul1,qnrB2	5
RefSeq_NZ_VKNP01000116.1	IncN	Gram-negative	IS26	37576-38397	50218-51037	11821	mph(A),mrx(A),sul1,arr-3,catB3,blaOXA-1,aac(6')-Ib-cr5	7
RefSeq_NZ_VKNQ01000128.1	IncN	Gram-negative	IS26	26218-27037	37576-38397	10539	aph(6)-Id,aph(3'')-Ib,dfrA19,sul1,qnrB2	5
RefSeq_NZ_VKNQ01000128.1	IncN	Gram-negative	IS26	37576-38397	50218-51037	11821	mph(A),mrx(A),sul1,arr-3,catB3,blaOXA-1,aac(6')-Ib-cr5	7
RefSeq_NZ_VKNR01000115.1	IncN	Gram-negative	IS26	26218-27037	37576-38397	10539	aph(6)-Id,aph(3'')-Ib,dfrA19,sul1,qnrB2	5
RefSeq_NZ_VKNR01000115.1	IncN	Gram-negative	IS26	37576-38397	50218-51037	11821	mph(A),mrx(A),sul1,arr-3,catB3,blaOXA-1,aac(6')-Ib-cr5	7
RefSeq_NZ_VKNS01000175.1	IncN	Gram-negative	IS26	26218-27037	37576-38397	10539	aph(6)-Id,aph(3'')-Ib,dfrA19,sul1,qnrB2	5
RefSeq_NZ_VKNS01000175.1	IncN	Gram-negative	IS26	37576-38397	50218-51037	11821	mph(A),mrx(A),sul1,arr-3,catB3,blaOXA-1,aac(6')-Ib-cr5	7
RefSeq_NZ_VKNT01000070.1	IncN	Gram-negative	IS26	25405-26223	30644-31463	4421	aph(6)-Id,aph(3'')-Ib	2
RefSeq_NZ_VKNU01000063.1	IncN	Gram-negative	IS26	25405-26223	30643-31462	4420	aph(6)-Id,aph(3'')-Ib	2
RefSeq_NZ_VKNV01000050.1	IncN	Gram-negative	IS26	25413-26232	35785-36605	9553	aph(6)-Id,aph(3'')-Ib,dfrA19,sul1	4
RefSeq_NZ_VKNV01000050.1	IncN	Gram-negative	IS26	35785-36605	42298-43117	5693	sul1,arr-3,catB3,blaOXA-1,aac(6')-Ib-cr5	5
RefSeq_NZ_VRSA01000003.1	IncFII	Gram-negative	IS1	68852-69564	99187-99954	29623	aph(3')-Ia,mph(A),mrx(A),sul1,aadA2,dfrA12,catA1	7
RefSeq_NZ_VRSA01000003.1	IncFII	Gram-negative	IS26	80578-81313	82354-83174	1041	aph(3')-Ia	1
RefSeq_NZ_VRSA01000003.1	IncFII	Gram-negative	IS26	82354-83174	133024-133852	49850	mph(A),mrx(A),sul1,aadA2,dfrA12,catA1	6
RefSeq_NZ_VRSA01000003.1	IncFII	Gram-negative	IS26	133024-133852	136452-137273	2600	aac(3)-IIe	1
RefSeq_NZ_VRSA01000003.1	IncFII	Gram-negative	IS26	136452-137273	139404-140223	2131	aac(6')-Ib-cr5,blaOXA-1,catB3	3
RefSeq_NZ_VRSA01000003.1	IncFII	Gram-negative	IS26	139404-140223	148232-149051	8009	qnrB1	1
RefSeq_NZ_VRSA01000003.1	IncFII	Gram-negative	IS26	148232-149051	155779-156571	6728	dfrA14	1
RefSeq_NZ_VTQB02000002.1	IncFII	Gram-negative	IS26	94194-95013	97200-98019	2187	catB3,blaOXA-1,aac(6')-Ib-cr5	3
RefSeq_NZ_VTQB02000002.1	IncFII	Gram-negative	IS26	103223-104043	117524-118344	13481	qnrB1,tet(A)	2
RefSeq_NZ_VTQB02000002.1	IncFII	Gram-negative	IS26	205284-206104	220357-221149	14253	sul2,aph(3'')-Ib,aph(6)-Id,blaTEM-1,blaCTX-M-15	5
RefSeq_NZ_VXIW01000004.1	IncFII	Gram-negative	IS26	7119-7938	10125-10944	2187	aac(6')-Ib-cr5,blaOXA-1,catB3	3
RefSeq_NZ_VXIW01000004.1	IncFII	Gram-negative	IS26	166683-167475	174203-175022	6728	dfrA14	1
RefSeq_NZ_VXIY01000008.1	IncFII	Gram-negative	IS26	210547-211368	233921-234537	22553	blaSCO-1,aac(3)-IIe,blaTEM-1,blaCTX-M-15	4
RefSeq_NZ_WMHT01000002.1	IncFII	Gram-negative	IS26	129953-130772	132959-133778	2187	aac(6')-Ib-cr5,blaOXA-1,catB3	3
RefSeq_NZ_WUUG01000022.1	IncFII	Gram-negative	IS1	56186-56949	86048-86815	29099	aac(6')-Ib-cr5,blaOXA-1,catB3,aac(3)-IIe,blaNDM-1,ble,sul1,aadA2,dfrA12	9
RefSeq_NZ_WUUG01000022.1	IncFII	Gram-negative	IS26	65081-65900	68087-68907	2187	aac(6')-Ib-cr5,blaOXA-1,catB3	3
RefSeq_NZ_WUUG01000022.1	IncFII	Gram-negative	IS26	68087-68907	70647-71466	1740	aac(3)-IIe	1
RefSeq_NZ_WUUG01000022.1	IncFII	Gram-negative	IS26	70647-71466	97905-98724	26439	blaNDM-1,ble,sul1,aadA2,dfrA12	5
