dataset	plasmid_shorter	plasmid_longer	jaccard	jaccard_bin	weight	AF_shorter	AF_min	ANI_aln	bb_AF_shorter	same_lineage	related_backbone
E1	NZ_JAUFOI020000006.1	NZ_JAUFNY020000004.1	0.0	[0, 0.01)	10.081666666666667	0.0	0.0		0.0	False	False
E1	NZ_JAUFOI020000006.1	NZ_JBRZFG010000005.1	0.0	[0, 0.01)	10.081666666666667	0.0	0.0		0.0	False	False
E1	NZ_JAUFOI020000006.1	NZ_JAUFOL020000003.1	0.0	[0, 0.01)	10.081666666666667	0.0	0.0		0.0	False	False
E1	NZ_JAUFOI020000006.1	NZ_JBRZFC010000008.1	0.0	[0, 0.01)	10.081666666666667	0.0	0.0		0.0	False	False
E1	NZ_JAUFOI020000006.1	NZ_JBRZFC010000009.1	0.0	[0, 0.01)	10.081666666666667	0.0	0.0		0.0	False	False
E1	NZ_JAUFOI020000006.1	NZ_JBRZFA010000003.1	0.0	[0, 0.01)	10.081666666666667	0.0	0.0		0.0	False	False
E1	NZ_JAUFOI020000006.1	NZ_JAUFNY020000006.1	0.0	[0, 0.01)	10.081666666666667	0.0	0.0		0.0	False	False
E1	NZ_JAUFOI020000006.1	NZ_JAUFNY020000003.1	0.0	[0, 0.01)	10.081666666666667	0.0	0.0		0.0	False	False
E1	NZ_JAUFOI020000006.1	NZ_JAUFOA020000002.1	0.0	[0, 0.01)	10.081666666666667	0.0	0.0		0.0	False	False
E1	NZ_JAUFOI020000006.1	NZ_JAUFOL020000004.1	0.0	[0, 0.01)	10.081666666666667	0.0	0.0		0.0	False	False
E1	NZ_JAUFOI020000006.1	NZ_JAUFOA020000006.1	0.0	[0, 0.01)	10.081666666666667	0.0	0.0		0.0	False	False
E1	NZ_JAUFOI020000006.1	NZ_JAUFOP020000005.1	0.0	[0, 0.01)	10.081666666666667	0.0	0.0		0.0	False	False
E1	NZ_JAUFOI020000006.1	NZ_JBRZEZ010000004.1	0.0	[0, 0.01)	10.081666666666667	0.0	0.0		0.0	False	False
E1	NZ_JAUFOA020000005.1	NZ_JAUFOM020000003.1	0.0	[0, 0.01)	10.081666666666667	0.0	0.0		0.0	False	False
E1	NZ_JAUFOA020000005.1	NZ_JAUFOL020000003.1	0.0	[0, 0.01)	10.081666666666667	0.0	0.0		0.0	False	False
E1	NZ_JAUFOA020000005.1	NZ_JBRZEW010000002.1	0.0	[0, 0.01)	10.081666666666667	0.0	0.0		0.0	False	False
E1	NZ_JAUFOA020000005.1	NZ_JBRZEU010000003.1	0.0	[0, 0.01)	10.081666666666667	0.0	0.0		0.0	False	False
E1	NZ_JAUFOA020000005.1	NZ_JAUFOO020000004.1	0.0	[0, 0.01)	10.081666666666667	0.0	0.0		0.0	False	False
E1	NZ_JAUFOA020000005.1	NZ_JAUFOD020000003.1	0.0	[0, 0.01)	10.081666666666667	0.0	0.0		0.0	False	False
E1	NZ_JAUFOA020000005.1	NZ_JBRZEU010000004.1	0.0	[0, 0.01)	10.081666666666667	0.0	0.0		0.0	False	False
E1	NZ_JAUFOL020000006.1	NZ_JAUFOA020000005.1	0.0	[0, 0.01)	10.081666666666667	0.1876621504756414	0.13014794082367054	89.346	0.1876621504756414	False	False
E1	NZ_JAUFOA020000005.1	NZ_JBRZEX010000002.1	0.0	[0, 0.01)	10.081666666666667	0.0	0.0		0.0	False	False
E1	NZ_JAUFOA020000005.1	NZ_JBRZFC010000006.1	0.0	[0, 0.01)	10.081666666666667	0.0	0.0		0.0	False	False
E1	NZ_JAUFOA020000005.1	NZ_JBRZFK010000003.1	0.0	[0, 0.01)	10.081666666666667	0.0	0.0		0.0	False	False
E1	NZ_JAUFOA020000005.1	NZ_JBRZFE010000002.1	0.0	[0, 0.01)	10.081666666666667	0.0	0.0		0.0	False	False
E1	NZ_JAUFOA020000005.1	NZ_JBRZFD010000003.1	0.0	[0, 0.01)	10.081666666666667	0.0	0.0		0.0	False	False
E1	NZ_JBRZFD010000005.1	NZ_JAUFNY020000004.1	0.0	[0, 0.01)	10.081666666666667	0.0	0.0		0.0	False	False
E1	NZ_JAUFOM020000003.1	NZ_JAUFNY020000004.1	0.0	[0, 0.01)	10.081666666666667	0.0	0.0		0.0	False	False
E1	NZ_JBRZFG010000005.1	NZ_JAUFNY020000004.1	0.0	[0, 0.01)	10.081666666666667	0.0	0.0		0.0	False	False
E1	NZ_JAUFNY020000004.1	NZ_JAUFOC020000002.1	0.0	[0, 0.01)	10.081666666666667	0.0	0.0		0.0	False	False
E1	NZ_JAUFNY020000004.1	NZ_JAUFOP020000002.1	0.0025	[0, 0.01)	10.081666666666667	0.038582353068607696	0.004593092794424223	98.3718141493543	0.038582353068607696	False	False
E1	NZ_JBRZET010000008.1	NZ_JAUFNY020000004.1	0.0	[0, 0.01)	10.081666666666667	0.0	0.0		0.0	False	False
E1	NZ_JBRZFJ010000003.1	NZ_JAUFNY020000004.1	0.0	[0, 0.01)	10.081666666666667	0.0	0.0		0.0	False	False
E1	NZ_JAUFNY020000004.1	NZ_JBRZFD010000003.1	0.0	[0, 0.01)	10.081666666666667	0.030458612248434824	0.020229118329466358	99.07510384068279	0.030458612248434824	False	False
E1	NZ_JBRZEZ010000004.1	NZ_JAUFNY020000004.1	0.0	[0, 0.01)	10.081666666666667	0.0	0.0		0.0	False	False
E1	NZ_JBRZFH010000002.1	NZ_JBRZFC010000004.1	0.0	[0, 0.01)	10.081666666666667	0.04254069055179138	0.020109037783135966	85.539344606414	0.04254069055179138	False	False
E1	NZ_JAUFNY020000007.1	NZ_JBRZFH010000002.1	0.0	[0, 0.01)	10.081666666666667	0.0	0.0		0.0	False	False
E1	NZ_JBRZFH010000002.1	NZ_JAUFOA020000002.1	0.0	[0, 0.01)	10.081666666666667	0.0	0.0		0.0	False	False
E1	NZ_JBRZET010000007.1	NZ_JBRZFG010000006.1	0.0	[0, 0.01)	10.081666666666667	0.12885857860732233	0.11076636673906298	89.694	0.12885857860732233	False	False
E1	NZ_JBRZFG010000006.1	NZ_JBRZFF010000002.1	0.0	[0, 0.01)	10.081666666666667	0.0	0.0		0.0	False	False
E1	NZ_JBRZFG010000006.1	NZ_JAUFOJ020000003.1	0.0	[0, 0.01)	10.081666666666667	0.0	0.0		0.0	False	False
E1	NZ_JBRZFG010000006.1	NZ_JAUFOP020000004.1	0.0	[0, 0.01)	10.081666666666667	0.0	0.0		0.0	False	False
E1	NZ_JBRZFG010000006.1	NZ_JBRZEU010000004.1	0.0	[0, 0.01)	10.081666666666667	0.0	0.0		0.0	False	False
E1	NZ_JBRZFG010000006.1	NZ_JAUFOL020000002.1	0.0	[0, 0.01)	10.081666666666667	0.0	0.0		0.0	False	False
E1	NZ_JBRZFH010000003.1	NZ_JBRZFG010000006.1	0.0	[0, 0.01)	10.081666666666667	0.25851703406813625	0.19795221843003413	82.317	0.25851703406813625	False	False
E1	NZ_JBRZEX010000004.1	NZ_JBRZFG010000006.1	0.0	[0, 0.01)	10.081666666666667	0.12491178546224418	0.1089047471300031	89.014	0.12491178546224418	False	False
E1	NZ_JBRZFL010000004.1	NZ_JBRZFD010000002.1	0.0	[0, 0.01)	10.081666666666667	0.0	0.0		0.0	False	False
E1	NZ_JAUFNZ020000006.1	NZ_JBRZFD010000002.1	0.0	[0, 0.01)	10.081666666666667	0.0	0.0		0.0	False	False
E1	NZ_JBRZEY010000003.1	NZ_JBRZFD010000002.1	0.0056497175141242	[0, 0.01)	10.081666666666667	0.06795779987435281	0.02270276529378985	91.53429471674092	0.06795779987435281	False	False
E1	NZ_JBRZFC010000008.1	NZ_JBRZFD010000002.1	0.0	[0, 0.01)	10.081666666666667	0.0	0.0		0.0	False	False
E1	NZ_JAUFOM020000002.1	NZ_JBRZFD010000002.1	0.0056497175141242	[0, 0.01)	10.081666666666667	0.0680227898009142	0.02272447657714381	91.47875007949125	0.0680227898009142	False	False
E1	NZ_JAUFNX020000002.1	NZ_JBRZFD010000002.1	0.0	[0, 0.01)	10.081666666666667	0.0	0.0		0.0	False	False
E1	NZ_JBRZEZ010000006.1	NZ_JAUFOA020000004.1	0.0	[0, 0.01)	10.081666666666667	0.0	0.0		0.0	False	False
E1	NZ_JBRZFA010000004.1	NZ_JAUFOA020000004.1	0.0	[0, 0.01)	10.081666666666667	0.0	0.0		0.0	False	False
E1	NZ_JAUFOO020000005.1	NZ_JAUFOA020000004.1	0.0	[0, 0.01)	10.081666666666667	0.0	0.0		0.0	False	False
E1	NZ_JAUFOD020000004.1	NZ_JAUFOA020000004.1	0.0	[0, 0.01)	10.081666666666667	0.0	0.0		0.0	False	False
E1	NZ_JAUFOA020000004.1	NZ_JAUFOF020000003.1	0.0	[0, 0.01)	10.081666666666667	0.01776391326011135	0.00912276798130945	99.87800000000001	0.01776391326011135	False	False
E1	NZ_JBRZFL010000004.1	NZ_JBRZEU010000005.1	0.0	[0, 0.01)	10.081666666666667	0.0	0.0		0.0	False	False
E1	NZ_JBRZFL010000004.1	NZ_JAUFOI020000004.1	0.0	[0, 0.01)	10.081666666666667	0.0	0.0		0.0	False	False
E1	NZ_JBRZFL010000004.1	NZ_JBRZFA010000004.1	0.0	[0, 0.01)	10.081666666666667	0.0	0.0		0.0	False	False
E1	NZ_JBRZFL010000004.1	NZ_JAUFOF020000002.1	0.0	[0, 0.01)	10.081666666666667	0.0	0.0		0.0	False	False
E1	NZ_JBRZFL010000004.1	NZ_JAUFNY020000003.1	0.0	[0, 0.01)	10.081666666666667	0.0	0.0		0.0	False	False
E1	NZ_JBRZFL010000004.1	NZ_JBRZEU010000004.1	0.0	[0, 0.01)	10.081666666666667	0.0	0.0		0.0	False	False
E1	NZ_JBRZFL010000004.1	NZ_JAUFOB020000007.1	0.0	[0, 0.01)	10.081666666666667	0.0	0.0		0.0	False	False
E1	NZ_JBRZFL010000004.1	NZ_JBRZFF010000003.1	0.0	[0, 0.01)	10.081666666666667	0.0	0.0		0.0	False	False
E1	NZ_JBRZFL010000004.1	NZ_JBRZFJ010000003.1	0.0	[0, 0.01)	10.081666666666667	0.0	0.0		0.0	False	False
E1	NZ_JBRZFL010000004.1	NZ_JAUFOA020000006.1	0.0	[0, 0.01)	10.081666666666667	0.0	0.0		0.0	False	False
E1	NZ_JBRZFD010000005.1	NZ_JAUFOM020000003.1	0.0	[0, 0.01)	10.081666666666667	0.0	0.0		0.0	False	False
E1	NZ_JBRZFD010000005.1	NZ_JBRZFI010000002.1	0.0	[0, 0.01)	10.081666666666667	0.05523590333716916	0.002175169085409374	98.438	0.05523590333716916	False	False
E1	NZ_JBRZFD010000005.1	NZ_JBRZFM010000002.1	0.0	[0, 0.01)	10.081666666666667	0.05523590333716916	0.003926119429690256	93.099	0.05523590333716916	False	False
E1	NZ_JBRZFD010000005.1	NZ_JAUFOE020000002.1	0.0	[0, 0.01)	10.081666666666667	0.0	0.0		0.0	False	False
E1	NZ_JBRZFC010000008.1	NZ_JBRZFD010000005.1	0.0	[0, 0.01)	10.081666666666667	0.24737394957983194	0.06731875719217491	85.089	0.24737394957983194	False	False
E1	NZ_JBRZFC010000009.1	NZ_JBRZFD010000005.1	0.0	[0, 0.01)	10.081666666666667	0.0	0.0		0.0	False	False
E1	NZ_JBRZFG010000004.1	NZ_JBRZFD010000005.1	0.0	[0, 0.01)	10.081666666666667	0.21281417387721466	0.07458285385500575	87.30956965648855	0.21281417387721466	False	False
E1	NZ_JAUFOO020000005.1	NZ_JBRZFD010000005.1	0.0	[0, 0.01)	10.081666666666667	0.09283309283309284	0.04077963176064442	85.324	0.09283309283309284	False	False
E1	NZ_JBRZFD010000005.1	NZ_JAUFOP020000004.1	0.0	[0, 0.01)	10.081666666666667	0.0	0.0		0.0	False	False
E1	NZ_JBRZFD010000005.1	NZ_JBRZFE010000002.1	0.0	[0, 0.01)	10.081666666666667	0.0	0.0		0.0	False	False
E1	NZ_JBRZFD010000005.1	NZ_JBRZFC010000003.1	0.0	[0, 0.01)	10.081666666666667	0.18634925201380897	0.011889466052385235	95.52667219436945	0.18634925201380897	False	False
E1	NZ_JBRZFD010000005.1	NZ_JBRZFD010000003.1	0.0	[0, 0.01)	10.081666666666667	0.021360759493670885	0.004292343387470998	89.562	0.021360759493670885	False	False
E1	NZ_JAUFOL020000005.1	NZ_JBRZFD010000005.1	0.0	[0, 0.01)	10.081666666666667	0.09283309283309284	0.04077963176064442	85.324	0.09283309283309284	False	False
E1	NZ_JAUFOF020000006.1	NZ_JBRZEV010000003.1	0.0	[0, 0.01)	10.081666666666667	0.0	0.0		0.0	False	False
E1	NZ_JBRZFA010000004.1	NZ_JBRZEV010000003.1	0.0	[0, 0.01)	10.081666666666667	0.0	0.0		0.0	False	False
E1	NZ_JBRZEV010000003.1	NZ_JBRZFC010000005.1	0.0	[0, 0.01)	10.081666666666667	0.0	0.0		0.0	False	False
E1	NZ_JBRZEV010000003.1	NZ_JAUFOP020000002.1	0.0	[0, 0.01)	10.081666666666667	0.029235329652575828	0.00537841349718292	92.56985522531161	0.029235329652575828	False	False
E1	NZ_JAUFNX020000004.1	NZ_JBRZEV010000003.1	0.0	[0, 0.01)	10.081666666666667	0.0	0.0		0.0	False	False
E1	NZ_JAUFOL020000005.1	NZ_JBRZEV010000003.1	0.0	[0, 0.01)	10.081666666666667	0.0	0.0		0.0	False	False
E1	NZ_JAUFOL020000007.1	NZ_JBRZET010000007.1	0.0	[0, 0.01)	10.081666666666667	0.0	0.0		0.0	False	False
E1	NZ_JBRZET010000007.1	NZ_JBRZFG010000005.1	0.0	[0, 0.01)	10.081666666666667	0.20997846374730797	0.12268662923684757	87.752	0.20997846374730797	False	False
E1	NZ_JBRZET010000007.1	NZ_JAUFOC020000004.1	0.0	[0, 0.01)	10.081666666666667	0.0	0.0		0.0	False	False
E1	NZ_JBRZET010000007.1	NZ_JBRZFI010000002.1	0.0	[0, 0.01)	10.081666666666667	0.0	0.0		0.0	False	False
E1	NZ_JBRZET010000007.1	NZ_JAUFOB020000006.1	0.0	[0, 0.01)	10.081666666666667	0.0	0.0		0.0	False	False
E1	NZ_JBRZET010000007.1	NZ_JAUFOJ020000003.1	0.0	[0, 0.01)	10.081666666666667	0.0	0.0		0.0	False	False
E1	NZ_JBRZET010000007.1	NZ_JBRZEY010000003.1	0.0	[0, 0.01)	10.081666666666667	0.0	0.0		0.0	False	False
E1	NZ_JBRZET010000007.1	NZ_JBRZFC010000009.1	0.0	[0, 0.01)	10.081666666666667	0.0	0.0		0.0	False	False
E1	NZ_JBRZET010000007.1	NZ_JBRZFC010000005.1	0.0	[0, 0.01)	10.081666666666667	0.0	0.0		0.0	False	False
E1	NZ_JBRZET010000007.1	NZ_JAUFNZ020000002.1	0.0	[0, 0.01)	10.081666666666667	0.0	0.0		0.0	False	False
E1	NZ_JBRZET010000007.1	NZ_JAUFOP020000003.1	0.0	[0, 0.01)	10.081666666666667	0.0	0.0		0.0	False	False
E1	NZ_JBRZET010000007.1	NZ_JBRZFC010000007.1	0.0	[0, 0.01)	10.081666666666667	0.0	0.0		0.0	False	False
E1	NZ_JBRZET010000007.1	NZ_JAUFNZ020000003.1	0.0	[0, 0.01)	10.081666666666667	0.0	0.0		0.0	False	False
E1	NZ_JBRZET010000007.1	NZ_JAUFNY020000003.1	0.0	[0, 0.01)	10.081666666666667	0.0	0.0		0.0	False	False
E1	NZ_JBRZET010000007.1	NZ_JBRZFG010000003.1	0.0	[0, 0.01)	10.081666666666667	0.0	0.0		0.0	False	False
E1	NZ_JBRZET010000007.1	NZ_JAUFOI020000002.1	0.0	[0, 0.01)	10.081666666666667	0.0	0.0		0.0	False	False
E1	NZ_JBRZET010000007.1	NZ_JBRZEX010000003.1	0.0	[0, 0.01)	10.081666666666667	0.17013639626704954	0.06860766791582588	89.027	0.17013639626704954	False	False
E1	NZ_JBRZET010000007.1	NZ_JAUFNX020000004.1	0.0	[0, 0.01)	10.081666666666667	0.0	0.0		0.0	False	False
E1	NZ_JAUFOM020000003.1	NZ_JBRZFF010000002.1	0.0	[0, 0.01)	10.081666666666667	0.0	0.0		0.0	False	False
E1	NZ_JAUFOM020000003.1	NZ_JBRZFM010000002.1	0.0	[0, 0.01)	10.081666666666667	0.0	0.0		0.0	False	False
E1	NZ_JAUFOM020000003.1	NZ_JBRZEY010000003.1	0.0	[0, 0.01)	10.081666666666667	0.0	0.0		0.0	False	False
E1	NZ_JAUFOM020000003.1	NZ_JAUFOF020000002.1	0.0	[0, 0.01)	10.081666666666667	0.0	0.0		0.0	False	False
E1	NZ_JAUFOM020000003.1	NZ_JBRZFD010000004.1	0.0	[0, 0.01)	10.081666666666667	0.0	0.0		0.0	False	False
E1	NZ_JAUFOM020000003.1	NZ_JAUFOO020000002.1	0.0	[0, 0.01)	10.081666666666667	0.0	0.0		0.0	False	False
E1	NZ_JAUFOM020000003.1	NZ_JBRZEV010000002.1	0.0	[0, 0.01)	10.081666666666667	0.0	0.0		0.0	False	False
E1	NZ_JAUFOM020000003.1	NZ_JAUFOD020000003.1	0.0	[0, 0.01)	10.081666666666667	0.0	0.0		0.0	False	False
E1	NZ_JAUFOM020000003.1	NZ_JBRZFC010000006.1	0.0	[0, 0.01)	10.081666666666667	0.0	0.0		0.0	False	False
E1	NZ_JAUFOO020000006.1	NZ_JAUFOM020000003.1	0.0	[0, 0.01)	10.081666666666667	0.0	0.0		0.0	False	False
E1	NZ_JBRZFJ010000003.1	NZ_JAUFOM020000003.1	0.0	[0, 0.01)	10.081666666666667	0.0	0.0		0.0	False	False
E1	NZ_JAUFOL020000007.1	NZ_JAUFOL020000003.1	0.0	[0, 0.01)	10.081666666666667	0.0	0.0		0.0	False	False
E1	NZ_JAUFOL020000007.1	NZ_JBRZEZ010000006.1	0.0	[0, 0.01)	10.081666666666667	0.0	0.0		0.0	False	False
E1	NZ_JAUFOL020000007.1	NZ_JAUFOM020000002.1	0.0	[0, 0.01)	10.081666666666667	0.0	0.0		0.0	False	False
E1	NZ_JAUFOL020000007.1	NZ_JBRZEU010000003.1	0.0	[0, 0.01)	10.081666666666667	0.0	0.0		0.0	False	False
E1	NZ_JAUFOL020000007.1	NZ_JBRZFG010000004.1	0.0	[0, 0.01)	10.081666666666667	0.0	0.0		0.0	False	False
E1	NZ_JAUFOL020000007.1	NZ_JBRZFL010000002.1	0.0	[0, 0.01)	10.081666666666667	0.0	0.0		0.0	False	False
E1	NZ_JAUFOL020000007.1	NZ_JAUFOL020000004.1	0.0	[0, 0.01)	10.081666666666667	0.0	0.0		0.0	False	False
E1	NZ_JAUFOL020000007.1	NZ_JBRZFC010000006.1	0.0	[0, 0.01)	10.081666666666667	0.0	0.0		0.0	False	False
E1	NZ_JAUFOL020000007.1	NZ_JBRZEX010000004.1	0.0	[0, 0.01)	10.081666666666667	0.0	0.0		0.0	False	False
E1	NZ_JAUFOL020000007.1	NZ_JAUFNX020000002.1	0.0	[0, 0.01)	10.081666666666667	0.0	0.0		0.0	False	False
E1	NZ_JAUFNZ020000005.1	NZ_JBRZFI010000003.1	0.0	[0, 0.01)	10.081666666666667	0.0	0.0		0.0	False	False
E1	NZ_JBRZEU010000005.1	NZ_JBRZFI010000003.1	0.0	[0, 0.01)	10.081666666666667	0.0	0.0		0.0	False	False
E1	NZ_JBRZFI010000003.1	NZ_JBRZFM010000002.1	0.0093167701863354	[0, 0.01)	10.081666666666667	0.09273278276827973	0.07857350994054588	94.7003629927908	0.09273278276827973	False	False
E1	NZ_JBRZFC010000009.1	NZ_JBRZFI010000003.1	0.0	[0, 0.01)	10.081666666666667	0.0	0.0		0.0	False	False
E1	NZ_JBRZFC010000005.1	NZ_JBRZFI010000003.1	0.0077519379844961	[0, 0.01)	10.081666666666667	0.08006554848660112	0.05012436008886313	91.12389622868125	0.08006554848660112	False	False
E1	NZ_JAUFNY020000005.1	NZ_JBRZFI010000003.1	0.0	[0, 0.01)	10.081666666666667	0.0	0.0		0.0	False	False
E1	NZ_JBRZFI010000003.1	NZ_JBRZFL010000002.1	0.0091743119266055	[0, 0.01)	10.081666666666667	0.09273278276827973	0.0764379991843961	94.7003629927908	0.09273278276827973	False	False
E1	NZ_JAUFNY020000007.1	NZ_JBRZFI010000003.1	0.0	[0, 0.01)	10.081666666666667	0.0	0.0		0.0	False	False
E1	NZ_JAUFOF020000006.1	NZ_JBRZFC010000005.1	0.0	[0, 0.01)	10.081666666666667	0.0	0.0		0.0	False	False
E1	NZ_JAUFOF020000006.1	NZ_JBRZFK010000002.1	0.0	[0, 0.01)	10.081666666666667	0.0	0.0		0.0	False	False
E1	NZ_JAUFOF020000006.1	NZ_JAUFOO020000004.1	0.0	[0, 0.01)	10.081666666666667	0.0	0.0		0.0	False	False
E1	NZ_JAUFOF020000006.1	NZ_JBRZFG010000004.1	0.0	[0, 0.01)	10.081666666666667	0.27123397435897434	0.1361763494025546	80.375	0.27123397435897434	False	False
E1	NZ_JAUFOF020000006.1	NZ_JAUFOO020000002.1	0.0	[0, 0.01)	10.081666666666667	0.0	0.0		0.0	False	False
E1	NZ_JAUFOF020000006.1	NZ_JBRZFG010000003.1	0.0	[0, 0.01)	10.081666666666667	0.0	0.0		0.0	False	False
E1	NZ_JAUFOF020000006.1	NZ_JBRZFJ010000002.1	0.0	[0, 0.01)	10.081666666666667	0.0	0.0		0.0	False	False
E1	NZ_JAUFOF020000005.1	NZ_JAUFNX020000003.1	0.0	[0, 0.01)	10.081666666666667	0.0	0.0		0.0	False	False
E1	NZ_JAUFOF020000005.1	NZ_JBRZFN010000003.1	0.0	[0, 0.01)	10.081666666666667	0.0	0.0		0.0	False	False
E1	NZ_JAUFOF020000005.1	NZ_JBRZFC010000005.1	0.0	[0, 0.01)	10.081666666666667	0.0	0.0		0.0	False	False
E1	NZ_JAUFOF020000005.1	NZ_JAUFOO020000004.1	0.0	[0, 0.01)	10.081666666666667	0.0	0.0		0.0	False	False
E1	NZ_JBRZFC010000007.1	NZ_JAUFOF020000005.1	0.0	[0, 0.01)	10.081666666666667	0.0	0.0		0.0	False	False
E1	NZ_JAUFOF020000005.1	NZ_JAUFNZ020000003.1	0.0	[0, 0.01)	10.081666666666667	0.0	0.0		0.0	False	False
E1	NZ_JAUFOF020000005.1	NZ_JAUFNY020000003.1	0.0	[0, 0.01)	10.081666666666667	0.0	0.0		0.0	False	False
E1	NZ_JAUFOF020000005.1	NZ_JAUFOB020000007.1	0.0	[0, 0.01)	10.081666666666667	0.0	0.0		0.0	False	False
E1	NZ_JAUFOF020000005.1	NZ_JAUFOL020000004.1	0.0	[0, 0.01)	10.081666666666667	0.0	0.0		0.0	False	False
E1	NZ_JAUFOF020000005.1	NZ_JBRZFF010000003.1	0.0	[0, 0.01)	10.081666666666667	0.0	0.0		0.0	False	False
E1	NZ_JAUFOF020000005.1	NZ_JBRZFJ010000002.1	0.0	[0, 0.01)	10.081666666666667	0.0	0.0		0.0	False	False
E1	NZ_JAUFOF020000005.1	NZ_JBRZFD010000003.1	0.0	[0, 0.01)	10.081666666666667	0.0	0.0		0.0	False	False
E1	NZ_JAUFNZ020000005.1	NZ_JAUFNZ020000002.1	0.0	[0, 0.01)	10.081666666666667	0.0	0.0		0.0	False	False
E1	NZ_JAUFNZ020000005.1	NZ_JAUFOD020000002.1	0.0	[0, 0.01)	10.081666666666667	0.0	0.0		0.0	False	False
E1	NZ_JAUFNZ020000005.1	NZ_JAUFOO020000005.1	0.0	[0, 0.01)	10.081666666666667	0.3608768971332209	0.13852813852813853	80.882	0.3608768971332209	False	False
E1	NZ_JAUFNZ020000005.1	NZ_JBRZET010000008.1	0.0	[0, 0.01)	10.081666666666667	0.6201517706576728	0.5917960971724413	85.33684412153235	0.6201517706576728	False	True
E1	NZ_JAUFNY020000007.1	NZ_JAUFNZ020000005.1	0.0	[0, 0.01)	10.081666666666667	0.38769230769230767	0.3608768971332209	88.14874943566592	0.38769230769230767	False	False
E1	NZ_JAUFNZ020000005.1	NZ_JBRZFC010000006.1	0.0	[0, 0.01)	10.081666666666667	0.0	0.0		0.0	False	False
E1	NZ_JAUFNZ020000005.1	NZ_JBRZEX010000003.1	0.0	[0, 0.01)	10.081666666666667	0.24325463743676223	0.0834534447967714	91.924	0.24325463743676223	False	False
E1	NZ_JBRZFG010000005.1	NZ_JBRZFF010000002.1	0.0	[0, 0.01)	10.081666666666667	0.0	0.0		0.0	False	False
E1	NZ_JBRZET010000008.1	NZ_JBRZFF010000002.1	0.0	[0, 0.01)	10.081666666666667	0.0	0.0		0.0	False	False
E1	NZ_JAUFOP020000005.1	NZ_JBRZFF010000002.1	0.0	[0, 0.01)	10.081666666666667	0.0	0.0		0.0	False	False
E1	NZ_JBRZFG010000005.1	NZ_JBRZFD010000004.1	0.0	[0, 0.01)	10.081666666666667	0.0	0.0		0.0	False	False
E1	NZ_JBRZFG010000005.1	NZ_JAUFNZ020000002.1	0.0	[0, 0.01)	10.081666666666667	0.0	0.0		0.0	False	False
E1	NZ_JAUFOA020000009.1	NZ_JBRZFG010000005.1	0.0	[0, 0.01)	10.081666666666667	0.26681318681318683	0.12331045955500104	89.034	0.26681318681318683	False	False
E1	NZ_JAUFOA020000008.1	NZ_JBRZFG010000005.1	0.0	[0, 0.01)	10.081666666666667	0.24377899620413326	0.12247868579746309	86.532	0.24377899620413326	False	False
E1	NZ_JBRZFG010000005.1	NZ_JAUFOO020000005.1	0.0	[0, 0.01)	10.081666666666667	0.1239342898731545	0.0962000962000962	88.76	0.1239342898731545	False	False
E1	NZ_JBRZET010000008.1	NZ_JBRZFG010000005.1	0.0	[0, 0.01)	10.081666666666667	0.23257666268418956	0.12185485547930963	83.278	0.23257666268418956	False	False
E1	NZ_JBRZFG010000005.1	NZ_JAUFOB020000007.1	0.0	[0, 0.01)	10.081666666666667	0.0	0.0		0.0	False	False
E1	NZ_JBRZFG010000005.1	NZ_JAUFOL020000004.1	0.0	[0, 0.01)	10.081666666666667	0.0	0.0		0.0	False	False
E1	NZ_JAUFOA020000006.1	NZ_JBRZFG010000005.1	0.0	[0, 0.01)	10.081666666666667	0.0	0.0		0.0	False	False
E1	NZ_JBRZFJ010000004.1	NZ_JBRZEU010000005.1	0.0	[0, 0.01)	10.081666666666667	0.0	0.0		0.0	False	False
E1	NZ_JBRZFJ010000004.1	NZ_JBRZFM010000002.1	0.0	[0, 0.01)	10.081666666666667	0.0	0.0		0.0	False	False
E1	NZ_JBRZFJ010000004.1	NZ_JBRZEY010000003.1	0.0	[0, 0.01)	10.081666666666667	0.0	0.0		0.0	False	False
E1	NZ_JBRZFJ010000004.1	NZ_JBRZEV010000002.1	0.0	[0, 0.01)	10.081666666666667	0.0	0.0		0.0	False	False
E1	NZ_JBRZFJ010000004.1	NZ_JAUFOP020000004.1	0.0	[0, 0.01)	10.081666666666667	0.0	0.0		0.0	False	False
E1	NZ_JBRZFJ010000004.1	NZ_JBRZFF010000003.1	0.0	[0, 0.01)	10.081666666666667	0.0	0.0		0.0	False	False
E1	NZ_JBRZFJ010000004.1	NZ_JBRZFD010000003.1	0.0	[0, 0.01)	10.081666666666667	0.0	0.0		0.0	False	False
E1	NZ_JBRZFM010000003.1	NZ_JAUFNX020000003.1	0.0	[0, 0.01)	10.081666666666667	0.0	0.0		0.0	False	False
E1	NZ_JAUFNX020000003.1	NZ_JAUFOF020000002.1	0.0	[0, 0.01)	10.081666666666667	0.030610255410411385	0.007748834658623526	99.71698089171973	0.030610255410411385	False	False
E1	NZ_JBRZFD010000006.1	NZ_JAUFNX020000003.1	0.0	[0, 0.01)	10.081666666666667	0.0	0.0		0.0	False	False
E1	NZ_JBRZEX010000004.1	NZ_JAUFNX020000003.1	0.0	[0, 0.01)	10.081666666666667	0.0	0.0		0.0	False	False
E1	NZ_JBRZFM010000003.1	NZ_JAUFOE020000002.1	0.0	[0, 0.01)	10.081666666666667	0.0	0.0		0.0	False	False
E1	NZ_JBRZFM010000003.1	NZ_JBRZFB010000003.1	0.0	[0, 0.01)	10.081666666666667	0.20363466915191053	0.0656009651636254	85.79500000000002	0.20363466915191053	False	False
E1	NZ_JBRZET010000008.1	NZ_JBRZFM010000003.1	0.0	[0, 0.01)	10.081666666666667	0.34926324173636003	0.20177073625349487	80.67000000000002	0.34926324173636003	False	False
E1	NZ_JBRZEX010000004.1	NZ_JBRZFM010000003.1	0.0	[0, 0.01)	10.081666666666667	0.15702187720536345	0.10414725069897483	94.889	0.15702187720536345	False	False
E1	NZ_JBRZFM010000003.1	NZ_JAUFNX020000002.1	0.0	[0, 0.01)	10.081666666666667	0.0	0.0		0.0	False	False
E1	NZ_JAUFOI020000004.1	NZ_JAUFOL020000003.1	0.0	[0, 0.01)	10.081666666666667	0.0	0.0		0.0	False	False
E1	NZ_JAUFOM020000002.1	NZ_JAUFOL020000003.1	0.0	[0, 0.01)	10.081666666666667	0.0	0.0		0.0	False	False
E1	NZ_JBRZEU010000003.1	NZ_JAUFOL020000003.1	0.0	[0, 0.01)	10.081666666666667	0.0	0.0		0.0	False	False
E1	NZ_JBRZFL010000003.1	NZ_JAUFOL020000003.1	0.0	[0, 0.01)	10.081666666666667	0.0	0.0		0.0	False	False
E1	NZ_JAUFOL020000003.1	NZ_JAUFOP020000002.1	0.0	[0, 0.01)	10.081666666666667	0.0	0.0		0.0	False	False
E1	NZ_JAUFNY020000003.1	NZ_JAUFOL020000003.1	0.0	[0, 0.01)	10.081666666666667	0.0	0.0		0.0	False	False
E1	NZ_JAUFOI020000003.1	NZ_JAUFOL020000003.1	0.0	[0, 0.01)	10.081666666666667	0.0	0.0		0.0	False	False
E1	NZ_JAUFOL020000003.1	NZ_JAUFOL020000002.1	0.0	[0, 0.01)	10.081666666666667	0.0	0.0		0.0	False	False
E1	NZ_JBRZFK010000003.1	NZ_JAUFOL020000003.1	0.0	[0, 0.01)	10.081666666666667	0.0	0.0		0.0	False	False
E1	NZ_JAUFNX020000004.1	NZ_JAUFOL020000003.1	0.0	[0, 0.01)	10.081666666666667	0.0	0.0		0.0	False	False
E1	NZ_JBRZFJ010000003.1	NZ_JAUFOL020000003.1	0.0	[0, 0.01)	10.081666666666667	0.0	0.0		0.0	False	False
E1	NZ_JAUFOL020000003.1	NZ_JBRZFC010000003.1	0.0	[0, 0.01)	10.081666666666667	0.0	0.0		0.0	False	False
E1	NZ_JBRZFN010000003.1	NZ_JBRZEU010000002.1	0.0090497737556561	[0, 0.01)	10.081666666666667	0.04560290487750148	0.038160845063217756	97.83320437793165	0.04560290487750148	False	False
E1	NZ_JAUFOI020000005.1	NZ_JBRZFN010000003.1	0.0	[0, 0.01)	10.081666666666667	0.0	0.0		0.0	False	False
E1	NZ_JBRZFN010000003.1	NZ_JBRZFA010000003.1	0.0	[0, 0.01)	10.081666666666667	0.026978233818159565	0.011971575993482393	94.74858632414053	0.026978233818159565	False	False
E1	NZ_JBRZFN010000003.1	NZ_JAUFOC020000002.1	0.0	[0, 0.01)	10.081666666666667	0.007833377532078089	0.007705694769986017	87.38600000000001	0.007833377532078089	False	False
E1	NZ_JAUFOA020000008.1	NZ_JBRZFN010000003.1	0.0	[0, 0.01)	10.081666666666667	0.0	0.0		0.0	False	False
E1	NZ_JBRZFB010000003.1	NZ_JBRZFN010000003.1	0.0	[0, 0.01)	10.081666666666667	0.04576986879806967	0.006181024458905367	88.816	0.04576986879806967	False	False
E1	NZ_JAUFOP020000005.1	NZ_JBRZFN010000003.1	0.0	[0, 0.01)	10.081666666666667	0.0	0.0		0.0	False	False
E1	NZ_JAUFOI020000004.1	NZ_JBRZFE010000003.1	0.0	[0, 0.01)	10.081666666666667	0.0	0.0		0.0	False	False
E1	NZ_JBRZFE010000003.1	NZ_JAUFOO020000003.1	0.0	[0, 0.01)	10.081666666666667	0.031262445240939865	0.007750364755312263	99.71698089171973	0.031262445240939865	False	False
E1	NZ_JBRZFE010000003.1	NZ_JAUFOP020000002.1	0.0025125628140703	[0, 0.01)	10.081666666666667	0.03940439842470906	0.004593092794424223	98.3719073554183	0.03940439842470906	False	False
E1	NZ_JBRZFJ010000003.1	NZ_JBRZFE010000003.1	0.0	[0, 0.01)	10.081666666666667	0.0	0.0		0.0	False	False
E1	NZ_JBRZEU010000005.1	NZ_JAUFOC020000004.1	0.0	[0, 0.01)	10.081666666666667	0.0	0.0		0.0	False	False
E1	NZ_JBRZET010000008.1	NZ_JAUFOC020000004.1	0.0	[0, 0.01)	10.081666666666667	0.0	0.0		0.0	False	False
E1	NZ_JAUFOC020000004.1	NZ_JAUFOA020000002.1	0.0	[0, 0.01)	10.081666666666667	0.0	0.0		0.0	False	False
E1	NZ_JBRZFK010000003.1	NZ_JAUFOC020000004.1	0.0	[0, 0.01)	10.081666666666667	0.0	0.0		0.0	False	False
E1	NZ_JAUFOC020000004.1	NZ_JAUFOF020000003.1	0.0	[0, 0.01)	10.081666666666667	0.01776391326011135	0.00912276798130945	99.87800000000001	0.01776391326011135	False	False
E1	NZ_JBRZEU010000005.1	NZ_JAUFOE020000002.1	0.0	[0, 0.01)	10.081666666666667	0.0	0.0		0.0	False	False
E1	NZ_JBRZEZ010000006.1	NZ_JBRZEU010000005.1	0.0	[0, 0.01)	10.081666666666667	0.0	0.0		0.0	False	False
E1	NZ_JBRZFA010000004.1	NZ_JBRZEU010000005.1	0.0	[0, 0.01)	10.081666666666667	0.0	0.0		0.0	False	False
E1	NZ_JBRZEU010000005.1	NZ_JBRZFA010000003.1	0.0	[0, 0.01)	10.081666666666667	0.0	0.0		0.0	False	False
E1	NZ_JBRZEU010000005.1	NZ_JAUFOF020000002.1	0.0	[0, 0.01)	10.081666666666667	0.0	0.0		0.0	False	False
E1	NZ_JBRZEU010000005.1	NZ_JBRZEU010000003.1	0.0	[0, 0.01)	10.081666666666667	0.0	0.0		0.0	False	False
E1	NZ_JBRZEU010000005.1	NZ_JAUFOC020000002.1	0.0	[0, 0.01)	10.081666666666667	0.0	0.0		0.0	False	False
E1	NZ_JAUFOA020000008.1	NZ_JBRZEU010000005.1	0.0	[0, 0.01)	10.081666666666667	0.0	0.0		0.0	False	False
E1	NZ_JBRZEU010000005.1	NZ_JBRZEV010000002.1	0.0	[0, 0.01)	10.081666666666667	0.0	0.0		0.0	False	False
E1	NZ_JBRZEU010000005.1	NZ_JAUFOI020000002.1	0.0	[0, 0.01)	10.081666666666667	0.0	0.0		0.0	False	False
E1	NZ_JBRZEU010000005.1	NZ_JBRZFJ010000002.1	0.0	[0, 0.01)	10.081666666666667	0.0	0.0		0.0	False	False
E1	NZ_JBRZEZ010000006.1	NZ_JBRZEU010000002.1	0.0	[0, 0.01)	10.081666666666667	0.0	0.0		0.0	False	False
E1	NZ_JAUFOP020000006.1	NZ_JBRZEU010000002.1	0.0	[0, 0.01)	10.081666666666667	0.0	0.0		0.0	False	False
E1	NZ_JBRZEU010000002.1	NZ_JBRZFA010000003.1	0.0	[0, 0.01)	10.081666666666667	0.07776252632296897	0.04115596994659183	83.3512544069641	0.07776252632296897	False	False
E1	NZ_JBRZEU010000003.1	NZ_JBRZEU010000002.1	0.0	[0, 0.01)	10.081666666666667	0.01776391326011135	0.006991039533475996	100.0	0.01776391326011135	False	False
E1	NZ_JBRZFG010000004.1	NZ_JBRZEU010000002.1	0.0	[0, 0.01)	10.081666666666667	0.0	0.0		0.0	False	False
E1	NZ_JBRZET010000008.1	NZ_JBRZEU010000002.1	0.0	[0, 0.01)	10.081666666666667	0.0	0.0		0.0	False	False
E1	NZ_JAUFOL020000006.1	NZ_JBRZEU010000002.1	0.0	[0, 0.01)	10.081666666666667	0.0	0.0		0.0	False	False
E1	NZ_JBRZFD010000006.1	NZ_JBRZEU010000002.1	0.0	[0, 0.01)	10.081666666666667	0.0	0.0		0.0	False	False
E1	NZ_JAUFOO020000006.1	NZ_JBRZEU010000002.1	0.0	[0, 0.01)	10.081666666666667	0.0	0.0		0.0	False	False
E1	NZ_JAUFOP020000005.1	NZ_JBRZEU010000002.1	0.0	[0, 0.01)	10.081666666666667	0.0	0.0		0.0	False	False
E1	NZ_JAUFNZ020000006.1	NZ_JBRZFI010000002.1	0.0	[0, 0.01)	10.081666666666667	0.0	0.0		0.0	False	False
E1	NZ_JBRZFG010000004.1	NZ_JBRZFI010000002.1	0.0	[0, 0.01)	10.081666666666667	0.0	0.0		0.0	False	False
E1	NZ_JBRZEU010000004.1	NZ_JBRZFI010000002.1	0.0	[0, 0.01)	10.081666666666667	0.0	0.0		0.0	False	False
E1	NZ_JAUFOL020000006.1	NZ_JBRZFI010000002.1	0.0	[0, 0.01)	10.081666666666667	0.0	0.0		0.0	False	False
E1	NZ_JBRZFD010000006.1	NZ_JBRZFI010000002.1	0.0	[0, 0.01)	10.081666666666667	0.0	0.0		0.0	False	False
E1	NZ_JBRZFK010000003.1	NZ_JBRZFI010000002.1	0.0	[0, 0.01)	10.081666666666667	0.0	0.0		0.0	False	False
E1	NZ_JBRZEX010000004.1	NZ_JBRZFI010000002.1	0.0	[0, 0.01)	10.081666666666667	0.0	0.0		0.0	False	False
E1	NZ_JBRZFF010000003.1	NZ_JBRZFI010000002.1	0.0	[0, 0.01)	10.081666666666667	0.0	0.0		0.0	False	False
E1	NZ_JBRZEZ010000004.1	NZ_JBRZFI010000002.1	0.0	[0, 0.01)	10.081666666666667	0.0	0.0		0.0	False	False
E1	NZ_JBRZEZ010000006.1	NZ_JBRZFM010000002.1	0.0	[0, 0.01)	10.081666666666667	0.0	0.0		0.0	False	False
E1	NZ_JBRZFC010000009.1	NZ_JBRZFM010000002.1	0.0	[0, 0.01)	10.081666666666667	0.0	0.0		0.0	False	False
E1	NZ_JBRZEZ010000003.1	NZ_JBRZFM010000002.1	0.0	[0, 0.01)	10.081666666666667	0.0	0.0		0.0	False	False
E1	NZ_JBRZET010000008.1	NZ_JBRZFM010000002.1	0.0	[0, 0.01)	10.081666666666667	0.0	0.0		0.0	False	False
E1	NZ_JBRZFG010000004.1	NZ_JAUFOE020000002.1	0.0	[0, 0.01)	10.081666666666667	0.0	0.0		0.0	False	False
E1	NZ_JBRZFL010000003.1	NZ_JAUFOE020000002.1	0.0	[0, 0.01)	10.081666666666667	0.0	0.0		0.0	False	False
E1	NZ_JAUFOA020000008.1	NZ_JAUFOE020000002.1	0.0	[0, 0.01)	10.081666666666667	0.0	0.0		0.0	False	False
E1	NZ_JAUFNY020000007.1	NZ_JAUFOE020000002.1	0.0	[0, 0.01)	10.081666666666667	0.0	0.0		0.0	False	False
E1	NZ_JAUFOL020000005.1	NZ_JAUFOE020000002.1	0.0	[0, 0.01)	10.081666666666667	0.0	0.0		0.0	False	False
E1	NZ_JAUFOA020000006.1	NZ_JAUFOE020000002.1	0.0	[0, 0.01)	10.081666666666667	0.0	0.0		0.0	False	False
E1	NZ_JAUFOI020000005.1	NZ_JAUFOP020000003.1	0.0	[0, 0.01)	10.081666666666667	0.0	0.0		0.0	False	False
E1	NZ_JAUFOI020000005.1	NZ_JAUFOP020000004.1	0.0	[0, 0.01)	10.081666666666667	0.0	0.0		0.0	False	False
E1	NZ_JAUFOI020000005.1	NZ_JBRZEZ010000004.1	0.0	[0, 0.01)	10.081666666666667	0.10492937445949842	0.08791736728320923	93.169	0.10492937445949842	False	False
E1	NZ_JAUFNZ020000006.1	NZ_JBRZFM010000004.1	0.0	[0, 0.01)	10.081666666666667	0.0	0.0		0.0	False	False
E1	NZ_JBRZFM010000004.1	NZ_JBRZFC010000004.1	0.0	[0, 0.01)	10.081666666666667	0.0	0.0		0.0	False	False
E1	NZ_JBRZFM010000004.1	NZ_JAUFNZ020000004.1	0.0	[0, 0.01)	10.081666666666667	0.0	0.0		0.0	False	False
E1	NZ_JBRZFM010000004.1	NZ_JAUFOO020000003.1	0.0	[0, 0.01)	10.081666666666667	0.0	0.0		0.0	False	False
E1	NZ_JBRZFM010000004.1	NZ_JAUFOI020000003.1	0.0	[0, 0.01)	10.081666666666667	0.0	0.0		0.0	False	False
E1	NZ_JBRZFM010000004.1	NZ_JAUFOB020000010.1	0.0	[0, 0.01)	10.081666666666667	0.0	0.0		0.0	False	False
E1	NZ_JBRZFM010000004.1	NZ_JBRZEX010000002.1	0.0	[0, 0.01)	10.081666666666667	0.0	0.0		0.0	False	False
E1	NZ_JBRZFM010000004.1	NZ_JBRZFD010000003.1	0.0	[0, 0.01)	10.081666666666667	0.0	0.0		0.0	False	False
E1	NZ_JBRZFC010000008.1	NZ_JAUFOB020000006.1	0.0	[0, 0.01)	10.081666666666667	0.0	0.0		0.0	False	False
E1	NZ_JBRZFC010000009.1	NZ_JAUFOB020000006.1	0.0	[0, 0.01)	10.081666666666667	0.0	0.0		0.0	False	False
E1	NZ_JAUFOA020000009.1	NZ_JAUFOB020000006.1	0.0	[0, 0.01)	10.081666666666667	0.0	0.0		0.0	False	False
E1	NZ_JAUFOB020000006.1	NZ_JBRZEZ010000003.1	0.0	[0, 0.01)	10.081666666666667	0.0	0.0		0.0	False	False
E1	NZ_JAUFOO020000005.1	NZ_JAUFOB020000006.1	0.0	[0, 0.01)	10.081666666666667	0.0	0.0		0.0	False	False
E1	NZ_JAUFOB020000006.1	NZ_JAUFOI020000002.1	0.0	[0, 0.01)	10.081666666666667	0.017785576568965143	0.004608062144292401	99.878	0.017785576568965143	False	False
E1	NZ_JAUFOB020000006.1	NZ_JAUFOL020000002.1	0.0	[0, 0.01)	10.081666666666667	0.017785576568965143	0.004607932828574796	99.878	0.017785576568965143	False	False
E1	NZ_JBRZFH010000003.1	NZ_JAUFOB020000006.1	0.0	[0, 0.01)	10.081666666666667	0.0	0.0		0.0	False	False
E1	NZ_JAUFOB020000006.1	NZ_JBRZFC010000006.1	0.0	[0, 0.01)	10.081666666666667	0.0	0.0		0.0	False	False
E1	NZ_JAUFOB020000006.1	NZ_JBRZFF010000003.1	0.0	[0, 0.01)	10.081666666666667	0.0	0.0		0.0	False	False
E1	NZ_JAUFNZ020000006.1	NZ_JAUFOI020000004.1	0.0	[0, 0.01)	10.081666666666667	0.4210989010989011	0.1507134840468174	83.43611213991771	0.4210989010989011	False	False
E1	NZ_JAUFNZ020000006.1	NZ_JAUFOD020000005.1	0.0	[0, 0.01)	10.081666666666667	0.3701098901098901	0.17955860295693166	90.90877804014168	0.3701098901098901	False	False
E1	NZ_JAUFNZ020000006.1	NZ_JBRZFB010000003.1	0.0	[0, 0.01)	10.081666666666667	0.3898901098901099	0.06552556175539134	86.42918687430478	0.3898901098901099	False	False
E1	NZ_JAUFNZ020000006.1	NZ_JAUFOL020000005.1	0.0	[0, 0.01)	10.081666666666667	0.4210989010989011	0.1507134840468174	83.43611213991771	0.4210989010989011	False	False
E1	NZ_JBRZEZ010000006.1	NZ_JBRZEW010000002.1	0.0	[0, 0.01)	10.081666666666667	0.0	0.0		0.0	False	False
E1	NZ_JBRZEZ010000006.1	NZ_JBRZFC010000004.1	0.0	[0, 0.01)	10.081666666666667	0.0	0.0		0.0	False	False
E1	NZ_JBRZEZ010000006.1	NZ_JAUFOP020000002.1	0.0	[0, 0.01)	10.081666666666667	0.0	0.0		0.0	False	False
E1	NZ_JBRZEZ010000006.1	NZ_JBRZEU010000004.1	0.0	[0, 0.01)	10.081666666666667	0.0	0.0		0.0	False	False
E1	NZ_JBRZEZ010000006.1	NZ_JBRZFG010000003.1	0.0	[0, 0.01)	10.081666666666667	0.0	0.0		0.0	False	False
E1	NZ_JBRZEZ010000006.1	NZ_JAUFOI020000003.1	0.0	[0, 0.01)	10.081666666666667	0.0	0.0		0.0	False	False
E1	NZ_JBRZEZ010000006.1	NZ_JAUFOL020000004.1	0.0	[0, 0.01)	10.081666666666667	0.0	0.0		0.0	False	False
E1	NZ_JBRZEZ010000006.1	NZ_JBRZFK010000003.1	0.0	[0, 0.01)	10.081666666666667	0.0	0.0		0.0	False	False
E1	NZ_JBRZEZ010000006.1	NZ_JAUFOO020000006.1	0.0	[0, 0.01)	10.081666666666667	0.0	0.0		0.0	False	False
E1	NZ_JAUFOI020000004.1	NZ_JBRZEU010000003.1	0.0	[0, 0.01)	10.081666666666667	0.0	0.0		0.0	False	False
E1	NZ_JAUFNZ020000004.1	NZ_JAUFOI020000004.1	0.0	[0, 0.01)	10.081666666666667	0.47200637577206617	0.37983004649671315	86.11611073825505	0.47200637577206617	False	False
E1	NZ_JBRZET010000008.1	NZ_JAUFOI020000004.1	0.0	[0, 0.01)	10.081666666666667	0.23058542413381122	0.09363476030142696	84.772	0.23058542413381122	False	False
E1	NZ_JAUFOL020000006.1	NZ_JAUFOI020000004.1	0.0	[0, 0.01)	10.081666666666667	0.15624099164024213	0.08706108706108706	85.688	0.15624099164024213	False	False
E1	NZ_JBRZEW010000002.1	NZ_JBRZFA010000003.1	0.0	[0, 0.01)	10.081666666666667	0.028090812493452463	0.016963881596813616	83.78917459473824	0.028090812493452463	False	False
E1	NZ_JAUFNZ020000002.1	NZ_JBRZEW010000002.1	0.0	[0, 0.01)	10.081666666666667	0.0	0.0		0.0	False	False
E1	NZ_JBRZEW010000002.1	NZ_JAUFOP020000003.1	0.0031746031746031	[0, 0.01)	10.081666666666667	0.03431658659961987	0.02511573312271002	91.52848279616725	0.03431658659961987	False	False
E1	NZ_JAUFNY020000002.1	NZ_JBRZEW010000002.1	0.0	[0, 0.01)	10.081666666666667	0.03484196060467247	0.028479923375087923	91.15946615949633	0.03484196060467247	False	False
E1	NZ_JAUFOA020000009.1	NZ_JBRZEW010000002.1	0.0	[0, 0.01)	10.081666666666667	0.0	0.0		0.0	False	False
E1	NZ_JBRZFL010000003.1	NZ_JBRZEW010000002.1	0.0	[0, 0.01)	10.081666666666667	0.0	0.0		0.0	False	False
E1	NZ_JAUFOD020000004.1	NZ_JBRZEW010000002.1	0.0	[0, 0.01)	10.081666666666667	0.0	0.0		0.0	False	False
E1	NZ_JBRZFA010000004.1	NZ_JAUFNZ020000002.1	0.0	[0, 0.01)	10.081666666666667	0.0	0.0		0.0	False	False
E1	NZ_JBRZFA010000004.1	NZ_JAUFOP020000003.1	0.0	[0, 0.01)	10.081666666666667	0.0	0.0		0.0	False	False
E1	NZ_JAUFOA020000009.1	NZ_JBRZFA010000004.1	0.0	[0, 0.01)	10.081666666666667	0.37054945054945054	0.258144585789637	81.382	0.37054945054945054	False	False
E1	NZ_JBRZFA010000004.1	NZ_JBRZEZ010000003.1	0.0	[0, 0.01)	10.081666666666667	0.0	0.0		0.0	False	False
E1	NZ_JBRZFA010000004.1	NZ_JAUFOO020000002.1	0.0	[0, 0.01)	10.081666666666667	0.0	0.0		0.0	False	False
E1	NZ_JBRZFA010000004.1	NZ_JAUFOA020000002.1	0.0	[0, 0.01)	10.081666666666667	0.0	0.0		0.0	False	False
E1	NZ_JBRZFA010000004.1	NZ_JAUFOL020000004.1	0.0	[0, 0.01)	10.081666666666667	0.0	0.0		0.0	False	False
E1	NZ_JBRZFA010000004.1	NZ_JBRZEZ010000004.1	0.0	[0, 0.01)	10.081666666666667	0.14830902885510394	0.11386019697333653	84.232	0.14830902885510394	False	False
E1	NZ_JBRZEU010000004.1	NZ_JAUFOJ020000003.1	0.0	[0, 0.01)	10.081666666666667	0.0	0.0		0.0	False	False
E1	NZ_JAUFOJ020000003.1	NZ_JBRZFG010000003.1	0.0	[0, 0.01)	10.081666666666667	0.04514633565130738	0.02634273362743487	90.69987056567594	0.04514633565130738	False	False
E1	NZ_JAUFNX020000004.1	NZ_JAUFOJ020000003.1	0.0	[0, 0.01)	10.081666666666667	0.0	0.0		0.0	False	False
E1	NZ_JAUFOA020000006.1	NZ_JAUFOJ020000003.1	0.0	[0, 0.01)	10.081666666666667	0.0	0.0		0.0	False	False
E1	NZ_JAUFOJ020000003.1	NZ_JAUFOF020000003.1	0.0	[0, 0.01)	10.081666666666667	0.01776391326011135	0.00912276798130945	99.87817073170733	0.01776391326011135	False	False
E1	NZ_JAUFOD020000005.1	NZ_JBRZEY010000003.1	0.0	[0, 0.01)	10.081666666666667	0.0	0.0		0.0	False	False
E1	NZ_JBRZFL010000003.1	NZ_JBRZEY010000003.1	0.0	[0, 0.01)	10.081666666666667	0.0	0.0		0.0	False	False
E1	NZ_JBRZEY010000003.1	NZ_JAUFOP020000002.1	0.0025	[0, 0.01)	10.081666666666667	0.038582353068607696	0.004593092794424223	98.48379056709713	0.038582353068607696	False	False
E1	NZ_JBRZEU010000004.1	NZ_JBRZEY010000003.1	0.0	[0, 0.01)	10.081666666666667	0.0	0.0		0.0	False	False
E1	NZ_JBRZEY010000003.1	NZ_JBRZFG010000003.1	0.0	[0, 0.01)	10.081666666666667	0.04514633565130738	0.02634273362743487	90.69980345158197	0.04514633565130738	False	False
E1	NZ_JBRZEY010000003.1	NZ_JAUFOA020000002.1	0.0	[0, 0.01)	10.081666666666667	0.0	0.0		0.0	False	False
E1	NZ_JBRZEX010000003.1	NZ_JBRZEY010000003.1	0.0	[0, 0.01)	10.081666666666667	0.0	0.0		0.0	False	False
E1	NZ_JAUFNX020000004.1	NZ_JBRZEY010000003.1	0.0	[0, 0.01)	10.081666666666667	0.0	0.0		0.0	False	False
E1	NZ_JAUFOP020000006.1	NZ_JBRZFK010000002.1	0.0	[0, 0.01)	10.081666666666667	0.0	0.0		0.0	False	False
E1	NZ_JAUFOP020000006.1	NZ_JAUFOP020000003.1	0.0	[0, 0.01)	10.081666666666667	0.0	0.0		0.0	False	False
E1	NZ_JAUFOP020000006.1	NZ_JAUFNZ020000004.1	0.0	[0, 0.01)	10.081666666666667	0.2780448717948718	0.13887228531579995	85.795	0.2780448717948718	False	False
E1	NZ_JAUFOA020000008.1	NZ_JAUFOP020000006.1	0.0	[0, 0.01)	10.081666666666667	0.5993251792492619	0.5769230769230769	85.60683618917066	0.5993251792492619	False	True
E1	NZ_JAUFOP020000006.1	NZ_JBRZFL010000002.1	0.0	[0, 0.01)	10.081666666666667	0.0	0.0		0.0	False	False
E1	NZ_JAUFOP020000006.1	NZ_JAUFOB020000010.1	0.0	[0, 0.01)	10.081666666666667	0.2588141025641026	0.24771689497716895	82.21864133738602	0.2588141025641026	False	False
E1	NZ_JAUFOP020000006.1	NZ_JBRZFC010000006.1	0.0	[0, 0.01)	10.081666666666667	0.0	0.0		0.0	False	False
E1	NZ_JAUFOP020000006.1	NZ_JAUFOD020000004.1	0.0	[0, 0.01)	10.081666666666667	0.23197115384615385	0.09363476030142696	87.053	0.23197115384615385	False	False
E1	NZ_JAUFOP020000006.1	NZ_JBRZEX010000004.1	0.0	[0, 0.01)	10.081666666666667	0.17227564102564102	0.1520818630910374	89.401	0.17227564102564102	False	False
E1	NZ_JAUFOP020000006.1	NZ_JBRZFJ010000002.1	0.0	[0, 0.01)	10.081666666666667	0.0	0.0		0.0	False	False
E1	NZ_JBRZFC010000008.1	NZ_JAUFOP020000003.1	0.0	[0, 0.01)	10.081666666666667	0.0	0.0		0.0	False	False
E1	NZ_JBRZFC010000008.1	NZ_JAUFOI020000002.1	0.0	[0, 0.01)	10.081666666666667	0.0	0.0		0.0	False	False
E1	NZ_JBRZFC010000008.1	NZ_JBRZEX010000002.1	0.0	[0, 0.01)	10.081666666666667	0.0	0.0		0.0	False	False
E1	NZ_JBRZFC010000008.1	NZ_JAUFOD020000004.1	0.0	[0, 0.01)	10.081666666666667	0.17542016806722688	0.1074234407567741	85.46	0.17542016806722688	False	False
E1	NZ_JBRZFC010000008.1	NZ_JAUFOF020000004.1	0.0	[0, 0.01)	10.081666666666667	0.0	0.0		0.0	False	False
E1	NZ_JAUFOD020000005.1	NZ_JBRZFA010000003.1	0.0	[0, 0.01)	10.081666666666667	0.0	0.0		0.0	False	False
E1	NZ_JAUFOD020000005.1	NZ_JAUFOD020000002.1	0.0	[0, 0.01)	10.081666666666667	0.0	0.0		0.0	False	False
E1	NZ_JAUFOD020000005.1	NZ_JAUFOC020000003.1	0.0	[0, 0.01)	10.081666666666667	0.0	0.0		0.0	False	False
E1	NZ_JAUFOD020000005.1	NZ_JAUFOF020000004.1	0.0	[0, 0.01)	10.081666666666667	0.0	0.0		0.0	False	False
E1	NZ_JBRZFC010000009.1	NZ_JAUFOP020000004.1	0.0	[0, 0.01)	10.081666666666667	0.0	0.0		0.0	False	False
E1	NZ_JBRZFC010000009.1	NZ_JAUFOC020000003.1	0.0	[0, 0.01)	10.081666666666667	0.0	0.0		0.0	False	False
E1	NZ_JBRZFC010000009.1	NZ_JAUFOI020000002.1	0.0	[0, 0.01)	10.081666666666667	0.0	0.0		0.0	False	False
E1	NZ_JBRZFC010000009.1	NZ_JAUFOA020000002.1	0.0	[0, 0.01)	10.081666666666667	0.0	0.0		0.0	False	False
E1	NZ_JBRZEX010000004.1	NZ_JBRZFC010000009.1	0.0	[0, 0.01)	10.081666666666667	0.0	0.0		0.0	False	False
E1	NZ_JBRZFC010000009.1	NZ_JBRZFJ010000003.1	0.0	[0, 0.01)	10.081666666666667	0.0	0.0		0.0	False	False
E1	NZ_JAUFOM020000002.1	NZ_JBRZFA010000003.1	0.0038461538461538	[0, 0.01)	10.081666666666667	0.07419683282424558	0.015497420114058115	90.82738322655796	0.07419683282424558	False	False
E1	NZ_JAUFOO020000005.1	NZ_JBRZFA010000003.1	0.0	[0, 0.01)	10.081666666666667	0.0	0.0		0.0	False	False
E1	NZ_JAUFNY020000003.1	NZ_JBRZFA010000003.1	0.0064308681672025	[0, 0.01)	10.081666666666667	0.15880476210868913	0.06704535167918892	82.5351915447806	0.15880476210868913	False	False
E1	NZ_JAUFOI020000003.1	NZ_JBRZFA010000003.1	0.0038461538461538	[0, 0.01)	10.081666666666667	0.07404518966226901	0.015470263419933013	90.89611030055441	0.07404518966226901	False	False
E1	NZ_JBRZFG010000002.1	NZ_JBRZFA010000003.1	0.0	[0, 0.01)	10.081666666666667	0.02835647273880924	0.016963881596813616	83.78917459473824	0.02835647273880924	False	False
E1	NZ_JAUFNY020000007.1	NZ_JBRZFA010000003.1	0.0	[0, 0.01)	10.081666666666667	0.0	0.0		0.0	False	False
E1	NZ_JBRZFH010000003.1	NZ_JBRZFA010000003.1	0.0	[0, 0.01)	10.081666666666667	0.0	0.0		0.0	False	False
E1	NZ_JBRZFK010000003.1	NZ_JBRZFA010000003.1	0.0	[0, 0.01)	10.081666666666667	0.0	0.0		0.0	False	False
E1	NZ_JBRZFJ010000002.1	NZ_JBRZFA010000003.1	0.0038461538461538	[0, 0.01)	10.081666666666667	0.07417516951539178	0.015492893998370599	90.85372443926595	0.07417516951539178	False	False
E1	NZ_JAUFOM020000002.1	NZ_JBRZFC010000004.1	0.0052631578947368	[0, 0.01)	10.081666666666667	0.04378154719351834	0.012008409449941205	95.11076098765433	0.04378154719351834	False	False
E1	NZ_JBRZFL010000003.1	NZ_JAUFOM020000002.1	0.0	[0, 0.01)	10.081666666666667	0.0	0.0		0.0	False	False
E1	NZ_JBRZEU010000004.1	NZ_JAUFOM020000002.1	0.0	[0, 0.01)	10.081666666666667	0.0	0.0		0.0	False	False
E1	NZ_JAUFOM020000002.1	NZ_JBRZFN010000004.1	0.0089285714285714	[0, 0.01)	10.081666666666667	0.04380321050237213	0.025881148851787883	95.06411944718658	0.04380321050237213	False	False
E1	NZ_JBRZFC010000005.1	NZ_JAUFOF020000002.1	0.0034602076124567	[0, 0.01)	10.081666666666667	0.052284557547715445	0.029739511927611737	85.62797206395882	0.052284557547715445	False	False
E1	NZ_JAUFOO020000005.1	NZ_JAUFOF020000002.1	0.0	[0, 0.01)	10.081666666666667	0.0	0.0		0.0	False	False
E1	NZ_JAUFNY020000006.1	NZ_JAUFOF020000002.1	0.0	[0, 0.01)	10.081666666666667	0.0	0.0		0.0	False	False
E1	NZ_JBRZEU010000004.1	NZ_JAUFOF020000002.1	0.0	[0, 0.01)	10.081666666666667	0.0	0.0		0.0	False	False
E1	NZ_JBRZEX010000003.1	NZ_JAUFOF020000002.1	0.0	[0, 0.01)	10.081666666666667	0.0	0.0		0.0	False	False
E1	NZ_JAUFNZ020000002.1	NZ_JBRZFC010000004.1	0.0041322314049586	[0, 0.01)	10.081666666666667	0.15000428247184275	0.08313834020263448	82.61271077772274	0.15000428247184275	False	False
E1	NZ_JBRZFC010000007.1	NZ_JBRZFC010000004.1	0.0	[0, 0.01)	10.081666666666667	0.0	0.0		0.0	False	False
E1	NZ_JBRZEV010000002.1	NZ_JBRZFC010000004.1	0.0	[0, 0.01)	10.081666666666667	0.02946272358206927	0.0205722701951515	95.62213220046081	0.02946272358206927	False	False
E1	NZ_JBRZFK010000003.1	NZ_JBRZFC010000004.1	0.0	[0, 0.01)	10.081666666666667	0.0	0.0		0.0	False	False
E1	NZ_JBRZEX010000004.1	NZ_JBRZFC010000004.1	0.0	[0, 0.01)	10.081666666666667	0.0	0.0		0.0	False	False
E1	NZ_JBRZFF010000003.1	NZ_JBRZFC010000004.1	0.0	[0, 0.01)	10.081666666666667	0.0	0.0		0.0	False	False
E1	NZ_JBRZFJ010000003.1	NZ_JBRZFC010000004.1	0.0	[0, 0.01)	10.081666666666667	0.44210829493087556	0.018178902733071232	99.8044328990228	0.44210829493087556	False	False
E1	NZ_JBRZFC010000007.1	NZ_JBRZFC010000005.1	0.0	[0, 0.01)	10.081666666666667	0.0	0.0		0.0	False	False
E1	NZ_JAUFNZ020000004.1	NZ_JBRZFC010000005.1	0.0	[0, 0.01)	10.081666666666667	0.0	0.0		0.0	False	False
E1	NZ_JBRZFC010000005.1	NZ_JBRZFL010000002.1	0.0035335689045936	[0, 0.01)	10.081666666666667	0.021399652978600348	0.01099075980465292	95.67949054905492	0.021399652978600348	False	False
E1	NZ_JAUFOD020000003.1	NZ_JBRZFC010000005.1	0.0064102564102564	[0, 0.01)	10.081666666666667	0.021494774206270953	0.01156737998843262	91.272	0.021494774206270953	False	False
E1	NZ_JAUFOP020000004.1	NZ_JBRZFC010000005.1	0.0065359477124183	[0, 0.01)	10.081666666666667	0.0259743073156994	0.01156737998843262	91.272	0.0259743073156994	False	False
E1	NZ_JBRZFC010000005.1	NZ_JAUFOI020000002.1	0.0034602076124567	[0, 0.01)	10.081666666666667	0.04445729708887604	0.02588035876654356	86.54885899653979	0.04445729708887604	False	False
E1	NZ_JBRZFK010000002.1	NZ_JAUFOP020000003.1	0.0	[0, 0.01)	10.081666666666667	0.030610255410411385	0.007750279734088067	99.71698089171973	0.030610255410411385	False	False
E1	NZ_JAUFOA020000009.1	NZ_JBRZFK010000002.1	0.0	[0, 0.01)	10.081666666666667	0.0	0.0		0.0	False	False
E1	NZ_JBRZFK010000002.1	NZ_JBRZEZ010000003.1	0.0	[0, 0.01)	10.081666666666667	0.0	0.0		0.0	False	False
E1	NZ_JAUFOA020000008.1	NZ_JBRZFK010000002.1	0.0	[0, 0.01)	10.081666666666667	0.0	0.0		0.0	False	False
E1	NZ_JBRZEU010000004.1	NZ_JBRZFK010000002.1	0.0	[0, 0.01)	10.081666666666667	0.0	0.0		0.0	False	False
E1	NZ_JBRZFL010000003.1	NZ_JBRZFD010000004.1	0.0	[0, 0.01)	10.081666666666667	0.0	0.0		0.0	False	False
E1	NZ_JAUFOO020000005.1	NZ_JBRZFD010000004.1	0.0	[0, 0.01)	10.081666666666667	0.0	0.0		0.0	False	False
E1	NZ_JBRZFD010000004.1	NZ_JAUFOC020000003.1	0.0	[0, 0.01)	10.081666666666667	0.030458612248434824	0.01869705714171731	99.85764722617355	0.030458612248434824	False	False
E1	NZ_JBRZFD010000004.1	NZ_JBRZFG010000003.1	0.0	[0, 0.01)	10.081666666666667	0.04482138601850046	0.02615312661955986	90.68064316755192	0.04482138601850046	False	False
E1	NZ_JBRZFD010000004.1	NZ_JBRZFC010000003.1	0.0042553191489361	[0, 0.01)	10.081666666666667	0.04378154719351834	0.009273875295974744	99.45535081642753	0.04378154719351834	False	False
E1	NZ_JBRZEZ010000004.1	NZ_JBRZFD010000004.1	0.0	[0, 0.01)	10.081666666666667	0.0	0.0		0.0	False	False
E1	NZ_JAUFNZ020000002.1	NZ_JAUFNY020000002.1	0.0	[0, 0.01)	10.081666666666667	0.0312727506316646	0.026761337608795236	97.81134062927497	0.0312727506316646	False	False
E1	NZ_JBRZFB010000003.1	NZ_JAUFNZ020000002.1	0.0	[0, 0.01)	10.081666666666667	0.0	0.0		0.0	False	False
E1	NZ_JAUFOB020000007.1	NZ_JAUFNZ020000002.1	0.0	[0, 0.01)	10.081666666666667	0.0	0.0		0.0	False	False
E1	NZ_JAUFOB020000010.1	NZ_JAUFNZ020000002.1	0.0	[0, 0.01)	10.081666666666667	0.0	0.0		0.0	False	False
E1	NZ_JBRZEX010000004.1	NZ_JAUFNZ020000002.1	0.0	[0, 0.01)	10.081666666666667	0.0	0.0		0.0	False	False
E1	NZ_JAUFNX020000004.1	NZ_JAUFNZ020000002.1	0.0	[0, 0.01)	10.081666666666667	0.0	0.0		0.0	False	False
E1	NZ_JBRZFN010000004.1	NZ_JAUFNZ020000002.1	0.0060975609756097	[0, 0.01)	10.081666666666667	0.04380477195675814	0.03667937133313348	93.50987427240976	0.04380477195675814	False	False
E1	NZ_JBRZEU010000003.1	NZ_JAUFOD020000002.1	0.0	[0, 0.01)	10.081666666666667	0.017785576568965143	0.004609355700779268	100.0	0.017785576568965143	False	False
E1	NZ_JBRZEU010000003.1	NZ_JBRZEZ010000003.1	0.0	[0, 0.01)	10.081666666666667	0.0	0.0		0.0	False	False
E1	NZ_JBRZEU010000003.1	NZ_JAUFOO020000002.1	0.0027173913043478	[0, 0.01)	10.081666666666667	0.03851736314204632	0.005061565749026184	99.10019122609674	0.03851736314204632	False	False
E1	NZ_JAUFNY020000007.1	NZ_JBRZEU010000003.1	0.0	[0, 0.01)	10.081666666666667	0.0	0.0		0.0	False	False
E1	NZ_JBRZFD010000006.1	NZ_JBRZEU010000003.1	0.0	[0, 0.01)	10.081666666666667	0.0	0.0		0.0	False	False
E1	NZ_JBRZFK010000003.1	NZ_JBRZEU010000003.1	0.0	[0, 0.01)	10.081666666666667	0.0	0.0		0.0	False	False
E1	NZ_JAUFNX020000004.1	NZ_JBRZEU010000003.1	0.0	[0, 0.01)	10.081666666666667	0.0	0.0		0.0	False	False
E1	NZ_JBRZFJ010000003.1	NZ_JBRZEU010000003.1	0.0	[0, 0.01)	10.081666666666667	0.0	0.0		0.0	False	False
E1	NZ_JAUFOO020000004.1	NZ_JAUFOP020000003.1	0.0	[0, 0.01)	10.081666666666667	0.030610255410411385	0.007750279734088067	99.71698089171973	0.030610255410411385	False	False
E1	NZ_JAUFNZ020000004.1	NZ_JAUFOO020000004.1	0.0	[0, 0.01)	10.081666666666667	0.0	0.0		0.0	False	False
E1	NZ_JAUFOA020000009.1	NZ_JAUFOO020000004.1	0.0	[0, 0.01)	10.081666666666667	0.0	0.0		0.0	False	False
E1	NZ_JAUFOO020000004.1	NZ_JAUFOO020000002.1	0.0027173913043478	[0, 0.01)	10.081666666666667	0.03851736314204632	0.005061565749026184	99.0439257592801	0.03851736314204632	False	False
E1	NZ_JAUFOO020000004.1	NZ_JBRZFG010000003.1	0.0	[0, 0.01)	10.081666666666667	0.04514633565130738	0.02634273362743487	90.69980345158197	0.04514633565130738	False	False
E1	NZ_JAUFOB020000007.1	NZ_JAUFOO020000004.1	0.0	[0, 0.01)	10.081666666666667	0.023975703063399818	0.017785576568965143	99.75600000000001	0.023975703063399818	False	False
E1	NZ_JAUFOB020000010.1	NZ_JAUFOO020000004.1	0.0	[0, 0.01)	10.081666666666667	0.0	0.0		0.0	False	False
E1	NZ_JAUFOO020000004.1	NZ_JBRZFC010000006.1	0.0	[0, 0.01)	10.081666666666667	0.0	0.0		0.0	False	False
E1	NZ_JBRZEX010000004.1	NZ_JAUFOO020000004.1	0.0	[0, 0.01)	10.081666666666667	0.0	0.0		0.0	False	False
E1	NZ_JAUFOA020000009.1	NZ_JAUFOP020000003.1	0.0	[0, 0.01)	10.081666666666667	0.0	0.0		0.0	False	False
E1	NZ_JBRZFG010000004.1	NZ_JAUFOP020000003.1	0.0	[0, 0.01)	10.081666666666667	0.0	0.0		0.0	False	False
E1	NZ_JAUFOA020000008.1	NZ_JAUFOP020000003.1	0.0	[0, 0.01)	10.081666666666667	0.0	0.0		0.0	False	False
E1	NZ_JAUFOL020000006.1	NZ_JAUFOP020000003.1	0.0	[0, 0.01)	10.081666666666667	0.0	0.0		0.0	False	False
E1	NZ_JBRZFG010000003.1	NZ_JAUFOP020000003.1	0.0	[0, 0.01)	10.081666666666667	0.028946669868918355	0.01255512407029553	98.60289781659387	0.028946669868918355	False	False
E1	NZ_JAUFOF020000004.1	NZ_JAUFOP020000003.1	0.0	[0, 0.01)	10.081666666666667	0.030588592101557593	0.007744794751969109	99.71644900849857	0.030588592101557593	False	False
E1	NZ_JAUFNY020000003.1	NZ_JAUFNY020000002.1	0.0	[0, 0.01)	10.081666666666667	0.0312727506316646	0.026761337608795236	97.81134062927497	0.0312727506316646	False	False
E1	NZ_JBRZFJ010000002.1	NZ_JAUFNY020000002.1	0.0	[0, 0.01)	10.081666666666667	0.0	0.0		0.0	False	False
E1	NZ_JAUFOL020000005.1	NZ_JAUFNY020000002.1	0.0	[0, 0.01)	10.081666666666667	0.0	0.0		0.0	False	False
E1	NZ_JAUFOP020000005.1	NZ_JAUFNY020000002.1	0.0	[0, 0.01)	10.081666666666667	0.0	0.0		0.0	False	False
E1	NZ_JAUFNY020000007.1	NZ_JBRZFC010000007.1	0.0	[0, 0.01)	10.081666666666667	0.0	0.0		0.0	False	False
E1	NZ_JBRZFH010000003.1	NZ_JBRZFC010000007.1	0.0	[0, 0.01)	10.081666666666667	0.0	0.0		0.0	False	False
E1	NZ_JBRZFC010000007.1	NZ_JAUFOL020000004.1	0.0	[0, 0.01)	10.081666666666667	0.0	0.0		0.0	False	False
E1	NZ_JBRZFC010000007.1	NZ_JBRZFE010000002.1	0.0	[0, 0.01)	10.081666666666667	0.0	0.0		0.0	False	False
E1	NZ_JBRZFC010000007.1	NZ_JBRZFF010000003.1	0.0	[0, 0.01)	10.081666666666667	0.0	0.0		0.0	False	False
E1	NZ_JAUFNZ020000004.1	NZ_JAUFOD020000002.1	0.0	[0, 0.01)	10.081666666666667	0.0	0.0		0.0	False	False
E1	NZ_JAUFNZ020000004.1	NZ_JBRZEZ010000002.1	0.0	[0, 0.01)	10.081666666666667	0.0	0.0		0.0	False	False
E1	NZ_JAUFNZ020000004.1	NZ_JAUFOP020000002.1	0.0	[0, 0.01)	10.081666666666667	0.0	0.0		0.0	False	False
E1	NZ_JAUFNZ020000004.1	NZ_JAUFNZ020000003.1	0.0	[0, 0.01)	10.081666666666667	0.0	0.0		0.0	False	False
E1	NZ_JAUFNZ020000004.1	NZ_JAUFOL020000002.1	0.0	[0, 0.01)	10.081666666666667	0.0	0.0		0.0	False	False
E1	NZ_JBRZFH010000003.1	NZ_JAUFNZ020000004.1	0.0	[0, 0.01)	10.081666666666667	0.2781563126252505	0.13887228531579995	85.633	0.2781563126252505	False	False
E1	NZ_JAUFNZ020000004.1	NZ_JBRZFC010000006.1	0.0	[0, 0.01)	10.081666666666667	0.0	0.0		0.0	False	False
E1	NZ_JAUFNZ020000004.1	NZ_JBRZFK010000003.1	0.0	[0, 0.01)	10.081666666666667	0.0	0.0		0.0	False	False
E1	NZ_JAUFNZ020000004.1	NZ_JAUFNX020000002.1	0.0	[0, 0.01)	10.081666666666667	0.0	0.0		0.0	False	False
E1	NZ_JAUFOO020000006.1	NZ_JAUFNZ020000004.1	0.0	[0, 0.01)	10.081666666666667	0.2780448717948718	0.13887228531579995	85.795	0.2780448717948718	False	False
E1	NZ_JAUFNZ020000004.1	NZ_JBRZEX010000003.1	0.0	[0, 0.01)	10.081666666666667	0.11516238294480972	0.08172383972326319	85.983	0.11516238294480972	False	False
E1	NZ_JAUFNZ020000004.1	NZ_JBRZFC010000002.1	0.0	[0, 0.01)	10.081666666666667	0.0	0.0		0.0	False	False
E1	NZ_JAUFNZ020000004.1	NZ_JAUFOL020000005.1	0.0	[0, 0.01)	10.081666666666667	0.47200637577206617	0.37983004649671315	86.11611073825505	0.47200637577206617	False	False
E1	NZ_JAUFOA020000006.1	NZ_JAUFNZ020000004.1	0.0	[0, 0.01)	10.081666666666667	0.0	0.0		0.0	False	False
E1	NZ_JAUFNZ020000004.1	NZ_JAUFOF020000003.1	0.0	[0, 0.01)	10.081666666666667	0.0	0.0		0.0	False	False
E1	NZ_JBRZEZ010000003.1	NZ_JAUFOD020000002.1	0.0	[0, 0.01)	10.081666666666667	0.0	0.0		0.0	False	False
E1	NZ_JAUFOD020000002.1	NZ_JBRZFC010000003.1	0.008130081300813	[0, 0.01)	10.081666666666667	0.09205237036537986	0.07517299609038013	89.2653671694441	0.09205237036537986	False	False
E1	NZ_JBRZFL010000003.1	NZ_JBRZEZ010000002.1	0.0	[0, 0.01)	10.081666666666667	0.0	0.0		0.0	False	False
E1	NZ_JBRZEZ010000002.1	NZ_JAUFOP020000002.1	0.0096899224806201	[0, 0.01)	10.081666666666667	0.051938923151122106	0.02614807945172215	96.81978725925926	0.051938923151122106	False	False
E1	NZ_JBRZEU010000004.1	NZ_JBRZEZ010000002.1	0.0	[0, 0.01)	10.081666666666667	0.0	0.0		0.0	False	False
E1	NZ_JAUFOL020000006.1	NZ_JBRZEZ010000002.1	0.0	[0, 0.01)	10.081666666666667	0.0	0.0		0.0	False	False
E1	NZ_JBRZFG010000003.1	NZ_JBRZEZ010000002.1	0.0	[0, 0.01)	10.081666666666667	0.047009897485811074	0.019091646058018902	93.96383894230767	0.047009897485811074	False	False
E1	NZ_JBRZFC010000006.1	NZ_JBRZEZ010000002.1	0.0	[0, 0.01)	10.081666666666667	0.0	0.0		0.0	False	False
E1	NZ_JAUFOO020000006.1	NZ_JBRZEZ010000002.1	0.0	[0, 0.01)	10.081666666666667	0.0	0.0		0.0	False	False
E1	NZ_JAUFOL020000005.1	NZ_JBRZEZ010000002.1	0.0	[0, 0.01)	10.081666666666667	0.0	0.0		0.0	False	False
E1	NZ_JAUFOD020000003.1	NZ_JAUFOO020000003.1	0.0	[0, 0.01)	10.081666666666667	0.02527742421254549	0.007733909628443236	99.7874964539007	0.02527742421254549	False	False
E1	NZ_JAUFOB020000007.1	NZ_JAUFOO020000003.1	0.0094339622641509	[0, 0.01)	10.081666666666667	0.1422188476476944	0.026673760654694647	96.48891088295687	0.1422188476476944	False	False
E1	NZ_JBRZFD010000006.1	NZ_JAUFOO020000003.1	0.0	[0, 0.01)	10.081666666666667	0.0	0.0		0.0	False	False
E1	NZ_JAUFOD020000004.1	NZ_JAUFOO020000003.1	0.0	[0, 0.01)	10.081666666666667	0.0	0.0		0.0	False	False
E1	NZ_JBRZFE010000002.1	NZ_JAUFOO020000003.1	0.0	[0, 0.01)	10.081666666666667	0.0	0.0		0.0	False	False
E1	NZ_JAUFOL020000005.1	NZ_JAUFOO020000003.1	0.0	[0, 0.01)	10.081666666666667	0.0	0.0		0.0	False	False
E1	NZ_JAUFOA020000009.1	NZ_JAUFOA020000008.1	0.0	[0, 0.01)	10.081666666666667	0.38769230769230767	0.36102910164487556	88.149	0.38769230769230767	False	False
E1	NZ_JAUFOA020000009.1	NZ_JAUFNX020000002.1	0.0	[0, 0.01)	10.081666666666667	0.0	0.0		0.0	False	False
E1	NZ_JBRZFG010000004.1	NZ_JAUFNY020000005.1	0.0	[0, 0.01)	10.081666666666667	0.0727235269880511	0.06993424985056784	95.47999999999999	0.0727235269880511	False	False
E1	NZ_JAUFNY020000005.1	NZ_JAUFNY020000003.1	0.0	[0, 0.01)	10.081666666666667	0.0	0.0		0.0	False	False
E1	NZ_JAUFNY020000005.1	NZ_JAUFOI020000003.1	0.0	[0, 0.01)	10.081666666666667	0.0	0.0		0.0	False	False
E1	NZ_JAUFNY020000005.1	NZ_JBRZFG010000002.1	0.0	[0, 0.01)	10.081666666666667	0.0	0.0		0.0	False	False
E1	NZ_JAUFNY020000005.1	NZ_JBRZFE010000002.1	0.0	[0, 0.01)	10.081666666666667	0.0	0.0		0.0	False	False
E1	NZ_JAUFNY020000005.1	NZ_JBRZFC010000002.1	0.0	[0, 0.01)	10.081666666666667	0.0	0.0		0.0	False	False
E1	NZ_JBRZFG010000004.1	NZ_JAUFOC020000002.1	0.0	[0, 0.01)	10.081666666666667	0.0	0.0		0.0	False	False
E1	NZ_JBRZFG010000004.1	NZ_JBRZEV010000002.1	0.0	[0, 0.01)	10.081666666666667	0.0	0.0		0.0	False	False
E1	NZ_JBRZFG010000004.1	NZ_JAUFNY020000003.1	0.0	[0, 0.01)	10.081666666666667	0.0	0.0		0.0	False	False
E1	NZ_JBRZEX010000004.1	NZ_JBRZFG010000004.1	0.0	[0, 0.01)	10.081666666666667	0.3232180663373324	0.18829831067161104	87.3647818574514	0.3232180663373324	False	False
E1	NZ_JBRZFG010000004.1	NZ_JAUFOF020000004.1	0.0	[0, 0.01)	10.081666666666667	0.0	0.0		0.0	False	False
E1	NZ_JAUFOA020000008.1	NZ_JAUFOC020000002.1	0.0	[0, 0.01)	10.081666666666667	0.0	0.0		0.0	False	False
E1	NZ_JAUFOB020000010.1	NZ_JAUFOC020000002.1	0.0	[0, 0.01)	10.081666666666667	0.0	0.0		0.0	False	False
E1	NZ_JAUFOC020000002.1	NZ_JBRZEX010000002.1	0.0076923076923076	[0, 0.01)	10.081666666666667	0.0760107437102015	0.04536928838951311	90.22685544711159	0.0760107437102015	False	False
E1	NZ_JBRZFD010000006.1	NZ_JAUFOC020000002.1	0.0	[0, 0.01)	10.081666666666667	0.0	0.0		0.0	False	False
E1	NZ_JBRZFK010000003.1	NZ_JAUFOC020000002.1	0.0	[0, 0.01)	10.081666666666667	0.0	0.0		0.0	False	False
E1	NZ_JBRZFD010000003.1	NZ_JAUFOC020000002.1	0.0	[0, 0.01)	10.081666666666667	0.004292343387470998	0.0029877171627752572	90.236	0.004292343387470998	False	False
E1	NZ_JAUFOL020000005.1	NZ_JAUFOC020000002.1	0.0	[0, 0.01)	10.081666666666667	0.0	0.0		0.0	False	False
E1	NZ_JAUFNY020000007.1	NZ_JBRZFL010000003.1	0.0	[0, 0.01)	10.081666666666667	0.4189010989010989	0.21854613233923578	90.49128631138976	0.4189010989010989	False	False
E1	NZ_JBRZEX010000004.1	NZ_JBRZFL010000003.1	0.0	[0, 0.01)	10.081666666666667	0.1559633027522936	0.10344827586206896	95.078	0.1559633027522936	False	False
E1	NZ_JBRZFL010000003.1	NZ_JBRZFN010000004.1	0.0	[0, 0.01)	10.081666666666667	0.0	0.0		0.0	False	False
E1	NZ_JBRZFL010000003.1	NZ_JBRZFC010000002.1	0.0	[0, 0.01)	10.081666666666667	0.0	0.0		0.0	False	False
E1	NZ_JBRZFG010000003.1	NZ_JBRZEZ010000003.1	0.0	[0, 0.01)	10.081666666666667	0.0	0.0		0.0	False	False
E1	NZ_JBRZEZ010000003.1	NZ_JAUFOI020000002.1	0.0	[0, 0.01)	10.081666666666667	0.0	0.0		0.0	False	False
E1	NZ_JBRZFH010000003.1	NZ_JBRZEZ010000003.1	0.0	[0, 0.01)	10.081666666666667	0.0	0.0		0.0	False	False
E1	NZ_JBRZFD010000006.1	NZ_JBRZEZ010000003.1	0.0	[0, 0.01)	10.081666666666667	0.0	0.0		0.0	False	False
E1	NZ_JAUFOO020000006.1	NZ_JBRZEZ010000003.1	0.0	[0, 0.01)	10.081666666666667	0.0	0.0		0.0	False	False
E1	NZ_JBRZEZ010000003.1	NZ_JBRZFC010000003.1	0.0	[0, 0.01)	10.081666666666667	0.0	0.0		0.0	False	False
E1	NZ_JBRZEZ010000004.1	NZ_JBRZEZ010000003.1	0.0	[0, 0.01)	10.081666666666667	0.0	0.0		0.0	False	False
E1	NZ_JAUFOA020000008.1	NZ_JBRZFN010000004.1	0.0	[0, 0.01)	10.081666666666667	0.0	0.0		0.0	False	False
E1	NZ_JAUFOO020000005.1	NZ_JAUFOP020000002.1	0.0	[0, 0.01)	10.081666666666667	0.0	0.0		0.0	False	False
E1	NZ_JAUFNZ020000003.1	NZ_JAUFOP020000002.1	0.0025	[0, 0.01)	10.081666666666667	0.038582353068607696	0.004593092794424223	98.3719073554183	0.038582353068607696	False	False
E1	NZ_JAUFOL020000004.1	NZ_JAUFOP020000002.1	0.0025	[0, 0.01)	10.081666666666667	0.03851736314204632	0.004585342919068052	98.48164004499438	0.03851736314204632	False	False
E1	NZ_JBRZFC010000006.1	NZ_JAUFOP020000002.1	0.0	[0, 0.01)	10.081666666666667	0.0	0.0		0.0	False	False
E1	NZ_JAUFOO020000005.1	NZ_JAUFOC020000003.1	0.0	[0, 0.01)	10.081666666666667	0.0	0.0		0.0	False	False
E1	NZ_JAUFOO020000005.1	NZ_JAUFOL020000002.1	0.0	[0, 0.01)	10.081666666666667	0.0	0.0		0.0	False	False
E1	NZ_JAUFNX020000004.1	NZ_JAUFOO020000005.1	0.0	[0, 0.01)	10.081666666666667	0.0	0.0		0.0	False	False
E1	NZ_JAUFNZ020000003.1	NZ_JAUFOO020000002.1	0.0027173913043478	[0, 0.01)	10.081666666666667	0.038582353068607696	0.005070120508038622	98.98941661987648	0.038582353068607696	False	False
E1	NZ_JAUFOD020000003.1	NZ_JAUFOO020000002.1	0.0026954177897574	[0, 0.01)	10.081666666666667	0.03192843441315143	0.005070120508038622	98.98941661987648	0.03192843441315143	False	False
E1	NZ_JAUFOA020000002.1	NZ_JAUFOO020000002.1	0.0023255813953488	[0, 0.01)	10.081666666666667	0.04042143838754008	0.012572644161947292	99.75052538531278	0.04042143838754008	False	False
E1	NZ_JBRZFC010000006.1	NZ_JAUFOO020000002.1	0.0	[0, 0.01)	10.081666666666667	0.0	0.0		0.0	False	False
E1	NZ_JBRZFE010000002.1	NZ_JAUFOO020000002.1	0.0	[0, 0.01)	10.081666666666667	0.0	0.0		0.0	False	False
E1	NZ_JAUFNX020000004.1	NZ_JAUFOO020000002.1	0.0	[0, 0.01)	10.081666666666667	0.0	0.0		0.0	False	False
E1	NZ_JAUFOP020000005.1	NZ_JAUFOO020000002.1	0.0	[0, 0.01)	10.081666666666667	0.0	0.0		0.0	False	False
E1	NZ_JBRZEX010000004.1	NZ_JBRZFL010000002.1	0.0	[0, 0.01)	10.081666666666667	0.0	0.0		0.0	False	False
E1	NZ_JAUFOA020000006.1	NZ_JBRZFL010000002.1	0.0	[0, 0.01)	10.081666666666667	0.2562984496124031	0.00526163976168452	98.96	0.2562984496124031	False	False
E1	NZ_JAUFOP020000005.1	NZ_JBRZFL010000002.1	0.0	[0, 0.01)	10.081666666666667	0.0	0.0		0.0	False	False
E1	NZ_JBRZFG010000003.1	NZ_JBRZEV010000002.1	0.0	[0, 0.01)	10.081666666666667	0.02011098330194284	0.0135125953355642	94.22113065326634	0.02011098330194284	False	False
E1	NZ_JBRZEV010000002.1	NZ_JAUFOI020000002.1	0.0	[0, 0.01)	10.081666666666667	0.035696692768935466	0.023590359552327606	97.64606371849739	0.035696692768935466	False	False
E1	NZ_JAUFOO020000006.1	NZ_JBRZEV010000002.1	0.0	[0, 0.01)	10.081666666666667	0.0	0.0		0.0	False	False
E1	NZ_JAUFNX020000004.1	NZ_JBRZEV010000002.1	0.0	[0, 0.01)	10.081666666666667	0.0	0.0		0.0	False	False
E1	NZ_JBRZFB010000003.1	NZ_JAUFOA020000002.1	0.0	[0, 0.01)	10.081666666666667	0.0	0.0		0.0	False	False
E1	NZ_JBRZET010000008.1	NZ_JAUFNZ020000003.1	0.0	[0, 0.01)	10.081666666666667	0.0	0.0		0.0	False	False
E1	NZ_JBRZFD010000006.1	NZ_JAUFNZ020000003.1	0.0	[0, 0.01)	10.081666666666667	0.0	0.0		0.0	False	False
E1	NZ_JAUFNZ020000003.1	NZ_JBRZFE010000002.1	0.0	[0, 0.01)	10.081666666666667	0.006542319273845887	0.005507618872774004	80.511	0.006542319273845887	False	False
E1	NZ_JAUFOA020000006.1	NZ_JAUFNZ020000003.1	0.0	[0, 0.01)	10.081666666666667	0.0	0.0		0.0	False	False
E1	NZ_JAUFNY020000007.1	NZ_JBRZET010000008.1	0.0	[0, 0.01)	10.081666666666667	0.3898901098901099	0.351652727996814	83.09587925356752	0.3898901098901099	False	False
E1	NZ_JBRZET010000008.1	NZ_JBRZFC010000002.1	0.0	[0, 0.01)	10.081666666666667	0.0	0.0		0.0	False	False
E1	NZ_JBRZET010000008.1	NZ_JBRZEZ010000004.1	0.0	[0, 0.01)	10.081666666666667	0.21067303863002787	0.12466970934422292	84.888	0.21067303863002787	False	False
E1	NZ_JAUFNY020000006.1	NZ_JAUFOC020000003.1	0.0	[0, 0.01)	10.081666666666667	0.0	0.0		0.0	False	False
E1	NZ_JAUFNY020000006.1	NZ_JAUFOB020000007.1	0.0	[0, 0.01)	10.081666666666667	0.0	0.0		0.0	False	False
E1	NZ_JAUFNY020000006.1	NZ_JAUFOB020000010.1	0.0	[0, 0.01)	10.081666666666667	0.20657672849915684	0.18645357686453576	88.39122403258656	0.20657672849915684	False	False
E1	NZ_JAUFNY020000006.1	NZ_JBRZFD010000006.1	0.0	[0, 0.01)	10.081666666666667	0.35961214165261385	0.208984375	80.359	0.35961214165261385	False	False
E1	NZ_JAUFNY020000006.1	NZ_JBRZFK010000003.1	0.0	[0, 0.01)	10.081666666666667	0.0	0.0		0.0	False	False
E1	NZ_JAUFNY020000006.1	NZ_JBRZFE010000002.1	0.0	[0, 0.01)	10.081666666666667	0.0	0.0		0.0	False	False
E1	NZ_JAUFNY020000006.1	NZ_JBRZFF010000003.1	0.0	[0, 0.01)	10.081666666666667	0.0	0.0		0.0	False	False
E1	NZ_JAUFNY020000006.1	NZ_JAUFNX020000002.1	0.0	[0, 0.01)	10.081666666666667	0.0	0.0		0.0	False	False
E1	NZ_JAUFNY020000006.1	NZ_JBRZEX010000003.1	0.0	[0, 0.01)	10.081666666666667	0.24325463743676223	0.0834534447967714	91.924	0.24325463743676223	False	False
E1	NZ_JAUFNY020000006.1	NZ_JAUFNX020000004.1	0.0	[0, 0.01)	10.081666666666667	0.0	0.0		0.0	False	False
E1	NZ_JAUFNY020000006.1	NZ_JBRZFC010000003.1	0.0	[0, 0.01)	10.081666666666667	0.0	0.0		0.0	False	False
E1	NZ_JAUFNY020000006.1	NZ_JBRZFD010000003.1	0.0	[0, 0.01)	10.081666666666667	0.0	0.0		0.0	False	False
E1	NZ_JAUFOB020000010.1	NZ_JAUFOD020000003.1	0.0	[0, 0.01)	10.081666666666667	0.0	0.0		0.0	False	False
E1	NZ_JBRZFD010000006.1	NZ_JAUFNY020000003.1	0.0	[0, 0.01)	10.081666666666667	0.0	0.0		0.0	False	False
E1	NZ_JBRZFF010000003.1	NZ_JAUFNY020000003.1	0.0	[0, 0.01)	10.081666666666667	0.0	0.0		0.0	False	False
E1	NZ_JBRZFJ010000002.1	NZ_JAUFNY020000003.1	0.0068965517241379	[0, 0.01)	10.081666666666667	0.02601763393340699	0.01286882788745664	91.203	0.02601763393340699	False	False
E1	NZ_JAUFOL020000006.1	NZ_JAUFOP020000004.1	0.0	[0, 0.01)	10.081666666666667	0.0	0.0		0.0	False	False
E1	NZ_JBRZEZ010000004.1	NZ_JAUFOP020000004.1	0.0	[0, 0.01)	10.081666666666667	0.0	0.0		0.0	False	False
E1	NZ_JAUFOL020000006.1	NZ_JBRZEU010000004.1	0.0	[0, 0.01)	10.081666666666667	0.0	0.0		0.0	False	False
E1	NZ_JBRZEU010000004.1	NZ_JAUFOI020000003.1	0.0	[0, 0.01)	10.081666666666667	0.0	0.0		0.0	False	False
E1	NZ_JBRZEU010000004.1	NZ_JAUFOB020000007.1	0.0	[0, 0.01)	10.081666666666667	0.0	0.0		0.0	False	False
E1	NZ_JAUFOB020000010.1	NZ_JBRZEU010000004.1	0.0	[0, 0.01)	10.081666666666667	0.0	0.0		0.0	False	False
E1	NZ_JBRZEU010000004.1	NZ_JBRZFF010000003.1	0.0	[0, 0.01)	10.081666666666667	0.0	0.0		0.0	False	False
E1	NZ_JBRZEU010000004.1	NZ_JBRZFN010000004.1	0.0	[0, 0.01)	10.081666666666667	0.0	0.0		0.0	False	False
E1	NZ_JBRZFE010000002.1	NZ_JAUFOC020000003.1	0.0	[0, 0.01)	10.081666666666667	0.0	0.0		0.0	False	False
E1	NZ_JBRZFJ010000003.1	NZ_JAUFOC020000003.1	0.0	[0, 0.01)	10.081666666666667	0.4526209677419355	0.041795768560752136	99.77722398981865	0.4526209677419355	False	False
E1	NZ_JAUFOL020000006.1	NZ_JBRZFG010000002.1	0.0	[0, 0.01)	10.081666666666667	0.0	0.0		0.0	False	False
E1	NZ_JAUFOL020000006.1	NZ_JBRZFD010000006.1	0.0	[0, 0.01)	10.081666666666667	0.19198616315941194	0.159423828125	84.024	0.19198616315941194	False	False
E1	NZ_JAUFOL020000006.1	NZ_JAUFOA020000002.1	0.0	[0, 0.01)	10.081666666666667	0.0	0.0		0.0	False	False
E1	NZ_JBRZFG010000003.1	NZ_JAUFOI020000002.1	0.0	[0, 0.01)	10.081666666666667	0.010441025900317275	0.004636125860152891	99.758	0.010441025900317275	False	False
E1	NZ_JBRZFH010000003.1	NZ_JBRZFG010000003.1	0.0	[0, 0.01)	10.081666666666667	0.0	0.0		0.0	False	False
E1	NZ_JAUFNX020000004.1	NZ_JBRZFG010000003.1	0.0	[0, 0.01)	10.081666666666667	0.0	0.0		0.0	False	False
E1	NZ_JAUFOD020000004.1	NZ_JAUFOI020000003.1	0.0	[0, 0.01)	10.081666666666667	0.0	0.0		0.0	False	False
E1	NZ_JBRZFK010000003.1	NZ_JAUFOI020000003.1	0.0	[0, 0.01)	10.081666666666667	0.0	0.0		0.0	False	False
E1	NZ_JAUFOI020000003.1	NZ_JAUFNX020000002.1	0.0	[0, 0.01)	10.081666666666667	0.006650635818114859	0.005440465009126513	76.052	0.006650635818114859	False	False
E1	NZ_JBRZEX010000003.1	NZ_JAUFOI020000003.1	0.0	[0, 0.01)	10.081666666666667	0.0	0.0		0.0	False	False
E1	NZ_JBRZFD010000006.1	NZ_JAUFOI020000002.1	0.0	[0, 0.01)	10.081666666666667	0.0	0.0		0.0	False	False
E1	NZ_JBRZEX010000003.1	NZ_JAUFOI020000002.1	0.0	[0, 0.01)	10.081666666666667	0.0	0.0		0.0	False	False
E1	NZ_JAUFOA020000006.1	NZ_JAUFOI020000002.1	0.0	[0, 0.01)	10.081666666666667	0.2562984496124031	0.005938282276079611	97.167	0.2562984496124031	False	False
E1	NZ_JAUFOB020000010.1	NZ_JBRZFG010000002.1	0.0	[0, 0.01)	10.081666666666667	0.0	0.0		0.0	False	False
E1	NZ_JAUFOD020000004.1	NZ_JBRZFG010000002.1	0.0	[0, 0.01)	10.081666666666667	0.0	0.0		0.0	False	False
E1	NZ_JAUFOO020000006.1	NZ_JBRZFG010000002.1	0.0	[0, 0.01)	10.081666666666667	0.0	0.0		0.0	False	False
E1	NZ_JBRZFG010000002.1	NZ_JBRZFC010000003.1	0.0031055900621118	[0, 0.01)	10.081666666666667	0.022373967035789283	0.013591894421908555	98.58183457123565	0.022373967035789283	False	False
E1	NZ_JAUFOF020000003.1	NZ_JBRZFG010000002.1	0.0	[0, 0.01)	10.081666666666667	0.0051176503309784726	0.0034746876557944194	98.478	0.0051176503309784726	False	False
E1	NZ_JAUFNY020000007.1	NZ_JAUFNX020000004.1	0.0	[0, 0.01)	10.081666666666667	0.0	0.0		0.0	False	False
E1	NZ_JAUFNY020000007.1	NZ_JBRZFC010000003.1	0.0	[0, 0.01)	10.081666666666667	0.0	0.0		0.0	False	False
E1	NZ_JBRZEX010000003.1	NZ_JAUFOB020000007.1	0.0	[0, 0.01)	10.081666666666667	0.0	0.0		0.0	False	False
E1	NZ_JAUFNX020000004.1	NZ_JAUFOB020000007.1	0.0	[0, 0.01)	10.081666666666667	0.0	0.0		0.0	False	False
E1	NZ_JAUFOO020000006.1	NZ_JAUFOL020000002.1	0.0	[0, 0.01)	10.081666666666667	0.0	0.0		0.0	False	False
E1	NZ_JBRZFN010000004.1	NZ_JAUFOL020000002.1	0.0080971659919028	[0, 0.01)	10.081666666666667	0.12427557090769525	0.054537494878515586	92.5645935828877	0.12427557090769525	False	False
E1	NZ_JAUFOO020000006.1	NZ_JAUFOB020000010.1	0.0	[0, 0.01)	10.081666666666667	0.2588141025641026	0.24771689497716895	82.21864133738602	0.2588141025641026	False	False
E1	NZ_JBRZFF010000003.1	NZ_JBRZEX010000002.1	0.0	[0, 0.01)	10.081666666666667	0.0	0.0		0.0	False	False
E1	NZ_JBRZFH010000003.1	NZ_JAUFOD020000004.1	0.0	[0, 0.01)	10.081666666666667	0.3503006012024048	0.13997113997113997	81.635	0.3503006012024048	False	False
E1	NZ_JBRZFH010000003.1	NZ_JBRZFD010000003.1	0.0	[0, 0.01)	10.081666666666667	0.0	0.0		0.0	False	False
E1	NZ_JBRZFH010000003.1	NZ_JAUFOP020000005.1	0.0	[0, 0.01)	10.081666666666667	0.3503006012024048	0.13997113997113997	81.747	0.3503006012024048	False	False
E1	NZ_JBRZFH010000003.1	NZ_JAUFOF020000003.1	0.0	[0, 0.01)	10.081666666666667	0.0	0.0		0.0	False	False
E1	NZ_JBRZFD010000006.1	NZ_JAUFOF020000003.1	0.0	[0, 0.01)	10.081666666666667	0.0	0.0		0.0	False	False
E1	NZ_JAUFNX020000004.1	NZ_JAUFOL020000004.1	0.0	[0, 0.01)	10.081666666666667	0.0	0.0		0.0	False	False
E1	NZ_JAUFOL020000004.1	NZ_JBRZFN010000004.1	0.0089285714285714	[0, 0.01)	10.081666666666667	0.04380321050237213	0.025881148851787883	95.11349753208292	0.04380321050237213	False	False
E1	NZ_JAUFOA020000006.1	NZ_JBRZFC010000006.1	0.0	[0, 0.01)	10.081666666666667	0.0	0.0		0.0	False	False
E1	NZ_JBRZFC010000006.1	NZ_JAUFOF020000003.1	0.0	[0, 0.01)	10.081666666666667	0.0	0.0		0.0	False	False
E1	NZ_JAUFOD020000004.1	NZ_JBRZFK010000003.1	0.0	[0, 0.01)	10.081666666666667	0.0	0.0		0.0	False	False
E1	NZ_JAUFOD020000004.1	NZ_JBRZFJ010000002.1	0.0	[0, 0.01)	10.081666666666667	0.0	0.0		0.0	False	False
E1	NZ_JAUFOD020000004.1	NZ_JBRZFC010000003.1	0.0	[0, 0.01)	10.081666666666667	0.0	0.0		0.0	False	False
E1	NZ_JAUFOD020000004.1	NZ_JAUFOF020000004.1	0.0	[0, 0.01)	10.081666666666667	0.0	0.0		0.0	False	False
E1	NZ_JAUFOA020000006.1	NZ_JAUFOD020000004.1	0.0	[0, 0.01)	10.081666666666667	0.0	0.0		0.0	False	False
E1	NZ_JBRZFK010000003.1	NZ_JBRZFJ010000002.1	0.0	[0, 0.01)	10.081666666666667	0.0	0.0		0.0	False	False
E1	NZ_JBRZFK010000003.1	NZ_JAUFNX020000002.1	0.0	[0, 0.01)	10.081666666666667	0.0	0.0		0.0	False	False
E1	NZ_JBRZEX010000004.1	NZ_JBRZFD010000003.1	0.0	[0, 0.01)	10.081666666666667	0.0	0.0		0.0	False	False
E1	NZ_JBRZFE010000002.1	NZ_JAUFNX020000002.1	0.0	[0, 0.01)	10.081666666666667	0.0	0.0		0.0	False	False
E1	NZ_JAUFNX020000004.1	NZ_JBRZFE010000002.1	0.0	[0, 0.01)	10.081666666666667	0.0	0.0		0.0	False	False
E1	NZ_JBRZFE010000002.1	NZ_JBRZFC010000003.1	0.0	[0, 0.01)	10.081666666666667	0.0	0.0		0.0	False	False
E1	NZ_JAUFOP020000005.1	NZ_JBRZFE010000002.1	0.0	[0, 0.01)	10.081666666666667	0.0	0.0		0.0	False	False
E1	NZ_JAUFOP020000005.1	NZ_JBRZFJ010000002.1	0.0	[0, 0.01)	10.081666666666667	0.0	0.0		0.0	False	False
E1	NZ_JBRZEX010000003.1	NZ_JAUFNX020000002.1	0.0	[0, 0.01)	10.081666666666667	0.0	0.0		0.0	False	False
E1	NZ_JAUFOL020000005.1	NZ_JAUFNX020000002.1	0.0	[0, 0.01)	10.081666666666667	0.0	0.0		0.0	False	False
E1	NZ_JBRZEX010000003.1	NZ_JBRZFJ010000003.1	0.0	[0, 0.01)	10.081666666666667	0.0	0.0		0.0	False	False
E1	NZ_JAUFOL020000005.1	NZ_JBRZEX010000003.1	0.0	[0, 0.01)	10.081666666666667	0.11191277857944525	0.09829922167771692	81.538	0.11191277857944525	False	False
E1	NZ_JAUFNX020000004.1	NZ_JAUFOA020000006.1	0.0	[0, 0.01)	10.081666666666667	0.0	0.0		0.0	False	False
E1	NZ_JAUFOF020000003.1	NZ_JBRZFC010000003.1	0.0	[0, 0.01)	10.081666666666667	0.014240418312287924	0.005887373579780107	99.9221979734996	0.014240418312287924	False	False
E1	NZ_JAUFOP020000005.1	NZ_JAUFOF020000004.1	0.0	[0, 0.01)	10.081666666666667	0.0	0.0		0.0	False	False
E1	NZ_JAUFNY020000004.1	NZ_JBRZFF010000002.1	0.0285714285714285	[0.01, 0.05)	1.0	0.09540521219211022	0.03660827072668041	98.95809784824462	0.09540521219211022	False	False
E1	NZ_JAUFNY020000004.1	NZ_JBRZFN010000003.1	0.0354609929078014	[0.01, 0.05)	1.0	0.08637161240007799	0.040666245078639765	99.92486556308002	0.08637161240007799	False	False
E1	NZ_JAUFNY020000004.1	NZ_JBRZFI010000002.1	0.0218579234972677	[0.01, 0.05)	1.0	0.1650310868482052	0.021584588020709422	98.55724068730326	0.1650310868482052	False	False
E1	NZ_JAUFNY020000004.1	NZ_JBRZFM010000002.1	0.028169014084507	[0.01, 0.05)	1.0	0.11232425640692359	0.026537091093127758	98.67144213364145	0.11232425640692359	False	False
E1	NZ_JAUFNY020000004.1	NZ_JBRZEW010000002.1	0.0284090909090909	[0.01, 0.05)	1.0	0.06860769913996664	0.023698349271913676	99.937	0.06860769913996664	False	False
E1	NZ_JAUFNY020000004.1	NZ_JBRZEZ010000002.1	0.0239234449760765	[0.01, 0.05)	1.0	0.10279240051125409	0.024304522272731936	99.91566469968389	0.10279240051125409	False	False
E1	NZ_JAUFNY020000004.1	NZ_JBRZFL010000002.1	0.0275229357798165	[0.01, 0.05)	1.0	0.11232425640692359	0.025815852554730005	98.67144213364145	0.11232425640692359	False	False
E1	NZ_JAUFNY020000004.1	NZ_JBRZEV010000002.1	0.0328947368421052	[0.01, 0.05)	1.0	0.08637161240007799	0.03386217322620645	99.92486556308002	0.08637161240007799	False	False
E1	NZ_JAUFNY020000004.1	NZ_JBRZFG010000002.1	0.0284090909090909	[0.01, 0.05)	1.0	0.06860769913996664	0.023922469143262882	99.937	0.06860769913996664	False	False
E1	NZ_JAUFNY020000004.1	NZ_JBRZEX010000002.1	0.0146341463414634	[0.01, 0.05)	1.0	0.07670977665128571	0.021243445692883896	99.8868084626234	0.07670977665128571	False	False
E1	NZ_JAUFNY020000004.1	NZ_JBRZFC010000002.1	0.014760147601476	[0.01, 0.05)	1.0	0.09523190572127987	0.016792354898787897	99.8179765909091	0.09523190572127987	False	False
E1	NZ_JBRZFH010000002.1	NZ_JBRZFD010000002.1	0.0234741784037558	[0.01, 0.05)	1.0	0.07485561417106283	0.04327782481889171	94.88368471760798	0.07485561417106283	False	False
E1	NZ_JBRZFH010000002.1	NZ_JBRZFF010000002.1	0.0476190476190476	[0.01, 0.05)	1.0	0.11517113783533765	0.07659896283491789	97.44216104909505	0.11517113783533765	False	False
E1	NZ_JBRZFE010000003.1	NZ_JBRZFH010000002.1	0.0393700787401574	[0.01, 0.05)	1.0	0.08821186778176025	0.04984123809285696	99.92486556308002	0.08821186778176025	False	False
E1	NZ_JBRZFH010000002.1	NZ_JBRZEU010000002.1	0.0242718446601941	[0.01, 0.05)	1.0	0.07496812260919569	0.05117099912185723	95.81022842892767	0.07496812260919569	False	False
E1	NZ_JBRZFH010000002.1	NZ_JBRZFI010000002.1	0.0122249388753056	[0.01, 0.05)	1.0	0.04130309773232992	0.009354926418108282	99.93948062953994	0.04130309773232992	False	False
E1	NZ_JBRZFH010000002.1	NZ_JBRZFM010000002.1	0.0443548387096774	[0.01, 0.05)	1.0	0.09118183863789785	0.037282798178035204	99.98628324650397	0.09118183863789785	False	False
E1	NZ_JBRZFH010000002.1	NZ_JAUFNZ020000002.1	0.0219780219780219	[0.01, 0.05)	1.0	0.23601770132759958	0.2023467945698257	92.70376992877868	0.23601770132759958	False	False
E1	NZ_JBRZFH010000002.1	NZ_JBRZEZ010000002.1	0.0283400809716599	[0.01, 0.05)	1.0	0.1009950746305973	0.04146699366861294	96.13491652259816	0.1009950746305973	False	False
E1	NZ_JBRZFH010000002.1	NZ_JBRZFL010000002.1	0.0434782608695652	[0.01, 0.05)	1.0	0.09118183863789785	0.03626950735535464	99.98628324650397	0.09118183863789785	False	False
E1	NZ_JBRZFH010000002.1	NZ_JAUFNY020000003.1	0.0219780219780219	[0.01, 0.05)	1.0	0.23601770132759958	0.2023467945698257	92.70376992877868	0.23601770132759958	False	False
E1	NZ_JAUFOB020000007.1	NZ_JBRZFH010000002.1	0.0350877192982456	[0.01, 0.05)	1.0	0.127208480565371	0.054466584993874544	99.90791467889908	0.127208480565371	False	False
E1	NZ_JBRZFH010000002.1	NZ_JBRZEX010000002.1	0.0333333333333333	[0.01, 0.05)	1.0	0.11104582843713279	0.05319550561797753	94.50161389138239	0.11104582843713279	False	False
E1	NZ_JBRZFH010000002.1	NZ_JBRZFC010000002.1	0.0294117647058823	[0.01, 0.05)	1.0	0.09671975398154861	0.029527829511800444	99.94837813388472	0.09671975398154861	False	False
E1	NZ_JBRZFH010000002.1	NZ_JAUFOF020000003.1	0.0284090909090909	[0.01, 0.05)	1.0	0.05627922094157062	0.050075095955943706	99.91083585073302	0.05627922094157062	False	False
E1	NZ_JBRZFD010000005.1	NZ_JBRZFD010000002.1	0.0437956204379562	[0.01, 0.05)	1.0	0.48554372842347526	0.048850387546407865	98.91875159235668	0.48554372842347526	False	False
E1	NZ_JBRZEV010000003.1	NZ_JBRZFD010000002.1	0.0210526315789473	[0.01, 0.05)	1.0	0.04759697110183898	0.02470020336235408	99.67790988882388	0.04759697110183898	False	False
E1	NZ_JBRZFD010000002.1	NZ_JBRZFI010000003.1	0.0142857142857142	[0.01, 0.05)	1.0	0.08541218871447491	0.07115691104027819	93.19676548635174	0.08541218871447491	False	False
E1	NZ_JBRZFF010000002.1	NZ_JBRZFD010000002.1	0.0232558139534883	[0.01, 0.05)	1.0	0.08505086097998803	0.07404995042590301	92.11714487804879	0.08505086097998803	False	False
E1	NZ_JBRZEU010000002.1	NZ_JBRZFD010000002.1	0.02	[0.01, 0.05)	1.0	0.08575106783866045	0.07274727342466547	91.4426315319782	0.08575106783866045	False	False
E1	NZ_JBRZFD010000002.1	NZ_JBRZFI010000002.1	0.0200445434298441	[0.01, 0.05)	1.0	0.10935249715944043	0.04279531885486411	95.0185125528541	0.10935249715944043	False	False
E1	NZ_JBRZFD010000002.1	NZ_JBRZFM010000002.1	0.0133779264214046	[0.01, 0.05)	1.0	0.1104814838938463	0.07803162366509384	93.98906076479831	0.1104814838938463	False	False
E1	NZ_JBRZFD010000002.1	NZ_JBRZFL010000002.1	0.0131578947368421	[0.01, 0.05)	1.0	0.1104814838938463	0.0759108405693313	93.98906076479831	0.1104814838938463	False	False
E1	NZ_JBRZFB010000003.1	NZ_JBRZFD010000002.1	0.0441176470588235	[0.01, 0.05)	1.0	0.42188206906952197	0.04044812088842571	96.36479187455454	0.42188206906952197	False	False
E1	NZ_JAUFOC020000003.1	NZ_JBRZFD010000002.1	0.0246305418719211	[0.01, 0.05)	1.0	0.12009468211013444	0.06532201451761147	99.11451145545102	0.12009468211013444	False	False
E1	NZ_JAUFOB020000007.1	NZ_JBRZFD010000002.1	0.0253164556962025	[0.01, 0.05)	1.0	0.27366177028881816	0.06792013142563523	99.52065551411827	0.27366177028881816	False	False
E1	NZ_JBRZFD010000002.1	NZ_JBRZEX010000002.1	0.028169014084507	[0.01, 0.05)	1.0	0.08352330706268048	0.06917752808988764	94.07660124341594	0.08352330706268048	False	False
E1	NZ_JBRZFN010000004.1	NZ_JBRZFD010000002.1	0.0207253886010362	[0.01, 0.05)	1.0	0.17610183586003966	0.0996330793113181	94.10445886880126	0.17610183586003966	False	False
E1	NZ_JBRZFD010000002.1	NZ_JBRZFC010000003.1	0.0126582278481012	[0.01, 0.05)	1.0	0.09128147231449518	0.05787338705236688	94.37457451865937	0.09128147231449518	False	False
E1	NZ_JBRZFD010000002.1	NZ_JBRZFC010000002.1	0.0257142857142857	[0.01, 0.05)	1.0	0.12374707802311528	0.06532226055628491	95.45144205056346	0.12374707802311528	False	False
E1	NZ_JAUFOF020000003.1	NZ_JBRZFD010000002.1	0.0227272727272727	[0.01, 0.05)	1.0	0.05520387161372865	0.035910462667448274	99.47608544941558	0.05520387161372865	False	False
E1	NZ_JAUFOA020000004.1	NZ_JBRZFF010000002.1	0.0285714285714285	[0.01, 0.05)	1.0	0.09540521219211022	0.03660827072668041	98.95809784824462	0.09540521219211022	False	False
E1	NZ_JAUFOA020000004.1	NZ_JBRZFN010000003.1	0.0354609929078014	[0.01, 0.05)	1.0	0.08637161240007799	0.040666245078639765	99.92486556308002	0.08637161240007799	False	False
E1	NZ_JAUFOA020000004.1	NZ_JBRZFI010000002.1	0.0218579234972677	[0.01, 0.05)	1.0	0.16494443361279001	0.02157325901505625	98.54330262467192	0.16494443361279001	False	False
E1	NZ_JAUFOA020000004.1	NZ_JBRZFM010000002.1	0.028169014084507	[0.01, 0.05)	1.0	0.11232425640692359	0.026511530419757377	98.0536775872037	0.11232425640692359	False	False
E1	NZ_JAUFOA020000004.1	NZ_JBRZEW010000002.1	0.0284090909090909	[0.01, 0.05)	1.0	0.06860769913996664	0.023698349271913676	99.937	0.06860769913996664	False	False
E1	NZ_JAUFOA020000004.1	NZ_JBRZEZ010000002.1	0.0239234449760765	[0.01, 0.05)	1.0	0.10279240051125409	0.024304522272731936	99.91566469968389	0.10279240051125409	False	False
E1	NZ_JAUFOA020000004.1	NZ_JBRZFL010000002.1	0.0275229357798165	[0.01, 0.05)	1.0	0.11232425640692359	0.025790986582321287	98.0536775872037	0.11232425640692359	False	False
E1	NZ_JAUFOA020000004.1	NZ_JBRZEV010000002.1	0.0328947368421052	[0.01, 0.05)	1.0	0.08637161240007799	0.03386217322620645	99.92486556308002	0.08637161240007799	False	False
E1	NZ_JAUFOA020000004.1	NZ_JBRZFG010000002.1	0.0284090909090909	[0.01, 0.05)	1.0	0.06860769913996664	0.023922469143262882	99.937	0.06860769913996664	False	False
E1	NZ_JAUFOA020000004.1	NZ_JBRZEX010000002.1	0.0146341463414634	[0.01, 0.05)	1.0	0.07668811334243192	0.021213483146067417	99.88664858757062	0.07668811334243192	False	False
E1	NZ_JAUFOA020000004.1	NZ_JBRZFC010000002.1	0.014760147601476	[0.01, 0.05)	1.0	0.09521024241242608	0.016773272677312	99.81777292377701	0.09521024241242608	False	False
E1	NZ_JBRZFD010000005.1	NZ_JBRZFF010000002.1	0.0357142857142857	[0.01, 0.05)	1.0	0.31904487917146146	0.03686589987367861	99.61666546438234	0.31904487917146146	False	False
E1	NZ_JBRZFD010000005.1	NZ_JBRZEU010000002.1	0.0381679389312977	[0.01, 0.05)	1.0	0.31890103567318756	0.0378027674285763	99.57141271989175	0.31890103567318756	False	False
E1	NZ_JBRZFD010000005.1	NZ_JBRZEX010000002.1	0.0297619047619047	[0.01, 0.05)	1.0	0.3191168009205984	0.02658876404494382	99.25650326797386	0.3191168009205984	False	False
E1	NZ_JBRZFD010000005.1	NZ_JBRZFC010000002.1	0.0212765957446808	[0.01, 0.05)	1.0	0.48295454545454547	0.02566177144078405	98.30442891136228	0.48295454545454547	False	False
E1	NZ_JBRZFD010000005.1	NZ_JAUFOF020000003.1	0.0495049504950495	[0.01, 0.05)	1.0	0.26359321058688145	0.04077432274573065	99.945	0.26359321058688145	False	False
E1	NZ_JBRZEV010000003.1	NZ_JBRZFN010000003.1	0.0125	[0.01, 0.05)	1.0	0.04120481589188126	0.02996674894432998	99.5579428376999	0.04120481589188126	False	False
E1	NZ_JBRZEV010000003.1	NZ_JBRZEU010000002.1	0.0163043478260869	[0.01, 0.05)	1.0	0.05890616878099493	0.03578218649024238	99.00037086407997	0.05890616878099493	False	False
E1	NZ_JBRZEV010000003.1	NZ_JBRZFI010000002.1	0.0263157894736842	[0.01, 0.05)	1.0	0.10027956898610585	0.020233604096568443	99.77576189809632	0.10027956898610585	False	False
E1	NZ_JBRZEV010000003.1	NZ_JBRZFM010000002.1	0.0262008733624454	[0.01, 0.05)	1.0	0.08599204843989267	0.031347609821433135	97.32540133724723	0.08599204843989267	False	False
E1	NZ_JBRZEV010000003.1	NZ_JBRZFA010000003.1	0.0146520146520146	[0.01, 0.05)	1.0	0.048187016198142765	0.015633203584683626	99.7110112716763	0.048187016198142765	False	False
E1	NZ_JBRZEV010000003.1	NZ_JAUFOF020000002.1	0.025	[0.01, 0.05)	1.0	0.07361515011028223	0.028807238826432685	99.23852217780316	0.07361515011028223	False	False
E1	NZ_JBRZEV010000003.1	NZ_JAUFOP020000003.1	0.0251046025104602	[0.01, 0.05)	1.0	0.07361515011028223	0.02881261107088791	99.21930877593755	0.07361515011028223	False	False
E1	NZ_JBRZEV010000003.1	NZ_JAUFNY020000002.1	0.0238095238095238	[0.01, 0.05)	1.0	0.05998791812421854	0.03912963811268896	96.93824047674691	0.05998791812421854	False	False
E1	NZ_JBRZEV010000003.1	NZ_JAUFOD020000002.1	0.0165289256198347	[0.01, 0.05)	1.0	0.03829673648866973	0.01534954748590806	99.26897330895795	0.03829673648866973	False	False
E1	NZ_JBRZEV010000003.1	NZ_JBRZEZ010000002.1	0.0267857142857142	[0.01, 0.05)	1.0	0.07006083083969036	0.025612872110086095	99.0189167333867	0.07006083083969036	False	False
E1	NZ_JBRZEV010000003.1	NZ_JAUFOO020000003.1	0.025	[0.01, 0.05)	1.0	0.07361515011028223	0.02881292714766831	99.23852217780316	0.07361515011028223	False	False
E1	NZ_JBRZEV010000003.1	NZ_JBRZFL010000002.1	0.0256410256410256	[0.01, 0.05)	1.0	0.08512102948820613	0.03016242453177374	97.27972596867272	0.08512102948820613	False	False
E1	NZ_JBRZEV010000003.1	NZ_JBRZEV010000002.1	0.0176470588235294	[0.01, 0.05)	1.0	0.055309703432095646	0.03347148850877342	99.64473750951053	0.055309703432095646	False	False
E1	NZ_JBRZEV010000003.1	NZ_JAUFOC020000003.1	0.044776119402985	[0.01, 0.05)	1.0	0.08363186805467751	0.07950903602441522	99.73249315068493	0.08363186805467751	False	False
E1	NZ_JBRZEV010000003.1	NZ_JAUFOI020000002.1	0.0165289256198347	[0.01, 0.05)	1.0	0.03829673648866973	0.015345239832515744	99.26897330895795	0.03829673648866973	False	False
E1	NZ_JBRZEV010000003.1	NZ_JAUFOL020000002.1	0.0165289256198347	[0.01, 0.05)	1.0	0.03829673648866973	0.015344809200150418	99.26897330895795	0.03829673648866973	False	False
E1	NZ_JBRZEV010000003.1	NZ_JBRZEX010000002.1	0.0135746606334841	[0.01, 0.05)	1.0	0.059805285118219746	0.025534082397003745	98.80435263774912	0.059805285118219746	False	False
E1	NZ_JBRZEV010000003.1	NZ_JAUFOA020000002.1	0.0238095238095238	[0.01, 0.05)	1.0	0.05998791812421854	0.03912963811268896	96.91490184622576	0.05998791812421854	False	False
E1	NZ_JBRZEV010000003.1	NZ_JBRZFN010000004.1	0.0238095238095238	[0.01, 0.05)	1.0	0.07521670108596396	0.06862406447898677	97.03594873228934	0.07521670108596396	False	False
E1	NZ_JBRZEV010000003.1	NZ_JBRZFC010000003.1	0.0120481927710843	[0.01, 0.05)	1.0	0.06576193085233419	0.021525853049687047	97.99609038584524	0.06576193085233419	False	False
E1	NZ_JBRZEV010000003.1	NZ_JBRZFC010000002.1	0.0104166666666666	[0.01, 0.05)	1.0	0.06021269720852475	0.016380178914908557	98.64905520614955	0.06021269720852475	False	False
E1	NZ_JBRZFD010000003.1	NZ_JBRZEV010000003.1	0.0150375939849624	[0.01, 0.05)	1.0	0.03645591647331786	0.03529031623607423	99.84061654733492	0.03645591647331786	False	False
E1	NZ_JBRZFI010000003.1	NZ_JBRZFA010000003.1	0.0280112044817927	[0.01, 0.05)	1.0	0.1318337679899546	0.09894994116049606	88.76082547341589	0.1318337679899546	False	False
E1	NZ_JBRZFI010000003.1	NZ_JBRZFC010000004.1	0.0136518771331058	[0.01, 0.05)	1.0	0.11765913261856467	0.11577840861849842	90.21735993860324	0.11765913261856467	False	False
E1	NZ_JBRZFI010000003.1	NZ_JBRZEZ010000002.1	0.0126582278481012	[0.01, 0.05)	1.0	0.0922498309668695	0.07861899826579512	90.75239060262919	0.0922498309668695	False	False
E1	NZ_JBRZFI010000003.1	NZ_JAUFOP020000002.1	0.0410677618069815	[0.01, 0.05)	1.0	0.22998768472906403	0.09844666664944472	94.85022697118282	0.22998768472906403	False	False
E1	NZ_JBRZFI010000003.1	NZ_JAUFOO020000002.1	0.0416666666666666	[0.01, 0.05)	1.0	0.2256048971312663	0.1065922972949852	94.80065913708296	0.2256048971312663	False	False
E1	NZ_JAUFOD020000003.1	NZ_JBRZFI010000003.1	0.0201005025125628	[0.01, 0.05)	1.0	0.14198382961940445	0.04776393315947069	99.29322766279658	0.14198382961940445	False	False
E1	NZ_JBRZFN010000004.1	NZ_JBRZFI010000003.1	0.0138888888888888	[0.01, 0.05)	1.0	0.16210580182946333	0.07646334395827296	93.68107414119132	0.16210580182946333	False	False
E1	NZ_JBRZFI010000003.1	NZ_JBRZFC010000003.1	0.0208955223880597	[0.01, 0.05)	1.0	0.12730005795421617	0.09701088452855124	93.03786306995187	0.12730005795421617	False	False
E1	NZ_JAUFNX020000003.1	NZ_JBRZFF010000002.1	0.0285714285714285	[0.01, 0.05)	1.0	0.09540521219211022	0.03660827072668041	98.95809784824462	0.09540521219211022	False	False
E1	NZ_JBRZFN010000003.1	NZ_JBRZFF010000002.1	0.0265486725663716	[0.01, 0.05)	1.0	0.0729075294261643	0.05940429492719899	98.68498741082671	0.0729075294261643	False	False
E1	NZ_JBRZFE010000003.1	NZ_JBRZFF010000002.1	0.0289017341040462	[0.01, 0.05)	1.0	0.09268109208372052	0.03482979855062828	98.9028650131171	0.09268109208372052	False	False
E1	NZ_JAUFOC020000004.1	NZ_JBRZFF010000002.1	0.0285714285714285	[0.01, 0.05)	1.0	0.09540521219211022	0.03660827072668041	98.95809784824462	0.09540521219211022	False	False
E1	NZ_JBRZFF010000002.1	NZ_JBRZFI010000002.1	0.029082774049217	[0.01, 0.05)	1.0	0.13147397114553552	0.044905346157767735	97.28420801562795	0.13147397114553552	False	False
E1	NZ_JBRZFF010000002.1	NZ_JBRZFM010000002.1	0.0445205479452054	[0.01, 0.05)	1.0	0.1517934312878133	0.0933475791486251	97.33685230752405	0.1517934312878133	False	False
E1	NZ_JAUFOE020000002.1	NZ_JBRZFF010000002.1	0.0285714285714285	[0.01, 0.05)	1.0	0.09540521219211022	0.03660827072668041	98.95809784824462	0.09540521219211022	False	False
E1	NZ_JAUFOB020000006.1	NZ_JBRZFF010000002.1	0.0285714285714285	[0.01, 0.05)	1.0	0.09540521219211022	0.0365999601090353	98.97883843884729	0.09540521219211022	False	False
E1	NZ_JBRZFF010000002.1	NZ_JBRZEW010000002.1	0.0190839694656488	[0.01, 0.05)	1.0	0.055764244398643706	0.050255166943534026	94.1183023912075	0.055764244398643706	False	False
E1	NZ_JAUFOJ020000003.1	NZ_JBRZFF010000002.1	0.0285714285714285	[0.01, 0.05)	1.0	0.09540521219211022	0.03660827072668041	98.95810622876557	0.09540521219211022	False	False
E1	NZ_JBRZEY010000003.1	NZ_JBRZFF010000002.1	0.0285714285714285	[0.01, 0.05)	1.0	0.09540521219211022	0.03657502825609999	98.9788509189925	0.09540521219211022	False	False
E1	NZ_JAUFOM020000002.1	NZ_JBRZFF010000002.1	0.0285714285714285	[0.01, 0.05)	1.0	0.09540521219211022	0.03660827072668041	98.95809784824462	0.09540521219211022	False	False
E1	NZ_JBRZFK010000002.1	NZ_JBRZFF010000002.1	0.0285714285714285	[0.01, 0.05)	1.0	0.09540521219211022	0.03660827072668041	98.95809784824462	0.09540521219211022	False	False
E1	NZ_JBRZFD010000004.1	NZ_JBRZFF010000002.1	0.0285714285714285	[0.01, 0.05)	1.0	0.09540521219211022	0.03660827072668041	98.95809784824462	0.09540521219211022	False	False
E1	NZ_JBRZEU010000003.1	NZ_JBRZFF010000002.1	0.0285714285714285	[0.01, 0.05)	1.0	0.09540521219211022	0.03660827072668041	98.98078459796149	0.09540521219211022	False	False
E1	NZ_JAUFOO020000004.1	NZ_JBRZFF010000002.1	0.0285714285714285	[0.01, 0.05)	1.0	0.09540521219211022	0.03660827072668041	98.95809784824462	0.09540521219211022	False	False
E1	NZ_JBRZFB010000003.1	NZ_JBRZFF010000002.1	0.0434782608695652	[0.01, 0.05)	1.0	0.3684210526315789	0.040589056578684925	98.52615534179287	0.3684210526315789	False	False
E1	NZ_JAUFNZ020000003.1	NZ_JBRZFF010000002.1	0.0285714285714285	[0.01, 0.05)	1.0	0.09540521219211022	0.03660827072668041	98.95809784824462	0.09540521219211022	False	False
E1	NZ_JAUFOD020000003.1	NZ_JBRZFF010000002.1	0.0280898876404494	[0.01, 0.05)	1.0	0.07895161434897187	0.03660827072668041	98.95809784824462	0.07895161434897187	False	False
E1	NZ_JAUFOP020000004.1	NZ_JBRZFF010000002.1	0.0285714285714285	[0.01, 0.05)	1.0	0.09540521219211022	0.03660827072668041	98.98078459796149	0.09540521219211022	False	False
E1	NZ_JAUFOI020000003.1	NZ_JBRZFF010000002.1	0.0285714285714285	[0.01, 0.05)	1.0	0.09538354888325642	0.0365999601090353	98.98055369279565	0.09538354888325642	False	False
E1	NZ_JBRZFF010000002.1	NZ_JBRZFG010000002.1	0.0190839694656488	[0.01, 0.05)	1.0	0.055764244398643706	0.05073043977459852	94.1183023912075	0.055764244398643706	False	False
E1	NZ_JAUFOB020000007.1	NZ_JBRZFF010000002.1	0.025	[0.01, 0.05)	1.0	0.1898782232865111	0.05404394654610731	95.99505171090992	0.1898782232865111	False	False
E1	NZ_JAUFOL020000004.1	NZ_JBRZFF010000002.1	0.0285714285714285	[0.01, 0.05)	1.0	0.09540521219211022	0.03660827072668041	98.98078459796149	0.09540521219211022	False	False
E1	NZ_JBRZFJ010000002.1	NZ_JBRZFF010000002.1	0.0285714285714285	[0.01, 0.05)	1.0	0.09540521219211022	0.03660827072668041	98.98078459796149	0.09540521219211022	False	False
E1	NZ_JBRZFN010000004.1	NZ_JBRZFF010000002.1	0.0418848167539267	[0.01, 0.05)	1.0	0.18051557602507518	0.11730436806063427	97.25581782178217	0.18051557602507518	False	False
E1	NZ_JBRZFF010000002.1	NZ_JBRZFC010000003.1	0.0254777070063694	[0.01, 0.05)	1.0	0.11046472973871418	0.06096620840292946	97.5554432912154	0.11046472973871418	False	False
E1	NZ_JAUFOF020000004.1	NZ_JBRZFF010000002.1	0.0285714285714285	[0.01, 0.05)	1.0	0.09540521219211022	0.03660827072668041	98.95809784824462	0.09540521219211022	False	False
E1	NZ_JAUFOF020000003.1	NZ_JBRZFF010000002.1	0.0225225225225225	[0.01, 0.05)	1.0	0.0655726761973633	0.04899109101788445	95.75117281651995	0.0655726761973633	False	False
E1	NZ_JAUFNX020000003.1	NZ_JBRZFN010000003.1	0.0354609929078014	[0.01, 0.05)	1.0	0.08637161240007799	0.040666245078639765	99.92486556308002	0.08637161240007799	False	False
E1	NZ_JAUFNX020000003.1	NZ_JBRZFI010000002.1	0.0218579234972677	[0.01, 0.05)	1.0	0.16507441346591278	0.02159025252353601	98.53130605822187	0.16507441346591278	False	False
E1	NZ_JAUFNX020000003.1	NZ_JBRZFM010000002.1	0.028169014084507	[0.01, 0.05)	1.0	0.11234591971577738	0.026531978958453682	98.03589158482573	0.11234591971577738	False	False
E1	NZ_JAUFNX020000003.1	NZ_JBRZEW010000002.1	0.0284090909090909	[0.01, 0.05)	1.0	0.06860769913996664	0.023698349271913676	99.937	0.06860769913996664	False	False
E1	NZ_JAUFNX020000003.1	NZ_JBRZEZ010000002.1	0.0239234449760765	[0.01, 0.05)	1.0	0.10279240051125409	0.024304522272731936	99.91566469968389	0.10279240051125409	False	False
E1	NZ_JAUFNX020000003.1	NZ_JBRZFL010000002.1	0.0275229357798165	[0.01, 0.05)	1.0	0.11234591971577738	0.02581087936024826	98.03589158482573	0.11234591971577738	False	False
E1	NZ_JAUFNX020000003.1	NZ_JBRZEV010000002.1	0.0328947368421052	[0.01, 0.05)	1.0	0.08637161240007799	0.03386217322620645	99.92486556308002	0.08637161240007799	False	False
E1	NZ_JAUFNX020000003.1	NZ_JBRZFG010000002.1	0.0284090909090909	[0.01, 0.05)	1.0	0.06860769913996664	0.023922469143262882	99.937	0.06860769913996664	False	False
E1	NZ_JAUFNX020000003.1	NZ_JBRZEX010000002.1	0.0146341463414634	[0.01, 0.05)	1.0	0.07670977665128571	0.021243445692883896	99.8868084626234	0.07670977665128571	False	False
E1	NZ_JAUFNX020000003.1	NZ_JBRZFC010000002.1	0.014760147601476	[0.01, 0.05)	1.0	0.09523190572127987	0.016792354898787897	99.81796772727272	0.09523190572127987	False	False
E1	NZ_JAUFOL020000003.1	NZ_JBRZEZ010000003.1	0.028169014084507	[0.01, 0.05)	1.0	0.5240677143603718	0.5052443932259546	81.73319965320782	0.5240677143603718	False	True
E1	NZ_JBRZFE010000003.1	NZ_JBRZFN010000003.1	0.0359712230215827	[0.01, 0.05)	1.0	0.08821186778176025	0.040666245078639765	99.92486556308002	0.08821186778176025	False	False
E1	NZ_JAUFOC020000004.1	NZ_JBRZFN010000003.1	0.0354609929078014	[0.01, 0.05)	1.0	0.08637161240007799	0.040666245078639765	99.92486556308002	0.08637161240007799	False	False
E1	NZ_JBRZFN010000003.1	NZ_JBRZFI010000002.1	0.0191387559808612	[0.01, 0.05)	1.0	0.08684033373452194	0.024150607801153294	98.7453027673546	0.08684033373452194	False	False
E1	NZ_JAUFOE020000002.1	NZ_JBRZFN010000003.1	0.0354609929078014	[0.01, 0.05)	1.0	0.08637161240007799	0.040666245078639765	99.92486556308002	0.08637161240007799	False	False
E1	NZ_JAUFOB020000006.1	NZ_JBRZFN010000003.1	0.0354609929078014	[0.01, 0.05)	1.0	0.08637161240007799	0.040666245078639765	99.92486556308002	0.08637161240007799	False	False
E1	NZ_JAUFOJ020000003.1	NZ_JBRZFN010000003.1	0.0354609929078014	[0.01, 0.05)	1.0	0.08637161240007799	0.040666245078639765	99.92490067720091	0.08637161240007799	False	False
E1	NZ_JBRZEY010000003.1	NZ_JBRZFN010000003.1	0.0354609929078014	[0.01, 0.05)	1.0	0.08637161240007799	0.040666245078639765	99.92486556308002	0.08637161240007799	False	False
E1	NZ_JAUFOM020000002.1	NZ_JBRZFN010000003.1	0.0354609929078014	[0.01, 0.05)	1.0	0.08637161240007799	0.040666245078639765	99.92486556308002	0.08637161240007799	False	False
E1	NZ_JBRZFK010000002.1	NZ_JBRZFN010000003.1	0.0354609929078014	[0.01, 0.05)	1.0	0.08637161240007799	0.040666245078639765	99.92486556308002	0.08637161240007799	False	False
E1	NZ_JBRZFD010000004.1	NZ_JBRZFN010000003.1	0.0354609929078014	[0.01, 0.05)	1.0	0.08637161240007799	0.040666245078639765	99.92486556308002	0.08637161240007799	False	False
E1	NZ_JBRZEU010000003.1	NZ_JBRZFN010000003.1	0.0354609929078014	[0.01, 0.05)	1.0	0.08637161240007799	0.040666245078639765	99.94995711060947	0.08637161240007799	False	False
E1	NZ_JAUFOO020000004.1	NZ_JBRZFN010000003.1	0.0354609929078014	[0.01, 0.05)	1.0	0.08637161240007799	0.040666245078639765	99.92486556308002	0.08637161240007799	False	False
E1	NZ_JAUFNZ020000003.1	NZ_JBRZFN010000003.1	0.0354609929078014	[0.01, 0.05)	1.0	0.08637161240007799	0.040666245078639765	99.92486556308002	0.08637161240007799	False	False
E1	NZ_JAUFOD020000003.1	NZ_JBRZFN010000003.1	0.0347222222222222	[0.01, 0.05)	1.0	0.07147595059249565	0.040666245078639765	99.92486556308002	0.07147595059249565	False	False
E1	NZ_JAUFOP020000004.1	NZ_JBRZFN010000003.1	0.0354609929078014	[0.01, 0.05)	1.0	0.08637161240007799	0.040666245078639765	99.94995711060947	0.08637161240007799	False	False
E1	NZ_JAUFOI020000003.1	NZ_JBRZFN010000003.1	0.0354609929078014	[0.01, 0.05)	1.0	0.08637161240007799	0.040666245078639765	99.94995711060947	0.08637161240007799	False	False
E1	NZ_JBRZFN010000003.1	NZ_JBRZEX010000002.1	0.0236220472440944	[0.01, 0.05)	1.0	0.07426409089981845	0.04369138576779026	98.75202221308103	0.07426409089981845	False	False
E1	NZ_JAUFOL020000004.1	NZ_JBRZFN010000003.1	0.0354609929078014	[0.01, 0.05)	1.0	0.08637161240007799	0.040666245078639765	99.94995711060947	0.08637161240007799	False	False
E1	NZ_JBRZFJ010000002.1	NZ_JBRZFN010000003.1	0.0354609929078014	[0.01, 0.05)	1.0	0.08637161240007799	0.040666245078639765	99.94995711060947	0.08637161240007799	False	False
E1	NZ_JBRZFN010000004.1	NZ_JBRZFN010000003.1	0.0122699386503067	[0.01, 0.05)	1.0	0.05726348109767799	0.04560290487750148	98.10139937458119	0.05726348109767799	False	False
E1	NZ_JBRZFN010000003.1	NZ_JBRZFC010000002.1	0.021875	[0.01, 0.05)	1.0	0.08710552620305584	0.032634415168076206	98.38657037643208	0.08710552620305584	False	False
E1	NZ_JAUFOF020000004.1	NZ_JBRZFN010000003.1	0.0354609929078014	[0.01, 0.05)	1.0	0.08637161240007799	0.040666245078639765	99.92486556308002	0.08637161240007799	False	False
E1	NZ_JBRZFE010000003.1	NZ_JBRZFI010000002.1	0.0219780219780219	[0.01, 0.05)	1.0	0.16845878136200718	0.021570426763642955	98.54313807586297	0.16845878136200718	False	False
E1	NZ_JBRZFE010000003.1	NZ_JBRZFM010000002.1	0.0284360189573459	[0.01, 0.05)	1.0	0.1147174653745741	0.026531978958453682	98.0166160215675	0.1147174653745741	False	False
E1	NZ_JBRZFE010000003.1	NZ_JBRZEW010000002.1	0.028735632183908	[0.01, 0.05)	1.0	0.07006947210053542	0.023698349271913676	99.937	0.07006947210053542	False	False
E1	NZ_JBRZFE010000003.1	NZ_JBRZEZ010000002.1	0.0241545893719806	[0.01, 0.05)	1.0	0.10004867472012036	0.023201403782413726	99.93359862892525	0.10004867472012036	False	False
E1	NZ_JBRZFE010000003.1	NZ_JBRZFL010000002.1	0.0277777777777777	[0.01, 0.05)	1.0	0.1147174653745741	0.02581087936024826	98.0166160215675	0.1147174653745741	False	False
E1	NZ_JBRZFE010000003.1	NZ_JBRZEV010000002.1	0.0333333333333333	[0.01, 0.05)	1.0	0.08821186778176025	0.03386217322620645	99.92486556308002	0.08821186778176025	False	False
E1	NZ_JBRZFE010000003.1	NZ_JBRZFG010000002.1	0.028735632183908	[0.01, 0.05)	1.0	0.07006947210053542	0.023922469143262882	99.937	0.07006947210053542	False	False
E1	NZ_JBRZFE010000003.1	NZ_JBRZEX010000002.1	0.0147783251231527	[0.01, 0.05)	1.0	0.07829992477543254	0.021231460674157304	99.88674456675133	0.07829992477543254	False	False
E1	NZ_JBRZFE010000003.1	NZ_JBRZFC010000002.1	0.0148698884758364	[0.01, 0.05)	1.0	0.09721669100402673	0.01678472201019754	99.8179986357435	0.09721669100402673	False	False
E1	NZ_JAUFOC020000004.1	NZ_JBRZFI010000002.1	0.0218579234972677	[0.01, 0.05)	1.0	0.1650094235393514	0.021581755769296128	98.54385858585859	0.1650094235393514	False	False
E1	NZ_JAUFOC020000004.1	NZ_JBRZFM010000002.1	0.028169014084507	[0.01, 0.05)	1.0	0.11234591971577738	0.026531978958453682	98.03589158482573	0.11234591971577738	False	False
E1	NZ_JAUFOC020000004.1	NZ_JBRZEW010000002.1	0.0284090909090909	[0.01, 0.05)	1.0	0.06860769913996664	0.023698349271913676	99.937	0.06860769913996664	False	False
E1	NZ_JAUFOC020000004.1	NZ_JBRZEZ010000002.1	0.0239234449760765	[0.01, 0.05)	1.0	0.1027274105846927	0.02428912992170424	99.93671425558836	0.1027274105846927	False	False
E1	NZ_JAUFOC020000004.1	NZ_JBRZFL010000002.1	0.0275229357798165	[0.01, 0.05)	1.0	0.11234591971577738	0.02581087936024826	98.03589158482573	0.11234591971577738	False	False
E1	NZ_JAUFOC020000004.1	NZ_JBRZEV010000002.1	0.0328947368421052	[0.01, 0.05)	1.0	0.08637161240007799	0.03386217322620645	99.92486556308002	0.08637161240007799	False	False
E1	NZ_JAUFOC020000004.1	NZ_JBRZFG010000002.1	0.0284090909090909	[0.01, 0.05)	1.0	0.06860769913996664	0.023922469143262882	99.937	0.06860769913996664	False	False
E1	NZ_JAUFOC020000004.1	NZ_JBRZEX010000002.1	0.0146341463414634	[0.01, 0.05)	1.0	0.07670977665128571	0.021243445692883896	99.8868084626234	0.07670977665128571	False	False
E1	NZ_JAUFOC020000004.1	NZ_JBRZFC010000002.1	0.014760147601476	[0.01, 0.05)	1.0	0.09523190572127987	0.016792354898787897	99.81796772727272	0.09523190572127987	False	False
E1	NZ_JBRZEU010000002.1	NZ_JBRZFI010000002.1	0.0112107623318385	[0.01, 0.05)	1.0	0.09571756200284758	0.03183450588541844	98.28479561005953	0.09571756200284758	False	False
E1	NZ_JBRZEU010000002.1	NZ_JBRZFM010000002.1	0.0349650349650349	[0.01, 0.05)	1.0	0.14236143674388071	0.08533175197967416	98.1273922823811	0.14236143674388071	False	False
E1	NZ_JBRZEU010000002.1	NZ_JBRZFL010000002.1	0.0343642611683848	[0.01, 0.05)	1.0	0.13996572685497002	0.08161509463989099	98.09537312887915	0.13996572685497002	False	False
E1	NZ_JBRZEU010000002.1	NZ_JBRZEV010000002.1	0.0308370044052863	[0.01, 0.05)	1.0	0.10295584561738552	0.10252076574204617	99.16352521321521	0.10295584561738552	False	False
E1	NZ_JBRZFB010000003.1	NZ_JBRZEU010000002.1	0.0384615384615384	[0.01, 0.05)	1.0	0.3347911325591917	0.03784539571841457	98.58090157657657	0.3347911325591917	False	False
E1	NZ_JAUFOC020000003.1	NZ_JBRZEU010000002.1	0.0100502512562814	[0.01, 0.05)	1.0	0.07609143738613545	0.04886907147059074	94.1911723478261	0.07609143738613545	False	False
E1	NZ_JAUFOB020000007.1	NZ_JBRZEU010000002.1	0.0264900662251655	[0.01, 0.05)	1.0	0.1898782232865111	0.05549350771145763	95.99879304001226	0.1898782232865111	False	False
E1	NZ_JBRZFN010000004.1	NZ_JBRZEU010000002.1	0.0382513661202185	[0.01, 0.05)	1.0	0.17520629437727883	0.11675036020904914	97.5949363020188	0.17520629437727883	False	False
E1	NZ_JBRZEU010000002.1	NZ_JBRZFC010000003.1	0.022875816993464	[0.01, 0.05)	1.0	0.11406477794923824	0.06140672895137755	99.70117992976166	0.11406477794923824	False	False
E1	NZ_JBRZEU010000002.1	NZ_JBRZFC010000002.1	0.0352941176470588	[0.01, 0.05)	1.0	0.1547662690868168	0.06929136262327115	99.14126573080098	0.1547662690868168	False	False
E1	NZ_JBRZFD010000003.1	NZ_JBRZEU010000002.1	0.0103092783505154	[0.01, 0.05)	1.0	0.06176044083526682	0.03633635425813987	98.21828973277074	0.06176044083526682	False	False
E1	NZ_JAUFOF020000003.1	NZ_JBRZEU010000002.1	0.0234741784037558	[0.01, 0.05)	1.0	0.04997496801468543	0.03829725559070021	99.95507680320569	0.04997496801468543	False	False
E1	NZ_JBRZFM010000002.1	NZ_JBRZFI010000002.1	0.0417536534446764	[0.01, 0.05)	1.0	0.15586898621257278	0.08640632611675673	96.28888827382904	0.15586898621257278	False	False
E1	NZ_JAUFOE020000002.1	NZ_JBRZFI010000002.1	0.0218579234972677	[0.01, 0.05)	1.0	0.16507441346591278	0.02159025252353601	98.53130605822187	0.16507441346591278	False	False
E1	NZ_JAUFOB020000006.1	NZ_JBRZFI010000002.1	0.0218579234972677	[0.01, 0.05)	1.0	0.1650094235393514	0.021578923517882834	98.54379546050906	0.1650094235393514	False	False
E1	NZ_JBRZEW010000002.1	NZ_JBRZFI010000002.1	0.0154185022026431	[0.01, 0.05)	1.0	0.050045645699576466	0.018978916720479442	98.01581769357004	0.050045645699576466	False	False
E1	NZ_JAUFOJ020000003.1	NZ_JBRZFI010000002.1	0.0218579234972677	[0.01, 0.05)	1.0	0.1650094235393514	0.021581755769296128	98.54388639643184	0.1650094235393514	False	False
E1	NZ_JBRZEY010000003.1	NZ_JBRZFI010000002.1	0.0218579234972677	[0.01, 0.05)	1.0	0.16494443361279001	0.021570426763642955	98.56937038981495	0.16494443361279001	False	False
E1	NZ_JBRZFA010000003.1	NZ_JBRZFI010000002.1	0.0150093808630394	[0.01, 0.05)	1.0	0.0909839775504662	0.056953743669918094	89.04904153670974	0.0909839775504662	False	False
E1	NZ_JAUFOM020000002.1	NZ_JBRZFI010000002.1	0.0218579234972677	[0.01, 0.05)	1.0	0.16507441346591278	0.02159025252353601	98.53130605822187	0.16507441346591278	False	False
E1	NZ_JBRZFK010000002.1	NZ_JBRZFI010000002.1	0.0218579234972677	[0.01, 0.05)	1.0	0.16496609692164382	0.021576091266469543	98.54346896732713	0.16496609692164382	False	False
E1	NZ_JBRZFD010000004.1	NZ_JBRZFI010000002.1	0.0218579234972677	[0.01, 0.05)	1.0	0.16507441346591278	0.02159025252353601	98.53130605822187	0.16507441346591278	False	False
E1	NZ_JBRZEU010000003.1	NZ_JBRZFI010000002.1	0.0218579234972677	[0.01, 0.05)	1.0	0.1650094235393514	0.021581755769296128	98.55701731601732	0.1650094235393514	False	False
E1	NZ_JAUFOO020000004.1	NZ_JBRZFI010000002.1	0.0218579234972677	[0.01, 0.05)	1.0	0.1650094235393514	0.021581755769296128	98.54385858585859	0.1650094235393514	False	False
E1	NZ_JAUFNY020000002.1	NZ_JBRZFI010000002.1	0.0186915887850467	[0.01, 0.05)	1.0	0.10700870361887312	0.033069367501614384	95.21947002480114	0.10700870361887312	False	False
E1	NZ_JAUFOD020000002.1	NZ_JBRZFI010000002.1	0.0344827586206896	[0.01, 0.05)	1.0	0.22083361404927127	0.11131314504525938	94.78685358603693	0.22083361404927127	False	False
E1	NZ_JBRZEZ010000002.1	NZ_JBRZFI010000002.1	0.0443974630021141	[0.01, 0.05)	1.0	0.13970097792736863	0.0771165414811542	97.99003513791081	0.13970097792736863	False	False
E1	NZ_JAUFOO020000002.1	NZ_JBRZFI010000002.1	0.0417335473515248	[0.01, 0.05)	1.0	0.2443324721542594	0.2425993270570642	89.55096505310671	0.2443324721542594	False	False
E1	NZ_JBRZEV010000002.1	NZ_JBRZFI010000002.1	0.0330969267139479	[0.01, 0.05)	1.0	0.1858809940378115	0.06206878972232607	99.21071721872434	0.1858809940378115	False	False
E1	NZ_JAUFNZ020000003.1	NZ_JBRZFI010000002.1	0.0218579234972677	[0.01, 0.05)	1.0	0.16507441346591278	0.02159025252353601	98.53130605822187	0.16507441346591278	False	False
E1	NZ_JAUFOD020000003.1	NZ_JBRZFI010000002.1	0.021680216802168	[0.01, 0.05)	1.0	0.19458238468295655	0.030769579354020096	98.97858120916537	0.19458238468295655	False	False
E1	NZ_JAUFOP020000004.1	NZ_JBRZFI010000002.1	0.0218579234972677	[0.01, 0.05)	1.0	0.1650094235393514	0.021581755769296128	98.55701731601732	0.1650094235393514	False	False
E1	NZ_JAUFOC020000003.1	NZ_JBRZFI010000002.1	0.0332480818414322	[0.01, 0.05)	1.0	0.17742257210867166	0.037790730607574576	97.56522265507941	0.17742257210867166	False	False
E1	NZ_JAUFOI020000003.1	NZ_JBRZFI010000002.1	0.0218579234972677	[0.01, 0.05)	1.0	0.16481445375966725	0.021556265506576487	98.58155135277121	0.16481445375966725	False	False
E1	NZ_JAUFOI020000002.1	NZ_JBRZFI010000002.1	0.0344827586206896	[0.01, 0.05)	1.0	0.22077163993130003	0.11131314504525938	94.78685358603693	0.22077163993130003	False	False
E1	NZ_JBRZFG010000002.1	NZ_JBRZFI010000002.1	0.0154185022026431	[0.01, 0.05)	1.0	0.05051893704772408	0.018978916720479442	98.01581769357004	0.05051893704772408	False	False
E1	NZ_JAUFOL020000002.1	NZ_JBRZFI010000002.1	0.0344827586206896	[0.01, 0.05)	1.0	0.22076544443259566	0.11131314504525938	94.78685358603693	0.22076544443259566	False	False
E1	NZ_JBRZEX010000002.1	NZ_JBRZFI010000002.1	0.0338983050847457	[0.01, 0.05)	1.0	0.1342561797752809	0.06352456694875891	98.73428744596461	0.1342561797752809	False	False
E1	NZ_JAUFOA020000002.1	NZ_JBRZFI010000002.1	0.0186915887850467	[0.01, 0.05)	1.0	0.10700870361887312	0.033069367501614384	95.21947002480114	0.10700870361887312	False	False
E1	NZ_JAUFOL020000004.1	NZ_JBRZFI010000002.1	0.0218579234972677	[0.01, 0.05)	1.0	0.1650094235393514	0.021581755769296128	98.55701731601732	0.1650094235393514	False	False
E1	NZ_JBRZFJ010000002.1	NZ_JBRZFI010000002.1	0.0218579234972677	[0.01, 0.05)	1.0	0.1650094235393514	0.021581755769296128	98.55701731601732	0.1650094235393514	False	False
E1	NZ_JBRZFN010000004.1	NZ_JBRZFI010000002.1	0.0287958115183246	[0.01, 0.05)	1.0	0.2537964562144182	0.056475093181071495	95.4049075466025	0.2537964562144182	False	False
E1	NZ_JBRZFC010000003.1	NZ_JBRZFI010000002.1	0.0403225806451612	[0.01, 0.05)	1.0	0.1557515464106753	0.0961521032298995	94.87907659274074	0.1557515464106753	False	False
E1	NZ_JBRZFC010000002.1	NZ_JBRZFI010000002.1	0.0277777777777777	[0.01, 0.05)	1.0	0.10753976734955577	0.07979301906671651	96.82190557939911	0.10753976734955577	False	False
E1	NZ_JBRZFD010000003.1	NZ_JBRZFI010000002.1	0.023076923076923	[0.01, 0.05)	1.0	0.14778132250580048	0.028866306404286897	96.86197911150339	0.14778132250580048	False	False
E1	NZ_JAUFOF020000004.1	NZ_JBRZFI010000002.1	0.0218579234972677	[0.01, 0.05)	1.0	0.1650094235393514	0.021581755769296128	98.54385858585859	0.1650094235393514	False	False
E1	NZ_JAUFOE020000002.1	NZ_JBRZFM010000002.1	0.028169014084507	[0.01, 0.05)	1.0	0.11234591971577738	0.026531978958453682	98.03589158482573	0.11234591971577738	False	False
E1	NZ_JAUFOB020000006.1	NZ_JBRZFM010000002.1	0.028169014084507	[0.01, 0.05)	1.0	0.11232425640692359	0.026526866823779607	98.03546976117104	0.11232425640692359	False	False
E1	NZ_JAUFOJ020000003.1	NZ_JBRZFM010000002.1	0.028169014084507	[0.01, 0.05)	1.0	0.11234591971577738	0.026531978958453682	98.03591854419412	0.11234591971577738	False	False
E1	NZ_JBRZEY010000003.1	NZ_JBRZFM010000002.1	0.028169014084507	[0.01, 0.05)	1.0	0.1122592664803622	0.026511530419757377	98.11158855270764	0.1122592664803622	False	False
E1	NZ_JBRZFM010000002.1	NZ_JBRZFA010000003.1	0.0104712041884816	[0.01, 0.05)	1.0	0.08025029011364275	0.07108717298814157	90.60267637334691	0.08025029011364275	False	False
E1	NZ_JAUFOM020000002.1	NZ_JBRZFM010000002.1	0.028169014084507	[0.01, 0.05)	1.0	0.11234591971577738	0.026531978958453682	98.03589158482573	0.11234591971577738	False	False
E1	NZ_JAUFOF020000002.1	NZ_JBRZFM010000002.1	0.0289855072463768	[0.01, 0.05)	1.0	0.12981080340005485	0.12097866706200508	94.63811617802152	0.12981080340005485	False	False
E1	NZ_JBRZFK010000002.1	NZ_JBRZFM010000002.1	0.028169014084507	[0.01, 0.05)	1.0	0.11234591971577738	0.026516642554431456	98.05410423892101	0.11234591971577738	False	False
E1	NZ_JBRZFD010000004.1	NZ_JBRZFM010000002.1	0.028169014084507	[0.01, 0.05)	1.0	0.11234591971577738	0.026531978958453682	98.03589158482573	0.11234591971577738	False	False
E1	NZ_JBRZEU010000003.1	NZ_JBRZFM010000002.1	0.028169014084507	[0.01, 0.05)	1.0	0.11234591971577738	0.026531978958453682	98.05515597920277	0.11234591971577738	False	False
E1	NZ_JAUFOO020000004.1	NZ_JBRZFM010000002.1	0.028169014084507	[0.01, 0.05)	1.0	0.11234591971577738	0.026531978958453682	98.03589158482573	0.11234591971577738	False	False
E1	NZ_JAUFOP020000003.1	NZ_JBRZFM010000002.1	0.0290697674418604	[0.01, 0.05)	1.0	0.12983501173786174	0.12097866706200508	94.63811617802152	0.12983501173786174	False	False
E1	NZ_JAUFNY020000002.1	NZ_JBRZFM010000002.1	0.0144404332129963	[0.01, 0.05)	1.0	0.10471827759963354	0.05833456876587957	96.05464675006563	0.10471827759963354	False	False
E1	NZ_JAUFOO020000003.1	NZ_JBRZFM010000002.1	0.0289855072463768	[0.01, 0.05)	1.0	0.12983643603892187	0.12097866706200508	94.63811617802152	0.12983643603892187	False	False
E1	NZ_JBRZFB010000003.1	NZ_JBRZFM010000002.1	0.011049723756906	[0.01, 0.05)	1.0	0.08535665812094707	0.0057869364510538665	94.35114298323036	0.08535665812094707	False	False
E1	NZ_JAUFNZ020000003.1	NZ_JBRZFM010000002.1	0.028169014084507	[0.01, 0.05)	1.0	0.11234591971577738	0.026531978958453682	98.03589158482573	0.11234591971577738	False	False
E1	NZ_JAUFOD020000003.1	NZ_JBRZFM010000002.1	0.0277777777777777	[0.01, 0.05)	1.0	0.0929707247987666	0.026531978958453682	98.03589158482573	0.0929707247987666	False	False
E1	NZ_JAUFOP020000004.1	NZ_JBRZFM010000002.1	0.028169014084507	[0.01, 0.05)	1.0	0.11234591971577738	0.026531978958453682	98.05515597920277	0.11234591971577738	False	False
E1	NZ_JAUFOC020000003.1	NZ_JBRZFM010000002.1	0.0289256198347107	[0.01, 0.05)	1.0	0.1561190973284219	0.060026685342998674	97.06242583446866	0.1561190973284219	False	False
E1	NZ_JAUFOI020000003.1	NZ_JBRZFM010000002.1	0.028169014084507	[0.01, 0.05)	1.0	0.11234591971577738	0.026531978958453682	98.05515597920277	0.11234591971577738	False	False
E1	NZ_JAUFOA020000002.1	NZ_JBRZFM010000002.1	0.0144404332129963	[0.01, 0.05)	1.0	0.10471827759963354	0.05833456876587957	96.05464675006563	0.10471827759963354	False	False
E1	NZ_JAUFOL020000004.1	NZ_JBRZFM010000002.1	0.028169014084507	[0.01, 0.05)	1.0	0.11234591971577738	0.026531978958453682	98.05515597920277	0.11234591971577738	False	False
E1	NZ_JBRZFJ010000002.1	NZ_JBRZFM010000002.1	0.028169014084507	[0.01, 0.05)	1.0	0.11234591971577738	0.026531978958453682	98.05515597920277	0.11234591971577738	False	False
E1	NZ_JBRZFJ010000003.1	NZ_JBRZFM010000002.1	0.0114942528735632	[0.01, 0.05)	1.0	0.47422235023041476	0.016834259481731787	92.80278742787732	0.47422235023041476	False	False
E1	NZ_JBRZFM010000002.1	NZ_JBRZFC010000002.1	0.0498687664041994	[0.01, 0.05)	1.0	0.17915987178766238	0.1341899978627912	97.74042382901317	0.17915987178766238	False	False
E1	NZ_JBRZFD010000003.1	NZ_JBRZFM010000002.1	0.0295358649789029	[0.01, 0.05)	1.0	0.12704466357308586	0.044797636148926706	98.51689355390761	0.12704466357308586	False	False
E1	NZ_JAUFOF020000004.1	NZ_JBRZFM010000002.1	0.028169014084507	[0.01, 0.05)	1.0	0.11234591971577738	0.026531978958453682	98.03589158482573	0.11234591971577738	False	False
E1	NZ_JAUFOE020000002.1	NZ_JBRZEW010000002.1	0.0284090909090909	[0.01, 0.05)	1.0	0.06860769913996664	0.023698349271913676	99.937	0.06860769913996664	False	False
E1	NZ_JAUFOE020000002.1	NZ_JBRZEZ010000002.1	0.0239234449760765	[0.01, 0.05)	1.0	0.10279240051125409	0.024304522272731936	99.91566469968389	0.10279240051125409	False	False
E1	NZ_JAUFOE020000002.1	NZ_JBRZFL010000002.1	0.0275229357798165	[0.01, 0.05)	1.0	0.11234591971577738	0.02581087936024826	98.03589158482573	0.11234591971577738	False	False
E1	NZ_JAUFOE020000002.1	NZ_JBRZEV010000002.1	0.0328947368421052	[0.01, 0.05)	1.0	0.08637161240007799	0.03386217322620645	99.92486556308002	0.08637161240007799	False	False
E1	NZ_JAUFOE020000002.1	NZ_JBRZFG010000002.1	0.0284090909090909	[0.01, 0.05)	1.0	0.06860769913996664	0.023922469143262882	99.937	0.06860769913996664	False	False
E1	NZ_JAUFOE020000002.1	NZ_JBRZEX010000002.1	0.0146341463414634	[0.01, 0.05)	1.0	0.07670977665128571	0.021243445692883896	99.8868084626234	0.07670977665128571	False	False
E1	NZ_JAUFOE020000002.1	NZ_JBRZFC010000002.1	0.014760147601476	[0.01, 0.05)	1.0	0.09523190572127987	0.016792354898787897	99.81796772727272	0.09523190572127987	False	False
E1	NZ_JAUFOB020000006.1	NZ_JBRZEW010000002.1	0.0284090909090909	[0.01, 0.05)	1.0	0.06860769913996664	0.023698349271913676	99.937	0.06860769913996664	False	False
E1	NZ_JAUFOB020000006.1	NZ_JBRZEZ010000002.1	0.0239234449760765	[0.01, 0.05)	1.0	0.10264075734927752	0.024304522272731936	99.93662579147319	0.10264075734927752	False	False
E1	NZ_JAUFOB020000006.1	NZ_JBRZFL010000002.1	0.0275229357798165	[0.01, 0.05)	1.0	0.11232425640692359	0.02580590616576652	98.03546976117104	0.11232425640692359	False	False
E1	NZ_JAUFOB020000006.1	NZ_JBRZEV010000002.1	0.0328947368421052	[0.01, 0.05)	1.0	0.08637161240007799	0.03386217322620645	99.92486556308002	0.08637161240007799	False	False
E1	NZ_JAUFOB020000006.1	NZ_JBRZFG010000002.1	0.0284090909090909	[0.01, 0.05)	1.0	0.06860769913996664	0.023922469143262882	99.937	0.06860769913996664	False	False
E1	NZ_JAUFOB020000006.1	NZ_JBRZEX010000002.1	0.0146341463414634	[0.01, 0.05)	1.0	0.07670977665128571	0.021243445692883896	99.8868084626234	0.07670977665128571	False	False
E1	NZ_JAUFOB020000006.1	NZ_JBRZFC010000002.1	0.014760147601476	[0.01, 0.05)	1.0	0.09523190572127987	0.016792354898787897	99.81796772727272	0.09523190572127987	False	False
E1	NZ_JAUFOJ020000003.1	NZ_JBRZEW010000002.1	0.0284090909090909	[0.01, 0.05)	1.0	0.06860769913996664	0.023698349271913676	99.937	0.06860769913996664	False	False
E1	NZ_JBRZEY010000003.1	NZ_JBRZEW010000002.1	0.0284090909090909	[0.01, 0.05)	1.0	0.06860769913996664	0.023698349271913676	99.937	0.06860769913996664	False	False
E1	NZ_JAUFOM020000002.1	NZ_JBRZEW010000002.1	0.0284090909090909	[0.01, 0.05)	1.0	0.06860769913996664	0.023698349271913676	99.937	0.06860769913996664	False	False
E1	NZ_JBRZFK010000002.1	NZ_JBRZEW010000002.1	0.0284090909090909	[0.01, 0.05)	1.0	0.06860769913996664	0.023698349271913676	99.937	0.06860769913996664	False	False
E1	NZ_JBRZFD010000004.1	NZ_JBRZEW010000002.1	0.0284090909090909	[0.01, 0.05)	1.0	0.06860769913996664	0.023698349271913676	99.937	0.06860769913996664	False	False
E1	NZ_JBRZEU010000003.1	NZ_JBRZEW010000002.1	0.0284090909090909	[0.01, 0.05)	1.0	0.06860769913996664	0.023698349271913676	99.937	0.06860769913996664	False	False
E1	NZ_JAUFOO020000004.1	NZ_JBRZEW010000002.1	0.0284090909090909	[0.01, 0.05)	1.0	0.06860769913996664	0.023698349271913676	99.937	0.06860769913996664	False	False
E1	NZ_JAUFNZ020000003.1	NZ_JBRZEW010000002.1	0.0284090909090909	[0.01, 0.05)	1.0	0.06860769913996664	0.023698349271913676	99.937	0.06860769913996664	False	False
E1	NZ_JAUFOD020000003.1	NZ_JBRZEW010000002.1	0.0279329608938547	[0.01, 0.05)	1.0	0.056775604596547215	0.023698349271913676	99.937	0.056775604596547215	False	False
E1	NZ_JAUFOP020000004.1	NZ_JBRZEW010000002.1	0.0284090909090909	[0.01, 0.05)	1.0	0.06860769913996664	0.023698349271913676	99.937	0.06860769913996664	False	False
E1	NZ_JAUFOI020000003.1	NZ_JBRZEW010000002.1	0.0284090909090909	[0.01, 0.05)	1.0	0.06860769913996664	0.023698349271913676	99.937	0.06860769913996664	False	False
E1	NZ_JBRZEW010000002.1	NZ_JBRZEX010000002.1	0.0172413793103448	[0.01, 0.05)	1.0	0.062100600128705906	0.04973782771535581	95.00475854597978	0.062100600128705906	False	False
E1	NZ_JAUFOL020000004.1	NZ_JBRZEW010000002.1	0.0284090909090909	[0.01, 0.05)	1.0	0.06860769913996664	0.023698349271913676	99.937	0.06860769913996664	False	False
E1	NZ_JBRZFJ010000002.1	NZ_JBRZEW010000002.1	0.0284090909090909	[0.01, 0.05)	1.0	0.06860769913996664	0.023698349271913676	99.937	0.06860769913996664	False	False
E1	NZ_JBRZEW010000002.1	NZ_JBRZFC010000002.1	0.0254957507082152	[0.01, 0.05)	1.0	0.07607866026130292	0.038809422037675935	96.98318386399372	0.07607866026130292	False	False
E1	NZ_JAUFOF020000004.1	NZ_JBRZEW010000002.1	0.0284090909090909	[0.01, 0.05)	1.0	0.06860769913996664	0.023698349271913676	99.937	0.06860769913996664	False	False
E1	NZ_JAUFOJ020000003.1	NZ_JBRZEZ010000002.1	0.0239234449760765	[0.01, 0.05)	1.0	0.1027274105846927	0.02428912992170424	99.93672205820329	0.1027274105846927	False	False
E1	NZ_JAUFOJ020000003.1	NZ_JBRZFL010000002.1	0.0275229357798165	[0.01, 0.05)	1.0	0.11234591971577738	0.02581087936024826	98.03591854419412	0.11234591971577738	False	False
E1	NZ_JAUFOJ020000003.1	NZ_JBRZEV010000002.1	0.0328947368421052	[0.01, 0.05)	1.0	0.08637161240007799	0.03386217322620645	99.92490067720091	0.08637161240007799	False	False
E1	NZ_JAUFOJ020000003.1	NZ_JBRZFG010000002.1	0.0284090909090909	[0.01, 0.05)	1.0	0.06860769913996664	0.023922469143262882	99.937	0.06860769913996664	False	False
E1	NZ_JAUFOJ020000003.1	NZ_JBRZEX010000002.1	0.0146341463414634	[0.01, 0.05)	1.0	0.07670977665128571	0.021243445692883896	99.88691565585333	0.07670977665128571	False	False
E1	NZ_JAUFOJ020000003.1	NZ_JBRZFC010000002.1	0.014760147601476	[0.01, 0.05)	1.0	0.09523190572127987	0.016792354898787897	99.81797613636363	0.09523190572127987	False	False
E1	NZ_JBRZEY010000003.1	NZ_JBRZEZ010000002.1	0.0239234449760765	[0.01, 0.05)	1.0	0.10270574727583891	0.024304522272731936	99.93666589327147	0.10270574727583891	False	False
E1	NZ_JBRZEY010000003.1	NZ_JBRZFL010000002.1	0.0275229357798165	[0.01, 0.05)	1.0	0.1122592664803622	0.025790986582321287	98.11158855270764	0.1122592664803622	False	False
E1	NZ_JBRZEY010000003.1	NZ_JBRZEV010000002.1	0.0328947368421052	[0.01, 0.05)	1.0	0.08637161240007799	0.03386217322620645	99.92486556308002	0.08637161240007799	False	False
E1	NZ_JBRZEY010000003.1	NZ_JBRZFG010000002.1	0.0284090909090909	[0.01, 0.05)	1.0	0.06860769913996664	0.023922469143262882	99.937	0.06860769913996664	False	False
E1	NZ_JBRZEY010000003.1	NZ_JBRZEX010000002.1	0.0146341463414634	[0.01, 0.05)	1.0	0.07666645003357812	0.021231460674157304	99.88674456675133	0.07666645003357812	False	False
E1	NZ_JBRZEY010000003.1	NZ_JBRZFC010000002.1	0.014760147601476	[0.01, 0.05)	1.0	0.09518857910357229	0.01678472201019754	99.77247044110959	0.09518857910357229	False	False
E1	NZ_JBRZFC010000005.1	NZ_JBRZFA010000003.1	0.0255591054313099	[0.01, 0.05)	1.0	0.339358010410642	0.15902960079659637	87.3563604999717	0.339358010410642	False	False
E1	NZ_JAUFOD020000002.1	NZ_JBRZFA010000003.1	0.0474934036939313	[0.01, 0.05)	1.0	0.22727885198410025	0.1832307413777496	90.88127149154131	0.22727885198410025	False	False
E1	NZ_JBRZFA010000003.1	NZ_JAUFOP020000002.1	0.0124777183600713	[0.01, 0.05)	1.0	0.09934371322531003	0.0567084212728912	87.9447033932859	0.09934371322531003	False	False
E1	NZ_JBRZFA010000003.1	NZ_JAUFOO020000002.1	0.0113207547169811	[0.01, 0.05)	1.0	0.09245043903322168	0.058257908874707	87.15342676399028	0.09245043903322168	False	False
E1	NZ_JBRZFL010000002.1	NZ_JBRZFA010000003.1	0.0103359173126615	[0.01, 0.05)	1.0	0.07806920697440795	0.07108717298814157	90.60267637334691	0.07806920697440795	False	False
E1	NZ_JAUFOC020000003.1	NZ_JBRZFA010000003.1	0.0174825174825174	[0.01, 0.05)	1.0	0.12661072620646552	0.043111251923599166	98.90963521023382	0.12661072620646552	False	False
E1	NZ_JAUFOI020000002.1	NZ_JBRZFA010000003.1	0.0474934036939313	[0.01, 0.05)	1.0	0.22721506909286845	0.1832307413777496	90.88127149154131	0.22721506909286845	False	False
E1	NZ_JAUFOL020000002.1	NZ_JBRZFA010000003.1	0.0474934036939313	[0.01, 0.05)	1.0	0.22720869277267344	0.1832307413777496	90.88127149154131	0.22720869277267344	False	False
E1	NZ_JBRZFN010000004.1	NZ_JBRZFA010000003.1	0.0144927536231884	[0.01, 0.05)	1.0	0.17750911533294952	0.06281795962704807	90.47402424634863	0.17750911533294952	False	False
E1	NZ_JBRZFC010000003.1	NZ_JBRZFA010000003.1	0.0176767676767676	[0.01, 0.05)	1.0	0.053160734935114994	0.0524531547026342	91.5877711382814	0.053160734935114994	False	False
E1	NZ_JAUFOM020000002.1	NZ_JBRZEZ010000002.1	0.0239234449760765	[0.01, 0.05)	1.0	0.10147093867117263	0.02399154446850212	99.93592314261316	0.10147093867117263	False	False
E1	NZ_JAUFOM020000002.1	NZ_JBRZFL010000002.1	0.0275229357798165	[0.01, 0.05)	1.0	0.11234591971577738	0.02581087936024826	98.03589158482573	0.11234591971577738	False	False
E1	NZ_JAUFOM020000002.1	NZ_JBRZEV010000002.1	0.0328947368421052	[0.01, 0.05)	1.0	0.08637161240007799	0.03386217322620645	99.92486556308002	0.08637161240007799	False	False
E1	NZ_JAUFOM020000002.1	NZ_JBRZFG010000002.1	0.0284090909090909	[0.01, 0.05)	1.0	0.06860769913996664	0.023922469143262882	99.937	0.06860769913996664	False	False
E1	NZ_JAUFOM020000002.1	NZ_JBRZEX010000002.1	0.0146341463414634	[0.01, 0.05)	1.0	0.07549663135547323	0.020907865168539326	99.88503353396388	0.07549663135547323	False	False
E1	NZ_JAUFOM020000002.1	NZ_JBRZFC010000002.1	0.014760147601476	[0.01, 0.05)	1.0	0.09388878057234462	0.016555735352486795	99.86143015214384	0.09388878057234462	False	False
E1	NZ_JBRZFC010000004.1	NZ_JAUFOF020000002.1	0.0447284345047923	[0.01, 0.05)	1.0	0.2414806808328681	0.22323005209761448	92.0210749816041	0.2414806808328681	False	False
E1	NZ_JAUFOF020000002.1	NZ_JBRZEZ010000002.1	0.0385756676557863	[0.01, 0.05)	1.0	0.15932547299149985	0.1490030887317729	94.25391511344523	0.15932547299149985	False	False
E1	NZ_JAUFOF020000002.1	NZ_JAUFOP020000002.1	0.0467836257309941	[0.01, 0.05)	1.0	0.19507540444200713	0.09191352172419227	94.30757560701753	0.19507540444200713	False	False
E1	NZ_JAUFOF020000002.1	NZ_JAUFOO020000002.1	0.0477178423236514	[0.01, 0.05)	1.0	0.18428297230600493	0.0958475199753623	93.97770041893216	0.18428297230600493	False	False
E1	NZ_JAUFOF020000002.1	NZ_JBRZFL010000002.1	0.0285714285714285	[0.01, 0.05)	1.0	0.12981080340005485	0.11769064741045764	94.64234984180553	0.12981080340005485	False	False
E1	NZ_JBRZEX010000002.1	NZ_JAUFOF020000002.1	0.033033033033033	[0.01, 0.05)	1.0	0.13359700374531835	0.12217713188922402	95.03370425436631	0.13359700374531835	False	False
E1	NZ_JBRZFN010000004.1	NZ_JAUFOF020000002.1	0.0418410041841004	[0.01, 0.05)	1.0	0.27485447450905137	0.11781190019193857	94.49754772748398	0.27485447450905137	False	False
E1	NZ_JBRZFJ010000003.1	NZ_JAUFOF020000002.1	0.0108108108108108	[0.01, 0.05)	1.0	0.5967741935483871	0.02272552783109405	95.05294594594596	0.5967741935483871	False	True
E1	NZ_JAUFOF020000002.1	NZ_JBRZFC010000003.1	0.0276243093922651	[0.01, 0.05)	1.0	0.15906224293940224	0.132977551807052	91.16929089407961	0.15906224293940224	False	False
E1	NZ_JAUFOF020000002.1	NZ_JBRZFC010000002.1	0.0223880597014925	[0.01, 0.05)	1.0	0.09412667946257197	0.06549400054956799	98.51512852317728	0.09412667946257197	False	False
E1	NZ_JBRZFC010000005.1	NZ_JBRZFC010000004.1	0.0414937759336099	[0.01, 0.05)	1.0	0.42232504337767496	0.2596952168284021	87.65669816941444	0.42232504337767496	False	False
E1	NZ_JBRZFC010000004.1	NZ_JAUFOP020000003.1	0.0448717948717948	[0.01, 0.05)	1.0	0.2414806808328681	0.22327168213431625	92.0186103016924	0.2414806808328681	False	False
E1	NZ_JBRZFC010000004.1	NZ_JAUFOD020000002.1	0.0447284345047923	[0.01, 0.05)	1.0	0.23107576819374992	0.21859911518336364	91.90343290931472	0.23107576819374992	False	False
E1	NZ_JBRZFC010000004.1	NZ_JAUFOO020000003.1	0.0447284345047923	[0.01, 0.05)	1.0	0.2414806808328681	0.22327413144355343	92.0210749816041	0.2414806808328681	False	False
E1	NZ_JBRZFC010000004.1	NZ_JAUFOI020000002.1	0.0447284345047923	[0.01, 0.05)	1.0	0.23107576819374992	0.21853776814880504	91.90343290931472	0.23107576819374992	False	False
E1	NZ_JBRZFC010000004.1	NZ_JAUFOL020000002.1	0.0447284345047923	[0.01, 0.05)	1.0	0.23107576819374992	0.21853163533908437	91.90343290931472	0.23107576819374992	False	False
E1	NZ_JBRZFC010000004.1	NZ_JBRZFC010000003.1	0.0246153846153846	[0.01, 0.05)	1.0	0.0936026416125239	0.0728419081881757	94.86007973609802	0.0936026416125239	False	False
E1	NZ_JBRZFC010000005.1	NZ_JBRZFC010000003.1	0.0422535211267605	[0.01, 0.05)	1.0	0.2203585887796414	0.1048347130192177	97.15928025700421	0.2203585887796414	False	False
E1	NZ_JBRZFK010000002.1	NZ_JBRZEZ010000002.1	0.0239234449760765	[0.01, 0.05)	1.0	0.10279240051125409	0.024304522272731936	99.91566469968389	0.10279240051125409	False	False
E1	NZ_JBRZFK010000002.1	NZ_JBRZFL010000002.1	0.0275229357798165	[0.01, 0.05)	1.0	0.11234591971577738	0.025795959776803032	98.05410423892101	0.11234591971577738	False	False
E1	NZ_JBRZFK010000002.1	NZ_JBRZEV010000002.1	0.0328947368421052	[0.01, 0.05)	1.0	0.08637161240007799	0.03386217322620645	99.92486556308002	0.08637161240007799	False	False
E1	NZ_JBRZFK010000002.1	NZ_JBRZFG010000002.1	0.0284090909090909	[0.01, 0.05)	1.0	0.06860769913996664	0.023922469143262882	99.937	0.06860769913996664	False	False
E1	NZ_JBRZFK010000002.1	NZ_JBRZEX010000002.1	0.0146341463414634	[0.01, 0.05)	1.0	0.07670977665128571	0.02121947565543071	99.88668059870092	0.07670977665128571	False	False
E1	NZ_JBRZFK010000002.1	NZ_JBRZFC010000002.1	0.014760147601476	[0.01, 0.05)	1.0	0.09523190572127987	0.01677708912160718	99.81775727934486	0.09523190572127987	False	False
E1	NZ_JBRZFD010000004.1	NZ_JBRZEZ010000002.1	0.0239234449760765	[0.01, 0.05)	1.0	0.10279240051125409	0.024304522272731936	99.91566469968389	0.10279240051125409	False	False
E1	NZ_JBRZFD010000004.1	NZ_JBRZFL010000002.1	0.0275229357798165	[0.01, 0.05)	1.0	0.11234591971577738	0.02581087936024826	98.03589158482573	0.11234591971577738	False	False
E1	NZ_JBRZFD010000004.1	NZ_JBRZEV010000002.1	0.0328947368421052	[0.01, 0.05)	1.0	0.08637161240007799	0.03386217322620645	99.92486556308002	0.08637161240007799	False	False
E1	NZ_JBRZFD010000004.1	NZ_JBRZFG010000002.1	0.0284090909090909	[0.01, 0.05)	1.0	0.06860769913996664	0.023922469143262882	99.937	0.06860769913996664	False	False
E1	NZ_JBRZFD010000004.1	NZ_JBRZEX010000002.1	0.0146341463414634	[0.01, 0.05)	1.0	0.07670977665128571	0.021243445692883896	99.8868084626234	0.07670977665128571	False	False
E1	NZ_JBRZFD010000004.1	NZ_JBRZFC010000002.1	0.014760147601476	[0.01, 0.05)	1.0	0.09523190572127987	0.016792354898787897	99.81796772727272	0.09523190572127987	False	False
E1	NZ_JAUFOA020000006.1	NZ_JAUFNZ020000002.1	0.0404040404040404	[0.01, 0.05)	1.0	0.9445251937984496	0.04174339428718256	99.974	0.9445251937984496	False	True
E1	NZ_JBRZEU010000003.1	NZ_JBRZEZ010000002.1	0.0239234449760765	[0.01, 0.05)	1.0	0.1027274105846927	0.02428912992170424	99.95783656684942	0.1027274105846927	False	False
E1	NZ_JBRZEU010000003.1	NZ_JBRZFL010000002.1	0.0275229357798165	[0.01, 0.05)	1.0	0.11234591971577738	0.02581087936024826	98.05515597920277	0.11234591971577738	False	False
E1	NZ_JBRZEU010000003.1	NZ_JBRZEV010000002.1	0.0328947368421052	[0.01, 0.05)	1.0	0.08637161240007799	0.03386217322620645	99.94995711060947	0.08637161240007799	False	False
E1	NZ_JBRZEU010000003.1	NZ_JBRZFG010000002.1	0.0284090909090909	[0.01, 0.05)	1.0	0.06860769913996664	0.023922469143262882	99.937	0.06860769913996664	False	False
E1	NZ_JBRZEU010000003.1	NZ_JBRZEX010000002.1	0.0146341463414634	[0.01, 0.05)	1.0	0.07670977665128571	0.021243445692883896	99.91509732016925	0.07670977665128571	False	False
E1	NZ_JBRZEU010000003.1	NZ_JBRZFC010000002.1	0.014760147601476	[0.01, 0.05)	1.0	0.09523190572127987	0.016792354898787897	99.84073181818181	0.09523190572127987	False	False
E1	NZ_JAUFOO020000004.1	NZ_JBRZEZ010000002.1	0.0239234449760765	[0.01, 0.05)	1.0	0.1027274105846927	0.02428912992170424	99.93671425558836	0.1027274105846927	False	False
E1	NZ_JAUFOO020000004.1	NZ_JBRZFL010000002.1	0.0275229357798165	[0.01, 0.05)	1.0	0.11234591971577738	0.02581087936024826	98.03589158482573	0.11234591971577738	False	False
E1	NZ_JAUFOO020000004.1	NZ_JBRZEV010000002.1	0.0328947368421052	[0.01, 0.05)	1.0	0.08637161240007799	0.03386217322620645	99.92486556308002	0.08637161240007799	False	False
E1	NZ_JAUFOO020000004.1	NZ_JBRZFG010000002.1	0.0284090909090909	[0.01, 0.05)	1.0	0.06860769913996664	0.023922469143262882	99.937	0.06860769913996664	False	False
E1	NZ_JAUFOO020000004.1	NZ_JBRZEX010000002.1	0.0146341463414634	[0.01, 0.05)	1.0	0.07670977665128571	0.021243445692883896	99.8868084626234	0.07670977665128571	False	False
E1	NZ_JAUFOO020000004.1	NZ_JBRZFC010000002.1	0.014760147601476	[0.01, 0.05)	1.0	0.09523190572127987	0.016792354898787897	99.81796772727272	0.09523190572127987	False	False
E1	NZ_JAUFOP020000003.1	NZ_JBRZEZ010000002.1	0.0386904761904761	[0.01, 0.05)	1.0	0.15935518550209526	0.1490030887317729	94.25391511344523	0.15935518550209526	False	False
E1	NZ_JAUFOP020000003.1	NZ_JAUFOP020000002.1	0.046875	[0.01, 0.05)	1.0	0.19512275389982228	0.09191352172419227	94.5002753073943	0.19512275389982228	False	False
E1	NZ_JAUFOP020000003.1	NZ_JAUFOO020000002.1	0.0478170478170478	[0.01, 0.05)	1.0	0.18432830908971237	0.0958475199753623	94.18163929993463	0.18432830908971237	False	False
E1	NZ_JAUFOP020000003.1	NZ_JBRZFL010000002.1	0.0286532951289398	[0.01, 0.05)	1.0	0.12983501173786174	0.11769064741045764	94.64234984180553	0.12983501173786174	False	False
E1	NZ_JBRZEX010000002.1	NZ_JAUFOP020000003.1	0.0331325301204819	[0.01, 0.05)	1.0	0.13359700374531835	0.12219991662827179	95.03370425436631	0.13359700374531835	False	False
E1	NZ_JBRZFN010000004.1	NZ_JAUFOP020000003.1	0.042016806722689	[0.01, 0.05)	1.0	0.27485447450905137	0.117833870861581	94.49754772748398	0.27485447450905137	False	False
E1	NZ_JBRZFJ010000003.1	NZ_JAUFOP020000003.1	0.0108695652173913	[0.01, 0.05)	1.0	0.5967741935483871	0.022729765900963164	95.0287027027027	0.5967741935483871	False	True
E1	NZ_JAUFOP020000003.1	NZ_JBRZFC010000003.1	0.0277008310249307	[0.01, 0.05)	1.0	0.15909190636038525	0.132977551807052	91.16929089407961	0.15909190636038525	False	False
E1	NZ_JAUFOP020000003.1	NZ_JBRZFC010000002.1	0.0224438902743142	[0.01, 0.05)	1.0	0.09414423308980013	0.06549400054956799	98.51512852317728	0.09414423308980013	False	False
E1	NZ_JAUFNY020000002.1	NZ_JBRZFL010000002.1	0.0141843971631205	[0.01, 0.05)	1.0	0.10471827759963354	0.056749122231173975	96.07216044090632	0.10471827759963354	False	False
E1	NZ_JAUFOC020000003.1	NZ_JAUFNY020000002.1	0.0219780219780219	[0.01, 0.05)	1.0	0.07775369353315868	0.053412734768666974	99.45267966478535	0.07775369353315868	False	False
E1	NZ_JAUFOB020000007.1	NZ_JAUFNY020000002.1	0.0144927536231884	[0.01, 0.05)	1.0	0.12063779458575476	0.037929454878607424	99.00953816425121	0.12063779458575476	False	False
E1	NZ_JBRZFN010000004.1	NZ_JAUFNY020000002.1	0.023391812865497	[0.01, 0.05)	1.0	0.14602443548902963	0.1047457627118644	96.06446256778032	0.14602443548902963	False	False
E1	NZ_JBRZFJ010000003.1	NZ_JAUFNY020000002.1	0.018018018018018	[0.01, 0.05)	1.0	0.8179723502304147	0.05196518552450756	98.29303167898628	0.8179723502304147	False	True
E1	NZ_JAUFNY020000002.1	NZ_JBRZFC010000003.1	0.0101694915254237	[0.01, 0.05)	1.0	0.060998625744388454	0.030487692957177733	98.36274707119256	0.060998625744388454	False	False
E1	NZ_JAUFOD020000002.1	NZ_JBRZEZ010000002.1	0.0174418604651162	[0.01, 0.05)	1.0	0.08318174672685216	0.07594585997065191	90.99703747813214	0.08318174672685216	False	False
E1	NZ_JAUFOD020000002.1	NZ_JAUFOP020000002.1	0.0467836257309941	[0.01, 0.05)	1.0	0.1901682049900065	0.0875219256890285	95.40239659087558	0.1901682049900065	False	False
E1	NZ_JAUFOD020000002.1	NZ_JAUFOO020000002.1	0.0477178423236514	[0.01, 0.05)	1.0	0.17916414022322533	0.09102263589234691	95.12034386052771	0.17916414022322533	False	False
E1	NZ_JAUFOD020000003.1	NZ_JAUFOD020000002.1	0.0130434782608695	[0.01, 0.05)	1.0	0.12920169950341515	0.04046239529295515	99.98610212293603	0.12920169950341515	False	False
E1	NZ_JAUFOC020000003.1	NZ_JAUFOD020000002.1	0.015625	[0.01, 0.05)	1.0	0.07466854612428357	0.03157492869815177	95.52394191829484	0.07466854612428357	False	False
E1	NZ_JBRZFJ010000003.1	NZ_JAUFOD020000002.1	0.0108108108108108	[0.01, 0.05)	1.0	0.3803283410138249	0.014827415841361808	99.88636728511928	0.3803283410138249	False	False
E1	NZ_JAUFOO020000003.1	NZ_JBRZEZ010000002.1	0.0385756676557863	[0.01, 0.05)	1.0	0.15935693364195838	0.1490030887317729	94.25391511344523	0.15935693364195838	False	False
E1	NZ_JBRZEZ010000002.1	NZ_JAUFOO020000002.1	0.0103305785123966	[0.01, 0.05)	1.0	0.051938923151122106	0.028863756907967903	96.81978725925926	0.051938923151122106	False	False
E1	NZ_JAUFNZ020000003.1	NZ_JBRZEZ010000002.1	0.0239234449760765	[0.01, 0.05)	1.0	0.10279240051125409	0.024304522272731936	99.91566469968389	0.10279240051125409	False	False
E1	NZ_JAUFOD020000003.1	NZ_JBRZEZ010000002.1	0.0235849056603773	[0.01, 0.05)	1.0	0.08506480701314068	0.024304522272731936	99.91566469968389	0.08506480701314068	False	False
E1	NZ_JAUFOP020000004.1	NZ_JBRZEZ010000002.1	0.0239234449760765	[0.01, 0.05)	1.0	0.1027274105846927	0.02428912992170424	99.95783656684942	0.1027274105846927	False	False
E1	NZ_JAUFOC020000003.1	NZ_JBRZEZ010000002.1	0.0472103004291845	[0.01, 0.05)	1.0	0.22346041835662708	0.08602271911011689	96.69872194513715	0.22346041835662708	False	False
E1	NZ_JAUFOI020000003.1	NZ_JBRZEZ010000002.1	0.0239234449760765	[0.01, 0.05)	1.0	0.10270574727583891	0.024283999138028343	99.9578276734866	0.10270574727583891	False	False
E1	NZ_JAUFOI020000002.1	NZ_JBRZEZ010000002.1	0.0174418604651162	[0.01, 0.05)	1.0	0.08315840283780294	0.07594585997065191	90.99703747813214	0.08315840283780294	False	False
E1	NZ_JAUFOB020000007.1	NZ_JBRZEZ010000002.1	0.010204081632653	[0.01, 0.05)	1.0	0.11170166165347663	0.019620116776636463	92.16567647058825	0.11170166165347663	False	False
E1	NZ_JAUFOL020000002.1	NZ_JBRZEZ010000002.1	0.0174418604651162	[0.01, 0.05)	1.0	0.0831560691695057	0.07594585997065191	90.99703747813214	0.0831560691695057	False	False
E1	NZ_JAUFOL020000004.1	NZ_JBRZEZ010000002.1	0.0239234449760765	[0.01, 0.05)	1.0	0.1027274105846927	0.02428912992170424	99.95783656684942	0.1027274105846927	False	False
E1	NZ_JBRZFJ010000002.1	NZ_JBRZEZ010000002.1	0.0239234449760765	[0.01, 0.05)	1.0	0.1027274105846927	0.02428912992170424	99.95783656684942	0.1027274105846927	False	False
E1	NZ_JBRZFN010000004.1	NZ_JBRZEZ010000002.1	0.0495495495495495	[0.01, 0.05)	1.0	0.21267830870594256	0.08534032488122235	96.92561991113246	0.21267830870594256	False	False
E1	NZ_JBRZFJ010000003.1	NZ_JBRZEZ010000002.1	0.0118343195266272	[0.01, 0.05)	1.0	0.40423387096774194	0.014402109778247529	89.25906487061326	0.40423387096774194	False	False
E1	NZ_JBRZEZ010000002.1	NZ_JBRZFC010000003.1	0.0470588235294117	[0.01, 0.05)	1.0	0.11476536926250115	0.10262293276555129	98.59649749687112	0.11476536926250115	False	False
E1	NZ_JBRZFD010000003.1	NZ_JBRZEZ010000002.1	0.0482456140350877	[0.01, 0.05)	1.0	0.21944605568445474	0.0775415336938564	98.2260878997692	0.21944605568445474	False	False
E1	NZ_JAUFOF020000004.1	NZ_JBRZEZ010000002.1	0.0239234449760765	[0.01, 0.05)	1.0	0.1027274105846927	0.02428912992170424	99.93671425558836	0.1027274105846927	False	False
E1	NZ_JAUFOF020000003.1	NZ_JBRZEZ010000002.1	0.0116279069767441	[0.01, 0.05)	1.0	0.05534850086221283	0.0255872181917066	94.95222495993589	0.05534850086221283	False	False
E1	NZ_JAUFOO020000003.1	NZ_JAUFOP020000002.1	0.0467836257309941	[0.01, 0.05)	1.0	0.19511392432835656	0.09191352172419227	94.32682635789473	0.19511392432835656	False	False
E1	NZ_JAUFOO020000003.1	NZ_JAUFOO020000002.1	0.0477178423236514	[0.01, 0.05)	1.0	0.1843193611022741	0.0958475199753623	93.9980768042309	0.1843193611022741	False	False
E1	NZ_JAUFOO020000003.1	NZ_JBRZFL010000002.1	0.0285714285714285	[0.01, 0.05)	1.0	0.12983643603892187	0.11769064741045764	94.64234984180553	0.12983643603892187	False	False
E1	NZ_JBRZEX010000002.1	NZ_JAUFOO020000003.1	0.033033033033033	[0.01, 0.05)	1.0	0.13359700374531835	0.12220125717169279	95.03370425436631	0.13359700374531835	False	False
E1	NZ_JBRZFN010000004.1	NZ_JAUFOO020000003.1	0.0418410041841004	[0.01, 0.05)	1.0	0.27485447450905137	0.11783516350911065	94.49754772748398	0.27485447450905137	False	False
E1	NZ_JBRZFJ010000003.1	NZ_JAUFOO020000003.1	0.0108108108108108	[0.01, 0.05)	1.0	0.5967741935483871	0.022730015248417567	95.05294594594596	0.5967741935483871	False	True
E1	NZ_JAUFOO020000003.1	NZ_JBRZFC010000003.1	0.0276243093922651	[0.01, 0.05)	1.0	0.15909365161205394	0.132977551807052	91.16929089407961	0.15909365161205394	False	False
E1	NZ_JAUFOO020000003.1	NZ_JBRZFC010000002.1	0.0223880597014925	[0.01, 0.05)	1.0	0.09414526585999979	0.06549400054956799	98.51512852317728	0.09414526585999979	False	False
E1	NZ_JBRZFN010000004.1	NZ_JAUFOC020000002.1	0.0121212121212121	[0.01, 0.05)	1.0	0.08823642295144886	0.06940155119860775	95.10375488917863	0.08823642295144886	False	False
E1	NZ_JAUFOF020000003.1	NZ_JAUFOC020000002.1	0.0263157894736842	[0.01, 0.05)	1.0	0.1831785058686099	0.165471244479765	90.67781959978235	0.1831785058686099	False	False
E1	NZ_JAUFOI020000002.1	NZ_JAUFOP020000002.1	0.0467836257309941	[0.01, 0.05)	1.0	0.19011483672530113	0.0875219256890285	95.40239659087558	0.19011483672530113	False	False
E1	NZ_JAUFOL020000002.1	NZ_JAUFOP020000002.1	0.0467836257309941	[0.01, 0.05)	1.0	0.19010950154626735	0.0875219256890285	95.40239659087558	0.19010950154626735	False	False
E1	NZ_JAUFOI020000002.1	NZ_JAUFOO020000002.1	0.0477178423236514	[0.01, 0.05)	1.0	0.1791138601079892	0.09102263589234691	95.12034386052771	0.1791138601079892	False	False
E1	NZ_JAUFOL020000002.1	NZ_JAUFOO020000002.1	0.0477178423236514	[0.01, 0.05)	1.0	0.17910883364857355	0.09102263589234691	95.12034386052771	0.17910883364857355	False	False
E1	NZ_JBRZFB010000003.1	NZ_JBRZFL010000002.1	0.010752688172043	[0.01, 0.05)	1.0	0.08535665812094707	0.005629656153333532	94.35114298323036	0.08535665812094707	False	False
E1	NZ_JAUFNZ020000003.1	NZ_JBRZFL010000002.1	0.0275229357798165	[0.01, 0.05)	1.0	0.11234591971577738	0.02581087936024826	98.03589158482573	0.11234591971577738	False	False
E1	NZ_JAUFOD020000003.1	NZ_JBRZFL010000002.1	0.0271493212669683	[0.01, 0.05)	1.0	0.0929707247987666	0.02581087936024826	98.03589158482573	0.0929707247987666	False	False
E1	NZ_JAUFOP020000004.1	NZ_JBRZFL010000002.1	0.0275229357798165	[0.01, 0.05)	1.0	0.11234591971577738	0.02581087936024826	98.05515597920277	0.11234591971577738	False	False
E1	NZ_JAUFOC020000003.1	NZ_JBRZFL010000002.1	0.0283400809716599	[0.01, 0.05)	1.0	0.1561190973284219	0.058395249604631036	97.06242583446866	0.1561190973284219	False	False
E1	NZ_JAUFOI020000003.1	NZ_JBRZFL010000002.1	0.0275229357798165	[0.01, 0.05)	1.0	0.11234591971577738	0.02581087936024826	98.05515597920277	0.11234591971577738	False	False
E1	NZ_JAUFOA020000002.1	NZ_JBRZFL010000002.1	0.0141843971631205	[0.01, 0.05)	1.0	0.10471827759963354	0.056749122231173975	96.07216044090632	0.10471827759963354	False	False
E1	NZ_JAUFOL020000004.1	NZ_JBRZFL010000002.1	0.0275229357798165	[0.01, 0.05)	1.0	0.11234591971577738	0.02581087936024826	98.05515597920277	0.11234591971577738	False	False
E1	NZ_JBRZFJ010000002.1	NZ_JBRZFL010000002.1	0.0275229357798165	[0.01, 0.05)	1.0	0.11234591971577738	0.02581087936024826	98.05515597920277	0.11234591971577738	False	False
E1	NZ_JBRZFJ010000003.1	NZ_JBRZFL010000002.1	0.0111731843575419	[0.01, 0.05)	1.0	0.47422235023041476	0.016376729428381025	92.80278742787732	0.47422235023041476	False	False
E1	NZ_JBRZFD010000003.1	NZ_JBRZFL010000002.1	0.0289256198347107	[0.01, 0.05)	1.0	0.12704466357308586	0.043580103243517444	98.51689355390761	0.12704466357308586	False	False
E1	NZ_JAUFOF020000004.1	NZ_JBRZFL010000002.1	0.0275229357798165	[0.01, 0.05)	1.0	0.11234591971577738	0.02581087936024826	98.03589158482573	0.11234591971577738	False	False
E1	NZ_JAUFNZ020000003.1	NZ_JBRZEV010000002.1	0.0328947368421052	[0.01, 0.05)	1.0	0.08637161240007799	0.03386217322620645	99.92486556308002	0.08637161240007799	False	False
E1	NZ_JAUFOD020000003.1	NZ_JBRZEV010000002.1	0.032258064516129	[0.01, 0.05)	1.0	0.07147595059249565	0.03386217322620645	99.92486556308002	0.07147595059249565	False	False
E1	NZ_JAUFOP020000004.1	NZ_JBRZEV010000002.1	0.0328947368421052	[0.01, 0.05)	1.0	0.08637161240007799	0.03386217322620645	99.94995711060947	0.08637161240007799	False	False
E1	NZ_JAUFOC020000003.1	NZ_JBRZEV010000002.1	0.0108108108108108	[0.01, 0.05)	1.0	0.06752749371667176	0.043136688692225374	97.7356977751526	0.06752749371667176	False	False
E1	NZ_JAUFOI020000003.1	NZ_JBRZEV010000002.1	0.0328947368421052	[0.01, 0.05)	1.0	0.08637161240007799	0.03386217322620645	99.94995711060947	0.08637161240007799	False	False
E1	NZ_JAUFOL020000004.1	NZ_JBRZEV010000002.1	0.0328947368421052	[0.01, 0.05)	1.0	0.08637161240007799	0.03386217322620645	99.94995711060947	0.08637161240007799	False	False
E1	NZ_JBRZFJ010000002.1	NZ_JBRZEV010000002.1	0.0328947368421052	[0.01, 0.05)	1.0	0.08637161240007799	0.03386217322620645	99.94995711060947	0.08637161240007799	False	False
E1	NZ_JBRZFN010000004.1	NZ_JBRZEV010000002.1	0.0414201183431952	[0.01, 0.05)	1.0	0.1895477515512058	0.1257749995753427	98.36012605438964	0.1895477515512058	False	False
E1	NZ_JBRZEV010000002.1	NZ_JBRZFC010000003.1	0.023972602739726	[0.01, 0.05)	1.0	0.13463335088583514	0.07276848809676768	98.1090778344993	0.13463335088583514	False	False
E1	NZ_JBRZEV010000002.1	NZ_JBRZFC010000002.1	0.0496894409937888	[0.01, 0.05)	1.0	0.23123439384416775	0.10405917015235246	98.91459084742036	0.23123439384416775	False	False
E1	NZ_JBRZFD010000003.1	NZ_JBRZEV010000002.1	0.0111111111111111	[0.01, 0.05)	1.0	0.0736368909512761	0.043136688692225374	97.7356977751526	0.0736368909512761	False	False
E1	NZ_JAUFOF020000004.1	NZ_JBRZEV010000002.1	0.0328947368421052	[0.01, 0.05)	1.0	0.08637161240007799	0.03386217322620645	99.92486556308002	0.08637161240007799	False	False
E1	NZ_JBRZFB010000003.1	NZ_JAUFOC020000003.1	0.0114942528735632	[0.01, 0.05)	1.0	0.022621022470215652	0.0039628186545033845	94.667	0.022621022470215652	False	False
E1	NZ_JBRZFB010000003.1	NZ_JBRZEX010000002.1	0.036144578313253	[0.01, 0.05)	1.0	0.33418790529331927	0.026552808988764044	98.80385243682309	0.33418790529331927	False	False
E1	NZ_JBRZFB010000003.1	NZ_JBRZFN010000004.1	0.0266666666666666	[0.01, 0.05)	1.0	0.08535665812094707	0.014482185121217937	94.35114298323036	0.08535665812094707	False	False
E1	NZ_JBRZFB010000003.1	NZ_JBRZFC010000002.1	0.0257510729613733	[0.01, 0.05)	1.0	0.33418790529331927	0.016910664671938448	98.82700045126354	0.33418790529331927	False	False
E1	NZ_JBRZFB010000003.1	NZ_JBRZFD010000003.1	0.0121951219512195	[0.01, 0.05)	1.0	0.022621022470215652	0.004321345707656613	94.667	0.022621022470215652	False	False
E1	NZ_JAUFNZ020000003.1	NZ_JBRZFG010000002.1	0.0284090909090909	[0.01, 0.05)	1.0	0.06860769913996664	0.023922469143262882	99.937	0.06860769913996664	False	False
E1	NZ_JAUFNZ020000003.1	NZ_JBRZEX010000002.1	0.0146341463414634	[0.01, 0.05)	1.0	0.07670977665128571	0.021243445692883896	99.8868084626234	0.07670977665128571	False	False
E1	NZ_JAUFNZ020000003.1	NZ_JBRZFC010000002.1	0.014760147601476	[0.01, 0.05)	1.0	0.09523190572127987	0.016792354898787897	99.81796772727272	0.09523190572127987	False	False
E1	NZ_JAUFOD020000003.1	NZ_JAUFOI020000002.1	0.0130434782608695	[0.01, 0.05)	1.0	0.12920169950341515	0.04045104004130979	99.98610212293603	0.12920169950341515	False	False
E1	NZ_JAUFOD020000003.1	NZ_JBRZFG010000002.1	0.0279329608938547	[0.01, 0.05)	1.0	0.056775604596547215	0.023922469143262882	99.937	0.056775604596547215	False	False
E1	NZ_JAUFOD020000003.1	NZ_JAUFOL020000002.1	0.0130434782608695	[0.01, 0.05)	1.0	0.12920169950341515	0.04044990486667303	99.98610212293603	0.12920169950341515	False	False
E1	NZ_JAUFOD020000003.1	NZ_JBRZEX010000002.1	0.0144230769230769	[0.01, 0.05)	1.0	0.06342661479715316	0.02122546816479401	99.91502315076228	0.06342661479715316	False	False
E1	NZ_JAUFOD020000003.1	NZ_JBRZFC010000002.1	0.0145985401459854	[0.01, 0.05)	1.0	0.0788081963392553	0.016792354898787897	99.81796772727272	0.0788081963392553	False	False
E1	NZ_JAUFOA020000006.1	NZ_JAUFNY020000003.1	0.0404040404040404	[0.01, 0.05)	1.0	0.9445251937984496	0.04174339428718256	99.949	0.9445251937984496	False	True
E1	NZ_JAUFOP020000004.1	NZ_JBRZFG010000002.1	0.0284090909090909	[0.01, 0.05)	1.0	0.06860769913996664	0.023922469143262882	99.937	0.06860769913996664	False	False
E1	NZ_JAUFOP020000004.1	NZ_JBRZEX010000002.1	0.0146341463414634	[0.01, 0.05)	1.0	0.07670977665128571	0.021243445692883896	99.91509732016925	0.07670977665128571	False	False
E1	NZ_JAUFOP020000004.1	NZ_JBRZFC010000002.1	0.014760147601476	[0.01, 0.05)	1.0	0.09523190572127987	0.016792354898787897	99.84073181818181	0.09523190572127987	False	False
E1	NZ_JAUFOC020000003.1	NZ_JAUFOI020000002.1	0.015625	[0.01, 0.05)	1.0	0.07466854612428357	0.03156606759987877	95.52394191829484	0.07466854612428357	False	False
E1	NZ_JAUFOC020000003.1	NZ_JAUFOL020000002.1	0.015625	[0.01, 0.05)	1.0	0.07466854612428357	0.031565181763586664	95.52394191829484	0.07466854612428357	False	False
E1	NZ_JAUFOC020000003.1	NZ_JBRZEX010000002.1	0.0303030303030303	[0.01, 0.05)	1.0	0.13816673094057103	0.06229213483146068	97.25909568227713	0.13816673094057103	False	False
E1	NZ_JAUFOC020000003.1	NZ_JAUFOA020000002.1	0.0219780219780219	[0.01, 0.05)	1.0	0.07775369353315868	0.053412734768666974	99.45267966478535	0.07775369353315868	False	False
E1	NZ_JAUFOC020000003.1	NZ_JBRZFC010000003.1	0.0310077519379844	[0.01, 0.05)	1.0	0.15177063524780915	0.05234852517391384	97.03039111772951	0.15177063524780915	False	False
E1	NZ_JAUFOI020000003.1	NZ_JBRZFG010000002.1	0.0284090909090909	[0.01, 0.05)	1.0	0.06860769913996664	0.023922469143262882	99.937	0.06860769913996664	False	False
E1	NZ_JAUFOI020000003.1	NZ_JBRZEX010000002.1	0.0146341463414634	[0.01, 0.05)	1.0	0.07666645003357812	0.021231460674157304	99.91504939316964	0.07666645003357812	False	False
E1	NZ_JAUFOI020000003.1	NZ_JBRZFC010000002.1	0.014760147601476	[0.01, 0.05)	1.0	0.09521024241242608	0.01678853845449272	99.84069561263922	0.09521024241242608	False	False
E1	NZ_JBRZFJ010000003.1	NZ_JAUFOI020000002.1	0.0108108108108108	[0.01, 0.05)	1.0	0.3803283410138249	0.014823254717510637	99.88636728511928	0.3803283410138249	False	False
E1	NZ_JBRZFG010000002.1	NZ_JBRZEX010000002.1	0.0172413793103448	[0.01, 0.05)	1.0	0.0626878975118215	0.04973782771535581	95.00475854597978	0.0626878975118215	False	False
E1	NZ_JAUFOL020000004.1	NZ_JBRZFG010000002.1	0.0284090909090909	[0.01, 0.05)	1.0	0.06860769913996664	0.023922469143262882	99.937	0.06860769913996664	False	False
E1	NZ_JBRZFJ010000002.1	NZ_JBRZFG010000002.1	0.0284090909090909	[0.01, 0.05)	1.0	0.06860769913996664	0.023922469143262882	99.937	0.06860769913996664	False	False
E1	NZ_JBRZFG010000002.1	NZ_JBRZFC010000002.1	0.0254957507082152	[0.01, 0.05)	1.0	0.07679815086187361	0.038809422037675935	96.98318386399372	0.07679815086187361	False	False
E1	NZ_JAUFOF020000004.1	NZ_JBRZFG010000002.1	0.0284090909090909	[0.01, 0.05)	1.0	0.06860769913996664	0.023922469143262882	99.937	0.06860769913996664	False	False
E1	NZ_JAUFOB020000007.1	NZ_JBRZEX010000002.1	0.032258064516129	[0.01, 0.05)	1.0	0.21408755074029728	0.043961048689138575	95.70841403269755	0.21408755074029728	False	False
E1	NZ_JAUFOB020000007.1	NZ_JAUFOA020000002.1	0.0144927536231884	[0.01, 0.05)	1.0	0.12063779458575476	0.037929454878607424	99.00953816425121	0.12063779458575476	False	False
E1	NZ_JAUFOB020000007.1	NZ_JBRZFN010000004.1	0.0210526315789473	[0.01, 0.05)	1.0	0.14992845253044418	0.06569436448538349	94.9951723466407	0.14992845253044418	False	False
E1	NZ_JAUFOB020000007.1	NZ_JBRZFC010000002.1	0.0156862745098039	[0.01, 0.05)	1.0	0.24895599100546098	0.032550453393582264	93.89558336262449	0.24895599100546098	False	False
E1	NZ_JAUFOB020000007.1	NZ_JAUFOF020000003.1	0.0330578512396694	[0.01, 0.05)	1.0	0.12320766288000468	0.046937753796517774	99.97623038634748	0.12320766288000468	False	False
E1	NZ_JBRZFJ010000003.1	NZ_JAUFOL020000002.1	0.0108108108108108	[0.01, 0.05)	1.0	0.3803283410138249	0.014822838733576172	99.88636728511928	0.3803283410138249	False	False
E1	NZ_JAUFOL020000004.1	NZ_JBRZEX010000002.1	0.0146341463414634	[0.01, 0.05)	1.0	0.07670977665128571	0.021243445692883896	99.91509732016925	0.07670977665128571	False	False
E1	NZ_JBRZFJ010000002.1	NZ_JBRZEX010000002.1	0.0146341463414634	[0.01, 0.05)	1.0	0.07670977665128571	0.021243445692883896	99.91509732016925	0.07670977665128571	False	False
E1	NZ_JBRZFJ010000003.1	NZ_JBRZEX010000002.1	0.0122699386503067	[0.01, 0.05)	1.0	0.4110023041474654	0.017114606741573033	88.64	0.4110023041474654	False	False
E1	NZ_JBRZEX010000002.1	NZ_JBRZFC010000003.1	0.0355029585798816	[0.01, 0.05)	1.0	0.13928389513108613	0.10611038710743195	98.42609438424492	0.13928389513108613	False	False
E1	NZ_JBRZFD010000003.1	NZ_JBRZEX010000002.1	0.0309734513274336	[0.01, 0.05)	1.0	0.12470997679814386	0.05161348314606742	99.70975269940787	0.12470997679814386	False	False
E1	NZ_JAUFOF020000004.1	NZ_JBRZEX010000002.1	0.0146341463414634	[0.01, 0.05)	1.0	0.07670977665128571	0.021243445692883896	99.8868084626234	0.07670977665128571	False	False
E1	NZ_JBRZFN010000004.1	NZ_JAUFOA020000002.1	0.023391812865497	[0.01, 0.05)	1.0	0.14602443548902963	0.1047457627118644	96.06446256778032	0.14602443548902963	False	False
E1	NZ_JBRZFJ010000003.1	NZ_JAUFOA020000002.1	0.018018018018018	[0.01, 0.05)	1.0	0.8179723502304147	0.05196518552450756	98.29303167898628	0.8179723502304147	False	True
E1	NZ_JAUFOA020000002.1	NZ_JBRZFC010000003.1	0.0101694915254237	[0.01, 0.05)	1.0	0.060998625744388454	0.030487692957177733	98.36274707119256	0.060998625744388454	False	False
E1	NZ_JAUFOL020000004.1	NZ_JBRZFC010000002.1	0.014760147601476	[0.01, 0.05)	1.0	0.09523190572127987	0.016792354898787897	99.84073181818181	0.09523190572127987	False	False
E1	NZ_JBRZFJ010000002.1	NZ_JBRZFC010000002.1	0.014760147601476	[0.01, 0.05)	1.0	0.09523190572127987	0.016792354898787897	99.84073181818181	0.09523190572127987	False	False
E1	NZ_JBRZFJ010000003.1	NZ_JBRZFN010000004.1	0.0294117647058823	[0.01, 0.05)	1.0	0.47422235023041476	0.04212883003902002	92.80278742787732	0.47422235023041476	False	False
E1	NZ_JBRZFJ010000003.1	NZ_JBRZFC010000003.1	0.0104712041884816	[0.01, 0.05)	1.0	0.19527649769585254	0.00622235274682917	99.92599999999999	0.19527649769585254	False	False
E1	NZ_JBRZFC010000003.1	NZ_JBRZFC010000002.1	0.0451127819548872	[0.01, 0.05)	1.0	0.13113287201042564	0.10932204683540439	98.54867285067874	0.13113287201042564	False	False
E1	NZ_JBRZFD010000003.1	NZ_JBRZFC010000003.1	0.0316205533596837	[0.01, 0.05)	1.0	0.16550174013921112	0.05234852517391384	97.03918710581641	0.16550174013921112	False	False
E1	NZ_JAUFOF020000004.1	NZ_JBRZFC010000002.1	0.014760147601476	[0.01, 0.05)	1.0	0.09523190572127987	0.016792354898787897	99.81796772727272	0.09523190572127987	False	False
E1	NZ_JAUFOF020000003.1	NZ_JBRZFC010000002.1	0.0157728706624605	[0.01, 0.05)	1.0	0.05502586638482505	0.018883766372546025	99.57560125303154	0.05502586638482505	False	False
E1	NZ_JBRZFM010000003.1	NZ_JAUFOA020000005.1	0.1428571428571428	[0.05, 0.15)	1.0	0.6922180801491147	0.6009596161535385	93.47263353214049	0.6922180801491147	False	True
E1	NZ_JBRZFL010000003.1	NZ_JAUFOA020000005.1	0.1428571428571428	[0.05, 0.15)	1.0	0.6922180801491147	0.6009596161535385	93.47249039098742	0.6922180801491147	False	True
E1	NZ_JAUFNY020000004.1	NZ_JBRZFH010000002.1	0.0551181102362204	[0.05, 0.15)	1.0	0.10851151404865579	0.06251718878915918	99.92020023956877	0.10851151404865579	False	False
E1	NZ_JAUFOA020000004.1	NZ_JBRZFH010000002.1	0.0551181102362204	[0.05, 0.15)	1.0	0.10851151404865579	0.06251718878915918	99.92020023956877	0.10851151404865579	False	False
E1	NZ_JBRZFD010000005.1	NZ_JBRZFH010000002.1	0.0531914893617021	[0.05, 0.15)	1.0	0.26388089758342925	0.04586593994549591	99.891	0.26388089758342925	False	False
E1	NZ_JAUFNX020000003.1	NZ_JBRZFH010000002.1	0.0551181102362204	[0.05, 0.15)	1.0	0.10851151404865579	0.06251718878915918	99.92020023956877	0.10851151404865579	False	False
E1	NZ_JBRZFH010000002.1	NZ_JBRZFN010000003.1	0.0628571428571428	[0.05, 0.15)	1.0	0.0894692101907643	0.07298912710879012	99.98605211680872	0.0894692101907643	False	False
E1	NZ_JAUFOC020000004.1	NZ_JBRZFH010000002.1	0.0551181102362204	[0.05, 0.15)	1.0	0.10851151404865579	0.06251718878915918	99.92020023956877	0.10851151404865579	False	False
E1	NZ_JAUFOE020000002.1	NZ_JBRZFH010000002.1	0.0551181102362204	[0.05, 0.15)	1.0	0.10851151404865579	0.06251718878915918	99.92020023956877	0.10851151404865579	False	False
E1	NZ_JAUFOB020000006.1	NZ_JBRZFH010000002.1	0.0551181102362204	[0.05, 0.15)	1.0	0.10835987088667923	0.06251718878915918	99.94011175529788	0.10835987088667923	False	False
E1	NZ_JBRZFH010000002.1	NZ_JBRZEW010000002.1	0.0523809523809523	[0.05, 0.15)	1.0	0.07915593669525214	0.04738173274068753	100.0	0.07915593669525214	False	False
E1	NZ_JAUFOJ020000003.1	NZ_JBRZFH010000002.1	0.0551181102362204	[0.05, 0.15)	1.0	0.10851151404865579	0.06251718878915918	99.92022818925932	0.10851151404865579	False	False
E1	NZ_JBRZEY010000003.1	NZ_JBRZFH010000002.1	0.0551181102362204	[0.05, 0.15)	1.0	0.10842486081324061	0.06251718878915918	99.94014765234766	0.10842486081324061	False	False
E1	NZ_JAUFOM020000002.1	NZ_JBRZFH010000002.1	0.0551181102362204	[0.05, 0.15)	1.0	0.10851151404865579	0.06251718878915918	99.92020023956877	0.10851151404865579	False	False
E1	NZ_JBRZFK010000002.1	NZ_JBRZFH010000002.1	0.0551181102362204	[0.05, 0.15)	1.0	0.10851151404865579	0.06251718878915918	99.92020023956877	0.10851151404865579	False	False
E1	NZ_JBRZFD010000004.1	NZ_JBRZFH010000002.1	0.0551181102362204	[0.05, 0.15)	1.0	0.10851151404865579	0.06251718878915918	99.92020023956877	0.10851151404865579	False	False
E1	NZ_JBRZEU010000003.1	NZ_JBRZFH010000002.1	0.0551181102362204	[0.05, 0.15)	1.0	0.10851151404865579	0.06251718878915918	99.94017228987822	0.10851151404865579	False	False
E1	NZ_JAUFOO020000004.1	NZ_JBRZFH010000002.1	0.0551181102362204	[0.05, 0.15)	1.0	0.10851151404865579	0.06251718878915918	99.92020023956877	0.10851151404865579	False	False
E1	NZ_JBRZFH010000002.1	NZ_JBRZEV010000002.1	0.0591397849462365	[0.05, 0.15)	1.0	0.09119433957546816	0.06194900715122896	99.97260109664154	0.09119433957546816	False	False
E1	NZ_JBRZFB010000003.1	NZ_JBRZFH010000002.1	0.053763440860215	[0.05, 0.15)	1.0	0.2771829286683758	0.04597844838362877	99.837	0.2771829286683758	False	False
E1	NZ_JAUFNZ020000003.1	NZ_JBRZFH010000002.1	0.0551181102362204	[0.05, 0.15)	1.0	0.10851151404865579	0.06251718878915918	99.92020023956877	0.10851151404865579	False	False
E1	NZ_JAUFOD020000003.1	NZ_JBRZFH010000002.1	0.0538461538461538	[0.05, 0.15)	1.0	0.08979760133378749	0.06251718878915918	99.92020023956877	0.08979760133378749	False	False
E1	NZ_JAUFOP020000004.1	NZ_JBRZFH010000002.1	0.0551181102362204	[0.05, 0.15)	1.0	0.10851151404865579	0.06251718878915918	99.94017228987822	0.10851151404865579	False	False
E1	NZ_JAUFOI020000003.1	NZ_JBRZFH010000002.1	0.0551181102362204	[0.05, 0.15)	1.0	0.10851151404865579	0.06251718878915918	99.94017228987822	0.10851151404865579	False	False
E1	NZ_JBRZFH010000002.1	NZ_JBRZFG010000002.1	0.0523809523809523	[0.05, 0.15)	1.0	0.07915593669525214	0.04782983094889188	100.0	0.07915593669525214	False	False
E1	NZ_JAUFOL020000004.1	NZ_JBRZFH010000002.1	0.0551181102362204	[0.05, 0.15)	1.0	0.10851151404865579	0.06251718878915918	99.94017228987822	0.10851151404865579	False	False
E1	NZ_JBRZFJ010000002.1	NZ_JBRZFH010000002.1	0.0551181102362204	[0.05, 0.15)	1.0	0.10851151404865579	0.06251718878915918	99.94017228987822	0.10851151404865579	False	False
E1	NZ_JAUFOF020000004.1	NZ_JBRZFH010000002.1	0.0551181102362204	[0.05, 0.15)	1.0	0.10851151404865579	0.06251718878915918	99.92020023956877	0.10851151404865579	False	False
E1	NZ_JBRZFD010000002.1	NZ_JAUFOF020000002.1	0.0572390572390572	[0.05, 0.15)	1.0	0.27609515331784595	0.2091636961886482	94.23840505732686	0.27609515331784595	False	False
E1	NZ_JBRZFD010000002.1	NZ_JBRZFC010000004.1	0.1088709677419354	[0.05, 0.15)	1.0	0.3405052939345911	0.2793113278141369	96.29984891368922	0.3405052939345911	False	False
E1	NZ_JBRZFD010000002.1	NZ_JAUFOP020000003.1	0.0574324324324324	[0.05, 0.15)	1.0	0.2760662049400407	0.2091807630707124	94.24043968270591	0.2760662049400407	False	False
E1	NZ_JAUFNY020000002.1	NZ_JBRZFD010000002.1	0.0958904109589041	[0.05, 0.15)	1.0	0.3052313330279432	0.24117617259022847	97.4141551289742	0.3052313330279432	False	False
E1	NZ_JBRZFD010000002.1	NZ_JAUFOD020000002.1	0.0501672240802675	[0.05, 0.15)	1.0	0.2611216048980655	0.20253654921511824	94.05774559946863	0.2611216048980655	False	False
E1	NZ_JBRZFD010000002.1	NZ_JAUFOO020000003.1	0.0572390572390572	[0.05, 0.15)	1.0	0.27609515331784595	0.20920499797053435	94.23840505732686	0.27609515331784595	False	False
E1	NZ_JAUFOC020000002.1	NZ_JBRZFD010000002.1	0.0545454545454545	[0.05, 0.15)	1.0	0.27453801040168196	0.19755096723767343	95.03471964259559	0.27453801040168196	False	False
E1	NZ_JBRZFD010000002.1	NZ_JAUFOI020000002.1	0.0501672240802675	[0.05, 0.15)	1.0	0.2611216048980655	0.20247970993343287	94.05774559946863	0.2611216048980655	False	False
E1	NZ_JBRZFD010000002.1	NZ_JAUFOL020000002.1	0.0501672240802675	[0.05, 0.15)	1.0	0.2611216048980655	0.20247402775984868	94.05774559946863	0.2611216048980655	False	False
E1	NZ_JAUFOA020000002.1	NZ_JBRZFD010000002.1	0.0958904109589041	[0.05, 0.15)	1.0	0.3052313330279432	0.24117617259022847	97.4141551289742	0.3052313330279432	False	False
E1	NZ_JBRZFD010000005.1	NZ_JAUFOB020000007.1	0.1025641025641025	[0.05, 0.15)	1.0	0.24431818181818182	0.09920275676780656	99.94116131881071	0.24431818181818182	False	False
E1	NZ_JBRZFI010000003.1	NZ_JBRZFI010000002.1	0.0762331838565022	[0.05, 0.15)	1.0	0.37318289384719405	0.1750897823698014	98.19540704630708	0.37318289384719405	False	False
E1	NZ_JAUFNY020000002.1	NZ_JBRZFI010000003.1	0.0522088353413654	[0.05, 0.15)	1.0	0.21445716903344023	0.14113059016710133	96.49490513597746	0.21445716903344023	False	False
E1	NZ_JAUFOC020000002.1	NZ_JBRZFI010000003.1	0.0717299578059071	[0.05, 0.15)	1.0	0.28784693230858993	0.17269149038925916	94.69078585132728	0.28784693230858993	False	False
E1	NZ_JAUFOA020000002.1	NZ_JBRZFI010000003.1	0.0522088353413654	[0.05, 0.15)	1.0	0.21445716903344023	0.14113059016710133	96.49490513597746	0.21445716903344023	False	False
E1	NZ_JAUFOF020000003.1	NZ_JBRZFI010000003.1	0.0833333333333333	[0.05, 0.15)	1.0	0.4968904711575903	0.26933618274896165	91.6048616973708	0.4968904711575903	False	False
E1	NZ_JAUFOF020000006.1	NZ_JBRZFC010000008.1	0.1428571428571428	[0.05, 0.15)	1.0	0.22275641025641027	0.14653361344537816	89.624	0.22275641025641027	False	False
E1	NZ_JAUFOD020000005.1	NZ_JAUFOF020000005.1	0.1333333333333333	[0.05, 0.15)	1.0	0.5643882579815728	0.4191117524450858	88.2508893086513	0.5643882579815728	False	True
E1	NZ_JBRZFD010000006.1	NZ_JAUFOF020000005.1	0.0666666666666666	[0.05, 0.15)	1.0	0.679931640625	0.4462081128747795	88.79799893314367	0.679931640625	False	True
E1	NZ_JBRZFF010000002.1	NZ_JBRZEZ010000002.1	0.0869565217391304	[0.05, 0.15)	1.0	0.19421913436606608	0.1199474607751588	97.98882475767539	0.19421913436606608	False	False
E1	NZ_JBRZFF010000002.1	NZ_JBRZFL010000002.1	0.0580204778156996	[0.05, 0.15)	1.0	0.1517934312878133	0.09081053123663455	97.33685230752405	0.1517934312878133	False	False
E1	NZ_JBRZEV010000002.1	NZ_JBRZFF010000002.1	0.0611353711790393	[0.05, 0.15)	1.0	0.13516841908579777	0.13227179043946546	98.0790141861779	0.13516841908579777	False	False
E1	NZ_JBRZFF010000002.1	NZ_JBRZEX010000002.1	0.0769230769230769	[0.05, 0.15)	1.0	0.24453161358952197	0.17631760299625468	93.5171181448883	0.24453161358952197	False	False
E1	NZ_JBRZFF010000002.1	NZ_JBRZFC010000002.1	0.0555555555555555	[0.05, 0.15)	1.0	0.16781630210757265	0.07704256098677983	98.22934342235409	0.16781630210757265	False	False
E1	NZ_JBRZFC010000008.1	NZ_JBRZFG010000005.1	0.0833333333333333	[0.05, 0.15)	1.0	0.43434873949579833	0.3437305053025577	86.40724311377245	0.43434873949579833	False	False
E1	NZ_JBRZFG010000005.1	NZ_JBRZFG010000004.1	0.0714285714285714	[0.05, 0.15)	1.0	0.34747348721147847	0.34260403790688093	88.31841179941004	0.34747348721147847	False	False
E1	NZ_JBRZFG010000005.1	NZ_JBRZFB010000003.1	0.0526315789473684	[0.05, 0.15)	1.0	0.3223123310459555	0.11695068617101494	91.7677664326739	0.3223123310459555	False	False
E1	NZ_JBRZEZ010000004.1	NZ_JBRZFG010000005.1	0.1428571428571428	[0.05, 0.15)	1.0	0.5082872928176796	0.4443751299646496	88.90457845868153	0.5082872928176796	False	True
E1	NZ_JBRZET010000008.1	NZ_JBRZFJ010000004.1	0.1428571428571428	[0.05, 0.15)	1.0	0.661489446435683	0.4773055796472969	91.05	0.661489446435683	False	True
E1	NZ_JBRZFM010000003.1	NZ_JAUFNZ020000004.1	0.1428571428571428	[0.05, 0.15)	1.0	0.6922180801491147	0.5989240884638374	93.47263353214049	0.6922180801491147	False	True
E1	NZ_JBRZFM010000003.1	NZ_JAUFNY020000005.1	0.1428571428571428	[0.05, 0.15)	1.0	0.6922180801491147	0.5989240884638374	93.47263353214049	0.6922180801491147	False	True
E1	NZ_JBRZEU010000002.1	NZ_JBRZEZ010000002.1	0.0620437956204379	[0.05, 0.15)	1.0	0.17691592848678098	0.1065509845973874	97.03901946741013	0.17691592848678098	False	False
E1	NZ_JBRZEU010000002.1	NZ_JBRZEX010000002.1	0.051660516605166	[0.05, 0.15)	1.0	0.20493976622645851	0.1441498127340824	94.95186019546134	0.20493976622645851	False	False
E1	NZ_JAUFOF020000002.1	NZ_JBRZFI010000002.1	0.0515463917525773	[0.05, 0.15)	1.0	0.27696188648204	0.142946561080334	94.87221027954179	0.27696188648204	False	False
E1	NZ_JAUFOP020000003.1	NZ_JBRZFI010000002.1	0.0516528925619834	[0.05, 0.15)	1.0	0.27701902191798855	0.142946561080334	94.84653632047477	0.27701902191798855	False	False
E1	NZ_JAUFOO020000003.1	NZ_JBRZFI010000002.1	0.0515463917525773	[0.05, 0.15)	1.0	0.2770165757977994	0.142946561080334	94.87618558964922	0.2770165757977994	False	False
E1	NZ_JBRZFI010000002.1	NZ_JAUFOP020000002.1	0.0896	[0.05, 0.15)	1.0	0.3449767188933827	0.3147482711319726	92.2647774248217	0.3449767188933827	False	False
E1	NZ_JBRZFL010000002.1	NZ_JBRZFI010000002.1	0.0521920668058455	[0.05, 0.15)	1.0	0.1727886690736928	0.09846322038314698	96.93880261569417	0.1727886690736928	False	False
E1	NZ_JBRZEX010000002.1	NZ_JBRZFM010000002.1	0.0537974683544303	[0.05, 0.15)	1.0	0.17390861423220974	0.14825701768287383	98.36731877368241	0.17390861423220974	False	False
E1	NZ_JAUFNZ020000006.1	NZ_JAUFOI020000005.1	0.1	[0.05, 0.15)	1.0	0.36615384615384616	0.23666762755837417	90.21458233890216	0.36615384615384616	False	False
E1	NZ_JAUFOA020000009.1	NZ_JAUFOI020000005.1	0.1	[0.05, 0.15)	1.0	0.36615384615384616	0.23666762755837417	90.215	0.36615384615384616	False	False
E1	NZ_JAUFNY020000007.1	NZ_JAUFOI020000005.1	0.1	[0.05, 0.15)	1.0	0.36615384615384616	0.23666762755837417	90.21451193317422	0.36615384615384616	False	False
E1	NZ_JAUFNZ020000006.1	NZ_JAUFOL020000006.1	0.1	[0.05, 0.15)	1.0	0.3384615384615385	0.21879504179878928	90.45150967741935	0.3384615384615385	False	False
E1	NZ_JAUFNZ020000006.1	NZ_JBRZFD010000006.1	0.0769230769230769	[0.05, 0.15)	1.0	0.4210989010989011	0.228515625	82.90422039134911	0.4210989010989011	False	False
E1	NZ_JAUFOD020000005.1	NZ_JAUFOI020000004.1	0.1333333333333333	[0.05, 0.15)	1.0	0.5665309620741376	0.4203944203944204	88.10717237485886	0.5665309620741376	False	True
E1	NZ_JBRZFD010000006.1	NZ_JAUFOI020000004.1	0.0666666666666666	[0.05, 0.15)	1.0	0.679931640625	0.4462081128747795	88.797613086771	0.679931640625	False	True
E1	NZ_JAUFOP020000006.1	NZ_JBRZFC010000008.1	0.1428571428571428	[0.05, 0.15)	1.0	0.22275641025641027	0.14653361344537816	89.624	0.22275641025641027	False	False
E1	NZ_JAUFOO020000006.1	NZ_JBRZFC010000008.1	0.1428571428571428	[0.05, 0.15)	1.0	0.22275641025641027	0.14653361344537816	89.624	0.22275641025641027	False	False
E1	NZ_JAUFOD020000005.1	NZ_JAUFOO020000005.1	0.1333333333333333	[0.05, 0.15)	1.0	0.5643882579815728	0.4191117524450858	88.25069777106158	0.5643882579815728	False	True
E1	NZ_JAUFOD020000005.1	NZ_JAUFOD020000004.1	0.1333333333333333	[0.05, 0.15)	1.0	0.5663166916648811	0.4202340869007536	88.14033283132531	0.5663166916648811	False	True
E1	NZ_JAUFOD020000005.1	NZ_JAUFOL020000005.1	0.1333333333333333	[0.05, 0.15)	1.0	0.5665309620741376	0.4203944203944204	88.10717237485886	0.5665309620741376	False	True
E1	NZ_JAUFOD020000005.1	NZ_JAUFOP020000005.1	0.1333333333333333	[0.05, 0.15)	1.0	0.5665309620741376	0.4203944203944204	88.18193338351526	0.5665309620741376	False	True
E1	NZ_JAUFOF020000002.1	NZ_JBRZFA010000003.1	0.0586666666666666	[0.05, 0.15)	1.0	0.2620948724979435	0.21636190821037385	92.25133589952222	0.2620948724979435	False	False
E1	NZ_JBRZFC010000004.1	NZ_JBRZFA010000003.1	0.1083591331269349	[0.05, 0.15)	1.0	0.41724768680737845	0.3181587761383181	92.34777158655892	0.41724768680737845	False	False
E1	NZ_JAUFOP020000003.1	NZ_JBRZFA010000003.1	0.0588235294117647	[0.05, 0.15)	1.0	0.26212181048289784	0.2163438037476238	92.25725208120345	0.26212181048289784	False	False
E1	NZ_JAUFNY020000002.1	NZ_JBRZFA010000003.1	0.0766666666666666	[0.05, 0.15)	1.0	0.27848831882730185	0.13758939078482846	97.08414466028991	0.27848831882730185	False	False
E1	NZ_JAUFOO020000003.1	NZ_JBRZFA010000003.1	0.0586666666666666	[0.05, 0.15)	1.0	0.2621466261504876	0.21636190821037385	92.25343141182115	0.2621466261504876	False	False
E1	NZ_JAUFOC020000002.1	NZ_JBRZFA010000003.1	0.0606060606060606	[0.05, 0.15)	1.0	0.35872725260796523	0.161328867565855	95.3760270262701	0.35872725260796523	False	False
E1	NZ_JAUFOA020000002.1	NZ_JBRZFA010000003.1	0.0766666666666666	[0.05, 0.15)	1.0	0.27848831882730185	0.13758939078482846	97.08414466028991	0.27848831882730185	False	False
E1	NZ_JAUFNY020000002.1	NZ_JAUFOF020000002.1	0.1145038167938931	[0.05, 0.15)	1.0	0.4829317453046267	0.2889936934466685	96.17685685854546	0.4829317453046267	False	False
E1	NZ_JAUFOC020000002.1	NZ_JAUFOF020000002.1	0.1007751937984496	[0.05, 0.15)	1.0	0.5646886034182703	0.30801754867013986	94.20078067073062	0.5646886034182703	False	True
E1	NZ_JAUFOC020000003.1	NZ_JAUFOF020000002.1	0.0743801652892562	[0.05, 0.15)	1.0	0.25823481695235306	0.10649849191115986	98.12182957702994	0.25823481695235306	False	False
E1	NZ_JAUFOA020000002.1	NZ_JAUFOF020000002.1	0.1145038167938931	[0.05, 0.15)	1.0	0.4829317453046267	0.2889936934466685	96.17685685854546	0.4829317453046267	False	False
E1	NZ_JBRZFD010000003.1	NZ_JAUFOF020000002.1	0.0580912863070539	[0.05, 0.15)	1.0	0.22093967517401392	0.0836139292569235	98.40689431587228	0.22093967517401392	False	False
E1	NZ_JAUFOF020000003.1	NZ_JAUFOF020000002.1	0.0653846153846153	[0.05, 0.15)	1.0	0.3875730099571675	0.19113243761996163	91.77052573424173	0.3875730099571675	False	False
E1	NZ_JAUFNY020000002.1	NZ_JBRZFC010000004.1	0.0858369098712446	[0.05, 0.15)	1.0	0.31400824553366924	0.20344811203097718	94.62367944870188	0.31400824553366924	False	False
E1	NZ_JAUFOC020000002.1	NZ_JBRZFC010000004.1	0.0515021459227467	[0.05, 0.15)	1.0	0.3222811270836058	0.19014502737822334	92.19980610782176	0.3222811270836058	False	False
E1	NZ_JAUFOA020000002.1	NZ_JBRZFC010000004.1	0.0858369098712446	[0.05, 0.15)	1.0	0.31400824553366924	0.20344811203097718	94.62659424808415	0.31400824553366924	False	False
E1	NZ_JAUFNY020000002.1	NZ_JAUFOP020000003.1	0.1149425287356321	[0.05, 0.15)	1.0	0.4829317453046267	0.2890475877048641	96.1787422240755	0.4829317453046267	False	False
E1	NZ_JAUFOC020000002.1	NZ_JAUFOP020000003.1	0.1011673151750972	[0.05, 0.15)	1.0	0.5646886034182703	0.30806950569341146	94.28954069953434	0.5646886034182703	False	True
E1	NZ_JAUFOC020000003.1	NZ_JAUFOP020000003.1	0.0746887966804979	[0.05, 0.15)	1.0	0.25823481695235306	0.10651835275017003	98.12700015436862	0.25823481695235306	False	False
E1	NZ_JAUFOA020000002.1	NZ_JAUFOP020000003.1	0.1149425287356321	[0.05, 0.15)	1.0	0.4829317453046267	0.2890475877048641	96.1787422240755	0.4829317453046267	False	False
E1	NZ_JBRZFD010000003.1	NZ_JAUFOP020000003.1	0.0583333333333333	[0.05, 0.15)	1.0	0.22093967517401392	0.08362952236775709	98.40689431587228	0.22093967517401392	False	False
E1	NZ_JAUFOF020000003.1	NZ_JAUFOP020000003.1	0.0615384615384615	[0.05, 0.15)	1.0	0.38581520832174443	0.19011496522521337	91.29510530703773	0.38581520832174443	False	False
E1	NZ_JAUFNY020000002.1	NZ_JAUFOD020000002.1	0.1102661596958174	[0.05, 0.15)	1.0	0.4566559780119102	0.2797615037391363	96.19357685754946	0.4566559780119102	False	False
E1	NZ_JAUFNY020000002.1	NZ_JAUFOO020000003.1	0.1145038167938931	[0.05, 0.15)	1.0	0.4829317453046267	0.28905075858134865	96.17685685854546	0.4829317453046267	False	False
E1	NZ_JAUFOC020000002.1	NZ_JAUFNY020000002.1	0.1290322580645161	[0.05, 0.15)	1.0	0.39315138772923436	0.3579661016949153	96.65099432050756	0.39315138772923436	False	False
E1	NZ_JAUFNY020000002.1	NZ_JAUFOI020000002.1	0.1102661596958174	[0.05, 0.15)	1.0	0.4566559780119102	0.2796829922656399	96.19357685754946	0.4566559780119102	False	False
E1	NZ_JAUFNY020000002.1	NZ_JAUFOL020000002.1	0.1102661596958174	[0.05, 0.15)	1.0	0.4566559780119102	0.27967514354187833	96.19357685754946	0.4566559780119102	False	False
E1	NZ_JAUFNY020000002.1	NZ_JBRZEX010000002.1	0.0546875	[0.05, 0.15)	1.0	0.1954924415941365	0.12788014981273407	95.5601456606248	0.1954924415941365	False	False
E1	NZ_JBRZFL010000003.1	NZ_JAUFNZ020000004.1	0.1428571428571428	[0.05, 0.15)	1.0	0.6922180801491147	0.5989240884638374	93.47249039098742	0.6922180801491147	False	True
E1	NZ_JAUFOC020000002.1	NZ_JAUFOD020000002.1	0.0923076923076923	[0.05, 0.15)	1.0	0.5769714406430131	0.3222899683352422	94.10220990037038	0.5769714406430131	False	True
E1	NZ_JAUFOA020000002.1	NZ_JAUFOD020000002.1	0.1102661596958174	[0.05, 0.15)	1.0	0.4566559780119102	0.2797615037391363	96.19357685754946	0.4566559780119102	False	False
E1	NZ_JAUFOF020000003.1	NZ_JAUFOD020000002.1	0.08203125	[0.05, 0.15)	1.0	0.5759915447516271	0.29056345303060926	90.88438245039492	0.5759915447516271	False	True
E1	NZ_JBRZEX010000002.1	NZ_JBRZEZ010000002.1	0.0969899665551839	[0.05, 0.15)	1.0	0.23617078651685394	0.20223496936922145	97.45073524567317	0.23617078651685394	False	False
E1	NZ_JBRZEZ010000002.1	NZ_JBRZFC010000002.1	0.0762942779291553	[0.05, 0.15)	1.0	0.2195513642753794	0.1633247336121882	98.88862330142423	0.2195513642753794	False	False
E1	NZ_JAUFOC020000002.1	NZ_JAUFOO020000003.1	0.1007751937984496	[0.05, 0.15)	1.0	0.5646886034182703	0.3080728852419452	94.28954069953434	0.5646886034182703	False	True
E1	NZ_JAUFOC020000003.1	NZ_JAUFOO020000003.1	0.0743801652892562	[0.05, 0.15)	1.0	0.25823481695235306	0.10651952126550895	98.12182957702994	0.25823481695235306	False	False
E1	NZ_JAUFOA020000002.1	NZ_JAUFOO020000003.1	0.1145038167938931	[0.05, 0.15)	1.0	0.4829317453046267	0.28905075858134865	96.17685685854546	0.4829317453046267	False	False
E1	NZ_JBRZFD010000003.1	NZ_JAUFOO020000003.1	0.0580912863070539	[0.05, 0.15)	1.0	0.22093967517401392	0.08363043979069079	98.40689431587228	0.22093967517401392	False	False
E1	NZ_JAUFOF020000003.1	NZ_JAUFOO020000003.1	0.0613026819923371	[0.05, 0.15)	1.0	0.38581520832174443	0.1901170508024617	91.29510530703773	0.38581520832174443	False	False
E1	NZ_JAUFOA020000009.1	NZ_JAUFOL020000006.1	0.1	[0.05, 0.15)	1.0	0.3384615384615385	0.21879504179878928	90.452	0.3384615384615385	False	False
E1	NZ_JAUFOA020000009.1	NZ_JBRZFD010000006.1	0.0769230769230769	[0.05, 0.15)	1.0	0.4210989010989011	0.228515625	82.904	0.4210989010989011	False	False
E1	NZ_JBRZFL010000003.1	NZ_JAUFNY020000005.1	0.1428571428571428	[0.05, 0.15)	1.0	0.6922180801491147	0.5989240884638374	93.47249039098742	0.6922180801491147	False	True
E1	NZ_JAUFOC020000002.1	NZ_JAUFOI020000002.1	0.0923076923076923	[0.05, 0.15)	1.0	0.5769714406430131	0.32219952179428174	94.10220990037038	0.5769714406430131	False	True
E1	NZ_JAUFOC020000002.1	NZ_JAUFOL020000002.1	0.0923076923076923	[0.05, 0.15)	1.0	0.5769714406430131	0.32219047993219996	94.10220990037038	0.5769714406430131	False	True
E1	NZ_JAUFOC020000002.1	NZ_JAUFOA020000002.1	0.1290322580645161	[0.05, 0.15)	1.0	0.39315138772923436	0.3579661016949153	96.65099432050756	0.39315138772923436	False	False
E1	NZ_JBRZFD010000006.1	NZ_JAUFOO020000005.1	0.0666666666666666	[0.05, 0.15)	1.0	0.67822265625	0.44508577841911173	88.87664064171123	0.67822265625	False	True
E1	NZ_JBRZEX010000002.1	NZ_JBRZFL010000002.1	0.0662460567823343	[0.05, 0.15)	1.0	0.18681647940074905	0.15493987407871573	98.48647351205747	0.18681647940074905	False	False
E1	NZ_JBRZFL010000002.1	NZ_JBRZFC010000002.1	0.0602094240837696	[0.05, 0.15)	1.0	0.18259580859169078	0.14021616340487894	97.8211334765933	0.18259580859169078	False	False
E1	NZ_JBRZEV010000002.1	NZ_JBRZEX010000002.1	0.05859375	[0.05, 0.15)	1.0	0.18274702315231608	0.1289048689138577	98.21170083604272	0.18274702315231608	False	False
E1	NZ_JBRZFB010000003.1	NZ_JAUFOB020000007.1	0.1052631578947368	[0.05, 0.15)	1.0	0.25614537777107527	0.09920275676780656	99.97065410656462	0.25614537777107527	False	False
E1	NZ_JBRZFB010000003.1	NZ_JAUFOF020000003.1	0.05	[0.05, 0.15)	1.0	0.27650429799426934	0.0407965733993436	99.94500000000001	0.27650429799426934	False	False
E1	NZ_JAUFOC020000003.1	NZ_JBRZFN010000004.1	0.0514705882352941	[0.05, 0.15)	1.0	0.14029441880876076	0.13502206870082517	97.56505315520182	0.14029441880876076	False	False
E1	NZ_JAUFOC020000003.1	NZ_JBRZFC010000002.1	0.0517241379310344	[0.05, 0.15)	1.0	0.3046849027247703	0.08739275791530547	96.93767856052344	0.3046849027247703	False	False
E1	NZ_JAUFNY020000007.1	NZ_JAUFOL020000006.1	0.1	[0.05, 0.15)	1.0	0.3384615384615385	0.21879504179878928	90.45163870967743	0.3384615384615385	False	False
E1	NZ_JAUFOA020000002.1	NZ_JAUFOI020000002.1	0.1102661596958174	[0.05, 0.15)	1.0	0.4566559780119102	0.2796829922656399	96.19357685754946	0.4566559780119102	False	False
E1	NZ_JAUFOF020000003.1	NZ_JAUFOI020000002.1	0.08203125	[0.05, 0.15)	1.0	0.5759915447516271	0.29076254728736123	90.85186602880025	0.5759915447516271	False	True
E1	NZ_JAUFNY020000007.1	NZ_JBRZFD010000006.1	0.0769230769230769	[0.05, 0.15)	1.0	0.4206593406593407	0.228271484375	82.98974432989691	0.4206593406593407	False	False
E1	NZ_JBRZFJ010000003.1	NZ_JAUFOB020000007.1	0.0606060606060606	[0.05, 0.15)	1.0	0.4930875576036866	0.0999912390853605	99.79520181074764	0.4930875576036866	False	False
E1	NZ_JAUFOA020000002.1	NZ_JAUFOL020000002.1	0.1102661596958174	[0.05, 0.15)	1.0	0.4566559780119102	0.27967514354187833	96.19357685754946	0.4566559780119102	False	False
E1	NZ_JAUFOF020000003.1	NZ_JAUFOL020000002.1	0.08203125	[0.05, 0.15)	1.0	0.5759915447516271	0.2907824505671518	90.84310679705096	0.5759915447516271	False	True
E1	NZ_JAUFOB020000010.1	NZ_JBRZEZ010000004.1	0.0909090909090909	[0.05, 0.15)	1.0	0.4790715372907154	0.2993033869805429	84.4045156739812	0.4790715372907154	False	False
E1	NZ_JAUFOA020000002.1	NZ_JBRZEX010000002.1	0.0546875	[0.05, 0.15)	1.0	0.1954924415941365	0.12788014981273407	95.5601456606248	0.1954924415941365	False	False
E1	NZ_JBRZFN010000004.1	NZ_JBRZEX010000002.1	0.0607476635514018	[0.05, 0.15)	1.0	0.2746753662124992	0.12875505617977528	97.87903195646106	0.2746753662124992	False	False
E1	NZ_JBRZEX010000002.1	NZ_JBRZFC010000002.1	0.0865921787709497	[0.05, 0.15)	1.0	0.2539625468164794	0.16184395322565873	98.40454012396597	0.2539625468164794	False	False
E1	NZ_JAUFOF020000003.1	NZ_JBRZEX010000002.1	0.0805084745762711	[0.05, 0.15)	1.0	0.2373810980697558	0.12795805243445693	97.09881641630398	0.2373810980697558	False	False
E1	NZ_JBRZFD010000006.1	NZ_JAUFOD020000004.1	0.0666666666666666	[0.05, 0.15)	1.0	0.678955078125	0.44556677890011226	88.85291096866096	0.678955078125	False	True
E1	NZ_JBRZFD010000006.1	NZ_JAUFOL020000005.1	0.0666666666666666	[0.05, 0.15)	1.0	0.679931640625	0.4462081128747795	88.797613086771	0.679931640625	False	True
E1	NZ_JBRZFD010000006.1	NZ_JAUFOP020000005.1	0.0666666666666666	[0.05, 0.15)	1.0	0.679931640625	0.4462081128747795	88.797613086771	0.679931640625	False	True
E1	NZ_JBRZFN010000004.1	NZ_JBRZFC010000002.1	0.05	[0.05, 0.15)	1.0	0.2918825561312608	0.08751106768845601	96.93255892989413	0.2918825561312608	False	False
E1	NZ_JBRZFD010000003.1	NZ_JBRZFN010000004.1	0.0534351145038167	[0.05, 0.15)	1.0	0.10978828306264501	0.09691038188447515	99.4456784158416	0.10978828306264501	False	False
E1	NZ_JBRZFD010000003.1	NZ_JBRZFC010000002.1	0.0526315789473684	[0.05, 0.15)	1.0	0.28877610208816706	0.0760083045827863	98.83591208791209	0.28877610208816706	False	False
E1	NZ_JBRZFG010000006.1	NZ_JAUFOF020000005.1	0.1538461538461538	[0.15, 0.4)	1.0	0.7865342848278002	0.40644540644540644	92.17791823899371	0.7865342848278002	False	True
E1	NZ_JBRZFG010000006.1	NZ_JAUFOI020000004.1	0.1538461538461538	[0.15, 0.4)	1.0	0.7865342848278002	0.40644540644540644	92.178	0.7865342848278002	False	True
E1	NZ_JBRZFG010000006.1	NZ_JAUFOD020000005.1	0.2727272727272727	[0.15, 0.4)	1.0	0.8504498914055229	0.5888150846368116	88.3264698229129	0.8504498914055229	False	True
E1	NZ_JBRZFG010000006.1	NZ_JAUFOO020000005.1	0.1538461538461538	[0.15, 0.4)	1.0	0.7856034750232702	0.40596440596440597	92.20778945297128	0.7856034750232702	False	True
E1	NZ_JBRZFG010000006.1	NZ_JBRZFD010000006.1	0.3	[0.15, 0.4)	1.0	0.7880856345020167	0.6201171875	90.60257086922475	0.7880856345020167	False	True
E1	NZ_JBRZFG010000006.1	NZ_JAUFOD020000004.1	0.1538461538461538	[0.15, 0.4)	1.0	0.7862240148929569	0.4062850729517396	92.21418246165945	0.7862240148929569	False	True
E1	NZ_JBRZFG010000006.1	NZ_JAUFOL020000005.1	0.1538461538461538	[0.15, 0.4)	1.0	0.7865342848278002	0.40644540644540644	92.178	0.7865342848278002	False	True
E1	NZ_JBRZFG010000006.1	NZ_JAUFOP020000005.1	0.1538461538461538	[0.15, 0.4)	1.0	0.7865342848278002	0.40644540644540644	92.178	0.7865342848278002	False	True
E1	NZ_JBRZFB010000003.1	NZ_JBRZFD010000005.1	0.2777777777777778	[0.15, 0.4)	1.0	0.5012064545317448	0.4774884925201381	96.80271825277696	0.5012064545317448	False	True
E1	NZ_JBRZEV010000003.1	NZ_JAUFOL020000003.1	0.1644736842105263	[0.15, 0.4)	1.0	0.6672707604557396	0.4429243346149539	96.36138203120078	0.6672707604557396	False	True
E1	NZ_JBRZFI010000003.1	NZ_JAUFOF020000002.1	0.3493975903614458	[0.15, 0.4)	1.0	0.5610028494156283	0.5098546750754045	98.93562900208569	0.5610028494156283	False	True
E1	NZ_JBRZFI010000003.1	NZ_JAUFOP020000003.1	0.3562753036437247	[0.15, 0.4)	1.0	0.5619446054283782	0.510788959827991	99.02873322385369	0.5619446054283782	False	True
E1	NZ_JBRZFI010000003.1	NZ_JAUFOO020000003.1	0.3548387096774194	[0.15, 0.4)	1.0	0.5619446054283782	0.5107890781837928	99.08124902322787	0.5619446054283782	False	True
E1	NZ_JAUFOF020000006.1	NZ_JBRZFJ010000004.1	0.25	[0.15, 0.4)	1.0	0.6630608974358975	0.4773055796472969	90.29941916167665	0.6630608974358975	False	True
E1	NZ_JAUFOF020000006.1	NZ_JBRZET010000008.1	0.2	[0.15, 0.4)	1.0	1.0	1.0	92.65132437771632	1.0	False	True
E1	NZ_JBRZFA010000004.1	NZ_JAUFOF020000005.1	0.1538461538461538	[0.15, 0.4)	1.0	0.7865342848278002	0.40644540644540644	92.09893081761005	0.7865342848278002	False	True
E1	NZ_JBRZEU010000002.1	NZ_JBRZFF010000002.1	0.3817204301075269	[0.15, 0.4)	1.0	0.6590589378735304	0.6411973937903065	98.03641873388345	0.6590589378735304	False	True
E1	NZ_JBRZFG010000003.1	NZ_JBRZFF010000002.1	0.1741573033707865	[0.15, 0.4)	1.0	0.6242115508589198	0.4105860647563327	95.36775436471893	0.6242115508589198	False	True
E1	NZ_JBRZFJ010000004.1	NZ_JAUFOI020000005.1	0.25	[0.15, 0.4)	1.0	0.47672737785487135	0.476217930239262	91.94743028846152	0.47672737785487135	False	False
E1	NZ_JAUFOP020000006.1	NZ_JBRZFJ010000004.1	0.25	[0.15, 0.4)	1.0	0.6518429487179487	0.4692107545533391	90.80405968331303	0.6518429487179487	False	True
E1	NZ_JBRZFJ010000004.1	NZ_JAUFOL020000006.1	0.25	[0.15, 0.4)	1.0	0.4764382769586586	0.47592966272701065	92.00224413710164	0.4764382769586586	False	False
E1	NZ_JBRZFH010000003.1	NZ_JBRZFJ010000004.1	0.2857142857142857	[0.15, 0.4)	1.0	0.6629258517034068	0.4773055796472969	91.617	0.6629258517034068	False	True
E1	NZ_JAUFOO020000006.1	NZ_JBRZFJ010000004.1	0.25	[0.15, 0.4)	1.0	0.6630608974358975	0.4773055796472969	90.29950299401199	0.6630608974358975	False	True
E1	NZ_JBRZFN010000003.1	NZ_JBRZEZ010000002.1	0.2912621359223301	[0.15, 0.4)	1.0	0.731819016339936	0.36832356774173686	98.76336533426185	0.731819016339936	False	True
E1	NZ_JBRZEU010000005.1	NZ_JAUFNX020000004.1	0.2	[0.15, 0.4)	1.0	0.8030935428431132	0.8030935428431132	96.317	0.8030935428431132	False	True
E1	NZ_JBRZFG010000003.1	NZ_JBRZEU010000002.1	0.1764705882352941	[0.15, 0.4)	1.0	0.5705148462287166	0.38469473881646815	96.56355098295042	0.5705148462287166	False	True
E1	NZ_JBRZEZ010000002.1	NZ_JBRZFM010000002.1	0.2744360902255639	[0.15, 0.4)	1.0	0.4836789771269664	0.4817880202236048	98.72449230165634	0.4836789771269664	False	False
E1	NZ_JBRZFN010000004.1	NZ_JBRZFM010000002.1	0.3837209302325581	[0.15, 0.4)	1.0	0.6047079895093712	0.24164549390889153	99.6357470649208	0.6047079895093712	False	True
E1	NZ_JBRZFM010000002.1	NZ_JBRZFC010000003.1	0.157051282051282	[0.15, 0.4)	1.0	0.24568408030141145	0.22054018832253447	99.54257685112043	0.24568408030141145	False	False
E1	NZ_JBRZET010000008.1	NZ_JAUFOI020000005.1	0.2	[0.15, 0.4)	1.0	0.7287933094384708	0.5266647448832517	89.43394285714287	0.7287933094384708	False	True
E1	NZ_JBRZFA010000004.1	NZ_JAUFOI020000004.1	0.1538461538461538	[0.15, 0.4)	1.0	0.7865342848278002	0.40644540644540644	92.099	0.7865342848278002	False	True
E1	NZ_JBRZEW010000002.1	NZ_JBRZEZ010000002.1	0.2386831275720164	[0.15, 0.4)	1.0	0.533194151364133	0.3656966064996768	98.22624558992622	0.533194151364133	False	True
E1	NZ_JBRZFA010000004.1	NZ_JAUFOD020000005.1	0.2727272727272727	[0.15, 0.4)	1.0	0.8464163822525598	0.5860295693164774	88.2713779956427	0.8464163822525598	False	True
E1	NZ_JBRZFA010000004.1	NZ_JAUFOO020000005.1	0.1538461538461538	[0.15, 0.4)	1.0	0.7856034750232702	0.40596440596440597	92.12867375049194	0.7856034750232702	False	True
E1	NZ_JBRZFA010000004.1	NZ_JBRZFD010000006.1	0.3	[0.15, 0.4)	1.0	0.8234564070741545	0.64501953125	89.73787191011236	0.8234564070741545	False	True
E1	NZ_JBRZFA010000004.1	NZ_JAUFOD020000004.1	0.1538461538461538	[0.15, 0.4)	1.0	0.7862240148929569	0.4062850729517396	92.13496736138418	0.7862240148929569	False	True
E1	NZ_JBRZFA010000004.1	NZ_JAUFOL020000005.1	0.1538461538461538	[0.15, 0.4)	1.0	0.7865342848278002	0.40644540644540644	92.099	0.7865342848278002	False	True
E1	NZ_JBRZFA010000004.1	NZ_JAUFOP020000005.1	0.1538461538461538	[0.15, 0.4)	1.0	0.7865342848278002	0.40644540644540644	92.099	0.7865342848278002	False	True
E1	NZ_JAUFOP020000006.1	NZ_JBRZET010000008.1	0.2	[0.15, 0.4)	1.0	1.0	1.0	92.65110509679968	1.0	False	True
E1	NZ_JBRZFC010000008.1	NZ_JBRZFG010000004.1	0.25	[0.15, 0.4)	1.0	0.5288865546218487	0.41285537700865266	89.03186264822135	0.5288865546218487	False	True
E1	NZ_JAUFOB020000010.1	NZ_JBRZFC010000008.1	0.2857142857142857	[0.15, 0.4)	1.0	0.6864535768645358	0.47137605042016806	85.81563993453355	0.6864535768645358	False	True
E1	NZ_JBRZFH010000003.1	NZ_JBRZFC010000008.1	0.1666666666666666	[0.15, 0.4)	1.0	0.27134268537074147	0.17620798319327732	86.131	0.27134268537074147	False	False
E1	NZ_JBRZFC010000008.1	NZ_JBRZEZ010000004.1	0.2222222222222222	[0.15, 0.4)	1.0	0.4269957983193277	0.38529906317559454	90.99806919779547	0.4269957983193277	False	False
E1	NZ_JBRZFD010000006.1	NZ_JAUFOD020000005.1	0.1538461538461538	[0.15, 0.4)	1.0	0.60498046875	0.5350332119134348	86.80462480127186	0.60498046875	False	True
E1	NZ_JBRZEZ010000002.1	NZ_JBRZFL010000002.1	0.2883895131086142	[0.15, 0.4)	1.0	0.4947306851648521	0.4794010284566188	98.75091833920797	0.4947306851648521	False	False
E1	NZ_JBRZEV010000002.1	NZ_JBRZEZ010000002.1	0.319047619047619	[0.15, 0.4)	1.0	0.6867897606631448	0.41509066094755315	98.80868345732716	0.6867897606631448	False	True
E1	NZ_JBRZFG010000002.1	NZ_JBRZEZ010000002.1	0.2386831275720164	[0.15, 0.4)	1.0	0.5381989032072878	0.3656966064996768	98.22758298391506	0.5381989032072878	False	True
E1	NZ_JAUFOB020000010.1	NZ_JBRZFG010000004.1	0.2222222222222222	[0.15, 0.4)	1.0	0.6350837138508372	0.34281005356407085	85.48707787610618	0.6350837138508372	False	True
E1	NZ_JBRZEZ010000004.1	NZ_JBRZFG010000004.1	0.1818181818181818	[0.15, 0.4)	1.0	0.3756906077348066	0.32447466007416564	92.97935863377607	0.3756906077348066	False	False
E1	NZ_JBRZFN010000004.1	NZ_JBRZFL010000002.1	0.3728813559322034	[0.15, 0.4)	1.0	0.6047079895093712	0.2350779299575289	99.64039749962983	0.6047079895093712	False	True
E1	NZ_JBRZFL010000002.1	NZ_JBRZFC010000003.1	0.1545741324921135	[0.15, 0.4)	1.0	0.2389023165139896	0.22043005818542244	99.55895293554896	0.2389023165139896	False	False
E1	NZ_JBRZET010000008.1	NZ_JAUFOL020000006.1	0.2	[0.15, 0.4)	1.0	0.7017124651533254	0.5067742865379071	90.84804379562043	0.7017124651533254	False	True
E1	NZ_JBRZFH010000003.1	NZ_JBRZET010000008.1	0.25	[0.15, 0.4)	1.0	1.0	1.0	90.7199897758553	1.0	False	True
E1	NZ_JAUFOO020000006.1	NZ_JBRZET010000008.1	0.2	[0.15, 0.4)	1.0	1.0	1.0	92.65122323192413	1.0	False	True
E1	NZ_JBRZFN010000004.1	NZ_JBRZFC010000003.1	0.2378640776699029	[0.15, 0.4)	1.0	0.6075097550054372	0.21791083129898497	99.44219570797391	0.6075097550054372	False	True
E1	NZ_JBRZFJ010000004.1	NZ_JAUFOA020000005.1	0.4285714285714285	[0.4, 0.8)	1.0	0.6420930904885805	0.44422231107556975	97.30442542677449	0.6420930904885805	False	True
E1	NZ_JBRZFD010000002.1	NZ_JBRZFA010000003.1	0.5540540540540541	[0.4, 0.8)	1.0	0.9106653060929099	0.5693898796053227	99.54391837821088	0.9106653060929099	False	True
E1	NZ_JBRZFI010000003.1	NZ_JAUFOD020000002.1	0.4297872340425532	[0.4, 0.8)	1.0	0.6463464696223317	0.6013496822295583	99.50143077971416	0.6463464696223317	False	True
E1	NZ_JBRZFI010000003.1	NZ_JAUFOI020000002.1	0.4297872340425532	[0.4, 0.8)	1.0	0.6463464696223317	0.6011809211634094	99.50222828552491	0.6463464696223317	False	True
E1	NZ_JBRZFI010000003.1	NZ_JAUFOL020000002.1	0.4297872340425532	[0.4, 0.8)	1.0	0.6463464696223317	0.6011640502663171	99.50222828552491	0.6463464696223317	False	True
E1	NZ_JAUFOF020000006.1	NZ_JAUFOI020000005.1	0.6	[0.4, 0.8)	1.0	0.7255608974358975	0.5226289997117325	92.49333972602741	0.7255608974358975	False	True
E1	NZ_JAUFOF020000006.1	NZ_JAUFOL020000006.1	0.6	[0.4, 0.8)	1.0	0.6846955128205128	0.4932257134620928	93.89207446189644	0.6846955128205128	False	True
E1	NZ_JBRZFH010000003.1	NZ_JAUFOF020000006.1	0.75	[0.4, 0.8)	1.0	1.0	1.0	94.66316845878137	1.0	False	True
E1	NZ_JBRZFJ010000004.1	NZ_JAUFNZ020000004.1	0.4285714285714285	[0.4, 0.8)	1.0	0.6420930904885805	0.44271767284319585	97.30442542677449	0.6420930904885805	False	True
E1	NZ_JBRZFJ010000004.1	NZ_JAUFNY020000005.1	0.4285714285714285	[0.4, 0.8)	1.0	0.6420930904885805	0.44271767284319585	97.30442542677449	0.6420930904885805	False	True
E1	NZ_JBRZFN010000003.1	NZ_JBRZFM010000002.1	0.5755813953488372	[0.4, 0.8)	1.0	0.999143224332429	0.5008000490764929	99.99893070853281	0.999143224332429	False	True
E1	NZ_JBRZFN010000003.1	NZ_JBRZEW010000002.1	0.6642857142857143	[0.4, 0.8)	1.0	0.9248179351706411	0.6785046169502686	99.99545968062111	0.9248179351706411	False	True
E1	NZ_JBRZFN010000003.1	NZ_JBRZFL010000002.1	0.559322033898305	[0.4, 0.8)	1.0	0.999143224332429	0.48718407782054723	99.99893072824156	0.999143224332429	False	True
E1	NZ_JBRZFN010000003.1	NZ_JBRZFG010000002.1	0.6642857142857143	[0.4, 0.8)	1.0	0.9248179351706411	0.6848835979635309	99.99749159047543	0.9248179351706411	False	True
E1	NZ_JBRZEW010000002.1	NZ_JBRZFM010000002.1	0.4366197183098591	[0.4, 0.8)	1.0	0.7148790014816145	0.48837756181848857	99.25894028569934	0.7148790014816145	False	True
E1	NZ_JBRZEV010000002.1	NZ_JBRZFM010000002.1	0.5754189944134078	[0.4, 0.8)	1.0	0.9367600346520358	0.5639195758973075	99.88292511512384	0.9367600346520358	False	True
E1	NZ_JBRZFG010000002.1	NZ_JBRZFM010000002.1	0.4366197183098591	[0.4, 0.8)	1.0	0.7216019820826975	0.48837756181848857	99.2608299005756	0.7216019820826975	False	True
E1	NZ_JAUFOP020000006.1	NZ_JAUFOI020000005.1	0.6	[0.4, 0.8)	1.0	0.7311698717948718	0.5266647448832517	92.5503735725938	0.7311698717948718	False	True
E1	NZ_JBRZFH010000003.1	NZ_JAUFOI020000005.1	0.4	[0.4, 0.8)	1.0	0.731062124248497	0.5266647448832517	90.25967965367964	0.731062124248497	False	True
E1	NZ_JAUFOO020000006.1	NZ_JAUFOI020000005.1	0.6	[0.4, 0.8)	1.0	0.7251602564102564	0.5223407321994811	92.48882072368421	0.7251602564102564	False	True
E1	NZ_JBRZEW010000002.1	NZ_JBRZFL010000002.1	0.4266055045871559	[0.4, 0.8)	1.0	0.7148790014816145	0.4751041884243925	99.25794881481872	0.7148790014816145	False	True
E1	NZ_JBRZEV010000002.1	NZ_JBRZEW010000002.1	0.6158940397350994	[0.4, 0.8)	1.0	0.757197941261402	0.6671904697765606	99.98980992328742	0.757197941261402	False	True
E1	NZ_JAUFOP020000006.1	NZ_JAUFOL020000006.1	0.6	[0.4, 0.8)	1.0	0.7043269230769231	0.50735082156241	94.06123755656108	0.7043269230769231	False	True
E1	NZ_JBRZFH010000003.1	NZ_JAUFOP020000006.1	0.75	[0.4, 0.8)	1.0	1.0	1.0	94.66339028275587	1.0	False	True
E1	NZ_JAUFOD020000002.1	NZ_JAUFOF020000002.1	0.7853658536585366	[0.4, 0.8)	1.0	0.8363145365941297	0.8169893062791336	99.93361982816486	0.8363145365941297	True	True
E1	NZ_JAUFOI020000002.1	NZ_JAUFOF020000002.1	0.7853658536585366	[0.4, 0.8)	1.0	0.8363604728174848	0.8169893062791336	99.92116845955105	0.8363604728174848	True	True
E1	NZ_JAUFOL020000002.1	NZ_JAUFOF020000002.1	0.7853658536585366	[0.4, 0.8)	1.0	0.8363650650218049	0.8169893062791336	99.91781034760436	0.8363650650218049	True	True
E1	NZ_JAUFOD020000002.1	NZ_JAUFOP020000003.1	0.7892156862745098	[0.4, 0.8)	1.0	0.8748849064654495	0.8591456591851511	99.93916451017816	0.8748849064654495	True	True
E1	NZ_JAUFOI020000002.1	NZ_JAUFOP020000003.1	0.7892156862745098	[0.4, 0.8)	1.0	0.8747123469124299	0.8591456591851511	99.95299601715686	0.8747123469124299	True	True
E1	NZ_JAUFOL020000002.1	NZ_JAUFOP020000003.1	0.7892156862745098	[0.4, 0.8)	1.0	0.8746877999225463	0.8591456591851511	99.95299601715686	0.8746877999225463	True	True
E1	NZ_JAUFOD020000002.1	NZ_JAUFOO020000003.1	0.7941176470588235	[0.4, 0.8)	1.0	0.8748849064654495	0.8591441140011189	99.97906716713267	0.8748849064654495	True	True
E1	NZ_JAUFOI020000002.1	NZ_JAUFOO020000003.1	0.7941176470588235	[0.4, 0.8)	1.0	0.8747123469124299	0.8591441140011189	99.9924263501567	0.8747123469124299	True	True
E1	NZ_JAUFOL020000002.1	NZ_JAUFOO020000003.1	0.7941176470588235	[0.4, 0.8)	1.0	0.8746877999225463	0.8591441140011189	99.9924263501567	0.8746877999225463	True	True
E1	NZ_JBRZEV010000002.1	NZ_JBRZFL010000002.1	0.6033519553072626	[0.4, 0.8)	1.0	0.9367345552139423	0.5485930832811148	99.89198357401216	0.9367345552139423	False	True
E1	NZ_JBRZFG010000002.1	NZ_JBRZFL010000002.1	0.4266055045871559	[0.4, 0.8)	1.0	0.7216019820826975	0.4751041884243925	99.25983837781267	0.7216019820826975	False	True
E1	NZ_JBRZEV010000002.1	NZ_JBRZFG010000002.1	0.6158940397350994	[0.4, 0.8)	1.0	0.757197941261402	0.6734624507123109	99.99208178647136	0.757197941261402	False	True
E1	NZ_JBRZFH010000003.1	NZ_JAUFOL020000006.1	0.4	[0.4, 0.8)	1.0	0.7306613226452906	0.5263764773710002	90.308639415268	0.7306613226452906	False	True
E1	NZ_JAUFOO020000006.1	NZ_JAUFOL020000006.1	0.6	[0.4, 0.8)	1.0	0.6850961538461539	0.4935139809743442	93.89551162790697	0.6850961538461539	False	True
E1	NZ_JBRZFH010000003.1	NZ_JAUFOO020000006.1	0.75	[0.4, 0.8)	1.0	1.0	1.0	94.66323257666268	1.0	False	True
E1	NZ_JAUFOI020000006.1	NZ_JAUFOL020000007.1	1.0	[0.8, 1)	1.0	0.9993016759776536	0.9993016759776536	100.0	0.9993016759776536	True	True
E1	NZ_JAUFOA020000005.1	NZ_JAUFNZ020000004.1	1.0	[0.8, 1)	1.0	0.9996001599360256	0.9962143853357243	100.0	0.9996001599360256	True	True
E1	NZ_JAUFOA020000005.1	NZ_JAUFNY020000005.1	1.0	[0.8, 1)	1.0	1.0	0.9966128710898585	100.0	1.0	True	True
E1	NZ_JAUFNY020000004.1	NZ_JAUFOA020000004.1	1.0	[0.8, 1)	1.0	1.0	1.0	100.0	1.0	True	True
E1	NZ_JAUFNY020000004.1	NZ_JAUFNX020000003.1	1.0	[0.8, 1)	1.0	1.0	1.0	100.0	1.0	True	True
E1	NZ_JBRZFE010000003.1	NZ_JAUFNY020000004.1	0.9574468085106383	[0.8, 1)	1.0	1.0	0.9793115400446264	99.99526425695703	1.0	True	True
E1	NZ_JAUFNY020000004.1	NZ_JAUFOC020000004.1	1.0	[0.8, 1)	1.0	1.0	1.0	100.0	1.0	True	True
E1	NZ_JAUFNY020000004.1	NZ_JAUFOE020000002.1	1.0	[0.8, 1)	1.0	1.0	1.0	100.0	1.0	True	True
E1	NZ_JAUFNY020000004.1	NZ_JAUFOB020000006.1	1.0	[0.8, 1)	1.0	1.0	1.0	99.9960751283551	1.0	True	True
E1	NZ_JAUFNY020000004.1	NZ_JAUFOJ020000003.1	1.0	[0.8, 1)	1.0	1.0	1.0	100.0	1.0	True	True
E1	NZ_JAUFNY020000004.1	NZ_JBRZEY010000003.1	1.0	[0.8, 1)	1.0	1.0	1.0	99.99133398323261	1.0	True	True
E1	NZ_JAUFNY020000004.1	NZ_JAUFOM020000002.1	1.0	[0.8, 1)	1.0	1.0	1.0	100.0	1.0	True	True
E1	NZ_JAUFNY020000004.1	NZ_JBRZFK010000002.1	1.0	[0.8, 1)	1.0	1.0	1.0	100.0	1.0	True	True
E1	NZ_JAUFNY020000004.1	NZ_JBRZFD010000004.1	1.0	[0.8, 1)	1.0	1.0	1.0	99.99740605706116	1.0	True	True
E1	NZ_JAUFNY020000004.1	NZ_JBRZEU010000003.1	1.0	[0.8, 1)	1.0	1.0	1.0	99.99603561447975	1.0	True	True
E1	NZ_JAUFNY020000004.1	NZ_JAUFOO020000004.1	1.0	[0.8, 1)	1.0	1.0	1.0	100.0	1.0	True	True
E1	NZ_JAUFNY020000004.1	NZ_JAUFNZ020000003.1	1.0	[0.8, 1)	1.0	1.0	1.0	100.0	1.0	True	True
E1	NZ_JAUFNY020000004.1	NZ_JAUFOD020000003.1	0.94	[0.8, 1)	1.0	1.0	0.8275577705670389	100.0	1.0	True	True
E1	NZ_JAUFNY020000004.1	NZ_JAUFOP020000004.1	1.0	[0.8, 1)	1.0	1.0	1.0	99.99784803188838	1.0	True	True
E1	NZ_JAUFNY020000004.1	NZ_JAUFOI020000003.1	1.0	[0.8, 1)	1.0	1.0	1.0	99.99815155650876	1.0	True	True
E1	NZ_JAUFNY020000004.1	NZ_JAUFOL020000004.1	1.0	[0.8, 1)	1.0	1.0	1.0	99.9978485301445	1.0	True	True
E1	NZ_JAUFNY020000004.1	NZ_JBRZFJ010000002.1	1.0	[0.8, 1)	1.0	1.0	1.0	99.99603561447975	1.0	True	True
E1	NZ_JAUFNY020000004.1	NZ_JAUFOF020000004.1	1.0	[0.8, 1)	1.0	1.0	1.0	100.0	1.0	True	True
E1	NZ_JBRZFG010000006.1	NZ_JBRZFA010000004.1	1.0	[0.8, 1)	1.0	1.0	1.0	99.93834315854795	1.0	True	True
E1	NZ_JAUFOA020000004.1	NZ_JAUFNX020000003.1	1.0	[0.8, 1)	1.0	1.0	1.0	100.0	1.0	True	True
E1	NZ_JBRZFE010000003.1	NZ_JAUFOA020000004.1	0.9574468085106383	[0.8, 1)	1.0	1.0	0.9793115400446264	99.99527279564658	1.0	True	True
E1	NZ_JAUFOA020000004.1	NZ_JAUFOC020000004.1	1.0	[0.8, 1)	1.0	1.0	1.0	100.0	1.0	True	True
E1	NZ_JAUFOA020000004.1	NZ_JAUFOE020000002.1	1.0	[0.8, 1)	1.0	1.0	1.0	100.0	1.0	True	True
E1	NZ_JAUFOA020000004.1	NZ_JAUFOB020000006.1	1.0	[0.8, 1)	1.0	1.0	1.0	99.99610372392277	1.0	True	True
E1	NZ_JAUFOA020000004.1	NZ_JAUFOJ020000003.1	1.0	[0.8, 1)	1.0	1.0	1.0	100.0	1.0	True	True
E1	NZ_JAUFOA020000004.1	NZ_JBRZEY010000003.1	1.0	[0.8, 1)	1.0	1.0	1.0	99.99133489309156	1.0	True	True
E1	NZ_JAUFOA020000004.1	NZ_JAUFOM020000002.1	1.0	[0.8, 1)	1.0	1.0	1.0	100.0	1.0	True	True
E1	NZ_JAUFOA020000004.1	NZ_JBRZFK010000002.1	1.0	[0.8, 1)	1.0	0.9999783366911462	0.9999783366911462	100.0	0.9999783366911462	True	True
E1	NZ_JAUFOA020000004.1	NZ_JBRZFD010000004.1	1.0	[0.8, 1)	1.0	1.0	1.0	99.9982564069236	1.0	True	True
E1	NZ_JAUFOA020000004.1	NZ_JBRZEU010000003.1	1.0	[0.8, 1)	1.0	1.0	1.0	99.9960129546587	1.0	True	True
E1	NZ_JAUFOA020000004.1	NZ_JAUFOO020000004.1	1.0	[0.8, 1)	1.0	1.0	1.0	100.0	1.0	True	True
E1	NZ_JAUFOA020000004.1	NZ_JAUFNZ020000003.1	1.0	[0.8, 1)	1.0	1.0	1.0	100.0	1.0	True	True
E1	NZ_JAUFOA020000004.1	NZ_JAUFOD020000003.1	0.94	[0.8, 1)	1.0	1.0	0.8275577705670389	100.0	1.0	True	True
E1	NZ_JAUFOA020000004.1	NZ_JAUFOP020000004.1	1.0	[0.8, 1)	1.0	1.0	1.0	99.99783962652457	1.0	True	True
E1	NZ_JAUFOA020000004.1	NZ_JAUFOI020000003.1	1.0	[0.8, 1)	1.0	1.0	1.0	99.99813725872491	1.0	True	True
E1	NZ_JAUFOA020000004.1	NZ_JAUFOL020000004.1	1.0	[0.8, 1)	1.0	1.0	1.0	99.99784016810727	1.0	True	True
E1	NZ_JAUFOA020000004.1	NZ_JBRZFJ010000002.1	1.0	[0.8, 1)	1.0	1.0	1.0	99.9960129546587	1.0	True	True
E1	NZ_JAUFOA020000004.1	NZ_JAUFOF020000004.1	1.0	[0.8, 1)	1.0	1.0	1.0	100.0	1.0	True	True
E1	NZ_JBRZFL010000004.1	NZ_JBRZFM010000004.1	1.0	[0.8, 1)	1.0	1.0	1.0	100.0	1.0	True	True
E1	NZ_JAUFOF020000006.1	NZ_JAUFOP020000006.1	1.0	[0.8, 1)	1.0	1.0	1.0	100.0	1.0	True	True
E1	NZ_JAUFOF020000006.1	NZ_JAUFOO020000006.1	1.0	[0.8, 1)	1.0	0.9995993589743589	0.9995993589743589	100.0	0.9995993589743589	True	True
E1	NZ_JAUFOF020000005.1	NZ_JAUFOI020000004.1	1.0	[0.8, 1)	1.0	1.0	1.0	99.93606990540323	1.0	True	True
E1	NZ_JAUFOF020000005.1	NZ_JAUFOO020000005.1	1.0	[0.8, 1)	1.0	1.0	1.0	100.0	1.0	True	True
E1	NZ_JAUFOF020000005.1	NZ_JAUFOD020000004.1	1.0	[0.8, 1)	1.0	1.0	1.0	99.93573448773448	1.0	True	True
E1	NZ_JAUFOF020000005.1	NZ_JAUFOL020000005.1	1.0	[0.8, 1)	1.0	1.0	1.0	99.93608321308322	1.0	True	True
E1	NZ_JAUFOF020000005.1	NZ_JAUFOP020000005.1	1.0	[0.8, 1)	1.0	1.0	1.0	100.0	1.0	True	True
E1	NZ_JAUFOA020000008.1	NZ_JAUFNZ020000005.1	1.0	[0.8, 1)	1.0	1.0	1.0	99.95792917369307	1.0	True	True
E1	NZ_JAUFNZ020000005.1	NZ_JAUFNY020000006.1	1.0	[0.8, 1)	1.0	1.0	1.0	100.0	1.0	True	True
E1	NZ_JBRZFE010000003.1	NZ_JAUFNX020000003.1	0.9574468085106383	[0.8, 1)	1.0	1.0	0.9793115400446264	99.99546980489315	1.0	True	True
E1	NZ_JAUFNX020000003.1	NZ_JAUFOC020000004.1	1.0	[0.8, 1)	1.0	1.0	1.0	100.0	1.0	True	True
E1	NZ_JAUFNX020000003.1	NZ_JAUFOE020000002.1	1.0	[0.8, 1)	1.0	1.0	1.0	100.0	1.0	True	True
E1	NZ_JAUFNX020000003.1	NZ_JAUFOB020000006.1	1.0	[0.8, 1)	1.0	1.0	1.0	99.99549143216134	1.0	True	True
E1	NZ_JAUFNX020000003.1	NZ_JAUFOJ020000003.1	1.0	[0.8, 1)	1.0	1.0	1.0	100.0	1.0	True	True
E1	NZ_JAUFNX020000003.1	NZ_JBRZEY010000003.1	1.0	[0.8, 1)	1.0	1.0	1.0	99.99139409891467	1.0	True	True
E1	NZ_JAUFNX020000003.1	NZ_JAUFOM020000002.1	1.0	[0.8, 1)	1.0	1.0	1.0	100.0	1.0	True	True
E1	NZ_JAUFNX020000003.1	NZ_JBRZFK010000002.1	1.0	[0.8, 1)	1.0	1.0	1.0	100.0	1.0	True	True
E1	NZ_JAUFNX020000003.1	NZ_JBRZFD010000004.1	1.0	[0.8, 1)	1.0	1.0	1.0	99.99795411711186	1.0	True	True
E1	NZ_JAUFNX020000003.1	NZ_JBRZEU010000003.1	1.0	[0.8, 1)	1.0	1.0	1.0	99.99580981781156	1.0	True	True
E1	NZ_JAUFNX020000003.1	NZ_JAUFOO020000004.1	1.0	[0.8, 1)	1.0	1.0	1.0	100.0	1.0	True	True
E1	NZ_JAUFNX020000003.1	NZ_JAUFNZ020000003.1	1.0	[0.8, 1)	1.0	1.0	1.0	100.0	1.0	True	True
E1	NZ_JAUFNX020000003.1	NZ_JAUFOD020000003.1	0.94	[0.8, 1)	1.0	1.0	0.8275577705670389	100.0	1.0	True	True
E1	NZ_JAUFNX020000003.1	NZ_JAUFOP020000004.1	1.0	[0.8, 1)	1.0	1.0	1.0	99.9978925716514	1.0	True	True
E1	NZ_JAUFNX020000003.1	NZ_JAUFOI020000003.1	1.0	[0.8, 1)	1.0	1.0	1.0	99.99779283377744	1.0	True	True
E1	NZ_JAUFNX020000003.1	NZ_JAUFOL020000004.1	1.0	[0.8, 1)	1.0	1.0	1.0	99.99789263664132	1.0	True	True
E1	NZ_JAUFNX020000003.1	NZ_JBRZFJ010000002.1	1.0	[0.8, 1)	1.0	1.0	1.0	99.99578527328265	1.0	True	True
E1	NZ_JAUFNX020000003.1	NZ_JAUFOF020000004.1	1.0	[0.8, 1)	1.0	1.0	1.0	100.0	1.0	True	True
E1	NZ_JBRZFM010000003.1	NZ_JBRZFL010000003.1	1.0	[0.8, 1)	1.0	1.0	1.0	100.0	1.0	True	True
E1	NZ_JBRZFN010000003.1	NZ_JBRZEV010000002.1	0.8660714285714286	[0.8, 1)	1.0	0.9741947328695865	0.8190874963904129	99.99469353433975	0.9741947328695865	True	True
E1	NZ_JBRZFE010000003.1	NZ_JAUFOC020000004.1	0.9574468085106383	[0.8, 1)	1.0	1.0	0.9793115400446264	99.99529186391187	1.0	True	True
E1	NZ_JBRZFE010000003.1	NZ_JAUFOE020000002.1	0.9574468085106383	[0.8, 1)	1.0	1.0	0.9793115400446264	99.99529274875016	1.0	True	True
E1	NZ_JBRZFE010000003.1	NZ_JAUFOB020000006.1	0.9574468085106383	[0.8, 1)	1.0	1.0	0.9792248868092113	99.99306543958231	1.0	True	True
E1	NZ_JBRZFE010000003.1	NZ_JAUFOJ020000003.1	0.9574468085106383	[0.8, 1)	1.0	1.0	0.9793115400446264	99.99523793301773	1.0	True	True
E1	NZ_JBRZFE010000003.1	NZ_JBRZEY010000003.1	0.9574468085106383	[0.8, 1)	1.0	1.0	0.9792248868092113	99.98865873191451	1.0	True	True
E1	NZ_JBRZFE010000003.1	NZ_JAUFOM020000002.1	0.9574468085106383	[0.8, 1)	1.0	1.0	0.9793115400446264	99.99554793611468	1.0	True	True
E1	NZ_JBRZFE010000003.1	NZ_JBRZFK010000002.1	0.9574468085106383	[0.8, 1)	1.0	1.0	0.9793115400446264	99.99527095960713	1.0	True	True
E1	NZ_JBRZFE010000003.1	NZ_JBRZFD010000004.1	0.9574468085106383	[0.8, 1)	1.0	0.9999557502544361	0.9792682134269188	99.99358322272364	0.9999557502544361	True	True
E1	NZ_JBRZFE010000003.1	NZ_JBRZEU010000003.1	0.9574468085106383	[0.8, 1)	1.0	1.0	0.9793115400446264	99.99131323275671	1.0	True	True
E1	NZ_JBRZFE010000003.1	NZ_JAUFOO020000004.1	0.9574468085106383	[0.8, 1)	1.0	1.0	0.9793115400446264	99.99529228421007	1.0	True	True
E1	NZ_JBRZFE010000003.1	NZ_JAUFNZ020000003.1	0.9574468085106383	[0.8, 1)	1.0	1.0	0.9793115400446264	99.99526797327788	1.0	True	True
E1	NZ_JBRZFE010000003.1	NZ_JAUFOD020000003.1	0.9	[0.8, 1)	1.0	1.0	0.8104372456571234	99.99554931758357	1.0	True	True
E1	NZ_JBRZFE010000003.1	NZ_JAUFOP020000004.1	0.9574468085106383	[0.8, 1)	1.0	1.0	0.9793115400446264	99.9929974560899	1.0	True	True
E1	NZ_JBRZFE010000003.1	NZ_JAUFOI020000003.1	0.9574468085106383	[0.8, 1)	1.0	1.0	0.9793115400446264	99.99305946113348	1.0	True	True
E1	NZ_JBRZFE010000003.1	NZ_JAUFOL020000004.1	0.9574468085106383	[0.8, 1)	1.0	1.0	0.9793115400446264	99.99299831880724	1.0	True	True
E1	NZ_JBRZFE010000003.1	NZ_JBRZFJ010000002.1	0.9574468085106383	[0.8, 1)	1.0	1.0	0.9793115400446264	99.99131323275671	1.0	True	True
E1	NZ_JBRZFE010000003.1	NZ_JAUFOF020000004.1	0.9574468085106383	[0.8, 1)	1.0	1.0	0.9793115400446264	99.99529270450824	1.0	True	True
E1	NZ_JAUFOC020000004.1	NZ_JAUFOE020000002.1	1.0	[0.8, 1)	1.0	1.0	1.0	100.0	1.0	True	True
E1	NZ_JAUFOC020000004.1	NZ_JAUFOB020000006.1	1.0	[0.8, 1)	1.0	1.0	1.0	99.99561766426204	1.0	True	True
E1	NZ_JAUFOC020000004.1	NZ_JAUFOJ020000003.1	1.0	[0.8, 1)	1.0	1.0	1.0	100.0	1.0	True	True
E1	NZ_JAUFOC020000004.1	NZ_JBRZEY010000003.1	1.0	[0.8, 1)	1.0	1.0	1.0	99.99135270033146	1.0	True	True
E1	NZ_JAUFOC020000004.1	NZ_JAUFOM020000002.1	1.0	[0.8, 1)	1.0	1.0	1.0	100.0	1.0	True	True
E1	NZ_JAUFOC020000004.1	NZ_JBRZFK010000002.1	1.0	[0.8, 1)	1.0	1.0	1.0	100.0	1.0	True	True
E1	NZ_JAUFOC020000004.1	NZ_JBRZFD010000004.1	1.0	[0.8, 1)	1.0	1.0	1.0	99.99808353371894	1.0	True	True
E1	NZ_JAUFOC020000004.1	NZ_JBRZEU010000003.1	1.0	[0.8, 1)	1.0	0.9999566733822924	0.9999566733822924	99.996	0.9999566733822924	True	True
E1	NZ_JAUFOC020000004.1	NZ_JAUFOO020000004.1	1.0	[0.8, 1)	1.0	0.9999783366911462	0.9999783366911462	100.0	0.9999783366911462	True	True
E1	NZ_JAUFOC020000004.1	NZ_JAUFNZ020000003.1	1.0	[0.8, 1)	1.0	1.0	1.0	100.0	1.0	True	True
E1	NZ_JAUFOC020000004.1	NZ_JAUFOD020000003.1	0.94	[0.8, 1)	1.0	1.0	0.8275577705670389	100.0	1.0	True	True
E1	NZ_JAUFOC020000004.1	NZ_JAUFOP020000004.1	1.0	[0.8, 1)	1.0	0.9999783366911462	0.9999783366911462	99.99800000000002	0.9999783366911462	True	True
E1	NZ_JAUFOC020000004.1	NZ_JAUFOI020000003.1	1.0	[0.8, 1)	1.0	1.0	1.0	99.9978275167349	1.0	True	True
E1	NZ_JAUFOC020000004.1	NZ_JAUFOL020000004.1	1.0	[0.8, 1)	1.0	0.9999566733822924	0.9999566733822924	99.998	0.9999566733822924	True	True
E1	NZ_JAUFOC020000004.1	NZ_JBRZFJ010000002.1	1.0	[0.8, 1)	1.0	0.9999566733822924	0.9999566733822924	99.996	0.9999566733822924	True	True
E1	NZ_JAUFOC020000004.1	NZ_JAUFOF020000004.1	1.0	[0.8, 1)	1.0	0.9999566733822924	0.9999566733822924	100.0	0.9999566733822924	True	True
E1	NZ_JBRZFM010000002.1	NZ_JBRZFL010000002.1	0.9717514124293786	[0.8, 1)	1.0	1.0	0.9790230656760063	99.99732566633308	1.0	True	True
E1	NZ_JAUFOE020000002.1	NZ_JAUFOB020000006.1	1.0	[0.8, 1)	1.0	1.0	1.0	99.99560613938172	1.0	True	True
E1	NZ_JAUFOE020000002.1	NZ_JAUFOJ020000003.1	1.0	[0.8, 1)	1.0	1.0	1.0	100.0	1.0	True	True
E1	NZ_JAUFOE020000002.1	NZ_JBRZEY010000003.1	1.0	[0.8, 1)	1.0	1.0	1.0	99.99134230194319	1.0	True	True
E1	NZ_JAUFOE020000002.1	NZ_JAUFOM020000002.1	1.0	[0.8, 1)	1.0	1.0	1.0	100.0	1.0	True	True
E1	NZ_JAUFOE020000002.1	NZ_JBRZFK010000002.1	1.0	[0.8, 1)	1.0	1.0	1.0	100.0	1.0	True	True
E1	NZ_JAUFOE020000002.1	NZ_JBRZFD010000004.1	1.0	[0.8, 1)	1.0	1.0	1.0	99.99805719113537	1.0	True	True
E1	NZ_JAUFOE020000002.1	NZ_JBRZEU010000003.1	1.0	[0.8, 1)	1.0	1.0	1.0	99.9960528584736	1.0	True	True
E1	NZ_JAUFOE020000002.1	NZ_JAUFOO020000004.1	1.0	[0.8, 1)	1.0	1.0	1.0	100.0	1.0	True	True
E1	NZ_JAUFOE020000002.1	NZ_JAUFNZ020000003.1	1.0	[0.8, 1)	1.0	1.0	1.0	100.0	1.0	True	True
E1	NZ_JAUFOE020000002.1	NZ_JAUFOD020000003.1	0.94	[0.8, 1)	1.0	1.0	0.8275577705670389	100.0	1.0	True	True
E1	NZ_JAUFOE020000002.1	NZ_JAUFOP020000004.1	1.0	[0.8, 1)	1.0	1.0	1.0	99.9980263859102	1.0	True	True
E1	NZ_JAUFOE020000002.1	NZ_JAUFOI020000003.1	1.0	[0.8, 1)	1.0	1.0	1.0	99.99783150278374	1.0	True	True
E1	NZ_JAUFOE020000002.1	NZ_JAUFOL020000004.1	1.0	[0.8, 1)	1.0	1.0	1.0	99.9980264292368	1.0	True	True
E1	NZ_JAUFOE020000002.1	NZ_JBRZFJ010000002.1	1.0	[0.8, 1)	1.0	1.0	1.0	99.9960528584736	1.0	True	True
E1	NZ_JAUFOE020000002.1	NZ_JAUFOF020000004.1	1.0	[0.8, 1)	1.0	1.0	1.0	100.0	1.0	True	True
E1	NZ_JAUFOI020000005.1	NZ_JAUFOL020000006.1	1.0	[0.8, 1)	1.0	0.9818391467281637	0.9818391467281637	100.0	0.9818391467281637	True	True
E1	NZ_JAUFOB020000006.1	NZ_JAUFOJ020000003.1	1.0	[0.8, 1)	1.0	1.0	1.0	99.99602060180672	1.0	True	True
E1	NZ_JAUFOB020000006.1	NZ_JBRZEY010000003.1	1.0	[0.8, 1)	1.0	0.9999350100734387	0.9999350100734387	99.987	0.9999350100734387	True	True
E1	NZ_JAUFOB020000006.1	NZ_JAUFOM020000002.1	1.0	[0.8, 1)	1.0	1.0	1.0	99.99552685167134	1.0	True	True
E1	NZ_JAUFOB020000006.1	NZ_JBRZFK010000002.1	1.0	[0.8, 1)	1.0	1.0	1.0	99.99610381057603	1.0	True	True
E1	NZ_JAUFOB020000006.1	NZ_JBRZFD010000004.1	1.0	[0.8, 1)	1.0	1.0	1.0	99.99314663893763	1.0	True	True
E1	NZ_JAUFOB020000006.1	NZ_JBRZEU010000003.1	1.0	[0.8, 1)	1.0	1.0	1.0	99.9960904876411	1.0	True	True
E1	NZ_JAUFOB020000006.1	NZ_JAUFOO020000004.1	1.0	[0.8, 1)	1.0	1.0	1.0	99.99561850913109	1.0	True	True
E1	NZ_JAUFOB020000006.1	NZ_JAUFNZ020000003.1	1.0	[0.8, 1)	1.0	1.0	1.0	99.99568302246485	1.0	True	True
E1	NZ_JAUFOB020000006.1	NZ_JAUFOD020000003.1	0.94	[0.8, 1)	1.0	1.0	0.8275577705670389	99.99547019193275	1.0	True	True
E1	NZ_JAUFOB020000006.1	NZ_JAUFOP020000004.1	1.0	[0.8, 1)	1.0	1.0	1.0	99.9978654275254	1.0	True	True
E1	NZ_JAUFOB020000006.1	NZ_JAUFOI020000003.1	1.0	[0.8, 1)	1.0	1.0	1.0	99.99818912068629	1.0	True	True
E1	NZ_JAUFOB020000006.1	NZ_JAUFOL020000004.1	1.0	[0.8, 1)	1.0	1.0	1.0	99.99786583912828	1.0	True	True
E1	NZ_JAUFOB020000006.1	NZ_JBRZFJ010000002.1	1.0	[0.8, 1)	1.0	1.0	1.0	99.9960904876411	1.0	True	True
E1	NZ_JAUFOB020000006.1	NZ_JAUFOF020000004.1	1.0	[0.8, 1)	1.0	1.0	1.0	99.99561935400013	1.0	True	True
E1	NZ_JAUFNZ020000006.1	NZ_JAUFOA020000009.1	1.0	[0.8, 1)	1.0	1.0	1.0	100.0	1.0	True	True
E1	NZ_JAUFNZ020000006.1	NZ_JAUFNY020000007.1	1.0	[0.8, 1)	1.0	1.0	1.0	100.0	1.0	True	True
E1	NZ_JAUFOI020000004.1	NZ_JAUFOO020000005.1	1.0	[0.8, 1)	1.0	1.0	1.0	99.93552765752764	1.0	True	True
E1	NZ_JAUFOI020000004.1	NZ_JAUFOD020000004.1	1.0	[0.8, 1)	1.0	1.0	1.0	100.0	1.0	True	True
E1	NZ_JAUFOI020000004.1	NZ_JAUFOL020000005.1	1.0	[0.8, 1)	1.0	0.9998396665063332	0.9998396665063332	100.0	0.9998396665063332	True	True
E1	NZ_JAUFOI020000004.1	NZ_JAUFOP020000005.1	1.0	[0.8, 1)	1.0	1.0	1.0	99.93568831168832	1.0	True	True
E1	NZ_JBRZFG010000002.1	NZ_JBRZEW010000002.1	1.0	[0.8, 1)	1.0	1.0	0.9906688217423189	99.997	1.0	True	True
E1	NZ_JAUFOJ020000003.1	NZ_JBRZEY010000003.1	1.0	[0.8, 1)	1.0	1.0	1.0	99.99135854942485	1.0	True	True
E1	NZ_JAUFOJ020000003.1	NZ_JAUFOM020000002.1	1.0	[0.8, 1)	1.0	1.0	1.0	100.0	1.0	True	True
E1	NZ_JAUFOJ020000003.1	NZ_JBRZFK010000002.1	1.0	[0.8, 1)	1.0	1.0	1.0	100.0	1.0	True	True
E1	NZ_JAUFOJ020000003.1	NZ_JBRZFD010000004.1	1.0	[0.8, 1)	1.0	1.0	1.0	99.99809991118043	1.0	True	True
E1	NZ_JAUFOJ020000003.1	NZ_JBRZEU010000003.1	1.0	[0.8, 1)	1.0	1.0	1.0	99.9960325816165	1.0	True	True
E1	NZ_JAUFOJ020000003.1	NZ_JAUFOO020000004.1	1.0	[0.8, 1)	1.0	1.0	1.0	100.0	1.0	True	True
E1	NZ_JAUFOJ020000003.1	NZ_JAUFNZ020000003.1	1.0	[0.8, 1)	1.0	1.0	1.0	100.0	1.0	True	True
E1	NZ_JAUFOJ020000003.1	NZ_JAUFOD020000003.1	0.94	[0.8, 1)	1.0	1.0	0.8275577705670389	100.0	1.0	True	True
E1	NZ_JAUFOJ020000003.1	NZ_JAUFOP020000004.1	1.0	[0.8, 1)	1.0	1.0	1.0	99.99801633413487	1.0	True	True
E1	NZ_JAUFOJ020000003.1	NZ_JAUFOI020000003.1	1.0	[0.8, 1)	1.0	1.0	1.0	99.9978358354455	1.0	True	True
E1	NZ_JAUFOJ020000003.1	NZ_JAUFOL020000004.1	1.0	[0.8, 1)	1.0	1.0	1.0	99.99801629080827	1.0	True	True
E1	NZ_JAUFOJ020000003.1	NZ_JBRZFJ010000002.1	1.0	[0.8, 1)	1.0	1.0	1.0	99.9960325816165	1.0	True	True
E1	NZ_JAUFOJ020000003.1	NZ_JAUFOF020000004.1	1.0	[0.8, 1)	1.0	1.0	1.0	100.0	1.0	True	True
E1	NZ_JBRZEY010000003.1	NZ_JAUFOM020000002.1	1.0	[0.8, 1)	1.0	1.0	1.0	99.9910543532419	1.0	True	True
E1	NZ_JBRZEY010000003.1	NZ_JBRZFK010000002.1	1.0	[0.8, 1)	1.0	1.0	1.0	99.9913276358831	1.0	True	True
E1	NZ_JBRZEY010000003.1	NZ_JBRZFD010000004.1	1.0	[0.8, 1)	1.0	1.0	1.0	99.98883431901389	1.0	True	True
E1	NZ_JBRZEY010000003.1	NZ_JBRZEU010000003.1	1.0	[0.8, 1)	1.0	1.0	1.0	99.98744762895085	1.0	True	True
E1	NZ_JBRZEY010000003.1	NZ_JAUFOO020000004.1	1.0	[0.8, 1)	1.0	1.0	1.0	99.99135436840623	1.0	True	True
E1	NZ_JBRZEY010000003.1	NZ_JAUFNZ020000003.1	1.0	[0.8, 1)	1.0	1.0	1.0	99.9913696843656	1.0	True	True
E1	NZ_JBRZEY010000003.1	NZ_JAUFOD020000003.1	0.94	[0.8, 1)	1.0	1.0	0.8275577705670389	99.99094103375072	1.0	True	True
E1	NZ_JBRZEY010000003.1	NZ_JAUFOP020000004.1	1.0	[0.8, 1)	1.0	1.0	1.0	99.98922103074024	1.0	True	True
E1	NZ_JBRZEY010000003.1	NZ_JAUFOI020000003.1	1.0	[0.8, 1)	1.0	1.0	1.0	99.98949541821018	1.0	True	True
E1	NZ_JBRZEY010000003.1	NZ_JAUFOL020000004.1	1.0	[0.8, 1)	1.0	1.0	1.0	99.98922311041788	1.0	True	True
E1	NZ_JBRZEY010000003.1	NZ_JBRZFJ010000002.1	1.0	[0.8, 1)	1.0	1.0	1.0	99.98744762895085	1.0	True	True
E1	NZ_JBRZEY010000003.1	NZ_JAUFOF020000004.1	1.0	[0.8, 1)	1.0	1.0	1.0	99.99135603648101	1.0	True	True
E1	NZ_JAUFOP020000006.1	NZ_JAUFOO020000006.1	1.0	[0.8, 1)	1.0	1.0	1.0	100.0	1.0	True	True
E1	NZ_JAUFOM020000002.1	NZ_JBRZFK010000002.1	1.0	[0.8, 1)	1.0	1.0	1.0	100.0	1.0	True	True
E1	NZ_JAUFOM020000002.1	NZ_JBRZFD010000004.1	1.0	[0.8, 1)	1.0	1.0	1.0	99.99777851433028	1.0	True	True
E1	NZ_JAUFOM020000002.1	NZ_JBRZEU010000003.1	1.0	[0.8, 1)	1.0	1.0	1.0	99.9954761378653	1.0	True	True
E1	NZ_JAUFOM020000002.1	NZ_JAUFOO020000004.1	1.0	[0.8, 1)	1.0	1.0	1.0	100.0	1.0	True	True
E1	NZ_JAUFOM020000002.1	NZ_JAUFNZ020000003.1	1.0	[0.8, 1)	1.0	1.0	1.0	100.0	1.0	True	True
E1	NZ_JAUFOM020000002.1	NZ_JAUFOD020000003.1	0.94	[0.8, 1)	1.0	1.0	0.8275577705670389	100.0	1.0	True	True
E1	NZ_JAUFOM020000002.1	NZ_JAUFOP020000004.1	1.0	[0.8, 1)	1.0	1.0	1.0	99.99782283746019	1.0	True	True
E1	NZ_JAUFOM020000002.1	NZ_JAUFOI020000003.1	1.0	[0.8, 1)	1.0	1.0	1.0	99.99759979203223	1.0	True	True
E1	NZ_JAUFOM020000002.1	NZ_JAUFOL020000004.1	1.0	[0.8, 1)	1.0	1.0	1.0	99.99782305409327	1.0	True	True
E1	NZ_JAUFOM020000002.1	NZ_JBRZFJ010000002.1	1.0	[0.8, 1)	1.0	1.0	1.0	99.9954761378653	1.0	True	True
E1	NZ_JAUFOM020000002.1	NZ_JAUFOF020000004.1	1.0	[0.8, 1)	1.0	1.0	1.0	100.0	1.0	True	True
E1	NZ_JAUFOP020000003.1	NZ_JAUFOF020000002.1	0.9836956521739132	[0.8, 1)	1.0	0.9991443427894425	0.9991335344118454	99.8777670184798	0.9991443427894425	True	True
E1	NZ_JAUFOO020000003.1	NZ_JAUFOF020000002.1	0.9891304347826086	[0.8, 1)	1.0	0.9991443334028105	0.9991335344118454	99.91215836964994	0.9991443334028105	True	True
E1	NZ_JBRZFK010000002.1	NZ_JBRZFD010000004.1	1.0	[0.8, 1)	1.0	1.0	1.0	99.99825636359698	1.0	True	True
E1	NZ_JBRZFK010000002.1	NZ_JBRZEU010000003.1	1.0	[0.8, 1)	1.0	1.0	1.0	99.9960134529148	1.0	True	True
E1	NZ_JBRZFK010000002.1	NZ_JAUFOO020000004.1	1.0	[0.8, 1)	1.0	1.0	1.0	100.0	1.0	True	True
E1	NZ_JBRZFK010000002.1	NZ_JAUFNZ020000003.1	1.0	[0.8, 1)	1.0	1.0	1.0	100.0	1.0	True	True
E1	NZ_JBRZFK010000002.1	NZ_JAUFOD020000003.1	0.94	[0.8, 1)	1.0	1.0	0.8275577705670389	100.0	1.0	True	True
E1	NZ_JBRZFK010000002.1	NZ_JAUFOP020000004.1	1.0	[0.8, 1)	1.0	1.0	1.0	99.99784016810727	1.0	True	True
E1	NZ_JBRZFK010000002.1	NZ_JAUFOI020000003.1	1.0	[0.8, 1)	1.0	1.0	1.0	99.99813721539829	1.0	True	True
E1	NZ_JBRZFK010000002.1	NZ_JAUFOL020000004.1	1.0	[0.8, 1)	1.0	1.0	1.0	99.99784070969	1.0	True	True
E1	NZ_JBRZFK010000002.1	NZ_JBRZFJ010000002.1	1.0	[0.8, 1)	1.0	1.0	1.0	99.9960134529148	1.0	True	True
E1	NZ_JBRZFK010000002.1	NZ_JAUFOF020000004.1	1.0	[0.8, 1)	1.0	1.0	1.0	100.0	1.0	True	True
E1	NZ_JBRZFD010000004.1	NZ_JBRZEU010000003.1	1.0	[0.8, 1)	1.0	1.0	1.0	99.9932926713026	1.0	True	True
E1	NZ_JBRZFD010000004.1	NZ_JAUFOO020000004.1	1.0	[0.8, 1)	1.0	1.0	1.0	99.99808357704556	1.0	True	True
E1	NZ_JBRZFD010000004.1	NZ_JAUFNZ020000003.1	1.0	[0.8, 1)	1.0	0.9999566733822924	0.9999566733822924	99.998	0.9999566733822924	True	True
E1	NZ_JBRZFD010000004.1	NZ_JAUFOD020000003.1	0.94	[0.8, 1)	1.0	1.0	0.8275577705670389	99.99774450847018	1.0	True	True
E1	NZ_JBRZFD010000004.1	NZ_JAUFOP020000004.1	1.0	[0.8, 1)	1.0	1.0	1.0	99.99520894261389	1.0	True	True
E1	NZ_JBRZFD010000004.1	NZ_JAUFOI020000003.1	1.0	[0.8, 1)	1.0	1.0	1.0	99.99597448062218	1.0	True	True
E1	NZ_JBRZFD010000004.1	NZ_JAUFOL020000004.1	1.0	[0.8, 1)	1.0	1.0	1.0	99.99520905093043	1.0	True	True
E1	NZ_JBRZFD010000004.1	NZ_JBRZFJ010000002.1	1.0	[0.8, 1)	1.0	1.0	1.0	99.9932926713026	1.0	True	True
E1	NZ_JBRZFD010000004.1	NZ_JAUFOF020000004.1	1.0	[0.8, 1)	1.0	1.0	1.0	99.99808362037219	1.0	True	True
E1	NZ_JAUFNZ020000002.1	NZ_JAUFNY020000003.1	1.0	[0.8, 1)	1.0	1.0	1.0	99.99300000000001	1.0	True	True
E1	NZ_JBRZEU010000003.1	NZ_JAUFOO020000004.1	1.0	[0.8, 1)	1.0	0.9999783366911462	0.9999783366911462	99.99599999999998	0.9999783366911462	True	True
E1	NZ_JBRZEU010000003.1	NZ_JAUFNZ020000003.1	1.0	[0.8, 1)	1.0	1.0	1.0	99.99520926756354	1.0	True	True
E1	NZ_JBRZEU010000003.1	NZ_JAUFOD020000003.1	0.94	[0.8, 1)	1.0	1.0	0.8275577705670389	99.99555547853214	1.0	True	True
E1	NZ_JBRZEU010000003.1	NZ_JAUFOP020000004.1	1.0	[0.8, 1)	1.0	0.9999783366911462	0.9999783366911462	99.99800000000002	0.9999783366911462	True	True
E1	NZ_JBRZEU010000003.1	NZ_JAUFOI020000003.1	1.0	[0.8, 1)	1.0	1.0	1.0	99.99803552782652	1.0	True	True
E1	NZ_JBRZEU010000003.1	NZ_JAUFOL020000004.1	1.0	[0.8, 1)	1.0	1.0	1.0	99.998	1.0	True	True
E1	NZ_JBRZEU010000003.1	NZ_JBRZFJ010000002.1	1.0	[0.8, 1)	1.0	1.0	1.0	99.996	1.0	True	True
E1	NZ_JBRZEU010000003.1	NZ_JAUFOF020000004.1	1.0	[0.8, 1)	1.0	1.0	1.0	99.996	1.0	True	True
E1	NZ_JAUFOO020000004.1	NZ_JAUFNZ020000003.1	1.0	[0.8, 1)	1.0	1.0	1.0	100.0	1.0	True	True
E1	NZ_JAUFOO020000004.1	NZ_JAUFOD020000003.1	0.94	[0.8, 1)	1.0	1.0	0.8275577705670389	100.0	1.0	True	True
E1	NZ_JAUFOO020000004.1	NZ_JAUFOP020000004.1	1.0	[0.8, 1)	1.0	1.0	1.0	99.998	1.0	True	True
E1	NZ_JAUFOO020000004.1	NZ_JAUFOI020000003.1	1.0	[0.8, 1)	1.0	1.0	1.0	99.99783015965859	1.0	True	True
E1	NZ_JAUFOO020000004.1	NZ_JAUFOL020000004.1	1.0	[0.8, 1)	1.0	0.9999783366911462	0.9999783366911462	99.99800000000002	0.9999783366911462	True	True
E1	NZ_JAUFOO020000004.1	NZ_JBRZFJ010000002.1	1.0	[0.8, 1)	1.0	0.9999783366911462	0.9999783366911462	99.99599999999998	0.9999783366911462	True	True
E1	NZ_JAUFOO020000004.1	NZ_JAUFOF020000004.1	1.0	[0.8, 1)	1.0	0.9999783366911462	0.9999783366911462	100.0	0.9999783366911462	True	True
E1	NZ_JAUFOO020000003.1	NZ_JAUFOP020000003.1	0.994535519125683	[0.8, 1)	1.0	1.0	1.0	99.966	1.0	True	True
E1	NZ_JAUFNY020000002.1	NZ_JAUFOA020000002.1	1.0	[0.8, 1)	1.0	1.0	1.0	99.999	1.0	True	True
E1	NZ_JAUFNZ020000004.1	NZ_JAUFNY020000005.1	1.0	[0.8, 1)	1.0	1.0	1.0	100.0	1.0	True	True
E1	NZ_JAUFOD020000002.1	NZ_JAUFOI020000002.1	1.0	[0.8, 1)	1.0	1.0	1.0	99.99927871852007	1.0	True	True
E1	NZ_JAUFOD020000002.1	NZ_JAUFOL020000002.1	1.0	[0.8, 1)	1.0	1.0	0.9999887748286759	99.99927871852007	1.0	True	True
E1	NZ_JAUFOA020000009.1	NZ_JAUFNY020000007.1	1.0	[0.8, 1)	1.0	1.0	1.0	100.0	1.0	True	True
E1	NZ_JAUFOA020000008.1	NZ_JAUFNY020000006.1	1.0	[0.8, 1)	1.0	1.0	1.0	99.95792917369307	1.0	True	True
E1	NZ_JAUFOO020000002.1	NZ_JAUFOP020000002.1	0.9096045197740112	[0.8, 1)	1.0	1.0	0.9059526792610753	99.9944863913863	1.0	True	True
E1	NZ_JAUFOO020000005.1	NZ_JAUFOD020000004.1	1.0	[0.8, 1)	1.0	1.0	1.0	99.93550296616965	1.0	True	True
E1	NZ_JAUFOO020000005.1	NZ_JAUFOL020000005.1	1.0	[0.8, 1)	1.0	1.0	1.0	99.9355416065416	1.0	True	True
E1	NZ_JAUFOO020000005.1	NZ_JAUFOP020000005.1	1.0	[0.8, 1)	1.0	1.0	1.0	100.0	1.0	True	True
E1	NZ_JAUFNZ020000003.1	NZ_JAUFOD020000003.1	0.94	[0.8, 1)	1.0	1.0	0.8275577705670389	100.0	1.0	True	True
E1	NZ_JAUFNZ020000003.1	NZ_JAUFOP020000004.1	1.0	[0.8, 1)	1.0	1.0	1.0	99.9980836636988	1.0	True	True
E1	NZ_JAUFNZ020000003.1	NZ_JAUFOI020000003.1	1.0	[0.8, 1)	1.0	1.0	1.0	99.99785377266524	1.0	True	True
E1	NZ_JAUFNZ020000003.1	NZ_JAUFOL020000004.1	1.0	[0.8, 1)	1.0	1.0	1.0	99.99808370702542	1.0	True	True
E1	NZ_JAUFNZ020000003.1	NZ_JBRZFJ010000002.1	1.0	[0.8, 1)	1.0	1.0	1.0	99.99520926756354	1.0	True	True
E1	NZ_JAUFNZ020000003.1	NZ_JAUFOF020000004.1	1.0	[0.8, 1)	1.0	1.0	1.0	100.0	1.0	True	True
E1	NZ_JAUFOP020000004.1	NZ_JAUFOD020000003.1	0.94	[0.8, 1)	1.0	1.0	0.8275577705670389	99.99793618127465	1.0	True	True
E1	NZ_JAUFOI020000003.1	NZ_JAUFOD020000003.1	0.94	[0.8, 1)	1.0	1.0	0.8275577705670389	99.99756579004377	1.0	True	True
E1	NZ_JAUFOL020000004.1	NZ_JAUFOD020000003.1	0.94	[0.8, 1)	1.0	1.0	0.8275577705670389	99.99793639790305	1.0	True	True
E1	NZ_JBRZFJ010000002.1	NZ_JAUFOD020000003.1	0.94	[0.8, 1)	1.0	1.0	0.8275577705670389	99.99555547853214	1.0	True	True
E1	NZ_JAUFOF020000004.1	NZ_JAUFOD020000003.1	0.94	[0.8, 1)	1.0	1.0	0.8275577705670389	100.0	1.0	True	True
E1	NZ_JAUFOP020000004.1	NZ_JAUFOI020000003.1	1.0	[0.8, 1)	1.0	1.0	1.0	100.0	1.0	True	True
E1	NZ_JAUFOP020000004.1	NZ_JAUFOL020000004.1	1.0	[0.8, 1)	1.0	0.9999783366911462	0.9999783366911462	100.0	0.9999783366911462	True	True
E1	NZ_JAUFOP020000004.1	NZ_JBRZFJ010000002.1	1.0	[0.8, 1)	1.0	0.9999783366911462	0.9999783366911462	99.99800000000002	0.9999783366911462	True	True
E1	NZ_JAUFOP020000004.1	NZ_JAUFOF020000004.1	1.0	[0.8, 1)	1.0	0.9999783366911462	0.9999783366911462	99.99800000000002	0.9999783366911462	True	True
E1	NZ_JBRZFD010000003.1	NZ_JAUFOC020000003.1	0.935064935064935	[0.8, 1)	1.0	1.0	0.9172728360749478	99.97939444460553	1.0	True	True
E1	NZ_JAUFOI020000003.1	NZ_JAUFOL020000004.1	1.0	[0.8, 1)	1.0	1.0	1.0	100.0	1.0	True	True
E1	NZ_JAUFOI020000003.1	NZ_JBRZFJ010000002.1	1.0	[0.8, 1)	1.0	1.0	1.0	99.99803552782652	1.0	True	True
E1	NZ_JAUFOI020000003.1	NZ_JAUFOF020000004.1	1.0	[0.8, 1)	1.0	1.0	1.0	99.99783280258227	1.0	True	True
E1	NZ_JAUFOI020000002.1	NZ_JAUFOL020000002.1	1.0	[0.8, 1)	1.0	1.0	1.0	99.997	1.0	True	True
E1	NZ_JAUFOL020000004.1	NZ_JBRZFJ010000002.1	1.0	[0.8, 1)	1.0	1.0	1.0	99.998	1.0	True	True
E1	NZ_JAUFOL020000004.1	NZ_JAUFOF020000004.1	1.0	[0.8, 1)	1.0	1.0	1.0	99.998	1.0	True	True
E1	NZ_JAUFOD020000004.1	NZ_JAUFOL020000005.1	1.0	[0.8, 1)	1.0	1.0	1.0	100.0	1.0	True	True
E1	NZ_JAUFOD020000004.1	NZ_JAUFOP020000005.1	1.0	[0.8, 1)	1.0	1.0	1.0	99.93604329004329	1.0	True	True
E1	NZ_JBRZFJ010000002.1	NZ_JAUFOF020000004.1	1.0	[0.8, 1)	1.0	1.0	1.0	99.996	1.0	True	True
E1	NZ_JAUFOL020000005.1	NZ_JAUFOP020000005.1	1.0	[0.8, 1)	1.0	1.0	1.0	99.93567532467533	1.0	True	True
